Koordinatensystem : Lambert konform konisch
Rechtswert        : 3823500 Meter
Hochwert          : 2818500 Meter
Hoehenlage        : 73 Meter ueber NN
Erstellung des Datensatzes im Mai 2016

Art des TRY       : extremer Winter
Bezugszeitraum    : 1995-2012
Datenbasis        : Beobachtungsdaten Zeitraum 1995-2012

Format: (i7,1x,i7,1x,i2,1x,i2,1x,i2,1x,f5.1,1x,i4,1x,3i,1x,f4.1,1x,i1,1x,f4.1,1x,i3,1x,i4,1x,i4,1x,i3,1x,i4,2x,i1)

Reihenfolge der Parameter:
RW Rechtswert                                                    [m]       {3670500;3671500..4389500}
HW Hochwert                                                      [m]       {2242500;2243500..3179500}
MM Monat                                                                   {1..12}
DD Tag                                                                     {1..28,30,31}
HH Stunde (MEZ)                                                            {1..24}
t  Lufttemperatur in 2m Hoehe ueber Grund                        [GradC]
p  Luftdruck in Standorthoehe                                    [hPa]
WR Windrichtung in 10 m Hoehe ueber Grund                        [Grad]    {0..360;999}
WG Windgeschwindigkeit in 10 m Hoehe ueber Grund                 [m/s]
N  Bedeckungsgrad                                                [Achtel]  {0..8;9}
x  Wasserdampfgehalt, Mischungsverhaeltnis                       [g/kg]
RF Relative Feuchte in 2 m Hoehe ueber Grund                     [Prozent] {1..100}
B  Direkte Sonnenbestrahlungsstaerke (horiz. Ebene)              [W/m^2]   abwaerts gerichtet: positiv
D  Diffuse Sonnenbetrahlungsstaerke (horiz. Ebene)               [W/m^2]   abwaerts gerichtet: positiv
A  Bestrahlungsstaerke d. atm. Waermestrahlung (horiz. Ebene)    [W/m^2]   abwaerts gerichtet: positiv
E  Bestrahlungsstaerke d. terr. Waermestrahlung                  [W/m^2]   aufwaerts gerichtet: negativ
IL Qualitaetsbit bezueglich der Auswahlkriterien                           {0;1;2;3;4}


     RW      HW MM DD HH     t    p  WR   WG N    x  RF    B    D   A    E IL
*** 
3823500 2818500  1  1  1   1.1 1013 240  1.3 7  4.0  98    0    0 291 -290  0
3823500 2818500  1  1  2   1.2 1013 240  1.6 7  4.0  98    0    0 292 -293  0
3823500 2818500  1  1  3   1.4 1012 236  1.9 6  4.1  98    0    0 288 -299  0
3823500 2818500  1  1  4   1.6 1012 248  2.1 6  4.1  98    0    0 283 -305  0
3823500 2818500  1  1  5   2.0 1011 243  2.3 6  4.3  99    0    0 282 -311  0
3823500 2818500  1  1  6   2.1 1011 252  2.6 5  4.3  98    0    0 278 -315  0
3823500 2818500  1  1  7   2.2 1010 256  2.5 7  4.3  98    0    0 283 -318  0
3823500 2818500  1  1  8   2.2 1010 253  2.9 8  4.4  98    0    0 296 -320  0
3823500 2818500  1  1  9   2.4 1010 254  2.7 8  4.4  98    0    0 302 -320  0
3823500 2818500  1  1 10   2.3 1010 256  2.6 8  4.4  98    0   14 305 -320  0
3823500 2818500  1  1 11   2.6 1010 264  2.5 8  4.5  98    0   27 306 -320  0
3823500 2818500  1  1 12   2.7 1010 272  1.3 8  4.5  98    0   38 307 -320  0
3823500 2818500  1  1 13   2.9 1010 280  1.7 7  4.5  97    0   60 302 -320  0
3823500 2818500  1  1 14   3.1 1010 284  1.6 6  4.5  95    6   79 289 -320  0
3823500 2818500  1  1 15   3.2 1010 279  1.9 4  4.4  92    8   57 272 -320  0
3823500 2818500  1  1 16   2.4 1010 291  1.8 3  4.3  92   41   13 251 -318  0
3823500 2818500  1  1 17   1.9 1010 289  1.7 3  4.2  93    0    0 244 -313  0
3823500 2818500  1  1 18   1.1 1010 282  1.5 2  4.0  94    0    0 237 -308  0
3823500 2818500  1  1 19   0.7 1011 284  1.6 3  3.8  95    0    0 235 -304  0
3823500 2818500  1  1 20   0.6 1011 273  1.4 4  3.8  95    0    0 246 -301  0
3823500 2818500  1  1 21   0.2 1011 269  0.9 5  3.7  96    0    0 257 -300  0
3823500 2818500  1  1 22  -0.1 1011 272  1.8 4  3.7  96    0    0 255 -297  0
3823500 2818500  1  1 23  -0.1 1012 273  1.7 3  3.6  95    0    0 243 -296  0
3823500 2818500  1  1 24  -0.2 1012 267  1.5 4  3.5  94    0    0 243 -296  0
3823500 2818500  1  2  1  -0.4 1012 270  1.6 4  3.5  95    0    0 247 -297  0
3823500 2818500  1  2  2   0.0 1012 275  1.5 5  3.5  94    0    0 252 -298  0
3823500 2818500  1  2  3  -0.2 1012 273  1.4 7  3.6  94    0    0 267 -300  0
3823500 2818500  1  2  4  -0.2 1012 263  1.2 5  3.6  96    0    0 266 -303  0
3823500 2818500  1  2  5  -0.3 1012 265  1.1 5  3.6  96    0    0 255 -305  0
3823500 2818500  1  2  6  -0.4 1012 279  1.0 5  3.6  96    0    0 252 -306  0
3823500 2818500  1  2  7  -0.4 1012 268  0.8 5  3.6  96    0    0 251 -307  0
3823500 2818500  1  2  8  -0.9 1012 267  1.1 5  3.5  98    0    0 249 -308  0
3823500 2818500  1  2  9  -0.5 1013 263  0.6 6  3.5  97    0    0 253 -308  0
3823500 2818500  1  2 10  -0.9 1013 270  1.0 5  3.4  95    5   29 251 -310  0
3823500 2818500  1  2 11   0.3 1013 272  1.5 3  3.5  95   72   31 238 -312  0
3823500 2818500  1  2 12   1.2 1014 278  1.4 3  3.6  91   75   56 231 -315  0
3823500 2818500  1  2 13   1.6 1014 271  1.7 3  3.6  87   47   78 233 -316  0
3823500 2818500  1  2 14   2.1 1013 283  2.0 5  3.7  85   33   74 244 -318  0
3823500 2818500  1  2 15   2.2 1013 278  1.9 4  3.7  84   13   54 252 -318  0
3823500 2818500  1  2 16   1.5 1013 275  2.0 5  3.7  86   36   11 252 -317  0
3823500 2818500  1  2 17   0.8 1013 273  1.9 4  3.7  90    0    0 250 -315  0
3823500 2818500  1  2 18   1.1 1014 271  2.3 6  3.7  91    0    0 255 -313  0
3823500 2818500  1  2 19   1.0 1014 277  1.9 7  3.7  91    0    0 268 -309  0
3823500 2818500  1  2 20   0.5 1014 270  2.4 7  3.7  93    0    0 271 -305  0
3823500 2818500  1  2 21   0.3 1014 269  1.9 6  3.7  94    0    0 264 -302  0
3823500 2818500  1  2 22  -0.5 1014 258  1.5 5  3.6  95    0    0 253 -301  0
3823500 2818500  1  2 23  -0.9 1014 261  0.7 6  3.5  97    0    0 251 -302  0
3823500 2818500  1  2 24  -1.2 1014 254  1.1 6  3.5  98    0    0 254 -304  0
3823500 2818500  1  3  1  -0.8 1014 258  0.9 6  3.5  98    0    0 253 -303  0
3823500 2818500  1  3  2  -0.5 1014 267  1.3 7  3.5  97    0    0 258 -301  0
3823500 2818500  1  3  3  -1.1 1014 266  1.2 6  3.5  98    0    0 257 -299  0
3823500 2818500  1  3  4  -1.6 1014 264  0.8 6  3.4  99    0    0 250 -298  0
3823500 2818500  1  3  5  -1.7 1014 258  0.5 6  3.3 100    0    0 248 -298  0
3823500 2818500  1  3  6  -1.8 1014 246  0.6 5  3.3  99    0    0 241 -298  0
3823500 2818500  1  3  7  -1.8 1014 256  0.8 6  3.3  99    0    0 240 -300  0
3823500 2818500  1  3  8  -2.0 1014 244  1.0 7  3.3 100    0    0 248 -302  0
3823500 2818500  1  3  9  -2.1 1014 242  1.2 6  3.3 100    0    0 247 -304  0
3823500 2818500  1  3 10  -2.3 1014 241  1.1 6  3.2 100    0   23 241 -304  0
3823500 2818500  1  3 11  -1.2 1014 242  1.2 6  3.3  99    0   43 239 -305  0
3823500 2818500  1  3 12  -0.9 1015 227  1.2 7  3.4  98    0   49 244 -305  0
3823500 2818500  1  3 13  -0.6 1015 236  1.4 8  3.5  98    0   40 255 -305  0
3823500 2818500  1  3 14  -0.5 1014 235  1.2 8  3.6  98    0   30 262 -304  0
3823500 2818500  1  3 15  -0.3 1014 220  1.0 8  3.6  98    0   51 261 -303  0
3823500 2818500  1  3 16  -0.1 1014 209  0.9 7  3.6  98    2   32 257 -302  0
3823500 2818500  1  3 17  -0.3 1014 221  0.8 7  3.7  98    0    0 255 -301  0
3823500 2818500  1  3 18  -0.4 1014 219  0.7 7  3.6  98    0    0 257 -301  0
3823500 2818500  1  3 19  -0.6 1013 211  0.9 8  3.6  99    0    0 264 -301  0
3823500 2818500  1  3 20  -0.8 1013 216  1.1 8  3.6  99    0    0 270 -302  0
3823500 2818500  1  3 21  -0.9 1013 218  1.2 8  3.5  98    0    0 273 -302  0
3823500 2818500  1  3 22  -0.8 1013 208  0.9 8  3.5  99    0    0 274 -301  0
3823500 2818500  1  3 23  -0.5 1012 199  0.4 7  3.6  99    0    0 273 -301  0
3823500 2818500  1  3 24  -0.1 1012 204  0.3 7  3.7  99    0    0 272 -300  0
3823500 2818500  1  4  1   0.1 1012 212  0.6 8  3.7  98    0    0 277 -299  0
3823500 2818500  1  4  2   0.2 1012 215  0.8 8  3.8  98    0    0 281 -298  0
3823500 2818500  1  4  3   0.3 1011 228  0.6 8  3.8  98    0    0 282 -298  0
3823500 2818500  1  4  4   0.4 1011 230  0.7 8  3.8  98    0    0 284 -297  0
3823500 2818500  1  4  5   0.4 1010 231  0.7 8  3.8  98    0    0 284 -297  0
3823500 2818500  1  4  6   0.3 1010 235  0.9 8  3.8  98    0    0 282 -296  0
3823500 2818500  1  4  7   0.4 1010 233  1.2 8  3.8  97    0    0 281 -294  0
3823500 2818500  1  4  8   0.1 1009 224  0.9 8  3.7  94    0    0 279 -293  0
3823500 2818500  1  4  9  -0.3 1009 214  1.6 8  3.5  92    0    5 277 -292  0
3823500 2818500  1  4 10  -0.6 1009 215  1.4 7  3.4  92   68   13 271 -291  0
3823500 2818500  1  4 11  -0.2 1009 212  2.2 8  3.3  90    1   53 269 -292  0
3823500 2818500  1  4 12   0.0 1009 220  2.9 7  3.2  85    0   56 267 -294  0
3823500 2818500  1  4 13   0.3 1009 217  2.6 7  3.1  81    0   59 262 -295  0
3823500 2818500  1  4 14   0.4 1008 220  2.6 7  3.1  79    1   68 259 -297  0
3823500 2818500  1  4 15   0.5 1008 216  1.9 7  3.1  78   23   64 257 -297  0
3823500 2818500  1  4 16   0.1 1007 197  1.8 6  3.0  76   18   27 255 -297  0
3823500 2818500  1  4 17  -0.6 1007 190  1.6 5  2.9  77    0    0 251 -295  0
3823500 2818500  1  4 18  -1.0 1007 184  1.7 4  2.8  78    0    0 245 -294  0
3823500 2818500  1  4 19  -1.2 1007 189  2.3 5  2.8  79    0    0 242 -294  0
3823500 2818500  1  4 20  -1.6 1007 185  2.0 4  2.8  82    0    0 241 -293  0
3823500 2818500  1  4 21  -2.0 1007 187  2.4 3  2.8  85    0    0 233 -291  0
3823500 2818500  1  4 22  -2.4 1007 182  1.8 3  2.7  84    0    0 229 -291  0
3823500 2818500  1  4 23  -2.6 1006 186  1.9 4  2.7  84    0    0 230 -291  0
3823500 2818500  1  4 24  -3.0 1006 184  2.1 3  2.6  84    0    0 230 -289  0
3823500 2818500  1  5  1  -3.4 1006 182  2.2 3  2.5  84    0    0 225 -287  0
3823500 2818500  1  5  2  -3.5 1006 179  2.1 2  2.5  85    0    0 221 -286  0
3823500 2818500  1  5  3  -3.5 1005 179  2.2 2  2.5  84    0    0 217 -283  0
3823500 2818500  1  5  4  -3.3 1005 181  2.3 4  2.5  84    0    0 224 -280  0
3823500 2818500  1  5  5  -3.5 1005 182  2.0 5  2.5  84    0    0 234 -279  0
3823500 2818500  1  5  6  -3.5 1004 178  2.4 5  2.5  84    0    0 236 -278  0
3823500 2818500  1  5  7  -3.4 1004 168  2.2 4  2.5  83    0    0 233 -277  0
3823500 2818500  1  5  8  -3.5 1004 160  2.3 5  2.4  82    0    0 232 -276  0
3823500 2818500  1  5  9  -3.7 1003 159  1.7 6  2.4  82    0    0 239 -275  0
3823500 2818500  1  5 10  -4.0 1003 156  1.7 5  2.4  82    8   32 237 -274  0
3823500 2818500  1  5 11  -3.1 1003 160  1.8 5  2.4  80   48   60 234 -276  0
3823500 2818500  1  5 12  -2.8 1003 143  1.8 5  2.4  77   87   71 235 -278  0
3823500 2818500  1  5 13  -2.1 1002 148  2.0 5  2.4  74   55   93 236 -281  0
3823500 2818500  1  5 14  -1.5 1001 154  2.2 5  2.4  70   56   84 239 -283  0
3823500 2818500  1  5 15  -1.2 1000 146  2.2 6  2.4  68   25   64 245 -284  0
3823500 2818500  1  5 16  -1.4  999 143  1.8 4  2.4  68   17   28 243 -283  0
3823500 2818500  1  5 17  -2.0  998 155  2.3 4  2.3  69    0    0 237 -281  0
3823500 2818500  1  5 18  -2.3  998 153  2.3 4  2.3  70    0    0 239 -281  0
3823500 2818500  1  5 19  -2.4  997 149  2.6 4  2.3  71    0    0 241 -281  0
3823500 2818500  1  5 20  -2.4  996 156  2.9 5  2.3  73    0    0 247 -283  0
3823500 2818500  1  5 21  -2.3  995 159  2.1 7  2.4  75    0    0 260 -286  0
3823500 2818500  1  5 22  -0.8  994 159  2.1 8  2.6  75    0    0 275 -291  0
3823500 2818500  1  5 23   0.0  993 169  2.3 8  2.8  76    0    0 286 -298  0
3823500 2818500  1  5 24   0.8  992 166  2.4 8  3.1  79    0    0 292 -307  0
3823500 2818500  1  6  1   2.4  991 176  2.7 8  3.6  82    0    0 300 -314  0
3823500 2818500  1  6  2   2.9  990 178  2.4 8  3.9  84    0    0 308 -318  0
3823500 2818500  1  6  3   3.2  989 180  1.9 8  4.1  84    0    0 312 -319  0
3823500 2818500  1  6  4   3.3  988 184  2.3 8  4.2  86    0    0 316 -320  0
3823500 2818500  1  6  5   3.2  988 186  2.0 8  4.4  89    0    0 320 -320  0
3823500 2818500  1  6  6   3.3  987 194  1.8 8  4.5  92    0    0 322 -320  0
3823500 2818500  1  6  7   3.1  987 196  1.9 8  4.6  94    0    0 324 -320  0
3823500 2818500  1  6  8   3.1  987 206  1.7 8  4.6  95    0    0 325 -320  0
3823500 2818500  1  6  9   3.2  987 204  1.1 8  4.7  96    0    2 326 -320  0
3823500 2818500  1  6 10   3.3  988 201  1.1 8  4.7  96    0   16 327 -320  0
3823500 2818500  1  6 11   3.3  988 203  1.3 8  4.7  95    0   37 329 -320  0
3823500 2818500  1  6 12   3.6  988 205  1.2 7  4.8  96    0   44 319 -320  0
3823500 2818500  1  6 13   3.5  988 196  1.0 6  4.8  96    0   53 290 -320  0
3823500 2818500  1  6 14   3.4  988 176  0.5 7  4.8  97    0   41 284 -320  0
3823500 2818500  1  6 15   3.4  987 157  0.8 7  4.9  99    0   35 298 -320  0
3823500 2818500  1  6 16   3.9  987 146  0.8 6  5.0  99    0   18 290 -320  0
3823500 2818500  1  6 17   4.4  986 171  1.8 8  5.2  98    0    0 310 -320  0
3823500 2818500  1  6 18   4.6  986 180  2.0 8  5.3  98    0    0 333 -320  0
3823500 2818500  1  6 19   5.1  985 187  2.5 8  5.4  98    0    0 334 -320  0
3823500 2818500  1  6 20   5.3  985 187  2.2 8  5.5  98    0    0 336 -320  0
3823500 2818500  1  6 21   5.5  984 197  4.0 8  5.6  98    0    0 336 -320  0
3823500 2818500  1  6 22   5.9  984 230  3.7 6  5.7  97    0    0 318 -320  0
3823500 2818500  1  6 23   5.1  985 296  2.9 6  5.5  94    0    0 296 -320  0
3823500 2818500  1  6 24   3.4  987 295  2.7 8  5.0  94    0    0 313 -320  0
3823500 2818500  1  7  1   2.7  989 279  2.1 8  4.7  97    0    0 328 -320  0
3823500 2818500  1  7  2   2.5  992 272  1.6 8  4.6  98    0    0 326 -319  0
3823500 2818500  1  7  3   2.5  994 240  1.4 8  4.6  98    0    0 324 -319  0
3823500 2818500  1  7  4   2.5  996 235  1.1 8  4.5  97    0    0 324 -319  0
3823500 2818500  1  7  5   2.0  997 205  0.8 8  4.4  98    0    0 322 -319  0
3823500 2818500  1  7  6   1.8  997 180  0.3 8  4.3  98    0    0 320 -319  0
3823500 2818500  1  7  7   1.6  998 195  1.2 7  4.3  99    0    0 312 -319  0
3823500 2818500  1  7  8   1.6  998  83  1.4 7  4.3 100    0    0 304 -319  0
3823500 2818500  1  7  9   1.7  999  91  1.5 8  4.3 100    0    1 311 -319  0
3823500 2818500  1  7 10   2.2  999 118  1.3 7  4.4  99    0   13 311 -319  0
3823500 2818500  1  7 11   2.6  999 103  1.3 7  4.5  98    0   29 303 -319  0
3823500 2818500  1  7 12   2.9  999  87  2.0 7  4.6  97    0   43 301 -319  0
3823500 2818500  1  7 13   3.0  998  90  1.7 8  4.6  97    0   44 309 -319  0
3823500 2818500  1  7 14   3.0  997 112  1.0 8  4.6  97    0   48 318 -319  0
3823500 2818500  1  7 15   3.1  997 114  1.1 8  4.7  97    0   36 319 -319  0
3823500 2818500  1  7 16   3.1  996 115  1.2 8  4.7  97    0   27 320 -319  0
3823500 2818500  1  7 17   3.9  996 142  1.0 8  4.9  98    0    0 323 -320  0
3823500 2818500  1  7 18   5.0  996 142  1.9 8  5.2  98    0    0 326 -320  0
3823500 2818500  1  7 19   5.1  995 161  0.7 8  5.4  98    0    0 329 -320  0
3823500 2818500  1  7 20   5.2  995 180  1.5 6  5.5  99    0    0 306 -320  0
3823500 2818500  1  7 21   6.9  995 196  1.6 6  5.9  99    0    0 287 -320  0
3823500 2818500  1  7 22   7.6  995 210  2.6 8  6.3  97    0    0 317 -320  0
3823500 2818500  1  7 23   7.3  996 209  2.2 6  6.3  96    0    0 319 -320  0
3823500 2818500  1  7 24   6.6  996 200  2.4 3  6.1  97    0    0 255 -320  0
3823500 2818500  1  8  1   7.1  996 192  1.9 3  6.1  97    0    0 212 -321  0
3823500 2818500  1  8  2   6.8  996 190  2.8 3  6.0  95    0    0 210 -325  0
3823500 2818500  1  8  3   6.9  995 183  2.0 3  5.9  93    0    0 230 -327  0
3823500 2818500  1  8  4   7.4  995 171  1.3 7  6.0  93    0    0 284 -327  0
3823500 2818500  1  8  5   6.2  995 163  0.2 7  5.9  94    0    0 322 -327  0
3823500 2818500  1  8  6   7.2  995 167  0.7 8  6.0  96    0    0 329 -329  0
3823500 2818500  1  8  7   7.9  994 173  1.0 7  6.2  94    0    0 331 -334  0
3823500 2818500  1  8  8   9.3  994 178  2.3 6  6.3  89    0    0 318 -336  0
3823500 2818500  1  8  9   8.5  993 169  2.1 5  6.3  86    0    3 307 -337  0
3823500 2818500  1  8 10   9.5  993 166  3.7 5  6.3  87   24   29 303 -338  0
3823500 2818500  1  8 11  10.7  992 178  4.5 4  6.5  82   69   52 303 -341  0
3823500 2818500  1  8 12  11.8  992 193  5.5 5  6.4  76   26   91 306 -343  0
3823500 2818500  1  8 13  11.6  992 207  5.2 7  6.3  72    0   52 324 -346  0
3823500 2818500  1  8 14  11.7  991 203  5.2 7  6.2  71    0   43 334 -347  0
3823500 2818500  1  8 15  11.9  991 207  5.0 7  6.1  70    0   44 334 -346  0
3823500 2818500  1  8 16  11.8  991 220  5.6 7  6.2  70    0   23 334 -346  0
3823500 2818500  1  8 17  11.1  992 225  5.3 7  6.3  73    0    0 334 -347  0
3823500 2818500  1  8 18  10.2  992 235  4.7 7  6.5  80    0    0 332 -349  0
3823500 2818500  1  8 19   9.5  993 230  3.7 8  6.5  84    0    0 337 -351  0
3823500 2818500  1  8 20   9.2  994 221  3.5 7  6.4  85    0    0 336 -351  0
3823500 2818500  1  8 21   8.8  994 224  3.2 6  6.3  86    0    0 322 -351  0
3823500 2818500  1  8 22   8.6  995 222  2.7 7  6.2  87    0    0 321 -348  0
3823500 2818500  1  8 23   8.6  995 216  2.8 7  6.1  86    0    0 327 -344  0
3823500 2818500  1  8 24   8.5  995 205  1.7 7  6.1  86    0    0 325 -341  0
3823500 2818500  1  9  1   7.5  995 196  1.0 8  6.1  90    0    0 332 -337  0
3823500 2818500  1  9  2   6.0  995 230  1.1 8  5.9  94    0    0 337 -334  0
3823500 2818500  1  9  3   6.0  995 221  1.0 8  5.5  93    0    0 334 -330  0
3823500 2818500  1  9  4   5.0  995 252  1.4 8  5.3  93    0    0 332 -324  0
3823500 2818500  1  9  5   5.0  996 240  1.6 8  5.2  95    0    0 331 -320  0
3823500 2818500  1  9  6   4.6  996 232  2.4 8  5.1  93    0    0 329 -319  0
3823500 2818500  1  9  7   4.5  996 226  2.7 8  4.9  91    0    0 324 -319  0
3823500 2818500  1  9  8   4.0  997 222  2.7 7  4.6  89    0    0 314 -318  0
3823500 2818500  1  9  9   3.9  998 223  2.7 7  4.4  86    0    4 304 -316  0
3823500 2818500  1  9 10   3.6  999 227  2.9 7  4.2  84    0   30 301 -316  0
3823500 2818500  1  9 11   4.2 1000 234  2.8 6  4.1  81   10   80 291 -318  0
3823500 2818500  1  9 12   4.7 1000 237  3.6 4  4.2  79   75  122 270 -319  0
3823500 2818500  1  9 13   4.9 1001 246  4.1 5  4.3  79   77  133 264 -319  0
3823500 2818500  1  9 14   5.1 1001 248  4.0 4  4.3  78   65  122 265 -321  0
3823500 2818500  1  9 15   5.0 1002 249  3.4 6  4.3  78   33   91 273 -322  0
3823500 2818500  1  9 16   4.7 1003 250  3.3 6  4.1  76    9   39 285 -320  0
3823500 2818500  1  9 17   4.2 1003 241  2.4 4  4.0  75    0    0 272 -319  0
3823500 2818500  1  9 18   3.7 1004 233  2.0 4  3.9  76    0    0 260 -319  0
3823500 2818500  1  9 19   3.4 1005 234  1.8 4  3.8  78    0    0 259 -317  0
3823500 2818500  1  9 20   3.0 1006 235  1.9 4  3.8  79    0    0 258 -315  0
3823500 2818500  1  9 21   2.5 1007 240  1.6 3  3.8  82    0    0 252 -315  0
3823500 2818500  1  9 22   1.5 1008 234  1.0 3  3.7  85    0    0 244 -315  0
3823500 2818500  1  9 23   1.3 1009 230  1.0 1  3.7  87    0    0 232 -315  0
3823500 2818500  1  9 24   1.2 1009 230  1.2 0  3.7  88    0    0 214 -315  0
3823500 2818500  1 10  1   0.8 1010 229  1.1 1  3.7  89    0    0 213 -314  0
3823500 2818500  1 10  2   0.3 1010 225  1.3 1  3.6  91    0    0 217 -312  0
3823500 2818500  1 10  3   0.2 1010 209  1.1 0  3.6  92    0    0 211 -311  0
3823500 2818500  1 10  4   0.2 1011 206  1.2 1  3.5  92    0    0 210 -310  0
3823500 2818500  1 10  5  -0.2 1011 198  1.0 2  3.5  92    0    0 221 -309  0
3823500 2818500  1 10  6  -0.2 1012 201  1.0 2  3.5  92    0    0 226 -309  0
3823500 2818500  1 10  7  -0.4 1012 190  1.0 1  3.5  93    0    0 221 -309  0
3823500 2818500  1 10  8  -0.4 1012 190  1.4 1  3.5  94    0    0 216 -308  0
3823500 2818500  1 10  9  -0.3 1013 190  1.6 3  3.5  94    0    3 227 -308  0
3823500 2818500  1 10 10   0.4 1013 192  1.5 6  3.6  94   13   42 257 -308  0
3823500 2818500  1 10 11   1.1 1013 193  1.4 3  3.7  93   75   74 262 -310  0
3823500 2818500  1 10 12   2.3 1013 206  1.7 3  3.8  90  132   86 247 -314  0
3823500 2818500  1 10 13   3.4 1013 202  2.4 2  3.9  84  158   84 243 -317  0
3823500 2818500  1 10 14   4.1 1013 200  2.4 3  3.9  80  144   77 246 -319  0
3823500 2818500  1 10 15   4.2 1012 203  2.0 3  3.9  76  103   62 252 -319  0
3823500 2818500  1 10 16   3.0 1011 166  1.8 4  3.8  78   40   37 253 -319  0
3823500 2818500  1 10 17   2.2 1011 157  2.0 4  3.7  82    0    4 252 -318  0
3823500 2818500  1 10 18   1.6 1011 155  1.9 4  3.6  83    0    0 248 -315  0
3823500 2818500  1 10 19   1.1 1010 157  1.8 5  3.5  83    0    0 249 -312  0
3823500 2818500  1 10 20   0.7 1010 149  2.2 5  3.4  84    0    0 252 -310  0
3823500 2818500  1 10 21   0.5 1009 144  1.6 5  3.3  84    0    0 250 -309  0
3823500 2818500  1 10 22   0.5 1009 147  2.0 4  3.3  83    0    0 243 -308  0
3823500 2818500  1 10 23  -0.2 1008 144  1.9 3  3.2  84    0    0 229 -308  0
3823500 2818500  1 10 24  -0.6 1008 150  1.9 2  3.2  86    0    0 214 -307  0
3823500 2818500  1 11  1  -0.9 1007 147  2.0 0  3.1  87    0    0 195 -306  0
3823500 2818500  1 11  2  -1.0 1006 147  1.6 0  3.1  86    0    0 182 -306  0
3823500 2818500  1 11  3  -1.4 1006 156  1.7 1  3.0  86    0    0 186 -305  0
3823500 2818500  1 11  4  -1.3 1005 142  2.0 2  3.0  87    0    0 196 -304  0
3823500 2818500  1 11  5  -0.9 1004 146  2.5 3  3.0  86    0    0 206 -302  0
3823500 2818500  1 11  6  -0.9 1002 132  2.1 2  3.0  85    0    0 206 -301  0
3823500 2818500  1 11  7  -1.0 1001 127  2.0 2  3.0  85    0    0 199 -300  0
3823500 2818500  1 11  8  -0.8 1000 142  2.3 3  3.0  84    0    0 205 -301  0
3823500 2818500  1 11  9  -0.4  999 144  2.3 4  3.1  84    0    0 219 -301  0
3823500 2818500  1 11 10   0.7  998 143  2.1 5  3.2  82    0   31 234 -303  0
3823500 2818500  1 11 11   1.8  997 146  2.2 5  3.3  80   43   90 245 -306  0
3823500 2818500  1 11 12   2.8  997 149  2.6 6  3.6  78   24  113 256 -311  0
3823500 2818500  1 11 13   3.8  996 152  3.0 8  3.8  78    0   78 278 -316  0
3823500 2818500  1 11 14   4.2  995 161  3.3 7  4.0  78    0   71 288 -319  0
3823500 2818500  1 11 15   4.0  994 169  3.4 7  4.1  80    0   38 286 -320  0
3823500 2818500  1 11 16   4.2  994 184  3.2 7  4.4  84    0   23 290 -320  0
3823500 2818500  1 11 17   4.4  994 201  3.9 6  4.6  86    0    0 287 -320  0
3823500 2818500  1 11 18   4.5  995 218  3.6 6  4.8  89    0    0 284 -320  0
3823500 2818500  1 11 19   4.9  995 235  3.1 8  4.9  90    0    0 300 -320  0
3823500 2818500  1 11 20   4.8  996 231  2.8 8  4.9  90    0    0 316 -320  0
3823500 2818500  1 11 21   5.3  997 236  3.4 8  5.1  93    0    0 319 -320  0
3823500 2818500  1 11 22   5.1  998 251  4.3 8  5.3  95    0    0 320 -320  0
3823500 2818500  1 11 23   5.4  999 253  4.3 8  5.4  96    0    0 320 -320  0
3823500 2818500  1 11 24   5.4  999 266  4.6 8  5.3  94    0    0 318 -320  0
3823500 2818500  1 12  1   4.9 1000 278  4.6 8  5.1  93    0    0 315 -320  0
3823500 2818500  1 12  2   4.5 1001 280  3.6 8  4.9  92    0    0 312 -320  0
3823500 2818500  1 12  3   4.3 1003 287  2.9 8  4.8  92    0    0 312 -320  0
3823500 2818500  1 12  4   3.9 1004 276  2.9 8  4.7  91    0    0 312 -320  0
3823500 2818500  1 12  5   3.6 1006 271  2.0 8  4.5  89    0    0 311 -320  0
3823500 2818500  1 12  6   3.4 1007 263  1.7 8  4.3  88    0    0 311 -320  0
3823500 2818500  1 12  7   3.0 1007 242  1.6 7  4.2  87    0    0 306 -320  0
3823500 2818500  1 12  8   2.8 1007 227  1.4 7  4.1  88    0    0 303 -320  0
3823500 2818500  1 12  9   2.7 1007 223  1.4 7  4.1  89    0    0 305 -321  0
3823500 2818500  1 12 10   3.0 1008 216  1.2 6  4.2  89    0   28 303 -321  0
3823500 2818500  1 12 11   3.5 1007 212  1.4 6  4.3  89    4   73 302 -323  0
3823500 2818500  1 12 12   4.1 1007 206  2.0 7  4.4  87    0   62 311 -324  0
3823500 2818500  1 12 13   4.1 1006 196  1.8 7  4.5  87    0   33 319 -325  0
3823500 2818500  1 12 14   3.9 1006 190  1.7 8  4.6  90    0   30 326 -326  0
3823500 2818500  1 12 15   4.0 1004 182  2.3 7  4.7  93    0   36 329 -327  0
3823500 2818500  1 12 16   3.9 1003 181  2.5 8  4.8  95    0   26 330 -329  0
3823500 2818500  1 12 17   4.2 1002 193  2.7 8  5.0  97    0    0 336 -332  0
3823500 2818500  1 12 18   5.0 1001 203  2.2 8  5.2  97    0    0 339 -334  0
3823500 2818500  1 12 19   5.7 1001 208  1.8 8  5.4  96    0    0 342 -335  0
3823500 2818500  1 12 20   6.4 1000 219  2.0 8  5.7  96    0    0 345 -335  0
3823500 2818500  1 12 21   6.9 1000 225  1.9 8  6.0  97    0    0 347 -336  0
3823500 2818500  1 12 22   7.3 1000 232  1.5 8  6.2  98    0    0 349 -336  0
3823500 2818500  1 12 23   7.8 1000 235  1.5 8  6.4  98    0    0 349 -336  0
3823500 2818500  1 12 24   8.0  999 244  1.5 8  6.5  97    0    0 351 -336  0
3823500 2818500  1 13  1   8.2 1000 250  1.9 8  6.6  96    0    0 351 -335  0
3823500 2818500  1 13  2   8.2 1000 253  2.0 8  6.6  97    0    0 352 -335  0
3823500 2818500  1 13  3   8.1 1000 260  1.6 8  6.7  98    0    0 351 -335  0
3823500 2818500  1 13  4   8.2 1000 245  1.8 8  6.7  98    0    0 350 -335  0
3823500 2818500  1 13  5   8.1 1000 239  1.3 8  6.7  97    0    0 349 -335  0
3823500 2818500  1 13  6   8.1 1000 233  1.1 7  6.7  98    0    0 339 -337  0
3823500 2818500  1 13  7   8.2 1000 214  0.9 7  6.7  98    0    0 330 -337  0
3823500 2818500  1 13  8   8.3 1000 202  1.2 8  6.8  99    0    0 338 -338  0
3823500 2818500  1 13  9   8.6 1000 210  1.4 7  6.9  98    0    0 338 -338  0
3823500 2818500  1 13 10   9.0 1000 210  1.4 8  7.0  97    0    7 339 -339  0
3823500 2818500  1 13 11   9.7 1000 216  1.7 7  7.2  97    0   27 340 -339  0
3823500 2818500  1 13 12  10.1 1000 225  2.3 8  7.5  97    0   39 342 -340  0
3823500 2818500  1 13 13  10.5 1000 244  3.4 8  7.6  95    0   27 353 -342  0
3823500 2818500  1 13 14  10.7  999 244  3.6 6  7.6  94    0   60 336 -345  0
3823500 2818500  1 13 15  10.9  999 242  3.6 7  7.8  94    0   46 328 -347  0
3823500 2818500  1 13 16  11.1  999 247  4.3 8  7.9  95    0   28 347 -349  0
3823500 2818500  1 13 17  11.0  999 251  4.5 8  7.9  94    0    0 356 -350  0
3823500 2818500  1 13 18  11.1 1000 249  4.5 8  7.8  94    0    0 357 -350  0
3823500 2818500  1 13 19  11.1 1000 250  5.0 8  7.8  93    0    0 357 -351  0
3823500 2818500  1 13 20  11.0 1001 251  4.0 8  7.7  93    0    0 358 -352  0
3823500 2818500  1 13 21  11.2 1001 250  3.7 8  7.7  93    0    0 359 -352  0
3823500 2818500  1 13 22  11.2 1001 244  3.1 8  7.8  92    0    0 360 -352  0
3823500 2818500  1 13 23  11.2 1002 238  2.9 8  7.8  93    0    0 359 -352  0
3823500 2818500  1 13 24  10.7 1002 244  2.4 8  7.8  94    0    0 358 -352  0
3823500 2818500  1 14  1  10.7 1001 236  2.4 8  7.7  95    0    0 357 -352  0
3823500 2818500  1 14  2  10.6 1001 233  2.7 7  7.7  94    0    0 349 -351  0
3823500 2818500  1 14  3  10.5 1001 236  2.3 8  7.7  95    0    0 349 -351  0
3823500 2818500  1 14  4  10.6 1001 247  3.9 8  7.7  96    0    0 357 -351  0
3823500 2818500  1 14  5  10.6 1001 247  4.1 8  7.7  95    0    0 358 -352  0
3823500 2818500  1 14  6  10.9 1001 239  3.4 7  7.7  94    0    0 349 -355  0
3823500 2818500  1 14  7  11.3 1001 239  3.8 8  7.7  92    0    0 350 -358  0
3823500 2818500  1 14  8  11.3 1001 235  4.2 8  7.7  91    0    0 360 -359  0
3823500 2818500  1 14  9  11.1 1001 233  4.6 8  7.7  92    0    0 359 -360  0
3823500 2818500  1 14 10  10.8 1001 234  4.7 7  7.6  91    0   10 351 -360  0
3823500 2818500  1 14 11  10.6 1002 233  4.8 8  7.4  91    0   25 351 -361  0
3823500 2818500  1 14 12  10.3 1002 233  4.0 7  7.3  92    0   52 352 -361  0
3823500 2818500  1 14 13  10.2 1002 233  4.0 7  7.3  93    0   69 345 -361  0
3823500 2818500  1 14 14  10.2 1002 230  4.2 8  7.3  93    0   31 350 -361  0
3823500 2818500  1 14 15  10.3 1001 230  3.4 8  7.3  93    0   29 353 -361  0
3823500 2818500  1 14 16  10.1 1001 222  3.2 8  7.3  93    1   31 351 -360  0
3823500 2818500  1 14 17  10.0 1001 221  2.9 8  7.3  94    0    1 348 -360  0
3823500 2818500  1 14 18   9.9 1001 224  3.2 8  7.3  95    0    0 348 -360  0
3823500 2818500  1 14 19  10.0 1001 229  3.4 8  7.3  95    0    0 348 -360  0
3823500 2818500  1 14 20   9.9 1001 222  4.1 8  7.2  94    0    0 349 -359  0
3823500 2818500  1 14 21   9.7 1001 257  3.6 8  7.0  92    0    0 350 -358  0
3823500 2818500  1 14 22   8.8 1001 268  3.5 8  6.7  91    0    0 349 -358  0
3823500 2818500  1 14 23   8.7 1002 251  3.2 8  6.5  91    0    0 347 -357  0
3823500 2818500  1 14 24   8.6 1002 244  3.5 8  6.4  91    0    0 347 -357  0
3823500 2818500  1 15  1   8.6 1003 251  3.0 8  6.3  90    0    0 346 -356  0
3823500 2818500  1 15  2   8.6 1004 259  4.2 7  6.2  88    0    0 337 -355  0
3823500 2818500  1 15  3   8.4 1005 256  3.8 8  6.1  87    0    0 334 -353  0
3823500 2818500  1 15  4   8.4 1006 253  3.4 7  6.0  87    0    0 332 -352  0
3823500 2818500  1 15  5   8.3 1007 257  3.7 8  6.0  87    0    0 330 -349  0
3823500 2818500  1 15  6   8.1 1008 254  3.3 8  5.9  86    0    0 335 -348  0
3823500 2818500  1 15  7   7.8 1008 251  3.3 7  5.8  86    0    0 327 -347  0
3823500 2818500  1 15  8   7.6 1009 236  3.0 7  5.7  87    0    0 319 -346  0
3823500 2818500  1 15  9   8.1 1010 235  3.0 7  5.7  87    0    0 320 -346  0
3823500 2818500  1 15 10   8.3 1010 226  3.9 8  5.9  86    0   16 327 -347  0
3823500 2818500  1 15 11   8.7 1010 227  4.2 8  5.9  86    0   34 333 -349  0
3823500 2818500  1 15 12   8.9 1011 219  4.7 7  6.0  84    0   44 326 -351  0
3823500 2818500  1 15 13   9.1 1011 223  5.1 8  6.0  84    0   53 326 -354  0
3823500 2818500  1 15 14   9.3 1011 219  4.7 8  6.0  82    0   49 334 -356  0
3823500 2818500  1 15 15   9.5 1010 216  4.2 6  5.9  80    2   70 324 -356  0
3823500 2818500  1 15 16   9.5 1010 211  4.6 7  5.8  78    3   43 321 -356  0
3823500 2818500  1 15 17   9.4 1010 220  4.1 8  5.8  78    0    1 335 -355  0
3823500 2818500  1 15 18   9.4 1011 227  4.6 8  5.7  77    0    0 343 -354  0
3823500 2818500  1 15 19   9.4 1011 224  5.1 7  5.7  77    0    0 338 -354  0
3823500 2818500  1 15 20   9.2 1012 227  5.0 7  5.6  77    0    0 335 -354  0
3823500 2818500  1 15 21   9.1 1012 218  5.2 7  5.6  77    0    0 337 -355  0
3823500 2818500  1 15 22   9.1 1011 215  4.8 7  5.5  76    0    0 339 -356  0
3823500 2818500  1 15 23   9.0 1012 217  4.9 7  5.4  76    0    0 338 -357  0
3823500 2818500  1 15 24   8.7 1012 224  5.0 7  5.4  76    0    0 337 -358  0
3823500 2818500  1 16  1   8.4 1012 216  3.6 7  5.4  78    0    0 334 -359  0
3823500 2818500  1 16  2   8.0 1012 215  3.7 6  5.4  80    0    0 327 -359  0
3823500 2818500  1 16  3   7.9 1013 213  2.9 5  5.4  81    0    0 317 -360  0
3823500 2818500  1 16  4   7.9 1013 212  3.3 7  5.4  82    0    0 322 -360  0
3823500 2818500  1 16  5   7.9 1013 213  3.4 7  5.5  82    0    0 331 -360  0
3823500 2818500  1 16  6   7.6 1012 215  2.7 5  5.5  84    0    0 322 -361  0
3823500 2818500  1 16  7   7.6 1013 215  2.8 4  5.5  85    0    0 310 -361  0
3823500 2818500  1 16  8   8.0 1013 209  2.6 5  5.6  85    0    0 310 -360  0
3823500 2818500  1 16  9   8.3 1013 213  3.2 6  5.7  84    0    5 320 -359  0
3823500 2818500  1 16 10   8.7 1013 216  2.8 5  5.8  83   10   45 321 -356  0
3823500 2818500  1 16 11   9.4 1014 214  3.2 5  5.9  82   52   81 319 -356  0
3823500 2818500  1 16 12  10.1 1014 221  3.6 2  6.0  80  154   75 309 -356  0
3823500 2818500  1 16 13  10.4 1013 225  3.4 5  6.1  78   23  115 309 -358  0
3823500 2818500  1 16 14  10.8 1013 227  2.8 6  6.1  77    5   92 325 -360  0
3823500 2818500  1 16 15  11.3 1013 222  2.5 7  6.1  75   11   76 333 -361  0
3823500 2818500  1 16 16  11.3 1013 219  2.2 7  6.1  73    8   40 338 -359  0
3823500 2818500  1 16 17  11.0 1013 209  2.1 7  6.0  72    0    4 337 -355  0
3823500 2818500  1 16 18  10.5 1013 202  2.6 4  5.9  73    0    0 320 -352  0
3823500 2818500  1 16 19   9.5 1013 208  2.7 1  5.8  76    0    0 290 -349  0
3823500 2818500  1 16 20   9.1 1013 204  2.4 0  5.8  79    0    0 270 -348  0
3823500 2818500  1 16 21   8.7 1014 204  2.5 0  5.7  81    0    0 262 -346  0
3823500 2818500  1 16 22   8.1 1014 208  1.8 0  5.6  82    0    0 258 -344  0
3823500 2818500  1 16 23   7.6 1013 201  1.7 0  5.4  82    0    0 253 -342  0
3823500 2818500  1 16 24   7.2 1014 197  1.8 0  5.3  83    0    0 252 -341  0
3823500 2818500  1 17  1   6.9 1014 193  1.8 1  5.3  84    0    0 255 -341  0
3823500 2818500  1 17  2   7.1 1014 189  1.6 2  5.2  83    0    0 261 -340  0
3823500 2818500  1 17  3   6.6 1014 196  1.4 3  5.1  83    0    0 272 -339  0
3823500 2818500  1 17  4   6.9 1014 195  1.5 5  5.1  83    0    0 282 -339  0
3823500 2818500  1 17  5   6.8 1014 196  1.7 7  5.1  83    0    0 295 -338  0
3823500 2818500  1 17  6   6.5 1014 183  1.2 7  5.1  84    0    0 301 -338  0
3823500 2818500  1 17  7   6.5 1014 192  2.3 6  5.1  84    0    0 301 -339  0
3823500 2818500  1 17  8   6.9 1014 186  1.2 6  5.1  83    0    0 300 -341  0
3823500 2818500  1 17  9   6.5 1013 190  1.4 7  5.1  84    0    0 304 -343  0
3823500 2818500  1 17 10   7.2 1013 189  1.3 8  5.3  86    0   12 315 -345  0
3823500 2818500  1 17 11   7.7 1013 207  1.7 7  5.4  84    0   50 319 -348  0
3823500 2818500  1 17 12   8.3 1013 210  2.4 7  5.5  82    0   77 317 -352  0
3823500 2818500  1 17 13   8.8 1013 208  2.4 7  5.6  81    2   93 318 -355  0
3823500 2818500  1 17 14   9.3 1013 205  2.4 7  5.7  80   10   98 320 -358  0
3823500 2818500  1 17 15   9.5 1012 201  2.4 6  5.8  80   31   82 316 -359  0
3823500 2818500  1 17 16   9.5 1012 204  3.0 6  5.9  79   12   42 311 -358  0
3823500 2818500  1 17 17   9.3 1011 198  2.8 7  5.8  79    0    4 316 -355  0
3823500 2818500  1 17 18   9.3 1011 196  2.4 7  5.8  80    0    0 321 -353  0
3823500 2818500  1 17 19   8.8 1011 197  2.3 8  6.0  83    0    0 327 -352  0
3823500 2818500  1 17 20   8.8 1011 205  3.9 8  6.1  87    0    0 333 -352  0
3823500 2818500  1 17 21   8.9 1011 213  3.8 8  6.2  87    0    0 336 -352  0
3823500 2818500  1 17 22   9.1 1011 212  4.2 8  6.1  86    0    0 337 -352  0
3823500 2818500  1 17 23   9.2 1011 221  4.6 8  6.1  85    0    0 338 -352  0
3823500 2818500  1 17 24   9.4 1011 229  4.3 8  6.1  84    0    0 339 -351  0
3823500 2818500  1 18  1   8.8 1011 249  3.8 8  6.1  84    0    0 339 -351  0
3823500 2818500  1 18  2   7.7 1012 264  3.6 8  5.7  84    0    0 337 -350  0
3823500 2818500  1 18  3   6.4 1013 293  2.9 8  5.3  84    0    0 333 -350  0
3823500 2818500  1 18  4   5.9 1013 301  2.6 8  5.1  87    0    0 331 -348  0
3823500 2818500  1 18  5   5.2 1014 331  1.6 8  5.0  89    0    0 330 -347  0
3823500 2818500  1 18  6   5.0 1014 302  0.9 7  4.9  90    0    0 320 -346  0
3823500 2818500  1 18  7   4.6 1014 145  0.5 7  4.9  91    0    0 309 -345  0
3823500 2818500  1 18  8   4.4 1014 179  0.1 7  4.8  91    0    0 307 -344  0
3823500 2818500  1 18  9   4.1 1014  67  0.1 7  4.8  93    0    8 307 -343  0
3823500 2818500  1 18 10   4.8 1014  46  0.3 6  4.9  94    0   24 299 -343  0
3823500 2818500  1 18 11   4.8 1014  49  0.9 7  5.0  94    0   21 299 -343  0
3823500 2818500  1 18 12   5.1 1014  44  1.6 8  5.1  95    0   25 313 -345  0
3823500 2818500  1 18 13   5.2 1014   9  2.0 8  5.1  94    0   26 320 -349  0
3823500 2818500  1 18 14   5.1 1014 345  2.5 8  5.1  93    0   51 319 -352  0
3823500 2818500  1 18 15   5.0 1014   1  2.2 6  4.9  91    8   69 302 -353  0
3823500 2818500  1 18 16   4.8 1014 339  2.0 7  4.9  91    8   36 294 -349  0
3823500 2818500  1 18 17   4.7 1014 351  1.4 8  4.9  92    0    4 303 -342  0
3823500 2818500  1 18 18   4.7 1015 326  1.6 8  4.9  92    0    0 307 -334  0
3823500 2818500  1 18 19   4.3 1016 306  1.2 8  4.8  93    0    0 304 -329  0
3823500 2818500  1 18 20   4.1 1016 306  2.9 8  4.7  92    0    0 303 -326  0
3823500 2818500  1 18 21   4.0 1017 304  1.8 7  4.5  90    0    0 297 -323  0
3823500 2818500  1 18 22   3.9 1017 289  2.0 8  4.5  90    0    0 296 -321  0
3823500 2818500  1 18 23   3.7 1018 284  1.7 8  4.5  92    0    0 301 -320  0
3823500 2818500  1 18 24   3.8 1018 281  2.0 8  4.6  93    0    0 301 -319  0
3823500 2818500  1 19  1   3.7 1019 277  2.0 7  4.6  93    0    0 296 -319  0
3823500 2818500  1 19  2   3.6 1019 272  1.8 8  4.5  92    0    0 295 -319  0
3823500 2818500  1 19  3   3.4 1019 276  2.2 8  4.4  90    0    0 300 -318  0
3823500 2818500  1 19  4   3.1 1019 275  1.7 8  4.3  90    0    0 298 -316  0
3823500 2818500  1 19  5   3.1 1020 279  1.9 7  4.3  91    0    0 290 -315  0
3823500 2818500  1 19  6   2.9 1020 279  2.0 7  4.3  92    0    0 282 -315  0
3823500 2818500  1 19  7   2.7 1020 277  1.9 7  4.3  93    0    0 280 -315  0
3823500 2818500  1 19  8   2.8 1020 286  2.1 7  4.3  93    0    0 279 -315  0
3823500 2818500  1 19  9   2.7 1020 281  1.9 7  4.3  93    0    6 280 -316  0
3823500 2818500  1 19 10   3.2 1020 272  2.1 7  4.4  94    6   47 284 -317  0
3823500 2818500  1 19 11   3.5 1020 283  2.2 7  4.4  92    1   61 289 -319  0
3823500 2818500  1 19 12   4.1 1020 281  2.7 8  4.5  91    0   47 299 -320  0
3823500 2818500  1 19 13   4.6 1020 276  3.0 7  4.5  87    0   85 302 -323  0
3823500 2818500  1 19 14   4.7 1020 269  2.4 7  4.5  86    0   73 299 -326  0
3823500 2818500  1 19 15   1.9 1019 279  3.5 7  4.3  90    9   81 295 -326  0
3823500 2818500  1 19 16   2.2 1019 264  0.8 7  4.2  95   69   43 291 -326  0
3823500 2818500  1 19 17   1.8 1019 284  0.7 7  4.2  96    0    6 290 -326  0
3823500 2818500  1 19 18   1.8 1019 271  0.3 7  4.1  96    0    0 289 -322  0
3823500 2818500  1 19 19   2.1 1019 272  0.5 6  4.1  95    0    0 283 -320  0
3823500 2818500  1 19 20   1.9 1019 283  1.1 7  4.1  94    0    0 283 -320  0
3823500 2818500  1 19 21   1.7 1019 279  0.6 7  4.1  94    0    0 290 -319  0
3823500 2818500  1 19 22   2.1 1019 290  0.2 7  4.1  95    0    0 294 -319  0
3823500 2818500  1 19 23   2.0 1019 290  0.4 7  4.2  96    0    0 295 -319  0
3823500 2818500  1 19 24   1.5 1019 309  1.2 7  4.2  97    0    0 294 -317  0
3823500 2818500  1 20  1   1.7 1019 306  0.8 8  4.1  97    0    0 299 -316  0
3823500 2818500  1 20  2   1.5 1019 289  0.8 8  4.1  96    0    0 304 -316  0
3823500 2818500  1 20  3   1.5 1019 293  0.2 8  4.1  96    0    0 303 -316  0
3823500 2818500  1 20  4   1.5 1019 314  0.6 7  4.1  97    0    0 298 -315  0
3823500 2818500  1 20  5   1.5 1019 320  0.7 7  4.1  98    0    0 293 -315  0
3823500 2818500  1 20  6   1.5 1019 334  1.4 7  4.1  97    0    0 292 -315  0
3823500 2818500  1 20  7   1.3 1019 348  2.0 8  4.0  95    0    0 296 -315  0
3823500 2818500  1 20  8   0.8 1020 344  1.8 8  3.8  94    0    0 302 -314  0
3823500 2818500  1 20  9   0.4 1020   9  1.8 7  3.7  94    0    7 296 -313  0
3823500 2818500  1 20 10   0.2 1021 359  1.5 7  3.6  93   35   21 291 -312  0
3823500 2818500  1 20 11   0.4 1021 355  2.0 7  3.5  92   40   47 292 -314  0
3823500 2818500  1 20 12   0.8 1022 355  1.9 7  3.5  89    5   84 293 -317  0
3823500 2818500  1 20 13   1.0 1022   5  2.1 7  3.5  86    0   68 293 -319  0
3823500 2818500  1 20 14   0.9 1022   7  1.9 7  3.4  84    0   55 292 -319  0
3823500 2818500  1 20 15   0.7 1022   6  2.1 7  3.4  85    0   44 291 -320  0
3823500 2818500  1 20 16   0.3 1023   8  2.4 8  3.3  86    0   27 294 -320  0
3823500 2818500  1 20 17  -0.2 1023  15  2.0 8  3.2  85    0    4 296 -319  0
3823500 2818500  1 20 18  -0.5 1023  12  1.3 7  3.1  85    0    0 287 -318  0
3823500 2818500  1 20 19  -0.8 1024   3  0.7 7  3.1  87    0    0 279 -315  0
3823500 2818500  1 20 20  -0.9 1024  14  0.8 7  3.1  89    0    0 277 -312  0
3823500 2818500  1 20 21  -1.1 1025  18  0.8 7  3.1  89    0    0 275 -309  0
3823500 2818500  1 20 22  -1.1 1025  10  0.9 7  3.1  89    0    0 274 -307  0
3823500 2818500  1 20 23  -1.2 1025  25  1.0 7  3.0  88    0    0 272 -305  0
3823500 2818500  1 20 24  -1.2 1026   4  1.0 8  3.0  88    0    0 274 -304  0
3823500 2818500  1 21  1  -1.3 1026   2  1.5 7  2.9  86    0    0 273 -304  0
3823500 2818500  1 21  2  -1.6 1026  51  1.5 7  2.9  86    0    0 268 -303  0
3823500 2818500  1 21  3  -1.6 1026 265  1.1 7  2.9  87    0    0 266 -302  0
3823500 2818500  1 21  4  -1.7 1027 301  1.1 7  2.9  86    0    0 264 -301  0
3823500 2818500  1 21  5  -1.9 1026 292  0.8 7  2.9  87    0    0 261 -301  0
3823500 2818500  1 21  6  -2.1 1027 277  1.6 7  2.9  89    0    0 259 -302  0
3823500 2818500  1 21  7  -2.3 1027 286  1.4 8  2.9  91    0    0 261 -302  0
3823500 2818500  1 21  8  -2.4 1027 249  1.1 8  2.9  92    0    0 264 -302  0
3823500 2818500  1 21  9  -2.3 1027 260  1.4 7  2.9  94    0    4 260 -301  0
3823500 2818500  1 21 10  -2.2 1027 277  1.9 7  3.0  95    0   32 259 -301  0
3823500 2818500  1 21 11  -1.8 1027 240  2.0 7  3.1  96    0   47 263 -304  0
3823500 2818500  1 21 12  -1.3 1027 221  1.9 8  3.2  96    0   60 271 -311  0
3823500 2818500  1 21 13  -1.0 1027 233  1.8 8  3.3  96    0   67 280 -317  0
3823500 2818500  1 21 14  -0.6 1027 245  1.4 7  3.4  96    0   84 279 -319  0
3823500 2818500  1 21 15  -0.2 1026 241  1.5 7  3.5  95    0   65 277 -320  0
3823500 2818500  1 21 16   0.1 1026 258  1.2 8  3.5  95    0   24 283 -320  0
3823500 2818500  1 21 17   0.1 1026 268  1.3 8  3.6  95    0    4 288 -320  0
3823500 2818500  1 21 18   0.2 1026 279  0.9 8  3.7  97    0    0 284 -320  0
3823500 2818500  1 21 19   0.6 1026 282  0.8 8  3.8  98    0    0 281 -320  0
3823500 2818500  1 21 20   0.9 1025  12  0.3 7  3.9  98    0    0 275 -320  0
3823500 2818500  1 21 21   0.9 1025  10  0.0 6  3.9  98    0    0 265 -320  0
3823500 2818500  1 21 22   0.8 1026 360  1.2 6  3.9  98    0    0 258 -320  0
3823500 2818500  1 21 23   0.9 1026 314  0.7 7  3.8  96    0    0 260 -320  0
3823500 2818500  1 21 24   0.9 1026 288  0.2 7  3.8  95    0    0 264 -319  0
3823500 2818500  1 22  1   1.1 1026 303  0.6 8  3.8  95    0    0 269 -316  0
3823500 2818500  1 22  2   1.0 1025 255  0.8 8  3.9  97    0    0 274 -313  0
3823500 2818500  1 22  3   1.3 1025 224  1.1 8  4.0  99    0    0 277 -312  0
3823500 2818500  1 22  4   1.2 1024 259  1.6 8  4.1  99    0    0 277 -312  0
3823500 2818500  1 22  5   1.3 1024 232  1.8 6  4.1 100    0    0 269 -311  0
3823500 2818500  1 22  6   1.7 1023 234  2.0 7  4.2 100    0    0 267 -307  0
3823500 2818500  1 22  7   2.0 1023 203  1.8 7  4.3 100    0    0 273 -304  0
3823500 2818500  1 22  8   2.2 1022 192  1.5 8  4.4 100    0    0 279 -302  0
3823500 2818500  1 22  9   2.8 1022 137  1.7 8  4.5 100    0    3 285 -299  0
3823500 2818500  1 22 10   3.4 1022 312  2.0 8  4.7 100    0   26 290 -298  0
3823500 2818500  1 22 11   3.9 1022 289  1.9 8  4.8  99    0   44 294 -301  0
3823500 2818500  1 22 12   3.6 1022 334  1.8 8  4.9  99    0   34 296 -309  0
3823500 2818500  1 22 13   4.4 1022 321  1.8 8  5.0  99    0   64 297 -315  0
3823500 2818500  1 22 14   4.0 1022 327  1.7 7  5.0  98    1   92 293 -318  0
3823500 2818500  1 22 15   4.1 1021 335  1.4 8  4.9  98    0   40 294 -319  0
3823500 2818500  1 22 16   4.0 1021 342  1.6 8  4.9  98    0   13 298 -319  0
3823500 2818500  1 22 17   3.7 1021 317  1.2 8  4.8  97    0    1 297 -317  0
3823500 2818500  1 22 18   3.4 1021 360  0.7 8  4.8  98    0    0 295 -313  0
3823500 2818500  1 22 19   3.2 1021   4  1.0 8  4.7  98    0    0 294 -309  0
3823500 2818500  1 22 20   3.5 1021 344  0.8 8  4.6  96    0    0 294 -308  0
3823500 2818500  1 22 21   3.1 1021 349  1.2 8  4.6  96    0    0 294 -310  0
3823500 2818500  1 22 22   2.9 1021 337  1.2 8  4.5  97    0    0 293 -312  0
3823500 2818500  1 22 23   2.8 1021 327  1.7 8  4.4  96    0    0 292 -314  0
3823500 2818500  1 22 24   2.1 1021 332  2.2 8  4.3  95    0    0 291 -315  0
3823500 2818500  1 23  1   1.8 1021 309  2.4 8  4.0  93    0    0 290 -316  0
3823500 2818500  1 23  2   1.2 1021 320  2.1 7  3.9  92    0    0 285 -317  0
3823500 2818500  1 23  3   0.7 1021 312  3.4 8  3.8  94    0    0 285 -317  0
3823500 2818500  1 23  4   0.6 1021 295  2.2 8  3.8  96    0    0 292 -318  0
3823500 2818500  1 23  5   0.8 1020 264  1.7 8  3.9  98    0    0 294 -318  0
3823500 2818500  1 23  6   1.1 1019 270  1.8 8  4.0  98    0    0 296 -318  0
3823500 2818500  1 23  7   1.8 1019 264  1.8 8  4.1  97    0    0 299 -318  0
3823500 2818500  1 23  8   2.2 1019 274  1.3 8  4.2  97    0    0 303 -318  0
3823500 2818500  1 23  9   2.7 1018 251  1.8 8  4.4  99    0    6 307 -318  0
3823500 2818500  1 23 10   3.7 1018 263  2.1 8  4.7  99    0   27 312 -319  0
3823500 2818500  1 23 11   4.5 1018 292  2.0 7  5.0  99    4   60 311 -319  0
3823500 2818500  1 23 12   5.0 1017 286  1.9 7  5.2  97    0   83 308 -319  0
3823500 2818500  1 23 13   5.2 1017 293  2.0 8  5.2  96    0   60 315 -320  0
3823500 2818500  1 23 14   5.4 1017 313  2.3 8  5.2  94    0   58 323 -320  0
3823500 2818500  1 23 15   5.3 1017 324  1.9 8  5.1  91    0   36 323 -321  0
3823500 2818500  1 23 16   5.3 1016 315  2.1 7  4.9  89    0   15 318 -322  0
3823500 2818500  1 23 17   5.0 1016 327  1.5 8  4.8  88    0    1 318 -322  0
3823500 2818500  1 23 18   4.7 1016 352  1.7 7  4.7  88    0    0 317 -321  0
3823500 2818500  1 23 19   4.3 1017  10  1.2 7  4.7  89    0    0 310 -321  0
3823500 2818500  1 23 20   4.0 1017 360  1.4 7  4.6  91    0    0 310 -321  0
3823500 2818500  1 23 21   3.8 1017 347  1.9 7  4.5  90    0    0 309 -321  0
3823500 2818500  1 23 22   3.3 1017 343  1.7 7  4.4  89    0    0 308 -321  0
3823500 2818500  1 23 23   2.9 1018 349  1.9 7  4.3  91    0    0 307 -321  0
3823500 2818500  1 23 24   2.4 1018 337  1.7 8  4.2  92    0    0 311 -320  0
3823500 2818500  1 24  1   2.5 1018 325  2.8 7  4.2  94    0    0 310 -320  0
3823500 2818500  1 24  2   2.5 1017 319  3.0 7  4.3  95    0    0 306 -320  0
3823500 2818500  1 24  3   2.5 1017 292  2.4 7  4.3  96    0    0 306 -320  0
3823500 2818500  1 24  4   2.8 1017 312  2.2 7  4.3  95    0    0 306 -320  0
3823500 2818500  1 24  5   2.7 1017 277  1.7 7  4.4  94    0    0 307 -320  0
3823500 2818500  1 24  6   2.9 1017 287  1.4 8  4.4  95    0    0 313 -320  0
3823500 2818500  1 24  7   3.2 1017 280  1.2 8  4.4  94    0    0 319 -320  0
3823500 2818500  1 24  8   3.1 1017 274  1.2 8  4.5  94    0    0 320 -320  0
3823500 2818500  1 24  9   3.4 1017 290  1.7 8  4.5  94    0    4 319 -320  0
3823500 2818500  1 24 10   3.4 1017 305  1.5 8  4.4  92    0   31 320 -320  0
3823500 2818500  1 24 11   3.6 1017 303  1.4 7  4.5  92    0   41 314 -320  0
3823500 2818500  1 24 12   4.1 1016 316  1.3 8  4.6  93    0   43 313 -320  0
3823500 2818500  1 24 13   4.2 1016 298  1.1 8  4.8  94    0   31 320 -322  0
3823500 2818500  1 24 14   4.6 1015 307  1.3 7  5.0  96    0   45 315 -323  0
3823500 2818500  1 24 15   5.2 1015 299  1.3 7  5.1  94    0   44 310 -324  0
3823500 2818500  1 24 16   5.3 1014 295  1.4 8  5.0  91    0   30 316 -324  0
3823500 2818500  1 24 17   5.1 1014 300  1.9 7  4.9  90    0    7 316 -324  0
3823500 2818500  1 24 18   4.7 1014 281  1.6 8  4.9  91    0    0 314 -324  0
3823500 2818500  1 24 19   4.4 1013 278  1.9 7  4.8  91    0    0 312 -324  0
3823500 2818500  1 24 20   4.1 1013 271  2.0 8  4.7  92    0    0 312 -323  0
3823500 2818500  1 24 21   4.1 1013 262  2.3 8  4.7  93    0    0 316 -323  0
3823500 2818500  1 24 22   3.9 1012 270  2.0 8  4.7  92    0    0 317 -322  0
3823500 2818500  1 24 23   3.9 1012 251  1.8 8  4.6  92    0    0 316 -322  0
3823500 2818500  1 24 24   4.0 1011 248  2.5 8  4.6  92    0    0 317 -322  0
3823500 2818500  1 25  1   4.0 1010 259  3.0 8  4.7  93    0    0 319 -323  0
3823500 2818500  1 25  2   4.2 1009 248  3.4 8  4.7  93    0    0 319 -324  0
3823500 2818500  1 25  3   4.3 1008 245  4.2 8  4.7  92    0    0 321 -324  0
3823500 2818500  1 25  4   4.4 1007 246  4.2 8  4.7  90    0    0 321 -324  0
3823500 2818500  1 25  5   4.3 1006 243  4.6 8  4.6  89    0    0 320 -324  0
3823500 2818500  1 25  6   4.1 1004 247  5.4 8  4.7  90    0    0 320 -324  0
3823500 2818500  1 25  7   4.3 1003 246  5.6 8  4.8  92    0    0 320 -325  0
3823500 2818500  1 25  8   4.3 1002 257  5.3 8  4.7  91    0    0 322 -325  0
3823500 2818500  1 25  9   3.4 1001 296  3.6 7  4.5  89    0    9 315 -326  0
3823500 2818500  1 25 10   3.6 1001 288  3.5 4  4.2  86   23   65 291 -327  0
3823500 2818500  1 25 11   4.0 1001 290  3.3 2  4.2  84  102  103 265 -328  0
3823500 2818500  1 25 12   4.1 1001 291  3.0 5  4.2  82   28  136 269 -330  0
3823500 2818500  1 25 13   4.4 1000 280  4.6 6  4.1  79    5  121 292 -331  0
3823500 2818500  1 25 14   4.6 1000 282  4.3 7  4.2  78    0   66 302 -332  0
3823500 2818500  1 25 15   3.7  999 305  4.0 7  4.3  83    0   56 308 -333  0
3823500 2818500  1 25 16   3.7  999 305  3.6 8  4.4  89   19   66 312 -332  0
3823500 2818500  1 25 17   3.7  999 305  3.0 7  4.5  90    7   17 311 -332  0
3823500 2818500  1 25 18   3.7  999 311  3.8 7  4.5  90    0    0 304 -333  0
3823500 2818500  1 25 19   3.8  999 296  4.2 8  4.4  87    0    0 307 -333  0
3823500 2818500  1 25 20   3.3  999 297  2.4 8  4.3  86    0    0 309 -333  0
3823500 2818500  1 25 21   3.2 1000 298  2.6 8  4.3  88    0    0 307 -334  0
3823500 2818500  1 25 22   2.8 1000 289  2.1 8  4.3  90    0    0 306 -336  0
3823500 2818500  1 25 23   2.6 1000 293  1.5 8  4.2  90    0    0 304 -336  0
3823500 2818500  1 25 24   2.1 1000 287  1.3 7  4.1  91    0    0 297 -336  0
3823500 2818500  1 26  1   2.0 1000 285  0.6 7  4.1  92    0    0 290 -335  0
3823500 2818500  1 26  2   1.3 1000 252  0.3 7  4.1  94    0    0 290 -335  0
3823500 2818500  1 26  3   0.8  999 239  0.6 8  4.0  96    0    0 295 -334  0
3823500 2818500  1 26  4   0.8 1000 245  0.3 7  4.0  97    0    0 294 -334  0
3823500 2818500  1 26  5   0.8  999 200  0.1 7  4.0  98    0    0 287 -333  0
3823500 2818500  1 26  6   0.4  999 238  0.1 6  3.9  98    0    0 279 -332  0
3823500 2818500  1 26  7   0.5  999 267  0.1 6  3.9  97    0    0 269 -332  0
3823500 2818500  1 26  8   0.4  999 258  0.2 8  3.8  96    0    0 283 -331  0
3823500 2818500  1 26  9   0.4  999 246  0.4 8  3.9  98    0    7 299 -331  0
3823500 2818500  1 26 10   0.5 1000 348  0.7 6  3.9  99    0   45 281 -331  0
3823500 2818500  1 26 11   1.0 1000  34  0.5 8  3.9  96    0   42 282 -332  0
3823500 2818500  1 26 12   1.4 1001  40  1.2 8  3.9  93    0   55 303 -333  0
3823500 2818500  1 26 13   1.5 1001  43  1.4 8  3.9  92    0   66 307 -332  0
3823500 2818500  1 26 14   1.8 1001  47  1.6 7  3.8  87    0   70 299 -331  0
3823500 2818500  1 26 15   1.9 1001  40  1.6 6  3.5  79    4   84 282 -331  0
3823500 2818500  1 26 16   1.8 1002  53  1.3 7  3.4  77   15   58 283 -327  0
3823500 2818500  1 26 17   1.6 1002  46  1.1 7  3.4  78    0   14 289 -323  0
3823500 2818500  1 26 18   1.5 1003  40  0.8 8  3.4  80    0    0 294 -320  0
3823500 2818500  1 26 19   1.3 1004  37  0.4 6  3.5  82    0    0 288 -317  0
3823500 2818500  1 26 20   1.2 1004  35  0.5 6  3.6  85    0    0 276 -313  0
3823500 2818500  1 26 21   1.1 1005  39  0.7 7  3.6  87    0    0 282 -312  0
3823500 2818500  1 26 22   1.0 1006  34  0.9 7  3.6  88    0    0 288 -311  0
3823500 2818500  1 26 23   1.0 1007  44  0.9 7  3.7  90    0    0 287 -310  0
3823500 2818500  1 26 24   1.1 1007  47  0.9 7  3.7  90    0    0 286 -308  0
3823500 2818500  1 27  1   1.1 1008  55  1.3 8  3.7  89    0    0 291 -305  0
3823500 2818500  1 27  2   1.0 1008  58  1.3 8  3.6  87    0    0 295 -305  0
3823500 2818500  1 27  3   0.8 1008  53  1.2 8  3.5  86    0    0 293 -306  0
3823500 2818500  1 27  4   0.6 1009  49  2.0 8  3.5  86    0    0 291 -306  0
3823500 2818500  1 27  5   0.2 1009  65  1.8 8  3.4  86    0    0 289 -306  0
3823500 2818500  1 27  6   0.0 1010  60  2.4 8  3.2  84    0    0 288 -306  0
3823500 2818500  1 27  7  -0.2 1010  47  2.6 7  3.1  81    0    0 281 -306  0
3823500 2818500  1 27  8  -0.5 1011  55  2.3 7  2.9  79    0    0 274 -306  0
3823500 2818500  1 27  9  -1.3 1011  48  1.9 6  2.8  80    0   12 267 -304  0
3823500 2818500  1 27 10  -1.2 1012  50  2.3 4  2.8  80   45   59 251 -302  0
3823500 2818500  1 27 11  -1.0 1013  45  2.9 2  2.7  78  134   81 231 -303  0
3823500 2818500  1 27 12  -0.8 1013  49  3.3 2  2.6  74  171  101 221 -307  0
3823500 2818500  1 27 13  -0.5 1014  64  3.4 3  2.6  71   52  150 228 -311  0
3823500 2818500  1 27 14  -0.7 1014  58  2.8 6  2.6  72    0   74 251 -314  0
3823500 2818500  1 27 15  -0.8 1014  51  2.5 7  2.6  74    0   56 274 -314  0
3823500 2818500  1 27 16  -0.8 1014  62  2.8 7  2.7  75    0   41 279 -312  0
3823500 2818500  1 27 17  -1.0 1014  60  2.8 6  2.7  76    0   10 273 -308  0
3823500 2818500  1 27 18  -1.3 1014  61  0.8 4  2.6  76    0    0 256 -303  0
3823500 2818500  1 27 19  -1.6 1015  49  1.5 1  2.6  76    0    0 228 -300  0
3823500 2818500  1 27 20  -1.9 1015  42  2.0 0  2.6  78    0    0 207 -298  0
3823500 2818500  1 27 21  -2.0 1016  51  1.4 0  2.6  79    0    0 202 -296  0
3823500 2818500  1 27 22  -2.1 1016  55  2.1 0  2.6  79    0    0 201 -294  0
3823500 2818500  1 27 23  -2.3 1016  60  1.2 0  2.5  79    0    0 200 -292  0
3823500 2818500  1 27 24  -2.5 1017  55  1.9 0  2.5  79    0    0 199 -290  0
3823500 2818500  1 28  1  -3.0 1017  58  1.6 0  2.4  80    0    0 198 -289  0
3823500 2818500  1 28  2  -2.9 1017  47  1.9 0  2.4  80    0    0 198 -288  0
3823500 2818500  1 28  3  -3.0 1017  58  2.1 0  2.4  79    0    0 197 -287  0
3823500 2818500  1 28  4  -3.4 1017  62  1.5 0  2.4  80    0    0 197 -286  0
3823500 2818500  1 28  5  -3.6 1017  61  1.4 0  2.4  82    0    0 196 -286  0
3823500 2818500  1 28  6  -3.6 1017  59  2.4 0  2.4  83    0    0 196 -285  0
3823500 2818500  1 28  7  -3.8 1017  64  2.3 0  2.4  84    0    0 196 -285  0
3823500 2818500  1 28  8  -3.9 1017  62  2.6 0  2.4  86    0    0 196 -285  0
3823500 2818500  1 28  9  -4.0 1017  59  2.4 1  2.4  87    2   13 199 -285  0
3823500 2818500  1 28 10  -3.3 1018  68  1.6 0  2.5  85   49   57 200 -286  0
3823500 2818500  1 28 11  -2.3 1018  79  2.0 0  2.5  80  135   76 197 -291  0
3823500 2818500  1 28 12  -1.4 1018  80  2.9 0  2.5  76  203   81 200 -298  0
3823500 2818500  1 28 13  -0.5 1017  76  3.4 0  2.6  73  239   79 202 -305  0
3823500 2818500  1 28 14  -0.1 1017  65  3.8 0  2.6  71  232   74 204 -309  0
3823500 2818500  1 28 15   0.2 1016  80  3.4 0  2.7  70  177   66 205 -310  0
3823500 2818500  1 28 16   0.1 1016  74  3.2 1  2.7  70   95   52 210 -309  0
3823500 2818500  1 28 17  -0.6 1016  78  2.7 1  2.7  73   16   15 215 -305  0
3823500 2818500  1 28 18  -1.0 1016  78  2.1 2  2.7  76    0    0 219 -300  0
3823500 2818500  1 28 19  -1.2 1016  79  2.0 2  2.7  78    0    0 222 -296  0
3823500 2818500  1 28 20  -1.2 1016  73  1.5 1  2.7  79    0    0 218 -293  0
3823500 2818500  1 28 21  -1.5 1016  73  1.4 0  2.7  80    0    0 210 -291  0
3823500 2818500  1 28 22  -2.0 1015  75  1.2 0  2.7  82    0    0 205 -290  0
3823500 2818500  1 28 23  -2.2 1015  65  0.7 0  2.7  83    0    0 205 -289  0
3823500 2818500  1 28 24  -2.7 1015  69  0.8 0  2.7  84    0    0 204 -288  0
3823500 2818500  1 29  1  -2.5 1015  65  0.9 0  2.6  85    0    0 204 -287  0
3823500 2818500  1 29  2  -3.3 1015  70  0.7 0  2.6  86    0    0 205 -287  0
3823500 2818500  1 29  3  -3.8 1014  65  0.6 0  2.6  89    0    0 203 -286  0
3823500 2818500  1 29  4  -4.1 1014  65  0.6 0  2.6  91    0    0 202 -286  0
3823500 2818500  1 29  5  -4.2 1014  73  0.5 0  2.5  90    0    0 201 -286  0
3823500 2818500  1 29  6  -4.5 1014  72  0.8 0  2.5  90    0    0 201 -285  0
3823500 2818500  1 29  7  -4.3 1013  54  0.6 0  2.5  90    0    0 200 -285  0
3823500 2818500  1 29  8  -4.7 1013  58  0.9 0  2.5  91    0    0 200 -285  0
3823500 2818500  1 29  9  -4.6 1013  67  0.9 0  2.5  92    2   15 199 -284  0
3823500 2818500  1 29 10  -4.0 1013  74  1.1 1  2.5  91   47   60 201 -286  0
3823500 2818500  1 29 11  -3.0 1013  93  1.5 1  2.6  89  127   84 204 -291  0
3823500 2818500  1 29 12  -2.0 1013  76  1.8 1  2.7  84  191   93 205 -298  0
3823500 2818500  1 29 13  -1.4 1013  47  2.6 1  2.7  80  228   93 206 -305  0
3823500 2818500  1 29 14  -1.2 1013  44  2.7 1  2.7  78  222   88 206 -310  0
3823500 2818500  1 29 15  -0.7 1012  44  2.8 0  2.7  77  174   77 204 -312  0
3823500 2818500  1 29 16  -1.6 1012  38  2.4 1  2.7  79   96   58 204 -311  0
3823500 2818500  1 29 17  -2.7 1012  23  2.9 2  2.7  84   18   16 211 -306  0
3823500 2818500  1 29 18  -3.5 1012  37  2.3 4  2.6  87    0    0 219 -300  0
3823500 2818500  1 29 19  -4.2 1012  42  2.8 6  2.5  88    0    0 231 -295  0
3823500 2818500  1 29 20  -4.6 1012  35  1.8 7  2.5  90    0    0 241 -292  0
3823500 2818500  1 29 21  -4.7 1013  30  1.9 7  2.4  91    0    0 247 -290  0
3823500 2818500  1 29 22  -4.7 1013  33  2.3 8  2.4  90    0    0 252 -288  0
3823500 2818500  1 29 23  -4.8 1013  29  1.5 8  2.4  89    0    0 256 -287  0
3823500 2818500  1 29 24  -5.0 1014  31  1.7 8  2.3  89    0    0 256 -285  0
3823500 2818500  1 30  1  -5.6 1014  44  1.1 6  2.3  90    0    0 249 -285  0
3823500 2818500  1 30  2  -6.4 1014  60  0.9 5  2.2  90    0    0 236 -284  0
3823500 2818500  1 30  3  -6.3 1013  28  0.6 3  2.1  90    0    0 226 -284  0
3823500 2818500  1 30  4  -6.1 1013  13  0.7 3  2.1  90    0    0 220 -284  0
3823500 2818500  1 30  5  -6.0 1013  31  1.0 3  2.2  93    0    0 222 -283  0
3823500 2818500  1 30  6  -5.1 1013  16  1.2 5  2.4  94    0    0 232 -284  0
3823500 2818500  1 30  7  -4.4 1013  13  0.5 8  2.5  93    0    0 258 -285  0
3823500 2818500  1 30  8  -4.0 1013  15  0.4 8  2.6  94    0    0 273 -288  0
3823500 2818500  1 30  9  -3.2 1014  20  0.5 6  2.7  94    0    9 267 -293  0
3823500 2818500  1 30 10  -2.2 1014  57  0.7 7  2.9  94   15   39 266 -297  0
3823500 2818500  1 30 11  -1.4 1014  76  0.5 5  3.1  93    5   69 264 -301  0
3823500 2818500  1 30 12  -1.0 1014  26  1.1 7  3.2  91    0   82 265 -309  0
3823500 2818500  1 30 13  -0.9 1014  25  1.4 8  3.2  89    0   70 278 -316  0
3823500 2818500  1 30 14  -0.7 1014  62  1.7 8  3.1  87    0   55 281 -318  0
3823500 2818500  1 30 15  -0.6 1013  44  1.9 7  3.1  85    0   60 274 -319  0
3823500 2818500  1 30 16  -0.9 1013  52  2.0 7  3.0  84    0   41 266 -319  0
3823500 2818500  1 30 17  -0.9 1013  56  1.5 8  3.0  84    0   11 267 -317  0
3823500 2818500  1 30 18  -1.0 1013  67  2.1 8  3.0  84    0    0 267 -311  0
3823500 2818500  1 30 19  -1.3 1014  63  1.8 8  3.0  85    0    0 262 -306  0
3823500 2818500  1 30 20  -1.4 1014  73  1.1 8  2.9  86    0    0 258 -303  0
3823500 2818500  1 30 21  -1.4 1014  72  0.9 8  2.9  86    0    0 254 -300  0
3823500 2818500  1 30 22  -1.9 1014  67  0.7 8  2.9  86    0    0 255 -298  0
3823500 2818500  1 30 23  -2.0 1014  58  0.6 7  2.8  86    0    0 251 -296  0
3823500 2818500  1 30 24  -1.9 1015  56  0.8 7  2.8  85    0    0 246 -294  0
3823500 2818500  1 31  1  -2.4 1015  58  0.9 7  2.8  86    0    0 244 -292  0
3823500 2818500  1 31  2  -2.4 1015  54  1.2 7  2.7  87    0    0 242 -291  0
3823500 2818500  1 31  3  -2.5 1015  16  0.9 8  2.7  87    0    0 245 -290  0
3823500 2818500  1 31  4  -2.7 1015  44  0.6 8  2.7  87    0    0 248 -289  0
3823500 2818500  1 31  5  -2.8 1015  33  0.6 8  2.7  86    0    0 246 -288  0
3823500 2818500  1 31  6  -2.7 1015 122  0.7 8  2.6  86    0    0 245 -287  0
3823500 2818500  1 31  7  -2.8 1015 312  1.0 7  2.7  86    0    0 241 -286  0
3823500 2818500  1 31  8  -2.9 1015 339  0.8 8  2.7  87    0    0 240 -285  0
3823500 2818500  1 31  9  -2.8 1016 309  0.8 7  2.7  87    0    9 238 -284  0
3823500 2818500  1 31 10  -2.8 1017  40  0.9 8  2.7  87    0   42 235 -286  0
3823500 2818500  1 31 11  -2.7 1017 354  0.9 8  2.7  86    0   47 237 -292  0
3823500 2818500  1 31 12  -2.3 1017  13  0.7 7  2.7  85    0   53 236 -301  0
3823500 2818500  1 31 13  -2.4 1017  53  1.2 8  2.7  84    0   54 232 -309  0
3823500 2818500  1 31 14  -2.2 1017 330  1.1 8  2.7  83    0   51 233 -315  0
3823500 2818500  1 31 15  -2.2 1017 198  1.1 8  2.6  82    0   48 236 -317  0
3823500 2818500  1 31 16  -2.1 1017 202  1.1 8  2.6  82    0   33 238 -316  0
3823500 2818500  1 31 17  -2.4 1017  44  1.1 8  2.6  82    0    9 239 -312  0
3823500 2818500  1 31 18  -2.5 1018 259  0.9 8  2.6  82    0    0 242 -304  0
3823500 2818500  1 31 19  -2.5 1018 219  1.1 8  2.6  82    0    0 244 -298  0
3823500 2818500  1 31 20  -2.8 1018 195  1.1 8  2.6  83    0    0 246 -294  0
3823500 2818500  1 31 21  -2.9 1018 204  1.0 8  2.5  83    0    0 244 -292  0
3823500 2818500  1 31 22  -3.5 1018 193  1.7 8  2.5  84    0    0 241 -291  0
3823500 2818500  1 31 23  -3.4 1018 209  1.7 8  2.5  84    0    0 239 -290  0
3823500 2818500  1 31 24  -3.6 1018 237  1.3 8  2.5  84    0    0 237 -289  0
3823500 2818500  2  1  1  -3.8 1018 241  1.1 8  2.4  85    0    0 236 -288  0
3823500 2818500  2  1  2  -4.0 1018 210  1.0 8  2.4  86    0    0 236 -288  0
3823500 2818500  2  1  3  -4.0 1018 247  1.3 8  2.4  86    0    0 236 -288  0
3823500 2818500  2  1  4  -4.4 1018 217  1.5 8  2.4  87    0    0 236 -288  0
3823500 2818500  2  1  5  -4.5 1018 230  2.1 8  2.4  89    0    0 235 -288  0
3823500 2818500  2  1  6  -4.5 1017 225  2.1 8  2.4  89    0    0 233 -288  0
3823500 2818500  2  1  7  -4.5 1017 224  2.6 8  2.4  89    0    0 231 -288  0
3823500 2818500  2  1  8  -4.4 1017 230  2.6 8  2.4  88    0    0 229 -288  0
3823500 2818500  2  1  9  -4.3 1017 238  2.8 8  2.4  88    0    7 226 -288  0
3823500 2818500  2  1 10  -4.1 1017 237  2.7 8  2.4  87    0   31 224 -289  0
3823500 2818500  2  1 11  -4.1 1018 240  2.7 7  2.4  85    0   44 221 -294  0
3823500 2818500  2  1 12  -3.7 1018 238  3.3 7  2.4  84    0   55 220 -302  0
3823500 2818500  2  1 13  -3.5 1017 236  3.5 8  2.4  83    0   50 224 -309  0
3823500 2818500  2  1 14  -3.2 1017 242  3.9 8  2.4  83    0   70 228 -314  0
3823500 2818500  2  1 15  -2.8 1017 236  4.0 7  2.5  82    0   59 230 -316  0
3823500 2818500  2  1 16  -2.5 1017 221  3.0 8  2.6  84    0   20 234 -315  0
3823500 2818500  2  1 17  -2.0 1016 227  3.1 8  2.7  85    0    6 244 -312  0
3823500 2818500  2  1 18  -1.8 1016 229  3.6 8  2.8  86    0    0 252 -308  0
3823500 2818500  2  1 19  -1.6 1016 223  2.6 8  2.9  87    0    0 259 -307  0
3823500 2818500  2  1 20  -1.6 1017 223  3.0 8  3.0  90    0    0 265 -310  0
3823500 2818500  2  1 21  -1.1 1017 223  3.1 7  3.2  93    0    0 269 -314  0
3823500 2818500  2  1 22  -0.5 1017 227  2.7 7  3.3  93    0    0 274 -316  0
3823500 2818500  2  1 23  -0.2 1017 226  2.2 8  3.4  93    0    0 283 -316  0
3823500 2818500  2  1 24   0.0 1017 234  1.6 8  3.5  94    0    0 291 -317  0
3823500 2818500  2  2  1   0.1 1018 235  1.8 6  3.6  96    0    0 287 -317  0
3823500 2818500  2  2  2   0.1 1018 233  1.6 8  3.7  97    0    0 291 -318  0
3823500 2818500  2  2  3   0.2 1018 226  1.7 8  3.7  98    0    0 302 -318  0
3823500 2818500  2  2  4   0.3 1019 224  1.9 6  3.8  99    0    0 297 -318  0
3823500 2818500  2  2  5   0.3 1019 219  2.5 8  3.8 100    0    0 299 -319  0
3823500 2818500  2  2  6   0.4 1019 220  2.4 7  3.9 100    0    0 305 -319  0
3823500 2818500  2  2  7   0.6 1019 221  2.3 8  3.9  99    0    0 305 -319  0
3823500 2818500  2  2  8   0.6 1019 210  2.6 8  3.9  99    0    0 310 -319  0
3823500 2818500  2  2  9   0.9 1019 216  2.6 8  3.9  99    0   10 310 -318  0
3823500 2818500  2  2 10   1.2 1019 220  2.7 8  4.0  99    0   23 310 -319  0
3823500 2818500  2  2 11   1.6 1020 223  3.6 7  4.1  99    0   62 303 -319  0
3823500 2818500  2  2 12   1.6 1020 224  3.8 7  4.1  97    0   61 298 -320  0
3823500 2818500  2  2 13   1.7 1020 222  4.4 7  4.1  96    0   73 297 -322  0
3823500 2818500  2  2 14   1.8 1019 218  4.9 7  4.1  96    0   96 295 -324  0
3823500 2818500  2  2 15   1.9 1018 221  4.4 8  4.1  96    0   67 300 -326  0
3823500 2818500  2  2 16   1.8 1018 213  4.8 8  4.1  96    0   21 305 -325  0
3823500 2818500  2  2 17   1.7 1017 218  4.5 8  4.1  95    0    5 303 -324  0
3823500 2818500  2  2 18   1.7 1017 213  4.0 8  4.1  95    0    0 304 -323  0
3823500 2818500  2  2 19   1.6 1017 215  3.9 8  4.1  96    0    0 305 -322  0
3823500 2818500  2  2 20   1.7 1017 220  4.1 8  4.0  95    0    0 306 -323  0
3823500 2818500  2  2 21   1.8 1016 216  4.4 8  4.0  92    0    0 308 -324  0
3823500 2818500  2  2 22   2.2 1016 219  5.1 8  4.0  91    0    0 310 -324  0
3823500 2818500  2  2 23   2.1 1016 222  5.2 8  4.0  90    0    0 313 -324  0
3823500 2818500  2  2 24   2.1 1015 222  4.5 8  4.0  91    0    0 315 -324  0
3823500 2818500  2  3  1   2.2 1015 214  4.1 8  4.1  93    0    0 317 -325  0
3823500 2818500  2  3  2   2.4 1014 214  4.2 7  4.2  94    0    0 314 -326  0
3823500 2818500  2  3  3   2.4 1014 221  4.4 7  4.3  94    0    0 310 -327  0
3823500 2818500  2  3  4   2.5 1013 221  4.2 8  4.3  96    0    0 318 -328  0
3823500 2818500  2  3  5   2.7 1013 231  3.7 8  4.4  96    0    0 325 -329  0
3823500 2818500  2  3  6   2.9 1013 232  3.3 8  4.4  96    0    0 327 -329  0
3823500 2818500  2  3  7   3.2 1013 227  3.2 8  4.5  96    0    0 330 -329  0
3823500 2818500  2  3  8   3.4 1013 235  2.5 8  4.7  97    0    0 331 -329  0
3823500 2818500  2  3  9   3.6 1014 231  1.8 8  4.8  98    0    7 333 -329  0
3823500 2818500  2  3 10   3.8 1014 234  2.4 7  4.9  99    0   44 328 -330  0
3823500 2818500  2  3 11   3.9 1015 233  3.0 7  4.9  99    0   67 323 -331  0
3823500 2818500  2  3 12   5.1 1015 247  3.5 7  5.0  95    0   53 326 -334  0
3823500 2818500  2  3 13   5.5 1015 244  3.6 7  4.9  89    0   57 328 -337  0
3823500 2818500  2  3 14   5.9 1015 229  2.9 7  4.9  86    2  107 328 -338  0
3823500 2818500  2  3 15   5.9 1015 251  2.9 5  4.9  84   60  123 313 -337  0
3823500 2818500  2  3 16   5.9 1015 240  2.9 5  4.8  84   47   78 299 -334  0
3823500 2818500  2  3 17   5.3 1015 233  3.0 6  4.8  84    2   25 306 -329  0
3823500 2818500  2  3 18   4.5 1015 223  2.5 6  4.6  86    0    0 309 -326  0
3823500 2818500  2  3 19   3.6 1016 213  2.4 5  4.5  89    0    0 295 -325  0
3823500 2818500  2  3 20   3.4 1016 213  2.9 4  4.5  92    0    0 277 -326  0
3823500 2818500  2  3 21   3.5 1016 212  3.0 6  4.5  93    0    0 278 -326  0
3823500 2818500  2  3 22   3.6 1015 211  4.1 7  4.5  93    0    0 293 -326  0
3823500 2818500  2  3 23   3.6 1015 211  4.2 7  4.5  92    0    0 296 -325  0
3823500 2818500  2  3 24   4.0 1014 211  5.4 7  4.5  90    0    0 295 -323  0
3823500 2818500  2  4  1   4.2 1013 214  5.5 7  4.5  89    0    0 294 -322  0
3823500 2818500  2  4  2   4.5 1012 210  4.7 7  4.5  87    0    0 294 -322  0
3823500 2818500  2  4  3   5.0 1011 212  6.4 7  4.5  85    0    0 295 -320  0
3823500 2818500  2  4  4   5.4 1010 219  5.8 7  4.6  83    0    0 300 -320  0
3823500 2818500  2  4  5   5.5 1009 218  6.9 7  4.6  82    0    0 301 -321  0
3823500 2818500  2  4  6   5.5 1008 220  7.1 7  4.7  83    0    0 304 -322  0
3823500 2818500  2  4  7   5.9 1007 227  7.1 8  4.8  84    0    0 314 -323  0
3823500 2818500  2  4  8   6.5 1007 231  6.1 8  5.0  84    0    0 325 -326  0
3823500 2818500  2  4  9   6.4 1007 231  6.7 8  5.1  85    0    9 330 -329  0
3823500 2818500  2  4 10   6.4 1008 223  6.4 7  5.3  88    0   34 327 -332  0
3823500 2818500  2  4 11   6.8 1008 230  5.3 8  5.4  88    0   29 328 -335  0
3823500 2818500  2  4 12   7.1 1008 227  5.8 8  5.5  88    0   28 336 -337  0
3823500 2818500  2  4 13   7.5 1008 229  5.8 8  5.6  87    0   35 336 -339  0
3823500 2818500  2  4 14   7.3 1007 229  5.9 8  5.7  89    0   45 336 -342  0
3823500 2818500  2  4 15   8.0 1006 234  6.8 8  5.9  90    0   34 337 -345  0
3823500 2818500  2  4 16   8.5 1006 238  5.8 8  6.1  89    0   19 339 -347  0
3823500 2818500  2  4 17   9.6 1006 236  6.0 8  6.1  84    0    4 342 -348  0
3823500 2818500  2  4 18  10.1 1006 242  7.3 8  6.0  78    0    0 345 -348  0
3823500 2818500  2  4 19  10.1 1006 243  6.6 7  6.0  77    0    0 342 -349  0
3823500 2818500  2  4 20  10.1 1006 244  6.9 7  5.9  76    0    0 340 -350  0
3823500 2818500  2  4 21  10.2 1006 243  7.3 7  5.8  75    0    0 341 -350  0
3823500 2818500  2  4 22  10.2 1006 243  6.4 7  5.8  74    0    0 342 -350  0
3823500 2818500  2  4 23  10.3 1006 242  6.9 7  5.8  74    0    0 343 -349  0
3823500 2818500  2  4 24  10.3 1006 242  7.5 7  5.8  73    0    0 344 -349  0
3823500 2818500  2  5  1  10.4 1006 245  8.1 7  5.7  72    0    0 345 -349  0
3823500 2818500  2  5  2  10.4 1006 239  8.3 7  5.7  72    0    0 346 -349  0
3823500 2818500  2  5  3  10.4 1006 242  7.3 8  5.7  72    0    0 352 -349  0
3823500 2818500  2  5  4  10.5 1006 241  7.4 7  5.8  73    0    0 352 -349  0
3823500 2818500  2  5  5  10.5 1006 244  7.4 7  5.8  73    0    0 348 -349  0
3823500 2818500  2  5  6  10.6 1006 249  6.7 7  5.9  73    0    0 348 -349  0
3823500 2818500  2  5  7  10.5 1006 249  8.2 8  5.9  74    0    0 353 -349  0
3823500 2818500  2  5  8  10.5 1006 247  7.2 8  5.9  75    0    0 353 -350  0
3823500 2818500  2  5  9  10.3 1007 250  7.1 7  6.0  76    0   14 352 -350  0
3823500 2818500  2  5 10  10.3 1007 244  7.3 6  6.1  78    0   29 341 -350  0
3823500 2818500  2  5 11  10.4 1008 247  7.5 7  6.1  78    0   41 340 -350  0
3823500 2818500  2  5 12  10.7 1008 242  8.2 6  6.1  76    0   62 339 -351  0
3823500 2818500  2  5 13  11.1 1008 245  8.1 7  6.0  74    0   56 339 -352  0
3823500 2818500  2  5 14  11.1 1008 243  7.9 7  6.0  73    0   58 344 -353  0
3823500 2818500  2  5 15  11.1 1008 242  7.9 7  6.1  74    0   70 343 -354  0
3823500 2818500  2  5 16  11.1 1008 241  6.9 4  6.2  75   18   83 325 -354  0
3823500 2818500  2  5 17  11.2 1008 236  6.6 7  6.2  75    9   32 325 -355  0
3823500 2818500  2  5 18  11.1 1008 238  6.3 7  6.3  75    0    0 342 -355  0
3823500 2818500  2  5 19  10.9 1008 243  6.3 7  6.2  76    0    0 341 -355  0
3823500 2818500  2  5 20  11.0 1008 243  6.7 7  6.2  76    0    0 340 -356  0
3823500 2818500  2  5 21  10.8 1009 243  6.6 7  6.3  77    0    0 340 -356  0
3823500 2818500  2  5 22  10.8 1009 244  6.2 7  6.3  77    0    0 338 -356  0
3823500 2818500  2  5 23  10.9 1009 244  6.3 7  6.3  77    0    0 339 -356  0
3823500 2818500  2  5 24  10.9 1009 244  6.2 7  6.3  77    0    0 338 -356  0
3823500 2818500  2  6  1  11.0 1009 241  6.4 8  6.3  77    0    0 344 -356  0
3823500 2818500  2  6  2  10.9 1009 244  6.1 8  6.4  78    0    0 350 -356  0
3823500 2818500  2  6  3  10.3 1010 244  5.6 8  6.5  81    0    0 349 -356  0
3823500 2818500  2  6  4  10.2 1010 252  6.2 8  6.6  84    0    0 349 -356  0
3823500 2818500  2  6  5  10.1 1010 246  6.6 8  6.5  83    0    0 348 -355  0
3823500 2818500  2  6  6  10.4 1010 248  6.5 8  6.3  81    0    0 348 -355  0
3823500 2818500  2  6  7  10.3 1010 251  5.9 8  6.2  79    0    0 348 -355  0
3823500 2818500  2  6  8  10.4 1011 244  5.4 8  6.2  78    0    0 348 -355  0
3823500 2818500  2  6  9  10.4 1011 240  5.8 8  6.1  78    0    5 348 -355  0
3823500 2818500  2  6 10  10.1 1011 241  6.3 7  6.1  78    0   33 340 -355  0
3823500 2818500  2  6 11  10.0 1012 242  6.6 7  6.0  79    0   46 333 -356  0
3823500 2818500  2  6 12  10.2 1012 232  6.1 8  5.9  77    0   53 341 -356  0
3823500 2818500  2  6 13  10.3 1012 238  6.8 8  5.7  74    0   59 349 -357  0
3823500 2818500  2  6 14  10.4 1012 235  5.8 8  5.6  72    0   48 349 -358  0
3823500 2818500  2  6 15  10.5 1012 235  5.8 8  5.6  71    0   51 350 -357  0
3823500 2818500  2  6 16  10.3 1012 237  5.7 8  5.6  71    0   38 350 -356  0
3823500 2818500  2  6 17   9.9 1012 232  5.4 8  5.5  71    0    8 349 -355  0
3823500 2818500  2  6 18   9.8 1012 237  5.1 8  5.4  72    0    0 347 -355  0
3823500 2818500  2  6 19   9.6 1012 235  4.9 7  5.3  71    0    0 338 -355  0
3823500 2818500  2  6 20   9.2 1012 246  5.3 7  5.2  71    0    0 330 -354  0
3823500 2818500  2  6 21   9.0 1012 242  5.9 7  5.0  70    0    0 328 -353  0
3823500 2818500  2  6 22   8.6 1012 242  5.0 7  4.9  70    0    0 325 -348  0
3823500 2818500  2  6 23   8.8 1012 240  5.7 8  4.9  70    0    0 330 -342  0
3823500 2818500  2  6 24   8.6 1012 238  5.0 7  4.9  70    0    0 329 -339  0
3823500 2818500  2  7  1   8.7 1012 238  4.3 8  5.0  71    0    0 326 -337  0
3823500 2818500  2  7  2   8.6 1012 240  3.8 8  5.0  72    0    0 328 -335  0
3823500 2818500  2  7  3   8.4 1012 231  3.2 8  5.0  73    0    0 324 -333  0
3823500 2818500  2  7  4   8.2 1012 240  3.2 8  5.0  74    0    0 320 -332  0
3823500 2818500  2  7  5   8.2 1012 229  3.6 8  5.0  74    0    0 318 -330  0
3823500 2818500  2  7  6   8.1 1012 230  3.4 8  4.9  73    0    0 316 -328  0
3823500 2818500  2  7  7   7.8 1011 226  3.3 8  4.8  72    0    0 313 -327  0
3823500 2818500  2  7  8   7.4 1011 220  3.2 8  4.7  73    0    0 310 -326  0
3823500 2818500  2  7  9   7.3 1011 221  3.7 8  4.6  73    0   12 307 -326  0
3823500 2818500  2  7 10   7.0 1010 217  4.4 6  4.5  72    3   71 295 -328  0
3823500 2818500  2  7 11   6.8 1010 214  4.2 4  4.4  72   78  127 274 -332  0
3823500 2818500  2  7 12   7.6 1009 207  4.3 3  4.4  70  196  126 260 -338  0
3823500 2818500  2  7 13   8.6 1008 210  4.6 3  4.5  67  234  125 256 -344  0
3823500 2818500  2  7 14  10.1 1007 207  4.5 3  4.5  61  222  120 261 -349  0
3823500 2818500  2  7 15  11.4 1005 215  4.6 3  4.3  53  165  110 266 -351  0
3823500 2818500  2  7 16  11.6 1004 225  4.9 4  4.1  48   81   86 274 -351  0
3823500 2818500  2  7 17  11.2 1003 230  4.2 4  4.0  47   14   35 282 -348  0
3823500 2818500  2  7 18  10.7 1003 228  4.2 4  4.0  48    0    0 283 -347  0
3823500 2818500  2  7 19  10.6 1003 233  5.6 6  4.3  53    0    0 296 -347  0
3823500 2818500  2  7 20  10.4 1003 239  6.9 6  4.9  61    0    0 310 -348  0
3823500 2818500  2  7 21  10.2 1003 237  6.3 7  5.4  68    0    0 319 -348  0
3823500 2818500  2  7 22  10.2 1004 248  5.8 7  5.6  72    0    0 326 -348  0
3823500 2818500  2  7 23   8.9 1004 269  5.6 7  5.3  71    0    0 325 -348  0
3823500 2818500  2  7 24   7.7 1005 279  5.2 8  4.7  69    0    0 325 -348  0
3823500 2818500  2  8  1   7.1 1006 273  3.8 8  4.5  69    0    0 328 -347  0
3823500 2818500  2  8  2   6.5 1007 287  3.6 7  4.4  72    0    0 319 -347  0
3823500 2818500  2  8  3   6.2 1007 271  3.1 7  4.4  74    0    0 312 -347  0
3823500 2818500  2  8  4   5.6 1008 256  3.2 7  4.4  76    0    0 310 -345  0
3823500 2818500  2  8  5   5.2 1009 251  3.6 7  4.4  79    0    0 308 -343  0
3823500 2818500  2  8  6   4.8 1009 257  3.8 6  4.4  81    0    0 299 -341  0
3823500 2818500  2  8  7   5.3 1010 254  3.5 5  4.4  80    0    0 288 -339  0
3823500 2818500  2  8  8   4.7 1011 259  3.4 6  4.4  81    0    0 290 -338  0
3823500 2818500  2  8  9   4.8 1011 252  3.1 5  4.4  83    0   22 291 -336  0
3823500 2818500  2  8 10   4.8 1012 267  3.4 5  4.5  84    9   78 286 -335  0
3823500 2818500  2  8 11   5.3 1013 274  3.4 7  4.5  83    3   95 301 -338  0
3823500 2818500  2  8 12   6.5 1014 280  3.9 5  4.5  78  112  150 303 -344  0
3823500 2818500  2  8 13   7.0 1014 277  4.1 3  4.4  73  215  121 279 -351  0
3823500 2818500  2  8 14   7.5 1015 273  4.5 2  4.2  67  245   97 261 -356  0
3823500 2818500  2  8 15   7.6 1015 268  4.2 2  4.0  62  227   72 254 -357  0
3823500 2818500  2  8 16   7.7 1015 272  3.3 1  4.0  61  144   61 247 -354  0
3823500 2818500  2  8 17   6.9 1015 249  2.5 2  3.9  61   37   36 246 -347  0
3823500 2818500  2  8 18   5.1 1015 256  1.2 2  3.8  66    0    0 246 -337  0
3823500 2818500  2  8 19   2.7 1015 217  1.0 2  3.8  76    0    0 238 -328  0
3823500 2818500  2  8 20   0.9 1016 190  0.4 2  3.7  85    0    0 231 -323  0
3823500 2818500  2  8 21   0.3 1016 172  0.2 1  3.6  91    0    0 222 -321  0
3823500 2818500  2  8 22  -0.7 1016 103  0.2 1  3.5  94    0    0 212 -320  0
3823500 2818500  2  8 23  -1.1 1016 115  0.1 1  3.4  96    0    0 207 -320  0
3823500 2818500  2  8 24  -1.8 1016 124  0.1 1  3.3  98    0    0 205 -319  0
3823500 2818500  2  9  1  -1.7 1016 146  0.1 1  3.2  96    0    0 204 -319  0
3823500 2818500  2  9  2  -1.8 1016 120  0.1 2  3.1  94    0    0 209 -319  0
3823500 2818500  2  9  3  -2.2 1016 117  0.1 1  3.1  95    0    0 209 -320  0
3823500 2818500  2  9  4  -2.5 1016 130  0.1 2  3.0  95    0    0 207 -320  0
3823500 2818500  2  9  5  -2.8 1015 114  0.1 2  3.0  96    0    0 210 -322  0
3823500 2818500  2  9  6  -2.6 1015 130  0.1 1  2.9  95    0    0 203 -326  0
3823500 2818500  2  9  7  -3.0 1015 121  0.1 0  3.0  96    0    0 190 -329  0
3823500 2818500  2  9  8  -2.8 1015 121  0.1 0  3.0  98    0    0 183 -332  0
3823500 2818500  2  9  9  -2.0 1015 152  0.2 0  3.1  98    4   31 183 -334  0
3823500 2818500  2  9 10   1.1 1016 150  0.1 2  3.4  93   62   83 197 -336  0
3823500 2818500  2  9 11   2.8 1016 146  0.6 4  3.7  85  137  113 225 -341  0
3823500 2818500  2  9 12   4.0 1015 167  1.3 5  3.8  79  150  151 246 -349  0
3823500 2818500  2  9 13   5.9 1015 163  1.9 3  4.0  73  219  134 245 -357  0
3823500 2818500  2  9 14   7.6 1014 167  1.5 3  4.0  66  238  112 240 -363  0
3823500 2818500  2  9 15   8.0 1014 164  1.4 4  4.0  61  161  112 249 -365  0
3823500 2818500  2  9 16   8.2 1014 175  0.8 4  4.1  61  113   78 256 -364  0
3823500 2818500  2  9 17   6.9 1014 129  0.5 4  4.1  63   41   41 256 -360  0
3823500 2818500  2  9 18   5.1 1013 122  0.3 4  4.0  69    0    0 252 -353  0
3823500 2818500  2  9 19   5.0 1013 125  0.7 3  3.9  72    0    0 246 -347  0
3823500 2818500  2  9 20   3.8 1013 138  0.9 3  3.8  74    0    0 244 -344  0
3823500 2818500  2  9 21   3.8 1013 137  0.8 4  3.8  76    0    0 248 -342  0
3823500 2818500  2  9 22   3.2 1012 136  1.0 4  3.7  76    0    0 252 -341  0
3823500 2818500  2  9 23   3.5 1012 149  1.2 3  3.6  75    0    0 251 -340  0
3823500 2818500  2  9 24   2.9 1012 161  1.4 2  3.5  74    0    0 247 -339  0
3823500 2818500  2 10  1   2.9 1011 160  0.5 2  3.5  74    0    0 245 -338  0
3823500 2818500  2 10  2   2.5 1011 167  0.6 2  3.4  74    0    0 246 -337  0
3823500 2818500  2 10  3   2.5 1011 167  1.0 3  3.4  75    0    0 251 -336  0
3823500 2818500  2 10  4   2.5 1010 164  0.6 6  3.5  76    0    0 264 -335  0
3823500 2818500  2 10  5   2.9 1010 159  1.0 6  3.6  78    0    0 275 -334  0
3823500 2818500  2 10  6   2.3 1009 188  1.5 6  3.6  79    0    0 277 -335  0
3823500 2818500  2 10  7   3.5 1009 178  1.6 7  3.8  80    0    0 283 -336  0
3823500 2818500  2 10  8   3.1 1008 191  1.1 7  3.9  82    0    0 290 -338  0
3823500 2818500  2 10  9   3.8 1008 197  1.3 7  4.1  84    0   17 292 -339  0
3823500 2818500  2 10 10   5.0 1008 202  1.5 7  4.4  85    0   48 295 -341  0
3823500 2818500  2 10 11   6.2 1008 218  2.0 7  4.7  82    3   97 299 -345  0
3823500 2818500  2 10 12   7.0 1008 227  3.6 7  4.9  80   10  136 301 -350  0
3823500 2818500  2 10 13   7.3 1008 216  3.0 7  5.1  81    0   95 302 -355  0
3823500 2818500  2 10 14   7.5 1007 208  3.3 7  5.3  83   10  134 305 -359  0
3823500 2818500  2 10 15   7.9 1007 216  3.0 7  5.5  84   10  113 306 -361  0
3823500 2818500  2 10 16   8.1 1006 216  2.4 7  5.6  84    3   70 308 -361  0
3823500 2818500  2 10 17   8.4 1006 208  2.1 8  5.7  83    0   15 313 -359  0
3823500 2818500  2 10 18   8.4 1005 205  2.1 8  5.7  82    0    0 318 -358  0
3823500 2818500  2 10 19   8.1 1005 204  2.0 7  5.8  85    0    0 316 -357  0
3823500 2818500  2 10 20   7.7 1004 211  2.0 7  6.1  90    0    0 314 -357  0
3823500 2818500  2 10 21   7.8 1003 219  1.2 8  6.2  94    0    0 319 -356  0
3823500 2818500  2 10 22   7.9 1003 225  1.7 8  6.3  94    0    0 326 -355  0
3823500 2818500  2 10 23   8.0 1002 231  1.3 8  6.4  95    0    0 327 -354  0
3823500 2818500  2 10 24   8.1 1002 235  1.0 8  6.5  96    0    0 329 -354  0
3823500 2818500  2 11  1   8.4 1001 240  0.8 7  6.6  96    0    0 326 -353  0
3823500 2818500  2 11  2   8.5 1001 256  1.3 8  6.7  96    0    0 327 -353  0
3823500 2818500  2 11  3   8.7 1001 270  2.1 7  6.8  96    0    0 327 -353  0
3823500 2818500  2 11  4   8.8 1001 261  2.2 7  6.8  95    0    0 324 -352  0
3823500 2818500  2 11  5   8.4 1001 259  1.6 7  6.6  94    0    0 324 -352  0
3823500 2818500  2 11  6   8.1 1000 264  1.4 7  6.5  94    0    0 322 -352  0
3823500 2818500  2 11  7   7.6 1000 278  1.1 8  6.4  96    0    0 325 -351  0
3823500 2818500  2 11  8   6.9 1000 329  1.0 8  6.3  99    0    0 327 -351  0
3823500 2818500  2 11  9   6.7 1001 303  0.6 8  6.2 100    0    8 325 -351  0
3823500 2818500  2 11 10   6.7 1001 283  0.9 8  6.2 100    0   22 324 -351  0
3823500 2818500  2 11 11   6.9 1002 291  0.9 8  6.2 100    0   53 325 -352  0
3823500 2818500  2 11 12   6.9 1002 295  1.1 8  6.2 100    0   56 325 -353  0
3823500 2818500  2 11 13   6.9 1002 298  1.5 7  6.2 100    0   72 319 -355  0
3823500 2818500  2 11 14   6.7 1003 280  2.3 8  6.2 100    0   66 319 -355  0
3823500 2818500  2 11 15   6.9 1003 296  1.6 8  6.2 100    0   40 324 -355  0
3823500 2818500  2 11 16   6.9 1003 298  1.5 8  6.3 100    0   20 325 -354  0
3823500 2818500  2 11 17   6.8 1003 298  2.3 8  6.2  99    0    8 326 -354  0
3823500 2818500  2 11 18   6.4 1004 314  1.7 8  6.0  98    0    0 325 -355  0
3823500 2818500  2 11 19   5.5 1004 327  1.8 8  5.7  98    0    0 322 -357  0
3823500 2818500  2 11 20   5.3 1005 326  1.8 8  5.4  96    0    0 320 -357  0
3823500 2818500  2 11 21   4.9 1005 333  1.0 7  5.1  93    0    0 315 -357  0
3823500 2818500  2 11 22   4.6 1006 342  1.2 8  5.0  93    0    0 314 -356  0
3823500 2818500  2 11 23   4.5 1007 326  1.9 8  4.9  92    0    0 321 -355  0
3823500 2818500  2 11 24   4.0 1007 332  2.3 7  4.7  90    0    0 314 -355  0
3823500 2818500  2 12  1   3.5 1008  51  2.9 8  4.3  87    0    0 310 -354  0
3823500 2818500  2 12  2   2.6 1008  74  2.0 8  4.1  85    0    0 310 -353  0
3823500 2818500  2 12  3   1.7 1009  80  2.0 8  3.8  84    0    0 305 -351  0
3823500 2818500  2 12  4   1.8 1009  87  2.0 8  3.5  82    0    0 302 -350  0
3823500 2818500  2 12  5   1.4 1008  85  2.4 8  3.4  81    0    0 302 -348  0
3823500 2818500  2 12  6   1.3 1008  92  2.4 8  3.4  82    0    0 301 -347  0
3823500 2818500  2 12  7   1.3 1008  97  2.6 7  3.4  82    0    0 294 -347  0
3823500 2818500  2 12  8   1.3 1008 100  2.6 7  3.4  82    0    0 287 -346  0
3823500 2818500  2 12  9   1.2 1008 102  2.8 7  3.4  82    0    4 286 -345  0
3823500 2818500  2 12 10   0.8 1008  96  3.1 7  3.5  86    0   33 284 -346  0
3823500 2818500  2 12 11   0.9 1008 105  3.1 7  3.7  91    0   43 283 -349  0
3823500 2818500  2 12 12   1.0 1007 111  3.6 7  3.8  94    0   64 281 -355  0
3823500 2818500  2 12 13   1.4 1007 114  3.6 8  3.9  94    0   35 286 -360  0
3823500 2818500  2 12 14   1.4 1006 110  3.6 8  4.0  94    0   61 291 -364  0
3823500 2818500  2 12 15   1.7 1006 120  4.3 8  4.0  93    0   61 290 -365  0
3823500 2818500  2 12 16   2.2 1005 119  3.9 7  4.0  92    0   40 286 -363  0
3823500 2818500  2 12 17   2.3 1004 123  3.7 7  4.1  90    0   12 283 -358  0
3823500 2818500  2 12 18   2.6 1004 128  3.2 7  4.1  91    0    3 286 -351  0
3823500 2818500  2 12 19   3.2 1003 137  2.8 7  4.3  91    0    0 290 -344  0
3823500 2818500  2 12 20   3.2 1003 148  2.5 8  4.4  92    0    0 297 -340  0
3823500 2818500  2 12 21   3.2 1003 170  2.1 8  4.6  94    0    0 303 -337  0
3823500 2818500  2 12 22   4.2 1003 183  1.5 8  4.8  96    0    0 304 -336  0
3823500 2818500  2 12 23   4.7 1003 184  1.3 8  5.1  96    0    0 309 -334  0
3823500 2818500  2 12 24   5.4 1003 199  1.2 8  5.3  97    0    0 312 -335  0
3823500 2818500  2 13  1   5.3 1003 210  1.5 8  5.5  98    0    0 315 -337  0
3823500 2818500  2 13  2   6.0 1003 212  1.7 8  5.6  98    0    0 318 -340  0
3823500 2818500  2 13  3   5.9 1003 205  1.2 8  5.7  98    0    0 320 -342  0
3823500 2818500  2 13  4   6.1 1003 205  1.0 8  5.8  99    0    0 322 -343  0
3823500 2818500  2 13  5   6.1 1003 286  1.4 8  5.9 100    0    0 322 -343  0
3823500 2818500  2 13  6   6.2 1002 243  0.6 8  5.9 100    0    0 324 -343  0
3823500 2818500  2 13  7   6.1 1003 227  0.2 7  5.9 100    0    0 318 -343  0
3823500 2818500  2 13  8   6.1 1002 222  0.6 7  5.9  99    0    0 312 -343  0
3823500 2818500  2 13  9   5.8 1002 226  0.9 7  5.8  99    0   22 312 -342  0
3823500 2818500  2 13 10   6.3 1003 221  1.8 7  5.8  98    0   48 313 -343  0
3823500 2818500  2 13 11   6.0 1003 216  2.2 8  5.7  96    0   56 318 -346  0
3823500 2818500  2 13 12   6.5 1003 159  1.7 6  5.6  93   10  164 313 -350  0
3823500 2818500  2 13 13   7.4 1003 175  1.9 3  5.5  87  140  203 293 -354  0
3823500 2818500  2 13 14   8.0 1002 177  0.8 4  5.4  81  149  189 285 -356  0
3823500 2818500  2 13 15   8.2 1002 148  2.0 7  5.4  79   26  158 302 -357  0
3823500 2818500  2 13 16   8.1 1001 145  1.6 7  5.4  79    6   92 312 -356  0
3823500 2818500  2 13 17   7.7 1001 130  1.8 8  5.3  80    2   37 312 -352  0
3823500 2818500  2 13 18   6.8 1000 124  1.5 8  5.3  82    0    0 310 -346  0
3823500 2818500  2 13 19   6.5 1000 127  1.2 7  5.2  85    0    0 302 -340  0
3823500 2818500  2 13 20   6.1 1000 127  1.1 7  5.2  87    0    0 296 -336  0
3823500 2818500  2 13 21   5.8 1000 121  1.4 7  5.3  90    0    0 294 -333  0
3823500 2818500  2 13 22   5.8 1000 121  1.5 8  5.2  90    0    0 296 -331  0
3823500 2818500  2 13 23   5.4 1000 116  1.1 8  5.1  90    0    0 298 -329  0
3823500 2818500  2 13 24   5.2 1000 116  1.6 8  5.1  91    0    0 297 -327  0
3823500 2818500  2 14  1   5.1  999 114  1.6 8  5.1  91    0    0 298 -325  0
3823500 2818500  2 14  2   4.9  999 112  1.8 8  5.0  90    0    0 298 -324  0
3823500 2818500  2 14  3   4.8  999 111  1.8 7  4.8  89    0    0 295 -323  0
3823500 2818500  2 14  4   4.6  998 115  1.8 7  4.8  89    0    0 293 -324  0
3823500 2818500  2 14  5   4.2  998 124  1.7 7  4.7  89    0    0 294 -325  0
3823500 2818500  2 14  6   3.8  998 114  1.6 7  4.6  91    0    0 294 -326  0
3823500 2818500  2 14  7   3.7  998 116  1.4 5  4.6  91    0    0 287 -327  0
3823500 2818500  2 14  8   3.4  998 110  1.3 5  4.6  92    0    0 277 -325  0
3823500 2818500  2 14  9   3.8  998 124  1.5 6  4.6  92    0   28 284 -323  0
3823500 2818500  2 14 10   4.5  998 127  1.8 5  4.7  90   21  104 287 -325  0
3823500 2818500  2 14 11   5.8  998 124  2.4 5  4.9  88   82  158 286 -332  0
3823500 2818500  2 14 12   6.9  998 136  3.3 5  5.2  86  118  191 292 -340  0
3823500 2818500  2 14 13   8.1  998 156  3.1 5  5.3  82  111  208 297 -348  0
3823500 2818500  2 14 14   8.5  997 146  2.7 7  5.6  80   24  181 310 -356  0
3823500 2818500  2 14 15   8.6  997 144  2.0 8  5.8  82    0   82 328 -359  0
3823500 2818500  2 14 16   8.3  997 153  1.7 7  5.9  84    0   46 329 -359  0
3823500 2818500  2 14 17   8.3  997 138  1.1 8  5.8  84    0   16 329 -357  0
3823500 2818500  2 14 18   7.3  997 123  0.7 8  5.8  86    0    0 333 -354  0
3823500 2818500  2 14 19   6.8  997 118  0.8 8  5.8  91    0    0 329 -351  0
3823500 2818500  2 14 20   6.4  997 122  0.3 8  5.8  95    0    0 326 -350  0
3823500 2818500  2 14 21   6.2  996  93  0.4 8  5.9  98    0    0 325 -349  0
3823500 2818500  2 14 22   6.1  996  92  0.8 8  5.9  99    0    0 323 -348  0
3823500 2818500  2 14 23   5.8  996 102  1.3 8  5.8  99    0    0 324 -347  0
3823500 2818500  2 14 24   5.8  995 112  1.3 8  5.7  98    0    0 324 -347  0
3823500 2818500  2 15  1   5.6  995  85  1.4 8  5.6  96    0    0 324 -346  0
3823500 2818500  2 15  2   5.4  994 315  1.7 8  5.5  96    0    0 324 -346  0
3823500 2818500  2 15  3   5.1  994  17  1.7 8  5.5  97    0    0 322 -345  0
3823500 2818500  2 15  4   4.9  994 355  1.3 8  5.4  97    0    0 320 -345  0
3823500 2818500  2 15  5   4.6  993 202  1.2 8  5.3  98    0    0 317 -345  0
3823500 2818500  2 15  6   4.4  993 247  1.9 8  5.3 100    0    0 314 -344  0
3823500 2818500  2 15  7   4.3  993 238  2.1 7  5.3 100    0    0 306 -343  0
3823500 2818500  2 15  8   4.2  993 214  2.1 8  5.3 100    0    0 304 -340  0
3823500 2818500  2 15  9   4.2  993 200  1.1 8  5.2 100    0   20 311 -336  0
3823500 2818500  2 15 10   4.5  993 186  2.0 7  5.3  99    0   68 304 -336  0
3823500 2818500  2 15 11   4.6  993 172  2.6 7  5.3  98    4  128 295 -341  0
3823500 2818500  2 15 12   5.2  993 155  2.0 7  5.3  96    7  161 295 -348  0
3823500 2818500  2 15 13   5.7  992 134  1.9 7  5.3  93    7  168 296 -355  0
3823500 2818500  2 15 14   6.2  992 139  2.3 7  5.3  90   15  175 297 -359  0
3823500 2818500  2 15 15   6.6  991 123  2.0 6  5.4  88   14  154 290 -360  0
3823500 2818500  2 15 16   6.9  990 128  2.4 6  5.5  87    2   79 281 -359  0
3823500 2818500  2 15 17   6.7  990 118  1.5 8  5.5  87    1   37 299 -355  0
3823500 2818500  2 15 18   6.5  989 104  1.2 8  5.5  89    0    2 319 -352  0
3823500 2818500  2 15 19   6.1  989 119  1.5 8  5.5  90    0    0 319 -349  0
3823500 2818500  2 15 20   5.5  989 125  1.7 8  5.5  94    0    0 317 -348  0
3823500 2818500  2 15 21   5.2  989 134  2.0 8  5.5  97    0    0 316 -347  0
3823500 2818500  2 15 22   5.2  989 133  1.9 8  5.5  98    0    0 316 -347  0
3823500 2818500  2 15 23   4.9  989 131  2.1 7  5.4  96    0    0 304 -347  0
3823500 2818500  2 15 24   4.9  989 140  2.1 7  5.2  94    0    0 293 -346  0
3823500 2818500  2 16  1   5.0  989 148  1.9 7  5.1  93    0    0 295 -345  0
3823500 2818500  2 16  2   5.2  989 146  1.8 8  5.1  91    0    0 306 -344  0
3823500 2818500  2 16  3   5.1  989 142  1.8 7  5.1  91    0    0 308 -343  0
3823500 2818500  2 16  4   5.2  989 156  2.0 8  5.2  93    0    0 309 -343  0
3823500 2818500  2 16  5   5.4  989 156  2.2 7  5.3  93    0    0 310 -343  0
3823500 2818500  2 16  6   5.5  989 156  2.1 7  5.3  93    0    0 303 -342  0
3823500 2818500  2 16  7   5.9  989 163  1.7 6  5.4  93    0    0 295 -336  0
3823500 2818500  2 16  8   5.8  990 156  1.5 6  5.5  93    0    4 284 -332  0
3823500 2818500  2 16  9   5.5  990 167  1.6 7  5.4  93   17   46 293 -330  0
3823500 2818500  2 16 10   6.5  991 163  1.8 6  5.4  90   14  101 295 -335  0
3823500 2818500  2 16 11   7.2  991 180  2.2 7  5.4  86    2  117 300 -344  0
3823500 2818500  2 16 12   7.8  992 185  2.1 8  5.5  84    0   88 317 -351  0
3823500 2818500  2 16 13   8.4  992 196  2.3 6  5.5  80   43  200 313 -355  0
3823500 2818500  2 16 14   9.4  992 179  2.0 5  5.4  75  153  184 296 -356  0
3823500 2818500  2 16 15   9.7  992 188  2.0 4  5.2  69  112  162 285 -357  0
3823500 2818500  2 16 16   9.7  991 355  2.2 3  5.1  67   83  114 274 -359  0
3823500 2818500  2 16 17   9.6  991  93  1.7 3  5.2  68   43   62 270 -358  0
3823500 2818500  2 16 18   7.5  991  90  1.4 2  5.2  73    1   11 263 -353  0
3823500 2818500  2 16 19   6.4  992  78  1.4 2  5.1  80    0    0 252 -346  0
3823500 2818500  2 16 20   5.6  992  94  1.6 2  5.0  85    0    0 250 -341  0
3823500 2818500  2 16 21   5.4  992  87  1.4 2  5.0  87    0    0 248 -339  0
3823500 2818500  2 16 22   4.7  993  81  1.3 2  4.9  88    0    0 247 -337  0
3823500 2818500  2 16 23   3.6  993  90  1.1 2  4.8  92    0    0 244 -334  0
3823500 2818500  2 16 24   3.1  993  71  1.2 1  4.7  96    0    0 236 -331  0
3823500 2818500  2 17  1   2.4  993  54  1.0 1  4.6  97    0    0 228 -330  0
3823500 2818500  2 17  2   2.3  993  46  1.1 4  4.5  98    0    0 243 -329  0
3823500 2818500  2 17  3   2.2  993  73  1.3 3  4.5  98    0    0 253 -329  0
3823500 2818500  2 17  4   1.4  993  58  0.9 3  4.4  99    0    0 246 -328  0
3823500 2818500  2 17  5   1.0  993  51  1.0 4  4.2 100    0    0 249 -326  0
3823500 2818500  2 17  6   0.9  994  54  1.9 4  4.1 100    0    0 253 -326  0
3823500 2818500  2 17  7   0.2  994  52  1.1 5  4.0 100    0    0 257 -327  0
3823500 2818500  2 17  8  -0.1  995  75  1.8 3  3.9 100    0    4 249 -328  0
3823500 2818500  2 17  9   0.0  995  61  2.8 3  3.8  98   21   48 236 -330  0
3823500 2818500  2 17 10   0.9  996  70  2.8 1  3.7  93  105   96 226 -334  0
3823500 2818500  2 17 11   2.1  997  74  2.8 0  3.7  86  197  122 210 -340  0
3823500 2818500  2 17 12   3.5  997  64  2.8 0  3.8  80  265  136 210 -346  0
3823500 2818500  2 17 13   3.9  997  66  3.2 1  3.8  75  298  142 220 -351  0
3823500 2818500  2 17 14   4.0  998  50  3.6 1  3.7  72  287  137 226 -355  0
3823500 2818500  2 17 15   3.7  998  56  3.3 0  3.6  72  233  124 220 -357  0
3823500 2818500  2 17 16   3.2  998  69  3.0 2  3.6  73   80  117 225 -356  0
3823500 2818500  2 17 17   1.5  998  69  3.1 5  3.4  75    1   42 251 -353  0
3823500 2818500  2 17 18   1.2  999  71  2.5 6  3.3  78    0    2 272 -347  0
3823500 2818500  2 17 19   1.2 1000  69  3.5 7  3.2  77    0    0 284 -344  0
3823500 2818500  2 17 20   0.9 1001  73  3.9 7  3.2  76    0    0 289 -341  0
3823500 2818500  2 17 21   1.2 1001  72  3.5 8  3.1  75    0    0 295 -339  0
3823500 2818500  2 17 22   1.3 1002  73  2.2 8  3.1  74    0    0 303 -337  0
3823500 2818500  2 17 23   1.2 1003  76  1.7 8  3.1  74    0    0 304 -335  0
3823500 2818500  2 17 24   1.2 1003  74  2.7 8  3.1  74    0    0 305 -334  0
3823500 2818500  2 18  1   1.0 1003  71  4.3 8  3.0  74    0    0 305 -334  0
3823500 2818500  2 18  2   1.0 1004  64  2.4 8  3.0  74    0    0 305 -334  0
3823500 2818500  2 18  3   1.0 1004  67  1.8 8  3.1  75    0    0 305 -332  0
3823500 2818500  2 18  4   0.3 1004  44  2.0 8  3.1  78    0    0 304 -331  0
3823500 2818500  2 18  5   0.2 1004  51  1.7 8  3.2  81    0    0 303 -330  0
3823500 2818500  2 18  6   0.0 1005  39  2.7 8  3.2  82    0    0 303 -329  0
3823500 2818500  2 18  7  -0.1 1005  51  2.4 8  3.2  83    0    0 302 -326  0
3823500 2818500  2 18  8  -0.1 1005  40  2.4 8  3.2  83    0    1 302 -325  0
3823500 2818500  2 18  9  -0.1 1006  45  2.1 7  3.2  84    0   21 295 -326  0
3823500 2818500  2 18 10  -0.1 1007  36  0.8 8  3.2  84    0   43 295 -328  0
3823500 2818500  2 18 11   0.1 1007  61  2.6 8  3.2  84    0   46 303 -331  0
3823500 2818500  2 18 12   0.1 1007  48  2.8 8  3.2  84    0   55 304 -335  0
3823500 2818500  2 18 13   0.2 1008  55  2.7 8  3.2  83    0   50 305 -340  0
3823500 2818500  2 18 14   0.4 1008  59  2.6 8  3.2  81    0   65 306 -342  0
3823500 2818500  2 18 15   0.6 1008  71  2.5 8  3.2  81    0   65 307 -342  0
3823500 2818500  2 18 16   0.5 1008  64  2.5 7  3.2  82    0   43 300 -342  0
3823500 2818500  2 18 17   0.5 1008  54  2.2 8  3.2  82    0   25 299 -338  0
3823500 2818500  2 18 18   0.5 1008  68  1.3 8  3.2  82    0    2 303 -332  0
3823500 2818500  2 18 19   0.4 1008  72  1.5 8  3.2  82    0    0 299 -325  0
3823500 2818500  2 18 20   0.3 1009  63  1.7 8  3.2  83    0    0 295 -322  0
3823500 2818500  2 18 21   0.2 1009  54  1.7 8  3.2  84    0    0 290 -322  0
3823500 2818500  2 18 22   0.2 1009  51  2.2 7  3.2  84    0    0 280 -320  0
3823500 2818500  2 18 23   0.1 1009  68  2.0 8  3.2  84    0    0 277 -319  0
3823500 2818500  2 18 24   0.0 1010  70  2.2 8  3.2  83    0    0 278 -317  0
3823500 2818500  2 19  1   0.0 1010  64  2.0 8  3.1  82    0    0 275 -315  0
3823500 2818500  2 19  2   0.0 1010  69  2.5 8  3.1  81    0    0 274 -314  0
3823500 2818500  2 19  3  -0.1 1010  62  2.3 8  3.1  82    0    0 272 -314  0
3823500 2818500  2 19  4  -0.1 1009  74  2.3 8  3.1  82    0    0 270 -313  0
3823500 2818500  2 19  5  -0.1 1009  81  2.1 8  3.1  82    0    0 267 -313  0
3823500 2818500  2 19  6  -0.1 1009  84  2.2 8  3.1  82    0    0 264 -313  0
3823500 2818500  2 19  7  -0.1 1009  99  2.3 8  3.1  82    0    0 263 -311  0
3823500 2818500  2 19  8  -0.1 1009  97  2.3 8  3.1  82    0    0 262 -309  0
3823500 2818500  2 19  9   0.0 1010  92  3.0 7  3.1  81    0   26 257 -308  0
3823500 2818500  2 19 10   0.3 1010  83  3.1 7  3.1  81    0   67 253 -311  0
3823500 2818500  2 19 11   0.7 1010  94  3.1 7  3.2  80    0   91 254 -316  0
3823500 2818500  2 19 12   1.1 1010  92  3.3 7  3.2  79    0  110 256 -321  0
3823500 2818500  2 19 13   1.6 1010  89  3.6 7  3.2  77    0  126 257 -326  0
3823500 2818500  2 19 14   2.0 1010  91  3.5 7  3.3  75   16  136 261 -329  0
3823500 2818500  2 19 15   2.1 1009  94  3.1 7  3.3  74   89  110 264 -332  0
3823500 2818500  2 19 16   2.0 1009  91  3.3 7  3.3  74   87   67 266 -334  0
3823500 2818500  2 19 17   1.3 1009  89  2.9 7  3.3  76   24   40 267 -333  0
3823500 2818500  2 19 18   0.6 1009  93  2.8 7  3.2  78    0    4 267 -329  0
3823500 2818500  2 19 19   0.3 1009  92  2.0 7  3.1  78    0    0 268 -324  0
3823500 2818500  2 19 20  -0.1 1009  92  2.9 7  3.0  78    0    0 270 -321  0
3823500 2818500  2 19 21  -0.4 1010  94  2.5 8  2.9  78    0    0 276 -320  0
3823500 2818500  2 19 22  -0.6 1010  93  2.3 8  2.9  80    0    0 280 -320  0
3823500 2818500  2 19 23  -0.9 1009  96  2.5 8  2.9  80    0    0 282 -320  0
3823500 2818500  2 19 24  -1.1 1009  94  2.5 7  2.8  80    0    0 279 -320  0
3823500 2818500  2 20  1  -1.4 1009  91  2.6 7  2.7  79    0    0 276 -320  0
3823500 2818500  2 20  2  -1.5 1010  93  2.5 7  2.7  78    0    0 277 -320  0
3823500 2818500  2 20  3  -1.6 1010  93  2.9 7  2.6  78    0    0 279 -320  0
3823500 2818500  2 20  4  -1.6 1009 101  3.1 8  2.6  78    0    0 284 -320  0
3823500 2818500  2 20  5  -1.6 1009  95  3.0 8  2.6  78    0    0 289 -320  0
3823500 2818500  2 20  6  -1.8 1009  96  2.9 8  2.6  77    0    0 290 -320  0
3823500 2818500  2 20  7  -1.7 1009  98  2.7 7  2.6  76    0    0 289 -321  0
3823500 2818500  2 20  8  -1.8 1009  94  3.1 7  2.5  75    0    1 288 -322  0
3823500 2818500  2 20  9  -1.7 1010  93  3.6 8  2.5  74    0   29 291 -324  0
3823500 2818500  2 20 10  -1.7 1010  96  3.8 8  2.4  72    0   81 293 -327  0
3823500 2818500  2 20 11  -1.8 1010  93  4.0 7  2.4  71   29  168 291 -331  0
3823500 2818500  2 20 12  -1.1 1011  92  4.4 6  2.3  68  131  212 285 -335  0
3823500 2818500  2 20 13  -0.5 1011  90  3.8 5  2.3  65  187  211 277 -339  0
3823500 2818500  2 20 14   0.3 1010  92  3.6 5  2.3  62  228  180 273 -342  0
3823500 2818500  2 20 15   0.4 1010  85  4.1 5  2.3  60  193  152 272 -344  0
3823500 2818500  2 20 16   0.4 1010  74  3.5 4  2.3  59  138  114 264 -344  0
3823500 2818500  2 20 17  -0.3 1010  82  3.6 5  2.3  60   71   67 259 -342  0
3823500 2818500  2 20 18  -1.0 1010  77  2.6 5  2.2  61    7   14 258 -340  0
3823500 2818500  2 20 19  -1.3 1011  70  2.9 6  2.2  63    0    0 260 -338  0
3823500 2818500  2 20 20  -1.8 1011  81  3.3 6  2.2  65    0    0 263 -337  0
3823500 2818500  2 20 21  -2.0 1011  83  3.1 6  2.2  66    0    0 261 -336  0
3823500 2818500  2 20 22  -2.1 1012  89  3.2 6  2.1  65    0    0 258 -336  0
3823500 2818500  2 20 23  -2.6 1012  87  3.4 6  2.1  65    0    0 256 -335  0
3823500 2818500  2 20 24  -3.0 1012  84  3.7 6  2.1  67    0    0 253 -335  0
3823500 2818500  2 21  1  -3.4 1012  92  3.1 6  2.0  68    0    0 251 -335  0
3823500 2818500  2 21  2  -3.8 1012  89  2.6 6  2.0  68    0    0 249 -335  0
3823500 2818500  2 21  3  -4.2 1012  82  2.9 5  2.0  70    0    0 239 -334  0
3823500 2818500  2 21  4  -4.5 1012  78  2.9 4  2.0  72    0    0 223 -334  0
3823500 2818500  2 21  5  -4.8 1012  76  2.6 3  1.9  72    0    0 207 -334  0
3823500 2818500  2 21  6  -5.2 1012  71  2.9 2  1.9  73    0    0 194 -333  0
3823500 2818500  2 21  7  -5.6 1013  69  2.5 2  1.9  75    0    0 189 -332  0
3823500 2818500  2 21  8  -5.7 1012  84  2.4 2  1.9  76    1    9 192 -331  0
3823500 2818500  2 21  9  -5.0 1012  89  3.4 1  1.9  73   43   50 187 -331  0
3823500 2818500  2 21 10  -4.1 1012  98  4.5 1  1.8  67  142   83 184 -333  0
3823500 2818500  2 21 11  -3.1 1012  97  4.1 1  1.8  61  242   97 186 -336  0
3823500 2818500  2 21 12  -2.1 1012 102  3.8 1  1.8  56  326   95 187 -340  0
3823500 2818500  2 21 13  -1.3 1011  83  4.0 1  1.8  53  366   90 190 -343  0
3823500 2818500  2 21 14  -1.1 1011 103  4.0 0  1.8  52  370   77 186 -345  0
3823500 2818500  2 21 15  -0.8 1010 105  3.7 0  1.8  52  324   67 185 -345  0
3823500 2818500  2 21 16  -0.6 1010  91  4.0 0  1.9  52  228   59 190 -344  0
3823500 2818500  2 21 17  -1.2 1010  76  3.7 0  1.9  54  100   47 193 -342  0
3823500 2818500  2 21 18  -1.8 1010  75  3.0 0  1.9  57    9   12 193 -339  0
3823500 2818500  2 21 19  -2.7 1009  67  3.4 1  2.0  62    0    0 199 -336  0
3823500 2818500  2 21 20  -3.2 1010  79  3.5 1  2.1  68    0    0 203 -332  0
3823500 2818500  2 21 21  -3.6 1009  88  3.2 0  2.1  70    0    0 197 -329  0
3823500 2818500  2 21 22  -4.0 1010 102  3.1 0  2.1  72    0    0 190 -328  0
3823500 2818500  2 21 23  -4.5 1010  94  2.5 0  2.0  74    0    0 187 -327  0
3823500 2818500  2 21 24  -4.8 1010 106  2.5 0  2.0  75    0    0 185 -328  0
3823500 2818500  2 22  1  -5.0 1010 104  2.4 0  1.9  74    0    0 185 -327  0
3823500 2818500  2 22  2  -5.5 1010  94  2.4 0  1.9  73    0    0 185 -324  0
3823500 2818500  2 22  3  -5.9 1010  85  2.4 0  1.8  74    0    0 188 -321  0
3823500 2818500  2 22  4  -6.3 1010 107  2.0 0  1.8  76    0    0 189 -320  0
3823500 2818500  2 22  5  -6.5 1010 106  1.5 0  1.8  77    0    0 189 -320  0
3823500 2818500  2 22  6  -6.8 1010  69  1.9 0  1.8  78    0    0 189 -320  0
3823500 2818500  2 22  7  -7.1 1011  84  1.7 0  1.8  79    0    0 189 -320  0
3823500 2818500  2 22  8  -7.2 1011  90  3.5 0  1.8  80    1   10 188 -321  0
3823500 2818500  2 22  9  -6.3 1011 112  2.0 0  1.8  78   45   51 185 -323  0
3823500 2818500  2 22 10  -5.0 1011  93  2.1 0  1.8  71  141   87 180 -327  0
3823500 2818500  2 22 11  -3.6 1011 103  2.7 0  1.8  64  233  106 179 -335  0
3823500 2818500  2 22 12  -2.0 1011 109  3.3 0  1.8  58  305  111 181 -343  0
3823500 2818500  2 22 13  -1.2 1011  98  2.7 1  1.8  52  342  108 191 -350  0
3823500 2818500  2 22 14   0.0 1011  85  2.7 1  1.8  49  343   95 204 -354  0
3823500 2818500  2 22 15   0.3 1011 101  2.5 2  1.8  48  309   77 215 -354  0
3823500 2818500  2 22 16   0.6 1012  96  2.3 2  1.8  47  215   67 222 -351  0
3823500 2818500  2 22 17   0.5 1012  80  2.3 3  1.8  46   96   50 227 -348  0
3823500 2818500  2 22 18  -0.2 1012  79  1.7 4  1.8  48   10   13 234 -343  0
3823500 2818500  2 22 19  -0.7 1013  91  1.6 4  1.9  52    0    0 237 -337  0
3823500 2818500  2 22 20  -1.1 1013  85  1.4 4  2.0  55    0    0 233 -333  0
3823500 2818500  2 22 21  -1.4 1014 106  1.0 6  1.9  56    0    0 244 -330  0
3823500 2818500  2 22 22  -2.2 1014 111  1.6 6  1.9  58    0    0 255 -329  0
3823500 2818500  2 22 23  -2.1 1015 114  1.9 6  1.9  60    0    0 253 -328  0
3823500 2818500  2 22 24  -2.4 1015 129  1.7 6  2.0  61    0    0 253 -326  0
3823500 2818500  2 23  1  -2.7 1015 138  1.9 5  1.9  62    0    0 246 -324  0
3823500 2818500  2 23  2  -3.1 1015 128  1.4 4  1.9  62    0    0 234 -322  0
3823500 2818500  2 23  3  -3.8 1016 145  2.0 4  1.9  64    0    0 228 -320  0
3823500 2818500  2 23  4  -4.3 1015 144  1.8 4  1.9  67    0    0 228 -320  0
3823500 2818500  2 23  5  -4.9 1015 148  1.8 2  1.8  69    0    0 216 -319  0
3823500 2818500  2 23  6  -5.2 1015 146  2.0 2  1.8  70    0    0 204 -319  0
3823500 2818500  2 23  7  -5.0 1015 143  2.1 5  1.8  70    0    0 220 -318  0
3823500 2818500  2 23  8  -4.9 1016 147  1.9 7  1.8  70    0    4 245 -316  0
3823500 2818500  2 23  9  -3.8 1016 153  2.2 7  1.9  68    0   35 256 -316  0
3823500 2818500  2 23 10  -2.5 1016 156  2.2 7  2.0  66    0   82 258 -317  0
3823500 2818500  2 23 11  -1.4 1016 158  2.4 7  2.0  62    3  146 260 -320  0
3823500 2818500  2 23 12  -0.2 1016 156  2.9 7  2.1  59   32  234 262 -328  0
3823500 2818500  2 23 13   1.2 1016 170  3.2 7  2.2  56   56  261 265 -340  0
3823500 2818500  2 23 14   1.9 1016 165  3.4 7  2.1  50   44  244 268 -349  0
3823500 2818500  2 23 15   2.3 1015 156  3.3 7  2.0  46   25  194 270 -353  0
3823500 2818500  2 23 16   2.8 1015 136  3.2 7  2.0  44    8  127 272 -352  0
3823500 2818500  2 23 17   2.9 1015 152  2.2 7  2.0  43   16   76 273 -348  0
3823500 2818500  2 23 18   2.6 1014 158  2.2 7  2.0  44    2   16 272 -342  0
3823500 2818500  2 23 19   2.4 1014 151  2.3 8  2.0  44    0    0 275 -336  0
3823500 2818500  2 23 20   2.5 1014 154  2.2 8  1.9  43    0    0 278 -332  0
3823500 2818500  2 23 21   2.6 1014 157  2.3 7  1.9  42    0    0 274 -331  0
3823500 2818500  2 23 22   2.4 1014 144  2.2 7  1.9  43    0    0 271 -330  0
3823500 2818500  2 23 23   2.3 1014 151  2.1 7  1.9  43    0    0 274 -330  0
3823500 2818500  2 23 24   2.5 1014 155  2.9 7  1.9  42    0    0 275 -330  0
3823500 2818500  2 24  1   2.2 1013 160  2.4 8  1.9  43    0    0 284 -331  0
3823500 2818500  2 24  2   2.4 1013 156  1.8 8  2.0  45    0    0 291 -333  0
3823500 2818500  2 24  3   1.5 1013 154  2.1 8  2.1  49    0    0 293 -334  0
3823500 2818500  2 24  4   1.1 1013 166  2.6 8  2.4  58    0    0 295 -336  0
3823500 2818500  2 24  5   0.9 1012 166  3.0 8  2.8  69    0    0 298 -337  0
3823500 2818500  2 24  6   0.9 1012 159  2.8 8  3.1  77    0    0 301 -338  0
3823500 2818500  2 24  7   0.8 1012 162  2.1 8  3.4  83    0    0 304 -340  0
3823500 2818500  2 24  8   0.7 1012 156  1.7 8  3.5  88    0    7 306 -341  0
3823500 2818500  2 24  9   0.9 1013 157  2.3 7  3.6  89    0   39 302 -342  0
3823500 2818500  2 24 10   1.0 1013 152  1.9 7  3.7  90    0   71 298 -345  0
3823500 2818500  2 24 11   1.4 1013 146  2.4 7  3.8  92    0   78 300 -349  0
3823500 2818500  2 24 12   2.0 1014 146  2.4 7  4.0  93    0   88 304 -354  0
3823500 2818500  2 24 13   2.4 1014 157  2.7 7  4.1  93    0   86 307 -360  0
3823500 2818500  2 24 14   2.7 1014 158  2.0 7  4.3  94    0  119 310 -361  0
3823500 2818500  2 24 15   2.8 1014 159  1.7 8  4.4  94    0   82 318 -360  0
3823500 2818500  2 24 16   3.0 1015 151  1.2 7  4.4  94    0   41 319 -361  0
3823500 2818500  2 24 17   2.9 1015 148  1.0 7  4.4  94    5   55 313 -361  0
3823500 2818500  2 24 18   2.9 1016 132  0.5 8  4.4  94    0    6 320 -360  0
3823500 2818500  2 24 19   2.9 1016 142  1.0 8  4.3  92    0    0 327 -358  0
3823500 2818500  2 24 20   2.9 1017 132  1.3 8  4.3  92    0    0 327 -355  0
3823500 2818500  2 24 21   3.2 1018 144  1.6 8  4.3  92    0    0 327 -355  0
3823500 2818500  2 24 22   3.4 1018 127  0.9 8  4.3  90    0    0 329 -355  0
3823500 2818500  2 24 23   3.4 1018 135  1.1 8  4.3  89    0    0 330 -355  0
3823500 2818500  2 24 24   3.2 1018 135  1.2 8  4.3  89    0    0 330 -355  0
3823500 2818500  2 25  1   3.1 1019 137  1.8 7  4.3  90    0    0 323 -354  0
3823500 2818500  2 25  2   3.2 1019 141  1.5 8  4.3  90    0    0 323 -354  0
3823500 2818500  2 25  3   2.8 1019 153  1.3 8  4.3  92    0    0 329 -353  0
3823500 2818500  2 25  4   3.0 1019 126  1.3 8  4.3  93    0    0 328 -352  0
3823500 2818500  2 25  5   2.6 1019 126  1.6 8  4.3  93    0    0 328 -350  0
3823500 2818500  2 25  6   2.5 1019 138  1.9 7  4.2  93    0    0 320 -347  0
3823500 2818500  2 25  7   2.4 1019 119  1.5 7  4.2  93    0    0 312 -345  0
3823500 2818500  2 25  8   2.4 1019 147  1.2 7  4.2  94    0    6 311 -343  0
3823500 2818500  2 25  9   2.8 1019 128  1.7 8  4.3  94    0   34 318 -342  0
3823500 2818500  2 25 10   3.3 1020 138  2.1 8  4.4  94    0   66 325 -346  0
3823500 2818500  2 25 11   3.8 1019 147  1.4 8  4.5  92    0   58 326 -351  0
3823500 2818500  2 25 12   4.6 1019 145  2.3 8  4.6  91    0   69 328 -353  0
3823500 2818500  2 25 13   5.5 1019 153  2.0 7  4.9  91    0   89 325 -354  0
3823500 2818500  2 25 14   6.3 1019 164  1.8 7  5.2  91    0  101 321 -356  0
3823500 2818500  2 25 15   6.6 1019 173  1.5 7  5.4  91    0   82 322 -357  0
3823500 2818500  2 25 16   6.7 1019 158  1.7 7  5.5  91    0   70 323 -358  0
3823500 2818500  2 25 17   6.7 1018 149  1.6 8  5.5  91    4   64 330 -358  0
3823500 2818500  2 25 18   6.5 1018 167  1.1 8  5.5  91    0    2 337 -357  0
3823500 2818500  2 25 19   6.5 1018 183  1.3 8  5.5  92    0    0 338 -356  0
3823500 2818500  2 25 20   6.1 1018 190  1.1 8  5.5  93    0    0 337 -355  0
3823500 2818500  2 25 21   6.0 1018 191  1.7 7  5.5  94    0    0 331 -355  0
3823500 2818500  2 25 22   6.0 1017 192  2.1 7  5.5  95    0    0 325 -356  0
3823500 2818500  2 25 23   6.0 1016 183  1.6 8  5.6  96    0    0 331 -356  0
3823500 2818500  2 25 24   5.8 1016 178  1.7 7  5.5  96    0    0 331 -355  0
3823500 2818500  2 26  1   5.6 1016 175  2.2 7  5.4  94    0    0 323 -355  0
3823500 2818500  2 26  2   5.8 1015 164  2.2 7  5.3  93    0    0 323 -356  0
3823500 2818500  2 26  3   5.8 1015 167  2.2 7  5.2  91    0    0 322 -356  0
3823500 2818500  2 26  4   5.8 1014 168  2.0 7  5.1  90    0    0 322 -356  0
3823500 2818500  2 26  5   5.4 1012 172  1.6 7  5.0  89    0    0 320 -355  0
3823500 2818500  2 26  6   5.1 1012 169  2.0 7  5.0  90    0    0 319 -355  0
3823500 2818500  2 26  7   5.4 1011 156  2.4 7  4.9  89    0    0 318 -355  0
3823500 2818500  2 26  8   5.3 1010 165  2.7 7  4.9  88    0   11 318 -355  0
3823500 2818500  2 26  9   5.4 1010 160  2.3 6  4.8  86    0   37 312 -355  0
3823500 2818500  2 26 10   5.8 1009 171  2.7 7  4.7  83    3   94 312 -355  0
3823500 2818500  2 26 11   6.4 1008 170  3.0 7  4.7  80    9  148 320 -355  0
3823500 2818500  2 26 12   7.4 1007 161  3.0 8  4.8  78   14  182 330 -356  0
3823500 2818500  2 26 13   8.3 1006 177  3.8 7  5.0  75   34  207 334 -358  0
3823500 2818500  2 26 14   8.7 1005 167  4.3 8  4.9  70   18  180 335 -361  0
3823500 2818500  2 26 15   8.6 1004 194  4.5 7  4.7  68   15  154 335 -363  0
3823500 2818500  2 26 16   9.0 1003 171  4.0 5  4.8  67   59  120 318 -365  0
3823500 2818500  2 26 17   8.6 1002 141  4.3 7  4.8  67   19   61 318 -363  0
3823500 2818500  2 26 18   7.9 1002 145  3.5 8  4.7  68    1   13 334 -360  0
3823500 2818500  2 26 19   7.3 1001 151  3.5 8  4.8  73    0    0 339 -357  0
3823500 2818500  2 26 20   6.7 1001 154  3.2 8  4.9  78    0    0 337 -356  0
3823500 2818500  2 26 21   6.4 1000 163  2.9 8  5.0  82    0    0 335 -355  0
3823500 2818500  2 26 22   6.3 1000 144  1.9 8  5.1  84    0    0 335 -354  0
3823500 2818500  2 26 23   6.1 1000 169  2.8 8  5.2  88    0    0 334 -353  0
3823500 2818500  2 26 24   5.7 1000 186  1.9 7  5.3  91    0    0 327 -350  0
3823500 2818500  2 27  1   5.9 1000 202  1.4 8  5.5  94    0    0 326 -348  0
3823500 2818500  2 27  2   5.8 1000 245  1.9 8  5.6  96    0    0 333 -347  0
3823500 2818500  2 27  3   5.8 1000 237  1.8 8  5.6  96    0    0 333 -347  0
3823500 2818500  2 27  4   5.8  999 230  1.5 8  5.5  95    0    0 332 -347  0
3823500 2818500  2 27  5   5.9  999 242  1.8 7  5.5  94    0    0 325 -346  0
3823500 2818500  2 27  6   5.4  999 232  1.9 7  5.4  94    0    0 318 -346  0
3823500 2818500  2 27  7   5.3  999 243  2.1 6  5.4  96    0    0 310 -346  0
3823500 2818500  2 27  8   5.1  999 235  2.0 7  5.4  97    0    1 310 -345  0
3823500 2818500  2 27  9   5.1 1000 213  1.8 8  5.4  97    0   21 320 -345  0
3823500 2818500  2 27 10   5.0 1000 227  2.4 7  5.4  98    0   43 318 -345  0
3823500 2818500  2 27 11   5.0 1000 232  2.9 7  5.4  98    0   51 311 -345  0
3823500 2818500  2 27 12   4.8 1000 226  2.9 8  5.3  98    0   52 314 -347  0
3823500 2818500  2 27 13   4.7 1000 226  3.2 8  5.3  98    0   44 317 -349  0
3823500 2818500  2 27 14   4.5 1000 230  3.4 8  5.3  99    0   56 316 -350  0
3823500 2818500  2 27 15   4.8 1001 245  2.8 8  5.4 100    0   48 314 -351  0
3823500 2818500  2 27 16   4.7 1001 268  3.1 8  5.4 100    0   27 314 -351  0
3823500 2818500  2 27 17   4.6 1001 272  3.0 8  5.4 100    0   15 313 -350  0
3823500 2818500  2 27 18   3.6 1002 270  2.8 7  5.2 100    0    3 304 -347  0
3823500 2818500  2 27 19   2.9 1003 285  2.6 8  4.8 100    0    0 300 -343  0
3823500 2818500  2 27 20   2.9 1004 281  2.5 8  4.7 100    0    0 302 -341  0
3823500 2818500  2 27 21   2.1 1005 268  2.5 8  4.6 100    0    0 299 -339  0
3823500 2818500  2 27 22   1.6 1006 259  1.6 8  4.4 100    0    0 297 -337  0
3823500 2818500  2 27 23   1.6 1006 256  0.8 8  4.3 100    0    0 297 -336  0
3823500 2818500  2 27 24   1.4 1007 274  1.5 8  4.2  99    0    0 298 -334  0
3823500 2818500  2 28  1   1.3 1008 262  0.9 8  4.1  99    0    0 297 -332  0
3823500 2818500  2 28  2   1.1 1009 230  0.7 8  4.1  98    0    0 297 -331  0
3823500 2818500  2 28  3   1.2 1009 281  0.6 8  4.1  98    0    0 296 -330  0
3823500 2818500  2 28  4   1.4 1010 204  0.1 8  4.1  97    0    0 296 -330  0
3823500 2818500  2 28  5   1.5 1011 167  0.1 6  4.1  96    0    0 286 -330  0
3823500 2818500  2 28  6   1.5 1011 129  0.1 8  4.1  96    0    0 287 -330  0
3823500 2818500  2 28  7   1.3 1012 120  0.1 6  4.1  98    0    0 286 -331  0
3823500 2818500  2 28  8   1.4 1013 114  0.2 7  4.2  99    0    9 283 -331  0
3823500 2818500  2 28  9   1.9 1014 107  0.1 6  4.2  98   31   34 284 -331  0
3823500 2818500  2 28 10   2.5 1015  96  0.2 7  4.2  95   19   86 286 -332  0
3823500 2818500  2 28 11   3.0 1016  67  0.4 7  4.2  92    0   93 292 -335  0
3823500 2818500  2 28 12   3.6 1017  40  0.4 7  4.2  87    0  132 294 -339  0
3823500 2818500  2 28 13   4.5 1017  29  0.5 6  4.2  84    0  136 291 -343  0
3823500 2818500  2 28 14   4.7 1018  55  0.7 6  4.3  82    0  116 286 -344  0
3823500 2818500  2 28 15   5.1 1018  21  0.8 8  4.3  81    0   78 296 -344  0
3823500 2818500  2 28 16   5.6 1018  20  0.5 8  4.4  79    0   54 307 -345  0
3823500 2818500  2 28 17   5.4 1018  15  0.3 8  4.4  79    0   44 306 -341  0
3823500 2818500  2 28 18   5.1 1019  24  0.2 7  4.5  82    0   11 299 -334  0
3823500 2818500  2 28 19   4.6 1019   6  0.4 8  4.6  85    0    0 296 -327  0
3823500 2818500  2 28 20   4.4 1020  20  0.9 8  4.6  88    0    0 296 -322  0
3823500 2818500  2 28 21   4.5 1021  25  1.2 7  4.6  88    0    0 290 -320  0
3823500 2818500  2 28 22   4.2 1021  40  1.3 7  4.5  88    0    0 283 -319  0
3823500 2818500  2 28 23   3.9 1022  32  0.9 8  4.4  88    0    0 286 -319  0
3823500 2818500  2 28 24   3.5 1022  34  0.4 8  4.3  88    0    0 288 -318  0
3823500 2818500  3  1  1   3.1 1023  30  0.3 6  4.2  89    0    0 270 -314  0
3823500 2818500  3  1  2   3.1 1023  52  0.1 7  4.2  89    0    0 274 -314  0
3823500 2818500  3  1  3   2.2 1024  30  0.7 7  4.1  90    0    0 277 -314  0
3823500 2818500  3  1  4   1.4 1024  31  0.5 6  3.9  92    0    0 270 -313  0
3823500 2818500  3  1  5   1.0 1024  18  1.0 4  3.8  94    0    0 257 -313  0
3823500 2818500  3  1  6   0.8 1024  10  1.0 3  3.8  94    0    0 244 -313  0
3823500 2818500  3  1  7   0.4 1025  29  1.5 5  3.7  94    0    0 248 -312  0
3823500 2818500  3  1  8   0.4 1025  43  1.6 6  3.6  94    0   11 261 -313  0
3823500 2818500  3  1  9   0.5 1026  28  1.6 6  3.6  94    1   73 267 -314  0
3823500 2818500  3  1 10   1.2 1027  24  2.0 4  3.7  92   48  175 261 -316  0
3823500 2818500  3  1 11   2.2 1027  20  2.4 3  3.8  90  139  228 250 -318  0
3823500 2818500  3  1 12   3.4 1028  15  2.9 2  4.0  87  207  247 245 -320  0
3823500 2818500  3  1 13   4.2 1028   9  3.1 3  4.1  83  241  254 247 -323  0
3823500 2818500  3  1 14   5.1 1028  22  3.2 3  4.2  80  240  239 256 -326  0
3823500 2818500  3  1 15   5.7 1027   7  3.7 2  4.2  76  200  207 253 -325  0
3823500 2818500  3  1 16   6.1 1027  15  3.6 2  4.2  74  131  164 250 -323  0
3823500 2818500  3  1 17   5.5 1027  20  3.7 2  4.2  75   62  105 249 -323  0
3823500 2818500  3  1 18   3.9 1027  32  3.5 2  4.1  79    8   32 244 -322  0
3823500 2818500  3  1 19   2.9 1027  32  3.7 5  4.0  83    0    0 252 -320  0
3823500 2818500  3  1 20   2.1 1028  38  3.3 6  3.8  85    0    0 265 -320  0
3823500 2818500  3  1 21   2.0 1028  43  3.2 7  3.7  86    0    0 272 -319  0
3823500 2818500  3  1 22   1.8 1028  41  3.0 7  3.7  85    0    0 274 -317  0
3823500 2818500  3  1 23   1.3 1029  49  2.0 7  3.5  84    0    0 273 -316  0
3823500 2818500  3  1 24   0.5 1029  52  3.2 5  3.4  85    0    0 262 -315  0
3823500 2818500  3  2  1   0.1 1029  52  2.2 2  3.3  86    0    0 239 -314  0
3823500 2818500  3  2  2  -0.1 1029  47  2.3 2  3.2  86    0    0 225 -313  0
3823500 2818500  3  2  3  -0.4 1028  43  2.2 2  3.1  85    0    0 224 -312  0
3823500 2818500  3  2  4  -0.8 1028  44  2.3 2  3.1  85    0    0 222 -310  0
3823500 2818500  3  2  5  -1.3 1028  50  3.0 4  3.0  87    0    0 228 -307  0
3823500 2818500  3  2  6  -1.5 1028  51  2.7 4  3.0  88    0    0 236 -304  0
3823500 2818500  3  2  7  -1.7 1028  53  3.2 4  2.9  88    0    0 235 -303  0
3823500 2818500  3  2  8  -1.8 1028  57  2.8 4  2.9  88    0   19 235 -303  0
3823500 2818500  3  2  9  -1.3 1028  63  2.8 2  2.9  87   24   95 226 -303  0
3823500 2818500  3  2 10  -0.6 1028  56  3.3 2  2.9  84  110  151 219 -308  0
3823500 2818500  3  2 11   0.1 1028  49  3.6 1  3.0  81  212  173 217 -314  0
3823500 2818500  3  2 12   1.1 1028  69  3.3 1  3.0  77  297  174 215 -318  0
3823500 2818500  3  2 13   1.9 1028  60  3.6 1  3.0  73  328  181 217 -320  0
3823500 2818500  3  2 14   3.0 1028  57  4.1 1  3.1  69  323  172 220 -322  0
3823500 2818500  3  2 15   3.0 1027  51  4.5 0  3.1  66  278  150 215 -322  0
3823500 2818500  3  2 16   3.3 1027  56  4.3 0  3.1  66  193  125 212 -321  0
3823500 2818500  3  2 17   3.1 1027  51  3.7 0  3.1  65   92   90 214 -320  0
3823500 2818500  3  2 18   2.3 1026  52  3.4 1  3.0  66   14   32 218 -320  0
3823500 2818500  3  2 19   1.1 1026  34  2.5 2  3.0  71    0    0 224 -319  0
3823500 2818500  3  2 20   0.8 1026  36  1.0 2  3.0  76    0    0 228 -319  0
3823500 2818500  3  2 21   0.3 1026  57  3.1 1  3.1  79    0    0 222 -318  0
3823500 2818500  3  2 22   0.0 1026  44  2.5 0  3.1  81    0    0 211 -317  0
3823500 2818500  3  2 23  -0.4 1026  63  1.6 0  3.0  82    0    0 205 -316  0
3823500 2818500  3  2 24  -0.8 1026  61  2.4 0  3.0  84    0    0 206 -316  0
3823500 2818500  3  3  1  -1.0 1026  51  2.4 0  3.0  86    0    0 207 -316  0
3823500 2818500  3  3  2  -1.5 1026  55  2.3 0  3.0  87    0    0 206 -316  0
3823500 2818500  3  3  3  -1.8 1026  50  2.2 0  2.9  88    0    0 204 -317  0
3823500 2818500  3  3  4  -2.3 1025  51  1.9 0  2.9  90    0    0 204 -317  0
3823500 2818500  3  3  5  -2.5 1025  41  2.3 0  2.8  90    0    0 205 -318  0
3823500 2818500  3  3  6  -2.8 1025  47  2.4 0  2.8  91    0    0 205 -318  0
3823500 2818500  3  3  7  -2.9 1025  48  1.4 0  2.8  91    0    0 205 -317  0
3823500 2818500  3  3  8  -2.8 1025  42  1.9 0  2.7  90    1   22 206 -316  0
3823500 2818500  3  3  9  -2.1 1025  40  2.0 0  2.8  88   49   83 207 -316  0
3823500 2818500  3  3 10  -1.0 1026  46  2.2 0  2.8  84  176  105 210 -318  0
3823500 2818500  3  3 11   0.4 1026  42  3.1 0  2.8  78  315   95 214 -320  0
3823500 2818500  3  3 12   2.5 1026  36  2.8 0  2.9  69  404   92 218 -325  0
3823500 2818500  3  3 13   3.7 1026  40  3.7 0  2.8  60  266  129 221 -330  0
3823500 2818500  3  3 14   4.4 1025  43  4.3 0  2.8  55  243  123 223 -335  0
3823500 2818500  3  3 15   5.1 1025  48  3.5 0  2.7  51  367   85 224 -339  0
3823500 2818500  3  3 16   5.6 1024  42  3.9 0  2.6  47  258   81 226 -338  0
3823500 2818500  3  3 17   5.5 1023  44  3.7 0  2.5  45  127   69 226 -333  0
3823500 2818500  3  3 18   4.3 1023  34  3.5 0  2.5  47   21   29 224 -327  0
3823500 2818500  3  3 19   2.6 1023  30  3.1 1  2.6  54    0    0 227 -321  0
3823500 2818500  3  3 20   2.3 1024  34  3.0 1  2.7  61    0    0 230 -319  0
3823500 2818500  3  3 21   1.3 1024  42  1.7 0  2.9  67    0    0 222 -317  0
3823500 2818500  3  3 22   1.5 1025  39  1.6 0  2.9  70    0    0 215 -315  0
3823500 2818500  3  3 23   0.6 1025  41  1.8 0  2.9  71    0    0 215 -314  0
3823500 2818500  3  3 24  -0.2 1025  44  1.9 0  2.8  75    0    0 214 -314  0
3823500 2818500  3  4  1  -1.4 1025  38  0.9 0  2.8  80    0    0 212 -313  0
3823500 2818500  3  4  2  -1.1 1025  35  0.6 0  2.9  84    0    0 211 -313  0
3823500 2818500  3  4  3  -1.8 1025  33  1.3 0  2.9  85    0    0 211 -311  0
3823500 2818500  3  4  4  -1.8 1025  32  1.3 0  2.8  86    0    0 210 -308  0
3823500 2818500  3  4  5  -2.0 1025  51  0.8 0  2.8  86    0    0 210 -306  0
3823500 2818500  3  4  6  -2.5 1025  49  1.0 1  2.8  87    0    0 213 -306  0
3823500 2818500  3  4  7  -3.0 1025  28  0.3 0  2.7  89    0    0 211 -305  0
3823500 2818500  3  4  8  -3.0 1025  65  0.5 0  2.7  90    1   23 204 -305  0
3823500 2818500  3  4  9  -1.8 1025  51  0.8 1  2.8  89   44   90 210 -307  0
3823500 2818500  3  4 10  -0.4 1025  54  1.3 1  2.9  83  138  137 218 -312  0
3823500 2818500  3  4 11   1.4 1025  26  2.0 1  3.0  78  245  153 222 -318  0
3823500 2818500  3  4 12   1.4 1025  52  2.0 1  3.1  76  321  160 225 -326  0
3823500 2818500  3  4 13   2.6 1024  24  2.3 2  3.2  74  334  175 233 -333  0
3823500 2818500  3  4 14   3.6 1024  17  2.5 2  3.3  70  322  167 241 -341  0
3823500 2818500  3  4 15   4.5 1023  23  2.7 3  3.3  66  276  146 249 -346  0
3823500 2818500  3  4 16   4.7 1023  27  2.5 3  3.2  62  192  122 254 -343  0
3823500 2818500  3  4 17   4.8 1022  22  2.4 2  3.1  60  101   88 247 -336  0
3823500 2818500  3  4 18   3.0 1022   4  1.7 2  3.2  65   20   35 237 -328  0
3823500 2818500  3  4 19   0.8 1021  12  1.7 2  3.2  75    0    0 230 -321  0
3823500 2818500  3  4 20   0.1 1022  21  1.7 2  3.2  82    0    0 223 -319  0
3823500 2818500  3  4 21  -0.5 1022 348  1.6 1  3.2  86    0    0 215 -317  0
3823500 2818500  3  4 22  -1.6 1022 330  0.4 0  3.1  89    0    0 205 -314  0
3823500 2818500  3  4 23  -2.6 1021 343  1.2 0  3.0  95    0    0 199 -314  0
3823500 2818500  3  4 24  -2.2 1021 352  1.2 0  3.1  99    0    0 199 -314  0
3823500 2818500  3  5  1  -2.0 1021 346  1.8 4  3.2  99    0    0 214 -315  0
3823500 2818500  3  5  2  -1.7 1021 345  2.1 6  3.2  97    0    0 237 -315  0
3823500 2818500  3  5  3  -1.6 1021 357  2.7 7  3.2  98    0    0 250 -314  0
3823500 2818500  3  5  4  -1.2 1021   6  2.7 6  3.3  97    0    0 252 -313  0
3823500 2818500  3  5  5  -1.5 1020 349  0.7 7  3.3  98    0    0 254 -313  0
3823500 2818500  3  5  6  -1.4 1020 248  0.2 8  3.3  98    0    0 265 -314  0
3823500 2818500  3  5  7  -1.0 1020 242  0.6 7  3.3  96    0    0 268 -315  0
3823500 2818500  3  5  8  -1.0 1020 275  0.5 7  3.3  95    0    6 269 -316  0
3823500 2818500  3  5  9  -0.5 1020 258  0.6 7  3.4  94    0   39 273 -317  0
3823500 2818500  3  5 10   0.4 1020 243  1.1 7  3.5  93    0  101 278 -319  0
3823500 2818500  3  5 11   1.0 1020 265  1.4 7  3.6  92    0  127 282 -324  0
3823500 2818500  3  5 12   1.8 1020 257  1.7 8  3.8  91    0   87 291 -329  0
3823500 2818500  3  5 13   2.4 1020 288  1.6 8  4.0  91    0   74 300 -330  0
3823500 2818500  3  5 14   3.4 1020 282  1.3 7  4.3  92    0  102 299 -329  0
3823500 2818500  3  5 15   4.1 1019 277  1.5 8  4.5  90    0   83 302 -329  0
3823500 2818500  3  5 16   5.2 1019 276  1.3 7  4.6  87    0   98 304 -330  0
3823500 2818500  3  5 17   6.1 1018 305  1.3 5  4.3  75   16  104 294 -333  0
3823500 2818500  3  5 18   5.3 1018 334  1.8 4  3.7  66   12   41 277 -335  0
3823500 2818500  3  5 19   4.0 1019 356  1.9 2  3.4  65    0    0 258 -335  0
3823500 2818500  3  5 20   2.9 1019 344  1.3 1  3.2  67    0    0 237 -333  0
3823500 2818500  3  5 21   2.0 1019 342  1.1 1  3.3  72    0    0 226 -331  0
3823500 2818500  3  5 22   2.2 1020 348  1.1 2  3.3  76    0    0 231 -325  0
3823500 2818500  3  5 23   1.6 1020 335  1.2 3  3.4  78    0    0 241 -320  0
3823500 2818500  3  5 24   1.2 1020 343  1.2 2  3.3  80    0    0 240 -319  0
3823500 2818500  3  6  1   0.4 1020 327  0.7 1  3.3  82    0    0 228 -316  0
3823500 2818500  3  6  2   0.1 1020 305  0.6 1  3.2  84    0    0 223 -314  0
3823500 2818500  3  6  3  -0.7 1020 317  0.8 3  3.2  87    0    0 231 -314  0
3823500 2818500  3  6  4  -1.2 1020 320  0.8 2  3.2  91    0    0 233 -313  0
3823500 2818500  3  6  5  -1.6 1020 322  1.1 1  3.2  93    0    0 221 -313  0
3823500 2818500  3  6  6  -2.1 1020 319  0.8 1  3.1  95    0    0 216 -312  0
3823500 2818500  3  6  7  -2.1 1020 311  0.5 1  3.1  95    0    0 214 -310  0
3823500 2818500  3  6  8  -2.0 1021 324  1.0 1  3.1  95    7   26 214 -308  0
3823500 2818500  3  6  9   0.2 1021 347  1.5 0  3.2  92   83   74 212 -309  0
3823500 2818500  3  6 10   1.7 1022  18  2.4 0  3.4  84  206   98 212 -314  0
3823500 2818500  3  6 11   2.8 1022  26  2.1 1  3.3  75  319  107 219 -319  0
3823500 2818500  3  6 12   3.7 1022  24  2.8 1  3.0  64  392  113 224 -326  0
3823500 2818500  3  6 13   4.6 1023  27  3.1 1  2.7  53  406  126 225 -332  0
3823500 2818500  3  6 14   5.3 1022  45  2.8 1  2.4  45  391  123 225 -337  0
3823500 2818500  3  6 15   5.5 1022  34  2.6 0  2.3  41  352  108 222 -342  0
3823500 2818500  3  6 16   5.7 1022  45  3.3 0  2.1  38  257   96 219 -340  0
3823500 2818500  3  6 17   5.5 1022  42  2.8 0  2.0  36  138   76 219 -336  0
3823500 2818500  3  6 18   4.7 1022  38  1.8 1  2.1  38   29   35 222 -329  0
3823500 2818500  3  6 19   3.1 1022  59  0.5 0  2.1  42    0    0 220 -322  0
3823500 2818500  3  6 20   1.2 1023  56  0.6 0  2.2  50    0    0 213 -319  0
3823500 2818500  3  6 21   0.5 1023  59  0.7 1  2.3  58    0    0 213 -316  0
3823500 2818500  3  6 22  -0.2 1024  58  0.9 1  2.4  62    0    0 215 -314  0
3823500 2818500  3  6 23  -0.1 1024  65  0.9 0  2.4  66    0    0 211 -313  0
3823500 2818500  3  6 24  -0.8 1025  86  0.7 0  2.5  69    0    0 207 -313  0
3823500 2818500  3  7  1  -1.1 1025  84  0.7 0  2.5  71    0    0 206 -313  0
3823500 2818500  3  7  2  -1.1 1025  95  1.0 0  2.4  68    0    0 205 -311  0
3823500 2818500  3  7  3  -1.1 1026  99  0.6 0  2.2  65    0    0 203 -308  0
3823500 2818500  3  7  4  -2.1 1026  86  0.6 0  2.2  66    0    0 202 -306  0
3823500 2818500  3  7  5  -2.4 1026  95  0.5 0  2.2  68    0    0 200 -305  0
3823500 2818500  3  7  6  -2.9 1026  92  0.5 0  2.1  69    0    0 199 -305  0
3823500 2818500  3  7  7  -3.3 1026  84  0.7 0  2.2  72    0    0 198 -304  0
3823500 2818500  3  7  8  -2.4 1026  86  0.6 0  2.1  70   11   27 198 -304  0
3823500 2818500  3  7  9   0.7 1027 106  1.1 0  2.1  59  100   67 201 -307  0
3823500 2818500  3  7 10   2.8 1027 122  1.6 0  2.1  49  246   71 205 -313  0
3823500 2818500  3  7 11   4.1 1027 109  2.3 0  1.9  40  374   68 207 -319  0
3823500 2818500  3  7 12   4.8 1027 136  3.4 0  1.7  32  458   66 207 -325  0
3823500 2818500  3  7 13   5.8 1026 130  3.4 0  1.6  28  483   68 208 -331  0
3823500 2818500  3  7 14   6.2 1026 122  3.8 0  1.5  26  469   64 209 -339  0
3823500 2818500  3  7 15   6.7 1025 109  3.9 0  1.5  25  413   62 209 -344  0
3823500 2818500  3  7 16   7.0 1025 112  3.3 0  1.5  25  302   65 211 -341  0
3823500 2818500  3  7 17   6.8 1024 110  3.2 0  1.5  25  161   63 211 -335  0
3823500 2818500  3  7 18   5.8 1023 109  2.0 0  1.6  27   35   33 211 -327  0
3823500 2818500  3  7 19   4.0 1023 101  1.1 0  1.6  30    0    0 209 -321  0
3823500 2818500  3  7 20   3.5 1023 103  1.1 0  1.6  33    0    0 208 -319  0
3823500 2818500  3  7 21   3.0 1023 110  1.3 0  1.6  34    0    0 209 -317  0
3823500 2818500  3  7 22   2.5 1022 126  1.3 0  1.8  38    0    0 210 -315  0
3823500 2818500  3  7 23   1.7 1022 133  1.1 0  1.8  42    0    0 210 -314  0
3823500 2818500  3  7 24   0.8 1021 117  0.8 0  1.8  45    0    0 209 -314  0
3823500 2818500  3  8  1   0.8 1021 117  0.6 0  1.8  46    0    0 208 -313  0
3823500 2818500  3  8  2  -0.2 1021 122  0.6 0  1.8  47    0    0 208 -312  0
3823500 2818500  3  8  3  -1.0 1020 121  0.7 0  1.8  50    0    0 207 -310  0
3823500 2818500  3  8  4  -1.3 1020 119  0.5 0  1.8  54    0    0 207 -308  0
3823500 2818500  3  8  5  -1.7 1019 121  0.9 0  1.9  55    0    0 206 -306  0
3823500 2818500  3  8  6  -1.9 1019 136  0.8 0  1.8  56    0    0 206 -306  0
3823500 2818500  3  8  7  -2.1 1019 135  0.7 0  1.8  56    0    0 207 -306  0
3823500 2818500  3  8  8  -1.3 1018 143  0.6 0  1.8  55   10   30 207 -307  0
3823500 2818500  3  8  9   1.1 1017 158  1.3 0  1.8  49   96   75 211 -309  0
3823500 2818500  3  8 10   3.1 1017 163  1.7 0  1.8  41  227   91 215 -315  0
3823500 2818500  3  8 11   4.7 1016 181  2.5 0  1.8  36  342   98 218 -322  0
3823500 2818500  3  8 12   5.8 1016 200  3.0 0  1.8  34  420  102 220 -329  0
3823500 2818500  3  8 13   7.0 1015 188  2.8 0  1.9  32  442  108 223 -338  0
3823500 2818500  3  8 14   8.1 1014 200  2.9 0  2.0  31  428  106 226 -347  0
3823500 2818500  3  8 15   8.9 1013 206  3.4 0  2.1  30  374   99 229 -352  0
3823500 2818500  3  8 16   9.7 1013 202  3.0 0  2.2  30  273   91 233 -352  0
3823500 2818500  3  8 17   9.6 1012 221  2.3 0  2.4  32  147   75 236 -351  0
3823500 2818500  3  8 18   8.6 1011 219  1.0 0  2.6  36   34   35 238 -347  0
3823500 2818500  3  8 19   5.6 1011 196  0.2 1  2.8  44    0    0 235 -341  0
3823500 2818500  3  8 20   4.7 1011 190  0.8 1  2.9  53    0    0 232 -338  0
3823500 2818500  3  8 21   3.6 1010 203  1.1 0  3.1  60    0    0 230 -336  0
3823500 2818500  3  8 22   3.8 1010 206  1.1 0  3.2  64    0    0 229 -335  0
3823500 2818500  3  8 23   3.2 1010 205  1.2 0  3.3  67    0    0 229 -334  0
3823500 2818500  3  8 24   4.0 1009 201  1.6 0  3.4  69    0    0 230 -332  0
3823500 2818500  3  9  1   4.4 1008 204  1.2 0  3.6  70    0    0 232 -330  0
3823500 2818500  3  9  2   5.1 1008 213  1.7 0  3.8  71    0    0 234 -328  0
3823500 2818500  3  9  3   5.7 1007 217  2.2 0  4.0  71    0    0 236 -326  0
3823500 2818500  3  9  4   6.3 1006 221  2.1 0  4.2  72    0    0 240 -324  0
3823500 2818500  3  9  5   6.9 1006 223  2.3 2  4.4  72    0    0 247 -323  0
3823500 2818500  3  9  6   7.1 1005 229  2.8 6  4.5  72    0    0 262 -323  0
3823500 2818500  3  9  7   7.3 1005 236  3.2 7  4.5  71    0    0 277 -323  0
3823500 2818500  3  9  8   7.4 1005 241  3.9 7  4.5  70    0   15 283 -323  0
3823500 2818500  3  9  9   7.1 1004 237  4.1 7  4.6  72    7   82 286 -326  0
3823500 2818500  3  9 10   8.0 1004 244  5.4 5  4.5  70  114  115 283 -332  0
3823500 2818500  3  9 11   8.1 1004 242  5.9 6  4.5  66   23  177 282 -337  0
3823500 2818500  3  9 12   7.6 1004 243  5.4 8  4.6  69    0   82 296 -341  0
3823500 2818500  3  9 13   6.3 1005 242  4.9 8  4.9  79    0   82 304 -342  0
3823500 2818500  3  9 14   6.2 1005 237  4.3 7  5.3  88    0   88 300 -344  0
3823500 2818500  3  9 15   6.8 1005 242  4.1 7  5.3  88    0   84 298 -350  0
3823500 2818500  3  9 16   7.6 1005 236  3.5 6  5.2  82    1  109 297 -356  0
3823500 2818500  3  9 17   6.7 1005 248  3.3 6  5.0  79    9   84 293 -355  0
3823500 2818500  3  9 18   7.1 1005 248  3.1 6  4.7  76    7   26 291 -352  0
3823500 2818500  3  9 19   6.7 1005 229  2.3 7  4.6  73    0    0 294 -348  0
3823500 2818500  3  9 20   6.2 1006 239  1.5 7  4.6  76    0    0 296 -345  0
3823500 2818500  3  9 21   4.6 1006 236  1.8 6  4.4  79    0    0 288 -342  0
3823500 2818500  3  9 22   4.6 1007 220  1.5 5  4.2  80    0    0 277 -338  0
3823500 2818500  3  9 23   4.6 1007 215  2.4 6  4.3  80    0    0 281 -334  0
3823500 2818500  3  9 24   4.4 1006 225  2.3 7  4.3  83    0    0 292 -328  0
3823500 2818500  3 10  1   4.8 1006 217  3.0 7  4.5  84    0    0 297 -323  0
3823500 2818500  3 10  2   4.8 1006 221  3.2 7  4.6  85    0    0 295 -321  0
3823500 2818500  3 10  3   4.8 1006 221  2.8 7  4.6  86    0    0 294 -321  0
3823500 2818500  3 10  4   4.5 1005 225  3.0 6  4.6  87    0    0 286 -322  0
3823500 2818500  3 10  5   4.0 1005 222  3.7 6  4.6  89    0    0 280 -321  0
3823500 2818500  3 10  6   3.7 1004 215  3.8 6  4.5  90    0    0 280 -320  0
3823500 2818500  3 10  7   3.6 1004 217  4.4 6  4.5  90    0    0 280 -320  0
3823500 2818500  3 10  8   4.1 1004 219  4.6 6  4.5  90   16   29 281 -321  0
3823500 2818500  3 10  9   5.3 1003 219  5.0 4  4.6  86   40   96 268 -326  0
3823500 2818500  3 10 10   6.0 1003 226  5.6 7  4.7  82    0  105 274 -334  0
3823500 2818500  3 10 11   6.1 1003 233  6.6 7  4.7  80    0   73 292 -344  0
3823500 2818500  3 10 12   6.5 1003 223  7.1 7  4.8  80    0   75 293 -353  0
3823500 2818500  3 10 13   6.8 1003 223  6.1 7  4.9  80    0   71 296 -359  0
3823500 2818500  3 10 14   7.1 1002 223  5.9 8  5.0  80    0   57 305 -361  0
3823500 2818500  3 10 15   7.6 1001 229  5.8 8  5.1  80    0   59 315 -362  0
3823500 2818500  3 10 16   8.7 1001 229  5.9 8  5.3  78    0   50 317 -360  0
3823500 2818500  3 10 17   8.6 1001 229  5.7 8  5.5  77    0   51 319 -357  0
3823500 2818500  3 10 18   8.3 1001 228  5.2 7  5.6  80    1   26 315 -352  0
3823500 2818500  3 10 19   8.4 1001 229  5.5 8  5.6  80    0    0 315 -347  0
3823500 2818500  3 10 20   8.4 1001 230  6.4 8  5.5  79    0    0 321 -345  0
3823500 2818500  3 10 21   8.5 1001 234  6.4 8  5.5  78    0    0 323 -345  0
3823500 2818500  3 10 22   8.6 1000 230  5.9 8  5.5  78    0    0 324 -344  0
3823500 2818500  3 10 23   8.5 1001 237  5.5 8  5.6  80    0    0 325 -343  0
3823500 2818500  3 10 24   8.5 1001 238  5.5 8  5.7  82    0    0 324 -342  0
3823500 2818500  3 11  1   8.7 1001 248  4.8 7  5.8  82    0    0 319 -341  0
3823500 2818500  3 11  2   8.0 1001 258  5.0 7  5.6  81    0    0 313 -340  0
3823500 2818500  3 11  3   7.5 1002 258  4.7 7  5.3  80    0    0 312 -340  0
3823500 2818500  3 11  4   7.2 1002 255  4.4 7  5.1  80    0    0 312 -339  0
3823500 2818500  3 11  5   6.9 1003 265  3.4 8  4.8  77    0    0 317 -339  0
3823500 2818500  3 11  6   6.5 1003 254  2.6 8  4.5  73    0    0 322 -339  0
3823500 2818500  3 11  7   6.0 1004 256  2.5 6  4.6  77    0    0 309 -339  0
3823500 2818500  3 11  8   5.7 1004 257  3.0 6  4.7  80   11   32 297 -339  0
3823500 2818500  3 11  9   6.5 1005 254  4.0 6  4.7  79   35  100 297 -340  0
3823500 2818500  3 11 10   7.1 1006 249  4.5 7  4.8  78   11  148 307 -343  0
3823500 2818500  3 11 11   7.4 1006 257  4.2 7  4.8  76    0  116 313 -349  0
3823500 2818500  3 11 12   7.9 1006 258  4.9 6  4.7  72    0  159 308 -357  0
3823500 2818500  3 11 13   8.4 1007 269  5.1 5  4.6  68    2  180 297 -361  0
3823500 2818500  3 11 14   9.0 1007 255  5.4 5  4.4  62   34  229 290 -362  0
3823500 2818500  3 11 15   9.8 1007 249  6.2 4  4.1  56   89  214 286 -362  0
3823500 2818500  3 11 16   9.8 1007 268  5.7 4  3.9  51  185  116 281 -359  0
3823500 2818500  3 11 17   9.6 1007 250  5.1 4  3.7  50  148   63 279 -356  0
3823500 2818500  3 11 18   8.6 1006 216  3.0 2  3.8  52   48   36 269 -354  0
3823500 2818500  3 11 19   6.8 1006 230  1.8 2  3.8  57    0    0 255 -348  0
3823500 2818500  3 11 20   5.5 1007 222  1.5 2  3.7  62    0    0 247 -342  0
3823500 2818500  3 11 21   4.2 1007 213  0.8 1  3.7  68    0    0 238 -337  0
3823500 2818500  3 11 22   2.3 1007 142  1.3 1  3.7  76    0    0 227 -333  0
3823500 2818500  3 11 23   1.7 1007 157  1.2 3  3.6  82    0    0 228 -329  0
3823500 2818500  3 11 24   3.7 1007 158  1.1 5  3.7  79    0    0 244 -327  0
3823500 2818500  3 12  1   3.0 1007 159  1.6 6  3.8  78    0    0 257 -325  0
3823500 2818500  3 12  2   3.4 1006 165  1.7 5  3.8  80    0    0 257 -325  0
3823500 2818500  3 12  3   3.1 1006 159  1.4 3  3.9  82    0    0 243 -324  0
3823500 2818500  3 12  4   2.0 1005 159  0.7 3  4.0  86    0    0 231 -324  0
3823500 2818500  3 12  5   0.3 1005 154  0.8 5  3.8  92    0    0 236 -324  0
3823500 2818500  3 12  6   1.1 1004 152  1.0 4  3.8  95    0    0 240 -323  0
3823500 2818500  3 12  7   1.5 1004 144  0.5 5  3.9  94    0    0 243 -322  0
3823500 2818500  3 12  8   2.1 1003 144  0.5 6  4.0  91    0   31 254 -322  0
3823500 2818500  3 12  9   4.9 1003 135  0.7 5  4.2  85   25  115 259 -325  0
3823500 2818500  3 12 10   7.0 1002 139  1.8 5  4.5  76   65  187 259 -333  0
3823500 2818500  3 12 11   9.2 1002 147  2.6 5  4.6  68   99  244 265 -345  0
3823500 2818500  3 12 12  10.9 1001 150  2.9 5  4.7  61  188  273 270 -357  0
3823500 2818500  3 12 13  12.4 1000 143  3.5 4  4.7  54  290  233 273 -367  0
3823500 2818500  3 12 14  12.5  998 149  3.5 4  4.7  52  211  258 273 -373  0
3823500 2818500  3 12 15  12.8  998 135  2.6 6  4.7  51   85  251 286 -376  0
3823500 2818500  3 12 16  13.4  997 160  3.0 6  4.8  51   59  193 298 -377  0
3823500 2818500  3 12 17  13.7  996 188  2.2 7  4.8  49   47  119 306 -375  0
3823500 2818500  3 12 18  11.7  996 170  1.0 7  4.8  52   12   41 311 -371  0
3823500 2818500  3 12 19   9.8  996 152  0.4 7  4.9  60    0    0 308 -365  0
3823500 2818500  3 12 20   7.4  995 145  0.6 7  4.8  68    0    0 303 -360  0
3823500 2818500  3 12 21   8.2  995 160  0.5 7  5.0  74    0    0 304 -357  0
3823500 2818500  3 12 22   9.2  995 165  1.4 7  5.1  71    0    0 308 -356  0
3823500 2818500  3 12 23   9.9  995 177  1.9 7  5.1  67    0    0 313 -355  0
3823500 2818500  3 12 24  10.6  995 202  2.5 7  5.2  66    0    0 317 -355  0
3823500 2818500  3 13  1  10.1  995 209  1.7 7  5.5  68    0    0 320 -354  0
3823500 2818500  3 13  2   9.6  995 199  1.5 7  5.7  74    0    0 320 -354  0
3823500 2818500  3 13  3   8.9  995 195  0.7 6  6.0  81    0    0 316 -354  0
3823500 2818500  3 13  4   8.7  995 182  0.8 7  6.0  84    0    0 316 -354  0
3823500 2818500  3 13  5   8.6  995 167  1.0 7  5.9  83    0    0 322 -354  0
3823500 2818500  3 13  6   8.6  995 183  1.5 7  5.8  81    0    0 324 -354  0
3823500 2818500  3 13  7   8.9  995 165  2.3 8  5.6  79    0    0 330 -355  0
3823500 2818500  3 13  8   9.2  995 169  2.2 7  5.6  77    0   13 332 -356  0
3823500 2818500  3 13  9  10.1  995 176  2.7 8  5.7  75    0   56 334 -358  0
3823500 2818500  3 13 10  10.7  995 197  3.4 7  5.9  74    7  159 336 -362  0
3823500 2818500  3 13 11  11.8  996 193  3.9 7  6.1  72   17  225 332 -367  0
3823500 2818500  3 13 12  12.7  996 207  3.8 8  6.2  69    6  218 339 -373  0
3823500 2818500  3 13 13  13.3  996 207  4.0 7  6.2  65    1  180 340 -379  0
3823500 2818500  3 13 14  13.3  996 202  3.7 5  6.2  64   12  238 324 -381  0
3823500 2818500  3 13 15  13.3  996 200  3.0 4  6.1  63   25  240 306 -382  0
3823500 2818500  3 13 16  12.9  996 174  2.6 6  6.1  64    1  122 309 -381  0
3823500 2818500  3 13 17  12.8  996 172  1.2 7  6.2  66    0   75 322 -379  0
3823500 2818500  3 13 18  12.5  996 165  1.2 7  6.2  67    0   27 325 -377  0
3823500 2818500  3 13 19  11.9  997 151  0.7 7  6.2  69    0    0 320 -374  0
3823500 2818500  3 13 20  11.2  997 143  0.6 7  6.2  72    0    0 316 -368  0
3823500 2818500  3 13 21  10.2  998 150  0.3 8  6.2  76    0    0 316 -365  0
3823500 2818500  3 13 22   9.9  998 136  0.4 8  6.2  80    0    0 314 -362  0
3823500 2818500  3 13 23   9.0  999 137  0.1 8  6.3  84    0    0 309 -359  0
3823500 2818500  3 13 24   8.8  999 148  0.1 8  6.4  89    0    0 305 -356  0
3823500 2818500  3 14  1   8.5 1000 139  0.2 7  6.6  93    0    0 301 -353  0
3823500 2818500  3 14  2   8.4 1000 127  0.2 7  6.7  96    0    0 298 -352  0
3823500 2818500  3 14  3   8.2 1001 149  0.4 7  6.7  97    0    0 298 -351  0
3823500 2818500  3 14  4   8.2 1001 167  0.1 7  6.7  97    0    0 299 -349  0
3823500 2818500  3 14  5   8.3 1001 165  0.2 7  6.7  97    0    0 300 -348  0
3823500 2818500  3 14  6   8.3 1002 173  0.1 8  6.7  98    0    0 306 -346  0
3823500 2818500  3 14  7   8.5 1003 166  0.2 8  6.8  98    0    0 312 -345  0
3823500 2818500  3 14  8   8.6 1003 158  0.3 8  6.9  98    0   23 312 -345  0
3823500 2818500  3 14  9   9.2 1004 175  0.2 7  7.0  98    7  113 308 -349  0
3823500 2818500  3 14 10   9.8 1005 226  0.7 7  7.2  96    3  147 305 -359  0
3823500 2818500  3 14 11  10.4 1006 249  0.6 7  7.3  94    0  145 307 -369  0
3823500 2818500  3 14 12  10.9 1006 262  0.7 8  7.3  90    0  117 314 -379  0
3823500 2818500  3 14 13  11.2 1007 250  0.6 7  7.2  87    0  157 316 -387  0
3823500 2818500  3 14 14  11.7 1007 209  0.3 6  7.2  85    3  192 309 -393  0
3823500 2818500  3 14 15  11.3 1007 327  0.3 7  7.2  85    0  100 312 -396  0
3823500 2818500  3 14 16  12.4 1008 101  0.3 7  7.2  82    0   65 320 -394  0
3823500 2818500  3 14 17  12.1 1008  47  0.1 6  7.2  80    2   96 319 -388  0
3823500 2818500  3 14 18  11.4 1008  66  0.2 8  7.2  83    5   50 323 -381  0
3823500 2818500  3 14 19  10.9 1009  45  0.1 7  7.2  87    0    0 327 -374  0
3823500 2818500  3 14 20  10.1 1009  52  0.8 7  7.1  89    0    0 320 -368  0
3823500 2818500  3 14 21   9.4 1009  65  0.3 7  6.9  91    0    0 319 -363  0
3823500 2818500  3 14 22   9.0 1010  57  0.1 7  6.7  92    0    0 318 -360  0
3823500 2818500  3 14 23   9.1 1010  74  0.9 8  6.7  93    0    0 321 -358  0
3823500 2818500  3 14 24   8.6 1011  56  1.1 8  6.8  96    0    0 326 -355  0
3823500 2818500  3 15  1   8.9 1011  37  0.2 6  6.8  96    0    0 320 -353  0
3823500 2818500  3 15  2   8.3 1010  53  0.4 5  6.6  94    0    0 309 -350  0
3823500 2818500  3 15  3   8.8 1011  54  0.7 5  6.5  93    0    0 307 -349  0
3823500 2818500  3 15  4   8.9 1010  56  0.8 6  6.5  92    0    0 312 -350  0
3823500 2818500  3 15  5   9.0 1010  61  1.0 6  6.6  92    0    0 319 -350  0
3823500 2818500  3 15  6   8.9 1010  67  1.1 5  6.6  92    0    0 315 -349  0
3823500 2818500  3 15  7   8.9 1010  65  1.4 7  6.6  92    0    1 320 -350  0
3823500 2818500  3 15  8   9.0 1010  70  1.2 7  6.7  93    7   39 331 -350  0
3823500 2818500  3 15  9   9.7 1010  71  1.7 5  6.7  91   78   91 321 -350  0
3823500 2818500  3 15 10  10.6 1010  81  1.7 5  6.8  88   98  150 313 -352  0
3823500 2818500  3 15 11  11.7 1010  86  2.2 5  6.9  84  128  190 316 -354  0
3823500 2818500  3 15 12  12.7 1010  72  2.4 5  7.0  79  136  221 320 -354  0
3823500 2818500  3 15 13  13.1 1009  72  2.4 5  7.1  76  136  234 321 -356  0
3823500 2818500  3 15 14  14.0 1009  78  2.6 5  7.0  72  114  229 322 -357  0
3823500 2818500  3 15 15  14.1 1008  83  2.1 6  7.0  69   70  204 330 -359  0
3823500 2818500  3 15 16  13.6 1008  73  2.6 5  7.0  70  147  138 328 -360  0
3823500 2818500  3 15 17  12.9 1007  73  3.2 2  6.9  73  179   55 302 -358  0
3823500 2818500  3 15 18  11.5 1007  66  2.6 1  6.8  76   62   33 275 -357  0
3823500 2818500  3 15 19  10.6 1007  69  2.5 3  6.5  79    0    4 275 -355  0
3823500 2818500  3 15 20   9.8 1008  75  1.8 2  6.4  82    0    0 277 -354  0
3823500 2818500  3 15 21   8.9 1008  76  1.7 1  6.1  83    0    0 259 -353  0
3823500 2818500  3 15 22   8.1 1008  73  1.9 1  5.9  85    0    0 246 -353  0
3823500 2818500  3 15 23   8.0 1009  69  1.3 1  5.7  85    0    0 237 -353  0
3823500 2818500  3 15 24   7.6 1009  75  2.1 2  5.7  86    0    0 235 -353  0
3823500 2818500  3 16  1   8.1 1008  75  1.8 2  5.7  85    0    0 231 -352  0
3823500 2818500  3 16  2   8.3 1008  81  1.9 3  5.6  82    0    0 223 -351  0
3823500 2818500  3 16  3   7.8 1008  71  1.9 5  5.5  82    0    0 240 -350  0
3823500 2818500  3 16  4   7.4 1007  72  2.2 5  5.4  83    0    0 258 -348  0
3823500 2818500  3 16  5   6.9 1007  71  2.4 5  5.2  82    0    0 260 -347  0
3823500 2818500  3 16  6   6.5 1007  77  3.1 6  5.1  83    0    0 268 -345  0
3823500 2818500  3 16  7   6.1 1007  81  2.6 8  5.0  83    0    0 305 -344  0
3823500 2818500  3 16  8   5.8 1007  76  2.3 8  4.9  84    0   24 332 -343  0
3823500 2818500  3 16  9   5.4 1007  75  2.9 7  4.8  84    0   74 318 -343  0
3823500 2818500  3 16 10   5.2 1007  58  3.2 8  4.7  84    1  124 317 -344  0
3823500 2818500  3 16 11   5.5 1006  67  3.7 7  4.6  82    1  150 322 -347  0
3823500 2818500  3 16 12   5.7 1006  61  2.8 7  4.6  81    7  207 321 -350  0
3823500 2818500  3 16 13   5.9 1005  68  3.4 7  4.6  80    8  213 322 -353  0
3823500 2818500  3 16 14   5.7 1005  71  3.4 7  4.6  80    1  169 324 -355  0
3823500 2818500  3 16 15   5.8 1004  53  3.9 7  4.6  80    1  150 325 -355  0
3823500 2818500  3 16 16   5.6 1003  66  4.2 7  4.6  80    0  103 325 -354  0
3823500 2818500  3 16 17   4.8 1003  71  4.3 8  4.5  81    0   64 329 -352  0
3823500 2818500  3 16 18   4.6 1003  71  3.1 7  4.4  82    0   15 328 -351  0
3823500 2818500  3 16 19   4.2 1003  71  3.1 8  4.4  83    0    0 327 -349  0
3823500 2818500  3 16 20   4.1 1002  67  2.8 8  4.4  84    0    0 331 -348  0
3823500 2818500  3 16 21   3.9 1002  69  2.3 8  4.3  85    0    0 331 -347  0
3823500 2818500  3 16 22   3.9 1002  61  2.5 8  4.4  86    0    0 330 -346  0
3823500 2818500  3 16 23   3.9 1002  55  3.4 8  4.5  88    0    0 332 -345  0
3823500 2818500  3 16 24   4.0 1002  54  2.9 8  4.6  90    0    0 332 -344  0
3823500 2818500  3 17  1   4.1 1001  53  2.3 7  4.7  92    0    0 326 -343  0
3823500 2818500  3 17  2   4.3 1001  51  2.7 7  4.9  94    0    0 321 -342  0
3823500 2818500  3 17  3   4.5 1000  53  2.9 7  5.0  96    0    0 320 -341  0
3823500 2818500  3 17  4   4.7 1000  47  3.0 7  5.1  96    0    0 318 -340  0
3823500 2818500  3 17  5   4.8  999  46  2.7 7  5.1  95    0    0 319 -339  0
3823500 2818500  3 17  6   4.8  999  33  2.4 8  5.1  95    0    0 328 -337  0
3823500 2818500  3 17  7   4.9  999  38  2.4 8  5.1  94    0    0 334 -337  0
3823500 2818500  3 17  8   5.1 1000  24  2.5 8  5.1  92    0   28 334 -336  0
3823500 2818500  3 17  9   5.4 1000  28  2.2 7  5.1  90    0   54 330 -336  0
3823500 2818500  3 17 10   5.5 1000   7  2.0 8  5.0  88    0   62 330 -337  0
3823500 2818500  3 17 11   5.9 1000   9  2.1 7  5.0  86    0   74 330 -338  0
3823500 2818500  3 17 12   6.1 1000   8  1.8 8  5.0  85    0   88 330 -340  0
3823500 2818500  3 17 13   6.5 1000 358  1.4 8  5.0  83    0   66 338 -341  0
3823500 2818500  3 17 14   6.7 1001 332  1.5 8  5.0  81    0   69 338 -341  0
3823500 2818500  3 17 15   7.0 1001 328  1.5 7  5.0  80    0   68 332 -342  0
3823500 2818500  3 17 16   7.6 1001 320  1.4 7  5.1  79    0   57 329 -343  0
3823500 2818500  3 17 17   7.6 1001 329  0.7 7  5.2  78    0   62 330 -343  0
3823500 2818500  3 17 18   7.8 1002 308  0.4 8  5.2  79    5   29 336 -343  0
3823500 2818500  3 17 19   7.5 1002 298  0.8 8  5.3  81    0    0 341 -343  0
3823500 2818500  3 17 20   7.6 1003 285  0.6 8  5.4  82    0    0 341 -342  0
3823500 2818500  3 17 21   7.2 1004 304  2.0 8  5.4  83    0    0 341 -341  0
3823500 2818500  3 17 22   6.6 1005 300  1.9 8  5.2  83    0    0 338 -342  0
3823500 2818500  3 17 23   5.9 1005 302  1.8 8  5.1  86    0    0 335 -342  0
3823500 2818500  3 17 24   5.3 1006 299  2.3 8  5.2  91    0    0 333 -341  0
3823500 2818500  3 18  1   4.8 1006 284  3.0 8  5.2  94    0    0 332 -340  0
3823500 2818500  3 18  2   4.6 1007 288  2.4 8  5.0  94    0    0 330 -339  0
3823500 2818500  3 18  3   4.4 1008 285  2.6 7  4.9  94    0    0 323 -338  0
3823500 2818500  3 18  4   4.4 1008 282  2.9 7  4.9  94    0    0 315 -337  0
3823500 2818500  3 18  5   4.3 1009 293  2.4 7  4.8  92    0    0 315 -336  0
3823500 2818500  3 18  6   4.0 1009 303  3.1 8  4.8  93    0    0 319 -336  0
3823500 2818500  3 18  7   4.1 1010 284  2.2 8  4.8  94    0    0 324 -334  0
3823500 2818500  3 18  8   4.2 1011 278  1.8 7  4.7  92    0   25 316 -332  0
3823500 2818500  3 18  9   4.4 1011 257  2.5 8  4.7  92    0   54 315 -334  0
3823500 2818500  3 18 10   4.9 1012 269  3.1 7  4.8  90    3  129 315 -340  0
3823500 2818500  3 18 11   6.3 1012 251  2.3 6  4.8  84  114  142 304 -347  0
3823500 2818500  3 18 12   7.5 1013 260  3.6 7  4.7  76   13  189 308 -355  0
3823500 2818500  3 18 13   8.0 1013 280  3.0 6  4.6  71   23  199 309 -362  0
3823500 2818500  3 18 14   8.9 1013 276  2.7 6  4.4  64    6  182 302 -364  0
3823500 2818500  3 18 15   9.1 1013 290  2.6 7  4.2  58    0  129 308 -362  0
3823500 2818500  3 18 16   9.1 1013 286  2.1 7  4.1  57   33  127 314 -359  0
3823500 2818500  3 18 17   8.8 1013 295  1.5 7  4.2  59    3   79 314 -356  0
3823500 2818500  3 18 18   8.0 1013 290  0.9 8  4.4  64   39   25 320 -349  0
3823500 2818500  3 18 19   7.3 1014 289  1.5 8  4.5  70    0    4 326 -340  0
3823500 2818500  3 18 20   6.7 1014 276  0.3 8  4.6  74    0    0 327 -332  0
3823500 2818500  3 18 21   5.8 1015 319  0.1 8  4.8  81    0    0 326 -326  0
3823500 2818500  3 18 22   6.0 1016 307  0.5 8  4.8  83    0    0 325 -322  0
3823500 2818500  3 18 23   5.9 1016 349  0.6 8  4.7  82    0    0 322 -320  0
3823500 2818500  3 18 24   5.5 1017  12  1.2 8  4.8  84    0    0 319 -319  0
3823500 2818500  3 19  1   5.1 1017  29  1.4 7  4.7  86    0    0 304 -318  0
3823500 2818500  3 19  2   4.7 1018  28  1.9 7  4.7  88    0    0 292 -316  0
3823500 2818500  3 19  3   4.2 1018  30  1.5 7  4.6  89    0    0 289 -315  0
3823500 2818500  3 19  4   3.2 1019  20  1.2 5  4.4  90    0    0 276 -315  0
3823500 2818500  3 19  5   1.9 1019  22  1.0 4  4.2  93    0    0 257 -315  0
3823500 2818500  3 19  6   1.2 1020  22  0.2 4  4.1  97    0    0 247 -314  0
3823500 2818500  3 19  7   0.3 1021  21  0.3 5  3.9  99    0    4 248 -314  0
3823500 2818500  3 19  8   1.6 1022  30  0.9 6  3.9  97    3   47 260 -315  0
3823500 2818500  3 19  9   2.1 1023   1  0.9 5  4.0  93   53  128 264 -317  0
3823500 2818500  3 19 10   3.1 1024 354  0.4 3  4.0  88  240  135 253 -322  0
3823500 2818500  3 19 11   4.9 1025  42  0.7 1  4.1  81  370  135 236 -330  0
3823500 2818500  3 19 12   6.1 1025  18  0.9 1  4.0  72  443  138 230 -344  0
3823500 2818500  3 19 13   7.3 1025 358  0.9 1  3.5  58  478  136 234 -353  0
3823500 2818500  3 19 14   8.2 1025   3  0.4 1  3.0  46  478  120 239 -355  0
3823500 2818500  3 19 15   8.5 1025  28  1.0 0  2.8  42  427  106 240 -355  0
3823500 2818500  3 19 16   8.7 1025 360  1.1 0  2.9  43  331   93 240 -354  0
3823500 2818500  3 19 17   9.0 1025 359  0.9 0  2.9  42  206   78 241 -352  0
3823500 2818500  3 19 18   8.3 1025 336  1.0 0  2.7  40   76   53 238 -347  0
3823500 2818500  3 19 19   6.3 1025   6  0.1 1  2.7  44    3    9 238 -339  0
3823500 2818500  3 19 20   3.3 1026   7  0.1 1  3.0  56    0    0 234 -331  0
3823500 2818500  3 19 21   2.0 1026 277  0.1 0  3.1  69    0    0 223 -325  0
3823500 2818500  3 19 22   0.6 1026 241  0.1 0  3.2  77    0    0 215 -322  0
3823500 2818500  3 19 23  -0.5 1026 181  0.1 1  3.1  83    0    0 213 -320  0
3823500 2818500  3 19 24  -0.8 1026 171  0.1 1  3.1  88    0    0 212 -319  0
3823500 2818500  3 20  1  -1.4 1026  12  0.0 0  3.1  90    0    0 204 -319  0
3823500 2818500  3 20  2  -1.7 1026 280  0.0 0  3.0  90    0    0 195 -317  0
3823500 2818500  3 20  3  -2.2 1026 189  0.1 0  3.0  92    0    0 191 -316  0
3823500 2818500  3 20  4  -2.5 1026 156  0.1 0  2.9  93    0    0 188 -316  0
3823500 2818500  3 20  5  -2.7 1026 157  0.1 0  2.9  92    0    0 187 -316  0
3823500 2818500  3 20  6  -2.9 1026 158  0.1 0  2.8  92    0    0 188 -316  0
3823500 2818500  3 20  7  -2.9 1026 131  0.1 2  2.8  93    0    8 196 -316  0
3823500 2818500  3 20  8  -0.5 1026  74  0.1 2  3.0  90   19   60 209 -316  0
3823500 2818500  3 20  9   3.5 1026 152  0.1 3  3.3  78  136  108 226 -318  0
3823500 2818500  3 20 10   5.9 1026 183  0.6 2  3.4  64  285  117 238 -324  0
3823500 2818500  3 20 11   8.3 1026 223  0.9 1  3.1  50  400  122 240 -334  0
3823500 2818500  3 20 12   8.9 1026 182  1.1 1  2.8  42  480  119 242 -347  0
3823500 2818500  3 20 13   9.9 1026 222  0.7 0  2.7  37  513  116 241 -357  0
3823500 2818500  3 20 14  10.4 1026 209  0.7 0  2.6  34  509  104 241 -362  0
3823500 2818500  3 20 15  10.9 1025 152  0.8 1  2.5  32  445   97 248 -365  0
3823500 2818500  3 20 16  11.2 1025 110  0.4 0  2.4  30  347   88 252 -364  0
3823500 2818500  3 20 17  11.0 1024 186  0.5 0  2.4  29  215   77 248 -361  0
3823500 2818500  3 20 18  10.9 1024 154  0.1 0  2.3  29   82   53 247 -357  0
3823500 2818500  3 20 19   7.7 1024 201  0.1 1  2.4  34    4   10 247 -351  0
3823500 2818500  3 20 20   5.1 1025 222  0.0 1  2.8  48    0    0 246 -347  0
3823500 2818500  3 20 21   3.5 1025 100  0.1 1  3.1  62    0    0 242 -344  0
3823500 2818500  3 20 22   2.1 1025 149  0.1 0  2.9  64    0    0 234 -343  0
3823500 2818500  3 20 23   1.2 1025 146  0.1 1  2.9  69    0    0 232 -343  0
3823500 2818500  3 20 24   0.6 1025 126  0.1 2  3.0  76    0    0 240 -342  0
3823500 2818500  3 21  1  -0.4 1026 340  0.1 1  3.0  79    0    0 239 -341  0
3823500 2818500  3 21  2  -0.6 1026 102  0.1 0  2.9  80    0    0 232 -339  0
3823500 2818500  3 21  3  -1.3 1025 266  0.1 0  2.9  82    0    0 227 -337  0
3823500 2818500  3 21  4  -1.7 1025 131  0.1 0  2.8  85    0    0 227 -338  0
3823500 2818500  3 21  5  -1.7 1025   9  0.1 0  2.8  86    0    0 228 -339  0
3823500 2818500  3 21  6  -1.9 1025  82  0.1 0  2.8  86    0    0 230 -340  0
3823500 2818500  3 21  7  -2.1 1026 148  0.1 0  2.8  88    0   11 231 -340  0
3823500 2818500  3 21  8   1.1 1026 150  0.1 0  3.0  84   44   60 233 -340  0
3823500 2818500  3 21  9   4.5 1027 182  0.2 0  3.3  71  164   99 239 -343  0
3823500 2818500  3 21 10   7.6 1027 190  0.8 0  3.3  57  293  118 244 -350  0
3823500 2818500  3 21 11   9.9 1027 197  1.0 1  3.1  45  393  133 251 -359  0
3823500 2818500  3 21 12  11.3 1027 250  1.8 1  2.7  35  443  151 259 -369  0
3823500 2818500  3 21 13  12.0 1027 246  1.4 2  2.6  31  461  155 266 -377  0
3823500 2818500  3 21 14  12.8 1027 266  1.7 3  2.6  30  454  142 276 -381  0
3823500 2818500  3 21 15  13.2 1026 243  1.4 3  2.7  30  383  139 283 -383  0
3823500 2818500  3 21 16  13.2 1026 265  1.4 4  2.7  29  226  154 290 -382  0
3823500 2818500  3 21 17  13.2 1026 272  0.9 4  2.7  29  143  110 295 -380  0
3823500 2818500  3 21 18  12.3 1026 222  0.6 3  2.9  32   46   56 289 -374  0
3823500 2818500  3 21 19   9.7 1026 226  0.1 4  3.1  38    1    9 285 -366  0
3823500 2818500  3 21 20   7.4 1026 166  0.1 4  3.3  48    0    0 285 -357  0
3823500 2818500  3 21 21   5.7 1026 193  0.1 3  3.4  57    0    0 275 -351  0
3823500 2818500  3 21 22   3.7 1026 232  0.0 1  3.5  66    0    0 255 -347  0
3823500 2818500  3 21 23   3.0 1027 325  0.1 1  3.5  73    0    0 242 -344  0
3823500 2818500  3 21 24   1.9 1027 112  0.0 1  3.4  75    0    0 240 -341  0
3823500 2818500  3 22  1   0.9 1027 198  0.0 0  3.4  81    0    0 232 -339  0
3823500 2818500  3 22  2   0.3 1027 126  0.1 0  3.3  85    0    0 225 -338  0
3823500 2818500  3 22  3  -0.1 1027 113  0.1 1  3.3  88    0    0 228 -336  0
3823500 2818500  3 22  4  -0.5 1027 165  0.1 2  3.3  90    0    0 237 -334  0
3823500 2818500  3 22  5  -0.8 1027 137  0.1 1  3.2  90    0    0 236 -334  0
3823500 2818500  3 22  6  -1.3 1027 171  0.1 1  3.1  90    0    0 230 -333  0
3823500 2818500  3 22  7  -1.3 1027  90  0.1 2  3.1  92    0   11 236 -334  0
3823500 2818500  3 22  8   0.8 1028 153  0.1 2  3.2  88   31   68 245 -339  0
3823500 2818500  3 22  9   5.3 1028 174  0.1 1  3.6  78  124  126 249 -347  0
3823500 2818500  3 22 10   8.4 1029 218  0.7 2  4.0  66  230  165 260 -355  0
3823500 2818500  3 22 11  11.0 1029 258  1.2 2  4.0  54  331  182 273 -366  0
3823500 2818500  3 22 12  13.5 1029 302  1.7 2  4.2  48  409  184 282 -377  0
3823500 2818500  3 22 13  13.9 1029 309  1.7 2  4.7  49  460  169 289 -384  0
3823500 2818500  3 22 14  14.4 1029 314  1.5 1  4.8  49  453  156 288 -388  0
3823500 2818500  3 22 15  14.5 1028 307  1.6 1  4.9  49  397  143 285 -391  0
3823500 2818500  3 22 16  14.8 1028 342  2.1 2  5.1  50  292  129 292 -390  0
3823500 2818500  3 22 17  14.8 1028 322  1.3 2  5.3  51  186   98 298 -386  0
3823500 2818500  3 22 18  14.0 1028 341  1.0 3  5.3  53   69   59 302 -380  0
3823500 2818500  3 22 19  12.7 1028 332  0.6 5  5.4  58    3   12 313 -371  0
3823500 2818500  3 22 20  11.0 1028 320  0.1 5  5.3  63    0    0 318 -362  0
3823500 2818500  3 22 21  11.1 1029 344  1.4 6  5.2  65    0    0 319 -355  0
3823500 2818500  3 22 22   9.1 1029 353  0.8 6  5.0  66    0    0 322 -353  0
3823500 2818500  3 22 23   6.4 1030 323  0.4 3  4.8  74    0    0 299 -354  0
3823500 2818500  3 22 24   5.2 1030 305  0.1 2  4.6  82    0    0 271 -356  0
3823500 2818500  3 23  1   3.7 1030 315  0.2 2  4.5  88    0    0 260 -357  0
3823500 2818500  3 23  2   2.1 1030 313  0.3 2  4.3  92    0    0 253 -356  0
3823500 2818500  3 23  3   3.4 1030 330  0.5 2  4.3  94    0    0 251 -356  0
3823500 2818500  3 23  4   2.7 1030 335  0.6 1  4.5  96    0    0 244 -355  0
3823500 2818500  3 23  5   2.5 1031 342  0.8 1  4.4  98    0    0 235 -355  0
3823500 2818500  3 23  6   2.7 1031 348  0.4 6  4.5  99    0    0 263 -355  0
3823500 2818500  3 23  7   3.1 1031  10  0.8 6  4.6 100    0    7 293 -352  0
3823500 2818500  3 23  8   3.9 1032  22  1.1 6  4.7  99    4   59 293 -349  0
3823500 2818500  3 23  9   4.4 1032  35  1.4 5  4.9  98   15  134 289 -352  0
3823500 2818500  3 23 10   5.4 1033  21  2.0 7  5.1  97   38  205 298 -362  0
3823500 2818500  3 23 11   7.6 1033  57  1.7 5  5.3  89  171  242 302 -375  0
3823500 2818500  3 23 12  10.3 1033  38  2.0 3  5.2  74  501  112 286 -389  0
3823500 2818500  3 23 13  11.7 1032  16  2.2 2  5.0  62  545  105 276 -399  0
3823500 2818500  3 23 14  12.5 1032   0  1.7 3  4.7  55  538   96 281 -405  0
3823500 2818500  3 23 15  13.5 1031 359  1.7 3  4.6  50  476   90 288 -408  0
3823500 2818500  3 23 16  13.3 1030 342  2.5 3  4.5  48  372   84 288 -404  0
3823500 2818500  3 23 17  13.8 1030 356  2.6 3  4.5  47  241   73 285 -395  0
3823500 2818500  3 23 18  12.9 1029  10  2.1 1  4.5  48   98   53 277 -384  0
3823500 2818500  3 23 19  10.7 1029 350  1.2 2  4.6  54    7   12 271 -372  0
3823500 2818500  3 23 20   7.6 1029 289  0.6 2  4.6  64    0    0 268 -360  0
3823500 2818500  3 23 21   5.1 1030 295  0.5 2  4.6  79    0    0 261 -350  0
3823500 2818500  3 23 22   3.9 1030 274  0.0 2  4.5  88    0    0 258 -343  0
3823500 2818500  3 23 23   3.0 1030 316  0.0 2  4.3  90    0    0 255 -339  0
3823500 2818500  3 23 24   2.2 1030 347  0.1 1  4.1  92    0    0 251 -337  0
3823500 2818500  3 24  1   1.6 1030 231  0.1 1  4.0  93    0    0 245 -336  0
3823500 2818500  3 24  2   1.2 1029 193  0.4 1  3.9  94    0    0 244 -336  0
3823500 2818500  3 24  3   1.1 1029 270  0.7 2  3.8  93    0    0 247 -336  0
3823500 2818500  3 24  4   0.2 1029 203  0.3 3  3.7  94    0    0 254 -335  0
3823500 2818500  3 24  5  -0.6 1029 323  0.0 3  3.6  99    0    0 256 -334  0
3823500 2818500  3 24  6  -0.7 1029 176  0.2 1  3.5 100    0    0 245 -332  0
3823500 2818500  3 24  7   0.0 1028 182  0.4 3  3.6  98    3   12 244 -331  0
3823500 2818500  3 24  8   2.0 1028 179  0.3 2  3.9  96   59   59 251 -332  0
3823500 2818500  3 24  9   6.2 1029 284  0.3 2  4.3  86  180   96 252 -340  0
3823500 2818500  3 24 10   9.0 1029 328  0.7 1  4.9  77  312  115 256 -355  0
3823500 2818500  3 24 11  11.1 1029 252  0.9 1  5.6  74  422  124 259 -372  0
3823500 2818500  3 24 12  12.7 1028 334  1.1 1  5.9  69  495  127 265 -387  0
3823500 2818500  3 24 13  14.2 1028 292  1.2 1  6.0  64  527  126 270 -399  0
3823500 2818500  3 24 14  14.8 1027   9  1.5 0  5.8  57  496  125 269 -407  0
3823500 2818500  3 24 15  15.3 1026  34  1.7 1  5.5  52  397  133 270 -411  0
3823500 2818500  3 24 16  14.8 1025   1  2.0 1  5.5  52  285  127 273 -410  0
3823500 2818500  3 24 17  14.8 1024   9  1.3 3  5.5  54  153  108 279 -402  0
3823500 2818500  3 24 18  14.2 1023  39  1.9 3  5.5  54   42   59 284 -391  0
3823500 2818500  3 24 19  12.4 1023  39  1.0 5  5.5  58    4   10 285 -378  0
3823500 2818500  3 24 20  10.3 1022   5  0.1 5  5.2  63    0    0 284 -367  0
3823500 2818500  3 24 21   8.5 1022  44  0.3 4  5.1  70    0    0 272 -361  0
3823500 2818500  3 24 22   6.5 1022  33  0.1 3  5.0  78    0    0 257 -359  0
3823500 2818500  3 24 23   5.6 1021  20  0.3 3  4.9  84    0    0 249 -357  0
3823500 2818500  3 24 24   5.4 1020  36  0.3 3  4.8  86    0    0 247 -356  0
3823500 2818500  3 25  1   4.9 1020  18  0.1 4  4.7  87    0    0 249 -355  0
3823500 2818500  3 25  2   3.8 1019   6  0.1 4  4.6  89    0    0 250 -353  0
3823500 2818500  3 25  3   3.3 1018 357  0.1 4  4.5  92    0    0 250 -350  0
3823500 2818500  3 25  4   2.9 1017  36  0.1 4  4.5  96    0    0 250 -347  0
3823500 2818500  3 25  5   3.1 1016 334  0.1 5  4.6  97    0    0 256 -345  0
3823500 2818500  3 25  6   3.4 1015  90  0.1 6  4.6  96    0    0 269 -342  0
3823500 2818500  3 25  7   3.4 1015 164  0.1 6  4.7  97    0   10 276 -340  0
3823500 2818500  3 25  8   5.4 1014  40  0.1 5  4.9  95   22   70 276 -340  0
3823500 2818500  3 25  9   9.0 1014 350  0.1 6  5.3  83   98  129 286 -345  0
3823500 2818500  3 25 10  11.2 1013 215  0.9 5  5.4  70  285  113 295 -357  0
3823500 2818500  3 25 11  12.6 1013 289  1.3 6  5.2  60  143  238 302 -370  0
3823500 2818500  3 25 12  13.0 1012 329  2.8 6  5.2  57   67  278 311 -381  0
3823500 2818500  3 25 13  12.9 1011 315  3.3 6  5.3  57   43  276 311 -390  0
3823500 2818500  3 25 14  12.5 1011 314  3.1 6  5.2  56   44  265 310 -396  0
3823500 2818500  3 25 15  12.6 1010 321  2.9 7  4.8  53   31  234 314 -398  0
3823500 2818500  3 25 16  12.4 1009 326  2.3 7  4.5  50   14  175 318 -397  0
3823500 2818500  3 25 17  11.9 1009 329  2.8 7  4.5  51   16  131 316 -394  0
3823500 2818500  3 25 18  11.2 1008 322  2.9 6  4.6  54   16   60 309 -387  0
3823500 2818500  3 25 19  10.5 1008 335  2.2 7  4.8  59    0   10 306 -376  0
3823500 2818500  3 25 20   9.3 1007 324  2.6 7  4.8  63    0    0 306 -367  0
3823500 2818500  3 25 21   8.3 1008 354  2.3 7  4.6  65    0    0 303 -362  0
3823500 2818500  3 25 22   7.6 1008 338  2.2 8  4.3  65    0    0 306 -360  0
3823500 2818500  3 25 23   6.5 1008 356  1.7 8  4.1  66    0    0 309 -359  0
3823500 2818500  3 25 24   5.2 1008 331  1.1 7  4.1  71    0    0 302 -358  0
3823500 2818500  3 26  1   4.4 1008 306  1.0 8  4.1  76    0    0 300 -356  0
3823500 2818500  3 26  2   4.2 1008 302  1.2 8  4.1  79    0    0 305 -355  0
3823500 2818500  3 26  3   3.6 1007 293  1.0 7  4.1  81    0    0 299 -352  0
3823500 2818500  3 26  4   3.5 1007 303  0.5 7  4.1  83    0    0 293 -349  0
3823500 2818500  3 26  5   3.6 1007 300  0.5 8  4.2  86    0    0 301 -345  0
3823500 2818500  3 26  6   4.3 1007 306  0.7 8  4.4  88    0    0 311 -342  0
3823500 2818500  3 26  7   4.2 1008 326  0.9 7  4.6  88    0    3 308 -339  0
3823500 2818500  3 26  8   4.2 1008 335  1.5 8  4.4  86    0   27 308 -337  0
3823500 2818500  3 26  9   4.3 1008 349  2.1 8  4.2  81    0   77 317 -337  0
3823500 2818500  3 26 10   4.6 1009 352  1.9 7  4.0  77    4  182 314 -342  0
3823500 2818500  3 26 11   5.2 1009 353  1.8 7  3.9  73   34  272 310 -350  0
3823500 2818500  3 26 12   5.6 1009 336  2.0 7  4.0  72   20  282 311 -357  0
3823500 2818500  3 26 13   5.6 1009 352  1.8 7  4.0  71    4  238 311 -363  0
3823500 2818500  3 26 14   6.0 1009 352  1.5 7  4.0  69    0  173 310 -365  0
3823500 2818500  3 26 15   6.2 1009 343  1.6 8  4.0  67    0  173 315 -365  0
3823500 2818500  3 26 16   6.3 1009  11  1.1 7  3.9  65    6  171 313 -363  0
3823500 2818500  3 26 17   6.9 1009 351  0.3 5  3.8  62   67  158 293 -358  0
3823500 2818500  3 26 18   6.5 1008   6  0.5 8  3.6  59   64   79 297 -351  0
3823500 2818500  3 26 19   5.9 1008  13  0.1 8  3.6  61    5   15 309 -342  0
3823500 2818500  3 26 20   5.1 1009  46  0.1 7  3.6  63    0    0 299 -333  0
3823500 2818500  3 26 21   3.8 1009  40  0.1 5  3.4  65    0    0 279 -327  0
3823500 2818500  3 26 22   1.8 1010  51  0.1 2  3.3  70    0    0 248 -323  0
3823500 2818500  3 26 23   1.4 1010  55  0.1 2  3.2  74    0    0 230 -320  0
3823500 2818500  3 26 24   0.9 1010  80  0.1 1  3.0  73    0    0 224 -318  0
3823500 2818500  3 27  1   0.1 1010  71  0.1 1  2.9  75    0    0 218 -316  0
3823500 2818500  3 27  2  -0.8 1009  60  0.1 1  2.9  77    0    0 216 -314  0
3823500 2818500  3 27  3  -1.4 1009  59  0.1 0  2.8  80    0    0 210 -313  0
3823500 2818500  3 27  4  -1.5 1009  63  0.1 0  2.8  82    0    0 203 -313  0
3823500 2818500  3 27  5  -2.3 1008  61  0.2 0  2.8  84    0    0 202 -312  0
3823500 2818500  3 27  6  -2.7 1008  55  0.1 1  2.8  87    0    0 204 -311  0
3823500 2818500  3 27  7  -2.8 1008  64  0.1 0  2.8  89    7   14 202 -309  0
3823500 2818500  3 27  8   0.2 1008  54  0.1 0  2.9  84   78   62 200 -310  0
3823500 2818500  3 27  9   4.0 1008  77  0.7 0  3.2  72  212   89 208 -314  0
3823500 2818500  3 27 10   6.6 1007  56  1.7 0  3.4  60  348  102 216 -322  0
3823500 2818500  3 27 11   7.4 1007  52  1.9 0  3.4  55  453  114 221 -334  0
3823500 2818500  3 27 12   8.2 1007  45  1.5 0  3.4  52  527  117 223 -348  0
3823500 2818500  3 27 13   9.5 1006 265  0.7 0  3.3  46  563  115 228 -357  0
3823500 2818500  3 27 14  10.5 1006  12  1.3 0  3.0  39  553  106 231 -363  0
3823500 2818500  3 27 15  11.1 1005 344  1.3 0  2.7  34  485  101 233 -365  0
3823500 2818500  3 27 16  11.6 1005  20  1.2 0  2.6  31  384   92 235 -364  0
3823500 2818500  3 27 17  11.7 1004 334  0.9 0  2.5  29  253   81 235 -358  0
3823500 2818500  3 27 18  11.4 1004 348  1.0 0  2.4  28  111   61 233 -350  0
3823500 2818500  3 27 19   9.4 1004   2  1.1 0  2.5  32   14   13 231 -340  0
3823500 2818500  3 27 20   6.7 1004  16  0.5 1  2.6  39    0    0 229 -330  0
3823500 2818500  3 27 21   4.4 1004  20  0.2 0  2.8  49    0    0 224 -323  0
3823500 2818500  3 27 22   3.0 1004   8  0.2 0  2.9  58    0    0 215 -320  0
3823500 2818500  3 27 23   2.0 1005  13  0.1 0  3.0  66    0    0 212 -318  0
3823500 2818500  3 27 24   1.7 1005  26  0.0 1  3.0  69    0    0 217 -316  0
3823500 2818500  3 28  1   0.2 1005 325  0.3 0  3.0  73    0    0 214 -314  0
3823500 2818500  3 28  2  -0.3 1005 348  0.4 1  3.0  78    0    0 212 -314  0
3823500 2818500  3 28  3  -1.0 1005 343  0.0 1  3.0  81    0    0 216 -313  0
3823500 2818500  3 28  4  -2.0 1004 312  0.1 0  2.9  86    0    0 208 -312  0
3823500 2818500  3 28  5  -2.5 1004 286  0.2 0  2.9  90    0    0 201 -310  0
3823500 2818500  3 28  6  -2.5 1005 317  0.0 0  2.9  91    0    0 202 -308  0
3823500 2818500  3 28  7  -1.9 1005 300  0.2 0  2.9  90   12   11 202 -308  0
3823500 2818500  3 28  8   1.1 1006 333  1.2 0  3.2  85  116   32 208 -310  0
3823500 2818500  3 28  9   4.2 1006 353  1.7 0  3.6  78  254   52 216 -316  0
3823500 2818500  3 28 10   6.2 1006 333  2.2 0  3.8  70  377   77 223 -325  0
3823500 2818500  3 28 11   7.9 1007 344  2.4 0  3.9  62  515   55 228 -337  0
3823500 2818500  3 28 12   8.5 1007 341  2.6 2  4.0  59  424  125 245 -348  0
3823500 2818500  3 28 13   8.5 1007 319  2.7 6  4.1  59   41  272 280 -353  0
3823500 2818500  3 28 14   8.8 1007 296  3.0 7  4.1  59    4  208 307 -358  0
3823500 2818500  3 28 15   8.4 1007 304  2.4 7  4.2  60    0  169 312 -364  0
3823500 2818500  3 28 16   8.7 1007 319  2.4 8  4.2  61    0  103 315 -362  0
3823500 2818500  3 28 17   9.0 1007 304  2.1 5  4.2  59   86  119 303 -360  0
3823500 2818500  3 28 18   8.4 1007 337  2.0 6  4.1  59   78   38 291 -358  0
3823500 2818500  3 28 19   7.5 1007 296  0.9 6  4.1  62    4   11 293 -354  0
3823500 2818500  3 28 20   6.4 1008 288  0.6 5  4.2  67    0    0 283 -350  0
3823500 2818500  3 28 21   4.5 1008 259  0.1 5  4.1  73    0    0 273 -348  0
3823500 2818500  3 28 22   2.9 1009 228  0.5 3  3.9  79    0    0 258 -347  0
3823500 2818500  3 28 23   0.7 1009 205  0.6 2  3.8  87    0    0 239 -345  0
3823500 2818500  3 28 24   0.0 1009 244  0.4 1  3.6  92    0    0 226 -342  0
3823500 2818500  3 29  1  -0.9 1009 247  0.6 0  3.5  95    0    0 216 -337  0
3823500 2818500  3 29  2  -1.7 1009 302  0.5 0  3.4  98    0    0 209 -333  0
3823500 2818500  3 29  3  -1.8 1009 106  0.3 0  3.3 100    0    0 209 -332  0
3823500 2818500  3 29  4  -2.5 1008 170  0.3 0  3.3 100    0    0 209 -335  0
3823500 2818500  3 29  5  -2.5 1008 204  0.3 0  3.2 100    0    0 209 -337  0
3823500 2818500  3 29  6  -2.3 1008 170  0.4 1  3.2  99    0    0 214 -336  0
3823500 2818500  3 29  7  -2.1 1008 142  0.2 1  3.2  99    9   15 219 -334  0
3823500 2818500  3 29  8   1.3 1008 173  0.5 1  3.5  95   88   63 225 -336  0
3823500 2818500  3 29  9   4.6 1008 200  1.0 0  4.1  86  217   94 230 -342  0
3823500 2818500  3 29 10   7.8 1008 224  1.6 0  4.4  74  338  115 235 -353  0
3823500 2818500  3 29 11   9.4 1008 238  1.6 0  4.4  63  435  132 243 -365  0
3823500 2818500  3 29 12  10.5 1008 234  1.7 0  4.2  55  507  138 248 -375  0
3823500 2818500  3 29 13  11.6 1007 233  2.0 0  4.1  50  548  135 254 -382  0
3823500 2818500  3 29 14  12.0 1007 198  1.8 1  4.1  47  544  123 262 -387  0
3823500 2818500  3 29 15  13.0 1007 263  1.9 0  4.0  44  472  118 266 -388  0
3823500 2818500  3 29 16  13.6 1006 257  2.0 0  3.9  41  370  107 265 -386  0
3823500 2818500  3 29 17  13.7 1005 280  1.8 0  3.8  39  241   91 266 -381  0
3823500 2818500  3 29 18  13.1 1005 209  1.6 0  3.8  40  107   66 263 -374  0
3823500 2818500  3 29 19  10.9 1005 294  1.0 1  3.9  44   15   14 261 -363  0
3823500 2818500  3 29 20   7.1 1005 351  0.5 1  4.0  55    0    0 254 -350  0
3823500 2818500  3 29 21   4.9 1005 149  0.2 1  4.0  69    0    0 244 -342  0
3823500 2818500  3 29 22   3.9 1005 154  0.3 0  4.0  77    0    0 236 -339  0
3823500 2818500  3 29 23   2.7 1005 122  0.2 1  3.9  81    0    0 234 -337  0
3823500 2818500  3 29 24   2.0 1006 109  0.4 1  3.9  85    0    0 234 -335  0
3823500 2818500  3 30  1   1.2 1006 123  0.1 1  3.8  90    0    0 232 -333  0
3823500 2818500  3 30  2   1.1 1005  60  0.1 1  3.8  91    0    0 231 -331  0
3823500 2818500  3 30  3   0.5 1005  96  0.0 1  3.7  92    0    0 229 -330  0
3823500 2818500  3 30  4   0.2 1005 119  0.1 2  3.6  92    0    0 231 -328  0
3823500 2818500  3 30  5  -0.2 1005 122  0.1 3  3.5  93    0    0 237 -327  0
3823500 2818500  3 30  6  -0.2 1005 153  0.0 3  3.5  94    0    0 238 -325  0
3823500 2818500  3 30  7   0.3 1005 141  0.4 3  3.6  95    7   16 238 -325  0
3823500 2818500  3 30  8   3.7 1005 130  0.1 3  3.9  88   57   79 242 -327  0
3823500 2818500  3 30  9   7.9 1006 146  0.4 4  4.3  75  158  137 254 -336  0
3823500 2818500  3 30 10  10.8 1006 170  1.5 4  4.7  64  274  178 268 -350  0
3823500 2818500  3 30 11  13.1 1006 187  2.0 3  4.9  56  367  211 273 -364  0
3823500 2818500  3 30 12  15.3 1006 197  2.1 3  4.9  49  423  232 277 -377  0
3823500 2818500  3 30 13  15.9 1005 206  3.3 5  4.9  44  177  334 289 -389  0
3823500 2818500  3 30 14  15.5 1005 212  3.6 8  4.9  44   11  252 308 -398  0
3823500 2818500  3 30 15  16.1 1004 216  4.0 5  4.9  44  140  286 309 -402  0
3823500 2818500  3 30 16  16.1 1004 211  3.5 4  4.9  43  209  197 296 -400  0
3823500 2818500  3 30 17  14.3 1004 209  3.2 6  5.1  47   42  155 296 -393  0
3823500 2818500  3 30 18  10.8 1004 200  2.3 7  6.1  66    9   65 303 -384  0
3823500 2818500  3 30 19  10.2 1005 213  1.8 7  7.1  89    0   12 304 -373  0
3823500 2818500  3 30 20  10.2 1005 214  1.9 7  7.2  92    0    0 307 -364  0
3823500 2818500  3 30 21  10.4 1005 198  1.6 7  7.2  91    0    0 311 -359  0
3823500 2818500  3 30 22  10.2 1005 218  1.2 7  7.2  91    0    0 316 -358  0
3823500 2818500  3 30 23  10.2 1006 186  1.9 7  7.3  93    0    0 320 -358  0
3823500 2818500  3 30 24  10.1 1005 215  2.8 7  7.3  93    0    0 323 -359  0
3823500 2818500  3 31  1  10.1 1005 194  2.2 8  7.2  93    0    0 328 -359  0
3823500 2818500  3 31  2  10.0 1006 195  1.7 8  7.1  92    0    0 334 -359  0
3823500 2818500  3 31  3   9.7 1005 196  1.9 8  7.0  92    0    0 336 -360  0
3823500 2818500  3 31  4  10.2 1005 191  2.1 8  6.9  90    0    0 340 -361  0
3823500 2818500  3 31  5   9.9 1004 203  4.1 7  7.0  90    0    0 344 -363  0
3823500 2818500  3 31  6  10.0 1004 206  3.7 7  7.0  91    0    0 347 -364  0
3823500 2818500  3 31  7  10.1 1004 204  2.8 8  7.0  91    0    7 352 -365  0
3823500 2818500  3 31  8  10.4 1004 202  3.5 7  7.1  90    0   53 353 -366  0
3823500 2818500  3 31  9  11.0 1005 207  3.7 6  7.1  88   20  106 352 -367  0
3823500 2818500  3 31 10  11.4 1004 211  3.5 7  7.2  86    0  123 352 -368  0
3823500 2818500  3 31 11  11.3 1004 205  3.7 7  7.3  86    0  127 357 -369  0
3823500 2818500  3 31 12  11.4 1004 191  3.8 7  7.6  89    0  162 359 -370  0
3823500 2818500  3 31 13  11.4 1004 189  4.6 8  7.8  92    0  143 364 -371  0
3823500 2818500  3 31 14  11.3 1003 196  4.4 8  8.0  94    0   92 368 -373  0
3823500 2818500  3 31 15  11.7 1003 222  4.2 7  8.3  96    0   83 367 -374  0
3823500 2818500  3 31 16  12.3 1002 245  4.5 7  8.4  95    0   95 366 -376  0
3823500 2818500  3 31 17  12.4 1003 241  5.2 7  8.3  92    0   70 367 -379  0
3823500 2818500  3 31 18  12.7 1003 233  4.5 8  8.2  89    0   38 370 -380  0
3823500 2818500  3 31 19  12.8 1004 230  4.2 8  8.1  87    0    8 376 -379  0
3823500 2818500  3 31 20  12.8 1004 231  4.0 8  8.0  86    0    0 376 -377  0
3823500 2818500  3 31 21  13.0 1005 238  4.0 8  7.9  84    0    0 376 -376  0
3823500 2818500  3 31 22  13.0 1005 241  4.5 8  7.8  82    0    0 375 -375  0
3823500 2818500  3 31 23  12.9 1006 245  4.0 8  7.7  82    0    0 375 -375  0
3823500 2818500  3 31 24  12.8 1007 245  4.4 8  7.7  82    0    0 373 -374  0
3823500 2818500  4  1  1  12.5 1008 253  3.9 8  7.5  82    0    0 370 -373  0
3823500 2818500  4  1  2  12.2 1008 248  4.3 8  7.5  83    0    0 370 -373  0
3823500 2818500  4  1  3  12.0 1008 249  3.5 7  7.4  84    0    0 362 -372  0
3823500 2818500  4  1  4  11.7 1009 261  3.7 7  7.3  84    0    0 354 -371  0
3823500 2818500  4  1  5  11.4 1009 254  3.9 8  7.3  85    0    0 360 -371  0
3823500 2818500  4  1  6  11.2 1010 253  4.0 8  7.2  86    0    0 366 -371  0
3823500 2818500  4  1  7  11.1 1010 255  2.7 7  7.2  87    0   20 358 -371  0
3823500 2818500  4  1  8  11.1 1011 253  2.3 6  7.3  88    1   74 341 -372  0
3823500 2818500  4  1  9  11.6 1012 244  3.7 7  7.3  87    1  124 337 -375  0
3823500 2818500  4  1 10  12.0 1012 233  3.7 7  7.4  86    2  179 344 -378  0
3823500 2818500  4  1 11  13.3 1012 237  3.5 7  7.6  83    4  215 347 -382  0
3823500 2818500  4  1 12  13.3 1012 239  4.0 7  7.8  82    0  152 347 -386  0
3823500 2818500  4  1 13  12.7 1012 244  4.1 7  8.3  88    0   87 343 -388  0
3823500 2818500  4  1 14  13.0 1012 242  3.2 7  8.6  93    0   87 341 -390  0
3823500 2818500  4  1 15  13.4 1012 250  2.8 7  8.6  91    0   86 340 -396  0
3823500 2818500  4  1 16  13.6 1012 234  2.6 7  8.7  89    0  114 341 -403  0
3823500 2818500  4  1 17  14.4 1012 220  2.3 7  8.8  87    0   93 344 -405  0
3823500 2818500  4  1 18  14.2 1012 210  1.8 7  8.8  86    3   77 344 -403  0
3823500 2818500  4  1 19  14.0 1012 199  1.6 8  8.7  87    0   17 346 -397  0
3823500 2818500  4  1 20  13.4 1012 189  1.2 7  8.6  88    0    0 342 -390  0
3823500 2818500  4  1 21  12.3 1012 185  1.1 4  8.3  89    0    0 321 -384  0
3823500 2818500  4  1 22  11.6 1012 182  1.0 3  8.0  91    0    0 301 -380  0
3823500 2818500  4  1 23  11.1 1012 188  0.9 4  7.8  92    0    0 299 -379  0
3823500 2818500  4  1 24  11.2 1012 183  1.2 5  7.7  93    0    0 306 -378  0
3823500 2818500  4  2  1  10.4 1012 188  1.3 5  7.6  94    0    0 307 -377  0
3823500 2818500  4  2  2  11.0 1012 184  1.3 3  7.6  95    0    0 299 -375  0
3823500 2818500  4  2  3   9.6 1011 181  1.0 1  7.4  95    0    0 284 -373  0
3823500 2818500  4  2  4   9.4 1011 168  0.5 1  7.1  96    0    0 274 -371  0
3823500 2818500  4  2  5   9.3 1010 164  0.6 2  7.0  96    0    0 271 -369  0
3823500 2818500  4  2  6   9.1 1010 143  0.2 3  7.0  96    0    0 274 -367  0
3823500 2818500  4  2  7   9.7 1009 133  0.2 3  7.0  95    6   33 277 -365  0
3823500 2818500  4  2  8  11.3 1009 153  0.7 3  7.2  90   67  102 279 -366  0
3823500 2818500  4  2  9  13.5 1009 156  1.4 3  7.5  83  176  148 282 -373  0
3823500 2818500  4  2 10  15.8 1009 160  2.6 3  7.8  75  286  174 287 -385  0
3823500 2818500  4  2 11  17.8 1008 158  3.0 4  8.0  67  396  175 298 -397  0
3823500 2818500  4  2 12  19.8 1008 160  3.0 4  8.1  60  465  174 310 -410  0
3823500 2818500  4  2 13  20.9 1007 155  4.1 3  7.9  53  483  174 311 -422  0
3823500 2818500  4  2 14  22.1 1006 165  4.4 3  7.4  46  466  165 312 -432  0
3823500 2818500  4  2 15  22.6 1006 160  4.5 4  6.9  41  368  173 317 -437  0
3823500 2818500  4  2 16  22.7 1005 165  3.7 4  6.6  38  232  174 321 -437  0
3823500 2818500  4  2 17  22.6 1004 161  3.0 4  6.6  38  111  145 321 -430  0
3823500 2818500  4  2 18  21.9 1003 178  2.5 4  6.5  39   65   81 318 -418  0
3823500 2818500  4  2 19  20.1 1003 160  1.0 6  6.7  42    4   21 320 -404  0
3823500 2818500  4  2 20  18.2 1002 151  0.7 6  6.9  50    0    0 320 -395  0
3823500 2818500  4  2 21  17.3 1002 158  0.8 5  7.0  54    0    0 314 -389  0
3823500 2818500  4  2 22  16.7 1002 171  1.0 5  6.8  56    0    0 310 -386  0
3823500 2818500  4  2 23  15.6 1002 272  1.3 5  6.9  59    0    0 310 -384  0
3823500 2818500  4  2 24  14.6 1002 203  0.3 4  7.0  65    0    0 305 -382  0
3823500 2818500  4  3  1  12.7 1002 240  0.6 5  7.1  72    0    0 302 -380  0
3823500 2818500  4  3  2  12.5 1002 302  0.8 6  7.2  79    0    0 308 -377  0
3823500 2818500  4  3  3  12.1 1002 294  1.8 7  7.3  81    0    0 316 -373  0
3823500 2818500  4  3  4  12.3 1003 241  0.7 8  7.4  83    0    0 326 -372  0
3823500 2818500  4  3  5  12.0 1003 262  0.5 8  7.5  84    0    0 331 -372  0
3823500 2818500  4  3  6  11.7 1003 280  1.1 8  7.7  88    0    0 332 -373  0
3823500 2818500  4  3  7  11.2 1003 286  0.6 8  8.0  94    0   10 333 -374  0
3823500 2818500  4  3  8  11.6 1003 260  0.8 8  8.2  96    0   33 333 -376  0
3823500 2818500  4  3  9  12.1 1004 262  1.1 7  8.3  95    0  121 330 -383  0
3823500 2818500  4  3 10  12.5 1004 283  1.5 7  8.4  93   18  237 326 -392  0
3823500 2818500  4  3 11  13.4 1004 262  1.2 7  8.5  90   24  283 328 -399  0
3823500 2818500  4  3 12  14.0 1004 265  2.2 6  8.4  85   15  287 329 -405  0
3823500 2818500  4  3 13  14.2 1004 276  2.0 7  8.2  81    0  151 333 -407  0
3823500 2818500  4  3 14  13.3 1004 267  1.3 7  8.3  84    0  103 337 -406  0
3823500 2818500  4  3 15  12.4 1004 245  2.1 7  8.3  88    0   86 337 -401  0
3823500 2818500  4  3 16  12.1 1004 206  2.1 7  8.3  92    0   79 339 -391  0
3823500 2818500  4  3 17  12.4 1004 253  1.3 7  8.4  94    0   58 341 -383  0
3823500 2818500  4  3 18  12.3 1004 202  0.1 6  8.5  94    0   46 342 -377  0
3823500 2818500  4  3 19  11.6 1004 192  0.5 8  8.4  96    0   10 344 -372  0
3823500 2818500  4  3 20  11.4 1005 205  0.5 8  8.2  96    0    0 346 -370  0
3823500 2818500  4  3 21  11.2 1005 204  1.0 8  8.1  96    0    0 346 -368  0
3823500 2818500  4  3 22  10.7 1005 112  1.0 8  7.9  95    0    0 344 -367  0
3823500 2818500  4  3 23   9.7 1005 310  0.7 8  7.4  94    0    0 341 -366  0
3823500 2818500  4  3 24   9.7 1005 302  0.2 8  7.2  95    0    0 338 -365  0
3823500 2818500  4  4  1   9.9 1006 232  1.5 7  7.2  95    0    0 335 -363  0
3823500 2818500  4  4  2   9.2 1006 249  1.0 8  7.0  93    0    0 333 -362  0
3823500 2818500  4  4  3   9.2 1006 257  1.0 8  6.7  91    0    0 339 -360  0
3823500 2818500  4  4  4   8.4 1006 230  1.2 8  6.5  91    0    0 338 -359  0
3823500 2818500  4  4  5   7.6 1007 223  2.1 7  6.1  91    0    0 330 -358  0
3823500 2818500  4  4  6   7.5 1007 224  1.7 7  5.9  91    0    0 323 -358  0
3823500 2818500  4  4  7   7.7 1007 250  2.0 7  6.0  92    0   28 323 -359  0
3823500 2818500  4  4  8   8.1 1008 250  3.2 8  6.2  93    0   32 330 -360  0
3823500 2818500  4  4  9   8.8 1009 257  3.1 7  6.4  93    0  110 333 -362  0
3823500 2818500  4  4 10   9.9 1010 258  3.4 5  6.5  88   68  237 321 -367  0
3823500 2818500  4  4 11  11.4 1010 255  3.2 4  6.5  81  120  288 310 -373  0
3823500 2818500  4  4 12  11.7 1011 268  3.8 5  6.5  76   57  299 313 -379  0
3823500 2818500  4  4 13  13.1 1012 253  4.2 5  6.4  71   12  251 318 -385  0
3823500 2818500  4  4 14  13.9 1012 257  4.8 4  6.3  65   94  305 313 -387  0
3823500 2818500  4  4 15  13.5 1012 257  5.3 4  6.1  62  154  270 305 -387  0
3823500 2818500  4  4 16  12.2 1012 268  4.0 5  5.9  64   81  220 300 -386  0
3823500 2818500  4  4 17  11.5 1012 274  4.4 6  5.7  66   29  153 298 -382  0
3823500 2818500  4  4 18  12.5 1012 272  3.6 5  5.4  62   62   90 294 -377  0
3823500 2818500  4  4 19  10.7 1012 263  1.9 6  5.3  62   12   29 290 -370  0
3823500 2818500  4  4 20  10.0 1013 264  1.5 6  5.1  66    0    0 287 -362  0
3823500 2818500  4  4 21  10.0 1013 252  2.2 8  4.8  64    0    0 292 -356  0
3823500 2818500  4  4 22   9.4 1014 246  1.9 8  4.6  62    0    0 299 -352  0
3823500 2818500  4  4 23   8.6 1015 240  2.1 7  4.5  63    0    0 294 -348  0
3823500 2818500  4  4 24   7.9 1015 236  1.9 6  4.4  65    0    0 284 -343  0
3823500 2818500  4  5  1   7.2 1015 218  2.2 6  4.5  70    0    0 279 -339  0
3823500 2818500  4  5  2   6.8 1015 200  2.2 5  4.6  74    0    0 275 -337  0
3823500 2818500  4  5  3   6.4 1014 214  2.6 5  4.6  76    0    0 272 -336  0
3823500 2818500  4  5  4   6.3 1014 209  2.4 4  4.5  76    0    0 270 -334  0
3823500 2818500  4  5  5   6.0 1014 211  2.3 3  4.4  75    0    0 263 -333  0
3823500 2818500  4  5  6   5.8 1014 210  2.4 5  4.3  75    0    0 268 -332  0
3823500 2818500  4  5  7   6.3 1014 219  2.9 6  4.4  75    0   12 280 -332  0
3823500 2818500  4  5  8   7.2 1015 214  2.8 7  4.6  75    0   39 289 -335  0
3823500 2818500  4  5  9   7.8 1015 217  3.4 7  4.8  74    0   75 292 -344  0
3823500 2818500  4  5 10   8.7 1015 223  3.9 7  4.9  72    0  109 294 -355  0
3823500 2818500  4  5 11   9.2 1015 221  3.8 6  5.0  71    0  158 292 -366  0
3823500 2818500  4  5 12   9.6 1015 210  4.3 7  5.3  72    0  203 297 -374  0
3823500 2818500  4  5 13  11.2 1015 213  5.4 7  5.5  71   17  278 309 -380  0
3823500 2818500  4  5 14  12.2 1014 215  5.1 7  5.5  64   11  248 315 -383  0
3823500 2818500  4  5 15  12.3 1014 223  5.0 7  5.2  58    0  166 319 -384  0
3823500 2818500  4  5 16  11.9 1014 236  5.5 7  5.2  59    0  118 322 -383  0
3823500 2818500  4  5 17  11.6 1014 236  5.3 7  5.3  62    0   86 324 -379  0
3823500 2818500  4  5 18  11.7 1014 236  3.8 8  5.3  62    0   39 331 -374  0
3823500 2818500  4  5 19  11.2 1015 246  4.6 8  5.3  63    0   10 336 -370  0
3823500 2818500  4  5 20  10.5 1015 239  4.7 8  5.3  66    0    0 337 -367  0
3823500 2818500  4  5 21   9.4 1015 229  4.9 8  5.5  72    0    0 337 -366  0
3823500 2818500  4  5 22   9.0 1016 226  4.4 8  5.5  77    0    0 336 -365  0
3823500 2818500  4  5 23   9.2 1016 221  4.4 8  5.6  78    0    0 338 -366  0
3823500 2818500  4  5 24   9.5 1016 227  4.7 8  5.8  80    0    0 341 -367  0
3823500 2818500  4  6  1   9.8 1016 228  4.0 8  6.2  83    0    0 345 -367  0
3823500 2818500  4  6  2  10.1 1016 227  3.6 8  6.5  86    0    0 348 -366  0
3823500 2818500  4  6  3  10.1 1016 233  3.9 8  6.7  87    0    0 350 -365  0
3823500 2818500  4  6  4  10.3 1015 230  3.2 8  6.9  89    0    0 353 -364  0
3823500 2818500  4  6  5  10.3 1015 228  3.4 8  7.0  90    0    0 355 -363  0
3823500 2818500  4  6  6  10.3 1015 231  3.2 8  7.1  91    0    0 355 -360  0
3823500 2818500  4  6  7  10.4 1016 233  3.1 8  7.3  94    0   16 354 -358  0
3823500 2818500  4  6  8  10.5 1016 231  2.7 7  7.6  96    1   77 349 -360  0
3823500 2818500  4  6  9  10.9 1017 229  2.7 8  7.8  97    0   57 349 -367  0
3823500 2818500  4  6 10  11.3 1017 240  3.1 8  8.0  97    0   77 356 -377  0
3823500 2818500  4  6 11  11.9 1017 241  4.6 8  8.1  96    0   98 359 -389  0
3823500 2818500  4  6 12  12.5 1018 249  4.1 8  8.3  93    0  140 361 -401  0
3823500 2818500  4  6 13  13.7 1018 244  4.0 7  8.4  90    4  228 358 -414  0
3823500 2818500  4  6 14  15.1 1018 255  4.0 6  8.6  84  109  336 350 -424  0
3823500 2818500  4  6 15  16.5 1018 260  4.7 5  8.9  79  281  273 344 -430  0
3823500 2818500  4  6 16  17.5 1017 255  4.1 4  9.2  76  242  222 337 -430  0
3823500 2818500  4  6 17  17.7 1017 256  3.2 4  9.5  75  112  175 333 -424  0
3823500 2818500  4  6 18  18.1 1017 246  2.1 6  9.7  75   27   97 341 -413  0
3823500 2818500  4  6 19  17.1 1017 209  1.6 6  9.8  78    3   23 347 -400  0
3823500 2818500  4  6 20  16.0 1016 210  1.9 5  9.6  82    0    0 335 -389  0
3823500 2818500  4  6 21  16.5 1016 221  1.7 3  9.2  80    0    0 319 -382  0
3823500 2818500  4  6 22  15.1 1016 222  1.1 3  8.7  77    0    0 307 -378  0
3823500 2818500  4  6 23  13.5 1016 218  0.6 2  8.3  82    0    0 296 -375  0
3823500 2818500  4  6 24  13.2 1016 199  1.2 3  8.1  85    0    0 291 -372  0
3823500 2818500  4  7  1  13.2 1015 207  1.9 4  8.0  84    0    0 298 -371  0
3823500 2818500  4  7  2  14.1 1015 222  1.4 4  8.0  82    0    0 303 -369  0
3823500 2818500  4  7  3  14.3 1014 215  1.6 3  8.1  80    0    0 300 -367  0
3823500 2818500  4  7  4  14.2 1014 241  1.9 2  8.4  83    0    0 296 -365  0
3823500 2818500  4  7  5  14.0 1013 242  2.1 1  8.4  84    0    0 292 -363  0
3823500 2818500  4  7  6  13.6 1013 252  2.2 2  8.2  84    0    0 291 -360  0
3823500 2818500  4  7  7  13.4 1013 249  2.7 0  7.9  82    9   35 288 -358  0
3823500 2818500  4  7  8  13.9 1013 268  3.2 1  7.2  74   86   94 284 -360  0
3823500 2818500  4  7  9  14.5 1014 276  3.6 0  6.5  64  256   95 284 -367  0
3823500 2818500  4  7 10  15.0 1014 273  4.8 1  6.2  59  389   99 287 -379  0
3823500 2818500  4  7 11  15.8 1014 277  5.7 2  6.4  59  465  122 299 -393  0
3823500 2818500  4  7 12  15.4 1014 287  5.9 4  6.8  62  180  288 313 -407  0
3823500 2818500  4  7 13  14.8 1014 296  5.5 6  7.1  66   11  240 326 -416  0
3823500 2818500  4  7 14  14.0 1015 299  4.9 7  7.3  71    0  113 334 -415  0
3823500 2818500  4  7 15  13.9 1015 300  3.8 7  7.4  74    0  140 335 -405  0
3823500 2818500  4  7 16  13.8 1015 297  3.8 7  7.4  75    0  126 334 -398  0
3823500 2818500  4  7 17  14.0 1015 306  4.4 7  7.2  73   26  144 332 -396  0
3823500 2818500  4  7 18  13.2 1016 301  3.8 5  6.7  69   46   84 319 -387  0
3823500 2818500  4  7 19  12.2 1016 301  3.3 5  6.1  67   14   25 303 -374  0
3823500 2818500  4  7 20  10.4 1016 322  0.6 5  5.5  66    0    0 291 -361  0
3823500 2818500  4  7 21   9.4 1017 312  1.3 4  5.2  69    0    0 278 -352  0
3823500 2818500  4  7 22   7.9 1017 317  1.4 3  5.1  74    0    0 266 -347  0
3823500 2818500  4  7 23   6.7 1017 299  0.8 3  5.0  79    0    0 258 -343  0
3823500 2818500  4  7 24   5.1 1018 262  0.4 1  4.9  85    0    0 248 -340  0
3823500 2818500  4  8  1   4.2 1018 271  0.6 2  4.8  91    0    0 242 -338  0
3823500 2818500  4  8  2   3.9 1018 260  0.6 2  4.7  93    0    0 246 -336  0
3823500 2818500  4  8  3   3.5 1018 241  0.6 3  4.6  93    0    0 253 -334  0
3823500 2818500  4  8  4   3.1 1017 236  0.7 2  4.5  95    0    0 255 -332  0
3823500 2818500  4  8  5   3.0 1017 252  0.1 3  4.6  97    0    0 257 -331  0
3823500 2818500  4  8  6   4.0 1017 271  1.4 4  4.8  98    0    0 274 -330  0
3823500 2818500  4  8  7   5.2 1017 270  1.4 5  5.0  96    2   32 292 -330  0
3823500 2818500  4  8  8   5.8 1017 257  1.6 5  5.2  93   51  112 303 -334  0
3823500 2818500  4  8  9   7.7 1017 251  2.3 4  5.4  89  229  131 302 -343  0
3823500 2818500  4  8 10   9.6 1017 250  2.1 1  5.6  81  379  136 287 -356  0
3823500 2818500  4  8 11  12.0 1017 253  3.2 0  5.6  70  483  143 273 -370  0
3823500 2818500  4  8 12  13.4 1016 271  4.5 1  5.4  60  537  155 281 -385  0
3823500 2818500  4  8 13  14.7 1016 262  4.5 1  5.6  56  551  160 292 -397  0
3823500 2818500  4  8 14  15.9 1015 273  5.1 1  5.8  54  527  157 298 -405  0
3823500 2818500  4  8 15  16.7 1014 279  5.3 1  6.2  54  419  169 303 -409  0
3823500 2818500  4  8 16  16.6 1014 289  4.7 1  6.3  53  358  136 303 -409  0
3823500 2818500  4  8 17  16.1 1014 296  4.9 1  5.8  50  269  102 300 -403  0
3823500 2818500  4  8 18  15.2 1013 299  4.7 1  5.4  49  135   77 296 -392  0
3823500 2818500  4  8 19  13.3 1014 306  3.6 1  5.3  52   24   31 290 -379  0
3823500 2818500  4  8 20  12.0 1014 319  3.2 3  5.5  60    0    0 294 -366  0
3823500 2818500  4  8 21  11.2 1015 315  2.9 5  5.9  70    0    0 311 -359  0
3823500 2818500  4  8 22  10.5 1016 302  3.1 5  5.9  73    0    0 318 -357  0
3823500 2818500  4  8 23   8.9 1016 318  2.8 5  5.7  77    0    0 314 -357  0
3823500 2818500  4  8 24   8.3 1016 318  2.6 5  5.7  82    0    0 310 -357  0
3823500 2818500  4  9  1   7.7 1016 301  1.7 5  5.6  85    0    0 308 -355  0
3823500 2818500  4  9  2   7.5 1016 300  1.4 6  5.6  86    0    0 311 -351  0
3823500 2818500  4  9  3   6.7 1016 293  0.3 6  5.4  87    0    0 314 -348  0
3823500 2818500  4  9  4   6.4 1016 311  1.6 6  5.3  88    0    0 311 -349  0
3823500 2818500  4  9  5   6.1 1016 294  1.2 5  5.3  90    0    0 305 -350  0
3823500 2818500  4  9  6   5.7 1016 297  0.9 6  5.3  92    0    0 304 -351  0
3823500 2818500  4  9  7   6.0 1016 300  0.5 7  5.3  93    6   40 314 -350  0
3823500 2818500  4  9  8   6.8 1017 303  3.0 4  5.4  90   62  117 306 -351  0
3823500 2818500  4  9  9   8.3 1017 303  2.8 4  5.4  83  187  159 293 -355  0
3823500 2818500  4  9 10   9.9 1017 316  2.9 3  5.2  73  317  178 293 -363  0
3823500 2818500  4  9 11  11.2 1017 314  2.8 2  5.0  63  386  211 289 -377  0
3823500 2818500  4  9 12  12.9 1017 313  3.1 2  4.6  53  462  207 287 -394  0
3823500 2818500  4  9 13  14.2 1017 331  3.3 2  4.3  44  465  216 288 -407  0
3823500 2818500  4  9 14  14.5 1017 322  3.3 2  3.9  38  385  242 287 -416  0
3823500 2818500  4  9 15  14.6 1016 316  3.1 4  3.6  35  169  276 291 -419  0
3823500 2818500  4  9 16  14.9 1016 310  3.2 5  3.6  35  155  224 299 -418  0
3823500 2818500  4  9 17  14.9 1016 351  3.2 3  3.6  34  170  145 295 -411  0
3823500 2818500  4  9 18  15.1 1015   0  2.5 1  3.4  32  127   81 281 -399  0
3823500 2818500  4  9 19  13.4 1016 358  1.4 1  3.4  34   25   31 272 -384  0
3823500 2818500  4  9 20  10.9 1016   6  1.2 1  3.6  41    0    0 265 -368  0
3823500 2818500  4  9 21   9.6 1016 348  0.8 0  3.6  47    0    0 258 -356  0
3823500 2818500  4  9 22   8.2 1016 357  1.0 1  3.9  56    0    0 255 -349  0
3823500 2818500  4  9 23   7.0 1016   5  1.1 1  4.4  68    0    0 255 -345  0
3823500 2818500  4  9 24   6.2 1016 351  0.3 2  4.6  76    0    0 255 -341  0
3823500 2818500  4 10  1   5.4 1016 348  0.6 2  4.6  81    0    0 256 -339  0
3823500 2818500  4 10  2   4.7 1016 321  0.4 2  4.6  85    0    0 253 -336  0
3823500 2818500  4 10  3   3.8 1016   5  0.3 2  4.5  88    0    0 251 -334  0
3823500 2818500  4 10  4   3.5 1016 335  0.6 2  4.5  91    0    0 247 -332  0
3823500 2818500  4 10  5   2.7 1016 298  0.7 2  4.3  92    0    0 244 -330  0
3823500 2818500  4 10  6   2.2 1016 349  0.2 1  4.2  93    0    1 240 -328  0
3823500 2818500  4 10  7   3.1 1017  11  0.3 1  4.3  94   11   44 239 -328  0
3823500 2818500  4 10  8   5.5 1017  66  1.2 0  4.6  89   78  116 240 -333  0
3823500 2818500  4 10  9   7.6 1017  78  1.4 0  4.8  81  191  161 245 -346  0
3823500 2818500  4 10 10   9.0 1017  54  1.7 0  5.0  73  310  189 251 -365  0
3823500 2818500  4 10 11  11.0 1017  24  1.7 0  5.0  65  424  195 259 -386  0
3823500 2818500  4 10 12  12.4 1017  47  2.0 0  5.0  58  498  196 267 -407  0
3823500 2818500  4 10 13  14.2 1017  43  1.7 0  5.0  53  528  193 273 -423  0
3823500 2818500  4 10 14  15.6 1017  41  1.7 0  5.0  47  516  183 278 -433  0
3823500 2818500  4 10 15  16.7 1016  48  1.9 0  4.8  42  459  167 280 -436  0
3823500 2818500  4 10 16  17.8 1016  41  1.9 0  4.6  38  369  146 282 -432  0
3823500 2818500  4 10 17  17.9 1016  28  1.7 0  4.5  36  249  122 281 -422  0
3823500 2818500  4 10 18  17.3 1015  25  1.6 1  4.6  37  125   88 280 -408  0
3823500 2818500  4 10 19  15.2 1015  36  0.7 4  4.9  43   27   36 283 -392  0
3823500 2818500  4 10 20  12.4 1015  41  0.5 5  5.0  51    0    0 285 -377  0
3823500 2818500  4 10 21  10.3 1015 198  0.1 5  5.1  61    0    0 279 -367  0
3823500 2818500  4 10 22   8.8 1015  58  0.1 5  5.2  71    0    0 274 -361  0
3823500 2818500  4 10 23   7.9 1015   7  0.0 5  5.2  77    0    0 272 -358  0
3823500 2818500  4 10 24   6.9 1015 138  0.0 5  5.2  82    0    0 270 -355  0
3823500 2818500  4 11  1   6.1 1015  54  0.0 5  5.1  85    0    0 270 -352  0
3823500 2818500  4 11  2   5.3 1015  13  0.0 6  5.1  89    0    0 271 -350  0
3823500 2818500  4 11  3   4.9 1014  79  0.0 5  5.0  92    0    0 271 -348  0
3823500 2818500  4 11  4   4.3 1014  81  0.0 5  5.0  94    0    0 268 -347  0
3823500 2818500  4 11  5   4.1 1014 113  0.1 5  4.9  95    0    0 268 -347  0
3823500 2818500  4 11  6   3.8 1013 180  0.3 5  4.8  95    0    5 267 -345  0
3823500 2818500  4 11  7   4.6 1013 147  0.5 5  4.9  96   13   45 268 -343  0
3823500 2818500  4 11  8   8.7 1013 174  0.5 5  5.4  88   51  122 275 -348  0
3823500 2818500  4 11  9  11.8 1013 225  0.8 5  5.9  75  110  194 286 -361  0
3823500 2818500  4 11 10  14.1 1012 216  1.1 5  6.0  65  106  257 295 -379  0
3823500 2818500  4 11 11  16.4 1012 235  1.0 4  6.0  56  301  260 300 -399  0
3823500 2818500  4 11 12  18.4 1011 250  1.8 4  5.7  46  530  173 304 -418  0
3823500 2818500  4 11 13  19.5 1011 225  2.3 3  5.7  41  550  176 307 -434  0
3823500 2818500  4 11 14  20.6 1010 275  3.4 2  5.7  39  538  165 307 -443  0
3823500 2818500  4 11 15  21.0 1009 257  3.8 2  5.5  36  465  158 307 -446  0
3823500 2818500  4 11 16  21.2 1008 260  3.8 3  5.5  35  349  149 310 -443  0
3823500 2818500  4 11 17  20.9 1008 263  3.6 4  5.6  36  243  119 314 -434  0
3823500 2818500  4 11 18  19.9 1007 260  3.9 5  5.8  39   93   94 317 -422  0
3823500 2818500  4 11 19  18.0 1007 266  2.8 5  6.2  45    0   18 316 -407  0
3823500 2818500  4 11 20  15.1 1007 273  2.2 4  6.3  54    0    0 309 -392  0
3823500 2818500  4 11 21  13.6 1007 273  2.8 4  6.2  60    0    0 302 -381  0
3823500 2818500  4 11 22  12.3 1008 261  1.7 2  6.0  64    0    0 294 -373  0
3823500 2818500  4 11 23  11.1 1007 247  1.3 1  5.7  66    0    0 282 -367  0
3823500 2818500  4 11 24  10.1 1007 227  0.8 2  5.3  66    0    0 279 -363  0
3823500 2818500  4 12  1  11.6 1006 262  3.5 5  5.2  64    0    0 297 -362  0
3823500 2818500  4 12  2   9.8 1006 301  5.6 7  5.9  73    0    0 321 -363  0
3823500 2818500  4 12  3   8.9 1007 283  3.7 7  6.5  88    0    0 329 -364  0
3823500 2818500  4 12  4   8.9 1007 269  3.0 7  6.3  88    0    0 329 -363  0
3823500 2818500  4 12  5   9.0 1008 283  4.3 8  6.2  86    0    0 335 -361  0
3823500 2818500  4 12  6   8.2 1008 299  3.9 8  5.8  83    0    0 339 -360  0
3823500 2818500  4 12  7   7.1 1009 294  4.2 7  5.6  85    2   41 332 -359  0
3823500 2818500  4 12  8   7.6 1010 291  4.0 6  5.5  86   23  121 320 -358  0
3823500 2818500  4 12  9   7.7 1010 294  4.6 7  5.6  85    8  166 320 -358  0
3823500 2818500  4 12 10   8.4 1011 322  5.8 6  5.3  78   75  249 320 -360  0
3823500 2818500  4 12 11   9.4 1012 310  6.3 4  4.6  65  402  194 304 -363  0
3823500 2818500  4 12 12  10.1 1013 327  5.6 5  4.2  56  188  316 298 -372  0
3823500 2818500  4 12 13  10.5 1013 311  5.7 4  3.9  51  202  323 297 -374  0
3823500 2818500  4 12 14  10.4 1013 306  7.0 4  3.6  46  230  302 287 -374  0
3823500 2818500  4 12 15  10.4 1014 310  6.8 4  3.5  45  216  266 282 -383  0
3823500 2818500  4 12 16   9.5 1014 305  5.3 2  3.7  49  350  135 271 -385  0
3823500 2818500  4 12 17   9.7 1014 330  5.9 2  3.9  52  235  114 262 -380  0
3823500 2818500  4 12 18   8.6 1014 306  5.5 2  4.0  56  142   74 260 -373  0
3823500 2818500  4 12 19   7.6 1014 306  4.0 4  4.1  62   38   35 261 -366  0
3823500 2818500  4 12 20   6.8 1015 291  3.3 5  4.2  67    0    0 268 -360  0
3823500 2818500  4 12 21   6.4 1015 291  3.6 5  4.3  71    0    0 272 -356  0
3823500 2818500  4 12 22   5.6 1016 274  3.1 4  4.4  75    0    0 268 -352  0
3823500 2818500  4 12 23   5.2 1015 267  2.7 1  4.5  80    0    0 252 -346  0
3823500 2818500  4 12 24   4.5 1015 259  2.8 0  4.5  84    0    0 234 -339  0
3823500 2818500  4 13  1   4.2 1015 263  3.2 1  4.5  88    0    0 234 -335  0
3823500 2818500  4 13  2   3.8 1015 259  2.9 0  4.5  90    0    0 234 -333  0
3823500 2818500  4 13  3   4.3 1014 265  3.2 0  4.6  90    0    0 231 -332  0
3823500 2818500  4 13  4   4.2 1014 259  2.7 0  4.5  88    0    0 233 -330  0
3823500 2818500  4 13  5   3.8 1013 263  3.0 0  4.5  90    0    0 232 -329  0
3823500 2818500  4 13  6   4.1 1013 269  2.7 1  4.5  90    0    2 237 -328  0
3823500 2818500  4 13  7   5.0 1013 268  2.9 2  4.6  88   32   46 247 -328  0
3823500 2818500  4 13  8   6.7 1013 281  3.5 0  4.8  84  167   75 244 -332  0
3823500 2818500  4 13  9   8.5 1013 292  4.8 0  5.0  76  320   87 238 -342  0
3823500 2818500  4 13 10  10.4 1013 296  5.4 1  4.8  66  424  109 247 -357  0
3823500 2818500  4 13 11  11.1 1013 303  5.5 3  4.5  56  275  257 264 -373  0
3823500 2818500  4 13 12  11.9 1012 303  5.1 5  4.2  49  129  325 282 -384  0
3823500 2818500  4 13 13  12.0 1012 304  5.2 4  4.0  46  178  330 286 -384  0
3823500 2818500  4 13 14  12.4 1012 310  3.6 4  3.9  44  145  321 283 -385  0
3823500 2818500  4 13 15  12.5 1011 326  4.8 4  3.7  42  182  278 285 -393  0
3823500 2818500  4 13 16  12.5 1011 293  4.5 4  3.7  41  234  198 287 -395  0
3823500 2818500  4 13 17  12.2 1011 325  3.8 5  3.8  43  146  155 294 -389  0
3823500 2818500  4 13 18  11.5 1011 330  3.7 6  3.9  45   45  103 303 -381  0
3823500 2818500  4 13 19  10.4 1011 327  2.3 6  4.0  49   18   32 304 -374  0
3823500 2818500  4 13 20   9.3 1011 308  1.4 7  4.1  54    0    0 306 -364  0
3823500 2818500  4 13 21   8.3 1011 310  1.2 7  4.1  58    0    0 306 -353  0
3823500 2818500  4 13 22   7.4 1011 319  0.5 7  4.2  63    0    0 303 -346  0
3823500 2818500  4 13 23   6.2 1012 328  0.1 7  4.2  69    0    0 300 -342  0
3823500 2818500  4 13 24   4.8 1012 247  0.4 6  4.2  75    0    0 290 -340  0
3823500 2818500  4 14  1   2.7 1012 242  0.0 5  4.2  85    0    0 275 -338  0
3823500 2818500  4 14  2   1.8 1011 198  0.1 5  4.1  92    0    0 265 -338  0
3823500 2818500  4 14  3   1.1 1011 251  0.0 4  4.0  95    0    0 257 -338  0
3823500 2818500  4 14  4   0.5 1011 204  0.1 2  3.9  97    0    0 239 -338  0
3823500 2818500  4 14  5   0.7 1011 111  0.0 2  3.8  96    0    0 228 -337  0
3823500 2818500  4 14  6   0.9 1011 151  0.0 2  3.8  94    0    4 230 -337  0
3823500 2818500  4 14  7   3.0 1011 123  0.0 5  4.1  93   36   41 249 -338  0
3823500 2818500  4 14  8   6.5 1011 168  0.3 5  4.5  85   37  117 272 -343  0
3823500 2818500  4 14  9   8.7 1011 189  0.7 5  4.7  73  141  161 283 -353  0
3823500 2818500  4 14 10  10.0 1012 217  0.9 5  4.6  63  355  124 290 -367  0
3823500 2818500  4 14 11  11.1 1012  15  1.1 5  4.3  54  339  196 296 -379  0
3823500 2818500  4 14 12  11.5 1011 337  0.3 6  4.1  49  111  302 303 -385  0
3823500 2818500  4 14 13  11.8 1011 327  1.1 5  4.0  47   78  306 303 -390  0
3823500 2818500  4 14 14  12.0 1011 304  1.3 5  3.8  44   96  300 298 -394  0
3823500 2818500  4 14 15  11.7 1011 345  1.5 5  3.8  44   25  248 297 -397  0
3823500 2818500  4 14 16  12.0 1010 314  1.6 6  3.8  44    2  168 304 -399  0
3823500 2818500  4 14 17  11.9 1010 309  1.1 8  4.0  46    0   93 318 -397  0
3823500 2818500  4 14 18  11.4 1010 332  0.6 7  4.1  48    9   93 322 -390  0
3823500 2818500  4 14 19  11.0 1010 322  0.8 5  4.1  49   32   28 307 -379  0
3823500 2818500  4 14 20   8.5 1010 303  0.1 5  4.3  58    0    0 294 -366  0
3823500 2818500  4 14 21   8.0 1011  44  0.1 4  4.6  68    0    0 286 -354  0
3823500 2818500  4 14 22   6.7 1011 311  0.0 5  4.7  74    0    0 284 -346  0
3823500 2818500  4 14 23   6.3 1012  19  0.0 6  4.9  81    0    0 292 -341  0
3823500 2818500  4 14 24   5.4 1012  58  0.1 5  4.9  84    0    0 290 -337  0
3823500 2818500  4 15  1   4.4 1012  68  0.1 6  4.6  86    0    0 287 -334  0
3823500 2818500  4 15  2   3.6 1012  78  0.1 5  4.5  88    0    0 285 -331  0
3823500 2818500  4 15  3   2.9 1012  71  0.1 4  4.3  90    0    0 274 -329  0
3823500 2818500  4 15  4   2.5 1012 176  0.2 4  4.2  92    0    0 267 -328  0
3823500 2818500  4 15  5   1.7 1012  35  0.0 3  4.1  93    0    0 261 -328  0
3823500 2818500  4 15  6   1.2 1012  36  0.0 1  4.0  95    0    8 246 -327  0
3823500 2818500  4 15  7   3.0 1012  99  0.0 0  4.1  93   54   42 233 -328  0
3823500 2818500  4 15  8   7.9 1013 128  0.4 0  4.5  81  203   58 236 -334  0
3823500 2818500  4 15  9  10.4 1013 148  1.3 1  4.7  66  374   60 251 -347  0
3823500 2818500  4 15 10  12.3 1013 148  1.3 1  4.6  55  534   52 262 -366  0
3823500 2818500  4 15 11  13.1 1013 135  1.6 1  4.3  47  608   96 266 -386  0
3823500 2818500  4 15 12  13.0 1013  81  1.8 2  4.0  43  485  176 272 -405  0
3823500 2818500  4 15 13  14.3 1013  62  1.5 4  3.8  40   94  320 286 -419  0
3823500 2818500  4 15 14  13.8 1013  98  2.2 5  3.8  38   41  294 295 -428  0
3823500 2818500  4 15 15  14.1 1013  44  1.1 5  3.7  37   23  252 295 -430  0
3823500 2818500  4 15 16  14.5 1012  41  1.3 5  3.6  36   61  230 294 -429  0
3823500 2818500  4 15 17  14.3 1012 293  1.4 2  3.6  35  246  102 283 -424  0
3823500 2818500  4 15 18  13.9 1012  45  0.8 3  3.4  34  142   68 274 -411  0
3823500 2818500  4 15 19  11.5 1012 359  0.4 3  3.8  42   24   32 274 -393  0
3823500 2818500  4 15 20   9.7 1012  56  0.2 3  4.3  54    0    0 268 -376  0
3823500 2818500  4 15 21   8.1 1013  54  0.1 4  4.5  64    0    0 266 -364  0
3823500 2818500  4 15 22   6.5 1013 116  0.1 3  4.6  72    0    0 260 -358  0
3823500 2818500  4 15 23   5.8 1013 129  0.1 2  4.4  76    0    0 249 -352  0
3823500 2818500  4 15 24   5.2 1013 111  0.5 1  4.3  77    0    0 241 -348  0
3823500 2818500  4 16  1   4.7 1013 134  0.5 2  4.2  78    0    0 239 -345  0
3823500 2818500  4 16  2   3.8 1014 147  0.5 2  4.2  81    0    0 241 -342  0
3823500 2818500  4 16  3   3.7 1013 146  0.7 2  4.2  84    0    0 240 -340  0
3823500 2818500  4 16  4   3.3 1013 154  0.6 4  4.1  84    0    0 245 -338  0
3823500 2818500  4 16  5   3.7 1013 148  0.4 5  4.0  81    0    0 255 -336  0
3823500 2818500  4 16  6   3.1 1014 145  0.7 4  3.9  81    0    8 255 -334  0
3823500 2818500  4 16  7   5.2 1014 150  0.8 2  4.0  78   38   58 245 -334  0
3823500 2818500  4 16  8   8.3 1014 155  1.3 1  4.3  71  131  117 240 -339  0
3823500 2818500  4 16  9  10.7 1014 167  1.6 2  4.6  62  233  168 248 -353  0
3823500 2818500  4 16 10  12.7 1014 184  1.7 3  4.5  53  279  229 263 -373  0
3823500 2818500  4 16 11  14.0 1015 200  2.1 6  4.1  43  179  321 284 -396  0
3823500 2818500  4 16 12  14.0 1015 192  2.1 7  3.6  36   75  340 301 -419  0
3823500 2818500  4 16 13  14.2 1014 155  1.0 6  3.3  33  116  362 302 -438  0
3823500 2818500  4 16 14  15.1 1014 158  1.6 6  3.3  32  119  349 302 -450  0
3823500 2818500  4 16 15  15.2 1014 251  1.7 5  3.3  31   96  312 302 -453  0
3823500 2818500  4 16 16  15.1 1014  87  1.2 6  3.4  32   94  259 303 -448  0
3823500 2818500  4 16 17  15.4 1013 118  1.2 7  3.4  31   49  187 312 -438  0
3823500 2818500  4 16 18  14.6 1013 193  0.9 7  3.4  32   50  114 313 -423  0
3823500 2818500  4 16 19  13.5 1014 150  0.4 7  3.6  36   19   39 309 -406  0
3823500 2818500  4 16 20  10.1 1014 125  0.5 6  4.0  47    0    0 299 -389  0
3823500 2818500  4 16 21   7.9 1014 264  0.5 5  4.4  62    0    0 286 -376  0
3823500 2818500  4 16 22   6.6 1015 243  0.0 5  4.4  70    0    0 277 -368  0
3823500 2818500  4 16 23   5.9 1015  41  0.6 6  4.4  74    0    0 279 -363  0
3823500 2818500  4 16 24   5.1 1015 131  0.6 5  4.3  77    0    0 277 -359  0
3823500 2818500  4 17  1   3.7 1015 112  0.4 5  4.3  83    0    0 272 -357  0
3823500 2818500  4 17  2   3.4 1015  26  0.1 4  4.3  88    0    0 266 -355  0
3823500 2818500  4 17  3   3.0 1015 343  0.4 3  4.3  90    0    0 260 -351  0
3823500 2818500  4 17  4   2.8 1015 102  0.0 4  4.2  91    0    0 260 -348  0
3823500 2818500  4 17  5   2.8 1015  62  0.1 6  4.3  92    0    0 271 -345  0
3823500 2818500  4 17  6   3.2 1015  54  0.3 6  4.3  92    0    9 279 -343  0
3823500 2818500  4 17  7   4.3 1016  40  0.7 3  4.5  91   31   62 271 -343  0
3823500 2818500  4 17  8   7.7 1016 122  0.2 4  4.8  83   46  142 269 -351  0
3823500 2818500  4 17  9  10.1 1017 342  0.9 5  4.9  70  141  216 284 -366  0
3823500 2818500  4 17 10  13.7 1017 193  1.1 4  4.9  56  319  228 292 -386  0
3823500 2818500  4 17 11  15.4 1017 140  1.1 3  4.5  44  401  262 292 -407  0
3823500 2818500  4 17 12  15.8 1017 107  1.5 3  4.2  38  431  292 292 -427  0
3823500 2818500  4 17 13  16.5 1017  82  1.2 4  4.0  35  357  336 298 -443  0
3823500 2818500  4 17 14  16.5 1017  65  1.4 5  3.8  33  137  365 308 -452  0
3823500 2818500  4 17 15  16.4 1016 146  1.7 7  3.8  33   23  274 321 -455  0
3823500 2818500  4 17 16  16.4 1016 100  2.1 7  3.9  34   17  224 329 -450  0
3823500 2818500  4 17 17  16.4 1016  63  1.4 5  4.0  35   96  199 323 -442  0
3823500 2818500  4 17 18  15.8 1015  33  0.9 3  4.0  35   78  119 308 -430  0
3823500 2818500  4 17 19  14.7 1015  46  1.0 3  4.0  38   26   48 298 -416  0
3823500 2818500  4 17 20  11.5 1016  41  0.8 3  4.2  45    0    0 292 -402  0
3823500 2818500  4 17 21   9.5 1016  51  0.1 1  4.5  57    0    0 278 -390  0
3823500 2818500  4 17 22   7.5 1016  53  0.1 1  4.5  65    0    0 265 -381  0
3823500 2818500  4 17 23   6.5 1016  70  0.1 1  4.6  74    0    0 261 -372  0
3823500 2818500  4 17 24   5.9 1016  75  0.1 0  4.6  78    0    0 254 -366  0
3823500 2818500  4 18  1   5.6 1017  69  0.1 0  4.6  81    0    0 249 -362  0
3823500 2818500  4 18  2   5.9 1016  88  0.1 0  4.7  82    0    0 249 -360  0
3823500 2818500  4 18  3   4.9 1016  73  0.1 0  4.8  86    0    0 248 -358  0
3823500 2818500  4 18  4   3.1 1016  58  0.1 0  4.6  92    0    0 244 -355  0
3823500 2818500  4 18  5   3.3 1016  60  0.1 0  4.5  94    0    0 240 -353  0
3823500 2818500  4 18  6   3.3 1015  66  0.1 0  4.5  93    0   11 240 -351  0
3823500 2818500  4 18  7   6.5 1015  71  0.1 0  4.8  90   44   58 245 -351  0
3823500 2818500  4 18  8  10.2 1016  94  0.1 0  5.3  78  150  106 254 -356  0
3823500 2818500  4 18  9  13.2 1015 110  1.0 0  5.3  62  282  134 263 -370  0
3823500 2818500  4 18 10  15.5 1015 122  2.2 0  4.7  46  409  152 270 -389  0
3823500 2818500  4 18 11  16.6 1015 104  2.8 0  4.1  36  507  166 275 -409  0
3823500 2818500  4 18 12  17.1 1014 128  3.4 0  3.9  33  566  175 278 -426  0
3823500 2818500  4 18 13  17.7 1013 118  2.4 0  3.9  32  583  179 282 -439  0
3823500 2818500  4 18 14  18.3 1012 153  3.1 0  3.9  31  562  173 285 -448  0
3823500 2818500  4 18 15  18.3 1012 136  1.9 1  4.0  30  494  164 290 -452  0
3823500 2818500  4 18 16  18.6 1011 143  2.4 0  4.1  31  406  143 291 -450  0
3823500 2818500  4 18 17  18.3 1010 133  1.7 0  4.1  31  282  124 288 -444  0
3823500 2818500  4 18 18  17.9 1010  97  1.7 0  4.1  32  145   97 286 -434  0
3823500 2818500  4 18 19  16.9 1009 100  0.5 0  4.2  34   36   45 284 -420  0
3823500 2818500  4 18 20  14.5 1009  87  0.7 0  4.3  38    0    0 279 -405  0
3823500 2818500  4 18 21  13.7 1009  78  0.3 0  4.4  44    0    0 275 -393  0
3823500 2818500  4 18 22  12.8 1009  92  0.4 0  4.4  46    0    0 272 -385  0
3823500 2818500  4 18 23  12.1 1009 108  0.3 0  4.4  49    0    0 270 -379  0
3823500 2818500  4 18 24  11.3 1009 116  1.0 0  4.5  52    0    0 268 -374  0
3823500 2818500  4 19  1  10.4 1009 112  0.4 0  4.5  55    0    0 266 -369  0
3823500 2818500  4 19  2   9.5 1009 115  0.1 0  4.4  58    0    0 262 -364  0
3823500 2818500  4 19  3   9.1 1009 114  0.3 0  4.4  60    0    0 260 -360  0
3823500 2818500  4 19  4   8.7 1008 109  0.2 0  4.4  62    0    0 259 -357  0
3823500 2818500  4 19  5   7.8 1008 105  0.3 0  4.4  65    0    0 257 -355  0
3823500 2818500  4 19  6   8.3 1008  96  0.1 0  4.4  66    1   11 257 -352  0
3823500 2818500  4 19  7   9.7 1008  96  0.3 0  4.6  65   51   60 259 -351  0
3823500 2818500  4 19  8  12.2 1008 126  0.5 0  4.9  60  156  108 264 -357  0
3823500 2818500  4 19  9  14.7 1008 129  0.9 0  5.1  53  286  136 270 -370  0
3823500 2818500  4 19 10  17.0 1008 152  2.1 0  5.1  46  404  157 277 -390  0
3823500 2818500  4 19 11  18.8 1008 126  2.2 0  5.1  40  501  172 286 -411  0
3823500 2818500  4 19 12  19.8 1008 149  2.1 0  4.8  34  564  179 290 -431  0
3823500 2818500  4 19 13  20.5 1008 152  2.0 0  4.5  30  582  183 293 -447  0
3823500 2818500  4 19 14  20.8 1008  86  1.2 0  4.4  29  574  168 297 -458  0
3823500 2818500  4 19 15  21.4 1007 122  1.0 0  4.5  29  506  160 300 -463  0
3823500 2818500  4 19 16  21.4 1007 154  0.6 0  4.4  28  410  145 300 -462  0
3823500 2818500  4 19 17  21.6 1007  89  0.8 0  4.3  27  288  124 300 -457  0
3823500 2818500  4 19 18  20.8 1006  91  0.4 0  4.3  27  154   96 298 -447  0
3823500 2818500  4 19 19  19.4 1006  79  0.2 0  4.3  29   42   46 295 -433  0
3823500 2818500  4 19 20  15.5 1007  88  0.1 0  4.6  37    0    1 289 -417  0
3823500 2818500  4 19 21  13.1 1007  86  0.1 0  5.1  50    0    0 280 -405  0
3823500 2818500  4 19 22  11.3 1007  76  0.1 0  5.4  60    0    0 274 -398  0
3823500 2818500  4 19 23  11.1 1008  69  0.1 0  5.4  65    0    0 271 -392  0
3823500 2818500  4 19 24   9.0 1008  61  0.1 0  5.3  69    0    0 268 -387  0
3823500 2818500  4 20  1   8.6 1008  64  0.1 0  5.4  76    0    0 265 -382  0
3823500 2818500  4 20  2   7.6 1008  84  0.1 0  5.4  79    0    0 263 -378  0
3823500 2818500  4 20  3   6.8 1008  21  0.1 0  5.3  84    0    0 260 -375  0
3823500 2818500  4 20  4   5.7 1008 100  0.0 0  5.2  88    0    0 257 -371  0
3823500 2818500  4 20  5   5.5 1008  60  0.0 0  5.1  90    0    0 255 -368  0
3823500 2818500  4 20  6   4.8 1008 104  0.1 0  5.1  92    1   13 253 -365  0
3823500 2818500  4 20  7   8.6 1008  84  0.1 0  5.3  87   48   65 258 -366  0
3823500 2818500  4 20  8  12.4 1008  89  0.1 0  5.8  73  147  117 267 -374  0
3823500 2818500  4 20  9  15.7 1008  96  0.4 0  6.0  59  269  152 276 -390  0
3823500 2818500  4 20 10  18.1 1008 142  0.9 0  5.9  49  388  175 285 -410  0
3823500 2818500  4 20 11  19.8 1008 103  1.5 0  5.8  42  480  194 293 -423  0
3823500 2818500  4 20 12  21.4 1008 123  1.9 0  5.5  36  541  204 298 -440  0
3823500 2818500  4 20 13  22.3 1007 125  2.3 0  4.9  30  574  198 302 -457  0
3823500 2818500  4 20 14  22.6 1007  31  1.8 0  4.6  27  564  185 305 -459  0
3823500 2818500  4 20 15  22.6 1008  94  1.6 0  4.6  27  493  177 307 -464  0
3823500 2818500  4 20 16  23.2 1007  28  1.0 0  4.6  26  393  161 309 -471  0
3823500 2818500  4 20 17  22.7 1007 104  1.6 0  4.6  26  273  136 309 -465  0
3823500 2818500  4 20 18  22.2 1007  91  1.0 0  4.6  27  143  102 306 -455  0
3823500 2818500  4 20 19  20.5 1006 110  0.6 1  4.9  31   41   48 306 -443  0
3823500 2818500  4 20 20  17.3 1006   6  0.1 1  5.2  38    0    2 302 -432  0
3823500 2818500  4 20 21  15.7 1007 344  0.1 0  5.3  45    0    0 292 -420  0
3823500 2818500  4 20 22  13.0 1007  90  0.2 0  5.5  54    0    0 283 -411  0
3823500 2818500  4 20 23  11.8 1007  90  0.1 0  5.8  64    0    0 279 -407  0
3823500 2818500  4 20 24  11.6 1007  64  0.2 0  5.8  67    0    0 277 -402  0
3823500 2818500  4 21  1  10.1 1007 317  0.5 0  5.8  71    0    0 274 -398  0
3823500 2818500  4 21  2   8.6 1007  35  0.4 0  5.8  78    0    0 271 -395  0
3823500 2818500  4 21  3   8.2 1007  84  0.0 1  5.7  83    0    0 270 -392  0
3823500 2818500  4 21  4   7.6 1007  39  0.1 1  5.7  85    0    0 272 -391  0
3823500 2818500  4 21  5   7.4 1007 165  0.1 2  5.6  86    0    0 273 -388  0
3823500 2818500  4 21  6   7.9 1007 133  0.1 4  5.6  85    0    5 280 -384  0
3823500 2818500  4 21  7   9.4 1007 100  0.3 4  5.9  85   12   69 288 -381  0
3823500 2818500  4 21  8  13.8 1007  94  0.3 2  6.4  75   87  144 290 -386  0
3823500 2818500  4 21  9  16.4 1007 141  1.0 1  6.5  61  219  185 293 -398  0
3823500 2818500  4 21 10  18.8 1007  82  1.2 1  6.5  51  336  212 298 -415  0
3823500 2818500  4 21 11  21.1 1007 129  1.1 0  6.3  43  425  235 304 -432  0
3823500 2818500  4 21 12  22.6 1007 106  1.5 0  5.8  36  493  239 309 -447  0
3823500 2818500  4 21 13  23.3 1008 143  2.3 0  5.3  30  502  245 313 -460  0
3823500 2818500  4 21 14  23.8 1007 186  2.2 0  4.9  27  379  291 315 -468  0
3823500 2818500  4 21 15  23.4 1007  57  1.5 1  4.7  26  240  303 318 -470  0
3823500 2818500  4 21 16  23.7 1007 100  1.6 2  4.8  26  272  222 322 -464  0
3823500 2818500  4 21 17  23.4 1006  93  1.4 2  4.9  27  172  178 325 -456  0
3823500 2818500  4 21 18  22.5 1006  75  1.3 2  5.0  29  100  114 321 -446  0
3823500 2818500  4 21 19  21.2 1006  77  0.7 2  5.3  32   30   46 318 -432  0
3823500 2818500  4 21 20  18.7 1004  72  0.9 2  5.5  38    0    0 312 -416  0
3823500 2818500  4 21 21  17.0 1005  73  0.9 1  5.7  45    0    0 303 -403  0
3823500 2818500  4 21 22  16.8 1005  79  0.9 0  5.8  48    0    0 296 -393  0
3823500 2818500  4 21 23  16.3 1005  78  0.9 0  5.7  48    0    0 293 -385  0
3823500 2818500  4 21 24  15.3 1005  78  0.8 0  5.8  51    0    0 291 -378  0
3823500 2818500  4 22  1  13.6 1005  78  1.2 0  5.9  57    0    0 287 -373  0
3823500 2818500  4 22  2  14.2 1005  71  1.3 1  5.9  59    0    0 288 -368  0
3823500 2818500  4 22  3  10.9 1004  62  1.1 2  5.8  64    0    0 287 -365  0
3823500 2818500  4 22  4  11.7 1004  84  1.2 2  5.8  69    0    0 285 -362  0
3823500 2818500  4 22  5  11.0 1004  69  1.2 2  5.9  70    0    0 285 -359  0
3823500 2818500  4 22  6  10.9 1004  75  0.9 3  5.9  72    0   13 285 -357  0
3823500 2818500  4 22  7  12.7 1004  77  1.0 1  6.0  69   41   71 285 -358  0
3823500 2818500  4 22  8  15.2 1004  89  1.6 1  6.3  62  127  133 287 -366  0
3823500 2818500  4 22  9  17.6 1004 101  1.9 0  6.5  56  253  169 293 -382  0
3823500 2818500  4 22 10  19.4 1004  87  2.3 0  6.7  50  375  190 299 -403  0
3823500 2818500  4 22 11  21.8 1003  98  2.4 0  6.9  45  471  205 308 -424  0
3823500 2818500  4 22 12  23.2 1004 101  3.0 0  6.7  39  530  213 316 -444  0
3823500 2818500  4 22 13  24.0 1004 118  3.5 0  6.1  33  540  219 320 -458  0
3823500 2818500  4 22 14  24.4 1003 104  2.4 0  5.8  31  439  257 323 -467  0
3823500 2818500  4 22 15  24.4 1003 109  2.3 1  5.4  28  285  284 324 -469  0
3823500 2818500  4 22 16  24.3 1003  65  2.5 1  4.9  26  279  217 324 -466  0
3823500 2818500  4 22 17  24.1 1002  92  2.5 1  5.1  27  241  147 322 -457  0
3823500 2818500  4 22 18  23.0 1002  68  2.4 2  5.4  30  136  104 322 -446  0
3823500 2818500  4 22 19  21.7 1002  73  2.0 3  5.6  33   45   50 323 -432  0
3823500 2818500  4 22 20  20.0 1002  78  1.4 3  5.7  37    0    4 320 -418  0
3823500 2818500  4 22 21  18.9 1002  74  1.3 1  5.7  40    0    0 311 -406  0
3823500 2818500  4 22 22  17.7 1003  73  0.9 0  5.5  42    0    0 300 -398  0
3823500 2818500  4 22 23  16.8 1003  76  0.5 0  5.3  43    0    0 293 -391  0
3823500 2818500  4 22 24  14.9 1003  61  0.3 0  5.4  47    0    0 288 -384  0
3823500 2818500  4 23  1  14.5 1003  62  0.6 0  5.4  52    0    0 284 -379  0
3823500 2818500  4 23  2  13.4 1003  62  0.9 0  5.5  55    0    0 281 -374  0
3823500 2818500  4 23  3  12.0 1003  64  0.6 0  5.4  59    0    0 276 -371  0
3823500 2818500  4 23  4  10.2 1003  70  0.3 1  5.4  65    0    0 273 -368  0
3823500 2818500  4 23  5   8.4 1003  47  0.1 2  5.4  73    0    0 272 -366  0
3823500 2818500  4 23  6  10.2 1003  52  0.3 2  5.5  75    0    5 274 -364  0
3823500 2818500  4 23  7  12.2 1003  28  0.4 4  5.8  69    5   69 284 -364  0
3823500 2818500  4 23  8  14.8 1004  45  0.8 1  6.0  62  119  139 288 -371  0
3823500 2818500  4 23  9  17.5 1004  51  1.4 1  6.3  54  278  157 286 -386  0
3823500 2818500  4 23 10  19.9 1004  48  2.0 1  6.6  49  378  191 297 -405  0
3823500 2818500  4 23 11  21.0 1004  35  2.4 2  6.8  45  441  228 309 -424  0
3823500 2818500  4 23 12  23.1 1005  59  2.3 2  6.8  41  521  221 320 -441  0
3823500 2818500  4 23 13  23.5 1004  72  2.1 1  6.7  37  563  207 323 -454  0
3823500 2818500  4 23 14  24.4 1004  58  1.9 1  6.3  34  562  188 323 -462  0
3823500 2818500  4 23 15  24.7 1004  73  1.9 1  6.2  32  472  189 326 -465  0
3823500 2818500  4 23 16  24.6 1004  68  2.2 1  6.3  32  282  219 326 -461  0
3823500 2818500  4 23 17  24.7 1003  97  1.9 1  6.1  31  236  151 325 -452  0
3823500 2818500  4 23 18  22.8 1004  77  2.0 1  6.3  34  150  104 323 -440  0
3823500 2818500  4 23 19  21.6 1004  74  1.5 1  6.3  37   50   52 317 -425  0
3823500 2818500  4 23 20  20.4 1003  75  1.2 1  6.0  39    0    6 312 -410  0
3823500 2818500  4 23 21  18.1 1004  73  0.9 0  6.1  43    0    0 303 -396  0
3823500 2818500  4 23 22  15.9 1004  66  1.0 0  6.2  51    0    0 293 -386  0
3823500 2818500  4 23 23  15.1 1005  64  0.9 0  6.3  57    0    0 287 -378  0
3823500 2818500  4 23 24  14.2 1005  68  0.9 0  6.2  60    0    0 285 -372  0
3823500 2818500  4 24  1  14.8 1005  70  1.0 0  6.1  58    0    0 284 -367  0
3823500 2818500  4 24  2  13.7 1005  49  1.0 0  6.0  58    0    0 282 -363  0
3823500 2818500  4 24  3  11.8 1005  50  1.0 0  5.9  64    0    0 277 -360  0
3823500 2818500  4 24  4  10.1 1006  60  0.7 0  6.0  73    0    0 271 -358  0
3823500 2818500  4 24  5   9.3 1006  59  0.8 0  6.0  80    0    0 268 -356  0
3823500 2818500  4 24  6  10.0 1006  49  0.6 0  6.0  80    2   14 267 -354  0
3823500 2818500  4 24  7  12.5 1007  59  1.1 1  6.2  75   48   72 274 -354  0
3823500 2818500  4 24  8  16.4 1007  76  1.5 1  6.3  62  152  122 285 -361  0
3823500 2818500  4 24  9  18.7 1008  95  2.4 0  5.9  47  289  147 291 -375  0
3823500 2818500  4 24 10  20.1 1008  93  2.8 0  5.4  38  394  177 293 -392  0
3823500 2818500  4 24 11  21.4 1008  93  3.0 0  5.4  35  489  190 298 -411  0
3823500 2818500  4 24 12  21.8 1009  81  3.1 0  5.3  33  556  191 303 -428  0
3823500 2818500  4 24 13  22.7 1009  79  2.8 0  5.1  30  593  177 306 -442  0
3823500 2818500  4 24 14  22.6 1008  81  3.1 0  4.9  29  583  161 308 -450  0
3823500 2818500  4 24 15  22.9 1008  49  3.2 0  4.6  27  524  147 308 -454  0
3823500 2818500  4 24 16  22.5 1008  49  2.6 0  4.4  25  431  133 307 -453  0
3823500 2818500  4 24 17  22.3 1008  51  2.6 0  4.3  25  311  116 305 -446  0
3823500 2818500  4 24 18  21.7 1008  75  1.9 0  4.3  26  173   95 303 -436  0
3823500 2818500  4 24 19  20.1 1009  62  1.7 1  4.3  28   59   52 301 -424  0
3823500 2818500  4 24 20  17.4 1009  66  1.2 0  4.4  32    0    6 294 -411  0
3823500 2818500  4 24 21  16.0 1010  55  0.6 0  4.4  37    0    0 284 -400  0
3823500 2818500  4 24 22  13.9 1010  59  0.6 0  4.7  44    0    0 278 -391  0
3823500 2818500  4 24 23  13.0 1011  45  0.8 0  4.9  51    0    0 275 -384  0
3823500 2818500  4 24 24  13.1 1011  40  0.8 0  5.0  53    0    0 274 -378  0
3823500 2818500  4 25  1  11.4 1012  63  0.7 0  5.1  57    0    0 271 -372  0
3823500 2818500  4 25  2  11.0 1012  74  0.6 0  5.2  62    0    0 268 -368  0
3823500 2818500  4 25  3   9.5 1012  60  0.4 0  5.2  66    0    0 264 -364  0
3823500 2818500  4 25  4  10.2 1012  59  0.6 0  5.2  69    0    0 262 -362  0
3823500 2818500  4 25  5   7.5 1012  63  0.2 0  5.2  73    0    0 259 -360  0
3823500 2818500  4 25  6   7.6 1012  64  0.5 0  5.2  80    5   16 254 -358  0
3823500 2818500  4 25  7  10.2 1013  59  0.8 0  5.5  78   70   70 256 -359  0
3823500 2818500  4 25  8  14.1 1013  55  1.3 0  5.9  67  184  109 265 -367  0
3823500 2818500  4 25  9  16.6 1013  64  1.4 0  5.9  55  317  132 274 -383  0
3823500 2818500  4 25 10  18.7 1013  71  2.0 0  5.6  44  440  147 282 -403  0
3823500 2818500  4 25 11  19.9 1013  72  2.7 0  5.2  37  543  152 288 -423  0
3823500 2818500  4 25 12  20.2 1013  79  2.7 0  5.0  34  619  146 293 -440  0
3823500 2818500  4 25 13  20.7 1013  76  2.1 0  4.9  32  660  132 296 -453  0
3823500 2818500  4 25 14  21.0 1012  19  3.2 0  4.8  31  644  124 299 -460  0
3823500 2818500  4 25 15  21.3 1012  51  2.7 0  4.7  30  566  124 302 -462  0
3823500 2818500  4 25 16  21.2 1011  39  1.6 0  4.7  30  461  117 302 -461  0
3823500 2818500  4 25 17  20.6 1011  67  2.5 0  4.4  29  336  103 299 -456  0
3823500 2818500  4 25 18  20.3 1011  54  2.5 0  4.4  29  188   87 297 -444  0
3823500 2818500  4 25 19  19.1 1011  73  0.6 0  4.4  31   64   49 294 -428  0
3823500 2818500  4 25 20  16.4 1011  66  0.1 0  4.4  35    0    7 288 -414  0
3823500 2818500  4 25 21  13.3 1011  49  0.1 1  4.9  46    0    0 283 -402  0
3823500 2818500  4 25 22  11.7 1012  49  0.3 1  5.2  58    0    0 281 -392  0
3823500 2818500  4 25 23  12.2 1012  46  0.2 1  5.2  60    0    0 279 -384  0
3823500 2818500  4 25 24  12.7 1012  55  0.3 1  5.1  56    0    0 280 -377  0
3823500 2818500  4 26  1  11.5 1013  46  0.4 0  5.0  57    0    0 276 -371  0
3823500 2818500  4 26  2  10.0 1013  34  0.3 0  5.0  62    0    0 267 -365  0
3823500 2818500  4 26  3   9.0 1013  29  0.3 0  4.9  67    0    0 262 -361  0
3823500 2818500  4 26  4   8.0 1013  30  0.3 0  4.8  70    0    0 257 -357  0
3823500 2818500  4 26  5   8.0 1013  25  0.4 0  4.8  71    0    0 254 -355  0
3823500 2818500  4 26  6   7.9 1013  21  0.4 0  4.7  71    5   17 253 -353  0
3823500 2818500  4 26  7   9.8 1013  22  0.1 0  4.8  69   73   69 252 -355  0
3823500 2818500  4 26  8  12.3 1013 346  0.2 0  5.1  62  185  109 256 -363  0
3823500 2818500  4 26  9  14.2 1013  23  1.8 0  5.3  56  284  150 262 -378  0
3823500 2818500  4 26 10  16.1 1013  20  2.5 2  5.0  46  128  291 276 -396  0
3823500 2818500  4 26 11  17.8 1013  34  2.5 3  4.8  40  318  283 297 -414  0
3823500 2818500  4 26 12  19.6 1013  20  3.7 2  5.0  37  615  148 307 -429  0
3823500 2818500  4 26 13  20.4 1012  21  3.8 2  4.9  34  580  182 311 -441  0
3823500 2818500  4 26 14  21.2 1012  14  3.5 3  5.0  33  419  256 319 -447  0
3823500 2818500  4 26 15  21.2 1011  12  3.7 3  5.1  32  287  273 325 -447  0
3823500 2818500  4 26 16  20.8 1010  10  3.1 3  4.9  32  174  247 323 -441  0
3823500 2818500  4 26 17  20.8 1010   5  3.3 3  4.9  32  210  155 320 -432  0
3823500 2818500  4 26 18  19.7 1010   5  3.5 2  5.1  34  171   89 314 -420  0
3823500 2818500  4 26 19  17.5 1010   1  3.4 4  5.3  40   73   49 310 -405  0
3823500 2818500  4 26 20  15.7 1010 353  2.1 5  5.3  45    1   10 314 -391  0
3823500 2818500  4 26 21  14.2 1011 352  3.0 5  4.9  46    0    0 310 -378  0
3823500 2818500  4 26 22  12.6 1011   0  3.0 4  5.0  52    0    0 300 -369  0
3823500 2818500  4 26 23  11.3 1012   3  3.2 4  5.3  60    0    0 292 -363  0
3823500 2818500  4 26 24  10.6 1011 347  3.0 4  5.3  65    0    0 291 -360  0
3823500 2818500  4 27  1   9.8 1011 348  1.6 4  5.4  70    0    0 290 -359  0
3823500 2818500  4 27  2   9.1 1011 353  1.6 4  5.5  75    0    0 289 -359  0
3823500 2818500  4 27  3   9.0 1011 347  1.5 5  5.7  79    0    0 292 -358  0
3823500 2818500  4 27  4   9.1 1011 359  1.6 6  5.9  82    0    0 301 -358  0
3823500 2818500  4 27  5   9.2 1011 358  1.6 7  6.0  84    0    0 310 -358  0
3823500 2818500  4 27  6   9.1 1011 356  1.5 8  6.1  85    0    3 320 -357  0
3823500 2818500  4 27  7   8.9 1011 360  1.4 8  6.2  87    0   25 326 -356  0
3823500 2818500  4 27  8   9.0 1011 348  1.3 7  6.3  88    0   62 322 -360  0
3823500 2818500  4 27  9   9.1 1011 336  1.9 7  6.5  90    0   85 319 -372  0
3823500 2818500  4 27 10   9.9 1011 358  2.0 7  6.7  91    0  177 322 -388  0
3823500 2818500  4 27 11  11.4 1011 347  1.8 7  7.1  88    2  222 327 -404  0
3823500 2818500  4 27 12  12.3 1011 335  1.8 7  7.3  84    5  262 332 -418  0
3823500 2818500  4 27 13  13.2 1010 320  1.3 8  7.4  81    0  166 341 -428  0
3823500 2818500  4 27 14  14.0 1010 346  0.9 8  7.5  76    2  214 347 -432  0
3823500 2818500  4 27 15  15.8 1010 353  1.2 5  7.4  70   89  344 339 -432  0
3823500 2818500  4 27 16  16.1 1009  23  0.9 5  7.2  64   71  280 329 -429  0
3823500 2818500  4 27 17  16.5 1009  47  1.0 7  7.2  62   19  180 339 -422  0
3823500 2818500  4 27 18  15.7 1008  43  0.5 6  7.2  63   11  114 341 -413  0
3823500 2818500  4 27 19  15.4 1008  25  0.2 7  7.2  64   19   55 339 -402  0
3823500 2818500  4 27 20  13.5 1008 163  0.3 7  7.3  70    0    6 339 -392  0
3823500 2818500  4 27 21  11.6 1009 355  0.1 8  7.7  84    0    0 341 -382  0
3823500 2818500  4 27 22  11.8 1009 334  0.2 8  7.9  92    0    0 343 -376  0
3823500 2818500  4 27 23  11.7 1008 324  0.1 8  8.0  92    0    0 343 -373  0
3823500 2818500  4 27 24  12.2 1008 321  0.1 8  8.0  91    0    0 343 -368  0
3823500 2818500  4 28  1  11.4 1008  35  0.5 7  7.9  90    0    0 339 -362  0
3823500 2818500  4 28  2  10.7 1009  63  0.9 7  7.7  94    0    0 331 -359  0
3823500 2818500  4 28  3  10.2 1008  33  0.1 7  7.6  96    0    0 329 -355  0
3823500 2818500  4 28  4   9.7 1007 357  0.1 6  7.5  97    0    0 322 -352  0
3823500 2818500  4 28  5   9.3 1007  15  0.9 6  7.3  98    0    0 316 -350  0
3823500 2818500  4 28  6   9.7 1007  43  1.1 7  7.3  98    5   20 320 -350  0
3823500 2818500  4 28  7  10.7 1007  51  0.5 3  7.5  95   54   95 307 -352  0
3823500 2818500  4 28  8  11.4 1007  54  1.5 6  7.7  93   13  152 305 -359  0
3823500 2818500  4 28  9  12.3 1007  64  0.9 6  7.8  90    2  167 322 -368  0
3823500 2818500  4 28 10  12.9 1007 108  0.8 8  7.9  86    0   97 333 -376  0
3823500 2818500  4 28 11  12.8 1008  60  1.0 8  8.0  86    0  123 342 -379  0
3823500 2818500  4 28 12  13.6 1007  24  1.6 6  8.1  85   66  387 334 -383  0
3823500 2818500  4 28 13  15.7 1007  31  1.9 4  8.5  81  339  397 324 -391  0
3823500 2818500  4 28 14  17.0 1006  40  2.2 3  8.7  74  440  339 319 -402  0
3823500 2818500  4 28 15  17.5 1006  59  2.4 2  8.5  69  395  313 315 -410  0
3823500 2818500  4 28 16  18.3 1005  39  2.3 1  8.4  65  327  269 307 -415  0
3823500 2818500  4 28 17  18.5 1005  68  1.9 2  8.1  61   33  201 307 -417  0
3823500 2818500  4 28 18  17.7 1005  67  0.8 2  8.1  62   38  141 309 -413  0
3823500 2818500  4 28 19  16.4 1004  85  0.3 7  8.2  67   37   68 321 -404  0
3823500 2818500  4 28 20  16.1 1005  26  0.2 8  8.1  69    0    3 338 -394  0
3823500 2818500  4 28 21  14.4 1005  64  0.2 7  7.8  71    0    0 333 -384  0
3823500 2818500  4 28 22  12.9 1005  28  0.4 6  7.6  77    0    0 321 -376  0
3823500 2818500  4 28 23  12.9 1005  41  0.3 5  7.6  81    0    0 311 -369  0
3823500 2818500  4 28 24  13.5 1005  53  0.6 6  7.7  80    0    0 312 -364  0
3823500 2818500  4 29  1  13.5 1005  61  1.4 8  7.8  80    0    0 325 -360  0
3823500 2818500  4 29  2  13.0 1005  59  1.6 8  7.9  82    0    0 331 -356  0
3823500 2818500  4 29  3  12.7 1005  59  1.5 7  7.9  84    0    0 328 -352  0
3823500 2818500  4 29  4  12.2 1005  57  1.6 6  7.8  86    0    0 320 -351  0
3823500 2818500  4 29  5  11.3 1005  51  1.0 4  7.5  86    0    0 308 -352  0
3823500 2818500  4 29  6  10.9 1005  61  1.4 5  7.1  86    0   14 301 -352  0
3823500 2818500  4 29  7  11.3 1005  53  1.4 5  7.0  84    3   69 305 -353  0
3823500 2818500  4 29  8  12.1 1005  58  2.0 6  7.1  82   49  170 310 -359  0
3823500 2818500  4 29  9  13.5 1005  56  2.8 5  7.2  77  171  239 311 -371  0
3823500 2818500  4 29 10  15.0 1005  55  2.4 4  7.4  72  268  288 307 -386  0
3823500 2818500  4 29 11  16.4 1005  54  2.6 3  7.7  68  348  318 305 -402  0
3823500 2818500  4 29 12  17.9 1005  44  3.3 2  7.8  63  422  319 305 -417  0
3823500 2818500  4 29 13  19.3 1004  70  3.8 1  7.7  57  492  290 304 -430  0
3823500 2818500  4 29 14  20.1 1004  69  3.8 1  7.5  52  483  275 305 -437  0
3823500 2818500  4 29 15  21.1 1004  62  4.4 1  7.4  48  424  257 309 -440  0
3823500 2818500  4 29 16  21.3 1004  58  4.6 0  7.0  44  345  223 308 -439  0
3823500 2818500  4 29 17  21.9 1003  70  3.8 1  6.5  40  247  181 306 -435  0
3823500 2818500  4 29 18  21.5 1003  69  2.8 1  6.1  37  125  128 306 -427  0
3823500 2818500  4 29 19  20.8 1003  64  3.6 1  5.9  38   45   62 303 -416  0
3823500 2818500  4 29 20  19.5 1002  73  3.2 1  6.2  41    0    9 300 -403  0
3823500 2818500  4 29 21  18.4 1003  63  3.5 2  6.2  45    0    0 299 -392  0
3823500 2818500  4 29 22  17.2 1004  62  2.9 2  5.9  46    0    0 298 -383  0
3823500 2818500  4 29 23  15.5 1004  59  2.7 2  5.6  48    0    0 291 -376  0
3823500 2818500  4 29 24  13.7 1005  66  2.5 3  5.2  50    0    0 289 -369  0
3823500 2818500  4 30  1  12.5 1005  56  3.1 2  4.7  50    0    0 282 -362  0
3823500 2818500  4 30  2  11.1 1005  57  2.2 0  4.2  49    0    0 265 -357  0
3823500 2818500  4 30  3  10.0 1005  56  1.9 0  3.7  47    0    0 252 -352  0
3823500 2818500  4 30  4   9.3 1004  62  1.7 1  3.6  48    0    0 253 -348  0
3823500 2818500  4 30  5   8.3 1004  59  1.4 1  3.6  51    0    0 255 -344  0
3823500 2818500  4 30  6   8.1 1004  55  1.5 2  3.7  55    5   18 257 -340  0
3823500 2818500  4 30  7   8.6 1004  58  2.2 1  4.0  58   77   74 257 -340  0
3823500 2818500  4 30  8   9.7 1004  65  2.9 0  4.3  60  188  117 252 -348  0
3823500 2818500  4 30  9  11.4 1005  73  3.7 0  4.8  60  315  148 253 -361  0
3823500 2818500  4 30 10  13.6 1005  60  3.5 0  5.2  57  440  165 260 -377  0
3823500 2818500  4 30 11  14.9 1004  60  3.7 0  5.5  54  548  171 267 -392  0
3823500 2818500  4 30 12  16.6 1004  69  5.0 1  5.6  50  621  174 276 -405  0
3823500 2818500  4 30 13  17.9 1004  75  5.0 1  5.6  45  658  166 284 -414  0
3823500 2818500  4 30 14  19.1 1003  52  4.6 0  5.6  42  643  156 286 -420  0
3823500 2818500  4 30 15  19.1 1003  39  5.0 0  5.4  39  566  152 284 -422  0
3823500 2818500  4 30 16  19.2 1003  56  5.1 0  4.9  36  469  136 281 -419  0
3823500 2818500  4 30 17  18.9 1002  67  4.1 0  4.5  33  347  116 278 -414  0
3823500 2818500  4 30 18  18.8 1002  68  3.7 0  4.3  32  206   93 276 -406  0
3823500 2818500  4 30 19  17.6 1002  76  3.1 0  4.2  32   75   59 272 -396  0
3823500 2818500  4 30 20  16.1 1002  68  2.3 1  3.8  32    1   13 269 -385  0
3823500 2818500  4 30 21  14.5 1002  69  2.1 0  3.7  34    0    0 263 -374  0
3823500 2818500  4 30 22  13.0 1003  59  2.3 1  3.6  36    0    0 258 -367  0
3823500 2818500  4 30 23  11.8 1004  62  2.8 0  3.3  37    0    0 253 -361  0
3823500 2818500  4 30 24  10.6 1004  65  2.3 1  3.3  40    0    0 250 -355  0
3823500 2818500  5  1  1   9.1 1004  61  2.6 0  3.4  47    0    0 240 -348  0
3823500 2818500  5  1  2   8.2 1004  65  1.4 0  3.5  49    0    0 238 -346  0
3823500 2818500  5  1  3   7.2 1004  64  2.1 0  3.4  52    0    0 235 -343  0
3823500 2818500  5  1  4   6.5 1004  68  2.0 0  3.3  53    0    0 233 -339  0
3823500 2818500  5  1  5   6.0 1004  57  2.3 0  3.3  55    0    0 231 -336  0
3823500 2818500  5  1  6   5.6 1004  54  2.9 0  3.4  58    8   31 229 -334  0
3823500 2818500  5  1  7   6.6 1005  65  3.0 0  3.5  59   83   87 229 -335  0
3823500 2818500  5  1  8   8.1 1005  73  3.7 0  3.6  56  218  116 231 -344  0
3823500 2818500  5  1  9  10.9 1005  78  4.1 0  3.7  50  354  136 236 -359  0
3823500 2818500  5  1 10  12.6 1005  69  5.2 0  3.7  43  496  135 243 -375  0
3823500 2818500  5  1 11  14.1 1005  72  4.5 0  3.6  38  630  121 247 -391  0
3823500 2818500  5  1 12  15.0 1005  62  4.8 0  3.5  34  708  113 252 -404  0
3823500 2818500  5  1 13  15.6 1005  72  4.2 0  3.5  32  706  122 256 -412  0
3823500 2818500  5  1 14  16.1 1005  72  4.3 0  3.5  31  669  125 259 -420  0
3823500 2818500  5  1 15  16.3 1005  62  5.1 0  3.4  30  600  119 259 -423  0
3823500 2818500  5  1 16  16.1 1004  49  4.4 0  3.4  30  508  106 258 -418  0
3823500 2818500  5  1 17  16.2 1004  60  3.9 0  3.3  29  382   94 258 -411  0
3823500 2818500  5  1 18  15.5 1004  44  3.8 0  3.2  29  218   90 256 -402  0
3823500 2818500  5  1 19  14.5 1004  52  3.0 0  3.3  31   76   66 252 -393  0
3823500 2818500  5  1 20  12.9 1004  47  2.5 0  3.3  33    4   14 248 -382  0
3823500 2818500  5  1 21  11.3 1004  33  2.5 0  3.1  35    0    0 243 -374  0
3823500 2818500  5  1 22   9.9 1005  38  1.7 0  3.0  38    0    0 238 -369  0
3823500 2818500  5  1 23   9.4 1005  63  2.5 0  3.1  41    0    0 235 -365  0
3823500 2818500  5  1 24   8.1 1005  52  2.0 0  3.1  43    0    0 233 -361  0
3823500 2818500  5  2  1   7.3 1005  53  2.1 0  3.1  47    0    0 230 -360  0
3823500 2818500  5  2  2   6.2 1005  44  1.5 0  3.2  53    0    0 227 -358  0
3823500 2818500  5  2  3   5.8 1005  46  1.7 1  3.4  59    0    0 229 -354  0
3823500 2818500  5  2  4   5.4 1005  48  1.4 2  3.6  64    0    0 235 -349  0
3823500 2818500  5  2  5   4.8 1005  52  1.2 3  3.8  70    0    0 241 -346  0
3823500 2818500  5  2  6   5.5 1005  58  2.8 3  4.1  74    0   16 244 -344  0
3823500 2818500  5  2  7   5.8 1005  74  3.6 4  4.2  74   28   93 249 -343  0
3823500 2818500  5  2  8   6.5 1005  58  4.0 4  4.2  72   87  165 252 -348  0
3823500 2818500  5  2  9   7.3 1005  53  4.5 3  4.0  65  256  185 249 -359  0
3823500 2818500  5  2 10   9.4 1005  61  5.0 1  3.8  55  545  101 243 -372  0
3823500 2818500  5  2 11  10.3 1005  66  4.8 1  3.5  46  690   81 240 -385  0
3823500 2818500  5  2 12  11.3 1005  63  5.4 1  3.3  41  725   91 244 -394  0
3823500 2818500  5  2 13  11.3 1004  60  3.8 2  3.3  40  565  203 250 -400  0
3823500 2818500  5  2 14  12.0 1004  61  4.4 3  3.2  38  299  322 257 -404  0
3823500 2818500  5  2 15  11.5 1003  71  3.7 4  3.2  37  132  320 264 -407  0
3823500 2818500  5  2 16  11.8 1003  63  3.7 4  3.1  36   84  267 266 -405  0
3823500 2818500  5  2 17  11.3 1003  82  4.7 3  3.0  36   40  200 261 -400  0
3823500 2818500  5  2 18  11.0 1003  59  4.0 3  3.0  37   70  141 255 -392  0
3823500 2818500  5  2 19  10.5 1003  46  2.7 4  3.0  37   19   70 258 -383  0
3823500 2818500  5  2 20   9.4 1004  62  2.9 3  3.1  40    2   13 256 -372  0
3823500 2818500  5  2 21   8.4 1004  30  2.8 1  3.3  46    0    0 241 -363  0
3823500 2818500  5  2 22   7.7 1005  34  4.1 1  3.6  54    0    0 232 -359  0
3823500 2818500  5  2 23   6.7 1005  51  3.0 0  3.9  61    0    0 227 -355  0
3823500 2818500  5  2 24   6.1 1006  48  2.3 1  3.9  64    0    0 225 -350  0
3823500 2818500  5  3  1   5.3 1006  31  2.3 2  3.7  65    0    0 229 -346  0
3823500 2818500  5  3  2   4.5 1006  55  2.8 1  3.5  64    0    0 226 -341  0
3823500 2818500  5  3  3   3.4 1006  40  2.8 0  3.2  63    0    0 215 -335  0
3823500 2818500  5  3  4   2.4 1006  39  2.2 0  3.0  65    0    0 208 -330  0
3823500 2818500  5  3  5   1.4 1006  42  2.0 0  3.0  69    0    0 206 -327  0
3823500 2818500  5  3  6   1.6 1006  42  1.1 0  3.0  71   10   32 205 -324  0
3823500 2818500  5  3  7   3.2 1007  39  2.8 0  3.2  70   90   87 207 -327  0
3823500 2818500  5  3  8   4.8 1008  32  3.3 0  3.2  62  219  119 211 -336  0
3823500 2818500  5  3  9   6.6 1008  45  3.3 0  2.9  51  349  144 214 -352  0
3823500 2818500  5  3 10   8.2 1009  41  3.2 0  2.6  41  479  152 218 -368  0
3823500 2818500  5  3 11   9.6 1009  52  3.9 0  2.5  35  603  145 223 -382  0
3823500 2818500  5  3 12  10.7 1009  46  3.2 0  2.4  31  679  138 230 -390  0
3823500 2818500  5  3 13  11.3 1009  20  4.9 0  2.4  30  677  148 236 -391  0
3823500 2818500  5  3 14  11.8 1008  48  3.4 0  2.4  28  645  148 239 -390  0
3823500 2818500  5  3 15  12.1 1008  93  0.6 0  2.4  27  579  140 241 -391  0
3823500 2818500  5  3 16  12.8 1008 356  1.2 0  2.4  27  490  123 244 -398  0
3823500 2818500  5  3 17  12.5 1008  32  0.2 0  2.4  26  367  108 244 -395  0
3823500 2818500  5  3 18  12.3 1008  20  2.1 0  2.3  26  212   97 242 -384  0
3823500 2818500  5  3 19  11.6 1008 357  0.2 1  2.4  28   78   68 245 -374  0
3823500 2818500  5  3 20  10.3 1008 342  0.4 1  2.8  35    5   15 247 -364  0
3823500 2818500  5  3 21   8.8 1009 359  0.8 2  3.1  42    0    0 246 -356  0
3823500 2818500  5  3 22   7.8 1010   1  1.4 2  3.3  48    0    0 245 -349  0
3823500 2818500  5  3 23   6.1 1010 350  1.1 2  3.3  54    0    0 241 -345  0
3823500 2818500  5  3 24   4.0 1010 329  0.2 1  3.5  64    0    0 233 -343  0
3823500 2818500  5  4  1   2.6 1011 283  0.1 0  3.5  73    0    0 220 -338  0
3823500 2818500  5  4  2   1.6 1011 336  0.1 0  3.5  80    0    0 213 -331  0
3823500 2818500  5  4  3   0.6 1011 249  0.2 0  3.6  87    0    0 211 -328  0
3823500 2818500  5  4  4   1.4 1011 240  0.5 2  3.6  89    0    0 219 -325  0
3823500 2818500  5  4  5   0.8 1011 252  0.5 3  3.7  91    0    0 232 -325  0
3823500 2818500  5  4  6   1.4 1011 250  0.7 3  3.8  93   22   26 238 -328  0
3823500 2818500  5  4  7   4.3 1011 293  0.8 1  4.2  90  159   40 233 -335  0
3823500 2818500  5  4  8   7.7 1011 300  1.6 1  4.8  82  323   66 234 -342  0
3823500 2818500  5  4  9   9.0 1012 349  2.6 2  5.0  73  431   88 246 -346  0
3823500 2818500  5  4 10   9.6 1012 286  2.6 5  5.0  68  166  257 269 -350  0
3823500 2818500  5  4 11  10.3 1012  10  2.8 7  5.0  65   34  274 295 -356  0
3823500 2818500  5  4 12   9.2 1012 344  1.8 6  5.2  70   19  268 301 -368  0
3823500 2818500  5  4 13  10.4 1012 305  1.9 5  5.3  70   12  259 292 -373  0
3823500 2818500  5  4 14  10.8 1012 338  2.6 6  5.0  63   22  266 293 -374  0
3823500 2818500  5  4 15  10.7 1012  32  1.2 8  5.1  63    0   96 304 -380  0
3823500 2818500  5  4 16  11.1 1012   7  1.7 7  5.1  63    9  188 309 -384  0
3823500 2818500  5  4 17  11.1 1012   9  0.4 8  5.1  62    1  130 309 -383  0
3823500 2818500  5  4 18  10.9 1013 329  0.2 6  5.2  63   61  128 305 -379  0
3823500 2818500  5  4 19  11.0 1013 360  1.7 4  5.1  63  118   48 290 -372  0
3823500 2818500  5  4 20   8.9 1013 277  0.1 3  5.2  68    9   15 275 -362  0
3823500 2818500  5  4 21   7.3 1013  27  0.1 2  4.8  72    0    0 261 -350  0
3823500 2818500  5  4 22   5.8 1014  17  0.2 0  4.5  74    0    0 244 -342  0
3823500 2818500  5  4 23   5.2 1015  40  0.1 1  4.2  75    0    0 236 -337  0
3823500 2818500  5  4 24   3.7 1015  35  0.1 1  4.0  76    0    0 236 -333  0
3823500 2818500  5  5  1   3.2 1015  51  0.1 0  3.9  80    0    0 228 -330  0
3823500 2818500  5  5  2   1.3 1015  41  0.2 1  3.8  86    0    0 225 -328  0
3823500 2818500  5  5  3   2.0 1015  21  0.1 1  3.8  89    0    0 227 -326  0
3823500 2818500  5  5  4   0.6 1015  26  0.0 1  3.7  90    0    0 227 -323  0
3823500 2818500  5  5  5  -0.2 1015  54  0.1 1  3.6  95    0    0 224 -322  0
3823500 2818500  5  5  6   0.3 1016  88  0.1 1  3.7  97    7   31 224 -321  0
3823500 2818500  5  5  7   4.3 1016 133  0.1 1  4.0  90   74   93 229 -324  0
3823500 2818500  5  5  8   7.9 1016 146  0.4 1  4.5  77  203  130 239 -334  0
3823500 2818500  5  5  9  10.5 1016 154  1.0 1  4.9  68  342  152 248 -348  0
3823500 2818500  5  5 10  12.3 1016 149  1.6 2  4.7  57  464  166 260 -364  0
3823500 2818500  5  5 11  13.6 1016 188  1.5 2  4.3  46  563  174 268 -381  0
3823500 2818500  5  5 12  14.2 1016 183  1.1 2  4.0  40  630  174 271 -396  0
3823500 2818500  5  5 13  15.4 1016 159  1.2 2  3.8  36  655  169 275 -408  0
3823500 2818500  5  5 14  15.6 1015 123  0.9 3  3.7  34  593  187 281 -414  0
3823500 2818500  5  5 15  16.5 1015 120  1.7 4  3.5  31  483  203 286 -414  0
3823500 2818500  5  5 16  16.7 1014 109  2.2 4  3.5  30  387  184 291 -414  0
3823500 2818500  5  5 17  16.8 1014 152  1.6 4  3.4  29  276  156 291 -410  0
3823500 2818500  5  5 18  16.6 1014 119  1.0 4  3.5  30  121  133 290 -402  0
3823500 2818500  5  5 19  15.6 1013 102  0.4 5  3.5  31   60   70 291 -391  0
3823500 2818500  5  5 20  13.3 1013  70  0.6 5  3.6  35    1   12 289 -376  0
3823500 2818500  5  5 21  10.9 1013  73  0.8 5  4.0  45    0    0 285 -363  0
3823500 2818500  5  5 22  10.0 1014  95  0.6 5  4.2  53    0    0 282 -355  0
3823500 2818500  5  5 23   8.7 1014  62  0.9 5  4.3  58    0    0 280 -349  0
3823500 2818500  5  5 24   7.4 1014  83  0.6 5  4.4  65    0    0 277 -345  0
3823500 2818500  5  6  1   5.7 1013  81  0.8 4  4.5  74    0    0 270 -341  0
3823500 2818500  5  6  2   5.6 1013  90  0.9 4  4.5  79    0    0 265 -336  0
3823500 2818500  5  6  3   5.9 1013  93  0.9 3  4.4  76    0    0 261 -331  0
3823500 2818500  5  6  4   5.9 1013 123  1.2 2  4.3  74    0    0 254 -326  0
3823500 2818500  5  6  5   5.8 1013 138  1.3 3  4.2  74    0    0 252 -322  0
3823500 2818500  5  6  6   7.5 1013 134  1.3 4  4.3  70    1   24 261 -320  0
3823500 2818500  5  6  7   9.3 1013 136  1.7 3  4.5  66   48   96 264 -323  0
3823500 2818500  5  6  8  11.9 1013 149  2.3 3  4.8  60  143  158 266 -338  0
3823500 2818500  5  6  9  14.6 1013 117  2.5 4  4.9  52  249  202 275 -361  0
3823500 2818500  5  6 10  16.6 1012 124  2.8 4  4.9  44  366  226 284 -385  0
3823500 2818500  5  6 11  18.5 1012 111  2.5 4  4.7  38  473  231 290 -407  0
3823500 2818500  5  6 12  19.4 1012 117  3.2 5  4.5  33  427  293 297 -427  0
3823500 2818500  5  6 13  20.2 1011 110  3.8 5  4.4  30  403  312 302 -442  0
3823500 2818500  5  6 14  21.0 1011 116  2.7 5  4.4  29  265  352 306 -452  0
3823500 2818500  5  6 15  21.4 1011 114  2.1 7  4.3  27  140  333 312 -456  0
3823500 2818500  5  6 16  21.4 1010 130  2.8 6  4.0  25  160  280 314 -452  0
3823500 2818500  5  6 17  21.4 1010 172  2.3 7  3.8  24   80  217 312 -443  0
3823500 2818500  5  6 18  21.1 1010 150  1.7 7  3.9  25   18  133 313 -429  0
3823500 2818500  5  6 19  20.1 1010 164  1.2 6  4.2  28    6   62 310 -412  0
3823500 2818500  5  6 20  16.8 1010 132  0.2 6  4.8  36    0    9 304 -397  0
3823500 2818500  5  6 21  12.8 1010  96  0.1 4  5.1  49    0    0 291 -385  0
3823500 2818500  5  6 22  10.8 1011  95  0.1 3  5.4  62    0    0 278 -378  0
3823500 2818500  5  6 23   9.8 1011 101  0.1 3  5.7  72    0    0 273 -373  0
3823500 2818500  5  6 24   8.8 1011 109  0.1 3  5.7  78    0    0 270 -369  0
3823500 2818500  5  7  1  10.9 1011 113  0.1 3  5.5  73    0    0 272 -364  0
3823500 2818500  5  7  2  10.6 1011  98  0.2 2  5.2  65    0    0 273 -361  0
3823500 2818500  5  7  3  10.8 1011  94  0.2 3  5.1  63    0    0 273 -358  0
3823500 2818500  5  7  4  11.1 1011  88  0.1 5  5.1  62    0    0 282 -356  0
3823500 2818500  5  7  5  11.5 1010 122  0.1 4  5.0  60    0    0 286 -355  0
3823500 2818500  5  7  6  12.9 1010 109  0.1 4  4.9  55    3   31 287 -356  0
3823500 2818500  5  7  7  14.0 1010 100  0.2 3  5.0  52   72   97 288 -359  0
3823500 2818500  5  7  8  16.8 1010  98  0.7 2  5.2  48  189  142 288 -367  0
3823500 2818500  5  7  9  19.6 1010 116  1.8 2  5.3  41  333  163 294 -382  0
3823500 2818500  5  7 10  21.2 1010 131  2.6 2  5.4  36  461  177 301 -402  0
3823500 2818500  5  7 11  23.5 1010 143  3.0 2  5.5  33  575  179 310 -422  0
3823500 2818500  5  7 12  25.0 1010 144  3.5 2  5.8  31  619  191 321 -441  0
3823500 2818500  5  7 13  26.0 1010 146  3.3 3  5.9  29  497  273 330 -457  0
3823500 2818500  5  7 14  26.2 1010 147  3.5 4  5.7  27  344  330 340 -465  0
3823500 2818500  5  7 15  26.5 1010 156  3.2 4  5.8  27  373  272 347 -467  0
3823500 2818500  5  7 16  26.9 1009 142  2.5 3  5.8  27  337  219 350 -465  0
3823500 2818500  5  7 17  26.7 1009 144  1.9 3  5.8  26  324  140 351 -458  0
3823500 2818500  5  7 18  25.4 1009 125  2.6 4  5.8  27  177  118 353 -450  0
3823500 2818500  5  7 19  24.6 1009 118  1.2 4  5.8  29   50   75 353 -443  0
3823500 2818500  5  7 20  22.9 1009 104  0.9 5  5.7  31    2   15 353 -435  0
3823500 2818500  5  7 21  21.5 1008 104  0.6 4  5.6  33    0    0 350 -426  0
3823500 2818500  5  7 22  20.4 1009 112  1.3 5  5.4  35    0    0 346 -421  0
3823500 2818500  5  7 23  19.2 1009 118  1.5 3  5.1  35    0    0 340 -419  0
3823500 2818500  5  7 24  18.1 1010 110  1.5 2  4.9  36    0    0 330 -417  0
3823500 2818500  5  8  1  17.6 1010 106  1.4 2  4.9  38    0    0 329 -415  0
3823500 2818500  5  8  2  16.6 1010 100  0.8 2  4.9  40    0    0 328 -412  0
3823500 2818500  5  8  3  16.0 1010 112  0.8 2  4.8  42    0    0 328 -410  0
3823500 2818500  5  8  4  15.2 1010  96  1.3 2  4.8  44    0    0 326 -409  0
3823500 2818500  5  8  5  14.7 1010  99  0.7 3  4.8  45    0    0 324 -407  0
3823500 2818500  5  8  6  15.0 1010  98  0.7 4  4.8  46    0   20 327 -403  0
3823500 2818500  5  8  7  16.1 1010 107  1.3 4  4.8  44   44   96 331 -404  0
3823500 2818500  5  8  8  17.6 1011 118  2.1 4  4.8  40  129  154 330 -411  0
3823500 2818500  5  8  9  19.6 1011 111  3.0 3  4.9  36  311  155 330 -415  0
3823500 2818500  5  8 10  21.3 1011 107  3.7 3  5.1  34  418  177 331 -425  0
3823500 2818500  5  8 11  22.9 1011 113  4.0 3  5.1  31  471  207 335 -447  0
3823500 2818500  5  8 12  24.7 1012 128  4.7 3  5.0  27  516  218 342 -467  0
3823500 2818500  5  8 13  25.5 1011 132  4.8 4  5.0  25  532  217 349 -478  0
3823500 2818500  5  8 14  26.0 1011 120  4.8 4  5.0  24  444  248 354 -483  0
3823500 2818500  5  8 15  26.4 1011 122  4.0 4  4.9  23  358  249 354 -483  0
3823500 2818500  5  8 16  26.3 1011 116  3.9 4  4.8  22  185  257 352 -482  0
3823500 2818500  5  8 17  26.2 1011 114  3.1 3  4.8  22  209  176 347 -481  0
3823500 2818500  5  8 18  25.3 1011 118  2.2 3  4.6  22  148  114 341 -474  0
3823500 2818500  5  8 19  24.6 1011 116  1.7 5  4.3  22   79   63 342 -464  0
3823500 2818500  5  8 20  23.4 1011 107  1.6 5  4.2  23    6   17 344 -454  0
3823500 2818500  5  8 21  21.8 1010  99  1.5 5  4.6  27    0    0 340 -443  0
3823500 2818500  5  8 22  21.0 1011 115  1.6 5  5.4  34    0    0 337 -433  0
3823500 2818500  5  8 23  20.4 1011 136  2.4 5  6.2  41    0    0 335 -424  0
3823500 2818500  5  8 24  19.5 1012 114  2.7 5  6.6  46    0    0 330 -416  0
3823500 2818500  5  9  1  18.5 1012 108  3.1 4  6.9  50    0    0 323 -410  0
3823500 2818500  5  9  2  18.2 1012 115  2.3 4  7.0  53    0    0 315 -405  0
3823500 2818500  5  9  3  16.4 1012 117  2.3 3  7.1  57    0    0 307 -402  0
3823500 2818500  5  9  4  15.9 1012 126  2.3 3  7.1  62    0    0 297 -399  0
3823500 2818500  5  9  5  15.6 1013 129  1.7 4  7.1  64    0    0 299 -395  0
3823500 2818500  5  9  6  16.3 1013 128  1.9 5  7.1  63    7   34 307 -392  0
3823500 2818500  5  9  7  17.3 1013 139  2.3 3  7.0  59   69   96 302 -392  0
3823500 2818500  5  9  8  18.5 1014 134  3.3 4  6.7  53  156  155 299 -399  0
3823500 2818500  5  9  9  20.0 1014 147  3.8 4  6.4  46  239  208 307 -414  0
3823500 2818500  5  9 10  21.4 1014 152  3.6 5  6.2  41  329  244 318 -432  0
3823500 2818500  5  9 11  22.6 1014 180  3.9 5  6.0  37  392  271 327 -452  0
3823500 2818500  5  9 12  23.8 1014 131  3.9 5  5.6  32  490  255 331 -473  0
3823500 2818500  5  9 13  24.7 1014 178  4.2 5  5.0  27  442  289 334 -491  0
3823500 2818500  5  9 14  25.2 1015 193  3.5 6  4.7  24  266  346 339 -503  0
3823500 2818500  5  9 15  25.7 1015 223  2.3 6  4.6  23  232  317 344 -507  0
3823500 2818500  5  9 16  25.9 1015 220  2.6 6  4.6  22  181  272 344 -499  0
3823500 2818500  5  9 17  25.1 1014 330  1.3 5  4.7  23  259  161 342 -482  0
3823500 2818500  5  9 18  24.6 1014 342  2.1 4  5.0  26  195  105 336 -468  0
3823500 2818500  5  9 19  21.9 1014 335  1.2 5  6.2  35   90   69 335 -455  0
3823500 2818500  5  9 20  20.2 1014 353  0.7 5  7.4  48   11   21 336 -441  0
3823500 2818500  5  9 21  18.3 1014 344  1.0 2  7.8  56    0    0 321 -428  0
3823500 2818500  5  9 22  17.0 1014 346  0.3 2  8.0  64    0    0 306 -417  0
3823500 2818500  5  9 23  15.8 1015 306  0.1 2  8.0  69    0    0 302 -408  0
3823500 2818500  5  9 24  14.3 1015   7  0.1 3  7.8  74    0    0 302 -401  0
3823500 2818500  5 10  1  13.4 1015 304  0.1 4  7.8  79    0    0 305 -396  0
3823500 2818500  5 10  2  12.2 1015 307  0.1 5  7.7  84    0    0 306 -391  0
3823500 2818500  5 10  3  12.9 1015 143  0.1 5  7.7  85    0    0 308 -386  0
3823500 2818500  5 10  4  12.7 1015 119  0.1 4  7.7  83    0    0 302 -384  0
3823500 2818500  5 10  5  11.9 1015  87  0.2 4  7.6  85    0    1 296 -384  0
3823500 2818500  5 10  6  13.0 1015 206  0.6 5  7.4  82    0   20 296 -385  0
3823500 2818500  5 10  7  14.3 1015 328  0.9 6  7.4  76    0   70 301 -390  0
3823500 2818500  5 10  8  15.7 1015  10  1.1 6  7.7  72    3  136 307 -397  0
3823500 2818500  5 10  9  17.6 1016 336  1.5 6  7.9  67   84  277 314 -404  0
3823500 2818500  5 10 10  19.1 1016 339  1.6 5  8.1  61  297  313 320 -409  0
3823500 2818500  5 10 11  21.0 1016 330  2.2 6  8.2  56  297  375 329 -418  0
3823500 2818500  5 10 12  21.6 1017   1  2.0 7  8.1  52   81  388 342 -427  0
3823500 2818500  5 10 13  21.3 1016 356  2.0 5  8.4  53  111  409 343 -431  0
3823500 2818500  5 10 14  22.8 1016  36  1.0 4  8.2  50  445  335 338 -430  0
3823500 2818500  5 10 15  24.1 1016  48  1.6 3  7.6  42  445  286 335 -440  0
3823500 2818500  5 10 16  24.4 1015  32  0.9 2  7.5  40  379  246 332 -445  0
3823500 2818500  5 10 17  24.3 1015  20  0.8 2  7.2  38  271  207 328 -441  0
3823500 2818500  5 10 18  23.9 1015 335  0.6 2  6.9  37  143  159 326 -439  0
3823500 2818500  5 10 19  23.2 1014   3  0.6 4  7.0  38   32   88 328 -431  0
3823500 2818500  5 10 20  20.1 1014 350  0.8 5  7.3  45    0    8 331 -419  0
3823500 2818500  5 10 21  18.8 1014  20  0.7 7  7.5  53    0    0 335 -408  0
3823500 2818500  5 10 22  18.5 1014  29  2.0 7  7.5  56    0    0 339 -400  0
3823500 2818500  5 10 23  17.6 1015   9  1.0 7  7.3  56    0    0 338 -396  0
3823500 2818500  5 10 24  16.3 1014   2  1.0 7  7.0  58    0    0 334 -393  0
3823500 2818500  5 11  1  15.0 1014   8  0.2 6  7.0  63    0    0 326 -389  0
3823500 2818500  5 11  2  14.0 1014  58  1.3 5  7.1  69    0    0 317 -385  0
3823500 2818500  5 11  3  13.1 1014 333  2.0 5  7.4  77    0    0 313 -383  0
3823500 2818500  5 11  4  12.3 1014 294  0.9 6  7.5  82    0    0 313 -381  0
3823500 2818500  5 11  5  11.6 1014 352  0.6 6  7.3  84    0    4 313 -380  0
3823500 2818500  5 11  6  11.4 1014 349  1.8 6  7.2  85    9   40 310 -380  0
3823500 2818500  5 11  7  12.6 1013 264  0.2 2  7.3  84   50  112 299 -383  0
3823500 2818500  5 11  8  14.1 1014 224  0.4 1  7.6  80  164  171 288 -386  0
3823500 2818500  5 11  9  15.9 1014 231  1.0 0  7.8  73  290  210 286 -392  0
3823500 2818500  5 11 10  17.4 1014 261  1.3 1  8.1  68  415  230 293 -405  0
3823500 2818500  5 11 11  18.6 1014 261  2.0 3  8.1  62  433  286 306 -418  0
3823500 2818500  5 11 12  20.2 1014 252  3.6 3  7.6  54  459  312 316 -433  0
3823500 2818500  5 11 13  21.0 1014 262  3.4 3  6.9  46  564  261 319 -452  0
3823500 2818500  5 11 14  21.2 1013 258  4.0 3  6.0  39  541  253 319 -469  0
3823500 2818500  5 11 15  21.6 1013 263  3.0 3  5.4  34  487  233 319 -478  0
3823500 2818500  5 11 16  21.5 1012 260  3.4 2  5.2  32  389  212 315 -473  0
3823500 2818500  5 11 17  21.6 1011 247  3.3 2  5.1  32  291  174 311 -462  0
3823500 2818500  5 11 18  21.0 1011 249  3.2 4  5.2  33  140  145 314 -450  0
3823500 2818500  5 11 19  20.3 1011 264  1.9 5  5.5  36   63   84 318 -437  0
3823500 2818500  5 11 20  18.1 1011 300  0.9 6  5.8  42    8   23 318 -424  0
3823500 2818500  5 11 21  16.4 1011 316  1.8 7  6.2  51    0    0 319 -412  0
3823500 2818500  5 11 22  15.4 1011 314  0.7 7  6.6  59    0    0 319 -401  0
3823500 2818500  5 11 23  14.1 1011 322  0.5 7  6.7  64    0    0 317 -394  0
3823500 2818500  5 11 24  12.9 1011 308  0.3 7  6.8  70    0    0 314 -389  0
3823500 2818500  5 12  1  10.8 1011 327  0.4 7  6.9  79    0    0 309 -387  0
3823500 2818500  5 12  2  10.2 1011  17  0.1 7  6.9  87    0    0 306 -385  0
3823500 2818500  5 12  3   9.5 1010 265  0.0 6  6.8  90    0    0 301 -381  0
3823500 2818500  5 12  4   9.1 1010 280  0.1 7  6.7  92    0    0 300 -377  0
3823500 2818500  5 12  5   8.9 1009 265  0.1 6  6.8  95    0    0 300 -375  0
3823500 2818500  5 12  6   9.2 1009 301  0.1 7  7.0  97    0   23 301 -372  0
3823500 2818500  5 12  7  10.9 1009 269  0.3 7  7.3  94    0   55 306 -375  0
3823500 2818500  5 12  8  12.7 1009 285  1.1 7  7.6  88   28  188 311 -383  0
3823500 2818500  5 12  9  15.1 1009 274  1.5 6  7.4  75  154  288 315 -397  0
3823500 2818500  5 12 10  16.4 1008 260  2.7 4  6.9  62  283  332 313 -416  0
3823500 2818500  5 12 11  17.2 1008 250  3.0 5  6.6  55  231  404 316 -436  0
3823500 2818500  5 12 12  18.2 1008 239  3.4 5  6.4  50  185  434 324 -452  0
3823500 2818500  5 12 13  17.4 1007 286  4.0 5  6.2  48  142  433 324 -460  0
3823500 2818500  5 12 14  15.8 1007 280  4.2 7  6.2  53   10  281 328 -461  0
3823500 2818500  5 12 15  14.9 1007 297  5.0 6  6.7  61    0  124 327 -460  0
3823500 2818500  5 12 16  14.3 1008 340  2.9 4  7.0  67   28  256 316 -455  0
3823500 2818500  5 12 17  15.4 1008 278  2.3 4  6.7  63   64  244 310 -441  0
3823500 2818500  5 12 18  15.4 1008 337  3.8 5  6.1  56   60  174 313 -424  0
3823500 2818500  5 12 19  14.2 1008 311  4.0 8  6.0  57    0   53 324 -414  0
3823500 2818500  5 12 20  13.1 1009 263  2.7 5  6.1  62    0    7 322 -406  0
3823500 2818500  5 12 21  11.5 1009 303  1.2 3  5.9  66    0    0 301 -398  0
3823500 2818500  5 12 22   9.7 1010 257  1.1 2  5.9  74    0    0 284 -391  0
3823500 2818500  5 12 23   8.4 1011 233  0.5 2  5.9  82    0    0 277 -384  0
3823500 2818500  5 12 24   7.6 1011 199  0.5 2  5.8  87    0    0 274 -377  0
3823500 2818500  5 13  1   8.2 1011 212  0.8 0  5.8  87    0    0 267 -371  0
3823500 2818500  5 13  2   7.8 1011 206  0.9 1  5.7  85    0    0 264 -367  0
3823500 2818500  5 13  3   8.6 1011 205  1.0 1  5.8  85    0    0 268 -363  0
3823500 2818500  5 13  4   8.7 1012 213  1.0 3  6.0  86    0    0 277 -360  0
3823500 2818500  5 13  5   9.4 1012 215  1.2 5  6.2  87    0    2 293 -358  0
3823500 2818500  5 13  6   9.5 1012 218  0.8 2  6.5  88   22   42 290 -357  0
3823500 2818500  5 13  7  11.1 1012 235  1.5 1  6.8  87  140   78 276 -361  0
3823500 2818500  5 13  8  12.9 1013 241  2.1 0  7.1  81  307   87 272 -373  0
3823500 2818500  5 13  9  14.6 1013 234  2.0 0  7.2  74  473   84 273 -390  0
3823500 2818500  5 13 10  15.6 1013 237  2.9 1  6.9  65  509  142 282 -403  0
3823500 2818500  5 13 11  15.8 1013 260  3.4 3  6.3  56  226  331 294 -414  0
3823500 2818500  5 13 12  16.6 1013 224  3.3 6  5.8  50   62  344 311 -428  0
3823500 2818500  5 13 13  16.4 1013 279  3.3 5  5.5  48  106  357 317 -440  0
3823500 2818500  5 13 14  17.5 1012 274  1.5 5  5.5  46  142  349 313 -443  0
3823500 2818500  5 13 15  17.8 1012 280  1.8 5  5.5  44  278  295 313 -446  0
3823500 2818500  5 13 16  18.1 1011 301  1.2 6  5.4  42  280  237 316 -450  0
3823500 2818500  5 13 17  18.5 1011 247  1.7 6  5.4  41  113  212 318 -448  0
3823500 2818500  5 13 18  17.8 1011 243  1.2 5  5.5  42   84  146 312 -439  0
3823500 2818500  5 13 19  16.9 1010 198  0.2 6  5.7  46   24   79 309 -425  0
3823500 2818500  5 13 20  14.7 1010  61  0.1 6  6.1  54    3   17 306 -414  0
3823500 2818500  5 13 21  12.0 1010  35  0.1 7  6.4  66    0    0 299 -405  0
3823500 2818500  5 13 22  11.5 1009  68  0.2 7  6.4  74    0    0 296 -397  0
3823500 2818500  5 13 23  10.6 1009 101  0.1 7  6.3  76    0    0 294 -392  0
3823500 2818500  5 13 24  10.3 1009 120  0.4 7  6.3  79    0    0 294 -386  0
3823500 2818500  5 14  1   9.5 1008 124  0.4 7  6.1  80    0    0 295 -382  0
3823500 2818500  5 14  2   9.3 1007  82  0.0 7  6.0  81    0    0 294 -379  0
3823500 2818500  5 14  3   9.0 1007 224  0.8 7  6.0  82    0    0 295 -375  0
3823500 2818500  5 14  4   8.8 1007 190  0.6 6  6.0  84    0    0 292 -371  0
3823500 2818500  5 14  5   9.5 1006 236  0.5 7  6.0  82    0    1 295 -368  0
3823500 2818500  5 14  6   9.3 1006 240  0.9 6  6.0  81    0   21 298 -367  0
3823500 2818500  5 14  7  10.7 1006 188  0.8 8  6.2  81    1   83 304 -372  0
3823500 2818500  5 14  8  12.9 1005 233  1.5 6  6.4  74   99  195 311 -382  0
3823500 2818500  5 14  9  14.0 1005 259  2.7 6  6.4  66  144  266 312 -397  0
3823500 2818500  5 14 10  15.6 1005 268  4.4 6  6.3  60  191  326 319 -413  0
3823500 2818500  5 14 11  15.3 1005 299  4.6 7  6.3  57   25  313 328 -428  0
3823500 2818500  5 14 12  14.7 1005 282  5.4 7  6.3  58    1  251 333 -443  0
3823500 2818500  5 14 13  15.1 1006 266  4.6 7  6.0  56   16  309 336 -457  0
3823500 2818500  5 14 14  15.5 1006 257  5.6 5  5.3  49  143  383 331 -458  0
3823500 2818500  5 14 15  16.1 1006 313  4.8 4  4.7  42  156  349 321 -445  0
3823500 2818500  5 14 16  16.1 1006 306  4.8 3  4.2  37  245  285 312 -436  0
3823500 2818500  5 14 17  15.5 1006 304  5.4 3  4.1  36  206  215 306 -432  0
3823500 2818500  5 14 18  14.8 1006 315  5.0 2  4.3  40  157  147 299 -422  0
3823500 2818500  5 14 19  13.9 1007 293  3.6 2  4.7  46  105   89 292 -411  0
3823500 2818500  5 14 20  12.6 1007 281  2.9 4  5.0  52   19   32 298 -400  0
3823500 2818500  5 14 21  11.7 1008 284  1.8 3  5.1  57    0    0 300 -390  0
3823500 2818500  5 14 22  10.9 1008 257  1.2 4  5.1  61    0    0 297 -384  0
3823500 2818500  5 14 23  10.0 1009 261  0.8 6  5.4  68    0    0 310 -377  0
3823500 2818500  5 14 24   8.9 1009 263  0.8 5  5.5  75    0    0 312 -370  0
3823500 2818500  5 15  1   8.3 1009 247  1.4 2  5.5  79    0    0 288 -363  0
3823500 2818500  5 15  2   7.5 1009 239  1.2 1  5.4  82    0    0 264 -358  0
3823500 2818500  5 15  3   6.9 1009 228  1.4 1  5.4  84    0    0 257 -354  0
3823500 2818500  5 15  4   6.5 1009 221  1.2 1  5.4  87    0    0 255 -351  0
3823500 2818500  5 15  5   6.6 1009 242  1.0 5  5.5  91    0    0 275 -348  0
3823500 2818500  5 15  6   7.9 1010 243  1.3 6  5.8  91    0   19 303 -347  0
3823500 2818500  5 15  7   9.5 1010 250  2.4 5  6.0  86   47   95 307 -352  0
3823500 2818500  5 15  8  11.5 1011 269  2.6 4  6.1  77  228   96 301 -365  0
3823500 2818500  5 15  9  11.8 1011 284  2.5 6  5.9  69   77  225 309 -380  0
3823500 2818500  5 15 10  12.9 1011 279  3.4 4  5.6  62  299  205 308 -395  0
3823500 2818500  5 15 11  11.8 1011 275  3.5 3  5.7  63  515  140 293 -407  0
3823500 2818500  5 15 12  13.3 1011 288  3.2 5  5.6  62  172  315 297 -418  0
3823500 2818500  5 15 13  10.5 1011 267  5.7 7  5.7  65  103  324 305 -426  0
3823500 2818500  5 15 14  13.5 1012 313  3.2 6  5.7  65   92  309 305 -429  0
3823500 2818500  5 15 15  13.2 1012 316  2.5 6  5.6  58   44  271 303 -428  0
3823500 2818500  5 15 16  15.2 1012 323  3.9 4  5.6  55  182  220 301 -425  0
3823500 2818500  5 15 17  14.5 1012 311  2.6 5  5.2  50  166  165 299 -421  0
3823500 2818500  5 15 18  13.8 1012 302  2.6 7  5.2  52   26  130 301 -412  0
3823500 2818500  5 15 19  12.9 1012 285  2.9 6  5.3  56   29   71 298 -402  0
3823500 2818500  5 15 20  11.9 1013 290  2.1 7  5.4  60    5   19 293 -394  0
3823500 2818500  5 15 21  10.7 1013 294  2.3 7  5.5  66    0    0 291 -386  0
3823500 2818500  5 15 22  10.6 1014 286  0.7 7  5.5  69    0    0 289 -380  0
3823500 2818500  5 15 23  10.4 1014 256  0.6 8  5.5  70    0    0 291 -374  0
3823500 2818500  5 15 24  10.5 1014 249  1.5 8  5.6  71    0    0 294 -367  0
3823500 2818500  5 16  1  10.8 1014 243  2.4 7  5.7  71    0    0 296 -361  0
3823500 2818500  5 16  2  10.7 1014 231  2.7 7  5.7  71    0    0 296 -356  0
3823500 2818500  5 16  3  10.7 1013 229  2.8 7  5.7  71    0    0 298 -353  0
3823500 2818500  5 16  4  10.5 1013 227  2.5 7  5.8  73    0    0 301 -350  0
3823500 2818500  5 16  5  10.3 1013 222  2.5 8  6.2  79    0    4 310 -349  0
3823500 2818500  5 16  6  10.0 1012 217  2.7 8  6.5  84    0   16 319 -352  0
3823500 2818500  5 16  7  10.2 1012 227  3.3 7  6.7  87    0   39 318 -360  0
3823500 2818500  5 16  8  10.7 1012 224  4.1 7  7.0  89    0  106 316 -370  0
3823500 2818500  5 16  9  11.4 1011 223  4.3 6  7.3  89    3  208 316 -382  0
3823500 2818500  5 16 10  11.7 1011 231  4.4 7  7.7  90    2  238 322 -395  0
3823500 2818500  5 16 11  12.1 1011 236  5.0 7  8.0  91    0  188 330 -409  0
3823500 2818500  5 16 12  12.4 1011 231  4.5 7  8.2  92    0  171 334 -422  0
3823500 2818500  5 16 13  12.7 1011 242  4.4 7  8.4  92    0  158 340 -429  0
3823500 2818500  5 16 14  12.8 1011 245  4.6 7  8.6  93    0  150 346 -430  0
3823500 2818500  5 16 15  12.8 1011 251  3.6 7  8.6  93    0  175 348 -424  0
3823500 2818500  5 16 16  12.7 1011 282  5.4 7  8.4  91    0  156 348 -416  0
3823500 2818500  5 16 17  12.7 1011 256  4.5 7  8.2  89    0   73 349 -406  0
3823500 2818500  5 16 18  13.2 1011 239  3.5 8  8.2  88    0   40 355 -403  0
3823500 2818500  5 16 19  12.9 1011 245  3.1 8  8.2  87    0   17 360 -404  0
3823500 2818500  5 16 20  12.7 1011 231  3.1 8  8.3  89    0    5 358 -403  0
3823500 2818500  5 16 21  12.8 1011 233  2.8 8  8.3  90    0    0 355 -398  0
3823500 2818500  5 16 22  12.8 1011 239  2.6 8  8.3  89    0    0 353 -393  0
3823500 2818500  5 16 23  12.9 1011 230  2.6 8  8.2  88    0    0 352 -389  0
3823500 2818500  5 16 24  12.9 1011 229  2.6 8  8.2  88    0    0 351 -387  0
3823500 2818500  5 17  1  12.9 1011 218  2.9 7  8.3  89    0    0 346 -386  0
3823500 2818500  5 17  2  12.8 1010 222  3.3 7  8.2  88    0    0 340 -384  0
3823500 2818500  5 17  3  12.7 1010 222  3.4 7  7.9  85    0    0 340 -384  0
3823500 2818500  5 17  4  12.4 1010 241  3.4 7  7.7  84    0    0 339 -384  0
3823500 2818500  5 17  5  12.1 1009 233  2.7 7  7.7  86    0    1 338 -384  0
3823500 2818500  5 17  6  12.1 1009 231  2.4 8  7.8  88    0   14 340 -385  0
3823500 2818500  5 17  7  12.1 1009 233  3.2 7  7.9  89    0   38 340 -388  0
3823500 2818500  5 17  8  12.2 1010 234  2.9 7  8.1  91    0   65 336 -395  0
3823500 2818500  5 17  9  12.4 1010 228  3.1 7  8.3  92    0  117 338 -404  0
3823500 2818500  5 17 10  12.8 1010 237  3.3 7  8.5  92    0  127 340 -416  0
3823500 2818500  5 17 11  13.7 1010 232  3.4 8  8.5  89    0  173 347 -427  0
3823500 2818500  5 17 12  14.1 1010 238  3.6 7  8.3  84    1  232 350 -435  0
3823500 2818500  5 17 13  14.6 1010 237  3.5 7  8.4  82    8  268 349 -439  0
3823500 2818500  5 17 14  14.8 1011 243  3.6 6  8.6  82   50  300 349 -437  0
3823500 2818500  5 17 15  14.9 1011 243  3.2 6  8.5  80   11  230 347 -431  0
3823500 2818500  5 17 16  14.6 1011 264  2.9 7  8.3  78    0  108 348 -428  0
3823500 2818500  5 17 17  14.4 1011 273  3.6 7  8.3  80    0   93 351 -429  0
3823500 2818500  5 17 18  14.1 1011 257  2.5 7  8.3  82    0   72 348 -428  0
3823500 2818500  5 17 19  14.2 1011 266  1.5 7  8.2  81    0   45 345 -421  0
3823500 2818500  5 17 20  13.5 1011 280  0.6 7  8.3  83    0    6 343 -414  0
3823500 2818500  5 17 21  13.0 1011 222  0.6 6  8.3  87    0    0 336 -407  0
3823500 2818500  5 17 22  13.2 1011 196  0.8 7  8.3  88    0    0 333 -400  0
3823500 2818500  5 17 23  12.6 1011 176  0.3 7  8.2  88    0    0 336 -396  0
3823500 2818500  5 17 24  12.9 1010 168  0.8 7  8.1  88    0    0 335 -394  0
3823500 2818500  5 18  1  12.9 1010 166  1.1 7  8.1  87    0    0 335 -393  0
3823500 2818500  5 18  2  11.8 1010 171  1.2 5  8.0  89    0    0 327 -393  0
3823500 2818500  5 18  3  11.7 1009 170  1.1 5  7.8  90    0    0 317 -393  0
3823500 2818500  5 18  4  10.3 1009 170  0.5 6  7.6  92    0    0 319 -393  0
3823500 2818500  5 18  5   9.7 1009 176  0.9 6  7.3  95    0    1 319 -393  0
3823500 2818500  5 18  6  10.7 1009 183  1.3 7  7.3  94    0   14 324 -393  0
3823500 2818500  5 18  7  12.3 1009 202  1.5 8  7.5  88    3   91 334 -396  0
3823500 2818500  5 18  8  13.7 1008 203  2.2 6  7.7  82  117  200 336 -402  0
3823500 2818500  5 18  9  14.9 1008 219  3.2 4  7.7  75  367  195 329 -411  0
3823500 2818500  5 18 10  15.8 1008 208  3.9 4  7.5  68  450  235 328 -422  0
3823500 2818500  5 18 11  16.7 1008 217  4.1 3  7.6  65  399  322 331 -432  0
3823500 2818500  5 18 12  17.4 1008 203  3.6 5  7.7  63   38  340 335 -442  0
3823500 2818500  5 18 13  16.4 1008 213  3.8 7  7.6  63    0  198 345 -451  0
3823500 2818500  5 18 14  17.0 1008 210  3.5 7  7.5  63    0  213 348 -460  0
3823500 2818500  5 18 15  17.0 1007 237  3.7 7  7.6  62    6  236 349 -465  0
3823500 2818500  5 18 16  17.8 1007 241  3.2 7  7.6  61   52  273 348 -463  0
3823500 2818500  5 18 17  18.3 1006 222  3.1 6  7.7  60  209  224 347 -457  0
3823500 2818500  5 18 18  18.8 1006 236  1.9 5  7.9  59  217  141 340 -452  0
3823500 2818500  5 18 19  18.2 1006 220  0.6 5  8.0  60   82   97 334 -445  0
3823500 2818500  5 18 20  17.2 1006 291  0.2 6  8.2  64   15   34 333 -436  0
3823500 2818500  5 18 21  14.9 1006 349  0.7 8  8.2  72    0    0 340 -428  0
3823500 2818500  5 18 22  12.6 1006  29  0.3 6  8.2  83    0    0 333 -422  0
3823500 2818500  5 18 23  11.2 1006  15  0.1 4  8.0  92    0    0 312 -418  0
3823500 2818500  5 18 24  11.4 1006  66  0.4 5  7.9  94    0    0 307 -414  0
3823500 2818500  5 19  1  12.0 1006 241  0.5 6  8.0  92    0    0 317 -411  0
3823500 2818500  5 19  2  11.6 1007 290  0.3 7  8.0  92    0    0 324 -406  0
3823500 2818500  5 19  3  10.9 1007 259  0.5 6  7.8  93    0    0 321 -401  0
3823500 2818500  5 19  4  10.8 1007 233  0.8 6  7.6  94    0    0 315 -397  0
3823500 2818500  5 19  5  11.4 1007 203  0.3 7  7.7  93    0    1 319 -394  0
3823500 2818500  5 19  6  12.1 1007 239  0.3 7  8.0  92    0   15 324 -393  0
3823500 2818500  5 19  7  13.3 1007 272  0.6 7  8.2  89    0   62 326 -397  0
3823500 2818500  5 19  8  13.6 1008 289  1.1 7  8.4  86    6  160 329 -407  0
3823500 2818500  5 19  9  14.5 1008 295  1.5 7  8.5  84   18  252 332 -421  0
3823500 2818500  5 19 10  14.7 1008 313  1.6 7  8.4  81   17  291 334 -436  0
3823500 2818500  5 19 11  14.8 1009 306  1.5 7  8.4  80   11  295 337 -452  0
3823500 2818500  5 19 12  15.4 1009 347  2.2 7  8.4  78   43  377 339 -466  0
3823500 2818500  5 19 13  15.7 1009 337  2.7 6  8.2  74   97  430 338 -475  0
3823500 2818500  5 19 14  15.6 1009 334  2.9 6  8.0  72   95  409 334 -476  0
3823500 2818500  5 19 15  15.4 1009 353  2.7 6  7.9  71   65  354 332 -470  0
3823500 2818500  5 19 16  15.6 1009 350  2.8 6  7.7  70   58  307 330 -462  0
3823500 2818500  5 19 17  15.3 1009  14  2.5 6  7.6  69   42  238 329 -454  0
3823500 2818500  5 19 18  15.2 1009   6  2.1 7  7.5  69    0   96 332 -442  0
3823500 2818500  5 19 19  15.1 1009 360  1.4 8  7.4  68    0   21 340 -428  0
3823500 2818500  5 19 20  14.7 1009   2  0.7 7  7.5  70    0    6 341 -415  0
3823500 2818500  5 19 21  14.4 1009  24  0.4 7  7.6  73    0    0 336 -402  0
3823500 2818500  5 19 22  13.3 1010  20  0.2 8  7.5  76    0    0 339 -393  0
3823500 2818500  5 19 23  13.1 1010  32  0.3 8  7.5  79    0    0 342 -386  0
3823500 2818500  5 19 24  12.7 1010  15  0.2 8  7.5  80    0    0 341 -380  0
3823500 2818500  5 20  1  12.1 1010   5  0.2 8  7.4  82    0    0 340 -375  0
3823500 2818500  5 20  2  11.5 1010  44  0.3 7  7.3  84    0    0 334 -371  0
3823500 2818500  5 20  3  12.0 1010  54  0.4 7  7.3  84    0    0 328 -367  0
3823500 2818500  5 20  4  12.1 1009  40  0.1 8  7.3  83    0    0 332 -364  0
3823500 2818500  5 20  5  11.9 1009  22  0.1 8  7.3  83    0    0 333 -361  0
3823500 2818500  5 20  6  12.2 1009  38  0.3 7  7.3  83    0   22 326 -360  0
3823500 2818500  5 20  7  12.7 1009  36  0.8 5  7.4  81   32  129 314 -366  0
3823500 2818500  5 20  8  14.3 1010  70  0.7 6  7.5  78   78  217 312 -378  0
3823500 2818500  5 20  9  15.7 1010 251  1.0 4  7.9  74  167  294 312 -397  0
3823500 2818500  5 20 10  16.6 1010 249  1.8 5  8.2  72  153  359 315 -418  0
3823500 2818500  5 20 11  17.7 1010 249  2.5 5  8.1  66  155  406 321 -439  0
3823500 2818500  5 20 12  19.5 1010 241  2.7 3  7.6  56  301  428 323 -458  0
3823500 2818500  5 20 13  19.9 1009 206  2.9 3  6.8  47  410  399 324 -475  0
3823500 2818500  5 20 14  21.2 1009 270  3.7 3  6.3  41  441  366 327 -487  0
3823500 2818500  5 20 15  21.6 1009 254  3.2 4  6.1  38  189  384 332 -490  0
3823500 2818500  5 20 16  21.8 1009 224  3.4 3  6.1  38  145  326 331 -486  0
3823500 2818500  5 20 17  21.2 1009 292  2.1 6  6.2  39   47  229 334 -478  0
3823500 2818500  5 20 18  20.8 1009 272  1.5 8  6.4  41    4  124 344 -463  0
3823500 2818500  5 20 19  20.2 1008 295  1.6 6  6.7  44    9   83 344 -447  0
3823500 2818500  5 20 20  18.9 1009 305  0.1 6  7.1  50    1   22 338 -433  0
3823500 2818500  5 20 21  16.5 1009 292  0.7 6  7.3  58    0    0 336 -421  0
3823500 2818500  5 20 22  15.9 1010 285  0.4 6  7.5  65    0    0 333 -409  0
3823500 2818500  5 20 23  14.4 1011 297  1.2 6  7.5  69    0    0 331 -399  0
3823500 2818500  5 20 24  13.0 1011 315  1.0 5  7.3  74    0    0 324 -391  0
3823500 2818500  5 21  1  12.0 1012 292  0.1 3  7.2  79    0    0 307 -384  0
3823500 2818500  5 21  2  10.9 1012 286  0.2 3  7.1  84    0    0 295 -378  0
3823500 2818500  5 21  3  10.4 1012 269  0.2 3  7.0  88    0    0 293 -374  0
3823500 2818500  5 21  4   9.5 1012 296  0.1 3  6.9  90    0    0 290 -371  0
3823500 2818500  5 21  5   8.6 1013 276  0.2 4  6.7  94    0    4 292 -368  0
3823500 2818500  5 21  6   9.2 1013 293  0.3 3  6.8  96    7   51 291 -366  0
3823500 2818500  5 21  7  11.5 1013 323  0.3 2  7.2  91   65  133 285 -371  0
3823500 2818500  5 21  8  13.3 1014 312  1.1 2  7.1  79  178  193 285 -383  0
3823500 2818500  5 21  9  16.0 1014 345  1.1 1  6.7  64  292  239 288 -400  0
3823500 2818500  5 21 10  16.8 1014 317  1.1 1  6.5  56  398  272 291 -419  0
3823500 2818500  5 21 11  18.0 1014 357  1.2 1  6.1  50  511  277 296 -437  0
3823500 2818500  5 21 12  19.0 1014 342  1.1 1  5.8  44  578  280 302 -452  0
3823500 2818500  5 21 13  20.3 1013 278  1.3 1  5.6  40  584  287 307 -465  0
3823500 2818500  5 21 14  21.1 1013 242  1.7 1  5.6  37  557  280 312 -473  0
3823500 2818500  5 21 15  22.0 1012 178  1.5 1  5.8  36  478  272 314 -476  0
3823500 2818500  5 21 16  22.5 1011 192  1.4 0  5.9  35  407  237 314 -475  0
3823500 2818500  5 21 17  22.8 1011 201  1.5 0  6.0  35  308  197 310 -469  0
3823500 2818500  5 21 18  22.3 1010 180  1.0 0  6.3  37  176  159 308 -461  0
3823500 2818500  5 21 19  22.1 1009 174  0.3 1  6.9  41   72  102 308 -450  0
3823500 2818500  5 21 20  19.8 1009 121  0.1 2  7.6  49   14   35 311 -437  0
3823500 2818500  5 21 21  17.1 1009  38  0.1 1  8.1  61    0    0 305 -424  0
3823500 2818500  5 21 22  14.9 1009  10  0.0 0  8.2  72    0    0 291 -414  0
3823500 2818500  5 21 23  13.6 1009  37  0.1 0  8.2  80    0    0 284 -409  0
3823500 2818500  5 21 24  12.6 1008 131  0.0 0  8.0  85    0    0 280 -407  0
3823500 2818500  5 22  1  11.5 1008 145  0.0 0  7.8  89    0    0 275 -406  0
3823500 2818500  5 22  2  12.2 1007 139  0.0 0  7.8  89    0    0 275 -407  0
3823500 2818500  5 22  3  12.6 1007 160  0.2 0  8.0  89    0    0 274 -409  0
3823500 2818500  5 22  4  12.1 1007 151  0.1 1  8.2  91    0    0 273 -409  0
3823500 2818500  5 22  5  12.5 1006 164  0.5 2  8.3  92    0    0 278 -406  0
3823500 2818500  5 22  6  14.2 1006 160  0.7 6  8.6  89    5   45 303 -402  0
3823500 2818500  5 22  7  16.1 1006 188  1.1 7  8.7  81    3   86 332 -401  0
3823500 2818500  5 22  8  16.4 1006 212  1.0 6  8.8  76    0  100 336 -406  0
3823500 2818500  5 22  9  17.4 1006 212  2.4 6  8.6  71    0  141 334 -417  0
3823500 2818500  5 22 10  16.9 1006 179  1.7 6  9.1  74    0  195 338 -429  0
3823500 2818500  5 22 11  18.9 1006 183  2.5 7  9.8  76   32  299 350 -441  0
3823500 2818500  5 22 12  19.0 1006 214  2.3 7 10.0  72   47  326 360 -451  0
3823500 2818500  5 22 13  17.2 1005 235  3.2 5 10.5  80   30  308 352 -456  0
3823500 2818500  5 22 14  19.4 1006 260  3.2 5 10.3  78  162  340 345 -457  0
3823500 2818500  5 22 15  19.6 1005 261  4.5 7  9.4  65    0  184 351 -452  0
3823500 2818500  5 22 16  18.7 1006 263  5.2 6  8.5  61   43  251 351 -446  0
3823500 2818500  5 22 17  16.9 1007 275  4.3 7  7.2  56   19  189 346 -441  0
3823500 2818500  5 22 18  16.6 1007 287  4.7 6  5.8  49   57  150 338 -433  0
3823500 2818500  5 22 19  16.0 1008 273  4.3 5  5.4  46   73   86 328 -422  0
3823500 2818500  5 22 20  15.1 1009 273  2.9 4  5.5  50   30   31 314 -409  0
3823500 2818500  5 22 21  14.1 1010 260  2.7 0  5.7  55    0    0 291 -397  0
3823500 2818500  5 22 22  13.5 1011 224  0.3 0  5.9  60    0    0 274 -389  0
3823500 2818500  5 22 23  13.5 1012 205  0.5 0  6.0  63    0    0 273 -383  0
3823500 2818500  5 22 24  12.9 1013 220  1.1 2  6.1  65    0    0 276 -378  0
3823500 2818500  5 23  1  11.8 1013 216  1.2 1  6.2  69    0    0 275 -374  0
3823500 2818500  5 23  2  11.8 1014 218  1.0 1  6.1  71    0    0 269 -372  0
3823500 2818500  5 23  3  11.6 1014 216  1.2 1  6.0  70    0    0 269 -369  0
3823500 2818500  5 23  4  10.6 1014 204  1.2 2  5.9  72    0    0 269 -367  0
3823500 2818500  5 23  5   9.8 1015 197  1.1 3  5.9  76    0    5 271 -364  0
3823500 2818500  5 23  6  10.5 1015 197  1.0 4  6.0  78   24   55 274 -363  0
3823500 2818500  5 23  7  12.2 1015 213  1.8 4  6.3  75  112  114 280 -368  0
3823500 2818500  5 23  8  13.5 1015 223  3.2 4  6.6  72  231  154 285 -379  0
3823500 2818500  5 23  9  14.9 1016 206  3.1 4  7.0  69  347  187 291 -393  0
3823500 2818500  5 23 10  16.2 1016 198  3.5 4  7.0  64  462  206 296 -408  0
3823500 2818500  5 23 11  17.3 1015 208  4.4 3  6.6  56  404  294 297 -422  0
3823500 2818500  5 23 12  17.9 1015 214  5.1 3  6.2  49  540  260 299 -434  0
3823500 2818500  5 23 13  19.1 1015 221  4.7 2  5.7  43  700  176 299 -443  0
3823500 2818500  5 23 14  19.6 1014 223  5.0 2  5.3  38  669  174 299 -449  0
3823500 2818500  5 23 15  20.6 1014 225  4.4 2  5.1  35  653  136 301 -451  0
3823500 2818500  5 23 16  20.8 1013 212  4.3 3  5.0  33  473  169 307 -452  0
3823500 2818500  5 23 17  21.3 1012 218  4.5 4  5.0  32  408  121 313 -452  0
3823500 2818500  5 23 18  21.3 1011 200  3.7 4  5.1  32  247  112 316 -447  0
3823500 2818500  5 23 19  20.9 1011 225  3.3 3  5.1  32  128   80 313 -438  0
3823500 2818500  5 23 20  19.2 1010 191  1.5 4  5.3  36   33   36 310 -428  0
3823500 2818500  5 23 21  16.9 1010 173  0.8 2  5.7  44    0    0 303 -418  0
3823500 2818500  5 23 22  16.8 1010 190  1.4 2  5.9  49    0    0 297 -411  0
3823500 2818500  5 23 23  15.8 1010 182  1.5 1  5.9  51    0    0 293 -404  0
3823500 2818500  5 23 24  15.6 1009 183  2.0 1  6.1  54    0    0 290 -399  0
3823500 2818500  5 24  1  15.9 1009 225  1.4 0  6.3  56    0    0 287 -395  0
3823500 2818500  5 24  2  15.0 1009 223  1.5 1  6.4  58    0    0 286 -392  0
3823500 2818500  5 24  3  14.4 1009 224  1.5 3  6.5  62    0    0 293 -391  0
3823500 2818500  5 24  4  14.0 1009 223  1.8 6  6.6  66    0    0 308 -389  0
3823500 2818500  5 24  5  13.9 1009 251  2.0 7  6.8  68    0    0 320 -386  0
3823500 2818500  5 24  6  12.7 1010 262  2.9 7  7.1  74    0    8 318 -383  0
3823500 2818500  5 24  7  12.2 1010 270  2.0 6  7.3  80    0   35 307 -383  0
3823500 2818500  5 24  8  13.2 1011 263  3.0 5  6.6  72   67  193 298 -385  0
3823500 2818500  5 24  9  14.6 1012 259  4.6 4  5.7  58  273  221 292 -392  0
3823500 2818500  5 24 10  14.8 1012 265  5.3 4  5.0  48  365  255 290 -402  0
3823500 2818500  5 24 11  15.9 1013 280  6.9 5  4.5  41  299  335 293 -411  0
3823500 2818500  5 24 12  16.2 1014 289  5.7 5  4.1  36  293  366 296 -418  0
3823500 2818500  5 24 13  16.6 1014 268  5.2 4  3.9  34  269  376 294 -420  0
3823500 2818500  5 24 14  16.5 1015 280  4.6 4  3.7  32  197  362 293 -424  0
3823500 2818500  5 24 15  17.1 1015 284  5.4 4  3.6  31  281  317 293 -429  0
3823500 2818500  5 24 16  17.3 1015 302  5.8 2  3.5  29  439  187 290 -423  0
3823500 2818500  5 24 17  16.6 1016 298  5.3 1  3.4  29  412  118 282 -413  0
3823500 2818500  5 24 18  15.8 1016 272  4.1 1  3.4  30  275  102 277 -408  0
3823500 2818500  5 24 19  14.9 1017 306  4.5 1  3.5  33  139   79 274 -401  0
3823500 2818500  5 24 20  13.5 1017 296  2.7 2  3.8  38   33   36 273 -391  0
3823500 2818500  5 24 21  11.4 1018 267  0.5 1  4.0  44    0    0 266 -381  0
3823500 2818500  5 24 22   9.7 1019 236  0.5 1  4.2  53    0    0 256 -373  0
3823500 2818500  5 24 23   7.9 1019 220  0.2 1  4.3  62    0    0 252 -367  0
3823500 2818500  5 24 24   8.5 1019 209  0.5 1  4.4  66    0    0 250 -362  0
3823500 2818500  5 25  1   8.1 1019 202  1.3 1  4.4  66    0    0 251 -358  0
3823500 2818500  5 25  2   8.2 1019 216  1.5 1  4.5  67    0    0 249 -355  0
3823500 2818500  5 25  3   7.1 1019 209  0.7 0  4.5  70    0    0 243 -353  0
3823500 2818500  5 25  4   6.5 1019 192  0.5 1  4.6  75    0    0 240 -351  0
3823500 2818500  5 25  5   5.6 1019 185  0.7 0  4.6  80    1   10 237 -349  0
3823500 2818500  5 25  6   7.8 1019 185  1.0 1  4.9  80   39   54 239 -349  0
3823500 2818500  5 25  7  10.6 1020 217  1.4 0  5.3  73  140  101 246 -355  0
3823500 2818500  5 25  8  12.7 1020 225  2.4 0  5.8  68  275  129 250 -368  0
3823500 2818500  5 25  9  14.5 1020 247  3.2 1  6.1  63  432  135 261 -386  0
3823500 2818500  5 25 10  16.3 1020 235  3.5 0  6.1  56  543  151 270 -405  0
3823500 2818500  5 25 11  17.5 1019 231  3.5 1  5.6  47  517  230 276 -423  0
3823500 2818500  5 25 12  18.2 1019 227  3.3 2  5.0  40  532  257 287 -440  0
3823500 2818500  5 25 13  18.4 1018 173  2.5 2  4.6  35  677  183 292 -454  0
3823500 2818500  5 25 14  19.5 1017 270  1.9 1  4.4  32  750  118 291 -463  0
3823500 2818500  5 25 15  20.1 1016  77  2.7 1  4.3  30  682  113 291 -465  0
3823500 2818500  5 25 16  20.5 1015 119  2.0 0  4.2  28  580  107 289 -463  0
3823500 2818500  5 25 17  20.9 1015 126  2.3 0  4.2  28  453   99 287 -457  0
3823500 2818500  5 25 18  21.0 1014 129  2.2 1  4.3  28  292   95 290 -446  0
3823500 2818500  5 25 19  20.3 1013 122  1.0 1  4.2  28  146   77 290 -432  0
3823500 2818500  5 25 20  18.9 1012  78  0.6 1  4.2  30   36   36 287 -418  0
3823500 2818500  5 25 21  16.5 1011  94  0.8 0  4.5  36    0    0 280 -406  0
3823500 2818500  5 25 22  14.9 1011 100  0.6 0  4.8  43    0    0 272 -398  0
3823500 2818500  5 25 23  14.7 1010 103  0.6 1  4.9  47    0    0 272 -393  0
3823500 2818500  5 25 24  13.3 1009 114  0.6 1  4.9  50    0    0 272 -390  0
3823500 2818500  5 26  1  12.7 1008 112  0.6 0  4.9  53    0    0 266 -387  0
3823500 2818500  5 26  2  12.5 1008 119  1.0 1  4.9  53    0    0 266 -384  0
3823500 2818500  5 26  3  11.6 1006 119  1.1 0  4.8  54    0    0 265 -381  0
3823500 2818500  5 26  4  12.3 1005 118  1.0 2  4.7  54    0    0 268 -377  0
3823500 2818500  5 26  5  11.4 1004 126  0.8 3  4.7  54    0    6 274 -375  0
3823500 2818500  5 26  6  13.0 1003 139  0.8 4  4.8  54    9   52 280 -375  0
3823500 2818500  5 26  7  14.4 1002 153  1.3 4  5.0  51   36  122 283 -381  0
3823500 2818500  5 26  8  16.0 1001 162  2.5 5  5.2  48   94  198 288 -394  0
3823500 2818500  5 26  9  18.5 1000 170  3.1 4  5.5  44  357  189 296 -410  0
3823500 2818500  5 26 10  22.1 1000 184  3.3 4  6.0  40  302  292 307 -425  0
3823500 2818500  5 26 11  23.2  999 195  4.6 4  6.2  36  455  279 318 -436  0
3823500 2818500  5 26 12  24.2  998 215  5.2 4  5.9  32  544  269 322 -445  0
3823500 2818500  5 26 13  21.3  998 233  6.7 6  5.9  34  293  380 327 -449  0
3823500 2818500  5 26 14  18.5  999 257  8.0 6  6.3  43  162  360 328 -450  0
3823500 2818500  5 26 15  19.6  999 256  7.0 4  5.9  43  419  275 322 -448  0
3823500 2818500  5 26 16  19.3  999 254  7.2 4  5.2  36  224  283 317 -444  0
3823500 2818500  5 26 17  18.1 1000 252  5.9 6  4.9  36   55  217 321 -437  0
3823500 2818500  5 26 18  17.5 1000 236  5.8 6  5.0  39   28  148 326 -427  0
3823500 2818500  5 26 19  17.1 1000 215  4.8 6  5.1  41   13   84 326 -417  0
3823500 2818500  5 26 20  16.4 1000 214  4.2 6  5.2  43   22   35 325 -407  0
3823500 2818500  5 26 21  15.4 1000 221  4.7 6  5.3  47    0    0 324 -400  0
3823500 2818500  5 26 22  14.7 1000 211  3.9 5  5.6  52    0    0 319 -394  0
3823500 2818500  5 26 23  14.3 1000 220  3.5 5  5.9  56    0    0 316 -390  0
3823500 2818500  5 26 24  14.1 1000 221  4.0 5  6.1  60    0    0 317 -387  0
3823500 2818500  5 27  1  13.6 1000 219  4.8 6  6.3  63    0    0 322 -384  0
3823500 2818500  5 27  2  13.2 1000 215  3.7 7  6.5  67    0    0 331 -383  0
3823500 2818500  5 27  3  13.1 1000 228  4.0 8  6.6  70    0    0 340 -383  0
3823500 2818500  5 27  4  13.0 1000 226  3.4 7  6.6  69    0    0 343 -383  0
3823500 2818500  5 27  5  12.6 1000 231  4.1 7  6.6  71    0    1 340 -383  0
3823500 2818500  5 27  6  12.0 1001 231  3.5 8  6.9  77    0   16 344 -381  0
3823500 2818500  5 27  7  11.8 1001 237  3.5 8  7.3  83    3   88 349 -380  0
3823500 2818500  5 27  8  12.5 1001 241  3.6 7  7.4  83    9  150 345 -379  0
3823500 2818500  5 27  9  13.1 1002 244  4.2 7  7.4  79    8  196 344 -379  0
3823500 2818500  5 27 10  13.9 1002 246  3.8 6  7.1  73   47  278 341 -383  0
3823500 2818500  5 27 11  12.7 1003 245  3.6 8  7.1  74    0  128 346 -390  0
3823500 2818500  5 27 12  14.3 1003 257  3.6 7  7.1  73   60  316 350 -399  0
3823500 2818500  5 27 13  13.8 1004 268  3.5 6  6.8  67   60  314 341 -404  0
3823500 2818500  5 27 14  15.2 1004 286  4.5 5  6.6  64  198  317 332 -401  0
3823500 2818500  5 27 15  14.8 1005 282  4.3 5  6.5  60  151  291 328 -399  0
3823500 2818500  5 27 16  14.1 1005 287  5.0 5  6.4  62  134  252 325 -398  0
3823500 2818500  5 27 17  14.3 1006 301  4.3 7  6.4  63   88  204 331 -396  0
3823500 2818500  5 27 18  13.2 1006 297  3.1 6  6.4  65   78  145 332 -396  0
3823500 2818500  5 27 19  13.1 1007 302  2.5 6  6.4  67   16   80 328 -393  0
3823500 2818500  5 27 20  12.6 1007 282  1.7 6  6.3  68   13   29 328 -385  0
3823500 2818500  5 27 21  11.7 1008 282  1.2 5  6.2  70    0    0 321 -375  0
3823500 2818500  5 27 22  10.2 1009 265  1.6 4  6.0  73    0    0 307 -367  0
3823500 2818500  5 27 23   9.5 1009 249  1.4 2  5.8  77    0    0 290 -361  0
3823500 2818500  5 27 24   8.7 1009 257  1.4 3  5.8  80    0    0 281 -357  0
3823500 2818500  5 28  1   8.1 1009 226  1.0 3  5.7  83    0    0 282 -354  0
3823500 2818500  5 28  2   7.6 1009 231  0.8 5  5.7  86    0    0 287 -351  0
3823500 2818500  5 28  3   8.4 1009 227  1.1 6  5.8  87    0    0 297 -350  0
3823500 2818500  5 28  4   8.6 1009 197  1.1 7  5.9  85    0    0 307 -349  0
3823500 2818500  5 28  5   8.0 1009 187  1.4 5  5.8  85    1   10 300 -348  0
3823500 2818500  5 28  6   9.1 1009 190  1.4 3  5.8  84   35   54 281 -349  0
3823500 2818500  5 28  7  11.4 1009 209  2.1 4  6.1  79   72  120 280 -355  0
3823500 2818500  5 28  8  13.3 1008 211  3.6 5  6.5  72  107  189 294 -367  0
3823500 2818500  5 28  9  14.2 1008 211  4.6 5  6.6  67  164  250 302 -383  0
3823500 2818500  5 28 10  15.1 1008 215  4.4 6  6.6  63  121  308 309 -398  0
3823500 2818500  5 28 11  15.1 1007 232  5.6 6  6.3  58  111  341 314 -410  0
3823500 2818500  5 28 12  16.0 1007 238  5.1 5  5.9  54  256  367 312 -421  0
3823500 2818500  5 28 13  16.7 1006 230  6.3 6  5.7  49  205  369 318 -428  0
3823500 2818500  5 28 14  16.7 1006 233  5.8 6  5.5  46  222  350 325 -432  0
3823500 2818500  5 28 15  17.2 1005 232  5.5 7  5.5  45  167  318 332 -434  0
3823500 2818500  5 28 16  16.9 1005 241  5.5 8  5.5  45   37  241 343 -434  0
3823500 2818500  5 28 17  17.3 1004 246  4.3 8  5.6  46    4  157 349 -434  0
3823500 2818500  5 28 18  16.1 1004 260  4.0 8  5.7  48    0   86 349 -425  0
3823500 2818500  5 28 19  14.6 1004 264  2.8 8  6.4  58    0   49 346 -414  0
3823500 2818500  5 28 20  13.4 1004 249  1.8 8  7.2  71   25   34 344 -407  0
3823500 2818500  5 28 21  13.3 1004 249  2.8 7  7.5  77    0    0 337 -402  0
3823500 2818500  5 28 22  12.7 1004 232  1.9 7  7.5  80    0    0 331 -397  0
3823500 2818500  5 28 23  12.6 1004 240  3.1 7  7.4  80    0    0 331 -394  0
3823500 2818500  5 28 24  12.5 1004 236  3.1 8  7.2  79    0    0 338 -389  0
3823500 2818500  5 29  1  12.3 1004 235  3.4 7  7.1  78    0    0 337 -384  0
3823500 2818500  5 29  2  12.1 1004 227  2.8 8  7.0  78    0    0 333 -380  0
3823500 2818500  5 29  3  12.2 1004 226  3.0 7  7.0  78    0    0 329 -377  0
3823500 2818500  5 29  4  12.1 1004 222  3.3 7  7.0  78    0    0 322 -375  0
3823500 2818500  5 29  5  12.3 1004 217  3.1 8  7.0  78    0    5 325 -373  0
3823500 2818500  5 29  6  12.5 1004 219  3.5 6  7.0  78    4   46 319 -372  0
3823500 2818500  5 29  7  12.8 1004 215  3.7 6  7.2  78    1   81 309 -375  0
3823500 2818500  5 29  8  13.2 1004 214  4.4 6  7.3  78    0  114 310 -383  0
3823500 2818500  5 29  9  13.6 1005 216  4.3 7  7.4  76    0  159 318 -394  0
3823500 2818500  5 29 10  14.4 1005 217  4.8 7  7.6  75   18  262 329 -408  0
3823500 2818500  5 29 11  15.7 1005 225  5.3 7  7.7  71   29  299 335 -421  0
3823500 2818500  5 29 12  16.3 1005 222  5.3 6  7.6  66   37  317 337 -432  0
3823500 2818500  5 29 13  18.0 1005 221  5.0 6  7.5  61  122  363 340 -441  0
3823500 2818500  5 29 14  18.3 1005 203  6.2 6  7.6  58  184  362 347 -448  0
3823500 2818500  5 29 15  19.3 1005 262  4.9 5  7.6  56  223  336 345 -451  0
3823500 2818500  5 29 16  20.9 1005 219  5.8 5  7.7  52  295  260 345 -454  0
3823500 2818500  5 29 17  21.7 1005 205  5.0 3  7.8  49  412  128 341 -453  0
3823500 2818500  5 29 18  22.2 1005 210  5.0 3  7.6  46  268  112 335 -448  0
3823500 2818500  5 29 19  21.8 1005 222  3.5 2  7.7  46  129   86 331 -439  0
3823500 2818500  5 29 20  20.9 1005 265  3.5 4  7.9  50   33   38 334 -427  0
3823500 2818500  5 29 21  19.6 1004 259  2.9 4  8.0  53    0    0 336 -415  0
3823500 2818500  5 29 22  17.9 1005 220  1.5 3  8.0  58    0    0 329 -405  0
3823500 2818500  5 29 23  16.3 1005 233  1.3 3  7.9  64    0    0 321 -398  0
3823500 2818500  5 29 24  14.2 1006 230  1.1 3  7.8  72    0    0 316 -392  0
3823500 2818500  5 30  1  12.6 1006 168  0.6 1  7.8  80    0    0 305 -386  0
3823500 2818500  5 30  2  11.5 1006 157  0.6 1  7.7  87    0    0 295 -381  0
3823500 2818500  5 30  3  11.2 1006 174  0.6 0  7.5  89    0    0 291 -378  0
3823500 2818500  5 30  4  10.2 1006 145  0.2 0  7.3  90    0    0 285 -377  0
3823500 2818500  5 30  5   9.7 1006 130  0.8 1  7.2  94    2   13 286 -376  0
3823500 2818500  5 30  6  12.9 1006 109  0.4 0  7.7  91   53   56 290 -376  0
3823500 2818500  5 30  7  16.1 1006 133  1.1 0  8.3  80  160   97 296 -383  0
3823500 2818500  5 30  8  18.6 1006 145  1.8 0  8.5  68  296  121 303 -397  0
3823500 2818500  5 30  9  21.3 1006 142  3.0 0  8.7  59  422  146 312 -417  0
3823500 2818500  5 30 10  23.1 1007 153  3.4 0  8.8  52  556  152 320 -439  0
3823500 2818500  5 30 11  24.4 1006 144  3.8 1  8.4  45  623  174 328 -461  0
3823500 2818500  5 30 12  25.5 1006 152  3.6 2  7.9  40  544  258 336 -480  0
3823500 2818500  5 30 13  26.0 1005 169  4.2 1  7.7  37  741  151 341 -494  0
3823500 2818500  5 30 14  27.3 1004 189  3.9 1  7.3  33  727  139 343 -504  0
3823500 2818500  5 30 15  28.1 1003 219  3.8 1  6.6  28  667  129 345 -507  0
3823500 2818500  5 30 16  28.8 1003 218  4.2 2  6.2  25  537  133 349 -503  0
3823500 2818500  5 30 17  28.9 1002 240  3.3 3  5.9  24  369  140 355 -493  0
3823500 2818500  5 30 18  29.1 1001 177  3.3 2  6.0  24  290  102 355 -480  0
3823500 2818500  5 30 19  28.3 1000 148  1.9 1  6.1  24  149   81 350 -467  0
3823500 2818500  5 30 20  25.8 1000 124  0.5 2  6.5  29   42   39 348 -453  0
3823500 2818500  5 30 21  23.1  999 106  0.5 4  7.2  37    0    0 352 -441  0
3823500 2818500  5 30 22  23.3  999 178  0.8 6  7.6  42    0    0 362 -432  0
3823500 2818500  5 30 23  21.5  999 247  2.1 6  7.5  44    0    0 366 -422  0
3823500 2818500  5 30 24  19.8  999 275  2.5 3  7.6  49    0    0 357 -412  0
3823500 2818500  5 31  1  17.9  999 284  1.8 0  8.0  58    0    0 345 -405  0
3823500 2818500  5 31  2  17.0 1000 242  1.6 3  8.2  65    0    0 343 -400  0
3823500 2818500  5 31  3  16.7 1001 229  0.7 5  8.3  69    0    0 351 -398  0
3823500 2818500  5 31  4  16.2 1001 272  0.8 6  8.5  72    0    0 356 -397  0
3823500 2818500  5 31  5  15.6 1001 203  1.0 7  8.7  76    0    1 361 -397  0
3823500 2818500  5 31  6  16.3 1002 225  0.9 6  8.9  78    0   34 362 -398  0
3823500 2818500  5 31  7  16.1 1002 225  2.1 7  9.2  79    0   39 364 -399  0
3823500 2818500  5 31  8  15.6 1003 244  2.3 8  9.5  83    0   56 370 -402  0
3823500 2818500  5 31  9  15.3 1003 265  1.9 8  9.6  87    0   87 373 -404  0
3823500 2818500  5 31 10  15.0 1003 237  1.6 7  9.8  90    0  102 371 -403  0
3823500 2818500  5 31 11  14.6 1004 256  1.3 7  9.8  92    0  141 369 -404  0
3823500 2818500  5 31 12  14.3 1004 297  2.0 7  9.7  93    0  152 369 -409  0
3823500 2818500  5 31 13  13.3 1005 302  3.2 7  9.2  92    0  170 367 -409  0
3823500 2818500  5 31 14  12.8 1006 317  3.8 8  8.6  91    0  150 367 -407  0
3823500 2818500  5 31 15  12.7 1007 319  3.7 8  8.2  89    0  139 368 -409  0
3823500 2818500  5 31 16  13.1 1008 318  3.4 8  8.0  86    0   83 367 -408  0
3823500 2818500  5 31 17  12.9 1008 327  3.3 7  7.7  82    0  104 363 -402  0
3823500 2818500  5 31 18  13.0 1009 328  2.5 8  7.4  79    0   86 360 -396  0
3823500 2818500  5 31 19  13.0 1010 329  2.1 8  7.1  76   13   69 362 -391  0
3823500 2818500  5 31 20  12.5 1011 328  1.5 7  6.9  75   11   23 355 -389  0
3823500 2818500  5 31 21  12.2 1012 347  0.5 7  6.7  75    0    1 346 -388  0
3823500 2818500  5 31 22  11.8 1013 340  0.6 8  6.7  77    0    0 347 -385  0
3823500 2818500  5 31 23  11.5 1014 337  1.3 8  6.7  78    0    0 350 -383  0
3823500 2818500  5 31 24  10.3 1015 333  1.3 7  6.6  81    0    0 340 -381  0
3823500 2818500  6  1  1   9.6 1016 325  0.7 3  6.4  86    0    0 284 -378  0
3823500 2818500  6  1  2   8.9 1016 308  0.6 4  6.3  87    0    0 283 -378  0
3823500 2818500  6  1  3   8.2 1017 322  0.8 5  6.2  90    0    0 289 -377  0
3823500 2818500  6  1  4   7.7 1017 319  0.7 5  6.1  92    0    0 289 -376  0
3823500 2818500  6  1  5   6.7 1018 316  0.4 6  5.9  94    0    8 289 -375  0
3823500 2818500  6  1  6   7.7 1018 325  0.6 6  6.0  96   12   57 293 -375  0
3823500 2818500  6  1  7   9.3 1019 335  1.3 4  6.4  92   82  126 275 -377  0
3823500 2818500  6  1  8  11.1 1019 350  1.7 4  6.6  86  134  194 259 -380  0
3823500 2818500  6  1  9  12.0 1020 333  2.7 5  6.6  78  172  260 276 -387  0
3823500 2818500  6  1 10  13.9 1020 346  2.5 4  6.3  68  421  228 284 -399  0
3823500 2818500  6  1 11  14.9 1020 349  2.4 4  6.1  60  551  215 286 -411  0
3823500 2818500  6  1 12  15.3 1021   3  2.4 4  5.8  54  501  280 290 -422  0
3823500 2818500  6  1 13  16.7 1021  21  3.0 3  5.6  50  613  224 289 -429  0
3823500 2818500  6  1 14  17.7 1021 336  2.0 3  5.3  44  690  156 290 -434  0
3823500 2818500  6  1 15  18.3 1020  14  2.5 2  5.0  40  663  129 291 -438  0
3823500 2818500  6  1 16  18.6 1020  11  2.0 2  4.9  37  572  117 291 -439  0
3823500 2818500  6  1 17  19.1 1020   4  1.7 2  4.7  35  437  113 294 -437  0
3823500 2818500  6  1 18  18.7 1020  11  1.5 1  4.6  34  296  101 292 -432  0
3823500 2818500  6  1 19  18.4 1020  10  1.7 1  4.6  35  150   84 288 -422  0
3823500 2818500  6  1 20  17.1 1020  29  0.8 2  4.7  37   38   47 288 -411  0
3823500 2818500  6  1 21  14.6 1021  27  0.2 1  4.8  43    0    3 281 -400  0
3823500 2818500  6  1 22  13.5 1022  32  1.1 1  4.8  48    0    0 272 -390  0
3823500 2818500  6  1 23  11.9 1022  47  0.1 0  4.7  52    0    0 265 -382  0
3823500 2818500  6  1 24  10.6 1023  36  0.5 0  4.8  58    0    0 259 -374  0
3823500 2818500  6  2  1   9.1 1023  48  0.3 1  4.9  65    0    0 258 -368  0
3823500 2818500  6  2  2   8.0 1023  16  0.1 2  4.9  71    0    0 259 -363  0
3823500 2818500  6  2  3   6.3 1024 353  0.1 3  4.9  78    0    0 258 -359  0
3823500 2818500  6  2  4   5.0 1024 354  0.1 2  4.8  86    0    0 253 -356  0
3823500 2818500  6  2  5   5.1 1024  30  0.0 2  4.8  89    0   13 248 -354  0
3823500 2818500  6  2  6   8.2 1024  70  0.1 2  5.0  83   32   64 253 -354  0
3823500 2818500  6  2  7  11.9 1024  37  0.2 2  5.4  71  136  114 262 -361  0
3823500 2818500  6  2  8  14.2 1025  44  1.0 2  5.5  59  262  146 270 -375  0
3823500 2818500  6  2  9  15.9 1025  24  2.4 3  5.1  49  370  182 278 -394  0
3823500 2818500  6  2 10  17.0 1025  41  2.4 4  4.7  41  486  198 286 -413  0
3823500 2818500  6  2 11  18.3 1025  41  2.4 4  4.6  37  607  189 293 -429  0
3823500 2818500  6  2 12  19.2 1025  26  2.5 3  4.5  34  662  194 299 -443  0
3823500 2818500  6  2 13  20.3 1025  12  3.2 3  4.6  32  710  175 303 -453  0
3823500 2818500  6  2 14  20.8 1024  49  2.8 3  4.7  32  673  177 308 -459  0
3823500 2818500  6  2 15  21.5 1024  19  2.8 3  4.9  32  615  166 311 -460  0
3823500 2818500  6  2 16  21.6 1024  49  3.1 3  5.3  33  523  151 314 -458  0
3823500 2818500  6  2 17  22.0 1023  34  2.5 3  5.7  35  401  136 316 -454  0
3823500 2818500  6  2 18  21.9 1023  50  2.7 4  6.0  37  266  118 319 -446  0
3823500 2818500  6  2 19  21.3 1023  45  2.1 3  6.3  40  138   91 320 -435  0
3823500 2818500  6  2 20  20.2 1023  24  1.8 4  6.8  45   40   50 318 -424  0
3823500 2818500  6  2 21  18.6 1023  32  1.1 5  7.1  51    0    5 319 -413  0
3823500 2818500  6  2 22  17.2 1024  32  2.1 3  7.5  60    0    0 312 -404  0
3823500 2818500  6  2 23  16.1 1024  23  2.8 2  7.7  66    0    0 303 -397  0
3823500 2818500  6  2 24  14.8 1024  28  1.7 2  7.7  71    0    0 299 -392  0
3823500 2818500  6  3  1  13.8 1024  32  0.9 2  7.7  77    0    0 295 -388  0
3823500 2818500  6  3  2  13.4 1025  28  0.9 2  7.8  81    0    0 294 -384  0
3823500 2818500  6  3  3  12.8 1025  32  1.2 2  7.8  84    0    0 293 -381  0
3823500 2818500  6  3  4  12.8 1025  41  1.2 3  7.8  86    0    0 293 -378  0
3823500 2818500  6  3  5  12.5 1024  44  1.3 3  7.9  88    0   11 295 -375  0
3823500 2818500  6  3  6  13.4 1024  41  1.3 2  8.1  88   27   62 292 -375  0
3823500 2818500  6  3  7  14.6 1024  50  2.5 2  8.5  86  142  108 292 -381  0
3823500 2818500  6  3  8  16.4 1024  58  2.6 2  8.8  81  285  129 296 -392  0
3823500 2818500  6  3  9  18.3 1024  45  2.5 1  9.0  74  419  147 300 -406  0
3823500 2818500  6  3 10  19.6 1024  55  3.7 2  9.1  67  446  213 306 -422  0
3823500 2818500  6  3 11  20.4 1023  45  4.7 2  8.9  62  534  224 312 -437  0
3823500 2818500  6  3 12  22.3 1023  56  3.9 2  8.9  56  661  184 319 -450  0
3823500 2818500  6  3 13  23.1 1022  48  4.0 1  8.7  51  768  129 323 -460  0
3823500 2818500  6  3 14  24.2 1021  56  4.6 1  8.5  47  742  126 325 -468  0
3823500 2818500  6  3 15  24.8 1020  48  4.2 1  8.3  44  649  136 328 -471  0
3823500 2818500  6  3 16  25.2 1020  60  3.4 1  8.3  42  534  134 330 -472  0
3823500 2818500  6  3 17  25.2 1019  57  3.3 2  8.3  42  396  128 333 -468  0
3823500 2818500  6  3 18  25.4 1019  66  3.1 2  8.1  40  307   96 335 -461  0
3823500 2818500  6  3 19  25.3 1018  50  2.8 1  8.1  40  155   83 334 -452  0
3823500 2818500  6  3 20  24.4 1018  55  0.9 1  8.4  43   41   48 331 -442  0
3823500 2818500  6  3 21  22.7 1016  44  0.2 0  8.9  49    0    4 324 -431  0
3823500 2818500  6  3 22  21.2 1016  39  0.1 0  9.6  58    0    0 316 -420  0
3823500 2818500  6  3 23  20.0 1017  41  0.4 0  9.9  65    0    0 311 -412  0
3823500 2818500  6  3 24  18.6 1017  44  0.7 1  9.9  71    0    0 309 -407  0
3823500 2818500  6  4  1  18.2 1016  45  0.8 2  9.9  75    0    0 311 -403  0
3823500 2818500  6  4  2  18.0 1016  48  0.4 2  9.8  76    0    0 313 -399  0
3823500 2818500  6  4  3  17.6 1015  49  0.3 2  9.6  75    0    0 311 -394  0
3823500 2818500  6  4  4  17.1 1015  50  0.6 2  9.3  75    0    0 309 -390  0
3823500 2818500  6  4  5  16.9 1015  53  0.5 1  9.1  75    0   11 305 -386  0
3823500 2818500  6  4  6  18.0 1014  56  0.8 1  9.1  73   31   63 302 -385  0
3823500 2818500  6  4  7  19.4 1014  58  1.6 0  9.4  69  143  109 302 -390  0
3823500 2818500  6  4  8  21.3 1014  61  1.7 0  9.6  64  276  135 304 -401  0
3823500 2818500  6  4  9  23.2 1013  58  2.4 0  9.7  58  420  148 311 -416  0
3823500 2818500  6  4 10  24.5 1014  51  3.1 0  9.5  52  559  148 318 -432  0
3823500 2818500  6  4 11  25.2 1014  62  3.6 0  9.2  47  679  140 323 -448  0
3823500 2818500  6  4 12  25.8 1013  57  3.5 1  8.8  43  738  141 329 -461  0
3823500 2818500  6  4 13  26.4 1012  49  3.5 1  8.4  40  730  153 335 -472  0
3823500 2818500  6  4 14  26.8 1012  44  3.4 1  8.0  37  718  142 338 -480  0
3823500 2818500  6  4 15  27.1 1011  61  2.5 1  7.8  35  640  143 340 -485  0
3823500 2818500  6  4 16  27.2 1010  37  3.1 2  7.6  34  543  132 344 -486  0
3823500 2818500  6  4 17  27.2 1009  50  2.9 2  7.5  33  435  115 347 -483  0
3823500 2818500  6  4 18  26.9 1008  41  3.4 2  7.4  33  305   98 346 -475  0
3823500 2818500  6  4 19  26.4 1007  38  3.3 1  7.2  33  156   84 338 -464  0
3823500 2818500  6  4 20  24.5 1007  40  1.3 1  7.5  37   43   48 329 -452  0
3823500 2818500  6  4 21  22.6 1007  35  2.5 2  8.5  46    0    5 328 -441  0
3823500 2818500  6  4 22  21.0 1007  24  2.3 3  9.3  56    0    0 334 -431  0
3823500 2818500  6  4 23  19.6 1006  24  2.3 2  9.3  62    0    0 330 -424  0
3823500 2818500  6  4 24  18.4 1006  31  1.8 1  9.2  67    0    0 318 -418  0
3823500 2818500  6  5  1  17.8 1005  30  0.8 3  9.2  70    0    0 321 -412  0
3823500 2818500  6  5  2  17.3 1005  24  0.9 4  9.1  72    0    0 334 -407  0
3823500 2818500  6  5  3  17.8 1004  18  1.3 5  8.9  71    0    0 342 -404  0
3823500 2818500  6  5  4  17.5 1003  35  1.6 7  8.7  68    0    0 355 -401  0
3823500 2818500  6  5  5  17.3 1003  44  1.2 7  8.6  68    0    3 363 -399  0
3823500 2818500  6  5  6  16.7 1002  31  0.9 7  8.7  71    0   35 362 -399  0
3823500 2818500  6  5  7  17.2 1002  36  0.7 5  8.9  73   17  115 352 -405  0
3823500 2818500  6  5  8  18.4 1002  15  1.3 6  9.3  72   21  178 350 -417  0
3823500 2818500  6  5  9  18.7 1002  23  2.5 8  9.7  72    1  180 366 -434  0
3823500 2818500  6  5 10  20.0 1001  33  2.7 8 10.2  72  119  315 379 -450  0
3823500 2818500  6  5 11  22.8 1001  30  2.3 5 10.7  66  488  231 375 -460  0
3823500 2818500  6  5 12  26.4 1001  59  1.7 4 10.8  55  700  137 370 -471  0
3823500 2818500  6  5 13  27.3 1000  50  0.8 3 10.7  48  717  135 371 -486  0
3823500 2818500  6  5 14  27.6  999 125  1.3 4 10.8  46  197  357 375 -491  0
3823500 2818500  6  5 15  25.1  998 316  2.1 6 11.4  52    0  117 381 -493  0
3823500 2818500  6  5 16  21.9  998 303  0.6 5 11.9  65    0  139 375 -492  0
3823500 2818500  6  5 17  22.8  998 306  0.4 6 12.5  73    0  132 372 -484  0
3823500 2818500  6  5 18  22.7  997  12  1.4 5 13.4  76   58  166 374 -477  0
3823500 2818500  6  5 19  22.6  998 274  1.1 5 13.0  74   26  100 368 -472  0
3823500 2818500  6  5 20  21.3  997 234  2.1 7 12.3  73    3   35 375 -463  0
3823500 2818500  6  5 21  20.0  997 132  0.1 7 12.4  80    0    6 381 -454  0
3823500 2818500  6  5 22  19.5  997 262  0.2 7 12.5  85    0    0 378 -446  0
3823500 2818500  6  5 23  18.6  996 103  0.1 7 12.6  89    0    0 376 -439  0
3823500 2818500  6  5 24  18.9  996 176  0.1 7 12.6  91    0    0 375 -434  0
3823500 2818500  6  6  1  18.3  996 162  0.7 8 12.8  93    0    0 378 -432  0
3823500 2818500  6  6  2  17.5  996 197  0.3 7 12.6  96    0    0 376 -430  0
3823500 2818500  6  6  3  17.4  995 193  0.2 6 12.4  97    0    0 363 -428  0
3823500 2818500  6  6  4  17.1  994 218  0.4 6 12.4  98    0    0 357 -428  0
3823500 2818500  6  6  5  17.4  994 196  0.4 7 12.5  99    0    6 363 -429  0
3823500 2818500  6  6  6  17.9  995 206  0.1 5 12.5  97    0   23 357 -429  0
3823500 2818500  6  6  7  18.2  995 169  0.5 6 12.7  95    0   73 350 -431  0
3823500 2818500  6  6  8  18.9  995 224  1.3 7 12.7  93    3  142 364 -431  0
3823500 2818500  6  6  9  19.2  995 234  2.3 7 12.8  90   43  252 373 -432  0
3823500 2818500  6  6 10  20.2  996 226  2.5 6 12.9  88   98  315 372 -439  0
3823500 2818500  6  6 11  21.6  996 203  3.1 6 12.9  81  168  353 375 -453  0
3823500 2818500  6  6 12  23.4  995 217  2.6 4 12.4  71  304  349 375 -471  0
3823500 2818500  6  6 13  24.0  995 226  3.5 5 11.9  64  241  371 378 -481  0
3823500 2818500  6  6 14  24.2  995 250  3.2 7 11.6  60   44  318 393 -485  0
3823500 2818500  6  6 15  24.8  995 221  2.4 5 11.2  57  303  301 394 -485  0
3823500 2818500  6  6 16  25.3  994 200  1.8 4 11.0  54  393  200 385 -489  0
3823500 2818500  6  6 17  24.9  994 145  2.5 6 10.6  52   63  220 384 -493  0
3823500 2818500  6  6 18  21.6  994 279  2.3 6 11.2  61   23  154 386 -486  0
3823500 2818500  6  6 19  20.3  994 265  2.4 6 12.2  76    0   59 379 -469  0
3823500 2818500  6  6 20  18.4  995 313  0.4 6 12.0  83    2   32 374 -450  0
3823500 2818500  6  6 21  18.0  995 230  1.7 6 11.6  87    0    2 370 -439  0
3823500 2818500  6  6 22  17.3  995 121  0.8 7 11.4  88    0    0 372 -433  0
3823500 2818500  6  6 23  16.9  995 210  1.2 6 11.3  91    0    0 372 -428  0
3823500 2818500  6  6 24  16.8  995 212  1.5 7 11.4  93    0    0 373 -426  0
3823500 2818500  6  7  1  17.6  994 158  1.9 6 11.4  91    0    0 376 -424  0
3823500 2818500  6  7  2  17.2  994 197  2.2 6 11.3  89    0    0 372 -422  0
3823500 2818500  6  7  3  16.7  994 185  1.7 7 11.1  90    0    0 374 -420  0
3823500 2818500  6  7  4  15.7  994 217  3.6 8 10.8  91    0    0 378 -417  0
3823500 2818500  6  7  5  14.6  995 226  3.3 8 10.3  93    0    4 378 -412  0
3823500 2818500  6  7  6  14.4  995 256  3.5 6  9.8  93    0   36 365 -411  0
3823500 2818500  6  7  7  14.1  996 255  3.6 6  9.5  92    0   63 354 -412  0
3823500 2818500  6  7  8  14.0  997 258  3.0 8  9.4  92    0   78 363 -414  0
3823500 2818500  6  7  9  13.7  997 271  3.2 8  9.1  90    0  106 372 -414  0
3823500 2818500  6  7 10  13.5  997 264  2.7 7  8.9  90    0  150 367 -413  0
3823500 2818500  6  7 11  14.0  998 268  2.2 8  8.8  88    0  155 367 -416  0
3823500 2818500  6  7 12  14.9  998 249  2.0 7  8.8  84    2  241 370 -424  0
3823500 2818500  6  7 13  16.1  998 232  2.0 6  9.0  80   42  311 368 -432  0
3823500 2818500  6  7 14  16.7  998 265  1.5 7  9.0  76   32  289 370 -436  0
3823500 2818500  6  7 15  17.3  998 247  1.6 7  8.9  72   25  263 371 -441  0
3823500 2818500  6  7 16  18.6  997 279  1.3 5  8.8  68  230  240 366 -446  0
3823500 2818500  6  7 17  19.3  998 250  0.8 4  8.9  64  320  132 360 -447  0
3823500 2818500  6  7 18  19.6  997  17  1.1 3  8.9  62  294   71 354 -443  0
3823500 2818500  6  7 19  19.1  997  39  1.1 4  9.0  63  195   59 353 -435  0
3823500 2818500  6  7 20  18.0  997  46  1.1 5  9.1  67   61   38 356 -427  0
3823500 2818500  6  7 21  16.3  996  49  1.0 5  9.1  73    0    5 352 -420  0
3823500 2818500  6  7 22  15.7  996  57  1.1 6  9.1  78    0    0 350 -415  0
3823500 2818500  6  7 23  15.4  995  67  1.4 6  9.0  80    0    0 354 -410  0
3823500 2818500  6  7 24  15.5  995  61  1.4 6  9.1  82    0    0 354 -405  0
3823500 2818500  6  8  1  15.2  995  63  1.3 7  9.3  84    0    0 358 -401  0
3823500 2818500  6  8  2  15.2  994  56  0.2 6  9.5  86    0    0 358 -397  0
3823500 2818500  6  8  3  15.2  994 324  0.8 7  9.7  88    0    0 358 -394  0
3823500 2818500  6  8  4  14.8  994  27  0.2 8  9.8  90    0    0 366 -391  0
3823500 2818500  6  8  5  14.5  994 319  0.8 7 10.0  93    0    8 365 -389  0
3823500 2818500  6  8  6  14.4  994 251  0.5 7 10.0  95    0   16 359 -388  0
3823500 2818500  6  8  7  14.2  994 282  2.7 7 10.0  96    0   29 358 -390  0
3823500 2818500  6  8  8  13.2  995 262  3.7 8  9.5  95    0   54 359 -397  0
3823500 2818500  6  8  9  12.2  995 274  3.5 7  8.9  95    0   82 354 -408  0
3823500 2818500  6  8 10  12.4  996 266  3.6 7  8.6  94    0  138 347 -419  0
3823500 2818500  6  8 11  12.7  996 265  3.7 7  8.5  92    0  192 348 -429  0
3823500 2818500  6  8 12  13.6  997 262  4.1 7  8.3  87    8  279 350 -439  0
3823500 2818500  6  8 13  14.3  997 285  3.1 7  7.9  78    3  262 353 -448  0
3823500 2818500  6  8 14  15.3  998 262  3.9 7  7.3  68    8  275 354 -450  0
3823500 2818500  6  8 15  15.8  998 250  4.5 6  6.9  62   62  326 351 -451  0
3823500 2818500  6  8 16  16.5  998 232  3.7 6  6.5  56  109  304 347 -452  0
3823500 2818500  6  8 17  16.8  998 264  3.6 6  6.0  50   99  246 345 -448  0
3823500 2818500  6  8 18  17.1  999 330  4.0 6  6.0  49   77  181 345 -441  0
3823500 2818500  6  8 19  16.6  999 305  2.9 6  6.1  50   40  112 343 -432  0
3823500 2818500  6  8 20  15.7  999 278  0.7 5  6.2  53    6   42 336 -421  0
3823500 2818500  6  8 21  13.0 1000 205  0.8 5  6.7  65    0    1 326 -409  0
3823500 2818500  6  8 22  11.9 1000 196  0.7 6  7.1  78    0    0 324 -400  0
3823500 2818500  6  8 23  11.5 1001 248  0.0 6  7.1  82    0    0 325 -393  0
3823500 2818500  6  8 24  10.3 1001 200  0.1 5  7.1  86    0    0 315 -389  0
3823500 2818500  6  9  1  11.1 1001 216  0.2 5  7.1  87    0    0 309 -385  0
3823500 2818500  6  9  2  11.6 1002 234  0.4 5  7.1  83    0    0 309 -382  0
3823500 2818500  6  9  3  10.6 1002 238  0.8 2  6.9  83    0    0 292 -379  0
3823500 2818500  6  9  4  10.9 1002 234  1.1 0  6.6  81    0    0 266 -376  0
3823500 2818500  6  9  5  10.8 1002 228  1.3 1  6.5  79    5   18 261 -371  0
3823500 2818500  6  9  6  11.6 1003 224  2.0 1  6.5  77   61   57 265 -369  0
3823500 2818500  6  9  7  12.5 1003 225  3.2 1  6.7  76  212   66 267 -373  0
3823500 2818500  6  9  8  13.6 1004 238  3.2 2  7.0  74  366   67 275 -382  0
3823500 2818500  6  9  9  14.4 1004 244  3.3 2  7.4  73  452  104 282 -394  0
3823500 2818500  6  9 10  15.6 1005 243  3.6 3  7.5  70  466  174 291 -407  0
3823500 2818500  6  9 11  16.7 1005 245  3.6 3  7.3  63  519  202 300 -419  0
3823500 2818500  6  9 12  17.3 1005 260  3.8 4  6.7  55  425  286 307 -429  0
3823500 2818500  6  9 13  18.3 1005 263  4.1 4  6.2  48  254  358 313 -438  0
3823500 2818500  6  9 14  17.9 1005 309  3.9 3  6.0  46  174  351 311 -445  0
3823500 2818500  6  9 15  18.7 1005 285  3.8 3  5.6  42  185  321 306 -448  0
3823500 2818500  6  9 16  18.3 1005 233  4.3 5  5.6  42  199  271 315 -446  0
3823500 2818500  6  9 17  18.3 1006 299  4.3 7  5.9  45   65  221 330 -443  0
3823500 2818500  6  9 18  18.2 1006 279  1.6 6  5.9  45   95  163 334 -433  0
3823500 2818500  6  9 19  17.8 1006 280  1.6 5  5.8  45   48  103 322 -421  0
3823500 2818500  6  9 20  17.1 1006 299  0.1 5  5.8  47   10   43 314 -411  0
3823500 2818500  6  9 21  14.9 1007 335  0.1 3  6.2  54    0    6 298 -403  0
3823500 2818500  6  9 22  12.5 1007 315  0.7 3  6.6  68    0    0 279 -396  0
3823500 2818500  6  9 23  11.7 1008 241  0.0 4  6.9  78    0    0 282 -389  0
3823500 2818500  6  9 24  10.6 1008 286  0.0 4  6.9  83    0    0 286 -383  0
3823500 2818500  6 10  1  10.0 1008 170  0.0 3  6.7  86    0    0 279 -380  0
3823500 2818500  6 10  2   9.3 1008 182  0.3 2  6.6  88    0    0 267 -378  0
3823500 2818500  6 10  3   7.9 1008  63  0.1 0  6.4  92    0    0 249 -378  0
3823500 2818500  6 10  4   7.4 1008  96  0.0 0  6.2  95    0    0 237 -377  0
3823500 2818500  6 10  5   7.0 1008 145  0.5 0  6.1  97    1   13 236 -375  0
3823500 2818500  6 10  6   9.8 1007 121  0.6 0  6.5  95   42   64 239 -375  0
3823500 2818500  6 10  7  13.8 1008 142  0.8 0  7.2  83  177   91 249 -380  0
3823500 2818500  6 10  8  15.6 1008 149  1.4 1  7.3  70  225  154 263 -390  0
3823500 2818500  6 10  9  16.6 1008 135  1.2 4  7.1  62  174  252 288 -405  0
3823500 2818500  6 10 10  17.0 1007 138  1.4 5  6.9  57  185  311 310 -423  0
3823500 2818500  6 10 11  17.4 1007 275  1.5 7  6.7  54   21  301 327 -432  0
3823500 2818500  6 10 12  16.6 1007 184  2.0 8  6.6  54    0  131 342 -436  0
3823500 2818500  6 10 13  16.3 1007 254  1.9 6  6.8  58   17  301 337 -449  0
3823500 2818500  6 10 14  16.8 1007 257  2.0 5  7.2  60  127  361 324 -454  0
3823500 2818500  6 10 15  17.6 1006 301  1.4 5  6.9  56  272  317 321 -446  0
3823500 2818500  6 10 16  18.5 1006 342  1.6 6  6.5  50  123  291 327 -443  0
3823500 2818500  6 10 17  18.5 1005 220  1.9 7  6.5  49   43  224 339 -442  0
3823500 2818500  6 10 18  14.7 1005 175  3.3 7  7.3  61   15  151 341 -432  0
3823500 2818500  6 10 19  15.3 1005  99  1.1 3  8.3  77  153   81 312 -419  0
3823500 2818500  6 10 20  14.2 1005  56  1.0 4  8.5  80   48   49 293 -413  0
3823500 2818500  6 10 21  12.7 1005  91  1.5 3  8.4  86    0    2 287 -406  0
3823500 2818500  6 10 22  12.5 1005 229  0.3 6  8.2  90    0    0 298 -402  0
3823500 2818500  6 10 23  11.8 1006 175  0.9 8  8.2  92    0    0 331 -398  0
3823500 2818500  6 10 24  11.9 1006 178  0.7 8  8.4  96    0    0 344 -394  0
3823500 2818500  6 11  1  11.8 1006 205  1.5 8  8.5  97    0    0 345 -391  0
3823500 2818500  6 11  2  12.1 1005 216  1.9 8  8.3  95    0    0 347 -389  0
3823500 2818500  6 11  3  11.3 1006 223  1.8 6  8.1  93    0    0 334 -387  0
3823500 2818500  6 11  4  10.9 1006 247  1.8 6  7.7  93    0    0 319 -384  0
3823500 2818500  6 11  5  10.1 1006 232  2.4 6  7.4  93    0    1 316 -383  0
3823500 2818500  6 11  6  10.0 1006 234  2.3 7  7.2  93    0   35 319 -381  0
3823500 2818500  6 11  7  10.8 1007 224  2.6 8  7.1  90    0   67 333 -381  0
3823500 2818500  6 11  8  11.1 1007 227  3.0 7  7.1  86   11  170 336 -383  0
3823500 2818500  6 11  9  12.6 1007 213  3.7 6  7.0  80  117  268 325 -387  0
3823500 2818500  6 11 10  13.4 1008 208  3.6 4  6.8  72  318  270 311 -395  0
3823500 2818500  6 11 11  15.2 1008 226  4.5 2  6.5  63  564  199 290 -407  0
3823500 2818500  6 11 12  16.1 1008 230  3.8 1  5.8  52  623  200 278 -411  0
3823500 2818500  6 11 13  16.7 1008 228  3.3 3  5.6  48  517  271 287 -404  0
3823500 2818500  6 11 14  17.1 1008 219  3.4 6  5.9  49  145  372 317 -399  0
3823500 2818500  6 11 15  16.7 1007 209  3.2 4  5.9  49  112  338 321 -399  0
3823500 2818500  6 11 16  16.3 1007 229  2.4 4  6.1  52  179  294 310 -399  0
3823500 2818500  6 11 17  15.0 1007 276  3.3 4  6.5  58  167  233 307 -397  0
3823500 2818500  6 11 18  15.1 1008 236  2.4 4  6.5  60  114  172 304 -397  0
3823500 2818500  6 11 19  15.4 1008 236  2.1 4  6.5  60   70  104 303 -397  0
3823500 2818500  6 11 20  14.6 1008 278  2.0 5  6.6  61    1   34 307 -395  0
3823500 2818500  6 11 21  12.3 1009 219  1.1 5  6.8  70    0    1 307 -391  0
3823500 2818500  6 11 22  10.2 1009 221  0.6 5  6.9  83    0    0 301 -385  0
3823500 2818500  6 11 23   9.2 1009 160  0.8 5  6.9  91    0    0 296 -380  0
3823500 2818500  6 11 24   9.4 1010 166  1.0 5  6.8  93    0    0 295 -376  0
3823500 2818500  6 12  1   8.5 1010 168  1.0 4  6.8  94    0    0 290 -372  0
3823500 2818500  6 12  2   7.3 1010 204  1.1 3  6.5  97    0    0 278 -367  0
3823500 2818500  6 12  3   7.3 1010 180  0.9 3  6.1  96    0    0 271 -362  0
3823500 2818500  6 12  4   7.2 1010 221  0.6 4  6.0  94    0    0 277 -359  0
3823500 2818500  6 12  5   7.8 1010 126  0.5 3  6.2  96    0   11 278 -356  0
3823500 2818500  6 12  6   9.6 1010 200  0.7 3  6.8  96   27   62 276 -357  0
3823500 2818500  6 12  7  11.7 1011 200  1.0 2  7.2  90  149   98 275 -365  0
3823500 2818500  6 12  8  13.1 1011 222  0.9 1  7.3  81  336   87 269 -379  0
3823500 2818500  6 12  9  14.7 1011 234  1.2 3  7.1  72  221  230 278 -397  0
3823500 2818500  6 12 10  15.5 1011 199  1.7 3  6.8  63  200  301 290 -415  0
3823500 2818500  6 12 11  16.1 1011 243  2.3 3  6.5  58  185  349 293 -430  0
3823500 2818500  6 12 12  17.2 1011 230  2.4 4  6.4  54  247  364 301 -441  0
3823500 2818500  6 12 13  17.7 1011 238  3.0 4  6.0  48  549  234 307 -450  0
3823500 2818500  6 12 14  18.3 1010 148  2.6 4  5.6  43  488  251 308 -461  0
3823500 2818500  6 12 15  18.6 1010 164  2.0 5  5.2  40  317  292 313 -465  0
3823500 2818500  6 12 16  19.3 1009 182  2.6 4  5.1  37  327  230 315 -458  0
3823500 2818500  6 12 17  18.8 1009 163  2.8 5  4.9  36  275  180 317 -449  0
3823500 2818500  6 12 18  18.9 1008 205  2.2 5  4.9  36  130  160 320 -442  0
3823500 2818500  6 12 19  18.2 1008 229  1.2 5  5.1  38   74   99 320 -434  0
3823500 2818500  6 12 20  16.9 1008 232  0.6 7  5.3  42   23   45 324 -425  0
3823500 2818500  6 12 21  15.0 1008 171  0.1 8  5.9  52    0    6 330 -415  0
3823500 2818500  6 12 22  13.7 1008 122  0.1 8  6.7  66    0    0 329 -408  0
3823500 2818500  6 12 23  13.9 1008 130  0.1 8  6.9  69    0    0 328 -404  0
3823500 2818500  6 12 24  13.2 1007 123  0.1 7  6.7  69    0    0 326 -401  0
3823500 2818500  6 13  1  13.2 1007 132  0.1 8  6.6  69    0    0 328 -399  0
3823500 2818500  6 13  2  12.8 1007 135  0.2 7  6.5  69    0    0 331 -399  0
3823500 2818500  6 13  3  13.4 1007 185  0.7 6  6.4  68    0    0 329 -399  0
3823500 2818500  6 13  4  12.5 1006 184  1.6 7  6.4  69    0    0 331 -398  0
3823500 2818500  6 13  5  13.1 1006 190  1.3 7  6.6  72    2   15 336 -398  0
3823500 2818500  6 13  6  14.0 1006 202  1.3 6  6.8  70   12   54 338 -398  0
3823500 2818500  6 13  7  15.3 1006 197  2.4 6  7.0  67   46  116 341 -400  0
3823500 2818500  6 13  8  16.5 1006 207  4.5 5  7.3  64  227  127 343 -403  0
3823500 2818500  6 13  9  17.3 1006 209  4.8 7  7.6  63  339  145 352 -409  0
3823500 2818500  6 13 10  19.1 1006 197  4.1 8  8.1  61  287  239 366 -418  0
3823500 2818500  6 13 11  19.1 1006 217  4.4 6  8.4  60  385  241 368 -422  0
3823500 2818500  6 13 12  20.1 1006 195  3.8 7  8.7  60  180  337 370 -417  0
3823500 2818500  6 13 13  20.3 1006 199  4.3 7  9.0  60   84  332 378 -417  0
3823500 2818500  6 13 14  20.0 1005 210  4.3 5  9.3  62   47  308 375 -421  0
3823500 2818500  6 13 15  20.2 1005 211  4.0 6  9.4  63   14  256 375 -421  0
3823500 2818500  6 13 16  19.9 1005 225  4.4 7  9.5  64   11  229 382 -422  0
3823500 2818500  6 13 17  19.9 1006 223  4.5 7  9.6  66   47  211 386 -421  0
3823500 2818500  6 13 18  20.0 1006 220  3.2 7  9.8  67   26  150 388 -420  0
3823500 2818500  6 13 19  19.0 1006 219  2.6 7 10.0  70   11   88 386 -418  0
3823500 2818500  6 13 20  18.4 1006 200  1.7 7 10.2  75    4   38 383 -415  0
3823500 2818500  6 13 21  17.7 1006 202  0.8 7 10.4  80    1    8 382 -413  0
3823500 2818500  6 13 22  17.4 1006 227  1.0 6 10.5  83    0    0 376 -411  0
3823500 2818500  6 13 23  17.7 1006 195  1.7 6 10.6  83    0    0 372 -410  0
3823500 2818500  6 13 24  17.2 1006 212  1.8 6 10.6  84    0    0 371 -408  0
3823500 2818500  6 14  1  16.8 1007 238  1.6 8 10.6  87    0    0 377 -407  0
3823500 2818500  6 14  2  16.6 1007 234  1.0 8 10.6  88    0    0 385 -406  0
3823500 2818500  6 14  3  16.2 1007 252  1.3 8 10.5  89    0    0 383 -405  0
3823500 2818500  6 14  4  14.8 1007 241  0.8 7 10.3  92    0    0 374 -404  0
3823500 2818500  6 14  5  15.1 1007 237  0.7 7 10.1  95    0    4 365 -403  0
3823500 2818500  6 14  6  15.1 1007 264  1.3 6 10.1  94    0   34 358 -402  0
3823500 2818500  6 14  7  15.0 1008 283  1.8 8  9.9  91    0   57 361 -404  0
3823500 2818500  6 14  8  15.2 1008 281  1.9 7  9.6  89    0  121 366 -409  0
3823500 2818500  6 14  9  15.2 1009 274  1.9 8  9.6  89    0  108 366 -416  0
3823500 2818500  6 14 10  15.7 1009 251  2.5 8  9.7  88    0  158 374 -427  0
3823500 2818500  6 14 11  15.9 1009 278  2.5 7  9.8  87    3  235 370 -443  0
3823500 2818500  6 14 12  18.3 1010 260  2.5 6  9.7  79   62  337 363 -455  0
3823500 2818500  6 14 13  19.3 1010 292  1.7 5  9.3  69  416  299 358 -464  0
3823500 2818500  6 14 14  19.1 1009   1  0.6 8  8.6  61   57  327 366 -469  0
3823500 2818500  6 14 15  20.2 1009 298  2.9 8  8.1  56    0  174 376 -474  0
3823500 2818500  6 14 16  20.4 1009 346  2.4 5  8.0  53  115  280 362 -472  0
3823500 2818500  6 14 17  20.6 1009 323  2.7 4  7.6  51  407  104 344 -462  0
3823500 2818500  6 14 18  20.8 1009 306  1.8 4  7.3  48  210  124 337 -452  0
3823500 2818500  6 14 19  20.2 1009   1  1.4 4  7.4  49  157   73 333 -440  0
3823500 2818500  6 14 20  18.7 1009 343  0.9 3  7.8  55   18   45 323 -430  0
3823500 2818500  6 14 21  16.0 1010 354  0.2 3  8.1  65    1    9 311 -418  0
3823500 2818500  6 14 22  13.6 1010   1  0.1 4  8.2  78    0    0 305 -407  0
3823500 2818500  6 14 23  12.5 1010   8  0.0 4  8.1  86    0    0 304 -400  0
3823500 2818500  6 14 24  11.5 1010 351  0.0 4  7.9  90    0    0 302 -397  0
3823500 2818500  6 15  1  11.0 1010  71  0.1 4  7.8  93    0    0 302 -396  0
3823500 2818500  6 15  2   9.9 1010  33  0.0 4  7.6  96    0    0 299 -396  0
3823500 2818500  6 15  3  11.0 1010  16  0.0 4  7.6  96    0    0 296 -397  0
3823500 2818500  6 15  4  10.6 1010 104  0.1 4  7.5  93    0    0 295 -399  0
3823500 2818500  6 15  5  10.7 1009 146  0.1 5  7.5  93    0    6 300 -399  0
3823500 2818500  6 15  6  12.2 1009 176  0.3 6  8.0  94    0   24 313 -401  0
3823500 2818500  6 15  7  14.3 1009 168  0.3 7  8.7  91    2   97 329 -404  0
3823500 2818500  6 15  8  15.8 1009 173  0.7 6  9.2  86   43  207 337 -409  0
3823500 2818500  6 15  9  18.8 1008 189  1.0 5  9.6  77  126  291 338 -422  0
3823500 2818500  6 15 10  21.0 1008 212  1.7 4  9.8  67  255  333 343 -434  0
3823500 2818500  6 15 11  22.2 1008 224  2.5 6  9.6  59   91  375 358 -436  0
3823500 2818500  6 15 12  22.0 1009 200  2.7 7  9.6  57   10  282 371 -436  0
3823500 2818500  6 15 13  22.3 1009 205  2.9 6 10.1  60   69  380 376 -438  0
3823500 2818500  6 15 14  22.9 1008 214  2.7 5 10.5  61  196  412 375 -447  0
3823500 2818500  6 15 15  22.6 1008 216  2.1 6 10.3  59   72  345 376 -456  0
3823500 2818500  6 15 16  22.9 1007 197  2.8 6 10.2  58   87  312 380 -460  0
3823500 2818500  6 15 17  22.9 1007 214  1.7 7 10.5  60    9  199 383 -458  0
3823500 2818500  6 15 18  22.6 1007 229  1.6 7 10.8  62    0   93 386 -452  0
3823500 2818500  6 15 19  22.1 1006 231  1.1 7 10.8  64    0   62 385 -446  0
3823500 2818500  6 15 20  21.5 1006 207  1.0 8 11.0  66    0   10 389 -439  0
3823500 2818500  6 15 21  19.7 1005 271  2.3 7 11.1  72    0    1 386 -432  0
3823500 2818500  6 15 22  18.0 1006 294  1.1 7 11.3  82    0    0 377 -426  0
3823500 2818500  6 15 23  16.8 1006 274  0.7 7 11.2  89    0    0 374 -421  0
3823500 2818500  6 15 24  15.9 1006 280  0.5 7 10.9  93    0    0 373 -418  0
3823500 2818500  6 16  1  15.0 1006 184  0.4 6 10.6  95    0    0 366 -415  0
3823500 2818500  6 16  2  14.3 1006 207  0.3 5 10.3  97    0    0 354 -413  0
3823500 2818500  6 16  3  13.8 1005 184  0.9 6 10.1  99    0    0 351 -412  0
3823500 2818500  6 16  4  14.0 1005 160  0.8 6 10.0 100    0    0 354 -411  0
3823500 2818500  6 16  5  14.2 1004 155  0.7 5 10.1  99    0    2 349 -411  0
3823500 2818500  6 16  6  15.4 1004 146  1.2 7 10.4  97    0   27 358 -410  0
3823500 2818500  6 16  7  17.3 1004 143  1.6 8 10.6  90    0   65 379 -412  0
3823500 2818500  6 16  8  18.5 1003 144  1.7 8 10.9  84    0  104 390 -415  0
3823500 2818500  6 16  9  19.6 1003 175  2.9 7 11.2  80   14  224 390 -422  0
3823500 2818500  6 16 10  20.5 1003 184  3.4 8 10.8  73    6  235 393 -428  0
3823500 2818500  6 16 11  20.1 1003 201  3.0 7 10.8  72    6  255 395 -437  0
3823500 2818500  6 16 12  19.8 1002 214  2.8 6 11.0  74   72  354 388 -444  0
3823500 2818500  6 16 13  19.4 1001 255  2.9 7 10.4  72    0  217 386 -451  0
3823500 2818500  6 16 14  15.3 1001 313  1.3 6 10.0  80    0  208 377 -449  0
3823500 2818500  6 16 15  16.1 1001 189  0.9 7 10.1  90    0  189 370 -437  0
3823500 2818500  6 16 16  17.2 1001 183  1.4 7 10.5  87    0  182 376 -435  0
3823500 2818500  6 16 17  18.1 1001 197  0.7 6 10.8  84   96  237 376 -435  0
3823500 2818500  6 16 18  17.0 1000 221  1.4 4 10.7  84   88  173 360 -427  0
3823500 2818500  6 16 19  15.2 1000 245  1.0 8 10.1  86    0   58 360 -421  0
3823500 2818500  6 16 20  14.4 1001 232  1.1 7  9.8  92    1   36 368 -416  0
3823500 2818500  6 16 21  13.7 1002 205  1.3 5  9.6  94    4   10 349 -408  0
3823500 2818500  6 16 22  13.9 1002 216  2.0 6  9.2  92    0    0 342 -400  0
3823500 2818500  6 16 23  13.5 1003 232  2.5 6  8.8  89    0    0 344 -394  0
3823500 2818500  6 16 24  12.9 1003 230  2.4 6  8.4  88    0    0 341 -389  0
3823500 2818500  6 17  1  12.3 1004 226  2.7 5  8.0  87    0    0 331 -384  0
3823500 2818500  6 17  2  11.6 1004 219  2.4 3  7.6  86    0    0 314 -381  0
3823500 2818500  6 17  3  11.2 1004 215  2.1 1  7.1  84    0    0 291 -378  0
3823500 2818500  6 17  4  10.9 1004 218  2.1 0  6.8  82    0    0 274 -375  0
3823500 2818500  6 17  5  10.4 1005 213  2.3 1  6.7  82    0   14 272 -373  0
3823500 2818500  6 17  6  11.0 1005 223  2.7 1  6.7  83   39   67 274 -372  0
3823500 2818500  6 17  7  12.2 1005 225  3.1 1  7.0  81  172  106 273 -376  0
3823500 2818500  6 17  8  13.5 1005 231  3.4 1  7.3  78  295  135 274 -384  0
3823500 2818500  6 17  9  14.8 1005 228  3.6 3  7.5  74  324  207 284 -396  0
3823500 2818500  6 17 10  15.8 1006 221  3.4 3  7.4  68  373  259 295 -409  0
3823500 2818500  6 17 11  16.5 1005 229  3.3 4  7.2  62  477  265 303 -421  0
3823500 2818500  6 17 12  17.3 1005 217  3.6 5  7.1  58  450  314 319 -432  0
3823500 2818500  6 17 13  17.9 1005 207  3.2 6  6.9  54  317  377 331 -442  0
3823500 2818500  6 17 14  18.0 1004 201  3.4 7  6.5  50   48  337 340 -448  0
3823500 2818500  6 17 15  18.2 1003 200  2.1 7  6.3  48   18  277 345 -451  0
3823500 2818500  6 17 16  18.6 1002 209  1.5 7  6.3  48   16  250 348 -449  0
3823500 2818500  6 17 17  18.2 1002 143  1.1 8  6.5  49    0  104 355 -443  0
3823500 2818500  6 17 18  17.7 1001  98  1.3 7  6.9  53    0   67 357 -432  0
3823500 2818500  6 17 19  15.8 1000 103  1.0 7  7.7  64    0   49 353 -421  0
3823500 2818500  6 17 20  14.9 1000 219  1.1 8  8.3  75    0   19 356 -412  0
3823500 2818500  6 17 21  14.3  999  66  0.7 8  8.3  79    0    9 361 -406  0
3823500 2818500  6 17 22  13.9  998 153  0.8 7  8.4  82    0    0 355 -403  0
3823500 2818500  6 17 23  13.9  998  98  0.6 7  8.5  84    0    0 351 -401  0
3823500 2818500  6 17 24  13.7  997 102  0.6 8  8.4  84    0    0 358 -400  0
3823500 2818500  6 18  1  13.6  996 107  0.4 8  8.4  84    0    0 363 -399  0
3823500 2818500  6 18  2  13.2  994 128  0.9 7  8.4  86    0    0 358 -399  0
3823500 2818500  6 18  3  12.9  994 129  0.5 7  8.5  89    0    0 353 -396  0
3823500 2818500  6 18  4  13.2  993 154  1.7 7  8.8  92    0    0 354 -394  0
3823500 2818500  6 18  5  13.9  992 166  2.2 6  9.1  92    0    9 351 -395  0
3823500 2818500  6 18  6  14.8  992 191  2.4 6  9.4  90    0   36 348 -394  0
3823500 2818500  6 18  7  15.4  991 205  4.0 6  9.4  85   21  116 350 -394  0
3823500 2818500  6 18  8  16.1  992 214  5.7 5  9.0  78   40  187 344 -397  0
3823500 2818500  6 18  9  16.3  992 221  5.4 7  8.6  73   10  209 349 -403  0
3823500 2818500  6 18 10  15.6  992 223  5.1 6  8.2  71   37  283 351 -411  0
3823500 2818500  6 18 11  15.4  993 237  6.0 6  7.7  68   67  329 343 -415  0
3823500 2818500  6 18 12  16.0  993 222  4.5 7  7.1  63   52  333 348 -411  0
3823500 2818500  6 18 13  16.4  994 240  4.6 5  6.9  59  269  356 344 -408  0
3823500 2818500  6 18 14  15.5  994 272  5.8 7  7.0  61   17  286 341 -415  0
3823500 2818500  6 18 15  15.3  994 224  3.8 6  7.7  69  196  317 344 -418  0
3823500 2818500  6 18 16  14.5  994 212  4.1 8  8.1  75    8  223 345 -415  0
3823500 2818500  6 18 17  13.8  995 224  2.4 5  8.0  78   93  223 338 -417  0
3823500 2818500  6 18 18  15.3  995 230  4.6 3  7.7  73  352   59 319 -416  0
3823500 2818500  6 18 19  14.5  995 218  3.1 3  7.5  70  209   57 310 -410  0
3823500 2818500  6 18 20  13.4  995 222  2.3 6  7.5  74   26   49 317 -405  0
3823500 2818500  6 18 21  12.5  995 195  1.9 5  7.5  80    0    3 322 -399  0
3823500 2818500  6 18 22  11.9  995 204  2.8 6  7.5  84    0    0 321 -393  0
3823500 2818500  6 18 23  11.8  996 213  2.6 7  7.6  86    0    0 329 -388  0
3823500 2818500  6 18 24  11.8  996 198  2.8 7  7.6  87    0    0 335 -385  0
3823500 2818500  6 19  1  12.1  995 217  3.0 5  7.5  85    0    0 325 -386  0
3823500 2818500  6 19  2  11.9  995 205  4.0 5  7.4  83    0    0 318 -387  0
3823500 2818500  6 19  3  12.0  995 214  4.8 6  7.3  82    0    0 325 -386  0
3823500 2818500  6 19  4  11.9  995 210  4.1 7  7.4  83    0    0 335 -385  0
3823500 2818500  6 19  5  12.0  995 218  4.1 7  7.5  84    0    3 339 -384  0
3823500 2818500  6 19  6  12.1  995 219  4.6 6  7.5  84    0   38 335 -385  0
3823500 2818500  6 19  7  12.3  995 218  4.9 7  7.6  84    0   65 334 -387  0
3823500 2818500  6 19  8  12.0  995 226  5.2 7  7.8  86    0   93 340 -388  0
3823500 2818500  6 19  9  12.7  995 223  3.0 8  8.0  87    0  122 348 -388  0
3823500 2818500  6 19 10  12.7  995 214  6.5 7  8.1  87    0  179 352 -394  0
3823500 2818500  6 19 11  12.6  996 236  4.8 8  8.2  88    0  142 353 -399  0
3823500 2818500  6 19 12  12.7  996 243  5.4 7  8.4  90    0  177 351 -407  0
3823500 2818500  6 19 13  13.6  997 251  3.9 6  8.5  89   14  248 344 -418  0
3823500 2818500  6 19 14  14.0  997 253  6.1 7  8.5  84    0  179 344 -421  0
3823500 2818500  6 19 15  14.2  998 277  4.6 7  8.3  81    0  179 345 -421  0
3823500 2818500  6 19 16  14.7  999 274  4.8 7  8.0  77   28  207 346 -421  0
3823500 2818500  6 19 17  15.0 1000 273  4.0 7  7.6  71   25  168 346 -419  0
3823500 2818500  6 19 18  14.9 1001 270  4.3 7  7.1  66   63  113 345 -414  0
3823500 2818500  6 19 19  14.1 1001 272  3.1 6  7.1  68   71   56 341 -407  0
3823500 2818500  6 19 20  13.7 1002 262  3.7 7  7.6  76   17   31 341 -401  0
3823500 2818500  6 19 21  13.3 1003 264  2.8 7  7.9  80    0    4 346 -394  0
3823500 2818500  6 19 22  12.8 1003 262  2.5 7  8.0  84    0    0 346 -388  0
3823500 2818500  6 19 23  12.8 1004 243  2.5 7  8.1  87    0    0 346 -383  0
3823500 2818500  6 19 24  12.4 1004 245  2.3 7  8.2  89    0    0 348 -380  0
3823500 2818500  6 20  1  12.4 1005 243  2.1 7  8.2  91    0    0 346 -377  0
3823500 2818500  6 20  2  12.3 1005 238  2.2 6  8.2  90    0    0 341 -375  0
3823500 2818500  6 20  3  12.2 1005 238  2.2 7  8.2  91    0    0 342 -374  0
3823500 2818500  6 20  4  12.1 1005 224  2.6 8  8.2  91    0    0 352 -373  0
3823500 2818500  6 20  5  12.0 1005 230  1.9 8  8.0  90    0    1 358 -371  0
3823500 2818500  6 20  6  11.8 1005 219  2.0 8  7.8  89    0   38 359 -369  0
3823500 2818500  6 20  7  11.9 1005 224  2.9 5  7.7  88   18  122 344 -373  0
3823500 2818500  6 20  8  12.6 1005 219  2.7 6  7.8  86   48  201 336 -382  0
3823500 2818500  6 20  9  13.2 1005 228  1.9 5  7.8  84  208  262 339 -395  0
3823500 2818500  6 20 10  14.9 1005 220  2.8 6  8.0  79  216  327 343 -410  0
3823500 2818500  6 20 11  15.9 1005 222  3.0 6  8.0  73  163  374 351 -422  0
3823500 2818500  6 20 12  17.5 1005 216  3.4 4  7.7  65  253  392 345 -433  0
3823500 2818500  6 20 13  17.8 1004 205  3.7 3  7.3  57  240  398 334 -442  0
3823500 2818500  6 20 14  18.2 1004 213  3.2 4  7.3  56  228  379 335 -447  0
3823500 2818500  6 20 15  18.8 1004 201  3.2 3  7.7  57  355  313 337 -449  0
3823500 2818500  6 20 16  18.6 1004 202  2.4 3  7.8  57  307  273 334 -449  0
3823500 2818500  6 20 17  18.7 1004 226  2.3 3  7.6  56  224  230 332 -446  0
3823500 2818500  6 20 18  18.6 1003 220  1.7 3  7.6  56  221  153 332 -439  0
3823500 2818500  6 20 19  18.3 1003 201  1.6 4  7.8  58  133  105 336 -428  0
3823500 2818500  6 20 20  17.4 1003 216  0.9 4  8.0  62   32   55 339 -421  0
3823500 2818500  6 20 21  16.0 1003 212  0.1 3  8.2  68    2   11 332 -417  0
3823500 2818500  6 20 22  15.2 1003 202  0.3 5  8.3  75    0    0 333 -412  0
3823500 2818500  6 20 23  14.3 1004 207  0.2 6  8.4  80    0    0 343 -408  0
3823500 2818500  6 20 24  14.4 1004 206  0.4 5  8.6  83    0    0 341 -404  0
3823500 2818500  6 21  1  14.5 1003 191  0.3 6  8.8  85    0    0 340 -403  0
3823500 2818500  6 21  2  14.7 1003 204  0.2 6  9.1  87    0    0 346 -402  0
3823500 2818500  6 21  3  14.8 1003 200  0.3 6  9.5  89    0    0 347 -402  0
3823500 2818500  6 21  4  14.7 1002 203  0.4 7  9.8  92    0    0 353 -402  0
3823500 2818500  6 21  5  14.9 1002 211  0.4 8 10.1  94    0    2 364 -402  0
3823500 2818500  6 21  6  15.2 1002 216  1.2 7 10.2  94    0   12 364 -402  0
3823500 2818500  6 21  7  15.3 1002 211  1.4 8 10.1  92    0   36 365 -402  0
3823500 2818500  6 21  8  15.9 1002 218  1.8 7 10.1  90    0  101 366 -402  0
3823500 2818500  6 21  9  16.6 1002 213  2.2 6 10.3  88    6  205 358 -406  0
3823500 2818500  6 21 10  17.2 1002 215  2.4 7 10.5  86    1  220 362 -417  0
3823500 2818500  6 21 11  16.6 1003 219  1.9 7 10.8  88    9  276 369 -426  0
3823500 2818500  6 21 12  17.9 1003 221  3.4 6 10.5  84   88  382 366 -427  0
3823500 2818500  6 21 13  19.6 1003 244  4.9 7  9.6  70   94  384 370 -430  0
3823500 2818500  6 21 14  20.2 1003 254  4.9 6  9.2  62  177  396 373 -437  0
3823500 2818500  6 21 15  21.0 1004 245  4.6 6  9.1  59  139  359 371 -441  0
3823500 2818500  6 21 16  21.0 1005 261  4.8 6  8.9  57  172  319 370 -444  0
3823500 2818500  6 21 17  21.0 1005 270  5.0 6  8.6  55  208  251 367 -443  0
3823500 2818500  6 21 18  21.1 1005 256  3.2 5  8.6  54  149  186 362 -440  0
3823500 2818500  6 21 19  20.5 1004 262  2.1 6  8.7  56   21  105 359 -434  0
3823500 2818500  6 21 20  20.0 1004 247  0.6 6  8.9  60    0   15 360 -428  0
3823500 2818500  6 21 21  19.3 1004 238  0.8 7  9.2  64    0    2 361 -421  0
3823500 2818500  6 21 22  17.7 1004 235  0.5 6  9.4  70    0    0 359 -414  0
3823500 2818500  6 21 23  16.7 1004 206  0.3 6  9.4  76    0    0 352 -410  0
3823500 2818500  6 21 24  15.7 1004 184  0.7 6  9.3  80    0    0 349 -408  0
3823500 2818500  6 22  1  15.4 1004 190  0.3 7  9.4  84    0    0 351 -406  0
3823500 2818500  6 22  2  16.0 1004 173  0.3 8  9.3  83    0    0 360 -404  0
3823500 2818500  6 22  3  15.9 1004 188  0.7 6  9.2  81    0    0 358 -402  0
3823500 2818500  6 22  4  14.9 1004 159  0.4 6  9.3  84    0    0 348 -400  0
3823500 2818500  6 22  5  14.5 1003 103  0.2 5  9.4  89    0   10 342 -400  0
3823500 2818500  6 22  6  15.7 1003 174  0.1 5  9.6  88    6   52 339 -400  0
3823500 2818500  6 22  7  17.0 1003 194  0.8 5  9.9  84   50  130 344 -402  0
3823500 2818500  6 22  8  18.0 1002 228  1.6 6 10.0  79   27  185 352 -406  0
3823500 2818500  6 22  9  18.6 1002 257  1.4 6  9.6  72   81  263 358 -414  0
3823500 2818500  6 22 10  19.2 1002 229  1.6 5  9.2  67  124  319 356 -424  0
3823500 2818500  6 22 11  20.0 1001 209  1.5 6  9.5  66   32  308 359 -432  0
3823500 2818500  6 22 12  19.6 1001 223  2.6 7 10.0  68    0  179 369 -438  0
3823500 2818500  6 22 13  18.9 1001 220  2.5 7 10.1  71    0  124 372 -439  0
3823500 2818500  6 22 14  16.6 1001 228  2.3 7 10.2  79    0  120 367 -437  0
3823500 2818500  6 22 15  16.7 1001 205  2.2 7 10.3  85    0  170 365 -441  0
3823500 2818500  6 22 16  17.3 1000 237  1.7 7 10.6  86    8  223 367 -445  0
3823500 2818500  6 22 17  16.8  999 257  5.4 7 10.2  82   60  224 366 -443  0
3823500 2818500  6 22 18  15.8 1000 291  4.5 4  9.1  77  109  171 347 -439  0
3823500 2818500  6 22 19  16.3 1001 254  3.9 4  8.7  75  100  106 332 -431  0
3823500 2818500  6 22 20  15.6 1002 222  3.2 5  7.9  69   33   53 332 -421  0
3823500 2818500  6 22 21  13.6 1002 228  3.0 3  7.5  72    0    2 324 -412  0
3823500 2818500  6 22 22  13.2 1003 197  1.9 3  7.8  80    0    0 314 -403  0
3823500 2818500  6 22 23  13.7 1003 201  2.4 5  7.9  81    0    0 322 -395  0
3823500 2818500  6 22 24  15.0 1004 207  3.6 8  7.9  77    0    0 345 -391  0
3823500 2818500  6 23  1  15.0 1004 211  3.6 6  7.9  73    0    0 351 -388  0
3823500 2818500  6 23  2  14.3 1004 211  2.5 5  7.8  75    0    0 337 -386  0
3823500 2818500  6 23  3  13.7 1003 211  2.1 2  7.8  78    0    0 317 -385  0
3823500 2818500  6 23  4  13.3 1003 219  2.4 3  7.9  80    0    0 308 -384  0
3823500 2818500  6 23  5  13.6 1003 219  2.3 6  7.7  80    0    4 323 -384  0
3823500 2818500  6 23  6  13.9 1004 220  2.8 4  7.7  78    8   55 329 -384  0
3823500 2818500  6 23  7  14.0 1004 222  3.1 7  7.8  77    0   90 334 -386  0
3823500 2818500  6 23  8  14.4 1004 219  3.9 7  8.0  78    3  147 349 -391  0
3823500 2818500  6 23  9  15.6 1004 230  3.8 7  8.2  76   27  248 354 -399  0
3823500 2818500  6 23 10  15.6 1005 232  4.4 7  8.3  74    9  254 355 -408  0
3823500 2818500  6 23 11  15.7 1005 231  3.7 6  8.1  72   75  352 347 -414  0
3823500 2818500  6 23 12  18.0 1005 218  4.2 4  8.1  67  329  380 334 -421  0
3823500 2818500  6 23 13  17.8 1005 233  3.6 2  7.8  60  566  286 319 -427  0
3823500 2818500  6 23 14  18.6 1005 222  4.8 3  7.3  56  450  329 314 -426  0
3823500 2818500  6 23 15  17.5 1005 257  3.0 5  7.2  55  228  355 324 -424  0
3823500 2818500  6 23 16  17.7 1005 247  4.6 6  7.7  61   84  289 335 -424  0
3823500 2818500  6 23 17  16.4 1006 245  4.0 6  7.8  63   57  231 337 -422  0
3823500 2818500  6 23 18  16.4 1006 220  2.7 4  7.6  65  159  181 328 -418  0
3823500 2818500  6 23 19  16.2 1006 241  2.4 4  7.7  66  127  110 321 -410  0
3823500 2818500  6 23 20  14.1 1006 232  2.5 7  7.9  73   46   59 332 -401  0
3823500 2818500  6 23 21  13.2 1007 223  2.0 6  8.0  82    5   12 337 -395  0
3823500 2818500  6 23 22  12.2 1007 221  0.7 5  7.8  85    0    0 324 -390  0
3823500 2818500  6 23 23  12.3 1008 224  0.9 4  7.9  88    0    0 314 -387  0
3823500 2818500  6 23 24  11.5 1008 221  0.9 5  7.8  90    0    0 313 -385  0
3823500 2818500  6 24  1  11.6 1008 212  1.2 4  7.6  89    0    0 312 -384  0
3823500 2818500  6 24  2  11.1 1008 217  1.4 4  7.6  90    0    0 308 -383  0
3823500 2818500  6 24  3  10.9 1008 215  1.4 4  7.5  91    0    0 308 -383  0
3823500 2818500  6 24  4  10.7 1009 213  1.8 4  7.5  92    0    0 308 -382  0
3823500 2818500  6 24  5  11.0 1009 227  2.2 5  7.6  93    0    8 312 -382  0
3823500 2818500  6 24  6  11.9 1009 234  2.5 4  7.8  92    9   53 312 -381  0
3823500 2818500  6 24  7  12.6 1009 241  3.1 6  8.0  90   16  111 315 -381  0
3823500 2818500  6 24  8  13.2 1010 266  4.0 6  8.0  86   42  186 324 -383  0
3823500 2818500  6 24  9  13.6 1010 269  3.4 7  8.0  83   74  250 329 -387  0
3823500 2818500  6 24 10  14.5 1011 280  4.0 6  7.8  77  191  292 329 -396  0
3823500 2818500  6 24 11  15.8 1011 278  3.3 4  7.3  68  348  288 320 -407  0
3823500 2818500  6 24 12  15.3 1011 260  3.6 6  7.4  66   88  342 320 -411  0
3823500 2818500  6 24 13  14.4 1011 247  2.1 5  7.5  70  297  332 319 -413  0
3823500 2818500  6 24 14  16.4 1011 282  2.8 3  7.2  66  589  191 309 -420  0
3823500 2818500  6 24 15  16.7 1011 250  4.5 5  6.9  59  143  310 313 -424  0
3823500 2818500  6 24 16  15.9 1012 286  3.6 7  6.7  58   12  227 323 -424  0
3823500 2818500  6 24 17  16.4 1012 278  3.1 7  6.4  56   18  193 328 -422  0
3823500 2818500  6 24 18  16.2 1012 292  2.2 8  6.4  55    2  122 332 -418  0
3823500 2818500  6 24 19  16.0 1012 279  2.0 7  6.5  57   11   91 332 -411  0
3823500 2818500  6 24 20  15.8 1013 281  1.8 4  6.6  58    9   44 320 -401  0
3823500 2818500  6 24 21  13.9 1013 278  0.9 2  6.5  61    2    9 303 -391  0
3823500 2818500  6 24 22  13.0 1014 261  0.3 2  6.3  66    0    0 292 -382  0
3823500 2818500  6 24 23  12.7 1014 243  0.3 3  6.4  69    0    0 295 -375  0
3823500 2818500  6 24 24  11.4 1014 226  0.9 4  6.5  74    0    0 300 -369  0
3823500 2818500  6 25  1  10.9 1015 227  1.0 4  6.5  79    0    0 301 -365  0
3823500 2818500  6 25  2  10.8 1015 218  0.8 5  6.6  81    0    0 305 -363  0
3823500 2818500  6 25  3  11.0 1015 212  0.8 7  6.7  82    0    0 317 -362  0
3823500 2818500  6 25  4  11.8 1014 218  1.0 8  6.8  81    0    0 330 -362  0
3823500 2818500  6 25  5  11.8 1014 222  0.3 8  6.9  80    0    2 338 -366  0
3823500 2818500  6 25  6  12.0 1014 216  1.2 7  7.1  82    0   24 339 -371  0
3823500 2818500  6 25  7  12.8 1014 214  1.7 7  7.4  82    0   83 340 -376  0
3823500 2818500  6 25  8  13.8 1014 217  2.0 6  7.5  79    9  186 340 -381  0
3823500 2818500  6 25  9  14.0 1014 217  2.2 8  7.7  78    0  143 349 -384  0
3823500 2818500  6 25 10  13.9 1014 235  3.3 7  7.7  78    2  240 356 -386  0
3823500 2818500  6 25 11  13.5 1015 231  3.2 7  7.5  76    2  260 354 -389  0
3823500 2818500  6 25 12  12.8 1015 220  3.1 7  7.4  78    0  175 355 -389  0
3823500 2818500  6 25 13  12.7 1014 215  2.5 8  7.7  84    0  150 361 -387  0
3823500 2818500  6 25 14  12.9 1014 211  3.0 8  8.0  87    0  143 369 -386  0
3823500 2818500  6 25 15  13.4 1014 209  2.6 7  8.3  88    0  130 368 -387  0
3823500 2818500  6 25 16  13.5 1013 212  3.3 7  8.6  89    0  138 366 -387  0
3823500 2818500  6 25 17  13.5 1013 210  2.1 7  9.0  92    0  135 367 -387  0
3823500 2818500  6 25 18  13.6 1013 207  1.6 7  9.3  96    0   78 369 -388  0
3823500 2818500  6 25 19  13.9 1012 222  2.0 7  9.6  97    0   54 371 -388  0
3823500 2818500  6 25 20  14.1 1012 228  1.6 8  9.8  98    0   25 377 -390  0
3823500 2818500  6 25 21  14.9 1012 232  1.9 7 10.2  98    0    3 379 -392  0
3823500 2818500  6 25 22  15.2 1013 230  1.5 8 10.4  97    0    0 381 -395  0
3823500 2818500  6 25 23  15.5 1013 226  1.4 8 10.7  98    0    0 386 -396  0
3823500 2818500  6 25 24  16.0 1013 233  1.9 8 11.0  98    0    0 388 -397  0
3823500 2818500  6 26  1  16.1 1013 232  1.2 8 11.0  96    0    0 389 -398  0
3823500 2818500  6 26  2  16.3 1013 238  1.2 8 11.1  96    0    0 390 -398  0
3823500 2818500  6 26  3  16.4 1013 241  1.0 8 11.2  96    0    0 390 -398  0
3823500 2818500  6 26  4  16.3 1013 252  1.4 7 11.2  96    0    0 385 -398  0
3823500 2818500  6 26  5  16.5 1013 241  1.6 7 11.3  96    0    2 380 -398  0
3823500 2818500  6 26  6  16.6 1013 253  1.6 8 11.3  96    0   16 387 -399  0
3823500 2818500  6 26  7  16.6 1013 246  1.8 7 11.4  96    0   60 386 -399  0
3823500 2818500  6 26  8  17.4 1014 261  1.9 7 11.6  95    0  120 382 -402  0
3823500 2818500  6 26  9  17.9 1014 265  2.1 7 11.7  92    0  181 384 -406  0
3823500 2818500  6 26 10  18.9 1014 272  2.0 7 11.9  89   23  290 388 -415  0
3823500 2818500  6 26 11  19.9 1014 254  1.9 7 11.9  84   64  361 392 -431  0
3823500 2818500  6 26 12  21.1 1015 280  2.7 6 11.8  78  172  421 391 -446  0
3823500 2818500  6 26 13  22.2 1015 263  2.4 5 11.5  71  166  421 385 -458  0
3823500 2818500  6 26 14  22.6 1014 272  3.2 6 11.0  65  112  391 387 -469  0
3823500 2818500  6 26 15  23.6 1015 259  2.5 6 11.0  62   18  276 393 -474  0
3823500 2818500  6 26 16  23.1 1014 261  2.4 5 11.3  62   58  293 390 -471  0
3823500 2818500  6 26 17  23.7 1015 343  1.6 7 11.2  62   52  241 394 -467  0
3823500 2818500  6 26 18  23.4 1015 357  1.1 5 11.3  62   94  198 395 -467  0
3823500 2818500  6 26 19  23.8 1015  28  0.9 2 11.3  62  141  121 375 -461  0
3823500 2818500  6 26 20  22.5 1014 149  0.6 2 11.6  65   49   68 361 -450  0
3823500 2818500  6 26 21  19.3 1014 113  0.1 1 11.9  76    2   11 349 -438  0
3823500 2818500  6 26 22  17.1 1014 110  0.1 1 11.5  87    0    0 334 -428  0
3823500 2818500  6 26 23  15.9 1014  93  0.1 0 11.0  94    0    0 323 -422  0
3823500 2818500  6 26 24  15.0 1014 123  0.1 0 10.6  96    0    0 314 -417  0
3823500 2818500  6 27  1  15.4 1014 112  0.1 1 10.2  95    0    0 315 -413  0
3823500 2818500  6 27  2  15.5 1013 108  0.1 1 10.3  94    0    0 316 -411  0
3823500 2818500  6 27  3  14.8 1013  96  0.2 1 10.2  95    0    0 313 -409  0
3823500 2818500  6 27  4  15.4 1013  99  0.2 1 10.2  95    0    0 312 -406  0
3823500 2818500  6 27  5  15.5 1013 112  0.4 1 10.4  94    1   13 312 -405  0
3823500 2818500  6 27  6  17.1 1013 119  0.9 0 10.6  91   37   63 311 -406  0
3823500 2818500  6 27  7  19.1 1013 125  1.5 0 11.0  84  159  101 312 -411  0
3823500 2818500  6 27  8  21.3 1012 118  2.0 0 11.2  75  293  125 319 -424  0
3823500 2818500  6 27  9  23.2 1012 135  2.8 0 11.3  67  438  134 327 -441  0
3823500 2818500  6 27 10  25.0 1012 133  3.1 0 11.4  60  584  128 337 -461  0
3823500 2818500  6 27 11  25.9 1012 138  3.2 0 11.3  55  709  115 346 -480  0
3823500 2818500  6 27 12  27.0 1012 129  3.0 0 11.3  52  777  114 352 -497  0
3823500 2818500  6 27 13  27.9 1011 124  3.5 1 11.2  49  826   97 359 -510  0
3823500 2818500  6 27 14  28.6 1011 139  3.3 1 11.0  45  803   95 365 -519  0
3823500 2818500  6 27 15  29.2 1010 152  3.2 1 10.9  44  736   94 368 -524  0
3823500 2818500  6 27 16  29.7 1009 128  3.2 1 10.9  42  621   98 371 -525  0
3823500 2818500  6 27 17  29.9 1009 117  3.3 2 10.9  41  468  104 373 -523  0
3823500 2818500  6 27 18  29.5 1009 115  2.2 2 11.0  42  298  106 374 -515  0
3823500 2818500  6 27 19  29.2 1009 121  1.6 3 11.1  43  168   85 374 -502  0
3823500 2818500  6 27 20  27.9 1008 104  0.9 3 11.1  45   59   55 372 -487  0
3823500 2818500  6 27 21  26.0 1009 100  0.1 3 11.2  50    3   10 367 -474  0
3823500 2818500  6 27 22  24.1 1009  95  0.3 2 11.3  56    0    0 360 -464  0
3823500 2818500  6 27 23  23.5 1009 107  0.5 1 11.4  62    0    0 354 -456  0
3823500 2818500  6 27 24  22.4 1009 107  0.2 1 11.4  64    0    0 349 -448  0
3823500 2818500  6 28  1  21.9 1009 121  0.3 2 11.3  67    0    0 347 -441  0
3823500 2818500  6 28  2  21.3 1008 110  0.4 2 11.1  68    0    0 346 -437  0
3823500 2818500  6 28  3  20.9 1008 109  0.2 2 10.8  68    0    0 344 -434  0
3823500 2818500  6 28  4  20.7 1008 102  0.2 3 10.4  67    0    0 343 -433  0
3823500 2818500  6 28  5  20.2 1008  98  0.3 3 10.2  68    0    6 344 -432  0
3823500 2818500  6 28  6  20.8 1007 118  0.8 3 10.3  68   22   62 342 -435  0
3823500 2818500  6 28  7  22.3 1008  96  1.2 3 10.7  66  128  118 345 -441  0
3823500 2818500  6 28  8  24.2 1009 105  1.8 2 10.9  61  186  182 348 -448  0
3823500 2818500  6 28  9  26.5 1008 107  2.4 1 11.3  55  389  170 354 -462  0
3823500 2818500  6 28 10  28.4 1008 121  2.9 3 11.7  51  499  190 364 -483  0
3823500 2818500  6 28 11  29.7 1008 164  2.5 3 12.1  48  612  187 375 -507  0
3823500 2818500  6 28 12  31.1 1008 141  2.4 3 12.6  46  690  180 382 -526  0
3823500 2818500  6 28 13  32.2 1008 155  2.4 3 12.4  42  759  151 390 -540  0
3823500 2818500  6 28 14  32.8 1007 151  2.1 2 12.1  39  722  157 394 -553  0
3823500 2818500  6 28 15  33.2 1007 146  3.5 2 11.8  37  662  150 397 -556  0
3823500 2818500  6 28 16  33.0 1006 119  3.0 2 11.5  36  561  142 399 -562  0
3823500 2818500  6 28 17  32.8 1006 118  3.0 2 11.2  35  427  135 399 -561  0
3823500 2818500  6 28 18  32.2 1005 123  2.1 1 10.9  35  298  117 396 -542  0
3823500 2818500  6 28 19  31.5 1005 299  2.1 1 10.8  36  168   92 393 -525  0
3823500 2818500  6 28 20  29.5 1004 151  0.1 3 11.0  40   35   56 392 -509  0
3823500 2818500  6 28 21  27.4 1004 130  1.0 5 11.3  46    0    3 391 -496  0
3823500 2818500  6 28 22  25.0 1005 160  1.3 7 11.3  52    0    0 390 -488  0
3823500 2818500  6 28 23  21.5 1006  39  2.2 7 11.9  66    0    0 385 -486  0
3823500 2818500  6 28 24  21.4 1007 163  1.7 7 12.4  77    0    0 383 -485  0
3823500 2818500  6 29  1  21.7 1006  67  1.2 8 12.1  75    0    0 385 -478  0
3823500 2818500  6 29  2  21.1 1007 236  1.9 8 12.2  76    0    0 387 -468  0
3823500 2818500  6 29  3  20.6 1007 225  1.5 7 12.5  80    0    0 386 -459  0
3823500 2818500  6 29  4  19.7 1007 284  1.4 7 13.0  87    0    0 384 -452  0
3823500 2818500  6 29  5  19.6 1006  81  1.1 7 13.4  92    0    2 383 -446  0
3823500 2818500  6 29  6  19.7 1006  70  1.4 5 13.3  92    5   49 377 -441  0
3823500 2818500  6 29  7  20.3 1005 117  0.9 5 13.3  90   27  118 373 -438  0
3823500 2818500  6 29  8  21.4 1006 202  1.5 6 13.8  88   74  191 377 -437  0
3823500 2818500  6 29  9  22.7 1006 227  2.1 6 14.1  84   55  248 384 -438  0
3823500 2818500  6 29 10  22.7 1007 220  1.7 8 14.0  80    3  231 392 -438  0
3823500 2818500  6 29 11  22.1 1007 260  2.7 6 13.9  81  114  336 392 -437  0
3823500 2818500  6 29 12  22.2 1008 250  3.1 7 13.7  81    9  275 389 -437  0
3823500 2818500  6 29 13  19.2 1007 284  3.3 8 12.7  82    0  119 391 -434  0
3823500 2818500  6 29 14  17.7 1008 287  4.4 7 11.8  88    0  128 385 -429  0
3823500 2818500  6 29 15  17.2 1008 277  2.5 7 11.4  91    0  109 378 -428  0
3823500 2818500  6 29 16  17.1 1009 289  3.9 7 11.1  90    0   82 376 -431  0
3823500 2818500  6 29 17  17.4 1009 293  3.1 7 10.7  87    0   66 375 -433  0
3823500 2818500  6 29 18  17.6 1010 299  3.3 8 10.3  82    0   53 379 -435  0
3823500 2818500  6 29 19  18.2 1010 296  5.0 7  9.5  74    0   43 380 -434  0
3823500 2818500  6 29 20  18.0 1010 308  2.9 5  8.6  66    0   32 366 -430  0
3823500 2818500  6 29 21  16.6 1010 309  3.1 5  8.2  66    0    2 353 -424  0
3823500 2818500  6 29 22  15.3 1011 331  2.2 5  8.1  72    0    0 348 -417  0
3823500 2818500  6 29 23  14.3 1012 331  2.8 6  8.1  77    0    0 347 -411  0
3823500 2818500  6 29 24  13.6 1012 329  1.9 6  8.0  80    0    0 349 -404  0
3823500 2818500  6 30  1  12.7 1012 306  1.3 6  7.9  83    0    0 346 -395  0
3823500 2818500  6 30  2  11.7 1012 294  0.8 6  7.8  87    0    0 342 -389  0
3823500 2818500  6 30  3  11.7 1012 289  1.3 6  7.7  89    0    0 339 -385  0
3823500 2818500  6 30  4  11.3 1012 284  0.8 6  7.5  88    0    0 339 -382  0
3823500 2818500  6 30  5  11.1 1012 277  1.3 5  7.4  89    0   13 333 -378  0
3823500 2818500  6 30  6  11.4 1012 275  1.6 3  7.4  89   52   59 317 -377  0
3823500 2818500  6 30  7  12.9 1013 285  2.6 3  7.6  86  172   88 308 -382  0
3823500 2818500  6 30  8  14.5 1013 311  3.8 3  7.8  79  292  116 311 -392  0
3823500 2818500  6 30  9  15.0 1013 295  4.0 4  7.4  71  276  211 319 -406  0
3823500 2818500  6 30 10  16.6 1013 320  3.7 5  7.0  62  336  255 332 -420  0
3823500 2818500  6 30 11  17.2 1013 307  3.9 3  6.7  56  486  233 330 -433  0
3823500 2818500  6 30 12  18.1 1013 339  3.0 3  6.4  51  569  222 322 -445  0
3823500 2818500  6 30 13  19.1 1013 285  3.9 5  6.2  46  191  364 335 -452  0
3823500 2818500  6 30 14  17.8 1013 306  4.1 6  6.3  48    6  252 349 -447  0
3823500 2818500  6 30 15  19.1 1013 293  2.7 4  6.6  50  172  323 345 -444  0
3823500 2818500  6 30 16  17.5 1013 320  2.7 6  6.6  50   47  259 345 -443  0
3823500 2818500  6 30 17  15.6 1013 284  2.1 5  6.6  57   23  201 345 -438  0
3823500 2818500  6 30 18  17.0 1013 292  1.3 6  6.6  58   74  166 345 -430  0
3823500 2818500  6 30 19  17.3 1013 268  0.9 4  6.7  55   57  108 344 -424  0
3823500 2818500  6 30 20  16.0 1013 279  0.8 4  6.8  59   57   48 334 -419  0
3823500 2818500  6 30 21  15.0 1013 274  0.7 4  6.9  63    0    4 328 -411  0
3823500 2818500  6 30 22  13.9 1013 275  0.6 5  7.0  68    0    0 325 -402  0
3823500 2818500  6 30 23  13.6 1013 236  0.5 5  7.7  76    0    0 329 -393  0
3823500 2818500  6 30 24  14.0 1013 195  0.5 6  8.6  83    0    0 320 -386  0
3823500 2818500  7  1  1  14.8 1009 142  0.4 6  9.8  90    0    0 363 -423  0
3823500 2818500  7  1  2  15.6 1009 112  0.4 6 10.7  94    0    0 363 -422  0
3823500 2818500  7  1  3  12.4 1009 141  0.8 7  9.4  97    0    0 360 -420  0
3823500 2818500  7  1  4  12.5 1009 158  0.9 7  9.4  97    0    0 360 -418  0
3823500 2818500  7  1  5  16.9 1008 152  0.6 7 11.4  95    0    1 363 -416  0
3823500 2818500  7  1  6  17.2 1008 189  0.6 7 11.4  95    5   51 366 -417  0
3823500 2818500  7  1  7  19.3 1008 194  0.7 5 11.9  90   57  137 360 -420  0
3823500 2818500  7  1  8  21.6 1008 165  1.0 4 12.3  81  136  212 358 -427  0
3823500 2818500  7  1  9  24.2 1009 175  1.3 4 12.4  70  192  284 364 -438  0
3823500 2818500  7  1 10  25.9 1008 205  2.4 5 11.2  56  185  356 375 -452  0
3823500 2818500  7  1 11  27.0 1008 192  2.7 7  9.7  45   93  383 388 -468  0
3823500 2818500  7  1 12  27.3 1008 206  2.8 6  9.0  40  194  438 393 -484  0
3823500 2818500  7  1 13  28.1 1008 220  2.9 6  9.0  38  295  433 394 -496  0
3823500 2818500  7  1 14  28.9 1007 228  2.7 5  9.1  37  366  395 396 -503  0
3823500 2818500  7  1 15  29.2 1007 244  1.8 5  9.1  36  257  390 395 -508  0
3823500 2818500  7  1 16  29.4 1007 246  3.1 5  9.2  36  211  343 396 -510  0
3823500 2818500  7  1 17  29.9 1006 228  2.5 5  9.3  35  137  282 395 -504  0
3823500 2818500  7  1 18  29.1 1006 256  1.6 4  9.3  36  127  204 389 -495  0
3823500 2818500  7  1 19  28.2 1006 149  1.0 4  9.8  39   73  130 382 -487  0
3823500 2818500  7  1 20  25.9 1006  98  0.5 4 11.7  52    3   45 379 -479  0
3823500 2818500  7  1 21  23.3 1006 124  0.1 6 12.9  66    0    6 377 -471  0
3823500 2818500  7  1 22  21.6 1006 159  0.1 6 12.7  74    0    0 374 -465  0
3823500 2818500  7  1 23  21.4 1006 244  0.1 6 12.7  78    0    0 372 -461  0
3823500 2818500  7  1 24  19.5 1005 138  0.1 8 12.6  83    0    0 374 -456  0
3823500 2818500  7  2  1  20.7 1005  90  0.5 7 12.0  80    0    0 375 -449  0
3823500 2818500  7  2  2  20.7 1005 147  0.8 7 11.0  71    0    0 373 -442  0
3823500 2818500  7  2  3  19.8 1005 146  0.9 7 10.5  70    0    0 371 -436  0
3823500 2818500  7  2  4  19.7 1005 150  1.4 5 10.3  71    0    0 364 -431  0
3823500 2818500  7  2  5  19.1 1005 151  1.3 3 10.2  71    0   12 352 -428  0
3823500 2818500  7  2  6  20.8 1005 147  1.0 3 10.3  70   24   61 348 -427  0
3823500 2818500  7  2  7  22.8 1006 151  1.0 4 10.5  63   86  126 355 -432  0
3823500 2818500  7  2  8  25.1 1006 152  2.1 5 10.6  56  174  185 364 -444  0
3823500 2818500  7  2  9  27.6 1007 186  1.9 5 10.6  49  302  219 375 -460  0
3823500 2818500  7  2 10  29.2 1007 188  2.3 5 10.1  42  389  257 382 -477  0
3823500 2818500  7  2 11  30.9 1007 167  2.9 4  9.4  35  482  271 386 -493  0
3823500 2818500  7  2 12  32.0 1007 179  3.0 4  8.5  29  507  298 389 -507  0
3823500 2818500  7  2 13  32.4 1007 178  2.9 4  8.2  27  562  279 393 -518  0
3823500 2818500  7  2 14  32.6 1007 174  2.4 3  8.3  27  558  264 394 -526  0
3823500 2818500  7  2 15  33.0 1006 177  2.2 3  8.0  26  567  214 393 -530  0
3823500 2818500  7  2 16  33.3 1006 104  1.2 4  8.1  25  382  249 396 -528  0
3823500 2818500  7  2 17  32.6 1006 133  1.9 5  8.2  26  188  253 399 -524  0
3823500 2818500  7  2 18  32.4 1006 140  1.0 3  8.2  27  125  190 395 -517  0
3823500 2818500  7  2 19  31.8 1005 120  1.5 1  8.5  28  117  112 386 -504  0
3823500 2818500  7  2 20  28.8 1005 106  1.1 2  9.3  34   28   59 380 -488  0
3823500 2818500  7  2 21  26.8 1006 107  0.5 1 10.0  42    0    5 374 -474  0
3823500 2818500  7  2 22  24.7 1006 116  0.7 1 10.4  50    0    0 366 -465  0
3823500 2818500  7  2 23  23.1 1007 195  0.1 1 10.6  56    0    0 360 -459  0
3823500 2818500  7  2 24  21.0 1007  30  0.0 2 10.8  64    0    0 356 -452  0
3823500 2818500  7  3  1  21.3 1007 123  0.0 3 10.7  68    0    0 357 -442  0
3823500 2818500  7  3  2  21.4 1007 103  0.3 3 10.5  65    0    0 357 -436  0
3823500 2818500  7  3  3  20.0 1006 142  0.1 2 10.4  67    0    0 350 -434  0
3823500 2818500  7  3  4  19.0 1006  91  0.1 2 10.5  74    0    0 340 -433  0
3823500 2818500  7  3  5  19.8 1006 115  0.2 4 10.8  76    0    7 344 -432  0
3823500 2818500  7  3  6  21.7 1006 123  0.2 4 11.1  71   15   56 353 -433  0
3823500 2818500  7  3  7  24.0 1007 141  0.2 3 11.4  65   84  123 358 -439  0
3823500 2818500  7  3  8  25.6 1007 142  1.1 2 11.5  58  195  171 358 -448  0
3823500 2818500  7  3  9  27.7 1007 191  1.7 2 11.5  52  348  187 361 -460  0
3823500 2818500  7  3 10  28.7 1007 184  1.7 2 11.6  48  479  196 370 -474  0
3823500 2818500  7  3 11  29.9 1007 226  2.0 3 11.5  45  553  219 380 -493  0
3823500 2818500  7  3 12  31.4 1007 204  1.8 3 11.1  40  519  280 390 -512  0
3823500 2818500  7  3 13  32.0 1007 238  2.2 3 11.1  38  579  258 399 -526  0
3823500 2818500  7  3 14  32.7 1007 310  1.8 2 11.4  37  641  202 403 -535  0
3823500 2818500  7  3 15  32.2 1006 291  2.6 2 11.8  38  277  347 403 -533  0
3823500 2818500  7  3 16  31.9 1007 293  2.8 5 11.7  39    0  178 407 -522  0
3823500 2818500  7  3 17  26.7 1007 298  3.8 5 12.1  47    0   49 403 -500  0
3823500 2818500  7  3 18  22.7 1008 271  3.2 7 13.7  69    0   36 391 -480  0
3823500 2818500  7  3 19  21.7 1009  11  3.9 7 14.4  85    0   30 390 -473  0
3823500 2818500  7  3 20  21.6 1010 100  2.5 6 14.2  86    0   27 384 -468  0
3823500 2818500  7  3 21  20.8 1009 340  0.9 6 13.7  86    0    0 376 -462  0
3823500 2818500  7  3 22  20.0 1010 300  1.4 6 13.4  89    0    0 374 -454  0
3823500 2818500  7  3 23  19.6 1010 328  0.3 6 13.5  92    0    0 372 -447  0
3823500 2818500  7  3 24  19.4 1010 311  0.2 7 13.5  94    0    0 375 -444  0
3823500 2818500  7  4  1  18.8 1011 303  0.2 7 13.2  94    0    0 378 -443  0
3823500 2818500  7  4  2  18.7 1011 312  0.7 7 12.8  94    0    0 376 -440  0
3823500 2818500  7  4  3  18.6 1011 345  0.4 8 12.7  93    0    0 380 -436  0
3823500 2818500  7  4  4  18.4 1011 335  0.7 8 12.6  94    0    0 381 -435  0
3823500 2818500  7  4  5  18.5 1011 324  0.3 8 12.6  94    0    1 379 -434  0
3823500 2818500  7  4  6  18.2 1011 265  0.4 4 12.5  94   16   51 361 -434  0
3823500 2818500  7  4  7  18.6 1012 308  0.9 6 12.3  92    7   95 353 -437  0
3823500 2818500  7  4  8  19.4 1012 328  0.6 6 12.2  88   32  171 364 -444  0
3823500 2818500  7  4  9  20.7 1012 304  0.3 6 12.1  82  112  234 369 -455  0
3823500 2818500  7  4 10  21.7 1012 300  0.5 5 11.9  75   89  295 371 -469  0
3823500 2818500  7  4 11  22.5 1012 288  1.4 4 11.9  71  224  317 371 -482  0
3823500 2818500  7  4 12  23.5 1013 258  1.6 4 11.8  67  339  315 373 -493  0
3823500 2818500  7  4 13  24.4 1013 223  1.9 4 11.7  62  228  356 379 -506  0
3823500 2818500  7  4 14  25.2 1012 250  0.9 4 11.7  59  231  342 384 -516  0
3823500 2818500  7  4 15  25.7 1012 257  2.4 3 11.5  56  268  304 385 -509  0
3823500 2818500  7  4 16  25.4 1011 246  0.7 3 11.3  55  310  233 381 -501  0
3823500 2818500  7  4 17  25.9 1011 261  0.9 2 11.1  54  352  135 376 -506  0
3823500 2818500  7  4 18  25.9 1010 198  1.1 1 10.6  50  306   75 369 -493  0
3823500 2818500  7  4 19  25.0 1010 296  2.2 2 10.1  49  179   63 365 -475  0
3823500 2818500  7  4 20  24.1 1010 290  1.6 2 10.1  52   48   47 364 -470  0
3823500 2818500  7  4 21  21.5 1010 287  0.8 1 10.5  60    0    6 354 -461  0
3823500 2818500  7  4 22  19.7 1009 284  0.6 1 10.7  70    0    0 344 -450  0
3823500 2818500  7  4 23  18.7 1009 287  0.7 3 10.6  75    0    0 346 -438  0
3823500 2818500  7  4 24  17.4 1010 290  0.3 4 10.1  78    0    0 352 -427  0
3823500 2818500  7  5  1  15.7 1010 253  0.9 2  9.7  82    0    0 345 -419  0
3823500 2818500  7  5  2  13.5 1010 270  0.5 1  9.3  90    0    0 330 -412  0
3823500 2818500  7  5  3  14.2 1010 212  0.9 1  9.0  91    0    0 325 -408  0
3823500 2818500  7  5  4  14.4 1010 188  1.0 0  8.9  87    0    0 322 -406  0
3823500 2818500  7  5  5  14.3 1010 216  1.1 1  8.7  85    0   12 322 -408  0
3823500 2818500  7  5  6  16.6 1010 214  1.4 4  8.8  80   20   53 337 -412  0
3823500 2818500  7  5  7  17.6 1010 222  2.2 7  9.0  74   19  107 362 -415  0
3823500 2818500  7  5  8  19.1 1010 247  2.6 4  9.0  68  141  170 366 -418  0
3823500 2818500  7  5  9  18.6 1010 249  2.2 4  9.1  66  278  197 358 -421  0
3823500 2818500  7  5 10  19.9 1010 239  2.2 5  9.4  67  418  199 365 -424  0
3823500 2818500  7  5 11  20.2 1010 251  2.8 5  9.9  67  220  331 373 -428  0
3823500 2818500  7  5 12  21.3 1010 238  2.7 6 10.3  66   58  336 380 -433  0
3823500 2818500  7  5 13  21.4 1010 251  3.4 6 10.5  65   79  352 386 -436  0
3823500 2818500  7  5 14  22.3 1010 243  3.0 7 10.4  63   65  332 392 -442  0
3823500 2818500  7  5 15  23.0 1011 248  2.3 5 10.3  59  210  329 390 -451  0
3823500 2818500  7  5 16  22.7 1010 260  2.9 6 10.2  58  125  290 386 -458  0
3823500 2818500  7  5 17  22.0 1010 287  3.0 7  9.8  58    4  161 388 -458  0
3823500 2818500  7  5 18  21.5 1009 293  3.0 8  9.6  59    0   91 391 -453  0
3823500 2818500  7  5 19  19.8 1009 326  3.0 8  9.6  63    0   39 389 -444  0
3823500 2818500  7  5 20  19.1 1010 336  2.0 7  9.2  65    0   15 379 -434  0
3823500 2818500  7  5 21  18.0 1011 327  1.0 6  8.2  61    0    0 366 -423  0
3823500 2818500  7  5 22  15.8 1011 323  0.7 4  7.6  63    0    0 347 -415  0
3823500 2818500  7  5 23  15.0 1012 311  1.0 3  7.8  72    0    0 330 -409  0
3823500 2818500  7  5 24  13.7 1012 292  0.4 2  7.9  78    0    0 318 -405  0
3823500 2818500  7  6  1  13.2 1013 297  0.6 4  8.0  83    0    0 317 -398  0
3823500 2818500  7  6  2  11.3 1013 279  0.1 4  7.8  87    0    0 320 -390  0
3823500 2818500  7  6  3  11.0 1013 256  0.1 5  7.6  92    0    0 319 -384  0
3823500 2818500  7  6  4  10.7 1013 254  0.3 4  7.6  93    0    0 318 -381  0
3823500 2818500  7  6  5  10.1 1014 244  0.1 2  7.4  94    0   12 303 -380  0
3823500 2818500  7  6  6  11.9 1014 244  0.1 1  7.5  92   54   52 290 -381  0
3823500 2818500  7  6  7  14.5 1014 267  1.0 1  8.0  84  187   71 290 -387  0
3823500 2818500  7  6  8  16.6 1014 281  2.3 1  8.3  75  355   69 294 -396  0
3823500 2818500  7  6  9  17.9 1014 297  2.6 1  8.0  65  433  107 298 -408  0
3823500 2818500  7  6 10  19.6 1014 298  2.7 3  7.6  56  363  227 310 -419  0
3823500 2818500  7  6 11  18.8 1014 291  2.8 5  7.3  53   94  333 324 -427  0
3823500 2818500  7  6 12  19.3 1015 305  3.4 7  7.2  52   13  287 337 -438  0
3823500 2818500  7  6 13  19.6 1015 283  2.8 4  6.8  48  107  357 336 -445  0
3823500 2818500  7  6 14  21.3 1014 288  4.1 5  6.5  44  124  350 336 -445  0
3823500 2818500  7  6 15  21.2 1014 315  3.1 6  6.2  39  162  331 342 -446  0
3823500 2818500  7  6 16  21.1 1014 294  3.2 7  5.9  38  102  287 346 -449  0
3823500 2818500  7  6 17  21.0 1014 280  2.9 7  5.9  38  100  236 348 -449  0
3823500 2818500  7  6 18  21.3 1014 280  2.8 4  5.7  37  233  121 340 -443  0
3823500 2818500  7  6 19  20.5 1014 305  2.3 3  5.7  37  208   57 326 -434  0
3823500 2818500  7  6 20  18.9 1014 306  1.6 3  5.8  41   66   46 317 -424  0
3823500 2818500  7  6 21  17.5 1014 303  1.0 4  6.2  48    1    9 315 -414  0
3823500 2818500  7  6 22  15.8 1015 301  0.9 5  6.6  56    0    0 314 -405  0
3823500 2818500  7  6 23  12.9 1015 302  0.5 3  6.9  68    0    0 303 -398  0
3823500 2818500  7  6 24  11.6 1015 301  0.1 3  6.9  78    0    0 291 -392  0
3823500 2818500  7  7  1  10.2 1015 259  0.2 3  6.9  84    0    0 286 -387  0
3823500 2818500  7  7  2   9.6 1015 224  0.3 2  6.8  90    0    0 279 -383  0
3823500 2818500  7  7  3   9.0 1015 259  0.1 2  6.7  91    0    0 273 -380  0
3823500 2818500  7  7  4   8.2 1014 195  0.1 2  6.5  94    0    0 271 -379  0
3823500 2818500  7  7  5   8.1 1014  77  0.1 2  6.4  95    0   13 270 -378  0
3823500 2818500  7  7  6  11.1 1014 200  0.1 1  6.9  92   43   59 274 -381  0
3823500 2818500  7  7  7  14.3 1014 225  0.1 1  7.7  84  134  106 283 -388  0
3823500 2818500  7  7  8  16.7 1014 222  0.4 1  7.8  71  252  140 296 -398  0
3823500 2818500  7  7  9  18.2 1014 219  1.7 1  7.2  58  380  163 307 -406  0
3823500 2818500  7  7 10  19.5 1015 224  1.7 1  6.4  47  505  173 314 -414  0
3823500 2818500  7  7 11  20.7 1014 253  1.1 1  5.9  41  615  172 321 -422  0
3823500 2818500  7  7 12  22.1 1014 190  1.3 1  5.8  36  677  175 328 -428  0
3823500 2818500  7  7 13  22.6 1014 185  1.4 2  5.6  33  731  157 337 -433  0
3823500 2818500  7  7 14  23.7 1014 191  1.9 2  5.5  31  733  140 347 -438  0
3823500 2818500  7  7 15  24.6 1014 211  2.0 2  5.6  30  684  129 352 -448  0
3823500 2818500  7  7 16  25.1 1013 193  2.0 3  5.7  29  534  148 360 -456  0
3823500 2818500  7  7 17  25.3 1013 215  1.8 4  5.8  29  360  163 368 -454  0
3823500 2818500  7  7 18  25.0 1012 208  1.6 6  5.9  30  117  181 375 -444  0
3823500 2818500  7  7 19  24.5 1012 189  1.4 6  6.2  32   32  111 380 -439  0
3823500 2818500  7  7 20  22.6 1012 161  0.6 6  7.0  38   14   50 378 -434  0
3823500 2818500  7  7 21  20.5 1011 157  0.5 7  8.3  52    0    5 377 -431  0
3823500 2818500  7  7 22  19.5 1011 141  0.5 7  8.9  61    0    0 376 -428  0
3823500 2818500  7  7 23  18.8 1012 157  0.2 7  8.8  63    0    0 373 -425  0
3823500 2818500  7  7 24  18.9 1012 146  0.9 7  8.6  63    0    0 373 -425  0
3823500 2818500  7  8  1  18.5 1011 147  0.6 8  8.2  61    0    0 374 -425  0
3823500 2818500  7  8  2  17.2 1011 153  0.2 8  8.0  62    0    0 373 -423  0
3823500 2818500  7  8  3  16.1 1011 131  0.2 7  8.1  68    0    0 366 -422  0
3823500 2818500  7  8  4  15.9 1011 130  0.1 7  8.2  72    0    0 362 -420  0
3823500 2818500  7  8  5  16.1 1011 123  0.1 7  8.3  72    0    3 362 -418  0
3823500 2818500  7  8  6  18.0 1010 170  0.3 7  8.4  69    3   44 365 -417  0
3823500 2818500  7  8  7  19.7 1010 165  0.1 5  8.6  63   87  123 364 -420  0
3823500 2818500  7  8  8  21.9 1010 190  1.1 3  8.8  57  221  163 356 -430  0
3823500 2818500  7  8  9  24.8 1011 188  1.7 2  9.0  50  327  202 354 -445  0
3823500 2818500  7  8 10  26.5 1011 217  1.8 2  8.9  43  437  226 359 -463  0
3823500 2818500  7  8 11  27.8 1011 230  2.1 3  8.1  36  535  236 368 -482  0
3823500 2818500  7  8 12  28.7 1011 234  2.3 3  7.5  31  585  249 375 -501  0
3823500 2818500  7  8 13  29.6 1011 239  2.3 3  7.5  30  603  251 380 -517  0
3823500 2818500  7  8 14  30.0 1011 231  2.4 3  7.4  28  578  249 383 -527  0
3823500 2818500  7  8 15  30.0 1011 200  2.5 3  7.3  27  485  258 384 -528  0
3823500 2818500  7  8 16  30.5 1010 198  1.7 4  7.2  27  416  228 386 -527  0
3823500 2818500  7  8 17  29.9 1010 201  2.2 4  7.2  27  341  186 387 -524  0
3823500 2818500  7  8 18  29.4 1010 181  2.4 3  7.4  28  259  139 381 -515  0
3823500 2818500  7  8 19  29.3 1010 264  1.1 4  7.9  31  124  109 380 -502  0
3823500 2818500  7  8 20  27.2 1010 343  0.3 5  9.0  37   27   57 381 -490  0
3823500 2818500  7  8 21  24.3 1010 343  0.7 3 10.1  48    0    8 372 -478  0
3823500 2818500  7  8 22  22.1 1010  17  0.1 2 10.2  57    0    0 355 -466  0
3823500 2818500  7  8 23  21.9 1010  30  0.9 3 10.2  61    0    0 352 -455  0
3823500 2818500  7  8 24  20.4 1009  24  0.3 3 10.4  66    0    0 352 -447  0
3823500 2818500  7  9  1  18.7 1010  26  0.3 3 10.3  72    0    0 348 -440  0
3823500 2818500  7  9  2  17.3 1010  23  0.1 3 10.1  78    0    0 344 -433  0
3823500 2818500  7  9  3  17.0 1010  36  0.1 3 10.0  81    0    0 341 -429  0
3823500 2818500  7  9  4  17.5 1009  64  0.5 4 10.1  81    0    0 344 -426  0
3823500 2818500  7  9  5  17.0 1009  70  0.8 3 10.3  83    0    9 346 -425  0
3823500 2818500  7  9  6  19.6 1009 105  0.6 1 10.5  79   32   55 342 -426  0
3823500 2818500  7  9  7  21.7 1009 111  1.1 0 10.8  70  130   98 341 -433  0
3823500 2818500  7  9  8  24.5 1010 123  1.5 0 11.0  62  265  120 347 -446  0
3823500 2818500  7  9  9  27.1 1010 177  1.5 0 10.9  52  414  126 356 -464  0
3823500 2818500  7  9 10  29.0 1010 147  2.7 1 10.4  44  498  158 368 -485  0
3823500 2818500  7  9 11  30.8 1010 136  2.3 1  9.9  37  647  129 380 -506  0
3823500 2818500  7  9 12  32.3 1009 163  2.3 1  9.4  32  768   97 389 -527  0
3823500 2818500  7  9 13  33.1 1009 147  2.6 1  8.5  28  812   82 395 -545  0
3823500 2818500  7  9 14  33.4 1008 208  3.0 4  7.9  25  259  353 405 -560  0
3823500 2818500  7  9 15  33.3 1008 167  3.4 7  7.9  24    3  216 416 -570  0
3823500 2818500  7  9 16  33.0 1008   5  4.5 5  7.9  25  211  281 416 -573  0
3823500 2818500  7  9 17  32.8 1008 131  2.5 5  7.9  25  213  216 411 -567  0
3823500 2818500  7  9 18  32.5 1008 244  2.4 5  8.2  26  132  166 409 -555  0
3823500 2818500  7  9 19  31.2 1008 102  1.5 5  8.9  30   90  102 407 -538  0
3823500 2818500  7  9 20  28.7 1008 134  1.2 6 10.2  38   46   53 406 -518  0
3823500 2818500  7  9 21  25.8 1008 293  0.1 6 11.2  49    0    8 402 -504  0
3823500 2818500  7  9 22  24.5 1008 294  0.6 3 11.2  56    0    0 391 -493  0
3823500 2818500  7  9 23  22.7 1009 350  0.1 1 11.0  60    0    0 379 -483  0
3823500 2818500  7  9 24  21.0 1009 301  0.1 3 11.1  67    0    0 374 -476  0
3823500 2818500  7 10  1  21.1 1009 285  0.2 5 11.1  71    0    0 378 -472  0
3823500 2818500  7 10  2  19.5 1009 289  0.1 5 11.1  74    0    0 381 -468  0
3823500 2818500  7 10  3  18.9 1009 225  0.1 4 11.3  81    0    0 378 -463  0
3823500 2818500  7 10  4  19.3 1009 216  0.0 3 11.3  81    0    0 374 -458  0
3823500 2818500  7 10  5  18.5 1009 284  0.1 3 11.1  81    0    5 368 -454  0
3823500 2818500  7 10  6  20.0 1010 296  0.1 1 11.3  80   19   52 363 -453  0
3823500 2818500  7 10  7  23.1 1010 323  0.2 0 11.6  72   93  113 361 -455  0
3823500 2818500  7 10  8  25.7 1011 317  0.2 0 11.8  61  193  162 366 -460  0
3823500 2818500  7 10  9  27.8 1011 251  0.5 0 11.1  50  310  198 372 -471  0
3823500 2818500  7 10 10  29.5 1011 294  1.0 0 10.7  43  448  204 380 -486  0
3823500 2818500  7 10 11  30.9 1011 262  1.1 0 10.6  39  567  198 389 -503  0
3823500 2818500  7 10 12  32.1 1011 242  1.7 0 10.8  37  641  194 399 -522  0
3823500 2818500  7 10 13  32.9 1011 201  1.2 1 10.9  36  583  243 408 -536  0
3823500 2818500  7 10 14  33.1 1011 245  2.3 2 10.9  34  454  297 414 -540  0
3823500 2818500  7 10 15  33.5 1010 312  0.9 3 10.7  33  481  242 417 -537  0
3823500 2818500  7 10 16  34.1 1010  27  0.8 2 10.7  32  507  162 416 -535  0
3823500 2818500  7 10 17  33.4 1009 115  1.3 1 10.8  33  397  143 409 -536  0
3823500 2818500  7 10 18  32.6 1009 120  1.2 2 11.3  36  232  137 404 -531  0
3823500 2818500  7 10 19  31.6 1008 130  1.1 3 12.0  40   97  107 404 -521  0
3823500 2818500  7 10 20  30.1 1008  86  0.7 2 12.1  43   38   54 397 -509  0
3823500 2818500  7 10 21  28.6 1007  90  0.7 3 12.2  47    1   11 391 -496  0
3823500 2818500  7 10 22  28.3 1007  84  0.6 5 12.4  50    0    0 395 -485  0
3823500 2818500  7 10 23  28.3 1007  92  1.4 6 12.0  49    0    0 401 -478  0
3823500 2818500  7 10 24  24.5 1006 107  0.6 7 12.4  57    0    0 400 -472  0
3823500 2818500  7 11  1  24.0 1006  18  1.6 8 13.3  69    0    0 397 -467  0
3823500 2818500  7 11  2  21.5 1007 301  2.3 8 13.3  76    0    0 395 -462  0
3823500 2818500  7 11  3  20.9 1008 298  2.5 8 13.4  84    0    0 391 -459  0
3823500 2818500  7 11  4  20.2 1007 151  1.1 8 13.6  89    0    0 390 -456  0
3823500 2818500  7 11  5  20.2 1007 203  0.3 7 13.9  93    0    1 387 -454  0
3823500 2818500  7 11  6  20.5 1006 195  0.2 7 14.2  93    0   13 385 -453  0
3823500 2818500  7 11  7  20.9 1007 169  0.4 8 14.4  93    0   49 387 -457  0
3823500 2818500  7 11  8  21.6 1007 178  1.2 6 14.7  91   50  177 388 -466  0
3823500 2818500  7 11  9  22.3 1008 206  1.7 5 14.8  88  172  245 386 -481  0
3823500 2818500  7 11 10  24.6 1008 190  1.9 4 14.7  80  377  242 388 -501  0
3823500 2818500  7 11 11  26.2 1008 174  2.3 2 14.2  69  522  227 392 -523  0
3823500 2818500  7 11 12  27.8 1008 159  2.0 1 13.2  58  613  213 393 -544  0
3823500 2818500  7 11 13  29.6 1008 152  1.7 3 13.2  53  597  237 404 -561  0
3823500 2818500  7 11 14  29.6 1008 207  1.9 3 13.4  51  468  292 413 -568  0
3823500 2818500  7 11 15  30.1 1008 216  1.8 3 13.0  49  418  277 412 -567  0
3823500 2818500  7 11 16  31.2 1008 221  1.1 2 13.1  47  338  253 410 -556  0
3823500 2818500  7 11 17  31.2 1007 217  1.2 2 12.8  44  377  154 405 -540  0
3823500 2818500  7 11 18  31.6 1007 214  0.6 1 12.5  43  271  123 396 -527  0
3823500 2818500  7 11 19  30.9 1007 243  0.3 2 12.6  44  136   98 390 -510  0
3823500 2818500  7 11 20  28.7 1007 105  0.2 2 13.5  51   36   55 387 -495  0
3823500 2818500  7 11 21  26.2 1007  25  1.6 1 14.4  62    0    6 374 -481  0
3823500 2818500  7 11 22  24.1 1007  24  1.4 2 14.3  70    0    0 364 -470  0
3823500 2818500  7 11 23  22.9 1008 305  0.7 3 14.1  77    0    0 364 -462  0
3823500 2818500  7 11 24  22.1 1008 332  0.7 4 13.9  80    0    0 369 -456  0
3823500 2818500  7 12  1  21.7 1008 320  0.9 5 13.7  82    0    0 376 -452  0
3823500 2818500  7 12  2  20.4 1008 339  0.9 7 13.2  84    0    0 383 -450  0
3823500 2818500  7 12  3  19.3 1006   4  0.4 7 12.6  86    0    0 384 -448  0
3823500 2818500  7 12  4  19.2 1005 346  0.1 7 12.4  87    0    0 381 -444  0
3823500 2818500  7 12  5  18.8 1005  15  0.1 6 12.3  88    0    4 375 -440  0
3823500 2818500  7 12  6  19.8 1005 358  0.6 4 12.7  89    9   48 366 -439  0
3823500 2818500  7 12  7  21.9 1005  58  0.2 3 13.1  84   70  118 363 -442  0
3823500 2818500  7 12  8  23.8 1005  87  0.9 1 13.5  76  204  165 366 -448  0
3823500 2818500  7 12  9  26.6 1004 149  1.6 2 14.2  70  332  195 375 -457  0
3823500 2818500  7 12 10  28.3 1004 162  0.8 4 14.9  64  460  209 393 -475  0
3823500 2818500  7 12 11  28.8 1004 160  2.2 4 15.0  60  484  263 404 -494  0
3823500 2818500  7 12 12  26.6 1003 149  3.4 5 14.7  62  120  377 405 -509  0
3823500 2818500  7 12 13  21.7 1003 231  4.1 7 13.6  71    0   92 401 -517  0
3823500 2818500  7 12 14  21.9 1004 227  1.8 6 13.2  80   39  316 396 -500  0
3823500 2818500  7 12 15  22.9 1004 196  1.5 5 13.8  80  517  238 394 -476  0
3823500 2818500  7 12 16  25.8 1003 213  3.3 5 13.1  68  492  189 396 -472  0
3823500 2818500  7 12 17  26.0 1002 201  4.0 3 12.2  57  418  152 394 -476  0
3823500 2818500  7 12 18  25.7 1002 196  4.0 4 11.8  56  144  176 389 -476  0
3823500 2818500  7 12 19  25.5 1002 228  1.4 6 11.6  55    2   78 394 -473  0
3823500 2818500  7 12 20  23.5 1002 258  3.5 7 11.9  61    0   24 398 -469  0
3823500 2818500  7 12 21  22.6 1002 234  2.1 7 12.2  68    0    0 395 -456  0
3823500 2818500  7 12 22  21.7 1003 244  2.7 5 11.8  70    0    0 386 -440  0
3823500 2818500  7 12 23  20.9 1003 246  2.6 3 11.5  71    0    0 371 -430  0
3823500 2818500  7 12 24  19.5 1004 254  2.9 5 11.0  73    0    0 364 -426  0
3823500 2818500  7 13  1  17.9 1003 259  2.8 7 10.7  78    0    0 370 -424  0
3823500 2818500  7 13  2  16.7 1003 223  1.8 5 10.3  82    0    0 363 -419  0
3823500 2818500  7 13  3  17.1 1003 207  1.3 2  9.9  81    0    0 343 -413  0
3823500 2818500  7 13  4  15.4 1003 209  1.1 2  9.7  83    0    0 329 -408  0
3823500 2818500  7 13  5  14.9 1003 212  0.8 1  9.5  88    0    7 319 -404  0
3823500 2818500  7 13  6  17.8 1002 197  0.8 1  9.7  82    8   46 314 -403  0
3823500 2818500  7 13  7  18.7 1002 210  1.3 3 10.0  75   71  116 323 -408  0
3823500 2818500  7 13  8  19.8 1002 215  2.4 5 10.0  71   76  183 340 -418  0
3823500 2818500  7 13  9  21.0 1004 211  2.9 6 10.2  67  153  249 355 -433  0
3823500 2818500  7 13 10  22.5 1004 236  3.5 6  9.8  59  357  255 363 -453  0
3823500 2818500  7 13 11  23.5 1004 222  3.0 5  9.2  52  468  263 366 -474  0
3823500 2818500  7 13 12  24.5 1004 221  2.4 6  8.9  47  238  384 373 -494  0
3823500 2818500  7 13 13  25.7 1004 205  2.3 5  8.9  44  309  379 380 -510  0
3823500 2818500  7 13 14  27.1 1003 113  2.6 3  9.0  41  261  379 375 -512  0
3823500 2818500  7 13 15  27.3 1003 143  1.3 3  8.8  39  281  339 370 -498  0
3823500 2818500  7 13 16  27.3 1002 132  2.4 4  8.6  37  192  305 372 -495  0
3823500 2818500  7 13 17  25.7 1002 250  2.0 7  9.1  41    3  158 383 -501  0
3823500 2818500  7 13 18  25.5 1002 150  0.4 6  9.6  46    3  117 385 -491  0
3823500 2818500  7 13 19  25.7 1002 177  1.4 6  9.8  47   10   92 382 -479  0
3823500 2818500  7 13 20  24.5 1001 145  0.1 6 10.4  51   16   49 381 -466  0
3823500 2818500  7 13 21  22.1 1001 108  0.2 6 11.0  61    0    1 377 -451  0
3823500 2818500  7 13 22  21.4 1001 114  0.1 6 11.2  67    0    0 373 -441  0
3823500 2818500  7 13 23  20.6 1001 132  0.1 5 10.9  69    0    0 369 -436  0
3823500 2818500  7 13 24  20.5 1001 126  0.2 6 10.7  70    0    0 370 -434  0
3823500 2818500  7 14  1  20.3 1001 156  0.5 6 10.5  69    0    0 373 -433  0
3823500 2818500  7 14  2  20.1 1001 152  0.1 6 10.4  69    0    0 371 -430  0
3823500 2818500  7 14  3  19.0 1001 162  0.1 6 10.4  72    0    0 367 -427  0
3823500 2818500  7 14  4  18.0 1000 156  0.4 3 10.5  78    0    0 354 -427  0
3823500 2818500  7 14  5  18.0 1000 152  0.2 2 10.7  81    1    9 340 -429  0
3823500 2818500  7 14  6  19.6 1000 157  0.4 0 11.0  80   36   51 334 -430  0
3823500 2818500  7 14  7  22.0 1001 158  0.9 1 11.3  72  130   93 337 -434  0
3823500 2818500  7 14  8  24.1 1001 179  1.6 1 11.3  63  261  116 347 -441  0
3823500 2818500  7 14  9  26.0 1001 199  2.4 0 11.0  54  405  127 353 -452  0
3823500 2818500  7 14 10  27.4 1001 190  2.9 0 10.5  47  527  137 360 -470  0
3823500 2818500  7 14 11  27.8 1001 194  3.6 2 10.0  43  388  277 370 -490  0
3823500 2818500  7 14 12  28.8 1000 183  3.8 4  9.9  40  256  357 382 -508  0
3823500 2818500  7 14 13  29.0 1000 212  3.6 3  9.7  38  315  353 389 -521  0
3823500 2818500  7 14 14  30.0  999 158  3.1 3  9.4  36  464  275 390 -531  0
3823500 2818500  7 14 15  30.9  998 154  3.7 2  9.4  34  676  110 392 -533  0
3823500 2818500  7 14 16  31.8  997 169  4.0 1  9.2  32  586  101 391 -531  0
3823500 2818500  7 14 17  32.2  995 167  4.3 1  9.0  30  435  109 389 -530  0
3823500 2818500  7 14 18  30.8  995 132  4.3 3  8.9  30   43  159 389 -523  0
3823500 2818500  7 14 19  23.7  993 201  5.6 6  9.8  42    0   29 386 -512  0
3823500 2818500  7 14 20  19.9  996 223  2.3 7 11.9  71    0   13 382 -500  0
3823500 2818500  7 14 21  19.4  997 245  0.9 6 13.2  90    0    1 376 -487  0
3823500 2818500  7 14 22  19.9  996 197  2.6 6 13.3  91    0    0 372 -471  0
3823500 2818500  7 14 23  20.0  997 200  1.9 7 13.4  90    0    0 375 -451  0
3823500 2818500  7 14 24  19.7  998 209  2.0 6 13.2  89    0    0 372 -438  0
3823500 2818500  7 15  1  19.2  999 174  2.3 4 12.7  88    0    0 360 -434  0
3823500 2818500  7 15  2  18.9  999 194  3.0 3 12.3  87    0    0 348 -435  0
3823500 2818500  7 15  3  17.5  999 213  3.6 3 11.7  88    0    0 341 -435  0
3823500 2818500  7 15  4  17.0  999 181  2.6 2 11.1  89    0    0 334 -434  0
3823500 2818500  7 15  5  17.2  999 189  2.9 4 10.9  88    0    0 336 -427  0
3823500 2818500  7 15  6  17.9 1000 197  3.3 5 10.9  85    5   42 346 -421  0
3823500 2818500  7 15  7  18.4 1000 199  4.2 6 10.7  81   31  106 352 -420  0
3823500 2818500  7 15  8  19.1 1001 211  5.2 4 10.3  75  134  173 348 -426  0
3823500 2818500  7 15  9  20.5 1001 220  6.3 3  9.7  66  243  215 341 -434  0
3823500 2818500  7 15 10  21.4 1003 209  5.5 3  9.1  58  262  277 339 -444  0
3823500 2818500  7 15 11  21.8 1003 210  5.6 4  8.4  52  215  342 342 -456  0
3823500 2818500  7 15 12  21.5 1004 201  6.1 4  7.9  48  207  372 345 -467  0
3823500 2818500  7 15 13  22.2 1004 196  8.2 3  7.4  45  378  337 344 -476  0
3823500 2818500  7 15 14  23.5 1005 212  6.3 4  6.9  40  445  293 347 -482  0
3823500 2818500  7 15 15  23.7 1005 228  5.0 3  6.7  37  559  186 351 -487  0
3823500 2818500  7 15 16  23.7 1005 225  5.2 3  6.4  34  498  156 350 -489  0
3823500 2818500  7 15 17  23.6 1005 240  4.3 3  6.1  33  360  153 350 -488  0
3823500 2818500  7 15 18  23.2 1005 204  4.7 3  6.0  33  283  110 350 -484  0
3823500 2818500  7 15 19  22.8 1005 229  3.5 2  6.1  35  151   87 347 -475  0
3823500 2818500  7 15 20  21.6 1006 212  2.1 1  6.5  38   45   53 339 -465  0
3823500 2818500  7 15 21  19.4 1005 181  1.1 0  6.9  46    0    6 329 -452  0
3823500 2818500  7 15 22  15.2 1006 134  0.2 0  7.6  61    0    0 316 -439  0
3823500 2818500  7 15 23  14.9 1006 169  0.5 0  8.0  74    0    0 311 -429  0
3823500 2818500  7 15 24  14.4 1006 130  0.7 0  7.9  75    0    0 310 -422  0
3823500 2818500  7 16  1  14.4 1006 113  0.9 1  7.9  76    0    0 313 -418  0
3823500 2818500  7 16  2  14.5 1006 121  1.0 1  7.9  76    0    0 317 -415  0
3823500 2818500  7 16  3  14.5 1006 127  1.5 1  7.9  76    0    0 317 -411  0
3823500 2818500  7 16  4  13.9 1006 156  1.6 1  7.9  77    0    0 316 -409  0
3823500 2818500  7 16  5  14.0 1006 164  1.5 1  7.9  79    0    7 315 -409  0
3823500 2818500  7 16  6  15.4 1005 151  1.5 0  7.9  75   28   50 314 -410  0
3823500 2818500  7 16  7  17.8 1005 155  2.2 0  8.1  68  113  100 315 -414  0
3823500 2818500  7 16  8  20.8 1005 172  3.2 0  8.2  58  232  135 323 -426  0
3823500 2818500  7 16  9  23.5 1006 175  4.7 0  8.0  48  362  158 331 -442  0
3823500 2818500  7 16 10  24.7 1006 194  5.9 0  7.6  40  472  181 339 -460  0
3823500 2818500  7 16 11  25.7 1006 201  5.4 0  7.4  37  570  189 344 -476  0
3823500 2818500  7 16 12  26.9 1006 204  4.3 0  7.4  34  633  192 352 -489  0
3823500 2818500  7 16 13  27.6 1006 165  5.4 1  7.3  32  672  181 360 -501  0
3823500 2818500  7 16 14  28.0 1006 224  3.9 1  7.3  31  670  168 368 -509  0
3823500 2818500  7 16 15  28.6 1005 216  4.2 2  7.5  31  514  217 374 -512  0
3823500 2818500  7 16 16  28.6 1006 204  4.3 4  8.0  32  318  256 383 -512  0
3823500 2818500  7 16 17  28.6 1006 198  3.3 3  8.5  35  399  137 386 -508  0
3823500 2818500  7 16 18  28.8 1005 212  2.9 2  8.7  35  268  118 380 -500  0
3823500 2818500  7 16 19  27.2 1005 221  2.0 2  9.1  38  143   92 375 -491  0
3823500 2818500  7 16 20  26.4 1006 316  1.7 4  9.5  42   45   53 374 -476  0
3823500 2818500  7 16 21  24.5 1006 301  0.1 7 10.0  48    0    6 380 -456  0
3823500 2818500  7 16 22  19.8 1007 312  1.7 8 11.1  66    0    0 379 -445  0
3823500 2818500  7 16 23  17.7 1007 330  1.1 7 11.9  87    0    0 370 -441  0
3823500 2818500  7 16 24  17.8 1008 111  1.0 7 12.0  94    0    0 365 -437  0
3823500 2818500  7 17  1  16.8 1008  44  1.0 7 12.0  96    0    0 362 -434  0
3823500 2818500  7 17  2  16.2 1008 116  1.3 6 11.7  98    0    0 356 -431  0
3823500 2818500  7 17  3  16.1 1008 131  0.4 6 11.4  98    0    0 352 -429  0
3823500 2818500  7 17  4  16.4 1008 174  1.0 6 11.3  97    0    0 352 -427  0
3823500 2818500  7 17  5  16.4 1008 180  0.9 7 11.3  96    0    7 356 -424  0
3823500 2818500  7 17  6  16.9 1008 173  0.9 7 11.3  94    0   30 358 -420  0
3823500 2818500  7 17  7  17.3 1008 189  1.3 4 11.4  92   20   95 348 -422  0
3823500 2818500  7 17  8  18.6 1008 185  1.2 4 11.7  90  121  162 338 -430  0
3823500 2818500  7 17  9  19.5 1009 214  2.0 5 11.9  85   86  228 343 -438  0
3823500 2818500  7 17 10  20.2 1009 202  2.3 5 11.5  79  161  280 348 -449  0
3823500 2818500  7 17 11  21.6 1009 232  2.8 5 10.7  68  114  329 352 -461  0
3823500 2818500  7 17 12  21.3 1009 242  3.5 6 10.0  62  224  350 359 -471  0
3823500 2818500  7 17 13  22.1 1009 273  4.0 6  9.4  58   94  348 365 -479  0
3823500 2818500  7 17 14  21.5 1010 265  4.3 4  9.0  55  291  332 360 -483  0
3823500 2818500  7 17 15  21.8 1010 227  4.3 4  8.4  52  471  214 354 -485  0
3823500 2818500  7 17 16  22.5 1010 272  4.4 4  7.6  46  449  163 354 -483  0
3823500 2818500  7 17 17  22.2 1011 278  3.8 5  7.2  42  334  147 357 -469  0
3823500 2818500  7 17 18  21.4 1011 275  3.1 6  7.3  44   99  159 364 -456  0
3823500 2818500  7 17 19  20.7 1011 284  3.4 6  7.4  47    8   84 365 -450  0
3823500 2818500  7 17 20  20.0 1012 273  2.3 4  7.0  47   25   42 353 -441  0
3823500 2818500  7 17 21  17.6 1013 290  2.0 2  7.0  51    0    6 332 -432  0
3823500 2818500  7 17 22  15.7 1014 292  1.4 1  7.3  62    0    0 314 -422  0
3823500 2818500  7 17 23  13.6 1015 242  0.8 2  7.6  73    0    0 309 -411  0
3823500 2818500  7 17 24  12.4 1015 214  0.1 1  7.6  82    0    0 303 -404  0
3823500 2818500  7 18  1  11.8 1016 194  0.6 1  7.5  86    0    0 295 -398  0
3823500 2818500  7 18  2  11.5 1016 212  0.6 1  7.4  87    0    0 294 -393  0
3823500 2818500  7 18  3  11.8 1017 199  1.0 1  7.5  88    0    0 293 -389  0
3823500 2818500  7 18  4  11.0 1017 187  0.8 1  7.4  88    0    0 291 -386  0
3823500 2818500  7 18  5  11.0 1017 196  0.9 1  7.3  90    0    6 288 -383  0
3823500 2818500  7 18  6  12.6 1018 187  0.8 0  7.7  90   31   47 287 -383  0
3823500 2818500  7 18  7  15.4 1018 213  1.0 1  8.3  84  131   86 293 -389  0
3823500 2818500  7 18  8  17.0 1018 283  1.4 1  8.6  75  261  109 303 -402  0
3823500 2818500  7 18  9  18.7 1018 257  1.4 1  8.3  66  396  125 306 -421  0
3823500 2818500  7 18 10  19.7 1018 255  2.2 1  7.4  54  527  131 310 -441  0
3823500 2818500  7 18 11  20.8 1019 255  2.0 2  6.7  46  494  217 318 -459  0
3823500 2818500  7 18 12  21.7 1019 245  2.2 2  6.3  40  410  300 324 -476  0
3823500 2818500  7 18 13  22.0 1019 317  1.9 2  6.2  38  436  299 327 -486  0
3823500 2818500  7 18 14  22.1 1018 309  1.7 4  6.4  39  289  345 337 -490  0
3823500 2818500  7 18 15  23.2 1018 238  1.5 3  6.3  37  313  303 343 -493  0
3823500 2818500  7 18 16  22.8 1018  75  0.7 2  6.2  36  455  170 338 -501  0
3823500 2818500  7 18 17  23.1 1018 156  1.0 3  6.2  36  431  105 338 -503  0
3823500 2818500  7 18 18  23.0 1017 152  1.1 3  6.1  35  274  102 341 -489  0
3823500 2818500  7 18 19  22.7 1017 213  0.7 2  6.1  35  158   79 336 -473  0
3823500 2818500  7 18 20  21.2 1016 164  0.1 2  6.5  40   46   48 330 -460  0
3823500 2818500  7 18 21  17.1 1017 284  0.1 0  7.6  55    0    4 315 -446  0
3823500 2818500  7 18 22  14.9 1017  34  0.0 0  8.3  73    0    0 298 -434  0
3823500 2818500  7 18 23  13.5 1017 121  0.1 0  8.1  81    0    0 293 -425  0
3823500 2818500  7 18 24  12.4 1017 148  0.0 0  8.0  86    0    0 289 -419  0
3823500 2818500  7 19  1  12.1 1017  99  0.0 1  7.8  88    0    0 291 -413  0
3823500 2818500  7 19  2  11.8 1017  49  0.1 1  7.6  88    0    0 295 -409  0
3823500 2818500  7 19  3  11.0 1017  95  0.1 1  7.5  90    0    0 293 -405  0
3823500 2818500  7 19  4  10.7 1016 117  0.1 0  7.5  92    0    0 287 -402  0
3823500 2818500  7 19  5  10.3 1016 146  0.1 1  7.3  93    0    5 286 -399  0
3823500 2818500  7 19  6  13.0 1016  28  0.1 1  7.7  90   26   46 294 -398  0
3823500 2818500  7 19  7  17.4 1016  85  0.2 0  8.2  76  117   91 299 -403  0
3823500 2818500  7 19  8  19.7 1016 126  1.0 0  8.1  61  239  123 302 -415  0
3823500 2818500  7 19  9  21.8 1016 156  1.4 1  7.7  50  373  142 311 -435  0
3823500 2818500  7 19 10  24.0 1016 151  1.8 1  7.2  41  491  158 322 -459  0
3823500 2818500  7 19 11  25.0 1016 155  2.2 1  6.8  36  601  157 328 -484  0
3823500 2818500  7 19 12  25.4 1016 161  1.5 1  6.6  33  673  154 332 -506  0
3823500 2818500  7 19 13  26.6 1016 160  1.3 1  6.3  30  711  144 336 -521  0
3823500 2818500  7 19 14  26.9 1015 130  0.8 0  6.0  27  723  125 337 -527  0
3823500 2818500  7 19 15  27.4 1014 200  1.2 1  6.0  27  680  111 338 -532  0
3823500 2818500  7 19 16  27.6 1014 179  1.3 1  5.9  26  574  111 341 -535  0
3823500 2818500  7 19 17  27.7 1013 159  0.4 0  6.0  26  449  102 339 -527  0
3823500 2818500  7 19 18  27.5 1013 156  0.3 0  6.2  27  300   96 336 -517  0
3823500 2818500  7 19 19  27.3 1012  95  0.4 1  6.4  28  127   88 336 -504  0
3823500 2818500  7 19 20  24.3 1012  99  0.1 2  6.9  33   40   46 337 -488  0
3823500 2818500  7 19 21  20.1 1011  51  0.1 2  7.8  47    0    6 329 -473  0
3823500 2818500  7 19 22  17.7 1011 121  0.1 2  8.7  64    0    0 319 -461  0
3823500 2818500  7 19 23  16.8 1011  47  0.0 1  9.0  73    0    0 311 -452  0
3823500 2818500  7 19 24  16.2 1011 134  0.1 1  8.9  75    0    0 306 -445  0
3823500 2818500  7 20  1  15.2 1010 110  0.1 1  8.7  78    0    0 303 -439  0
3823500 2818500  7 20  2  15.2 1010 104  0.3 1  8.5  79    0    0 301 -434  0
3823500 2818500  7 20  3  16.5 1009 117  0.5 1  8.1  72    0    0 303 -430  0
3823500 2818500  7 20  4  15.8 1009 126  0.4 1  7.9  69    0    0 302 -425  0
3823500 2818500  7 20  5  16.4 1009 143  0.5 2  7.8  68    0    3 304 -421  0
3823500 2818500  7 20  6  17.5 1009 153  0.4 5  7.9  66   20   46 315 -419  0
3823500 2818500  7 20  7  19.8 1009 152  0.5 3  8.3  62   91  108 321 -422  0
3823500 2818500  7 20  8  22.1 1009 153  1.8 3  8.7  56  180  162 324 -433  0
3823500 2818500  7 20  9  24.3 1009 158  2.2 5  8.8  49  264  215 335 -450  0
3823500 2818500  7 20 10  25.8 1009 156  1.8 5  8.9  45  381  240 348 -474  0
3823500 2818500  7 20 11  27.7 1008 143  2.3 6  8.6  39  513  234 357 -500  0
3823500 2818500  7 20 12  28.5 1008 137  2.6 5  7.9  33  570  243 363 -528  0
3823500 2818500  7 20 13  29.1 1007 131  2.7 4  7.7  31  608  234 363 -550  0
3823500 2818500  7 20 14  29.7 1006 151  2.7 4  7.7  30  635  207 365 -562  0
3823500 2818500  7 20 15  29.7 1006  95  2.7 6  7.5  29  458  259 371 -566  0
3823500 2818500  7 20 16  29.5 1005  45  2.9 6  7.3  28  422  212 375 -560  0
3823500 2818500  7 20 17  29.3 1004  96  2.0 6  7.1  28  311  188 375 -552  0
3823500 2818500  7 20 18  29.3 1004 117  2.4 6  7.2  28  124  177 374 -541  0
3823500 2818500  7 20 19  28.1 1003 102  0.7 6  7.1  29   73  109 372 -527  0
3823500 2818500  7 20 20  26.3 1003 114  0.2 6  7.2  32   34   51 367 -514  0
3823500 2818500  7 20 21  24.3 1002 116  0.2 5  7.5  37    0    5 358 -502  0
3823500 2818500  7 20 22  22.5 1002 109  0.4 3  7.8  43    0    0 345 -489  0
3823500 2818500  7 20 23  21.9 1002 115  0.6 4  8.0  47    0    0 339 -479  0
3823500 2818500  7 20 24  21.2 1002 117  0.9 5  8.0  49    0    0 342 -472  0
3823500 2818500  7 21  1  21.3 1001 127  1.6 5  8.0  50    0    0 343 -468  0
3823500 2818500  7 21  2  20.0 1001 120  1.1 4  8.1  52    0    0 340 -464  0
3823500 2818500  7 21  3  19.4 1000 126  1.1 3  8.2  57    0    0 334 -460  0
3823500 2818500  7 21  4  19.1  999 150  1.7 4  8.3  59    0    0 331 -454  0
3823500 2818500  7 21  5  18.3  999 111  1.3 4  8.4  62    0    6 332 -446  0
3823500 2818500  7 21  6  18.9  998 117  0.9 4  8.7  64   27   44 331 -441  0
3823500 2818500  7 21  7  21.0  999 100  1.2 2  9.2  62  114   92 332 -441  0
3823500 2818500  7 21  8  23.6  999 141  1.7 2  9.3  54  227  129 336 -449  0
3823500 2818500  7 21  9  25.6  999 155  2.0 3  9.3  48  347  158 347 -463  0
3823500 2818500  7 21 10  27.5  999 161  1.9 4  9.4  42  413  204 360 -480  0
3823500 2818500  7 21 11  29.2  998 162  2.0 4  9.5  38  546  193 371 -499  0
3823500 2818500  7 21 12  30.2  998 202  2.2 5  9.1  34  569  220 381 -514  0
3823500 2818500  7 21 13  31.1  998 221  3.0 5  8.6  31  457  295 390 -527  0
3823500 2818500  7 21 14  30.9  998 255  3.2 3  8.9  31  578  212 391 -535  0
3823500 2818500  7 21 15  30.7  998 222  4.6 5  9.1  32  165  344 392 -536  0
3823500 2818500  7 21 16  28.5  999 241  4.1 8  8.8  33    0  153 398 -533  0
3823500 2818500  7 21 17  27.0  999 274  3.2 7  8.8  37    6  174 394 -525  0
3823500 2818500  7 21 18  25.8 1000 303  3.1 7  9.5  44    1  110 389 -513  0
3823500 2818500  7 21 19  24.6 1000 286  1.4 6 10.1  50    2   70 384 -498  0
3823500 2818500  7 21 20  23.7 1001 257  0.7 6 10.4  54    2   30 378 -482  0
3823500 2818500  7 21 21  22.8 1001 224  1.2 7 10.9  60    0    0 380 -468  0
3823500 2818500  7 21 22  20.0 1001 195  1.2 7 11.7  72    0    0 379 -458  0
3823500 2818500  7 21 23  19.5 1002 169  2.4 7 12.5  85    0    0 376 -452  0
3823500 2818500  7 21 24  19.2 1002 148  0.5 7 12.7  88    0    0 375 -444  0
3823500 2818500  7 22  1  19.4 1002 181  1.4 6 12.7  89    0    0 371 -434  0
3823500 2818500  7 22  2  19.3 1002 167  1.9 6 12.8  90    0    0 368 -427  0
3823500 2818500  7 22  3  19.3 1002 198  2.2 7 12.8  90    0    0 372 -424  0
3823500 2818500  7 22  4  19.3 1001 229  2.7 7 12.5  88    0    0 376 -425  0
3823500 2818500  7 22  5  18.8 1002 229  2.2 8 12.0  85    0    0 379 -423  0
3823500 2818500  7 22  6  18.8 1002 232  1.9 8 11.6  84    0    7 382 -421  0
3823500 2818500  7 22  7  18.5 1002 255  1.9 8 11.4  84    0   32 381 -423  0
3823500 2818500  7 22  8  18.8 1003 258  2.2 6 11.1  82  106  112 371 -432  0
3823500 2818500  7 22  9  19.8 1004 251  1.8 6 10.8  76  190  136 366 -445  0
3823500 2818500  7 22 10  20.5 1004 194  1.7 7 10.0  67   88  231 372 -460  0
3823500 2818500  7 22 11  20.4 1005 186  2.0 7  9.3  61   20  251 375 -476  0
3823500 2818500  7 22 12  20.4 1005 223  1.8 7  9.0  60    0  203 375 -492  0
3823500 2818500  7 22 13  20.5 1005 213  1.5 7  8.7  57    0  153 376 -501  0
3823500 2818500  7 22 14  20.3 1005 228  2.0 7  8.2  54    0  179 376 -502  0
3823500 2818500  7 22 15  19.8 1005 216  1.9 7  8.2  55    9  229 375 -507  0
3823500 2818500  7 22 16  20.7 1005 133  0.4 7  8.2  55   69  220 375 -504  0
3823500 2818500  7 22 17  20.9 1005 151  0.5 6  8.4  54   97  168 373 -492  0
3823500 2818500  7 22 18  20.3 1005 108  0.2 7  8.9  58   34  127 372 -482  0
3823500 2818500  7 22 19  20.6 1005 173  0.1 5  9.1  60  117   46 368 -470  0
3823500 2818500  7 22 20  19.7 1005 139  0.4 7  9.4  63   23   25 367 -459  0
3823500 2818500  7 22 21  17.9 1006 134  0.2 6  9.7  71    0    0 370 -449  0
3823500 2818500  7 22 22  16.6 1006 105  0.1 6  9.8  79    0    0 362 -441  0
3823500 2818500  7 22 23  16.0 1006 131  0.1 5  9.7  83    0    0 356 -437  0
3823500 2818500  7 22 24  14.9 1007  80  0.0 5  9.6  86    0    0 349 -434  0
3823500 2818500  7 23  1  15.2 1007 102  0.1 5  9.5  88    0    0 347 -430  0
3823500 2818500  7 23  2  14.0 1007 160  0.1 4  9.4  90    0    0 341 -426  0
3823500 2818500  7 23  3  13.1 1007 130  0.1 4  9.0  92    0    0 332 -422  0
3823500 2818500  7 23  4  13.4 1007 203  0.1 3  9.1  95    0    0 327 -418  0
3823500 2818500  7 23  5  12.0 1007 182  0.1 2  8.8  96    0    4 315 -413  0
3823500 2818500  7 23  6  12.4 1007 188  0.1 1  8.5  95   15   44 303 -410  0
3823500 2818500  7 23  7  15.6 1007 179  0.1 1  9.5  94   92  101 304 -409  0
3823500 2818500  7 23  8  17.2 1008 237  0.6 1 10.5  89  217  136 312 -411  0
3823500 2818500  7 23  9  19.5 1008 266  0.9 1 10.5  79  360  154 319 -417  0
3823500 2818500  7 23 10  22.1 1008 276  1.5 0  9.7  63  493  164 324 -429  0
3823500 2818500  7 23 11  22.9 1009 283  2.4 1  8.4  49  605  164 328 -444  0
3823500 2818500  7 23 12  23.5 1009 316  2.5 1  7.8  44  649  179 336 -461  0
3823500 2818500  7 23 13  24.0 1009  40  1.7 2  7.7  42  649  192 342 -473  0
3823500 2818500  7 23 14  24.6 1008 292  2.6 2  7.2  38  591  210 347 -481  0
3823500 2818500  7 23 15  25.0 1008 313  2.5 2  6.8  35  429  258 347 -481  0
3823500 2818500  7 23 16  25.1 1007 315  3.3 3  6.8  34  188  292 349 -473  0
3823500 2818500  7 23 17  24.7 1008 305  3.4 4  6.8  34  128  236 353 -469  0
3823500 2818500  7 23 18  23.9 1008 323  3.3 6  7.0  37    6  135 360 -459  0
3823500 2818500  7 23 19  22.7 1008 338  2.1 6  7.9  44    0   68 365 -444  0
3823500 2818500  7 23 20  20.2 1008 325  1.4 6  9.1  56    1   29 360 -429  0
3823500 2818500  7 23 21  19.5 1008 340  0.5 6  9.5  65    0    0 355 -416  0
3823500 2818500  7 23 22  18.5 1009 320  0.3 6  9.6  69    0    0 351 -406  0
3823500 2818500  7 23 23  17.9 1009 317  0.6 6  9.5  72    0    0 344 -399  0
3823500 2818500  7 23 24  16.9 1010 339  1.4 6  9.4  75    0    0 339 -393  0
3823500 2818500  7 24  1  16.7 1010 333  1.6 7  9.4  78    0    0 341 -388  0
3823500 2818500  7 24  2  16.5 1010 330  1.3 7  9.5  80    0    0 343 -383  0
3823500 2818500  7 24  3  15.4 1010 317  1.0 7  9.6  84    0    0 339 -379  0
3823500 2818500  7 24  4  14.6 1010 301  1.2 6  9.4  88    0    0 330 -375  0
3823500 2818500  7 24  5  14.5 1011 327  1.3 6  9.2  89    0    0 322 -371  0
3823500 2818500  7 24  6  14.7 1011 311  1.6 7  9.1  87    0   10 326 -370  0
3823500 2818500  7 24  7  14.9 1011 322  2.1 7  8.9  84    0   42 331 -374  0
3823500 2818500  7 24  8  15.9 1012 309  2.6 7  8.6  78    6  133 332 -385  0
3823500 2818500  7 24  9  16.7 1012 318  3.8 5  7.7  66  177  218 326 -401  0
3823500 2818500  7 24 10  17.6 1012 315  4.5 4  6.6  54  300  242 314 -419  0
3823500 2818500  7 24 11  17.7 1012 298  4.9 4  5.9  47  202  326 311 -437  0
3823500 2818500  7 24 12  18.3 1012 308  4.7 5  5.7  45   58  331 316 -453  0
3823500 2818500  7 24 13  18.4 1012 357  4.5 5  5.9  45   35  322 321 -468  0
3823500 2818500  7 24 14  19.4 1012 326  5.6 5  5.9  43  233  345 325 -478  0
3823500 2818500  7 24 15  19.7 1012 323  4.4 4  5.4  38  379  258 324 -482  0
3823500 2818500  7 24 16  19.6 1012 340  5.1 2  5.1  36  524  116 313 -484  0
3823500 2818500  7 24 17  19.8 1011 305  4.5 2  5.1  36  485   69 306 -480  0
3823500 2818500  7 24 18  18.9 1011 325  4.3 1  5.2  37  338   67 301 -467  0
3823500 2818500  7 24 19  18.3 1011 321  3.3 2  5.4  40  181   66 299 -452  0
3823500 2818500  7 24 20  17.0 1011 337  2.0 2  5.5  44   45   44 299 -437  0
3823500 2818500  7 24 21  15.0 1011 317  0.9 0  5.8  51    0    2 287 -422  0
3823500 2818500  7 24 22  13.7 1011 316  1.0 0  6.0  59    0    0 274 -411  0
3823500 2818500  7 24 23  10.8 1011 296  0.5 0  6.1  68    0    0 266 -402  0
3823500 2818500  7 24 24   9.1 1011 290  0.2 1  6.0  79    0    0 262 -396  0
3823500 2818500  7 25  1   8.0 1011 306  0.4 0  5.8  84    0    0 258 -390  0
3823500 2818500  7 25  2   7.5 1011 218  0.5 1  5.8  88    0    0 256 -385  0
3823500 2818500  7 25  3   7.0 1010 223  0.2 2  5.8  90    0    0 260 -382  0
3823500 2818500  7 25  4   6.3 1010 168  0.5 2  5.7  93    0    0 261 -379  0
3823500 2818500  7 25  5   7.3 1010 173  0.3 3  5.6  91    0    0 265 -376  0
3823500 2818500  7 25  6   9.8 1010 199  0.5 4  5.9  85    0   22 275 -376  0
3823500 2818500  7 25  7  12.3 1009 202  1.0 4  6.6  80   31   99 286 -381  0
3823500 2818500  7 25  8  14.6 1009 201  1.6 5  7.0  72   97  170 298 -392  0
3823500 2818500  7 25  9  16.2 1009 204  1.7 6  7.1  65  124  239 312 -407  0
3823500 2818500  7 25 10  17.4 1008 239  1.8 8  7.0  58   68  294 328 -424  0
3823500 2818500  7 25 11  18.7 1008 235  2.1 6  6.5  50  140  341 334 -441  0
3823500 2818500  7 25 12  19.8 1007 220  2.9 6  6.3  45  305  341 335 -456  0
3823500 2818500  7 25 13  20.4 1007 249  2.1 5  6.4  44  332  342 339 -467  0
3823500 2818500  7 25 14  21.2 1006 255  2.3 4  6.7  44  232  357 338 -475  0
3823500 2818500  7 25 15  21.3 1006 252  2.2 5  7.2  45   93  323 343 -478  0
3823500 2818500  7 25 16  21.4 1006 274  1.4 4  7.5  47  112  285 345 -475  0
3823500 2818500  7 25 17  20.5 1006 257  1.8 5  7.7  49   47  219 344 -471  0
3823500 2818500  7 25 18  19.7 1005 299  2.0 7  8.6  58   27  154 350 -466  0
3823500 2818500  7 25 19  18.8 1005 233  1.9 8  9.7  69    8   82 357 -455  0
3823500 2818500  7 25 20  18.2 1005 260  1.7 8 10.0  74    0   21 358 -441  0
3823500 2818500  7 25 21  17.6 1005 245  0.9 8 10.1  78    0    0 356 -429  0
3823500 2818500  7 25 22  17.1 1005 235  1.3 8 10.2  81    0    0 356 -421  0
3823500 2818500  7 25 23  16.4 1005 246  1.1 7 10.1  84    0    0 352 -418  0
3823500 2818500  7 25 24  16.4 1005 234  1.1 7 10.1  86    0    0 349 -414  0
3823500 2818500  7 26  1  16.5 1005 241  1.3 7 10.3  87    0    0 350 -408  0
3823500 2818500  7 26  2  16.4 1005 228  1.2 7 10.4  88    0    0 352 -405  0
3823500 2818500  7 26  3  16.3 1005 241  1.2 7 10.5  89    0    0 354 -405  0
3823500 2818500  7 26  4  16.3 1004 228  1.3 7 10.5  90    0    0 357 -405  0
3823500 2818500  7 26  5  16.0 1004 224  1.4 6 10.6  91    0    0 355 -405  0
3823500 2818500  7 26  6  16.1 1004 227  1.3 7 10.6  92    0   26 355 -405  0
3823500 2818500  7 26  7  16.6 1004 244  0.8 6 10.7  90    8   92 357 -404  0
3823500 2818500  7 26  8  17.4 1004 253  1.1 8 10.7  87    1  120 364 -405  0
3823500 2818500  7 26  9  17.8 1004 252  1.0 7 10.5  82    1  167 371 -410  0
3823500 2818500  7 26 10  17.5 1003 244  1.4 5 10.4  82    6  238 363 -418  0
3823500 2818500  7 26 11  17.6 1003 241  1.4 6 10.6  83    0  171 362 -424  0
3823500 2818500  7 26 12  16.8 1003 246  2.3 5 10.6  85   26  329 362 -424  0
3823500 2818500  7 26 13  17.1 1003 242  1.8 6 10.5  86   20  322 362 -423  0
3823500 2818500  7 26 14  17.0 1003 333  2.0 7 10.7  87    0  226 370 -427  0
3823500 2818500  7 26 15  17.0 1003 308  1.9 8 11.1  90    0  110 377 -437  0
3823500 2818500  7 26 16  16.9 1003 286  2.0 7 11.1  91    0  136 376 -436  0
3823500 2818500  7 26 17  16.3 1003 302  2.4 5 10.9  91   25  221 361 -432  0
3823500 2818500  7 26 18  16.2 1003 347  1.0 5 10.7  91   47  182 351 -432  0
3823500 2818500  7 26 19  16.5 1003 348  1.1 7 10.5  89    4   81 357 -433  0
3823500 2818500  7 26 20  16.3 1004 349  1.1 6 10.4  88   12   42 359 -431  0
3823500 2818500  7 26 21  15.6 1004 286  0.1 5 10.4  90    0    0 349 -424  0
3823500 2818500  7 26 22  15.5 1005 310  1.1 6 10.3  92    0    0 345 -415  0
3823500 2818500  7 26 23  15.3 1005 305  0.6 6 10.3  94    0    0 347 -408  0
3823500 2818500  7 26 24  15.0 1005 309  0.2 4 10.3  95    0    0 337 -401  0
3823500 2818500  7 27  1  14.4 1006 281  0.4 7 10.0  95    0    0 338 -393  0
3823500 2818500  7 27  2  14.6 1006 315  0.3 7 10.0  96    0    0 350 -387  0
3823500 2818500  7 27  3  14.7 1006 299  0.8 7 10.1  96    0    0 352 -383  0
3823500 2818500  7 27  4  14.4 1006 310  1.3 8 10.0  96    0    0 356 -380  0
3823500 2818500  7 27  5  14.2 1006 317  0.5 7  9.9  96    0    0 353 -378  0
3823500 2818500  7 27  6  14.3 1007 260  0.7 8  9.9  97    0   11 352 -378  0
3823500 2818500  7 27  7  14.3 1007 268  0.9 6  9.9  96    1   70 347 -383  0
3823500 2818500  7 27  8  14.4 1008 268  1.1 5 10.0  97    7  142 334 -394  0
3823500 2818500  7 27  9  15.5 1008 306  0.5 7 10.4  97   30  227 342 -410  0
3823500 2818500  7 27 10  16.7 1009 266  0.7 6 10.6  92  133  302 351 -426  0
3823500 2818500  7 27 11  18.7 1009 206  0.4 4 10.3  81  138  344 345 -441  0
3823500 2818500  7 27 12  20.6 1009 255  0.8 3 10.0  69  201  371 341 -456  0
3823500 2818500  7 27 13  20.4 1009 281  0.7 3  9.9  65  297  359 341 -470  0
3823500 2818500  7 27 14  20.7 1009 230  1.4 6  9.7  64  141  368 355 -474  0
3823500 2818500  7 27 15  21.6 1008 277  0.9 6  9.4  60   72  320 370 -464  0
3823500 2818500  7 27 16  21.9 1008 269  1.8 5  9.2  56  215  280 369 -454  0
3823500 2818500  7 27 17  22.3 1009 264  1.0 6  9.0  54   92  232 370 -450  0
3823500 2818500  7 27 18  22.1 1009 252  2.1 5  8.8  52  129  158 371 -442  0
3823500 2818500  7 27 19  20.8 1008 271  2.1 5  9.0  56   76   96 367 -437  0
3823500 2818500  7 27 20  19.8 1008 271  0.9 6  9.4  63    2   31 370 -434  0
3823500 2818500  7 27 21  18.4 1008 238  1.0 8  9.8  71    0    0 379 -429  0
3823500 2818500  7 27 22  17.2 1008 206  0.4 8 10.1  78    0    0 383 -425  0
3823500 2818500  7 27 23  16.6 1008 194  0.1 8 10.1  83    0    0 380 -423  0
3823500 2818500  7 27 24  16.5 1008 183  1.5 7 10.1  85    0    0 376 -422  0
3823500 2818500  7 28  1  17.3 1008 194  1.4 8 10.1  84    0    0 378 -421  0
3823500 2818500  7 28  2  17.2 1008 180  1.0 8 10.2  82    0    0 386 -418  0
3823500 2818500  7 28  3  17.1 1007 181  1.7 8 10.4  84    0    0 387 -415  0
3823500 2818500  7 28  4  16.8 1006 182  1.6 8 10.6  87    0    0 389 -413  0
3823500 2818500  7 28  5  16.5 1006 184  1.6 8 11.0  91    0    0 390 -412  0
3823500 2818500  7 28  6  16.8 1005 204  1.5 8 11.3  94    0   11 391 -411  0
3823500 2818500  7 28  7  16.5 1005 265  1.4 8 11.4  95    0   33 392 -412  0
3823500 2818500  7 28  8  16.5 1005 310  0.6 6 11.3  95    5  135 380 -413  0
3823500 2818500  7 28  9  16.7 1005 290  1.8 7 11.3  94    0  163 374 -414  0
3823500 2818500  7 28 10  17.7 1006 296  2.2 6 11.0  89   69  309 376 -416  0
3823500 2818500  7 28 11  19.1 1006 307  2.1 6 10.7  80  150  368 372 -421  0
3823500 2818500  7 28 12  20.1 1006 307  2.1 6 10.6  74  150  396 378 -424  0
3823500 2818500  7 28 13  21.5 1006 282  2.1 6 10.2  66   79  378 383 -425  0
3823500 2818500  7 28 14  21.9 1006 288  3.3 4  9.8  60  327  367 379 -425  0
3823500 2818500  7 28 15  22.9 1006 299  4.8 3  8.9  52  352  319 372 -425  0
3823500 2818500  7 28 16  22.3 1005 281  3.6 3  8.4  48  324  269 368 -429  0
3823500 2818500  7 28 17  22.7 1005 260  4.6 2  8.4  49  312  195 361 -434  0
3823500 2818500  7 28 18  21.9 1005 296  2.8 3  8.2  48  185  159 356 -429  0
3823500 2818500  7 28 19  21.0 1005 327  1.4 4  8.1  50   89  105 356 -421  0
3823500 2818500  7 28 20  19.6 1003 314  1.0 6  8.5  56   15   40 362 -415  0
3823500 2818500  7 28 21  17.6 1004 323  0.6 5  9.2  68    0    0 361 -410  0
3823500 2818500  7 28 22  16.7 1004 302  0.0 6  9.7  78    0    0 356 -405  0
3823500 2818500  7 28 23  15.9 1004 304  0.2 7  9.9  84    0    0 361 -403  0
3823500 2818500  7 28 24  15.9 1004 309  1.0 7  9.9  87    0    0 363 -401  0
3823500 2818500  7 29  1  14.8 1004 306  0.0 6  9.9  90    0    0 356 -401  0
3823500 2818500  7 29  2  14.5 1003 298  0.5 6  9.8  92    0    0 349 -399  0
3823500 2818500  7 29  3  13.6 1003 272  0.1 6  9.4  93    0    0 348 -397  0
3823500 2818500  7 29  4  14.0 1003 273  0.2 7  9.5  95    0    0 353 -397  0
3823500 2818500  7 29  5  13.9 1002 277  0.4 7  9.6  96    0    0 360 -397  0
3823500 2818500  7 29  6  14.0 1002 258  0.7 8  9.6  95    0    8 364 -399  0
3823500 2818500  7 29  7  14.2 1002 270  1.2 8  9.6  94    0   28 368 -402  0
3823500 2818500  7 29  8  14.8 1002 291  1.4 7  9.7  93    0   75 363 -404  0
3823500 2818500  7 29  9  15.6 1002 284  2.0 8  9.8  90    7  190 364 -406  0
3823500 2818500  7 29 10  16.8 1002 305  2.2 6  9.6  82  123  292 361 -415  0
3823500 2818500  7 29 11  16.9 1002 285  1.6 5  9.3  76  158  332 351 -427  0
3823500 2818500  7 29 12  17.0 1002 290  2.4 6  9.3  76   20  294 353 -438  0
3823500 2818500  7 29 13  16.7 1002 285  2.1 6  9.4  77   24  309 357 -443  0
3823500 2818500  7 29 14  17.3 1002 287  3.0 5  9.4  77   41  318 353 -441  0
3823500 2818500  7 29 15  17.4 1002 301  2.6 7  9.4  75    9  248 356 -444  0
3823500 2818500  7 29 16  16.9 1002 268  2.5 6  9.6  78    5  205 358 -445  0
3823500 2818500  7 29 17  16.2 1002 271  2.4 6  9.6  81   27  206 353 -434  0
3823500 2818500  7 29 18  15.6 1002 278  1.5 6  9.4  82    4  122 351 -427  0
3823500 2818500  7 29 19  14.9 1002 252  1.2 8  9.5  87   13   88 357 -422  0
3823500 2818500  7 29 20  14.5 1003 234  0.9 7  9.6  90    2   27 359 -416  0
3823500 2818500  7 29 21  14.4 1003 248  1.5 6  9.5  91    0    0 350 -413  0
3823500 2818500  7 29 22  14.5 1003 260  2.1 7  9.4  91    0    0 350 -410  0
3823500 2818500  7 29 23  14.4 1003 276  0.3 7  9.5  92    0    0 354 -408  0
3823500 2818500  7 29 24  14.4 1003 263  0.9 7  9.5  92    0    0 354 -406  0
3823500 2818500  7 30  1  14.2 1003 261  1.0 7  9.5  92    0    0 354 -404  0
3823500 2818500  7 30  2  13.9 1003 252  1.3 7  9.4  93    0    0 353 -402  0
3823500 2818500  7 30  3  14.0 1003 252  1.3 7  9.4  93    0    0 353 -397  0
3823500 2818500  7 30  4  14.0 1003 236  0.9 7  9.4  93    0    0 354 -394  0
3823500 2818500  7 30  5  14.0 1004 244  0.7 7  9.4  93    0    0 353 -393  0
3823500 2818500  7 30  6  14.1 1004 240  1.5 7  9.4  93    0   25 353 -394  0
3823500 2818500  7 30  7  14.9 1004 247  1.3 6  9.5  91   19   91 350 -397  0
3823500 2818500  7 30  8  15.8 1005 252  1.8 5  9.5  86   99  160 344 -402  0
3823500 2818500  7 30  9  16.7 1005 264  2.1 4  9.3  80  169  214 339 -407  0
3823500 2818500  7 30 10  17.8 1005 261  2.4 4  8.8  71  196  271 338 -411  0
3823500 2818500  7 30 11  18.3 1005 257  3.4 3  8.4  64  251  303 337 -414  0
3823500 2818500  7 30 12  19.5 1005 248  3.4 3  8.1  59  179  348 336 -425  0
3823500 2818500  7 30 13  20.4 1005 264  3.5 4  8.0  55  101  349 346 -433  0
3823500 2818500  7 30 14  20.1 1005 248  3.5 3  7.9  53  205  342 348 -437  0
3823500 2818500  7 30 15  21.6 1006 298  4.2 3  7.8  50  350  261 346 -448  0
3823500 2818500  7 30 16  21.2 1006 315  4.2 3  7.5  47  399  177 345 -458  0
3823500 2818500  7 30 17  21.9 1006 297  3.5 1  7.2  44  449   92 335 -463  0
3823500 2818500  7 30 18  21.7 1007 283  2.6 1  7.2  44  322   64 325 -461  0
3823500 2818500  7 30 19  21.4 1006 319  2.0 1  7.3  45  155   64 322 -452  0
3823500 2818500  7 30 20  19.1 1006  23  0.3 1  7.9  53   29   36 316 -439  0
3823500 2818500  7 30 21  16.1 1006 202  0.3 1  8.5  67    0    0 307 -426  0
3823500 2818500  7 30 22  14.5 1006 265  0.3 1  8.5  78    0    0 300 -416  0
3823500 2818500  7 30 23  13.6 1006   9  0.7 0  8.4  83    0    0 292 -409  0
3823500 2818500  7 30 24  14.7 1006 131  1.3 0  8.2  80    0    0 289 -403  0
3823500 2818500  7 31  1  15.2 1006 153  1.9 1  8.1  75    0    0 295 -399  0
3823500 2818500  7 31  2  15.7 1006 158  1.6 2  8.1  73    0    0 302 -396  0
3823500 2818500  7 31  3  14.9 1006 166  2.1 5  8.2  75    0    0 315 -396  0
3823500 2818500  7 31  4  15.1 1005 163  1.8 7  8.2  77    0    0 332 -397  0
3823500 2818500  7 31  5  15.3 1005 168  1.6 7  8.3  76    0    0 342 -396  0
3823500 2818500  7 31  6  15.6 1005 164  1.7 7  8.4  76    0   28 345 -397  0
3823500 2818500  7 31  7  16.6 1005 186  1.9 7  8.5  73    0   60 348 -400  0
3823500 2818500  7 31  8  17.8 1005 207  2.1 7  8.6  70    3  131 353 -406  0
3823500 2818500  7 31  9  19.0 1005 211  3.2 7  8.6  64    7  192 358 -417  0
3823500 2818500  7 31 10  19.6 1005 205  3.2 6  8.6  61   27  276 360 -432  0
3823500 2818500  7 31 11  20.1 1005 187  3.4 7  8.7  59   24  297 364 -444  0
3823500 2818500  7 31 12  20.0 1005 187  3.9 7  8.7  59    0  215 371 -449  0
3823500 2818500  7 31 13  22.2 1005 199  4.2 6  8.9  56   48  353 373 -453  0
3823500 2818500  7 31 14  22.7 1006 196  3.4 6  8.9  52  140  386 376 -462  0
3823500 2818500  7 31 15  23.8 1005 214  4.3 7  8.9  49  138  354 383 -475  0
3823500 2818500  7 31 16  23.6 1005 219  3.3 8  8.7  47   39  269 391 -477  0
3823500 2818500  7 31 17  23.6 1005 214  3.0 7  8.5  46   22  208 389 -474  0
3823500 2818500  7 31 18  22.4 1005 198  2.1 8  8.6  49   12  146 388 -472  0
3823500 2818500  7 31 19  21.3 1005 259  2.7 6  9.4  57    2   73 381 -465  0
3823500 2818500  7 31 20  20.4 1005 188  0.8 6 10.3  66   19   41 371 -454  0
3823500 2818500  7 31 21  20.1 1004 191  1.1 6 10.7  71    0    0 370 -442  0
3823500 2818500  7 31 22  19.3 1004 187  0.7 7 10.8  74    0    0 372 -435  0
3823500 2818500  7 31 23  19.0 1004 182  1.5 7 10.8  77    0    0 376 -430  0
3823500 2818500  7 31 24  18.2 1004 176  1.5 7 10.9  80    0    0 373 -427  0
3823500 2818500  8  1  1  18.1 1004 181  1.4 8 10.9  83    0    0 377 -425  0
3823500 2818500  8  1  2  18.0 1004 176  1.4 8 10.8  82    0    0 378 -424  0
3823500 2818500  8  1  3  17.3 1004 157  1.0 7 10.7  83    0    0 371 -423  0
3823500 2818500  8  1  4  17.3 1003 200  0.9 6 10.6  85    0    0 361 -422  0
3823500 2818500  8  1  5  17.1 1003 198  1.4 7 10.6  85    0    0 361 -420  0
3823500 2818500  8  1  6  17.4 1003 215  1.4 6 10.6  85    1   24 359 -419  0
3823500 2818500  8  1  7  18.3 1004 207  1.8 7 10.8  83   20   85 359 -420  0
3823500 2818500  8  1  8  18.9 1004 212  2.1 6 10.9  80   33  158 359 -422  0
3823500 2818500  8  1  9  20.1 1004 243  2.4 6 11.0  76   59  232 358 -427  0
3823500 2818500  8  1 10  20.3 1004 243  2.8 6 11.0  73  104  299 361 -434  0
3823500 2818500  8  1 11  21.4 1005 236  2.5 8 10.9  70   31  298 372 -444  0
3823500 2818500  8  1 12  22.2 1005 250  2.7 8 10.9  66    7  262 385 -457  0
3823500 2818500  8  1 13  22.5 1005 262  2.6 6 10.8  63   51  342 382 -468  0
3823500 2818500  8  1 14  22.7 1005 267  2.7 4 10.7  62  223  361 374 -483  0
3823500 2818500  8  1 15  23.3 1005 273  3.3 5 10.7  60  195  332 374 -483  0
3823500 2818500  8  1 16  23.2 1005 290  2.6 5 10.7  59  135  286 378 -472  0
3823500 2818500  8  1 17  23.2 1005 263  1.7 7 10.7  60   62  220 383 -467  0
3823500 2818500  8  1 18  22.6 1004 323  3.6 7 10.6  60   11  131 386 -464  0
3823500 2818500  8  1 19  21.9 1005 290  1.3 8 10.5  62    7   72 385 -455  0
3823500 2818500  8  1 20  20.8 1005 299  0.7 8 10.4  65    1   19 384 -444  0
3823500 2818500  8  1 21  20.2 1004 266  0.9 8 10.5  69    0    0 382 -438  0
3823500 2818500  8  1 22  18.9 1005 277  1.8 8 10.3  72    0    0 378 -433  0
3823500 2818500  8  1 23  17.8 1005 283  1.5 7 10.0  75    0    0 372 -429  0
3823500 2818500  8  1 24  17.5 1005 248  1.2 7  9.9  78    0    0 367 -426  0
3823500 2818500  8  2  1  16.2 1006 275  1.1 6  9.9  81    0    0 362 -424  0
3823500 2818500  8  2  2  15.1 1005 233  1.0 4  9.5  85    0    0 349 -421  0
3823500 2818500  8  2  3  14.6 1006 234  1.1 2  9.4  88    0    0 334 -416  0
3823500 2818500  8  2  4  14.1 1006 241  0.9 3  9.3  90    0    0 327 -410  0
3823500 2818500  8  2  5  13.8 1006 245  0.4 5  9.3  92    0    0 335 -407  0
3823500 2818500  8  2  6  14.8 1006 229  0.7 7  9.5  93    0   20 351 -406  0
3823500 2818500  8  2  7  15.4 1006 221  0.8 7 10.0  92    0   37 361 -408  0
3823500 2818500  8  2  8  16.2 1006 229  0.8 7 10.3  91    0   73 365 -417  0
3823500 2818500  8  2  9  16.5 1006 243  1.4 8 10.5  89    0  118 372 -429  0
3823500 2818500  8  2 10  16.9 1007 228  1.7 7 10.4  87    0  115 374 -443  0
3823500 2818500  8  2 11  16.3 1007 219  2.3 8 10.3  87    0  105 376 -456  0
3823500 2818500  8  2 12  16.9 1007 227  1.4 8 10.2  86    0  116 380 -466  0
3823500 2818500  8  2 13  17.4 1007 199  1.1 8 10.2  82    0  136 385 -474  0
3823500 2818500  8  2 14  18.0 1006 242  1.2 8 10.2  80    0  193 389 -476  0
3823500 2818500  8  2 15  18.5 1006 232  1.2 7 10.2  77   34  297 387 -472  0
3823500 2818500  8  2 16  18.4 1006 187  0.9 7 10.2  76   24  243 382 -469  0
3823500 2818500  8  2 17  17.6 1006 301  1.4 5 10.2  78   79  230 373 -464  0
3823500 2818500  8  2 18  16.6 1006 327  1.4 4 10.1  82  158  148 358 -455  0
3823500 2818500  8  2 19  16.4 1006 315  1.3 8 10.2  86   69   91 365 -448  0
3823500 2818500  8  2 20  15.4 1006 308  0.5 8 10.3  90   11   25 376 -439  0
3823500 2818500  8  2 21  15.1 1006 274  0.4 8 10.2  93    0    0 374 -431  0
3823500 2818500  8  2 22  15.0 1006 260  0.4 8 10.1  93    0    0 374 -425  0
3823500 2818500  8  2 23  14.4 1006 259  0.3 7 10.0  94    0    0 370 -418  0
3823500 2818500  8  2 24  14.4 1006 262  0.3 7  9.9  95    0    0 365 -413  0
3823500 2818500  8  3  1  14.1 1006 235  0.2 7  9.8  96    0    0 364 -410  0
3823500 2818500  8  3  2  14.2 1006 276  0.1 7  9.8  96    0    0 363 -410  0
3823500 2818500  8  3  3  14.0 1006 265  0.4 7  9.9  97    0    0 362 -410  0
3823500 2818500  8  3  4  14.1 1006 255  0.9 8  9.9  98    0    0 365 -407  0
3823500 2818500  8  3  5  14.0 1006 318  0.8 7  9.8  97    0    0 364 -401  0
3823500 2818500  8  3  6  13.8 1006 278  0.8 6  9.7  97    1   21 355 -397  0
3823500 2818500  8  3  7  14.6 1006 284  1.1 6  9.8  96   35   81 349 -399  0
3823500 2818500  8  3  8  15.2 1006 273  1.5 5 10.1  94  137  129 344 -408  0
3823500 2818500  8  3  9  16.4 1007 288  1.7 4 10.1  89  232  169 338 -423  0
3823500 2818500  8  3 10  17.9 1006 278  1.9 4  9.8  79  358  181 338 -441  0
3823500 2818500  8  3 11  18.4 1006 282  2.2 4  9.6  73  277  275 342 -460  0
3823500 2818500  8  3 12  18.4 1006 285  3.9 4  9.7  73  257  313 345 -476  0
3823500 2818500  8  3 13  17.1 1006 209  1.6 7  9.8  76   32  302 353 -488  0
3823500 2818500  8  3 14  19.2 1006 293  4.4 8  9.3  71    3  233 365 -497  0
3823500 2818500  8  3 15  19.1 1006 254  3.3 7  9.1  65   21  253 368 -494  0
3823500 2818500  8  3 16  18.1 1006 309  3.7 7  9.6  71    7  195 363 -485  0
3823500 2818500  8  3 17  19.1 1005 302  3.0 7  9.7  72   41  196 362 -473  0
3823500 2818500  8  3 18  18.7 1005 331  1.6 7  9.6  70   47  139 361 -457  0
3823500 2818500  8  3 19  19.4 1005 312  1.7 6  9.3  67    8   70 355 -451  0
3823500 2818500  8  3 20  17.4 1005 281  1.3 5  9.1  68   14   19 342 -444  0
3823500 2818500  8  3 21  14.7 1006 231  0.7 1  9.3  81    0    0 315 -435  0
3823500 2818500  8  3 22  13.1 1006 226  0.7 0  9.1  91    0    0 288 -429  0
3823500 2818500  8  3 23  12.9 1006 149  0.2 1  9.0  96    0    0 285 -424  0
3823500 2818500  8  3 24  12.9 1005 143  0.4 2  9.0  96    0    0 293 -420  0
3823500 2818500  8  4  1  12.5 1005 153  0.8 3  8.8  95    0    0 301 -416  0
3823500 2818500  8  4  2  13.4 1004 164  1.0 4  8.8  93    0    0 310 -413  0
3823500 2818500  8  4  3  13.2 1004 145  1.3 5  8.7  91    0    0 319 -409  0
3823500 2818500  8  4  4  13.4 1003 132  1.3 6  8.7  90    0    0 328 -405  0
3823500 2818500  8  4  5  13.8 1002 124  1.8 7  8.7  88    0    0 336 -402  0
3823500 2818500  8  4  6  14.2 1002 224  2.1 8  8.9  88    0   11 346 -401  0
3823500 2818500  8  4  7  14.5 1001 192  2.7 7  9.1  88    7   82 347 -405  0
3823500 2818500  8  4  8  16.2 1001 201  3.6 5  9.4  85   79  195 337 -414  0
3823500 2818500  8  4  9  17.8 1001 204  4.5 6  9.4  77  105  279 337 -422  0
3823500 2818500  8  4 10  18.6 1000 207  5.0 7  9.0  68   41  311 350 -426  0
3823500 2818500  8  4 11  19.2 1000 217  5.9 7  9.1  66   43  348 360 -432  0
3823500 2818500  8  4 12  19.9 1000 218  5.5 7  9.2  64    0  201 366 -443  0
3823500 2818500  8  4 13  18.9 1000 204  4.9 6  9.2  64    1  230 365 -458  0
3823500 2818500  8  4 14  19.9  999 220  4.7 6  9.3  65   42  362 362 -472  0
3823500 2818500  8  4 15  19.5  999 187  5.5 7  9.6  66    0  152 367 -467  0
3823500 2818500  8  4 16  17.6  997 160  5.1 6 10.1  75    8  222 364 -462  0
3823500 2818500  8  4 17  18.1  997 202  4.0 6 10.4  80   49  247 358 -469  0
3823500 2818500  8  4 18  16.1  997 228  1.2 7 10.3  82    6  129 358 -465  0
3823500 2818500  8  4 19  15.5  997 230  2.0 8 10.2  89    0   33 362 -450  0
3823500 2818500  8  4 20  15.3  997 220  1.0 8 10.3  92    0   18 366 -434  0
3823500 2818500  8  4 21  14.8  997 186  1.6 7 10.2  94    0    0 360 -426  0
3823500 2818500  8  4 22  14.7  997 182  1.6 7 10.2  95    0    0 355 -421  0
3823500 2818500  8  4 23  14.6  997 142  1.0 7 10.1  95    0    0 356 -419  0
3823500 2818500  8  4 24  14.5  997 175  1.1 8 10.0  95    0    0 361 -418  0
3823500 2818500  8  5  1  14.1  996 139  1.1 6  9.9  96    0    0 357 -415  0
3823500 2818500  8  5  2  13.9  996 174  1.3 5  9.8  96    0    0 342 -412  0
3823500 2818500  8  5  3  13.7  996 174  0.8 6  9.7  96    0    0 342 -409  0
3823500 2818500  8  5  4  14.2  996 243  0.3 6  9.7  96    0    0 346 -407  0
3823500 2818500  8  5  5  13.9  996 255  0.7 7  9.8  96    0    0 351 -404  0
3823500 2818500  8  5  6  14.1  997 230  0.8 7  9.8  96    0    7 353 -401  0
3823500 2818500  8  5  7  14.2  997 266  1.2 7  9.9  96    1   64 353 -402  0
3823500 2818500  8  5  8  14.8  998 276  1.9 8  9.9  94   19  153 359 -406  0
3823500 2818500  8  5  9  15.9  998 304  1.8 7  9.7  87   42  236 361 -413  0
3823500 2818500  8  5 10  17.0  999 287  1.8 6  9.4  79   69  307 356 -420  0
3823500 2818500  8  5 11  17.2  999 276  2.2 5  9.1  73   99  358 351 -429  0
3823500 2818500  8  5 12  18.4  999 240  2.2 3  8.4  65  251  388 342 -439  0
3823500 2818500  8  5 13  19.6 1000 251  2.3 3  8.1  58  433  336 339 -447  0
3823500 2818500  8  5 14  19.2 1000 295  2.5 4  8.2  58  272  380 345 -453  0
3823500 2818500  8  5 15  19.1 1000 296  3.7 3  8.7  62  260  344 345 -453  0
3823500 2818500  8  5 16  19.0 1001 309  4.1 6  9.0  65   80  295 352 -451  0
3823500 2818500  8  5 17  18.1 1001 307  3.3 5  9.0  66  116  241 357 -446  0
3823500 2818500  8  5 18  17.6 1002 331  2.1 5  9.0  70   30  154 351 -443  0
3823500 2818500  8  5 19  17.4 1002 313  2.2 7  9.0  71    0   57 357 -439  0
3823500 2818500  8  5 20  16.7 1003 290  0.7 7  9.0  73    0   14 364 -430  0
3823500 2818500  8  5 21  16.0 1004 276  0.1 7  9.1  77    0    0 361 -421  0
3823500 2818500  8  5 22  15.5 1004 263  0.2 8  9.2  81    0    0 362 -414  0
3823500 2818500  8  5 23  15.2 1005 280  0.1 8  9.3  84    0    0 365 -409  0
3823500 2818500  8  5 24  14.4 1005 283  0.1 7  9.4  88    0    0 359 -405  0
3823500 2818500  8  6  1  14.0 1005 268  0.1 7  9.2  90    0    0 353 -400  0
3823500 2818500  8  6  2  13.2 1006 279  0.1 6  8.9  91    0    0 347 -396  0
3823500 2818500  8  6  3  12.2 1006 226  0.1 4  8.6  93    0    0 331 -392  0
3823500 2818500  8  6  4  10.8 1006 256  0.1 2  8.2  96    0    0 308 -389  0
3823500 2818500  8  6  5  10.3 1006 250  0.1 1  7.8  97    0    0 292 -387  0
3823500 2818500  8  6  6  10.8 1007 227  0.1 0  7.7  97   13   25 284 -386  0
3823500 2818500  8  6  7  12.6 1007 239  0.1 0  8.1  94  100   58 282 -388  0
3823500 2818500  8  6  8  14.9 1008 253  0.2 0  8.5  86  242   74 288 -395  0
3823500 2818500  8  6  9  16.5 1008 269  0.8 0  8.5  76  398   80 295 -407  0
3823500 2818500  8  6 10  17.7 1009 265  0.7 1  8.0  65  500   90 304 -420  0
3823500 2818500  8  6 11  18.5 1009 290  1.1 2  7.5  57  500  146 318 -433  0
3823500 2818500  8  6 12  19.4 1009 237  1.0 2  7.2  53  396  240 326 -445  0
3823500 2818500  8  6 13  19.9 1008 298  1.1 3  6.9  48  472  211 333 -453  0
3823500 2818500  8  6 14  20.4 1008 284  1.3 2  6.5  44  492  185 335 -461  0
3823500 2818500  8  6 15  21.1 1009 318  0.7 3  6.5  43  440  175 337 -467  0
3823500 2818500  8  6 16  21.7 1009 237  1.5 4  6.4  40  158  242 345 -470  0
3823500 2818500  8  6 17  20.9 1009 250  1.1 3  6.4  40  131  189 345 -468  0
3823500 2818500  8  6 18  21.5 1009 266  0.8 3  6.5  41  133  116 340 -460  0
3823500 2818500  8  6 19  20.9 1009 272  0.2 1  6.5  41  106   55 331 -450  0
3823500 2818500  8  6 20  17.3 1009 149  0.1 1  7.1  51   26   23 316 -438  0
3823500 2818500  8  6 21  14.8 1009 152  0.1 1  7.8  68    0    0 306 -424  0
3823500 2818500  8  6 22  13.3 1010 146  0.1 1  7.7  76    0    0 298 -412  0
3823500 2818500  8  6 23  12.7 1010 111  0.0 1  7.5  80    0    0 293 -404  0
3823500 2818500  8  6 24  11.5 1010 100  0.4 1  7.6  86    0    0 289 -398  0
3823500 2818500  8  7  1  11.2 1010 138  0.4 0  7.5  89    0    0 281 -392  0
3823500 2818500  8  7  2  10.8 1010 145  0.5 0  7.4  90    0    0 270 -388  0
3823500 2818500  8  7  3  10.1 1010 143  0.9 0  7.3  92    0    0 264 -389  0
3823500 2818500  8  7  4  10.1 1010 140  1.6 0  7.1  92    0    0 255 -392  0
3823500 2818500  8  7  5  10.4 1009 151  0.8 2  7.2  92    0    0 263 -396  0
3823500 2818500  8  7  6  11.2 1009 144  1.1 2  7.4  91    0   12 276 -398  0
3823500 2818500  8  7  7  14.0 1009 145  1.3 3  7.7  84   34   92 288 -400  0
3823500 2818500  8  7  8  16.2 1009 174  1.5 3  7.9  74  149  155 305 -404  0
3823500 2818500  8  7  9  18.4 1009 204  2.5 4  8.1  65  236  211 323 -411  0
3823500 2818500  8  7 10  21.1 1009 214  2.5 5  8.0  55  303  266 347 -418  0
3823500 2818500  8  7 11  22.1 1009 214  2.5 6  7.6  47  237  348 365 -423  0
3823500 2818500  8  7 12  23.1 1009 212  2.2 6  7.4  43  353  346 375 -423  0
3823500 2818500  8  7 13  23.9 1009 214  2.4 5  7.1  39  538  270 374 -423  0
3823500 2818500  8  7 14  23.8 1009 233  2.5 5  7.1  38  513  268 372 -436  0
3823500 2818500  8  7 15  23.7 1009 225  1.7 6  7.4  40  162  352 378 -445  0
3823500 2818500  8  7 16  22.9 1009 254  1.4 7  7.7  43   27  251 388 -441  0
3823500 2818500  8  7 17  22.0 1008 290  1.3 7  8.2  48    0  120 391 -439  0
3823500 2818500  8  7 18  19.4 1007 259  1.6 8  9.4  61    0   72 391 -437  0
3823500 2818500  8  7 19  19.0 1007 344  1.5 8 10.5  75    0   44 392 -433  0
3823500 2818500  8  7 20  17.8 1007  56  0.8 8 10.6  79    0   16 390 -429  0
3823500 2818500  8  7 21  17.6 1007  84  0.1 8 10.6  83    0    0 387 -423  0
3823500 2818500  8  7 22  17.3 1007  32  1.0 8 10.5  83    0    0 387 -419  0
3823500 2818500  8  7 23  16.9 1007 107  0.7 8 10.6  86    0    0 385 -416  0
3823500 2818500  8  7 24  16.7 1007 310  0.1 8 10.6  88    0    0 383 -413  0
3823500 2818500  8  8  1  16.5 1007 337  0.6 7 10.7  89    0    0 378 -411  0
3823500 2818500  8  8  2  16.3 1007  95  0.1 8 10.8  92    0    0 378 -410  0
3823500 2818500  8  8  3  16.0 1007 130  0.1 8 10.9  94    0    0 381 -409  0
3823500 2818500  8  8  4  15.3 1006 163  0.1 7 10.8  96    0    0 375 -408  0
3823500 2818500  8  8  5  14.6 1006  25  0.1 6 10.5  98    0    0 364 -407  0
3823500 2818500  8  8  6  14.8 1006 224  0.2 5 10.2  97    0   20 353 -407  0
3823500 2818500  8  8  7  15.8 1006 236  0.1 6 10.5  96    1   63 355 -407  0
3823500 2818500  8  8  8  16.8 1006 317  0.1 6 11.1  95    4  129 363 -411  0
3823500 2818500  8  8  9  17.4 1006 287  0.9 7 11.4  92    0  124 371 -416  0
3823500 2818500  8  8 10  17.8 1006 300  1.2 7 11.3  89    0  108 377 -422  0
3823500 2818500  8  8 11  17.7 1006 267  1.1 6 11.2  87    0  147 375 -427  0
3823500 2818500  8  8 12  18.0 1006 265  1.2 8 11.4  88    0  102 380 -434  0
3823500 2818500  8  8 13  18.0 1006 344  1.0 8 11.5  88    0  122 388 -448  0
3823500 2818500  8  8 14  18.1 1006 290  1.5 6 11.4  87   21  321 381 -454  0
3823500 2818500  8  8 15  19.2 1006 294  1.5 5 11.4  84  135  396 373 -450  0
3823500 2818500  8  8 16  20.0 1006 290  1.5 7 11.2  78   33  278 377 -447  0
3823500 2818500  8  8 17  19.2 1006 325  1.1 7 11.1  77    7  180 382 -441  0
3823500 2818500  8  8 18  20.3 1006 308  1.6 8 11.1  76    1  100 387 -435  0
3823500 2818500  8  8 19  18.7 1006 311  0.7 8 11.0  77    4   74 390 -431  0
3823500 2818500  8  8 20  17.9 1007 286  1.0 8 11.0  83    0   14 386 -425  0
3823500 2818500  8  8 21  17.2 1007 284  0.7 8 11.0  87    0    0 383 -421  0
3823500 2818500  8  8 22  16.9 1008 283  0.5 7 11.0  90    0    0 377 -417  0
3823500 2818500  8  8 23  16.3 1008 273  1.5 6 10.8  91    0    0 366 -414  0
3823500 2818500  8  8 24  16.1 1008 271  0.3 6 10.6  91    0    0 361 -411  0
3823500 2818500  8  9  1  16.2 1008 271  0.3 7 10.7  92    0    0 364 -410  0
3823500 2818500  8  9  2  16.3 1008 258  0.6 8 10.7  92    0    0 371 -408  0
3823500 2818500  8  9  3  16.0 1008 276  0.7 8 10.7  92    0    0 375 -406  0
3823500 2818500  8  9  4  15.8 1008 260  0.8 7 10.6  93    0    0 369 -403  0
3823500 2818500  8  9  5  15.5 1008 264  0.7 8 10.4  93    0    0 368 -397  0
3823500 2818500  8  9  6  15.6 1008 244  1.0 8 10.3  93    3   21 371 -392  0
3823500 2818500  8  9  7  16.0 1008 256  1.3 7 10.3  91   10   70 367 -394  0
3823500 2818500  8  9  8  16.1 1008 247  1.4 7 10.3  90   11  131 362 -401  0
3823500 2818500  8  9  9  17.1 1009 261  1.5 6 10.2  86  110  213 358 -410  0
3823500 2818500  8  9 10  17.9 1009 250  1.4 7 10.0  80   31  256 360 -416  0
3823500 2818500  8  9 11  19.0 1009 226  1.5 6  9.8  73    4  234 363 -425  0
3823500 2818500  8  9 12  18.6 1009 239  2.0 5  9.6  70   79  332 355 -440  0
3823500 2818500  8  9 13  19.2 1009 230  0.8 6  9.5  69  107  348 357 -450  0
3823500 2818500  8  9 14  19.1 1008 224  0.6 7  9.7  70   52  315 367 -458  0
3823500 2818500  8  9 15  19.6 1008 204  1.8 6  9.9  70  104  308 371 -460  0
3823500 2818500  8  9 16  20.5 1008 234  0.7 6  9.6  65  156  256 371 -454  0
3823500 2818500  8  9 17  20.7 1008 244  0.8 8  9.3  61   87  205 379 -450  0
3823500 2818500  8  9 18  20.5 1007 235  0.4 7  9.1  60   71  139 381 -448  0
3823500 2818500  8  9 19  19.9 1007 262  0.6 6  9.2  61   72   69 373 -445  0
3823500 2818500  8  9 20  17.5 1007 180  0.0 7  9.7  71   15   20 368 -439  0
3823500 2818500  8  9 21  16.2 1007 151  0.1 7 10.0  83    0    0 367 -433  0
3823500 2818500  8  9 22  15.1 1007 142  0.0 6  9.8  88    0    0 362 -427  0
3823500 2818500  8  9 23  14.1 1007 141  0.1 5  9.5  91    0    0 352 -424  0
3823500 2818500  8  9 24  13.9 1007 137  0.1 4  9.3  93    0    0 344 -421  0
3823500 2818500  8 10  1  13.5 1007 163  0.1 3  9.1  92    0    0 336 -419  0
3823500 2818500  8 10  2  13.8 1007 157  0.2 3  9.1  92    0    0 331 -418  0
3823500 2818500  8 10  3  13.3 1007 145  0.3 4  8.9  91    0    0 333 -416  0
3823500 2818500  8 10  4  13.6 1006 150  0.1 4  8.7  90    0    0 334 -415  0
3823500 2818500  8 10  5  13.5 1006 138  0.3 3  8.8  90    0    0 331 -416  0
3823500 2818500  8 10  6  13.5 1006 139  0.2 3  8.8  90    4   24 327 -416  0
3823500 2818500  8 10  7  14.8 1006 157  0.5 3  9.0  89   35   82 330 -417  0
3823500 2818500  8 10  8  16.8 1006 193  1.3 3  9.5  84  123  144 335 -420  0
3823500 2818500  8 10  9  19.2 1006 187  1.5 3  9.9  76  302  154 342 -423  0
3823500 2818500  8 10 10  21.4 1006 212  2.5 3  9.7  64  409  181 351 -427  0
3823500 2818500  8 10 11  23.0 1006 212  2.9 3  9.5  56  471  213 359 -430  0
3823500 2818500  8 10 12  24.0 1006 202  3.8 4  9.5  52  484  247 370 -436  0
3823500 2818500  8 10 13  23.9 1005 223  3.2 6  9.2  49   99  363 382 -447  0
3823500 2818500  8 10 14  24.2 1005 240  3.1 7  9.2  49   27  306 392 -453  0
3823500 2818500  8 10 15  24.6 1005 212  2.7 6  9.1  47  129  329 396 -449  0
3823500 2818500  8 10 16  24.9 1004 217  2.4 7  9.2  47   59  266 400 -440  0
3823500 2818500  8 10 17  25.1 1004 205  2.7 7  9.4  47   26  196 404 -431  0
3823500 2818500  8 10 18  24.2 1003 211  1.8 6  9.7  49   45  148 401 -424  0
3823500 2818500  8 10 19  23.1 1003 239  0.9 8  9.8  53   16   75 401 -419  0
3823500 2818500  8 10 20  21.6 1003 233  1.4 8  9.6  56    6   19 402 -415  0
3823500 2818500  8 10 21  19.1 1003 255  2.1 8 10.2  67    0    0 396 -414  0
3823500 2818500  8 10 22  17.8 1003 228  1.7 7 11.1  82    0    0 389 -414  0
3823500 2818500  8 10 23  18.1 1004 216  2.0 7 11.2  86    0    0 383 -412  0
3823500 2818500  8 10 24  17.7 1003 212  2.6 7 11.1  86    0    0 383 -409  0
3823500 2818500  8 11  1  17.6 1003 202  2.2 7 11.2  88    0    0 382 -405  0
3823500 2818500  8 11  2  17.3 1003 205  2.0 8 11.2  89    0    0 386 -399  0
3823500 2818500  8 11  3  17.1 1003 184  2.1 8 11.1  89    0    0 390 -393  0
3823500 2818500  8 11  4  17.1 1003 187  2.4 7 11.2  90    0    0 384 -388  0
3823500 2818500  8 11  5  17.3 1002 191  2.3 7 11.3  91    0    0 380 -385  0
3823500 2818500  8 11  6  17.3 1002 200  1.9 7 11.4  91    1   17 378 -383  0
3823500 2818500  8 11  7  17.5 1002 214  2.6 8 11.4  90    0   39 380 -385  0
3823500 2818500  8 11  8  17.3 1002 218  2.9 8 11.6  92    0   77 379 -392  0
3823500 2818500  8 11  9  17.6 1002 229  2.3 7 11.7  93   11  180 371 -405  0
3823500 2818500  8 11 10  19.1 1003 229  3.1 6 11.9  88   37  255 363 -418  0
3823500 2818500  8 11 11  20.1 1003 258  2.8 5 11.5  79  166  308 360 -429  0
3823500 2818500  8 11 12  21.5 1004 255  3.1 5 10.8  70  168  334 360 -434  0
3823500 2818500  8 11 13  21.4 1004 277  3.2 5  9.9  61  332  298 362 -434  0
3823500 2818500  8 11 14  22.4 1004 267  2.9 4  9.2  56  442  230 358 -439  0
3823500 2818500  8 11 15  22.0 1005 282  1.8 5  9.1  54  225  288 358 -443  0
3823500 2818500  8 11 16  22.3 1005 288  2.6 7  8.8  52  101  257 367 -443  0
3823500 2818500  8 11 17  21.9 1004 275  1.7 7  8.7  52   59  199 373 -438  0
3823500 2818500  8 11 18  21.6 1004 310  1.0 6  8.9  54   51  137 367 -431  0
3823500 2818500  8 11 19  20.6 1005 313  1.0 6  9.0  57   42   71 361 -426  0
3823500 2818500  8 11 20  18.8 1004 343  0.6 5  9.0  62    4   17 352 -416  0
3823500 2818500  8 11 21  17.4 1004 327  0.7 6  8.7  66    0    0 346 -406  0
3823500 2818500  8 11 22  16.6 1005 328  1.0 7  8.2  67    0    0 348 -397  0
3823500 2818500  8 11 23  15.7 1005 334  0.5 7  8.2  71    0    0 348 -391  0
3823500 2818500  8 11 24  15.0 1005 355  0.2 6  8.4  76    0    0 342 -385  0
3823500 2818500  8 12  1  14.4 1005 320  0.1 6  8.4  80    0    0 336 -380  0
3823500 2818500  8 12  2  13.8 1005 306  0.1 6  8.4  83    0    0 335 -376  0
3823500 2818500  8 12  3  12.8 1004 312  0.1 5  8.3  86    0    0 329 -373  0
3823500 2818500  8 12  4  11.9 1004 311  0.3 4  8.1  90    0    0 318 -371  0
3823500 2818500  8 12  5  11.5 1004 312  0.1 4  7.9  91    0    0 312 -368  0
3823500 2818500  8 12  6  11.9 1004 321  0.3 3  8.0  92    3   22 309 -367  0
3823500 2818500  8 12  7  13.2 1004 310  0.1 3  8.3  91   43   81 306 -369  0
3823500 2818500  8 12  8  15.8 1004 346  1.0 2  8.6  83   95  151 307 -377  0
3823500 2818500  8 12  9  17.7 1004 325  1.0 2  8.8  73  274  168 311 -392  0
3823500 2818500  8 12 10  19.1 1004 307  1.4 2  8.3  62  403  185 316 -409  0
3823500 2818500  8 12 11  19.9 1005 313  2.1 2  7.4  52  503  196 319 -425  0
3823500 2818500  8 12 12  21.0 1004 324  1.6 2  6.9  45  573  199 323 -440  0
3823500 2818500  8 12 13  21.8 1005 296  2.0 2  6.6  41  597  200 328 -451  0
3823500 2818500  8 12 14  22.1 1005 340  2.2 2  6.4  39  552  210 330 -457  0
3823500 2818500  8 12 15  22.5 1005 302  1.5 3  6.3  37  400  246 335 -456  0
3823500 2818500  8 12 16  22.5 1005 306  1.5 3  6.3  36  249  251 338 -449  0
3823500 2818500  8 12 17  22.3 1005 286  2.0 3  6.5  38  163  207 337 -441  0
3823500 2818500  8 12 18  20.7 1005 297  1.7 5  7.4  46  103  143 343 -433  0
3823500 2818500  8 12 19  19.2 1005 291  1.9 6  8.4  57   57   79 351 -424  0
3823500 2818500  8 12 20  17.8 1005 311  1.0 7  8.6  64    3   18 356 -417  0
3823500 2818500  8 12 21  17.0 1006 303  0.9 7  8.7  69    0    0 357 -409  0
3823500 2818500  8 12 22  16.1 1006 290  0.3 8  8.7  74    0    0 360 -404  0
3823500 2818500  8 12 23  15.1 1006 259  0.6 7  8.7  78    0    0 358 -402  0
3823500 2818500  8 12 24  13.7 1007 261  0.8 4  8.6  84    0    0 336 -400  0
3823500 2818500  8 13  1  12.6 1007 247  1.0 4  8.3  88    0    0 318 -395  0
3823500 2818500  8 13  2  11.7 1007 240  0.4 4  8.2  92    0    0 314 -389  0
3823500 2818500  8 13  3  11.2 1007 240  0.7 3  8.0  94    0    0 307 -384  0
3823500 2818500  8 13  4  10.9 1007 230  0.4 4  7.9  95    0    0 305 -380  0
3823500 2818500  8 13  5  10.0 1007 205  0.6 4  7.6  95    0    0 306 -376  0
3823500 2818500  8 13  6  10.8 1007 174  0.6 5  7.6  96    4   20 310 -374  0
3823500 2818500  8 13  7  12.7 1007 205  0.6 5  8.1  94   67   69 319 -378  0
3823500 2818500  8 13  8  14.5 1008 179  1.3 3  8.6  87  197   97 316 -387  0
3823500 2818500  8 13  9  16.1 1008 216  2.1 2  8.5  78  326  115 308 -399  0
3823500 2818500  8 13 10  17.2 1008 198  2.0 2  8.0  67  480  107 307 -415  0
3823500 2818500  8 13 11  18.8 1008 208  2.1 2  7.6  59  532  141 311 -429  0
3823500 2818500  8 13 12  19.7 1008 161  2.3 4  7.3  52  213  322 325 -431  0
3823500 2818500  8 13 13  20.1 1008 195  2.5 4  6.9  47  286  313 337 -437  0
3823500 2818500  8 13 14  20.5 1008 165  1.9 2  7.0  47  451  221 331 -440  0
3823500 2818500  8 13 15  21.0 1008 198  1.0 3  7.2  46  100  299 329 -441  0
3823500 2818500  8 13 16  20.1 1008 189  1.0 7  7.3  48    0  134 351 -443  0
3823500 2818500  8 13 17  20.2 1008 198  0.6 7  7.8  52   47  189 367 -438  0
3823500 2818500  8 13 18  20.9 1008 173  2.0 7  7.8  51  138  116 369 -434  0
3823500 2818500  8 13 19  19.4 1008 158  0.1 6  7.9  53   45   70 363 -429  0
3823500 2818500  8 13 20  16.5 1008   8  0.1 5  8.6  66    1   12 349 -423  0
3823500 2818500  8 13 21  15.2 1008 291  0.0 5  8.9  78    0    0 339 -413  0
3823500 2818500  8 13 22  13.6 1008  42  0.0 3  8.7  84    0    0 326 -405  0
3823500 2818500  8 13 23  12.6 1009  79  0.0 2  8.5  90    0    0 310 -400  0
3823500 2818500  8 13 24  12.0 1009  74  0.1 1  8.4  93    0    0 299 -394  0
3823500 2818500  8 14  1  11.4 1009 328  0.0 1  8.1  94    0    0 292 -388  0
3823500 2818500  8 14  2  10.5 1008  57  0.1 2  7.7  94    0    0 292 -384  0
3823500 2818500  8 14  3  10.0 1009  24  0.1 2  7.5  95    0    0 293 -380  0
3823500 2818500  8 14  4   9.5 1008  23  0.1 2  7.2  96    0    0 291 -378  0
3823500 2818500  8 14  5   9.4 1008 285  0.2 0  7.1  96    0    0 282 -375  0
3823500 2818500  8 14  6   9.9 1009 154  0.3 1  7.3  97    3   19 278 -373  0
3823500 2818500  8 14  7  12.7 1009  97  0.3 2  8.1  96   43   74 294 -374  0
3823500 2818500  8 14  8  16.2 1009 113  0.8 1  9.2  89  150  120 304 -383  0
3823500 2818500  8 14  9  18.5 1009  85  1.2 1  9.7  78  302  136 309 -399  0
3823500 2818500  8 14 10  19.8 1009  60  1.6 0  9.8  70  440  142 309 -418  0
3823500 2818500  8 14 11  21.4 1009  82  1.7 1  9.7  64  471  190 314 -436  0
3823500 2818500  8 14 12  21.9 1009  61  2.2 1  9.7  59  392  270 324 -450  0
3823500 2818500  8 14 13  22.9 1010 116  2.0 2  9.3  54  267  331 332 -459  0
3823500 2818500  8 14 14  24.1 1009  64  2.2 4  9.0  49  142  337 351 -464  0
3823500 2818500  8 14 15  23.8 1009  65  1.9 5  8.7  46  243  288 367 -467  0
3823500 2818500  8 14 16  24.0 1009  48  3.7 4  8.7  46  242  232 367 -461  0
3823500 2818500  8 14 17  23.9 1009  47  2.5 4  8.5  46  248  155 363 -448  0
3823500 2818500  8 14 18  23.6 1008  52  1.6 4  8.2  44  176  108 361 -437  0
3823500 2818500  8 14 19  22.2 1008  49  1.6 3  8.3  47   81   69 355 -429  0
3823500 2818500  8 14 20  20.4 1007  28  1.6 4  8.5  53    8   17 350 -423  0
3823500 2818500  8 14 21  19.4 1008  30  2.3 4  8.7  60    0    0 348 -419  0
3823500 2818500  8 14 22  18.2 1008  37  1.9 5  9.1  67    0    0 349 -415  0
3823500 2818500  8 14 23  17.4 1009  31  2.2 4  9.6  74    0    0 345 -411  0
3823500 2818500  8 14 24  16.8 1009  42  1.8 2  9.8  80    0    0 330 -407  0
3823500 2818500  8 15  1  15.6 1008  38  2.0 1  9.7  84    0    0 314 -404  0
3823500 2818500  8 15  2  15.2 1008  25  2.1 2  9.5  86    0    0 310 -402  0
3823500 2818500  8 15  3  16.0 1008  27  1.7 4  9.4  84    0    0 325 -401  0
3823500 2818500  8 15  4  16.7 1008  15  2.7 6  9.4  80    0    0 344 -398  0
3823500 2818500  8 15  5  16.6 1007 356  3.6 8  9.5  80    0    0 363 -394  0
3823500 2818500  8 15  6  17.2 1007   7  4.5 8  9.8  81    0    3 374 -390  0
3823500 2818500  8 15  7  17.6 1006  21  4.8 8  9.9  79    0   18 375 -390  0
3823500 2818500  8 15  8  17.8 1006  22  4.7 7  9.3  73    0   49 369 -397  0
3823500 2818500  8 15  9  17.9 1006  22  4.6 7  8.8  68    0  140 364 -410  0
3823500 2818500  8 15 10  17.8 1005  23  4.4 7  8.8  68    0  179 364 -425  0
3823500 2818500  8 15 11  18.4 1005  24  4.5 7  9.0  68    0  133 365 -441  0
3823500 2818500  8 15 12  19.0 1005  12  4.6 7  9.2  68    0  135 368 -458  0
3823500 2818500  8 15 13  19.3 1004  17  4.7 7  9.4  67    0  137 372 -471  0
3823500 2818500  8 15 14  19.6 1004  21  3.4 7  9.7  68    0  106 375 -480  0
3823500 2818500  8 15 15  18.7 1003   2  2.8 7 10.3  74    0   77 376 -485  0
3823500 2818500  8 15 16  18.2 1002 338  2.6 7 11.1  82    0   96 376 -487  0
3823500 2818500  8 15 17  17.5 1002 353  2.5 7 11.4  88    0   65 375 -483  0
3823500 2818500  8 15 18  17.0 1001 351  1.1 8 11.4  92    3  106 377 -471  0
3823500 2818500  8 15 19  16.7 1001 330  0.5 8 11.5  94    2   56 380 -457  0
3823500 2818500  8 15 20  16.6 1000  29  2.8 8 11.4  95    0    2 378 -446  0
3823500 2818500  8 15 21  16.8 1000  34  1.8 8 11.5  95    0    0 377 -436  0
3823500 2818500  8 15 22  16.8 1000  61  0.8 8 11.6  95    0    0 378 -427  0
3823500 2818500  8 15 23  17.0  999  97  1.3 7 11.7  95    0    0 373 -423  0
3823500 2818500  8 15 24  16.8  999 119  0.7 8 11.7  95    0    0 373 -420  0
3823500 2818500  8 16  1  16.7  999 120  1.3 8 11.6  95    0    0 378 -417  0
3823500 2818500  8 16  2  16.1  998  88  1.2 7 11.4  96    0    0 372 -415  0
3823500 2818500  8 16  3  15.7  998  98  1.3 6 11.0  96    0    0 362 -415  0
3823500 2818500  8 16  4  15.2  998 111  0.9 6 10.7  96    0    0 356 -413  0
3823500 2818500  8 16  5  15.6  998 128  1.2 7 10.6  95    0    0 360 -410  0
3823500 2818500  8 16  6  15.7  998 102  0.6 8 10.4  92    0    8 369 -407  0
3823500 2818500  8 16  7  15.7  998 110  0.2 8 10.4  92    0   52 373 -406  0
3823500 2818500  8 16  8  16.0  998 109  0.4 7 10.5  91    0   92 368 -405  0
3823500 2818500  8 16  9  16.2  999 124  0.4 7 10.6  90    0  115 364 -404  0
3823500 2818500  8 16 10  16.4  999 160  0.8 7 10.5  89    0  183 366 -404  0
3823500 2818500  8 16 11  16.9  999 128  0.6 6 10.5  87    9  278 365 -406  0
3823500 2818500  8 16 12  17.8  999 123  0.9 7 10.6  84    3  252 371 -412  0
3823500 2818500  8 16 13  18.0  999 117  0.5 7 10.5  80    0  175 378 -418  0
3823500 2818500  8 16 14  18.1  999 103  0.6 6 10.3  78    0  139 377 -419  0
3823500 2818500  8 16 15  17.3  999  87  0.7 7 10.4  81    0  109 376 -417  0
3823500 2818500  8 16 16  16.5  999 114  0.8 7 10.7  87    0   73 376 -415  0
3823500 2818500  8 16 17  16.4  999  69  0.6 8 10.9  91    0   74 377 -412  0
3823500 2818500  8 16 18  15.7  999  53  0.9 7 10.8  93    0   84 375 -413  0
3823500 2818500  8 16 19  15.6  999  26  0.5 8 10.7  94    2   54 373 -414  0
3823500 2818500  8 16 20  15.6  999  71  0.3 8 10.6  94    0    2 377 -413  0
3823500 2818500  8 16 21  15.1  999  96  0.1 7 10.5  94    0    0 372 -411  0
3823500 2818500  8 16 22  14.8  999  43  0.1 7 10.2  94    0    0 366 -409  0
3823500 2818500  8 16 23  14.8  999 254  0.3 7 10.1  94    0    0 365 -407  0
3823500 2818500  8 16 24  14.6  999 220  0.3 7 10.1  95    0    0 366 -405  0
3823500 2818500  8 17  1  14.6  999 317  0.3 7 10.1  95    0    0 365 -404  0
3823500 2818500  8 17  2  14.5  999 349  0.1 7 10.0  95    0    0 365 -404  0
3823500 2818500  8 17  3  14.4  998 259  0.1 7  9.9  95    0    0 363 -404  0
3823500 2818500  8 17  4  14.0  998 285  0.1 7  9.9  96    0    0 362 -404  0
3823500 2818500  8 17  5  14.1  997 293  0.1 6  9.8  96    0    0 357 -405  0
3823500 2818500  8 17  6  13.9  997 267  0.2 6  9.7  96    0   13 351 -405  0
3823500 2818500  8 17  7  14.1  997 254  0.5 8  9.8  96   11   52 361 -406  0
3823500 2818500  8 17  8  14.7  997 270  0.5 5 10.1  96   13  108 358 -407  0
3823500 2818500  8 17  9  15.2  997 291  0.8 7 10.3  95    0  134 354 -409  0
3823500 2818500  8 17 10  15.7  997 254  0.5 6 10.3  92   16  202 363 -410  0
3823500 2818500  8 17 11  16.8  997 268  1.7 7 10.5  89    4  210 367 -413  0
3823500 2818500  8 17 12  16.8  997 257  2.3 8 10.6  87    0   83 379 -415  0
3823500 2818500  8 17 13  15.4  998 275  2.2 7 10.6  91    0  109 376 -415  0
3823500 2818500  8 17 14  15.1  998 214  3.3 7 10.4  95    0  113 369 -415  0
3823500 2818500  8 17 15  15.0  998 261  4.5 8 10.2  94    0   92 373 -417  0
3823500 2818500  8 17 16  14.9  998 246  4.3 7 10.1  93    0  107 373 -420  0
3823500 2818500  8 17 17  14.7  999 260  4.2 8  9.9  93    0   79 372 -420  0
3823500 2818500  8 17 18  14.5  999 235  4.2 8  9.8  92    0   46 375 -418  0
3823500 2818500  8 17 19  14.5  999 241  3.5 8  9.6  91    0   33 376 -415  0
3823500 2818500  8 17 20  14.6  998 229  3.1 8  9.4  89    0    2 376 -413  0
3823500 2818500  8 17 21  14.4  998 230  3.5 7  9.3  88    0    0 371 -409  0
3823500 2818500  8 17 22  14.2  998 234  3.2 7  9.3  90    0    0 368 -406  0
3823500 2818500  8 17 23  14.4  998 231  2.8 7  9.5  92    0    0 368 -404  0
3823500 2818500  8 17 24  14.7  998 231  2.7 8  9.7  92    0    0 374 -403  0
3823500 2818500  8 18  1  15.2  998 240  3.3 8  9.8  91    0    0 380 -401  0
3823500 2818500  8 18  2  15.5  998 238  2.9 8 10.0  90    0    0 382 -399  0
3823500 2818500  8 18  3  15.7  997 237  3.1 8 10.2  90    0    0 383 -397  0
3823500 2818500  8 18  4  15.8  997 235  3.3 8 10.3  90    0    0 384 -394  0
3823500 2818500  8 18  5  15.5  997 231  3.2 8 10.2  90    0    0 383 -393  0
3823500 2818500  8 18  6  15.4  996 225  2.6 8 10.1  90    0   13 382 -395  0
3823500 2818500  8 18  7  15.5  996 229  2.3 8 10.1  90    0   28 383 -397  0
3823500 2818500  8 18  8  15.5  996 216  2.5 8 10.1  90    0   71 384 -401  0
3823500 2818500  8 18  9  16.3  996 228  3.2 7 10.2  89    0  103 380 -406  0
3823500 2818500  8 18 10  16.4  996 231  3.0 6 10.4  87    1  169 372 -410  0
3823500 2818500  8 18 11  16.9  997 224  3.2 6 10.5  87    5  217 368 -410  0
3823500 2818500  8 18 12  17.7  996 225  3.1 6 10.6  84    8  244 372 -405  0
3823500 2818500  8 18 13  18.8  997 225  4.0 6 10.7  80   72  315 376 -405  0
3823500 2818500  8 18 14  18.1  997 217  4.0 7 10.7  79   48  288 382 -410  0
3823500 2818500  8 18 15  17.8  996 221  2.7 7 11.0  84    0  151 386 -420  0
3823500 2818500  8 18 16  18.5  997 247  2.1 5 11.1  83   87  230 378 -425  0
3823500 2818500  8 18 17  18.8  997 283  4.2 7 10.6  78   23  165 377 -420  0
3823500 2818500  8 18 18  17.9  997 288  3.4 8  9.9  74    0   62 383 -417  0
3823500 2818500  8 18 19  17.3  997 289  2.9 6  9.4  73    6   51 375 -416  0
3823500 2818500  8 18 20  15.4  998 279  3.0 4  8.7  73    0    7 353 -412  0
3823500 2818500  8 18 21  13.9  998 272  1.6 2  7.7  72    0    0 330 -408  0
3823500 2818500  8 18 22  13.0  999 246  1.5 2  7.2  74    0    0 316 -404  0
3823500 2818500  8 18 23  12.8 1000 231  1.7 3  7.2  77    0    0 318 -400  0
3823500 2818500  8 18 24  13.1 1000 227  1.7 5  7.3  78    0    0 328 -395  0
3823500 2818500  8 19  1  13.3 1001 214  1.9 5  7.5  78    0    0 335 -390  0
3823500 2818500  8 19  2  13.6 1001 230  1.8 6  7.6  78    0    0 336 -386  0
3823500 2818500  8 19  3  13.9 1001 221  2.2 7  7.8  79    0    0 343 -385  0
3823500 2818500  8 19  4  13.0 1001 213  1.7 6  7.9  81    0    0 344 -384  0
3823500 2818500  8 19  5  13.4 1002 208  2.1 6  7.9  82    0    0 340 -383  0
3823500 2818500  8 19  6  13.5 1002 217  2.8 6  7.9  81    0    8 342 -381  0
3823500 2818500  8 19  7  13.3 1003 221  3.1 5  8.1  83   14   64 335 -381  0
3823500 2818500  8 19  8  14.2 1004 224  3.5 6  8.5  85   50  137 332 -385  0
3823500 2818500  8 19  9  15.3 1004 219  3.7 7  8.9  84   38  200 338 -395  0
3823500 2818500  8 19 10  15.9 1005 222  3.9 7  9.2  82   12  219 340 -410  0
3823500 2818500  8 19 11  16.9 1005 221  3.7 7  9.3  79   59  295 340 -424  0
3823500 2818500  8 19 12  18.5 1006 227  4.1 6  9.4  74  105  334 340 -435  0
3823500 2818500  8 19 13  18.8 1006 235  3.3 5  9.1  67  239  336 338 -441  0
3823500 2818500  8 19 14  20.0 1006 243  3.7 4  8.8  62  340  285 335 -438  0
3823500 2818500  8 19 15  20.6 1007 259  3.5 5  8.5  57  314  256 337 -439  0
3823500 2818500  8 19 16  20.7 1007 254  3.2 5  8.5  56  231  227 339 -445  0
3823500 2818500  8 19 17  20.2 1007 233  2.0 4  8.6  57  180  172 337 -444  0
3823500 2818500  8 19 18  19.7 1007 233  3.0 6  8.5  58  112  114 336 -438  0
3823500 2818500  8 19 19  18.6 1008 242  1.9 6  8.6  62   23   57 339 -431  0
3823500 2818500  8 19 20  17.7 1008 186  0.6 6  8.9  68    0    4 336 -422  0
3823500 2818500  8 19 21  16.2 1008 165  0.6 6  9.0  74    0    0 334 -412  0
3823500 2818500  8 19 22  15.6 1009 107  0.5 5  9.2  81    0    0 328 -404  0
3823500 2818500  8 19 23  15.1 1010 134  1.0 5  9.1  83    0    0 325 -397  0
3823500 2818500  8 19 24  14.5 1010 127  0.5 4  8.9  84    0    0 322 -393  0
3823500 2818500  8 20  1  14.5 1010 128  0.8 4  8.8  85    0    0 320 -391  0
3823500 2818500  8 20  2  14.1 1010 139  1.0 6  8.7  86    0    0 329 -391  0
3823500 2818500  8 20  3  14.1 1010 135  1.1 7  8.7  86    0    0 339 -391  0
3823500 2818500  8 20  4  14.1 1010 142  1.3 6  8.5  84    0    0 340 -391  0
3823500 2818500  8 20  5  13.3 1010 138  1.0 5  8.3  85    0    0 332 -391  0
3823500 2818500  8 20  6  13.4 1010 147  1.1 5  8.2  86    1   15 329 -391  0
3823500 2818500  8 20  7  14.2 1010 152  1.0 4  8.3  84   47   68 327 -393  0
3823500 2818500  8 20  8  16.1 1010 159  1.7 3  8.6  79  127  129 324 -398  0
3823500 2818500  8 20  9  18.7 1010 172  2.1 4  8.8  71  235  177 332 -407  0
3823500 2818500  8 20 10  21.3 1010 189  2.6 4  9.2  63  337  213 344 -421  0
3823500 2818500  8 20 11  22.6 1010 175  2.9 3  9.4  57  458  215 348 -437  0
3823500 2818500  8 20 12  23.7 1011 215  3.5 4  9.2  52  490  240 354 -455  0
3823500 2818500  8 20 13  24.4 1011 212  4.0 4  9.1  49  511  240 361 -470  0
3823500 2818500  8 20 14  25.1 1011 207  3.8 4  9.3  48  318  313 365 -480  0
3823500 2818500  8 20 15  26.3 1011 201  3.8 3  9.7  46  503  184 367 -487  0
3823500 2818500  8 20 16  26.5 1011 209  3.2 2  9.7  45  414  163 363 -488  0
3823500 2818500  8 20 17  26.8 1011 210  3.0 2  9.7  44  301  140 361 -482  0
3823500 2818500  8 20 18  26.2 1011 194  2.3 2  9.9  46  174  110 362 -473  0
3823500 2818500  8 20 19  24.6 1011 168  1.1 4 10.6  52   43   64 365 -460  0
3823500 2818500  8 20 20  22.4 1011 169  1.3 4 11.4  63    0    5 368 -447  0
3823500 2818500  8 20 21  20.4 1010 174  1.2 3 11.4  71    0    0 359 -437  0
3823500 2818500  8 20 22  20.4 1011 170  1.2 2 11.0  73    0    0 351 -431  0
3823500 2818500  8 20 23  20.5 1011 207  1.2 1 10.7  71    0    0 346 -427  0
3823500 2818500  8 20 24  19.0 1011 201  1.6 1 10.6  73    0    0 340 -423  0
3823500 2818500  8 21  1  18.3 1011 205  1.1 1 10.6  78    0    0 338 -418  0
3823500 2818500  8 21  2  17.3 1011 203  0.9 1 10.6  83    0    0 334 -414  0
3823500 2818500  8 21  3  17.3 1012 215  1.2 2 10.6  86    0    0 334 -412  0
3823500 2818500  8 21  4  17.6 1012 220  1.0 2 10.6  84    0    0 337 -411  0
3823500 2818500  8 21  5  16.8 1012 216  0.7 3 10.5  85    0    0 338 -410  0
3823500 2818500  8 21  6  17.0 1012 196  0.9 3 10.4  86    0   13 339 -410  0
3823500 2818500  8 21  7  18.7 1012 201  1.0 3 10.9  85   38   69 342 -412  0
3823500 2818500  8 21  8  20.7 1013 219  1.6 3 11.6  80  135  128 348 -418  0
3823500 2818500  8 21  9  21.8 1013 233  2.7 5 12.2  77  178  200 363 -427  0
3823500 2818500  8 21 10  22.5 1013 229  2.2 5 12.4  74  209  265 377 -432  0
3823500 2818500  8 21 11  23.3 1014 231  3.0 6 12.4  71   61  307 387 -433  0
3823500 2818500  8 21 12  24.0 1014 247  2.9 7 12.5  68    3  229 400 -438  0
3823500 2818500  8 21 13  24.3 1014 241  3.1 7 12.4  66    0  212 406 -448  0
3823500 2818500  8 21 14  24.5 1014 239  3.6 4 12.5  65  142  349 398 -459  0
3823500 2818500  8 21 15  25.1 1013 241  4.2 4 12.3  62  361  259 392 -467  0
3823500 2818500  8 21 16  25.5 1013 250  3.6 4 12.0  59  269  233 392 -470  0
3823500 2818500  8 21 17  26.0 1013 258  2.7 4 12.1  58  246  163 392 -467  0
3823500 2818500  8 21 18  25.3 1013 245  2.4 4 12.2  59  160  116 390 -460  0
3823500 2818500  8 21 19  24.8 1012 232  1.6 4 12.2  61   54   67 387 -451  0
3823500 2818500  8 21 20  22.5 1012 189  0.7 3 12.2  66    0   11 378 -441  0
3823500 2818500  8 21 21  21.7 1011 186  0.8 2 12.1  72    0    0 365 -430  0
3823500 2818500  8 21 22  20.1 1011 177  0.9 2 12.0  77    0    0 356 -423  0
3823500 2818500  8 21 23  19.2 1011 171  1.0 1 12.0  83    0    0 348 -417  0
3823500 2818500  8 21 24  18.4 1010 154  0.7 1 11.9  87    0    0 341 -411  0
3823500 2818500  8 22  1  18.6 1010 197  1.3 3 11.8  88    0    0 344 -407  0
3823500 2818500  8 22  2  19.5 1010 189  1.7 5 12.0  86    0    0 356 -404  0
3823500 2818500  8 22  3  19.1 1009 216  1.3 5 12.1  86    0    0 361 -401  0
3823500 2818500  8 22  4  19.0 1009 205  1.6 6 12.0  86    0    0 361 -399  0
3823500 2818500  8 22  5  18.4 1009 214  1.8 7 11.8  86    0    0 363 -397  0
3823500 2818500  8 22  6  18.6 1008 231  1.9 6 11.5  86    0   12 360 -395  0
3823500 2818500  8 22  7  19.3 1008 219  2.2 6 11.7  85   12   64 356 -396  0
3823500 2818500  8 22  8  20.0 1008 225  2.8 5 11.9  83   17  128 354 -403  0
3823500 2818500  8 22  9  20.8 1008 222  3.0 7 12.1  80   10  171 359 -417  0
3823500 2818500  8 22 10  21.8 1008 227  3.8 5 12.2  76  145  279 361 -434  0
3823500 2818500  8 22 11  22.2 1008 222  3.2 5 12.2  73  104  325 360 -450  0
3823500 2818500  8 22 12  23.2 1008 234  4.3 6 12.1  70   66  327 368 -464  0
3823500 2818500  8 22 13  23.9 1008 219  4.2 5 12.1  66  180  367 375 -474  0
3823500 2818500  8 22 14  23.8 1007 248  4.0 5 11.9  64  145  349 378 -479  0
3823500 2818500  8 22 15  23.9 1007 265  3.5 6 12.0  64   38  261 383 -481  0
3823500 2818500  8 22 16  23.6 1006 263  2.5 6 12.1  65    7  181 387 -478  0
3823500 2818500  8 22 17  23.7 1005 287  1.9 8 12.1  66    0   65 391 -471  0
3823500 2818500  8 22 18  23.3 1005 247  1.2 8 12.3  67    0   28 394 -463  0
3823500 2818500  8 22 19  22.4 1004 261  0.5 7 12.5  70    0   12 389 -456  0
3823500 2818500  8 22 20  21.0 1004 279  1.0 7 12.7  77    0    1 385 -448  0
3823500 2818500  8 22 21  19.7 1004 205  1.1 7 12.7  84    0    0 382 -440  0
3823500 2818500  8 22 22  19.5 1003 200  1.0 7 12.7  88    0    0 384 -434  0
3823500 2818500  8 22 23  19.4 1003 264  1.0 8 12.7  88    0    0 387 -431  0
3823500 2818500  8 22 24  18.5 1003 328  0.5 8 12.6  90    0    0 388 -429  0
3823500 2818500  8 23  1  18.4 1002 139  0.0 8 12.6  93    0    0 389 -428  0
3823500 2818500  8 23  2  18.2 1001 103  0.7 8 12.6  94    0    0 390 -426  0
3823500 2818500  8 23  3  18.2 1000 122  1.0 7 12.5  94    0    0 390 -424  0
3823500 2818500  8 23  4  18.2  999 122  0.8 8 12.6  94    0    0 392 -423  0
3823500 2818500  8 23  5  17.9  999 149  1.9 8 12.6  95    0    0 393 -422  0
3823500 2818500  8 23  6  17.9  997  61  1.7 8 12.5  96    0    1 393 -420  0
3823500 2818500  8 23  7  17.8  996 108  2.4 8 12.5  95    0   21 392 -419  0
3823500 2818500  8 23  8  17.8  996 146  2.4 8 12.5  96    0   26 392 -420  0
3823500 2818500  8 23  9  18.4  995 183  3.5 8 12.7  95    0   53 395 -421  0
3823500 2818500  8 23 10  19.0  995 186  4.3 7 12.9  93    0   92 395 -420  0
3823500 2818500  8 23 11  20.1  994 187  4.8 7 13.2  90    3  208 395 -420  0
3823500 2818500  8 23 12  20.2  993 197  5.2 8 13.4  89    0  135 401 -420  0
3823500 2818500  8 23 13  21.2  992 205  6.3 6 13.6  87   36  301 400 -419  0
3823500 2818500  8 23 14  22.5  991 227  7.4 5 13.5  80   89  329 395 -416  0
3823500 2818500  8 23 15  22.1  990 215  8.6 7 12.8  74   53  273 400 -415  0
3823500 2818500  8 23 16  21.7  990 225  7.4 8 11.8  70   19  202 407 -413  0
3823500 2818500  8 23 17  21.3  991 241  6.0 6 11.0  67   65  194 401 -411  0
3823500 2818500  8 23 18  20.7  991 247  5.4 6 10.7  67  113  131 394 -412  0
3823500 2818500  8 23 19  20.0  992 233  4.4 5 10.7  70   31   63 388 -412  0
3823500 2818500  8 23 20  19.2  992 229  3.1 4 10.9  74    0    9 378 -411  0
3823500 2818500  8 23 21  19.5  992 222  4.1 4 10.5  73    0    0 371 -408  0
3823500 2818500  8 23 22  18.7  993 207  3.3 3 10.1  72    0    0 365 -406  0
3823500 2818500  8 23 23  18.6  993 210  3.5 3 10.1  73    0    0 358 -403  0
3823500 2818500  8 23 24  18.7  993 234  3.7 4 10.1  73    0    0 361 -399  0
3823500 2818500  8 24  1  17.9  993 240  3.8 6 10.1  75    0    0 369 -395  0
3823500 2818500  8 24  2  16.9  993 239  4.0 4 10.0  79    0    0 364 -391  0
3823500 2818500  8 24  3  16.2  993 247  3.8 2  9.8  82    0    0 344 -389  0
3823500 2818500  8 24  4  16.2  994 233  3.5 3  9.8  83    0    0 337 -388  0
3823500 2818500  8 24  5  15.8  994 247  3.8 6  9.6  83    0    0 351 -388  0
3823500 2818500  8 24  6  15.1  995 240  4.0 5  9.5  84    0    9 357 -391  0
3823500 2818500  8 24  7  15.1  995 232  4.3 4  9.3  85   11   57 347 -394  0
3823500 2818500  8 24  8  15.7  996 241  4.8 4  8.9  80   75  122 341 -398  0
3823500 2818500  8 24  9  16.1  997 253  4.3 4  8.3  73   77  192 339 -404  0
3823500 2818500  8 24 10  17.3  997 261  4.3 4  7.8  65  182  236 338 -408  0
3823500 2818500  8 24 11  17.8  998 244  5.1 4  7.3  57  239  271 338 -415  0
3823500 2818500  8 24 12  17.7  998 246  5.6 5  7.1  55  151  308 340 -426  0
3823500 2818500  8 24 13  19.0  999 234  4.7 4  7.3  55  294  293 340 -432  0
3823500 2818500  8 24 14  19.0  999 234  5.0 3  7.4  53  318  270 333 -437  0
3823500 2818500  8 24 15  19.1  999 248  5.4 3  6.7  48  558  104 325 -439  0
3823500 2818500  8 24 16  19.3  999 242  5.6 4  6.1  44  273  191 326 -436  0
3823500 2818500  8 24 17  19.3  999 251  5.0 3  6.1  43  203  147 326 -431  0
3823500 2818500  8 24 18  18.2  999 237  4.1 3  6.4  47   82  107 321 -424  0
3823500 2818500  8 24 19  15.9  999 225  1.6 6  7.5  61   14   45 329 -417  0
3823500 2818500  8 24 20  16.3  999 223  3.4 7  8.2  70    0    7 342 -408  0
3823500 2818500  8 24 21  14.9 1000 261  4.5 7  8.0  71    0    0 344 -398  0
3823500 2818500  8 24 22  13.9 1001 249  3.1 7  8.0  77    0    0 341 -391  0
3823500 2818500  8 24 23  12.9 1002 243  2.6 8  8.2  84    0    0 342 -387  0
3823500 2818500  8 24 24  13.4 1002 232  2.5 7  8.6  89    0    0 339 -383  0
3823500 2818500  8 25  1  13.9 1003 234  3.5 7  8.6  87    0    0 333 -379  0
3823500 2818500  8 25  2  13.6 1003 233  3.4 6  8.5  86    0    0 327 -376  0
3823500 2818500  8 25  3  13.7 1003 228  3.5 6  8.5  86    0    0 322 -374  0
3823500 2818500  8 25  4  14.0 1003 232  3.4 7  8.7  87    0    0 326 -371  0
3823500 2818500  8 25  5  13.6 1004 231  3.3 7  8.7  88    0    0 331 -369  0
3823500 2818500  8 25  6  13.5 1004 224  3.1 7  8.7  89    0    2 332 -367  0
3823500 2818500  8 25  7  13.9 1004 229  3.4 6  8.8  89    2   44 329 -367  0
3823500 2818500  8 25  8  14.3 1005 235  3.0 5  8.9  88   22  120 319 -373  0
3823500 2818500  8 25  9  14.8 1005 237  3.7 7  8.9  86   22  178 319 -385  0
3823500 2818500  8 25 10  16.2 1006 238  3.8 7  9.0  81   67  249 326 -400  0
3823500 2818500  8 25 11  16.8 1006 253  4.4 6  8.8  74  126  291 327 -415  0
3823500 2818500  8 25 12  18.0 1007 256  4.4 5  8.6  69  123  310 325 -426  0
3823500 2818500  8 25 13  18.4 1007 255  4.7 6  8.5  65  156  318 330 -435  0
3823500 2818500  8 25 14  18.8 1007 260  4.2 4  8.2  61  372  256 332 -439  0
3823500 2818500  8 25 15  19.6 1007 253  4.5 4  7.9  56  360  219 334 -439  0
3823500 2818500  8 25 16  19.8 1006 244  3.3 6  7.8  54  187  223 344 -435  0
3823500 2818500  8 25 17  19.0 1006 264  2.1 7  8.0  56   20  151 355 -429  0
3823500 2818500  8 25 18  18.3 1006 265  1.5 6  8.2  61    0   58 356 -422  0
3823500 2818500  8 25 19  17.6 1006 265  1.4 7  8.3  64    0   29 356 -413  0
3823500 2818500  8 25 20  16.8 1006 202  0.7 7  8.5  69    0    5 360 -406  0
3823500 2818500  8 25 21  15.9 1006 358  0.1 8  8.9  76    0    0 364 -401  0
3823500 2818500  8 25 22  14.7 1006 158  0.0 8  9.2  84    0    0 368 -397  0
3823500 2818500  8 25 23  14.6 1006   2  0.1 8  9.5  90    0    0 368 -395  0
3823500 2818500  8 25 24  14.4 1005 144  0.1 8  9.6  92    0    0 369 -392  0
3823500 2818500  8 26  1  14.7 1005 115  0.1 8  9.7  92    0    0 370 -390  0
3823500 2818500  8 26  2  14.5 1004 109  0.1 8  9.7  92    0    0 372 -389  0
3823500 2818500  8 26  3  14.4 1003 121  0.1 8  9.6  92    0    0 374 -388  0
3823500 2818500  8 26  4  14.2 1002 109  0.4 7  9.4  92    0    0 370 -388  0
3823500 2818500  8 26  5  14.1 1001 124  0.7 7  9.4  92    0    0 366 -388  0
3823500 2818500  8 26  6  13.9 1000  99  0.7 7  9.4  92    0    1 366 -389  0
3823500 2818500  8 26  7  13.9 1000 105  0.8 7  9.4  94    0   16 367 -389  0
3823500 2818500  8 26  8  14.1  999  63  0.9 8  9.7  95    0   34 371 -392  0
3823500 2818500  8 26  9  14.6  998 102  1.5 8  9.9  96    0   50 377 -396  0
3823500 2818500  8 26 10  14.4  998  89  1.5 8 10.1  96    0   72 377 -398  0
3823500 2818500  8 26 11  14.5  998  59  2.5 8 10.2  98    0   82 378 -399  0
3823500 2818500  8 26 12  15.3  998 170  2.0 8 10.6  98    0  121 378 -402  0
3823500 2818500  8 26 13  16.0  999  34  0.9 8 11.0  97    0  113 381 -404  0
3823500 2818500  8 26 14  16.2  999 138  1.2 7 11.1  95    0  148 380 -408  0
3823500 2818500  8 26 15  16.9  999 149  1.9 6 11.4  95    4  206 375 -412  0
3823500 2818500  8 26 16  17.9  998 187  2.9 6 11.9  94   18  219 374 -417  0
3823500 2818500  8 26 17  17.8  998 141  2.7 7 12.2  93    1  121 377 -420  0
3823500 2818500  8 26 18  17.1  997 290  2.2 8 12.1  95    0   37 382 -416  0
3823500 2818500  8 26 19  17.3  997 142  1.6 8 12.0  95    0   13 382 -411  0
3823500 2818500  8 26 20  16.9  997 144  2.3 8 11.9  96    0    3 380 -407  0
3823500 2818500  8 26 21  17.0  996 132  1.8 8 12.0  97    0    0 379 -405  0
3823500 2818500  8 26 22  16.9  996 107  1.0 8 12.0  97    0    0 378 -403  0
3823500 2818500  8 26 23  16.9  995  95  1.8 8 12.0  97    0    0 378 -402  0
3823500 2818500  8 26 24  17.0  994 112  2.4 8 11.9  97    0    0 378 -401  0
3823500 2818500  8 27  1  16.9  993  96  0.7 8 12.0  97    0    0 380 -399  0
3823500 2818500  8 27  2  16.9  993 305  0.8 8 12.0  97    0    0 381 -397  0
3823500 2818500  8 27  3  16.8  993 193  1.2 8 11.9  97    0    0 382 -397  0
3823500 2818500  8 27  4  16.7  992 222  1.1 8 11.9  97    0    0 384 -396  0
3823500 2818500  8 27  5  16.6  992 232  1.2 8 11.8  97    0    0 385 -396  0
3823500 2818500  8 27  6  16.7  992 210  1.3 7 11.8  97    0    1 376 -395  0
3823500 2818500  8 27  7  16.7  992 231  1.7 7 11.7  96    0   25 364 -395  0
3823500 2818500  8 27  8  17.0  992 229  2.0 8 11.7  95    0   37 376 -395  0
3823500 2818500  8 27  9  17.2  992 232  2.7 7 11.7  94    0  106 378 -397  0
3823500 2818500  8 27 10  17.0  993 236  2.8 6 11.7  94   14  171 362 -398  0
3823500 2818500  8 27 11  15.3  992 308  3.1 6 11.1  94   36  199 355 -400  0
3823500 2818500  8 27 12  14.5  992 341  2.9 7 10.2  94    0  154 362 -401  0
3823500 2818500  8 27 13  14.2  993 315  4.7 7  9.8  93    0  130 366 -401  0
3823500 2818500  8 27 14  13.0  994 332  4.9 8  9.2  92    0   85 368 -403  0
3823500 2818500  8 27 15  12.8  995 345  5.0 7  8.7  92    0   86 364 -410  0
3823500 2818500  8 27 16  13.3  996 281  4.8 7  8.8  92    0  123 360 -413  0
3823500 2818500  8 27 17  13.4  997 312  4.6 8  8.6  88    0   90 362 -413  0
3823500 2818500  8 27 18  13.8  998 321  2.6 8  8.4  85   25   69 365 -414  0
3823500 2818500  8 27 19  13.6  999 282  1.9 7  8.5  85   10   28 359 -410  0
3823500 2818500  8 27 20  13.3  999 260  1.3 7  8.5  86    0    4 353 -403  0
3823500 2818500  8 27 21  13.2 1000 307  1.7 7  8.3  86    0    0 350 -395  0
3823500 2818500  8 27 22  12.8 1001 325  1.2 7  8.0  85    0    0 347 -391  0
3823500 2818500  8 27 23  12.2 1002 301  2.2 6  7.7  84    0    0 339 -388  0
3823500 2818500  8 27 24  12.0 1003 292  1.8 6  7.6  85    0    0 332 -386  0
3823500 2818500  8 28  1  11.6 1003 296  2.1 6  7.5  86    0    0 329 -383  0
3823500 2818500  8 28  2  11.6 1003 281  2.3 6  7.4  86    0    0 327 -380  0
3823500 2818500  8 28  3  11.0 1004 278  2.6 5  7.4  87    0    0 319 -378  0
3823500 2818500  8 28  4  10.7 1004 284  2.7 5  7.4  90    0    0 313 -377  0
3823500 2818500  8 28  5  10.7 1005 274  2.1 7  7.5  92    0    0 323 -376  0
3823500 2818500  8 28  6  10.6 1005 263  1.9 5  7.5  93    0    9 322 -375  0
3823500 2818500  8 28  7  11.6 1005 255  2.0 3  7.5  91   15   56 304 -375  0
3823500 2818500  8 28  8  12.8 1006 264  2.5 3  7.8  87  109  115 297 -379  0
3823500 2818500  8 28  9  14.3 1006 282  3.4 2  8.0  82  228  152 298 -388  0
3823500 2818500  8 28 10  15.1 1007 278  3.9 4  8.0  76  179  245 309 -398  0
3823500 2818500  8 28 11  16.1 1007 267  3.8 4  7.8  70  165  295 322 -403  0
3823500 2818500  8 28 12  16.5 1007 270  4.1 3  7.7  66  291  294 321 -410  0
3823500 2818500  8 28 13  14.1 1006 278  3.9 6  7.8  71   51  291 329 -413  0
3823500 2818500  8 28 14  12.3 1007 277  3.2 7  8.0  83    0  144 339 -414  0
3823500 2818500  8 28 15  13.8 1007 219  2.3 7  8.1  86   74  260 342 -419  0
3823500 2818500  8 28 16  15.1 1007 329  2.9 4  8.3  81  270  197 335 -419  0
3823500 2818500  8 28 17  16.1 1007 287  3.6 3  8.1  73  271  128 323 -410  0
3823500 2818500  8 28 18  14.8 1007 334  2.2 6  8.0  73  134  100 326 -401  0
3823500 2818500  8 28 19  12.6 1007 302  1.4 7  7.9  80   23   46 334 -397  0
3823500 2818500  8 28 20  11.9 1007 249  0.8 6  7.8  87    0    0 330 -392  0
3823500 2818500  8 28 21  12.1 1007 261  1.3 2  7.6  86    0    0 309 -388  0
3823500 2818500  8 28 22  12.2 1007 224  2.1 4  7.6  85    0    0 301 -385  0
3823500 2818500  8 28 23  12.1 1007 222  1.7 7  7.6  85    0    0 322 -383  0
3823500 2818500  8 28 24  12.1 1007 232  2.6 8  7.5  85    0    0 340 -382  0
3823500 2818500  8 29  1  12.0 1006 219  2.2 8  7.5  85    0    0 343 -382  0
3823500 2818500  8 29  2  12.1 1005 219  2.4 8  7.4  84    0    0 340 -381  0
3823500 2818500  8 29  3  12.1 1005 222  2.4 8  7.5  84    0    0 339 -379  0
3823500 2818500  8 29  4  12.2 1004 230  2.8 7  7.6  85    0    0 335 -378  0
3823500 2818500  8 29  5  12.1 1004 237  2.5 7  7.7  86    0    0 331 -377  0
3823500 2818500  8 29  6  12.0 1004 233  2.7 7  7.8  88    0    5 331 -378  0
3823500 2818500  8 29  7  12.4 1003 242  2.1 6  7.8  88    8   53 327 -378  0
3823500 2818500  8 29  8  12.7 1003 248  2.9 5  8.1  88   27  125 318 -379  0
3823500 2818500  8 29  9  14.1 1003 247  3.2 6  8.3  85   23  182 322 -384  0
3823500 2818500  8 29 10  14.7 1003 242  3.7 6  8.3  80   19  223 330 -389  0
3823500 2818500  8 29 11  15.1 1003 249  3.6 7  8.3  78    4  212 339 -393  0
3823500 2818500  8 29 12  14.7 1002 232  3.7 7  8.2  77    3  220 346 -396  0
3823500 2818500  8 29 13  14.7 1002 229  3.9 8  8.3  78    0  179 352 -399  0
3823500 2818500  8 29 14  14.4 1001 223  3.7 8  8.5  81    0  164 357 -399  0
3823500 2818500  8 29 15  14.0 1000 220  3.7 7  8.7  85    0  141 353 -398  0
3823500 2818500  8 29 16  14.1  999 229  4.3 6  8.7  86   12  186 346 -397  0
3823500 2818500  8 29 17  14.3  998 229  4.5 7  8.5  82    3  128 347 -395  0
3823500 2818500  8 29 18  12.4  997 264  5.0 7  8.1  84    6   88 349 -391  0
3823500 2818500  8 29 19   9.5  997 238 12.5 7  7.3  88   13   45 341 -388  0
3823500 2818500  8 29 20   8.9  997 224  1.4 7  6.5  89    0    0 333 -383  0
3823500 2818500  8 29 21   8.9  997 214  2.4 6  6.6  91    0    0 327 -379  0
3823500 2818500  8 29 22   9.0  996 202  3.3 5  6.7  92    0    0 319 -377  0
3823500 2818500  8 29 23   9.3  995 223  2.1 6  6.8  92    0    0 320 -375  0
3823500 2818500  8 29 24   8.7  994 271  1.9 7  6.7  92    0    0 326 -371  0
3823500 2818500  8 30  1   8.5  994 252  1.7 7  6.5  92    0    0 329 -366  0
3823500 2818500  8 30  2   8.7  994 258  0.9 6  6.5  91    0    0 323 -364  0
3823500 2818500  8 30  3   7.9  994 278  1.0 6  6.4  92    0    0 316 -363  0
3823500 2818500  8 30  4   7.3  995 286  0.4 5  6.2  94    0    0 309 -363  0
3823500 2818500  8 30  5   6.7  995 302  2.4 5  6.1  96    0    0 301 -364  0
3823500 2818500  8 30  6   7.5  996 309  1.2 6  6.1  96    0    5 305 -364  0
3823500 2818500  8 30  7   7.5  997 298  1.5 6  6.3  95    6   47 311 -363  0
3823500 2818500  8 30  8   8.6  998 320  2.1 7  6.5  96   24  110 318 -364  0
3823500 2818500  8 30  9  10.1  999 290  2.8 6  7.0  94  134  161 323 -372  0
3823500 2818500  8 30 10  11.9 1000 311  3.0 5  7.3  88  196  202 318 -379  0
3823500 2818500  8 30 11  12.5 1001 330  3.9 7  7.8  86   10  219 328 -385  0
3823500 2818500  8 30 12  14.3 1002 317  3.9 7  8.2  84   20  245 341 -396  0
3823500 2818500  8 30 13  15.2 1003 356  5.3 5  8.5  80   40  265 338 -403  0
3823500 2818500  8 30 14  14.4 1003 350  5.2 6  8.4  79   36  251 335 -406  0
3823500 2818500  8 30 15  15.7 1004 346  5.4 7  8.5  78   85  233 344 -409  0
3823500 2818500  8 30 16  16.6 1005 354  4.3 4  8.4  73  189  182 341 -404  0
3823500 2818500  8 30 17  16.1 1006 356  3.6 6  8.2  70   76  149 338 -400  0
3823500 2818500  8 30 18  16.0 1006 343  3.3 5  8.0  70   62   92 342 -399  0
3823500 2818500  8 30 19  15.4 1007 342  2.6 3  7.8  70   35   38 329 -396  0
3823500 2818500  8 30 20  14.3 1008 338  2.3 3  7.7  72    0    0 319 -391  0
3823500 2818500  8 30 21  13.5 1009 326  1.8 2  7.8  78    0    0 311 -385  0
3823500 2818500  8 30 22  13.1 1010 321  2.0 3  7.9  83    0    0 309 -380  0
3823500 2818500  8 30 23  12.2 1011 316  2.2 2  7.9  86    0    0 307 -379  0
3823500 2818500  8 30 24  11.6 1011 331  1.5 1  7.8  89    0    0 297 -380  0
3823500 2818500  8 31  1  11.8 1011 310  0.9 2  7.7  90    0    0 296 -381  0
3823500 2818500  8 31  2  10.7 1012 321  1.3 4  7.6  91    0    0 309 -382  0
3823500 2818500  8 31  3  10.5 1012 314  0.9 5  7.5  94    0    0 321 -381  0
3823500 2818500  8 31  4  10.2 1012 304  0.5 4  7.4  94    0    0 320 -379  0
3823500 2818500  8 31  5  10.5 1012 303  0.8 4  7.2  92    0    0 315 -376  0
3823500 2818500  8 31  6  10.1 1013 309  0.5 3  7.2  92    0    5 309 -373  0
3823500 2818500  8 31  7  10.6 1013 314  0.1 1  7.2  92   30   45 294 -372  0
3823500 2818500  8 31  8  12.8 1013 319  0.8 2  7.6  88  146   70 293 -375  0
3823500 2818500  8 31  9  14.3 1014 323  1.8 2  8.0  82  317   64 304 -383  0
3823500 2818500  8 31 10  15.9 1014 315  1.6 4  8.1  75  401   90 318 -394  0
3823500 2818500  8 31 11  16.1 1015 344  1.9 6  7.7  68  203  226 340 -403  0
3823500 2818500  8 31 12  16.4 1015 316  2.7 5  7.3  63  231  239 343 -410  0
3823500 2818500  8 31 13  17.2 1014 308  2.6 4  7.3  61  284  225 336 -416  0
3823500 2818500  8 31 14  17.6 1014 325  2.4 6  7.4  59  188  240 340 -420  0
3823500 2818500  8 31 15  17.4 1014 321  2.7 5  7.5  60   61  222 343 -424  0
3823500 2818500  8 31 16  15.7 1014 315  1.8 5  7.8  67  108  184 336 -427  0
3823500 2818500  8 31 17  15.5 1014 310  1.5 7  8.0  73   27  140 340 -422  0
3823500 2818500  8 31 18  15.7 1014 334  0.5 7  8.2  74   42   89 349 -411  0
3823500 2818500  8 31 19  14.9 1013 323  0.6 6  8.2  76   10   35 344 -402  0
3823500 2818500  8 31 20  13.9 1013 341  0.7 5  8.0  78    0    0 330 -393  0
3823500 2818500  8 31 21  11.9 1014 323  0.2 3  7.8  84    0    0 313 -386  0
3823500 2818500  8 31 22  10.0 1014 311  0.1 1  7.5  92    0    0 290 -382  0
3823500 2818500  8 31 23   9.4 1014 265  0.1 2  7.2  96    0    0 280 -378  0
3823500 2818500  8 31 24   8.8 1014 249  0.3 2  7.0  97    0    0 281 -374  0
3823500 2818500  9  1  1   9.7 1014 286  0.1 5  7.1  95    0    0 308 -370  0
3823500 2818500  9  1  2   9.7 1014 251  0.2 6  7.2  95    0    0 315 -369  0
3823500 2818500  9  1  3  10.0 1013 289  0.7 6  7.3  96    0    0 324 -367  0
3823500 2818500  9  1  4  10.3 1013 276  0.6 7  7.3  95    0    0 331 -366  0
3823500 2818500  9  1  5  10.6 1013 299  0.3 7  7.4  94    0    0 336 -366  0
3823500 2818500  9  1  6  10.6 1013 260  0.6 8  7.5  94    0    1 343 -366  0
3823500 2818500  9  1  7  10.9 1013 246  0.5 8  7.7  95    0   23 350 -366  0
3823500 2818500  9  1  8  11.4 1012 250  0.8 8  7.8  94    0   68 352 -370  0
3823500 2818500  9  1  9  11.8 1012 277  1.0 8  8.0  93    0  115 354 -380  0
3823500 2818500  9  1 10  12.6 1013 296  1.3 8  8.1  92    0  164 356 -391  0
3823500 2818500  9  1 11  14.1 1013 282  1.4 8  8.3  87    0  186 358 -397  0
3823500 2818500  9  1 12  15.1 1013 304  2.0 7  8.3  80    9  247 354 -403  0
3823500 2818500  9  1 13  15.7 1013 293  2.1 7  7.9  72   30  286 351 -411  0
3823500 2818500  9  1 14  16.1 1012 291  2.5 6  7.8  69   80  302 349 -416  0
3823500 2818500  9  1 15  16.1 1012 310  2.0 5  7.9  69  146  269 342 -419  0
3823500 2818500  9  1 16  16.0 1012 305  1.9 7  7.9  69   25  196 346 -416  0
3823500 2818500  9  1 17  15.9 1012 289  1.1 8  7.8  69    1  107 357 -411  0
3823500 2818500  9  1 18  15.9 1011  17  0.9 7  7.9  70   40   83 357 -406  0
3823500 2818500  9  1 19  14.8 1011 329  0.3 6  8.1  74   20   23 347 -401  0
3823500 2818500  9  1 20  13.2 1011 258  0.1 5  8.2  82    0    0 333 -394  0
3823500 2818500  9  1 21  11.7 1012 277  0.0 3  8.0  89    0    0 313 -388  0
3823500 2818500  9  1 22  10.9 1012 319  0.0 2  7.8  93    0    0 294 -384  0
3823500 2818500  9  1 23  10.1 1012 289  0.1 0  7.5  94    0    0 278 -379  0
3823500 2818500  9  1 24   9.5 1012 247  0.1 0  7.2  95    0    0 267 -375  0
3823500 2818500  9  2  1   8.6 1012 304  0.0 0  6.9  96    0    0 262 -372  0
3823500 2818500  9  2  2   7.7 1012 323  0.0 0  6.6  97    0    0 257 -369  0
3823500 2818500  9  2  3   7.7 1011 217  0.3 0  6.4  97    0    0 254 -367  0
3823500 2818500  9  2  4   6.8 1011 223  0.4 1  6.2  98    0    0 254 -366  0
3823500 2818500  9  2  5   7.4 1011 272  0.4 3  6.3  99    0    0 264 -365  0
3823500 2818500  9  2  6   8.7 1011 262  0.4 5  6.6  98    0    1 281 -366  0
3823500 2818500  9  2  7   9.1 1011 229  0.5 5  7.0  98   17   35 291 -369  0
3823500 2818500  9  2  8  10.8 1011 264  0.4 4  7.5  98   63   92 293 -374  0
3823500 2818500  9  2  9  12.8 1011 281  0.8 7  8.2  94   60  161 308 -383  0
3823500 2818500  9  2 10  13.7 1012 300  1.5 7  8.6  91   65  215 327 -393  0
3823500 2818500  9  2 11  15.2 1012 319  2.6 8  8.8  85    7  209 338 -403  0
3823500 2818500  9  2 12  16.0 1012 307  2.4 7  8.8  79   41  261 346 -411  0
3823500 2818500  9  2 13  15.7 1011 285  1.4 6  8.9  79   32  260 342 -415  0
3823500 2818500  9  2 14  15.2 1011 304  1.8 8  9.2  84    0  146 348 -411  0
3823500 2818500  9  2 15  14.6 1011 303  2.2 7  9.3  88   35  220 354 -408  0
3823500 2818500  9  2 16  15.0 1011 293  1.6 7  9.2  88   12  163 349 -410  0
3823500 2818500  9  2 17  15.3 1011 280  1.3 7  9.3  86   55  134 351 -406  0
3823500 2818500  9  2 18  14.9 1011 293  1.2 7  9.4  87   75   55 351 -404  0
3823500 2818500  9  2 19  14.2 1011 299  0.5 7  9.3  89   21   16 349 -403  0
3823500 2818500  9  2 20  13.4 1011 298  0.8 7  9.1  92    0    0 344 -395  0
3823500 2818500  9  2 21  12.9 1012 319  0.4 6  8.9  94    0    0 335 -386  0
3823500 2818500  9  2 22  12.9 1012 317  0.2 4  8.8  95    0    0 322 -379  0
3823500 2818500  9  2 23  12.0 1012 329  0.6 3  8.7  96    0    0 309 -374  0
3823500 2818500  9  2 24  10.8 1012 316  0.4 1  8.2  97    0    0 295 -370  0
3823500 2818500  9  3  1  10.3 1012 302  0.3 2  7.7  97    0    0 289 -367  0
3823500 2818500  9  3  2   9.8 1012 300  0.6 3  7.5  97    0    0 294 -365  0
3823500 2818500  9  3  3   9.4 1012 262  0.6 1  7.3  98    0    0 289 -363  0
3823500 2818500  9  3  4   9.4 1012 245  0.5 2  7.2  98    0    0 285 -362  0
3823500 2818500  9  3  5   8.5 1012 236  0.5 4  7.0  98    0    0 293 -361  0
3823500 2818500  9  3  6   8.4 1012 222  0.4 6  6.8  98    0    1 303 -360  0
3823500 2818500  9  3  7   8.7 1012 271  0.3 7  6.8  98   11   43 313 -360  0
3823500 2818500  9  3  8  10.3 1013 259  0.4 4  7.4  99   84  116 309 -365  0
3823500 2818500  9  3  9  12.9 1013 153  0.8 4  8.3  97  190  168 307 -377  0
3823500 2818500  9  3 10  14.0 1013 333  1.0 6  8.7  91  103  261 321 -392  0
3823500 2818500  9  3 11  15.3 1013 295  0.9 6  8.7  83   71  303 333 -407  0
3823500 2818500  9  3 12  16.4 1013  47  1.1 6  8.5  76  162  339 337 -418  0
3823500 2818500  9  3 13  17.0 1013 325  1.1 5  8.5  71  183  343 337 -427  0
3823500 2818500  9  3 14  17.6 1013 290  0.7 5  8.3  67   88  319 334 -427  0
3823500 2818500  9  3 15  17.9 1012 336  0.7 7  8.2  64   19  236 343 -425  0
3823500 2818500  9  3 16  18.0 1012 284  0.9 8  8.2  64    0  142 352 -422  0
3823500 2818500  9  3 17  17.7 1011 288  1.0 8  8.2  64   16  146 357 -416  0
3823500 2818500  9  3 18  17.4 1011 272  0.8 7  8.4  67   40   88 354 -410  0
3823500 2818500  9  3 19  15.7 1011  48  0.1 7  8.7  74   15   24 351 -401  0
3823500 2818500  9  3 20  14.2 1011 278  0.5 7  8.6  81    0    0 347 -392  0
3823500 2818500  9  3 21  13.9 1011 356  0.1 7  8.7  86    0    0 346 -384  0
3823500 2818500  9  3 22  13.5 1012 358  0.0 7  8.7  89    0    0 346 -377  0
3823500 2818500  9  3 23  12.6 1012 344  0.1 6  8.6  92    0    0 341 -371  0
3823500 2818500  9  3 24  12.0 1012 337  0.0 4  8.4  94    0    0 325 -368  0
3823500 2818500  9  4  1  11.9 1012   0  0.1 4  8.3  95    0    0 314 -365  0
3823500 2818500  9  4  2  11.7 1011 331  0.0 3  8.2  95    0    0 308 -362  0
3823500 2818500  9  4  3  10.8 1011 331  1.2 2  8.1  96    0    0 296 -361  0
3823500 2818500  9  4  4   9.6 1011 344  0.5 1  7.7  99    0    0 283 -360  0
3823500 2818500  9  4  5   8.8 1011 301  0.4 0  7.2  99    0    0 269 -360  0
3823500 2818500  9  4  6   8.3 1011 331  0.7 1  6.8  98    0    0 265 -360  0
3823500 2818500  9  4  7   8.6 1012 342  0.3 2  6.8  98   30   36 272 -360  0
3823500 2818500  9  4  8  11.3 1012 322  0.6 2  7.5  98  150   71 280 -364  0
3823500 2818500  9  4  9  13.9 1012 357  1.4 1  8.1  89  302   79 283 -374  0
3823500 2818500  9  4 10  15.2 1013 352  1.8 2  8.0  78  271  177 289 -385  0
3823500 2818500  9  4 11  15.7 1013   2  2.2 3  7.7  70  245  248 301 -395  0
3823500 2818500  9  4 12  16.8 1013   1  2.4 5  7.2  63  197  295 316 -408  0
3823500 2818500  9  4 13  16.9 1013  14  2.5 4  6.9  58  263  280 320 -416  0
3823500 2818500  9  4 14  17.7 1013   1  2.3 2  6.9  56  508  132 311 -415  0
3823500 2818500  9  4 15  17.8 1013 344  2.2 1  6.6  52  578   51 303 -416  0
3823500 2818500  9  4 16  18.9 1013 355  1.6 1  6.6  50  457   64 302 -419  0
3823500 2818500  9  4 17  17.6 1012 353  1.9 1  6.9  53  235   91 300 -419  0
3823500 2818500  9  4 18  17.0 1013 348  1.4 3  7.1  58   81   76 300 -412  0
3823500 2818500  9  4 19  15.4 1013  50  0.5 3  7.3  64   21   21 300 -401  0
3823500 2818500  9  4 20  12.6 1013  41  0.3 2  7.7  77    0    0 290 -390  0
3823500 2818500  9  4 21  11.3 1014  52  0.1 1  7.7  88    0    0 278 -381  0
3823500 2818500  9  4 22  10.6 1014  57  0.0 2  7.4  91    0    0 273 -375  0
3823500 2818500  9  4 23  10.2 1014  53  0.7 2  7.2  91    0    0 274 -370  0
3823500 2818500  9  4 24  10.4 1014  64  0.6 1  7.0  89    0    0 271 -366  0
3823500 2818500  9  5  1   9.6 1014  66  0.8 0  6.7  88    0    0 263 -363  0
3823500 2818500  9  5  2   9.2 1014  71  0.9 0  6.5  89    0    0 258 -361  0
3823500 2818500  9  5  3   8.2 1014  49  0.6 0  6.4  91    0    0 256 -359  0
3823500 2818500  9  5  4   7.4 1014  63  0.8 0  6.2  94    0    0 253 -358  0
3823500 2818500  9  5  5   7.5 1015  54  0.7 0  6.1  95    0    0 252 -356  0
3823500 2818500  9  5  6   7.0 1015  53  0.6 1  6.0  95    0    0 254 -355  0
3823500 2818500  9  5  7   8.1 1015  44  0.2 1  6.1  95   31   35 257 -354  0
3823500 2818500  9  5  8  10.4 1015  77  0.8 0  6.6  91  157   65 257 -358  0
3823500 2818500  9  5  9  12.2 1015  78  1.7 1  7.1  85  317   67 263 -368  0
3823500 2818500  9  5 10  13.6 1015  82  2.6 1  7.3  79  447   91 272 -382  0
3823500 2818500  9  5 11  15.3 1015  92  2.6 1  7.3  72  592   52 278 -396  0
3823500 2818500  9  5 12  16.3 1015  92  2.2 2  7.3  65  410  195 287 -409  0
3823500 2818500  9  5 13  16.6 1015  95  2.4 3  7.0  60  274  271 296 -418  0
3823500 2818500  9  5 14  17.0 1014  89  2.2 3  6.7  56  167  285 301 -423  0
3823500 2818500  9  5 15  17.1 1014  86  2.9 4  6.6  55  295  200 306 -423  0
3823500 2818500  9  5 16  17.7 1014  92  2.6 4  6.6  53  403   77 310 -419  0
3823500 2818500  9  5 17  17.5 1014  84  2.3 2  6.7  53  275   73 305 -413  0
3823500 2818500  9  5 18  17.0 1014  89  1.8 0  6.7  54  148   62 291 -404  0
3823500 2818500  9  5 19  15.5 1013  86  0.9 2  6.7  58   24   21 287 -393  0
3823500 2818500  9  5 20  13.7 1014  67  0.6 1  6.8  66    0    0 284 -382  0
3823500 2818500  9  5 21  12.6 1014  70  0.5 0  6.8  73    0    0 273 -374  0
3823500 2818500  9  5 22  11.5 1014  88  0.4 0  6.8  78    0    0 265 -369  0
3823500 2818500  9  5 23  11.0 1014  74  0.2 0  6.7  81    0    0 263 -366  0
3823500 2818500  9  5 24  11.0 1014  96  0.5 0  6.7  82    0    0 262 -363  0
3823500 2818500  9  6  1  10.9 1014  96  0.4 0  6.6  81    0    0 262 -361  0
3823500 2818500  9  6  2   9.9 1014  91  0.3 0  6.5  82    0    0 260 -359  0
3823500 2818500  9  6  3  10.2 1014  83  0.3 0  6.4  83    0    0 259 -357  0
3823500 2818500  9  6  4   9.6 1013  89  0.1 0  6.3  82    0    0 259 -355  0
3823500 2818500  9  6  5   9.1 1013  97  0.1 0  6.1  84    0    0 258 -353  0
3823500 2818500  9  6  6   8.7 1013  80  0.2 0  6.1  85    0    0 257 -351  0
3823500 2818500  9  6  7   9.7 1013 101  0.4 1  6.1  85   18   42 262 -351  0
3823500 2818500  9  6  8  11.9 1013  99  0.8 0  6.4  79  111   96 265 -354  0
3823500 2818500  9  6  9  14.2 1013 110  1.5 0  6.6  70  233  129 266 -363  0
3823500 2818500  9  6 10  15.7 1012 104  2.7 0  6.5  61  381  130 271 -377  0
3823500 2818500  9  6 11  16.9 1012  91  2.9 0  6.3  54  506  123 276 -392  0
3823500 2818500  9  6 12  17.5 1011 116  3.9 0  6.0  49  597  109 279 -405  0
3823500 2818500  9  6 13  18.4 1010 120  4.0 1  5.9  46  611  111 287 -414  0
3823500 2818500  9  6 14  18.9 1009 115  3.6 1  5.9  44  589  107 294 -420  0
3823500 2818500  9  6 15  19.0 1009 112  3.2 1  5.7  41  522  102 296 -422  0
3823500 2818500  9  6 16  18.9 1007 108  5.2 1  5.6  41  402  103 297 -421  0
3823500 2818500  9  6 17  18.7 1007 107  2.7 2  5.7  42  263   97 302 -415  0
3823500 2818500  9  6 18  18.0 1006 105  1.6 2  5.6  42  123   77 305 -407  0
3823500 2818500  9  6 19  16.5 1006  96  1.6 3  5.5  44   17   23 306 -399  0
3823500 2818500  9  6 20  15.4 1005  85  0.5 3  5.5  49    0    0 307 -390  0
3823500 2818500  9  6 21  14.7 1005 100  0.6 3  5.6  52    0    0 303 -383  0
3823500 2818500  9  6 22  14.1 1005  99  0.5 3  5.6  55    0    0 301 -378  0
3823500 2818500  9  6 23  13.9 1005 106  0.9 4  5.7  57    0    0 306 -376  0
3823500 2818500  9  6 24  13.6 1004 107  0.9 4  5.6  57    0    0 310 -373  0
3823500 2818500  9  7  1  13.8 1004 105  1.5 5  5.7  57    0    0 315 -372  0
3823500 2818500  9  7  2  13.3 1003 102  1.6 7  5.8  59    0    0 329 -370  0
3823500 2818500  9  7  3  13.2 1002 101  1.3 6  5.8  61    0    0 334 -369  0
3823500 2818500  9  7  4  12.9 1001 106  1.4 6  5.8  62    0    0 329 -368  0
3823500 2818500  9  7  5  12.9 1001 105  3.2 7  5.8  62    0    0 333 -366  0
3823500 2818500  9  7  6  12.8 1000 104  2.7 7  5.8  62    0    0 338 -365  0
3823500 2818500  9  7  7  13.5  999  99  2.8 8  5.8  61    0    6 344 -365  0
3823500 2818500  9  7  8  13.1  999 106  2.1 7  5.8  60    0   24 346 -368  0
3823500 2818500  9  7  9  12.7  999 102  1.6 7  5.9  63    0   49 341 -375  0
3823500 2818500  9  7 10  12.6  999  98  1.0 7  6.0  65    0   57 340 -380  0
3823500 2818500  9  7 11  12.2 1000 100  0.8 7  6.3  69    0   86 340 -383  0
3823500 2818500  9  7 12  12.2  999 103  1.4 7  6.7  75    0   93 341 -385  0
3823500 2818500  9  7 13  12.8  999  99  1.3 8  7.0  76    0   86 349 -385  0
3823500 2818500  9  7 14  13.5  999 121  1.6 8  7.0  74    0   89 357 -386  0
3823500 2818500  9  7 15  13.5  998 143  2.3 8  7.1  73    0   77 358 -390  0
3823500 2818500  9  7 16  13.3  998 145  2.7 8  7.2  74    0   50 356 -392  0
3823500 2818500  9  7 17  12.9  998 124  1.7 7  7.3  76    0   85 349 -390  0
3823500 2818500  9  7 18  13.5  998 117  1.6 6  7.4  77   52   43 340 -388  0
3823500 2818500  9  7 19  13.5  998 113  1.3 8  7.5  77    0   14 344 -388  0
3823500 2818500  9  7 20  13.3  998 128  1.1 8  7.7  79    0    0 352 -387  0
3823500 2818500  9  7 21  13.3  998 106  1.0 8  7.7  80    0    0 352 -385  0
3823500 2818500  9  7 22  13.7  998 103  0.5 8  7.7  78    0    0 352 -383  0
3823500 2818500  9  7 23  14.2  997 107  0.8 7  7.6  76    0    0 348 -382  0
3823500 2818500  9  7 24  14.2  997 100  1.0 7  7.5  73    0    0 343 -381  0
3823500 2818500  9  8  1  14.5  997 100  1.1 8  7.4  72    0    0 347 -380  0
3823500 2818500  9  8  2  14.1  996  78  1.3 8  7.4  72    0    0 351 -380  0
3823500 2818500  9  8  3  14.1  996  87  1.7 8  7.4  72    0    0 350 -380  0
3823500 2818500  9  8  4  14.4  995  83  1.8 8  7.3  71    0    0 351 -380  0
3823500 2818500  9  8  5  14.1  995  94  1.9 8  7.3  71    0    0 352 -379  0
3823500 2818500  9  8  6  12.8  994 100  1.6 8  7.7  78    0    0 350 -379  0
3823500 2818500  9  8  7  12.5  994 102  2.3 8  8.2  88    0   13 348 -378  0
3823500 2818500  9  8  8  12.8  994  98  2.1 7  8.4  90    0   68 342 -378  0
3823500 2818500  9  8  9  13.9  994 102  2.6 7  8.5  87   11  141 339 -378  0
3823500 2818500  9  8 10  14.6  994 110  2.4 7  8.7  84   12  188 341 -378  0
3823500 2818500  9  8 11  14.6  994 116  2.9 6  8.9  84   17  219 340 -378  0
3823500 2818500  9  8 12  15.7  995 113  3.2 6  9.2  84   16  228 339 -378  0
3823500 2818500  9  8 13  15.4  995 110  2.3 7  9.5  84    1  190 347 -379  0
3823500 2818500  9  8 14  14.9  995 103  2.9 7  9.7  88    0  123 352 -380  0
3823500 2818500  9  8 15  15.0  995 107  3.2 6  9.8  91    3  171 347 -380  0
3823500 2818500  9  8 16  15.4  996 106  2.8 7  9.9  90    1  135 349 -380  0
3823500 2818500  9  8 17  15.5  996 110  3.0 7 10.0  90    1   91 355 -380  0
3823500 2818500  9  8 18  15.4  996 118  2.7 8 10.0  89    0   43 360 -380  0
3823500 2818500  9  8 19  15.2  996 104  2.4 8  9.9  89    0    4 366 -381  0
3823500 2818500  9  8 20  15.0  996 112  2.0 8  9.9  90    0    0 365 -381  0
3823500 2818500  9  8 21  15.1  997 109  1.9 7  9.9  90    0    0 361 -381  0
3823500 2818500  9  8 22  15.2  997 108  1.5 7  9.8  90    0    0 356 -382  0
3823500 2818500  9  8 23  14.4  997 101  1.1 5  9.7  90    0    0 346 -382  0
3823500 2818500  9  8 24  13.8  997 109  1.1 4  9.5  92    0    0 327 -382  0
3823500 2818500  9  9  1  13.1  998 119  0.3 4  9.2  94    0    0 322 -382  0
3823500 2818500  9  9  2  12.7  998 111  0.5 2  8.9  94    0    0 312 -382  0
3823500 2818500  9  9  3  11.5  998 104  0.4 1  8.6  96    0    0 294 -381  0
3823500 2818500  9  9  4  11.2  998 130  0.5 3  8.4  98    0    0 295 -381  0
3823500 2818500  9  9  5  12.2  999 142  0.2 7  8.5  97    0    0 327 -380  0
3823500 2818500  9  9  6  11.9  999 158  0.1 7  8.7  97    0    0 350 -379  0
3823500 2818500  9  9  7  12.4 1000 162  0.1 7  8.8  97    0   26 350 -378  0
3823500 2818500  9  9  8  13.5 1000 186  0.3 7  9.2  97   11   93 352 -379  0
3823500 2818500  9  9  9  14.2 1001 202  0.5 8  9.7  96    5  136 362 -380  0
3823500 2818500  9  9 10  15.1 1002 239  0.8 8 10.0  95    0  102 370 -381  0
3823500 2818500  9  9 11  15.9 1002 254  1.5 7 10.1  91    0  109 368 -384  0
3823500 2818500  9  9 12  16.2 1003 276  2.0 8 10.0  87    0  146 370 -389  0
3823500 2818500  9  9 13  17.0 1003 266  2.1 7  9.9  82   10  231 373 -393  0
3823500 2818500  9  9 14  17.2 1004 271  1.8 7  9.9  80   41  251 371 -398  0
3823500 2818500  9  9 15  18.3 1004 244  1.5 6 10.0  78   26  215 370 -402  0
3823500 2818500  9  9 16  17.8 1005 274  2.8 7  9.9  76   10  161 370 -402  0
3823500 2818500  9  9 17  17.4 1005 270  1.7 7 10.0  79   15  123 371 -403  0
3823500 2818500  9  9 18  17.7 1005 283  1.6 5 10.0  79   32   63 360 -403  0
3823500 2818500  9  9 19  16.4 1006 259  0.9 6  9.7  79    6   15 352 -398  0
3823500 2818500  9  9 20  14.8 1006 248  0.8 6  9.4  84    0    0 351 -390  0
3823500 2818500  9  9 21  13.0 1008 253  0.7 3  9.2  92    0    0 330 -384  0
3823500 2818500  9  9 22  12.5 1008 240  0.9 3  8.9  96    0    0 310 -380  0
3823500 2818500  9  9 23  12.3 1008 234  0.5 3  8.7  96    0    0 306 -378  0
3823500 2818500  9  9 24  12.0 1009 220  0.3 3  8.6  97    0    0 304 -375  0
3823500 2818500  9 10  1  12.3 1009 219  0.1 2  8.5  96    0    0 299 -372  0
3823500 2818500  9 10  2  12.5 1009 209  0.4 3  8.6  95    0    0 304 -371  0
3823500 2818500  9 10  3  12.7 1009 220  0.2 7  8.8  96    0    0 334 -371  0
3823500 2818500  9 10  4  13.3 1010 230  0.5 7  9.2  97    0    0 357 -371  0
3823500 2818500  9 10  5  13.3 1009 221  0.9 5  9.3  97    0    0 350 -372  0
3823500 2818500  9 10  6  13.5 1010 228  0.8 6  9.4  97    0    0 346 -374  0
3823500 2818500  9 10  7  13.7 1010 217  0.8 8  9.5  97    0   24 364 -376  0
3823500 2818500  9 10  8  13.8 1010 226  1.7 7  9.5  96    0   56 371 -378  0
3823500 2818500  9 10  9  14.2 1011 231  2.1 8  9.5  95    0   84 373 -384  0
3823500 2818500  9 10 10  14.3 1011 226  2.6 8  9.6  94    0   96 380 -392  0
3823500 2818500  9 10 11  14.8 1011 221  2.4 7  9.7  93    0  139 375 -398  0
3823500 2818500  9 10 12  15.6 1012 228  2.5 6  9.8  91   12  204 366 -403  0
3823500 2818500  9 10 13  16.3 1012 214  2.3 6  9.9  87   37  218 364 -408  0
3823500 2818500  9 10 14  17.2 1012 213  2.2 7 10.0  84   12  192 371 -411  0
3823500 2818500  9 10 15  17.2 1012 222  2.0 7 10.0  82    0  116 376 -411  0
3823500 2818500  9 10 16  17.1 1012 212  1.4 7 10.0  82    0   69 376 -411  0
3823500 2818500  9 10 17  16.4 1011 231  1.7 8  9.8  82    3   89 378 -409  0
3823500 2818500  9 10 18  15.5 1011 217  1.2 7  9.5  83   54   32 376 -404  0
3823500 2818500  9 10 19  14.8 1011 206  1.2 7  9.4  87   13   13 370 -396  0
3823500 2818500  9 10 20  14.0 1011 202  1.2 8  9.5  92    0    0 372 -391  0
3823500 2818500  9 10 21  14.3 1012 178  1.2 8  9.5  94    0    0 377 -391  0
3823500 2818500  9 10 22  14.5 1012 185  2.5 7  9.6  94    0    0 374 -390  0
3823500 2818500  9 10 23  14.5 1012 193  2.4 7  9.7  94    0    0 370 -388  0
3823500 2818500  9 10 24  14.4 1012 177  1.9 7  9.7  94    0    0 370 -388  0
3823500 2818500  9 11  1  14.5 1011 190  1.6 8  9.7  94    0    0 375 -389  0
3823500 2818500  9 11  2  14.9 1011 174  1.7 8  9.8  93    0    0 380 -389  0
3823500 2818500  9 11  3  14.9 1011 178  1.8 8  9.8  92    0    0 380 -389  0
3823500 2818500  9 11  4  15.0 1010 192  1.6 6  9.8  92    0    0 370 -389  0
3823500 2818500  9 11  5  15.0 1010 191  1.8 6  9.7  90    0    0 359 -389  0
3823500 2818500  9 11  6  14.7 1010 194  1.4 6  9.5  90    0    0 358 -390  0
3823500 2818500  9 11  7  14.8 1010 182  1.3 6  9.4  89    0    6 355 -390  0
3823500 2818500  9 11  8  15.6 1010 184  1.5 7  9.5  87    0   69 360 -391  0
3823500 2818500  9 11  9  16.6 1010 190  2.2 7  9.7  84    7  144 367 -397  0
3823500 2818500  9 11 10  18.1 1010 191  2.4 7  9.9  80  102  239 371 -405  0
3823500 2818500  9 11 11  19.8 1010 190  3.5 6 10.0  72  284  246 372 -413  0
3823500 2818500  9 11 12  20.9 1010 203  3.4 5  9.7  65  407  227 367 -422  0
3823500 2818500  9 11 13  21.5 1009 198  4.2 4  9.6  61  434  222 360 -428  0
3823500 2818500  9 11 14  21.8 1009 201  3.8 5  9.6  59  435  201 363 -433  0
3823500 2818500  9 11 15  22.2 1009 203  3.4 5  9.5  57  356  192 367 -435  0
3823500 2818500  9 11 16  22.2 1009 207  3.6 5  9.6  57  284  161 367 -434  0
3823500 2818500  9 11 17  22.2 1009 191  2.7 5  9.7  58  171  128 366 -432  0
3823500 2818500  9 11 18  21.3 1008 187  1.6 3  9.9  60   19   67 357 -428  0
3823500 2818500  9 11 19  18.9 1008 170  0.7 3 10.2  69    0   14 343 -422  0
3823500 2818500  9 11 20  16.7 1008 161  0.5 3 10.2  79    0    0 333 -416  0
3823500 2818500  9 11 21  15.2 1009 148  0.1 3  9.9  87    0    0 325 -413  0
3823500 2818500  9 11 22  15.2 1009 175  0.3 3  9.7  90    0    0 321 -411  0
3823500 2818500  9 11 23  15.0 1009 147  0.5 3  9.6  89    0    0 322 -408  0
3823500 2818500  9 11 24  15.2 1009 162  0.4 3  9.5  88    0    0 323 -406  0
3823500 2818500  9 12  1  14.3 1009 165  0.3 5  9.4  89    0    0 330 -406  0
3823500 2818500  9 12  2  14.7 1009 172  0.3 7  9.4  91    0    0 346 -404  0
3823500 2818500  9 12  3  14.3 1009 166  0.6 6  9.4  90    0    0 350 -401  0
3823500 2818500  9 12  4  14.0 1009 174  0.7 6  9.2  91    0    0 344 -400  0
3823500 2818500  9 12  5  13.9 1009 170  0.1 7  9.1  91    0    0 347 -400  0
3823500 2818500  9 12  6  13.5 1009 224  0.4 7  9.1  92    0    0 352 -400  0
3823500 2818500  9 12  7  13.6 1009 202  0.3 7  9.2  95    0    5 352 -400  0
3823500 2818500  9 12  8  14.8 1009 165  0.2 8  9.6  94    0   31 361 -401  0
3823500 2818500  9 12  9  15.7 1009 157  1.0 7 10.1  92    6  115 365 -402  0
3823500 2818500  9 12 10  16.4 1010 222  0.9 7 10.4  90    0  126 365 -402  0
3823500 2818500  9 12 11  16.9 1010 265  1.0 8 10.6  89    0   65 372 -401  0
3823500 2818500  9 12 12  16.4 1011 280  1.6 7 10.6  89    0   99 374 -401  0
3823500 2818500  9 12 13  15.4 1011 260  2.7 7 10.3  90    0  101 370 -404  0
3823500 2818500  9 12 14  15.1 1011 247  2.1 8 10.0  92    0   73 373 -410  0
3823500 2818500  9 12 15  14.8 1011 252  1.7 7  9.8  92    0   86 373 -416  0
3823500 2818500  9 12 16  14.8 1011 238  0.9 8  9.9  93    0   64 372 -415  0
3823500 2818500  9 12 17  14.8 1011 266  1.3 7  9.9  94    0   69 371 -412  0
3823500 2818500  9 12 18  14.6 1011 248  1.7 7  9.9  94    3   46 367 -409  0
3823500 2818500  9 12 19  14.4 1012 277  0.4 8  9.8  95    0    2 369 -404  0
3823500 2818500  9 12 20  14.0 1012 251  0.0 8  9.7  95    0    0 372 -398  0
3823500 2818500  9 12 21  13.3 1012 259  0.1 7  9.4  96    0    0 364 -391  0
3823500 2818500  9 12 22  12.9 1013 281  0.6 6  9.1  96    0    0 352 -386  0
3823500 2818500  9 12 23  12.1 1013 285  0.5 4  8.8  97    0    0 334 -385  0
3823500 2818500  9 12 24  11.3 1014 275  0.7 3  8.4  98    0    0 316 -385  0
3823500 2818500  9 13  1  11.0 1014 275  0.3 2  8.1  98    0    0 302 -384  0
3823500 2818500  9 13  2  10.6 1014 254  0.9 2  7.9  98    0    0 296 -385  0
3823500 2818500  9 13  3  10.5 1014 234  1.0 2  7.7  96    0    0 295 -385  0
3823500 2818500  9 13  4  10.0 1015 263  0.8 2  7.5  96    0    0 294 -386  0
3823500 2818500  9 13  5   9.7 1015 248  0.1 3  7.4  97    0    0 298 -386  0
3823500 2818500  9 13  6  10.5 1015 245  0.4 3  7.5  97    0    0 304 -385  0
3823500 2818500  9 13  7  10.9 1015 247  0.6 6  7.8  97    0   24 319 -384  0
3823500 2818500  9 13  8  12.0 1016 253  0.5 6  8.2  97   11   89 335 -384  0
3823500 2818500  9 13  9  13.2 1016 270  0.9 5  8.6  94   82  158 332 -387  0
3823500 2818500  9 13 10  14.5 1016 276  0.9 5  8.8  90  197  188 330 -392  0
3823500 2818500  9 13 11  16.0 1017 275  1.4 4  8.6  80  282  209 328 -398  0
3823500 2818500  9 13 12  17.1 1017 256  2.4 4  8.2  70  327  222 327 -406  0
3823500 2818500  9 13 13  16.7 1016 268  2.2 6  7.8  66   51  259 336 -411  0
3823500 2818500  9 13 14  17.1 1016 255  2.2 6  7.6  63   78  251 345 -412  0
3823500 2818500  9 13 15  17.1 1016 250  2.5 5  7.6  63  123  224 343 -412  0
3823500 2818500  9 13 16  16.8 1016 230  2.3 7  7.9  66   14  157 348 -409  0
3823500 2818500  9 13 17  17.1 1016 226  1.8 7  8.3  69   23  122 356 -406  0
3823500 2818500  9 13 18  16.5 1015 231  1.8 6  8.3  70   37   60 354 -402  0
3823500 2818500  9 13 19  15.2 1015 222  1.6 6  8.2  73    2   13 348 -397  0
3823500 2818500  9 13 20  14.4 1015 214  1.5 6  8.0  76    0    0 345 -392  0
3823500 2818500  9 13 21  13.6 1015 206  1.4 7  7.8  78    0    0 347 -389  0
3823500 2818500  9 13 22  14.1 1014 203  1.1 7  7.7  78    0    0 352 -388  0
3823500 2818500  9 13 23  14.0 1014 219  2.7 8  7.7  77    0    0 357 -387  0
3823500 2818500  9 13 24  13.4 1013 207  2.1 8  7.9  80    0    0 362 -386  0
3823500 2818500  9 14  1  13.2 1012 206  2.9 7  8.1  85    0    0 360 -385  0
3823500 2818500  9 14  2  12.9 1012 208  2.7 7  8.3  88    0    0 356 -384  0
3823500 2818500  9 14  3  13.2 1011 217  3.2 8  8.4  90    0    0 362 -383  0
3823500 2818500  9 14  4  13.8 1010 225  4.0 7  8.6  89    0    0 364 -383  0
3823500 2818500  9 14  5  14.1 1009 225  4.1 7  8.9  89    0    0 361 -384  0
3823500 2818500  9 14  6  14.5 1008 221  3.7 8  9.1  89    0    0 367 -385  0
3823500 2818500  9 14  7  14.8 1008 222  3.2 8  9.4  89    0   10 374 -387  0
3823500 2818500  9 14  8  15.2 1008 228  3.1 8  9.6  89    0   21 376 -389  0
3823500 2818500  9 14  9  15.2 1007 228  3.1 8  9.7  89    0   38 377 -390  0
3823500 2818500  9 14 10  15.1 1007 231  3.1 8  9.8  90    0   54 376 -392  0
3823500 2818500  9 14 11  15.2 1007 227  3.1 8  9.8  90    0   84 376 -394  0
3823500 2818500  9 14 12  15.2 1007 234  3.5 8  9.8  90    0   98 377 -395  0
3823500 2818500  9 14 13  15.0 1007 231  3.3 8  9.8  91    0   95 377 -397  0
3823500 2818500  9 14 14  15.4 1006 228  3.2 8 10.0  92    0   72 378 -398  0
3823500 2818500  9 14 15  15.7 1006 225  3.0 8 10.2  92    0   84 380 -400  0
3823500 2818500  9 14 16  16.2 1005 227  3.6 7 10.3  90    0   84 376 -401  0
3823500 2818500  9 14 17  15.8 1005 223  3.4 7 10.4  90    0   79 372 -401  0
3823500 2818500  9 14 18  15.7 1004 220  3.1 8 10.6  94    0   36 378 -401  0
3823500 2818500  9 14 19  15.9 1003 223  3.2 8 10.7  94    0    2 386 -402  0
3823500 2818500  9 14 20  16.1 1003 227  3.9 8 10.7  93    0    0 387 -403  0
3823500 2818500  9 14 21  16.2 1002 225  4.2 8 10.7  92    0    0 387 -403  0
3823500 2818500  9 14 22  16.2 1001 239  4.6 7 10.7  92    0    0 381 -402  0
3823500 2818500  9 14 23  16.0 1001 240  4.7 8 10.8  93    0    0 380 -400  0
3823500 2818500  9 14 24  12.7 1000 285  4.3 8  9.6  92    0    0 376 -396  0
3823500 2818500  9 15  1  12.4 1000 257  1.8 8  8.5  92    0    0 367 -391  0
3823500 2818500  9 15  2  12.0 1000 251  2.4 8  8.4  93    0    0 365 -388  0
3823500 2818500  9 15  3  11.9  999 230  2.3 8  8.3  93    0    0 363 -385  0
3823500 2818500  9 15  4  12.0  999 237  2.3 6  8.2  93    0    0 352 -381  0
3823500 2818500  9 15  5  11.9  999 235  2.1 4  8.2  93    0    0 331 -378  0
3823500 2818500  9 15  6  11.8 1000 236  1.8 3  8.2  93    0    0 315 -375  0
3823500 2818500  9 15  7  12.0 1000 241  2.3 2  8.1  92   15   27 304 -372  0
3823500 2818500  9 15  8  12.6 1000 240  2.9 1  8.0  88  117   61 293 -371  0
3823500 2818500  9 15  9  13.6 1001 244  3.8 1  7.7  81  265   72 289 -374  0
3823500 2818500  9 15 10  14.5 1001 253  4.1 2  7.5  74  327  112 297 -380  0
3823500 2818500  9 15 11  14.8 1001 253  5.2 2  7.0  66  401  133 302 -385  0
3823500 2818500  9 15 12  15.3 1000 243  5.2 2  6.4  60  446  144 303 -389  0
3823500 2818500  9 15 13  15.8 1000 239  4.9 3  6.2  56  278  231 307 -393  0
3823500 2818500  9 15 14  16.2  999 245  5.5 4  6.3  54  141  244 317 -393  0
3823500 2818500  9 15 15  16.5  999 242  5.3 4  6.5  56   74  213 323 -390  0
3823500 2818500  9 15 16  16.4  998 245  5.6 3  6.2  52  178  151 319 -390  0
3823500 2818500  9 15 17  15.3  998 238  5.8 4  5.6  49  169   87 316 -389  0
3823500 2818500  9 15 18  14.4  997 241  4.3 5  5.6  53   36   55 321 -385  0
3823500 2818500  9 15 19  14.0  997 229  4.2 6  5.8  57    5   14 327 -382  0
3823500 2818500  9 15 20  13.8  997 237  4.2 7  6.0  60    0    0 335 -380  0
3823500 2818500  9 15 21  13.6  997 234  4.0 7  6.3  64    0    0 341 -378  0
3823500 2818500  9 15 22  13.2  996 234  4.2 7  6.6  67    0    0 342 -378  0
3823500 2818500  9 15 23  11.2  996 244  3.1 7  7.0  78    0    0 340 -377  0
3823500 2818500  9 15 24  10.3  996 279  1.5 7  7.4  90    0    0 336 -377  0
3823500 2818500  9 16  1  10.0  997 283  1.4 8  7.4  94    0    0 339 -377  0
3823500 2818500  9 16  2   9.7  997 249  1.2 7  7.2  93    0    0 338 -377  0
3823500 2818500  9 16  3   9.2  997 236  0.8 5  7.0  93    0    0 323 -377  0
3823500 2818500  9 16  4   8.6  998 231  0.7 2  6.7  92    0    0 295 -376  0
3823500 2818500  9 16  5   8.5  998 228  1.0 1  6.5  92    0    0 272 -375  0
3823500 2818500  9 16  6   8.5  998 231  1.0 1  6.5  92    0    0 269 -373  0
3823500 2818500  9 16  7   8.6  999 219  1.4 3  6.5  92   16   26 281 -372  0
3823500 2818500  9 16  8  10.0  999 225  2.1 2  6.6  90  110   64 288 -370  0
3823500 2818500  9 16  9  11.1  999 227  2.7 4  7.1  88  186  112 295 -371  0
3823500 2818500  9 16 10  13.1  999 234  3.2 4  7.5  84  328  113 306 -377  0
3823500 2818500  9 16 11  14.3 1000 240  3.6 4  7.6  76  265  204 309 -384  0
3823500 2818500  9 16 12  14.6  999 241  2.9 7  7.3  70   23  233 325 -390  0
3823500 2818500  9 16 13  15.5  999 235  3.9 7  7.4  68    6  205 342 -393  0
3823500 2818500  9 16 14  14.3  999 233  3.8 4  7.6  71  176  244 332 -391  0
3823500 2818500  9 16 15  12.8  999 250  3.9 6  7.9  80   17  187 326 -389  0
3823500 2818500  9 16 16  14.1  999 258  1.7 6  7.9  81    4  132 333 -390  0
3823500 2818500  9 16 17  14.9  999 253  2.1 4  7.8  74  105  107 325 -388  0
3823500 2818500  9 16 18  13.9  999 234  1.5 6  7.7  74   26   53 323 -384  0
3823500 2818500  9 16 19  13.0  999 230  0.6 6  7.6  78    0   10 328 -380  0
3823500 2818500  9 16 20  12.4  999 217  0.7 6  7.6  82    0    0 325 -375  0
3823500 2818500  9 16 21  12.0  999 229  0.4 6  7.7  85    0    0 322 -371  0
3823500 2818500  9 16 22  11.5 1000 222  0.5 6  7.7  88    0    0 322 -369  0
3823500 2818500  9 16 23  11.0 1000 215  0.3 6  7.7  91    0    0 321 -367  0
3823500 2818500  9 16 24  11.0 1000 220  0.7 7  7.7  92    0    0 327 -366  0
3823500 2818500  9 17  1  11.2 1000 235  0.4 8  7.7  93    0    0 340 -366  0
3823500 2818500  9 17  2  10.7 1000 263  1.1 8  7.6  92    0    0 345 -367  0
3823500 2818500  9 17  3  10.5 1000 231  0.6 8  7.5  93    0    0 343 -367  0
3823500 2818500  9 17  4  10.5 1000 244  1.2 8  7.4  92    0    0 343 -367  0
3823500 2818500  9 17  5   9.8 1000 252  1.2 6  7.2  92    0    0 331 -367  0
3823500 2818500  9 17  6   9.5 1000 246  1.4 4  7.0  92    0    0 311 -367  0
3823500 2818500  9 17  7   9.5 1000 239  1.6 5  6.9  92    6   27 305 -365  0
3823500 2818500  9 17  8  10.4 1001 244  1.8 4  7.0  90   67   83 305 -365  0
3823500 2818500  9 17  9  11.5 1001 251  2.2 6  7.3  88   35  157 311 -368  0
3823500 2818500  9 17 10  12.7 1002 247  2.5 5  7.4  82  127  218 316 -373  0
3823500 2818500  9 17 11  13.2 1002 246  2.9 4  7.1  75  136  263 308 -376  0
3823500 2818500  9 17 12  14.0 1002 252  3.5 5  6.8  69  103  283 310 -380  0
3823500 2818500  9 17 13  14.8 1003 252  3.7 4  6.7  64  199  284 312 -385  0
3823500 2818500  9 17 14  12.1 1003 281  4.4 8  6.7  69    4  192 321 -385  0
3823500 2818500  9 17 15  12.9 1003 262  2.9 8  6.7  74    0  119 335 -382  0
3823500 2818500  9 17 16  13.8 1004 255  2.5 6  6.6  68   19  163 329 -379  0
3823500 2818500  9 17 17  13.5 1004 285  2.8 6  6.4  65   16  116 319 -376  0
3823500 2818500  9 17 18  12.9 1004 263  2.6 6  6.3  66   46   61 317 -376  0
3823500 2818500  9 17 19  11.9 1005 263  1.5 5  6.4  71    2   13 309 -373  0
3823500 2818500  9 17 20  11.5 1005 259  0.8 6  6.7  77    0    0 306 -367  0
3823500 2818500  9 17 21  11.2 1006 265  1.4 7  6.8  80    0    0 312 -361  0
3823500 2818500  9 17 22  10.8 1006 260  1.7 6  6.8  82    0    0 310 -356  0
3823500 2818500  9 17 23  10.4 1007 249  1.2 6  6.8  84    0    0 303 -352  0
3823500 2818500  9 17 24  10.2 1007 243  1.2 6  6.8  87    0    0 301 -349  0
3823500 2818500  9 18  1  10.2 1007 247  1.4 7  6.8  88    0    0 304 -347  0
3823500 2818500  9 18  2   9.5 1007 250  1.5 7  6.8  89    0    0 307 -345  0
3823500 2818500  9 18  3   9.0 1007 250  1.4 6  6.7  92    0    0 299 -344  0
3823500 2818500  9 18  4   8.6 1007 241  1.1 5  6.5  92    0    0 287 -343  0
3823500 2818500  9 18  5   8.1 1007 241  1.2 3  6.3  92    0    0 272 -342  0
3823500 2818500  9 18  6   8.6 1007 234  1.3 4  6.3  91    0    0 267 -341  0
3823500 2818500  9 18  7   8.7 1008 235  1.6 7  6.4  91    0   20 287 -342  0
3823500 2818500  9 18  8   9.5 1008 243  1.9 5  6.5  89   22   89 293 -344  0
3823500 2818500  9 18  9  10.4 1008 243  2.5 6  6.5  85   51  158 290 -351  0
3823500 2818500  9 18 10  11.6 1009 256  2.9 5  6.5  80  232  172 293 -362  0
3823500 2818500  9 18 11  13.0 1009 264  3.0 4  6.5  73  280  211 290 -373  0
3823500 2818500  9 18 12  12.5 1008 271  3.5 5  6.4  69   31  248 293 -384  0
3823500 2818500  9 18 13  12.3 1009 267  3.0 7  6.5  72    0  114 308 -388  0
3823500 2818500  9 18 14  12.7 1009 269  2.7 7  6.6  73   10  205 320 -387  0
3823500 2818500  9 18 15  13.5 1008 257  3.1 8  6.6  70    4  167 329 -387  0
3823500 2818500  9 18 16  13.6 1008 249  3.5 4  6.6  68  116  178 319 -387  0
3823500 2818500  9 18 17  13.7 1008 244  2.7 2  6.4  66  192   93 294 -387  0
3823500 2818500  9 18 18  12.8 1008 227  2.3 3  6.3  66   64   62 290 -385  0
3823500 2818500  9 18 19  11.6 1008 229  1.8 6  6.4  72    1   11 305 -378  0
3823500 2818500  9 18 20  10.7 1008 238  1.2 6  6.6  79    0    0 315 -371  0
3823500 2818500  9 18 21   9.1 1009 220  1.0 3  6.5  85    0    0 298 -366  0
3823500 2818500  9 18 22   8.3 1009 226  1.3 1  6.4  90    0    0 274 -362  0
3823500 2818500  9 18 23   8.1 1009 240  1.1 0  6.2  92    0    0 259 -359  0
3823500 2818500  9 18 24   8.5 1009 252  1.6 0  6.1  89    0    0 255 -356  0
3823500 2818500  9 19  1   7.3 1009 242  1.0 1  5.8  88    0    0 258 -354  0
3823500 2818500  9 19  2   6.8 1008 212  1.3 0  5.6  89    0    0 255 -353  0
3823500 2818500  9 19  3   6.3 1008 224  1.2 0  5.5  91    0    0 249 -353  0
3823500 2818500  9 19  4   6.4 1008 209  1.2 0  5.5  92    0    0 248 -353  0
3823500 2818500  9 19  5   6.6 1008 210  0.7 1  5.6  92    0    0 253 -354  0
3823500 2818500  9 19  6   7.0 1008 206  0.8 3  5.7  91    0    0 268 -356  0
3823500 2818500  9 19  7   7.5 1008 212  0.8 4  5.7  90    0   22 283 -357  0
3823500 2818500  9 19  8   9.1 1008 213  1.6 6  6.0  87    2   72 301 -358  0
3823500 2818500  9 19  9   9.5 1008 204  2.1 6  6.3  85    1  114 314 -361  0
3823500 2818500  9 19 10  10.4 1008 199  2.1 7  6.5  84    0  110 323 -364  0
3823500 2818500  9 19 11  11.8 1009 210  2.5 7  6.7  81    3  191 335 -368  0
3823500 2818500  9 19 12  13.3 1008 216  2.7 6  6.9  76   83  316 337 -369  0
3823500 2818500  9 19 13  14.7 1008 215  3.5 6  7.0  70  129  334 338 -370  0
3823500 2818500  9 19 14  15.3 1007 230  3.4 7  7.0  66   29  248 347 -371  0
3823500 2818500  9 19 15  14.9 1007 227  2.9 8  7.0  65    0   96 359 -371  0
3823500 2818500  9 19 16  14.9 1007 226  3.2 7  7.0  66    6  144 359 -373  0
3823500 2818500  9 19 17  14.7 1007 222  2.8 8  7.1  68    0   81 359 -375  0
3823500 2818500  9 19 18  14.5 1006 228  2.4 8  7.3  70    1   40 365 -375  0
3823500 2818500  9 19 19  13.8 1006 221  3.0 8  7.3  72    1   10 363 -374  0
3823500 2818500  9 19 20  13.7 1006 225  2.9 7  7.4  74    0    0 354 -374  0
3823500 2818500  9 19 21  13.4 1007 223  2.8 6  7.5  76    0    0 342 -374  0
3823500 2818500  9 19 22  13.2 1007 220  2.5 7  7.5  78    0    0 340 -374  0
3823500 2818500  9 19 23  13.1 1007 217  2.7 7  7.4  78    0    0 345 -375  0
3823500 2818500  9 19 24  12.9 1007 207  2.8 7  7.3  77    0    0 342 -375  0
3823500 2818500  9 20  1  12.7 1006 201  1.8 7  7.3  78    0    0 340 -374  0
3823500 2818500  9 20  2  12.6 1006 213  2.3 6  7.3  79    0    0 334 -373  0
3823500 2818500  9 20  3  12.6 1006 212  2.5 6  7.3  80    0    0 329 -373  0
3823500 2818500  9 20  4  12.5 1005 218  2.6 6  7.3  80    0    0 329 -372  0
3823500 2818500  9 20  5  12.2 1005 221  2.8 7  7.3  81    0    0 333 -372  0
3823500 2818500  9 20  6  11.8 1005 221  2.6 7  7.2  82    0    0 337 -371  0
3823500 2818500  9 20  7  11.6 1005 222  2.7 7  7.2  84    0   12 336 -370  0
3823500 2818500  9 20  8  12.0 1005 218  2.9 6  7.3  84    0   56 332 -370  0
3823500 2818500  9 20  9  12.8 1005 219  3.3 7  7.4  82    4  117 333 -374  0
3823500 2818500  9 20 10  13.9 1006 216  3.9 6  7.5  78   91  196 338 -381  0
3823500 2818500  9 20 11  15.4 1006 227  4.0 6  7.8  74  125  230 339 -388  0
3823500 2818500  9 20 12  16.5 1005 220  4.5 6  8.2  72  162  247 346 -393  0
3823500 2818500  9 20 13  16.9 1005 229  4.0 5  8.4  70  136  248 346 -394  0
3823500 2818500  9 20 14  17.2 1005 231  4.0 6  8.4  69   46  223 349 -394  0
3823500 2818500  9 20 15  17.2 1005 234  4.4 7  8.5  68    6  160 360 -395  0
3823500 2818500  9 20 16  17.3 1005 227  3.6 7  8.4  68    1  113 366 -396  0
3823500 2818500  9 20 17  17.0 1005 219  3.2 7  8.3  68    0   62 366 -396  0
3823500 2818500  9 20 18  16.6 1005 224  2.8 7  8.2  68    0   29 366 -395  0
3823500 2818500  9 20 19  16.2 1005 226  2.9 7  8.2  70    0    2 363 -390  0
3823500 2818500  9 20 20  15.5 1006 229  3.0 6  8.3  73    0    0 357 -385  0
3823500 2818500  9 20 21  15.2 1006 233  2.5 6  8.4  76    0    0 349 -383  0
3823500 2818500  9 20 22  15.2 1007 241  2.6 7  8.6  79    0    0 355 -382  0
3823500 2818500  9 20 23  14.8 1007 243  2.5 6  8.8  82    0    0 355 -379  0
3823500 2818500  9 20 24  14.5 1008 239  2.4 5  8.9  85    0    0 343 -376  0
3823500 2818500  9 21  1  14.3 1008 237  2.1 5  9.0  87    0    0 336 -373  0
3823500 2818500  9 21  2  13.6 1008 248  2.2 5  8.9  89    0    0 334 -371  0
3823500 2818500  9 21  3  13.3 1008 233  1.8 5  8.8  91    0    0 332 -370  0
3823500 2818500  9 21  4  13.6 1009 242  1.9 7  8.9  92    0    0 343 -369  0
3823500 2818500  9 21  5  13.7 1009 238  1.7 8  9.2  93    0    0 359 -367  0
3823500 2818500  9 21  6  13.6 1009 252  1.4 8  9.2  94    0    0 364 -366  0
3823500 2818500  9 21  7  13.4 1010 255  1.7 7  9.2  95    0   10 358 -365  0
3823500 2818500  9 21  8  13.6 1010 243  1.5 8  9.2  95    0   45 357 -367  0
3823500 2818500  9 21  9  13.4 1011 257  1.6 7  9.3  95    3  120 356 -375  0
3823500 2818500  9 21 10  13.8 1012 243  1.6 7  9.2  94    1  145 350 -389  0
3823500 2818500  9 21 11  15.1 1012 239  1.8 7  9.1  88    2  181 353 -405  0
3823500 2818500  9 21 12  16.6 1012 241  1.6 6  9.1  80   55  280 353 -419  0
3823500 2818500  9 21 13  17.3 1013 256  1.6 4  9.1  75  150  310 346 -429  0
3823500 2818500  9 21 14  17.9 1013 287  1.8 4  9.1  72  180  289 341 -434  0
3823500 2818500  9 21 15  18.2 1013 338  1.3 4  9.1  70  260  217 343 -435  0
3823500 2818500  9 21 16  18.4 1013  41  1.3 4  9.0  68  209  173 343 -433  0
3823500 2818500  9 21 17  18.5 1013  28  0.9 4  8.9  67  109  127 341 -425  0
3823500 2818500  9 21 18  17.5 1013  25  0.9 5  9.1  70   29   59 341 -415  0
3823500 2818500  9 21 19  14.8 1013  99  0.6 4  9.3  81    0    4 334 -402  0
3823500 2818500  9 21 20  12.9 1013  33  0.1 4  9.0  91    0    0 321 -393  0
3823500 2818500  9 21 21  12.2 1013  93  0.1 2  8.6  94    0    0 309 -387  0
3823500 2818500  9 21 22  11.3 1013  83  0.4 1  8.2  96    0    0 295 -384  0
3823500 2818500  9 21 23  10.3 1014 111  0.3 2  7.8  96    0    0 291 -381  0
3823500 2818500  9 21 24   9.7 1014  68  0.4 2  7.5  98    0    0 290 -379  0
3823500 2818500  9 22  1   9.4 1014  76  0.3 1  7.4 100    0    0 284 -377  0
3823500 2818500  9 22  2   9.3 1014 102  0.1 1  7.3 100    0    0 279 -375  0
3823500 2818500  9 22  3  10.5 1014  80  0.6 1  7.6 100    0    0 279 -373  0
3823500 2818500  9 22  4  10.2 1013  86  0.5 1  7.8  99    0    0 279 -372  0
3823500 2818500  9 22  5   9.4 1013  95  0.7 1  7.5 100    0    0 277 -370  0
3823500 2818500  9 22  6   9.3 1013 104  0.8 2  7.3 100    0    0 279 -368  0
3823500 2818500  9 22  7   9.8 1013 128  0.8 2  7.3  98    3   22 281 -367  0
3823500 2818500  9 22  8  12.9 1013 115  0.8 1  7.9  94   56   80 283 -368  0
3823500 2818500  9 22  9  14.9 1012 140  1.5 2  8.8  89  162  123 290 -375  0
3823500 2818500  9 22 10  17.0 1012 145  1.3 3  9.1  80  280  144 304 -386  0
3823500 2818500  9 22 11  18.8 1012 150  2.0 3  9.4  73  369  157 314 -399  0
3823500 2818500  9 22 12  20.3 1012 169  1.9 4  9.5  66  437  155 323 -409  0
3823500 2818500  9 22 13  21.4 1011 160  2.5 3  9.4  61  455  152 327 -418  0
3823500 2818500  9 22 14  22.0 1011 168  2.4 3  9.2  57  431  144 327 -424  0
3823500 2818500  9 22 15  22.5 1010 180  2.1 4  9.0  54  335  148 331 -426  0
3823500 2818500  9 22 16  22.7 1010 174  1.7 5  9.1  53  212  140 336 -425  0
3823500 2818500  9 22 17  22.5 1010 188  0.4 4  9.5  55  139   99 335 -421  0
3823500 2818500  9 22 18  19.4 1009 138  0.1 4 10.1  64   38   52 326 -414  0
3823500 2818500  9 22 19  16.7 1009 187  0.1 5 10.2  78    0    2 318 -405  0
3823500 2818500  9 22 20  14.2 1008 174  0.1 4  9.8  89    0    0 308 -397  0
3823500 2818500  9 22 21  12.9 1008 153  0.1 4  9.3  96    0    0 298 -392  0
3823500 2818500  9 22 22  12.2 1008 151  0.1 3  9.0  98    0    0 292 -388  0
3823500 2818500  9 22 23  12.2 1008 151  0.2 2  8.8  98    0    0 284 -386  0
3823500 2818500  9 22 24  13.0 1008 152  0.2 2  8.8  96    0    0 283 -383  0
3823500 2818500  9 23  1  12.9 1007 149  0.1 2  8.8  94    0    0 283 -381  0
3823500 2818500  9 23  2  12.5 1007 158  0.3 1  8.7  94    0    0 279 -378  0
3823500 2818500  9 23  3  12.7 1007 156  0.2 1  8.5  93    0    0 276 -376  0
3823500 2818500  9 23  4  12.1 1007 154  0.1 1  8.4  93    0    0 276 -374  0
3823500 2818500  9 23  5  11.8 1006 159  0.2 1  8.3  94    0    0 275 -372  0
3823500 2818500  9 23  6  11.9 1006 153  0.4 2  8.2  94    0    0 277 -371  0
3823500 2818500  9 23  7  11.7 1005 151  0.4 1  8.2  94    2   21 277 -370  0
3823500 2818500  9 23  8  13.7 1005 165  0.3 2  8.4  91   52   80 280 -371  0
3823500 2818500  9 23  9  15.8 1005 179  0.5 3  8.9  84  153  127 290 -377  0
3823500 2818500  9 23 10  18.3 1004 189  1.2 3  9.6  78  257  155 301 -389  0
3823500 2818500  9 23 11  19.9 1004 192  2.0 4  9.9  71  308  194 310 -402  0
3823500 2818500  9 23 12  21.5 1004 199  2.0 5  9.9  64  243  258 321 -413  0
3823500 2818500  9 23 13  22.0 1003 196  2.1 5  9.8  59  206  277 328 -421  0
3823500 2818500  9 23 14  22.6 1003 192  1.6 5  9.6  56  228  250 334 -427  0
3823500 2818500  9 23 15  22.6 1002 182  1.5 6  9.6  55  161  227 340 -428  0
3823500 2818500  9 23 16  22.5 1001 169  1.2 6  9.8  56  140  170 344 -426  0
3823500 2818500  9 23 17  21.9 1001 154  0.9 6 10.1  59   54  116 345 -422  0
3823500 2818500  9 23 18  19.2 1000 129  0.4 7 10.6  69    8   43 345 -416  0
3823500 2818500  9 23 19  16.6  998 125  0.5 7 10.8  83    0    0 341 -407  0
3823500 2818500  9 23 20  16.1  998 137  1.1 7 10.3  87    0    0 338 -400  0
3823500 2818500  9 23 21  15.9  997 148  1.6 6 10.0  86    0    0 336 -396  0
3823500 2818500  9 23 22  16.7  997 165  1.6 7 10.1  85    0    0 340 -393  0
3823500 2818500  9 23 23  16.7  996 211  1.4 7 10.2  84    0    0 346 -391  0
3823500 2818500  9 23 24  16.8  996 254  1.8 7 10.4  85    0    0 348 -389  0
3823500 2818500  9 24  1  15.9  996 172  0.5 8 10.2  86    0    0 351 -388  0
3823500 2818500  9 24  2  15.3  995 154  0.1 8 10.1  89    0    0 353 -390  0
3823500 2818500  9 24  3  14.7  994 195  0.2 7  9.9  91    0    0 352 -395  0
3823500 2818500  9 24  4  14.3  994 205  0.4 7  9.9  93    0    0 351 -397  0
3823500 2818500  9 24  5  14.5  993 163  1.3 7 10.0  95    0    0 354 -397  0
3823500 2818500  9 24  6  14.7  993 176  1.0 7 10.1  95    0    0 357 -396  0
3823500 2818500  9 24  7  15.1  993 209  2.1 8 10.2  94    0    5 361 -397  0
3823500 2818500  9 24  8  15.2  993 199  2.1 8 10.2  92    0   32 365 -398  0
3823500 2818500  9 24  9  15.0  992 220  2.0 8 10.2  93    0   70 366 -400  0
3823500 2818500  9 24 10  14.9  992 208  1.9 7 10.2  94    0  121 367 -403  0
3823500 2818500  9 24 11  15.2  992 225  2.3 7 10.3  94    0  123 367 -408  0
3823500 2818500  9 24 12  15.2  992 212  1.5 8 10.2  92    0   92 369 -412  0
3823500 2818500  9 24 13  15.4  992 209  1.1 7 10.1  91    0  163 370 -414  0
3823500 2818500  9 24 14  15.7  992 192  1.3 6 10.1  89   21  264 367 -412  0
3823500 2818500  9 24 15  16.5  992 189  1.4 6 10.0  85   26  243 366 -410  0
3823500 2818500  9 24 16  15.8  991 217  0.8 6 10.0  85    5  145 366 -411  0
3823500 2818500  9 24 17  14.9  992 216  0.9 6 10.2  91    4   98 363 -410  0
3823500 2818500  9 24 18  14.1  992 295  1.7 7 10.0  95    1   35 363 -408  0
3823500 2818500  9 24 19  13.5  992 255  0.2 8  9.7  96    0    0 366 -406  0
3823500 2818500  9 24 20  13.5  992 220  0.1 8  9.6  96    0    0 366 -403  0
3823500 2818500  9 24 21  13.4  993 231  0.1 7  9.3  95    0    0 363 -400  0
3823500 2818500  9 24 22  13.2  993 282  0.7 7  9.1  94    0    0 358 -399  0
3823500 2818500  9 24 23  12.7  993 280  0.8 6  8.9  94    0    0 352 -397  0
3823500 2818500  9 24 24  12.5  994 345  1.2 7  8.8  95    0    0 350 -396  0
3823500 2818500  9 25  1  12.2  994 336  2.5 8  8.7  95    0    0 357 -391  0
3823500 2818500  9 25  2  12.1  995 334  2.4 8  8.4  93    0    0 360 -384  0
3823500 2818500  9 25  3  11.4  995 326  2.6 8  8.0  91    0    0 360 -379  0
3823500 2818500  9 25  4  10.9  995 326  2.6 8  7.4  88    0    0 357 -375  0
3823500 2818500  9 25  5  10.3  996 314  1.8 8  7.0  86    0    0 355 -373  0
3823500 2818500  9 25  6  10.2  996 300  1.0 7  6.6  84    0    0 350 -371  0
3823500 2818500  9 25  7   9.8  996 287  1.3 7  6.4  82    0   12 343 -370  0
3823500 2818500  9 25  8   9.8  997 286  1.4 5  6.3  82   36   68 333 -370  0
3823500 2818500  9 25  9  10.7  997 299  2.7 2  6.3  79  190   91 307 -372  0
3823500 2818500  9 25 10  12.1  997 309  3.4 1  6.2  73  310  103 286 -376  0
3823500 2818500  9 25 11  12.2  997 303  3.4 2  6.1  69  322  137 284 -384  0
3823500 2818500  9 25 12  13.1  997 290  2.6 3  6.1  66  355  157 293 -390  0
3823500 2818500  9 25 13  13.4  997 290  3.3 2  6.0  62  277  207 293 -394  0
3823500 2818500  9 25 14  13.3  997 289  2.7 5  6.0  62   74  239 303 -395  0
3823500 2818500  9 25 15  14.0  997 280  3.2 4  6.2  63   61  203 317 -392  0
3823500 2818500  9 25 16  13.0  997 296  2.4 4  5.9  60   18  142 309 -389  0
3823500 2818500  9 25 17  12.3  997 293  1.5 4  5.8  62   31   96 306 -385  0
3823500 2818500  9 25 18  12.0  997 245  0.5 3  6.0  67   42   37 297 -378  0
3823500 2818500  9 25 19  10.7  997 260  0.8 4  6.1  71    0    0 291 -369  0
3823500 2818500  9 25 20   9.3  997 234  0.6 5  6.2  79    0    0 300 -363  0
3823500 2818500  9 25 21   8.3  998 215  0.1 5  6.2  86    0    0 301 -360  0
3823500 2818500  9 25 22   7.9  998 208  0.3 5  6.1  89    0    0 297 -357  0
3823500 2818500  9 25 23   7.2  998 183  0.2 3  6.0  90    0    0 283 -355  0
3823500 2818500  9 25 24   6.4  998 183  0.3 1  5.8  92    0    0 261 -352  0
3823500 2818500  9 26  1   6.1  998 170  0.1 0  5.6  94    0    0 244 -349  0
3823500 2818500  9 26  2   5.8  998 157  0.5 0  5.6  95    0    0 236 -346  0
3823500 2818500  9 26  3   5.4  998 170  0.3 2  5.5  96    0    0 245 -344  0
3823500 2818500  9 26  4   6.3  998 165  0.8 4  5.7  97    0    0 266 -343  0
3823500 2818500  9 26  5   6.7  998 168  0.9 5  6.0  98    0    0 284 -343  0
3823500 2818500  9 26  6   7.0  998 160  0.6 8  6.1  98    0    0 308 -343  0
3823500 2818500  9 26  7   7.2  998 160  0.6 7  6.3  98    0   11 318 -342  0
3823500 2818500  9 26  8   7.2  999 163  0.2 7  6.3  98    0   52 312 -343  0
3823500 2818500  9 26  9   7.6  999 161  0.5 8  6.3  97    0   98 318 -349  0
3823500 2818500  9 26 10   8.5  999 177  0.8 8  6.4  95    0  117 327 -361  0
3823500 2818500  9 26 11   9.3  999 178  0.6 7  6.5  90    5  201 325 -373  0
3823500 2818500  9 26 12  11.4  999 167  0.6 5  6.5  82   95  313 316 -383  0
3823500 2818500  9 26 13  12.3  999 288  0.3 4  6.5  74  188  323 306 -388  0
3823500 2818500  9 26 14  13.2  999 159  0.4 3  6.3  68  197  302 298 -390  0
3823500 2818500  9 26 15  14.1  999 205  0.4 4  6.1  62  183  258 300 -390  0
3823500 2818500  9 26 16  14.3  999 354  0.1 3  6.0  58  147  198 302 -386  0
3823500 2818500  9 26 17  14.0  999 338  0.1 1  6.0  59   86  132 286 -381  0
3823500 2818500  9 26 18  12.1  999 355  0.2 1  6.2  66   19   50 272 -374  0
3823500 2818500  9 26 19   9.1  999   0  0.0 3  6.4  79    0    0 276 -367  0
3823500 2818500  9 26 20   7.6 1000 320  0.0 3  6.2  90    0    0 280 -364  0
3823500 2818500  9 26 21   6.4 1001 253  0.0 1  5.9  94    0    0 265 -362  0
3823500 2818500  9 26 22   6.0 1001 254  0.0 1  5.7  96    0    0 250 -363  0
3823500 2818500  9 26 23   6.2 1001 240  0.0 2  5.6  94    0    0 255 -362  0
3823500 2818500  9 26 24   6.1 1001 190  0.0 4  5.5  93    0    0 271 -362  0
3823500 2818500  9 27  1   7.7 1001 267  0.0 6  5.9  93    0    0 296 -362  0
3823500 2818500  9 27  2   8.0 1001 263  0.1 7  6.3  93    0    0 316 -361  0
3823500 2818500  9 27  3   7.3 1001 275  0.1 7  6.3  96    0    0 321 -361  0
3823500 2818500  9 27  4   8.6 1001 222  0.1 8  6.4  95    0    0 329 -361  0
3823500 2818500  9 27  5   8.5 1001 225  0.3 8  6.5  92    0    0 336 -360  0
3823500 2818500  9 27  6   8.7 1001 256  0.2 8  6.5  92    0    0 338 -360  0
3823500 2818500  9 27  7   8.6 1001 255  0.5 8  6.5  92    0    3 339 -361  0
3823500 2818500  9 27  8   9.0 1001 240  1.2 7  6.5  91    0   37 334 -362  0
3823500 2818500  9 27  9   8.8 1001 245  1.4 7  6.6  92    0   46 329 -365  0
3823500 2818500  9 27 10   9.2 1001 248  1.4 7  6.7  92    0   67 329 -368  0
3823500 2818500  9 27 11   9.3 1001 251  1.6 7  6.7  92    0   60 330 -370  0
3823500 2818500  9 27 12   9.7 1001 262  2.2 7  6.9  92    0   86 332 -373  0
3823500 2818500  9 27 13   9.8 1001 255  2.2 7  6.9  91    0  100 333 -373  0
3823500 2818500  9 27 14   9.8 1001 257  2.4 7  7.1  92    0   80 334 -373  0
3823500 2818500  9 27 15   9.9 1001 254  2.6 7  7.2  94    0   69 336 -373  0
3823500 2818500  9 27 16   9.9 1001 251  1.7 7  7.3  95    0   56 335 -372  0
3823500 2818500  9 27 17  10.1 1001 258  2.0 7  7.4  96    0   35 335 -372  0
3823500 2818500  9 27 18  10.1 1002 258  2.2 8  7.6  97    0   13 341 -370  0
3823500 2818500  9 27 19  10.2 1002 249  1.7 8  7.6  97    0    0 346 -369  0
3823500 2818500  9 27 20  10.5 1002 257  1.2 8  7.7  97    0    0 346 -368  0
3823500 2818500  9 27 21  10.5 1002 268  1.0 8  7.8  97    0    0 347 -368  0
3823500 2818500  9 27 22  10.9 1003 270  0.6 8  7.9  97    0    0 347 -367  0
3823500 2818500  9 27 23  11.0 1003 280  0.5 8  8.0  97    0    0 348 -367  0
3823500 2818500  9 27 24  11.7 1003 327  0.6 8  8.3  98    0    0 351 -367  0
3823500 2818500  9 28  1  11.9 1003 324  0.5 8  8.6  98    0    0 354 -366  0
3823500 2818500  9 28  2  11.9 1004 333  0.2 8  8.6  98    0    0 354 -366  0
3823500 2818500  9 28  3  12.1 1004 351  0.2 8  8.7  98    0    0 356 -365  0
3823500 2818500  9 28  4  12.1 1004 335  0.2 8  8.7  97    0    0 357 -365  0
3823500 2818500  9 28  5  12.1 1004 351  0.4 8  8.6  96    0    0 357 -364  0
3823500 2818500  9 28  6  12.0 1004 335  0.4 8  8.6  96    0    0 357 -364  0
3823500 2818500  9 28  7  12.0 1005 347  0.2 8  8.5  96    0    3 356 -364  0
3823500 2818500  9 28  8  12.0 1005 341  0.2 8  8.5  96    0   33 356 -363  0
3823500 2818500  9 28  9  12.2 1006   6  0.7 7  8.5  96    0   62 350 -365  0
3823500 2818500  9 28 10  12.4 1006 329  0.7 7  8.5  94    0   71 344 -370  0
3823500 2818500  9 28 11  12.3 1007 346  1.2 7  8.4  93    0   67 344 -377  0
3823500 2818500  9 28 12  11.5 1007   5  1.6 8  8.1  93    0   71 346 -380  0
3823500 2818500  9 28 13  12.1 1007 359  1.6 8  8.0  91    0   73 350 -381  0
3823500 2818500  9 28 14  12.4 1008  10  1.3 7  7.9  88    0   83 346 -386  0
3823500 2818500  9 28 15  12.0 1008  28  1.1 7  7.8  88    0   75 341 -389  0
3823500 2818500  9 28 16  11.6 1008  33  1.0 8  7.8  90    0   65 345 -386  0
3823500 2818500  9 28 17  12.0 1008 337  0.9 7  7.8  90    1   74 346 -384  0
3823500 2818500  9 28 18  11.8 1009 335  0.1 7  7.8  89    4   41 343 -380  0
3823500 2818500  9 28 19  10.7 1009  14  0.1 7  7.7  92    0    0 343 -376  0
3823500 2818500  9 28 20   9.2 1010 349  0.1 7  7.4  96    0    0 339 -372  0
3823500 2818500  9 28 21   9.9 1010  25  0.1 6  7.1  95    0    0 334 -370  0
3823500 2818500  9 28 22   8.5 1011  42  0.1 6  6.8  94    0    0 329 -369  0
3823500 2818500  9 28 23   8.0 1011 358  0.1 6  6.4  94    0    0 327 -368  0
3823500 2818500  9 28 24   6.7 1011 255  0.1 4  6.1  96    0    0 313 -368  0
3823500 2818500  9 29  1   5.3 1011 332  0.1 3  5.7  98    0    0 293 -368  0
3823500 2818500  9 29  2   4.6 1011  82  0.0 1  5.3  98    0    0 272 -368  0
3823500 2818500  9 29  3   3.9 1011  27  0.1 2  5.1  99    0    0 262 -368  0
3823500 2818500  9 29  4   3.9 1011  37  0.0 2  4.9  98    0    0 267 -368  0
3823500 2818500  9 29  5   3.5 1011  55  0.0 1  4.8  96    0    0 260 -368  0
3823500 2818500  9 29  6   3.1 1011  56  0.0 3  4.7  97    0    0 265 -368  0
3823500 2818500  9 29  7   2.9 1011  64  0.4 5  4.6  98    0   10 285 -368  0
3823500 2818500  9 29  8   4.5 1012 147  0.8 5  4.8  97   14   72 297 -369  0
3823500 2818500  9 29  9   8.1 1012  70  0.7 4  5.7  96   84  134 298 -372  0
3823500 2818500  9 29 10  10.3 1012 100  2.0 2  6.5  89  195  161 291 -376  0
3823500 2818500  9 29 11  11.9 1012 100  2.5 2  6.6  80  205  209 287 -382  0
3823500 2818500  9 29 12  11.6 1012 104  2.4 2  6.4  74  230  234 290 -386  0
3823500 2818500  9 29 13  12.9 1012  99  2.5 3  6.1  69  134  267 295 -389  0
3823500 2818500  9 29 14  13.0 1012 147  2.5 3  6.0  64   98  252 302 -392  0
3823500 2818500  9 29 15  13.3 1012 157  3.1 4  5.9  62   88  216 306 -397  0
3823500 2818500  9 29 16  13.0 1011 107  2.5 3  5.7  61  153  149 305 -400  0
3823500 2818500  9 29 17  12.5 1011  95  2.2 4  5.8  64   84  100 303 -397  0
3823500 2818500  9 29 18  10.6 1011 113  1.3 5  6.0  71   10   39 307 -389  0
3823500 2818500  9 29 19   8.5 1011  93  1.2 5  6.0  81    0    0 305 -380  0
3823500 2818500  9 29 20   8.0 1011  83  1.0 4  6.0  88    0    0 297 -377  0
3823500 2818500  9 29 21   7.7 1011  98  0.9 3  5.9  88    0    0 287 -375  0
3823500 2818500  9 29 22   7.1 1011  83  0.9 2  5.7  89    0    0 279 -371  0
3823500 2818500  9 29 23   6.9 1011  86  0.6 3  5.7  90    0    0 276 -368  0
3823500 2818500  9 29 24   6.3 1011  87  0.8 1  5.6  92    0    0 270 -367  0
3823500 2818500  9 30  1   6.5 1011  92  0.7 0  5.5  92    0    0 255 -366  0
3823500 2818500  9 30  2   6.3 1010 101  1.0 0  5.5  92    0    0 249 -365  0
3823500 2818500  9 30  3   6.0 1010 112  0.9 0  5.5  93    0    0 249 -366  0
3823500 2818500  9 30  4   6.0 1009  93  0.7 1  5.5  94    0    0 252 -366  0
3823500 2818500  9 30  5   5.6 1009  86  0.8 2  5.4  94    0    0 259 -366  0
3823500 2818500  9 30  6   5.7 1008 111  0.8 4  5.4  95    0    0 273 -366  0
3823500 2818500  9 30  7   6.3 1008 115  1.2 5  5.4  93    0    8 289 -366  0
3823500 2818500  9 30  8   6.6 1008 103  1.2 5  5.5  92    0   50 295 -367  0
3823500 2818500  9 30  9   7.9 1008 133  1.6 5  5.8  90   27  129 299 -370  0
3823500 2818500  9 30 10   9.6 1008 116  2.0 7  6.1  86   50  184 315 -377  0
3823500 2818500  9 30 11  10.7 1007 128  2.3 7  6.5  83   93  214 331 -385  0
3823500 2818500  9 30 12  12.2 1007 139  2.5 6  6.8  80   64  240 334 -393  0
3823500 2818500  9 30 13  12.6 1007 138  3.0 7  7.1  79   11  205 338 -399  0
3823500 2818500  9 30 14  12.8 1006 139  2.7 8  7.4  80    0  108 348 -401  0
3823500 2818500  9 30 15  12.8 1006 124  2.4 8  7.6  82    0   59 354 -401  0
3823500 2818500  9 30 16  13.0 1006 128  2.7 8  7.7  83    0   33 354 -397  0
3823500 2818500  9 30 17  12.5 1005 158  2.2 8  7.9  85    0   36 352 -393  0
3823500 2818500  9 30 18  12.3 1005 175  2.1 8  8.0  88    2   30 350 -389  0
3823500 2818500  9 30 19  12.1 1005 119  1.9 8  8.1  90    0    0 348 -384  0
3823500 2818500  9 30 20  12.0 1005 119  1.8 8  8.2  92    0    0 349 -379  0
3823500 2818500  9 30 21  12.0 1005 130  1.7 8  8.2  93    0    0 350 -374  0
3823500 2818500  9 30 22  11.8 1005 145  1.1 8  8.3  94    0    0 350 -370  0
3823500 2818500  9 30 23  11.5 1005 137  1.1 8  8.3  96    0    0 350 -367  0
3823500 2818500  9 30 24  11.4 1005 150  0.9 8  8.3  98    0    0 348 -365  0
3823500 2818500 10  1  1  11.8 1005 146  1.0 8  8.3  95    0    0 345 -361  0
3823500 2818500 10  1  2  11.4 1005 151  1.2 8  8.2  96    0    0 346 -360  0
3823500 2818500 10  1  3  11.1 1005 165  0.8 7  8.1  97    0    0 336 -358  0
3823500 2818500 10  1  4  10.8 1005 182  0.9 7  8.0  97    0    0 329 -357  0
3823500 2818500 10  1  5  10.7 1005 173  0.8 8  8.0  99    0    0 336 -356  0
3823500 2818500 10  1  6  11.1 1004 191  0.9 8  8.2  99    0    0 344 -356  0
3823500 2818500 10  1  7  10.3 1005 209  0.7 6  8.0  98    0    9 333 -356  0
3823500 2818500 10  1  8  10.2 1005 210  0.7 7  7.7  98   13   53 326 -358  0
3823500 2818500 10  1  9  10.0 1005 199  0.3 7  7.7  99   24  121 329 -364  0
3823500 2818500 10  1 10  10.8 1005 185  0.8 6  7.9  99   10  155 325 -374  0
3823500 2818500 10  1 11  12.1 1005 178  1.8 7  8.2  96    5  171 327 -385  0
3823500 2818500 10  1 12  12.9 1005 184  1.7 5  8.1  89   98  250 324 -395  0
3823500 2818500 10  1 13  14.0 1005 185  2.0 4  8.1  83  313  180 314 -402  0
3823500 2818500 10  1 14  15.1 1005 186  2.4 4  7.9  76  214  207 312 -407  0
3823500 2818500 10  1 15  15.8 1004 177  2.0 3  7.6  69  270  127 309 -408  0
3823500 2818500 10  1 16  15.9 1004 157  2.0 2  7.3  64  219  102 303 -405  0
3823500 2818500 10  1 17  14.6 1004 146  1.1 2  7.2  66  120   73 296 -400  0
3823500 2818500 10  1 18  13.0 1003 111  1.0 4  7.3  73   20   21 297 -392  0
3823500 2818500 10  1 19  12.0 1004 135  1.2 6  7.4  81    0    0 306 -384  0
3823500 2818500 10  1 20  12.1 1003 138  1.2 6  7.6  86    0    0 312 -379  0
3823500 2818500 10  1 21  11.6 1003 138  0.8 6  7.7  88    0    0 311 -376  0
3823500 2818500 10  1 22  11.1 1003 132  0.2 6  7.6  90    0    0 310 -374  0
3823500 2818500 10  1 23  11.0 1003 138  1.1 6  7.5  90    0    0 310 -372  0
3823500 2818500 10  1 24  11.4 1003 140  0.8 7  7.4  88    0    0 315 -371  0
3823500 2818500 10  2  1  11.4 1003 140  1.4 8  7.4  88    0    0 324 -370  0
3823500 2818500 10  2  2  11.2 1002 144  1.4 8  7.6  90    0    0 329 -370  0
3823500 2818500 10  2  3  11.3 1002 148  2.0 8  7.7  91    0    0 332 -370  0
3823500 2818500 10  2  4  11.3 1001 144  2.0 8  7.8  93    0    0 335 -372  0
3823500 2818500 10  2  5  11.5 1001 148  2.3 8  8.0  94    0    0 339 -372  0
3823500 2818500 10  2  6  11.6 1000 142  2.4 8  8.1  94    0    0 342 -373  0
3823500 2818500 10  2  7  11.6 1000 143  2.4 8  8.2  95    0    2 345 -374  0
3823500 2818500 10  2  8  11.9 1000 155  2.2 7  8.3  94    0   31 345 -376  0
3823500 2818500 10  2  9  12.2 1000 156  2.5 7  8.4  94    0   60 345 -377  0
3823500 2818500 10  2 10  12.7 1001 160  2.8 7  8.6  94    0   66 349 -378  0
3823500 2818500 10  2 11  13.0 1001 170  2.6 7  8.9  94    0   82 351 -379  0
3823500 2818500 10  2 12  13.6 1001 179  2.2 8  9.2  95    0   77 356 -381  0
3823500 2818500 10  2 13  14.2 1002 176  1.5 8  9.5  95    0   95 363 -382  0
3823500 2818500 10  2 14  14.9 1002 170  1.4 7  9.8  93    0  140 363 -383  0
3823500 2818500 10  2 15  15.4 1002 162  1.4 7  9.9  91    1  143 362 -384  0
3823500 2818500 10  2 16  15.3 1002 145  0.6 8 10.0  90    0   77 367 -386  0
3823500 2818500 10  2 17  14.8 1002 141  0.5 8 10.1  93    0   36 370 -386  0
3823500 2818500 10  2 18  14.7 1002 135  0.9 8 10.1  95    0    5 370 -386  0
3823500 2818500 10  2 19  14.8 1002 141  1.2 8  9.9  93    0    0 370 -386  0
3823500 2818500 10  2 20  14.8 1002 138  1.5 7  9.8  92    0    0 365 -386  0
3823500 2818500 10  2 21  14.7 1002 148  2.0 7  9.7  91    0    0 361 -386  0
3823500 2818500 10  2 22  14.4 1002 139  1.4 7  9.6  91    0    0 360 -385  0
3823500 2818500 10  2 23  14.4 1002 147  1.4 7  9.5  92    0    0 358 -384  0
3823500 2818500 10  2 24  14.4 1001 140  1.6 8  9.5  92    0    0 361 -383  0
3823500 2818500 10  3  1  14.5 1001 144  1.6 8  9.7  93    0    0 364 -381  0
3823500 2818500 10  3  2  14.7 1001 141  1.4 8  9.8  93    0    0 363 -379  0
3823500 2818500 10  3  3  14.9 1001 138  1.7 8  9.9  92    0    0 363 -378  0
3823500 2818500 10  3  4  14.9 1000 135  1.7 8  9.8  92    0    0 361 -377  0
3823500 2818500 10  3  5  15.4  999 138  1.8 8  9.8  90    0    0 359 -378  0
3823500 2818500 10  3  6  15.2  999 139  1.5 8  9.7  88    0    0 356 -379  0
3823500 2818500 10  3  7  15.5  999 142  1.1 7  9.7  88    0    8 351 -379  0
3823500 2818500 10  3  8  15.9  999 139  1.2 7  9.7  86    0   32 345 -380  0
3823500 2818500 10  3  9  16.6  999 142  1.2 8  9.8  83    2   96 346 -384  0
3823500 2818500 10  3 10  17.5  999 145  2.4 7 10.0  81   66  194 347 -392  0
3823500 2818500 10  3 11  19.3  999 145  3.3 4 10.2  76  245  195 338 -401  0
3823500 2818500 10  3 12  20.9  999 152  3.6 4 10.4  70  333  200 336 -410  0
3823500 2818500 10  3 13  21.8  999 154  4.2 4 10.6  66  356  200 340 -419  0
3823500 2818500 10  3 14  22.8  998 154  4.8 4 10.3  60  334  189 343 -426  0
3823500 2818500 10  3 15  23.5  997 152  3.8 3 10.1  56  276  167 344 -428  0
3823500 2818500 10  3 16  22.9  997 162  3.1 3  9.8  54  193  134 341 -426  0
3823500 2818500 10  3 17  21.8  996 143  2.6 2  9.7  56   96   89 336 -419  0
3823500 2818500 10  3 18  20.0  996 138  1.6 5 10.0  64   14   22 337 -411  0
3823500 2818500 10  3 19  18.9  996 140  1.8 4  9.9  69    0    0 337 -404  0
3823500 2818500 10  3 20  18.3  996 135  1.8 4  9.6  70    0    0 331 -398  0
3823500 2818500 10  3 21  17.6  995 138  1.5 3  9.4  72    0    0 326 -395  0
3823500 2818500 10  3 22  17.1  995 141  1.0 3  9.4  75    0    0 323 -393  0
3823500 2818500 10  3 23  16.4  995 134  1.1 3  9.4  77    0    0 322 -391  0
3823500 2818500 10  3 24  16.2  995 131  0.8 3  9.4  79    0    0 321 -390  0
3823500 2818500 10  4  1  16.1  995 132  1.1 3  9.3  80    0    0 321 -389  0
3823500 2818500 10  4  2  15.5  995 137  1.2 6  9.2  81    0    0 332 -388  0
3823500 2818500 10  4  3  15.3  995 134  1.1 8  9.2  82    0    0 350 -389  0
3823500 2818500 10  4  4  15.3  994 133  1.2 7  9.1  82    0    0 355 -388  0
3823500 2818500 10  4  5  15.0  994 130  1.6 6  9.1  82    0    0 350 -389  0
3823500 2818500 10  4  6  14.4  994 139  1.7 5  9.0  84    0    0 342 -389  0
3823500 2818500 10  4  7  14.4  994 134  1.5 4  8.9  85    2   10 334 -389  0
3823500 2818500 10  4  8  15.1  994 133  1.4 3  8.9  83   28   62 326 -389  0
3823500 2818500 10  4  9  16.5  994 127  1.4 5  9.2  80   27  134 333 -392  0
3823500 2818500 10  4 10  17.6  995 119  1.4 6  9.5  76   22  182 348 -400  0
3823500 2818500 10  4 11  18.4  995 123  1.8 6  9.7  74   53  243 355 -411  0
3823500 2818500 10  4 12  20.1  995 127  1.6 5 10.0  70  146  281 353 -424  0
3823500 2818500 10  4 13  20.7  995 145  1.9 4 10.2  66  189  277 349 -435  0
3823500 2818500 10  4 14  21.7  995 153  1.9 4 10.3  64  252  228 349 -442  0
3823500 2818500 10  4 15  22.0  994 149  1.4 6 10.3  62  133  218 359 -443  0
3823500 2818500 10  4 16  21.0  994 108  1.5 6 10.5  64   89  155 366 -439  0
3823500 2818500 10  4 17  21.2  994 139  1.8 5 10.7  67   71   96 363 -433  0
3823500 2818500 10  4 18  18.7  994 102  1.2 5 10.8  72   12   24 357 -425  0
3823500 2818500 10  4 19  17.7  994 341  1.4 3 10.5  79    0    0 344 -416  0
3823500 2818500 10  4 20  17.0  993 135  1.7 2 10.1  80    0    0 329 -410  0
3823500 2818500 10  4 21  16.5  993  91  2.1 3  9.8  80    0    0 326 -407  0
3823500 2818500 10  4 22  16.0  993 105  2.2 6  9.6  81    0    0 338 -404  0
3823500 2818500 10  4 23  15.1  993 134  1.6 5  9.5  84    0    0 343 -402  0
3823500 2818500 10  4 24  13.6  993 139  1.3 3  9.3  89    0    0 328 -401  0
3823500 2818500 10  5  1  13.3  994  67  1.4 1  8.9  91    0    0 308 -399  0
3823500 2818500 10  5  2  12.9  993 108  1.8 1  8.6  89    0    0 299 -397  0
3823500 2818500 10  5  3  12.7  993 118  2.0 2  8.4  89    0    0 301 -395  0
3823500 2818500 10  5  4  12.8  993 143  1.1 4  8.3  89    0    0 312 -394  0
3823500 2818500 10  5  5  12.9  993 130  1.6 6  8.4  88    0    0 330 -394  0
3823500 2818500 10  5  6  13.3  994 163  2.1 7  8.5  88    0    0 343 -394  0
3823500 2818500 10  5  7  13.2  994 166  1.4 7  8.6  88    0   10 349 -395  0
3823500 2818500 10  5  8  13.7  995 171  0.9 4  8.7  88   10   53 337 -395  0
3823500 2818500 10  5  9  15.4  995 167  1.5 6  9.1  86   39  124 337 -396  0
3823500 2818500 10  5 10  17.0  995 191  2.7 6  9.8  84   88  180 353 -398  0
3823500 2818500 10  5 11  18.2  996 208  3.7 5 10.2  79  201  199 355 -401  0
3823500 2818500 10  5 12  19.3  997 201  3.2 5 10.2  74  165  238 356 -408  0
3823500 2818500 10  5 13  19.2  997 218  2.8 6 10.1  71    5  185 363 -417  0
3823500 2818500 10  5 14  19.4  997 201  2.9 6 10.1  70    0  153 369 -424  0
3823500 2818500 10  5 15  19.8  998 183  2.3 5 10.0  69   97  193 366 -426  0
3823500 2818500 10  5 16  20.1  998 187  1.5 6 10.0  68   95  132 367 -422  0
3823500 2818500 10  5 17  19.0  998 165  1.3 5 10.1  70   52   66 366 -415  0
3823500 2818500 10  5 18  18.1  998 157  1.4 5 10.1  75    2   15 357 -404  0
3823500 2818500 10  5 19  16.9  998 175  1.4 5 10.1  79    0    0 353 -394  0
3823500 2818500 10  5 20  16.1  999 166  1.2 4 10.0  84    0    0 345 -389  0
3823500 2818500 10  5 21  15.7  999 175  1.0 3 10.0  87    0    0 334 -387  0
3823500 2818500 10  5 22  15.4  999 175  1.1 4 10.0  89    0    0 333 -387  0
3823500 2818500 10  5 23  14.9 1000 164  1.1 4  9.9  90    0    0 336 -388  0
3823500 2818500 10  5 24  14.8 1000 172  1.2 3  9.8  91    0    0 330 -390  0
3823500 2818500 10  6  1  14.2 1000 175  1.2 1  9.6  92    0    0 315 -392  0
3823500 2818500 10  6  2  14.0 1000 156  1.2 2  9.5  93    0    0 308 -393  0
3823500 2818500 10  6  3  14.0 1000 157  1.2 3  9.4  93    0    0 316 -394  0
3823500 2818500 10  6  4  14.2 1000 161  1.5 5  9.4  92    0    0 330 -394  0
3823500 2818500 10  6  5  13.8 1000 153  1.9 5  9.3  91    0    0 339 -393  0
3823500 2818500 10  6  6  13.6 1000 173  2.3 5  9.0  91    0    0 337 -392  0
3823500 2818500 10  6  7  13.8 1001 157  2.3 6  9.0  91    1    8 342 -391  0
3823500 2818500 10  6  8  14.4 1001 157  2.0 6  9.2  90    2   45 348 -390  0
3823500 2818500 10  6  9  15.5 1001 155  2.3 7  9.5  88   14  108 355 -391  0
3823500 2818500 10  6 10  16.2 1001 168  2.1 4  9.7  84  153  143 348 -397  0
3823500 2818500 10  6 11  17.3 1001 157  3.1 6  9.8  81   86  205 346 -402  0
3823500 2818500 10  6 12  18.2 1001 162  3.2 7 10.0  77    5  184 363 -407  0
3823500 2818500 10  6 13  19.2 1001 173  3.7 6 10.1  74   47  224 365 -410  0
3823500 2818500 10  6 14  19.2 1001 155  2.8 6 10.1  72    1  156 361 -412  0
3823500 2818500 10  6 15  19.3 1002 152  2.0 6 10.2  72    1  126 361 -408  0
3823500 2818500 10  6 16  19.3 1002 162  1.8 7 10.1  71    0   84 365 -403  0
3823500 2818500 10  6 17  18.9 1002 168  1.3 7 10.0  71    0   47 369 -401  0
3823500 2818500 10  6 18  17.7 1003 204  1.2 7  9.9  74    0    2 366 -398  0
3823500 2818500 10  6 19  17.2 1003 219  0.7 8 10.0  79    0    0 367 -396  0
3823500 2818500 10  6 20  16.7 1005 215  0.7 8 10.1  82    0    0 369 -394  0
3823500 2818500 10  6 21  16.9 1006 281  0.8 7  9.9  82    0    0 364 -392  0
3823500 2818500 10  6 22  16.3 1006 273  1.0 8  9.7  82    0    0 363 -390  0
3823500 2818500 10  6 23  15.6 1007 276  0.5 8  9.6  84    0    0 363 -389  0
3823500 2818500 10  6 24  15.2 1008 292  0.3 8  9.5  86    0    0 361 -388  0
3823500 2818500 10  7  1  14.6 1009 257  0.5 8  9.4  88    0    0 359 -386  0
3823500 2818500 10  7  2  14.2 1009 204  0.5 8  9.3  90    0    0 356 -383  0
3823500 2818500 10  7  3  13.6 1010 301  0.4 8  9.2  92    0    0 353 -381  0
3823500 2818500 10  7  4  13.2 1010 283  0.1 8  9.1  94    0    0 352 -378  0
3823500 2818500 10  7  5  13.1 1011  42  0.2 7  9.0  95    0    0 348 -376  0
3823500 2818500 10  7  6  12.5 1011  26  0.0 7  8.9  96    0    0 343 -373  0
3823500 2818500 10  7  7  12.1 1011  51  0.1 7  8.7  97    0    3 341 -370  0
3823500 2818500 10  7  8  12.8 1012  37  0.4 7  8.8  97    0   23 340 -369  0
3823500 2818500 10  7  9  14.3 1012  52  1.0 7  9.4  97    0   74 345 -373  0
3823500 2818500 10  7 10  15.1 1013  60  1.5 7  9.8  93    0  114 349 -383  0
3823500 2818500 10  7 11  16.1 1013  62  1.7 7  9.9  89    0  143 352 -395  0
3823500 2818500 10  7 12  17.0 1013  90  1.6 7 10.1  85    9  202 355 -407  0
3823500 2818500 10  7 13  17.1 1013  82  2.0 6 10.2  84   66  250 352 -416  0
3823500 2818500 10  7 14  18.0 1013  64  2.4 6 10.3  82   40  223 351 -421  0
3823500 2818500 10  7 15  17.7 1012  67  2.5 8 10.3  80    1  135 359 -422  0
3823500 2818500 10  7 16  17.6 1012  72  2.0 8 10.3  81    1   96 365 -419  0
3823500 2818500 10  7 17  17.4 1012  70  1.5 8 10.3  82   13   66 363 -413  0
3823500 2818500 10  7 18  16.9 1012  74  1.2 8 10.3  84    4   15 361 -406  0
3823500 2818500 10  7 19  16.5 1012  78  0.7 7 10.3  86    0    0 355 -400  0
3823500 2818500 10  7 20  16.4 1012  78  0.5 7 10.3  88    0    0 351 -396  0
3823500 2818500 10  7 21  16.2 1012  81  0.7 7 10.3  88    0    0 350 -393  0
3823500 2818500 10  7 22  15.9 1012  76  0.4 7 10.3  90    0    0 348 -391  0
3823500 2818500 10  7 23  15.6 1012  84  0.4 6 10.2  91    0    0 343 -389  0
3823500 2818500 10  7 24  15.1 1012  89  0.3 6 10.1  92    0    0 337 -388  0
3823500 2818500 10  8  1  14.9 1012  91  0.4 5  9.9  93    0    0 332 -387  0
3823500 2818500 10  8  2  14.5 1012  90  0.3 4  9.8  93    0    0 322 -386  0
3823500 2818500 10  8  3  14.0 1012  85  0.4 3  9.6  95    0    0 311 -385  0
3823500 2818500 10  8  4  13.9 1012 106  0.2 3  9.5  95    0    0 305 -384  0
3823500 2818500 10  8  5  13.6 1012  88  0.2 2  9.2  93    0    0 299 -383  0
3823500 2818500 10  8  6  13.2 1011  87  0.2 2  9.0  93    0    0 292 -382  0
3823500 2818500 10  8  7  12.7 1011  81  0.2 3  8.8  94    0    8 295 -381  0
3823500 2818500 10  8  8  13.0 1011  76  0.2 3  8.8  94   46   43 297 -381  0
3823500 2818500 10  8  9  14.4 1012 100  0.4 4  9.1  92   82  106 303 -384  0
3823500 2818500 10  8 10  15.1 1012 106  0.8 6  9.3  89    6  139 319 -391  0
3823500 2818500 10  8 11  15.3 1012 103  2.4 7  9.3  86    0   84 334 -402  0
3823500 2818500 10  8 12  15.3 1012 100  2.4 8  9.3  85    0   95 340 -415  0
3823500 2818500 10  8 13  15.3 1012  96  2.0 7  9.2  85    0   89 339 -425  0
3823500 2818500 10  8 14  15.6 1012 100  2.7 7  9.2  83    0  109 334 -431  0
3823500 2818500 10  8 15  15.4 1011  96  1.9 8  9.1  82    0  112 336 -432  0
3823500 2818500 10  8 16  15.9 1011  86  0.9 5  9.0  80  141   97 330 -429  0
3823500 2818500 10  8 17  16.5 1011  95  0.4 3  8.9  77  129   54 318 -422  0
3823500 2818500 10  8 18  14.8 1011  68  0.1 1  8.9  80   15   15 305 -412  0
3823500 2818500 10  8 19  13.9 1011  72  0.2 1  8.9  87    0    0 296 -401  0
3823500 2818500 10  8 20  13.4 1011  60  0.2 1  8.7  89    0    0 293 -393  0
3823500 2818500 10  8 21  12.8 1011  77  0.1 0  8.3  88    0    0 288 -387  0
3823500 2818500 10  8 22  12.2 1011  73  0.1 0  7.9  88    0    0 284 -382  0
3823500 2818500 10  8 23  11.6 1011  72  0.1 0  7.7  88    0    0 283 -379  0
3823500 2818500 10  8 24  10.7 1012  79  0.1 0  7.3  88    0    0 280 -376  0
3823500 2818500 10  9  1  10.2 1011  73  0.1 0  7.0  89    0    0 277 -374  0
3823500 2818500 10  9  2   9.7 1011  67  0.1 0  6.9  90    0    0 275 -372  0
3823500 2818500 10  9  3   9.7 1011  74  0.2 0  6.9  92    0    0 275 -370  0
3823500 2818500 10  9  4   9.4 1011  75  0.2 0  6.9  92    0    0 273 -368  0
3823500 2818500 10  9  5   9.1 1011  82  0.2 0  6.7  92    0    0 271 -366  0
3823500 2818500 10  9  6   8.8 1011  83  0.1 0  6.5  92    0    0 269 -363  0
3823500 2818500 10  9  7   8.8 1010  76  0.2 1  6.5  92    0    6 270 -361  0
3823500 2818500 10  9  8   9.4 1011  89  0.4 1  6.5  90   32   43 272 -359  0
3823500 2818500 10  9  9  11.1 1011  92  1.0 1  6.8  87  142   77 274 -361  0
3823500 2818500 10  9 10  12.9 1011 103  1.5 0  7.1  81  258   93 275 -369  0
3823500 2818500 10  9 11  15.2 1010  94  2.5 0  7.2  72  359   96 277 -380  0
3823500 2818500 10  9 12  16.9 1010 103  2.5 0  7.0  62  410  100 284 -393  0
3823500 2818500 10  9 13  18.3 1009  89  1.9 0  6.8  54  410  103 288 -403  0
3823500 2818500 10  9 14  18.9 1009  96  2.1 0  6.6  50  384   95 292 -410  0
3823500 2818500 10  9 15  19.0 1008  98  2.5 0  6.4  47  315   87 292 -412  0
3823500 2818500 10  9 16  18.9 1008  88  1.6 1  6.1  44  206   77 295 -410  0
3823500 2818500 10  9 17  17.7 1008  94  0.9 1  6.3  48   82   56 296 -403  0
3823500 2818500 10  9 18  15.6 1008  85  0.5 1  6.6  56    9   14 292 -392  0
3823500 2818500 10  9 19  14.5 1008  84  0.9 1  6.5  60    0    0 287 -381  0
3823500 2818500 10  9 20  13.5 1008  94  0.2 1  6.4  64    0    0 282 -372  0
3823500 2818500 10  9 21  13.0 1008  99  0.2 1  6.4  67    0    0 279 -366  0
3823500 2818500 10  9 22  12.1 1008  87  0.4 1  6.1  68    0    0 275 -361  0
3823500 2818500 10  9 23  11.3 1009  93  0.4 0  6.0  69    0    0 268 -356  0
3823500 2818500 10  9 24  10.2 1008  96  0.2 0  5.9  73    0    0 260 -353  0
3823500 2818500 10 10  1   9.9 1008  93  0.4 0  5.9  77    0    0 256 -350  0
3823500 2818500 10 10  2   9.0 1008  70  0.6 0  5.9  80    0    0 254 -347  0
3823500 2818500 10 10  3   8.4 1008  59  0.9 0  5.9  83    0    0 251 -345  0
3823500 2818500 10 10  4   7.6 1008  68  0.6 0  5.8  86    0    0 249 -344  0
3823500 2818500 10 10  5   6.8 1008  71  0.8 0  5.6  88    0    0 247 -342  0
3823500 2818500 10 10  6   6.2 1007  78  0.2 0  5.4  90    0    0 243 -341  0
3823500 2818500 10 10  7   5.6 1007  67  0.3 1  5.3  91    0    5 245 -339  0
3823500 2818500 10 10  8   6.3 1007  75  0.2 0  5.2  90   28   43 243 -339  0
3823500 2818500 10 10  9   8.1 1007  66  0.5 0  5.5  86  137   76 241 -341  0
3823500 2818500 10 10 10  10.7 1007  78  1.1 0  5.7  78  257   89 247 -350  0
3823500 2818500 10 10 11  12.5 1007  79  1.9 0  5.8  68  358   92 255 -364  0
3823500 2818500 10 10 12  14.4 1007  64  2.3 0  5.9  61  416   92 261 -378  0
3823500 2818500 10 10 13  15.5 1007  62  2.4 0  5.9  55  419   95 267 -389  0
3823500 2818500 10 10 14  16.1 1007  56  2.5 0  5.9  53  397   85 271 -396  0
3823500 2818500 10 10 15  15.7 1007  55  2.9 0  6.0  53  322   80 273 -398  0
3823500 2818500 10 10 16  15.4 1007  62  1.8 0  6.0  54  208   73 272 -394  0
3823500 2818500 10 10 17  14.5 1006  60  1.5 1  5.9  55   91   53 275 -386  0
3823500 2818500 10 10 18  12.6 1006  64  0.9 1  5.9  60    7   14 276 -376  0
3823500 2818500 10 10 19  11.2 1007  64  0.2 1  5.8  66    0    0 269 -366  0
3823500 2818500 10 10 20  10.4 1007  55  0.8 0  5.7  70    0    0 261 -359  0
3823500 2818500 10 10 21   9.8 1007  56  1.2 0  5.5  71    0    0 255 -353  0
3823500 2818500 10 10 22   9.0 1008  60  0.3 0  5.3  72    0    0 253 -349  0
3823500 2818500 10 10 23   7.9 1008  54  0.5 0  5.2  75    0    0 250 -345  0
3823500 2818500 10 10 24   7.2 1008  59  0.7 0  5.1  78    0    0 248 -342  0
3823500 2818500 10 11  1   6.9 1008  54  1.4 0  5.0  80    0    0 247 -340  0
3823500 2818500 10 11  2   6.1 1009  68  0.2 0  5.0  83    0    0 246 -337  0
3823500 2818500 10 11  3   5.9 1008  60  0.4 0  4.9  84    0    0 246 -335  0
3823500 2818500 10 11  4   4.7 1008  49  0.4 0  4.8  85    0    0 243 -334  0
3823500 2818500 10 11  5   4.5 1008  58  0.6 0  4.6  88    0    0 242 -332  0
3823500 2818500 10 11  6   4.1 1009  43  0.2 0  4.5  87    0    0 241 -331  0
3823500 2818500 10 11  7   3.9 1009  61  0.2 2  4.4  87    0    3 248 -329  0
3823500 2818500 10 11  8   4.7 1009  73  0.1 3  4.5  86   25   43 260 -329  0
3823500 2818500 10 11  9   6.7 1009  56  0.5 2  4.7  82  122   85 264 -332  0
3823500 2818500 10 11 10   9.1 1009  59  1.3 2  4.9  74  232  105 267 -341  0
3823500 2818500 10 11 11  11.5 1010  54  2.5 1  5.1  65  327  113 270 -355  0
3823500 2818500 10 11 12  13.0 1010  63  2.7 1  5.0  57  379  117 272 -369  0
3823500 2818500 10 11 13  14.5 1010  48  2.9 1  4.9  50  369  127 276 -380  0
3823500 2818500 10 11 14  15.2 1009  55  2.7 0  4.6  44  361  108 276 -387  0
3823500 2818500 10 11 15  15.6 1009  51  2.4 0  4.5  41  295   96 274 -389  0
3823500 2818500 10 11 16  15.2 1009  42  2.6 0  4.6  43  191   82 275 -387  0
3823500 2818500 10 11 17  14.1 1008  39  1.9 0  4.8  46   78   57 273 -380  0
3823500 2818500 10 11 18  11.6 1008  37  0.7 1  5.0  54    5   13 271 -370  0
3823500 2818500 10 11 19  10.7 1008  31  1.9 0  5.3  64    0    0 266 -360  0
3823500 2818500 10 11 20   8.9 1009  38  2.0 0  5.4  71    0    0 258 -353  0
3823500 2818500 10 11 21   8.1 1010  42  1.6 0  5.5  79    0    0 255 -349  0
3823500 2818500 10 11 22   6.8 1010  52  0.4 0  5.4  84    0    0 251 -346  0
3823500 2818500 10 11 23   5.9 1010  53  0.3 0  5.3  88    0    0 249 -344  0
3823500 2818500 10 11 24   4.5 1010  32  0.1 0  5.0  91    0    0 245 -342  0
3823500 2818500 10 12  1   4.0 1010  31  0.2 0  4.8  94    0    0 242 -340  0
3823500 2818500 10 12  2   4.0 1010  13  0.3 1  4.8  94    0    0 244 -339  0
3823500 2818500 10 12  3   3.9 1010  33  0.9 6  4.8  95    0    0 267 -338  0
3823500 2818500 10 12  4   3.7 1010  26  1.4 8  4.8  96    0    0 293 -336  0
3823500 2818500 10 12  5   3.9 1010  34  1.7 8  4.8  96    0    0 300 -335  0
3823500 2818500 10 12  6   3.5 1010  46  1.1 8  4.8  96    0    0 300 -334  0
3823500 2818500 10 12  7   3.5 1011  47  1.2 8  4.7  96    0    0 298 -332  0
3823500 2818500 10 12  8   3.7 1011  52  1.3 8  4.7  96    0   29 299 -332  0
3823500 2818500 10 12  9   4.1 1011  54  1.3 7  4.9  96    0   74 297 -335  0
3823500 2818500 10 12 10   4.5 1011  47  1.8 6  5.0  97    0   78 292 -345  0
3823500 2818500 10 12 11   4.9 1011  70  1.9 7  5.1  97    0   76 293 -358  0
3823500 2818500 10 12 12   6.2 1011  62  1.7 8  5.3  95    0   84 298 -372  0
3823500 2818500 10 12 13   7.4 1011  39  2.2 8  5.5  90    0   73 299 -383  0
3823500 2818500 10 12 14   7.4 1011  39  2.1 8  5.6  86    0   96 300 -390  0
3823500 2818500 10 12 15   8.3 1010  39  2.3 8  5.6  84    0   93 305 -391  0
3823500 2818500 10 12 16   8.6 1010   7  2.3 7  5.6  81    6  108 307 -387  0
3823500 2818500 10 12 17   8.8 1010   5  1.7 5  5.6  80   44   84 301 -379  0
3823500 2818500 10 12 18   6.6 1010  24  0.8 4  5.6  85    3   14 288 -367  0
3823500 2818500 10 12 19   5.6 1010  26  0.5 4  5.4  92    0    0 280 -358  0
3823500 2818500 10 12 20   4.7 1010  29  0.1 3  5.2  95    0    0 273 -352  0
3823500 2818500 10 12 21   3.5 1010  44  0.3 2  4.9  96    0    0 265 -348  0
3823500 2818500 10 12 22   2.7 1010 290  0.9 2  4.6  97    0    0 259 -343  0
3823500 2818500 10 12 23   2.1 1010 352  0.4 3  4.4  98    0    0 262 -342  0
3823500 2818500 10 12 24   1.9 1010 346  0.2 4  4.3  98    0    0 270 -344  0
3823500 2818500 10 13  1   2.8 1010 137  0.0 7  4.5  99    0    0 288 -345  0
3823500 2818500 10 13  2   3.9 1010 334  0.3 7  4.8  99    0    0 304 -345  0
3823500 2818500 10 13  3   4.9 1010 339  0.4 7  5.1  98    0    0 309 -345  0
3823500 2818500 10 13  4   5.3 1010 269  0.2 7  5.4  98    0    0 311 -345  0
3823500 2818500 10 13  5   5.2 1010 229  0.2 7  5.4  97    0    0 313 -346  0
3823500 2818500 10 13  6   5.0 1010  37  0.1 8  5.3  97    0    0 317 -347  0
3823500 2818500 10 13  7   5.2 1010  69  0.3 6  5.4  98    0    0 314 -350  0
3823500 2818500 10 13  8   6.4 1010  30  0.5 6  5.6  97    2   37 309 -354  0
3823500 2818500 10 13  9   7.5 1010  74  0.7 5  5.8  92   42  110 307 -358  0
3823500 2818500 10 13 10   9.2 1010  61  1.5 3  5.5  80  191  127 297 -364  0
3823500 2818500 10 13 11  10.1 1010  58  2.4 2  5.1  69  265  147 287 -369  0
3823500 2818500 10 13 12  10.6 1010  68  2.5 1  5.0  64  292  164 282 -378  0
3823500 2818500 10 13 13  11.3 1010  55  2.0 2  4.9  60  317  159 284 -390  0
3823500 2818500 10 13 14  11.6 1010  60  2.3 2  4.9  58  313  138 290 -397  0
3823500 2818500 10 13 15  12.0 1009  57  2.5 2  5.0  58  246  122 291 -398  0
3823500 2818500 10 13 16  11.8 1009  50  2.6 2  5.1  59  154   97 292 -395  0
3823500 2818500 10 13 17  11.0 1009  56  1.6 3  5.2  61   59   59 293 -389  0
3823500 2818500 10 13 18   8.4 1009  48  0.2 2  5.2  69    1   12 288 -381  0
3823500 2818500 10 13 19   5.8 1009  44  0.4 1  5.1  81    0    0 271 -374  0
3823500 2818500 10 13 20   4.6 1009 130  0.0 1  4.9  89    0    0 260 -365  0
3823500 2818500 10 13 21   3.4 1009 318  0.3 1  4.7  93    0    0 255 -358  0
3823500 2818500 10 13 22   2.5 1009 333  0.0 1  4.5  96    0    0 252 -356  0
3823500 2818500 10 13 23   2.1 1009 320  0.0 1  4.4  97    0    0 249 -355  0
3823500 2818500 10 13 24   1.8 1009 335  0.0 1  4.2  96    0    0 248 -353  0
3823500 2818500 10 14  1   1.0 1009 295  0.3 1  4.1  97    0    0 247 -351  0
3823500 2818500 10 14  2   0.1 1009 204  0.3 1  3.9  99    0    0 245 -350  0
3823500 2818500 10 14  3   0.4 1009 322  0.2 1  3.9  99    0    0 245 -352  0
3823500 2818500 10 14  4   0.0 1008 206  0.5 2  3.8  99    0    0 250 -356  0
3823500 2818500 10 14  5   0.1 1008 254  0.4 2  3.8 100    0    0 254 -359  0
3823500 2818500 10 14  6   1.3 1008 213  0.2 4  4.0  99    0    0 265 -360  0
3823500 2818500 10 14  7   2.7 1008 222  0.5 8  4.4  99    0    0 295 -361  0
3823500 2818500 10 14  8   4.0 1008 277  0.1 8  4.8  99    0   20 317 -362  0
3823500 2818500 10 14  9   5.3 1008 271  0.1 8  5.2  98    0   64 324 -364  0
3823500 2818500 10 14 10   7.3 1009 235  0.2 8  5.7  95    0   86 330 -367  0
3823500 2818500 10 14 11   8.5 1009 248  0.5 8  6.2  92    0   92 337 -373  0
3823500 2818500 10 14 12  10.0 1009 290  1.1 7  6.5  89    0  122 339 -380  0
3823500 2818500 10 14 13  10.8 1009 275  1.2 8  6.8  86    0   84 343 -381  0
3823500 2818500 10 14 14  11.0 1009 280  1.5 8  6.9  85    0   57 349 -380  0
3823500 2818500 10 14 15  11.2 1008 273  1.3 8  6.9  83    0   60 350 -379  0
3823500 2818500 10 14 16  11.0 1008 284  1.0 7  6.9  83    0   72 346 -379  0
3823500 2818500 10 14 17  10.4 1008 278  1.1 8  7.0  86    0   21 345 -379  0
3823500 2818500 10 14 18  10.2 1008 306  1.1 8  7.0  90    0    1 348 -377  0
3823500 2818500 10 14 19   9.9 1008 277  0.8 8  7.1  91    0    0 346 -375  0
3823500 2818500 10 14 20   9.9 1008 285  1.0 8  7.1  92    0    0 344 -373  0
3823500 2818500 10 14 21   9.8 1008 277  0.7 8  7.1  93    0    0 341 -372  0
3823500 2818500 10 14 22   9.5 1008 278  1.0 7  7.0  94    0    0 334 -371  0
3823500 2818500 10 14 23   9.8 1008 285  1.0 7  7.0  94    0    0 326 -370  0
3823500 2818500 10 14 24   9.7 1008 294  1.2 7  7.1  94    0    0 323 -368  0
3823500 2818500 10 15  1   9.6 1008 300  1.1 8  7.1  94    0    0 328 -366  0
3823500 2818500 10 15  2   9.6 1008 308  0.9 7  7.1  94    0    0 326 -364  0
3823500 2818500 10 15  3   9.4 1008 277  1.3 8  7.1  95    0    0 325 -363  0
3823500 2818500 10 15  4   9.5 1007 289  0.9 8  7.1  95    0    0 332 -362  0
3823500 2818500 10 15  5   9.5 1007 292  1.4 8  7.1  95    0    0 332 -362  0
3823500 2818500 10 15  6   9.4 1007 292  1.3 8  7.0  95    0    0 332 -362  0
3823500 2818500 10 15  7   9.2 1007 289  1.7 8  7.0  95    0    0 332 -361  0
3823500 2818500 10 15  8   9.5 1006 253  1.7 7  7.1  96    4   34 326 -361  0
3823500 2818500 10 15  9  10.2 1007 284  1.7 5  7.2  94   14   91 308 -362  0
3823500 2818500 10 15 10  11.0 1007 266  1.9 6  7.4  92   21  137 305 -366  0
3823500 2818500 10 15 11  11.9 1006 265  2.6 6  7.5  88   34  169 318 -375  0
3823500 2818500 10 15 12  12.0 1006 266  2.8 6  7.4  84   25  179 321 -383  0
3823500 2818500 10 15 13  12.1 1006 273  2.5 7  7.3  83    0  117 329 -385  0
3823500 2818500 10 15 14  11.1 1005 258  3.2 8  7.3  85    0   60 343 -383  0
3823500 2818500 10 15 15  10.4 1004 279  2.7 7  7.3  90    0   55 340 -383  0
3823500 2818500 10 15 16  10.1 1004 281  2.1 7  7.3  93    0   58 333 -381  0
3823500 2818500 10 15 17   9.9 1003 266  1.3 8  7.3  94    3   36 339 -376  0
3823500 2818500 10 15 18   9.8 1003 252  1.3 8  7.2  94    0    4 346 -373  0
3823500 2818500 10 15 19   9.7 1002 253  1.5 8  7.2  95    0    0 345 -370  0
3823500 2818500 10 15 20   9.6 1002 239  1.3 8  7.2  95    0    0 346 -368  0
3823500 2818500 10 15 21   9.5 1001 229  1.5 8  7.1  95    0    0 346 -367  0
3823500 2818500 10 15 22   9.4 1001 254  1.5 8  7.1  95    0    0 346 -367  0
3823500 2818500 10 15 23   9.4 1001 292  0.9 8  7.0  94    0    0 347 -366  0
3823500 2818500 10 15 24   9.2 1000 276  0.8 8  7.0  94    0    0 347 -366  0
3823500 2818500 10 16  1   8.9 1000 319  1.0 8  6.9  95    0    0 346 -366  0
3823500 2818500 10 16  2   8.6  999 311  0.4 8  6.8  96    0    0 345 -364  0
3823500 2818500 10 16  3   8.3  999 310  0.6 8  6.8  97    0    0 344 -363  0
3823500 2818500 10 16  4   8.0  999 302  1.4 7  6.6  97    0    0 336 -362  0
3823500 2818500 10 16  5   7.9  999 300  1.2 7  6.5  97    0    0 329 -362  0
3823500 2818500 10 16  6   7.0  999 324  0.5 6  6.4  98    0    0 321 -361  0
3823500 2818500 10 16  7   7.3 1000 328  0.1 8  6.3  99    0    0 326 -357  0
3823500 2818500 10 16  8   7.6 1000 345  0.6 7  6.3  97    0    7 334 -351  0
3823500 2818500 10 16  9   8.0 1000  15  2.2 8  6.5  97    0   25 336 -348  0
3823500 2818500 10 16 10   7.9 1001  14  2.7 8  6.5  97    0   43 343 -349  0
3823500 2818500 10 16 11   6.7 1002  29  4.7 8  6.1  94    0   46 339 -354  0
3823500 2818500 10 16 12   6.4 1003  35  4.2 8  5.5  90    0   66 334 -358  0
3823500 2818500 10 16 13   6.7 1004  34  4.2 8  5.3  87    0   80 331 -361  0
3823500 2818500 10 16 14   7.6 1005  32  3.7 7  5.3  84    0   99 326 -364  0
3823500 2818500 10 16 15   7.6 1005  22  3.5 7  5.3  81    0   71 321 -364  0
3823500 2818500 10 16 16   7.9 1006  16  3.1 7  5.2  79    0   56 320 -361  0
3823500 2818500 10 16 17   7.6 1007  19  4.3 7  5.1  77   15   24 319 -355  0
3823500 2818500 10 16 18   7.0 1007  11  3.6 7  4.9  77    0    3 316 -346  0
3823500 2818500 10 16 19   6.6 1008  15  3.1 4  4.9  79    0    0 297 -339  0
3823500 2818500 10 16 20   5.7 1009  19  2.2 3  4.8  81    0    0 273 -335  0
3823500 2818500 10 16 21   5.5 1010  20  2.3 2  4.7  83    0    0 260 -331  0
3823500 2818500 10 16 22   4.9 1010  20  2.2 2  4.6  84    0    0 253 -328  0
3823500 2818500 10 16 23   4.6 1011  16  2.4 1  4.5  84    0    0 244 -325  0
3823500 2818500 10 16 24   3.8 1011  18  1.5 1  4.4  86    0    0 236 -323  0
3823500 2818500 10 17  1   4.3 1012  15  1.6 3  4.3  85    0    0 246 -321  0
3823500 2818500 10 17  2   3.8 1013  24  1.2 3  4.3  85    0    0 255 -320  0
3823500 2818500 10 17  3   4.2 1013  21  1.9 5  4.3  85    0    0 265 -319  0
3823500 2818500 10 17  4   4.0 1013  19  1.7 5  4.4  86    0    0 275 -319  0
3823500 2818500 10 17  5   3.8 1013  25  1.7 4  4.4  87    0    0 269 -318  0
3823500 2818500 10 17  6   4.4 1013  15  2.6 7  4.4  87    0    0 280 -316  0
3823500 2818500 10 17  7   4.0 1014  31  1.5 7  4.5  87    0    0 297 -315  0
3823500 2818500 10 17  8   3.4 1014  16  1.9 6  4.4  89    0   27 291 -315  0
3823500 2818500 10 17  9   4.2 1015  19  1.9 5  4.5  90   20   87 284 -316  0
3823500 2818500 10 17 10   5.4 1015  32  1.6 4  4.6  87   66  133 277 -321  0
3823500 2818500 10 17 11   6.8 1015  28  2.4 3  4.8  82  161  146 270 -332  0
3823500 2818500 10 17 12   7.8 1015  24  2.6 3  5.0  78   96  186 268 -344  0
3823500 2818500 10 17 13   8.7 1015  30  2.4 4  5.0  74   37  179 277 -353  0
3823500 2818500 10 17 14   8.7 1015  38  2.6 5  4.9  71    9  142 288 -358  0
3823500 2818500 10 17 15   8.9 1015  26  2.0 6  4.9  70    0   87 298 -358  0
3823500 2818500 10 17 16   8.8 1014  39  1.6 7  5.0  71    0   51 307 -355  0
3823500 2818500 10 17 17   8.5 1014  39  1.4 8  4.9  71    4   35 315 -349  0
3823500 2818500 10 17 18   7.5 1014  46  0.4 8  4.9  74    0    2 318 -341  0
3823500 2818500 10 17 19   6.0 1015  20  0.2 7  5.0  82    0    0 312 -333  0
3823500 2818500 10 17 20   5.3 1015  29  0.1 7  5.0  88    0    0 305 -329  0
3823500 2818500 10 17 21   2.9 1015 325  0.0 4  4.7  92    0    0 285 -326  0
3823500 2818500 10 17 22   2.6 1015  88  0.1 2  4.5  97    0    0 256 -323  0
3823500 2818500 10 17 23   1.4 1015 126  0.0 2  4.3  98    0    0 242 -320  0
3823500 2818500 10 17 24   1.4 1015 213  0.0 3  4.1  99    0    0 244 -319  0
3823500 2818500 10 18  1   1.1 1015 298  0.1 5  4.1  99    0    0 259 -318  0
3823500 2818500 10 18  2   2.1 1015 121  0.2 7  4.2  99    0    0 279 -317  0
3823500 2818500 10 18  3   1.4 1014 161  0.5 6  4.3 100    0    0 286 -315  0
3823500 2818500 10 18  4   1.2 1014 148  0.6 4  4.2 100    0    0 268 -315  0
3823500 2818500 10 18  5   0.8 1014 166  0.6 3  4.1 100    0    0 250 -315  0
3823500 2818500 10 18  6   1.3 1014 178  0.7 4  4.1 100    0    0 248 -315  0
3823500 2818500 10 18  7   1.5 1014 157  0.9 4  4.2  99    0    0 253 -314  0
3823500 2818500 10 18  8   1.4 1014 180  0.6 3  4.2  99    8   32 248 -314  0
3823500 2818500 10 18  9   3.5 1014 180  0.8 1  4.5  99   70   87 236 -315  0
3823500 2818500 10 18 10   6.4 1014 197  1.5 1  5.1  94  163  122 233 -319  0
3823500 2818500 10 18 11   7.9 1013 228  2.3 1  5.3  84  211  156 239 -327  0
3823500 2818500 10 18 12   9.2 1013 215  3.4 1  5.0  73  228  182 243 -339  0
3823500 2818500 10 18 13   9.7 1012 234  3.2 2  4.8  65  287  164 251 -351  0
3823500 2818500 10 18 14   9.8 1011 218  3.2 3  4.7  63  218  165 263 -356  0
3823500 2818500 10 18 15   9.9 1011 223  2.8 6  4.8  63   53  145 284 -357  0
3823500 2818500 10 18 16   9.5 1010 214  3.2 8  4.9  65    4   74 310 -354  0
3823500 2818500 10 18 17   9.2 1009 210  1.5 7  5.0  68   26   42 314 -350  0
3823500 2818500 10 18 18   8.7 1009 197  2.1 7  5.1  71    0    2 307 -345  0
3823500 2818500 10 18 19   8.6 1008 206  2.6 7  5.1  73    0    0 308 -343  0
3823500 2818500 10 18 20   8.7 1007 206  2.8 7  5.2  74    0    0 309 -342  0
3823500 2818500 10 18 21   8.7 1007 212  3.2 8  5.2  74    0    0 315 -342  0
3823500 2818500 10 18 22   8.2 1006 206  3.6 8  5.3  76    0    0 320 -342  0
3823500 2818500 10 18 23   8.4 1005 209  3.5 7  5.4  79    0    0 314 -343  0
3823500 2818500 10 18 24   8.6 1004 210  3.6 7  5.6  80    0    0 310 -343  0
3823500 2818500 10 19  1   8.5 1003 217  2.7 7  5.7  82    0    0 313 -343  0
3823500 2818500 10 19  2   8.6 1002 217  3.1 8  5.8  83    0    0 321 -344  0
3823500 2818500 10 19  3   8.7 1001 212  3.3 8  5.8  83    0    0 329 -346  0
3823500 2818500 10 19  4   8.8 1000 216  3.4 7  5.9  83    0    0 327 -347  0
3823500 2818500 10 19  5   8.6  998 222  3.1 7  6.0  85    0    0 323 -349  0
3823500 2818500 10 19  6   7.9  998 220  3.0 7  6.1  89    0    0 323 -352  0
3823500 2818500 10 19  7   7.1  997 224  1.8 8  6.1  94    0    0 329 -354  0
3823500 2818500 10 19  8   6.8  997 233  1.3 8  6.0  95    0   19 334 -355  0
3823500 2818500 10 19  9   6.8  997 227  1.5 6  5.9  94    8   83 320 -357  0
3823500 2818500 10 19 10   8.0  997 241  1.9 4  5.9  91  116  139 292 -360  0
3823500 2818500 10 19 11   9.4  997 243  2.1 3  6.1  86  220  155 271 -365  0
3823500 2818500 10 19 12  10.4  996 248  2.9 3  6.3  82  198  192 266 -369  0
3823500 2818500 10 19 13  11.2  996 251  3.5 3  6.5  79   46  199 271 -371  0
3823500 2818500 10 19 14  11.0  996 250  3.4 2  6.4  76  149  187 268 -372  0
3823500 2818500 10 19 15   9.0  995 277  2.7 7  6.1  79   27  137 295 -372  0
3823500 2818500 10 19 16  10.2  995 296  2.7 8  6.2  81    2   69 332 -368  0
3823500 2818500 10 19 17   9.0  994 262  2.3 5  6.2  82    0   27 316 -364  0
3823500 2818500 10 19 18   8.2  994 274  0.4 6  6.1  86    0    0 296 -358  0
3823500 2818500 10 19 19   7.6  995 240  1.7 6  5.9  88    0    0 301 -353  0
3823500 2818500 10 19 20   7.7  995 236  2.1 6  5.9  88    0    0 302 -351  0
3823500 2818500 10 19 21   7.5  995 252  2.0 6  5.8  88    0    0 303 -350  0
3823500 2818500 10 19 22   7.2  995 242  1.8 6  5.8  90    0    0 303 -349  0
3823500 2818500 10 19 23   7.0  994 249  1.6 7  5.8  91    0    0 310 -348  0
3823500 2818500 10 19 24   6.8  994 237  2.2 7  5.8  91    0    0 314 -348  0
3823500 2818500 10 20  1   6.7  994 241  1.2 7  5.7  91    0    0 313 -346  0
3823500 2818500 10 20  2   6.6  994 248  1.5 7  5.7  91    0    0 313 -344  0
3823500 2818500 10 20  3   6.7  994 238  1.2 7  5.6  91    0    0 312 -342  0
3823500 2818500 10 20  4   6.3  994 246  1.0 7  5.6  91    0    0 311 -341  0
3823500 2818500 10 20  5   6.3  994 263  1.7 7  5.6  92    0    0 309 -340  0
3823500 2818500 10 20  6   6.5  995 270  1.8 7  5.6  92    0    0 307 -339  0
3823500 2818500 10 20  7   6.4  996 296  1.7 8  5.6  92    0    0 311 -338  0
3823500 2818500 10 20  8   6.3  997 277  1.5 8  5.6  92    0   14 314 -338  0
3823500 2818500 10 20  9   6.9  998 275  1.6 6  5.6  90   17   81 303 -339  0
3823500 2818500 10 20 10   7.5  998 292  2.6 5  5.5  86  106  120 287 -341  0
3823500 2818500 10 20 11   8.7  999 307  3.2 4  5.4  79  239  109 279 -344  0
3823500 2818500 10 20 12   9.5 1000 301  4.3 4  5.1  70   31  181 278 -344  0
3823500 2818500 10 20 13   7.1 1000 313  3.7 8  4.9  72    0   45 296 -345  0
3823500 2818500 10 20 14   6.1 1001 248  2.5 8  4.9  81    0   99 308 -350  0
3823500 2818500 10 20 15   7.9 1001 294  2.9 5  4.9  78   92  128 295 -352  0
3823500 2818500 10 20 16   7.6 1001 293  2.8 4  4.8  72   69   83 280 -350  0
3823500 2818500 10 20 17   6.5 1002 293  2.0 4  4.4  70   48   37 270 -344  0
3823500 2818500 10 20 18   5.4 1003 263  1.9 3  4.3  73    0    0 261 -338  0
3823500 2818500 10 20 19   4.7 1004 275  2.1 3  4.3  78    0    0 252 -334  0
3823500 2818500 10 20 20   4.4 1005 264  0.9 3  4.3  81    0    0 250 -331  0
3823500 2818500 10 20 21   4.0 1007 266  1.8 3  4.3  83    0    0 248 -330  0
3823500 2818500 10 20 22   3.6 1007 261  1.4 2  4.2  84    0    0 244 -331  0
3823500 2818500 10 20 23   3.8 1008 255  1.7 1  4.2  84    0    0 236 -330  0
3823500 2818500 10 20 24   3.2 1009 266  1.7 1  4.2  85    0    0 232 -328  0
3823500 2818500 10 21  1   3.0 1009 245  1.7 0  4.1  87    0    0 227 -328  0
3823500 2818500 10 21  2   3.3 1010 252  1.4 0  4.1  87    0    0 223 -327  0
3823500 2818500 10 21  3   3.3 1010 234  1.9 1  4.2  87    0    0 227 -327  0
3823500 2818500 10 21  4   3.0 1010 246  1.8 3  4.2  88    0    0 239 -328  0
3823500 2818500 10 21  5   3.1 1010 253  1.9 5  4.2  89    0    0 255 -329  0
3823500 2818500 10 21  6   3.5 1011 233  1.6 6  4.3  89    0    0 269 -332  0
3823500 2818500 10 21  7   3.7 1011 234  2.6 3  4.3  87    0    0 262 -331  0
3823500 2818500 10 21  8   4.5 1011 227  2.7 2  4.3  84    0   22 246 -331  0
3823500 2818500 10 21  9   5.3 1011 244  3.8 6  4.3  81    0   59 260 -332  0
3823500 2818500 10 21 10   5.7 1011 242  3.5 7  4.5  80    7  117 284 -335  0
3823500 2818500 10 21 11   6.6 1012 245  4.0 6  4.8  81   42  170 287 -340  0
3823500 2818500 10 21 12   8.2 1012 244  3.8 4  4.9  77  176  178 278 -345  0
3823500 2818500 10 21 13   9.0 1012 237  4.8 3  4.9  70  182  180 268 -349  0
3823500 2818500 10 21 14   9.9 1012 242  4.6 4  4.8  65  126  173 272 -351  0
3823500 2818500 10 21 15   9.8 1011 243  5.2 4  4.7  62  180  121 278 -351  0
3823500 2818500 10 21 16   9.5 1011 240  5.0 3  4.6  61  125   84 273 -350  0
3823500 2818500 10 21 17   8.4 1011 238  4.0 5  4.5  63   30   39 275 -347  0
3823500 2818500 10 21 18   7.4 1011 225  3.7 5  4.4  66    0    0 281 -344  0
3823500 2818500 10 21 19   6.8 1011 223  3.0 4  4.3  69    0    0 274 -343  0
3823500 2818500 10 21 20   6.3 1011 225  3.3 3  4.3  70    0    0 262 -342  0
3823500 2818500 10 21 21   6.3 1011 224  3.8 2  4.2  71    0    0 254 -342  0
3823500 2818500 10 21 22   6.0 1011 225  3.6 3  4.2  71    0    0 255 -341  0
3823500 2818500 10 21 23   6.0 1011 227  3.8 3  4.2  72    0    0 260 -340  0
3823500 2818500 10 21 24   6.1 1011 225  3.8 5  4.2  71    0    0 268 -338  0
3823500 2818500 10 22  1   6.0 1010 224  3.5 6  4.2  72    0    0 279 -338  0
3823500 2818500 10 22  2   5.8 1010 224  3.1 7  4.2  73    0    0 285 -337  0
3823500 2818500 10 22  3   5.8 1010 224  3.4 7  4.3  74    0    0 288 -335  0
3823500 2818500 10 22  4   5.6 1009 225  3.1 6  4.3  76    0    0 282 -333  0
3823500 2818500 10 22  5   5.8 1009 224  3.0 5  4.5  78    0    0 272 -331  0
3823500 2818500 10 22  6   5.8 1009 226  3.0 6  4.6  80    0    0 273 -330  0
3823500 2818500 10 22  7   6.1 1009 221  2.7 7  4.7  81    0    0 284 -329  0
3823500 2818500 10 22  8   6.2 1009 225  2.7 7  4.8  82    0   10 290 -329  0
3823500 2818500 10 22  9   6.7 1009 223  2.6 7  4.9  82    5   74 294 -329  0
3823500 2818500 10 22 10   7.3 1010 226  2.5 8  5.1  81    5  111 303 -333  0
3823500 2818500 10 22 11   8.0 1010 225  2.6 8  5.2  80    6  139 312 -338  0
3823500 2818500 10 22 12   8.5 1010 225  2.7 8  5.4  79    6  156 317 -346  0
3823500 2818500 10 22 13   9.2 1009 225  2.7 7  5.6  79   15  166 316 -353  0
3823500 2818500 10 22 14   9.8 1009 225  2.8 7  5.8  78   33  164 316 -358  0
3823500 2818500 10 22 15  10.1 1009 216  3.1 8  5.9  77   19  125 322 -360  0
3823500 2818500 10 22 16   9.7 1009 219  2.9 7  5.9  77   19   83 323 -358  0
3823500 2818500 10 22 17   9.1 1008 218  2.2 7  5.8  78   12   35 316 -352  0
3823500 2818500 10 22 18   8.1 1008 212  1.9 6  5.7  81    0    0 308 -345  0
3823500 2818500 10 22 19   7.8 1008 215  2.0 5  5.6  84    0    0 295 -340  0
3823500 2818500 10 22 20   7.1 1009 213  1.6 4  5.5  85    0    0 281 -337  0
3823500 2818500 10 22 21   6.8 1008 214  1.7 2  5.4  87    0    0 264 -334  0
3823500 2818500 10 22 22   6.0 1008 214  2.0 1  5.3  88    0    0 246 -332  0
3823500 2818500 10 22 23   6.3 1008 213  2.1 1  5.1  87    0    0 238 -330  0
3823500 2818500 10 22 24   6.3 1007 211  2.6 3  4.9  83    0    0 248 -328  0
3823500 2818500 10 23  1   6.4 1007 211  2.6 4  4.8  80    0    0 263 -327  0
3823500 2818500 10 23  2   6.2 1007 209  2.2 4  4.7  78    0    0 268 -325  0
3823500 2818500 10 23  3   6.1 1006 203  2.5 5  4.6  78    0    0 273 -323  0
3823500 2818500 10 23  4   6.2 1005 210  2.9 6  4.5  76    0    0 284 -322  0
3823500 2818500 10 23  5   6.1 1004 203  2.9 6  4.4  75    0    0 289 -321  0
3823500 2818500 10 23  6   5.7 1004 207  2.6 5  4.3  74    0    0 278 -320  0
3823500 2818500 10 23  7   5.1 1003 205  2.4 4  4.1  73    0    0 257 -320  0
3823500 2818500 10 23  8   5.0 1003 195  1.9 4  4.0  73    1   22 245 -320  0
3823500 2818500 10 23  9   5.9 1002 197  2.3 6  4.0  71   26   67 263 -323  0
3823500 2818500 10 23 10   6.4 1001 202  3.6 6  4.0  67   39  111 282 -329  0
3823500 2818500 10 23 11   6.9 1000 196  3.5 6  3.9  63   19  141 286 -339  0
3823500 2818500 10 23 12   7.9  999 193  3.8 6  3.8  58   24  158 290 -347  0
3823500 2818500 10 23 13   8.1  998 193  4.2 7  3.8  56    0   93 299 -353  0
3823500 2818500 10 23 14   7.7  997 186  3.9 6  4.1  61    0   92 298 -357  0
3823500 2818500 10 23 15   7.1  995 182  2.8 8  4.7  72    0   40 306 -362  0
3823500 2818500 10 23 16   6.6  994 191  3.2 8  5.1  82    0   29 321 -363  0
3823500 2818500 10 23 17   6.7  994 199  4.5 8  5.4  87    0   15 323 -359  0
3823500 2818500 10 23 18   6.8  993 206  5.1 8  5.5  89    0    0 327 -355  0
3823500 2818500 10 23 19   7.0  993 210  5.1 8  5.7  90    0    0 331 -352  0
3823500 2818500 10 23 20   7.2  992 216  4.5 8  5.7  89    0    0 332 -349  0
3823500 2818500 10 23 21   7.5  992 216  4.1 7  5.7  87    0    0 326 -347  0
3823500 2818500 10 23 22   7.5  991 214  3.9 7  5.7  86    0    0 321 -347  0
3823500 2818500 10 23 23   7.8  991 215  4.5 7  5.7  86    0    0 324 -347  0
3823500 2818500 10 23 24   8.1  991 219  4.9 7  5.8  85    0    0 325 -346  0
3823500 2818500 10 24  1   8.0  990 235  4.6 7  5.9  86    0    0 325 -346  0
3823500 2818500 10 24  2   8.1  990 240  5.3 7  5.9  86    0    0 326 -347  0
3823500 2818500 10 24  3   8.1  991 233  5.2 7  5.9  85    0    0 325 -347  0
3823500 2818500 10 24  4   7.6  991 239  5.6 7  5.7  85    0    0 323 -347  0
3823500 2818500 10 24  5   7.5  992 243  5.3 7  5.6  85    0    0 321 -347  0
3823500 2818500 10 24  6   7.2  992 248  4.8 6  5.5  84    0    0 314 -347  0
3823500 2818500 10 24  7   7.1  993 247  4.8 6  5.4  84    0    0 306 -346  0
3823500 2818500 10 24  8   6.8  994 252  5.2 6  5.3  84    0   13 305 -346  0
3823500 2818500 10 24  9   7.2  995 260  4.5 6  5.3  83    5   63 305 -346  0
3823500 2818500 10 24 10   7.7  996 269  5.3 6  5.3  81   40  115 306 -348  0
3823500 2818500 10 24 11   8.0  997 270  4.6 6  5.4  80   30  149 308 -352  0
3823500 2818500 10 24 12   9.1  998 270  4.6 7  5.4  76   15  157 313 -358  0
3823500 2818500 10 24 13   9.1  998 273  5.3 6  5.2  71   54  169 311 -365  0
3823500 2818500 10 24 14   9.0  999 276  3.0 4  5.1  70  123  136 293 -368  0
3823500 2818500 10 24 15   9.1  999 293  1.9 1  5.1  70  183   72 270 -367  0
3823500 2818500 10 24 16   8.5 1000 300  2.1 2  5.0  70   87   59 261 -362  0
3823500 2818500 10 24 17   7.0 1001 271  1.6 3  5.0  76   16   27 263 -358  0
3823500 2818500 10 24 18   6.1 1001 304  1.8 3  4.9  80    0    0 259 -351  0
3823500 2818500 10 24 19   4.8 1002 263  1.1 3  4.7  83    0    0 253 -344  0
3823500 2818500 10 24 20   4.6 1003 262  1.2 3  4.7  88    0    0 249 -341  0
3823500 2818500 10 24 21   4.6 1004 254  1.4 1  4.8  90    0    0 239 -338  0
3823500 2818500 10 24 22   3.5 1005 268  1.4 1  4.6  91    0    0 229 -334  0
3823500 2818500 10 24 23   3.0 1006 280  1.4 0  4.5  92    0    0 222 -331  0
3823500 2818500 10 24 24   2.9 1006 250  1.3 0  4.4  94    0    0 216 -329  0
3823500 2818500 10 25  1   2.8 1007 267  1.7 2  4.5  96    0    0 223 -328  0
3823500 2818500 10 25  2   2.5 1008 269  1.1 2  4.5  96    0    0 231 -327  0
3823500 2818500 10 25  3   1.8 1008 263  0.8 2  4.4  98    0    0 230 -326  0
3823500 2818500 10 25  4   2.0 1009 261  0.8 1  4.3  99    0    0 226 -326  0
3823500 2818500 10 25  5   2.2 1009 269  1.1 1  4.3  97    0    0 223 -326  0
3823500 2818500 10 25  6   2.4 1010 265  0.9 1  4.2  94    0    0 222 -326  0
3823500 2818500 10 25  7   1.9 1010 274  0.9 1  4.2  94    0    0 220 -325  0
3823500 2818500 10 25  8   2.4 1011 270  0.8 1  4.2  95    5   22 222 -325  0
3823500 2818500 10 25  9   4.1 1012 258  0.7 1  4.5  93   71   61 225 -327  0
3823500 2818500 10 25 10   6.5 1013 294  1.5 1  4.7  85  178   77 231 -334  0
3823500 2818500 10 25 11   8.0 1014 312  2.5 1  4.8  76  269   81 237 -342  0
3823500 2818500 10 25 12   8.9 1014 325  2.6 1  4.9  71  276  107 240 -351  0
3823500 2818500 10 25 13   9.3 1015 327  2.8 2  4.9  68  183  153 246 -358  0
3823500 2818500 10 25 14   9.7 1015 325  2.8 2  4.8  65  218  116 252 -362  0
3823500 2818500 10 25 15   9.6 1016 326  2.8 2  4.7  63  190   88 253 -362  0
3823500 2818500 10 25 16   9.5 1016 318  1.7 1  4.6  63  107   71 251 -360  0
3823500 2818500 10 25 17   8.0 1016 265  0.6 3  4.6  66   25   30 255 -356  0
3823500 2818500 10 25 18   6.2 1016 281  0.9 2  4.6  74    0    0 256 -350  0
3823500 2818500 10 25 19   4.5 1017 267  0.8 2  4.6  82    0    0 247 -347  0
3823500 2818500 10 25 20   4.7 1017 267  1.4 2  4.6  87    0    0 245 -346  0
3823500 2818500 10 25 21   4.7 1018 310  1.7 1  4.6  88    0    0 242 -346  0
3823500 2818500 10 25 22   4.0 1018 275  1.2 1  4.5  88    0    0 235 -345  0
3823500 2818500 10 25 23   3.6 1018 238  2.0 1  4.5  90    0    0 234 -343  0
3823500 2818500 10 25 24   3.2 1018 245  2.2 0  4.5  93    0    0 228 -342  0
3823500 2818500 10 26  1   4.0 1018 252  1.9 0  4.4  91    0    0 224 -341  0
3823500 2818500 10 26  2   3.2 1018 264  2.6 0  4.4  90    0    0 225 -340  0
3823500 2818500 10 26  3   3.7 1018 258  2.4 0  4.3  90    0    0 224 -339  0
3823500 2818500 10 26  4   3.2 1018 263  2.1 0  4.3  89    0    0 224 -339  0
3823500 2818500 10 26  5   2.8 1018 253  1.6 0  4.2  90    0    0 222 -338  0
3823500 2818500 10 26  6   1.9 1019 259  0.6 1  4.1  92    0    0 224 -337  0
3823500 2818500 10 26  7   1.6 1019 230  0.8 0  4.0  94    0    0 222 -337  0
3823500 2818500 10 26  8   1.4 1019 197  0.8 1  4.0  95    2   21 220 -338  0
3823500 2818500 10 26  9   3.7 1020 213  1.1 2  4.2  93   47   73 231 -338  0
3823500 2818500 10 26 10   5.9 1020 214  1.4 3  4.6  87  110  116 246 -341  0
3823500 2818500 10 26 11   8.0 1020 224  1.8 5  5.0  81  111  158 265 -347  0
3823500 2818500 10 26 12   8.7 1020 233  3.0 6  5.1  75   74  188 281 -353  0
3823500 2818500 10 26 13   8.9 1020 226  2.9 6  5.1  73   15  162 287 -359  0
3823500 2818500 10 26 14   9.1 1019 227  3.0 6  5.1  72    9  138 289 -362  0
3823500 2818500 10 26 15   8.8 1019 231  2.8 7  5.1  72    7  107 293 -362  0
3823500 2818500 10 26 16   8.6 1019 218  2.1 7  5.1  73    0   41 297 -359  0
3823500 2818500 10 26 17   8.2 1019 183  1.2 7  5.1  75    0   12 296 -354  0
3823500 2818500 10 26 18   7.8 1018 178  1.1 7  5.1  77    0    0 296 -348  0
3823500 2818500 10 26 19   7.4 1018 180  1.1 7  5.1  79    0    0 298 -345  0
3823500 2818500 10 26 20   7.7 1017 172  1.2 8  5.1  79    0    0 304 -344  0
3823500 2818500 10 26 21   7.8 1017 178  1.4 8  5.1  77    0    0 311 -345  0
3823500 2818500 10 26 22   8.0 1017 181  1.5 8  5.0  75    0    0 313 -345  0
3823500 2818500 10 26 23   8.2 1017 182  1.5 8  4.7  71    0    0 314 -346  0
3823500 2818500 10 26 24   8.0 1016 185  2.2 8  4.5  68    0    0 315 -346  0
3823500 2818500 10 27  1   8.0 1016 191  2.1 7  4.4  66    0    0 313 -346  0
3823500 2818500 10 27  2   7.8 1015 195  1.9 7  4.2  64    0    0 309 -345  0
3823500 2818500 10 27  3   7.3 1015 201  3.3 8  4.2  66    0    0 313 -345  0
3823500 2818500 10 27  4   7.0 1014 201  2.9 8  4.4  71    0    0 319 -345  0
3823500 2818500 10 27  5   6.5 1014 206  3.8 8  4.7  77    0    0 319 -344  0
3823500 2818500 10 27  6   6.4 1014 208  3.1 8  5.1  84    0    0 320 -344  0
3823500 2818500 10 27  7   5.9 1013 203  3.6 8  5.3  90    0    0 321 -344  0
3823500 2818500 10 27  8   6.0 1013 210  2.7 8  5.3  92    0    5 321 -344  0
3823500 2818500 10 27  9   6.3 1013 209  3.0 7  5.4  92    0   22 316 -344  0
3823500 2818500 10 27 10   6.7 1013 206  3.0 7  5.6  93    0   57 313 -346  0
3823500 2818500 10 27 11   7.1 1013 215  3.1 7  5.8  94    0   60 313 -348  0
3823500 2818500 10 27 12   7.8 1013 210  3.6 8  5.9  92    0   48 319 -352  0
3823500 2818500 10 27 13   8.6 1012 213  3.7 8  6.1  89    0   40 326 -357  0
3823500 2818500 10 27 14   9.4 1012 209  3.6 8  6.2  86    0   60 326 -364  0
3823500 2818500 10 27 15  10.0 1012 215  3.8 7  6.3  84    1   95 321 -367  0
3823500 2818500 10 27 16   9.9 1011 206  2.5 8  6.5  85    0   43 320 -366  0
3823500 2818500 10 27 17  10.1 1011 206  2.6 8  6.6  86    0    4 323 -359  0
3823500 2818500 10 27 18   9.8 1011 205  2.1 8  6.6  86    0    0 322 -351  0
3823500 2818500 10 27 19   9.5 1011 212  2.4 7  6.6  88    0    0 318 -344  0
3823500 2818500 10 27 20   9.0 1011 218  2.0 7  6.5  88    0    0 313 -342  0
3823500 2818500 10 27 21   8.5 1011 222  2.6 8  6.3  90    0    0 316 -341  0
3823500 2818500 10 27 22   8.1 1011 218  2.5 7  6.1  89    0    0 316 -340  0
3823500 2818500 10 27 23   8.1 1011 219  2.7 7  5.9  87    0    0 312 -339  0
3823500 2818500 10 27 24   7.9 1010 210  2.5 7  5.7  86    0    0 311 -338  0
3823500 2818500 10 28  1   8.1 1010 212  1.9 7  5.6  84    0    0 311 -339  0
3823500 2818500 10 28  2   7.9 1010 218  2.3 8  5.7  84    0    0 317 -340  0
3823500 2818500 10 28  3   7.4 1009 219  2.4 8  5.8  88    0    0 323 -342  0
3823500 2818500 10 28  4   7.2 1009 228  3.2 7  5.8  90    0    0 320 -343  0
3823500 2818500 10 28  5   7.1 1009 214  2.7 8  5.8  91    0    0 322 -344  0
3823500 2818500 10 28  6   7.4 1009 218  2.0 8  5.9  92    0    0 327 -344  0
3823500 2818500 10 28  7   7.7 1009 211  1.9 8  6.0  93    0    0 330 -342  0
3823500 2818500 10 28  8   8.1 1009 218  2.5 8  6.3  94    0    7 331 -339  0
3823500 2818500 10 28  9   8.7 1009 225  2.2 7  6.5  95    0   22 328 -336  0
3823500 2818500 10 28 10   9.2 1009 228  2.2 7  6.7  93    0   61 324 -338  0
3823500 2818500 10 28 11   9.7 1009 231  3.0 7  6.8  92    0  107 324 -346  0
3823500 2818500 10 28 12  10.2 1010 230  3.8 8  6.9  90    0   62 330 -357  0
3823500 2818500 10 28 13  10.5 1010 230  4.4 8  7.0  89    0   51 336 -366  0
3823500 2818500 10 28 14  11.0 1009 233  4.0 7  7.1  87    0   49 332 -372  0
3823500 2818500 10 28 15  11.4 1009 225  3.2 7  7.2  86    0   71 328 -374  0
3823500 2818500 10 28 16  11.5 1009 219  2.0 8  7.2  85    0   34 330 -372  0
3823500 2818500 10 28 17  11.5 1009 220  2.4 8  7.2  84    0    8 331 -367  0
3823500 2818500 10 28 18  11.2 1009 216  2.5 8  7.1  85    0    0 329 -362  0
3823500 2818500 10 28 19  11.0 1010 212  2.7 8  7.1  86    0    0 327 -359  0
3823500 2818500 10 28 20  11.1 1010 211  3.0 8  7.0  85    0    0 327 -357  0
3823500 2818500 10 28 21  11.2 1010 213  2.4 8  6.8  83    0    0 326 -355  0
3823500 2818500 10 28 22  11.1 1010 212  2.6 8  6.7  81    0    0 325 -353  0
3823500 2818500 10 28 23  10.7 1010 216  2.8 8  6.6  81    0    0 323 -351  0
3823500 2818500 10 28 24  10.3 1010 212  2.2 8  6.5  82    0    0 324 -350  0
3823500 2818500 10 29  1   9.9 1009 201  1.9 7  6.4  82    0    0 323 -348  0
3823500 2818500 10 29  2   9.1 1009 200  1.9 6  6.2  84    0    0 315 -346  0
3823500 2818500 10 29  3   8.2 1008 181  1.8 3  5.9  85    0    0 296 -344  0
3823500 2818500 10 29  4   7.4 1008 187  0.8 1  5.7  86    0    0 271 -342  0
3823500 2818500 10 29  5   6.9 1007 171  0.9 2  5.5  87    0    0 263 -341  0
3823500 2818500 10 29  6   6.2 1006 161  0.7 3  5.4  89    0    0 268 -339  0
3823500 2818500 10 29  7   5.8 1006 163  0.6 3  5.3  91    0    0 269 -337  0
3823500 2818500 10 29  8   5.4 1005 176  0.5 4  5.2  92    0   13 267 -336  0
3823500 2818500 10 29  9   6.4 1005 166  1.0 4  5.3  91   10   71 267 -336  0
3823500 2818500 10 29 10   7.4 1005 166  1.6 5  5.5  87   28  126 268 -341  0
3823500 2818500 10 29 11   8.7 1004 166  2.0 4  5.6  83   94  168 268 -350  0
3823500 2818500 10 29 12  10.4 1003 164  2.7 4  5.9  79  198  165 268 -361  0
3823500 2818500 10 29 13  11.3 1003 163  2.8 5  6.2  75  162  178 273 -371  0
3823500 2818500 10 29 14  12.1 1001 156  2.5 5  6.3  73   92  173 279 -377  0
3823500 2818500 10 29 15  12.3 1000 134  1.4 6  6.5  73    8  116 284 -379  0
3823500 2818500 10 29 16  12.3  998 121  1.0 7  6.7  74    4   66 291 -376  0
3823500 2818500 10 29 17  12.2  997 136  1.0 7  6.8  76    0   14 296 -370  0
3823500 2818500 10 29 18  11.9  996 135  1.5 6  6.9  78    0    0 295 -363  0
3823500 2818500 10 29 19  11.5  995 149  1.5 6  6.9  79    0    0 294 -358  0
3823500 2818500 10 29 20  11.8  994 151  1.4 6  6.6  76    0    0 295 -356  0
3823500 2818500 10 29 21  11.8  994 160  1.4 7  6.4  73    0    0 297 -354  0
3823500 2818500 10 29 22  11.6  993 166  1.1 6  6.2  71    0    0 297 -356  0
3823500 2818500 10 29 23  11.6  993 170  1.3 7  6.0  69    0    0 298 -357  0
3823500 2818500 10 29 24  11.1  993 158  0.5 6  5.9  69    0    0 298 -356  0
3823500 2818500 10 30  1  10.4  992 157  0.5 5  5.8  71    0    0 295 -355  0
3823500 2818500 10 30  2  11.6  992 153  0.6 6  5.9  70    0    0 299 -355  0
3823500 2818500 10 30  3  11.3  992 152  0.8 5  5.9  68    0    0 304 -355  0
3823500 2818500 10 30  4  11.0  992 169  0.2 5  5.9  70    0    0 304 -356  0
3823500 2818500 10 30  5  10.9  992 172  1.2 6  6.0  72    0    0 309 -357  0
3823500 2818500 10 30  6  10.7  992 165  0.9 5  6.0  73    0    0 311 -357  0
3823500 2818500 10 30  7  11.0  992 175  1.0 7  6.0  73    0    0 316 -356  0
3823500 2818500 10 30  8  11.6  992 168  1.0 7  6.1  72    0   10 325 -356  0
3823500 2818500 10 30  9  12.0  992 177  1.1 5  6.2  71    1   55 321 -358  0
3823500 2818500 10 30 10  12.4  993 180  1.7 7  6.4  71    1   78 322 -363  0
3823500 2818500 10 30 11  13.0  993 178  1.9 7  6.7  72    0  101 330 -369  0
3823500 2818500 10 30 12  13.0  993 179  1.8 8  7.0  73    0   62 332 -376  0
3823500 2818500 10 30 13  12.7  993 180  1.7 8  7.3  77    0   36 335 -382  0
3823500 2818500 10 30 14  12.0  993 204  1.2 7  7.5  82    0   37 331 -386  0
3823500 2818500 10 30 15  11.5  993 191  2.1 8  7.6  87    0   30 330 -387  0
3823500 2818500 10 30 16  11.1  994 211  1.4 8  7.6  89    0   24 332 -385  0
3823500 2818500 10 30 17  10.7  994 200  1.4 7  7.6  92    0   13 330 -380  0
3823500 2818500 10 30 18  10.5  994 212  1.4 7  7.6  94    0    0 326 -374  0
3823500 2818500 10 30 19  10.3  995 194  0.9 7  7.6  94    0    0 327 -369  0
3823500 2818500 10 30 20   9.9  996 193  1.1 6  7.4  94    0    0 323 -367  0
3823500 2818500 10 30 21   8.9  996 173  0.6 2  7.0  94    0    0 302 -366  0
3823500 2818500 10 30 22   8.3  996 159  0.2 0  6.8  95    0    0 277 -366  0
3823500 2818500 10 30 23   7.8  996 149  0.6 0  6.6  97    0    0 269 -365  0
3823500 2818500 10 30 24   6.8  996 148  0.1 0  6.4  98    0    0 265 -364  0
3823500 2818500 10 31  1   6.3  996 125  0.1 0  6.1 100    0    0 259 -364  0
3823500 2818500 10 31  2   5.9  996 121  0.7 0  5.9  99    0    0 253 -364  0
3823500 2818500 10 31  3   6.1  995 124  0.3 0  5.7  97    0    0 252 -365  0
3823500 2818500 10 31  4   5.5  995  88  0.1 0  5.7  98    0    0 253 -364  0
3823500 2818500 10 31  5   5.6  995  91  0.1 0  5.6  98    0    0 253 -364  0
3823500 2818500 10 31  6   6.8  994  88  0.1 4  5.8  96    0    0 273 -363  0
3823500 2818500 10 31  7   7.3  994  90  0.1 6  6.1  95    0    0 303 -363  0
3823500 2818500 10 31  8   7.6  994 111  0.1 7  6.2  94    0   13 319 -362  0
3823500 2818500 10 31  9   8.0  994  91  0.1 7  6.4  95    0   39 325 -363  0
3823500 2818500 10 31 10   8.5  995 109  0.7 8  6.6  95    0   42 332 -366  0
3823500 2818500 10 31 11   9.0  995 131  0.7 7  6.9  96    0   50 334 -371  0
3823500 2818500 10 31 12   9.5  995 112  0.7 7  7.1  96    0   61 330 -377  0
3823500 2818500 10 31 13  10.4  995 100  0.9 7  7.3  94    0  100 331 -384  0
3823500 2818500 10 31 14  11.0  995  43  1.4 8  7.6  93    0   90 338 -388  0
3823500 2818500 10 31 15  11.5  994  57  1.5 8  7.8  92    0   33 345 -389  0
3823500 2818500 10 31 16  11.1  994  56  1.7 7  7.7  91    7   82 340 -386  0
3823500 2818500 10 31 17  10.7  994  58  1.3 7  7.6  92    3   31 333 -382  0
3823500 2818500 10 31 18  10.4  994  58  1.3 5  7.5  92    0    0 322 -377  0
3823500 2818500 10 31 19   9.4  995  54  0.8 3  7.3  94    0    0 297 -374  0
3823500 2818500 10 31 20   8.4  996  46  1.0 2  7.0  96    0    0 273 -373  0
3823500 2818500 10 31 21   9.3  996  80  0.9 3  6.9  95    0    0 273 -372  0
3823500 2818500 10 31 22   8.9  996 105  0.3 5  6.9  93    0    0 294 -371  0
3823500 2818500 10 31 23   8.5  997  86  0.8 6  6.8  95    0    0 310 -371  0
3823500 2818500 10 31 24   8.1  997 121  0.2 7  6.7  96    0    0 320 -370  0
3823500 2818500 11  1  1   7.6  998  78  0.5 8  6.5  99    0    0 337 -368  0
3823500 2818500 11  1  2   8.3  998   6  0.8 7  6.5  96    0    0 332 -368  0
3823500 2818500 11  1  3   8.3  997 356  0.9 6  6.5  93    0    0 319 -368  0
3823500 2818500 11  1  4   8.0  998  26  1.3 8  6.4  94    0    0 326 -367  0
3823500 2818500 11  1  5   7.7  998   9  1.1 8  6.4  95    0    0 338 -367  0
3823500 2818500 11  1  6   7.8  999 360  0.6 8  6.3  95    0    0 338 -366  0
3823500 2818500 11  1  7   7.7  999  32  0.1 7  6.3  94    0    0 331 -365  0
3823500 2818500 11  1  8   7.6 1000 347  0.1 8  6.2  94    0    9 329 -364  0
3823500 2818500 11  1  9   7.7 1000 337  1.0 8  6.3  95    4   47 335 -364  0
3823500 2818500 11  1 10   7.7 1001  31  1.4 8  6.3  95    6   90 335 -367  0
3823500 2818500 11  1 11   8.1 1002 342  1.3 8  6.3  94    0   76 334 -372  0
3823500 2818500 11  1 12   8.3 1002   6  0.8 8  6.4  93    0   48 334 -377  0
3823500 2818500 11  1 13   8.3 1002   6  0.7 8  6.4  92    0   48 333 -380  0
3823500 2818500 11  1 14   8.2 1002 342  1.0 7  6.4  93    0   50 327 -383  0
3823500 2818500 11  1 15   8.3 1002 356  1.0 7  6.4  93    0   38 320 -384  0
3823500 2818500 11  1 16   8.3 1003 358  0.7 8  6.3  92    0   30 325 -382  0
3823500 2818500 11  1 17   8.3 1003 292  0.2 8  6.3  92    0   12 330 -377  0
3823500 2818500 11  1 18   8.1 1004 297  0.2 8  6.3  92    0    0 330 -371  0
3823500 2818500 11  1 19   8.2 1004 301  0.1 8  6.3  92    0    0 330 -367  0
3823500 2818500 11  1 20   8.1 1005 231  0.1 8  6.3  93    0    0 329 -363  0
3823500 2818500 11  1 21   8.1 1005 219  0.1 8  6.3  93    0    0 329 -362  0
3823500 2818500 11  1 22   7.9 1005 230  0.2 8  6.3  93    0    0 328 -361  0
3823500 2818500 11  1 23   8.1 1005 213  0.6 8  6.3  93    0    0 328 -359  0
3823500 2818500 11  1 24   7.8 1005 233  0.8 8  6.3  94    0    0 329 -356  0
3823500 2818500 11  2  1   7.7 1005 213  1.0 7  6.3  94    0    0 323 -354  0
3823500 2818500 11  2  2   7.8 1005 201  0.6 7  6.2  93    0    0 317 -353  0
3823500 2818500 11  2  3   7.7 1005 216  1.5 8  6.1  92    0    0 323 -352  0
3823500 2818500 11  2  4   7.6 1005 224  1.8 8  6.0  92    0    0 329 -354  0
3823500 2818500 11  2  5   7.4 1005 213  2.2 8  5.9  91    0    0 327 -357  0
3823500 2818500 11  2  6   7.0 1005 196  2.1 8  5.9  92    0    0 326 -359  0
3823500 2818500 11  2  7   7.1 1005 181  2.4 8  5.9  93    0    0 328 -360  0
3823500 2818500 11  2  8   7.3 1005 185  2.8 8  6.0  95    0    0 332 -361  0
3823500 2818500 11  2  9   8.0 1005 205  3.0 7  6.3  96    0   21 326 -362  0
3823500 2818500 11  2 10   9.1 1005 220  3.4 7  6.6  94    2   81 324 -365  0
3823500 2818500 11  2 11  10.1 1004 204  3.7 6  6.8  90   23  146 321 -370  0
3823500 2818500 11  2 12  10.8 1004 199  4.0 6  6.9  86    1  114 318 -377  0
3823500 2818500 11  2 13  11.4 1003 199  3.4 6  7.0  84    3  127 320 -382  0
3823500 2818500 11  2 14  11.8 1003 208  3.6 8  7.0  81    0   61 333 -383  0
3823500 2818500 11  2 15  11.1 1002 216  4.5 8  7.0  83    0   28 343 -384  0
3823500 2818500 11  2 16  11.0 1002 217  3.6 8  7.2  87    0   21 344 -382  0
3823500 2818500 11  2 17  11.1 1002 215  3.9 8  7.4  89    0    6 347 -376  0
3823500 2818500 11  2 18  11.3 1002 211  2.8 8  7.5  90    0    0 348 -370  0
3823500 2818500 11  2 19  11.7 1002 216  3.3 8  7.5  88    0    0 350 -369  0
3823500 2818500 11  2 20  11.7 1003 222  4.0 7  7.5  86    0    0 346 -369  0
3823500 2818500 11  2 21  11.8 1003 218  2.9 7  7.4  86    0    0 341 -370  0
3823500 2818500 11  2 22  11.7 1002 209  3.6 7  7.5  86    0    0 341 -370  0
3823500 2818500 11  2 23  11.8 1002 217  4.0 7  7.5  86    0    0 342 -371  0
3823500 2818500 11  2 24  11.8 1002 210  4.1 7  7.4  85    0    0 342 -370  0
3823500 2818500 11  3  1  12.0 1001 219  4.5 8  7.4  84    0    0 349 -369  0
3823500 2818500 11  3  2  12.2 1001 221  4.9 8  7.4  82    0    0 355 -367  0
3823500 2818500 11  3  3  12.3 1000 219  4.4 8  7.3  81    0    0 357 -366  0
3823500 2818500 11  3  4  12.2 1000 221  4.6 8  7.3  81    0    0 359 -368  0
3823500 2818500 11  3  5  12.3  999 227  4.9 8  7.3  81    0    0 360 -371  0
3823500 2818500 11  3  6  12.2  999 225  5.3 8  7.3  81    0    0 360 -373  0
3823500 2818500 11  3  7  11.7  999 222  4.7 8  7.5  84    0    0 360 -373  0
3823500 2818500 11  3  8  11.5  999 227  4.9 8  7.7  89    0    7 360 -374  0
3823500 2818500 11  3  9  11.6  999 228  4.0 7  7.9  91    0   19 355 -374  0
3823500 2818500 11  3 10  11.9 1000 231  3.9 7  8.0  92    0   26 351 -374  0
3823500 2818500 11  3 11  12.2 1000 244  4.7 8  8.2  92    0   26 358 -375  0
3823500 2818500 11  3 12  11.8 1001 246  4.0 8  8.0  90    0   64 363 -375  0
3823500 2818500 11  3 13  12.0 1001 254  3.4 5  7.6  86   42  189 345 -376  0
3823500 2818500 11  3 14  13.2 1002 259  3.2 5  7.4  80   66  179 330 -376  0
3823500 2818500 11  3 15  13.3 1002 257  2.9 4  7.1  74   71  143 325 -376  0
3823500 2818500 11  3 16  13.0 1003 261  3.0 6  6.8  71   46   92 331 -377  0
3823500 2818500 11  3 17  12.4 1004 272  1.8 7  6.7  72    4   17 345 -377  0
3823500 2818500 11  3 18  11.9 1004 249  2.2 7  6.6  74    0    0 348 -377  0
3823500 2818500 11  3 19  11.9 1005 276  2.3 7  6.7  76    0    0 347 -375  0
3823500 2818500 11  3 20  11.2 1005 242  2.8 8  6.9  81    0    0 353 -372  0
3823500 2818500 11  3 21  10.7 1006 245  2.6 8  7.2  87    0    0 358 -369  0
3823500 2818500 11  3 22  10.2 1006 217  1.9 8  7.3  91    0    0 356 -369  0
3823500 2818500 11  3 23  10.0 1006 206  1.1 7  7.3  94    0    0 350 -368  0
3823500 2818500 11  3 24  10.4 1005 229  1.8 7  7.5  96    0    0 342 -370  0
3823500 2818500 11  4  1  12.3 1004 224  3.5 8  8.2  97    0    0 352 -377  0
3823500 2818500 11  4  2  13.7 1004 235  4.5 8  9.1  96    0    0 364 -384  0
3823500 2818500 11  4  3  14.4 1004 241  4.8 8  9.4  92    0    0 369 -386  0
3823500 2818500 11  4  4  15.1 1004 245  4.4 8  9.4  89    0    0 372 -387  0
3823500 2818500 11  4  5  15.2 1004 242  4.0 8  9.4  86    0    0 375 -387  0
3823500 2818500 11  4  6  15.4 1004 237  3.8 8  9.3  85    0    0 377 -388  0
3823500 2818500 11  4  7  15.1 1004 239  4.3 8  9.3  85    0    0 377 -388  0
3823500 2818500 11  4  8  15.2 1004 238  4.7 8  9.4  86    0    1 377 -387  0
3823500 2818500 11  4  9  15.1 1005 238  4.6 8  9.3  86    0   15 378 -386  0
3823500 2818500 11  4 10  14.8 1005 240  4.5 7  9.3  86    0   35 373 -386  0
3823500 2818500 11  4 11  15.2 1006 238  4.7 7  9.3  86    0   38 367 -389  0
3823500 2818500 11  4 12  14.6 1007 240  4.7 7  9.4  88    0   36 367 -392  0
3823500 2818500 11  4 13  14.6 1007 242  4.4 8  9.5  90    0   33 371 -393  0
3823500 2818500 11  4 14  14.4 1008 241  3.9 7  9.5  91    0   43 371 -392  0
3823500 2818500 11  4 15  14.3 1008 237  3.3 6  9.6  93    0   55 358 -392  0
3823500 2818500 11  4 16  14.6 1008 238  3.4 8  9.6  93    6   58 365 -391  0
3823500 2818500 11  4 17  14.3 1008 241  3.5 8  9.6  93    5   19 376 -390  0
3823500 2818500 11  4 18  14.0 1008 235  4.1 8  9.6  94    0    0 375 -389  0
3823500 2818500 11  4 19  13.8 1008 235  4.5 8  9.4  94    0    0 374 -389  0
3823500 2818500 11  4 20  14.0 1009 232  5.3 8  9.1  92    0    0 373 -389  0
3823500 2818500 11  4 21  14.3 1009 227  5.0 8  8.9  88    0    0 374 -387  0
3823500 2818500 11  4 22  14.3 1009 229  5.1 8  8.7  85    0    0 374 -385  0
3823500 2818500 11  4 23  14.2 1009 232  5.0 8  8.6  84    0    0 373 -384  0
3823500 2818500 11  4 24  14.6 1008 232  5.7 8  8.5  82    0    0 374 -383  0
3823500 2818500 11  5  1  14.7 1008 232  6.6 8  8.3  79    0    0 375 -383  0
3823500 2818500 11  5  2  14.8 1008 235  5.7 8  8.2  77    0    0 375 -383  0
3823500 2818500 11  5  3  14.8 1008 235  5.9 8  8.1  77    0    0 375 -382  0
3823500 2818500 11  5  4  14.1 1008 235  5.1 8  8.1  79    0    0 374 -381  0
3823500 2818500 11  5  5  13.3 1008 236  4.8 8  8.2  84    0    0 372 -381  0
3823500 2818500 11  5  6  13.2 1008 233  4.8 8  8.4  87    0    0 371 -379  0
3823500 2818500 11  5  7  12.8 1008 233  4.1 8  8.5  90    0    0 370 -378  0
3823500 2818500 11  5  8  12.6 1008 235  4.4 8  8.6  93    0    3 371 -378  0
3823500 2818500 11  5  9  12.7 1008 232  4.7 8  8.6  94    0   16 370 -377  0
3823500 2818500 11  5 10  12.9 1009 238  4.7 8  8.7  94    0   48 370 -377  0
3823500 2818500 11  5 11  13.0 1009 244  4.4 8  8.7  93    0   66 370 -378  0
3823500 2818500 11  5 12  12.9 1010 259  3.5 8  8.7  93    0   50 370 -378  0
3823500 2818500 11  5 13  12.8 1010 267  2.8 8  8.7  93    0   45 368 -378  0
3823500 2818500 11  5 14  13.0 1010 240  2.4 8  8.6  92    0   29 367 -378  0
3823500 2818500 11  5 15  12.8 1010 239  1.3 8  8.5  91    0   25 367 -378  0
3823500 2818500 11  5 16  12.0 1010 241  0.8 8  8.3  92    0   22 365 -378  0
3823500 2818500 11  5 17  11.3 1010 222  0.5 8  8.1  94    0    4 362 -378  0
3823500 2818500 11  5 18  11.6 1010 211  0.3 8  8.1  96    0    0 361 -379  0
3823500 2818500 11  5 19  11.9 1009 226  0.8 8  8.2  95    0    0 362 -379  0
3823500 2818500 11  5 20  12.4 1008 225  2.5 8  8.5  96    0    0 364 -379  0
3823500 2818500 11  5 21  13.0 1008 224  3.6 8  8.8  96    0    0 366 -378  0
3823500 2818500 11  5 22  13.4 1006 220  4.5 8  9.1  96    0    0 369 -378  0
3823500 2818500 11  5 23  13.6 1005 228  4.6 8  9.2  95    0    0 370 -378  0
3823500 2818500 11  5 24  11.9 1004 238  4.9 8  8.6  92    0    0 367 -377  0
3823500 2818500 11  6  1  10.1 1004 311  1.7 8  7.7  93    0    0 360 -377  0
3823500 2818500 11  6  2   9.7 1005 281  1.6 8  7.4  96    0    0 355 -377  0
3823500 2818500 11  6  3   9.2 1004 313  1.5 8  7.1  96    0    0 353 -375  0
3823500 2818500 11  6  4   9.2 1004 247  0.3 7  7.0  95    0    0 345 -372  0
3823500 2818500 11  6  5   9.1 1003 269  0.6 8  6.9  95    0    0 345 -370  0
3823500 2818500 11  6  6   9.3 1003 262  0.8 8  6.9  95    0    0 350 -367  0
3823500 2818500 11  6  7   9.3 1003 260  1.3 8  6.9  94    0    0 349 -364  0
3823500 2818500 11  6  8   9.3 1003 256  0.8 8  6.9  93    0    3 347 -361  0
3823500 2818500 11  6  9   9.2 1003 246  1.6 7  6.8  92    0   25 340 -359  0
3823500 2818500 11  6 10   9.5 1004 253  1.9 8  6.9  92    0   55 339 -358  0
3823500 2818500 11  6 11  10.2 1004 249  2.3 7  7.0  91   12  114 338 -359  0
3823500 2818500 11  6 12   9.9 1004 256  2.6 8  7.0  90    0   68 337 -362  0
3823500 2818500 11  6 13   9.9 1004 301  1.7 7  6.9  90    2  110 333 -362  0
3823500 2818500 11  6 14  10.1 1004 278  1.1 5  6.8  88   16  125 310 -361  0
3823500 2818500 11  6 15  10.1 1004 259  0.7 4  6.7  86   69   97 287 -360  0
3823500 2818500 11  6 16   9.8 1004 273  0.5 6  6.6  85   26   54 294 -359  0
3823500 2818500 11  6 17   8.6 1004 240  0.4 6  6.5  88    4   13 304 -357  0
3823500 2818500 11  6 18   7.7 1004 299  0.1 6  6.2  92    0    0 300 -351  0
3823500 2818500 11  6 19   7.5 1004 204  0.1 7  6.1  92    0    0 304 -344  0
3823500 2818500 11  6 20   7.5 1003 242  0.1 7  6.1  93    0    0 310 -340  0
3823500 2818500 11  6 21   6.6 1003 209  0.1 8  6.0  95    0    0 313 -338  0
3823500 2818500 11  6 22   6.2 1003 205  0.1 7  5.9  97    0    0 310 -336  0
3823500 2818500 11  6 23   5.6 1003  57  0.1 6  5.7  98    0    0 296 -334  0
3823500 2818500 11  6 24   5.6 1002  69  0.1 5  5.6  98    0    0 281 -332  0
3823500 2818500 11  7  1   4.5 1001  48  0.2 5  5.3  97    0    0 271 -330  0
3823500 2818500 11  7  2   4.8 1001  64  0.1 5  5.2  97    0    0 269 -328  0
3823500 2818500 11  7  3   5.2 1000  29  0.6 5  5.2  95    0    0 270 -327  0
3823500 2818500 11  7  4   4.8 1000  26  1.1 5  5.2  94    0    0 270 -325  0
3823500 2818500 11  7  5   4.7  999  29  1.7 5  5.1  95    0    0 269 -324  0
3823500 2818500 11  7  6   4.3  998  44  1.8 5  5.1  97    0    0 268 -323  0
3823500 2818500 11  7  7   4.3  998  35  1.8 6  5.1  98    0    0 272 -322  0
3823500 2818500 11  7  8   4.3  998  42  1.8 5  5.1  97    0    8 271 -320  0
3823500 2818500 11  7  9   4.5  998  56  1.9 4  5.1  96    0   36 261 -321  0
3823500 2818500 11  7 10   4.8  998  79  2.3 8  5.2  96    3   82 277 -327  0
3823500 2818500 11  7 11   6.0  998  58  2.8 6  5.3  94   18  141 289 -336  0
3823500 2818500 11  7 12   7.1  998  47  3.1 5  5.5  89   82  204 274 -345  0
3823500 2818500 11  7 13   7.3  997  60  3.4 5  5.4  84   81  211 270 -351  0
3823500 2818500 11  7 14   7.5  996  50  3.7 4  5.2  80   51  177 266 -354  0
3823500 2818500 11  7 15   7.2  996  66  2.8 4  5.1  78   49  140 262 -353  0
3823500 2818500 11  7 16   6.9  995  55  2.3 5  4.8  76   22   76 266 -349  0
3823500 2818500 11  7 17   5.9  995  62  1.6 6  4.6  76    3   15 273 -342  0
3823500 2818500 11  7 18   4.6  995  47  0.9 6  4.5  80    0    0 273 -334  0
3823500 2818500 11  7 19   4.2  995  55  0.7 6  4.4  84    0    0 270 -329  0
3823500 2818500 11  7 20   3.6  994  55  1.2 6  4.4  86    0    0 268 -325  0
3823500 2818500 11  7 21   3.3  994  78  0.6 6  4.4  88    0    0 267 -323  0
3823500 2818500 11  7 22   2.9  993  78  1.2 6  4.3  89    0    0 267 -321  0
3823500 2818500 11  7 23   2.5  992  68  0.7 5  4.2  89    0    0 262 -320  0
3823500 2818500 11  7 24   2.8  992  82  1.2 5  4.1  87    0    0 257 -319  0
3823500 2818500 11  8  1   2.2  990  88  1.2 5  4.0  87    0    0 257 -319  0
3823500 2818500 11  8  2   2.6  989  99  1.1 5  4.0  87    0    0 257 -318  0
3823500 2818500 11  8  3   2.8  988  86  1.0 6  4.0  86    0    0 263 -316  0
3823500 2818500 11  8  4   2.5  986 108  1.3 6  4.0  86    0    0 267 -315  0
3823500 2818500 11  8  5   2.9  985 113  1.3 5  4.0  85    0    0 260 -314  0
3823500 2818500 11  8  6   3.0  984 113  1.5 6  4.0  83    0    0 259 -314  0
3823500 2818500 11  8  7   3.2  982 112  1.3 7  4.1  84    0    0 269 -314  0
3823500 2818500 11  8  8   3.2  981 122  1.3 7  4.2  85    0    6 276 -314  0
3823500 2818500 11  8  9   3.6  980 120  1.5 5  4.3  86    0   31 268 -314  0
3823500 2818500 11  8 10   4.2  979 113  1.6 8  4.5  86    0   40 274 -316  0
3823500 2818500 11  8 11   5.0  978 119  1.9 7  4.7  86    0   62 286 -318  0
3823500 2818500 11  8 12   5.1  977 114  2.2 8  4.8  86    0   50 285 -321  0
3823500 2818500 11  8 13   5.6  976 114  1.5 7  4.9  86    0   86 288 -325  0
3823500 2818500 11  8 14   6.1  975 116  2.4 7  5.1  84    0   81 284 -330  0
3823500 2818500 11  8 15   6.6  974 114  1.8 7  5.1  82    3   82 288 -334  0
3823500 2818500 11  8 16   6.3  973 103  2.0 8  5.1  81   12   62 299 -332  0
3823500 2818500 11  8 17   5.9  972 101  1.9 7  5.0  82    1   13 299 -328  0
3823500 2818500 11  8 18   5.4  972 102  1.5 7  4.9  83    0    0 287 -322  0
3823500 2818500 11  8 19   5.4  972  97  1.5 8  4.8  83    0    0 297 -320  0
3823500 2818500 11  8 20   5.1  971 100  2.1 7  4.8  84    0    0 300 -319  0
3823500 2818500 11  8 21   4.8  971  94  2.3 5  4.7  84    0    0 263 -318  0
3823500 2818500 11  8 22   4.4  971  97  2.0 5  4.6  84    0    0 230 -317  0
3823500 2818500 11  8 23   3.9  971  93  2.3 5  4.6  86    0    0 227 -316  0
3823500 2818500 11  8 24   3.9  971  97  2.6 6  4.5  86    0    0 243 -315  0
3823500 2818500 11  9  1   4.0  970  90  2.4 7  4.5  85    0    0 273 -315  0
3823500 2818500 11  9  2   4.1  970  88  2.4 7  4.5  84    0    0 289 -315  0
3823500 2818500 11  9  3   4.1  970  87  2.5 8  4.5  84    0    0 303 -315  0
3823500 2818500 11  9  4   3.8  970  87  2.2 8  4.5  85    0    0 312 -316  0
3823500 2818500 11  9  5   3.5  969  81  1.9 8  4.5  87    0    0 312 -316  0
3823500 2818500 11  9  6   3.4  969  78  1.9 8  4.6  90    0    0 312 -316  0
3823500 2818500 11  9  7   3.4  969  73  1.7 8  4.6  92    0    0 313 -316  0
3823500 2818500 11  9  8   3.5  970  67  1.7 8  4.7  92    0    0 316 -315  0
3823500 2818500 11  9  9   3.7  970  68  1.4 8  4.7  92    0   23 317 -316  0
3823500 2818500 11  9 10   4.3  970  65  1.6 6  4.8  91    0   51 303 -317  0
3823500 2818500 11  9 11   4.8  971  71  1.6 8  4.9  90    0   36 303 -319  0
3823500 2818500 11  9 12   5.3  971  73  1.5 8  5.0  88    0   53 320 -323  0
3823500 2818500 11  9 13   5.5  971  55  1.7 8  5.1  87    0   72 321 -326  0
3823500 2818500 11  9 14   5.9  971  61  1.7 8  5.2  87    0   47 321 -329  0
3823500 2818500 11  9 15   6.1  971  63  1.9 8  5.3  88    0   32 322 -332  0
3823500 2818500 11  9 16   5.9  972  53  2.2 7  5.4  88    0   20 314 -332  0
3823500 2818500 11  9 17   5.6  972  55  1.6 7  5.4  90    0    5 306 -328  0
3823500 2818500 11  9 18   5.4  972  38  1.8 7  5.4  92    0    0 305 -325  0
3823500 2818500 11  9 19   5.4  972  51  1.7 8  5.4  92    0    0 313 -323  0
3823500 2818500 11  9 20   5.5  973  59  1.7 8  5.3  91    0    0 320 -321  0
3823500 2818500 11  9 21   5.4  973  51  1.0 8  5.3  91    0    0 319 -319  0
3823500 2818500 11  9 22   5.4  973  53  1.0 7  5.3  92    0    0 313 -319  0
3823500 2818500 11  9 23   5.3  974  52  1.4 7  5.4  94    0    0 307 -317  0
3823500 2818500 11  9 24   5.1  974  39  1.2 7  5.4  95    0    0 306 -316  0
3823500 2818500 11 10  1   5.3  974  44  1.0 8  5.4  95    0    0 312 -315  0
3823500 2818500 11 10  2   5.4  974  34  1.4 8  5.5  95    0    0 319 -315  0
3823500 2818500 11 10  3   5.4  974  34  1.6 8  5.5  95    0    0 320 -314  0
3823500 2818500 11 10  4   5.2  975  38  1.5 8  5.5  96    0    0 321 -314  0
3823500 2818500 11 10  5   5.1  975  34  1.1 8  5.5  97    0    0 321 -313  0
3823500 2818500 11 10  6   5.3  975  36  1.7 8  5.5  96    0    0 322 -313  0
3823500 2818500 11 10  7   5.3  975  32  2.2 8  5.5  96    0    0 322 -313  0
3823500 2818500 11 10  8   5.4  976  28  2.3 8  5.5  96    0    0 321 -312  0
3823500 2818500 11 10  9   5.3  977  20  2.2 8  5.5  95    0   11 321 -312  0
3823500 2818500 11 10 10   5.5  977  25  2.2 8  5.5  95    0   28 321 -314  0
3823500 2818500 11 10 11   5.9  978   5  1.9 8  5.5  93    0   28 321 -318  0
3823500 2818500 11 10 12   6.0  979 360  2.2 8  5.6  93    0   32 321 -322  0
3823500 2818500 11 10 13   6.0  980 340  2.4 8  5.6  93    0   34 322 -325  0
3823500 2818500 11 10 14   6.0  980 330  3.2 8  5.6  92    0   32 322 -329  0
3823500 2818500 11 10 15   5.8  981 316  2.5 8  5.5  91    0   31 321 -333  0
3823500 2818500 11 10 16   5.8  982 337  3.0 8  5.4  90    1   40 321 -334  0
3823500 2818500 11 10 17   5.6  984 311  1.4 8  5.3  90    2   13 320 -332  0
3823500 2818500 11 10 18   5.3  985 294  2.1 8  5.2  91    0    0 320 -327  0
3823500 2818500 11 10 19   5.3  987 283  1.0 7  5.2  91    0    0 311 -324  0
3823500 2818500 11 10 20   5.3  988 274  0.6 7  5.2  91    0    0 304 -323  0
3823500 2818500 11 10 21   4.7  990 272  1.0 7  5.0  90    0    0 303 -322  0
3823500 2818500 11 10 22   4.1  991 245  1.2 6  4.8  91    0    0 295 -320  0
3823500 2818500 11 10 23   3.9  992 255  1.3 7  4.7  92    0    0 293 -319  0
3823500 2818500 11 10 24   3.8  993 235  1.4 6  4.7  92    0    0 291 -318  0
3823500 2818500 11 11  1   3.3  993 231  1.6 5  4.6  92    0    0 278 -316  0
3823500 2818500 11 11  2   3.4  994 234  1.5 6  4.6  92    0    0 277 -315  0
3823500 2818500 11 11  3   3.6  995 232  2.0 7  4.6  92    0    0 287 -315  0
3823500 2818500 11 11  4   3.7  996 223  1.7 6  4.6  92    0    0 286 -315  0
3823500 2818500 11 11  5   3.8  996 227  2.0 4  4.6  92    0    0 273 -316  0
3823500 2818500 11 11  6   4.2  997 209  2.1 5  4.7  92    0    0 268 -316  0
3823500 2818500 11 11  7   3.9  997 218  2.6 5  4.8  92    0    0 268 -315  0
3823500 2818500 11 11  8   3.9  997 213  2.6 3  4.7  92    0    4 254 -315  0
3823500 2818500 11 11  9   3.6  997 207  2.9 4  4.6  91   18   33 246 -315  0
3823500 2818500 11 11 10   4.6  997 192  3.2 4  4.5  87  145   31 248 -316  0
3823500 2818500 11 11 11   5.5  996 193  4.7 5  4.4  80   50  107 254 -318  0
3823500 2818500 11 11 12   5.8  995 195  5.2 7  4.3  74    0   79 268 -322  0
3823500 2818500 11 11 13   5.7  993 191  5.6 7  4.1  70    0   66 278 -326  0
3823500 2818500 11 11 14   5.9  991 183  5.6 7  4.0  69    0   55 282 -331  0
3823500 2818500 11 11 15   5.5  990 182  5.8 7  4.2  72    0   42 287 -335  0
3823500 2818500 11 11 16   4.6  987 176  6.2 7  4.5  81    1   32 289 -334  0
3823500 2818500 11 11 17   5.0  985 178  6.7 8  4.8  88    0    4 298 -332  0
3823500 2818500 11 11 18   5.3  982 180  7.4 8  5.0  89    0    0 309 -331  0
3823500 2818500 11 11 19   6.2  980 190  5.5 8  5.4  91    0    0 318 -332  0
3823500 2818500 11 11 20   7.1  978 201  6.0 8  5.7  91    0    0 326 -335  0
3823500 2818500 11 11 21   7.7  976 198  5.6 7  6.0  90    0    0 329 -339  0
3823500 2818500 11 11 22   7.9  975 245  2.5 7  6.2  90    0    0 329 -344  0
3823500 2818500 11 11 23   8.1  975 233  2.2 5  6.2  89    0    0 323 -346  0
3823500 2818500 11 11 24   8.7  976 230  3.2 3  6.2  87    0    0 302 -348  0
3823500 2818500 11 12  1   9.0  976 235  4.2 2  6.0  82    0    0 278 -349  0
3823500 2818500 11 12  2   9.2  977 231  4.8 4  5.8  77    0    0 277 -349  0
3823500 2818500 11 12  3   9.3  977 232  5.2 5  5.8  76    0    0 298 -349  0
3823500 2818500 11 12  4   9.3  977 239  5.9 4  5.7  76    0    0 300 -348  0
3823500 2818500 11 12  5   9.5  977 234  5.8 4  5.8  76    0    0 298 -348  0
3823500 2818500 11 12  6  10.1  978 239  6.0 6  5.9  75    0    0 311 -346  0
3823500 2818500 11 12  7  10.4  978 240  7.2 7  5.8  72    0    0 326 -345  0
3823500 2818500 11 12  8  10.6  979 241  7.2 7  5.7  70    0    0 330 -343  0
3823500 2818500 11 12  9  10.6  980 244  6.5 6  5.7  70    0   17 323 -342  0
3823500 2818500 11 12 10  10.4  981 246  6.1 7  5.8  71    0   41 323 -343  0
3823500 2818500 11 12 11  10.5  981 244  7.0 7  5.9  72    0   44 331 -346  0
3823500 2818500 11 12 12  11.3  982 245  7.2 5  5.8  69   10  121 322 -350  0
3823500 2818500 11 12 13  11.8  983 251  7.5 3  5.7  65  104  127 302 -354  0
3823500 2818500 11 12 14  11.8  983 251  6.9 6  5.7  64   18  115 309 -356  0
3823500 2818500 11 12 15  11.8  983 252  6.4 7  5.7  64    3   70 332 -356  0
3823500 2818500 11 12 16  11.5  984 250  7.1 7  5.7  65    9   41 338 -355  0
3823500 2818500 11 12 17  11.5  984 243  5.7 7  5.8  67    0    0 339 -353  0
3823500 2818500 11 12 18  11.5  984 242  5.5 7  6.0  68    0    0 340 -352  0
3823500 2818500 11 12 19  11.0  984 235  5.3 8  6.1  72    0    0 346 -351  0
3823500 2818500 11 12 20   9.9  984 231  4.3 8  6.4  79    0    0 349 -353  0
3823500 2818500 11 12 21   9.8  984 228  3.1 8  6.8  87    0    0 349 -354  0
3823500 2818500 11 12 22   9.7  983 216  1.1 8  7.2  92    0    0 350 -356  0
3823500 2818500 11 12 23   9.8  983 239  1.4 8  7.3  94    0    0 350 -357  0
3823500 2818500 11 12 24   9.9  982 251  1.7 8  7.3  94    0    0 351 -358  0
3823500 2818500 11 13  1  10.1  983 257  1.3 8  7.4  93    0    0 352 -360  0
3823500 2818500 11 13  2  10.2  983 257  1.2 8  7.4  93    0    0 356 -362  0
3823500 2818500 11 13  3  10.5  983 229  1.4 7  7.6  94    0    0 351 -363  0
3823500 2818500 11 13  4  10.9  983 244  1.8 7  7.9  95    0    0 345 -364  0
3823500 2818500 11 13  5  11.0  983 240  2.0 7  7.9  94    0    0 345 -363  0
3823500 2818500 11 13  6  10.8  983 239  3.0 7  7.7  92    0    0 344 -363  0
3823500 2818500 11 13  7  10.6  983 242  2.7 7  7.6  91    0    0 342 -363  0
3823500 2818500 11 13  8  10.5  983 232  2.4 7  7.5  92    0    0 341 -363  0
3823500 2818500 11 13  9  10.7  984 229  2.8 8  7.6  92    0   25 347 -363  0
3823500 2818500 11 13 10  11.0  984 235  3.2 6  7.6  91    0   54 339 -364  0
3823500 2818500 11 13 11  11.3  985 243  3.3 8  7.6  89    0   41 338 -366  0
3823500 2818500 11 13 12  11.0  986 240  2.9 7  7.5  88    0   66 344 -369  0
3823500 2818500 11 13 13  10.8  986 222  2.6 7  7.3  87    0   60 335 -369  0
3823500 2818500 11 13 14  10.6  986 222  3.2 7  7.2  87    0   47 334 -369  0
3823500 2818500 11 13 15  10.5  986 239  3.1 7  7.3  89    0   36 334 -367  0
3823500 2818500 11 13 16  10.4  987 220  2.4 7  7.3  90    0   29 334 -365  0
3823500 2818500 11 13 17  10.4  987 200  3.1 8  7.2  90    0    0 341 -363  0
3823500 2818500 11 13 18  10.3  987 219  2.1 8  7.2  89    0    0 348 -362  0
3823500 2818500 11 13 19   9.9  987 227  2.0 8  7.1  90    0    0 348 -362  0
3823500 2818500 11 13 20   9.5  988 214  1.6 8  7.0  91    0    0 346 -361  0
3823500 2818500 11 13 21   9.0  988 202  0.7 8  6.9  92    0    0 346 -361  0
3823500 2818500 11 13 22   8.9  988 183  0.6 8  6.9  94    0    0 345 -361  0
3823500 2818500 11 13 23   8.8  988 155  0.5 8  6.9  95    0    0 345 -361  0
3823500 2818500 11 13 24   8.9  988 145  0.2 8  7.0  96    0    0 346 -361  0
3823500 2818500 11 14  1   9.1  988 144  0.7 8  7.1  96    0    0 346 -362  0
3823500 2818500 11 14  2   9.6  987 146  1.0 8  7.3  97    0    0 347 -362  0
3823500 2818500 11 14  3  10.0  987 135  1.6 8  7.6  97    0    0 349 -363  0
3823500 2818500 11 14  4  11.0  987 187  2.7 8  7.9  97    0    0 352 -363  0
3823500 2818500 11 14  5  11.9  986 179  3.1 7  8.3  96    0    0 350 -364  0
3823500 2818500 11 14  6  12.7  986 185  3.2 7  8.7  94    0    0 347 -364  0
3823500 2818500 11 14  7  12.8  985 202  3.3 8  8.8  93    0    0 354 -364  0
3823500 2818500 11 14  8  12.8  985 204  3.3 8  8.8  92    0    0 359 -364  0
3823500 2818500 11 14  9  12.9  985 203  4.1 7  8.7  91    0    3 353 -364  0
3823500 2818500 11 14 10  13.1  986 206  4.5 8  8.7  90    0   19 353 -364  0
3823500 2818500 11 14 11  12.8  986 222  2.6 6  8.6  90    0   72 347 -365  0
3823500 2818500 11 14 12  12.3  986 236  1.8 6  8.5  91    0   66 336 -366  0
3823500 2818500 11 14 13  11.5  986 226  3.0 7  8.3  92    0   48 338 -367  0
3823500 2818500 11 14 14  12.2  987 225  2.8 7  8.2  92    0   68 343 -367  0
3823500 2818500 11 14 15  11.8  987 203  4.0 7  8.3  92    0   33 343 -367  0
3823500 2818500 11 14 16  12.6  987 210  3.9 8  8.4  92    0   19 347 -367  0
3823500 2818500 11 14 17  12.9  987 208  4.4 8  8.4  89    0    6 355 -366  0
3823500 2818500 11 14 18  13.3  988 208  4.1 8  8.3  86    0    0 356 -366  0
3823500 2818500 11 14 19  13.4  988 204  4.3 7  8.2  83    0    0 351 -366  0
3823500 2818500 11 14 20  13.2  989 209  4.6 7  8.0  82    0    0 344 -366  0
3823500 2818500 11 14 21  13.2  989 214  5.3 7  7.8  80    0    0 343 -367  0
3823500 2818500 11 14 22  13.4  990 216  4.8 7  7.5  77    0    0 342 -367  0
3823500 2818500 11 14 23  12.4  991 222  6.9 7  6.8  71    0    0 338 -366  0
3823500 2818500 11 14 24  11.6  992 238  7.0 7  6.0  67    0    0 333 -365  0
3823500 2818500 11 15  1  10.2  994 252  6.0 7  5.7  69    0    0 327 -365  0
3823500 2818500 11 15  2   9.5  996 246  4.2 7  5.7  74    0    0 324 -363  0
3823500 2818500 11 15  3   9.1  997 254  4.8 7  5.8  78    0    0 323 -361  0
3823500 2818500 11 15  4   8.2  999 246  2.8 7  5.7  81    0    0 320 -361  0
3823500 2818500 11 15  5   7.7 1000 234  1.5 7  5.6  84    0    0 318 -360  0
3823500 2818500 11 15  6   7.5 1000 226  1.9 7  5.6  84    0    0 317 -359  0
3823500 2818500 11 15  7   7.2 1001 236  1.5 7  5.5  85    0    0 315 -358  0
3823500 2818500 11 15  8   6.7 1001 217  1.6 7  5.5  87    0    0 313 -357  0
3823500 2818500 11 15  9   6.3 1002 226  0.9 7  5.5  90    3   33 309 -356  0
3823500 2818500 11 15 10   7.3 1003 224  1.2 7  5.5  89   18   88 309 -355  0
3823500 2818500 11 15 11   7.9 1004 214  1.4 6  5.6  85   39  129 306 -357  0
3823500 2818500 11 15 12   8.5 1005 232  1.2 6  5.6  82   55  153 301 -360  0
3823500 2818500 11 15 13   8.7 1005 250  1.5 6  5.7  81   42  154 302 -363  0
3823500 2818500 11 15 14   9.0 1006 263  1.1 5  5.6  79   58  135 295 -364  0
3823500 2818500 11 15 15   8.8 1006 274  0.9 6  5.5  77   29   96 294 -364  0
3823500 2818500 11 15 16   8.2 1006 283  0.6 7  5.4  78    3   35 303 -361  0
3823500 2818500 11 15 17   6.7 1006 315  0.2 7  5.4  83    0    4 303 -356  0
3823500 2818500 11 15 18   5.9 1007 315  0.1 7  5.4  90    0    0 299 -350  0
3823500 2818500 11 15 19   5.1 1008 271  0.1 7  5.2  92    0    0 294 -346  0
3823500 2818500 11 15 20   4.6 1008 312  0.1 7  5.0  94    0    0 290 -343  0
3823500 2818500 11 15 21   4.4 1009  76  0.1 7  5.0  94    0    0 289 -341  0
3823500 2818500 11 15 22   3.9 1009 348  0.0 7  4.9  94    0    0 288 -338  0
3823500 2818500 11 15 23   3.4 1009  79  0.7 7  4.7  96    0    0 287 -335  0
3823500 2818500 11 15 24   2.8 1010 170  0.6 7  4.6  97    0    0 287 -333  0
3823500 2818500 11 16  1   2.2 1011 304  0.0 6  4.5  98    0    0 280 -332  0
3823500 2818500 11 16  2   1.6 1011 105  0.9 4  4.3  98    0    0 259 -331  0
3823500 2818500 11 16  3   1.0 1011 337  1.1 3  4.1  99    0    0 241 -329  0
3823500 2818500 11 16  4   0.6 1011   7  0.0 4  4.0  99    0    0 240 -328  0
3823500 2818500 11 16  5   1.2 1012 343  0.0 6  4.0  98    0    0 258 -325  0
3823500 2818500 11 16  6   1.2 1012 227  0.0 6  4.1  99    0    0 270 -322  0
3823500 2818500 11 16  7   1.3 1012 229  0.4 7  4.1  99    0    0 275 -321  0
3823500 2818500 11 16  8   1.1 1012 228  0.1 7  4.1  98    0    0 280 -320  0
3823500 2818500 11 16  9   1.1 1013 271  0.0 6  4.0  98   10   34 273 -320  0
3823500 2818500 11 16 10   2.8 1014 310  0.1 4  4.2  97   68   78 260 -323  0
3823500 2818500 11 16 11   5.8 1014 296  0.1 3  4.9  96  133  103 253 -330  0
3823500 2818500 11 16 12   7.7 1014  13  0.9 3  5.5  90  183  110 256 -338  0
3823500 2818500 11 16 13   8.6 1014 334  0.3 3  5.3  78  186  112 261 -345  0
3823500 2818500 11 16 14   9.1 1014 310  0.9 2  4.8  69  141  109 258 -348  0
3823500 2818500 11 16 15   8.7 1014  15  1.1 1  4.7  66   78   88 252 -349  0
3823500 2818500 11 16 16   8.1 1014  40  1.2 4  4.7  68   50   46 261 -346  0
3823500 2818500 11 16 17   6.1 1014  11  0.5 4  4.7  75    0    8 270 -339  0
3823500 2818500 11 16 18   5.7 1014  63  0.1 5  4.7  81    0    0 271 -332  0
3823500 2818500 11 16 19   5.5 1014  48  0.3 6  4.8  84    0    0 279 -329  0
3823500 2818500 11 16 20   5.1 1014  60  0.9 6  4.8  88    0    0 285 -326  0
3823500 2818500 11 16 21   5.1 1014  37  0.2 6  4.9  91    0    0 285 -324  0
3823500 2818500 11 16 22   5.0 1013  67  0.3 6  5.0  91    0    0 286 -322  0
3823500 2818500 11 16 23   4.7 1013  71  0.7 5  4.9  91    0    0 283 -320  0
3823500 2818500 11 16 24   4.2 1013  69  0.8 3  4.7  91    0    0 267 -319  0
3823500 2818500 11 17  1   3.7 1012  71  1.0 3  4.6  92    0    0 256 -319  0
3823500 2818500 11 17  2   3.8 1012  71  1.2 5  4.6  93    0    0 265 -319  0
3823500 2818500 11 17  3   4.5 1011  61  1.7 6  4.6  91    0    0 282 -317  0
3823500 2818500 11 17  4   4.6 1010  70  1.8 7  4.6  88    0    0 294 -315  0
3823500 2818500 11 17  5   4.7 1010  65  1.6 7  4.6  86    0    0 300 -314  0
3823500 2818500 11 17  6   4.6 1009  63  1.8 8  4.5  86    0    0 306 -314  0
3823500 2818500 11 17  7   4.6 1009  70  1.7 8  4.5  85    0    0 312 -314  0
3823500 2818500 11 17  8   4.4 1008  69  2.1 8  4.5  85    0    0 311 -314  0
3823500 2818500 11 17  9   4.4 1008  71  1.8 7  4.5  86    0   11 307 -314  0
3823500 2818500 11 17 10   4.4 1008  79  1.8 7  4.6  87    0   44 302 -316  0
3823500 2818500 11 17 11   4.9 1007  87  1.4 6  4.7  88   13   77 297 -318  0
3823500 2818500 11 17 12   5.3 1007  86  1.9 7  4.6  84   18   91 299 -319  0
3823500 2818500 11 17 13   5.4 1006  90  2.1 7  4.5  80    0   69 306 -322  0
3823500 2818500 11 17 14   5.3 1005  84  2.6 7  4.4  79    0   35 305 -325  0
3823500 2818500 11 17 15   5.2 1004  84  1.3 7  4.4  79    0   23 305 -325  0
3823500 2818500 11 17 16   4.8 1003  80  1.6 7  4.4  81    0   10 304 -326  0
3823500 2818500 11 17 17   4.6 1003  69  0.8 7  4.4  83    0    0 304 -327  0
3823500 2818500 11 17 18   4.4 1003  84  0.6 7  4.5  84    0    0 304 -327  0
3823500 2818500 11 17 19   4.3 1002  76  0.4 7  4.5  86    0    0 305 -327  0
3823500 2818500 11 17 20   4.3 1002  65  0.2 8  4.5  86    0    0 313 -329  0
3823500 2818500 11 17 21   4.2 1002  70  0.9 8  4.5  87    0    0 321 -331  0
3823500 2818500 11 17 22   4.2 1002  67  0.3 7  4.6  88    0    0 315 -333  0
3823500 2818500 11 17 23   4.2 1002  76  0.5 8  4.6  88    0    0 316 -334  0
3823500 2818500 11 17 24   4.1 1001  78  0.3 7  4.6  89    0    0 317 -335  0
3823500 2818500 11 18  1   4.0 1001  80  0.1 8  4.7  91    0    0 317 -336  0
3823500 2818500 11 18  2   4.0 1001  82  0.6 7  4.7  92    0    0 318 -336  0
3823500 2818500 11 18  3   4.0 1000  78  0.2 8  4.8  93    0    0 318 -336  0
3823500 2818500 11 18  4   4.0 1000  85  0.2 8  4.8  93    0    0 325 -336  0
3823500 2818500 11 18  5   4.0 1000  83  0.1 8  4.8  94    0    0 324 -336  0
3823500 2818500 11 18  6   4.0 1000  87  0.1 8  4.8  94    0    0 325 -337  0
3823500 2818500 11 18  7   4.2 1000 100  0.1 8  4.8  94    0    0 326 -337  0
3823500 2818500 11 18  8   4.1 1000  92  0.1 8  4.9  94    0    0 326 -337  0
3823500 2818500 11 18  9   4.4 1000  98  0.1 8  4.9  94    0   23 327 -337  0
3823500 2818500 11 18 10   4.8 1000 104  0.1 7  5.0  94    2   52 322 -338  0
3823500 2818500 11 18 11   5.3 1000 128  0.2 7  5.0  91    0   51 317 -339  0
3823500 2818500 11 18 12   5.7 1001 148  0.1 7  5.1  89    0   84 319 -340  0
3823500 2818500 11 18 13   6.2 1001 142  0.1 8  5.1  87    0   65 326 -341  0
3823500 2818500 11 18 14   6.2 1001 139  0.2 8  5.1  86    0   68 333 -342  0
3823500 2818500 11 18 15   6.3 1001 148  0.1 7  5.1  86    0   54 326 -342  0
3823500 2818500 11 18 16   6.3 1001 128  0.1 8  5.1  85    0   17 326 -342  0
3823500 2818500 11 18 17   5.8 1001 122  0.1 8  5.1  86    0    0 331 -341  0
3823500 2818500 11 18 18   5.0 1001 110  0.0 8  5.0  89    0    0 327 -341  0
3823500 2818500 11 18 19   4.4 1002 101  0.1 8  4.9  92    0    0 324 -340  0
3823500 2818500 11 18 20   4.2 1002 129  0.1 8  4.9  94    0    0 321 -340  0
3823500 2818500 11 18 21   4.5 1003 129  0.1 7  4.9  94    0    0 314 -340  0
3823500 2818500 11 18 22   4.7 1003 132  0.1 8  5.0  93    0    0 315 -340  0
3823500 2818500 11 18 23   4.7 1003 124  0.1 7  5.0  93    0    0 315 -340  0
3823500 2818500 11 18 24   5.0 1003 109  0.4 7  5.0  92    0    0 310 -340  0
3823500 2818500 11 19  1   4.9 1003 149  0.2 7  5.0  91    0    0 310 -340  0
3823500 2818500 11 19  2   5.0 1004 157  0.3 8  5.0  91    0    0 317 -340  0
3823500 2818500 11 19  3   4.8 1004 139  0.4 8  5.0  92    0    0 325 -340  0
3823500 2818500 11 19  4   4.9 1004 134  0.6 8  5.0  93    0    0 324 -340  0
3823500 2818500 11 19  5   5.0 1004 150  1.1 8  5.1  93    0    0 324 -340  0
3823500 2818500 11 19  6   5.4 1004 143  1.5 8  5.1  93    0    0 324 -340  0
3823500 2818500 11 19  7   5.5 1004 239  1.1 8  5.2  92    0    0 325 -340  0
3823500 2818500 11 19  8   5.5 1004 232  0.8 8  5.2  91    0    0 325 -341  0
3823500 2818500 11 19  9   5.6 1005 215  0.7 8  5.1  90    0    3 325 -341  0
3823500 2818500 11 19 10   6.1 1005 207  0.7 8  5.2  89    0   29 326 -342  0
3823500 2818500 11 19 11   7.0 1005 220  1.2 7  5.2  86    0   71 321 -345  0
3823500 2818500 11 19 12   7.4 1006 219  1.7 6  5.2  82    5   91 310 -348  0
3823500 2818500 11 19 13   8.0 1006 222  1.5 6  5.3  80    5   86 305 -350  0
3823500 2818500 11 19 14   8.1 1006 227  1.6 7  5.3  79    5   75 312 -352  0
3823500 2818500 11 19 15   8.2 1005 227  1.7 7  5.4  79    5   55 319 -351  0
3823500 2818500 11 19 16   8.1 1005 228  0.9 7  5.5  80    5   23 318 -350  0
3823500 2818500 11 19 17   7.7 1005 118  0.9 7  5.5  82    0    0 317 -348  0
3823500 2818500 11 19 18   6.8 1006 106  0.7 7  5.5  85    0    0 315 -345  0
3823500 2818500 11 19 19   7.2 1006 133  1.1 8  5.5  87    0    0 319 -343  0
3823500 2818500 11 19 20   7.1 1006 139  0.9 8  5.5  87    0    0 322 -342  0
3823500 2818500 11 19 21   7.1 1007 161  1.3 8  5.6  88    0    0 322 -341  0
3823500 2818500 11 19 22   7.1 1007 174  1.0 8  5.6  89    0    0 320 -340  0
3823500 2818500 11 19 23   7.1 1007 193  1.8 8  5.7  90    0    0 321 -339  0
3823500 2818500 11 19 24   6.9 1007 189  1.2 8  5.7  90    0    0 319 -339  0
3823500 2818500 11 20  1   6.5 1007 182  1.2 8  5.7  92    0    0 317 -338  0
3823500 2818500 11 20  2   6.3 1007 194  1.2 8  5.6  94    0    0 317 -337  0
3823500 2818500 11 20  3   6.8 1007 199  1.7 7  5.7  94    0    0 314 -337  0
3823500 2818500 11 20  4   6.8 1007 198  1.2 7  5.8  93    0    0 311 -336  0
3823500 2818500 11 20  5   6.6 1007 188  0.9 7  5.7  93    0    0 312 -335  0
3823500 2818500 11 20  6   6.6 1007 183  1.0 7  5.6  92    0    0 311 -335  0
3823500 2818500 11 20  7   6.3 1007 186  0.7 8  5.6  92    0    0 315 -334  0
3823500 2818500 11 20  8   6.2 1007 189  0.9 8  5.5  93    0    0 318 -332  0
3823500 2818500 11 20  9   6.4 1007 182  0.7 8  5.5  93    0   11 318 -331  0
3823500 2818500 11 20 10   6.7 1007 169  0.7 8  5.6  91    0   35 319 -329  0
3823500 2818500 11 20 11   7.3 1007 178  0.9 8  5.6  89    0   51 319 -329  0
3823500 2818500 11 20 12   7.6 1008 181  0.7 6  5.6  86    3  114 310 -331  0
3823500 2818500 11 20 13   7.9 1007 153  0.7 7  5.5  84    1  102 306 -334  0
3823500 2818500 11 20 14   8.3 1007 163  0.8 7  5.5  81    1   92 312 -336  0
3823500 2818500 11 20 15   8.2 1006 124  1.0 7  5.5  80    0   59 312 -337  0
3823500 2818500 11 20 16   8.1 1006  98  0.6 8  5.5  80    0   25 317 -336  0
3823500 2818500 11 20 17   7.5 1006 104  1.2 8  5.4  82    0    0 320 -332  0
3823500 2818500 11 20 18   7.2 1006  63  0.9 7  5.4  84    0    0 314 -328  0
3823500 2818500 11 20 19   6.9 1006  73  1.2 7  5.4  86    0    0 307 -324  0
3823500 2818500 11 20 20   7.0 1006  73  0.8 7  5.4  87    0    0 306 -323  0
3823500 2818500 11 20 21   6.8 1005  70  1.0 8  5.4  87    0    0 310 -321  0
3823500 2818500 11 20 22   6.8 1005  98  0.8 8  5.4  87    0    0 316 -320  0
3823500 2818500 11 20 23   6.4 1005  88  0.7 8  5.3  86    0    0 315 -320  0
3823500 2818500 11 20 24   5.7 1005  73  0.7 7  5.1  87    0    0 307 -319  0
3823500 2818500 11 21  1   5.5 1004  68  0.8 7  5.1  89    0    0 300 -319  0
3823500 2818500 11 21  2   5.1 1004  65  0.9 7  5.1  91    0    0 299 -319  0
3823500 2818500 11 21  3   5.2 1004  58  0.9 6  5.1  92    0    0 292 -318  0
3823500 2818500 11 21  4   5.3 1004  64  1.0 5  5.1  92    0    0 279 -317  0
3823500 2818500 11 21  5   4.7 1003  56  1.2 5  5.0  92    0    0 271 -317  0
3823500 2818500 11 21  6   4.3 1003  56  1.3 4  4.9  93    0    0 263 -317  0
3823500 2818500 11 21  7   3.9 1003  59  1.3 2  4.9  95    0    0 239 -316  0
3823500 2818500 11 21  8   3.6 1002  55  1.4 3  4.8  96    0    0 224 -316  0
3823500 2818500 11 21  9   3.7 1002  54  1.9 4  4.8  96    2   25 234 -317  0
3823500 2818500 11 21 10   4.5 1003  57  2.6 3  4.8  94   49   71 233 -319  0
3823500 2818500 11 21 11   5.3 1003  65  2.9 2  4.9  91  112   96 221 -319  0
3823500 2818500 11 21 12   5.8 1003  64  3.5 3  5.0  87  137  111 223 -320  0
3823500 2818500 11 21 13   6.2 1002  58  4.0 4  4.9  84  144  111 240 -324  0
3823500 2818500 11 21 14   6.0 1002  66  3.4 3  4.9  82  139   96 241 -328  0
3823500 2818500 11 21 15   6.0 1002  57  3.4 6  4.8  82   23   81 257 -330  0
3823500 2818500 11 21 16   5.9 1002  59  3.9 5  4.8  82    7   34 274 -328  0
3823500 2818500 11 21 17   5.3 1002  49  3.2 6  4.7  82    0    0 273 -325  0
3823500 2818500 11 21 18   5.3 1001  52  2.7 5  4.6  83    0    0 272 -322  0
3823500 2818500 11 21 19   5.2 1001  56  2.7 5  4.6  83    0    0 266 -321  0
3823500 2818500 11 21 20   5.0 1001  62  2.3 5  4.6  83    0    0 268 -320  0
3823500 2818500 11 21 21   5.0 1001  62  1.7 5  4.5  82    0    0 270 -320  0
3823500 2818500 11 21 22   5.0 1001  60  1.0 6  4.4  80    0    0 277 -320  0
3823500 2818500 11 21 23   4.9 1001  63  2.2 6  4.3  79    0    0 285 -319  0
3823500 2818500 11 21 24   5.0 1001  44  2.5 5  4.3  78    0    0 280 -319  0
3823500 2818500 11 22  1   4.7 1001  44  3.0 5  4.2  77    0    0 273 -318  0
3823500 2818500 11 22  2   4.6 1000  47  3.0 5  4.2  78    0    0 271 -316  0
3823500 2818500 11 22  3   4.8 1000  43  2.9 6  4.1  77    0    0 277 -315  0
3823500 2818500 11 22  4   4.7 1000  44  3.1 7  4.1  77    0    0 293 -315  0
3823500 2818500 11 22  5   4.5  999  51  3.6 7  4.2  79    0    0 301 -316  0
3823500 2818500 11 22  6   4.3  999  43  2.6 8  4.3  81    0    0 307 -316  0
3823500 2818500 11 22  7   4.2  998  41  2.7 7  4.2  81    0    0 308 -316  0
3823500 2818500 11 22  8   4.2  998  28  2.7 7  4.2  81    0    0 301 -317  0
3823500 2818500 11 22  9   4.3  998  27  3.3 8  4.2  81    0    5 307 -319  0
3823500 2818500 11 22 10   4.4  998  17  4.1 8  4.3  81    0   22 312 -319  0
3823500 2818500 11 22 11   4.7  997  30  3.3 6  4.3  81    5   82 300 -320  0
3823500 2818500 11 22 12   5.1  997  19  3.4 6  4.3  79    9  100 288 -320  0
3823500 2818500 11 22 13   5.6  997  12  3.6 7  4.3  76    3   93 297 -321  0
3823500 2818500 11 22 14   5.5  996  12  3.0 7  4.3  75    9   88 305 -323  0
3823500 2818500 11 22 15   5.5  996 356  3.7 6  4.3  76    7   61 299 -324  0
3823500 2818500 11 22 16   5.3  995 356  3.1 7  4.4  78    0   24 297 -324  0
3823500 2818500 11 22 17   5.2  995 352  2.7 7  4.4  79    0    0 303 -324  0
3823500 2818500 11 22 18   4.9  995 355  2.4 8  4.5  81    0    0 309 -324  0
3823500 2818500 11 22 19   4.7  995 347  2.6 8  4.4  81    0    0 314 -324  0
3823500 2818500 11 22 20   4.4  995 345  3.0 7  4.3  81    0    0 306 -323  0
3823500 2818500 11 22 21   3.3  995 350  2.5 6  4.2  82    0    0 291 -321  0
3823500 2818500 11 22 22   3.1  995 339  1.4 5  4.2  86    0    0 276 -320  0
3823500 2818500 11 22 23   3.2  995 337  1.2 6  4.2  88    0    0 276 -320  0
3823500 2818500 11 22 24   3.8  995 323  1.4 7  4.3  87    0    0 291 -320  0
3823500 2818500 11 23  1   3.6  995 321  2.1 7  4.4  86    0    0 299 -320  0
3823500 2818500 11 23  2   3.5  995 323  1.5 8  4.4  87    0    0 305 -320  0
3823500 2818500 11 23  3   3.5  995 315  2.0 7  4.4  89    0    0 306 -319  0
3823500 2818500 11 23  4   3.6  995 301  1.8 7  4.4  89    0    0 300 -319  0
3823500 2818500 11 23  5   3.8  995 300  1.2 7  4.4  88    0    0 302 -319  0
3823500 2818500 11 23  6   3.9  995 291  1.5 7  4.4  86    0    0 303 -319  0
3823500 2818500 11 23  7   3.9  995 287  1.5 7  4.4  86    0    0 304 -319  0
3823500 2818500 11 23  8   3.8  995 274  2.3 7  4.4  87    0    0 304 -320  0
3823500 2818500 11 23  9   3.9  995 270  2.3 8  4.5  88    0   14 312 -320  0
3823500 2818500 11 23 10   4.3  995 265  2.8 7  4.5  88    3   56 312 -320  0
3823500 2818500 11 23 11   4.8  995 272  3.2 7  4.6  86    0   58 306 -321  0
3823500 2818500 11 23 12   5.4  995 275  4.0 7  4.8  86    0   64 308 -325  0
3823500 2818500 11 23 13   5.5  994 285  4.0 6  4.8  84    0   84 302 -329  0
3823500 2818500 11 23 14   5.4  994 290  3.6 7  4.8  84    0   75 303 -331  0
3823500 2818500 11 23 15   5.2  994 296  3.1 8  4.8  85    0   42 314 -330  0
3823500 2818500 11 23 16   4.9  994 298  4.4 8  4.7  85    0   18 318 -328  0
3823500 2818500 11 23 17   4.8  994 285  4.3 8  4.7  85    0    0 316 -326  0
3823500 2818500 11 23 18   4.4  994 282  3.0 8  4.6  85    0    0 314 -322  0
3823500 2818500 11 23 19   4.4  994 298  4.4 8  4.5  86    0    0 312 -320  0
3823500 2818500 11 23 20   4.2  994 285  4.1 8  4.5  86    0    0 311 -320  0
3823500 2818500 11 23 21   4.2  994 290  3.8 8  4.5  86    0    0 311 -318  0
3823500 2818500 11 23 22   4.0  995 288  3.5 7  4.5  86    0    0 303 -315  0
3823500 2818500 11 23 23   3.9  995 286  3.3 7  4.4  86    0    0 295 -313  0
3823500 2818500 11 23 24   3.9  995 276  3.2 7  4.4  85    0    0 292 -313  0
3823500 2818500 11 24  1   3.4  995 283  2.6 7  4.3  86    0    0 290 -313  0
3823500 2818500 11 24  2   3.5  995 275  2.4 7  4.2  86    0    0 289 -312  0
3823500 2818500 11 24  3   3.5  996 277  2.0 7  4.3  86    0    0 289 -311  0
3823500 2818500 11 24  4   3.2  996 276  2.0 8  4.3  88    0    0 295 -308  0
3823500 2818500 11 24  5   2.8  996 272  1.9 8  4.3  90    0    0 300 -306  0
3823500 2818500 11 24  6   2.7  996 280  2.1 7  4.3  92    0    0 292 -304  0
3823500 2818500 11 24  7   2.6  996 277  1.9 7  4.3  93    0    0 284 -304  0
3823500 2818500 11 24  8   2.7  996 285  2.1 7  4.4  94    0    0 283 -303  0
3823500 2818500 11 24  9   2.7  996 258  1.8 7  4.4  95    0    8 282 -303  0
3823500 2818500 11 24 10   2.9  996 281  2.0 7  4.5  95    0   36 281 -305  0
3823500 2818500 11 24 11   3.5  996 300  1.3 7  4.6  94    0   66 280 -310  0
3823500 2818500 11 24 12   3.7  997 294  1.8 7  4.6  92    0   89 279 -315  0
3823500 2818500 11 24 13   4.2  996 311  1.5 7  4.5  88    0   92 278 -318  0
3823500 2818500 11 24 14   3.7  997 331  1.4 6  4.3  85    3   92 270 -319  0
3823500 2818500 11 24 15   3.1  997 339  1.7 5  4.1  84   26   82 256 -319  0
3823500 2818500 11 24 16   2.9  997   9  0.6 7  4.0  84   19   37 258 -319  0
3823500 2818500 11 24 17   2.9  997 179  0.4 7  4.0  85    0    0 267 -317  0
3823500 2818500 11 24 18   2.4  997 148  1.0 8  4.1  87    0    0 270 -313  0
3823500 2818500 11 24 19   2.4  997 144  1.9 8  4.1  89    0    0 273 -310  0
3823500 2818500 11 24 20   2.1  997 138  1.5 8  4.1  90    0    0 271 -308  0
3823500 2818500 11 24 21   1.9  997 177  1.7 7  4.1  91    0    0 266 -307  0
3823500 2818500 11 24 22   1.6  996 170  1.5 6  4.0  92    0    0 254 -307  0
3823500 2818500 11 24 23   1.5  996 186  1.4 5  4.0  93    0    0 244 -307  0
3823500 2818500 11 24 24   1.2  996 192  1.5 5  4.0  94    0    0 240 -308  0
3823500 2818500 11 25  1   1.1  996 201  1.4 6  4.0  95    0    0 246 -308  0
3823500 2818500 11 25  2   1.4  995 212  1.1 7  4.0  96    0    0 258 -308  0
3823500 2818500 11 25  3   1.7  995 211  1.2 6  4.2  96    0    0 259 -308  0
3823500 2818500 11 25  4   2.0  995 221  1.0 7  4.2  95    0    0 258 -307  0
3823500 2818500 11 25  5   2.0  995 198  0.9 7  4.1  93    0    0 264 -307  0
3823500 2818500 11 25  6   2.0  995 188  0.8 8  4.1  92    0    0 269 -307  0
3823500 2818500 11 25  7   2.1  994 201  0.5 8  4.1  91    0    0 275 -305  0
3823500 2818500 11 25  8   2.4  994 171  0.8 8  4.1  90    0    0 276 -304  0
3823500 2818500 11 25  9   2.4  994 174  0.8 7  4.1  89    0   16 272 -303  0
3823500 2818500 11 25 10   2.6  994 135  1.3 8  4.1  90    0   31 272 -304  0
3823500 2818500 11 25 11   3.2  994 126  1.3 8  4.2  89    0   31 278 -307  0
3823500 2818500 11 25 12   2.9  994 117  1.1 7  4.2  88    0   64 273 -312  0
3823500 2818500 11 25 13   3.0  994 144  1.1 7  4.3  89    0   89 267 -315  0
3823500 2818500 11 25 14   2.6  994 100  0.9 8  4.3  91    0   47 271 -317  0
3823500 2818500 11 25 15   2.6  994  69  1.1 8  4.3  93    0   16 276 -318  0
3823500 2818500 11 25 16   2.1  994  59  0.8 8  4.3  94    0    6 273 -317  0
3823500 2818500 11 25 17   1.7  993  63  1.2 7  4.3  97    0    0 264 -315  0
3823500 2818500 11 25 18   1.8  994  90  1.1 8  4.3  97    0    0 261 -312  0
3823500 2818500 11 25 19   1.2  994  79  0.6 8  4.2  98    0    0 264 -309  0
3823500 2818500 11 25 20   1.4  994  44  1.6 8  4.1  97    0    0 261 -308  0
3823500 2818500 11 25 21   1.1  994  59  1.8 7  4.0  95    0    0 255 -306  0
3823500 2818500 11 25 22   0.7  994  55  1.1 7  4.0  96    0    0 248 -304  0
3823500 2818500 11 25 23   0.5  994  27  1.5 7  3.9  95    0    0 247 -301  0
3823500 2818500 11 25 24  -0.1  995  32  1.2 6  3.7  95    0    0 241 -300  0
3823500 2818500 11 26  1  -0.6  995 357  0.6 5  3.5  94    0    0 230 -299  0
3823500 2818500 11 26  2  -1.8  995   0  0.9 3  3.4  96    0    0 215 -299  0
3823500 2818500 11 26  3  -2.1  995 352  0.5 1  3.3  97    0    0 197 -299  0
3823500 2818500 11 26  4  -2.5  995 346  0.8 1  3.2  98    0    0 188 -299  0
3823500 2818500 11 26  5  -3.0  995 264  0.7 3  3.1  98    0    0 195 -300  0
3823500 2818500 11 26  6  -2.6  995 244  0.7 6  3.1 100    0    0 216 -301  0
3823500 2818500 11 26  7  -3.4  996 279  0.8 5  3.1 100    0    0 224 -302  0
3823500 2818500 11 26  8  -3.3  996 261  0.0 4  3.0  99    0    0 215 -304  0
3823500 2818500 11 26  9  -3.3  996 251  0.5 7  3.0  98    0   16 224 -306  0
3823500 2818500 11 26 10  -2.1  996 254  0.1 7  3.1  99    3   58 238 -309  0
3823500 2818500 11 26 11  -1.2  997 250  0.5 7  3.3  97   14  100 241 -312  0
3823500 2818500 11 26 12  -0.6  997 249  0.8 8  3.4  94    6  108 249 -316  0
3823500 2818500 11 26 13  -0.1  997 267  1.0 6  3.4  91    8  114 246 -318  0
3823500 2818500 11 26 14   0.1  996 290  1.4 7  3.4  88    4   92 242 -319  0
3823500 2818500 11 26 15   0.3  996 261  1.2 8  3.4  86    0   39 253 -320  0
3823500 2818500 11 26 16   0.0  996 258  0.8 8  3.3  86    0   12 257 -320  0
3823500 2818500 11 26 17  -0.4  996 298  0.6 7  3.3  87    0    0 249 -319  0
3823500 2818500 11 26 18  -1.2  996 303  0.5 6  3.2  88    0    0 239 -318  0
3823500 2818500 11 26 19  -2.1  996 303  0.3 5  3.1  90    0    0 228 -316  0
3823500 2818500 11 26 20  -2.8  996 293  0.4 4  3.0  94    0    0 218 -313  0
3823500 2818500 11 26 21  -3.4  997  65  0.2 3  2.9  95    0    0 208 -309  0
3823500 2818500 11 26 22  -3.9  997 144  0.2 2  2.8  96    0    0 199 -304  0
3823500 2818500 11 26 23  -4.6  997 117  0.4 2  2.8  98    0    0 195 -302  0
3823500 2818500 11 26 24  -4.2  997 146  0.6 3  2.7  98    0    0 198 -301  0
3823500 2818500 11 27  1  -4.9  997  70  0.7 4  2.7  97    0    0 206 -299  0
3823500 2818500 11 27  2  -4.7  997 320  0.9 3  2.6  97    0    0 205 -297  0
3823500 2818500 11 27  3  -4.9  997 129  0.9 2  2.6  96    0    0 198 -294  0
3823500 2818500 11 27  4  -4.4  997 106  0.7 3  2.6  97    0    0 199 -291  0
3823500 2818500 11 27  5  -3.7  997 105  0.7 5  2.7  95    0    0 213 -290  0
3823500 2818500 11 27  6  -3.4  997  95  0.7 7  2.8  94    0    0 230 -291  0
3823500 2818500 11 27  7  -3.2  997  87  0.8 6  2.8  94    0    0 234 -293  0
3823500 2818500 11 27  8  -3.3  996  72  0.7 7  2.9  94    0    0 234 -296  0
3823500 2818500 11 27  9  -2.8  996  72  0.7 7  2.9  96    0    6 238 -299  0
3823500 2818500 11 27 10  -1.6  997 120  1.0 6  3.1  94    2   60 235 -304  0
3823500 2818500 11 27 11  -1.4  997 152  1.2 6  3.1  91   13  111 232 -310  0
3823500 2818500 11 27 12  -0.9  997 128  1.3 7  3.2  91   13  132 236 -314  0
3823500 2818500 11 27 13  -0.3  997 114  1.1 7  3.3  90   10  129 243 -316  0
3823500 2818500 11 27 14  -0.2  997 127  0.7 7  3.3  88    7  110 244 -318  0
3823500 2818500 11 27 15  -0.2  996 119  0.7 7  3.3  88    2   67 246 -318  0
3823500 2818500 11 27 16  -0.5  996 126  0.8 7  3.3  88    4   35 246 -316  0
3823500 2818500 11 27 17  -1.0  996 113  0.4 7  3.2  89    0    0 245 -313  0
3823500 2818500 11 27 18  -1.1  997 101  0.2 6  3.2  90    0    0 239 -310  0
3823500 2818500 11 27 19  -1.7  997  92  0.1 7  3.2  91    0    0 238 -307  0
3823500 2818500 11 27 20  -2.1  997 107  0.2 7  3.1  92    0    0 241 -305  0
3823500 2818500 11 27 21  -1.9  997  96  0.3 6  3.1  92    0    0 236 -303  0
3823500 2818500 11 27 22  -2.5  997 107  0.1 6  3.0  92    0    0 233 -302  0
3823500 2818500 11 27 23  -2.3  997  84  0.1 7  3.0  93    0    0 237 -302  0
3823500 2818500 11 27 24  -2.7  998  88  0.1 8  3.0  92    0    0 246 -302  0
3823500 2818500 11 28  1  -3.4  998  86  0.1 7  2.8  92    0    0 246 -302  0
3823500 2818500 11 28  2  -3.9  998  89  0.1 6  2.8  94    0    0 237 -303  0
3823500 2818500 11 28  3  -3.9  998  95  0.1 5  2.7  95    0    0 230 -303  0
3823500 2818500 11 28  4  -4.1  998  78  0.1 6  2.7  95    0    0 229 -303  0
3823500 2818500 11 28  5  -4.4  998  80  0.1 5  2.7  95    0    0 228 -303  0
3823500 2818500 11 28  6  -4.7  998  89  0.1 4  2.6  95    0    0 218 -302  0
3823500 2818500 11 28  7  -4.8  998  62  0.1 2  2.6  95    0    0 204 -301  0
3823500 2818500 11 28  8  -5.0  998  66  0.1 1  2.6  96    0    0 188 -300  0
3823500 2818500 11 28  9  -4.6  998  71  0.4 1  2.6  95    0   17 183 -298  0
3823500 2818500 11 28 10  -3.6  999  69  0.4 2  2.6  93   39   64 186 -299  0
3823500 2818500 11 28 11  -2.4  999  67  1.4 2  2.7  88  126   77 192 -302  0
3823500 2818500 11 28 12  -1.3  999  81  1.2 2  2.7  81  185   84 193 -305  0
3823500 2818500 11 28 13  -1.1  999  62  2.1 1  2.7  77  208   80 191 -309  0
3823500 2818500 11 28 14  -0.8  999  61  2.4 1  2.7  76  188   71 189 -310  0
3823500 2818500 11 28 15  -1.0  999  62  1.7 1  2.7  75  103   66 189 -311  0
3823500 2818500 11 28 16  -1.5  999  59  1.3 0  2.7  77   33   34 181 -309  0
3823500 2818500 11 28 17  -2.2  999  51  1.5 1  2.7  79    0    0 176 -307  0
3823500 2818500 11 28 18  -2.7  999  54  1.5 2  2.6  82    0    0 184 -306  0
3823500 2818500 11 28 19  -2.9  999  52  1.5 2  2.6  84    0    0 189 -304  0
3823500 2818500 11 28 20  -3.0  999  50  1.3 4  2.6  84    0    0 198 -303  0
3823500 2818500 11 28 21  -3.3  999  52  1.6 5  2.6  85    0    0 214 -302  0
3823500 2818500 11 28 22  -3.3  999  58  1.1 7  2.6  86    0    0 229 -302  0
3823500 2818500 11 28 23  -3.3  999  75  0.8 8  2.7  88    0    0 246 -301  0
3823500 2818500 11 28 24  -3.1  999  74  0.8 8  2.7  89    0    0 252 -301  0
3823500 2818500 11 29  1  -3.1  999  60  0.8 8  2.7  89    0    0 254 -302  0
3823500 2818500 11 29  2  -3.0  999  58  0.6 8  2.7  89    0    0 256 -302  0
3823500 2818500 11 29  3  -2.8  999  49  0.6 8  2.8  89    0    0 256 -301  0
3823500 2818500 11 29  4  -2.8  998  58  2.1 8  2.8  89    0    0 256 -300  0
3823500 2818500 11 29  5  -2.9  998  63  0.9 8  2.8  89    0    0 255 -298  0
3823500 2818500 11 29  6  -2.9  998  62  1.4 8  2.8  90    0    0 255 -296  0
3823500 2818500 11 29  7  -2.8  998  80  1.6 8  2.8  90    0    0 257 -294  0
3823500 2818500 11 29  8  -2.6  998  67  1.4 8  2.8  90    0    0 259 -293  0
3823500 2818500 11 29  9  -2.6  999  72  1.2 8  2.8  89    0    7 259 -291  0
3823500 2818500 11 29 10  -2.4  999  56  0.9 6  2.8  88    0   33 249 -291  0
3823500 2818500 11 29 11  -2.3 1000  55  0.6 8  2.9  90    0   26 249 -292  0
3823500 2818500 11 29 12  -2.0 1000  53  0.7 8  3.0  92    0   38 261 -295  0
3823500 2818500 11 29 13  -1.9 1000  43  0.6 8  3.1  95    0   48 262 -297  0
3823500 2818500 11 29 14  -1.7 1000  41  1.1 7  3.2  96    0   58 258 -299  0
3823500 2818500 11 29 15  -1.5 1000  48  0.9 6  3.3  96   10   51 249 -299  0
3823500 2818500 11 29 16  -1.4 1001  57  1.2 7  3.2  94    5   19 249 -297  0
3823500 2818500 11 29 17  -1.2 1001  69  1.8 8  3.1  88    0    0 259 -295  0
3823500 2818500 11 29 18  -1.3 1001  71  1.5 7  3.0  85    0    0 258 -293  0
3823500 2818500 11 29 19  -1.3 1002  60  1.3 7  2.9  84    0    0 252 -291  0
3823500 2818500 11 29 20  -1.2 1003  55  1.1 7  3.0  85    0    0 251 -291  0
3823500 2818500 11 29 21  -1.1 1003  56  1.5 7  3.0  86    0    0 250 -290  0
3823500 2818500 11 29 22  -0.7 1004  46  1.3 7  3.1  86    0    0 251 -289  0
3823500 2818500 11 29 23  -0.6 1004  51  1.6 7  3.1  85    0    0 252 -287  0
3823500 2818500 11 29 24  -0.5 1005  50  2.7 8  3.1  85    0    0 256 -286  0
3823500 2818500 11 30  1  -0.8 1005  51  2.3 7  3.1  85    0    0 255 -285  0
3823500 2818500 11 30  2  -0.8 1006  58  2.3 7  3.1  86    0    0 248 -285  0
3823500 2818500 11 30  3  -1.1 1006  58  2.1 7  3.1  87    0    0 246 -285  0
3823500 2818500 11 30  4  -1.1 1006  58  2.3 7  3.1  88    0    0 245 -284  0
3823500 2818500 11 30  5  -1.4 1006  58  2.4 7  3.1  90    0    0 242 -284  0
3823500 2818500 11 30  6  -1.7 1006  58  3.1 8  3.1  92    0    0 244 -283  0
3823500 2818500 11 30  7  -1.8 1007  62  2.7 8  3.1  93    0    0 245 -283  0
3823500 2818500 11 30  8  -1.8 1007  62  2.6 8  3.1  92    0    0 243 -282  0
3823500 2818500 11 30  9  -1.9 1007  69  2.4 8  3.0  91    0    3 241 -281  0
3823500 2818500 11 30 10  -1.7 1007  70  3.2 7  3.0  89    0   26 236 -282  0
3823500 2818500 11 30 11  -1.7 1008  67  3.1 6  2.8  84    5   77 228 -285  0
3823500 2818500 11 30 12  -1.8 1008  67  3.9 6  2.5  76   11   98 224 -289  0
3823500 2818500 11 30 13  -1.7 1007  76  3.9 6  2.3  68    7  100 225 -292  0
3823500 2818500 11 30 14  -2.0 1007  70  2.8 8  2.2  66    0   51 235 -294  0
3823500 2818500 11 30 15  -2.0 1007  70  3.7 7  2.2  66    0   51 241 -294  0
3823500 2818500 11 30 16  -2.6 1007  58  3.3 8  2.1  66    0   11 238 -293  0
3823500 2818500 11 30 17  -2.8 1007  71  3.4 8  2.1  67    0    0 236 -290  0
3823500 2818500 11 30 18  -3.2 1006  69  3.4 8  2.0  67    0    0 230 -287  0
3823500 2818500 11 30 19  -3.6 1006  74  2.6 7  2.0  68    0    0 223 -285  0
3823500 2818500 11 30 20  -3.9 1006  79  3.0 7  2.0  70    0    0 219 -284  0
3823500 2818500 11 30 21  -4.0 1006  77  2.9 8  2.0  70    0    0 219 -282  0
3823500 2818500 11 30 22  -4.2 1006  73  3.8 8  2.0  70    0    0 221 -281  0
3823500 2818500 11 30 23  -4.5 1006  78  3.5 7  2.0  71    0    0 218 -281  0
3823500 2818500 11 30 24  -5.2 1006  74  3.5 7  1.9  72    0    0 215 -279  0
3823500 2818500 12  1  1  -5.5 1005  74  4.0 6  1.8  72    0    0 210 -277  0
3823500 2818500 12  1  2  -5.9 1005  67  3.5 7  1.8  72    0    0 213 -277  0
3823500 2818500 12  1  3  -6.0 1004  72  3.3 7  1.8  74    0    0 215 -275  0
3823500 2818500 12  1  4  -6.1 1004  73  4.3 7  1.8  74    0    0 216 -274  0
3823500 2818500 12  1  5  -6.2 1004  72  4.3 7  1.8  74    0    0 217 -274  0
3823500 2818500 12  1  6  -6.3 1003  65  4.2 6  1.8  76    0    0 215 -273  0
3823500 2818500 12  1  7  -6.6 1002  65  4.4 5  1.8  77    0    0 207 -272  0
3823500 2818500 12  1  8  -7.1 1001  63  4.3 5  1.8  77    0    0 203 -271  0
3823500 2818500 12  1  9  -7.6 1001  65  4.6 4  1.7  76    1   11 198 -271  0
3823500 2818500 12  1 10  -7.6 1001  62  4.3 6  1.6  75   32   48 200 -271  0
3823500 2818500 12  1 11  -7.3 1001  61  3.7 6  1.6  71   94   71 209 -273  0
3823500 2818500 12  1 12  -7.0 1001  62  3.6 6  1.5  68   81   97 212 -277  0
3823500 2818500 12  1 13  -7.2 1000  57  4.6 8  1.5  69   16   99 224 -281  0
3823500 2818500 12  1 14  -7.4 1000  65  4.2 7  1.6  70   53   89 230 -284  0
3823500 2818500 12  1 15  -8.1 1000  62  4.7 6  1.5  72   55   59 221 -285  0
3823500 2818500 12  1 16  -8.3  999  66  3.6 7  1.6  76    8   22 221 -285  0
3823500 2818500 12  1 17  -8.4  999  64  3.5 8  1.6  78    0    0 232 -283  0
3823500 2818500 12  1 18  -8.3  999  62  3.4 8  1.6  79    0    0 239 -282  0
3823500 2818500 12  1 19  -8.2  999  64  2.8 8  1.6  79    0    0 241 -280  0
3823500 2818500 12  1 20  -8.0 1000  64  2.2 8  1.7  80    0    0 244 -279  0
3823500 2818500 12  1 21  -7.9 1000  63  2.4 8  1.7  79    0    0 246 -278  0
3823500 2818500 12  1 22  -7.9 1000  63  2.0 7  1.7  79    0    0 241 -277  0
3823500 2818500 12  1 23  -8.0 1000  62  3.0 7  1.6  77    0    0 235 -277  0
3823500 2818500 12  1 24  -8.0 1000  59  1.4 6  1.6  76    0    0 232 -276  0
3823500 2818500 12  2  1  -8.0 1000  59  2.1 7  1.6  77    0    0 235 -276  0
3823500 2818500 12  2  2  -7.9 1000  54  1.4 7  1.7  78    0    0 242 -277  0
3823500 2818500 12  2  3  -7.9 1000  59  2.1 8  1.7  81    0    0 250 -278  0
3823500 2818500 12  2  4  -7.9 1001  61  1.9 8  1.8  85    0    0 256 -278  0
3823500 2818500 12  2  5  -7.8 1001  61  2.1 7  1.8  87    0    0 252 -277  0
3823500 2818500 12  2  6  -7.7 1000  60  0.9 7  1.9  86    0    0 249 -278  0
3823500 2818500 12  2  7  -7.6 1000  58  0.7 8  1.9  87    0    0 255 -278  0
3823500 2818500 12  2  8  -7.7 1001  53  0.6 7  1.9  89    0    0 256 -278  0
3823500 2818500 12  2  9  -7.4 1001  54  0.1 7  1.9  89    0    4 251 -278  0
3823500 2818500 12  2 10  -7.1 1001  62  0.7 7  2.0  90    0   36 251 -279  0
3823500 2818500 12  2 11  -6.9 1002  81  0.8 7  2.0  90    2   72 249 -282  0
3823500 2818500 12  2 12  -6.8 1002  80  0.3 8  2.0  88    0   67 257 -285  0
3823500 2818500 12  2 13  -6.7 1002 258  0.3 8  2.0  85    0   50 263 -288  0
3823500 2818500 12  2 14  -6.4 1001 280  0.1 7  2.0  83    2   82 257 -290  0
3823500 2818500 12  2 15  -6.4 1001 304  0.1 6  1.9  82    7   71 243 -292  0
3823500 2818500 12  2 16  -6.4 1001 317  0.7 7  2.0  82    3   27 242 -292  0
3823500 2818500 12  2 17  -6.6 1001 341  0.9 8  2.0  84    0    0 254 -289  0
3823500 2818500 12  2 18  -6.8 1001 279  0.1 8  2.0  86    0    0 258 -286  0
3823500 2818500 12  2 19  -7.2 1001 258  0.3 8  2.0  89    0    0 254 -285  0
3823500 2818500 12  2 20  -7.1 1001 241  1.2 8  2.0  90    0    0 253 -284  0
3823500 2818500 12  2 21  -6.9 1001 228  1.2 7  2.0  89    0    0 245 -284  0
3823500 2818500 12  2 22  -7.1 1001 255  1.2 8  2.0  89    0    0 244 -285  0
3823500 2818500 12  2 23  -7.0 1001 264  0.9 8  2.0  90    0    0 250 -287  0
3823500 2818500 12  2 24  -6.9 1001 234  0.8 8  2.0  88    0    0 250 -287  0
3823500 2818500 12  3  1  -7.0 1002 244  0.7 7  2.0  87    0    0 244 -286  0
3823500 2818500 12  3  2  -7.1 1001 209  0.4 7  2.0  88    0    0 237 -284  0
3823500 2818500 12  3  3  -7.2 1001 204  0.9 7  2.0  89    0    0 236 -284  0
3823500 2818500 12  3  4  -7.7 1001 197  0.5 6  2.0  90    0    0 228 -285  0
3823500 2818500 12  3  5  -7.7 1001 206  0.3 6  1.9  90    0    0 220 -286  0
3823500 2818500 12  3  6  -7.7 1001 189  0.1 7  1.9  89    0    0 224 -287  0
3823500 2818500 12  3  7  -7.2 1001 186  0.3 8  1.9  88    0    0 235 -288  0
3823500 2818500 12  3  8  -7.3 1001 179  0.1 8  2.0  88    0    0 239 -288  0
3823500 2818500 12  3  9  -6.5 1001 205  0.1 8  2.0  86    0    1 239 -288  0
3823500 2818500 12  3 10  -5.9 1002 211  0.5 8  2.0  82    1   41 240 -288  0
3823500 2818500 12  3 11  -5.3 1002 211  0.9 8  2.0  79    3   76 242 -291  0
3823500 2818500 12  3 12  -4.8 1002 210  1.2 7  2.0  78   20  132 241 -297  0
3823500 2818500 12  3 13  -4.3 1002 228  1.6 8  2.1  77    1   84 244 -301  0
3823500 2818500 12  3 14  -3.8 1002 232  1.2 8  2.2  77    0   51 253 -304  0
3823500 2818500 12  3 15  -3.6 1002 219  1.0 7  2.2  76    1   57 251 -305  0
3823500 2818500 12  3 16  -3.9 1002 205  0.5 6  2.2  77    6   32 242 -305  0
3823500 2818500 12  3 17  -4.9 1002 205  0.5 5  2.2  79    0    0 230 -304  0
3823500 2818500 12  3 18  -5.2 1003 206  0.5 6  2.2  82    0    0 227 -304  0
3823500 2818500 12  3 19  -5.6 1003 208  1.4 7  2.2  85    0    0 233 -305  0
3823500 2818500 12  3 20  -5.9 1004 204  1.6 6  2.2  87    0    0 230 -305  0
3823500 2818500 12  3 21  -5.6 1004 198  2.0 5  2.2  87    0    0 221 -305  0
3823500 2818500 12  3 22  -5.0 1004 195  1.7 6  2.2  87    0    0 221 -303  0
3823500 2818500 12  3 23  -4.2 1004 205  1.6 7  2.4  87    0    0 229 -299  0
3823500 2818500 12  3 24  -3.7 1004 203  2.1 8  2.5  87    0    0 237 -293  0
3823500 2818500 12  4  1  -3.6 1005 214  1.9 8  2.6  88    0    0 241 -290  0
3823500 2818500 12  4  2  -3.6 1005 206  2.1 8  2.6  89    0    0 243 -287  0
3823500 2818500 12  4  3  -4.1 1005 213  1.8 6  2.6  89    0    0 236 -285  0
3823500 2818500 12  4  4  -4.2 1005 208  1.9 4  2.5  88    0    0 221 -284  0
3823500 2818500 12  4  5  -4.6 1005 207  1.6 2  2.4  86    0    0 207 -284  0
3823500 2818500 12  4  6  -4.9 1006 203  1.6 1  2.3  85    0    0 197 -285  0
3823500 2818500 12  4  7  -4.8 1006 202  1.5 1  2.2  84    0    0 194 -286  0
3823500 2818500 12  4  8  -4.7 1006 203  2.6 1  2.2  84    0    0 195 -287  0
3823500 2818500 12  4  9  -4.5 1007 196  2.2 1  2.2  83    0   10 197 -288  0
3823500 2818500 12  4 10  -3.9 1007 187  2.7 1  2.2  80   35   44 199 -290  0
3823500 2818500 12  4 11  -3.4 1007 186  4.4 4  2.2  77   47   73 212 -294  0
3823500 2818500 12  4 12  -2.8 1006 182  4.4 6  2.3  75   19   95 234 -301  0
3823500 2818500 12  4 13  -2.1 1006 178  4.6 7  2.4  74   18   96 251 -306  0
3823500 2818500 12  4 14  -1.5 1005 181  3.8 7  2.4  71    6   76 261 -309  0
3823500 2818500 12  4 15  -1.2 1004 183  4.8 7  2.4  70   22   59 265 -311  0
3823500 2818500 12  4 16  -1.4 1004 191  4.2 7  2.6  76    2   18 269 -312  0
3823500 2818500 12  4 17  -2.0 1003 188  3.9 7  2.9  86    0    0 272 -311  0
3823500 2818500 12  4 18  -2.0 1003 185  4.2 7  3.0  92    0    0 273 -311  0
3823500 2818500 12  4 19  -1.4 1003 190  3.7 8  3.1  91    0    0 280 -311  0
3823500 2818500 12  4 20  -0.9 1003 192  3.8 8  3.0  86    0    0 287 -310  0
3823500 2818500 12  4 21  -0.3 1002 193  4.1 8  3.0  81    0    0 290 -310  0
3823500 2818500 12  4 22   0.0 1002 187  3.2 8  3.0  79    0    0 294 -309  0
3823500 2818500 12  4 23  -0.2 1001 178  3.4 7  3.1  82    0    0 291 -307  0
3823500 2818500 12  4 24  -0.7 1000 180  3.1 7  3.3  89    0    0 288 -307  0
3823500 2818500 12  5  1  -0.4  999 182  3.5 8  3.5  95    0    0 293 -307  0
3823500 2818500 12  5  2   0.2  998 180  3.2 8  3.7  96    0    0 299 -308  0
3823500 2818500 12  5  3   0.8  997 183  3.5 7  3.9  97    0    0 300 -309  0
3823500 2818500 12  5  4   0.9  996 194  4.3 7  4.0  97    0    0 300 -311  0
3823500 2818500 12  5  5   1.2  994 205  4.7 7  4.0  96    0    0 303 -313  0
3823500 2818500 12  5  6   1.6  994 214  4.9 7  4.1  95    0    0 306 -315  0
3823500 2818500 12  5  7   2.1  993 219  4.4 8  4.2  94    0    0 311 -317  0
3823500 2818500 12  5  8   1.9  993 224  4.2 8  4.2  93    0    0 317 -318  0
3823500 2818500 12  5  9   1.4  993 219  3.4 8  4.1  94    0    3 317 -319  0
3823500 2818500 12  5 10   1.0  993 217  3.0 8  4.0  95    0   26 315 -319  0
3823500 2818500 12  5 11   1.0  992 218  3.1 8  4.0  95    0   42 314 -319  0
3823500 2818500 12  5 12   1.1  992 223  3.4 8  4.0  96    0   49 313 -320  0
3823500 2818500 12  5 13   1.3  992 232  2.9 8  4.0  96    0   39 312 -320  0
3823500 2818500 12  5 14   1.2  992 232  2.8 8  4.1  96    0   41 313 -320  0
3823500 2818500 12  5 15   1.3  992 235  2.3 8  4.0  95    0   36 314 -320  0
3823500 2818500 12  5 16   1.4  992 235  2.5 8  4.1  95    0   15 314 -320  0
3823500 2818500 12  5 17   1.4  992 228  2.4 8  4.1  95    0    0 314 -320  0
3823500 2818500 12  5 18   1.3  992 231  2.9 8  4.1  95    0    0 313 -319  0
3823500 2818500 12  5 19   1.2  993 235  2.5 7  4.0  95    0    0 305 -319  0
3823500 2818500 12  5 20   1.0  993 236  2.2 6  3.9  94    0    0 291 -318  0
3823500 2818500 12  5 21   0.8  993 230  1.9 6  3.9  94    0    0 283 -316  0
3823500 2818500 12  5 22   0.5  993 221  1.9 6  3.8  94    0    0 281 -315  0
3823500 2818500 12  5 23   0.1  993 215  1.7 5  3.8  95    0    0 272 -313  0
3823500 2818500 12  5 24   0.2  993 222  2.0 5  3.7  95    0    0 264 -311  0
3823500 2818500 12  6  1   0.2  993 224  1.4 7  3.8  96    0    0 273 -309  0
3823500 2818500 12  6  2   0.1  993 205  1.4 7  3.7  95    0    0 283 -307  0
3823500 2818500 12  6  3   0.2  993 218  1.0 7  3.7  94    0    0 281 -306  0
3823500 2818500 12  6  4   0.3  994 203  1.0 7  3.7  94    0    0 279 -305  0
3823500 2818500 12  6  5   0.5  993 194  0.4 8  3.7  94    0    0 283 -304  0
3823500 2818500 12  6  6   0.4  993 192  0.8 8  3.7  93    0    0 286 -302  0
3823500 2818500 12  6  7   0.5  993 195  0.7 8  3.7  92    0    0 283 -301  0
3823500 2818500 12  6  8   0.6  993 193  0.8 8  3.7  91    0    0 283 -301  0
3823500 2818500 12  6  9   0.4  993 190  0.9 8  3.6  91    0    1 281 -300  0
3823500 2818500 12  6 10   0.7  993 196  0.9 6  3.6  90   21   51 269 -299  0
3823500 2818500 12  6 11   0.7  993 191  0.4 4  3.6  89   57   86 252 -302  0
3823500 2818500 12  6 12   1.0  994 211  1.1 8  3.6  89    1   78 259 -306  0
3823500 2818500 12  6 13   1.4  994 198  0.9 8  3.6  86    0   71 275 -311  0
3823500 2818500 12  6 14   1.5  993 210  0.7 7  3.7  85    3   73 271 -313  0
3823500 2818500 12  6 15   1.5  993 304  0.2 8  3.7  85    2   52 271 -313  0
3823500 2818500 12  6 16   1.2  993  43  0.5 7  3.7  86    0   17 271 -311  0
3823500 2818500 12  6 17   0.4  993  73  0.4 8  3.7  90    0    0 268 -306  0
3823500 2818500 12  6 18   0.1  993  75  0.6 7  3.7  93    0    0 266 -303  0
3823500 2818500 12  6 19  -0.3  994 124  0.4 7  3.6  95    0    0 260 -301  0
3823500 2818500 12  6 20   0.0  994  67  0.3 7  3.6  95    0    0 259 -299  0
3823500 2818500 12  6 21  -0.4  994  18  0.4 7  3.6  93    0    0 258 -298  0
3823500 2818500 12  6 22  -1.1  994  30  0.5 6  3.4  94    0    0 253 -297  0
3823500 2818500 12  6 23  -2.2  994  57  0.3 3  3.3  96    0    0 231 -295  0
3823500 2818500 12  6 24  -2.0  995  44  0.5 1  3.2  96    0    0 205 -294  0
3823500 2818500 12  7  1  -3.9  995   4  0.5 4  3.0  96    0    0 205 -293  0
3823500 2818500 12  7  2  -4.0  995  31  0.7 5  2.8  98    0    0 220 -292  0
3823500 2818500 12  7  3  -3.2  994  43  0.9 6  3.0 100    0    0 231 -291  0
3823500 2818500 12  7  4  -3.1  995  10  0.9 6  3.1 100    0    0 238 -291  0
3823500 2818500 12  7  5  -3.7  995 340  0.9 6  3.0 100    0    0 239 -291  0
3823500 2818500 12  7  6  -4.0  995   5  1.5 7  2.9 100    0    0 243 -291  0
3823500 2818500 12  7  7  -2.2  995  44  1.8 8  3.1 100    0    0 257 -290  0
3823500 2818500 12  7  8  -2.2  996  49  1.7 8  3.3 100    0    0 266 -290  0
3823500 2818500 12  7  9  -2.2  996  30  1.5 7  3.3  99    0    9 260 -290  0
3823500 2818500 12  7 10  -2.1  997  33  1.7 6  3.2  98   13   55 250 -290  0
3823500 2818500 12  7 11  -2.1  997  54  1.6 6  3.2  97    7   78 247 -294  0
3823500 2818500 12  7 12  -2.0  998  56  2.0 8  3.2  97    0   48 255 -299  0
3823500 2818500 12  7 13  -2.1  998  33  2.5 8  3.2  98    0   38 263 -305  0
3823500 2818500 12  7 14  -1.7  997  29  2.5 7  3.3  98   21  100 259 -309  0
3823500 2818500 12  7 15  -1.4  997 105  2.6 8  3.3  96    7   63 259 -309  0
3823500 2818500 12  7 16  -1.7  997  79  2.6 7  3.3  95    8   28 258 -305  0
3823500 2818500 12  7 17  -1.8  997  68  2.2 7  3.2  94    0    0 253 -301  0
3823500 2818500 12  7 18  -2.9  997  52  1.7 6  3.1  96    0    0 249 -297  0
3823500 2818500 12  7 19  -2.5  997  53  1.9 6  3.1  97    0    0 245 -296  0
3823500 2818500 12  7 20  -1.9  997  66  2.2 7  3.1  95    0    0 250 -294  0
3823500 2818500 12  7 21  -1.8  997  69  1.9 6  3.1  93    0    0 251 -293  0
3823500 2818500 12  7 22  -1.7  998  61  2.0 7  3.1  92    0    0 252 -293  0
3823500 2818500 12  7 23  -1.7  998  59  2.4 7  3.2  93    0    0 256 -293  0
3823500 2818500 12  7 24  -1.6  997  57  2.1 7  3.2  93    0    0 259 -295  0
3823500 2818500 12  8  1  -1.6  997  55  2.0 8  3.2  93    0    0 264 -296  0
3823500 2818500 12  8  2  -1.6  998  56  2.5 8  3.2  94    0    0 270 -296  0
3823500 2818500 12  8  3  -1.6  998  56  2.1 8  3.2  94    0    0 272 -297  0
3823500 2818500 12  8  4  -1.7  998  63  1.9 7  3.2  94    0    0 268 -297  0
3823500 2818500 12  8  5  -1.7  997  58  1.9 7  3.2  94    0    0 261 -297  0
3823500 2818500 12  8  6  -1.6  997  45  1.6 7  3.2  94    0    0 261 -297  0
3823500 2818500 12  8  7  -1.4  997  47  1.5 7  3.2  94    0    0 259 -296  0
3823500 2818500 12  8  8  -1.3  997  44  2.1 8  3.2  93    0    0 266 -295  0
3823500 2818500 12  8  9  -1.4  997  35  1.7 8  3.3  93    0    3 274 -294  0
3823500 2818500 12  8 10  -1.4  997  41  1.5 7  3.3  94    0   28 264 -293  0
3823500 2818500 12  8 11  -1.3  997  39  1.8 7  3.3  94    0   49 256 -295  0
3823500 2818500 12  8 12  -1.2  997  28  1.8 7  3.3  94    0   60 255 -299  0
3823500 2818500 12  8 13  -1.1  997  18  1.8 8  3.3  93    0   56 261 -303  0
3823500 2818500 12  8 14  -1.2  997   4  1.8 8  3.3  92    0   52 268 -306  0
3823500 2818500 12  8 15  -1.2  998   0  2.1 8  3.2  92    0   35 267 -306  0
3823500 2818500 12  8 16  -1.3  997 358  2.2 8  3.2  91    5   17 267 -304  0
3823500 2818500 12  8 17  -1.4  998 339  2.1 8  3.2  92    0    0 266 -300  0
3823500 2818500 12  8 18  -1.5  999 345  2.2 8  3.2  92    0    0 266 -298  0
3823500 2818500 12  8 19  -1.5  999 333  2.0 7  3.2  93    0    0 258 -296  0
3823500 2818500 12  8 20  -1.9  999 315  1.8 7  3.2  94    0    0 248 -295  0
3823500 2818500 12  8 21  -2.7 1000 304  1.4 6  3.1  95    0    0 238 -294  0
3823500 2818500 12  8 22  -3.6 1001 277  1.3 3  2.9  94    0    0 211 -294  0
3823500 2818500 12  8 23  -3.5 1002 270  1.4 5  2.8  95    0    0 207 -296  0
3823500 2818500 12  8 24  -3.2 1003 243  1.5 6  2.9  96    0    0 228 -299  0
3823500 2818500 12  9  1  -2.1 1004 255  1.6 7  3.0  97    0    0 243 -300  0
3823500 2818500 12  9  2  -1.5 1004 253  1.4 7  3.3  98    0    0 252 -302  0
3823500 2818500 12  9  3  -0.9 1005 250  1.7 7  3.4  98    0    0 253 -303  0
3823500 2818500 12  9  4  -1.1 1005 265  1.7 7  3.4  97    0    0 252 -301  0
3823500 2818500 12  9  5  -1.1 1006 246  2.0 6  3.4  98    0    0 246 -301  0
3823500 2818500 12  9  6  -0.9 1006 262  2.7 7  3.5  98    0    0 247 -302  0
3823500 2818500 12  9  7  -0.6 1007 262  2.1 6  3.5  96    0    0 250 -303  0
3823500 2818500 12  9  8  -0.5 1007 269  3.1 7  3.5  95    0    0 252 -303  0
3823500 2818500 12  9  9  -0.6 1008 266  2.7 7  3.5  96    2   10 259 -306  0
3823500 2818500 12  9 10  -0.3 1009 258  2.8 4  3.5  95   61   24 247 -309  0
3823500 2818500 12  9 11  -0.1 1009 273  3.5 4  3.5  93   59   59 234 -311  0
3823500 2818500 12  9 12   1.2 1010 271  3.2 4  3.5  89   70   76 237 -314  0
3823500 2818500 12  9 13   1.8 1010 267  3.9 5  3.5  84   53   84 246 -317  0
3823500 2818500 12  9 14   1.8 1010 279  3.0 6  3.5  81    4   66 257 -318  0
3823500 2818500 12  9 15   1.8 1010 289  4.4 7  3.5  80    0   30 267 -318  0
3823500 2818500 12  9 16   2.3 1011 281  4.0 5  3.5  79    0   10 263 -318  0
3823500 2818500 12  9 17   1.8 1011 283  3.6 6  3.5  80    0    0 258 -315  0
3823500 2818500 12  9 18   1.0 1012 274  3.2 6  3.6  86    0    0 263 -311  0
3823500 2818500 12  9 19   1.1 1013 267  3.3 8  3.7  91    0    0 273 -309  0
3823500 2818500 12  9 20   1.2 1013 263  2.8 8  3.8  93    0    0 285 -308  0
3823500 2818500 12  9 21   1.2 1013 264  2.2 7  3.9  94    0    0 282 -307  0
3823500 2818500 12  9 22   0.9 1014 268  2.8 7  3.9  95    0    0 280 -306  0
3823500 2818500 12  9 23   0.7 1014 261  2.0 7  3.9  97    0    0 282 -304  0
3823500 2818500 12  9 24   0.4 1014 280  1.1 8  3.9  98    0    0 288 -302  0
3823500 2818500 12 10  1   0.4 1014 275  1.0 8  3.8  98    0    0 295 -301  0
3823500 2818500 12 10  2   0.1 1015 264  0.8 6  3.8  99    0    0 285 -300  0
3823500 2818500 12 10  3  -0.7 1015 261  1.2 5  3.6  98    0    0 267 -300  0
3823500 2818500 12 10  4  -0.7 1016 283  1.3 5  3.5  98    0    0 260 -301  0
3823500 2818500 12 10  5   0.0 1017 281  0.8 6  3.6  98    0    0 266 -303  0
3823500 2818500 12 10  6   0.0 1017 266  0.7 7  3.6  96    0    0 276 -305  0
3823500 2818500 12 10  7  -0.4 1018 266  0.7 8  3.6  97    0    0 284 -306  0
3823500 2818500 12 10  8  -0.9 1019 248  1.2 8  3.5  97    0    0 286 -309  0
3823500 2818500 12 10  9  -1.2 1019 240  1.0 7  3.4  97    0    3 281 -311  0
3823500 2818500 12 10 10  -1.1 1019 224  0.6 5  3.4  98    7   48 265 -314  0
3823500 2818500 12 10 11  -0.5 1020 224  0.5 6  3.5  98    9   80 259 -317  0
3823500 2818500 12 10 12   0.1 1020 199  1.4 8  3.6  98    0   42 278 -319  0
3823500 2818500 12 10 13   0.7 1020 217  1.3 8  3.8  97    0   43 293 -320  0
3823500 2818500 12 10 14   1.1 1020 207  1.2 8  3.9  96    1   66 298 -320  0
3823500 2818500 12 10 15   1.4 1019 200  1.3 6  4.0  96   18   70 293 -320  0
3823500 2818500 12 10 16   1.5 1018 199  1.8 8  4.0  96    0   16 295 -320  0
3823500 2818500 12 10 17   1.9 1018 211  1.9 8  4.2  98    0    0 308 -320  0
3823500 2818500 12 10 18   2.4 1017 227  1.6 8  4.4  99    0    0 313 -321  0
3823500 2818500 12 10 19   2.9 1016 232  2.3 7  4.6 100    0    0 314 -323  0
3823500 2818500 12 10 20   3.4 1015 231  2.6 7  4.7  99    0    0 315 -323  0
3823500 2818500 12 10 21   3.5 1015 239  2.9 7  4.8  99    0    0 319 -324  0
3823500 2818500 12 10 22   3.7 1014 237  3.1 7  4.9 100    0    0 320 -324  0
3823500 2818500 12 10 23   4.0 1013 241  2.8 7  4.9  99    0    0 322 -325  0
3823500 2818500 12 10 24   4.2 1012 240  3.3 8  5.0  98    0    0 328 -325  0
3823500 2818500 12 11  1   4.4 1011 243  3.9 8  5.0  96    0    0 333 -326  0
3823500 2818500 12 11  2   4.6 1010 258  4.0 8  5.1  97    0    0 334 -329  0
3823500 2818500 12 11  3   5.3 1009 261  3.7 8  5.3  97    0    0 336 -332  0
3823500 2818500 12 11  4   5.9 1009 265  3.5 8  5.4  95    0    0 338 -334  0
3823500 2818500 12 11  5   5.5 1009 264  3.4 8  5.4  95    0    0 338 -336  0
3823500 2818500 12 11  6   5.6 1009 267  3.6 8  5.4  96    0    0 338 -337  0
3823500 2818500 12 11  7   5.7 1008 268  3.8 8  5.4  95    0    0 338 -338  0
3823500 2818500 12 11  8   5.7 1008 270  3.6 8  5.4  95    0    0 338 -339  0
3823500 2818500 12 11  9   5.8 1009 270  3.2 8  5.4  94    0    2 337 -339  0
3823500 2818500 12 11 10   5.8 1008 267  3.9 7  5.4  94    0   28 331 -339  0
3823500 2818500 12 11 11   6.0 1008 278  4.5 8  5.5  94    0   36 332 -340  0
3823500 2818500 12 11 12   6.2 1008 274  4.7 7  5.5  93    0   56 331 -340  0
3823500 2818500 12 11 13   6.3 1008 276  4.9 8  5.5  92    0   52 331 -341  0
3823500 2818500 12 11 14   6.2 1008 277  4.1 8  5.5  92    0   48 336 -342  0
3823500 2818500 12 11 15   6.2 1008 288  4.1 5  5.5  92   15   59 318 -341  0
3823500 2818500 12 11 16   6.3 1008 283  3.6 7  5.4  90    0    4 311 -340  0
3823500 2818500 12 11 17   6.2 1008 285  3.9 7  5.2  88    0    0 321 -339  0
3823500 2818500 12 11 18   6.0 1008 273  4.0 7  5.0  86    0    0 319 -338  0
3823500 2818500 12 11 19   5.9 1007 280  3.7 7  5.0  85    0    0 319 -336  0
3823500 2818500 12 11 20   5.7 1007 273  4.1 7  5.0  87    0    0 317 -335  0
3823500 2818500 12 11 21   5.7 1007 278  3.7 7  5.1  88    0    0 315 -334  0
3823500 2818500 12 11 22   5.4 1006 268  3.8 8  5.1  89    0    0 321 -333  0
3823500 2818500 12 11 23   5.5 1005 270  4.5 8  5.0  89    0    0 325 -331  0
3823500 2818500 12 11 24   5.6 1004 279  5.1 7  5.0  88    0    0 319 -330  0
3823500 2818500 12 12  1   5.2 1004 290  3.4 7  5.0  89    0    0 310 -328  0
3823500 2818500 12 12  2   4.9 1003 297  4.3 8  4.9  90    0    0 313 -326  0
3823500 2818500 12 12  3   4.1 1003 296  4.1 7  4.7  89    0    0 310 -325  0
3823500 2818500 12 12  4   3.8 1004 288  2.6 6  4.5  89    0    0 296 -324  0
3823500 2818500 12 12  5   3.8 1004 296  2.9 6  4.4  88    0    0 291 -324  0
3823500 2818500 12 12  6   3.9 1004 280  2.7 7  4.4  87    0    0 297 -324  0
3823500 2818500 12 12  7   4.0 1004 288  2.6 7  4.5  89    0    0 305 -324  0
3823500 2818500 12 12  8   4.1 1004 302  2.7 7  4.7  91    0    0 307 -324  0
3823500 2818500 12 12  9   3.9 1005 306  2.6 7  4.7  92    0    6 307 -324  0
3823500 2818500 12 12 10   3.9 1005 316  2.3 5  4.7  92   36   21 294 -324  0
3823500 2818500 12 12 11   4.0 1006 343  3.5 7  4.4  87    7   59 294 -326  0
3823500 2818500 12 12 12   3.2 1007 331  4.1 6  4.0  82   12   72 297 -329  0
3823500 2818500 12 12 13   2.3 1007 338  4.3 8  3.7  80    0   33 298 -332  0
3823500 2818500 12 12 14   1.7 1008  13  3.3 7  3.5  79    0   54 301 -334  0
3823500 2818500 12 12 15   1.5 1009   1  3.5 8  3.3  78    0   31 298 -334  0
3823500 2818500 12 12 16   0.9 1009 359  3.5 7  3.1  74    2   15 296 -329  0
3823500 2818500 12 12 17   0.1 1010 358  4.0 6  2.8  71    0    0 282 -322  0
3823500 2818500 12 12 18  -0.3 1011  12  3.8 7  2.6  69    0    0 280 -319  0
3823500 2818500 12 12 19  -0.8 1012   1  2.9 7  2.5  69    0    0 284 -315  0
3823500 2818500 12 12 20  -1.2 1012  17  3.2 7  2.4  68    0    0 282 -312  0
3823500 2818500 12 12 21  -1.6 1013  24  2.4 4  2.3  67    0    0 263 -312  0
3823500 2818500 12 12 22  -2.2 1014  17  1.9 3  2.3  70    0    0 238 -311  0
3823500 2818500 12 12 23  -3.0 1015  27  1.8 2  2.3  73    0    0 225 -311  0
3823500 2818500 12 12 24  -3.3 1015  14  1.9 0  2.3  75    0    0 206 -310  0
3823500 2818500 12 13  1  -4.3 1015 356  0.6 0  2.3  79    0    0 194 -308  0
3823500 2818500 12 13  2  -4.6 1016   3  0.5 0  2.3  83    0    0 192 -305  0
3823500 2818500 12 13  3  -5.2 1016 345  0.3 1  2.2  86    0    0 195 -302  0
3823500 2818500 12 13  4  -5.1 1016 311  0.4 2  2.2  87    0    0 204 -300  0
3823500 2818500 12 13  5  -5.9 1016 299  0.1 2  2.2  90    0    0 206 -299  0
3823500 2818500 12 13  6  -5.9 1016 306  0.3 1  2.2  92    0    0 200 -298  0
3823500 2818500 12 13  7  -6.0 1016 325  0.3 3  2.3  93    0    0 203 -298  0
3823500 2818500 12 13  8  -4.9 1017 246  0.1 5  2.3  92    0    0 220 -297  0
3823500 2818500 12 13  9  -4.9 1017 261  0.5 7  2.4  91    0    1 238 -297  0
3823500 2818500 12 13 10  -4.1 1017 246  0.9 7  2.4  91    2   40 246 -297  0
3823500 2818500 12 13 11  -3.3 1017 235  1.1 7  2.6  89   17   95 247 -300  0
3823500 2818500 12 13 12  -2.4 1017 258  2.1 6  2.6  85   38  137 246 -303  0
3823500 2818500 12 13 13  -1.9 1017 257  2.5 5  2.6  80   52  151 238 -307  0
3823500 2818500 12 13 14  -1.8 1016 247  3.2 5  2.6  78   48  135 234 -309  0
3823500 2818500 12 13 15  -1.7 1015 235  3.2 7  2.6  79   24   87 240 -309  0
3823500 2818500 12 13 16  -1.7 1015 222  3.1 7  2.7  80    7   31 247 -306  0
3823500 2818500 12 13 17  -2.2 1014 214  2.7 5  2.7  84    0    0 237 -302  0
3823500 2818500 12 13 18  -2.7 1013 222  3.6 6  2.9  92    0    0 234 -300  0
3823500 2818500 12 13 19  -2.6 1013 214  2.7 8  3.0  95    0    0 245 -300  0
3823500 2818500 12 13 20  -2.5 1012 246  1.7 8  3.0  96    0    0 253 -302  0
3823500 2818500 12 13 21  -2.0 1012 189  1.2 8  3.1  96    0    0 256 -304  0
3823500 2818500 12 13 22  -2.0 1012  12  0.8 8  3.1  96    0    0 258 -306  0
3823500 2818500 12 13 23  -1.5 1013  31  2.5 8  3.2  96    0    0 261 -307  0
3823500 2818500 12 13 24  -1.3 1013   3  3.1 7  3.2  94    0    0 260 -309  0
3823500 2818500 12 14  1  -2.0 1014 344  3.6 7  3.0  91    0    0 258 -310  0
3823500 2818500 12 14  2  -2.6 1015 346  3.0 6  2.8  87    0    0 253 -311  0
3823500 2818500 12 14  3  -4.7 1015  29  2.3 5  2.5  87    0    0 241 -311  0
3823500 2818500 12 14  4  -6.3 1016  15  1.5 3  2.2  90    0    0 225 -310  0
3823500 2818500 12 14  5  -7.4 1016   4  1.0 2  2.1  93    0    0 210 -309  0
3823500 2818500 12 14  6  -7.3 1016 341  2.0 4  2.1  95    0    0 214 -308  0
3823500 2818500 12 14  7  -6.9 1017 330  1.1 5  2.1  96    0    0 228 -306  0
3823500 2818500 12 14  8  -6.1 1017 294  0.7 6  2.2  95    0    0 237 -304  0
3823500 2818500 12 14  9  -5.4 1018 332  1.0 7  2.3  94    0    3 249 -298  0
3823500 2818500 12 14 10  -4.5 1020 352  0.5 7  2.4  93    7   28 255 -294  0
3823500 2818500 12 14 11  -3.8 1020 347  1.2 7  2.6  93   18   51 258 -293  0
3823500 2818500 12 14 12  -2.2 1021   6  2.5 6  2.7  89    7   69 256 -295  0
3823500 2818500 12 14 13  -2.3 1021 356  2.6 6  2.6  82    0   59 253 -298  0
3823500 2818500 12 14 14  -2.0 1021 359  2.2 7  2.5  79    7   61 258 -299  0
3823500 2818500 12 14 15  -2.2 1021 358  1.9 7  2.5  78    0   33 262 -299  0
3823500 2818500 12 14 16  -2.1 1022 352  2.1 7  2.5  77    0    4 259 -296  0
3823500 2818500 12 14 17  -2.4 1022 338  1.4 7  2.5  78    0    0 256 -292  0
3823500 2818500 12 14 18  -2.8 1022 324  1.3 7  2.5  80    0    0 252 -288  0
3823500 2818500 12 14 19  -2.8 1022 327  2.1 7  2.5  80    0    0 248 -287  0
3823500 2818500 12 14 20  -2.7 1023 312  1.8 7  2.4  80    0    0 246 -286  0
3823500 2818500 12 14 21  -3.1 1023 304  1.5 7  2.4  80    0    0 244 -285  0
3823500 2818500 12 14 22  -3.7 1023 314  2.1 5  2.4  82    0    0 233 -284  0
3823500 2818500 12 14 23  -4.7 1022 297  1.7 3  2.4  86    0    0 215 -282  0
3823500 2818500 12 14 24  -6.2 1022 303  1.5 2  2.3  91    0    0 201 -281  0
3823500 2818500 12 15  1  -8.3 1021 274  1.4 0  2.1  94    0    0 186 -279  0
3823500 2818500 12 15  2  -7.4 1021 292  1.2 0  2.0  96    0    0 179 -278  0
3823500 2818500 12 15  3  -6.9 1021 280  1.1 2  2.1  95    0    0 190 -278  0
3823500 2818500 12 15  4  -6.3 1021 266  1.7 4  2.1  93    0    0 208 -277  0
3823500 2818500 12 15  5  -5.8 1020 253  1.2 4  2.2  92    0    0 217 -277  0
3823500 2818500 12 15  6  -5.9 1020 270  1.9 5  2.3  93    0    0 222 -277  0
3823500 2818500 12 15  7  -3.9 1020 266  1.3 7  2.5  95    0    0 235 -278  0
3823500 2818500 12 15  8  -3.0 1020 248  1.2 8  2.8  97    0    0 249 -280  0
3823500 2818500 12 15  9  -1.8 1019 338  2.2 8  3.1  98    0    2 256 -282  0
3823500 2818500 12 15 10  -1.0 1019 350  1.5 8  3.2  94    1   32 258 -285  0
3823500 2818500 12 15 11  -0.8 1019   2  2.3 6  3.0  85   29   59 254 -289  0
3823500 2818500 12 15 12  -0.8 1019 360  2.6 4  2.8  79   62   67 242 -295  0
3823500 2818500 12 15 13  -0.5 1019 354  3.5 2  2.7  75   34   83 228 -301  0
3823500 2818500 12 15 14  -0.8 1018 339  4.4 1  2.6  72   89   46 216 -305  0
3823500 2818500 12 15 15  -0.4 1018 336  3.7 0  2.5  70   91   24 206 -307  0
3823500 2818500 12 15 16  -1.3 1018 332  2.4 1  2.5  72   25   12 204 -307  0
3823500 2818500 12 15 17  -2.6 1018 305  1.0 0  2.5  77    0    0 202 -305  0
3823500 2818500 12 15 18  -3.8 1017 310  0.4 0  2.4  82    0    0 195 -304  0
3823500 2818500 12 15 19  -4.8 1017 317  0.1 0  2.3  85    0    0 190 -304  0
3823500 2818500 12 15 20  -5.9 1017 279  0.2 0  2.3  90    0    0 188 -302  0
3823500 2818500 12 15 21  -9.0 1016 265  0.0 0  2.0  92    0    0 183 -302  0
3823500 2818500 12 15 22  -9.8 1016 230  0.0 0  1.7  93    0    0 180 -303  0
3823500 2818500 12 15 23 -10.7 1015 207  0.1 0  1.6  94    0    0 178 -301  0
3823500 2818500 12 15 24 -10.8 1014 265  0.1 2  1.6  96    0    0 186 -301  0
3823500 2818500 12 16  1 -10.7 1014 185  0.1 4  1.6  94    0    0 205 -304  0
3823500 2818500 12 16  2  -8.7 1013 193  0.1 5  1.6  90    0    0 223 -305  0
3823500 2818500 12 16  3  -7.8 1012 227  0.1 5  1.8  89    0    0 235 -303  0
3823500 2818500 12 16  4  -7.6 1011 179  0.1 5  1.9  91    0    0 238 -304  0
3823500 2818500 12 16  5  -6.2 1010 180  0.7 6  2.1  94    0    0 248 -306  0
3823500 2818500 12 16  6  -4.7 1008 184  1.5 7  2.4  96    0    0 263 -308  0
3823500 2818500 12 16  7  -3.4 1007 187  1.5 8  2.7  97    0    0 277 -307  0
3823500 2818500 12 16  8  -2.7 1005 194  2.3 8  2.9  96    0    0 286 -307  0
3823500 2818500 12 16  9  -2.0 1003 202  2.4 8  3.1  95    0    0 290 -308  0
3823500 2818500 12 16 10  -1.4 1002 204  3.7 8  3.2  96    0   14 292 -310  0
3823500 2818500 12 16 11  -0.7 1000 210  3.5 8  3.4  96    0   35 295 -311  0
3823500 2818500 12 16 12   0.0  998 204  3.9 8  3.6  95    0   45 297 -312  0
3823500 2818500 12 16 13   0.3  996 211  5.0 8  3.7  95    0   39 300 -314  0
3823500 2818500 12 16 14   0.5  993 209  4.8 8  3.8  96    0   42 303 -315  0
3823500 2818500 12 16 15   0.6  991 206  5.3 8  3.9  98    0   31 304 -315  0
3823500 2818500 12 16 16   0.6  989 205  4.5 8  4.0  98    0   12 305 -316  0
3823500 2818500 12 16 17   0.3  987 237  3.3 6  3.9  98    0    0 295 -316  0
3823500 2818500 12 16 18  -0.3  987 329  1.6 6  3.8  98    0    0 286 -317  0
3823500 2818500 12 16 19  -0.6  987   3  1.4 8  3.7  98    0    0 291 -317  0
3823500 2818500 12 16 20  -0.8  987 332  1.1 7  3.6  98    0    0 292 -315  0
3823500 2818500 12 16 21  -1.2  987 344  0.6 7  3.5  98    0    0 284 -312  0
3823500 2818500 12 16 22  -1.6  987 288  0.2 6  3.4  98    0    0 274 -310  0
3823500 2818500 12 16 23  -1.6  987 304  0.7 6  3.4  98    0    0 265 -310  0
3823500 2818500 12 16 24  -1.8  987 302  1.0 6  3.3  97    0    0 263 -309  0
3823500 2818500 12 17  1  -1.8  987 284  1.3 7  3.3  97    0    0 263 -305  0
3823500 2818500 12 17  2  -2.2  986 286  1.5 8  3.3  97    0    0 271 -301  0
3823500 2818500 12 17  3  -2.5  986 294  0.9 8  3.2  97    0    0 273 -297  0
3823500 2818500 12 17  4  -2.7  986 259  1.2 7  3.1  96    0    0 263 -294  0
3823500 2818500 12 17  5  -2.9  986 249  1.0 7  3.1  96    0    0 253 -293  0
3823500 2818500 12 17  6  -3.0  986 271  1.0 7  3.0  96    0    0 251 -291  0
3823500 2818500 12 17  7  -3.3  985 243  1.3 8  3.0  96    0    0 254 -289  0
3823500 2818500 12 17  8  -3.4  985 246  1.5 8  2.9  96    0    0 257 -288  0
3823500 2818500 12 17  9  -3.5  985 241  1.3 8  2.9  96    0    1 256 -288  0
3823500 2818500 12 17 10  -3.5  986 230  1.5 8  2.9  96    0   22 254 -290  0
3823500 2818500 12 17 11  -3.1  986 231  1.7 7  2.9  96    0   30 248 -293  0
3823500 2818500 12 17 12  -3.0  986 207  1.8 7  3.0  96    0   36 240 -297  0
3823500 2818500 12 17 13  -2.6  986 197  2.2 8  3.0  95    0   48 246 -302  0
3823500 2818500 12 17 14  -2.5  986 172  1.5 6  3.0  94   14   91 240 -305  0
3823500 2818500 12 17 15  -2.2  986 224  1.1 5  3.1  95   24   68 221 -307  0
3823500 2818500 12 17 16  -2.6  985 202  1.7 7  3.1  95   13   28 225 -308  0
3823500 2818500 12 17 17  -2.6  985 161  1.0 7  3.1  96    0    0 235 -305  0
3823500 2818500 12 17 18  -2.6  986 180  1.5 7  3.1  96    0    0 233 -300  0
3823500 2818500 12 17 19  -2.6  986 183  1.4 8  3.1  96    0    0 238 -298  0
3823500 2818500 12 17 20  -2.4  986 187  1.3 8  3.1  96    0    0 242 -297  0
3823500 2818500 12 17 21  -2.6  986 201  1.5 8  3.1  96    0    0 241 -296  0
3823500 2818500 12 17 22  -3.1  987 201  1.7 8  3.0  96    0    0 238 -296  0
3823500 2818500 12 17 23  -3.1  987 207  1.7 7  2.9  94    0    0 231 -295  0
3823500 2818500 12 17 24  -3.8  987 191  1.3 5  2.8  93    0    0 215 -293  0
3823500 2818500 12 18  1  -5.3  987 183  0.7 5  2.6  93    0    0 201 -291  0
3823500 2818500 12 18  2  -5.9  987 167  0.8 4  2.4  94    0    0 194 -288  0
3823500 2818500 12 18  3  -6.4  987 165  0.5 4  2.3  95    0    0 189 -286  0
3823500 2818500 12 18  4  -7.4  988 154  0.3 4  2.2  95    0    0 191 -286  0
3823500 2818500 12 18  5  -8.3  988 145  0.6 2  2.0  95    0    0 181 -288  0
3823500 2818500 12 18  6  -9.2  988 115  0.1 2  1.9  95    0    0 173 -290  0
3823500 2818500 12 18  7 -10.7  988 130  0.1 2  1.8  96    0    0 173 -293  0
3823500 2818500 12 18  8  -9.5  988 146  0.1 3  1.7  96    0    0 180 -293  0
3823500 2818500 12 18  9  -9.6  989 119  0.1 4  1.8  94    0    4 191 -293  0
3823500 2818500 12 18 10  -8.8  989 118  0.2 5  1.8  94    2   32 203 -295  0
3823500 2818500 12 18 11  -7.7  990 134  0.5 6  1.9  93    4   57 217 -297  0
3823500 2818500 12 18 12  -6.3  990 139  0.6 6  2.1  92   16   82 229 -298  0
3823500 2818500 12 18 13  -5.1  990 142  0.3 5  2.2  88   30   90 229 -297  0
3823500 2818500 12 18 14  -4.6  990 146  0.6 7  2.4  87    1   62 238 -297  0
3823500 2818500 12 18 15  -4.9  990 141  0.2 5  2.4  89   33   48 238 -296  0
3823500 2818500 12 18 16  -5.4  990 128  0.1 6  2.4  91   43   12 232 -294  0
3823500 2818500 12 18 17  -5.9  991 119  0.1 7  2.4  95    0    0 241 -293  0
3823500 2818500 12 18 18  -5.4  991 127  0.2 6  2.4  96    0    0 240 -292  0
3823500 2818500 12 18 19  -4.9  991 141  0.2 7  2.5  94    0    0 242 -292  0
3823500 2818500 12 18 20  -5.0  992 119  0.2 6  2.5  93    0    0 244 -293  0
3823500 2818500 12 18 21  -6.1  992 109  0.3 4  2.4  92    0    0 231 -296  0
3823500 2818500 12 18 22  -6.7  992 111  0.4 3  2.2  90    0    0 217 -298  0
3823500 2818500 12 18 23  -7.0  991  98  0.2 3  2.1  90    0    0 213 -300  0
3823500 2818500 12 18 24  -6.7  991  98  0.2 5  2.1  89    0    0 221 -302  0
3823500 2818500 12 19  1  -6.2  990 100  1.3 7  2.1  87    0    0 239 -304  0
3823500 2818500 12 19  2  -6.1  989  93  1.1 8  2.1  87    0    0 254 -305  0
3823500 2818500 12 19  3  -5.8  988  81  1.5 8  2.2  89    0    0 259 -306  0
3823500 2818500 12 19  4  -5.5  988  65  1.3 7  2.3  92    0    0 256 -303  0
3823500 2818500 12 19  5  -5.5  987  56  1.0 7  2.4  94    0    0 251 -301  0
3823500 2818500 12 19  6  -5.4  987  60  1.0 8  2.5  95    0    0 257 -301  0
3823500 2818500 12 19  7  -5.4  987  67  0.8 8  2.5  95    0    0 263 -302  0
3823500 2818500 12 19  8  -5.4  987  29  0.1 8  2.5  94    0    0 262 -300  0
3823500 2818500 12 19  9  -5.5  987 296  0.1 8  2.4  94    0    3 262 -296  0
3823500 2818500 12 19 10  -5.5  988 317  0.2 7  2.4  95   15   27 254 -294  0
3823500 2818500 12 19 11  -5.0  989 233  0.1 8  2.5  95    0   51 255 -294  0
3823500 2818500 12 19 12  -4.8  989 235  0.2 7  2.5  94    5   69 256 -294  0
3823500 2818500 12 19 13  -5.0  989 325  0.2 8  2.5  94    0   64 256 -296  0
3823500 2818500 12 19 14  -4.4  988  49  0.1 8  2.6  94    0   60 263 -298  0
3823500 2818500 12 19 15  -4.6  987  65  1.0 7  2.6  93   25   40 258 -299  0
3823500 2818500 12 19 16  -4.6  987  73  1.4 8  2.6  94    0   11 259 -298  0
3823500 2818500 12 19 17  -4.2  986  68  1.3 8  2.6  94    0    0 265 -295  0
3823500 2818500 12 19 18  -4.5  985  69  1.7 7  2.7  94    0    0 261 -293  0
3823500 2818500 12 19 19  -4.0  985  67  1.7 8  2.7  94    0    0 264 -291  0
3823500 2818500 12 19 20  -4.1  983  52  2.7 8  2.7  95    0    0 274 -288  0
3823500 2818500 12 19 21  -4.4  982  34  3.6 7  2.7  96    0    0 271 -281  0
3823500 2818500 12 19 22  -4.5  981  19  3.7 8  2.7  95    0    0 271 -277  0
3823500 2818500 12 19 23  -5.0  981  23  4.0 8  2.6  94    0    0 274 -278  0
3823500 2818500 12 19 24  -5.1  981   8  3.6 8  2.5  93    0    0 272 -279  0
3823500 2818500 12 20  1  -5.3  982 345  2.9 8  2.5  93    0    0 270 -279  0
3823500 2818500 12 20  2  -5.8  984 313  3.3 8  2.4  93    0    0 268 -280  0
3823500 2818500 12 20  3  -5.8  986 303  2.7 8  2.3  93    0    0 265 -282  0
3823500 2818500 12 20  4  -5.7  988 271  2.6 7  2.4  93    0    0 258 -284  0
3823500 2818500 12 20  5  -5.4  990 266  2.3 8  2.4  94    0    0 258 -286  0
3823500 2818500 12 20  6  -5.1  991 238  1.8 8  2.5  94    0    0 264 -288  0
3823500 2818500 12 20  7  -5.0  992 249  1.7 8  2.5  94    0    0 265 -290  0
3823500 2818500 12 20  8  -4.9  993 225  1.9 8  2.5  94    0    0 266 -291  0
3823500 2818500 12 20  9  -5.6  993 214  2.3 7  2.5  95    0    1 262 -293  0
3823500 2818500 12 20 10  -5.6  994 224  2.0 8  2.4  95    0   16 261 -297  0
3823500 2818500 12 20 11  -6.0  995 197  1.1 8  2.4  94    1   58 266 -302  0
3823500 2818500 12 20 12  -6.1  995 211  1.1 7  2.3  94    4   84 262 -307  0
3823500 2818500 12 20 13  -5.8  995 221  0.6 6  2.3  94   17  106 252 -311  0
3823500 2818500 12 20 14  -6.5  996 238  0.1 5  2.3  94   65  102 240 -315  0
3823500 2818500 12 20 15  -6.2  996 227  0.2 6  2.2  94   13   65 241 -317  0
3823500 2818500 12 20 16  -6.4  997 256  0.1 6  2.3  94    0   10 248 -318  0
3823500 2818500 12 20 17  -7.5  997 182  1.1 5  2.2  97    0    0 241 -319  0
3823500 2818500 12 20 18  -6.9  998 194  0.9 7  2.2  97    0    0 246 -319  0
3823500 2818500 12 20 19  -7.5  998 173  1.0 8  2.1  95    0    0 263 -319  0
3823500 2818500 12 20 20  -7.5  999 154  0.3 8  2.1  95    0    0 267 -319  0
3823500 2818500 12 20 21  -8.0  999 152  1.1 8  2.0  94    0    0 269 -319  0
3823500 2818500 12 20 22  -8.1  999 141  1.0 8  2.0  94    0    0 270 -319  0
3823500 2818500 12 20 23  -8.2  999 145  0.9 8  2.0  94    0    0 271 -319  0
3823500 2818500 12 20 24  -8.7  999 125  0.5 7  1.9  95    0    0 264 -319  0
3823500 2818500 12 21  1  -9.5  999 114  0.1 5  1.9  96    0    0 241 -319  0
3823500 2818500 12 21  2 -10.7  998 137  0.1 6  1.7  94    0    0 228 -319  0
3823500 2818500 12 21  3 -11.5  997  81  0.1 5  1.6  95    0    0 224 -318  0
3823500 2818500 12 21  4 -12.1  996 107  0.1 3  1.5  96    0    0 202 -318  0
3823500 2818500 12 21  5 -12.5  996  32  0.1 5  1.4  94    0    0 205 -318  0
3823500 2818500 12 21  6 -12.3  996  26  0.1 6  1.4  93    0    0 229 -318  0
3823500 2818500 12 21  7 -11.1  995  49  0.1 6  1.5  94    0    0 238 -317  0
3823500 2818500 12 21  8 -10.8  996 117  0.1 5  1.6  95    0    0 234 -317  0
3823500 2818500 12 21  9 -11.3  996   2  0.1 4  1.5  93    0    2 221 -315  0
3823500 2818500 12 21 10 -11.0  995  35  0.1 4  1.5  93    9   28 213 -314  0
3823500 2818500 12 21 11  -8.9  997  68  0.1 3  1.7  94   58   32 209 -315  0
3823500 2818500 12 21 12  -7.3  997  53  0.1 6  2.0  95    3   65 227 -317  0
3823500 2818500 12 21 13  -5.7  997  19  0.1 6  2.3  96    0   35 250 -318  0
3823500 2818500 12 21 14  -4.8  997  45  0.1 8  2.5  96    0   30 266 -319  0
3823500 2818500 12 21 15  -4.4  997  41  0.2 7  2.7  98    3   45 276 -319  0
3823500 2818500 12 21 16  -4.1  997  43  0.2 7  2.7  97   25   12 271 -316  0
3823500 2818500 12 21 17  -4.1  997  72  0.1 7  2.7  95    0    0 270 -313  0
3823500 2818500 12 21 18  -4.3  997  58  0.1 7  2.7  95    0    0 268 -313  0
3823500 2818500 12 21 19  -3.8  997  56  0.1 7  2.7  96    0    0 266 -315  0
3823500 2818500 12 21 20  -3.6  998  56  0.4 6  2.8  97    0    0 258 -316  0
3823500 2818500 12 21 21  -4.2  998  55  0.6 6  2.8  98    0    0 251 -315  0
3823500 2818500 12 21 22  -3.7  998  52  1.0 7  2.9 100    0    0 259 -313  0
3823500 2818500 12 21 23  -2.9  998  37  1.7 7  2.9  98    0    0 269 -312  0
3823500 2818500 12 21 24  -2.7  998  74  2.2 7  3.0  96    0    0 270 -311  0
3823500 2818500 12 22  1  -2.1  998  66  1.9 8  3.0  94    0    0 278 -307  0
3823500 2818500 12 22  2  -1.8  998  24  2.2 8  3.1  92    0    0 284 -304  0
3823500 2818500 12 22  3  -1.4  998 331  2.3 7  3.2  93    0    0 280 -302  0
3823500 2818500 12 22  4  -2.3  997 350  3.2 6  3.2  94    0    0 270 -298  0
3823500 2818500 12 22  5  -2.5  997  28  3.0 7  3.0  94    0    0 268 -295  0
3823500 2818500 12 22  6  -2.7  997  41  2.6 7  3.0  95    0    0 274 -297  0
3823500 2818500 12 22  7  -2.6  996  47  2.6 7  3.0  95    0    0 275 -302  0
3823500 2818500 12 22  8  -3.0  996  59  2.4 8  3.0  95    0    0 280 -305  0
3823500 2818500 12 22  9  -2.7  996  61  1.8 8  2.9  94    0    1 287 -306  0
3823500 2818500 12 22 10  -2.7  996  51  1.7 8  2.9  91    0    9 288 -308  0
3823500 2818500 12 22 11  -2.9  996  48  1.8 8  2.9  91    0   20 288 -310  0
3823500 2818500 12 22 12  -2.5  996  50  2.0 8  2.9  92    0   28 288 -312  0
3823500 2818500 12 22 13  -2.3  996  58  1.5 8  3.0  92    0   39 290 -314  0
3823500 2818500 12 22 14  -2.3  995  49  1.3 8  3.0  93    0   32 291 -315  0
3823500 2818500 12 22 15  -2.3  995  55  1.1 8  3.0  93    0   20 293 -315  0
3823500 2818500 12 22 16  -2.3  995  50  1.1 7  3.0  93    0   12 286 -314  0
3823500 2818500 12 22 17  -2.5  995  44  0.6 7  3.0  93    0    0 280 -312  0
3823500 2818500 12 22 18  -2.4  995  46  0.1 8  3.0  93    0    0 287 -311  0
3823500 2818500 12 22 19  -2.5  995  27  0.3 8  3.0  92    0    0 293 -311  0
3823500 2818500 12 22 20  -2.5  995  23  0.5 8  3.0  93    0    0 294 -310  0
3823500 2818500 12 22 21  -2.5  995  28  0.1 8  3.0  93    0    0 295 -310  0
3823500 2818500 12 22 22  -2.5  995  19  0.5 7  3.0  94    0    0 288 -309  0
3823500 2818500 12 22 23  -2.6  995  25  0.4 8  3.0  95    0    0 287 -308  0
3823500 2818500 12 22 24  -2.7  995  27  0.7 8  3.0  96    0    0 295 -307  0
3823500 2818500 12 23  1  -2.7  995  29  0.1 8  3.0  96    0    0 294 -307  0
3823500 2818500 12 23  2  -2.5  994  25  0.5 6  3.1  96    0    0 273 -306  0
3823500 2818500 12 23  3  -2.7  995  16  0.7 7  3.1  96    0    0 260 -306  0
3823500 2818500 12 23  4  -2.8  994  21  1.4 7  3.0  96    0    0 270 -306  0
3823500 2818500 12 23  5  -2.9  994  23  1.4 7  3.0  95    0    0 267 -305  0
3823500 2818500 12 23  6  -3.0  994  19  1.3 8  2.9  94    0    0 279 -305  0
3823500 2818500 12 23  7  -3.3  993  22  1.4 8  2.9  94    0    0 293 -306  0
3823500 2818500 12 23  8  -3.1  994  23  1.4 8  2.8  93    0    0 292 -306  0
3823500 2818500 12 23  9  -3.0  994  22  1.2 8  2.9  93    0    0 292 -307  0
3823500 2818500 12 23 10  -2.4  994  17  1.3 8  3.0  94    0   23 293 -307  0
3823500 2818500 12 23 11  -1.7  994  15  1.1 8  3.1  93    0   38 295 -307  0
3823500 2818500 12 23 12  -1.4  995  28  1.9 7  3.2  92    0   57 283 -307  0
3823500 2818500 12 23 13  -1.0  995  27  2.1 7  3.2  92    0   66 272 -306  0
3823500 2818500 12 23 14  -0.9  995  26  2.5 7  3.3  92    0   57 274 -305  0
3823500 2818500 12 23 15  -0.7  994  18  2.6 7  3.4  93    2   47 275 -305  0
3823500 2818500 12 23 16  -0.7  994  18  2.6 8  3.4  94    0   12 290 -305  0
3823500 2818500 12 23 17  -0.8  994  12  2.1 8  3.5  95    0    0 302 -305  0
3823500 2818500 12 23 18  -0.9  995  14  3.1 7  3.4  95    0    0 291 -305  0
3823500 2818500 12 23 19  -1.1  995  13  3.3 8  3.4  95    0    0 293 -305  0
3823500 2818500 12 23 20  -1.1  996  13  3.7 8  3.4  95    0    0 302 -305  0
3823500 2818500 12 23 21  -1.2  996  20  4.1 8  3.3  94    0    0 301 -305  0
3823500 2818500 12 23 22  -1.3  996  20  4.8 7  3.2  92    0    0 293 -304  0
3823500 2818500 12 23 23  -1.3  996  16  4.9 8  3.2  90    0    0 292 -304  0
3823500 2818500 12 23 24  -1.4  996  18  4.7 8  3.1  90    0    0 300 -303  0
3823500 2818500 12 24  1  -1.5  996  19  4.1 8  3.1  90    0    0 300 -303  0
3823500 2818500 12 24  2  -1.6  996  21  4.0 8  3.1  91    0    0 300 -303  0
3823500 2818500 12 24  3  -1.9  997  13  3.9 7  3.1  92    0    0 291 -302  0
3823500 2818500 12 24  4  -2.1  997  17  4.2 7  3.1  94    0    0 283 -302  0
3823500 2818500 12 24  5  -2.1  997  14  4.3 7  3.1  93    0    0 286 -302  0
3823500 2818500 12 24  6  -2.2  997  13  4.8 7  3.1  93    0    0 287 -301  0
3823500 2818500 12 24  7  -2.2  997  16  4.5 8  3.0  93    0    0 292 -301  0
3823500 2818500 12 24  8  -2.2  998  17  4.7 8  3.0  92    0    0 297 -300  0
3823500 2818500 12 24  9  -2.4  999  24  4.6 8  2.9  91    0    1 295 -300  0
3823500 2818500 12 24 10  -2.6  999  17  4.6 8  2.9  91    0   11 294 -299  0
3823500 2818500 12 24 11  -2.6 1000  20  4.2 6  2.8  90    0   45 282 -300  0
3823500 2818500 12 24 12  -2.5 1001  15  4.5 6  2.8  88    0   57 270 -301  0
3823500 2818500 12 24 13  -2.6 1001  11  4.7 7  2.8  87    0   45 275 -302  0
3823500 2818500 12 24 14  -2.9 1001  12  4.7 8  2.7  87    0   43 285 -303  0
3823500 2818500 12 24 15  -3.1 1001   7  4.0 7  2.7  86    0   40 284 -303  0
3823500 2818500 12 24 16  -3.3 1002  11  4.6 8  2.6  86    0   12 284 -302  0
3823500 2818500 12 24 17  -3.6 1002  14  4.5 8  2.5  86    0    0 289 -301  0
3823500 2818500 12 24 18  -3.7 1003  17  5.2 8  2.5  85    0    0 287 -300  0
3823500 2818500 12 24 19  -3.8 1004  13  4.2 8  2.5  85    0    0 287 -299  0
3823500 2818500 12 24 20  -3.9 1004   9  4.4 8  2.5  85    0    0 286 -299  0
3823500 2818500 12 24 21  -4.1 1005   5  3.7 8  2.4  86    0    0 285 -298  0
3823500 2818500 12 24 22  -4.4 1006   6  3.3 8  2.4  86    0    0 283 -298  0
3823500 2818500 12 24 23  -4.8 1006   2  3.8 8  2.3  86    0    0 282 -298  0
3823500 2818500 12 24 24  -5.1 1007   9  3.8 7  2.3  86    0    0 269 -298  0
3823500 2818500 12 25  1  -5.3 1008   6  3.6 8  2.2  86    0    0 269 -297  0
3823500 2818500 12 25  2  -5.6 1008 356  2.9 8  2.2  87    0    0 279 -297  0
3823500 2818500 12 25  3  -6.0 1009 356  3.5 8  2.2  87    0    0 278 -296  0
3823500 2818500 12 25  4  -6.2 1009   0  2.7 7  2.1  87    0    0 268 -295  0
3823500 2818500 12 25  5  -6.5 1010 355  1.9 7  2.1  88    0    0 258 -295  0
3823500 2818500 12 25  6  -6.6 1010 352  1.5 7  2.1  88    0    0 257 -295  0
3823500 2818500 12 25  7  -7.6 1011 337  1.2 8  2.0  90    0    0 263 -294  0
3823500 2818500 12 25  8  -8.0 1011 332  1.3 7  1.9  92    0    0 259 -294  0
3823500 2818500 12 25  9  -8.6 1011 331  1.4 6  1.9  92    0    0 234 -294  0
3823500 2818500 12 25 10  -8.8 1012 330  1.4 5  1.8  94    0   15 210 -294  0
3823500 2818500 12 25 11  -7.6 1013 327  1.0 6  1.9  93    3   55 213 -295  0
3823500 2818500 12 25 12  -6.8 1014 331  0.9 6  2.0  89   61   66 227 -296  0
3823500 2818500 12 25 13  -6.4 1014 333  0.4 5  1.9  84   76   65 214 -298  0
3823500 2818500 12 25 14  -6.4 1015 337  0.7 5  1.9  81   29   73 199 -299  0
3823500 2818500 12 25 15  -5.9 1015 325  0.4 4  1.9  80   31   46 179 -299  0
3823500 2818500 12 25 16  -6.0 1015 286  0.5 5  2.0  82    3   18 171 -299  0
3823500 2818500 12 25 17  -7.2 1015 237  0.4 5  2.0  88    0    0 182 -298  0
3823500 2818500 12 25 18  -7.6 1016 240  0.1 3  2.0  90    0    0 167 -296  0
3823500 2818500 12 25 19  -9.3 1016 232  0.1 3  1.8  91    0    0 165 -294  0
3823500 2818500 12 25 20  -9.4 1016 194  0.1 4  1.7  94    0    0 183 -293  0
3823500 2818500 12 25 21  -8.2 1017 227  0.2 4  1.8  94    0    0 202 -291  0
3823500 2818500 12 25 22  -7.5 1017 202  1.1 7  1.9  93    0    0 227 -289  0
3823500 2818500 12 25 23  -6.6 1017 199  1.1 8  2.0  92    0    0 249 -289  0
3823500 2818500 12 25 24  -6.0 1016 201  1.5 8  2.1  91    0    0 255 -288  0
3823500 2818500 12 26  1  -5.8 1016 204  2.1 7  2.2  92    0    0 250 -288  0
3823500 2818500 12 26  2  -5.0 1016 204  2.3 7  2.3  92    0    0 246 -286  0
3823500 2818500 12 26  3  -5.2 1016 206  1.7 8  2.4  94    0    0 251 -284  0
3823500 2818500 12 26  4  -4.9 1016 205  1.3 8  2.5  98    0    0 255 -281  0
3823500 2818500 12 26  5  -4.1 1015 213  1.1 8  2.7  98    0    0 257 -279  0
3823500 2818500 12 26  6  -3.4 1015 221  1.2 7  2.8  96    0    0 254 -277  0
3823500 2818500 12 26  7  -3.3 1015 214  0.9 8  2.8  96    0    0 254 -276  0
3823500 2818500 12 26  8  -2.7 1015 218  0.4 8  3.0  98    0    0 259 -274  0
3823500 2818500 12 26  9  -2.4 1015 215  0.7 8  3.1  98    0    2 259 -274  0
3823500 2818500 12 26 10  -2.3 1015 211  0.4 7  3.1  99    1   31 256 -274  0
3823500 2818500 12 26 11  -1.9 1015 237  0.7 8  3.2  99    0   50 257 -275  0
3823500 2818500 12 26 12  -1.7 1016 255  0.8 7  3.3  99    0   52 258 -277  0
3823500 2818500 12 26 13  -1.3 1016 254  1.0 8  3.3  98    0   39 259 -279  0
3823500 2818500 12 26 14  -0.8 1016 259  0.9 7  3.4  98    0   33 260 -280  0
3823500 2818500 12 26 15  -0.7 1015 248  1.8 7  3.5  97    0   32 258 -280  0
3823500 2818500 12 26 16  -0.8 1015 250  2.0 8  3.4  96    0    7 262 -279  0
3823500 2818500 12 26 17  -1.4 1015 234  2.1 7  3.4  97    0    0 261 -276  0
3823500 2818500 12 26 18  -1.1 1015 220  1.9 8  3.4  98    0    0 259 -274  0
3823500 2818500 12 26 19  -0.4 1015 234  1.8 8  3.5  98    0    0 263 -272  0
3823500 2818500 12 26 20  -0.1 1014 228  2.3 8  3.6  97    0    0 265 -271  0
3823500 2818500 12 26 21  -0.1 1014 247  2.2 7  3.7  98    0    0 260 -269  0
3823500 2818500 12 26 22   0.3 1014 260  2.0 7  3.8  99    0    0 257 -269  0
3823500 2818500 12 26 23   0.5 1014 263  2.3 7  3.9  99    0    0 259 -268  0
3823500 2818500 12 26 24   0.6 1014 278  2.5 7  3.9  99    0    0 261 -268  0
3823500 2818500 12 27  1   0.5 1014 263  2.0 8  3.8  98    0    0 263 -267  0
3823500 2818500 12 27  2   0.5 1014 277  2.2 7  3.8  97    0    0 263 -266  0
3823500 2818500 12 27  3   0.6 1014 264  1.8 8  3.8  97    0    0 262 -266  0
3823500 2818500 12 27  4   0.6 1014 246  2.2 8  3.9  98    0    0 263 -265  0
3823500 2818500 12 27  5   0.6 1013 245  2.4 8  3.9  98    0    0 258 -264  0
3823500 2818500 12 27  6   0.7 1013 252  2.4 8  3.9  97    0    0 255 -262  0
3823500 2818500 12 27  7   0.5 1013 288  2.8 8  3.8  97    0    0 252 -254  0
3823500 2818500 12 27  8   0.3 1013 246  2.5 8  3.8  97    0    0 252 -246  0
3823500 2818500 12 27  9   0.2 1013 236  2.9 8  3.7  97    0    0 250 -251  0
3823500 2818500 12 27 10   0.2 1013 232  3.5 7  3.7  96    0   13 246 -259  0
3823500 2818500 12 27 11   0.0 1013 230  4.1 8  3.6  95    0   32 246 -260  0
3823500 2818500 12 27 12   0.1 1013 234  3.8 8  3.6  95    0   44 247 -262  0
3823500 2818500 12 27 13   0.1 1013 216  3.3 8  3.6  94    0   31 247 -267  0
3823500 2818500 12 27 14  -0.1 1013 221  3.3 8  3.5  93    0   21 246 -271  0
3823500 2818500 12 27 15  -0.1 1013 209  2.3 8  3.5  92    0   15 247 -272  0
3823500 2818500 12 27 16  -0.4 1013 192  1.7 8  3.4  92    0    5 246 -271  0
3823500 2818500 12 27 17  -0.8 1012 196  2.0 8  3.3  92    0    0 246 -268  0
3823500 2818500 12 27 18  -0.9 1012 196  1.4 8  3.3  92    0    0 246 -266  0
3823500 2818500 12 27 19  -1.1 1012 188  1.1 7  3.2  92    0    0 243 -267  0
3823500 2818500 12 27 20  -1.7 1012 178  0.9 7  3.2  94    0    0 240 -267  0
3823500 2818500 12 27 21  -1.3 1012 186  1.0 7  3.2  95    0    0 240 -267  0
3823500 2818500 12 27 22  -1.2 1012 179  0.8 7  3.3  94    0    0 242 -268  0
3823500 2818500 12 27 23  -1.3 1012 181  0.6 7  3.3  95    0    0 243 -267  0
3823500 2818500 12 27 24  -0.9 1011 166  0.6 7  3.3  93    0    0 244 -267  0
3823500 2818500 12 28  1  -1.1 1011 146  0.4 8  3.3  92    0    0 250 -267  0
3823500 2818500 12 28  2  -1.0 1011 149  0.3 8  3.2  92    0    0 253 -266  0
3823500 2818500 12 28  3  -1.0 1011 122  0.2 8  3.2  90    0    0 253 -266  0
3823500 2818500 12 28  4  -1.0 1011 123  0.1 8  3.2  90    0    0 253 -266  0
3823500 2818500 12 28  5  -1.1 1011 103  0.1 8  3.1  90    0    0 254 -267  0
3823500 2818500 12 28  6  -1.0 1011 106  0.2 8  3.1  89    0    0 256 -268  0
3823500 2818500 12 28  7  -1.0 1010 105  0.3 8  3.1  88    0    0 257 -268  0
3823500 2818500 12 28  8  -1.2 1010 113  0.2 8  3.1  89    0    0 259 -268  0
3823500 2818500 12 28  9  -1.2 1010 109  0.5 8  3.1  88    0    0 259 -268  0
3823500 2818500 12 28 10  -0.8 1011  98  0.5 8  3.0  84    0   16 261 -269  0
3823500 2818500 12 28 11  -0.7 1011  89  0.7 6  2.9  81    4   63 254 -272  0
3823500 2818500 12 28 12  -0.6 1011 125  0.1 6  2.9  80   13   92 248 -276  0
3823500 2818500 12 28 13   0.0 1012 100  0.7 8  2.9  78    3   81 257 -280  0
3823500 2818500 12 28 14   0.3 1012 101  0.2 7  2.9  76   10   85 264 -284  0
3823500 2818500 12 28 15  -0.1 1012 107  0.2 6  2.9  76   21   67 258 -286  0
3823500 2818500 12 28 16  -0.8 1012 111  0.7 7  2.9  79   19   26 258 -287  0
3823500 2818500 12 28 17  -1.2 1012 100  0.2 8  2.9  82    0    0 263 -286  0
3823500 2818500 12 28 18  -1.2 1012  99  0.2 8  2.9  82    0    0 267 -285  0
3823500 2818500 12 28 19  -1.4 1012 101  0.2 6  2.8  82    0    0 259 -285  0
3823500 2818500 12 28 20  -1.8 1013 109  0.2 6  2.8  83    0    0 251 -285  0
3823500 2818500 12 28 21  -2.2 1014 110  0.3 6  2.7  84    0    0 249 -285  0
3823500 2818500 12 28 22  -2.6 1013 100  0.2 6  2.7  86    0    0 248 -284  0
3823500 2818500 12 28 23  -3.3 1014 100  0.2 6  2.7  87    0    0 246 -284  0
3823500 2818500 12 28 24  -3.0 1014 104  0.2 7  2.6  88    0    0 247 -284  0
3823500 2818500 12 29  1  -3.1 1014 106  0.2 7  2.6  87    0    0 250 -284  0
3823500 2818500 12 29  2  -3.7 1014  97  0.2 7  2.6  87    0    0 248 -285  0
3823500 2818500 12 29  3  -3.9 1014  99  0.4 8  2.5  87    0    0 250 -285  0
3823500 2818500 12 29  4  -4.1 1015  90  0.3 7  2.5  87    0    0 249 -285  0
3823500 2818500 12 29  5  -4.2 1015 102  0.4 7  2.4  88    0    0 246 -285  0
3823500 2818500 12 29  6  -5.1 1014  99  0.2 6  2.4  88    0    0 240 -285  0
3823500 2818500 12 29  7  -5.2 1014  89  0.2 7  2.3  89    0    0 238 -284  0
3823500 2818500 12 29  8  -5.1 1014 105  0.1 7  2.3  88    0    0 241 -284  0
3823500 2818500 12 29  9  -4.9 1015  89  0.2 7  2.3  86    0    1 240 -283  0
3823500 2818500 12 29 10  -5.2 1015  87  0.2 8  2.2  86   11   40 243 -282  0
3823500 2818500 12 29 11  -5.0 1015  76  0.2 3  2.2  85   78   80 228 -282  0
3823500 2818500 12 29 12  -3.4 1016 104  0.2 7  2.3  81   12   92 226 -283  0
3823500 2818500 12 29 13  -2.4 1015  94  0.2 8  2.4  78    0   38 246 -284  0
3823500 2818500 12 29 14  -2.4 1015  99  0.1 6  2.5  78   19   94 243 -284  0
3823500 2818500 12 29 15  -2.6 1015  88  0.1 4  2.5  79   30   71 228 -284  0
3823500 2818500 12 29 16  -3.2 1015  74  0.2 5  2.4  78    7   26 222 -282  0
3823500 2818500 12 29 17  -4.1 1015  71  0.2 5  2.3  79    0    0 225 -280  0
3823500 2818500 12 29 18  -5.3 1015  66  0.1 4  2.2  83    0    0 220 -277  0
3823500 2818500 12 29 19  -6.4 1016  78  0.1 2  2.1  86    0    0 208 -275  0
3823500 2818500 12 29 20  -6.9 1015 114  0.1 2  2.0  89    0    0 201 -274  0
3823500 2818500 12 29 21  -8.2 1015  72  0.1 1  2.0  92    0    0 197 -273  0
3823500 2818500 12 29 22  -8.2 1015  33  0.1 1  1.9  93    0    0 192 -272  0
3823500 2818500 12 29 23  -8.4 1016  65  0.1 1  1.9  92    0    0 193 -271  0
3823500 2818500 12 29 24  -8.8 1016 100  0.1 0  1.8  91    0    0 189 -271  0
3823500 2818500 12 30  1  -9.8 1016  12  0.1 2  1.7  92    0    0 190 -270  0
3823500 2818500 12 30  2  -9.6 1016  95  0.1 2  1.7  92    0    0 195 -269  0
3823500 2818500 12 30  3  -9.9 1016 104  0.1 2  1.7  92    0    0 194 -268  0
3823500 2818500 12 30  4 -10.2 1016  64  0.0 3  1.6  91    0    0 196 -267  0
3823500 2818500 12 30  5  -9.9 1016 118  0.1 4  1.6  93    0    0 203 -266  0
3823500 2818500 12 30  6  -9.1 1016 133  0.1 5  1.8  95    0    0 211 -265  0
3823500 2818500 12 30  7  -8.8 1016 153  0.1 8  1.8  95    0    0 223 -265  0
3823500 2818500 12 30  8  -8.7 1016  40  0.0 8  1.9  95    0    0 233 -264  0
3823500 2818500 12 30  9  -8.2 1016 113  0.1 7  1.9  94    0    2 230 -263  0
3823500 2818500 12 30 10  -7.8 1017 188  0.0 7  1.9  92    0   29 229 -263  0
3823500 2818500 12 30 11  -7.0 1017 162  0.1 7  2.0  93    0   50 229 -264  0
3823500 2818500 12 30 12  -5.8 1017 187  0.1 6  2.2  93    8   90 230 -267  0
3823500 2818500 12 30 13  -4.7 1018 285  0.1 8  2.4  93    3   85 238 -269  0
3823500 2818500 12 30 14  -4.3 1017 187  0.1 7  2.6  94   10   90 246 -271  0
3823500 2818500 12 30 15  -3.5 1017 190  0.1 6  2.7  96    2   54 242 -271  0
3823500 2818500 12 30 16  -3.7 1016 245  0.1 7  2.7  95    0   13 241 -270  0
3823500 2818500 12 30 17  -3.8 1017 270  0.1 8  2.7  95    0    0 246 -267  0
3823500 2818500 12 30 18  -3.1 1017 197  0.3 8  2.8  94    0    0 250 -264  0
3823500 2818500 12 30 19  -2.9 1017 190  0.3 7  2.9  95    0    0 249 -263  0
3823500 2818500 12 30 20  -2.5 1016 213  0.4 8  3.0  96    0    0 253 -263  0
3823500 2818500 12 30 21  -2.3 1016 201  0.2 8  3.0  95    0    0 259 -262  0
3823500 2818500 12 30 22  -2.1 1016 225  0.5 8  3.1  96    0    0 262 -262  0
3823500 2818500 12 30 23  -1.8 1016 212  0.7 8  3.2  97    0    0 265 -262  0
3823500 2818500 12 30 24  -1.6 1016 209  1.1 8  3.2  97    0    0 268 -262  0
3823500 2818500 12 31  1  -1.3 1016 210  1.6 8  3.3  98    0    0 271 -263  0
3823500 2818500 12 31  2  -1.2 1016 206  1.9 7  3.4  99    0    0 270 -263  0
3823500 2818500 12 31  3  -0.8 1015 237  1.7 7  3.5  99    0    0 269 -262  0
3823500 2818500 12 31  4  -0.5 1015 239  2.0 7  3.6  99    0    0 274 -262  0
3823500 2818500 12 31  5  -0.4 1015 262  2.1 8  3.6  99    0    0 281 -263  0
3823500 2818500 12 31  6   0.0 1015 244  2.3 8  3.7 100    0    0 289 -265  0
3823500 2818500 12 31  7   0.0 1015 244  2.4 8  3.8  99    0    0 291 -268  0
3823500 2818500 12 31  8   0.2 1015 253  2.1 8  3.8  99    0    0 291 -273  0
3823500 2818500 12 31  9   0.1 1015 261  2.2 7  3.8 100    0    1 287 -276  0
3823500 2818500 12 31 10   0.2 1016 251  2.3 8  3.8 100    5   25 288 -278  0
3823500 2818500 12 31 11   0.2 1016 254  2.2 8  3.8 100    0   35 294 -280  0
3823500 2818500 12 31 12   0.2 1016 248  2.2 8  3.8 100    0   39 296 -285  0
3823500 2818500 12 31 13   0.3 1016 246  1.9 7  3.9 100    0   44 293 -290  0
3823500 2818500 12 31 14   0.5 1016 248  1.1 7  3.9 100    0   47 289 -294  0
3823500 2818500 12 31 15   0.6 1016 238  1.3 8  3.9 100    0   35 297 -296  0
3823500 2818500 12 31 16   0.4 1016 252  1.0 7  3.9 100    0   15 297 -297  0
3823500 2818500 12 31 17   0.3 1016 234  1.2 8  3.9 100    0    0 296 -296  0
3823500 2818500 12 31 18   0.4 1016 224  1.0 7  3.9 100    0    0 296 -296  0
3823500 2818500 12 31 19   0.5 1016 228  1.5 8  3.9 100    0    0 295 -296  0
3823500 2818500 12 31 20   0.5 1015 228  1.9 8  3.9  99    0    0 298 -298  0
3823500 2818500 12 31 21   0.3 1015 239  1.6 8  3.9 100    0    0 297 -299  0
3823500 2818500 12 31 22   0.3 1015 246  1.6 8  3.9 100    0    0 296 -297  0
3823500 2818500 12 31 23   0.5 1015 230  1.0 8  3.9 100    0    0 297 -295  0
3823500 2818500 12 31 24   0.8 1014 241  1.3 8  3.9  99    0    0 298 -295  0
