Koordinatensystem : Lambert konform konisch
Rechtswert        : 3823500 Meter
Hochwert          : 2818500 Meter
Hoehenlage        : 73 Meter ueber NN
Erstellung des Datensatzes im Mai 2016

Art des TRY       : mittleres Jahr
Bezugszeitraum    : 2031-2060
Datenbasis 1      : Beobachtungsdaten Zeitraum 1995-2012
Datenbasis 2      : Klimasimulationen Zeitraum 1971-2000 (Basis RCP-historical / CORDEX-Europa Laeufe)
Datenbasis 3      : Klimasimulationen Zeitraum 2031-2060 (Basis RCP-4.5 und RCP-8.5 / CORDEX-Europa Laeufe)

Format: (i7,1x,i7,1x,i2,1x,i2,1x,i2,1x,f5.1,1x,i4,1x,3i,1x,f4.1,1x,i1,1x,f4.1,1x,i3,1x,i4,1x,i4,1x,i3,1x,i4,2x,i1)

Reihenfolge der Parameter:
RW Rechtswert                                                    [m]       {3670500;3671500..4389500}
HW Hochwert                                                      [m]       {2242500;2243500..3179500}
MM Monat                                                                   {1..12}
DD Tag                                                                     {1..28,30,31}
HH Stunde (MEZ)                                                            {1..24}
t  Lufttemperatur in 2m Hoehe ueber Grund                        [GradC]
p  Luftdruck in Standorthoehe                                    [hPa]
WR Windrichtung in 10 m Hoehe ueber Grund                        [Grad]    {0..360;999}
WG Windgeschwindigkeit in 10 m Hoehe ueber Grund                 [m/s]
N  Bedeckungsgrad                                                [Achtel]  {0..8;9}
x  Wasserdampfgehalt, Mischungsverhaeltnis                       [g/kg]
RF Relative Feuchte in 2 m Hoehe ueber Grund                     [Prozent] {1..100}
B  Direkte Sonnenbestrahlungsstaerke (horiz. Ebene)              [W/m^2]   abwaerts gerichtet: positiv
D  Diffuse Sonnenbetrahlungsstaerke (horiz. Ebene)               [W/m^2]   abwaerts gerichtet: positiv
A  Bestrahlungsstaerke d. atm. Waermestrahlung (horiz. Ebene)    [W/m^2]   abwaerts gerichtet: positiv
E  Bestrahlungsstaerke d. terr. Waermestrahlung                  [W/m^2]   aufwaerts gerichtet: negativ
IL Qualitaetsbit bezueglich der Auswahlkriterien                           {0;1;2;3;4}


     RW      HW MM DD HH     t    p  WR   WG N    x  RF    B    D   A    E IL
*** 
3823500 2818500  1  1  1   5.9 1000 176  1.7 7  6.0  97    0    0 357 -358  1
3823500 2818500  1  1  2   8.4 1000 204  2.2 8  6.9  96    0    0 357 -359  1
3823500 2818500  1  1  3  10.4 1000 224  2.8 8  7.5  95    0    0 359 -361  1
3823500 2818500  1  1  4  10.5 1000 223  3.0 8  7.6  95    0    0 360 -362  1
3823500 2818500  1  1  5  10.7 1000 223  3.1 8  7.7  95    0    0 362 -363  1
3823500 2818500  1  1  6  10.9 1000 221  3.4 8  7.8  95    0    0 361 -365  1
3823500 2818500  1  1  7  11.0  999 221  3.0 8  7.9  95    0    0 363 -366  1
3823500 2818500  1  1  8  11.2  999 220  3.7 8  7.9  94    0    0 364 -367  1
3823500 2818500  1  1  9  11.3 1000 223  3.2 8  7.9  94    0    1 364 -368  1
3823500 2818500  1  1 10  11.4 1000 232  3.2 8  8.0  94    0   11 365 -369  1
3823500 2818500  1  1 11  11.7 1000 236  3.2 8  8.1  94    0   22 367 -370  1
3823500 2818500  1  1 12  11.8 1001 234  2.9 8  8.2  94    0   22 368 -371  1
3823500 2818500  1  1 13  11.8 1001 225  2.6 7  8.3  94    0   44 358 -371  1
3823500 2818500  1  1 14  12.1 1000 228  2.5 7  8.3  94    1   64 350 -371  1
3823500 2818500  1  1 15  12.0 1000 216  2.3 8  8.3  94    0   28 360 -371  1
3823500 2818500  1  1 16  11.9  999 202  2.8 8  8.4  94    0    7 370 -372  1
3823500 2818500  1  1 17  11.9  999 196  1.8 8  8.4  95    0    0 370 -372  1
3823500 2818500  1  1 18  12.1  998 198  3.2 8  8.4  95    0    0 369 -372  1
3823500 2818500  1  1 19  11.9  998 197  4.1 8  8.5  96    0    0 369 -373  1
3823500 2818500  1  1 20  12.1  997 199  4.8 8  8.5  95    0    0 368 -373  1
3823500 2818500  1  1 21  12.2  996 195  4.5 8  8.3  93    0    0 367 -373  1
3823500 2818500  1  1 22  12.8  995 199  5.7 8  8.3  90    0    0 367 -373  1
3823500 2818500  1  1 23  13.1  993 202  5.1 8  8.2  86    0    0 369 -372  1
3823500 2818500  1  1 24  13.0  993 209  6.4 8  8.2  86    0    0 369 -371  1
3823500 2818500  1  2  1  11.8  992 230  4.6 8  8.2  89    0    0 367 -370  1
3823500 2818500  1  2  2  11.1  992 242  4.0 8  8.0  93    0    0 364 -370  1
3823500 2818500  1  2  3  10.2  993 248  2.5 8  7.6  93    0    0 361 -369  1
3823500 2818500  1  2  4  10.0  994 240  3.0 8  7.3  93    0    0 358 -368  1
3823500 2818500  1  2  5   9.7  995 269  2.4 8  7.1  92    0    0 355 -367  1
3823500 2818500  1  2  6   9.5  994 219  1.8 8  7.1  93    0    0 353 -364  1
3823500 2818500  1  2  7   9.1  994 232  1.8 8  7.0  94    0    0 349 -360  1
3823500 2818500  1  2  8   8.7  995 241  2.0 8  6.8  94    0    0 345 -359  1
3823500 2818500  1  2  9   8.5  995 246  2.3 8  6.6  94    0    1 341 -357  1
3823500 2818500  1  2 10   8.1  996 254  1.9 8  6.4  92    2   29 337 -355  1
3823500 2818500  1  2 11   7.9  997 224  2.4 7  6.2  91    9   64 321 -355  1
3823500 2818500  1  2 12   7.8  997 235  2.9 7  6.0  90   14   88 310 -355  1
3823500 2818500  1  2 13   7.9  998 252  2.9 6  5.9  88   26   96 302 -354  1
3823500 2818500  1  2 14   8.0  998 248  3.3 7  5.8  86   15   85 304 -352  1
3823500 2818500  1  2 15   7.9  999 238  3.2 6  5.7  84   10   63 306 -351  1
3823500 2818500  1  2 16   7.6  999 234  2.9 7  5.6  84    2   24 304 -349  1
3823500 2818500  1  2 17   7.4 1000 234  2.9 7  5.4  82    0    0 306 -346  1
3823500 2818500  1  2 18   7.0 1001 234  2.7 6  5.2  82    0    0 297 -346  1
3823500 2818500  1  2 19   6.4 1002 242  4.1 4  5.0  81    0    0 278 -345  1
3823500 2818500  1  2 20   5.5 1003 239  3.7 2  4.7  81    0    0 254 -343  1
3823500 2818500  1  2 21   5.0 1004 241  3.0 2  4.6  82    0    0 243 -342  1
3823500 2818500  1  2 22   4.4 1005 231  2.9 2  4.4  83    0    0 243 -342  1
3823500 2818500  1  2 23   4.2 1006 219  2.6 1  4.4  84    0    0 240 -341  1
3823500 2818500  1  2 24   3.9 1006 223  2.5 0  4.3  84    0    0 231 -339  1
3823500 2818500  1  3  1   3.8 1006 210  2.7 1  4.3  85    0    0 228 -337  1
3823500 2818500  1  3  2   3.8 1006 209  3.2 1  4.3  86    0    0 231 -333  1
3823500 2818500  1  3  3   3.9 1006 209  3.5 1  4.4  87    0    0 228 -330  1
3823500 2818500  1  3  4   4.2 1007 203  3.6 3  4.4  86    0    0 236 -328  1
3823500 2818500  1  3  5   4.4 1006 201  4.3 5  4.4  85    0    0 257 -330  1
3823500 2818500  1  3  6   4.6 1006 203  4.9 6  4.4  84    0    0 276 -332  1
3823500 2818500  1  3  7   4.9 1005 196  4.9 5  4.5  83    0    0 282 -333  1
3823500 2818500  1  3  8   5.5 1004 194  5.6 6  4.4  80    0    0 286 -333  1
3823500 2818500  1  3  9   6.1 1002 195  6.3 7  4.4  76    0    0 302 -334  1
3823500 2818500  1  3 10   5.8 1001 200  7.2 8  4.6  78    0    6 315 -336  1
3823500 2818500  1  3 11   6.2  999 194  8.1 7  4.9  84    0   20 319 -338  1
3823500 2818500  1  3 12   7.8  997 207  8.5 8  5.3  84    0   25 325 -341  1
3823500 2818500  1  3 13   9.0  995 211  8.8 8  5.5  79    0   29 337 -343  1
3823500 2818500  1  3 14   9.4  993 212  7.4 7  5.7  77    0   30 337 -346  1
3823500 2818500  1  3 15   9.3  992 204  7.6 8  6.0  80    0   23 341 -348  1
3823500 2818500  1  3 16   9.8  991 200  8.4 8  6.2  82    0    7 350 -350  1
3823500 2818500  1  3 17   9.8  989 205  7.2 8  6.5  84    0    0 352 -352  1
3823500 2818500  1  3 18   9.4  988 233  6.0 8  6.7  88    0    0 352 -355  1
3823500 2818500  1  3 19   8.3  989 253  6.8 7  6.2  86    0    0 342 -356  1
3823500 2818500  1  3 20   7.9  990 244  5.6 5  5.6  81    0    0 320 -355  1
3823500 2818500  1  3 21   7.5  992 259  7.5 4  5.2  78    0    0 296 -353  1
3823500 2818500  1  3 22   7.0  993 250  7.4 5  4.7  73    0    0 294 -348  1
3823500 2818500  1  3 23   6.5  994 248  5.1 2  4.3  70    0    0 276 -343  1
3823500 2818500  1  3 24   6.1  995 243  5.2 1  4.2  70    0    0 248 -337  1
3823500 2818500  1  4  1   6.0  996 242  4.7 1  4.1  70    0    0 242 -332  1
3823500 2818500  1  4  2   5.8  996 242  4.3 1  4.1  70    0    0 241 -331  1
3823500 2818500  1  4  3   5.7  996 235  4.4 0  4.1  71    0    0 234 -330  1
3823500 2818500  1  4  4   5.5  996 232  4.2 1  4.2  72    0    0 233 -330  1
3823500 2818500  1  4  5   5.2  996 232  4.0 3  4.2  75    0    0 251 -330  1
3823500 2818500  1  4  6   5.0  996 230  4.3 5  4.3  77    0    0 271 -332  1
3823500 2818500  1  4  7   4.5  996 243  4.8 6  4.5  84    0    0 285 -332  1
3823500 2818500  1  4  8   4.4  997 250  3.8 7  4.8  90    0    0 294 -332  1
3823500 2818500  1  4  9   4.7  999 259  4.2 7  4.7  89    0    4 299 -332  1
3823500 2818500  1  4 10   4.9 1000 256  4.1 6  4.7  86    6   39 295 -332  1
3823500 2818500  1  4 11   5.6 1002 253  4.9 3  4.7  83   43   86 276 -333  1
3823500 2818500  1  4 12   6.0 1003 256  5.5 3  4.7  81   53  113 260 -335  1
3823500 2818500  1  4 13   6.2 1004 259  4.5 3  4.7  80   56  122 260 -336  1
3823500 2818500  1  4 14   6.4 1004 250  4.8 5  4.7  78   30  105 269 -338  1
3823500 2818500  1  4 15   6.7 1004 249  5.3 7  4.6  75    4   61 286 -339  1
3823500 2818500  1  4 16   6.5 1004 244  4.6 7  4.5  74    0   19 293 -339  1
3823500 2818500  1  4 17   6.3 1004 241  4.7 7  4.5  74    0    0 291 -337  1
3823500 2818500  1  4 18   6.4 1004 237  4.7 7  4.5  76    0    0 293 -335  1
3823500 2818500  1  4 19   6.3 1003 231  5.0 7  4.6  77    0    0 299 -334  1
3823500 2818500  1  4 20   6.2 1002 228  5.8 7  4.6  77    0    0 302 -335  1
3823500 2818500  1  4 21   6.1 1000 230  5.6 8  4.7  78    0    0 312 -337  1
3823500 2818500  1  4 22   6.1  998 223  6.4 8  4.8  82    0    0 323 -337  1
3823500 2818500  1  4 23   6.0  996 223  6.8 8  5.1  87    0    0 327 -337  1
3823500 2818500  1  4 24   6.5  993 228  7.5 8  5.4  89    0    0 333 -338  1
3823500 2818500  1  5  1   6.9  990 237  8.1 8  5.5  88    0    0 338 -339  1
3823500 2818500  1  5  2   6.9  988 236  7.8 8  5.6  89    0    0 342 -340  1
3823500 2818500  1  5  3   7.3  986 237  7.4 8  5.7  89    0    0 344 -341  1
3823500 2818500  1  5  4   7.6  984 242  8.2 8  5.9  89    0    0 346 -343  1
3823500 2818500  1  5  5   7.8  982 244  8.8 8  6.1  90    0    0 346 -344  1
3823500 2818500  1  5  6   5.9  980 246  8.3 8  5.7  90    0    0 343 -346  1
3823500 2818500  1  5  7   5.1  979 267  5.3 8  5.1  88    0    0 337 -347  1
3823500 2818500  1  5  8   6.1  978 267  4.6 7  4.9  83    0    0 330 -347  1
3823500 2818500  1  5  9   6.3  978 261  5.0 6  4.9  80    0    6 318 -346  1
3823500 2818500  1  5 10   7.2  977 257  4.7 6  5.0  79    0   28 311 -345  1
3823500 2818500  1  5 11   6.8  977 267  5.3 6  5.1  78   14   59 309 -345  1
3823500 2818500  1  5 12   7.4  976 276  8.6 8  5.0  76    0   26 321 -346  1
3823500 2818500  1  5 13   7.1  976 282  7.6 5  4.8  74   18   86 316 -347  1
3823500 2818500  1  5 14   7.2  976 285  7.5 6  4.7  72    9   74 304 -347  1
3823500 2818500  1  5 15   6.9  977 281  6.8 8  4.7  72    0   31 319 -346  1
3823500 2818500  1  5 16   5.1  978 290  5.7 7  4.7  79   13   23 322 -344  1
3823500 2818500  1  5 17   5.3  980 280  4.9 6  4.6  81    0    0 307 -341  1
3823500 2818500  1  5 18   5.4  982 287  4.2 5  4.4  77    0    0 295 -340  1
3823500 2818500  1  5 19   5.4  983 299  3.6 5  4.4  76    0    0 286 -339  1
3823500 2818500  1  5 20   5.2  985 293  4.6 5  4.3  75    0    0 286 -336  1
3823500 2818500  1  5 21   4.9  987 291  4.0 5  4.0  72    0    0 284 -334  1
3823500 2818500  1  5 22   4.6  988 292  4.9 5  3.8  70    0    0 281 -333  1
3823500 2818500  1  5 23   4.1  989 284  4.8 4  3.8  72    0    0 272 -333  1
3823500 2818500  1  5 24   4.2  990 293  4.9 4  3.9  75    0    0 264 -332  1
3823500 2818500  1  6  1   4.3  991 284  5.7 6  4.1  79    0    0 273 -330  1
3823500 2818500  1  6  2   4.8  992 284  5.8 7  4.4  82    0    0 288 -327  1
3823500 2818500  1  6  3   5.3  993 291  5.1 7  4.5  81    0    0 296 -325  1
3823500 2818500  1  6  4   5.4  994 286  5.1 7  4.6  80    0    0 300 -324  1
3823500 2818500  1  6  5   5.6  995 293  5.8 7  4.7  82    0    0 306 -323  1
3823500 2818500  1  6  6   6.0  997 305  5.8 8  4.9  84    0    0 317 -325  1
3823500 2818500  1  6  7   5.8  998 299  4.9 7  4.9  83    0    0 319 -328  1
3823500 2818500  1  6  8   5.6  999 310  4.4 7  4.8  83    0    0 311 -329  1
3823500 2818500  1  6  9   5.5 1001 314  4.8 7  4.8  83    0    5 309 -329  1
3823500 2818500  1  6 10   5.1 1003 298  3.9 5  4.8  85    2   29 297 -328  1
3823500 2818500  1  6 11   5.8 1004 301  3.7 4  4.9  86   34   68 282 -328  1
3823500 2818500  1  6 12   6.6 1006 306  3.4 5  5.0  84   14   87 285 -329  1
3823500 2818500  1  6 13   7.1 1007 306  3.7 5  5.0  81   33   98 292 -332  1
3823500 2818500  1  6 14   7.0 1007 312  4.1 4  4.9  79  111   74 284 -335  1
3823500 2818500  1  6 15   7.1 1008 315  3.2 3  4.8  77   86   54 268 -336  1
3823500 2818500  1  6 16   7.2 1009 302  3.1 5  4.8  76   13   29 269 -334  1
3823500 2818500  1  6 17   6.2 1010 288  2.1 5  4.8  79    0    0 270 -331  1
3823500 2818500  1  6 18   5.9 1010 275  2.7 5  4.9  83    0    0 267 -328  1
3823500 2818500  1  6 19   5.6 1011 271  2.5 7  4.9  86    0    0 273 -327  1
3823500 2818500  1  6 20   5.6 1011 262  2.6 6  4.9  87    0    0 276 -328  1
3823500 2818500  1  6 21   5.7 1012 250  2.4 7  5.0  88    0    0 276 -328  1
3823500 2818500  1  6 22   5.6 1012 245  2.9 7  4.9  87    0    0 284 -328  1
3823500 2818500  1  6 23   5.4 1012 240  3.1 7  4.8  85    0    0 287 -327  1
3823500 2818500  1  6 24   5.0 1011 240  4.2 8  4.6  83    0    0 298 -325  1
3823500 2818500  1  7  1   4.4 1010 232  4.5 7  4.4  82    0    0 304 -326  1
3823500 2818500  1  7  2   4.5 1009 226  4.4 7  4.3  83    0    0 306 -329  1
3823500 2818500  1  7  3   4.7 1008 219  3.6 8  4.4  83    0    0 317 -330  1
3823500 2818500  1  7  4   4.5 1007 222  4.2 8  4.6  86    0    0 327 -332  1
3823500 2818500  1  7  5   4.4 1006 226  4.3 8  4.8  92    0    0 331 -335  1
3823500 2818500  1  7  6   5.0 1005 228  4.3 8  5.0  94    0    0 334 -338  1
3823500 2818500  1  7  7   5.7 1003 229  4.4 8  5.3  95    0    0 338 -341  1
3823500 2818500  1  7  8   6.4 1002 240  4.1 8  5.6  95    0    0 341 -344  1
3823500 2818500  1  7  9   7.1 1002 248  3.8 8  5.9  95    0    4 344 -347  1
3823500 2818500  1  7 10   7.8 1002 271  4.0 8  5.9  91    9   32 347 -349  1
3823500 2818500  1  7 11   8.0 1002 276  4.6 6  5.7  85   11   65 334 -350  1
3823500 2818500  1  7 12   7.6 1002 282  5.5 8  5.5  82    0   49 332 -350  1
3823500 2818500  1  7 13   7.6 1002 273  5.0 8  5.3  81    0   35 343 -351  1
3823500 2818500  1  7 14   7.5 1003 285  4.3 7  5.2  80    0   35 333 -351  1
3823500 2818500  1  7 15   7.4 1003 266  4.3 7  5.2  80    0   27 323 -349  1
3823500 2818500  1  7 16   6.5 1003 284  4.0 7  5.2  83    0   21 321 -347  1
3823500 2818500  1  7 17   5.7 1004 284  4.1 7  5.1  86    0    0 316 -344  1
3823500 2818500  1  7 18   6.1 1005 288  3.8 7  5.0  86    0    0 313 -342  1
3823500 2818500  1  7 19   6.0 1005 278  3.8 5  4.9  83    0    0 300 -341  1
3823500 2818500  1  7 20   6.0 1006 275  3.5 6  4.8  82    0    0 291 -339  1
3823500 2818500  1  7 21   6.2 1007 270  3.4 6  4.8  82    0    0 297 -337  1
3823500 2818500  1  7 22   6.0 1007 274  4.0 6  4.8  82    0    0 296 -336  1
3823500 2818500  1  7 23   6.0 1007 262  3.8 6  4.8  83    0    0 295 -336  1
3823500 2818500  1  7 24   6.0 1007 265  3.8 7  4.9  83    0    0 301 -336  1
3823500 2818500  1  8  1   6.2 1007 267  3.0 8  5.0  84    0    0 314 -336  1
3823500 2818500  1  8  2   6.3 1007 264  3.1 8  5.1  85    0    0 320 -337  1
3823500 2818500  1  8  3   6.2 1007 263  2.5 7  5.1  86    0    0 314 -337  1
3823500 2818500  1  8  4   6.4 1007 265  3.2 7  5.1  86    0    0 309 -337  1
3823500 2818500  1  8  5   6.4 1007 270  3.3 7  5.1  85    0    0 310 -337  1
3823500 2818500  1  8  6   6.5 1007 268  3.3 7  5.1  84    0    0 312 -337  1
3823500 2818500  1  8  7   6.4 1007 274  3.7 7  5.1  85    0    0 313 -336  1
3823500 2818500  1  8  8   6.4 1007 277  3.4 7  5.1  85    0    0 315 -336  1
3823500 2818500  1  8  9   6.1 1008 270  3.9 7  5.1  86    0    1 316 -335  1
3823500 2818500  1  8 10   6.5 1008 267  3.6 7  5.1  86    0   22 317 -335  1
3823500 2818500  1  8 11   6.7 1008 282  4.0 8  5.1  84    0   37 324 -336  1
3823500 2818500  1  8 12   6.7 1009 278  3.8 8  5.1  83    0   44 330 -339  1
3823500 2818500  1  8 13   6.8 1009 282  4.1 7  5.1  84    0   70 324 -342  1
3823500 2818500  1  8 14   7.0 1010 289  3.4 6  5.2  84   15   82 314 -345  1
3823500 2818500  1  8 15   6.8 1010 293  3.9 6  5.2  84   16   62 308 -346  1
3823500 2818500  1  8 16   6.2 1010 291  2.5 7  5.2  86   21   30 312 -345  1
3823500 2818500  1  8 17   5.9 1011 296  2.2 6  5.1  88    0    0 309 -343  1
3823500 2818500  1  8 18   6.0 1012 295  1.6 6  5.1  88    0    0 304 -340  1
3823500 2818500  1  8 19   6.0 1013 279  1.4 7  5.2  90    0    0 310 -337  1
3823500 2818500  1  8 20   5.7 1013 287  1.9 7  5.2  91    0    0 316 -334  1
3823500 2818500  1  8 21   5.7 1014 293  1.8 7  5.2  92    0    0 316 -332  1
3823500 2818500  1  8 22   5.8 1015 278  1.7 8  5.3  92    0    0 320 -330  1
3823500 2818500  1  8 23   5.8 1015 282  1.6 8  5.3  92    0    0 323 -328  1
3823500 2818500  1  8 24   5.7 1016 274  1.2 7  5.3  92    0    0 318 -327  1
3823500 2818500  1  9  1   5.6 1016 274  1.4 7  5.2  92    0    0 314 -326  1
3823500 2818500  1  9  2   5.8 1016 273  1.7 7  5.2  92    0    0 315 -326  1
3823500 2818500  1  9  3   5.6 1016 254  1.5 7  5.3  93    0    0 316 -327  1
3823500 2818500  1  9  4   5.8 1017 244  1.8 7  5.3  93    0    0 314 -330  1
3823500 2818500  1  9  5   5.8 1017 243  2.2 7  5.3  92    0    0 313 -333  1
3823500 2818500  1  9  6   5.7 1016 233  2.4 7  5.3  93    0    0 315 -334  1
3823500 2818500  1  9  7   5.7 1016 214  1.9 8  5.3  94    0    0 321 -335  1
3823500 2818500  1  9  8   5.8 1015 216  2.4 8  5.4  95    0    0 326 -337  1
3823500 2818500  1  9  9   6.1 1015 232  2.4 8  5.6  96    0    5 326 -339  1
3823500 2818500  1  9 10   6.6 1015 242  2.5 8  5.7  96    0   21 328 -341  1
3823500 2818500  1  9 11   7.1 1016 259  2.5 8  5.9  95    0   21 331 -344  1
3823500 2818500  1  9 12   7.9 1016 267  2.8 7  6.1  94    0   72 331 -347  1
3823500 2818500  1  9 13   8.5 1016 249  3.1 6  6.2  92    3   91 323 -351  1
3823500 2818500  1  9 14   8.8 1016 253  3.1 6  6.2  89    3   82 319 -352  1
3823500 2818500  1  9 15   8.6 1015 252  3.0 7  6.1  88    0   32 324 -352  1
3823500 2818500  1  9 16   8.4 1016 251  2.9 8  6.0  87    0    7 337 -351  1
3823500 2818500  1  9 17   8.3 1016 249  3.4 7  5.9  87    0    0 339 -350  1
3823500 2818500  1  9 18   8.4 1016 259  3.4 8  5.8  86    0    0 341 -350  1
3823500 2818500  1  9 19   7.8 1016 262  3.1 8  5.9  88    0    0 347 -350  1
3823500 2818500  1  9 20   7.6 1017 265  3.3 8  6.1  93    0    0 347 -350  1
3823500 2818500  1  9 21   7.8 1017 269  3.5 8  6.2  94    0    0 348 -351  1
3823500 2818500  1  9 22   7.9 1018 285  3.0 8  6.1  93    0    0 350 -351  1
3823500 2818500  1  9 23   7.9 1018 290  2.4 7  6.0  90    0    0 345 -352  1
3823500 2818500  1  9 24   7.5 1019 288  2.7 8  5.9  90    0    0 344 -352  1
3823500 2818500  1 10  1   7.0 1019 274  2.3 8  5.7  91    0    0 349 -352  1
3823500 2818500  1 10  2   6.9 1020 289  1.5 7  5.6  91    0    0 339 -352  1
3823500 2818500  1 10  3   6.4 1020 284  2.0 8  5.5  92    0    0 336 -352  1
3823500 2818500  1 10  4   5.8 1021 277  1.6 7  5.4  93    0    0 332 -351  1
3823500 2818500  1 10  5   4.8 1022 261  1.5 5  5.2  94    0    0 306 -351  1
3823500 2818500  1 10  6   4.7 1022 260  1.4 5  5.0  95    0    0 288 -349  1
3823500 2818500  1 10  7   4.1 1022 260  1.0 4  5.0  96    0    0 280 -347  1
3823500 2818500  1 10  8   4.5 1022 264  1.5 5  5.0  98    0    0 279 -344  1
3823500 2818500  1 10  9   4.5 1023 261  1.6 7  5.0  97    0    2 298 -340  1
3823500 2818500  1 10 10   4.7 1023 244  1.4 7  5.0  95    2   35 310 -339  1
3823500 2818500  1 10 11   5.0 1024 243  1.3 7  5.0  94   11   74 310 -340  1
3823500 2818500  1 10 12   5.1 1024 227  1.6 7  5.1  95    1   75 311 -346  1
3823500 2818500  1 10 13   5.7 1024 244  2.4 8  5.2  95    0   54 318 -351  1
3823500 2818500  1 10 14   6.2 1023 254  1.7 8  5.4  94    0   40 325 -353  1
3823500 2818500  1 10 15   6.8 1023 234  2.0 7  5.5  91    8   67 321 -354  1
3823500 2818500  1 10 16   6.9 1023 232  1.6 7  5.4  89   11   37 317 -355  1
3823500 2818500  1 10 17   6.8 1023 202  1.0 7  5.4  88    0    1 317 -354  1
3823500 2818500  1 10 18   7.2 1023 206  1.6 7  5.3  86    0    0 318 -353  1
3823500 2818500  1 10 19   7.4 1023 208  1.3 8  5.2  83    0    0 323 -353  1
3823500 2818500  1 10 20   7.8 1023 217  2.0 8  5.3  82    0    0 330 -354  1
3823500 2818500  1 10 21   7.8 1023 223  1.9 8  5.3  82    0    0 332 -354  1
3823500 2818500  1 10 22   7.9 1023 231  2.1 8  5.5  83    0    0 334 -355  1
3823500 2818500  1 10 23   8.1 1023 235  2.1 8  5.5  84    0    0 337 -356  1
3823500 2818500  1 10 24   8.0 1022 235  2.8 8  5.5  83    0    0 339 -356  1
3823500 2818500  1 11  1   8.3 1022 245  3.1 8  5.3  80    0    0 340 -356  1
3823500 2818500  1 11  2   8.0 1022 255  3.6 8  5.1  76    0    0 340 -356  1
3823500 2818500  1 11  3   7.4 1022 251  2.7 7  5.0  77    0    0 334 -356  1
3823500 2818500  1 11  4   7.4 1022 237  2.5 7  5.1  80    0    0 327 -355  1
3823500 2818500  1 11  5   7.8 1022 232  2.2 7  5.3  83    0    0 328 -354  1
3823500 2818500  1 11  6   8.1 1021 238  2.4 7  5.7  86    0    0 331 -353  1
3823500 2818500  1 11  7   8.3 1021 235  2.8 8  5.9  87    0    0 337 -353  1
3823500 2818500  1 11  8   8.5 1021 251  2.6 8  6.0  88    0    0 344 -352  1
3823500 2818500  1 11  9   8.5 1021 250  3.0 8  6.0  88    0    1 344 -352  1
3823500 2818500  1 11 10   8.6 1022 247  3.1 8  6.0  87    0   23 344 -352  1
3823500 2818500  1 11 11   8.2 1022 253  3.1 8  6.0  88    5   67 344 -353  1
3823500 2818500  1 11 12   8.1 1022 250  3.4 7  6.0  90    3   80 338 -354  1
3823500 2818500  1 11 13   8.0 1022 246  3.0 8  6.1  92    0   42 338 -354  1
3823500 2818500  1 11 14   8.0 1022 254  3.4 8  6.2  93    0   37 344 -355  1
3823500 2818500  1 11 15   7.9 1022 251  2.5 7  6.2  94    0   32 338 -355  1
3823500 2818500  1 11 16   8.0 1022 254  2.0 8  6.2  94    0   13 339 -356  1
3823500 2818500  1 11 17   8.0 1022 238  2.0 8  6.3  94    0    0 346 -356  1
3823500 2818500  1 11 18   8.0 1022 239  1.8 8  6.3  95    0    0 346 -357  1
3823500 2818500  1 11 19   8.1 1022 234  2.2 8  6.3  95    0    0 345 -357  1
3823500 2818500  1 11 20   8.0 1022 237  2.2 8  6.3  94    0    0 345 -357  1
3823500 2818500  1 11 21   7.7 1022 232  2.6 7  6.3  96    0    0 337 -357  1
3823500 2818500  1 11 22   7.7 1022 230  2.6 8  6.3  97    0    0 338 -357  1
3823500 2818500  1 11 23   7.8 1021 225  2.8 8  6.3  97    0    0 344 -357  1
3823500 2818500  1 11 24   7.9 1021 234  2.7 8  6.3  97    0    0 345 -357  1
3823500 2818500  1 12  1   8.1 1020 236  3.0 8  6.4  96    0    0 346 -356  1
3823500 2818500  1 12  2   8.2 1020 239  3.5 8  6.4  95    0    0 347 -356  1
3823500 2818500  1 12  3   8.2 1019 232  3.8 7  6.4  94    0    0 341 -357  1
3823500 2818500  1 12  4   8.1 1018 232  3.8 7  6.3  94    0    0 336 -357  1
3823500 2818500  1 12  5   8.1 1017 233  3.8 8  6.3  93    0    0 341 -357  1
3823500 2818500  1 12  6   7.8 1016 237  4.7 8  6.2  93    0    0 344 -356  1
3823500 2818500  1 12  7   7.8 1015 234  4.9 8  6.1  92    0    0 343 -356  1
3823500 2818500  1 12  8   7.8 1014 236  5.1 8  6.0  90    0    0 341 -356  1
3823500 2818500  1 12  9   8.0 1013 234  5.2 8  5.9  88    0    4 341 -355  1
3823500 2818500  1 12 10   8.3 1012 232  5.5 6  5.8  86    0   23 333 -354  1
3823500 2818500  1 12 11   8.2 1012 235  5.6 8  5.8  85    0   28 334 -354  1
3823500 2818500  1 12 12   7.7 1011 241  6.2 7  5.9  89    0   38 340 -354  1
3823500 2818500  1 12 13   7.9 1010 241  5.7 8  6.0  92    0   39 340 -354  1
3823500 2818500  1 12 14   8.1 1009 247  6.1 7  6.2  92    0   57 341 -355  1
3823500 2818500  1 12 15   8.2 1008 260  5.8 6  6.3  93    0   49 331 -356  1
3823500 2818500  1 12 16   8.3 1008 288  5.0 8  6.0  88    0   18 337 -357  1
3823500 2818500  1 12 17   7.4 1008 298  4.3 7  5.6  84    0    5 339 -356  1
3823500 2818500  1 12 18   6.8 1010 298  3.3 7  5.2  83    0    0 328 -354  1
3823500 2818500  1 12 19   6.1 1011 292  4.0 5  4.9  81    0    0 313 -350  1
3823500 2818500  1 12 20   5.1 1011 286  3.6 3  4.7  83    0    0 283 -346  1
3823500 2818500  1 12 21   5.1 1012 283  3.7 3  4.6  83    0    0 264 -340  1
3823500 2818500  1 12 22   4.9 1013 275  4.0 4  4.5  83    0    0 266 -333  1
3823500 2818500  1 12 23   4.4 1014 268  3.4 4  4.4  83    0    0 267 -328  1
3823500 2818500  1 12 24   4.2 1014 274  4.2 3  4.3  84    0    0 256 -326  1
3823500 2818500  1 13  1   4.5 1014 273  3.7 4  4.3  84    0    0 253 -324  1
3823500 2818500  1 13  2   4.4 1014 274  4.1 6  4.3  84    0    0 265 -322  1
3823500 2818500  1 13  3   4.3 1014 270  3.9 7  4.4  84    0    0 279 -321  1
3823500 2818500  1 13  4   3.8 1014 276  3.7 7  4.3  86    0    0 282 -321  1
3823500 2818500  1 13  5   3.9 1014 274  3.6 6  4.3  86    0    0 276 -323  1
3823500 2818500  1 13  6   3.3 1014 273  2.9 4  4.3  88    0    0 261 -324  1
3823500 2818500  1 13  7   3.5 1014 267  2.8 3  4.3  89    0    0 244 -324  1
3823500 2818500  1 13  8   3.3 1014 273  4.4 5  4.2  87    0    0 249 -325  1
3823500 2818500  1 13  9   3.1 1015 275  3.7 5  4.2  88    0    1 258 -326  1
3823500 2818500  1 13 10   3.3 1015 279  3.3 5  4.1  86   14   43 258 -326  1
3823500 2818500  1 13 11   4.0 1015 285  3.5 3  4.1  82   59   78 250 -328  1
3823500 2818500  1 13 12   4.8 1016 290  4.4 2  4.0  78  119   87 238 -330  1
3823500 2818500  1 13 13   5.4 1016 304  4.4 2  4.0  73  110  104 235 -333  1
3823500 2818500  1 13 14   6.0 1016 295  4.7 2  3.9  68  128   84 238 -335  1
3823500 2818500  1 13 15   6.0 1016 306  4.5 3  3.7  65   41   80 244 -334  1
3823500 2818500  1 13 16   5.8 1016 304  4.0 6  3.8  66    2   32 265 -331  1
3823500 2818500  1 13 17   5.5 1016 295  3.9 7  3.8  68    0    2 285 -327  1
3823500 2818500  1 13 18   5.4 1017 294  3.8 7  4.0  71    0    0 289 -322  1
3823500 2818500  1 13 19   4.8 1017 293  3.3 7  4.0  74    0    0 290 -320  1
3823500 2818500  1 13 20   4.2 1018 288  2.7 5  4.1  78    0    0 279 -319  1
3823500 2818500  1 13 21   4.1 1018 287  2.3 5  4.1  81    0    0 270 -319  1
3823500 2818500  1 13 22   3.9 1018 283  2.6 6  4.2  83    0    0 272 -317  1
3823500 2818500  1 13 23   3.7 1018 286  2.6 7  4.2  85    0    0 280 -316  1
3823500 2818500  1 13 24   3.4 1018 287  2.2 7  4.2  86    0    0 284 -315  1
3823500 2818500  1 14  1   3.3 1018 285  2.5 5  4.1  85    0    0 275 -315  1
3823500 2818500  1 14  2   3.2 1018 286  2.5 4  4.0  83    0    0 261 -315  1
3823500 2818500  1 14  3   3.1 1019 291  1.7 5  3.9  83    0    0 260 -315  1
3823500 2818500  1 14  4   2.9 1019 288  1.9 5  3.9  83    0    0 265 -315  1
3823500 2818500  1 14  5   2.7 1019 286  1.8 5  3.8  83    0    0 263 -314  1
3823500 2818500  1 14  6   2.3 1018 282  1.8 6  3.8  84    0    0 266 -314  1
3823500 2818500  1 14  7   2.0 1018 285  1.5 6  3.8  87    0    0 270 -314  1
3823500 2818500  1 14  8   2.1 1018 285  1.7 6  3.9  88    0    0 271 -313  1
3823500 2818500  1 14  9   1.7 1018 286  1.3 6  3.9  89    0    4 272 -311  1
3823500 2818500  1 14 10   2.3 1019 279  1.4 6  3.9  89    2   39 273 -310  1
3823500 2818500  1 14 11   3.4 1019 290  1.7 5  4.0  86   18   89 272 -312  1
3823500 2818500  1 14 12   4.6 1019 295  1.8 3  4.1  82   76  124 262 -315  1
3823500 2818500  1 14 13   5.5 1019 306  2.8 4  4.2  78  103  129 260 -318  1
3823500 2818500  1 14 14   5.9 1019 296  2.8 4  4.2  74   76  125 266 -319  1
3823500 2818500  1 14 15   5.8 1018 313  3.3 5  4.1  72   22   91 270 -319  1
3823500 2818500  1 14 16   5.5 1018 313  1.9 5  4.0  71    4   38 271 -319  1
3823500 2818500  1 14 17   4.8 1018 305  1.8 5  3.9  71    0    1 267 -319  1
3823500 2818500  1 14 18   4.0 1018 295  1.3 6  3.8  74    0    0 266 -317  1
3823500 2818500  1 14 19   3.0 1018 284  1.6 7  3.9  80    0    0 270 -314  1
3823500 2818500  1 14 20   2.2 1018 293  1.2 6  3.9  86    0    0 268 -312  1
3823500 2818500  1 14 21   1.8 1018 291  1.5 6  3.9  88    0    0 262 -311  1
3823500 2818500  1 14 22   1.9 1019 293  1.2 6  3.9  89    0    0 262 -309  1
3823500 2818500  1 14 23   2.3 1019 300  1.0 7  3.9  88    0    0 265 -308  1
3823500 2818500  1 14 24   2.1 1019 305  0.8 8  3.9  88    0    0 272 -308  1
3823500 2818500  1 15  1   2.0 1018 322  0.8 8  4.0  90    0    0 275 -308  1
3823500 2818500  1 15  2   1.8 1018 323  0.7 8  4.0  92    0    0 274 -307  1
3823500 2818500  1 15  3   1.5 1018 306  1.0 7  3.9  93    0    0 270 -307  1
3823500 2818500  1 15  4   0.8 1018 299  0.6 6  3.9  94    0    0 261 -307  1
3823500 2818500  1 15  5   0.6 1018 304  0.4 6  3.8  96    0    0 256 -307  1
3823500 2818500  1 15  6   0.1 1018 276  0.1 5  3.7  97    0    0 250 -307  1
3823500 2818500  1 15  7  -1.0 1018 342  0.0 4  3.6  98    0    0 240 -307  1
3823500 2818500  1 15  8  -0.8 1018 331  0.0 6  3.5  98    0    0 243 -307  1
3823500 2818500  1 15  9  -1.3 1018  91  0.2 5  3.4  98    0    7 246 -306  1
3823500 2818500  1 15 10  -0.3 1019 101  0.8 3  3.5  98   72   15 236 -307  1
3823500 2818500  1 15 11   1.6 1019 112  0.9 4  3.8  95  104   36 236 -310  1
3823500 2818500  1 15 12   1.4 1019 218  1.3 6  3.8  91   24   91 249 -315  1
3823500 2818500  1 15 13   0.0 1019 226  1.2 5  3.7  93   20   97 248 -318  1
3823500 2818500  1 15 14  -0.2 1019 342  1.4 6  3.6  98   24   89 246 -319  1
3823500 2818500  1 15 15  -0.4 1018  42  1.1 6  3.6  99   22   67 249 -319  1
3823500 2818500  1 15 16  -0.7 1018  55  1.1 5  3.6  98    9   32 246 -319  1
3823500 2818500  1 15 17  -1.2 1018  14  1.4 7  3.5  99    0    3 249 -319  1
3823500 2818500  1 15 18  -2.0 1019  33  1.1 8  3.4 100    0    0 257 -317  1
3823500 2818500  1 15 19  -2.3 1019   8  0.8 7  3.2 100    0    0 256 -312  1
3823500 2818500  1 15 20  -2.6 1019  19  0.3 7  3.1 100    0    0 253 -309  1
3823500 2818500  1 15 21  -3.0 1019  19  0.4 6  3.1 100    0    0 249 -305  1
3823500 2818500  1 15 22  -3.4 1019 358  0.6 6  3.0 100    0    0 244 -304  1
3823500 2818500  1 15 23  -3.7 1019  22  0.5 7  2.9 100    0    0 247 -303  1
3823500 2818500  1 15 24  -4.0 1019  40  0.7 7  2.8 100    0    0 249 -302  1
3823500 2818500  1 16  1  -4.4 1019  22  0.4 4  2.7  99    0    0 238 -302  1
3823500 2818500  1 16  2  -4.5 1019  48  0.7 4  2.7  98    0    0 228 -301  1
3823500 2818500  1 16  3  -4.7 1019  13  0.3 2  2.6  98    0    0 221 -299  1
3823500 2818500  1 16  4  -4.8 1019  30  0.6 2  2.6  98    0    0 215 -297  1
3823500 2818500  1 16  5  -4.9 1019  34  0.3 0  2.6  98    0    0 210 -297  1
3823500 2818500  1 16  6  -5.0 1019   0  0.7 0  2.6  98    0    0 204 -297  1
3823500 2818500  1 16  7  -5.2 1019  26  0.3 0  2.5  98    0    0 203 -295  1
3823500 2818500  1 16  8  -5.2 1019  66  0.3 1  2.5  97    0    0 207 -293  1
3823500 2818500  1 16  9  -5.4 1018   2  0.2 1  2.5  97    0    8 209 -291  1
3823500 2818500  1 16 10  -3.9 1020   7  0.1 0  2.6  97   21   50 206 -291  1
3823500 2818500  1 16 11  -1.8 1020 237  0.1 1  2.9  96   76   92 211 -297  1
3823500 2818500  1 16 12  -0.1 1020 256  0.3 1  3.3  95  123  115 220 -307  1
3823500 2818500  1 16 13   1.5 1020  62  0.5 1  3.6  91  145  122 223 -315  1
3823500 2818500  1 16 14   2.5 1020 303  0.3 1  3.7  84  138  113 225 -318  1
3823500 2818500  1 16 15   3.2 1019 247  0.5 1  3.4  75   95   92 225 -319  1
3823500 2818500  1 16 16   3.2 1019 304  0.5 2  3.2  68   33   54 228 -319  1
3823500 2818500  1 16 17   0.4 1019 300  0.1 2  3.2  74    0   10 227 -318  1
3823500 2818500  1 16 18  -1.0 1020 192  0.1 2  3.1  85    0    0 222 -314  1
3823500 2818500  1 16 19  -1.7 1020  59  0.0 1  3.0  88    0    0 215 -311  1
3823500 2818500  1 16 20  -2.3 1020 236  0.0 1  3.0  91    0    0 209 -309  1
3823500 2818500  1 16 21  -2.7 1020 168  0.0 1  2.9  92    0    0 209 -308  1
3823500 2818500  1 16 22  -2.9 1020 117  0.1 2  2.8  91    0    0 212 -307  1
3823500 2818500  1 16 23  -3.0 1021 181  0.0 4  2.8  92    0    0 221 -306  1
3823500 2818500  1 16 24  -3.1 1021 172  0.1 5  2.8  93    0    0 231 -305  1
3823500 2818500  1 17  1  -3.1 1021 156  0.1 5  2.8  93    0    0 234 -305  1
3823500 2818500  1 17  2  -3.7 1021 201  0.3 6  2.7  94    0    0 236 -304  1
3823500 2818500  1 17  3  -3.9 1021 119  0.3 5  2.7  94    0    0 235 -304  1
3823500 2818500  1 17  4  -4.2 1020 182  0.3 4  2.7  96    0    0 226 -304  1
3823500 2818500  1 17  5  -4.6 1020 137  0.3 3  2.6  96    0    0 217 -303  1
3823500 2818500  1 17  6  -4.9 1020 162  0.1 3  2.5  94    0    0 211 -303  1
3823500 2818500  1 17  7  -4.7 1020 165  0.1 2  2.5  93    0    0 205 -303  1
3823500 2818500  1 17  8  -4.9 1020 175  0.1 2  2.4  93    0    0 202 -303  1
3823500 2818500  1 17  9  -5.0 1020 149  0.1 3  2.4  94    0    8 207 -303  1
3823500 2818500  1 17 10  -2.7 1021 137  0.3 3  2.6  93   28   45 216 -304  1
3823500 2818500  1 17 11  -0.8 1021 188  0.5 4  2.9  88   82   77 227 -307  1
3823500 2818500  1 17 12   0.6 1022 197  1.0 5  3.1  82   97  106 240 -312  1
3823500 2818500  1 17 13   1.7 1021 198  1.0 5  3.2  78  123  108 248 -317  1
3823500 2818500  1 17 14   2.4 1021 197  1.2 5  3.2  74  135   92 250 -319  1
3823500 2818500  1 17 15   3.4 1021 212  1.2 5  3.2  69  107   73 252 -319  1
3823500 2818500  1 17 16   3.2 1021 223  1.0 5  3.2  67   36   46 254 -319  1
3823500 2818500  1 17 17   0.4 1021 200  0.6 4  3.2  74    0    9 249 -319  1
3823500 2818500  1 17 18  -0.1 1021 184  0.8 3  3.1  81    0    0 239 -316  1
3823500 2818500  1 17 19  -1.3 1021 175  0.5 4  3.0  85    0    0 239 -312  1
3823500 2818500  1 17 20  -1.8 1021 195  0.5 3  3.0  90    0    0 237 -311  1
3823500 2818500  1 17 21  -2.4 1021 176  0.4 2  2.9  91    0    0 227 -310  1
3823500 2818500  1 17 22  -1.6 1021 177  0.3 2  2.9  89    0    0 221 -309  1
3823500 2818500  1 17 23  -1.7 1021 204  0.2 2  2.9  86    0    0 221 -308  1
3823500 2818500  1 17 24  -2.0 1021 186  0.5 2  2.8  86    0    0 220 -307  1
3823500 2818500  1 18  1  -2.5 1021 179  0.6 1  2.8  88    0    0 215 -307  1
3823500 2818500  1 18  2  -3.1 1021 181  1.0 0  2.8  90    0    0 205 -307  1
3823500 2818500  1 18  3  -2.7 1021 188  1.1 0  2.8  91    0    0 199 -307  1
3823500 2818500  1 18  4  -2.7 1020 190  0.8 1  2.8  90    0    0 202 -307  1
3823500 2818500  1 18  5  -2.5 1021 180  0.6 2  2.7  88    0    0 207 -307  1
3823500 2818500  1 18  6  -2.2 1020 180  0.8 2  2.7  86    0    0 209 -308  1
3823500 2818500  1 18  7  -1.2 1020 186  1.4 2  2.8  83    0    0 210 -309  1
3823500 2818500  1 18  8  -0.8 1019 210  0.4 3  2.8  80    0    0 213 -309  1
3823500 2818500  1 18  9  -0.8 1019 205  1.3 4  2.8  79    0    8 218 -311  1
3823500 2818500  1 18 10  -0.4 1019 198  2.3 5  2.9  80    8   52 227 -315  1
3823500 2818500  1 18 11   0.7 1019 211  2.5 5  3.0  79   29  105 237 -318  1
3823500 2818500  1 18 12   1.6 1019 210  2.8 5  3.1  77   44  138 247 -321  1
3823500 2818500  1 18 13   2.7 1018 217  3.1 6  3.4  76   23  139 264 -324  1
3823500 2818500  1 18 14   3.0 1017 216  4.4 6  3.6  77   15  119 279 -327  1
3823500 2818500  1 18 15   3.2 1016 224  4.0 7  3.8  80   10   91 292 -327  1
3823500 2818500  1 18 16   3.3 1016 215  4.0 8  3.9  81    0   29 306 -327  1
3823500 2818500  1 18 17   2.9 1015 217  4.8 8  4.0  84    0    3 315 -327  1
3823500 2818500  1 18 18   2.6 1014 221  3.7 8  4.1  90    0    0 321 -329  1
3823500 2818500  1 18 19   3.0 1014 223  3.5 7  4.3  93    0    0 323 -331  1
3823500 2818500  1 18 20   3.6 1013 224  3.7 7  4.4  92    0    0 323 -332  1
3823500 2818500  1 18 21   3.8 1013 225  3.6 8  4.5  92    0    0 330 -333  1
3823500 2818500  1 18 22   4.2 1013 233  3.6 8  4.6  91    0    0 337 -333  1
3823500 2818500  1 18 23   4.4 1013 231  3.3 8  4.7  91    0    0 339 -333  1
3823500 2818500  1 18 24   4.5 1013 227  3.1 8  4.8  92    0    0 339 -333  1
3823500 2818500  1 19  1   4.7 1012 235  3.0 8  4.9  93    0    0 339 -332  1
3823500 2818500  1 19  2   4.3 1012 227  2.9 8  5.0  96    0    0 338 -332  1
3823500 2818500  1 19  3   4.4 1012 224  2.9 7  5.1  98    0    0 328 -331  1
3823500 2818500  1 19  4   4.5 1011 220  2.9 8  5.2  99    0    0 326 -330  1
3823500 2818500  1 19  5   4.6 1010 215  3.4 8  5.3 100    0    0 332 -330  1
3823500 2818500  1 19  6   4.8 1009 219  3.4 8  5.3  99    0    0 330 -330  1
3823500 2818500  1 19  7   5.1 1008 223  3.1 8  5.3  98    0    0 330 -330  1
3823500 2818500  1 19  8   5.1 1007 244  2.4 7  5.4  98    0    0 321 -330  1
3823500 2818500  1 19  9   5.1 1006 243  1.8 8  5.4  98    0    1 319 -331  1
3823500 2818500  1 19 10   5.1 1005 296  1.8 7  5.4  98    0   13 318 -332  1
3823500 2818500  1 19 11   5.2 1005 268  0.8 7  5.4  97    0   31 309 -332  1
3823500 2818500  1 19 12   4.9 1004 247  0.8 7  5.3  96    0   44 308 -333  1
3823500 2818500  1 19 13   5.1 1003 259  1.8 7  5.3  96    0   53 306 -335  1
3823500 2818500  1 19 14   5.1 1003 250  2.2 7  5.3  96    0   63 305 -337  1
3823500 2818500  1 19 15   5.3 1003 255  3.2 7  5.3  95    5   61 307 -338  1
3823500 2818500  1 19 16   5.7 1002 257  4.4 8  5.4  94    0   22 320 -338  1
3823500 2818500  1 19 17   6.1 1003 270  4.5 8  5.4  92    0    1 330 -337  1
3823500 2818500  1 19 18   6.3 1003 260  4.4 8  5.3  88    0    0 330 -333  1
3823500 2818500  1 19 19   5.6 1004 266  3.4 6  5.1  87    0    0 310 -329  1
3823500 2818500  1 19 20   5.2 1004 258  2.9 5  4.8  86    0    0 285 -325  1
3823500 2818500  1 19 21   4.7 1005 256  2.4 5  4.6  84    0    0 277 -323  1
3823500 2818500  1 19 22   4.3 1005 228  1.2 5  4.5  85    0    0 276 -323  1
3823500 2818500  1 19 23   4.3 1004 223  2.3 6  4.6  89    0    0 281 -325  1
3823500 2818500  1 19 24   5.1 1003 227  2.8 7  4.8  90    0    0 294 -328  1
3823500 2818500  1 20  1   4.5 1002 252  5.6 7  4.8  89    0    0 298 -330  1
3823500 2818500  1 20  2   3.5 1001 262  3.6 7  4.5  88    0    0 295 -331  1
3823500 2818500  1 20  3   3.6 1001 259  3.5 7  4.4  89    0    0 297 -331  1
3823500 2818500  1 20  4   3.6 1001 265  4.4 5  4.3  87    0    0 285 -330  1
3823500 2818500  1 20  5   3.6 1001 267  4.2 4  4.2  84    0    0 263 -329  1
3823500 2818500  1 20  6   3.7 1001 272  4.2 5  4.1  82    0    0 262 -329  1
3823500 2818500  1 20  7   3.6 1001 275  4.0 6  4.0  81    0    0 275 -329  1
3823500 2818500  1 20  8   3.4 1002 286  2.4 6  4.0  80    0    0 281 -328  1
3823500 2818500  1 20  9   3.0 1003 292  2.4 6  3.9  82    0   10 280 -327  1
3823500 2818500  1 20 10   3.6 1003 251  2.7 3  4.0  82   25   57 263 -326  1
3823500 2818500  1 20 11   4.4 1003 253  3.2 3  4.1  80   70   98 244 -324  1
3823500 2818500  1 20 12   4.4 1004 261  5.4 2  4.2  80   84  130 237 -327  1
3823500 2818500  1 20 13   4.3 1004 254  5.2 3  4.3  82   62  149 237 -331  1
3823500 2818500  1 20 14   4.1 1004 252  3.3 3  4.3  83   94  128 244 -334  1
3823500 2818500  1 20 15   4.8 1004 263  2.9 3  4.3  82   93   97 247 -335  1
3823500 2818500  1 20 16   4.0 1003 261  3.0 6  4.3  83   37   59 265 -335  1
3823500 2818500  1 20 17   3.3 1003 265  1.1 6  4.3  87    0    9 280 -332  1
3823500 2818500  1 20 18   2.5 1004 261  1.9 6  4.2  89    0    0 277 -328  1
3823500 2818500  1 20 19   2.1 1004 253  1.7 4  4.1  91    0    0 264 -325  1
3823500 2818500  1 20 20   1.6 1005 255  1.6 3  4.1  93    0    0 242 -323  1
3823500 2818500  1 20 21   1.6 1005 247  1.7 2  4.0  93    0    0 228 -320  1
3823500 2818500  1 20 22   1.3 1005 247  1.4 2  4.0  93    0    0 227 -320  1
3823500 2818500  1 20 23   1.4 1006 248  2.0 2  3.9  93    0    0 229 -320  1
3823500 2818500  1 20 24   1.3 1006 239  2.0 2  3.9  92    0    0 228 -320  1
3823500 2818500  1 21  1   1.3 1006 233  1.6 3  3.9  93    0    0 231 -320  1
3823500 2818500  1 21  2   1.4 1006 231  1.3 5  4.0  94    0    0 247 -321  1
3823500 2818500  1 21  3   1.5 1006 206  0.9 7  4.0  93    0    0 278 -323  1
3823500 2818500  1 21  4   2.1 1005 213  0.9 8  4.0  92    0    0 304 -325  1
3823500 2818500  1 21  5   2.3 1005 208  2.0 8  4.1  91    0    0 315 -329  1
3823500 2818500  1 21  6   2.6 1003 206  2.7 8  4.2  92    0    0 319 -334  1
3823500 2818500  1 21  7   3.0 1001 196  3.2 8  4.3  92    0    0 323 -339  1
3823500 2818500  1 21  8   3.3 1000 197  3.3 8  4.5  94    0    0 328 -343  1
3823500 2818500  1 21  9   4.9  998 206  3.2 8  4.9  94    0    1 334 -346  1
3823500 2818500  1 21 10   5.8  997 220  3.1 7  5.3  94    0   28 334 -349  1
3823500 2818500  1 21 11   6.9  995 237  3.7 7  5.8  95    0   35 333 -351  1
3823500 2818500  1 21 12   8.3  994 247  4.1 8  6.3  95    0   24 341 -353  1
3823500 2818500  1 21 13   9.0  993 253  4.8 8  6.6  92    0   40 349 -354  1
3823500 2818500  1 21 14   8.7  993 273  4.3 7  6.4  89    0   58 339 -354  1
3823500 2818500  1 21 15   7.8  992 282  3.8 7  5.9  86    0   63 324 -352  1
3823500 2818500  1 21 16   8.0  992 274  4.1 7  5.6  82    8   32 319 -350  1
3823500 2818500  1 21 17   7.5  992 279  5.0 7  5.3  80    0    7 316 -347  1
3823500 2818500  1 21 18   7.3  992 279  5.1 7  5.1  77    0    0 314 -344  1
3823500 2818500  1 21 19   7.1  992 269  4.7 7  4.9  76    0    0 311 -341  1
3823500 2818500  1 21 20   7.1  992 272  5.2 7  4.8  75    0    0 310 -339  1
3823500 2818500  1 21 21   5.9  992 269  5.7 7  4.8  78    0    0 311 -338  1
3823500 2818500  1 21 22   6.3  992 271  6.3 7  4.7  78    0    0 313 -337  1
3823500 2818500  1 21 23   6.7  993 274  6.5 8  4.6  75    0    0 322 -337  1
3823500 2818500  1 21 24   6.6  993 272  6.4 8  4.6  74    0    0 329 -336  1
3823500 2818500  1 22  1   6.5  994 275  5.7 8  4.5  72    0    0 328 -336  1
3823500 2818500  1 22  2   6.4  995 271  6.1 8  4.4  73    0    0 327 -335  1
3823500 2818500  1 22  3   6.2  996 271  5.0 8  4.5  74    0    0 327 -335  1
3823500 2818500  1 22  4   6.3  996 271  5.4 8  4.5  74    0    0 327 -335  1
3823500 2818500  1 22  5   6.0  997 272  5.6 7  4.5  75    0    0 320 -335  1
3823500 2818500  1 22  6   5.8  997 265  4.7 7  4.5  76    0    0 313 -334  1
3823500 2818500  1 22  7   5.6  997 260  4.0 7  4.5  78    0    0 312 -334  1
3823500 2818500  1 22  8   5.5  997 256  4.4 7  4.5  79    0    0 312 -334  1
3823500 2818500  1 22  9   5.4  996 255  4.1 8  4.5  80    0    4 318 -334  1
3823500 2818500  1 22 10   5.5  996 249  4.5 7  4.6  80    0   31 317 -334  1
3823500 2818500  1 22 11   5.5  996 245  4.6 7  4.7  82    0   39 309 -334  1
3823500 2818500  1 22 12   5.1  995 242  4.7 8  4.8  85    0   41 315 -335  1
3823500 2818500  1 22 13   4.6  995 235  5.7 8  4.9  90    0   30 322 -336  1
3823500 2818500  1 22 14   5.1  994 242  5.9 8  5.1  94    0   30 323 -338  1
3823500 2818500  1 22 15   6.5  993 253  5.9 7  5.4  92    0   44 320 -340  1
3823500 2818500  1 22 16   6.8  992 271  6.9 8  5.6  90    0   20 324 -339  1
3823500 2818500  1 22 17   7.0  992 280  7.3 8  5.5  88    0    2 330 -338  1
3823500 2818500  1 22 18   6.9  992 271  7.7 8  5.3  84    0    0 329 -338  1
3823500 2818500  1 22 19   6.2  993 301  8.5 8  5.1  82    0    0 325 -337  1
3823500 2818500  1 22 20   5.5  994 301  7.7 8  4.9  83    0    0 322 -337  1
3823500 2818500  1 22 21   5.3  997 281  5.5 8  4.9  86    0    0 320 -335  1
3823500 2818500  1 22 22   5.1  999 272  5.0 8  4.9  88    0    0 319 -333  1
3823500 2818500  1 22 23   5.1 1000 266  5.0 8  5.0  90    0    0 318 -332  1
3823500 2818500  1 22 24   5.1 1001 262  3.7 8  4.9  89    0    0 318 -332  1
3823500 2818500  1 23  1   5.1 1002 266  4.2 8  4.9  88    0    0 317 -331  1
3823500 2818500  1 23  2   4.8 1003 263  3.5 8  4.8  88    0    0 314 -330  1
3823500 2818500  1 23  3   4.3 1003 258  2.8 7  4.6  88    0    0 305 -329  1
3823500 2818500  1 23  4   4.2 1003 256  2.9 6  4.6  89    0    0 289 -328  1
3823500 2818500  1 23  5   4.2 1004 253  3.4 6  4.7  90    0    0 280 -326  1
3823500 2818500  1 23  6   4.4 1004 251  3.2 6  4.7  91    0    0 280 -325  1
3823500 2818500  1 23  7   4.2 1004 249  3.1 6  4.7  90    0    0 279 -325  1
3823500 2818500  1 23  8   4.5 1004 240  2.8 7  4.8  91    0    0 288 -325  1
3823500 2818500  1 23  9   4.5 1004 246  2.7 7  4.8  92    0    7 295 -326  1
3823500 2818500  1 23 10   4.8 1004 259  3.3 5  4.9  91    2   54 284 -329  1
3823500 2818500  1 23 11   5.1 1004 259  3.7 8  4.9  89    0   49 293 -332  1
3823500 2818500  1 23 12   4.6 1004 248  4.2 7  4.8  88    0   68 304 -335  1
3823500 2818500  1 23 13   4.9 1004 260  3.4 7  4.7  88    0   97 299 -338  1
3823500 2818500  1 23 14   4.9 1004 272  3.2 5  4.8  88   16  137 288 -340  1
3823500 2818500  1 23 15   4.9 1004 267  2.7 4  4.8  88   31  121 270 -339  1
3823500 2818500  1 23 16   5.0 1004 259  2.4 5  4.6  85    2   49 272 -338  1
3823500 2818500  1 23 17   4.2 1004 257  1.1 5  4.5  85    3   16 277 -338  1
3823500 2818500  1 23 18   3.8 1004 256  1.5 5  4.4  86    0    0 276 -336  1
3823500 2818500  1 23 19   3.2 1004 252  1.8 5  4.3  88    0    0 271 -334  1
3823500 2818500  1 23 20   3.3 1005 253  1.5 5  4.3  90    0    0 266 -332  1
3823500 2818500  1 23 21   3.2 1005 268  1.8 6  4.3  89    0    0 270 -331  1
3823500 2818500  1 23 22   2.8 1005 265  2.3 7  4.2  90    0    0 280 -332  1
3823500 2818500  1 23 23   2.1 1005 278  2.1 7  4.2  92    0    0 283 -332  1
3823500 2818500  1 23 24   2.3 1006 253  1.2 7  4.2  94    0    0 284 -332  1
3823500 2818500  1 24  1   2.3 1006 258  1.9 7  4.2  93    0    0 286 -330  1
3823500 2818500  1 24  2   2.1 1006 255  2.0 6  4.1  92    0    0 281 -330  1
3823500 2818500  1 24  3   2.0 1007 255  1.4 6  4.1  93    0    0 278 -331  1
3823500 2818500  1 24  4   1.7 1007 267  1.9 5  4.1  93    0    0 273 -332  1
3823500 2818500  1 24  5   1.7 1008 258  2.0 5  4.0  93    0    0 269 -331  1
3823500 2818500  1 24  6   1.3 1008 253  1.6 4  4.0  93    0    0 263 -331  1
3823500 2818500  1 24  7   1.2 1009 251  1.8 2  3.9  94    0    0 246 -331  1
3823500 2818500  1 24  8   1.4 1009 256  1.6 2  3.9  93    0    0 235 -331  1
3823500 2818500  1 24  9   1.3 1010 257  1.4 2  3.9  93    0   14 235 -330  1
3823500 2818500  1 24 10   2.0 1010 245  1.7 3  4.0  93   19   70 240 -329  1
3823500 2818500  1 24 11   3.3 1011 249  2.1 3  4.2  90   59  127 249 -330  1
3823500 2818500  1 24 12   4.0 1011 266  2.5 4  4.3  88   86  161 257 -332  1
3823500 2818500  1 24 13   5.0 1011 262  2.8 5  4.5  85   79  176 271 -334  1
3823500 2818500  1 24 14   5.5 1012 260  2.6 5  4.5  82   66  164 280 -336  1
3823500 2818500  1 24 15   5.4 1012 266  2.5 6  4.6  82   47  128 285 -337  1
3823500 2818500  1 24 16   4.6 1012 261  1.8 7  4.5  83   32   78 296 -335  1
3823500 2818500  1 24 17   3.5 1012 255  1.1 5  4.4  87    6   19 288 -332  1
3823500 2818500  1 24 18   2.7 1012 234  1.0 4  4.3  91    0    0 270 -329  1
3823500 2818500  1 24 19   1.4 1012 198  0.6 3  4.1  94    0    0 258 -323  1
3823500 2818500  1 24 20   0.8 1013 165  0.4 3  3.9  94    0    0 252 -320  1
3823500 2818500  1 24 21  -0.4 1013 151  0.3 4  3.7  96    0    0 255 -319  1
3823500 2818500  1 24 22  -0.7 1013 139  0.2 3  3.5  97    0    0 251 -319  1
3823500 2818500  1 24 23  -1.2 1014 142  0.4 1  3.4  98    0    0 232 -317  1
3823500 2818500  1 24 24  -1.4 1014 137  0.7 2  3.4  98    0    0 226 -316  1
3823500 2818500  1 25  1  -1.0 1014 134  0.7 3  3.4  98    0    0 237 -316  1
3823500 2818500  1 25  2  -1.0 1014 131  0.5 5  3.5  99    0    0 252 -316  1
3823500 2818500  1 25  3   0.0 1014 118  0.5 8  3.6  99    0    0 281 -316  1
3823500 2818500  1 25  4   0.6 1014 116  0.7 6  3.8  98    0    0 290 -316  1
3823500 2818500  1 25  5  -0.1 1014 103  0.5 7  3.8  99    0    0 284 -316  1
3823500 2818500  1 25  6  -0.3 1014 110  0.2 7  3.7  99    0    0 288 -316  1
3823500 2818500  1 25  7  -0.6 1014 111  0.9 4  3.6  99    0    0 272 -316  1
3823500 2818500  1 25  8  -0.2 1014 105  0.7 5  3.7 100    0    0 262 -317  1
3823500 2818500  1 25  9   0.1 1014 116  1.0 6  3.7  99    0   10 274 -317  1
3823500 2818500  1 25 10   0.6 1014 116  1.5 5  3.8  98   10   58 274 -317  1
3823500 2818500  1 25 11   1.7 1014 106  1.7 4  4.0  97   69   98 266 -319  1
3823500 2818500  1 25 12   2.8 1014 128  1.9 3  4.1  92  143  105 260 -320  1
3823500 2818500  1 25 13   4.1 1014 131  2.3 4  4.1  85  161  111 264 -323  1
3823500 2818500  1 25 14   4.7 1013 127  2.4 4  4.1  80  160  100 273 -326  1
3823500 2818500  1 25 15   4.9 1013 133  2.5 4  4.1  76  134   79 275 -326  1
3823500 2818500  1 25 16   4.3 1012 127  2.3 5  4.0  76   67   55 279 -326  1
3823500 2818500  1 25 17   3.5 1012 121  1.7 5  3.9  78    6   14 283 -326  1
3823500 2818500  1 25 18   3.0 1012 117  1.8 5  3.9  81    0    0 281 -326  1
3823500 2818500  1 25 19   2.4 1012 119  1.7 6  3.8  82    0    0 284 -326  1
3823500 2818500  1 25 20   1.5 1012 121  1.8 4  3.7  84    0    0 276 -326  1
3823500 2818500  1 25 21   1.0 1012 121  1.8 2  3.5  85    0    0 255 -326  1
3823500 2818500  1 25 22   0.8 1011 124  1.6 1  3.4  85    0    0 239 -326  1
3823500 2818500  1 25 23   0.6 1011 120  1.6 1  3.4  85    0    0 233 -326  1
3823500 2818500  1 25 24   0.6 1011 126  1.6 2  3.4  85    0    0 238 -326  1
3823500 2818500  1 26  1   0.3 1011 121  1.3 3  3.4  86    0    0 248 -326  1
3823500 2818500  1 26  2   0.3 1011 123  1.6 4  3.3  86    0    0 256 -326  1
3823500 2818500  1 26  3   0.1 1010 117  1.8 5  3.3  86    0    0 265 -326  1
3823500 2818500  1 26  4   0.4 1010 121  1.7 4  3.3  85    0    0 264 -326  1
3823500 2818500  1 26  5  -0.1 1010 120  1.9 4  3.3  85    0    0 258 -325  1
3823500 2818500  1 26  6   0.3 1009 118  2.2 5  3.3  85    0    0 263 -325  1
3823500 2818500  1 26  7   0.4 1009 119  2.5 5  3.3  84    0    0 268 -324  1
3823500 2818500  1 26  8   0.4 1009 128  3.0 6  3.3  83    0    0 273 -324  1
3823500 2818500  1 26  9   0.6 1009 118  2.7 6  3.2  82    0   11 277 -323  1
3823500 2818500  1 26 10   1.1 1009 134  3.0 7  3.3  80   25   35 282 -323  1
3823500 2818500  1 26 11   2.0 1009 137  3.2 7  3.3  78   30   66 288 -324  1
3823500 2818500  1 26 12   2.6 1008 139  3.4 7  3.4  76   20   94 290 -325  1
3823500 2818500  1 26 13   3.1 1008 136  3.3 6  3.4  74   20  102 286 -326  1
3823500 2818500  1 26 14   3.8 1007 140  3.2 6  3.4  69   35   87 281 -327  1
3823500 2818500  1 26 15   4.1 1007 127  2.5 7  3.4  67    5   69 287 -328  1
3823500 2818500  1 26 16   4.4 1007 134  2.8 6  3.5  67    0   44 288 -327  1
3823500 2818500  1 26 17   3.9 1007 137  3.0 6  3.6  71    0    8 282 -326  1
3823500 2818500  1 26 18   3.4 1007 142  2.8 7  3.8  76    0    0 286 -324  1
3823500 2818500  1 26 19   3.0 1007 141  2.7 7  3.8  80    0    0 289 -323  1
3823500 2818500  1 26 20   2.9 1007 141  2.5 7  3.9  83    0    0 289 -323  1
3823500 2818500  1 26 21   2.8 1007 147  2.1 7  4.0  86    0    0 289 -322  1
3823500 2818500  1 26 22   2.7 1007 148  1.8 7  4.1  88    0    0 289 -322  1
3823500 2818500  1 26 23   2.5 1008 157  1.5 8  4.1  90    0    0 293 -322  1
3823500 2818500  1 26 24   2.5 1008 153  1.2 8  4.2  92    0    0 297 -322  1
3823500 2818500  1 27  1   2.6 1008 161  1.0 8  4.2  92    0    0 296 -322  1
3823500 2818500  1 27  2   2.5 1009 160  0.6 8  4.3  93    0    0 295 -323  1
3823500 2818500  1 27  3   2.5 1009 167  0.5 7  4.2  93    0    0 288 -323  1
3823500 2818500  1 27  4   2.5 1010 167  0.8 6  4.2  93    0    0 277 -324  1
3823500 2818500  1 27  5   2.0 1010 161  1.1 5  4.2  94    0    0 264 -324  1
3823500 2818500  1 27  6   1.6 1010 169  0.8 5  4.1  95    0    0 256 -323  1
3823500 2818500  1 27  7   1.6 1010 179  1.3 6  4.1  95    0    0 260 -322  1
3823500 2818500  1 27  8   1.5 1011 181  1.3 6  4.0  95    0    0 264 -321  1
3823500 2818500  1 27  9   1.4 1011 184  1.2 6  4.0  95    0    9 263 -320  1
3823500 2818500  1 27 10   2.1 1012 192  1.3 6  4.1  95   27   60 264 -321  1
3823500 2818500  1 27 11   3.8 1012 199  1.9 5  4.3  92   88   96 263 -324  1
3823500 2818500  1 27 12   4.8 1013 208  2.9 5  4.5  88   71  137 261 -330  1
3823500 2818500  1 27 13   5.5 1013 216  3.0 5  4.6  84   95  144 265 -338  1
3823500 2818500  1 27 14   6.2 1013 203  3.1 4  4.6  80  156  105 261 -343  1
3823500 2818500  1 27 15   6.4 1013 195  2.8 3  4.4  75  149   74 254 -345  1
3823500 2818500  1 27 16   6.2 1013 185  2.1 3  4.3  73   61   57 251 -343  1
3823500 2818500  1 27 17   5.4 1014 165  1.4 4  4.2  73    4   15 255 -339  1
3823500 2818500  1 27 18   4.3 1014 160  1.4 4  4.1  77    0    0 258 -333  1
3823500 2818500  1 27 19   3.4 1014 155  1.6 4  4.1  82    0    0 256 -329  1
3823500 2818500  1 27 20   3.2 1015 154  1.5 5  4.0  84    0    0 258 -327  1
3823500 2818500  1 27 21   3.2 1015 145  1.5 6  4.0  84    0    0 268 -326  1
3823500 2818500  1 27 22   2.8 1015 148  1.4 7  4.0  85    0    0 277 -324  1
3823500 2818500  1 27 23   2.4 1016 142  1.6 7  4.0  88    0    0 281 -323  1
3823500 2818500  1 27 24   1.7 1016 143  1.8 5  4.0  90    0    0 270 -323  1
3823500 2818500  1 28  1   1.4 1017 133  1.7 4  3.9  92    0    0 253 -323  1
3823500 2818500  1 28  2   0.5 1017 127  1.6 4  3.8  93    0    0 247 -323  1
3823500 2818500  1 28  3   0.1 1017 138  1.7 3  3.7  95    0    0 242 -324  1
3823500 2818500  1 28  4   0.1 1017 122  1.1 3  3.6  95    0    0 240 -324  1
3823500 2818500  1 28  5  -0.3 1017 122  1.5 3  3.6  95    0    0 241 -324  1
3823500 2818500  1 28  6  -0.7 1018 136  1.1 1  3.5  97    0    0 234 -325  1
3823500 2818500  1 28  7  -0.7 1018 116  1.5 0  3.5  97    0    0 223 -326  1
3823500 2818500  1 28  8  -1.0 1018 125  0.9 0  3.4  97    0    0 220 -326  1
3823500 2818500  1 28  9  -1.4 1019 106  0.7 1  3.3  96    1   16 223 -326  1
3823500 2818500  1 28 10   0.3 1020 108  1.0 0  3.5  96   37   74 224 -327  1
3823500 2818500  1 28 11   1.5 1020 108  0.9 0  3.8  94   92  124 223 -329  1
3823500 2818500  1 28 12   2.5 1020  99  1.3 0  3.9  89  132  156 223 -333  1
3823500 2818500  1 28 13   2.8 1020  99  1.1 0  3.9  85  145  168 223 -336  1
3823500 2818500  1 28 14   3.3 1020  90  1.4 1  3.9  82  117  163 224 -338  1
3823500 2818500  1 28 15   3.5 1020  83  0.9 1  3.8  80   87  132 227 -337  1
3823500 2818500  1 28 16   2.7 1020  73  0.9 3  3.8  81   30   77 235 -334  1
3823500 2818500  1 28 17   1.1 1021  70  0.9 5  3.7  86    1   16 250 -329  1
3823500 2818500  1 28 18   1.2 1021  60  1.9 7  3.6  88    0    0 266 -324  1
3823500 2818500  1 28 19   0.7 1022  51  1.9 8  3.5  88    0    0 277 -320  1
3823500 2818500  1 28 20   0.8 1022  54  1.4 7  3.4  87    0    0 276 -320  1
3823500 2818500  1 28 21   1.0 1022  41  1.5 7  3.4  85    0    0 271 -318  1
3823500 2818500  1 28 22   0.7 1022  53  1.2 8  3.3  84    0    0 276 -314  1
3823500 2818500  1 28 23   0.4 1022  52  1.5 8  3.2  83    0    0 278 -312  1
3823500 2818500  1 28 24   0.4 1022  48  1.3 8  3.2  82    0    0 277 -310  1
3823500 2818500  1 29  1   0.1 1023  47  1.1 8  3.1  82    0    0 276 -308  1
3823500 2818500  1 29  2  -0.4 1022  45  1.2 7  3.1  84    0    0 271 -305  1
3823500 2818500  1 29  3  -0.8 1022  55  1.4 8  3.0  84    0    0 269 -300  1
3823500 2818500  1 29  4  -1.1 1022  38  1.8 8  2.9  84    0    0 270 -298  1
3823500 2818500  1 29  5  -1.4 1022  33  1.0 8  2.9  84    0    0 267 -296  1
3823500 2818500  1 29  6  -1.7 1022  40  1.5 7  2.8  84    0    0 261 -295  1
3823500 2818500  1 29  7  -1.7 1022  55  0.9 8  2.8  83    0    0 258 -294  1
3823500 2818500  1 29  8  -2.0 1022  43  1.4 7  2.7  83    0    0 256 -293  1
3823500 2818500  1 29  9  -2.3 1023  49  1.8 8  2.7  84    2   12 254 -291  1
3823500 2818500  1 29 10  -2.5 1023  45  1.4 6  2.7  84   14   48 249 -291  1
3823500 2818500  1 29 11  -2.5 1023  51  1.1 8  2.7  86    0   55 248 -292  1
3823500 2818500  1 29 12  -2.3 1023  54  1.3 8  2.7  85    0   75 255 -295  1
3823500 2818500  1 29 13  -2.0 1023  45  1.4 7  2.7  85    0   97 252 -297  1
3823500 2818500  1 29 14  -1.8 1022  41  1.2 8  2.7  84    0   73 252 -299  1
3823500 2818500  1 29 15  -1.8 1022  47  1.2 7  2.8  84    0   61 252 -300  1
3823500 2818500  1 29 16  -1.8 1022  44  1.3 8  2.8  84    0   39 252 -298  1
3823500 2818500  1 29 17  -1.9 1022  47  1.2 8  2.8  85    0    7 254 -295  1
3823500 2818500  1 29 18  -2.1 1022  47  1.0 8  2.8  86    0    0 253 -291  1
3823500 2818500  1 29 19  -2.4 1022  48  1.1 8  2.8  88    0    0 250 -288  1
3823500 2818500  1 29 20  -2.5 1021  58  0.9 8  2.8  88    0    0 245 -285  1
3823500 2818500  1 29 21  -2.6 1021  63  0.9 8  2.7  88    0    0 241 -284  1
3823500 2818500  1 29 22  -2.7 1021  67  0.9 8  2.7  87    0    0 243 -283  1
3823500 2818500  1 29 23  -2.3 1021  92  1.2 8  2.8  87    0    0 242 -282  1
3823500 2818500  1 29 24  -1.7 1021 123  1.4 8  2.9  88    0    0 238 -281  1
3823500 2818500  1 30  1  -1.0 1018 163  1.5 8  3.2  90    0    0 295 -311  1
3823500 2818500  1 30  2  -0.4 1018 194  1.4 8  3.4  93    0    0 298 -313  1
3823500 2818500  1 30  3   0.1 1018 217  1.4 7  3.6  95    0    0 301 -314  1
3823500 2818500  1 30  4   0.2 1018 218  1.1 7  3.6  96    0    0 295 -317  1
3823500 2818500  1 30  5   0.3 1018 223  1.3 7  3.7  96    0    0 284 -319  1
3823500 2818500  1 30  6   0.4 1018 225  1.0 8  3.7  96    0    0 295 -320  1
3823500 2818500  1 30  7   0.7 1018 239  0.9 6  3.8  97    0    0 301 -320  1
3823500 2818500  1 30  8   0.9 1018 226  0.2 8  3.9  98    0    0 304 -321  1
3823500 2818500  1 30  9   1.0 1018 230  0.1 8  4.0  98    0    8 317 -324  1
3823500 2818500  1 30 10   1.4 1018 232  0.1 6  4.1  99    0   46 309 -326  1
3823500 2818500  1 30 11   2.2 1018 247  0.1 7  4.2  99    0   50 306 -326  1
3823500 2818500  1 30 12   3.3 1019 244  0.1 7  4.5  99    0   75 313 -329  1
3823500 2818500  1 30 13   3.8 1019 243  0.2 7  4.8  98    1   95 315 -332  1
3823500 2818500  1 30 14   4.4 1019 251  0.5 8  4.9  96    0   75 323 -333  1
3823500 2818500  1 30 15   5.2 1018 253  1.1 7  5.1  95    0   67 326 -333  1
3823500 2818500  1 30 16   5.4 1018 263  1.2 7  5.2  94    3   50 323 -333  1
3823500 2818500  1 30 17   5.2 1018 244  1.4 7  5.1  93    5   21 323 -333  1
3823500 2818500  1 30 18   5.1 1018 263  1.3 7  5.1  93    0    0 323 -330  1
3823500 2818500  1 30 19   5.0 1018 275  1.3 8  5.0  93    0    0 329 -329  1
3823500 2818500  1 30 20   4.6 1019 263  1.2 8  4.9  93    0    0 334 -328  1
3823500 2818500  1 30 21   4.6 1019 249  1.1 8  5.0  94    0    0 333 -328  1
3823500 2818500  1 30 22   5.1 1019 272  2.1 8  5.1  95    0    0 334 -328  1
3823500 2818500  1 30 23   5.0 1019 266  2.6 7  5.0  93    0    0 330 -328  1
3823500 2818500  1 30 24   4.8 1019 276  2.3 8  5.0  93    0    0 330 -329  1
3823500 2818500  1 31  1   4.6 1018 268  1.6 7  4.9  93    0    0 330 -330  1
3823500 2818500  1 31  2   4.5 1018 265  1.8 8  4.9  93    0    0 330 -331  1
3823500 2818500  1 31  3   4.4 1018 270  1.8 8  4.9  94    0    0 335 -332  1
3823500 2818500  1 31  4   4.6 1017 260  2.1 7  4.9  94    0    0 329 -333  1
3823500 2818500  1 31  5   4.6 1017 265  2.2 7  4.9  93    0    0 322 -335  1
3823500 2818500  1 31  6   4.7 1017 261  2.4 8  5.0  94    0    0 328 -336  1
3823500 2818500  1 31  7   4.8 1016 261  2.8 8  5.1  95    0    0 333 -336  1
3823500 2818500  1 31  8   4.9 1016 258  2.8 8  5.1  96    0    0 332 -338  1
3823500 2818500  1 31  9   5.2 1016 260  3.0 8  5.1  94    3   14 333 -339  1
3823500 2818500  1 31 10   5.6 1016 268  3.2 6  5.0  91    4   55 319 -341  1
3823500 2818500  1 31 11   5.7 1015 269  4.5 6  5.1  90    4   90 307 -342  1
3823500 2818500  1 31 12   5.8 1015 269  4.7 7  5.2  92    0   55 315 -344  1
3823500 2818500  1 31 13   6.0 1014 270  5.0 8  5.3  92    0   38 329 -345  1
3823500 2818500  1 31 14   6.3 1013 273  4.9 8  5.4  93    0   31 335 -346  1
3823500 2818500  1 31 15   6.5 1012 274  4.6 8  5.5  92    0   24 335 -346  1
3823500 2818500  1 31 16   6.6 1011 280  4.3 8  5.6  93    0   17 336 -347  1
3823500 2818500  1 31 17   6.8 1011 284  3.8 8  5.7  93    0    6 336 -347  1
3823500 2818500  1 31 18   6.8 1010 311  3.9 8  5.8  93    0    0 334 -347  1
3823500 2818500  1 31 19   5.7 1010 311  3.4 8  5.6  94    0    0 330 -347  1
3823500 2818500  1 31 20   5.3 1010 308  3.3 8  5.3  93    0    0 326 -347  1
3823500 2818500  1 31 21   4.9 1010 324  3.7 7  5.0  92    0    0 319 -346  1
3823500 2818500  1 31 22   4.6 1010 321  3.2 6  4.8  90    0    0 304 -343  1
3823500 2818500  1 31 23   3.9 1011 331  3.2 6  4.6  89    0    0 296 -339  1
3823500 2818500  1 31 24   3.9 1011 325  3.0 6  4.5  89    0    0 295 -336  1
3823500 2818500  2  1  1   3.6 1011 314  3.5 5  4.4  90    0    0 283 -333  1
3823500 2818500  2  1  2   3.1 1011 293  2.2 5  4.4  90    0    0 281 -333  1
3823500 2818500  2  1  3   3.0 1011 303  3.4 5  4.3  91    0    0 280 -329  1
3823500 2818500  2  1  4   3.0 1011 303  2.8 6  4.2  90    0    0 286 -326  1
3823500 2818500  2  1  5   2.6 1011 312  2.9 7  4.2  90    0    0 296 -325  1
3823500 2818500  2  1  6   2.6 1012 320  2.7 7  4.0  87    0    0 300 -324  1
3823500 2818500  2  1  7   2.0 1012 313  2.2 5  3.8  86    0    0 288 -323  1
3823500 2818500  2  1  8   2.2 1013 309  1.6 4  3.8  86    0    0 270 -321  1
3823500 2818500  2  1  9   2.1 1014 299  1.7 4  3.8  86    0   20 264 -320  1
3823500 2818500  2  1 10   3.0 1014 294  1.4 4  3.9  86   11   84 266 -321  1
3823500 2818500  2  1 11   3.8 1015 303  1.9 6  4.0  83    5  111 278 -324  1
3823500 2818500  2  1 12   4.3 1016 304  1.9 5  4.1  82    7  136 285 -330  1
3823500 2818500  2  1 13   4.9 1016 302  2.5 6  4.2  80    4  134 287 -335  1
3823500 2818500  2  1 14   5.2 1016 299  2.9 7  4.2  77    0   83 296 -338  1
3823500 2818500  2  1 15   5.4 1016 328  3.6 7  4.1  74    0   58 298 -339  1
3823500 2818500  2  1 16   5.2 1017 312  2.4 7  3.9  71    0   40 295 -337  1
3823500 2818500  2  1 17   4.6 1017 324  2.8 7  3.9  72    0   19 293 -334  1
3823500 2818500  2  1 18   3.9 1018 301  1.4 7  3.9  76    0    0 291 -329  1
3823500 2818500  2  1 19   4.2 1018 292  1.7 7  3.9  78    0    0 292 -327  1
3823500 2818500  2  1 20   4.1 1018 303  1.7 8  4.0  78    0    0 296 -326  1
3823500 2818500  2  1 21   3.7 1019 292  1.5 8  4.0  81    0    0 301 -324  1
3823500 2818500  2  1 22   3.7 1019 294  2.0 8  4.1  83    0    0 300 -322  1
3823500 2818500  2  1 23   3.8 1019 287  2.2 8  4.1  84    0    0 303 -322  1
3823500 2818500  2  1 24   3.7 1019 287  2.1 8  4.2  85    0    0 306 -324  1
3823500 2818500  2  2  1   3.9 1019 290  2.1 6  4.2  85    0    0 297 -327  1
3823500 2818500  2  2  2   3.9 1019 287  2.3 7  4.2  83    0    0 294 -329  1
3823500 2818500  2  2  3   3.9 1019 288  2.8 7  4.3  86    0    0 302 -331  1
3823500 2818500  2  2  4   4.0 1019 290  2.6 7  4.4  89    0    0 306 -333  1
3823500 2818500  2  2  5   4.7 1019 281  3.7 8  4.6  90    0    0 317 -335  1
3823500 2818500  2  2  6   4.8 1018 286  2.3 8  4.8  91    0    0 326 -337  1
3823500 2818500  2  2  7   5.2 1018 287  1.5 8  5.0  92    0    0 328 -339  1
3823500 2818500  2  2  8   5.4 1018 318  2.6 8  5.0  91    0    0 330 -340  1
3823500 2818500  2  2  9   5.2 1018 316  1.4 8  5.0  91    0   10 331 -341  1
3823500 2818500  2  2 10   5.4 1018 300  2.0 7  5.1  92    2   61 326 -342  1
3823500 2818500  2  2 11   5.5 1018 304  2.7 6  5.1  91    0   76 316 -342  1
3823500 2818500  2  2 12   5.8 1018 308  2.8 7  5.1  91    0   69 316 -342  1
3823500 2818500  2  2 13   6.2 1018 309  3.0 8  5.1  88    0   61 329 -343  1
3823500 2818500  2  2 14   6.2 1018 309  3.9 6  5.0  85   16  132 324 -344  1
3823500 2818500  2  2 15   6.2 1018 308  2.9 4  4.9  83   48  119 299 -344  1
3823500 2818500  2  2 16   6.2 1018 313  3.2 5  4.8  82    2   62 293 -344  1
3823500 2818500  2  2 17   6.2 1018 314  2.7 8  4.8  81    1   25 314 -343  1
3823500 2818500  2  2 18   6.1 1018 318  1.3 7  4.7  80    0    0 324 -342  1
3823500 2818500  2  2 19   5.9 1018 309  1.6 7  4.8  82    0    0 318 -340  1
3823500 2818500  2  2 20   5.8 1018 312  2.1 7  4.9  85    0    0 317 -339  1
3823500 2818500  2  2 21   5.8 1018 299  2.5 7  5.0  87    0    0 317 -338  1
3823500 2818500  2  2 22   5.7 1019 296  2.3 7  5.0  87    0    0 317 -338  1
3823500 2818500  2  2 23   5.7 1019 302  2.9 7  4.9  87    0    0 318 -337  1
3823500 2818500  2  2 24   5.6 1019 286  2.2 8  5.0  88    0    0 323 -337  1
3823500 2818500  2  3  1   5.5 1020 292  3.0 8  4.9  88    0    0 328 -337  1
3823500 2818500  2  3  2   5.4 1020 298  2.6 7  4.9  88    0    0 320 -336  1
3823500 2818500  2  3  3   5.2 1020 302  2.6 7  4.9  89    0    0 313 -336  1
3823500 2818500  2  3  4   5.0 1019 315  2.5 6  4.8  89    0    0 306 -336  1
3823500 2818500  2  3  5   4.9 1020 302  1.6 7  4.8  90    0    0 306 -336  1
3823500 2818500  2  3  6   4.9 1020 314  1.3 8  4.8  90    0    0 318 -336  1
3823500 2818500  2  3  7   5.2 1020 317  1.5 8  4.8  89    0    0 324 -336  1
3823500 2818500  2  3  8   5.2 1020 324  1.8 8  4.8  88    0    0 323 -336  1
3823500 2818500  2  3  9   5.2 1021 319  1.7 7  4.8  88    0   10 317 -336  1
3823500 2818500  2  3 10   5.5 1021 335  1.9 7  4.8  87    3   63 313 -336  1
3823500 2818500  2  3 11   5.8 1022 355  2.1 6  4.7  84    5   91 307 -338  1
3823500 2818500  2  3 12   6.0 1022 336  2.7 7  4.7  81    0   73 308 -342  1
3823500 2818500  2  3 13   6.1 1023 347  2.8 7  4.6  80    0   75 313 -346  1
3823500 2818500  2  3 14   6.3 1023   9  2.2 7  4.6  78    0   72 313 -349  1
3823500 2818500  2  3 15   6.1 1023 287  2.8 6  4.5  78    0   58 306 -351  1
3823500 2818500  2  3 16   5.9 1023 300  1.7 7  4.5  78    0   40 304 -350  1
3823500 2818500  2  3 17   5.9 1023 300  1.1 7  4.5  79    0   23 305 -348  1
3823500 2818500  2  3 18   4.9 1024 315  1.2 7  4.4  80    0    2 301 -343  1
3823500 2818500  2  3 19   4.5 1024 298  0.4 8  4.3  81    0    0 302 -339  1
3823500 2818500  2  3 20   4.7 1025 289  0.7 7  4.4  84    0    0 302 -334  1
3823500 2818500  2  3 21   4.6 1025 268  1.1 8  4.5  86    0    0 303 -328  1
3823500 2818500  2  3 22   4.8 1025 248  1.4 7  4.6  88    0    0 303 -324  1
3823500 2818500  2  3 23   4.8 1025 259  1.0 7  4.6  88    0    0 301 -323  1
3823500 2818500  2  3 24   4.7 1025 246  1.0 8  4.7  89    0    0 306 -322  1
3823500 2818500  2  4  1   4.6 1025 234  1.0 7  4.8  91    0    0 305 -322  1
3823500 2818500  2  4  2   4.5 1025 244  0.6 8  4.9  94    0    0 304 -322  1
3823500 2818500  2  4  3   4.5 1025 227  0.6 7  4.9  94    0    0 303 -322  1
3823500 2818500  2  4  4   4.4 1025 216  0.4 7  4.9  95    0    0 297 -324  1
3823500 2818500  2  4  5   4.2 1024 212  0.1 7  4.9  96    0    0 295 -326  1
3823500 2818500  2  4  6   4.1 1024 216  0.3 8  5.0  98    0    0 300 -327  1
3823500 2818500  2  4  7   4.1 1024 202  0.1 8  5.0  98    0    0 305 -328  1
3823500 2818500  2  4  8   4.1 1024 187  0.5 8  4.9  98    0    0 306 -328  1
3823500 2818500  2  4  9   4.3 1024 217  0.1 7  5.0  98    0   14 302 -328  1
3823500 2818500  2  4 10   4.6 1025 195  0.1 5  5.0  98   34   83 290 -329  1
3823500 2818500  2  4 11   5.2 1025 207  0.9 4  5.1  97   59  137 276 -332  1
3823500 2818500  2  4 12   6.2 1025 215  0.9 4  5.2  93  104  168 274 -337  1
3823500 2818500  2  4 13   7.0 1024 210  2.0 5  5.0  84   44  179 280 -342  1
3823500 2818500  2  4 14   6.8 1024 215  1.2 6  4.9  80    0   88 290 -346  1
3823500 2818500  2  4 15   6.6 1023 202  1.5 6  5.0  82    0   82 296 -346  1
3823500 2818500  2  4 16   6.3 1023 199  1.1 7  5.0  84    0   52 301 -344  1
3823500 2818500  2  4 17   5.9 1022 205  0.4 7  4.9  85    0   11 306 -340  1
3823500 2818500  2  4 18   5.6 1022 167  0.6 7  4.9  86    0    0 306 -333  1
3823500 2818500  2  4 19   4.9 1022 168  1.0 5  4.8  87    0    0 293 -327  1
3823500 2818500  2  4 20   4.8 1022 175  0.9 5  4.7  89    0    0 281 -323  1
3823500 2818500  2  4 21   4.2 1022 166  0.5 5  4.7  91    0    0 279 -321  1
3823500 2818500  2  4 22   3.1 1022 162  0.7 4  4.5  92    0    0 269 -319  1
3823500 2818500  2  4 23   2.4 1021 160  0.5 4  4.3  93    0    0 258 -319  1
3823500 2818500  2  4 24   2.4 1021 160  1.2 3  4.2  93    0    0 250 -318  1
3823500 2818500  2  5  1   1.7 1021 151  1.3 1  3.9  90    0    0 228 -316  1
3823500 2818500  2  5  2   0.9 1020 130  1.2 0  3.6  88    0    0 206 -315  1
3823500 2818500  2  5  3   0.4 1020 147  1.5 0  3.5  88    0    0 197 -314  1
3823500 2818500  2  5  4  -0.2 1020 123  1.3 0  3.4  89    0    0 196 -314  1
3823500 2818500  2  5  5  -0.4 1019 124  1.2 0  3.3  89    0    0 196 -314  1
3823500 2818500  2  5  6  -0.4 1018 121  1.3 1  3.2  88    0    0 202 -313  1
3823500 2818500  2  5  7  -0.7 1018 105  1.1 0  3.2  87    0    0 203 -312  1
3823500 2818500  2  5  8  -0.6 1018 126  1.8 1  3.1  85    0    0 204 -310  1
3823500 2818500  2  5  9  -0.5 1017 129  1.9 3  2.9  81    2   20 218 -308  1
3823500 2818500  2  5 10   0.9 1017 136  2.3 3  2.9  76   73   61 227 -309  1
3823500 2818500  2  5 11   2.0 1017 149  2.9 3  2.9  69  177   75 229 -313  1
3823500 2818500  2  5 12   2.7 1016 141  3.0 3  2.8  63  240   82 229 -317  1
3823500 2818500  2  5 13   3.4 1016 138  2.6 3  2.8  59  272   82 230 -321  1
3823500 2818500  2  5 14   4.0 1015 136  2.9 3  2.8  56  266   76 230 -325  1
3823500 2818500  2  5 15   4.1 1014 147  2.9 4  2.7  54  198   75 233 -326  1
3823500 2818500  2  5 16   3.9 1014 136  1.8 5  2.6  52   84   71 238 -323  1
3823500 2818500  2  5 17   3.5 1013 131  1.3 6  2.6  53   22   31 242 -320  1
3823500 2818500  2  5 18   2.0 1013 130  1.0 6  2.6  56    0    1 241 -319  1
3823500 2818500  2  5 19   1.4 1013 133  1.2 4  2.6  61    0    0 232 -316  1
3823500 2818500  2  5 20   1.1 1014 147  1.5 4  2.6  62    0    0 225 -314  1
3823500 2818500  2  5 21   0.5 1014 146  1.4 4  2.6  64    0    0 224 -314  1
3823500 2818500  2  5 22   0.2 1014 142  1.3 3  2.6  67    0    0 220 -313  1
3823500 2818500  2  5 23   0.0 1015 141  1.3 3  2.6  69    0    0 219 -311  1
3823500 2818500  2  5 24  -0.1 1015 142  1.1 4  2.6  70    0    0 220 -309  1
3823500 2818500  2  6  1   0.6 1015 137  1.4 4  2.6  68    0    0 222 -307  1
3823500 2818500  2  6  2   0.8 1016 141  1.4 6  2.6  66    0    0 227 -306  1
3823500 2818500  2  6  3   0.4 1016 130  1.2 6  2.6  65    0    0 233 -305  1
3823500 2818500  2  6  4   0.1 1016 138  1.2 6  2.5  66    0    0 234 -305  1
3823500 2818500  2  6  5  -0.4 1016 119  1.2 7  2.5  67    0    0 239 -305  1
3823500 2818500  2  6  6  -1.0 1016 125  2.1 3  2.5  69    0    0 231 -304  1
3823500 2818500  2  6  7  -1.4 1017 121  1.7 0  2.4  69    0    0 211 -304  1
3823500 2818500  2  6  8  -1.7 1017 130  1.5 0  2.3  68    0    0 200 -304  1
3823500 2818500  2  6  9  -1.5 1017 136  1.5 1  2.3  69    6   23 203 -305  1
3823500 2818500  2  6 10  -0.2 1018 124  1.7 0  2.4  66   79   63 205 -307  1
3823500 2818500  2  6 11   1.1 1018 140  2.0 0  2.4  63  171   84 206 -312  1
3823500 2818500  2  6 12   2.3 1018 146  1.6 0  2.5  60  242   90 208 -317  1
3823500 2818500  2  6 13   2.7 1018 108  1.9 0  2.6  57  278   91 211 -321  1
3823500 2818500  2  6 14   3.3 1018 108  2.4 0  2.6  56  268   86 211 -324  1
3823500 2818500  2  6 15   3.7 1018 111  2.2 0  2.7  56  224   74 213 -326  1
3823500 2818500  2  6 16   3.6 1018 117  1.9 0  2.8  56  141   60 213 -323  1
3823500 2818500  2  6 17   2.4 1018 115  1.3 0  2.7  57   47   33 212 -320  1
3823500 2818500  2  6 18   0.3 1018  94  1.0 0  2.5  61    1    5 208 -319  1
3823500 2818500  2  6 19  -0.3 1018  82  1.2 0  2.4  65    0    0 206 -317  1
3823500 2818500  2  6 20  -1.2 1019  91  1.3 0  2.4  67    0    0 205 -314  1
3823500 2818500  2  6 21  -1.1 1019 113  1.6 1  2.4  70    0    0 207 -313  1
3823500 2818500  2  6 22  -1.9 1019 111  1.7 1  2.5  73    0    0 208 -312  1
3823500 2818500  2  6 23  -2.3 1019 117  1.7 1  2.4  75    0    0 207 -310  1
3823500 2818500  2  6 24  -2.2 1019 110  1.2 0  2.4  75    0    0 205 -307  1
3823500 2818500  2  7  1  -2.6 1019 110  0.8 0  2.4  77    0    0 203 -306  1
3823500 2818500  2  7  2  -2.7 1019 111  1.0 0  2.4  79    0    0 203 -305  1
3823500 2818500  2  7  3  -3.2 1019 111  1.0 0  2.4  80    0    0 203 -304  1
3823500 2818500  2  7  4  -3.3 1019  96  0.7 0  2.4  81    0    0 202 -303  1
3823500 2818500  2  7  5  -3.8 1019 114  0.4 0  2.3  81    0    0 201 -301  1
3823500 2818500  2  7  6  -3.8 1019  91  0.3 0  2.3  82    0    0 199 -300  1
3823500 2818500  2  7  7  -3.8 1019 111  0.5 0  2.4  83    0    0 199 -299  1
3823500 2818500  2  7  8  -4.1 1019 106  0.3 0  2.4  84    0    0 199 -298  1
3823500 2818500  2  7  9  -3.5 1019 119  0.4 0  2.4  84    8   25 198 -298  1
3823500 2818500  2  7 10  -1.1 1019 113  0.6 0  2.5  78   76   69 201 -300  1
3823500 2818500  2  7 11   1.2 1019 109  1.0 0  2.6  69  161   94 207 -305  1
3823500 2818500  2  7 12   2.5 1019 103  1.3 0  2.7  62  237  102 209 -312  1
3823500 2818500  2  7 13   3.7 1019 102  1.5 0  2.7  58  274  101 212 -317  1
3823500 2818500  2  7 14   4.8 1018 100  1.7 0  2.8  56  268   94 214 -320  1
3823500 2818500  2  7 15   5.9 1018 108  1.6 0  2.9  52  224   83 218 -322  1
3823500 2818500  2  7 16   5.5 1017  84  1.2 0  2.9  51  141   66 219 -321  1
3823500 2818500  2  7 17   3.4 1017  79  0.7 0  3.0  57   50   37 218 -320  1
3823500 2818500  2  7 18   1.7 1017  73  0.4 1  3.0  65    1    7 216 -317  1
3823500 2818500  2  7 19   0.1 1017  80  0.1 0  2.9  73    0    0 213 -312  1
3823500 2818500  2  7 20  -1.1 1017  94  0.2 0  2.9  80    0    0 208 -308  1
3823500 2818500  2  7 21  -1.7 1018  97  0.1 0  2.8  82    0    0 206 -305  1
3823500 2818500  2  7 22  -2.5 1018 127  0.2 0  2.7  84    0    0 205 -303  1
3823500 2818500  2  7 23  -2.6 1018 109  0.1 0  2.6  84    0    0 204 -300  1
3823500 2818500  2  7 24  -2.9 1018 132  0.5 1  2.6  86    0    0 207 -298  1
3823500 2818500  2  8  1  -3.5 1017 144  0.1 0  2.6  87    0    0 207 -296  1
3823500 2818500  2  8  2  -3.4 1018 134  0.1 0  2.5  86    0    0 204 -295  1
3823500 2818500  2  8  3  -4.1 1018 138  0.1 1  2.5  86    0    0 206 -293  1
3823500 2818500  2  8  4  -4.4 1018 145  0.1 0  2.4  88    0    0 205 -293  1
3823500 2818500  2  8  5  -4.7 1018 118  0.1 0  2.4  90    0    0 202 -293  1
3823500 2818500  2  8  6  -4.5 1018 163  0.1 0  2.4  89    0    0 202 -293  1
3823500 2818500  2  8  7  -5.0 1018 177  0.1 0  2.3  88    0    0 202 -294  1
3823500 2818500  2  8  8  -5.0 1019 167  0.1 1  2.3  88    0    0 205 -295  1
3823500 2818500  2  8  9  -3.2 1019 171  0.2 2  2.5  89    3   25 215 -296  1
3823500 2818500  2  8 10  -1.3 1019 183  0.1 3  2.7  86   29   86 230 -299  1
3823500 2818500  2  8 11   1.2 1020 181  0.2 2  3.1  84  121  117 237 -306  1
3823500 2818500  2  8 12   2.6 1020 198  0.4 0  3.4  79  214  126 228 -314  1
3823500 2818500  2  8 13   3.8 1020 207  1.3 0  3.4  73  249  128 222 -320  1
3823500 2818500  2  8 14   4.5 1020 204  1.2 0  3.5  69  245  120 226 -324  1
3823500 2818500  2  8 15   4.7 1020 199  1.1 0  3.5  68  199  106 228 -327  1
3823500 2818500  2  8 16   4.5 1020 192  0.8 0  3.5  67  127   80 228 -325  1
3823500 2818500  2  8 17   3.3 1020 157  0.1 1  3.4  68   44   43 230 -322  1
3823500 2818500  2  8 18   1.2 1020 130  0.1 1  3.2  72    1    7 231 -320  1
3823500 2818500  2  8 19  -1.1 1020 148  0.1 2  2.9  77    0    0 228 -319  1
3823500 2818500  2  8 20  -1.0 1020 168  0.1 2  2.7  79    0    0 230 -318  1
3823500 2818500  2  8 21  -1.6 1021 158  0.1 0  2.7  79    0    0 221 -317  1
3823500 2818500  2  8 22  -0.9 1021 169  0.1 0  2.8  82    0    0 214 -317  1
3823500 2818500  2  8 23  -0.8 1021 164  0.3 0  3.0  84    0    0 216 -317  1
3823500 2818500  2  8 24  -0.9 1021 163  0.5 0  2.9  83    0    0 216 -318  1
3823500 2818500  2  9  1  -1.6 1021 165  0.5 0  2.9  84    0    0 216 -318  1
3823500 2818500  2  9  2  -1.8 1021 169  0.8 0  2.9  86    0    0 216 -318  1
3823500 2818500  2  9  3  -1.7 1021 170  0.8 1  2.9  86    0    0 219 -318  1
3823500 2818500  2  9  4  -1.8 1020 172  1.1 2  2.9  87    0    0 227 -319  1
3823500 2818500  2  9  5  -2.0 1020 181  1.2 2  2.9  88    0    0 231 -319  1
3823500 2818500  2  9  6  -1.5 1020 174  1.4 5  3.0  89    0    0 244 -320  1
3823500 2818500  2  9  7  -1.1 1020 180  1.2 8  3.1  89    0    0 268 -321  1
3823500 2818500  2  9  8  -1.2 1020 168  0.8 8  3.1  90    0    0 282 -321  1
3823500 2818500  2  9  9  -0.8 1020 175  1.1 7  3.2  91    3   30 279 -322  1
3823500 2818500  2  9 10   0.4 1020 180  1.2 4  3.4  92   22  102 268 -323  1
3823500 2818500  2  9 11   2.8 1020 192  1.3 5  3.8  89   45  167 267 -325  1
3823500 2818500  2  9 12   5.2 1020 216  2.7 5  4.1  82   71  211 277 -330  1
3823500 2818500  2  9 13   6.5 1020 221  2.7 4  4.4  77   74  229 279 -336  1
3823500 2818500  2  9 14   7.5 1020 216  2.3 5  4.6  74   34  197 283 -339  1
3823500 2818500  2  9 15   8.1 1019 212  2.6 5  4.7  72   35  170 289 -340  1
3823500 2818500  2  9 16   8.1 1018 209  2.1 4  4.9  73   59  120 288 -338  1
3823500 2818500  2  9 17   7.5 1018 212  2.0 7  4.8  73   18   52 295 -336  1
3823500 2818500  2  9 18   7.0 1018 199  2.1 6  4.6  72    0    7 301 -333  1
3823500 2818500  2  9 19   6.9 1018 200  2.2 8  4.5  74    0    0 304 -332  1
3823500 2818500  2  9 20   6.4 1018 213  2.4 8  4.6  76    0    0 311 -332  1
3823500 2818500  2  9 21   6.0 1018 206  2.1 7  4.8  82    0    0 307 -332  1
3823500 2818500  2  9 22   6.5 1017 203  3.0 8  5.0  84    0    0 309 -332  1
3823500 2818500  2  9 23   7.0 1017 218  2.8 8  5.0  82    0    0 315 -332  1
3823500 2818500  2  9 24   7.3 1017 219  3.4 7  5.0  80    0    0 313 -331  1
3823500 2818500  2 10  1   7.4 1016 221  3.5 7  5.0  78    0    0 311 -331  1
3823500 2818500  2 10  2   7.6 1016 220  3.9 7  4.9  76    0    0 312 -331  1
3823500 2818500  2 10  3   7.4 1015 219  4.4 7  4.9  76    0    0 314 -332  1
3823500 2818500  2 10  4   7.3 1015 217  3.9 8  4.8  76    0    0 318 -332  1
3823500 2818500  2 10  5   7.3 1014 219  4.2 8  4.9  77    0    0 324 -333  1
3823500 2818500  2 10  6   7.1 1013 218  4.5 8  5.0  80    0    0 326 -334  1
3823500 2818500  2 10  7   6.5 1013 218  4.8 8  5.1  83    0    0 327 -335  1
3823500 2818500  2 10  8   7.0 1012 216  5.2 8  5.1  84    0    0 329 -336  1
3823500 2818500  2 10  9   6.7 1012 223  4.1 8  5.2  85    0    5 332 -337  1
3823500 2818500  2 10 10   6.8 1012 229  4.3 8  5.3  87    0   24 333 -338  1
3823500 2818500  2 10 11   6.8 1012 224  5.0 7  5.4  88    0   38 329 -339  1
3823500 2818500  2 10 12   7.0 1011 228  5.2 7  5.5  89    0   45 326 -341  1
3823500 2818500  2 10 13   7.2 1011 237  5.4 7  5.6  90    0   62 328 -344  1
3823500 2818500  2 10 14   7.4 1011 239  5.4 7  5.8  91    0   62 329 -345  1
3823500 2818500  2 10 15   7.5 1010 236  5.1 7  5.9  92    0   70 331 -346  1
3823500 2818500  2 10 16   7.9 1010 239  5.3 7  6.0  92    0   50 332 -346  1
3823500 2818500  2 10 17   7.8 1009 240  4.6 8  6.1  92    1   33 337 -347  1
3823500 2818500  2 10 18   7.9 1009 245  4.2 8  6.1  92    0    5 342 -348  1
3823500 2818500  2 10 19   6.9 1010 278  3.7 7  5.9  91    0    0 334 -348  1
3823500 2818500  2 10 20   5.7 1010 292  2.8 7  5.4  91    0    0 322 -349  1
3823500 2818500  2 10 21   5.1 1011 272  2.0 8  5.1  92    0    0 324 -350  1
3823500 2818500  2 10 22   4.9 1011 243  1.3 8  5.1  93    0    0 329 -350  1
3823500 2818500  2 10 23   4.6 1012 257  2.1 8  5.0  93    0    0 327 -349  1
3823500 2818500  2 10 24   4.3 1012 248  1.9 8  4.8  92    0    0 326 -346  1
3823500 2818500  2 11  1   4.3 1012 247  2.2 7  4.8  92    0    0 317 -342  1
3823500 2818500  2 11  2   4.2 1012 231  1.9 7  4.9  94    0    0 309 -340  1
3823500 2818500  2 11  3   4.5 1012 226  2.0 8  4.9  95    0    0 317 -338  1
3823500 2818500  2 11  4   4.5 1012 219  1.5 8  5.0  95    0    0 326 -337  1
3823500 2818500  2 11  5   4.7 1011 219  1.2 8  5.0  96    0    0 324 -335  1
3823500 2818500  2 11  6   4.9 1011 237  1.9 8  5.2  96    0    0 325 -333  1
3823500 2818500  2 11  7   4.7 1011 280  1.2 8  5.2  96    0    0 325 -331  1
3823500 2818500  2 11  8   4.3 1011  68  1.0 8  5.1  96    0    0 324 -330  1
3823500 2818500  2 11  9   4.4 1011  80  0.4 7  5.0  97    0   19 317 -329  1
3823500 2818500  2 11 10   4.8 1011 160  1.0 7  5.2  99    1   72 312 -332  1
3823500 2818500  2 11 11   6.0 1011 335  1.1 5  5.3  94   21  140 303 -337  1
3823500 2818500  2 11 12   7.4 1011 358  1.0 3  5.1  84   94  185 279 -344  1
3823500 2818500  2 11 13   8.2 1011   9  0.8 3  5.1  77  105  199 266 -349  1
3823500 2818500  2 11 14   8.6 1011  23  0.6 4  5.0  72   76  190 273 -351  1
3823500 2818500  2 11 15   9.3 1011   3  0.7 4  4.9  69   66  159 280 -351  1
3823500 2818500  2 11 16   8.3 1010  51  0.8 4  4.9  69   46  106 277 -348  1
3823500 2818500  2 11 17   7.2 1010  42  1.0 6  4.9  74   19   44 286 -345  1
3823500 2818500  2 11 18   6.2 1010  44  0.8 6  5.1  83    0    8 294 -341  1
3823500 2818500  2 11 19   5.6 1010  38  0.4 8  5.1  88    0    0 302 -336  1
3823500 2818500  2 11 20   5.0 1010 100  0.3 8  5.0  90    0    0 311 -331  1
3823500 2818500  2 11 21   4.3 1009 133  0.5 7  4.9  93    0    0 306 -329  1
3823500 2818500  2 11 22   4.4 1009 147  0.2 6  4.9  94    0    0 297 -329  1
3823500 2818500  2 11 23   4.5 1008 139  0.2 7  4.9  93    0    0 298 -331  1
3823500 2818500  2 11 24   4.5 1007 146  0.3 8  5.0  94    0    0 313 -332  1
3823500 2818500  2 12  1   4.4 1006 154  0.3 8  5.0  95    0    0 320 -334  1
3823500 2818500  2 12  2   4.6 1004 129  0.8 8  5.0  94    0    0 320 -336  1
3823500 2818500  2 12  3   4.7 1003 146  0.9 7  5.1  94    0    0 313 -339  1
3823500 2818500  2 12  4   4.7 1001 156  1.0 8  5.1  95    0    0 315 -342  1
3823500 2818500  2 12  5   5.2  999 158  2.3 8  5.2  95    0    0 328 -347  1
3823500 2818500  2 12  6   5.9  996 158  2.2 8  5.4  95    0    0 333 -352  1
3823500 2818500  2 12  7   7.2  994 186  2.0 8  5.8  94    0    0 338 -356  1
3823500 2818500  2 12  8   9.3  992 219  3.7 8  6.6  95    0    0 347 -359  1
3823500 2818500  2 12  9   9.7  990 224  4.4 8  7.2  95    0   11 352 -362  1
3823500 2818500  2 12 10  10.2  988 224  4.9 7  7.3  93    0   26 345 -363  1
3823500 2818500  2 12 11  10.7  986 234  6.7 8  7.4  91    0   38 347 -364  1
3823500 2818500  2 12 12  10.9  984 237  7.3 8  7.4  90    0   46 360 -365  1
3823500 2818500  2 12 13  11.0  983 250  8.3 7  7.4  88    0   74 349 -365  1
3823500 2818500  2 12 14  10.7  982 256  8.7 8  7.2  87    0   51 350 -364  1
3823500 2818500  2 12 15   9.6  982 260  9.6 7  6.9  86    0   31 349 -362  1
3823500 2818500  2 12 16   7.7  981 272 10.2 7  6.0  83    0   50 336 -359  1
3823500 2818500  2 12 17   6.3  982 277 10.3 7  5.1  79   10   34 330 -355  1
3823500 2818500  2 12 18   5.8  983 281  8.6 7  4.7  78    5    6 327 -351  1
3823500 2818500  2 12 19   5.4  984 279  7.7 7  4.5  77    0    0 324 -347  1
3823500 2818500  2 12 20   5.0  985 277  7.4 7  4.5  80    0    0 321 -344  1
3823500 2818500  2 12 21   4.6  985 275  6.8 7  4.5  82    0    0 313 -341  1
3823500 2818500  2 12 22   4.4  985 274  6.3 6  4.5  84    0    0 309 -339  1
3823500 2818500  2 12 23   3.8  985 240  5.0 6  4.5  88    0    0 304 -337  1
3823500 2818500  2 12 24   3.1  986 194  3.7 6  4.4  91    0    0 297 -337  1
3823500 2818500  2 13  1   2.3 1028 140  2.1 6  4.3  95    0    0 252 -313  1
3823500 2818500  2 13  2   1.3 1028  96  0.9 6  4.1  98    0    0 265 -313  1
3823500 2818500  2 13  3   0.4 1028  60  0.1 6  3.9 100    0    0 265 -312  1
3823500 2818500  2 13  4  -0.2 1028  61  0.1 6  3.8 100    0    0 258 -311  1
3823500 2818500  2 13  5  -0.4 1028  60  0.1 5  3.7 100    0    0 252 -308  1
3823500 2818500  2 13  6  -1.1 1028  72  0.1 4  3.5 100    0    0 245 -306  1
3823500 2818500  2 13  7  -1.6 1028  54  0.1 4  3.4 100    0    0 240 -305  1
3823500 2818500  2 13  8  -1.5 1028  62  0.0 4  3.3  99    0    0 241 -304  1
3823500 2818500  2 13  9  -1.7 1028 326  0.0 2  3.3  98   15   33 232 -304  1
3823500 2818500  2 13 10   0.3 1028 168  0.0 1  3.5  98   67   90 223 -307  1
3823500 2818500  2 13 11   2.5 1029 111  0.1 1  3.8  93  108  138 226 -313  1
3823500 2818500  2 13 12   4.5 1029  73  0.1 1  4.1  85  115  176 231 -317  1
3823500 2818500  2 13 13   5.3 1029 355  0.1 2  4.1  78  112  190 238 -322  1
3823500 2818500  2 13 14   5.8 1028  77  0.4 2  4.2  75  182  156 243 -326  1
3823500 2818500  2 13 15   5.5 1028  43  0.5 0  4.2  76  201  111 235 -327  1
3823500 2818500  2 13 16   5.9 1028  93  0.2 0  4.3  76  136   88 227 -325  1
3823500 2818500  2 13 17   4.8 1028  99  0.5 2  4.2  77   54   49 235 -322  1
3823500 2818500  2 13 18   2.2 1028 271  0.1 2  4.0  84    0    5 237 -320  1
3823500 2818500  2 13 19   1.5 1028 290  0.1 3  3.8  89    0    0 235 -318  1
3823500 2818500  2 13 20   0.9 1028  54  0.2 4  3.7  91    0    0 239 -316  1
3823500 2818500  2 13 21  -0.7 1029  19  0.2 4  3.6  95    0    0 239 -315  1
3823500 2818500  2 13 22  -1.0 1029   7  0.3 5  3.5  99    0    0 239 -314  1
3823500 2818500  2 13 23  -0.3 1029  29  0.5 6  3.5 100    0    0 246 -314  1
3823500 2818500  2 13 24   1.0 1029  22  0.5 5  3.7  98    0    0 248 -314  1
3823500 2818500  2 14  1   1.2 1029  49  0.7 7  3.8  93    0    0 251 -312  1
3823500 2818500  2 14  2   1.2 1029   9  0.5 6  3.7  90    0    0 254 -311  1
3823500 2818500  2 14  3   1.1 1029   7  0.9 6  3.7  92    0    0 254 -309  1
3823500 2818500  2 14  4   1.1 1029  17  1.4 6  3.7  93    0    0 256 -308  1
3823500 2818500  2 14  5   1.0 1029  48  0.8 6  3.8  94    0    0 258 -308  1
3823500 2818500  2 14  6   1.1 1029 291  0.7 8  3.8  95    0    0 265 -308  1
3823500 2818500  2 14  7   1.4 1029 248  0.8 8  3.9  94    0    0 274 -307  1
3823500 2818500  2 14  8   1.5 1029 263  0.7 7  3.9  94    0    0 274 -307  1
3823500 2818500  2 14  9   1.7 1029 297  0.7 7  4.0  95    0   23 275 -307  1
3823500 2818500  2 14 10   1.9 1029 330  0.6 7  4.1  96    0   64 279 -310  1
3823500 2818500  2 14 11   2.4 1030 286  0.5 7  4.2  96    0   73 286 -315  1
3823500 2818500  2 14 12   2.9 1030 297  0.7 7  4.4  97    0   86 291 -320  1
3823500 2818500  2 14 13   3.5 1029 311  0.8 7  4.6  97    0   84 294 -325  1
3823500 2818500  2 14 14   4.1 1029 336  0.4 7  4.8  97    0   75 298 -329  1
3823500 2818500  2 14 15   4.4 1028   4  0.7 7  4.8  94    0   56 300 -331  1
3823500 2818500  2 14 16   4.4 1028  27  0.9 8  4.6  91    0   37 306 -331  1
3823500 2818500  2 14 17   4.5 1028  33  1.4 8  4.6  89    0   25 311 -327  1
3823500 2818500  2 14 18   4.3 1027  36  0.9 8  4.5  88    0    0 311 -321  1
3823500 2818500  2 14 19   4.2 1028  42  0.3 8  4.6  90    0    0 308 -319  1
3823500 2818500  2 14 20   4.1 1028  44  1.2 7  4.5  90    0    0 303 -316  1
3823500 2818500  2 14 21   4.0 1028  47  1.6 7  4.4  87    0    0 297 -314  1
3823500 2818500  2 14 22   3.5 1028  53  1.7 7  4.1  83    0    0 296 -315  1
3823500 2818500  2 14 23   3.1 1029  53  0.8 8  3.8  81    0    0 298 -316  1
3823500 2818500  2 14 24   3.1 1029  61  0.9 8  3.8  81    0    0 301 -315  1
3823500 2818500  2 15  1   3.0 1029  48  1.3 7  3.8  81    0    0 294 -316  1
3823500 2818500  2 15  2   2.6 1029  40  1.4 6  3.7  82    0    0 282 -317  1
3823500 2818500  2 15  3   1.7 1029  43  0.9 5  3.6  83    0    0 270 -317  1
3823500 2818500  2 15  4   1.0 1029  47  1.5 3  3.5  85    0    0 253 -317  1
3823500 2818500  2 15  5   0.5 1029  65  1.0 2  3.4  86    0    0 237 -316  1
3823500 2818500  2 15  6  -0.4 1030  62  0.4 1  3.2  87    0    0 225 -314  1
3823500 2818500  2 15  7  -1.1 1030  51  1.2 0  3.1  88    0    0 213 -312  1
3823500 2818500  2 15  8  -1.3 1030  52  1.0 0  3.0  87    0    1 207 -312  1
3823500 2818500  2 15  9  -0.9 1031  62  2.0 1  3.0  87   28   34 211 -312  1
3823500 2818500  2 15 10   0.1 1032  63  1.9 0  3.1  85  129   62 212 -314  1
3823500 2818500  2 15 11   1.4 1032  65  3.1 0  3.1  78  243   65 208 -317  1
3823500 2818500  2 15 12   2.2 1032  67  3.8 0  2.9  68  321   65 210 -318  1
3823500 2818500  2 15 13   3.1 1033  66  3.7 0  2.6  59  347   69 211 -320  1
3823500 2818500  2 15 14   3.5 1033  71  4.3 0  2.5  52  332   70 212 -322  1
3823500 2818500  2 15 15   3.5 1032  67  3.5 0  2.3  48  276   68 212 -323  1
3823500 2818500  2 15 16   3.4 1032  65  4.1 0  2.1  45  192   55 211 -321  1
3823500 2818500  2 15 17   2.8 1032  63  2.9 0  2.1  46   77   40 210 -319  1
3823500 2818500  2 15 18   1.7 1032  62  1.7 0  2.2  50    2    8 208 -315  1
3823500 2818500  2 15 19   0.6 1033  54  1.4 1  2.2  55    0    0 209 -311  1
3823500 2818500  2 15 20   0.1 1033  62  1.5 1  2.2  59    0    0 209 -307  1
3823500 2818500  2 15 21  -0.5 1033  52  1.4 1  2.2  62    0    0 207 -303  1
3823500 2818500  2 15 22  -1.0 1034  57  1.1 0  2.2  63    0    0 203 -301  1
3823500 2818500  2 15 23  -1.4 1034  74  1.1 0  2.2  64    0    0 199 -299  1
3823500 2818500  2 15 24  -1.7 1034  70  0.8 1  2.1  64    0    0 201 -299  1
3823500 2818500  2 16  1  -2.1 1034  58  0.4 0  2.1  65    0    0 200 -297  1
3823500 2818500  2 16  2  -2.6 1035  65  0.1 0  2.1  67    0    0 196 -295  1
3823500 2818500  2 16  3  -3.8 1035  52  0.1 0  2.1  70    0    0 193 -294  1
3823500 2818500  2 16  4  -4.0 1035  51  0.1 0  2.0  73    0    0 192 -292  1
3823500 2818500  2 16  5  -4.2 1035  39  0.1 0  2.0  74    0    0 191 -290  1
3823500 2818500  2 16  6  -4.6 1035  26  0.0 0  2.0  75    0    0 190 -289  1
3823500 2818500  2 16  7  -4.8 1035  45  0.1 0  2.0  77    0    0 189 -288  1
3823500 2818500  2 16  8  -5.0 1036  54  0.1 1  2.0  77    0    2 192 -287  1
3823500 2818500  2 16  9  -3.3 1036  61  0.3 1  2.1  78   30   35 198 -288  1
3823500 2818500  2 16 10  -1.4 1037  75  1.0 1  2.3  75  137   58 203 -291  1
3823500 2818500  2 16 11   0.2 1037 103  2.1 1  2.4  68  254   59 207 -299  1
3823500 2818500  2 16 12   1.0 1038  94  2.4 1  2.4  62  333   58 211 -307  1
3823500 2818500  2 16 13   1.7 1038 102  2.0 0  2.4  58  366   57 210 -313  1
3823500 2818500  2 16 14   2.2 1038  99  2.0 0  2.3  54  358   54 208 -317  1
3823500 2818500  2 16 15   2.6 1037 106  2.1 1  2.3  52  293   60 213 -318  1
3823500 2818500  2 16 16   2.7 1037 106  1.7 1  2.2  50  208   49 217 -317  1
3823500 2818500  2 16 17   1.8 1037  91  1.2 2  2.2  50   86   39 219 -314  1
3823500 2818500  2 16 18   0.3 1036  86  0.4 2  2.2  54    3    9 219 -309  1
3823500 2818500  2 16 19  -1.9 1035  95  0.1 0  2.1  62    0    0 209 -304  1
3823500 2818500  2 16 20  -2.4 1035  54  0.2 0  2.2  70    0    0 202 -300  1
3823500 2818500  2 16 21  -2.9 1035  75  0.1 0  2.2  73    0    0 201 -298  1
3823500 2818500  2 16 22  -3.2 1036  98  0.1 0  2.2  75    0    0 201 -296  1
3823500 2818500  2 16 23  -4.1 1036 125  0.1 0  2.2  76    0    0 199 -295  1
3823500 2818500  2 16 24  -4.9 1035 122  0.1 0  2.1  78    0    0 197 -293  1
3823500 2818500  2 17  1  -3.6 1035 145  0.5 0  2.1  76    0    0 197 -292  1
3823500 2818500  2 17  2  -4.2 1035 151  0.6 0  2.1  74    0    0 197 -292  1
3823500 2818500  2 17  3  -4.6 1034 158  0.4 0  2.0  76    0    0 195 -291  1
3823500 2818500  2 17  4  -4.9 1034 160  0.4 0  2.0  77    0    0 196 -291  1
3823500 2818500  2 17  5  -5.2 1033 168  0.4 1  2.0  78    0    0 197 -290  1
3823500 2818500  2 17  6  -5.9 1033 149  0.2 2  1.9  79    0    0 199 -290  1
3823500 2818500  2 17  7  -6.0 1033 171  0.2 2  1.9  80    0    0 199 -290  1
3823500 2818500  2 17  8  -6.2 1032 156  0.4 2  1.9  80    0    3 199 -290  1
3823500 2818500  2 17  9  -4.5 1032 166  0.3 4  2.0  79   26   39 205 -290  1
3823500 2818500  2 17 10  -1.2 1032 187  1.1 5  2.1  71  104   83 217 -295  1
3823500 2818500  2 17 11   1.1 1033 198  2.0 5  2.2  60  222   90 224 -304  1
3823500 2818500  2 17 12   3.3 1032 214  1.9 4  2.1  49  296   97 225 -313  1
3823500 2818500  2 17 13   4.9 1032 233  2.0 2  2.1  41  322  101 222 -321  1
3823500 2818500  2 17 14   5.9 1031 239  1.8 3  2.0  38  317   94 223 -326  1
3823500 2818500  2 17 15   6.7 1030 252  2.3 3  2.0  34  274   81 227 -327  1
3823500 2818500  2 17 16   7.0 1030 255  2.3 3  2.0  32  183   71 228 -326  1
3823500 2818500  2 17 17   6.1 1029 261  1.4 4  2.0  33   69   46 230 -322  1
3823500 2818500  2 17 18   3.7 1029 249  1.1 4  2.0  38    1    9 228 -319  1
3823500 2818500  2 17 19   1.3 1029 250  1.1 3  2.0  45    0    0 220 -317  1
3823500 2818500  2 17 20   0.1 1029 256  0.8 2  2.0  52    0    0 211 -314  1
3823500 2818500  2 17 21  -1.2 1029 249  0.8 2  2.1  58    0    0 207 -313  1
3823500 2818500  2 17 22  -2.2 1029 222  0.8 3  2.1  64    0    0 206 -312  1
3823500 2818500  2 17 23  -2.9 1029 229  0.4 2  2.1  68    0    0 204 -309  1
3823500 2818500  2 17 24  -3.6 1028 268  0.4 3  2.1  73    0    0 203 -307  1
3823500 2818500  2 18  1  -2.9 1027 233  0.4 3  2.2  76    0    0 204 -306  1
3823500 2818500  2 18  2  -1.9 1028 265  0.7 5  2.5  78    0    0 211 -305  1
3823500 2818500  2 18  3   0.1 1028 274  1.1 7  2.8  80    0    0 223 -305  1
3823500 2818500  2 18  4   0.3 1027 291  1.1 8  3.1  83    0    0 233 -304  1
3823500 2818500  2 18  5   0.2 1027 288  1.1 8  3.2  84    0    0 236 -304  1
3823500 2818500  2 18  6   0.1 1027 283  0.8 8  3.2  85    0    0 235 -303  1
3823500 2818500  2 18  7   0.2 1027 267  0.6 8  3.2  86    0    0 236 -303  1
3823500 2818500  2 18  8   0.3 1026 263  0.6 8  3.3  87    0    0 237 -302  1
3823500 2818500  2 18  9   0.6 1026 260  0.8 8  3.4  87    0   26 238 -303  1
3823500 2818500  2 18 10   1.0 1026 250  1.0 8  3.5  87    1   81 238 -306  1
3823500 2818500  2 18 11   1.8 1026 245  0.9 8  3.6  86    0   97 239 -313  1
3823500 2818500  2 18 12   2.5 1026 235  1.1 7  3.7  84    0  119 237 -320  1
3823500 2818500  2 18 13   3.2 1026 251  1.1 6  3.8  82    2  143 235 -326  1
3823500 2818500  2 18 14   3.7 1025 248  1.7 7  3.9  80    1  134 237 -330  1
3823500 2818500  2 18 15   4.2 1025 243  1.7 7  3.9  79    6  137 241 -334  1
3823500 2818500  2 18 16   4.4 1024 250  1.6 4  4.0  78   53  117 238 -335  1
3823500 2818500  2 18 17   4.3 1024 231  0.9 6  4.0  78   71   46 237 -329  1
3823500 2818500  2 18 18   3.3 1023 244  0.9 6  3.9  80    1   10 239 -322  1
3823500 2818500  2 18 19   1.9 1023 229  0.7 6  3.9  85    0    0 236 -319  1
3823500 2818500  2 18 20   1.8 1023 211  0.9 6  3.8  88    0    0 233 -317  1
3823500 2818500  2 18 21   1.9 1023 204  0.5 6  3.8  88    0    0 232 -316  1
3823500 2818500  2 18 22   1.9 1023 202  0.7 6  3.8  89    0    0 232 -315  1
3823500 2818500  2 18 23   2.0 1023 225  0.2 7  3.9  89    0    0 234 -315  1
3823500 2818500  2 18 24   1.7 1023 236  0.1 6  3.8  89    0    0 234 -314  1
3823500 2818500  2 19  1   1.8 1022 181  0.4 7  3.8  89    0    0 234 -312  1
3823500 2818500  2 19  2   1.6 1022 234  0.2 6  3.8  90    0    0 236 -310  1
3823500 2818500  2 19  3   1.5 1022 233  0.1 6  3.8  90    0    0 237 -308  1
3823500 2818500  2 19  4   0.9 1021 160  0.3 5  3.7  89    0    0 237 -307  1
3823500 2818500  2 19  5   0.0 1021 167  0.4 6  3.6  92    0    0 235 -306  1
3823500 2818500  2 19  6   0.3 1020 301  0.5 7  3.6  94    0    0 240 -305  1
3823500 2818500  2 19  7   0.7 1020 208  0.4 8  3.7  94    0    0 246 -304  1
3823500 2818500  2 19  8   1.1 1020 205  0.6 8  3.8  95    0    0 251 -303  1
3823500 2818500  2 19  9   2.0 1020 275  0.3 7  4.0  94    0   30 253 -303  1
3823500 2818500  2 19 10   2.7 1020 170  0.1 7  4.1  92    0   72 254 -307  1
3823500 2818500  2 19 11   3.1 1020 318  0.5 7  4.2  90    0   85 256 -313  1
3823500 2818500  2 19 12   3.4 1020 257  0.6 8  4.2  88    0  105 258 -320  1
3823500 2818500  2 19 13   3.8 1020 139  1.3 6  4.2  86    0  107 257 -327  1
3823500 2818500  2 19 14   4.6 1019 170  1.9 7  4.2  82    1  130 257 -332  1
3823500 2818500  2 19 15   4.9 1018 154  1.0 5  4.1  78   69  163 255 -336  1
3823500 2818500  2 19 16   5.7 1018 102  0.9 3  4.1  75  187   63 245 -336  1
3823500 2818500  2 19 17   5.0 1017  85  1.2 3  4.1  74   87   46 241 -330  1
3823500 2818500  2 19 18   3.1 1016  69  0.8 3  3.9  77    4   11 238 -322  1
3823500 2818500  2 19 19   1.4 1016  79  0.7 3  3.6  82    0    0 233 -319  1
3823500 2818500  2 19 20   0.7 1016  57  0.7 3  3.5  87    0    0 230 -317  1
3823500 2818500  2 19 21   0.1 1016  72  0.6 3  3.6  92    0    0 229 -316  1
3823500 2818500  2 19 22  -0.9 1016  85  0.2 2  3.5  95    0    0 225 -316  1
3823500 2818500  2 19 23  -0.9 1015  61  0.1 4  3.4  96    0    0 227 -317  1
3823500 2818500  2 19 24  -1.5 1015  69  0.1 4  3.4  97    0    0 231 -318  1
3823500 2818500  2 20  1  -1.7 1014  67  0.2 8  3.3  97    0    0 240 -319  1
3823500 2818500  2 20  2  -2.2 1013  48  0.1 6  3.2  96    0    0 245 -319  1
3823500 2818500  2 20  3  -1.9 1013  57  0.1 4  3.2  97    0    0 235 -319  1
3823500 2818500  2 20  4  -1.4 1012 102  0.1 5  3.3  98    0    0 233 -319  1
3823500 2818500  2 20  5  -1.9 1012  96  0.1 2  3.3  98    0    0 228 -319  1
3823500 2818500  2 20  6  -1.0 1011  87  0.1 7  3.3  97    0    0 235 -319  1
3823500 2818500  2 20  7  -0.6 1011  61  0.1 8  3.4  95    0    0 256 -319  1
3823500 2818500  2 20  8  -0.3 1011  91  0.1 7  3.5  96    0    0 260 -319  1
3823500 2818500  2 20  9   0.5 1011 154  0.1 7  3.7  96    0   47 261 -319  1
3823500 2818500  2 20 10   1.7 1011 147  0.2 6  3.8  93   18  138 262 -321  1
3823500 2818500  2 20 11   3.3 1011 189  0.2 6  4.1  89   14  178 264 -326  1
3823500 2818500  2 20 12   5.1 1011 204  0.6 6  4.3  83   28  229 269 -333  1
3823500 2818500  2 20 13   7.3 1010 228  1.9 3  4.2  72  149  279 264 -341  1
3823500 2818500  2 20 14   8.2 1010 219  1.9 3  4.1  62  137  268 258 -346  1
3823500 2818500  2 20 15   8.6 1009 211  2.0 2  4.1  59  125  235 259 -348  1
3823500 2818500  2 20 16   8.8 1009 227  1.6 2  4.1  58   80  169 256 -346  1
3823500 2818500  2 20 17   8.1 1009 228  1.1 5  4.1  60   30   84 267 -343  1
3823500 2818500  2 20 18   6.9 1009 227  0.9 6  4.3  67    1   15 284 -340  1
3823500 2818500  2 20 19   5.8 1009 235  0.9 5  4.3  72    0    0 280 -337  1
3823500 2818500  2 20 20   4.1 1010 223  1.0 5  4.2  77    0    0 271 -336  1
3823500 2818500  2 20 21   2.4 1010 255  1.0 5  4.1  85    0    0 270 -336  1
3823500 2818500  2 20 22   1.7 1011 259  0.4 5  4.0  91    0    0 272 -339  1
3823500 2818500  2 20 23   0.8 1011 229  0.3 6  4.0  95    0    0 279 -342  1
3823500 2818500  2 20 24   0.7 1012 217  0.3 6  4.0  99    0    0 285 -344  1
3823500 2818500  2 21  1   0.6 1012 228  0.4 3  4.0  99    0    0 259 -344  1
3823500 2818500  2 21  2   0.7 1012 203  1.0 2  3.9  98    0    0 224 -345  1
3823500 2818500  2 21  3   2.2 1012 206  1.6 5  4.1  97    0    0 240 -346  1
3823500 2818500  2 21  4   3.3 1011 227  1.7 6  4.4  95    0    0 278 -346  1
3823500 2818500  2 21  5   3.7 1011 219  1.7 7  4.5  92    0    0 298 -346  1
3823500 2818500  2 21  6   3.7 1011 218  1.8 7  4.5  92    0    0 308 -346  1
3823500 2818500  2 21  7   3.7 1011 225  1.6 8  4.6  93    0    0 321 -347  1
3823500 2818500  2 21  8   3.9 1012 233  2.2 7  4.6  92    0    1 324 -347  1
3823500 2818500  2 21  9   4.0 1012 222  2.2 6  4.6  92    1   48 304 -348  1
3823500 2818500  2 21 10   4.8 1012 223  2.7 6  4.8  91   24  127 298 -348  1
3823500 2818500  2 21 11   5.9 1012 215  3.4 6  4.8  87   14  158 300 -349  1
3823500 2818500  2 21 12   6.7 1012 223  4.1 6  4.9  82   10  175 305 -351  1
3823500 2818500  2 21 13   7.6 1012 229  4.4 6  5.0  79    8  178 311 -352  1
3823500 2818500  2 21 14   8.3 1012 228  4.5 7  5.1  77    1  141 321 -354  1
3823500 2818500  2 21 15   8.5 1011 233  4.4 7  5.2  76    0   76 329 -356  1
3823500 2818500  2 21 16   8.7 1011 231  3.8 8  5.4  78    0   40 338 -358  1
3823500 2818500  2 21 17   9.1 1011 228  3.9 8  5.6  78    0   29 346 -359  1
3823500 2818500  2 21 18   9.0 1011 228  4.2 8  5.6  78    0    7 347 -359  1
3823500 2818500  2 21 19   8.6 1011 226  4.7 8  5.7  81    0    0 348 -357  1
3823500 2818500  2 21 20   8.7 1011 229  4.5 8  5.8  83    0    0 347 -356  1
3823500 2818500  2 21 21   8.8 1011 233  4.8 7  5.9  83    0    0 342 -353  1
3823500 2818500  2 21 22   9.0 1011 232  4.8 7  5.9  83    0    0 335 -350  1
3823500 2818500  2 21 23   9.0 1011 237  5.2 8  6.0  84    0    0 341 -350  1
3823500 2818500  2 21 24   9.2 1011 239  5.7 8  6.0  83    0    0 347 -351  1
3823500 2818500  2 22  1   9.2 1011 239  5.0 7  6.0  83    0    0 341 -352  1
3823500 2818500  2 22  2   9.2 1011 244  5.4 7  6.0  82    0    0 334 -352  1
3823500 2818500  2 22  3   9.0 1011 243  5.8 7  5.9  82    0    0 333 -352  1
3823500 2818500  2 22  4   8.9 1011 240  5.1 7  5.9  82    0    0 331 -351  1
3823500 2818500  2 22  5   8.8 1010 243  4.8 7  5.9  83    0    0 328 -350  1
3823500 2818500  2 22  6   8.7 1010 237  4.8 8  5.9  84    0    0 335 -349  1
3823500 2818500  2 22  7   8.7 1011 237  4.5 8  6.0  86    0    0 342 -348  1
3823500 2818500  2 22  8   9.0 1011 234  4.3 8  6.0  85    0    0 341 -348  1
3823500 2818500  2 22  9   9.0 1011 238  4.8 8  6.1  85    0   18 341 -349  1
3823500 2818500  2 22 10   9.2 1011 240  4.9 8  6.1  85    0   40 340 -351  1
3823500 2818500  2 22 11   9.1 1011 235  5.1 8  6.2  85    0   51 340 -355  1
3823500 2818500  2 22 12   9.0 1011 235  5.0 7  6.3  87    0   64 329 -359  1
3823500 2818500  2 22 13   9.2 1011 238  5.3 8  6.4  88    0   48 330 -362  1
3823500 2818500  2 22 14   9.9 1011 237  5.4 8  6.3  85    0   49 340 -365  1
3823500 2818500  2 22 15   9.9 1010 240  5.5 8  6.3  82    0   41 341 -367  1
3823500 2818500  2 22 16   9.7 1010 241  5.9 8  6.3  84    0   31 342 -367  1
3823500 2818500  2 22 17   9.8 1010 234  5.3 8  6.4  85    0   22 343 -366  1
3823500 2818500  2 22 18   9.9 1009 231  5.1 8  6.4  85    0    4 343 -364  1
3823500 2818500  2 22 19  10.1 1009 230  5.0 8  6.4  83    0    0 343 -362  1
3823500 2818500  2 22 20  10.3 1009 248  5.4 8  6.4  82    0    0 345 -362  1
3823500 2818500  2 22 21  10.5 1010 244  5.1 8  6.4  81    0    0 346 -361  1
3823500 2818500  2 22 22  10.7 1011 257  5.6 8  6.4  80    0    0 346 -361  1
3823500 2818500  2 22 23  10.7 1011 261  6.2 8  6.4  80    0    0 345 -361  1
3823500 2818500  2 22 24  10.8 1012 261  6.3 8  6.3  79    0    0 346 -360  1
3823500 2818500  2 23  1  10.4 1013 282  5.3 7  6.2  78    0    0 337 -358  1
3823500 2818500  2 23  2   9.4 1014 276  4.8 6  5.8  76    0    0 315 -355  1
3823500 2818500  2 23  3   8.4 1014 282  4.7 6  5.1  72    0    0 301 -355  1
3823500 2818500  2 23  4   7.4 1015 272  3.8 5  4.5  68    0    0 288 -355  1
3823500 2818500  2 23  5   6.7 1016 278  3.2 4  4.1  66    0    0 267 -355  1
3823500 2818500  2 23  6   5.9 1016 262  2.3 5  4.0  67    0    0 262 -354  1
3823500 2818500  2 23  7   5.3 1017 226  1.7 2  4.1  72    0    0 237 -352  1
3823500 2818500  2 23  8   4.8 1017 258  1.6 4  4.2  78    0    5 217 -349  1
3823500 2818500  2 23  9   5.7 1018 238  1.9 6  4.3  79    5   65 255 -349  1
3823500 2818500  2 23 10   6.9 1018 238  2.6 6  4.6  78   36  144 279 -354  1
3823500 2818500  2 23 11   8.5 1018 244  2.8 5  4.9  75   91  210 277 -358  1
3823500 2818500  2 23 12   9.8 1018 239  3.9 3  5.0  70  153  242 265 -363  1
3823500 2818500  2 23 13  10.3 1018 243  4.5 4  5.1  67  126  260 268 -368  1
3823500 2818500  2 23 14  10.5 1018 237  5.1 6  5.4  69   48  233 291 -373  1
3823500 2818500  2 23 15  10.6 1017 236  4.0 7  5.6  71   21  184 312 -376  1
3823500 2818500  2 23 16  10.7 1017 232  3.3 7  5.8  72   33  149 318 -377  1
3823500 2818500  2 23 17  10.6 1016 229  2.9 7  5.8  73   19   79 318 -375  1
3823500 2818500  2 23 18  10.0 1016 224  2.8 7  5.8  75    1   14 316 -371  1
3823500 2818500  2 23 19   9.6 1016 216  2.5 6  5.8  77    0    0 310 -365  1
3823500 2818500  2 23 20   9.3 1015 219  2.5 6  5.8  78    0    0 302 -361  1
3823500 2818500  2 23 21   9.5 1015 217  2.0 7  5.7  78    0    0 305 -359  1
3823500 2818500  2 23 22   9.5 1015 226  1.5 7  5.7  77    0    0 308 -357  1
3823500 2818500  2 23 23   9.3 1015 216  1.1 7  5.7  78    0    0 308 -355  1
3823500 2818500  2 23 24   9.3 1015 226  1.3 7  5.7  79    0    0 308 -354  1
3823500 2818500  2 24  1   9.0 1014 240  2.5 8  5.7  80    0    0 311 -352  1
3823500 2818500  2 24  2   8.9 1014 245  2.3 8  5.7  81    0    0 313 -351  1
3823500 2818500  2 24  3   8.7 1014 239  2.0 7  5.7  81    0    0 307 -351  1
3823500 2818500  2 24  4   8.7 1013 238  2.1 8  5.6  80    0    0 307 -350  1
3823500 2818500  2 24  5   8.6 1013 237  1.4 7  5.5  79    0    0 308 -350  1
3823500 2818500  2 24  6   8.3 1012 230  1.2 7  5.5  80    0    0 304 -350  1
3823500 2818500  2 24  7   8.1 1012 230  1.7 8  5.5  80    0    0 305 -350  1
3823500 2818500  2 24  8   8.1 1012 226  2.1 8  5.4  80    0    2 307 -349  1
3823500 2818500  2 24  9   8.2 1012 211  2.1 7  5.3  79    0   32 302 -350  1
3823500 2818500  2 24 10   8.7 1012 225  2.3 7  5.3  77    0   67 295 -354  1
3823500 2818500  2 24 11   9.3 1012 225  3.1 8  5.2  73    0   69 296 -362  1
3823500 2818500  2 24 12   9.5 1011 241  2.9 8  5.2  70    0   70 294 -371  1
3823500 2818500  2 24 13   9.7 1011 245  2.8 8  5.1  68    0   59 287 -378  1
3823500 2818500  2 24 14   9.8 1011 245  2.5 6  5.0  67    0   85 278 -382  1
3823500 2818500  2 24 15  10.0 1010 231  2.5 7  5.1  67    0   90 275 -384  1
3823500 2818500  2 24 16  10.2 1009 227  2.6 7  5.2  67    0   90 277 -382  1
3823500 2818500  2 24 17  10.3 1009 229  2.2 7  5.3  68    4   70 278 -378  1
3823500 2818500  2 24 18   9.8 1009 226  0.4 7  5.3  69    0   11 280 -372  1
3823500 2818500  2 24 19   8.9 1009 211  0.2 6  5.3  73    0    0 279 -366  1
3823500 2818500  2 24 20   7.4 1009 196  0.2 5  5.3  78    0    0 275 -361  1
3823500 2818500  2 24 21   7.6 1009 181  0.2 6  5.3  82    0    0 278 -359  1
3823500 2818500  2 24 22   7.9 1008 182  0.7 6  5.5  83    0    0 288 -357  1
3823500 2818500  2 24 23   8.0 1008 192  0.8 6  5.7  85    0    0 293 -356  1
3823500 2818500  2 24 24   8.2 1007 200  1.3 7  5.9  87    0    0 302 -358  1
3823500 2818500  2 25  1   8.4 1007 209  1.1 8  6.0  87    0    0 315 -360  1
3823500 2818500  2 25  2   8.4 1006 200  1.0 8  6.2  89    0    0 322 -361  1
3823500 2818500  2 25  3   8.7 1006 227  1.6 7  6.5  92    0    0 324 -361  1
3823500 2818500  2 25  4   8.7 1006 279  3.4 7  6.7  94    0    0 324 -362  1
3823500 2818500  2 25  5   6.3 1006 312  4.2 7  6.1  94    0    0 321 -362  1
3823500 2818500  2 25  6   4.2 1008 289  2.2 5  5.2  94    0    0 304 -361  1
3823500 2818500  2 25  7   4.2 1010 273  2.0 5  4.8  94    0    0 291 -358  1
3823500 2818500  2 25  8   4.7 1011 266  2.1 5  4.8  93    0    7 290 -356  1
3823500 2818500  2 25  9   5.2 1013 254  2.1 6  4.9  91   33   70 296 -353  1
3823500 2818500  2 25 10   6.3 1014 256  2.4 7  5.0  88   42  137 309 -352  1
3823500 2818500  2 25 11   7.0 1014 240  2.5 6  5.0  82  102  190 313 -355  1
3823500 2818500  2 25 12   8.0 1014 238  3.5 6  4.8  75  172  213 309 -362  1
3823500 2818500  2 25 13   8.9 1014 243  3.5 5  4.6  67  138  237 304 -371  1
3823500 2818500  2 25 14   9.5 1014 113  3.3 5  4.4  61  143  223 297 -378  1
3823500 2818500  2 25 15   9.9 1013 204  3.6 6  4.3  57  215  160 300 -381  1
3823500 2818500  2 25 16   9.8 1012 205  3.8 6  4.2  56  132  126 303 -376  1
3823500 2818500  2 25 17   9.6 1012 165  2.8 7  4.3  57   80   76 307 -368  1
3823500 2818500  2 25 18   7.9 1011 190  1.5 6  4.3  61   13   18 303 -359  1
3823500 2818500  2 25 19   6.3 1010 173  0.7 6  4.3  68    0    0 293 -352  1
3823500 2818500  2 25 20   5.9 1010 166  0.7 5  4.3  73    0    0 286 -350  1
3823500 2818500  2 25 21   6.3 1010 157  1.5 6  4.3  74    0    0 288 -353  1
3823500 2818500  2 25 22   6.9 1009 174  1.2 7  4.4  73    0    0 301 -356  1
3823500 2818500  2 25 23   7.3 1008 179  1.4 8  4.7  74    0    0 313 -358  1
3823500 2818500  2 25 24   7.7 1007 197  2.1 7  4.9  76    0    0 317 -360  1
3823500 2818500  2 26  1   8.7 1006 196  1.9 7  5.3  78    0    0 318 -361  1
3823500 2818500  2 26  2   9.3 1005 197  2.4 8  5.7  80    0    0 328 -363  1
3823500 2818500  2 26  3   9.7 1004 193  2.5 8  6.0  81    0    0 337 -363  1
3823500 2818500  2 26  4  10.0 1003 203  3.2 8  6.2  81    0    0 340 -364  1
3823500 2818500  2 26  5  10.4 1002 200  3.9 8  6.4  81    0    0 343 -364  1
3823500 2818500  2 26  6  11.0 1001 199  4.3 8  6.4  80    0    0 346 -365  1
3823500 2818500  2 26  7  11.2 1000 203  4.8 7  6.5  78    0    0 347 -365  1
3823500 2818500  2 26  8  11.4  998 204  5.0 7  6.5  77    0    3 345 -366  1
3823500 2818500  2 26  9  12.3  998 212  6.2 5  6.4  73    0   49 340 -366  1
3823500 2818500  2 26 10  12.4  997 209  6.1 8  6.4  70    0   26 345 -367  1
3823500 2818500  2 26 11  11.4  996 217  5.3 8  6.5  74    0   66 357 -368  1
3823500 2818500  2 26 12  10.9  996 222  5.7 7  6.9  82    0  109 353 -370  1
3823500 2818500  2 26 13  10.4  996 216  5.4 7  7.2  89    0  115 349 -371  1
3823500 2818500  2 26 14  10.3  995 230  5.1 7  7.4  93    0  127 349 -370  1
3823500 2818500  2 26 15  10.3  995 232  5.2 7  7.4  93    0   81 349 -369  1
3823500 2818500  2 26 16  10.3  995 235  5.1 7  7.3  92    0   72 348 -369  1
3823500 2818500  2 26 17   9.8  994 251  4.8 8  7.0  89    1   56 351 -366  1
3823500 2818500  2 26 18   9.6  995 255  4.0 8  6.5  86    0   12 353 -362  1
3823500 2818500  2 26 19   9.5  996 254  3.7 7  6.1  81    0    0 347 -356  1
3823500 2818500  2 26 20   8.7  997 245  3.7 6  5.7  78    0    0 333 -348  1
3823500 2818500  2 26 21   8.1  997 245  3.0 4  5.3  76    0    0 311 -342  1
3823500 2818500  2 26 22   7.6  998 238  3.0 2  5.1  77    0    0 285 -338  1
3823500 2818500  2 26 23   7.2  998 238  3.5 1  5.0  77    0    0 266 -335  1
3823500 2818500  2 26 24   7.0  998 241  3.7 2  4.9  77    0    0 263 -333  1
3823500 2818500  2 27  1   6.6  999 244  3.8 0  4.8  77    0    0 255 -331  1
3823500 2818500  2 27  2   6.4  999 250  4.1 0  4.7  77    0    0 240 -330  1
3823500 2818500  2 27  3   6.1 1000 243  4.1 0  4.6  77    0    0 237 -329  1
3823500 2818500  2 27  4   5.7 1000 242  3.7 0  4.6  79    0    0 236 -328  1
3823500 2818500  2 27  5   5.5 1000 241  4.2 0  4.7  82    0    0 233 -328  1
3823500 2818500  2 27  6   5.2 1001 242  4.6 0  4.7  83    0    0 229 -327  1
3823500 2818500  2 27  7   5.0 1001 243  4.5 1  4.7  84    0    0 229 -326  1
3823500 2818500  2 27  8   4.9 1002 240  4.6 2  4.7  85    2   13 235 -326  1
3823500 2818500  2 27  9   5.7 1003 247  5.2 2  4.7  85   83   48 239 -327  1
3823500 2818500  2 27 10   6.7 1004 254  5.2 2  4.9  82  152   89 242 -332  1
3823500 2818500  2 27 11   7.3 1004 260  5.0 4  4.9  78   70  171 256 -339  1
3823500 2818500  2 27 12   8.2 1005 269  5.5 4  4.9  74   60  202 269 -347  1
3823500 2818500  2 27 13   8.4 1005 269  4.8 4  4.7  68    7  168 271 -354  1
3823500 2818500  2 27 14   8.8 1006 269  4.9 4  4.4  62   24  185 274 -358  1
3823500 2818500  2 27 15   9.1 1006 271  5.4 3  4.0  57  171  147 272 -359  1
3823500 2818500  2 27 16   9.3 1006 276  5.5 3  4.0  55  236   62 271 -357  1
3823500 2818500  2 27 17   8.6 1007 274  4.2 4  4.1  58  100   51 275 -353  1
3823500 2818500  2 27 18   7.8 1007 288  2.7 4  4.2  61    9   15 277 -347  1
3823500 2818500  2 27 19   6.4 1008 274  1.3 3  4.1  65    0    0 270 -340  1
3823500 2818500  2 27 20   5.7 1009 261  1.4 2  4.1  70    0    0 258 -335  1
3823500 2818500  2 27 21   5.2 1009 251  1.3 1  4.2  75    0    0 247 -332  1
3823500 2818500  2 27 22   4.4 1010 243  1.2 0  4.2  79    0    0 236 -329  1
3823500 2818500  2 27 23   4.3 1011 229  1.4 0  4.2  81    0    0 229 -327  1
3823500 2818500  2 27 24   4.7 1011 229  1.5 3  4.3  81    0    0 244 -325  1
3823500 2818500  2 28  1   4.8 1011 232  2.1 6  4.4  82    0    0 274 -323  1
3823500 2818500  2 28  2   4.5 1011 241  1.7 5  4.5  84    0    0 282 -321  1
3823500 2818500  2 28  3   4.3 1011 230  2.1 3  4.4  85    0    0 263 -320  1
3823500 2818500  2 28  4   3.9 1011 224  1.7 5  4.4  86    0    0 258 -320  1
3823500 2818500  2 28  5   3.0 1011 217  1.8 2  4.2  87    0    0 246 -319  1
3823500 2818500  2 28  6   3.0 1011 214  1.4 4  4.1  88    0    0 234 -319  1
3823500 2818500  2 28  7   2.7 1012 219  1.5 6  4.1  89    0    0 252 -319  1
3823500 2818500  2 28  8   2.4 1012 229  1.2 7  4.1  90    0   11 269 -319  1
3823500 2818500  2 28  9   3.4 1012 219  1.2 7  4.2  90   19   76 275 -319  1
3823500 2818500  2 28 10   5.3 1012 216  1.4 7  4.5  86   39  150 280 -322  1
3823500 2818500  2 28 11   6.5 1012 229  2.2 7  4.7  81   62  211 285 -332  1
3823500 2818500  2 28 12   7.9 1013 230  3.0 6  4.8  75  112  254 283 -344  1
3823500 2818500  2 28 13   8.7 1012 234  3.3 6  4.8  71   77  266 280 -353  1
3823500 2818500  2 28 14   9.5 1012 236  3.8 6  4.8  67   91  256 283 -359  1
3823500 2818500  2 28 15   9.6 1011 245  3.3 8  4.5  61   20  186 297 -361  1
3823500 2818500  2 28 16   9.7 1011 230  2.8 8  4.2  56    0   86 310 -361  1
3823500 2818500  2 28 17   9.4 1011 237  1.9 7  4.1  55   16   81 303 -358  1
3823500 2818500  2 28 18   8.6 1011 223  0.7 7  4.2  58    3   17 296 -352  1
3823500 2818500  2 28 19   7.3 1011 178  0.7 7  4.2  64    0    0 293 -344  1
3823500 2818500  2 28 20   6.9 1011 180  0.9 7  4.2  68    0    0 293 -338  1
3823500 2818500  2 28 21   6.3 1011 187  1.1 8  4.2  70    0    0 301 -335  1
3823500 2818500  2 28 22   6.5 1011 177  1.0 8  4.3  71    0    0 308 -333  1
3823500 2818500  2 28 23   6.4 1011 255  0.7 8  4.4  73    0    0 311 -331  1
3823500 2818500  2 28 24   6.0 1010 115  1.1 8  4.4  75    0    0 312 -328  1
3823500 2818500  3  1  1   5.7 1010 137  0.9 7  4.5  78    0    0 308 -325  1
3823500 2818500  3  1  2   5.5 1009  75  0.3 7  4.5  80    0    0 303 -326  1
3823500 2818500  3  1  3   5.0 1009 156  0.8 7  4.6  83    0    0 303 -326  1
3823500 2818500  3  1  4   5.3 1009 176  0.3 7  4.6  84    0    0 303 -325  1
3823500 2818500  3  1  5   4.6 1008  23  0.4 6  4.7  87    0    0 298 -323  1
3823500 2818500  3  1  6   4.3 1008 200  0.6 8  4.7  90    0    0 303 -322  1
3823500 2818500  3  1  7   3.9 1008 185  1.0 7  4.7  91    0    0 308 -321  1
3823500 2818500  3  1  8   3.5 1007 185  0.7 7  4.6  92   14    9 301 -320  1
3823500 2818500  3  1  9   4.0 1007 187  0.6 4  4.7  94  106   26 281 -319  1
3823500 2818500  3  1 10   6.6 1007 237  0.9 3  5.1  91  149   72 256 -324  1
3823500 2818500  3  1 11   8.0 1007 215  1.9 5  5.3  83   40  154 265 -338  1
3823500 2818500  3  1 12   8.7 1007 260  3.1 7  5.3  78    0  133 293 -353  1
3823500 2818500  3  1 13   8.8 1006 264  3.4 7  5.2  74    0  124 306 -363  1
3823500 2818500  3  1 14   9.0 1006 240  3.4 7  5.1  71   18  166 303 -369  1
3823500 2818500  3  1 15   8.8 1004 240  3.0 7  5.0  70    9  144 303 -370  1
3823500 2818500  3  1 16   8.7 1003 237  3.9 7  4.8  68    0   82 305 -367  1
3823500 2818500  3  1 17   8.2 1002 229  3.9 8  4.8  68    0   38 316 -363  1
3823500 2818500  3  1 18   8.2 1000 226  4.1 8  4.9  71    0   12 326 -359  1
3823500 2818500  3  1 19   8.0  999 220  5.3 8  4.9  72    0    0 329 -356  1
3823500 2818500  3  1 20   7.1  997 218  5.6 8  5.1  77    0    0 331 -355  1
3823500 2818500  3  1 21   7.3  994 215  6.0 7  5.4  85    0    0 327 -356  1
3823500 2818500  3  1 22   7.6  992 230  6.7 8  5.7  86    0    0 331 -356  1
3823500 2818500  3  1 23   7.2  990 232  7.1 8  5.8  88    0    0 341 -356  1
3823500 2818500  3  1 24   7.8  988 232  5.8 8  5.9  90    0    0 344 -355  1
3823500 2818500  3  2  1   8.0  984 230  6.0 8  6.3  91    0    0 349 -355  1
3823500 2818500  3  2  2   8.5  984 229  5.6 8  6.4  92    0    0 350 -356  1
3823500 2818500  3  2  3   9.1  982 235  5.9 8  6.7  92    0    0 352 -358  1
3823500 2818500  3  2  4  10.1  979 238  6.3 8  6.9  90    0    0 355 -358  1
3823500 2818500  3  2  5   6.0  977 272  7.1 8  6.2  90    0    0 348 -355  1
3823500 2818500  3  2  6   6.6  978 278  5.1 8  5.4  88    0    0 339 -353  1
3823500 2818500  3  2  7   7.5  978 273  6.4 7  5.3  82    0    0 330 -351  1
3823500 2818500  3  2  8   7.9  980 275  7.0 7  5.1  75    0    6 324 -348  1
3823500 2818500  3  2  9   7.5  981 278  7.4 7  4.8  71    0   38 326 -348  1
3823500 2818500  3  2 10   6.8  982 269  7.3 7  5.0  76    0   64 325 -347  1
3823500 2818500  3  2 11   7.7  984 273  7.3 7  5.2  79    0   61 323 -345  1
3823500 2818500  3  2 12   8.0  985 288  8.1 6  5.2  77    0  112 316 -343  1
3823500 2818500  3  2 13   8.1  987 295  8.3 5  5.0  73   14  191 303 -343  1
3823500 2818500  3  2 14   8.3  989 293  6.8 6  4.5  64   46  190 303 -345  1
3823500 2818500  3  2 15   8.8  991 292  7.6 7  4.2  60   42  167 316 -346  1
3823500 2818500  3  2 16   8.5  993 282  7.1 6  4.2  59   24  127 318 -346  1
3823500 2818500  3  2 17   8.3  994 279  6.1 6  4.1  59   26   80 313 -346  1
3823500 2818500  3  2 18   8.2  995 285  4.8 7  4.1  60    0   18 316 -346  1
3823500 2818500  3  2 19   8.1  996 274  4.5 7  4.4  64    0    0 321 -343  1
3823500 2818500  3  2 20   8.4  997 265  5.5 7  4.7  68    0    0 319 -338  1
3823500 2818500  3  2 21   8.3  997 273  5.6 7  4.7  68    0    0 317 -335  1
3823500 2818500  3  2 22   8.2  997 260  4.8 8  4.6  67    0    0 320 -335  1
3823500 2818500  3  2 23   8.1  997 262  4.7 8  4.6  68    0    0 324 -337  1
3823500 2818500  3  2 24   7.9  997 246  4.4 7  4.7  69    0    0 317 -338  1
3823500 2818500  3  3  1   7.8  996 245  4.8 6  4.8  72    0    0 307 -340  1
3823500 2818500  3  3  2   7.2  995 242  5.0 7  5.1  77    0    0 307 -340  1
3823500 2818500  3  3  3   6.9  994 236  4.3 7  5.4  84    0    0 313 -340  1
3823500 2818500  3  3  4   7.3  993 243  5.5 8  5.7  90    0    0 321 -341  1
3823500 2818500  3  3  5   8.6  991 252  6.6 8  6.2  90    0    0 332 -342  1
3823500 2818500  3  3  6   9.6  990 256  6.6 8  6.5  89    0    0 337 -344  1
3823500 2818500  3  3  7  10.7  990 268  7.4 7  6.7  84    0    0 336 -345  1
3823500 2818500  3  3  8  11.3  990 281  6.9 7  6.4  76    0    6 334 -348  1
3823500 2818500  3  3  9  10.8  991 287  7.9 7  5.8  70    0   49 334 -351  1
3823500 2818500  3  3 10  10.4  992 284  7.9 6  5.2  64   13  124 325 -353  1
3823500 2818500  3  3 11  10.8  993 277  8.7 4  4.8  59  104  156 307 -355  1
3823500 2818500  3  3 12  10.9  994 281  8.5 6  4.5  55    6  169 306 -359  1
3823500 2818500  3  3 13  10.8  995 290  8.2 7  4.4  53    0  145 321 -363  1
3823500 2818500  3  3 14  10.8  996 282  6.2 6  4.3  53   24  187 318 -362  1
3823500 2818500  3  3 15  10.7  996 282  6.4 5  4.3  53   78  160 304 -361  1
3823500 2818500  3  3 16  10.3  996 290  5.9 6  4.4  55   46  127 301 -360  1
3823500 2818500  3  3 17   9.7  997 276  5.5 7  4.4  57    9   75 312 -356  1
3823500 2818500  3  3 18   9.4  998 287  3.7 7  4.4  58    9   26 316 -351  1
3823500 2818500  3  3 19   9.1  998 275  4.4 7  4.4  59    0    0 316 -346  1
3823500 2818500  3  3 20   8.9  999 262  3.3 7  4.3  60    0    0 315 -340  1
3823500 2818500  3  3 21   8.1  999 252  2.6 7  4.4  63    0    0 314 -335  1
3823500 2818500  3  3 22   7.6  999 249  2.3 6  4.5  67    0    0 307 -333  1
3823500 2818500  3  3 23   7.2  999 245  2.2 6  4.5  70    0    0 302 -331  1
3823500 2818500  3  3 24   6.8  999 247  2.2 5  4.6  73    0    0 296 -329  1
3823500 2818500  3  4  1   6.8  999 239  2.0 5  4.7  75    0    0 291 -327  1
3823500 2818500  3  4  2   6.9  998 239  2.1 7  4.7  76    0    0 302 -326  1
3823500 2818500  3  4  3   6.9  998 239  2.4 7  4.8  77    0    0 311 -325  1
3823500 2818500  3  4  4   7.1  998 248  2.4 8  4.9  78    0    0 317 -325  1
3823500 2818500  3  4  5   7.0  997 247  2.8 7  4.9  78    0    0 318 -325  1
3823500 2818500  3  4  6   7.0  997 247  2.7 7  4.9  77    0    0 313 -324  1
3823500 2818500  3  4  7   6.8  997 243  2.8 8  4.8  76    0    0 318 -323  1
3823500 2818500  3  4  8   6.5  997 241  2.8 8  4.7  76    2   24 321 -323  1
3823500 2818500  3  4  9   6.8  997 238  3.1 7  4.6  75    7   76 311 -326  1
3823500 2818500  3  4 10   7.2  997 253  4.5 7  4.6  73   11  130 305 -330  1
3823500 2818500  3  4 11   7.6  997 263  5.3 4  4.6  71  170  162 287 -337  1
3823500 2818500  3  4 12   5.8  997 277  4.9 7  4.2  68   28  200 285 -339  1
3823500 2818500  3  4 13   6.8  998 279  4.5 5  4.0  67   90  219 289 -341  1
3823500 2818500  3  4 14   6.4  998 278  4.7 6  4.0  66   23  196 283 -342  1
3823500 2818500  3  4 15   7.2  998 265  6.2 6  3.7  59   64  181 283 -341  1
3823500 2818500  3  4 16   6.8  998 271  6.5 4  3.3  53  107  135 269 -340  1
3823500 2818500  3  4 17   5.6  998 281  5.5 5  3.3  55   22   88 259 -337  1
3823500 2818500  3  4 18   4.9  999 269  5.2 4  3.2  57    4   28 255 -331  1
3823500 2818500  3  4 19   4.2  999 269  3.1 5  3.2  60    0    0 251 -325  1
3823500 2818500  3  4 20   3.6 1000 262  2.8 5  3.3  64    0    0 257 -321  1
3823500 2818500  3  4 21   3.1 1001 254  2.2 4  3.3  68    0    0 253 -319  1
3823500 2818500  3  4 22   2.7 1001 246  2.0 3  3.3  70    0    0 237 -319  1
3823500 2818500  3  4 23   3.3 1001 229  1.8 3  3.6  73    0    0 223 -319  1
3823500 2818500  3  4 24   4.2 1002 213  1.9 4  4.0  75    0    0 210 -317  1
3823500 2818500  3  5  1   5.4 1011 195  1.8 5  4.5  78    0    0 322 -349  1
3823500 2818500  3  5  2   6.3 1011 181  1.8 6  4.9  81    0    0 319 -349  1
3823500 2818500  3  5  3   7.1 1011 171  1.8 7  5.3  84    0    0 321 -350  1
3823500 2818500  3  5  4   7.0 1010 169  1.7 7  5.4  86    0    0 323 -350  1
3823500 2818500  3  5  5   6.9 1010 169  1.5 7  5.4  87    0    0 329 -350  1
3823500 2818500  3  5  6   6.8 1010 167  1.5 7  5.5  90    0    0 330 -350  1
3823500 2818500  3  5  7   6.8 1010 166  1.2 7  5.6  90    0    0 323 -350  1
3823500 2818500  3  5  8   7.1 1010 160  1.3 7  5.7  91    0    2 322 -350  1
3823500 2818500  3  5  9   7.7 1010 178  2.0 6  5.9  91   23   85 317 -352  1
3823500 2818500  3  5 10   9.6 1010 185  2.5 5  6.2  88   56  166 305 -355  1
3823500 2818500  3  5 11  11.6 1010 188  2.4 5  6.6  82  121  219 302 -358  1
3823500 2818500  3  5 12  13.3 1010 184  2.3 4  6.8  75  188  248 297 -363  1
3823500 2818500  3  5 13  14.2 1010 193  2.1 5  6.8  69  153  271 297 -367  1
3823500 2818500  3  5 14  14.8 1009 190  1.8 6  6.6  63   90  264 312 -372  1
3823500 2818500  3  5 15  14.9 1009 171  1.9 6  6.4  60   61  227 319 -375  1
3823500 2818500  3  5 16  14.9 1008 173  2.3 6  6.2  59   46  172 318 -378  1
3823500 2818500  3  5 17  14.0 1008 145  1.4 6  6.1  59   23  101 317 -378  1
3823500 2818500  3  5 18  13.0 1007 145  0.7 7  6.1  63    1   28 319 -374  1
3823500 2818500  3  5 19  11.6 1007 126  0.9 7  6.2  69    0    0 319 -369  1
3823500 2818500  3  5 20  10.8 1007 122  0.3 6  6.2  75    0    0 310 -364  1
3823500 2818500  3  5 21  10.0 1007 119  0.5 5  6.2  78    0    0 297 -360  1
3823500 2818500  3  5 22   9.7 1007 123  0.3 5  6.1  80    0    0 290 -357  1
3823500 2818500  3  5 23   8.9 1006 132  0.3 6  6.1  83    0    0 294 -354  1
3823500 2818500  3  5 24   8.9 1006 121  0.2 8  6.0  84    0    0 305 -352  1
3823500 2818500  3  6  1   8.9 1005 118  0.5 7  5.9  83    0    0 310 -350  1
3823500 2818500  3  6  2   9.1 1005 126  0.2 7  5.9  82    0    0 308 -349  1
3823500 2818500  3  6  3   9.0 1004 119  0.5 7  5.9  82    0    0 312 -348  1
3823500 2818500  3  6  4   9.0 1003 127  1.0 7  5.8  81    0    0 316 -347  1
3823500 2818500  3  6  5   9.0 1002 139  2.1 6  5.7  79    0    0 315 -348  1
3823500 2818500  3  6  6   8.7 1002 138  2.0 8  5.5  78    0    0 321 -351  1
3823500 2818500  3  6  7   8.5 1001 151  2.1 8  5.5  78    0    0 331 -354  1
3823500 2818500  3  6  8   8.5 1001 138  2.0 8  5.4  77    0    5 332 -356  1
3823500 2818500  3  6  9   8.7 1001 124  2.3 7  5.3  75    0   41 325 -357  1
3823500 2818500  3  6 10   9.0 1001 145  2.0 7  5.3  74    0   82 319 -355  1
3823500 2818500  3  6 11   9.5 1001 154  1.2 8  5.3  73    0   70 327 -353  1
3823500 2818500  3  6 12  10.1 1001 178  1.0 8  5.5  72    0   50 337 -352  1
3823500 2818500  3  6 13   9.6 1001 222  0.5 8  5.6  73    0   59 338 -356  1
3823500 2818500  3  6 14   7.4 1002 273  1.5 8  5.8  82    0   65 336 -359  1
3823500 2818500  3  6 15   6.7 1003 303  2.9 7  5.7  90    0   75 325 -362  1
3823500 2818500  3  6 16   6.2 1004 317  4.1 7  5.4  90    0   60 317 -362  1
3823500 2818500  3  6 17   5.8 1005 325  3.9 8  5.3  90    0   38 321 -360  1
3823500 2818500  3  6 18   6.0 1006 309  2.3 8  5.2  89    0   11 324 -355  1
3823500 2818500  3  6 19   6.1 1008 292  2.4 8  5.1  88    0    0 320 -348  1
3823500 2818500  3  6 20   6.2 1009 289  1.6 7  5.1  86    0    0 313 -342  1
3823500 2818500  3  6 21   5.7 1010 278  1.8 6  5.0  86    0    0 301 -337  1
3823500 2818500  3  6 22   5.2 1010 274  1.4 6  4.8  86    0    0 295 -334  1
3823500 2818500  3  6 23   4.7 1011 258  1.4 6  4.7  87    0    0 293 -332  1
3823500 2818500  3  6 24   3.9 1012 257  1.6 4  4.7  90    0    0 280 -330  1
3823500 2818500  3  7  1   3.4 1012 244  1.3 4  4.6  92    0    0 268 -328  1
3823500 2818500  3  7  2   3.5 1013 230  0.8 4  4.5  92    0    0 266 -326  1
3823500 2818500  3  7  3   3.2 1013 236  1.5 5  4.3  90    0    0 267 -325  1
3823500 2818500  3  7  4   3.6 1013 223  1.6 4  4.3  88    0    0 265 -325  1
3823500 2818500  3  7  5   3.5 1013 202  1.1 7  4.5  92    0    0 270 -325  1
3823500 2818500  3  7  6   3.2 1013 192  1.6 8  4.7  96    0    0 283 -327  1
3823500 2818500  3  7  7   3.6 1013 197  0.9 8  4.6  95    0    0 284 -327  1
3823500 2818500  3  7  8   3.9 1013 182  0.8 7  4.6  94    0   16 278 -324  1
3823500 2818500  3  7  9   4.2 1014 193  0.8 7  4.8  94    5   79 273 -325  1
3823500 2818500  3  7 10   4.9 1014 190  1.8 5  4.9  93   16  150 263 -331  1
3823500 2818500  3  7 11   6.5 1014 195  2.6 5  5.1  89   75  216 255 -341  1
3823500 2818500  3  7 12   8.1 1014 192  3.0 5  5.2  82  133  248 259 -351  1
3823500 2818500  3  7 13   9.7 1014 195  3.6 5  5.2  73   69  260 261 -359  1
3823500 2818500  3  7 14  10.5 1013 194  3.5 5  4.9  63   84  257 262 -365  1
3823500 2818500  3  7 15  10.6 1012 195  3.6 6  4.5  57   64  222 266 -368  1
3823500 2818500  3  7 16  10.4 1012 176  3.3 7  4.4  55   54  169 276 -367  1
3823500 2818500  3  7 17   9.8 1011 173  2.9 7  4.3  56   16   96 280 -364  1
3823500 2818500  3  7 18   9.0 1010 148  2.3 8  4.3  59    7   35 284 -359  1
3823500 2818500  3  7 19   8.6 1009 150  2.5 7  4.3  61    0    2 285 -352  1
3823500 2818500  3  7 20   8.0 1008 174  2.6 7  4.2  62    0    0 282 -347  1
3823500 2818500  3  7 21   7.7 1008 164  2.7 7  4.2  63    0    0 283 -343  1
3823500 2818500  3  7 22   6.8 1008 164  2.3 4  4.2  65    0    0 273 -340  1
3823500 2818500  3  7 23   6.2 1008 168  2.2 4  4.2  69    0    0 263 -337  1
3823500 2818500  3  7 24   7.0 1007 180  3.3 5  4.3  70    0    0 271 -337  1
3823500 2818500  3  8  1   7.6 1007 189  3.3 8  4.4  69    0    0 292 -340  1
3823500 2818500  3  8  2   7.3 1006 201  3.9 8  4.4  69    0    0 307 -341  1
3823500 2818500  3  8  3   6.8 1006 204  4.1 6  4.4  70    0    0 302 -341  1
3823500 2818500  3  8  4   6.5 1006 222  4.2 4  4.4  71    0    0 289 -341  1
3823500 2818500  3  8  5   6.3 1005 222  3.9 6  4.4  73    0    0 291 -341  1
3823500 2818500  3  8  6   6.7 1005 215  4.5 7  4.4  72    0    0 307 -341  1
3823500 2818500  3  8  7   6.6 1005 219  4.4 8  4.5  73    0    0 318 -340  1
3823500 2818500  3  8  8   6.7 1005 222  4.5 7  4.6  75    0   17 315 -338  1
3823500 2818500  3  8  9   6.6 1006 224  5.1 5  4.7  77    0   68 297 -337  1
3823500 2818500  3  8 10   7.0 1006 229  5.1 8  4.8  77    0   58 300 -338  1
3823500 2818500  3  8 11   7.3 1007 243  5.3 8  4.8  75    0   72 315 -341  1
3823500 2818500  3  8 12   8.4 1007 239  6.0 7  4.7  70    0  131 309 -347  1
3823500 2818500  3  8 13   8.2 1008 249  7.5 7  4.5  66    0  128 301 -352  1
3823500 2818500  3  8 14   9.4 1009 251  7.0 6  4.5  63   35  225 293 -355  1
3823500 2818500  3  8 15   9.7 1009 239  6.4 6  4.2  57   37  205 288 -358  1
3823500 2818500  3  8 16   9.3 1009 249  6.2 6  4.1  56    0   86 291 -358  1
3823500 2818500  3  8 17   8.1 1009 238  4.3 7  4.5  64    0   56 296 -355  1
3823500 2818500  3  8 18   8.2 1009 231  4.6 8  4.8  71    0   27 302 -352  1
3823500 2818500  3  8 19   8.4 1009 222  5.1 7  4.9  72    0    0 303 -349  1
3823500 2818500  3  8 20   8.6 1008 236  5.9 7  5.0  72    0    0 300 -347  1
3823500 2818500  3  8 21   8.2 1008 237  5.0 8  5.1  74    0    0 308 -346  1
3823500 2818500  3  8 22   8.0 1008 234  5.3 8  5.2  76    0    0 315 -346  1
3823500 2818500  3  8 23   7.4 1008 222  5.1 8  5.3  81    0    0 316 -346  1
3823500 2818500  3  8 24   7.4 1008 230  5.1 8  5.5  85    0    0 317 -346  1
3823500 2818500  3  9  1   7.3 1008 234  5.5 8  5.5  86    0    0 318 -346  1
3823500 2818500  3  9  2   7.4 1008 241  5.3 8  5.6  86    0    0 320 -346  1
3823500 2818500  3  9  3   7.7 1008 238  5.4 7  5.6  86    0    0 319 -345  1
3823500 2818500  3  9  4   7.9 1007 237  4.4 7  5.6  84    0    0 316 -344  1
3823500 2818500  3  9  5   8.1 1007 242  5.3 8  5.5  82    0    0 321 -343  1
3823500 2818500  3  9  6   7.9 1008 237  4.7 8  5.5  82    0    0 323 -343  1
3823500 2818500  3  9  7   7.8 1008 241  4.9 8  5.6  84    0    0 321 -342  1
3823500 2818500  3  9  8   8.2 1008 241  4.3 8  5.5  82    0    9 320 -342  1
3823500 2818500  3  9  9   8.4 1008 248  4.4 7  5.4  79    1   69 314 -343  1
3823500 2818500  3  9 10   8.6 1009 237  4.8 7  5.4  78    1  110 308 -346  1
3823500 2818500  3  9 11   9.0 1009 240  4.3 7  5.5  78    0  132 305 -351  1
3823500 2818500  3  9 12   9.4 1010 250  3.7 7  5.5  76    0  141 303 -358  1
3823500 2818500  3  9 13   9.8 1010 251  4.4 7  5.5  74    0  116 303 -363  1
3823500 2818500  3  9 14  10.2 1010 249  3.8 7  5.4  71    0  128 304 -369  1
3823500 2818500  3  9 15  10.7 1010 242  3.6 7  5.4  68   52  183 305 -372  1
3823500 2818500  3  9 16  11.0 1010 249  3.3 7  5.3  66   52  140 305 -373  1
3823500 2818500  3  9 17  11.7 1010 246  2.7 7  5.3  63   56   78 307 -369  1
3823500 2818500  3  9 18  11.1 1010 223  1.8 7  5.2  62   28   27 304 -364  1
3823500 2818500  3  9 19  10.1 1010 221  2.4 6  5.1  64    0    4 294 -358  1
3823500 2818500  3  9 20   9.3 1010 221  1.9 4  5.0  67    0    0 277 -353  1
3823500 2818500  3  9 21   9.1 1010 223  1.8 4  4.9  68    0    0 269 -350  1
3823500 2818500  3  9 22   9.2 1011 221  1.7 3  4.8  67    0    0 265 -348  1
3823500 2818500  3  9 23   9.6 1011 232  2.5 3  4.8  65    0    0 265 -346  1
3823500 2818500  3  9 24   9.2 1011 242  2.2 5  4.8  65    0    0 278 -344  1
3823500 2818500  3 10  1   8.5 1011 219  2.6 5  4.8  67    0    0 292 -341  1
3823500 2818500  3 10  2   8.4 1011 210  2.8 4  4.8  69    0    0 292 -339  1
3823500 2818500  3 10  3   8.6 1011 224  3.0 3  4.7  68    0    0 285 -336  1
3823500 2818500  3 10  4   8.6 1011 230  2.6 2  4.7  68    0    0 277 -335  1
3823500 2818500  3 10  5   9.6 1012 242  3.4 4  4.9  68    0    0 286 -333  1
3823500 2818500  3 10  6   9.7 1012 243  2.9 7  5.1  68    0    0 314 -332  1
3823500 2818500  3 10  7   9.2 1013 237  2.9 7  5.3  72    0    0 326 -330  1
3823500 2818500  3 10  8   9.3 1012 230  2.5 7  5.5  76    2   30 321 -330  1
3823500 2818500  3 10  9  10.1 1013 238  3.7 5  5.7  76   33  108 313 -332  1
3823500 2818500  3 10 10  10.4 1013 241  4.9 5  5.6  72   88  189 305 -340  1
3823500 2818500  3 10 11  11.5 1013 247  5.6 5  5.6  69  120  249 304 -350  1
3823500 2818500  3 10 12  12.1 1013 248  5.0 5  5.6  65   94  284 301 -361  1
3823500 2818500  3 10 13  13.5 1013 244  5.9 6  5.4  59  139  305 300 -370  1
3823500 2818500  3 10 14  13.6 1013 243  5.3 6  5.2  54  114  295 304 -377  1
3823500 2818500  3 10 15  13.3 1013 238  4.9 6  5.0  52   53  244 304 -380  1
3823500 2818500  3 10 16  12.8 1013 230  4.1 7  4.9  53    0  108 307 -379  1
3823500 2818500  3 10 17  12.4 1013 232  3.1 8  5.0  55    8   99 314 -376  1
3823500 2818500  3 10 18  11.8 1013 215  2.4 7  5.1  58    0   27 311 -371  1
3823500 2818500  3 10 19  10.8 1012 227  2.0 7  5.2  63    0    2 303 -366  1
3823500 2818500  3 10 20  11.1 1012 236  2.8 8  5.4  66    0    0 307 -361  1
3823500 2818500  3 10 21  10.6 1013 241  2.5 8  5.4  67    0    0 313 -359  1
3823500 2818500  3 10 22  10.1 1013 222  2.6 8  5.4  68    0    0 313 -358  1
3823500 2818500  3 10 23   9.9 1013 217  2.4 8  5.5  72    0    0 314 -358  1
3823500 2818500  3 10 24   9.6 1012 212  2.1 8  5.7  76    0    0 315 -357  1
3823500 2818500  3 11  1   9.4 1012 210  2.2 8  5.8  78    0    0 316 -355  1
3823500 2818500  3 11  2   9.2 1012 212  2.3 7  5.8  79    0    0 312 -354  1
3823500 2818500  3 11  3   9.2 1011 209  2.2 7  5.8  80    0    0 309 -353  1
3823500 2818500  3 11  4   9.3 1010 199  2.3 8  5.8  79    0    0 314 -353  1
3823500 2818500  3 11  5   9.8 1010 201  2.9 8  5.9  79    0    0 321 -352  1
3823500 2818500  3 11  6   9.9 1009 209  3.3 7  6.1  81    0    0 321 -352  1
3823500 2818500  3 11  7   9.5 1009 212  3.0 8  6.4  84    0    0 323 -352  1
3823500 2818500  3 11  8   9.6 1008 221  2.8 8  6.4  86    0   10 330 -353  1
3823500 2818500  3 11  9   9.7 1008 210  3.0 7  6.4  85    0   37 328 -356  1
3823500 2818500  3 11 10   9.4 1007 206  3.2 8  6.5  86    0   47 330 -362  1
3823500 2818500  3 11 11   9.5 1007 200  2.9 7  6.6  89    0   76 332 -366  1
3823500 2818500  3 11 12   9.7 1006 203  2.9 7  6.8  91    0  128 328 -368  1
3823500 2818500  3 11 13  10.4 1005 217  3.9 7  7.1  92    0  122 331 -369  1
3823500 2818500  3 11 14  10.4 1004 237  4.4 7  7.2  91    0   80 334 -372  1
3823500 2818500  3 11 15  10.4 1003 243  4.4 7  7.0  88    0   76 336 -374  1
3823500 2818500  3 11 16   9.6 1003 261  4.0 7  6.8  88    0   72 336 -373  1
3823500 2818500  3 11 17   9.0 1003 268  3.5 7  6.5  88    0   47 336 -372  1
3823500 2818500  3 11 18   8.7 1003 265  2.8 8  6.4  89    0   13 340 -372  1
3823500 2818500  3 11 19   8.6 1003 263  2.3 8  6.3  89    0    0 345 -372  1
3823500 2818500  3 11 20   8.3 1003 253  1.3 8  6.2  89    0    0 345 -371  1
3823500 2818500  3 11 21   8.4 1003 261  2.8 8  6.1  88    0    0 344 -369  1
3823500 2818500  3 11 22   8.4 1003 246  2.8 8  6.0  87    0    0 343 -366  1
3823500 2818500  3 11 23   8.4 1003 242  2.3 8  6.0  86    0    0 343 -364  1
3823500 2818500  3 11 24   8.6 1004 242  3.2 7  6.0  86    0    0 336 -361  1
3823500 2818500  3 12  1   8.4 1004 246  3.2 7  6.0  86    0    0 329 -358  1
3823500 2818500  3 12  2   8.4 1004 257  2.9 7  5.9  84    0    0 329 -355  1
3823500 2818500  3 12  3   8.3 1004 248  3.7 7  5.7  83    0    0 330 -353  1
3823500 2818500  3 12  4   8.2 1004 258  4.0 7  5.6  82    0    0 332 -352  1
3823500 2818500  3 12  5   8.0 1005 262  4.0 7  5.5  82    0    0 331 -350  1
3823500 2818500  3 12  6   7.7 1005 270  4.1 7  5.5  82    0    0 330 -349  1
3823500 2818500  3 12  7   7.4 1006 278  4.7 8  5.4  83    0    0 335 -347  1
3823500 2818500  3 12  8   7.1 1007 279  4.1 8  5.2  82    0   17 340 -346  1
3823500 2818500  3 12  9   7.1 1008 281  3.7 7  5.1  81    3   71 332 -345  1
3823500 2818500  3 12 10   7.4 1009 283  2.6 7  5.1  80   69  100 327 -347  1
3823500 2818500  3 12 11   7.6 1010 294  4.0 6  5.3  82   84  129 322 -350  1
3823500 2818500  3 12 12   7.9 1011 302  3.8 7  5.6  85    0  140 322 -354  1
3823500 2818500  3 12 13   8.2 1012 319  2.9 7  5.6  83    0  102 328 -355  1
3823500 2818500  3 12 14   7.6 1013 326  4.7 8  5.2  79    0   74 331 -353  1
3823500 2818500  3 12 15   7.2 1014 326  5.1 7  4.9  77    0   83 327 -353  1
3823500 2818500  3 12 16   7.3 1015 327  4.1 7  4.9  77    0   74 319 -352  1
3823500 2818500  3 12 17   7.3 1016 333  2.9 7  4.9  76    0   64 319 -350  1
3823500 2818500  3 12 18   7.2 1017 325  2.3 6  4.9  77   23   21 313 -348  1
3823500 2818500  3 12 19   6.9 1018 324  2.1 7  4.8  78    0    5 310 -344  1
3823500 2818500  3 12 20   6.6 1019 320  1.7 7  4.8  79    0    0 313 -336  1
3823500 2818500  3 12 21   5.9 1021 349  1.9 7  4.7  80    0    0 312 -330  1
3823500 2818500  3 12 22   6.0 1022 350  1.3 7  4.6  80    0    0 311 -326  1
3823500 2818500  3 12 23   5.4 1023 356  2.8 7  4.5  80    0    0 309 -323  1
3823500 2818500  3 12 24   4.3 1024   7  1.7 6  4.2  79    0    0 299 -320  1
3823500 2818500  3 13  1   2.6 1025 336  0.2 4  3.9  82    0    0 277 -319  1
3823500 2818500  3 13  2   2.2 1025 355  1.0 2  3.8  86    0    0 252 -319  1
3823500 2818500  3 13  3   0.9 1026 328  0.3 1  3.7  89    0    0 234 -318  1
3823500 2818500  3 13  4  -0.1 1026 336  0.4 1  3.5  92    0    0 224 -315  1
3823500 2818500  3 13  5  -0.2 1026 346  1.0 1  3.5  93    0    0 222 -314  1
3823500 2818500  3 13  6  -1.1 1027 309  0.7 2  3.3  93    0    0 225 -314  1
3823500 2818500  3 13  7  -1.4 1027 325  0.6 2  3.2  93    0    0 227 -314  1
3823500 2818500  3 13  8  -0.1 1028 313  0.3 7  3.3  94   14   39 252 -314  1
3823500 2818500  3 13  9   0.5 1029 346  0.5 6  3.6  95   29  105 275 -316  1
3823500 2818500  3 13 10   1.6 1029 316  0.8 4  3.9  97   49  162 266 -318  1
3823500 2818500  3 13 11   2.7 1029 338  1.3 6  4.2  96   98  204 271 -325  1
3823500 2818500  3 13 12   6.3 1029 355  1.8 3  4.3  83  353  153 271 -337  1
3823500 2818500  3 13 13   8.4 1029  18  2.4 0  3.9  63  476  105 250 -349  1
3823500 2818500  3 13 14   8.8 1029  16  2.6 0  3.4  50  453  106 237 -355  1
3823500 2818500  3 13 15   9.4 1028  26  3.4 0  3.1  44  433   66 238 -355  1
3823500 2818500  3 13 16   9.4 1028  28  2.9 0  3.0  42  337   59 240 -353  1
3823500 2818500  3 13 17   9.3 1027  36  3.4 0  3.1  43  205   54 239 -348  1
3823500 2818500  3 13 18   8.3 1027  43  2.9 1  3.1  44   72   37 241 -341  1
3823500 2818500  3 13 19   6.8 1027  42  1.5 0  3.0  47    3    7 238 -333  1
3823500 2818500  3 13 20   4.8 1028  51  0.5 0  3.0  54    0    0 229 -326  1
3823500 2818500  3 13 21   4.4 1028  40  1.3 0  3.1  60    0    0 226 -322  1
3823500 2818500  3 13 22   3.3 1028  40  1.3 0  3.2  64    0    0 225 -320  1
3823500 2818500  3 13 23   2.5 1028  45  0.8 0  3.2  69    0    0 223 -319  1
3823500 2818500  3 13 24   1.1 1029  47  0.2 0  3.1  73    0    0 220 -319  1
3823500 2818500  3 14  1   1.6 1029  41  0.1 0  3.1  75    0    0 219 -317  1
3823500 2818500  3 14  2   1.1 1029  64  0.3 0  3.0  73    0    0 219 -315  1
3823500 2818500  3 14  3  -0.3 1028  47  0.2 0  2.9  75    0    0 215 -314  1
3823500 2818500  3 14  4  -1.9 1028   9  0.1 0  2.7  80    0    0 211 -314  1
3823500 2818500  3 14  5  -2.5 1028  45  0.1 0  2.6  82    0    0 207 -314  1
3823500 2818500  3 14  6  -2.8 1028  11  0.1 0  2.6  84    0    0 205 -314  1
3823500 2818500  3 14  7  -2.9 1028 352  0.1 1  2.6  86    0    0 210 -313  1
3823500 2818500  3 14  8  -1.2 1029   5  0.4 1  2.8  87   18   41 217 -313  1
3823500 2818500  3 14  9   2.3 1029  31  0.7 1  3.0  78   84   99 225 -314  1
3823500 2818500  3 14 10   4.7 1029  54  1.6 1  3.0  62  254  102 232 -318  1
3823500 2818500  3 14 11   6.2 1029  50  2.3 1  2.9  52  372  105 237 -323  1
3823500 2818500  3 14 12   7.3 1029  46  3.0 0  3.0  50  453  105 236 -331  1
3823500 2818500  3 14 13   7.9 1028  66  3.9 0  3.1  49  472  111 233 -341  1
3823500 2818500  3 14 14   8.7 1028  62  4.6 0  3.2  48  451  112 236 -351  1
3823500 2818500  3 14 15   9.2 1027  58  5.1 0  3.2  46  413   94 239 -355  1
3823500 2818500  3 14 16   9.3 1027  56  5.1 0  3.3  46  317   82 240 -355  1
3823500 2818500  3 14 17   8.8 1027  77  4.4 0  3.3  47  193   68 241 -351  1
3823500 2818500  3 14 18   8.0 1026  79  3.5 0  3.3  50   70   42 239 -344  1
3823500 2818500  3 14 19   6.6 1027  82  2.6 0  3.3  53    4    8 236 -335  1
3823500 2818500  3 14 20   5.4 1027  96  2.4 0  3.3  58    0    0 232 -327  1
3823500 2818500  3 14 21   4.6 1028  85  2.2 0  3.3  61    0    0 228 -323  1
3823500 2818500  3 14 22   3.8 1029  90  1.9 1  3.2  63    0    0 230 -320  1
3823500 2818500  3 14 23   3.2 1029  97  1.1 1  3.1  65    0    0 232 -319  1
3823500 2818500  3 14 24   2.7 1030  97  1.3 1  3.1  67    0    0 231 -320  1
3823500 2818500  3 15  1   2.3 1030  87  1.2 0  3.1  70    0    0 225 -319  1
3823500 2818500  3 15  2   2.0 1030  76  1.0 0  3.1  72    0    0 219 -319  1
3823500 2818500  3 15  3   1.0 1030  80  0.9 0  3.1  75    0    0 216 -319  1
3823500 2818500  3 15  4   0.8 1030  68  0.4 0  3.1  78    0    0 215 -317  1
3823500 2818500  3 15  5   0.6 1031  62  0.4 2  3.1  79    0    0 223 -316  1
3823500 2818500  3 15  6   0.0 1031  68  0.2 1  3.1  80    0    0 227 -315  1
3823500 2818500  3 15  7  -0.2 1031  58  0.3 1  3.1  83    0    0 221 -315  1
3823500 2818500  3 15  8   0.8 1032  51  0.8 1  3.2  85   25   42 223 -315  1
3823500 2818500  3 15  9   3.2 1033  62  1.5 0  3.5  81   96   97 223 -317  1
3823500 2818500  3 15 10   5.0 1033  57  2.6 0  3.7  74  259  104 223 -320  1
3823500 2818500  3 15 11   5.7 1034  58  3.2 0  3.7  69  372  109 226 -326  1
3823500 2818500  3 15 12   6.8 1034  56  3.1 0  3.6  62  453  111 229 -337  1
3823500 2818500  3 15 13   7.5 1034  56  3.2 0  3.5  57  477  116 232 -348  1
3823500 2818500  3 15 14   8.3 1034  54  3.5 0  3.5  55  464  116 236 -354  1
3823500 2818500  3 15 15   8.3 1033  59  3.7 0  3.6  54  416  100 238 -357  1
3823500 2818500  3 15 16   8.4 1033  69  2.9 0  3.7  55  318   88 239 -357  1
3823500 2818500  3 15 17   7.3 1033  57  3.7 1  3.7  58  197   71 242 -354  1
3823500 2818500  3 15 18   4.8 1033  58  2.3 2  3.7  65   74   45 248 -349  1
3823500 2818500  3 15 19   2.8 1033  63  2.0 2  3.6  74    5    8 245 -340  1
3823500 2818500  3 15 20   1.6 1034  70  1.2 2  3.5  80    0    0 240 -332  1
3823500 2818500  3 15 21   1.2 1034  73  1.2 3  3.4  84    0    0 241 -328  1
3823500 2818500  3 15 22   0.8 1035  86  0.6 3  3.4  85    0    0 244 -324  1
3823500 2818500  3 15 23   0.4 1035  92  0.4 2  3.3  86    0    0 238 -321  1
3823500 2818500  3 15 24   0.5 1035 110  0.2 0  3.3  87    0    0 225 -320  1
3823500 2818500  3 16  1  -0.1 1035 102  0.1 0  3.2  86    0    0 214 -319  1
3823500 2818500  3 16  2  -0.9 1035  99  0.1 0  3.1  87    0    0 211 -319  1
3823500 2818500  3 16  3  -1.3 1035 113  0.1 0  3.0  88    0    0 209 -318  1
3823500 2818500  3 16  4  -1.9 1034  95  0.1 1  3.0  90    0    0 211 -317  1
3823500 2818500  3 16  5  -2.1 1034 124  0.1 0  2.9  91    0    0 209 -316  1
3823500 2818500  3 16  6  -2.7 1034  76  0.1 1  2.9  92    0    0 207 -315  1
3823500 2818500  3 16  7  -3.0 1034  91  0.1 0  2.8  93    0    0 205 -315  1
3823500 2818500  3 16  8  -1.5 1034 109  0.1 1  3.0  94   25   44 206 -315  1
3823500 2818500  3 16  9   2.5 1035 140  0.1 1  3.7  95   93  101 219 -317  1
3823500 2818500  3 16 10   5.0 1035 102  0.1 0  4.1  84  254  111 224 -320  1
3823500 2818500  3 16 11   7.6 1035 146  0.4 0  3.8  65  363  122 222 -327  1
3823500 2818500  3 16 12   8.5 1035 360  0.8 0  3.5  54  437  126 226 -339  1
3823500 2818500  3 16 13  10.0 1035  91  0.6 0  3.3  47  462  130 229 -351  1
3823500 2818500  3 16 14  10.9 1035  73  0.6 0  3.3  43  447  128 232 -358  1
3823500 2818500  3 16 15  12.0 1034  21  0.4 0  3.3  41  400  112 236 -360  1
3823500 2818500  3 16 16  12.8 1033 289  0.4 1  3.4  39  313   96 244 -359  1
3823500 2818500  3 16 17  13.0 1033 124  0.2 2  3.4  37  195   76 252 -356  1
3823500 2818500  3 16 18  11.6 1032 131  0.1 5  3.3  38   70   47 261 -350  1
3823500 2818500  3 16 19   8.5 1032  15  0.1 5  3.3  44    5    8 261 -342  1
3823500 2818500  3 16 20   4.8 1032  15  0.0 5  3.1  53    0    0 248 -334  1
3823500 2818500  3 16 21   3.1 1032   5  0.0 5  3.0  62    0    0 239 -329  1
3823500 2818500  3 16 22   1.9 1031 342  0.0 2  3.1  69    0    0 229 -326  1
3823500 2818500  3 16 23   1.2 1031 327  0.0 2  3.1  73    0    0 221 -323  1
3823500 2818500  3 16 24   0.6 1031 198  0.0 3  3.0  76    0    0 221 -320  1
3823500 2818500  3 17  1  -0.2 1031 204  0.1 3  3.0  80    0    0 220 -319  1
3823500 2818500  3 17  2  -0.6 1030  16  0.0 4  3.0  83    0    0 220 -319  1
3823500 2818500  3 17  3  -0.7 1030 194  0.1 4  3.0  84    0    0 220 -318  1
3823500 2818500  3 17  4  -0.8 1029 210  0.0 5  2.9  83    0    0 220 -317  1
3823500 2818500  3 17  5  -1.1 1029 175  0.2 6  2.9  84    0    0 224 -315  1
3823500 2818500  3 17  6  -0.9 1029 250  0.7 6  3.0  87    0    0 228 -315  1
3823500 2818500  3 17  7  -1.3 1028 335  1.0 7  3.1  89    0    0 233 -315  1
3823500 2818500  3 17  8   1.2 1028 340  1.6 7  3.3  89    5   46 241 -315  1
3823500 2818500  3 17  9   2.0 1028 336  3.3 7  3.8  90    9  103 248 -317  1
3823500 2818500  3 17 10   2.7 1027 347  3.2 7  4.0  91    4  142 247 -321  1
3823500 2818500  3 17 11   3.5 1027 355  3.7 8  4.0  86    0  100 246 -329  1
3823500 2818500  3 17 12   4.3 1027 360  4.3 7  3.9  78    0  100 243 -343  1
3823500 2818500  3 17 13   4.8 1027 352  3.2 7  3.8  74    0  107 246 -357  1
3823500 2818500  3 17 14   5.5 1027 341  2.6 7  3.9  72    0  105 252 -364  1
3823500 2818500  3 17 15   6.1 1026 338  2.4 8  4.0  70    0  106 259 -366  1
3823500 2818500  3 17 16   7.1 1026 347  1.7 8  4.0  67    1  112 263 -364  1
3823500 2818500  3 17 17   7.2 1025   2  1.8 6  4.0  64   60   89 261 -359  1
3823500 2818500  3 17 18   7.2 1025  15  0.4 7  3.9  63   30   44 260 -351  1
3823500 2818500  3 17 19   4.9 1025 355  0.1 6  3.8  66    0    6 257 -342  1
3823500 2818500  3 17 20   3.1 1025 345  0.1 6  3.7  74    0    0 249 -334  1
3823500 2818500  3 17 21   2.8 1025   1  0.5 4  3.7  80    0    0 242 -330  1
3823500 2818500  3 17 22   1.9 1026   2  0.1 1  3.7  83    0    0 233 -326  1
3823500 2818500  3 17 23   1.6 1026 346  0.1 1  3.6  84    0    0 227 -324  1
3823500 2818500  3 17 24   0.2 1026 261  0.1 2  3.5  86    0    0 225 -321  1
3823500 2818500  3 18  1  -0.3 1026 357  0.0 2  3.3  88    0    0 223 -320  1
3823500 2818500  3 18  2  -1.5 1026   1  0.1 2  3.2  91    0    0 224 -319  1
3823500 2818500  3 18  3  -1.4 1026  12  0.1 1  3.1  93    0    0 222 -319  1
3823500 2818500  3 18  4  -2.1 1026   9  0.1 3  3.1  93    0    0 226 -319  1
3823500 2818500  3 18  5  -2.3 1026  38  0.0 3  3.0  95    0    0 233 -317  1
3823500 2818500  3 18  6  -2.2 1026 311  0.0 6  3.0  96    0    0 247 -316  1
3823500 2818500  3 18  7  -2.4 1026 301  0.0 4  3.0  96    0    0 255 -315  1
3823500 2818500  3 18  8  -2.0 1026  49  0.0 6  3.1  97   22   42 258 -316  1
3823500 2818500  3 18  9   1.4 1026  24  0.0 5  3.6  99   75  105 273 -317  1
3823500 2818500  3 18 10   5.7 1027  42  0.1 4  4.7  96  228  117 278 -321  1
3823500 2818500  3 18 11   8.5 1027  68  0.8 4  4.8  78  389   91 283 -332  1
3823500 2818500  3 18 12  10.2 1027  45  2.0 3  4.2  59  484   83 281 -347  1
3823500 2818500  3 18 13  11.4 1027  41  2.4 3  3.9  50  513   85 279 -359  1
3823500 2818500  3 18 14  12.1 1026  58  1.6 2  3.8  45  493   86 276 -365  1
3823500 2818500  3 18 15  12.6 1025  53  2.3 1  3.8  43  274  115 268 -368  1
3823500 2818500  3 18 16  12.9 1025  59  1.8 1  3.8  42   79   85 264 -367  1
3823500 2818500  3 18 17  12.8 1024  49  1.4 1  3.8  42  222   57 264 -363  1
3823500 2818500  3 18 18  11.8 1024  46  1.1 1  3.9  44   90   40 262 -355  1
3823500 2818500  3 18 19   8.8 1023  23  0.2 2  3.8  50    7    9 261 -346  1
3823500 2818500  3 18 20   6.7 1023   5  0.0 2  3.7  57    0    0 257 -338  1
3823500 2818500  3 18 21   6.2 1024 340  0.1 3  3.7  62    0    0 256 -333  1
3823500 2818500  3 18 22   6.6 1024  22  0.4 0  3.8  64    0    0 248 -330  1
3823500 2818500  3 18 23   3.9 1024  12  0.1 0  3.6  66    0    0 231 -328  1
3823500 2818500  3 18 24   1.8 1024  14  0.0 1  3.3  72    0    0 227 -326  1
3823500 2818500  3 19  1   0.4 1023 331  0.1 0  3.0  75    0    0 222 -324  1
3823500 2818500  3 19  2  -0.4 1023 342  0.3 0  2.9  78    0    0 215 -323  1
3823500 2818500  3 19  3  -0.8 1023 256  0.0 0  3.0  82    0    0 214 -321  1
3823500 2818500  3 19  4  -1.9 1023 234  0.1 0  2.9  85    0    0 211 -320  1
3823500 2818500  3 19  5  -2.1 1022 259  0.5 0  2.8  86    0    0 209 -319  1
3823500 2818500  3 19  6  -2.1 1022 320  0.5 2  2.8  88    0    0 217 -319  1
3823500 2818500  3 19  7  -1.5 1022 314  0.9 2  3.0  90    0    0 228 -319  1
3823500 2818500  3 19  8  -0.9 1022 315  1.3 5  3.2  92   63   14 245 -319  1
3823500 2818500  3 19  9  -0.1 1022 332  1.8 5  3.3  92   60   79 263 -319  1
3823500 2818500  3 19 10   0.4 1022 307  3.0 5  3.5  93   21  147 266 -328  1
3823500 2818500  3 19 11   1.2 1022 273  3.5 7  3.8  96    0  149 280 -346  1
3823500 2818500  3 19 12   2.6 1022 269  3.4 7  4.0  93    0  147 288 -364  1
3823500 2818500  3 19 13   4.2 1022 290  3.5 7  4.1  86    0  133 281 -378  1
3823500 2818500  3 19 14   5.0 1021 313  3.1 8  4.1  79    0  119 271 -387  1
3823500 2818500  3 19 15   5.7 1021 317  3.7 6  4.1  74    0  122 260 -389  1
3823500 2818500  3 19 16   6.1 1020 333  3.3 6  4.1  71    3  120 251 -386  1
3823500 2818500  3 19 17   5.9 1020 319  3.4 7  4.1  70   36   81 246 -379  1
3823500 2818500  3 19 18   5.5 1020 326  3.3 7  4.0  71   42   21 239 -369  1
3823500 2818500  3 19 19   4.9 1020 337  3.4 7  4.0  72    0    7 235 -357  1
3823500 2818500  3 19 20   4.7 1020 345  2.5 7  3.9  74    0    0 233 -347  1
3823500 2818500  3 19 21   4.3 1020 330  1.9 7  3.9  76    0    0 234 -340  1
3823500 2818500  3 19 22   4.0 1020 356  2.1 7  3.9  77    0    0 241 -334  1
3823500 2818500  3 19 23   3.7 1020  17  2.2 7  3.8  77    0    0 252 -328  1
3823500 2818500  3 19 24   3.3 1020 310  1.9 8  3.8  79    0    0 264 -322  1
3823500 2818500  3 20  1   3.0 1020 340  2.6 7  3.7  79    0    0 274 -320  1
3823500 2818500  3 20  2   2.6 1019 298  2.5 8  3.6  79    0    0 284 -319  1
3823500 2818500  3 20  3   2.4 1019 325  2.5 7  3.6  79    0    0 293 -319  1
3823500 2818500  3 20  4   2.2 1019 319  2.5 8  3.5  79    0    0 296 -319  1
3823500 2818500  3 20  5   2.0 1019 329  2.7 7  3.5  79    0    0 296 -319  1
3823500 2818500  3 20  6   1.6 1019 325  2.5 7  3.5  80    0    0 287 -319  1
3823500 2818500  3 20  7   1.5 1019 297  2.2 8  3.4  81    0    0 289 -317  1
3823500 2818500  3 20  8   1.7 1019 295  2.3 8  3.4  80    0   34 292 -316  1
3823500 2818500  3 20  9   2.1 1019 314  2.2 8  3.4  79    0   69 290 -318  1
3823500 2818500  3 20 10   2.5 1019 329  2.2 8  3.5  78    0  101 288 -330  1
3823500 2818500  3 20 11   3.0 1020 304  2.2 8  3.5  76    0   96 289 -351  1
3823500 2818500  3 20 12   3.6 1020 303  1.9 8  3.5  73    0  117 292 -370  1
3823500 2818500  3 20 13   4.3 1020 291  1.8 7  3.6  71    0  136 291 -382  1
3823500 2818500  3 20 14   4.9 1019 313  1.4 7  3.6  68    0  142 287 -389  1
3823500 2818500  3 20 15   5.4 1019 333  1.3 7  3.6  66    0  149 282 -390  1
3823500 2818500  3 20 16   5.3 1019 313  0.9 7  3.6  64    0  109 279 -388  1
3823500 2818500  3 20 17   5.1 1019  19  0.9 7  3.5  65    0   57 277 -382  1
3823500 2818500  3 20 18   4.9 1019 266  0.6 8  3.6  66    0   24 281 -372  1
3823500 2818500  3 20 19   4.3 1019 187  0.8 7  3.6  68    0    5 282 -361  1
3823500 2818500  3 20 20   3.0 1019 201  1.0 6  3.5  72    0    0 275 -350  1
3823500 2818500  3 20 21   1.4 1019  52  0.8 6  3.4  77    0    0 270 -343  1
3823500 2818500  3 20 22   1.1 1019 298  0.6 4  3.4  82    0    0 261 -339  1
3823500 2818500  3 20 23   1.5 1019  30  0.5 4  3.6  87    0    0 252 -335  1
3823500 2818500  3 20 24   1.6 1019  40  0.8 7  3.7  89    0    0 267 -332  1
3823500 2818500  3 21  1   1.8 1019  68  1.3 8  3.8  88    0    0 288 -330  1
3823500 2818500  3 21  2   2.3 1019  51  1.4 8  3.8  88    0    0 293 -328  1
3823500 2818500  3 21  3   3.1 1019  80  1.9 8  3.9  84    0    0 296 -327  1
3823500 2818500  3 21  4   3.5 1019 115  1.6 8  3.7  78    0    0 299 -325  1
3823500 2818500  3 21  5   3.7 1018  92  2.1 8  3.6  75    0    0 301 -324  1
3823500 2818500  3 21  6   3.8 1018  99  2.5 8  3.7  75    0    0 300 -322  1
3823500 2818500  3 21  7   4.1 1018  81  3.2 8  3.7  74    0    0 302 -320  1
3823500 2818500  3 21  8   4.0 1019  88  3.0 7  3.7  74    0   35 296 -321  1
3823500 2818500  3 21  9   4.3 1019  98  3.8 7  3.7  73    1   90 292 -328  1
3823500 2818500  3 21 10   5.2 1019 113  4.4 6  3.6  68   17  187 289 -341  1
3823500 2818500  3 21 11   6.6 1019 105  4.1 3  3.5  61  224  212 271 -355  1
3823500 2818500  3 21 12   7.8 1019  88  4.7 1  3.4  54  484  116 248 -367  1
3823500 2818500  3 21 13   8.6 1019  90  4.7 1  3.4  51  522  112 242 -376  1
3823500 2818500  3 21 14   9.3 1019  92  4.2 0  3.4  49  521  103 241 -381  1
3823500 2818500  3 21 15   9.5 1019  85  4.0 0  3.4  46  460   96 240 -381  1
3823500 2818500  3 21 16   9.6 1018  89  3.5 1  3.4  46  361   85 246 -379  1
3823500 2818500  3 21 17   9.2 1018  84  3.3 2  3.4  47  224   74 255 -373  1
3823500 2818500  3 21 18   7.7 1018  78  2.9 4  3.4  50   99   49 263 -366  1
3823500 2818500  3 21 19   6.3 1018  85  2.2 6  3.5  57    9   11 268 -357  1
3823500 2818500  3 21 20   4.6 1019  76  1.7 5  3.4  62    0    0 263 -347  1
3823500 2818500  3 21 21   3.7 1019  81  2.6 5  3.2  64    0    0 254 -340  1
3823500 2818500  3 21 22   3.0 1019  76  1.2 2  3.0  62    0    0 240 -336  1
3823500 2818500  3 21 23   2.2 1019 102  1.3 1  2.7  60    0    0 224 -332  1
3823500 2818500  3 21 24   1.2 1019 104  1.4 3  2.5  60    0    0 225 -329  1
3823500 2818500  3 22  1   0.8 1020 102  0.9 2  2.4  60    0    0 227 -326  1
3823500 2818500  3 22  2   0.0 1019 106  1.5 3  2.3  60    0    0 225 -324  1
3823500 2818500  3 22  3  -0.5 1019 103  0.5 3  2.3  61    0    0 226 -321  1
3823500 2818500  3 22  4  -0.8 1019 117  0.9 3  2.2  62    0    0 223 -320  1
3823500 2818500  3 22  5  -1.1 1019 101  0.9 2  2.2  62    0    0 217 -319  1
3823500 2818500  3 22  6  -0.5 1019 110  0.9 3  2.2  61    0    0 217 -319  1
3823500 2818500  3 22  7  -0.6 1019 105  1.4 3  2.1  59    0    0 222 -318  1
3823500 2818500  3 22  8   1.3 1020 117  1.2 2  2.2  57   48   54 220 -317  1
3823500 2818500  3 22  9   2.8 1020 118  2.0 1  2.3  52  129  106 216 -318  1
3823500 2818500  3 22 10   4.9 1020 123  2.4 2  2.3  46  324   90 221 -326  1
3823500 2818500  3 22 11   6.6 1020 116  2.3 1  2.3  41  444   88 225 -342  1
3823500 2818500  3 22 12   8.7 1020 109  2.3 1  2.4  37  526   85 227 -356  1
3823500 2818500  3 22 13  10.2 1020 116  2.6 1  2.4  32  547   86 233 -368  1
3823500 2818500  3 22 14  11.4 1019 104  2.5 2  2.1  27  534   80 240 -375  1
3823500 2818500  3 22 15  12.1 1019 110  2.7 1  2.0  23  477   74 242 -377  1
3823500 2818500  3 22 16  12.6 1018  95  2.6 1  1.8  21  380   65 241 -375  1
3823500 2818500  3 22 17  12.8 1018 110  2.0 1  1.8  20  251   57 241 -369  1
3823500 2818500  3 22 18  11.8 1017 111  2.5 1  1.9  22  109   43 240 -360  1
3823500 2818500  3 22 19   9.5 1017  96  0.6 1  2.0  26   11   11 237 -350  1
3823500 2818500  3 22 20   8.0 1017  99  1.1 1  2.0  29    0    0 231 -342  1
3823500 2818500  3 22 21   6.5 1018 114  0.6 1  2.0  32    0    0 227 -336  1
3823500 2818500  3 22 22   5.2 1018 111  0.4 0  2.1  37    0    0 221 -332  1
3823500 2818500  3 22 23   4.9 1018 108  0.6 1  2.2  40    0    0 219 -328  1
3823500 2818500  3 22 24   3.5 1018 119  0.8 1  2.2  43    0    0 221 -325  1
3823500 2818500  3 23  1   3.3 1018 128  0.8 1  2.2  46    0    0 219 -322  1
3823500 2818500  3 23  2   2.1 1018 114  0.8 1  2.2  49    0    0 218 -320  1
3823500 2818500  3 23  3   1.6 1018 142  1.0 1  2.2  52    0    0 216 -319  1
3823500 2818500  3 23  4   1.7 1018 118  1.2 1  2.2  52    0    0 217 -319  1
3823500 2818500  3 23  5   1.2 1018 135  1.2 1  2.2  53    0    0 216 -319  1
3823500 2818500  3 23  6   0.0 1018 125  0.5 1  2.2  56    0    0 214 -317  1
3823500 2818500  3 23  7   0.0 1018 126  0.7 1  2.2  58    0    0 213 -316  1
3823500 2818500  3 23  8   4.0 1019 138  1.0 1  2.4  54   52   54 219 -316  1
3823500 2818500  3 23  9   6.3 1019 141  1.0 0  2.5  46  145  101 225 -318  1
3823500 2818500  3 23 10   9.5 1019 130  1.3 0  2.5  38  337   84 228 -325  1
3823500 2818500  3 23 11  11.3 1019 130  1.8 0  2.4  31  462   78 233 -341  1
3823500 2818500  3 23 12  13.0 1019 143  1.7 0  2.3  26  540   75 238 -358  1
3823500 2818500  3 23 13  14.2 1018 151  1.9 0  2.2  23  573   71 243 -370  1
3823500 2818500  3 23 14  15.0 1018 160  2.2 0  2.2  22  559   65 247 -378  1
3823500 2818500  3 23 15  15.7 1018 168  2.1 0  2.2  21  501   60 250 -383  1
3823500 2818500  3 23 16  16.1 1017 149  1.8 0  2.2  20  400   56 252 -384  1
3823500 2818500  3 23 17  16.2 1017 150  0.7 0  2.2  20  261   53 252 -379  1
3823500 2818500  3 23 18  15.9 1017 145  0.3 0  2.2  20  114   44 251 -371  1
3823500 2818500  3 23 19  12.4 1017  74  0.1 0  2.3  23   12   11 247 -359  1
3823500 2818500  3 23 20   8.5 1017  87  0.1 0  2.2  28    0    0 236 -349  1
3823500 2818500  3 23 21   6.0 1017 114  0.1 0  2.3  36    0    0 228 -342  1
3823500 2818500  3 23 22   4.2 1018 133  0.1 0  2.4  45    0    0 223 -339  1
3823500 2818500  3 23 23   2.8 1018 147  0.2 0  2.4  49    0    0 219 -336  1
3823500 2818500  3 23 24   2.0 1018 169  0.4 0  2.4  54    0    0 216 -334  1
3823500 2818500  3 24  1   2.4 1017 180  1.0 0  2.6  58    0    0 218 -331  1
3823500 2818500  3 24  2   1.8 1018 185  0.7 0  2.6  60    0    0 218 -330  1
3823500 2818500  3 24  3   2.4 1017 184  0.5 0  2.6  60    0    0 218 -328  1
3823500 2818500  3 24  4   2.1 1017 194  0.5 0  2.6  58    0    0 219 -326  1
3823500 2818500  3 24  5   1.1 1017 213  0.6 0  2.5  60    0    0 217 -324  1
3823500 2818500  3 24  6   1.9 1017 216  0.8 0  2.5  60    0    0 217 -324  1
3823500 2818500  3 24  7   1.4 1017 195  0.8 0  2.5  59    0    0 217 -324  1
3823500 2818500  3 24  8   4.2 1018 188  1.2 0  2.7  58   33   67 220 -325  1
3823500 2818500  3 24  9   7.6 1018 185  1.0 0  3.0  52   94  136 227 -332  1
3823500 2818500  3 24 10  11.1 1018 188  1.3 0  3.3  45  249  153 236 -344  1
3823500 2818500  3 24 11  14.4 1017 198  1.4 0  3.5  38  352  166 245 -360  1
3823500 2818500  3 24 12  17.2 1017 214  2.0 0  3.7  33  438  161 255 -374  1
3823500 2818500  3 24 13  18.6 1017 219  3.3 0  3.8  30  472  156 261 -384  1
3823500 2818500  3 24 14  19.2 1016 223  2.9 0  3.7  27  473  143 266 -391  1
3823500 2818500  3 24 15  19.9 1015 235  3.7 0  3.7  26  419  129 270 -395  1
3823500 2818500  3 24 16  20.1 1015 241  4.2 0  3.7  26  328  112 272 -395  1
3823500 2818500  3 24 17  19.4 1014 238  3.7 0  3.9  28  213   88 272 -391  1
3823500 2818500  3 24 18  18.2 1014 231  2.8 1  4.2  31   89   59 273 -383  1
3823500 2818500  3 24 19  17.1 1014 212  1.8 6  4.4  35    7   13 286 -373  1
3823500 2818500  3 24 20  16.3 1014 274  2.0 7  4.7  40    0    0 299 -365  1
3823500 2818500  3 24 21  14.8 1014 288  2.2 6  5.0  46    0    0 295 -360  1
3823500 2818500  3 24 22  13.4 1014 302  1.4 5  5.0  50    0    0 287 -356  1
3823500 2818500  3 24 23  11.3 1015 301  2.7 5  4.7  53    0    0 280 -354  1
3823500 2818500  3 24 24  10.6 1015 268  1.4 6  4.6  56    0    0 280 -352  1
3823500 2818500  3 25  1   8.3 1015 266  1.5 3  4.5  61    0    0 271 -351  1
3823500 2818500  3 25  2   7.4 1015 247  1.1 3  4.3  66    0    0 259 -350  1
3823500 2818500  3 25  3   6.9 1015 248  1.2 2  4.4  70    0    0 256 -349  1
3823500 2818500  3 25  4   6.1 1015 236  0.9 1  4.4  73    0    0 251 -347  1
3823500 2818500  3 25  5   5.8 1015 239  1.3 1  4.4  76    0    0 247 -345  1
3823500 2818500  3 25  6   4.9 1015 236  0.4 2  4.3  78    0    0 247 -343  1
3823500 2818500  3 25  7   4.1 1015 231  0.1 1  4.2  81    0    0 245 -341  1
3823500 2818500  3 25  8   6.5 1015 257  0.1 3  4.6  83   30   72 248 -341  1
3823500 2818500  3 25  9   9.5 1015 283  0.4 3  5.1  77   82  147 258 -347  1
3823500 2818500  3 25 10  11.5 1015 304  0.9 4  5.3  67  170  204 265 -357  1
3823500 2818500  3 25 11  13.9 1015 295  2.0 5  5.3  58  164  261 276 -369  1
3823500 2818500  3 25 12  15.0 1015 303  2.0 4  5.2  51  322  242 281 -380  1
3823500 2818500  3 25 13  15.8 1015 299  1.9 5  5.2  48  281  278 284 -389  1
3823500 2818500  3 25 14  16.7 1015 330  1.5 5  5.1  44  206  289 291 -395  1
3823500 2818500  3 25 15  17.2 1014 334  1.6 6  5.0  42  159  265 297 -398  1
3823500 2818500  3 25 16  17.3 1014   3  1.2 6  5.0  41   70  214 301 -397  1
3823500 2818500  3 25 17  16.2 1013 342  1.0 6  5.0  42   98  122 300 -393  1
3823500 2818500  3 25 18  15.6 1013  26  1.2 6  4.9  44   57   66 297 -386  1
3823500 2818500  3 25 19  13.5 1013  24  0.9 7  4.9  48    6   13 298 -375  1
3823500 2818500  3 25 20  10.9 1013  45  0.3 7  4.9  56    0    0 296 -365  1
3823500 2818500  3 25 21  10.6 1013  55  0.6 5  4.8  60    0    0 285 -359  1
3823500 2818500  3 25 22   9.5 1013  64  0.8 3  4.8  63    0    0 268 -357  1
3823500 2818500  3 25 23   8.4 1013  58  1.2 2  4.8  67    0    0 250 -357  1
3823500 2818500  3 25 24   7.6 1013  50  0.8 3  4.8  72    0    0 247 -357  1
3823500 2818500  3 26  1   6.3 1013  43  0.8 2  4.8  77    0    0 243 -357  1
3823500 2818500  3 26  2   5.5 1013  42  1.2 1  4.7  81    0    0 228 -356  1
3823500 2818500  3 26  3   4.5 1013  39  0.5 1  4.5  83    0    0 220 -354  1
3823500 2818500  3 26  4   3.6 1013  32  0.2 0  4.3  85    0    0 215 -352  1
3823500 2818500  3 26  5   2.9 1013  32  0.1 0  4.2  88    0    0 210 -351  1
3823500 2818500  3 26  6   2.7 1013  41  0.5 2  4.2  90    0    0 223 -350  1
3823500 2818500  3 26  7   2.5 1013  15  0.1 1  4.1  90    0    0 229 -350  1
3823500 2818500  3 26  8   3.8 1013  24  0.2 0  4.4  94   33   76 222 -352  1
3823500 2818500  3 26  9   8.3 1013  53  1.0 1  5.2  90   78  159 232 -359  1
3823500 2818500  3 26 10  11.0 1013  70  1.5 1  5.7  76  188  215 247 -370  1
3823500 2818500  3 26 11  13.1 1013  66  2.3 1  5.7  65  270  248 254 -383  1
3823500 2818500  3 26 12  15.1 1013  74  2.5 1  5.5  55  330  265 260 -394  1
3823500 2818500  3 26 13  16.0 1012  69  2.4 3  5.4  49  357  266 279 -402  1
3823500 2818500  3 26 14  16.4 1012  72  2.7 4  5.3  46  314  273 301 -406  1
3823500 2818500  3 26 15  16.3 1011  65  2.7 4  5.2  45  160  291 309 -406  1
3823500 2818500  3 26 16  16.7 1011  76  3.1 4  5.3  45   93  235 312 -404  1
3823500 2818500  3 26 17  16.3 1010  72  2.8 4  5.2  45  104  143 313 -400  1
3823500 2818500  3 26 18  15.1 1010  60  2.8 3  5.1  46   64   77 306 -395  1
3823500 2818500  3 26 19  13.4 1010  81  2.4 6  5.1  50    7   15 311 -388  1
3823500 2818500  3 26 20  12.6 1010  79  3.4 6  4.9  53    0    0 319 -381  1
3823500 2818500  3 26 21  11.9 1010  89  2.4 6  4.6  51    0    0 316 -377  1
3823500 2818500  3 26 22  11.0 1010  88  1.6 4  4.2  50    0    0 304 -374  1
3823500 2818500  3 26 23  10.7 1010  93  1.4 4  4.0  50    0    0 292 -371  1
3823500 2818500  3 26 24  10.2 1010 101  1.9 4  4.0  50    0    0 291 -367  1
3823500 2818500  3 27  1   8.4 1010   8  1.4 2  3.9  53    0    0 278 -365  1
3823500 2818500  3 27  2   5.8 1010  64  1.1 2  3.7  60    0    0 261 -363  1
3823500 2818500  3 27  3   7.1 1010  78  1.1 2  3.8  64    0    0 259 -362  1
3823500 2818500  3 27  4   5.7 1010 124  1.2 1  4.0  66    0    0 253 -362  1
3823500 2818500  3 27  5   5.1 1009  87  0.7 2  4.0  72    0    0 250 -363  1
3823500 2818500  3 27  6   5.5 1009  93  0.7 4  4.1  74    0    0 266 -364  1
3823500 2818500  3 27  7   4.5 1009  17  0.2 4  4.1  75    0    0 276 -364  1
3823500 2818500  3 27  8   6.6 1010  46  0.6 4  4.4  77   37   72 278 -366  1
3823500 2818500  3 27  9  10.4 1010 126  1.3 4  5.0  72   81  153 288 -370  1
3823500 2818500  3 27 10  13.8 1010  84  1.2 4  5.5  62  225  186 300 -376  1
3823500 2818500  3 27 11  15.3 1010  91  1.3 3  5.7  56  308  215 305 -379  1
3823500 2818500  3 27 12  17.0 1010 115  0.7 3  5.9  52  381  222 307 -383  1
3823500 2818500  3 27 13  17.6 1009  78  1.8 2  6.0  48  436  213 306 -396  1
3823500 2818500  3 27 14  18.7 1009 258  1.8 1  5.8  45  402  211 296 -405  1
3823500 2818500  3 27 15  18.7 1008 259  1.6 2  5.6  42  221  260 301 -407  1
3823500 2818500  3 27 16  18.9 1008 134  1.7 3  5.3  39  212  190 314 -405  1
3823500 2818500  3 27 17  18.1 1008   7  1.4 2  4.9  37  181  119 313 -398  1
3823500 2818500  3 27 18  16.5 1007  39  2.1 1  5.1  41   83   74 303 -393  1
3823500 2818500  3 27 19  14.2 1007  43  1.1 0  5.4  49   10   15 289 -385  1
3823500 2818500  3 27 20  12.7 1008  32  1.0 0  5.4  56    0    0 274 -376  1
3823500 2818500  3 27 21  11.2 1008  31  0.7 0  5.4  62    0    0 268 -369  1
3823500 2818500  3 27 22   9.9 1008  32  0.6 0  5.3  67    0    0 263 -365  1
3823500 2818500  3 27 23   9.2 1009  66  0.7 1  5.4  71    0    0 260 -362  1
3823500 2818500  3 27 24   8.7 1009 111  0.9 3  5.4  75    0    0 257 -360  1
3823500 2818500  3 28  1   8.5  998 165  1.1 5  5.6  78    0    0 325 -341  1
3823500 2818500  3 28  2   8.4  998 205  1.2 6  5.7  81    0    0 323 -341  1
3823500 2818500  3 28  3   8.4  998 236  1.2 7  5.9  84    0    0 324 -340  1
3823500 2818500  3 28  4   8.1  998 237  1.1 7  5.9  86    0    0 314 -338  1
3823500 2818500  3 28  5   8.1  998 237  1.1 7  5.9  86    0    0 305 -337  1
3823500 2818500  3 28  6   7.5  998 243  1.1 7  6.0  90    0    0 311 -336  1
3823500 2818500  3 28  7   7.4  999 232  1.0 7  6.0  91    1   14 318 -336  1
3823500 2818500  3 28  8   7.6  999 237  1.3 7  5.9  90   12   68 319 -337  1
3823500 2818500  3 28  9   8.1 1000 239  2.4 8  5.9  89    2  105 327 -338  1
3823500 2818500  3 28 10   8.6 1000 235  3.4 7  5.8  84   17  183 329 -340  1
3823500 2818500  3 28 11   9.9 1000 239  3.7 5  5.5  75  185  218 316 -345  1
3823500 2818500  3 28 12  10.3 1000 232  4.7 6  5.0  64  133  265 311 -351  1
3823500 2818500  3 28 13  11.0  999 256  3.9 7  4.7  58   23  246 318 -354  1
3823500 2818500  3 28 14  10.9  999 247  4.8 7  4.5  55    3  193 320 -354  1
3823500 2818500  3 28 15  11.3  999 242  4.5 6  4.4  53    8  186 312 -353  1
3823500 2818500  3 28 16  11.5  998 235  3.6 5  4.5  53    8  153 302 -353  1
3823500 2818500  3 28 17  10.2  998 234  3.9 5  4.8  58   48  128 296 -349  1
3823500 2818500  3 28 18   8.5  998 233  3.0 7  5.3  71   17   59 302 -344  1
3823500 2818500  3 28 19   8.4  998 240  1.9 7  5.6  80   17   11 308 -337  1
3823500 2818500  3 28 20   7.7  998 222  2.2 5  5.7  84    0    0 293 -332  1
3823500 2818500  3 28 21   7.3  998 223  1.7 3  5.7  87    0    0 269 -327  1
3823500 2818500  3 28 22   7.3  998 227  1.3 3  5.6  87    0    0 257 -323  1
3823500 2818500  3 28 23   7.3  998 209  1.2 4  5.6  86    0    0 264 -320  1
3823500 2818500  3 28 24   7.2  997 200  1.3 5  5.7  88    0    0 275 -319  1
3823500 2818500  3 29  1   7.8  997 206  1.7 7  5.8  88    0    0 293 -319  1
3823500 2818500  3 29  2   8.1  997 201  1.5 7  5.9  87    0    0 307 -319  1
3823500 2818500  3 29  3   8.3  996 197  1.5 7  6.0  87    0    0 307 -318  1
3823500 2818500  3 29  4   8.3  996 199  1.2 7  6.1  88    0    0 306 -317  1
3823500 2818500  3 29  5   8.4  995 200  0.9 7  6.3  91    0    0 306 -316  1
3823500 2818500  3 29  6   8.1  995 203  0.8 7  6.3  92    0    0 307 -316  1
3823500 2818500  3 29  7   8.1  995 241  0.8 8  6.3  92    0    4 313 -316  1
3823500 2818500  3 29  8   8.0  995 250  0.7 8  6.3  92    0   31 317 -317  1
3823500 2818500  3 29  9   8.3  995 264  1.3 7  6.3  92    4  124 311 -320  1
3823500 2818500  3 29 10   8.6  995 237  1.5 8  6.3  90    2  162 311 -329  1
3823500 2818500  3 29 11   9.0  996 225  1.1 8  6.2  86    0  168 318 -345  1
3823500 2818500  3 29 12  10.0  997 210  1.3 7  5.9  79   43  299 317 -358  1
3823500 2818500  3 29 13  10.8  997 212  1.9 6  5.8  73   78  331 308 -368  1
3823500 2818500  3 29 14  11.0  997 209  1.8 6  5.8  70   66  312 304 -372  1
3823500 2818500  3 29 15  11.1  997 218  1.6 5  5.7  68   97  292 302 -369  1
3823500 2818500  3 29 16  12.1  996 174  1.5 5  5.6  65  177  224 300 -364  1
3823500 2818500  3 29 17  11.8  996 173  1.6 6  5.6  64   99  160 307 -360  1
3823500 2818500  3 29 18  11.3  995 141  1.0 6  5.8  67   53   85 311 -355  1
3823500 2818500  3 29 19  10.3  995 133  1.0 6  5.9  72    2   13 310 -348  1
3823500 2818500  3 29 20   9.5  995 122  0.8 6  6.0  77    0    0 308 -342  1
3823500 2818500  3 29 21   9.1  994 120  1.1 7  6.0  81    0    0 311 -338  1
3823500 2818500  3 29 22   9.2  994 117  0.4 7  6.0  82    0    0 315 -338  1
3823500 2818500  3 29 23   8.9  993 119  0.9 7  6.0  83    0    0 316 -338  1
3823500 2818500  3 29 24   8.7  992 122  0.8 6  6.1  85    0    0 309 -336  1
3823500 2818500  3 30  1   9.0  992 121  1.7 7  6.1  85    0    0 308 -335  1
3823500 2818500  3 30  2   9.4  990 124  1.8 7  6.2  84    0    0 316 -336  1
3823500 2818500  3 30  3   9.6  989 131  2.2 7  6.3  84    0    0 317 -338  1
3823500 2818500  3 30  4   9.3  988 140  1.8 6  6.4  85    0    0 304 -339  1
3823500 2818500  3 30  5   9.0  988 127  1.0 6  6.4  87    0    0 292 -340  1
3823500 2818500  3 30  6   9.2  987 130  1.2 6  6.5  88    0    0 294 -341  1
3823500 2818500  3 30  7   9.3  986 147  1.5 8  6.5  87    0   12 315 -342  1
3823500 2818500  3 30  8  10.1  986 150  1.7 7  6.6  85    0   53 327 -344  1
3823500 2818500  3 30  9  10.6  985 145  2.4 6  6.7  83   31  162 312 -349  1
3823500 2818500  3 30 10  12.8  985 153  2.9 5  7.0  80  114  246 301 -356  1
3823500 2818500  3 30 11  14.5  985 173  3.7 4  7.3  72  188  297 295 -360  1
3823500 2818500  3 30 12  15.6  984 169  4.0 4  7.2  66  352  284 295 -363  1
3823500 2818500  3 30 13  16.3  985 167  3.7 4  7.0  60  281  326 303 -373  1
3823500 2818500  3 30 14  17.1  984 166  4.1 4  6.8  56  245  319 314 -385  1
3823500 2818500  3 30 15  16.8  984 176  3.4 6  6.6  53   40  262 331 -391  1
3823500 2818500  3 30 16  15.7  983 182  3.7 7  6.5  54    0  125 345 -393  1
3823500 2818500  3 30 17  13.8  982 231  5.8 6  6.5  60    6  118 340 -390  1
3823500 2818500  3 30 18  12.5  983 225  3.1 8  6.5  67    4   59 341 -385  1
3823500 2818500  3 30 19  11.8  984 220  2.8 7  6.3  70    7   18 342 -379  1
3823500 2818500  3 30 20  11.3  984 204  1.6 7  6.1  70    0    0 336 -374  1
3823500 2818500  3 30 21  10.9  984 184  1.0 6  6.1  72    0    0 329 -368  1
3823500 2818500  3 30 22  10.6  984 176  3.7 5  5.9  71    0    0 317 -359  1
3823500 2818500  3 30 23   9.9  985 211  2.1 7  5.6  70    0    0 320 -349  1
3823500 2818500  3 30 24   6.4  986 234  3.9 8  5.1  74    0    0 327 -340  1
3823500 2818500  3 31  1   5.8  987 232  3.8 6  4.8  79    0    0 310 -333  1
3823500 2818500  3 31  2   5.3  988 203  2.3 2  4.7  81    0    0 269 -328  1
3823500 2818500  3 31  3   5.1  989 189  1.3 1  4.6  82    0    0 239 -324  1
3823500 2818500  3 31  4   5.1  989 196  1.0 1  4.5  81    0    0 234 -323  1
3823500 2818500  3 31  5   5.1  989 192  1.8 1  4.4  79    0    0 234 -325  1
3823500 2818500  3 31  6   4.9  989 177  1.8 1  4.4  79    0    0 234 -325  1
3823500 2818500  3 31  7   5.1  989 175  2.1 4  4.4  80    1   17 244 -322  1
3823500 2818500  3 31  8   6.7  989 177  3.0 7  4.5  76   17   77 272 -323  1
3823500 2818500  3 31  9   7.7  989 192  4.3 5  4.4  68   79  151 280 -327  1
3823500 2818500  3 31 10   8.6  989 200  3.9 4  4.2  61  152  211 269 -333  1
3823500 2818500  3 31 11   9.4  989 201  4.4 4  4.1  56  269  230 266 -339  1
3823500 2818500  3 31 12  10.5  988 196  6.5 3  4.0  51  346  235 262 -345  1
3823500 2818500  3 31 13  11.3  988 199  6.8 3  3.8  46  324  261 259 -351  1
3823500 2818500  3 31 14  11.7  988 203  6.1 4  3.7  42  236  278 264 -354  1
3823500 2818500  3 31 15  11.7  988 200  6.3 3  3.5  40  309  205 262 -353  1
3823500 2818500  3 31 16  10.5  987 203  6.8 5  3.5  42   64  208 263 -351  1
3823500 2818500  3 31 17   8.9  988 213  6.2 6  4.2  54    8  116 271 -347  1
3823500 2818500  3 31 18   8.7  988 214  5.5 4  4.5  62    6   60 264 -341  1
3823500 2818500  3 31 19   7.5  989 197  5.5 5  4.4  64    8   14 256 -335  1
3823500 2818500  3 31 20   6.3  989 204  3.6 5  4.4  70    0    0 255 -330  1
3823500 2818500  3 31 21   6.6  990 217  3.7 6  4.4  72    0    0 256 -325  1
3823500 2818500  3 31 22   6.4  990 205  4.4 7  4.4  71    0    0 263 -322  1
3823500 2818500  3 31 23   5.7  991 209  4.4 8  4.3  72    0    0 269 -321  1
3823500 2818500  3 31 24   5.0  991 208  3.6 7  4.3  76    0    0 268 -321  1
3823500 2818500  4  1  1   5.1  992 206  4.3 6  4.3  77    0    0 257 -320  1
3823500 2818500  4  1  2   4.9  992 208  4.7 6  4.2  76    0    0 257 -320  1
3823500 2818500  4  1  3   4.5  992 214  4.9 7  4.1  76    0    0 260 -319  1
3823500 2818500  4  1  4   3.8  992 222  5.1 7  4.2  81    0    0 262 -319  1
3823500 2818500  4  1  5   3.6  993 220  4.8 8  4.4  86    0    0 264 -318  1
3823500 2818500  4  1  6   3.5  993 223  5.3 8  4.3  87    0    0 265 -317  1
3823500 2818500  4  1  7   3.8  994 225  5.3 7  4.2  84    0   11 261 -317  1
3823500 2818500  4  1  8   3.9  995 222  5.6 7  4.1  80    2   81 258 -318  1
3823500 2818500  4  1  9   4.3  995 224  6.0 7  4.0  77    0  107 259 -321  1
3823500 2818500  4  1 10   3.4  996 224  6.0 8  4.1  80    0  145 262 -328  1
3823500 2818500  4  1 11   3.9  997 223  5.3 7  4.3  85    2  189 263 -340  1
3823500 2818500  4  1 12   4.1  998 223  5.5 7  4.4  86   43  274 265 -350  1
3823500 2818500  4  1 13   5.1  998 235  5.5 7  4.4  82   80  291 269 -357  1
3823500 2818500  4  1 14   5.6  999 245  5.4 6  4.3  76   76  277 272 -362  1
3823500 2818500  4  1 15   5.8 1000 233  4.1 4  4.4  77  233  225 263 -362  1
3823500 2818500  4  1 16   5.9 1000 237  5.1 6  4.5  77   68  202 263 -358  1
3823500 2818500  4  1 17   7.1 1001 220  5.2 8  4.2  69   30  143 280 -355  1
3823500 2818500  4  1 18   7.1 1002 271  2.9 5  3.9  62   69   78 276 -352  1
3823500 2818500  4  1 19   4.6 1002 251  2.0 4  3.9  67   13   22 253 -345  1
3823500 2818500  4  1 20   3.7 1004 219  0.7 3  3.8  75    0    0 238 -339  1
3823500 2818500  4  1 21   2.2 1004 174  0.2 0  3.7  79    0    0 215 -334  1
3823500 2818500  4  1 22   2.8 1005 179  0.9 0  3.7  81    0    0 201 -331  1
3823500 2818500  4  1 23   2.6 1005 182  0.4 0  3.6  77    0    0 201 -329  1
3823500 2818500  4  1 24   2.6 1005 175  1.6 1  3.5  76    0    0 206 -329  1
3823500 2818500  4  2  1   2.7 1006 189  1.9 1  3.5  76    0    0 212 -331  1
3823500 2818500  4  2  2   2.7 1006 192  1.9 3  3.6  77    0    0 221 -329  1
3823500 2818500  4  2  3   2.3 1006 187  1.5 2  3.5  77    0    0 226 -326  1
3823500 2818500  4  2  4   2.1 1006 176  1.8 3  3.5  78    0    0 227 -325  1
3823500 2818500  4  2  5   2.1 1005 181  1.8 4  3.5  79    0    0 238 -324  1
3823500 2818500  4  2  6   2.2 1005 172  2.0 5  3.5  78    0    0 249 -325  1
3823500 2818500  4  2  7   2.6 1005 165  1.9 5  3.5  78    0   31 257 -325  1
3823500 2818500  4  2  8   4.2 1005 173  2.7 3  3.6  75   42  106 253 -327  1
3823500 2818500  4  2  9   6.6 1006 174  3.3 4  3.8  68  148  161 257 -334  1
3823500 2818500  4  2 10   8.4 1006 181  4.2 4  3.9  60  207  218 269 -343  1
3823500 2818500  4  2 11   9.7 1005 196  4.7 5  3.7  52  254  263 276 -352  1
3823500 2818500  4  2 12  10.7 1005 186  5.0 5  3.3  43  393  234 283 -361  1
3823500 2818500  4  2 13  11.3 1004 169  4.8 4  3.0  37  459  211 282 -368  1
3823500 2818500  4  2 14  11.7 1004 176  4.7 3  2.9  34  449  198 280 -373  1
3823500 2818500  4  2 15  11.9 1003 154  4.5 4  2.9  33  325  217 287 -373  1
3823500 2818500  4  2 16  12.0 1003 172  4.4 5  2.9  33  234  193 295 -370  1
3823500 2818500  4  2 17  11.8 1002 162  3.4 4  2.9  33  180  135 293 -366  1
3823500 2818500  4  2 18  11.4 1002 153  3.4 3  3.0  35   93   85 283 -362  1
3823500 2818500  4  2 19  10.4 1001 144  1.5 5  3.1  38   11   26 285 -358  1
3823500 2818500  4  2 20   9.9 1001 149  1.5 6  3.3  42    0    0 294 -355  1
3823500 2818500  4  2 21   9.4 1001 131  1.8 7  3.5  46    0    0 300 -353  1
3823500 2818500  4  2 22   9.1 1001 145  2.9 7  3.4  47    0    0 303 -350  1
3823500 2818500  4  2 23   8.6 1001 149  3.1 7  3.5  49    0    0 304 -349  1
3823500 2818500  4  2 24   8.3 1000 147  2.1 7  3.7  53    0    0 306 -348  1
3823500 2818500  4  3  1   8.4 1000 144  2.1 6  3.9  57    0    0 307 -348  1
3823500 2818500  4  3  2   8.1 1000 160  1.5 7  4.0  59    0    0 309 -346  1
3823500 2818500  4  3  3   7.6 1000 157  1.7 7  4.1  61    0    0 312 -345  1
3823500 2818500  4  3  4   7.2  999 158  1.3 7  4.3  66    0    0 312 -345  1
3823500 2818500  4  3  5   6.9  999 162  2.2 7  4.6  72    0    0 309 -342  1
3823500 2818500  4  3  6   6.3  999 150  2.3 7  5.0  82    0    0 307 -340  1
3823500 2818500  4  3  7   6.4  999 161  1.2 7  5.4  88    0   21 307 -339  1
3823500 2818500  4  3  8   7.2 1000 167  1.3 7  5.5  89    6   96 306 -339  1
3823500 2818500  4  3  9   8.6 1000 182  1.9 7  5.6  84   40  177 309 -340  1
3823500 2818500  4  3 10   9.5 1000 196  3.4 6  5.5  76  110  244 304 -343  1
3823500 2818500  4  3 11  10.5 1000 190  2.8 5  5.3  68  121  295 295 -349  1
3823500 2818500  4  3 12  11.9 1000 189  3.1 5  5.0  60  111  319 293 -356  1
3823500 2818500  4  3 13  11.1  999 177  2.9 5  5.0  58   74  312 295 -362  1
3823500 2818500  4  3 14  10.9  999 172  2.7 7  5.1  61    5  225 302 -367  1
3823500 2818500  4  3 15  10.0  999 187  2.9 8  5.3  66    0   86 313 -369  1
3823500 2818500  4  3 16   9.8  998 184  2.0 8  5.7  74    0   66 313 -368  1
3823500 2818500  4  3 17   9.6  998 161  2.6 8  6.0  79    0   79 311 -365  1
3823500 2818500  4  3 18   9.2  998 193  2.2 8  5.9  80    2   66 309 -359  1
3823500 2818500  4  3 19   8.8  998 193  1.2 8  5.8  80    0   11 307 -354  1
3823500 2818500  4  3 20   8.7  998 315  0.8 8  5.8  81    0    0 305 -350  1
3823500 2818500  4  3 21   7.7  998 310  0.6 7  5.7  83    0    0 301 -347  1
3823500 2818500  4  3 22   7.9  998  82  0.4 7  5.7  85    0    0 295 -346  1
3823500 2818500  4  3 23   7.9  998 129  1.6 7  5.7  85    0    0 297 -345  1
3823500 2818500  4  3 24   7.5  998 298  0.3 8  5.9  89    0    0 300 -345  1
3823500 2818500  4  4  1   7.3  998 324  0.4 7  6.0  92    0    0 301 -345  1
3823500 2818500  4  4  2   7.2  997 140  0.9 7  5.9  91    0    0 298 -344  1
3823500 2818500  4  4  3   6.8  997 139  2.8 7  5.7  90    0    0 298 -342  1
3823500 2818500  4  4  4   7.6  997 151  1.1 7  5.6  87    0    0 300 -339  1
3823500 2818500  4  4  5   7.6  997 158  2.4 7  5.5  83    0    0 302 -336  1
3823500 2818500  4  4  6   7.3  997 151  1.9 8  5.5  84    0    0 307 -333  1
3823500 2818500  4  4  7   7.5  997 172  2.9 6  5.4  84   14   28 302 -330  1
3823500 2818500  4  4  8   8.5  997 185  2.3 5  5.4  79   59   81 289 -330  1
3823500 2818500  4  4  9   8.9  997 186  3.0 5  5.4  75  110  130 287 -335  1
3823500 2818500  4  4 10  10.0  997 200  4.4 6  5.1  68   26  196 294 -343  1
3823500 2818500  4  4 11  10.2  997 201  3.7 6  5.0  64    7  198 299 -352  1
3823500 2818500  4  4 12  10.0  998 203  4.8 7  5.2  67   42  250 304 -360  1
3823500 2818500  4  4 13   9.4  998 212  4.8 6  5.3  70   38  254 302 -359  1
3823500 2818500  4  4 14   9.7  998 207  2.8 7  5.4  72   36  241 301 -355  1
3823500 2818500  4  4 15   9.3  998 252  2.8 6  5.7  76   36  217 300 -361  1
3823500 2818500  4  4 16   8.3  999 287  2.1 4  5.7  79  133  160 284 -365  1
3823500 2818500  4  4 17   8.0 1000 236  3.4 7  5.7  83   17  126 283 -361  1
3823500 2818500  4  4 18   7.5 1000 248  2.2 8  5.7  86    1   62 292 -355  1
3823500 2818500  4  4 19   7.2 1001 244  2.4 7  5.7  88    0    3 288 -349  1
3823500 2818500  4  4 20   7.1 1003 257  2.6 7  5.7  90    0    0 283 -342  1
3823500 2818500  4  4 21   7.2 1004 266  2.4 7  5.7  90    0    0 283 -336  1
3823500 2818500  4  4 22   7.3 1005 284  3.9 8  5.7  90    0    0 288 -332  1
3823500 2818500  4  4 23   6.7 1006 270  3.5 7  5.7  90    0    0 290 -330  1
3823500 2818500  4  4 24   6.3 1007 267  3.1 7  5.5  90    0    0 287 -330  1
3823500 2818500  4  5  1   5.8 1009 275  3.5 7  5.2  89    0    0 289 -331  1
3823500 2818500  4  5  2   5.6 1010 274  4.0 7  5.0  88    0    0 291 -330  1
3823500 2818500  4  5  3   5.8 1011 261  2.7 7  4.9  87    0    0 295 -328  1
3823500 2818500  4  5  4   5.7 1012 259  1.8 7  4.9  86    0    0 298 -329  1
3823500 2818500  4  5  5   5.6 1012 265  1.8 7  4.9  86    0    0 298 -331  1
3823500 2818500  4  5  6   5.4 1013 247  1.5 7  4.9  86    0    0 296 -331  1
3823500 2818500  4  5  7   4.8 1014 241  1.1 5  4.8  89    3   34 286 -330  1
3823500 2818500  4  5  8   5.3 1014 240  1.8 3  4.9  90   79   99 267 -332  1
3823500 2818500  4  5  9   6.5 1015 238  2.4 3  4.9  86  214  135 260 -340  1
3823500 2818500  4  5 10   8.2 1016 235  2.5 2  5.0  78  318  169 257 -348  1
3823500 2818500  4  5 11   9.8 1016 244  3.0 2  4.8  67  386  200 256 -355  1
3823500 2818500  4  5 12  10.5 1016 254  4.1 3  4.3  56  173  317 265 -359  1
3823500 2818500  4  5 13  11.0 1016 251  4.0 4  4.0  50  173  322 279 -364  1
3823500 2818500  4  5 14  11.5 1017 231  4.3 5  4.0  49  125  306 294 -367  1
3823500 2818500  4  5 15  11.4 1017 239  3.6 6  4.0  48  150  273 307 -370  1
3823500 2818500  4  5 16  10.9 1017 257  3.6 7  3.8  47  109  220 319 -370  1
3823500 2818500  4  5 17  10.5 1017 258  2.8 7  3.7  46   33  153 324 -370  1
3823500 2818500  4  5 18  10.0 1017 261  2.6 7  3.8  49   32   90 324 -370  1
3823500 2818500  4  5 19   9.3 1017 259  1.3 7  4.1  55    4   22 324 -367  1
3823500 2818500  4  5 20   8.8 1018 214  0.3 7  4.4  61    0    0 324 -362  1
3823500 2818500  4  5 21   8.3 1018 177  0.1 7  4.5  65    0    0 323 -356  1
3823500 2818500  4  5 22   8.4 1018 181  0.5 7  4.4  65    0    0 323 -351  1
3823500 2818500  4  5 23   8.2 1018 188  0.8 7  4.3  64    0    0 322 -348  1
3823500 2818500  4  5 24   8.3 1018 193  0.6 7  4.3  64    0    0 323 -345  1
3823500 2818500  4  6  1   8.0 1018 186  0.8 7  4.3  64    0    0 322 -343  1
3823500 2818500  4  6  2   7.7 1018 178  1.1 6  4.3  66    0    0 315 -341  1
3823500 2818500  4  6  3   7.1 1018 171  0.9 7  4.3  68    0    0 313 -340  1
3823500 2818500  4  6  4   6.8 1018 174  1.0 5  4.3  70    0    0 307 -339  1
3823500 2818500  4  6  5   5.6 1017 169  1.0 3  4.2  72    0    0 283 -338  1
3823500 2818500  4  6  6   4.9 1017 162  0.9 1  4.1  75    0    0 259 -337  1
3823500 2818500  4  6  7   5.3 1017 157  0.9 2  4.2  76   14   35 253 -336  1
3823500 2818500  4  6  8   7.1 1017 171  1.4 1  4.3  73  110   87 255 -338  1
3823500 2818500  4  6  9   9.1 1017 170  1.7 0  4.4  66  246  116 249 -347  1
3823500 2818500  4  6 10  11.2 1017 164  2.9 0  4.4  58  368  137 249 -360  1
3823500 2818500  4  6 11  12.3 1016 168  3.9 0  4.3  50  477  145 253 -373  1
3823500 2818500  4  6 12  13.2 1015 166  3.4 0  4.1  45  541  152 256 -384  1
3823500 2818500  4  6 13  14.0 1015 161  3.0 0  4.1  43  565  153 260 -393  1
3823500 2818500  4  6 14  14.7 1014 152  3.3 0  4.1  40  553  142 263 -399  1
3823500 2818500  4  6 15  15.5 1013 154  3.1 0  4.1  39  491  130 267 -401  1
3823500 2818500  4  6 16  15.9 1013 132  2.5 0  4.2  38  393  114 269 -400  1
3823500 2818500  4  6 17  16.4 1012 136  2.6 0  4.1  36  263  102 270 -396  1
3823500 2818500  4  6 18  16.1 1011 130  2.6 0  4.2  37  128   78 271 -388  1
3823500 2818500  4  6 19  14.6 1011 115  1.0 1  4.5  41   21   30 273 -379  1
3823500 2818500  4  6 20  13.6 1010 116  1.3 0  4.5  46    0    0 273 -370  1
3823500 2818500  4  6 21  12.7 1010 118  1.2 0  4.6  49    0    0 264 -363  1
3823500 2818500  4  6 22  12.0 1010 122  1.2 0  4.6  52    0    0 259 -360  1
3823500 2818500  4  6 23  11.2 1010 136  1.5 1  4.9  59    0    0 256 -357  1
3823500 2818500  4  6 24  10.5 1010 152  1.8 2  5.3  67    0    0 258 -354  1
3823500 2818500  4  7  1   9.8  998 168  2.1 3  5.7  76    0    0 305 -354  1
3823500 2818500  4  7  2   9.3  997 182  2.2 4  6.1  83    0    0 312 -350  1
3823500 2818500  4  7  3   9.0  996 199  2.4 5  6.4  88    0    0 306 -346  1
3823500 2818500  4  7  4   8.8  995 211  2.6 4  6.2  85    0    0 293 -345  1
3823500 2818500  4  7  5   8.5  994 217  3.0 3  5.8  82    0    0 289 -346  1
3823500 2818500  4  7  6   8.0  994 243  3.8 2  5.3  76    0    0 267 -346  1
3823500 2818500  4  7  7   7.4  993 226  3.6 2  4.8  72   22   33 250 -348  1
3823500 2818500  4  7  8   8.1  993 225  4.4 1  4.9  73  140   69 249 -349  1
3823500 2818500  4  7  9   8.9  993 227  5.4 2  5.0  70  299   73 252 -350  1
3823500 2818500  4  7 10   9.8  992 230  6.0 5  5.0  67  130  220 278 -355  1
3823500 2818500  4  7 11   9.6  992 222  7.2 7  5.0  65    6  209 308 -361  1
3823500 2818500  4  7 12  10.6  992 234  7.6 6  5.0  63   10  238 314 -367  1
3823500 2818500  4  7 13   9.5  991 225  6.5 2  5.1  65  504  147 285 -369  1
3823500 2818500  4  7 14  10.5  991 219  7.7 7  5.1  65   28  257 293 -369  1
3823500 2818500  4  7 15   9.8  992 225  6.9 5  5.1  65  172  242 307 -370  1
3823500 2818500  4  7 16  10.3  992 233  7.1 4  5.2  67  196  183 292 -369  1
3823500 2818500  4  7 17  10.1  992 244  6.0 4  5.0  63  281   59 284 -365  1
3823500 2818500  4  7 18  10.2  992 239  5.1 3  4.8  61  145   52 277 -360  1
3823500 2818500  4  7 19   9.2  992 238  2.9 4  4.8  63   40   27 275 -353  1
3823500 2818500  4  7 20   8.1  992 218  1.6 3  4.8  67    0    1 273 -347  1
3823500 2818500  4  7 21   7.7  992 212  2.0 2  4.7  70    0    0 263 -341  1
3823500 2818500  4  7 22   7.4  992 214  2.2 2  4.7  72    0    0 258 -338  1
3823500 2818500  4  7 23   5.7  992 191  0.6 2  4.6  75    0    0 256 -337  1
3823500 2818500  4  7 24   6.0  992 192  1.8 3  4.6  79    0    0 260 -338  1
3823500 2818500  4  8  1   5.6  992 197  1.1 2  4.7  81    0    0 260 -340  1
3823500 2818500  4  8  2   5.7  991 199  1.0 3  4.8  82    0    0 261 -341  1
3823500 2818500  4  8  3   5.3  991 200  1.1 4  4.8  84    0    0 271 -341  1
3823500 2818500  4  8  4   5.0  990 204  1.1 3  4.7  84    0    0 270 -341  1
3823500 2818500  4  8  5   4.8  991 195  1.3 4  4.7  84    0    0 269 -341  1
3823500 2818500  4  8  6   5.7  990 212  1.0 7  4.7  84    0    0 291 -341  1
3823500 2818500  4  8  7   5.9  990 236  1.6 7  4.9  83    0   25 307 -340  1
3823500 2818500  4  8  8   6.0  991 234  2.1 7  5.0  85    0   55 307 -341  1
3823500 2818500  4  8  9   5.6  991 263  2.2 8  5.2  88    0  100 311 -346  1
3823500 2818500  4  8 10   6.0  992 276  2.1 6  5.2  89   14  233 304 -351  1
3823500 2818500  4  8 11   7.6  992 260  2.0 6  5.2  83   18  269 294 -359  1
3823500 2818500  4  8 12   7.7  992 282  1.7 6  5.0  75   13  270 294 -366  1
3823500 2818500  4  8 13   8.2  993 250  2.0 6  4.8  71    5  242 292 -370  1
3823500 2818500  4  8 14   8.0  993 276  2.6 4  4.8  71   34  304 281 -369  1
3823500 2818500  4  8 15   8.9  993 234  1.6 7  4.9  70    0  179 283 -364  1
3823500 2818500  4  8 16   7.9  994 269  0.9 8  5.1  72    0  137 298 -365  1
3823500 2818500  4  8 17   7.9  994 272  0.3 8  5.0  74    0   62 301 -361  1
3823500 2818500  4  8 18   8.1  994 256  1.0 7  5.0  73   13  100 297 -352  1
3823500 2818500  4  8 19   7.9  995 264  0.1 6  4.8  70    9   34 290 -343  1
3823500 2818500  4  8 20   6.2  995 240  0.1 6  4.5  72    0    0 282 -334  1
3823500 2818500  4  8 21   5.3  996 215  0.2 3  4.5  78    0    0 266 -327  1
3823500 2818500  4  8 22   4.6  997 282  0.8 3  4.5  81    0    0 251 -322  1
3823500 2818500  4  8 23   4.5  997 331  1.3 3  4.4  83    0    0 249 -319  1
3823500 2818500  4  8 24   4.1  998 270  0.7 4  4.5  85    0    0 252 -318  1
3823500 2818500  4  9  1   3.5  999 327  2.1 7  4.4  87    0    0 263 -316  1
3823500 2818500  4  9  2   2.8 1000 339  3.7 8  4.2  88    0    0 277 -315  1
3823500 2818500  4  9  3   2.2 1001 341  4.5 8  4.1  89    0    0 280 -315  1
3823500 2818500  4  9  4   2.2 1001 340  4.8 8  4.1  90    0    0 279 -315  1
3823500 2818500  4  9  5   1.9 1002 335  3.6 8  4.0  90    0    0 278 -314  1
3823500 2818500  4  9  6   1.6 1003 331  1.8 7  3.9  91    0    0 271 -312  1
3823500 2818500  4  9  7   1.6 1004 312  2.4 8  3.9  91    0    5 269 -311  1
3823500 2818500  4  9  8   2.2 1005 310  2.2 8  4.0  91    0   68 274 -312  1
3823500 2818500  4  9  9   3.3 1007 313  3.0 6  4.0  86   29  183 267 -316  1
3823500 2818500  4  9 10   4.2 1007 314  2.8 6  3.9  78  137  251 260 -324  1
3823500 2818500  4  9 11   4.9 1008 315  3.0 6  3.6  67  160  304 260 -334  1
3823500 2818500  4  9 12   6.1 1009 314  2.6 4  3.3  58  144  335 253 -345  1
3823500 2818500  4  9 13   5.8 1009 291  3.4 5  3.0  51  168  339 250 -352  1
3823500 2818500  4  9 14   6.4 1009 277  2.9 7  2.8  47  137  320 267 -355  1
3823500 2818500  4  9 15   6.7 1009 311  2.0 4  2.7  45  212  270 266 -355  1
3823500 2818500  4  9 16   6.4 1009 289  2.9 3  2.9  47  194  215 251 -357  1
3823500 2818500  4  9 17   6.6 1009 289  3.0 5  3.0  50   75  168 257 -357  1
3823500 2818500  4  9 18   5.6 1009 281  2.8 5  3.2  55   50   97 263 -352  1
3823500 2818500  4  9 19   5.1 1010 279  3.2 7  3.5  64   20   32 270 -345  1
3823500 2818500  4  9 20   4.7 1010 258  2.6 7  3.8  70    0    0 274 -338  1
3823500 2818500  4  9 21   3.2 1010 247  2.4 8  4.0  80    0    0 276 -336  1
3823500 2818500  4  9 22   3.2 1011 235  2.2 8  4.3  89    0    0 280 -333  1
3823500 2818500  4  9 23   3.6 1011 238  2.1 8  4.4  91    0    0 284 -328  1
3823500 2818500  4  9 24   4.2 1010 240  1.3 7  4.7  92    0    0 286 -325  1
3823500 2818500  4 10  1   4.9 1011 253  2.1 8  4.9  93    0    0 293 -326  1
3823500 2818500  4 10  2   5.0 1011 249  2.2 8  5.1  93    0    0 302 -328  1
3823500 2818500  4 10  3   5.1 1010 249  2.5 8  5.1  93    0    0 306 -329  1
3823500 2818500  4 10  4   5.6 1010 248  2.3 8  5.1  92    0    0 308 -330  1
3823500 2818500  4 10  5   5.5 1011 246  2.3 8  5.1  91    0    0 310 -329  1
3823500 2818500  4 10  6   5.7 1010 244  1.9 7  5.1  91    0    0 306 -327  1
3823500 2818500  4 10  7   6.2 1011 247  2.3 8  5.3  91    0   31 308 -327  1
3823500 2818500  4 10  8   6.5 1011 245  2.4 8  5.5  92    0   70 316 -330  1
3823500 2818500  4 10  9   7.0 1012 253  3.0 7  5.7  92    5  145 316 -337  1
3823500 2818500  4 10 10   8.3 1012 259  3.5 7  5.8  88    0  161 313 -348  1
3823500 2818500  4 10 11   8.4 1013 256  2.8 7  5.7  83    4  199 315 -355  1
3823500 2818500  4 10 12   8.7 1013 241  3.9 7  5.5  79    0  144 314 -355  1
3823500 2818500  4 10 13   8.9 1013 249  3.5 7  5.4  76    0  146 313 -358  1
3823500 2818500  4 10 14   9.2 1014 243  3.5 7  5.4  76    2  204 315 -366  1
3823500 2818500  4 10 15   9.1 1014 260  4.3 5  5.6  77   74  244 306 -366  1
3823500 2818500  4 10 16   9.3 1014 234  3.3 7  5.7  78    1  150 308 -366  1
3823500 2818500  4 10 17   9.1 1014 266  2.9 6  6.1  84   11  138 311 -367  1
3823500 2818500  4 10 18   9.3 1015 283  2.7 5  6.2  86   71   76 302 -365  1
3823500 2818500  4 10 19   9.1 1015 299  1.4 3  5.9  82   21   27 289 -358  1
3823500 2818500  4 10 20   7.4 1016 322  0.5 3  5.4  79    0    1 276 -350  1
3823500 2818500  4 10 21   5.3 1017 273  0.6 1  4.8  81    0    0 260 -342  1
3823500 2818500  4 10 22   4.2 1018 225  0.1 2  4.5  84    0    0 251 -337  1
3823500 2818500  4 10 23   4.2 1019 197  0.1 4  4.4  86    0    0 262 -333  1
3823500 2818500  4 10 24   4.5 1019 251  0.2 6  4.6  89    0    0 279 -331  1
3823500 2818500  4 11  1   4.0 1019 252  1.1 5  4.6  91    0    0 284 -329  1
3823500 2818500  4 11  2   4.6 1020 211  1.2 5  4.7  91    0    0 282 -331  1
3823500 2818500  4 11  3   5.1 1020 239  1.2 6  5.0  94    0    0 290 -333  1
3823500 2818500  4 11  4   5.6 1020 227  0.8 8  5.2  93    0    0 310 -336  1
3823500 2818500  4 11  5   5.7 1019 253  0.5 8  5.2  91    0    0 322 -338  1
3823500 2818500  4 11  6   6.0 1019 231  1.0 8  5.2  90    0    0 324 -339  1
3823500 2818500  4 11  7   6.3 1020 227  1.3 7  5.2  88    0   20 321 -340  1
3823500 2818500  4 11  8   7.0 1020 218  1.3 7  5.2  86    0   78 319 -342  1
3823500 2818500  4 11  9   7.9 1020 226  1.7 7  5.2  81    9  143 323 -346  1
3823500 2818500  4 11 10   9.1 1020 241  1.7 7  5.2  76   39  203 326 -351  1
3823500 2818500  4 11 11  10.6 1020 248  2.4 6  5.4  72   86  228 326 -358  1
3823500 2818500  4 11 12  11.7 1020 239  2.6 5  5.7  69  142  233 320 -370  1
3823500 2818500  4 11 13  12.5 1020 235  2.5 7  5.9  67   49  248 328 -387  1
3823500 2818500  4 11 14  13.0 1020 231  2.2 7  6.1  67   21  225 340 -402  1
3823500 2818500  4 11 15  13.3 1020 223  2.5 6  6.1  65   63  216 336 -411  1
3823500 2818500  4 11 16  13.9 1020 212  1.7 6  6.2  64   53  179 334 -413  1
3823500 2818500  4 11 17  14.1 1019 187  1.5 6  6.0  61   51  129 333 -409  1
3823500 2818500  4 11 18  13.4 1019 166  1.7 6  5.7  58   51   69 334 -400  1
3823500 2818500  4 11 19  12.6 1019 166  1.2 5  5.5  59   35   15 327 -388  1
3823500 2818500  4 11 20  10.7 1019 300  0.6 5  5.5  65    0    1 316 -376  1
3823500 2818500  4 11 21   8.3 1019  86  1.1 3  5.5  74    0    0 298 -367  1
3823500 2818500  4 11 22   7.3 1019 340  0.1 2  5.3  80    0    0 277 -362  1
3823500 2818500  4 11 23   5.8 1019  87  0.2 1  5.1  85    0    0 263 -357  1
3823500 2818500  4 11 24   4.8 1018 124  0.4 1  4.9  88    0    0 255 -353  1
3823500 2818500  4 12  1   4.2 1018  92  0.5 1  4.8  93    0    0 252 -350  1
3823500 2818500  4 12  2   4.4 1018 327  0.2 2  5.0  96    0    0 255 -347  1
3823500 2818500  4 12  3   4.8 1017  91  0.4 6  5.0  95    0    0 275 -345  1
3823500 2818500  4 12  4   4.6 1017 177  0.3 7  4.9  93    0    0 293 -343  1
3823500 2818500  4 12  5   4.3 1016 132  0.6 7  4.8  93    0    0 295 -340  1
3823500 2818500  4 12  6   4.6 1016 162  0.6 7  4.9  95    0    0 293 -339  1
3823500 2818500  4 12  7   5.4 1015 159  0.3 5  5.1  94    0   27 285 -339  1
3823500 2818500  4 12  8   6.6 1015 172  0.1 6  5.4  94    3   93 282 -344  1
3823500 2818500  4 12  9   8.1 1015 255  0.5 4  5.9  92   52  185 280 -357  1
3823500 2818500  4 12 10  12.0 1015 170  0.7 1  6.0  78  326  163 270 -373  1
3823500 2818500  4 12 11  13.5 1015 172  0.7 1  5.7  62  529  110 269 -390  1
3823500 2818500  4 12 12  14.2 1014  37  0.8 2  5.6  57  530  151 277 -407  1
3823500 2818500  4 12 13  15.4 1014 336  0.8 4  5.5  52  233  302 290 -420  1
3823500 2818500  4 12 14  14.9 1013 249  0.8 5  5.3  49  140  300 301 -429  1
3823500 2818500  4 12 15  14.7 1012 295  0.9 7  5.3  51   15  227 311 -432  1
3823500 2818500  4 12 16  14.7 1011 283  0.7 6  5.4  52   13  190 317 -428  1
3823500 2818500  4 12 17  14.8 1011 215  0.6 7  5.5  52   13  147 317 -421  1
3823500 2818500  4 12 18  14.1 1010 257  0.3 7  5.6  54    3   81 320 -410  1
3823500 2818500  4 12 19  13.3 1010   9  0.6 8  5.7  59    1   27 319 -395  1
3823500 2818500  4 12 20  12.5 1009 355  0.4 8  6.1  65    0    0 320 -378  1
3823500 2818500  4 12 21  11.9 1009 276  0.7 7  6.3  70    0    0 315 -367  1
3823500 2818500  4 12 22  10.8 1009 283  1.3 8  6.3  75    0    0 313 -361  1
3823500 2818500  4 12 23  10.4 1009 314  0.9 8  6.1  77    0    0 317 -358  1
3823500 2818500  4 12 24   8.1 1008 248  0.8 5  5.8  80    0    0 300 -355  1
3823500 2818500  4 13  1   7.9 1008 170  0.6 4  5.4  80    0    0 279 -354  1
3823500 2818500  4 13  2   8.2 1008 146  0.6 5  5.2  78    0    0 278 -353  1
3823500 2818500  4 13  3   7.3 1007 177  0.2 6  5.4  82    0    0 286 -351  1
3823500 2818500  4 13  4   6.5 1006 220  0.7 6  5.4  86    0    0 288 -350  1
3823500 2818500  4 13  5   7.0 1006 243  1.0 7  5.3  86    0    0 294 -349  1
3823500 2818500  4 13  6   7.5 1005 192  1.0 7  5.4  85    0    0 302 -349  1
3823500 2818500  4 13  7   8.3 1004 195  1.5 8  5.6  84    0   24 311 -350  1
3823500 2818500  4 13  8   9.4 1004 183  1.5 7  5.9  82    1   86 314 -355  1
3823500 2818500  4 13  9  11.2 1004 187  1.8 6  6.1  78   28  181 308 -366  1
3823500 2818500  4 13 10  13.2 1004 199  2.9 6  6.2  69   64  268 308 -379  1
3823500 2818500  4 13 11  13.9 1003 219  4.2 6  6.0  61   99  336 313 -395  1
3823500 2818500  4 13 12  14.3 1002 221  4.5 7  5.8  57   87  367 321 -410  1
3823500 2818500  4 13 13  14.5 1002 226  4.0 7  5.8  56  114  381 329 -420  1
3823500 2818500  4 13 14  15.0 1001 231  4.5 7  6.0  57   66  377 332 -425  1
3823500 2818500  4 13 15  15.3 1001 224  4.2 6  6.1  56   78  348 329 -426  1
3823500 2818500  4 13 16  15.3 1000 238  2.6 6  5.9  54   52  274 323 -421  1
3823500 2818500  4 13 17  15.0  999 238  3.5 6  5.9  54   34  197 322 -413  1
3823500 2818500  4 13 18  13.7  999 208  2.8 7  6.1  59    1   82 326 -406  1
3823500 2818500  4 13 19  12.9  999 229  2.3 8  6.5  67    0   16 338 -397  1
3823500 2818500  4 13 20  12.3  999 235  2.0 8  6.8  74    0    2 344 -388  1
3823500 2818500  4 13 21  12.1  999 200  1.8 8  6.9  77    0    0 344 -381  1
3823500 2818500  4 13 22  12.2  999 192  2.6 8  6.9  77    0    0 345 -378  1
3823500 2818500  4 13 23  11.9  999 197  2.6 8  6.9  78    0    0 345 -376  1
3823500 2818500  4 13 24  11.8  998 207  2.6 7  6.9  79    0    0 337 -376  1
3823500 2818500  4 14  1  11.4  998 226  2.0 7  6.9  80    0    0 327 -375  1
3823500 2818500  4 14  2  11.2  998 213  1.6 7  6.9  81    0    0 325 -374  1
3823500 2818500  4 14  3  10.7  998 182  1.0 7  6.9  83    0    0 323 -373  1
3823500 2818500  4 14  4  10.5  998 170  1.1 7  6.9  85    0    0 321 -372  1
3823500 2818500  4 14  5  10.5  998 159  1.5 7  7.0  87    0    0 320 -371  1
3823500 2818500  4 14  6  10.5  997 158  0.8 8  7.0  87    0    0 328 -369  1
3823500 2818500  4 14  7  10.9  997 166  1.6 8  7.0  86    0   26 337 -369  1
3823500 2818500  4 14  8  11.8  997 166  2.5 7  7.1  83    6   95 329 -371  1
3823500 2818500  4 14  9  12.7  997 184  2.6 7  7.0  78    1  137 323 -377  1
3823500 2818500  4 14 10  13.5  997 193  2.5 7  6.8  71    3  180 327 -384  1
3823500 2818500  4 14 11  14.6  997 206  3.5 7  6.7  66   39  263 331 -393  1
3823500 2818500  4 14 12  15.2  997 202  4.0 7  6.6  61   67  299 335 -402  1
3823500 2818500  4 14 13  15.8  997 200  4.2 7  6.5  58   76  312 338 -410  1
3823500 2818500  4 14 14  15.9  996 196  4.1 7  6.2  54   57  324 338 -418  1
3823500 2818500  4 14 15  16.0  996 190  3.0 7  5.9  51   14  245 340 -422  1
3823500 2818500  4 14 16  16.2  996 180  3.0 7  5.9  51    0  163 341 -421  1
3823500 2818500  4 14 17  15.8  996 189  1.7 7  6.0  52    6  145 341 -418  1
3823500 2818500  4 14 18  15.6  996 121  0.8 7  6.2  54   10   97 340 -412  1
3823500 2818500  4 14 19  15.0  995 113  0.3 7  6.3  57   10   38 340 -403  1
3823500 2818500  4 14 20  13.8  995 111  0.3 7  6.3  60    0    6 337 -394  1
3823500 2818500  4 14 21  12.4  996 142  0.1 8  6.2  65    0    0 340 -387  1
3823500 2818500  4 14 22  10.8  996 144  0.1 7  6.1  71    0    0 336 -383  1
3823500 2818500  4 14 23  10.9  996 137  0.3 7  6.0  74    0    0 329 -380  1
3823500 2818500  4 14 24   9.9  996 151  0.2 7  6.0  76    0    0 328 -378  1
3823500 2818500  4 15  1   9.2  996 143  0.7 7  6.0  79    0    0 324 -377  1
3823500 2818500  4 15  2   9.8  996 132  0.8 7  6.0  80    0    0 324 -375  1
3823500 2818500  4 15  3   9.2  996 140  0.9 6  5.9  79    0    0 318 -375  1
3823500 2818500  4 15  4   9.0  995 320  0.5 6  5.7  78    0    0 309 -374  1
3823500 2818500  4 15  5   9.1  995 141  1.0 6  5.8  80    0    0 308 -373  1
3823500 2818500  4 15  6   9.1  995  63  1.7 7  5.8  79    0    0 313 -372  1
3823500 2818500  4 15  7  10.8  995  66  1.6 5  6.0  77    0   32 309 -372  1
3823500 2818500  4 15  8  13.1  995  91  2.0 5  6.2  70   66  131 302 -375  1
3823500 2818500  4 15  9  15.1  995  84  2.0 4  6.4  62  234  170 302 -383  1
3823500 2818500  4 15 10  16.8  994 108  3.1 5  6.6  57  348  200 309 -392  1
3823500 2818500  4 15 11  18.9  994 142  3.3 6  6.6  51  430  225 328 -403  1
3823500 2818500  4 15 12  19.8  995 131  3.3 6  6.5  45  490  237 342 -419  1
3823500 2818500  4 15 13  20.5  995 120  2.5 5  6.0  40  500  242 341 -430  1
3823500 2818500  4 15 14  20.5  995 129  2.7 5  5.7  38  339  306 338 -437  1
3823500 2818500  4 15 15  18.5  995 242  1.5 8  5.7  40    0  192 346 -435  1
3823500 2818500  4 15 16  14.4  994 233  4.4 8  6.4  54    0   64 349 -425  1
3823500 2818500  4 15 17  13.3  995 220  2.2 8  7.3  72    0   69 341 -415  1
3823500 2818500  4 15 18  13.8  995 257  0.8 8  7.7  78    0   44 338 -399  1
3823500 2818500  4 15 19  13.7  996 233  2.8 7  7.7  77    0   15 334 -384  1
3823500 2818500  4 15 20  12.5  996 230  1.2 7  7.4  77    0    5 325 -374  1
3823500 2818500  4 15 21  11.5  997 270  2.1 7  6.8  77    0    0 320 -369  1
3823500 2818500  4 15 22  10.6  998 295  2.1 8  6.3  75    0    0 321 -367  1
3823500 2818500  4 15 23   9.4  998 285  3.1 7  6.0  77    0    0 318 -366  1
3823500 2818500  4 15 24   8.6  999 291  2.5 6  5.7  79    0    0 308 -365  1
3823500 2818500  4 16  1   8.5  999 328  1.8 5  5.8  82    0    0 300 -364  1
3823500 2818500  4 16  2   8.4  999 354  2.1 5  5.8  84    0    0 296 -362  1
3823500 2818500  4 16  3   8.1  999 358  1.9 6  5.8  84    0    0 300 -361  1
3823500 2818500  4 16  4   7.3  999 349  1.4 5  5.7  85    0    0 299 -360  1
3823500 2818500  4 16  5   6.9  999 335  1.8 6  5.6  88    0    0 299 -360  1
3823500 2818500  4 16  6   7.1  999 326  1.7 8  5.6  88    0    0 313 -360  1
3823500 2818500  4 16  7   7.3  999 345  2.2 7  5.7  88    0   24 320 -360  1
3823500 2818500  4 16  8   8.5  998 336  2.1 5  5.8  86   26  125 307 -363  1
3823500 2818500  4 16  9   8.8  998 330  2.4 6  6.0  85   15  167 306 -369  1
3823500 2818500  4 16 10   9.7  998 340  2.2 8  6.2  84    3  181 321 -377  1
3823500 2818500  4 16 11  10.4  998  11  2.3 6  6.5  83   17  266 324 -387  1
3823500 2818500  4 16 12  12.5  997   2  2.6 7  6.8  80   17  276 324 -399  1
3823500 2818500  4 16 13  14.3  997 350  3.1 7  7.3  75   25  319 335 -413  1
3823500 2818500  4 16 14  16.7  996 353  2.5 7  7.6  68   78  396 342 -425  1
3823500 2818500  4 16 15  18.6  995   5  1.2 5  7.4  58  183  376 340 -434  1
3823500 2818500  4 16 16  19.0  996  54  1.0 6  7.1  51  140  313 338 -436  1
3823500 2818500  4 16 17  19.1  995  48  3.1 6  6.7  48   48  215 341 -433  1
3823500 2818500  4 16 18  18.6  994  44  1.7 5  6.5  47   60  142 334 -429  1
3823500 2818500  4 16 19  17.1  993  47  1.5 6  6.8  53   19   54 331 -419  1
3823500 2818500  4 16 20  16.0  993  36  1.1 6  7.1  60    0    5 330 -409  1
3823500 2818500  4 16 21  15.2  993  49  2.0 6  7.2  64    0    0 326 -402  1
3823500 2818500  4 16 22  15.0  994  50  1.4 5  7.4  67    0    0 318 -397  1
3823500 2818500  4 16 23  14.1  993  41  1.9 5  7.4  70    0    0 311 -393  1
3823500 2818500  4 16 24  13.3  993  56  1.9 7  7.3  73    0    0 320 -388  1
3823500 2818500  4 17  1  12.4  993  51  1.6 6  7.1  76    0    0 323 -384  1
3823500 2818500  4 17  2  11.5  993  54  1.1 5  6.9  78    0    0 310 -381  1
3823500 2818500  4 17  3  10.5  993  50  1.7 4  6.6  79    0    0 295 -379  1
3823500 2818500  4 17  4   9.8  993  50  1.9 5  6.4  81    0    0 294 -378  1
3823500 2818500  4 17  5   9.3  992  49  1.5 4  6.2  82    0    0 294 -379  1
3823500 2818500  4 17  6   9.5  992  52  2.6 6  6.3  84    0    0 302 -379  1
3823500 2818500  4 17  7   9.5  993  25  3.2 7  6.5  86    1   39 324 -378  1
3823500 2818500  4 17  8   9.4  993 345  3.5 7  6.6  88    5   93 331 -374  1
3823500 2818500  4 17  9   9.5  993  26  3.8 7  6.7  89    8  150 331 -371  1
3823500 2818500  4 17 10   9.9  993 344  3.6 7  6.8  89    5  185 332 -372  1
3823500 2818500  4 17 11  10.4  993 346  2.6 8  6.9  88    5  210 340 -376  1
3823500 2818500  4 17 12  10.8  993 354  2.7 8  7.0  86    2  217 346 -380  1
3823500 2818500  4 17 13  11.5  993  21  2.5 7  7.1  84    5  248 341 -382  1
3823500 2818500  4 17 14  12.3  992 357  2.3 7  7.2  81   24  321 337 -380  1
3823500 2818500  4 17 15  13.9  992 324  1.6 6  7.4  77   82  334 335 -379  1
3823500 2818500  4 17 16  15.2  992 331  1.6 5  7.5  71   85  280 329 -378  1
3823500 2818500  4 17 17  16.2  991   5  1.9 3  7.7  68  129  207 317 -378  1
3823500 2818500  4 17 18  15.5  991   8  2.1 3  7.8  68   65  128 305 -379  1
3823500 2818500  4 17 19  15.0  992 343  0.7 4  7.8  70   24   52 307 -380  1
3823500 2818500  4 17 20  12.7  992  46  0.2 4  7.7  76    0    7 304 -379  1
3823500 2818500  4 17 21  10.4  992  81  0.4 1  7.2  83    0    0 275 -378  1
3823500 2818500  4 17 22   9.2  992 240  0.3 1  6.6  85    0    0 248 -378  1
3823500 2818500  4 17 23   9.1  992 214  0.3 1  6.4  87    0    0 244 -378  1
3823500 2818500  4 17 24   9.0  992 301  0.1 3  6.5  89    0    0 255 -378  1
3823500 2818500  4 18  1   8.8  992 331  0.1 3  6.5  89    0    0 265 -378  1
3823500 2818500  4 18  2   9.5  992 196  0.1 5  6.7  91    0    0 279 -378  1
3823500 2818500  4 18  3   9.4  992 172  0.1 6  7.0  92    0    0 303 -377  1
3823500 2818500  4 18  4   9.5  992 327  0.1 6  7.0  94    0    0 309 -375  1
3823500 2818500  4 18  5   9.6  991 314  0.1 7  7.1  94    0    0 317 -373  1
3823500 2818500  4 18  6   9.7  991 336  0.1 7  7.2  94    0    0 326 -372  1
3823500 2818500  4 18  7   9.7  992 183  0.1 7  7.3  95    0    8 328 -371  1
3823500 2818500  4 18  8  10.5  992 170  0.3 8  7.6  96    0   25 338 -372  1
3823500 2818500  4 18  9  11.5  992 208  0.6 8  8.0  95    0   58 349 -375  1
3823500 2818500  4 18 10  12.7  992 190  0.4 7  8.2  91    0   90 347 -380  1
3823500 2818500  4 18 11  13.6  991 166  1.1 7  8.2  85    0  125 344 -387  1
3823500 2818500  4 18 12  13.6  991 191  1.3 8  8.1  82    0  139 352 -393  1
3823500 2818500  4 18 13  14.1  991 167  1.4 8  8.1  80    0  141 359 -397  1
3823500 2818500  4 18 14  14.0  991 213  1.8 8  8.1  79    0  207 361 -402  1
3823500 2818500  4 18 15  14.1  992 249  1.3 7  8.0  78    2  212 354 -407  1
3823500 2818500  4 18 16  15.2  991 176  0.4 6  7.9  75   63  264 344 -406  1
3823500 2818500  4 18 17  15.6  991 224  1.2 5  7.9  70  102  204 332 -399  1
3823500 2818500  4 18 18  16.0  991 206  0.8 4  7.7  67   95  121 319 -394  1
3823500 2818500  4 18 19  15.1  991 153  0.1 6  7.5  66   37   54 323 -389  1
3823500 2818500  4 18 20  13.7  992 127  0.1 7  7.5  71    0    8 336 -385  1
3823500 2818500  4 18 21  13.3  993 257  0.1 7  7.6  77    0    0 339 -382  1
3823500 2818500  4 18 22  12.8  993 248  0.1 7  7.6  80    0    0 336 -380  1
3823500 2818500  4 18 23  12.2  993 289  1.5 8  7.5  81    0    0 341 -379  1
3823500 2818500  4 18 24  11.2  994 300  1.5 7  7.4  85    0    0 339 -379  1
3823500 2818500  4 19  1  10.5  994 289  1.1 7  7.2  87    0    0 328 -378  1
3823500 2818500  4 19  2  10.1  994 266  1.4 7  6.8  86    0    0 328 -378  1
3823500 2818500  4 19  3   9.4  994 282  1.0 7  6.4  84    0    0 327 -377  1
3823500 2818500  4 19  4   9.2  994 264  1.0 7  6.3  84    0    0 326 -374  1
3823500 2818500  4 19  5   9.2  994 283  1.5 7  6.3  85    0    0 327 -372  1
3823500 2818500  4 19  6   9.0  994 277  1.3 7  6.3  86    0    1 327 -371  1
3823500 2818500  4 19  7   9.3  994 286  1.6 8  6.5  88    2   41 335 -371  1
3823500 2818500  4 19  8   9.3  994 305  2.2 7  6.7  90    1   77 336 -372  1
3823500 2818500  4 19  9   9.7  995 309  2.3 6  6.9  91    0  102 323 -375  1
3823500 2818500  4 19 10   9.3  995 314  3.5 6  6.9  91    0  143 316 -378  1
3823500 2818500  4 19 11   8.5  995 329  3.0 8  6.5  90    0  129 325 -379  1
3823500 2818500  4 19 12   8.3  995  42  2.1 8  6.2  89    0  107 335 -379  1
3823500 2818500  4 19 13   8.1  995  50  2.5 8  6.2  89    0  103 335 -380  1
3823500 2818500  4 19 14   8.0  996  52  2.9 8  6.2  91    0  121 335 -381  1
3823500 2818500  4 19 15   7.8  996  51  3.7 7  6.2  92    0  119 329 -380  1
3823500 2818500  4 19 16   7.4  996  55  2.7 8  6.1  92    0   65 328 -377  1
3823500 2818500  4 19 17   7.3  996  45  2.8 8  6.0  93    0   46 334 -373  1
3823500 2818500  4 19 18   7.4  996  59  1.5 8  6.0  93    0   34 334 -369  1
3823500 2818500  4 19 19   7.5  996  41  2.3 8  6.1  93    0   22 334 -366  1
3823500 2818500  4 19 20   7.6  997  44  1.6 8  6.1  93    0    1 335 -365  1
3823500 2818500  4 19 21   7.6  997  46  1.4 8  6.1  92    0    0 334 -364  1
3823500 2818500  4 19 22   7.8  997  42  0.3 8  6.1  92    0    0 334 -362  1
3823500 2818500  4 19 23   7.7  998  62  0.5 8  6.2  92    0    0 334 -360  1
3823500 2818500  4 19 24   8.0  998  75  1.7 8  5.9  88    0    0 335 -356  1
3823500 2818500  4 20  1   7.5  998  64  0.6 8  5.6  83    0    0 335 -349  1
3823500 2818500  4 20  2   6.8  998  66  0.7 8  5.3  82    0    0 333 -342  1
3823500 2818500  4 20  3   6.3  999  62  1.1 7  4.9  79    0    0 324 -336  1
3823500 2818500  4 20  4   5.9  999  67  0.8 7  4.6  77    0    0 315 -331  1
3823500 2818500  4 20  5   5.6  999  69  1.1 8  4.4  77    0    0 318 -327  1
3823500 2818500  4 20  6   5.1  999  66  1.5 7  4.3  76    0    2 314 -323  1
3823500 2818500  4 20  7   5.0 1000  67  1.6 8  4.2  76    0   30 313 -322  1
3823500 2818500  4 20  8   5.1 1001  75  2.1 6  4.2  76   43  108 309 -325  1
3823500 2818500  4 20  9   6.0 1002  75  1.8 5  4.3  75   96  181 293 -333  1
3823500 2818500  4 20 10   6.7 1002  66  3.1 6  4.5  74   94  221 296 -344  1
3823500 2818500  4 20 11   8.4 1003  65  4.0 7  4.6  70  122  261 310 -354  1
3823500 2818500  4 20 12   9.7 1003  60  4.4 7  4.6  64  190  328 315 -363  1
3823500 2818500  4 20 13  11.1 1004  68  3.8 6  4.2  53  261  327 310 -369  1
3823500 2818500  4 20 14  12.0 1004  56  5.1 5  3.6  42  512  219 300 -374  1
3823500 2818500  4 20 15  12.6 1004  67  4.2 4  3.3  37  478  192 290 -376  1
3823500 2818500  4 20 16  12.8 1004  76  4.2 4  3.1  34  406  160 285 -374  1
3823500 2818500  4 20 17  12.5 1005  48  4.6 4  3.0  32  291  132 282 -371  1
3823500 2818500  4 20 18  11.9 1005  81  2.6 3  2.8  32  171   98 274 -365  1
3823500 2818500  4 20 19  11.1 1006  63  2.5 2  2.7  32   60   56 262 -358  1
3823500 2818500  4 20 20   9.0 1006  58  1.3 1  2.8  36    3    9 247 -348  1
3823500 2818500  4 20 21   7.9 1007  49  1.6 1  3.1  44    0    0 237 -337  1
3823500 2818500  4 20 22   7.5 1008  44  1.9 1  3.4  51    0    0 234 -332  1
3823500 2818500  4 20 23   6.8 1009  68  1.9 1  3.5  55    0    0 231 -328  1
3823500 2818500  4 20 24   5.9 1009  63  0.7 1  3.5  58    0    0 228 -325  1
3823500 2818500  4 21  1   5.1 1010  79  1.0 0  3.5  62    0    0 221 -323  1
3823500 2818500  4 21  2   4.1 1010  70  1.4 1  3.6  68    0    0 218 -321  1
3823500 2818500  4 21  3   3.3 1011  55  1.0 1  3.6  72    0    0 220 -322  1
3823500 2818500  4 21  4   1.6 1011  64  1.1 0  3.5  76    0    0 212 -324  1
3823500 2818500  4 21  5   1.4 1011  49  0.6 0  3.4  81    0    0 206 -325  1
3823500 2818500  4 21  6   0.9 1012  76  0.3 0  3.4  82    0    6 205 -326  1
3823500 2818500  4 21  7   3.0 1012  60  0.5 1  3.6  82   38   61 211 -329  1
3823500 2818500  4 21  8   6.6 1012 204  1.3 0  3.9  73  153  112 217 -336  1
3823500 2818500  4 21  9   8.3 1012 186  2.1 0  3.7  57  302  130 219 -346  1
3823500 2818500  4 21 10   9.5 1013 165  1.7 0  3.4  48  451  131 223 -358  1
3823500 2818500  4 21 11  10.1 1013 276  1.4 0  3.4  45  562  132 230 -372  1
3823500 2818500  4 21 12  11.0 1012  36  2.2 1  3.4  44  623  134 242 -377  1
3823500 2818500  4 21 13  12.5 1012  72  2.5 2  3.6  42  578  168 258 -381  1
3823500 2818500  4 21 14  12.2 1012   5  2.6 3  3.6  41  469  218 269 -389  1
3823500 2818500  4 21 15  12.9 1011 310  0.5 3  3.5  39  373  222 273 -392  1
3823500 2818500  4 21 16  12.6 1011 355  2.2 2  3.6  39  393  138 270 -392  1
3823500 2818500  4 21 17  13.4 1010 295  2.6 2  3.7  40  304  104 267 -384  1
3823500 2818500  4 21 18  12.2 1010 321  2.2 2  3.7  40  170   79 267 -373  1
3823500 2818500  4 21 19  11.7 1010   2  1.0 2  3.7  42   58   46 264 -363  1
3823500 2818500  4 21 20   9.2 1010 297  0.6 2  3.8  48    2    8 259 -356  1
3823500 2818500  4 21 21   7.7 1010 353  1.7 1  3.9  57    0    0 250 -346  1
3823500 2818500  4 21 22   6.9 1010 353  0.9 1  4.0  63    0    0 243 -338  1
3823500 2818500  4 21 23   5.8 1011 352  1.1 0  3.9  66    0    0 238 -333  1
3823500 2818500  4 21 24   4.0 1011  15  0.7 0  3.8  71    0    0 232 -328  1
3823500 2818500  4 22  1   2.5 1011  24  0.3 0  3.5  73    0    0 227 -324  1
3823500 2818500  4 22  2   1.4 1011  10  0.3 0  3.3  75    0    0 224 -321  1
3823500 2818500  4 22  3   0.5 1010  47  0.1 0  3.2  79    0    0 221 -319  1
3823500 2818500  4 22  4  -0.1 1010 277  0.1 0  3.2  82    0    0 220 -318  1
3823500 2818500  4 22  5  -0.8 1010   5  0.0 0  3.1  83    0    0 220 -316  1
3823500 2818500  4 22  6  -0.6 1009   0  0.0 0  3.1  85    0   11 221 -315  1
3823500 2818500  4 22  7   2.7 1009 337  0.0 0  3.7  89   54   63 227 -316  1
3823500 2818500  4 22  8   7.2 1010 360  0.0 0  4.5  82  184   97 239 -320  1
3823500 2818500  4 22  9   9.2 1010 344  0.5 0  4.4  65  334  108 246 -333  1
3823500 2818500  4 22 10  10.7 1010 358  0.7 0  4.1  54  475  111 250 -352  1
3823500 2818500  4 22 11  11.9 1010 351  0.6 0  4.0  48  571  119 254 -368  1
3823500 2818500  4 22 12  12.5 1009 340  1.1 1  3.9  44  668  101 261 -380  1
3823500 2818500  4 22 13  13.1 1009 300  1.4 1  3.8  41  735   71 268 -388  1
3823500 2818500  4 22 14  13.8 1008 272  0.7 1  3.8  39  715   63 271 -389  1
3823500 2818500  4 22 15  15.0 1008 312  1.3 0  3.7  36  628   69 269 -388  1
3823500 2818500  4 22 16  15.3 1007  36  0.9 0  3.5  32  515   69 267 -387  1
3823500 2818500  4 22 17  15.0 1007   1  1.4 0  3.3  30  370   72 267 -385  1
3823500 2818500  4 22 18  14.9 1006  37  0.7 0  3.2  30  212   67 265 -378  1
3823500 2818500  4 22 19  13.5 1006  33  1.2 0  3.3  33   76   45 263 -370  1
3823500 2818500  4 22 20  11.2 1006  40  0.5 0  3.4  38    5    9 257 -362  1
3823500 2818500  4 22 21   8.6 1006  63  0.3 0  3.4  44    0    0 248 -354  1
3823500 2818500  4 22 22   8.2 1006  54  0.4 0  3.5  51    0    0 243 -347  1
3823500 2818500  4 22 23   7.1 1007  89  0.1 0  3.8  59    0    0 241 -341  1
3823500 2818500  4 22 24   5.8 1007  51  0.5 0  4.1  68    0    0 237 -337  1
3823500 2818500  4 23  1   5.2 1006  60  1.1 0  4.1  73    0    0 234 -334  1
3823500 2818500  4 23  2   3.8 1006  73  1.0 0  4.0  77    0    0 230 -331  1
3823500 2818500  4 23  3   3.1 1006  73  1.0 0  3.9  80    0    0 226 -329  1
3823500 2818500  4 23  4   1.9 1005  62  0.8 0  3.7  82    0    0 221 -327  1
3823500 2818500  4 23  5   1.5 1005  61  0.5 0  3.6  83    0    0 216 -326  1
3823500 2818500  4 23  6   1.8 1005  62  0.3 0  3.6  84    0   11 214 -324  1
3823500 2818500  4 23  7   4.3 1005  69  0.8 0  4.0  84   41   67 216 -325  1
3823500 2818500  4 23  8   7.8 1005  84  1.5 0  4.3  74  155  121 221 -332  1
3823500 2818500  4 23  9   9.9 1004  82  2.2 0  4.4  61  281  156 227 -346  1
3823500 2818500  4 23 10  12.4 1004  93  2.6 0  4.5  55  409  175 235 -364  1
3823500 2818500  4 23 11  14.0 1004  88  2.6 0  4.6  48  514  185 244 -382  1
3823500 2818500  4 23 12  15.5 1004 122  2.2 0  4.7  44  596  178 253 -398  1
3823500 2818500  4 23 13  16.4 1003  92  2.6 0  4.5  39  654  156 261 -412  1
3823500 2818500  4 23 14  17.1 1003 117  2.4 0  4.1  34  643  143 266 -421  1
3823500 2818500  4 23 15  17.7 1003 251  2.0 1  4.1  33  557  144 274 -425  1
3823500 2818500  4 23 16  17.6 1002 354  1.7 1  4.1  32  454  132 279 -422  1
3823500 2818500  4 23 17  17.8 1002 110  2.5 1  4.1  32  321  118 279 -413  1
3823500 2818500  4 23 18  17.1 1001  59  1.6 1  4.0  32  183   94 277 -399  1
3823500 2818500  4 23 19  16.2 1001  77  1.9 1  4.0  34   65   54 274 -384  1
3823500 2818500  4 23 20  13.2 1002  84  2.2 1  4.4  42    4   10 269 -370  1
3823500 2818500  4 23 21  12.3 1002 113  1.5 1  4.8  51    0    0 264 -360  1
3823500 2818500  4 23 22  11.3 1002  71  0.8 1  4.7  54    0    0 262 -356  1
3823500 2818500  4 23 23   9.9 1002  73  0.3 1  4.6  58    0    0 260 -351  1
3823500 2818500  4 23 24   9.8 1002  95  0.4 1  4.6  60    0    0 258 -344  1
3823500 2818500  4 24  1   8.9 1003 106  0.3 2  4.5  60    0    0 261 -339  1
3823500 2818500  4 24  2   7.8 1003  94  0.1 2  4.3  63    0    0 261 -335  1
3823500 2818500  4 24  3   7.4 1003 100  0.5 2  4.2  64    0    0 259 -332  1
3823500 2818500  4 24  4   6.3 1003 101  0.2 3  4.2  67    0    0 259 -331  1
3823500 2818500  4 24  5   5.3 1003  75  0.7 2  4.1  71    0    0 256 -329  1
3823500 2818500  4 24  6   4.9 1003  90  0.7 2  4.1  74    0   10 250 -327  1
3823500 2818500  4 24  7   6.7 1003  89  0.5 1  4.2  72   40   69 246 -328  1
3823500 2818500  4 24  8   8.7 1003 103  1.3 0  4.4  67  160  114 242 -334  1
3823500 2818500  4 24  9  11.9 1003  98  2.1 0  4.8  62  313  128 244 -346  1
3823500 2818500  4 24 10  14.3 1003 110  2.5 0  5.3  56  452  134 254 -361  1
3823500 2818500  4 24 11  15.4 1003  83  2.6 0  5.6  52  560  135 260 -377  1
3823500 2818500  4 24 12  15.8 1003  92  2.7 2  5.5  50  362  292 270 -392  1
3823500 2818500  4 24 13  16.5 1002  86  3.2 2  5.5  48  388  289 281 -402  1
3823500 2818500  4 24 14  17.4 1002  90  2.7 2  5.7  47  329  299 286 -408  1
3823500 2818500  4 24 15  17.5 1001  96  2.7 2  5.7  45  262  281 290 -410  1
3823500 2818500  4 24 16  17.3 1001  79  2.7 4  5.6  44   68  249 297 -408  1
3823500 2818500  4 24 17  16.8 1001  98  2.4 7  5.5  45   10  165 317 -403  1
3823500 2818500  4 24 18  16.6 1000  82  2.3 6  5.5  46   42  125 323 -395  1
3823500 2818500  4 24 19  15.8 1000  81  2.6 5  5.5  47   69   47 312 -384  1
3823500 2818500  4 24 20  14.4 1000  76  1.1 5  5.4  50    3    9 305 -370  1
3823500 2818500  4 24 21  13.3 1000  82  0.6 6  5.2  52    0    0 303 -360  1
3823500 2818500  4 24 22  12.6 1001  77  0.9 5  5.1  54    0    0 298 -353  1
3823500 2818500  4 24 23  12.8 1001  76  1.4 6  5.0  54    0    0 299 -347  1
3823500 2818500  4 24 24  12.3 1001  74  0.2 7  4.9  54    0    0 306 -343  1
3823500 2818500  4 25  1  10.6 1001  76  0.4 6  4.8  56    0    0 301 -338  1
3823500 2818500  4 25  2   9.3 1000  69  0.6 6  4.5  58    0    0 292 -334  1
3823500 2818500  4 25  3   8.5 1000  66  1.0 6  4.2  59    0    0 287 -332  1
3823500 2818500  4 25  4   7.9 1000  76  0.6 5  4.1  60    0    0 282 -330  1
3823500 2818500  4 25  5   7.2 1000  71  0.2 6  4.0  61    0    0 280 -329  1
3823500 2818500  4 25  6   7.3 1000  75  0.8 5  4.0  62    0    8 280 -327  1
3823500 2818500  4 25  7   7.4 1000  72  0.7 6  4.1  64    0   46 280 -327  1
3823500 2818500  4 25  8   7.8 1000  78  1.4 7  4.4  67    2  114 290 -333  1
3823500 2818500  4 25  9   9.0 1000  74  2.2 5  4.7  68   44  248 289 -344  1
3823500 2818500  4 25 10  10.4 1000  78  2.9 5  5.0  66  166  335 284 -358  1
3823500 2818500  4 25 11  10.4 1000  60  3.2 4  5.0  63  188  392 283 -373  1
3823500 2818500  4 25 12  10.9 1000  77  3.5 5  4.9  60  195  428 285 -387  1
3823500 2818500  4 25 13  11.1 1000  62  2.8 4  4.9  59  354  390 286 -397  1
3823500 2818500  4 25 14  12.8 1000  75  3.0 3  5.0  57  408  340 281 -403  1
3823500 2818500  4 25 15  13.4 1000  56  3.7 2  5.1  54  361  311 277 -406  1
3823500 2818500  4 25 16  13.3 1000  83  2.6 2  5.1  52  341  256 273 -406  1
3823500 2818500  4 25 17  13.2 1000  62  3.0 2  5.1  53  248  209 273 -402  1
3823500 2818500  4 25 18  12.8 1000  75  2.8 1  5.2  55  145  147 267 -395  1
3823500 2818500  4 25 19  11.8 1000  74  1.9 4  5.2  57   45   73 273 -385  1
3823500 2818500  4 25 20  10.6 1001  74  0.5 4  5.2  62    2   10 283 -374  1
3823500 2818500  4 25 21   9.2 1001  69  0.5 3  5.1  66    0    0 273 -363  1
3823500 2818500  4 25 22   8.8 1002  65  0.4 4  5.1  71    0    0 269 -355  1
3823500 2818500  4 25 23   9.0 1002  56  0.5 6  5.3  73    0    0 283 -348  1
3823500 2818500  4 25 24   9.2 1002  45  0.8 7  5.3  73    0    0 299 -342  1
3823500 2818500  4 26  1   9.3 1003  54  1.0 6  5.2  71    0    0 300 -338  1
3823500 2818500  4 26  2   9.2 1003  58  1.6 5  5.1  69    0    0 292 -334  1
3823500 2818500  4 26  3   9.0 1003  59  1.3 5  5.0  69    0    0 288 -330  1
3823500 2818500  4 26  4   8.5 1003  68  0.8 4  5.0  70    0    0 284 -326  1
3823500 2818500  4 26  5   7.7 1003  63  1.1 4  4.9  73    0    0 279 -323  1
3823500 2818500  4 26  6   7.5 1003  72  0.8 4  5.0  76    1   13 278 -321  1
3823500 2818500  4 26  7   8.2 1004  81  0.8 5  5.1  77   14   74 283 -322  1
3823500 2818500  4 26  8   9.4 1004  87  0.9 5  5.4  76   46  153 291 -329  1
3823500 2818500  4 26  9  10.7 1004  86  1.2 5  5.6  72   53  225 295 -341  1
3823500 2818500  4 26 10  12.4 1005 110  2.0 6  5.9  69   46  280 307 -359  1
3823500 2818500  4 26 11  13.1 1005 113  1.8 6  6.1  66   45  314 318 -378  1
3823500 2818500  4 26 12  13.4 1005 149  2.2 7  6.4  67    3  242 324 -396  1
3823500 2818500  4 26 13  13.2 1005 173  2.4 7  6.6  69    0  206 327 -410  1
3823500 2818500  4 26 14  13.5 1005 190  2.2 7  6.8  70    6  254 324 -419  1
3823500 2818500  4 26 15  13.9 1005 189  2.4 7  6.9  70    0  178 322 -423  1
3823500 2818500  4 26 16  12.4 1005 214  3.1 7  7.0  74    0  117 320 -423  1
3823500 2818500  4 26 17  12.6 1005  26  1.4 6  7.3  81   14  175 314 -417  1
3823500 2818500  4 26 18  13.1 1005 156  2.2 6  7.5  81   44  130 310 -406  1
3823500 2818500  4 26 19  12.5 1005 165  1.4 8  7.4  80    0   35 319 -392  1
3823500 2818500  4 26 20  11.9 1005 138  1.3 8  7.3  82    0    2 327 -379  1
3823500 2818500  4 26 21  11.6 1005 153  1.1 8  7.4  86    0    0 327 -369  1
3823500 2818500  4 26 22  11.2 1005 161  1.1 8  7.4  88    0    0 326 -361  1
3823500 2818500  4 26 23  10.8 1005 166  0.9 8  7.4  90    0    0 324 -357  1
3823500 2818500  4 26 24  10.4 1004 166  0.9 7  7.4  92    0    0 318 -355  1
3823500 2818500  4 27  1  10.6 1004 170  0.7 6  7.4  93    0    0 311 -355  1
3823500 2818500  4 27  2  10.6 1004 166  0.8 7  7.5  93    0    0 313 -355  1
3823500 2818500  4 27  3  10.6 1003 173  1.1 7  7.6  94    0    0 318 -355  1
3823500 2818500  4 27  4  10.3 1003 148  0.9 8  7.5  94    0    0 324 -355  1
3823500 2818500  4 27  5  10.3 1003 175  1.3 8  7.4  94    0    0 329 -356  1
3823500 2818500  4 27  6  10.5 1002 217  3.3 8  7.4  93    0    3 332 -358  1
3823500 2818500  4 27  7  10.1 1002 255  3.3 8  7.3  92    2   55 331 -361  1
3823500 2818500  4 27  8  10.5 1002 224  3.1 8  7.3  93    0   95 331 -365  1
3823500 2818500  4 27  9  10.7 1003 235  3.8 6  7.4  92    4  171 323 -369  1
3823500 2818500  4 27 10  11.1 1003 260  4.7 6  7.3  89   21  257 315 -372  1
3823500 2818500  4 27 11  11.1 1004 267  5.9 7  7.0  84    1  220 320 -378  1
3823500 2818500  4 27 12  12.6 1005 281  6.0 6  6.8  78   78  345 321 -385  1
3823500 2818500  4 27 13  14.4 1005 274  7.2 4  6.4  66  279  339 310 -391  1
3823500 2818500  4 27 14  14.9 1005 300  6.1 5  5.6  54  155  344 305 -395  1
3823500 2818500  4 27 15  14.9 1006 271  5.3 5  5.2  49  230  295 307 -402  1
3823500 2818500  4 27 16  15.1 1006 271  5.1 3  5.1  48  514   79 297 -408  1
3823500 2818500  4 27 17  14.8 1007 290  4.6 2  5.0  47  392   73 283 -399  1
3823500 2818500  4 27 18  14.4 1007 286  5.1 2  4.9  47  205   74 277 -390  1
3823500 2818500  4 27 19  13.4 1008 291  3.5 3  4.9  49   88   48 278 -383  1
3823500 2818500  4 27 20  11.6 1008 285  1.4 3  4.9  54    8   10 277 -371  1
3823500 2818500  4 27 21   9.1 1009 272  1.1 1  4.7  60    0    0 259 -362  1
3823500 2818500  4 27 22   7.4 1010 234  1.2 0  4.5  66    0    0 240 -356  1
3823500 2818500  4 27 23   6.5 1010 216  1.2 0  4.5  72    0    0 232 -352  1
3823500 2818500  4 27 24   7.1 1011 218  1.3 0  4.8  77    0    0 233 -349  1
3823500 2818500  4 28  1   7.0 1011 203  1.2 0  5.0  80    0    0 238 -347  1
3823500 2818500  4 28  2   6.4 1011 203  1.3 0  5.1  83    0    0 239 -345  1
3823500 2818500  4 28  3   6.2 1011 219  1.5 1  5.0  84    0    0 243 -344  1
3823500 2818500  4 28  4   7.0 1011 209  1.5 2  5.1  84    0    0 253 -343  1
3823500 2818500  4 28  5   5.4 1011 193  1.4 2  4.9  84    0    0 255 -342  1
3823500 2818500  4 28  6   5.5 1012 190  1.6 2  4.8  85    4   17 252 -341  1
3823500 2818500  4 28  7   8.2 1012 206  1.6 1  5.3  86   66   82 253 -342  1
3823500 2818500  4 28  8  10.4 1012 227  2.0 2  5.9  80  137  143 261 -350  1
3823500 2818500  4 28  9  12.5 1013 238  2.4 4  6.1  72  227  204 280 -363  1
3823500 2818500  4 28 10  13.8 1013 222  2.9 6  6.1  65  310  254 303 -378  1
3823500 2818500  4 28 11  15.0 1013 237  3.3 6  5.9  58  346  306 313 -394  1
3823500 2818500  4 28 12  15.6 1013 235  2.8 7  5.8  54  260  374 319 -409  1
3823500 2818500  4 28 13  15.9 1013 251  2.7 6  5.7  52  261  383 320 -422  1
3823500 2818500  4 28 14  17.2 1012 237  2.7 6  5.8  49  343  334 320 -429  1
3823500 2818500  4 28 15  16.9 1012 183  2.1 5  5.9  48  294  308 321 -428  1
3823500 2818500  4 28 16  18.1 1012 215  1.6 5  5.8  47  219  266 320 -423  1
3823500 2818500  4 28 17  18.1 1012 166  1.5 7  5.8  45   92  215 331 -412  1
3823500 2818500  4 28 18  18.0 1011 158  2.3 6  5.8  45  111  126 336 -399  1
3823500 2818500  4 28 19  16.3 1011 142  1.1 5  5.9  48   66   63 330 -392  1
3823500 2818500  4 28 20  14.7 1011 144  1.1 7  5.9  54    7   13 331 -387  1
3823500 2818500  4 28 21  14.2 1011 111  1.8 7  6.0  58    0    0 337 -382  1
3823500 2818500  4 28 22  13.9 1011 118  1.0 7  6.0  60    0    0 338 -380  1
3823500 2818500  4 28 23  13.9 1011 130  1.4 7  6.0  60    0    0 340 -378  1
3823500 2818500  4 28 24  13.5 1011 150  1.2 7  6.1  62    0    0 342 -377  1
3823500 2818500  4 29  1  13.5 1011 186  1.1 7  6.2  64    0    0 342 -376  1
3823500 2818500  4 29  2  13.2 1011 188  1.0 7  6.3  66    0    0 344 -376  1
3823500 2818500  4 29  3  13.1 1011 148  1.2 7  6.4  67    0    0 345 -376  1
3823500 2818500  4 29  4  12.9 1010 159  1.3 7  6.4  68    0    0 344 -376  1
3823500 2818500  4 29  5  12.2 1010 188  1.7 7  6.4  71    0    0 344 -376  1
3823500 2818500  4 29  6  11.6 1010 196  1.1 7  6.5  75    0    1 343 -376  1
3823500 2818500  4 29  7  11.2 1010 167  1.3 8  6.8  81    0   16 349 -377  1
3823500 2818500  4 29  8  11.4 1010 156  1.5 8  7.2  86    0   32 358 -378  1
3823500 2818500  4 29  9  11.6 1010 156  1.3 8  7.6  90    0   88 360 -380  1
3823500 2818500  4 29 10  11.9 1010 174  1.8 8  8.0  93    0  160 362 -382  1
3823500 2818500  4 29 11  12.7 1010 177  1.9 8  8.4  94    0  145 364 -385  1
3823500 2818500  4 29 12  13.5 1010 217  1.9 7  8.9  94    0  162 362 -388  1
3823500 2818500  4 29 13  14.6 1010 258  1.9 8  9.4  93    0  161 366 -391  1
3823500 2818500  4 29 14  14.8 1010 229  1.6 8  9.6  91    0  161 373 -395  1
3823500 2818500  4 29 15  15.3 1010 285  1.5 8  9.5  88    0  132 371 -410  1
3823500 2818500  4 29 16  15.9 1010 227  1.2 8  9.5  85    0  166 370 -422  1
3823500 2818500  4 29 17  16.8 1010 244  1.7 5  9.2  79  103  198 352 -420  1
3823500 2818500  4 29 18  16.5 1011 256  1.4 5  8.9  74   42  130 333 -414  1
3823500 2818500  4 29 19  16.1 1011 227  0.8 7  8.8  75    4   48 342 -404  1
3823500 2818500  4 29 20  14.6 1011 219  0.7 6  8.5  79    0    7 343 -394  1
3823500 2818500  4 29 21  13.4 1011 213  0.5 7  8.2  82    0    0 336 -386  1
3823500 2818500  4 29 22  12.1 1011 238  0.4 6  7.8  84    0    0 336 -378  1
3823500 2818500  4 29 23  11.4 1011 214  1.0 6  7.5  86    0    0 330 -371  1
3823500 2818500  4 29 24  11.0 1011 187  1.7 6  7.4  86    0    0 307 -366  1
3823500 2818500  4 30  1  11.1 1001 124  2.7 7  7.3  86    0    0 347 -360  1
3823500 2818500  4 30  2  11.2 1001  79  3.3 7  7.3  86    0    0 349 -361  1
3823500 2818500  4 30  3  11.4  999  35  3.6 7  7.3  85    0    0 345 -363  1
3823500 2818500  4 30  4  11.3  998  43  3.2 7  7.1  84    0    0 339 -363  1
3823500 2818500  4 30  5  11.3  997  44  3.1 7  7.1  83    0    0 338 -361  1
3823500 2818500  4 30  6  11.0  997  57  2.3 8  6.8  82    0   10 345 -358  1
3823500 2818500  4 30  7  11.5  997  59  3.8 6  6.8  81    5   69 342 -358  1
3823500 2818500  4 30  8  12.1  997  64  2.5 6  6.9  79    2  113 334 -359  1
3823500 2818500  4 30  9  12.6  996  68  1.4 7  7.1  78    0   95 341 -362  1
3823500 2818500  4 30 10  13.6  996  41  1.7 7  7.3  76    0  121 349 -365  1
3823500 2818500  4 30 11  14.4  996  55  1.1 7  7.5  74    0  141 351 -369  1
3823500 2818500  4 30 12  15.0  996  39  2.2 7  7.8  73    0  219 355 -372  1
3823500 2818500  4 30 13  16.5  996 174  1.2 7  8.0  70   30  312 358 -374  1
3823500 2818500  4 30 14  17.4  996 254  2.5 6  8.2  67  125  341 358 -379  1
3823500 2818500  4 30 15  17.6  997 253  3.9 5  8.4  66  204  304 351 -388  1
3823500 2818500  4 30 16  18.4  998 280  3.3 5  8.3  64  154  254 346 -395  1
3823500 2818500  4 30 17  18.9  998 274  2.6 5  8.2  60  185  181 346 -399  1
3823500 2818500  4 30 18  18.9  999 248  2.0 5  8.2  59   71  126 346 -400  1
3823500 2818500  4 30 19  18.2 1000 283  0.6 6  8.3  61   46   58 349 -397  1
3823500 2818500  4 30 20  15.4 1000 149  0.1 4  8.4  70    0    7 341 -392  1
3823500 2818500  4 30 21  13.1 1001 126  0.1 4  8.3  81    0    0 326 -387  1
3823500 2818500  4 30 22  12.3 1002 156  0.1 5  8.1  87    0    0 326 -385  1
3823500 2818500  4 30 23  12.6 1003 105  0.1 6  8.1  88    0    0 332 -384  1
3823500 2818500  4 30 24  12.4 1003 112  1.2 7  8.2  89    0    0 339 -382  1
3823500 2818500  5  1  1  12.4 1004 185  0.1 6  8.2  90    0    0 338 -379  1
3823500 2818500  5  1  2  11.8 1005  90  0.4 6  8.1  91    0    0 332 -377  1
3823500 2818500  5  1  3  11.3 1005  70  0.1 7  8.0  93    0    0 332 -373  1
3823500 2818500  5  1  4  10.8 1006 134  0.2 7  7.9  95    0    0 332 -369  1
3823500 2818500  5  1  5  10.3 1006  22  0.4 6  7.7  97    0    0 325 -366  1
3823500 2818500  5  1  6  10.1 1006 218  0.1 5  7.6  98    8   22 313 -364  1
3823500 2818500  5  1  7  12.4 1007 360  0.1 2  8.0  96   62   80 300 -366  1
3823500 2818500  5  1  8  14.7 1008 133  0.5 6  8.5  87    9  135 309 -373  1
3823500 2818500  5  1  9  16.3 1009 103  0.7 6  8.6  77   71  233 328 -386  1
3823500 2818500  5  1 10  17.4 1009 112  1.6 8  8.5  71   35  271 340 -402  1
3823500 2818500  5  1 11  19.3 1009  78  1.7 5  8.6  65  297  308 343 -418  1
3823500 2818500  5  1 12  20.9 1009  45  0.5 3  8.7  59  553  238 333 -434  1
3823500 2818500  5  1 13  21.4 1009  79  1.2 3  8.4  53  630  204 331 -447  1
3823500 2818500  5  1 14  22.3 1008  54  2.0 4  7.6  46  402  294 337 -449  1
3823500 2818500  5  1 15  22.1 1008  57  3.0 5  7.3  44  167  311 346 -442  1
3823500 2818500  5  1 16  21.8 1008  56  3.9 6  7.3  44   80  254 353 -433  1
3823500 2818500  5  1 17  21.4 1008  60  3.7 7  7.6  47   93  199 359 -426  1
3823500 2818500  5  1 18  21.0 1007  40  4.1 5  8.0  51  159  115 354 -421  1
3823500 2818500  5  1 19  20.2 1007  47  4.5 6  7.8  51   80   67 347 -414  1
3823500 2818500  5  1 20  18.9 1007  42  3.9 7  7.4  52    5   11 350 -407  1
3823500 2818500  5  1 21  18.3 1008  45  3.4 7  7.2  54    0    0 350 -400  1
3823500 2818500  5  1 22  17.4 1007  51  2.7 6  7.1  56    0    0 345 -393  1
3823500 2818500  5  1 23  16.8 1007  58  1.7 5  7.0  57    0    0 335 -387  1
3823500 2818500  5  1 24  16.4 1007  52  1.8 5  6.7  56    0    0 329 -383  1
3823500 2818500  5  2  1  16.1 1006  61  2.2 7  6.5  56    0    0 343 -380  1
3823500 2818500  5  2  2  15.3 1006  55  2.2 7  6.6  59    0    0 343 -379  1
3823500 2818500  5  2  3  14.5 1006  59  3.5 6  6.8  64    0    0 336 -379  1
3823500 2818500  5  2  4  13.7 1006  75  2.6 4  7.0  69    0    0 321 -380  1
3823500 2818500  5  2  5  13.0 1006  71  3.0 4  7.0  72    0    0 309 -380  1
3823500 2818500  5  2  6  13.0 1006  86  1.4 6  6.9  74    0    4 316 -382  1
3823500 2818500  5  2  7  13.1 1006  44  0.7 7  7.0  75    0   21 330 -387  1
3823500 2818500  5  2  8  13.2 1007  55  0.8 8  7.3  76    0   79 338 -391  1
3823500 2818500  5  2  9  13.5 1007  69  1.0 7  7.5  78    4  183 339 -393  1
3823500 2818500  5  2 10  14.0 1007  67  1.3 5  7.7  78  190  295 326 -399  1
3823500 2818500  5  2 11  15.4 1008 352  0.7 3  8.1  77  425  264 314 -409  1
3823500 2818500  5  2 12  17.1 1008  13  1.2 3  8.5  73  543  233 312 -419  1
3823500 2818500  5  2 13  18.2 1008 333  1.4 3  8.5  67  621  197 318 -426  1
3823500 2818500  5  2 14  19.3 1008 304  1.8 2  8.5  62  518  235 319 -430  1
3823500 2818500  5  2 15  19.8 1008 304  1.7 4  8.6  60  123  329 326 -433  1
3823500 2818500  5  2 16  19.3 1008   5  2.4 7  8.8  62   46  257 343 -435  1
3823500 2818500  5  2 17  19.4 1008   3  2.4 8  9.0  64    0  136 355 -435  1
3823500 2818500  5  2 18  18.9 1008  22  1.8 8  9.1  65    0   75 358 -428  1
3823500 2818500  5  2 19  18.6 1008 355  2.0 6  8.9  65    0   37 350 -416  1
3823500 2818500  5  2 20  17.6 1009 335  1.7 7  8.8  68    0    8 346 -405  1
3823500 2818500  5  2 21  16.7 1009 283  1.8 6  8.9  72    0    0 344 -394  1
3823500 2818500  5  2 22  15.4 1009 298  1.1 6  8.8  77    0    0 337 -386  1
3823500 2818500  5  2 23  14.1 1010 295  1.0 6  8.8  83    0    0 333 -380  1
3823500 2818500  5  2 24  13.9 1010 305  1.6 6  8.7  87    0    0 330 -376  1
3823500 2818500  5  3  1  13.4 1010 342  1.2 2  8.7  89    0    0 312 -372  1
3823500 2818500  5  3  2  12.8 1009 298  1.2 2  8.5  90    0    0 294 -369  1
3823500 2818500  5  3  3  10.9 1009 304  1.6 3  8.2  94    0    0 294 -367  1
3823500 2818500  5  3  4  11.2 1009 295  1.4 4  8.1  98    0    0 300 -366  1
3823500 2818500  5  3  5  11.8 1009 332  2.0 4  8.2  96    0    0 306 -364  1
3823500 2818500  5  3  6  12.2 1008 286  1.4 5  8.2  93    0    6 312 -362  1
3823500 2818500  5  3  7  12.5 1008 330  2.6 5  8.2  91    0   57 316 -365  1
3823500 2818500  5  3  8  13.6 1008 351  2.7 6  8.3  88   13  153 322 -376  1
3823500 2818500  5  3  9  14.8 1008 344  2.2 7  8.4  82   14  211 335 -392  1
3823500 2818500  5  3 10  16.3 1007  17  2.8 6  8.4  75  111  304 341 -408  1
3823500 2818500  5  3 11  18.5 1007  16  2.6 5  8.4  67  338  307 341 -419  1
3823500 2818500  5  3 12  20.3 1006  32  4.0 4  8.6  61  487  274 343 -426  1
3823500 2818500  5  3 13  21.6 1005  38  3.6 4  8.9  57  503  273 348 -425  1
3823500 2818500  5  3 14  22.5 1006  32  3.3 5  9.1  54  441  286 359 -415  1
3823500 2818500  5  3 15  23.2 1005  50  3.7 5  9.1  52  251  320 366 -414  1
3823500 2818500  5  3 16  23.4 1005  20  3.9 5  9.0  50  205  272 366 -419  1
3823500 2818500  5  3 17  23.6 1004  31  2.9 6  9.0  49   51  209 368 -418  1
3823500 2818500  5  3 18  23.4 1004  24  2.3 6  9.1  50    4  111 369 -414  1
3823500 2818500  5  3 19  22.9 1003  28  1.8 6  8.9  50    0   33 367 -409  1
3823500 2818500  5  3 20  21.5 1003  36  1.3 6  8.9  53    0    3 363 -404  1
3823500 2818500  5  3 21  18.0 1003  76  2.8 7  9.0  62    0    0 359 -397  1
3823500 2818500  5  3 22  16.9 1003 302  0.7 7  9.2  73    0    0 355 -391  1
3823500 2818500  5  3 23  15.8 1003 200  1.7 7  9.5  80    0    0 352 -387  1
3823500 2818500  5  3 24  15.4 1003  81  0.9 8  9.6  85    0    0 355 -384  1
3823500 2818500  5  4  1  15.5 1004 192  2.4 8  9.9  89    0    0 360 -379  1
3823500 2818500  5  4  2  15.4 1003 225  2.4 8 10.2  92    0    0 361 -376  1
3823500 2818500  5  4  3  15.0 1003 217  3.1 8 10.4  95    0    0 361 -373  1
3823500 2818500  5  4  4  14.4 1003 200  2.7 8 10.3  97    0    0 359 -371  1
3823500 2818500  5  4  5  13.9 1003 238  3.9 8 10.0  97    0    0 357 -371  1
3823500 2818500  5  4  6  12.6 1002 256  3.3 8  9.2  96    0    7 353 -370  1
3823500 2818500  5  4  7  12.3 1003 226  3.3 6  8.7  95    2   75 341 -371  1
3823500 2818500  5  4  8  12.8 1003 223  2.1 6  8.4  91   22  162 332 -375  1
3823500 2818500  5  4  9  13.1 1003 224  1.8 7  8.2  86    0  158 338 -381  1
3823500 2818500  5  4 10  13.9 1003 226  2.6 8  8.1  83    0  172 348 -385  1
3823500 2818500  5  4 11  15.0 1003 223  2.6 6  8.2  78   59  326 348 -392  1
3823500 2818500  5  4 12  16.7 1003 209  3.9 4  8.1  71  194  376 337 -403  1
3823500 2818500  5  4 13  16.4 1003 230  3.2 6  7.8  66   50  347 341 -410  1
3823500 2818500  5  4 14  16.1 1002 215  2.9 7  7.6  65   13  283 351 -414  1
3823500 2818500  5  4 15  16.7 1002 247  3.5 7  7.5  64    9  243 353 -416  1
3823500 2818500  5  4 16  15.9 1002 227  3.9 7  7.6  65    4  194 350 -417  1
3823500 2818500  5  4 17  15.5 1001 225  3.1 3  7.4  66  170  207 335 -414  1
3823500 2818500  5  4 18  15.2 1001 238  3.6 3  7.2  65  181  123 319 -407  1
3823500 2818500  5  4 19  14.7 1001 262  2.3 7  7.0  65   34   73 325 -401  1
3823500 2818500  5  4 20  13.9 1001 258  1.3 7  7.0  68    0    6 334 -395  1
3823500 2818500  5  4 21  13.3 1000 238  1.0 8  7.0  72    0    0 335 -388  1
3823500 2818500  5  4 22  13.0 1000 229  0.9 8  7.0  73    0    0 336 -381  1
3823500 2818500  5  4 23  12.5 1000 215  0.7 8  7.0  75    0    0 333 -378  1
3823500 2818500  5  4 24  12.4 1000 193  0.7 8  7.1  78    0    0 331 -375  1
3823500 2818500  5  5  1  12.4  999 193  0.9 7  7.2  79    0    0 327 -375  1
3823500 2818500  5  5  2  12.3  999 195  1.0 6  7.2  80    0    0 322 -371  1
3823500 2818500  5  5  3  12.2  998 207  1.9 6  7.3  81    0    0 319 -367  1
3823500 2818500  5  5  4  12.0  997 222  1.9 6  7.3  82    0    0 318 -366  1
3823500 2818500  5  5  5  11.8  997 231  2.1 6  7.3  83    0    0 317 -363  1
3823500 2818500  5  5  6  11.5  997 247  2.2 6  7.3  84    2   29 316 -361  1
3823500 2818500  5  5  7  11.9  996 201  2.6 4  7.2  83   39  104 309 -365  1
3823500 2818500  5  5  8  12.3  996 340  3.0 6  7.1  79   25  165 308 -373  1
3823500 2818500  5  5  9  12.9  996 142  3.8 6  7.0  76   69  247 314 -384  1
3823500 2818500  5  5 10  14.2  996   6  4.7 4  7.1  72  252  287 311 -396  1
3823500 2818500  5  5 11  15.5  995 149  4.8 4  7.1  67  280  332 310 -414  1
3823500 2818500  5  5 12  16.2  995 209  5.1 4  7.0  61  214  380 314 -434  1
3823500 2818500  5  5 13  17.5  994 231  5.0 4  6.8  56  246  386 320 -447  1
3823500 2818500  5  5 14  17.5  994 252  5.9 4  6.8  53  205  375 326 -453  1
3823500 2818500  5  5 15  17.1  994 266  5.2 4  6.7  54  254  325 327 -455  1
3823500 2818500  5  5 16  16.9  994 263  5.6 4  6.7  54  297  244 327 -453  1
3823500 2818500  5  5 17  15.3  993 269  5.0 5  6.8  59  173  211 323 -445  1
3823500 2818500  5  5 18  12.9  994 316  4.1 4  7.0  68  139  135 316 -433  1
3823500 2818500  5  5 19  11.6  994 320  3.1 5  7.0  77   33   74 309 -421  1
3823500 2818500  5  5 20  10.4  994 327  2.5 7  6.8  82    0   11 314 -411  1
3823500 2818500  5  5 21   9.4  995 324  1.6 8  6.7  87    0    0 322 -405  1
3823500 2818500  5  5 22   9.2  995 313  1.9 8  6.6  89    0    0 325 -401  1
3823500 2818500  5  5 23   8.8  996 319  1.4 8  6.3  87    0    0 326 -397  1
3823500 2818500  5  5 24   8.9  996 327  1.8 8  6.2  86    0    0 328 -391  1
3823500 2818500  5  6  1   8.6  996 346  1.5 8  6.0  83    0    0 331 -386  1
3823500 2818500  5  6  2   8.4  996 338  1.8 8  5.8  83    0    0 333 -384  1
3823500 2818500  5  6  3   8.0  996   5  1.5 7  5.8  84    0    0 329 -383  1
3823500 2818500  5  6  4   7.7  996   4  1.3 7  5.8  86    0    0 325 -383  1
3823500 2818500  5  6  5   7.4  996 352  0.6 8  5.8  89    0    0 330 -384  1
3823500 2818500  5  6  6   7.5  996   0  0.7 8  5.9  90    0    5 336 -384  1
3823500 2818500  5  6  7   7.9  996  26  3.0 8  5.9  88    0   28 339 -385  1
3823500 2818500  5  6  8   8.3  997  14  2.1 7  5.9  86    0   71 336 -387  1
3823500 2818500  5  6  9   8.7  997  19  2.8 8  5.8  82    0   96 338 -388  1
3823500 2818500  5  6 10   8.9  997  25  3.6 8  5.7  79    0  103 343 -388  1
3823500 2818500  5  6 11   9.1  998  36  2.9 8  5.5  76    0   98 344 -389  1
3823500 2818500  5  6 12   9.7  998  52  2.8 8  5.2  70    0  109 344 -393  1
3823500 2818500  5  6 13  10.2  998  50  2.5 8  5.0  65    0  130 344 -394  1
3823500 2818500  5  6 14  10.3  998  30  2.7 7  4.9  62    0  139 339 -390  1
3823500 2818500  5  6 15  10.5  999  44  1.6 7  4.9  61    0  145 334 -381  1
3823500 2818500  5  6 16   9.7  999  16  0.4 7  5.1  65    0  133 330 -370  1
3823500 2818500  5  6 17   9.1  999  31  0.4 7  5.5  74    1  136 326 -363  1
3823500 2818500  5  6 18   8.4  999  12  1.6 8  5.4  76    0   59 328 -358  1
3823500 2818500  5  6 19   8.4 1000  16  1.2 7  5.3  76    0   28 325 -354  1
3823500 2818500  5  6 20   7.8 1000  21  1.6 8  5.2  77    0    2 324 -350  1
3823500 2818500  5  6 21   7.5 1001  16  1.7 8  5.0  76    0    0 326 -348  1
3823500 2818500  5  6 22   7.2 1001  34  2.1 8  4.8  75    0    0 325 -348  1
3823500 2818500  5  6 23   7.0 1001  33  2.0 8  4.7  74    0    0 325 -347  1
3823500 2818500  5  6 24   6.8 1001  25  1.9 7  4.6  73    0    0 319 -346  1
3823500 2818500  5  7  1   6.7 1001  28  2.3 7  4.6  74    0    0 314 -345  1
3823500 2818500  5  7  2   6.6 1001  28  2.0 8  4.6  74    0    0 319 -343  1
3823500 2818500  5  7  3   6.5 1001  20  1.6 8  4.6  74    0    0 325 -339  1
3823500 2818500  5  7  4   6.3 1002  24  1.7 8  4.6  75    0    0 325 -335  1
3823500 2818500  5  7  5   6.3 1002  26  2.1 8  4.6  76    0    0 324 -332  1
3823500 2818500  5  7  6   6.3 1001  33  2.1 8  4.5  76    0   16 324 -329  1
3823500 2818500  5  7  7   6.3 1001  15  3.0 6  4.5  74    0   47 310 -330  1
3823500 2818500  5  7  8   6.2 1002  29  2.4 8  4.4  73    0   62 309 -338  1
3823500 2818500  5  7  9   6.5 1002  44  2.5 8  4.5  74    0   79 321 -350  1
3823500 2818500  5  7 10   6.8 1002  35  2.8 8  4.6  76    0  143 322 -362  1
3823500 2818500  5  7 11   7.2 1003  41  3.1 8  4.8  77    0  155 322 -371  1
3823500 2818500  5  7 12   7.3 1003  35  2.7 8  4.9  77    0  144 321 -377  1
3823500 2818500  5  7 13   7.3 1003  24  1.7 8  5.1  79    0  140 321 -379  1
3823500 2818500  5  7 14   7.7 1003  77  2.8 8  5.2  80    0  133 322 -378  1
3823500 2818500  5  7 15   7.5 1003  52  1.9 8  5.3  81    0  128 322 -378  1
3823500 2818500  5  7 16   7.4 1003  24  2.0 8  5.4  82    0  103 322 -378  1
3823500 2818500  5  7 17   7.1 1004  16  2.4 8  5.4  84    0   92 320 -378  1
3823500 2818500  5  7 18   7.1 1004  26  2.7 8  5.3  84    0   53 320 -377  1
3823500 2818500  5  7 19   6.9 1004  24  2.3 8  5.3  84    0   30 318 -372  1
3823500 2818500  5  7 20   6.6 1005 352  2.2 8  5.3  85    0    6 317 -367  1
3823500 2818500  5  7 21   6.5 1005  42  1.9 8  5.2  86    0    0 315 -359  1
3823500 2818500  5  7 22   6.7 1006   4  1.8 8  5.2  85    0    0 314 -354  1
3823500 2818500  5  7 23   6.4 1006   4  1.8 7  5.1  84    0    0 308 -349  1
3823500 2818500  5  7 24   6.4 1007   1  1.6 7  5.1  84    0    0 303 -345  1
3823500 2818500  5  8  1   6.2 1007 358  1.0 8  5.1  85    0    0 309 -343  1
3823500 2818500  5  8  2   5.9 1007   9  1.6 8  5.2  88    0    0 315 -341  1
3823500 2818500  5  8  3   5.7 1007   1  1.2 8  5.1  89    0    0 315 -341  1
3823500 2818500  5  8  4   5.6 1008  13  0.2 8  5.1  89    0    0 314 -340  1
3823500 2818500  5  8  5   5.2 1008 352  0.8 8  5.0  90    0    0 313 -340  1
3823500 2818500  5  8  6   5.3 1008 342  0.8 8  5.0  91    0   14 312 -340  1
3823500 2818500  5  8  7   6.0 1009 337  1.1 6  5.1  89    6   82 300 -343  1
3823500 2818500  5  8  8   6.5 1009  26  1.8 6  5.1  86    4  132 289 -350  1
3823500 2818500  5  8  9   7.7 1010  10  1.6 6  5.2  82   12  203 290 -362  1
3823500 2818500  5  8 10   8.5 1010  49  0.9 6  5.1  75   21  262 294 -375  1
3823500 2818500  5  8 11   9.4 1010  23  0.6 5  4.9  69   68  325 295 -383  1
3823500 2818500  5  8 12  10.4 1010  86  1.2 5  4.8  64  206  357 296 -383  1
3823500 2818500  5  8 13  11.7 1010 162  0.5 5  4.8  58  407  299 302 -384  1
3823500 2818500  5  8 14  12.4 1010 348  0.9 4  4.8  54  529  214 303 -390  1
3823500 2818500  5  8 15  13.1 1010  92  1.3 3  4.8  52  444  216 298 -393  1
3823500 2818500  5  8 16  12.6 1010  73  0.9 3  4.7  51  342  201 293 -392  1
3823500 2818500  5  8 17  13.4 1009 156  1.0 3  4.6  49  274  149 291 -392  1
3823500 2818500  5  8 18  12.8 1009 169  1.2 6  4.7  50   97  137 302 -389  1
3823500 2818500  5  8 19  12.5 1009 132  1.4 7  4.9  53   27   72 315 -381  1
3823500 2818500  5  8 20  11.0 1009 121  0.8 4  5.1  59    3   16 305 -375  1
3823500 2818500  5  8 21   8.7 1009 113  0.7 2  5.2  69    0    0 281 -370  1
3823500 2818500  5  8 22   8.2 1009 104  0.7 2  5.3  76    0    0 268 -367  1
3823500 2818500  5  8 23   8.2 1009 138  0.9 4  5.3  78    0    0 276 -366  1
3823500 2818500  5  8 24   7.7 1009 113  1.6 5  5.4  80    0    0 288 -364  1
3823500 2818500  5  9  1   7.2 1009 121  1.0 6  5.5  85    0    0 297 -363  1
3823500 2818500  5  9  2   7.0 1008 115  2.1 7  5.6  89    0    0 305 -362  1
3823500 2818500  5  9  3   6.8 1008 126  0.6 8  5.6  90    0    0 314 -361  1
3823500 2818500  5  9  4   6.6 1007 127  0.7 6  5.6  90    0    0 310 -361  1
3823500 2818500  5  9  5   6.2 1007 137  1.0 4  5.5  92    0    1 295 -363  1
3823500 2818500  5  9  6   6.9 1006 167  1.5 3  5.5  91   14   37 285 -361  1
3823500 2818500  5  9  7   8.3 1006 157  2.1 3  5.7  88   94   91 284 -361  1
3823500 2818500  5  9  8  11.6 1005 156  2.5 4  6.2  80  186  144 296 -365  1
3823500 2818500  5  9  9  13.8 1005 165  2.7 5  6.6  72  355  145 314 -366  1
3823500 2818500  5  9 10  15.7 1004 175  3.0 6  6.8  65  213  286 328 -366  1
3823500 2818500  5  9 11  16.8 1004 180  3.3 7  6.7  58   49  317 342 -371  1
3823500 2818500  5  9 12  18.1 1004 200  4.3 7  6.3  50  138  364 348 -378  1
3823500 2818500  5  9 13  18.8 1003 200  3.4 6  6.1  46  307  341 347 -387  1
3823500 2818500  5  9 14  19.7 1002 166  3.5 7  6.0  43  165  353 349 -395  1
3823500 2818500  5  9 15  19.8 1002 179  3.7 7  6.0  41   35  286 354 -398  1
3823500 2818500  5  9 16  19.6 1001 180  3.4 7  6.1  42    6  197 353 -397  1
3823500 2818500  5  9 17  19.1 1001 166  1.5 7  6.5  46    1  129 353 -393  1
3823500 2818500  5  9 18  18.6 1000 188  1.4 7  7.4  54    0   78 352 -385  1
3823500 2818500  5  9 19  18.3 1000 150  1.0 8  8.0  59    1   52 356 -377  1
3823500 2818500  5  9 20  17.8 1000 180  2.1 7  7.5  58    0   13 353 -367  1
3823500 2818500  5  9 21  18.3 1000 187  2.1 7  7.2  55    0    0 346 -358  1
3823500 2818500  5  9 22  17.9 1000 184  1.8 8  7.2  54    0    0 350 -352  1
3823500 2818500  5  9 23  17.4 1000 197  3.1 8  7.2  57    0    0 354 -348  1
3823500 2818500  5  9 24  16.5 1001 189  2.2 6  7.5  61    0    0 345 -345  1
3823500 2818500  5 10  1  16.0 1001 180  2.0 6  7.8  67    0    0 337 -343  1
3823500 2818500  5 10  2  15.8 1001 180  1.8 7  8.1  70    0    0 342 -341  1
3823500 2818500  5 10  3  15.5 1001 177  1.9 6  8.2  73    0    0 344 -340  1
3823500 2818500  5 10  4  15.5 1001 176  2.5 6  8.2  74    0    0 341 -340  1
3823500 2818500  5 10  5  15.0 1001 173  1.7 6  8.2  75    0    0 342 -340  1
3823500 2818500  5 10  6  15.1 1001 167  2.4 7  8.3  76    2   29 346 -342  1
3823500 2818500  5 10  7  15.1 1001 171  3.0 5  8.5  78   10   88 343 -346  1
3823500 2818500  5 10  8  14.4 1001 191  3.2 7  9.1  86    1  117 342 -354  1
3823500 2818500  5 10  9  15.6 1001 193  3.2 7  9.7  90    7  195 352 -362  1
3823500 2818500  5 10 10  16.8 1002 200  4.2 7 10.0  86   23  261 355 -373  1
3823500 2818500  5 10 11  17.0 1002 208  4.0 5 10.0  82  163  335 348 -381  1
3823500 2818500  5 10 12  18.1 1002 249  3.4 6  9.9  78   45  327 344 -389  1
3823500 2818500  5 10 13  17.8 1003 221  3.1 8  9.8  75    1  233 360 -394  1
3823500 2818500  5 10 14  18.5 1003 215  3.6 6  9.7  73  161  345 360 -393  1
3823500 2818500  5 10 15  19.7 1003 219  3.1 7  9.7  69   33  280 360 -392  1
3823500 2818500  5 10 16  19.5 1004 203  2.9 6  9.8  68  102  268 362 -393  1
3823500 2818500  5 10 17  19.1 1004 216  3.3 6  9.8  69   91  208 357 -395  1
3823500 2818500  5 10 18  17.8 1004 201  1.7 6 10.1  75   42  141 356 -398  1
3823500 2818500  5 10 19  17.8 1005 246  1.7 7 10.6  82    2   55 359 -398  1
3823500 2818500  5 10 20  16.9 1005 216  1.9 6 10.5  84    0   11 357 -394  1
3823500 2818500  5 10 21  15.5 1006 202  1.6 5 10.1  87    0    0 345 -389  1
3823500 2818500  5 10 22  14.6 1007 177  0.6 4  9.7  90    0    0 334 -386  1
3823500 2818500  5 10 23  13.9 1007 158  0.5 5  9.5  92    0    0 332 -386  1
3823500 2818500  5 10 24  14.2 1007 145  0.5 6  9.6  95    0    0 340 -386  1
3823500 2818500  5 11  1  14.8 1008 158  1.6 4  9.6  92    0    0 339 -387  1
3823500 2818500  5 11  2  14.8 1007 147  1.4 3  9.6  90    0    0 329 -387  1
3823500 2818500  5 11  3  15.0 1007 168  1.3 5  9.6  90    0    0 334 -387  1
3823500 2818500  5 11  4  15.4 1007 178  1.7 6  9.6  88    0    0 347 -387  1
3823500 2818500  5 11  5  15.7 1007 179  2.0 6  9.6  86    0    0 351 -387  1
3823500 2818500  5 11  6  16.1 1006 171  2.2 7  9.7  85    0    8 356 -388  1
3823500 2818500  5 11  7  16.9 1006 184  2.9 7  9.9  84    0   43 363 -390  1
3823500 2818500  5 11  8  17.8 1006 200  3.4 7 10.1  81    0   79 365 -393  1
3823500 2818500  5 11  9  17.9 1006 189  2.8 7 10.2  79    0  102 364 -398  1
3823500 2818500  5 11 10  18.5 1007 190  3.1 7 10.6  80    2  221 364 -404  1
3823500 2818500  5 11 11  19.7 1007 178  3.6 7 10.9  78    7  269 367 -410  1
3823500 2818500  5 11 12  21.2 1006 193  3.9 6 10.9  72   31  350 371 -412  1
3823500 2818500  5 11 13  22.7 1007 200  5.0 6 11.0  66   31  353 376 -413  1
3823500 2818500  5 11 14  22.9 1007 201  5.6 6 10.9  62   11  292 382 -414  1
3823500 2818500  5 11 15  22.6 1007 197  5.1 7 10.9  63    0  143 386 -416  1
3823500 2818500  5 11 16  22.5 1007 192  4.2 7 11.2  65    0  144 389 -421  1
3823500 2818500  5 11 17  22.5 1007 208  2.6 7 11.5  66    0  105 391 -426  1
3823500 2818500  5 11 18  22.9 1007 222  2.2 8 11.4  66    0   57 394 -425  1
3823500 2818500  5 11 19  21.4 1006 217  0.2 7 11.4  68    2   64 393 -422  1
3823500 2818500  5 11 20  19.5 1005 213  1.1 7 11.9  78    0    4 387 -420  1
3823500 2818500  5 11 21  18.2 1006 174  0.3 7 12.4  90    0    0 383 -418  1
3823500 2818500  5 11 22  19.3 1006 176  1.5 7 12.6  92    0    0 383 -416  1
3823500 2818500  5 11 23  19.1 1006 203  1.4 8 12.6  90    0    0 384 -415  1
3823500 2818500  5 11 24  18.8 1007 250  0.6 8 12.6  90    0    0 384 -414  1
3823500 2818500  5 12  1  18.0 1007 221  1.1 7 12.2  91    0    0 380 -413  1
3823500 2818500  5 12  2  17.8 1007 221  0.8 7 11.9  92    0    0 376 -411  1
3823500 2818500  5 12  3  18.0 1007 231  1.2 7 11.7  90    0    0 376 -410  1
3823500 2818500  5 12  4  17.5 1007 214  1.8 7 11.5  89    0    0 374 -410  1
3823500 2818500  5 12  5  17.7 1007 234  1.2 8 11.3  89    0    0 376 -410  1
3823500 2818500  5 12  6  17.5 1007 236  1.6 7 11.1  87    0   13 377 -410  1
3823500 2818500  5 12  7  17.8 1008 241  1.9 6 11.1  87    4   79 372 -408  1
3823500 2818500  5 12  8  18.2 1008 243  3.1 8 10.9  84    3  125 377 -407  1
3823500 2818500  5 12  9  18.6 1008 225  2.8 7 10.9  82   25  207 382 -406  1
3823500 2818500  5 12 10  18.5 1009 233  3.7 7 10.8  80    4  217 381 -405  1
3823500 2818500  5 12 11  18.4 1009 247  4.2 7 10.6  79    0  163 381 -408  1
3823500 2818500  5 12 12  18.3 1009 237  4.3 6 10.3  78    0  215 376 -414  1
3823500 2818500  5 12 13  18.1 1010 252  5.3 6  9.9  75    0  203 370 -423  1
3823500 2818500  5 12 14  17.7 1010 269  5.3 7  9.2  71    0  166 373 -431  1
3823500 2818500  5 12 15  17.1 1011 269  5.0 6  8.2  66   19  244 369 -432  1
3823500 2818500  5 12 16  17.3 1011 260  4.3 6  7.7  63   82  236 362 -430  1
3823500 2818500  5 12 17  16.3 1012 280  4.3 7  7.5  63   27  178 363 -424  1
3823500 2818500  5 12 18  15.8 1012 266  3.9 6  7.1  62   13  117 357 -416  1
3823500 2818500  5 12 19  15.2 1013 267  2.8 8  6.8  62    0   44 358 -405  1
3823500 2818500  5 12 20  14.1 1013 281  3.1 8  6.6  63    0    7 364 -394  1
3823500 2818500  5 12 21  12.6 1014 287  3.3 8  6.4  67    0    0 359 -381  1
3823500 2818500  5 12 22  10.9 1015 294  3.0 5  6.0  70    0    0 340 -371  1
3823500 2818500  5 12 23   9.9 1017 295  2.2 2  5.7  73    0    0 304 -366  1
3823500 2818500  5 12 24   9.0 1017 294  1.7 3  5.7  77    0    0 288 -364  1
3823500 2818500  5 13  1   8.4 1018 289  1.9 4  5.7  82    0    0 294 -361  1
3823500 2818500  5 13  2   7.8 1018 300  2.3 4  5.6  84    0    0 295 -357  1
3823500 2818500  5 13  3   6.7 1019 296  1.8 4  5.5  86    0    0 291 -354  1
3823500 2818500  5 13  4   6.2 1020 283  1.5 3  5.3  89    0    0 282 -351  1
3823500 2818500  5 13  5   6.5 1020 286  1.9 5  5.3  90    0    1 288 -349  1
3823500 2818500  5 13  6   6.7 1021 285  1.6 6  5.4  89    1   28 307 -347  1
3823500 2818500  5 13  7   8.3 1021 291  1.7 3  5.4  84   79   91 298 -350  1
3823500 2818500  5 13  8   8.6 1022 305  3.1 4  5.2  76  166  139 286 -358  1
3823500 2818500  5 13  9   9.9 1023 313  3.3 4  4.8  67  253  181 292 -368  1
3823500 2818500  5 13 10  10.6 1024 310  4.0 5  4.5  59  179  272 300 -379  1
3823500 2818500  5 13 11  10.6 1024 318  3.3 4  4.5  57  197  310 302 -387  1
3823500 2818500  5 13 12  11.7 1024 303  3.6 5  4.5  56  108  331 307 -388  1
3823500 2818500  5 13 13  11.8 1024 292  4.7 6  4.8  57  147  334 319 -391  1
3823500 2818500  5 13 14  11.3 1025 317  5.3 5  5.0  59  163  319 316 -399  1
3823500 2818500  5 13 15  10.8 1025 318  5.2 5  4.9  60  215  282 307 -401  1
3823500 2818500  5 13 16  12.2 1025 312  4.2 6  4.4  53  124  253 308 -392  1
3823500 2818500  5 13 17  11.5 1025 317  4.5 4  3.9  46  264  141 301 -385  1
3823500 2818500  5 13 18  10.7 1025 301  4.2 5  3.9  48   68  136 294 -382  1
3823500 2818500  5 13 19  10.3 1026 320  2.5 5  4.0  51   34   73 296 -375  1
3823500 2818500  5 13 20   8.8 1026 321  2.2 5  4.1  56   20   23 293 -364  1
3823500 2818500  5 13 21   7.7 1026 314  1.5 3  4.2  63    0    0 281 -352  1
3823500 2818500  5 13 22   6.6 1027 311  0.8 3  4.3  69    0    0 268 -345  1
3823500 2818500  5 13 23   4.8 1027 307  0.4 1  4.3  77    0    0 254 -340  1
3823500 2818500  5 13 24   3.3 1027 304  0.1 0  4.3  86    0    0 236 -336  1
3823500 2818500  5 14  1   2.4 1027 292  0.1 0  4.2  92    0    0 228 -333  1
3823500 2818500  5 14  2   2.1 1026 255  0.1 0  4.1  93    0    0 225 -330  1
3823500 2818500  5 14  3   1.2 1026 216  0.1 0  4.0  94    0    0 222 -328  1
3823500 2818500  5 14  4   1.3 1026 234  0.1 1  3.9  95    0    0 226 -326  1
3823500 2818500  5 14  5   1.0 1025 246  0.1 1  3.9  95    0    4 230 -325  1
3823500 2818500  5 14  6   2.3 1025 223  0.2 1  4.0  95   27   41 232 -325  1
3823500 2818500  5 14  7   5.9 1025 282  0.3 0  4.5  89  141   79 234 -329  1
3823500 2818500  5 14  8   8.2 1025 324  0.9 0  4.7  76  264  105 236 -340  1
3823500 2818500  5 14  9   8.7 1025 302  1.0 2  4.4  65  185  225 250 -355  1
3823500 2818500  5 14 10   9.1 1024 320  1.4 3  4.1  59  179  290 266 -371  1
3823500 2818500  5 14 11   9.8 1024 274  1.3 4  4.1  56  216  328 277 -386  1
3823500 2818500  5 14 12  11.0 1024 286  1.4 5  4.1  53  223  349 289 -399  1
3823500 2818500  5 14 13  10.9 1023 337  1.1 5  4.2  52  235  350 292 -410  1
3823500 2818500  5 14 14  11.7 1022 277  1.8 4  4.2  50  366  294 288 -416  1
3823500 2818500  5 14 15  11.8 1021 330  1.4 4  4.1  49  260  291 286 -419  1
3823500 2818500  5 14 16  12.9 1021  93  0.8 4  4.2  48  194  254 286 -418  1
3823500 2818500  5 14 17  13.0 1020 124  1.0 3  4.2  46  187  190 283 -416  1
3823500 2818500  5 14 18  12.6 1019 193  0.9 3  4.1  45  179  113 276 -410  1
3823500 2818500  5 14 19  12.4 1018 239  1.0 3  4.1  46  128   62 274 -396  1
3823500 2818500  5 14 20  10.2 1018 187  1.0 3  4.4  55   25   27 268 -384  1
3823500 2818500  5 14 21   8.7 1017 180  1.0 3  4.5  62    0    0 260 -373  1
3823500 2818500  5 14 22   7.6 1017 165  1.1 3  4.6  69    0    0 257 -363  1
3823500 2818500  5 14 23   7.4 1017 169  1.0 3  4.9  75    0    0 255 -356  1
3823500 2818500  5 14 24   7.9 1016 177  1.0 2  5.3  79    0    0 249 -351  1
3823500 2818500  5 15  1   8.7 1012 192  0.9 2  5.8  82    0    0 288 -382  1
3823500 2818500  5 15  2   9.4 1013 207  1.0 2  6.2  83    0    0 284 -380  1
3823500 2818500  5 15  3   9.8 1013 221  1.1 2  6.4  84    0    0 283 -379  1
3823500 2818500  5 15  4   9.7 1013 226  1.3 3  6.3  83    0    0 291 -378  1
3823500 2818500  5 15  5   9.8 1014 222  1.3 4  6.3  83    0    0 300 -376  1
3823500 2818500  5 15  6   9.6 1014 227  1.4 5  6.1  82    8   42 308 -373  1
3823500 2818500  5 15  7  10.6 1014 231  2.0 6  6.2  81   28  111 319 -372  1
3823500 2818500  5 15  8  11.4 1015 245  2.9 6  6.5  79   48  187 326 -373  1
3823500 2818500  5 15  9  13.0 1015 241  3.0 6  6.7  76  139  261 329 -375  1
3823500 2818500  5 15 10  14.2 1016 226  3.1 6  7.0  72  228  310 332 -384  1
3823500 2818500  5 15 11  15.2 1016 240  4.0 5  6.9  66  375  308 332 -397  1
3823500 2818500  5 15 12  16.0 1016 245  4.4 7  6.8  62   72  376 337 -409  1
3823500 2818500  5 15 13  15.8 1016 239  3.9 7  6.7  60   12  302 344 -418  1
3823500 2818500  5 15 14  16.6 1017 258  3.3 7  6.6  58   29  327 342 -424  1
3823500 2818500  5 15 15  17.8 1017 259  3.0 6  6.6  54  105  344 341 -427  1
3823500 2818500  5 15 16  18.9 1016 253  3.9 5  6.7  51  269  263 336 -427  1
3823500 2818500  5 15 17  19.3 1016 251  3.8 4  6.7  49  336  152 331 -422  1
3823500 2818500  5 15 18  19.5 1016 275  3.7 3  6.6  47  246  112 323 -414  1
3823500 2818500  5 15 19  19.0 1016 258  2.6 2  6.5  47  106   81 315 -405  1
3823500 2818500  5 15 20  17.7 1015 244  1.0 1  6.6  50   20   31 304 -394  1
3823500 2818500  5 15 21  14.2 1015 188  1.2 2  6.7  60    0    1 294 -384  1
3823500 2818500  5 15 22  12.6 1016 186  1.4 0  6.7  70    0    0 281 -376  1
3823500 2818500  5 15 23  12.4 1016 193  1.5 0  6.9  76    0    0 273 -370  1
3823500 2818500  5 15 24  11.3 1016 219  1.6 1  6.9  80    0    0 272 -366  1
3823500 2818500  5 16  1  10.8 1016 169  1.0 3  6.7  82    0    0 276 -362  1
3823500 2818500  5 16  2  10.4 1016 174  0.9 3  6.6  83    0    0 280 -359  1
3823500 2818500  5 16  3   9.6 1016 150  0.7 3  6.5  85    0    0 278 -358  1
3823500 2818500  5 16  4   9.2 1015 170  0.7 3  6.3  86    0    0 276 -358  1
3823500 2818500  5 16  5   9.4 1015 162  0.6 3  6.3  86    0    0 275 -357  1
3823500 2818500  5 16  6  10.1 1015 160  0.6 4  6.5  87    4   37 280 -357  1
3823500 2818500  5 16  7  13.6 1015 174  1.1 6  7.8  90   59  109 297 -362  1
3823500 2818500  5 16  8  15.6 1015 171  1.3 5  8.6  83  206  144 309 -375  1
3823500 2818500  5 16  9  17.9 1014 182  1.4 4  8.6  72  373  149 310 -394  1
3823500 2818500  5 16 10  19.6 1014 228  2.1 5  8.5  63  498  159 316 -415  1
3823500 2818500  5 16 11  20.4 1014 241  2.6 5  8.4  57  579  174 323 -435  1
3823500 2818500  5 16 12  21.3 1013 219  3.1 5  8.3  54  685  148 326 -453  1
3823500 2818500  5 16 13  22.5 1012 224  3.6 4  8.3  51  735  125 327 -466  1
3823500 2818500  5 16 14  23.1 1012 249  3.2 4  8.3  48  712  119 330 -472  1
3823500 2818500  5 16 15  23.9 1012 267  2.7 3  7.9  44  646  111 332 -474  1
3823500 2818500  5 16 16  24.2 1012 270  2.8 3  7.8  41  536  108 333 -472  1
3823500 2818500  5 16 17  24.3 1011 303  2.4 3  7.5  40  406   99 334 -465  1
3823500 2818500  5 16 18  24.2 1010 327  2.0 3  7.4  39  261   88 334 -454  1
3823500 2818500  5 16 19  23.0 1010 321  1.6 2  7.7  42  114   70 329 -441  1
3823500 2818500  5 16 20  20.4 1009 339  0.4 3  7.7  47   23   29 322 -427  1
3823500 2818500  5 16 21  17.7 1008 358  0.1 3  7.8  56    0    2 315 -415  1
3823500 2818500  5 16 22  16.2 1009  19  0.3 1  7.9  65    0    0 303 -407  1
3823500 2818500  5 16 23  14.8 1009  40  0.7 1  7.9  71    0    0 294 -401  1
3823500 2818500  5 16 24  13.7 1009  39  0.8 1  7.7  76    0    0 289 -396  1
3823500 2818500  5 17  1  13.2 1009  35  0.9 0  7.6  79    0    0 283 -391  1
3823500 2818500  5 17  2  11.7 1009   3  0.3 0  7.4  82    0    0 277 -388  1
3823500 2818500  5 17  3  10.3 1008  35  0.1 0  7.0  85    0    0 271 -385  1
3823500 2818500  5 17  4   9.9 1008  74  0.1 1  6.7  87    0    0 269 -382  1
3823500 2818500  5 17  5   9.4 1007   2  0.1 2  6.5  86    0    0 273 -378  1
3823500 2818500  5 17  6  10.7 1007 351  0.1 3  6.7  87    8   44 278 -377  1
3823500 2818500  5 17  7  13.1 1007  34  0.1 2  7.8  89   52  119 284 -381  1
3823500 2818500  5 17  8  15.2 1007  21  1.4 2  8.2  81  166  178 287 -393  1
3823500 2818500  5 17  9  17.3 1007  30  2.3 2  7.6  66  262  229 293 -411  1
3823500 2818500  5 17 10  18.2 1006  36  2.6 4  7.4  58  350  269 303 -432  1
3823500 2818500  5 17 11  19.4 1006  38  3.0 5  7.5  55  475  269 314 -453  1
3823500 2818500  5 17 12  20.0 1006  49  2.9 5  7.6  53  551  266 324 -472  1
3823500 2818500  5 17 13  21.2 1005  24  2.5 5  7.9  51  549  276 330 -486  1
3823500 2818500  5 17 14  21.8 1006  26  3.4 5  7.8  48  592  230 335 -494  1
3823500 2818500  5 17 15  21.8 1005  30  3.3 4  7.4  45  533  213 334 -496  1
3823500 2818500  5 17 16  21.6 1005  42  4.1 4  7.7  47  440  192 333 -495  1
3823500 2818500  5 17 17  21.0 1005  54  4.7 5  7.9  50  347  157 335 -489  1
3823500 2818500  5 17 18  20.1 1004  43  4.1 5  8.0  53  229  124 335 -479  1
3823500 2818500  5 17 19  18.6 1003  52  3.2 5  8.1  58   76   88 332 -466  1
3823500 2818500  5 17 20  16.9 1004  63  1.4 6  8.1  63   12   29 330 -452  1
3823500 2818500  5 17 21  15.6 1004  50  0.9 7  7.8  67    0    2 332 -441  1
3823500 2818500  5 17 22  14.4 1004  49  1.4 4  7.3  68    0    0 322 -432  1
3823500 2818500  5 17 23  13.2 1004  62  0.8 4  7.0  71    0    0 311 -426  1
3823500 2818500  5 17 24  12.1 1004  65  0.4 2  7.2  78    0    0 303 -422  1
3823500 2818500  5 18  1  11.7 1004  68  0.9 2  7.2  82    0    0 296 -416  1
3823500 2818500  5 18  2  11.3 1003  76  0.7 2  7.2  84    0    0 296 -411  1
3823500 2818500  5 18  3  11.0 1004  74  0.8 2  7.1  85    0    0 297 -409  1
3823500 2818500  5 18  4  11.0 1003 343  1.2 3  7.2  87    0    0 302 -410  1
3823500 2818500  5 18  5  11.3 1003  52  0.5 4  7.3  87    0    0 308 -412  1
3823500 2818500  5 18  6  11.9 1003  95  0.3 5  7.4  86    0    9 316 -414  1
3823500 2818500  5 18  7  13.5 1003 101  1.2 6  7.7  84    3   84 327 -417  1
3823500 2818500  5 18  8  15.0 1004 133  1.4 5  8.1  79   82  175 334 -424  1
3823500 2818500  5 18  9  16.8 1004 161  1.7 6  8.7  76   48  242 343 -429  1
3823500 2818500  5 18 10  17.3 1004 189  1.3 6  8.9  73   34  284 352 -435  1
3823500 2818500  5 18 11  17.4 1005 240  1.9 7  8.9  71   31  315 359 -440  1
3823500 2818500  5 18 12  16.9 1005 267  2.0 7  9.0  73    0  228 363 -440  1
3823500 2818500  5 18 13  16.9 1006 251  2.5 7  9.5  78   10  290 364 -440  1
3823500 2818500  5 18 14  18.0 1006 256  2.8 6  9.9  79   97  348 364 -443  1
3823500 2818500  5 18 15  19.7 1006 281  2.2 5 10.2  74  204  308 360 -446  1
3823500 2818500  5 18 16  19.3 1006 270  2.3 7 10.2  71   13  225 366 -443  1
3823500 2818500  5 18 17  19.0 1006 249  2.1 7 10.1  72    0  142 372 -439  1
3823500 2818500  5 18 18  16.8 1006 261  2.3 7 10.0  77    1  106 368 -434  1
3823500 2818500  5 18 19  16.3 1007 246  2.8 8  9.8  83    0   52 369 -426  1
3823500 2818500  5 18 20  14.8 1008 263  3.3 8  9.6  86    0   14 370 -418  1
3823500 2818500  5 18 21  14.2 1008 266  2.5 8  9.3  89    0    0 366 -409  1
3823500 2818500  5 18 22  13.5 1009 248  1.6 8  9.1  91    0    0 363 -400  1
3823500 2818500  5 18 23  13.4 1009 217  1.2 7  8.8  91    0    0 356 -394  1
3823500 2818500  5 18 24  13.0 1009 203  1.1 6  8.7  92    0    0 343 -388  1
3823500 2818500  5 19  1  13.4 1009 216  1.6 6  8.5  90    0    0 336 -384  1
3823500 2818500  5 19  2  12.1 1009 231  2.2 6  8.0  86    0    0 332 -381  1
3823500 2818500  5 19  3  12.1 1009 232  2.2 6  7.3  83    0    0 329 -377  1
3823500 2818500  5 19  4  11.0 1009 230  2.7 6  7.0  82    0    0 327 -374  1
3823500 2818500  5 19  5  10.8 1009 222  1.7 7  6.7  82    0    1 330 -371  1
3823500 2818500  5 19  6  11.1 1010 218  1.8 6  6.8  83    3   38 330 -370  1
3823500 2818500  5 19  7  12.0 1010 232  2.7 5  7.0  82   41  109 321 -374  1
3823500 2818500  5 19  8  13.2 1011 242  2.7 6  7.3  80  128  171 323 -384  1
3823500 2818500  5 19  9  14.3 1011 238  2.8 6  7.6  77  192  230 331 -397  1
3823500 2818500  5 19 10  15.3 1011 225  2.4 6  8.0  76  278  268 335 -412  1
3823500 2818500  5 19 11  16.5 1011 242  2.7 5  8.1  72  377  278 335 -425  1
3823500 2818500  5 19 12  17.5 1011 250  3.3 5  7.8  65  373  314 334 -433  1
3823500 2818500  5 19 13  17.2 1011 253  3.6 6  7.6  62   68  364 339 -434  1
3823500 2818500  5 19 14  17.2 1011 241  3.4 6  7.6  62   19  303 343 -430  1
3823500 2818500  5 19 15  17.5 1011 279  2.9 6  7.6  61    8  254 343 -427  1
3823500 2818500  5 19 16  17.5 1011 262  2.3 7  7.7  61    0  164 347 -430  1
3823500 2818500  5 19 17  17.6 1010 237  0.5 7  7.7  61    0  139 351 -432  1
3823500 2818500  5 19 18  17.7 1010 132  1.0 7  7.7  61    0   99 351 -429  1
3823500 2818500  5 19 19  17.1 1010 122  1.1 8  7.8  62    0   24 356 -424  1
3823500 2818500  5 19 20  16.7 1010 143  0.8 6  7.9  65    0    8 351 -418  1
3823500 2818500  5 19 21  15.8 1010 151  0.8 6  7.7  67    0    0 342 -412  1
3823500 2818500  5 19 22  14.8 1010 144  0.6 5  7.6  70    0    0 335 -408  1
3823500 2818500  5 19 23  14.4 1010 153  1.0 5  7.7  74    0    0 329 -406  1
3823500 2818500  5 19 24  12.9 1010 170  0.7 6  7.6  77    0    0 331 -404  1
3823500 2818500  5 20  1  12.7 1010 185  0.4 6  7.5  81    0    0 333 -403  1
3823500 2818500  5 20  2  12.5 1009 156  0.3 6  7.6  84    0    0 333 -401  1
3823500 2818500  5 20  3  11.0 1009  22  0.5 6  7.6  88    0    0 331 -399  1
3823500 2818500  5 20  4  10.5 1009 348  0.6 6  7.2  89    0    0 328 -398  1
3823500 2818500  5 20  5  10.5 1009 148  0.5 6  7.1  89    0    0 327 -396  1
3823500 2818500  5 20  6  11.8 1009 158  0.6 6  7.5  90   17   47 330 -394  1
3823500 2818500  5 20  7  15.3 1009 138  1.1 4  8.4  86   70  112 331 -395  1
3823500 2818500  5 20  8  17.6 1009 135  1.1 4  9.0  77  118  180 332 -397  1
3823500 2818500  5 20  9  18.7 1009 175  2.0 4  8.8  67  298  195 336 -402  1
3823500 2818500  5 20 10  20.2 1008 147  2.3 4  8.5  60  558  130 341 -412  1
3823500 2818500  5 20 11  20.8 1008 166  2.8 4  8.4  56  644  141 346 -425  1
3823500 2818500  5 20 12  21.7 1008 174  3.1 3  8.2  52  585  215 345 -436  1
3823500 2818500  5 20 13  21.8 1007 171  3.8 4  7.7  47  269  372 346 -447  1
3823500 2818500  5 20 14  21.9 1007 210  2.6 6  7.6  46   44  344 358 -456  1
3823500 2818500  5 20 15  20.6 1007 160  1.7 6  7.6  48   44  316 362 -468  1
3823500 2818500  5 20 16  22.0 1006 149  1.9 4  7.4  46  212  274 353 -474  1
3823500 2818500  5 20 17  22.4 1007 139  2.5 4  7.2  43  399  107 348 -468  1
3823500 2818500  5 20 18  21.9 1006 129  1.9 5  7.3  43  184  124 350 -454  1
3823500 2818500  5 20 19  21.3 1006 157  1.4 5  7.4  46   65   86 350 -442  1
3823500 2818500  5 20 20  19.2 1004 125  1.1 5  7.6  51   30   34 347 -432  1
3823500 2818500  5 20 21  16.8 1004 132  0.9 6  7.7  59    0    3 343 -423  1
3823500 2818500  5 20 22  16.6 1004 126  0.8 5  7.6  64    0    0 338 -414  1
3823500 2818500  5 20 23  15.7 1004 130  0.6 5  7.7  66    0    0 331 -407  1
3823500 2818500  5 20 24  15.0 1004 131  0.7 4  7.6  70    0    0 323 -403  1
3823500 2818500  5 21  1  14.8 1003 133  0.6 7  7.5  70    0    0 326 -400  1
3823500 2818500  5 21  2  14.4 1003 133  0.6 7  7.4  70    0    0 334 -398  1
3823500 2818500  5 21  3  14.0 1003 132  0.8 7  7.4  72    0    0 332 -397  1
3823500 2818500  5 21  4  13.3 1003 132  1.0 6  7.3  74    0    0 325 -395  1
3823500 2818500  5 21  5  13.1 1002 127  1.0 6  7.2  76    0    2 318 -393  1
3823500 2818500  5 21  6  13.7 1002 125  0.8 4  7.3  75   19   50 309 -393  1
3823500 2818500  5 21  7  15.4 1002 126  1.4 4  7.6  73   82  115 303 -397  1
3823500 2818500  5 21  8  17.5 1001 142  2.5 3  7.8  66  212  155 304 -405  1
3823500 2818500  5 21  9  18.7 1001 143  2.6 4  7.8  60  335  186 309 -417  1
3823500 2818500  5 21 10  20.2 1000 157  3.6 5  7.8  55  455  203 321 -432  1
3823500 2818500  5 21 11  21.0 1000 155  3.7 6  7.9  51  540  218 333 -446  1
3823500 2818500  5 21 12  22.1 1000 144  3.6 6  8.0  49  586  229 341 -459  1
3823500 2818500  5 21 13  22.9  999 147  3.3 5  7.9  46  594  233 343 -470  1
3823500 2818500  5 21 14  23.7  999 160  3.2 5  7.8  43  534  246 344 -479  1
3823500 2818500  5 21 15  24.0  998 147  3.4 3  7.8  42  571  174 341 -483  1
3823500 2818500  5 21 16  24.3  997 163  3.1 2  7.9  41  510  141 333 -482  1
3823500 2818500  5 21 17  24.4  997 161  3.0 1  7.9  41  395  123 324 -477  1
3823500 2818500  5 21 18  24.2  997 132  2.4 2  7.9  41  266  102 322 -468  1
3823500 2818500  5 21 19  23.4  996 317  3.0 2  7.9  42  133   77 321 -458  1
3823500 2818500  5 21 20  22.2  996 101  2.6 4  7.9  45   23   33 325 -446  1
3823500 2818500  5 21 21  20.7  996 103  2.0 6  8.0  50    0    3 339 -433  1
3823500 2818500  5 21 22  20.1  996 133  1.2 5  8.0  53    0    0 342 -427  1
3823500 2818500  5 21 23  18.7  996 130  0.5 4  8.0  56    0    0 331 -424  1
3823500 2818500  5 21 24  17.8  995 135  0.3 5  7.9  59    0    0 327 -422  1
3823500 2818500  5 22  1  16.9  994 136  1.1 6  7.8  62    0    0 332 -418  1
3823500 2818500  5 22  2  16.3  994 131  1.2 6  7.7  64    0    0 333 -414  1
3823500 2818500  5 22  3  16.0  993 123  1.0 7  7.7  66    0    0 335 -411  1
3823500 2818500  5 22  4  15.4  993 119  0.3 6  7.7  68    0    0 335 -409  1
3823500 2818500  5 22  5  15.8  992 128  0.8 5  7.7  68    0    0 327 -407  1
3823500 2818500  5 22  6  17.0  992 140  1.3 5  7.8  65    5   41 324 -408  1
3823500 2818500  5 22  7  18.5  993 146  2.2 6  8.1  62   44  106 332 -413  1
3823500 2818500  5 22  8  19.9  993 145  2.2 6  8.5  60  123  165 342 -420  1
3823500 2818500  5 22  9  21.6  993 178  2.8 6  8.8  56  174  221 347 -428  1
3823500 2818500  5 22 10  22.7  993 201  3.5 5  8.6  50  614   54 348 -439  1
3823500 2818500  5 22 11  23.0  994 219  3.0 6  8.2  46  198  324 352 -446  1
3823500 2818500  5 22 12  23.2  994 213  3.1 7  8.2  46    7  279 362 -448  1
3823500 2818500  5 22 13  22.4  994 206  3.3 7  8.3  47    5  269 367 -449  1
3823500 2818500  5 22 14  23.0  994 232  2.1 7  8.5  48   10  275 370 -455  1
3823500 2818500  5 22 15  21.8  995 231  0.1 7  8.7  50   11  258 371 -462  1
3823500 2818500  5 22 16  21.0  994 225  1.2 8  8.8  54    0  117 372 -457  1
3823500 2818500  5 22 17  19.6  995 244  1.9 8  9.0  59    0   86 373 -447  1
3823500 2818500  5 22 18  17.5  995 246  0.2 7  9.1  67    0   72 366 -439  1
3823500 2818500  5 22 19  16.6  995 281  0.1 8  9.5  77    0   25 363 -429  1
3823500 2818500  5 22 20  16.6  995 203  1.2 8  9.8  81    0    7 365 -419  1
3823500 2818500  5 22 21  15.8  994 130  0.9 7  9.7  83    0    1 360 -411  1
3823500 2818500  5 22 22  15.2  994 127  1.4 7  9.7  86    0    0 354 -408  1
3823500 2818500  5 22 23  15.3  995 200  1.9 8  9.7  87    0    0 355 -405  1
3823500 2818500  5 22 24  15.3  995 176  1.6 7  9.6  87    0    0 355 -403  1
3823500 2818500  5 23  1  15.3  995 178  1.2 8  9.6  87    0    0 356 -400  1
3823500 2818500  5 23  2  14.1  995 237  2.7 8  9.2  86    0    0 361 -398  1
3823500 2818500  5 23  3  14.0  996 194  1.2 8  8.8  86    0    0 359 -395  1
3823500 2818500  5 23  4  14.4  996 211  1.2 8  8.7  85    0    0 359 -394  1
3823500 2818500  5 23  5  13.9  996 230  2.5 7  8.5  82    0    4 354 -393  1
3823500 2818500  5 23  6  13.7  997 225  1.6 7  8.3  83   11   49 345 -391  1
3823500 2818500  5 23  7  14.3  997 234  1.3 6  8.4  82   16  107 339 -392  1
3823500 2818500  5 23  8  14.4  998 251  2.4 5  8.3  80   63  193 328 -397  1
3823500 2818500  5 23  9  15.2  998 240  1.3 6  8.2  77   52  259 329 -405  1
3823500 2818500  5 23 10  16.0  998 262  1.4 7  8.3  74   23  286 343 -416  1
3823500 2818500  5 23 11  15.6  999 233  1.5 7  8.2  72    0  176 349 -428  1
3823500 2818500  5 23 12  15.0  999 214  1.5 6  8.3  75    0  187 342 -438  1
3823500 2818500  5 23 13  15.2  999 203  1.6 7  8.5  78    0  209 342 -447  1
3823500 2818500  5 23 14  15.5 1000 205  2.2 7  8.5  77    5  272 349 -451  1
3823500 2818500  5 23 15  16.3 1000 243  1.8 7  8.3  73   19  291 351 -454  1
3823500 2818500  5 23 16  17.3 1000 227  1.9 6  8.2  68  100  300 346 -454  1
3823500 2818500  5 23 17  18.6 1000 246  1.7 6  8.1  62   92  239 344 -449  1
3823500 2818500  5 23 18  18.7  999 229  1.3 4  7.8  57  121  159 335 -442  1
3823500 2818500  5 23 19  17.3  999 229  1.1 6  7.4  56   15   90 334 -433  1
3823500 2818500  5 23 20  16.1 1000 221  1.2 7  7.4  62    0   20 346 -424  1
3823500 2818500  5 23 21  15.6 1000 229  0.9 7  7.7  68    0    5 349 -414  1
3823500 2818500  5 23 22  15.6 1000 258  0.8 6  7.8  69    0    0 344 -406  1
3823500 2818500  5 23 23  14.0 1001 277  1.3 6  7.9  74    0    0 337 -400  1
3823500 2818500  5 23 24  12.5 1001 268  0.8 7  7.7  80    0    0 334 -394  1
3823500 2818500  5 24  1  12.4 1001 281  0.8 6  7.6  83    0    0 330 -389  1
3823500 2818500  5 24  2  11.6 1001 330  0.1 5  7.8  88    0    0 320 -385  1
3823500 2818500  5 24  3  10.8 1001 274  0.6 5  7.7  91    0    0 314 -381  1
3823500 2818500  5 24  4  10.0 1001 261  0.3 5  7.4  93    0    0 312 -377  1
3823500 2818500  5 24  5   8.9 1001 183  0.3 5  7.0  93    0    6 310 -373  1
3823500 2818500  5 24  6  10.0 1001 168  0.4 5  7.0  94   15   51 309 -372  1
3823500 2818500  5 24  7  12.2 1001 177  0.8 4  8.0  96   36  117 310 -377  1
3823500 2818500  5 24  8  15.7 1001 154  1.5 2  9.0  89  205  159 305 -388  1
3823500 2818500  5 24  9  17.4 1001 179  2.2 2  8.9  74  325  192 303 -402  1
3823500 2818500  5 24 10  18.6 1001 185  3.7 5  8.2  62  300  278 318 -417  1
3823500 2818500  5 24 11  18.9 1000 200  4.8 6  7.4  54  284  338 338 -429  1
3823500 2818500  5 24 12  19.3 1000 208  4.9 6  6.9  49  191  388 346 -437  1
3823500 2818500  5 24 13  19.0  999 196  4.9 7  6.7  48   69  376 354 -438  1
3823500 2818500  5 24 14  19.0  999 213  4.8 7  6.7  48   56  356 360 -433  1
3823500 2818500  5 24 15  17.8  999 216  4.3 7  6.5  48   20  288 358 -426  1
3823500 2818500  5 24 16  17.7  999 235  5.3 7  6.3  49    7  229 354 -422  1
3823500 2818500  5 24 17  15.5  999 241  4.9 7  6.8  57    3  175 353 -418  1
3823500 2818500  5 24 18  14.5  999 221  3.8 7  7.6  70    0  107 352 -414  1
3823500 2818500  5 24 19  14.0  999 237  3.1 8  7.9  76    0   29 355 -413  1
3823500 2818500  5 24 20  14.1  999 210  3.4 8  7.8  77    0   10 359 -409  1
3823500 2818500  5 24 21  13.9  999 190  3.4 7  7.8  77    0    1 353 -403  1
3823500 2818500  5 24 22  12.8  999 198  3.4 6  8.0  83    0    0 342 -398  1
3823500 2818500  5 24 23  12.3 1000 197  2.6 6  8.4  91    0    0 336 -394  1
3823500 2818500  5 24 24  12.4 1000 207  3.1 6  7.9  87    0    0 333 -391  1
3823500 2818500  5 25  1  10.9 1000 205  2.5 2  7.3  84    0    0 307 -389  1
3823500 2818500  5 25  2  10.1 1000 211  2.8 1  6.8  85    0    0 277 -386  1
3823500 2818500  5 25  3   9.9 1001 211  1.9 4  6.4  83    0    0 283 -384  1
3823500 2818500  5 25  4  10.0 1000 206  1.0 4  6.3  82    0    0 298 -381  1
3823500 2818500  5 25  5   9.9 1001 195  0.6 5  6.4  83    0    1 304 -376  1
3823500 2818500  5 25  6  10.8 1000 203  1.8 6  6.6  83    0   22 315 -374  1
3823500 2818500  5 25  7  11.5 1001 210  2.4 6  6.8  81   16  114 320 -375  1
3823500 2818500  5 25  8  12.2 1001 210  2.1 6  6.7  76    4  147 320 -381  1
3823500 2818500  5 25  9  12.5 1001 219  2.4 7  6.6  73    3  190 326 -391  1
3823500 2818500  5 25 10  12.4 1002 234  3.4 7  6.6  73    1  217 331 -401  1
3823500 2818500  5 25 11  11.4 1002 238  3.3 8  6.7  76    0  156 334 -410  1
3823500 2818500  5 25 12  10.7 1003 253  2.4 7  6.7  80    1  247 328 -418  1
3823500 2818500  5 25 13  14.3 1003 207  2.9 5  6.8  74  241  430 318 -424  1
3823500 2818500  5 25 14  15.3 1003 211  3.5 5  6.6  62  352  380 320 -429  1
3823500 2818500  5 25 15  16.2 1003 248  3.4 5  6.1  54  335  341 322 -433  1
3823500 2818500  5 25 16  15.9 1003 232  3.3 5  5.7  49  232  311 319 -432  1
3823500 2818500  5 25 17  16.2 1003 244  2.4 6  5.6  49   38  235 320 -425  1
3823500 2818500  5 25 18  15.7 1004 244  2.7 5  6.0  53   28  166 319 -419  1
3823500 2818500  5 25 19  14.9 1004 225  2.6 5  6.2  57   42  105 312 -415  1
3823500 2818500  5 25 20  14.1 1004 201  1.4 6  6.1  59    1   30 312 -409  1
3823500 2818500  5 25 21  12.4 1004 179  1.4 4  5.9  62    0    3 306 -400  1
3823500 2818500  5 25 22  10.4 1005 138  0.7 2  5.9  69    0    0 285 -392  1
3823500 2818500  5 25 23   9.3 1005  27  0.4 3  5.9  77    0    0 276 -386  1
3823500 2818500  5 25 24   9.4 1005 112  1.3 3  6.0  81    0    0 278 -379  1
3823500 2818500  5 26  1   8.8 1005 135  1.6 2  6.1  84    0    0 273 -373  1
3823500 2818500  5 26  2   9.1 1004 151  1.3 2  6.1  85    0    0 270 -372  1
3823500 2818500  5 26  3   9.1 1004 146  1.0 1  6.1  84    0    0 266 -371  1
3823500 2818500  5 26  4   9.2 1003 152  1.0 2  6.1  83    0    0 266 -370  1
3823500 2818500  5 26  5   9.0 1003 118  0.6 1  6.1  84    0    6 265 -368  1
3823500 2818500  5 26  6  10.4 1002 146  1.1 2  6.3  83   57   43 265 -369  1
3823500 2818500  5 26  7  12.1 1002 165  1.5 3  6.7  80  127   83 278 -374  1
3823500 2818500  5 26  8  14.6 1002 147  2.7 5  7.1  73  241  111 299 -384  1
3823500 2818500  5 26  9  16.5 1001 151  3.7 5  7.2  65  396  109 317 -396  1
3823500 2818500  5 26 10  16.9 1001 164  4.3 6  7.2  60  224  262 328 -408  1
3823500 2818500  5 26 11  16.5 1000 169  3.4 8  6.8  57   59  319 343 -418  1
3823500 2818500  5 26 12  16.1 1000 160  2.7 8  6.6  56    6  265 351 -425  1
3823500 2818500  5 26 13  16.4  999 221  3.9 5  6.6  56   26  307 340 -427  1
3823500 2818500  5 26 14  16.5  999 188  2.9 6  6.7  57   34  305 336 -424  1
3823500 2818500  5 26 15  14.9  998 197  3.8 7  7.1  63    0  180 341 -420  1
3823500 2818500  5 26 16  14.5  998 165  2.0 7  7.5  70    5  207 340 -421  1
3823500 2818500  5 26 17  14.6  998 218  3.1 6  7.7  73   10  181 336 -424  1
3823500 2818500  5 26 18  15.2  998 166  0.9 5  7.8  72  185  109 330 -422  1
3823500 2818500  5 26 19  15.0  997 121  1.6 4  7.6  70  192   59 322 -412  1
3823500 2818500  5 26 20  13.9  997 128  0.2 6  7.6  73   54   44 323 -404  1
3823500 2818500  5 26 21  11.9  997 218  2.3 5  7.6  80    2    6 321 -396  1
3823500 2818500  5 26 22  11.2  998 123  1.2 3  7.4  86    0    0 303 -390  1
3823500 2818500  5 26 23   9.9  998 130  0.4 2  7.2  89    0    0 283 -387  1
3823500 2818500  5 26 24   9.5  998 149  1.0 1  6.9  90    0    0 270 -383  1
3823500 2818500  5 27  1   9.5  998 177  1.2 2  6.7  89    0    0 266 -381  1
3823500 2818500  5 27  2   9.1  998 167  0.8 2  6.6  89    0    0 266 -378  1
3823500 2818500  5 27  3   8.9  998 170  1.1 1  6.5  90    0    0 255 -376  1
3823500 2818500  5 27  4   8.8  998 166  1.5 1  6.4  89    0    0 249 -376  1
3823500 2818500  5 27  5   8.6  998 165  1.3 1  6.3  89    0    6 254 -376  1
3823500 2818500  5 27  6  10.5  998 174  1.9 1  6.7  88   37   59 260 -376  1
3823500 2818500  5 27  7  11.8  998 205  2.4 2  7.2  86  138  109 271 -381  1
3823500 2818500  5 27  8  13.5  999 224  2.9 3  7.6  82  178  178 288 -390  1
3823500 2818500  5 27  9  14.7  999 217  3.3 4  7.8  77  243  239 303 -401  1
3823500 2818500  5 27 10  15.7  999 174  2.8 4  7.8  71  489  196 312 -406  1
3823500 2818500  5 27 11  16.7  999 204  3.0 4  7.5  64  379  313 315 -413  1
3823500 2818500  5 27 12  17.6  999 214  3.2 5  7.0  57  321  371 327 -424  1
3823500 2818500  5 27 13  18.5  999 201  3.5 6  6.7  52   97  383 342 -430  1
3823500 2818500  5 27 14  18.4  999 189  2.5 5  6.6  49   67  358 343 -440  1
3823500 2818500  5 27 15  19.5  999 173  2.0 5  6.5  47  269  333 337 -446  1
3823500 2818500  5 27 16  19.4  999 154  1.3 5  6.3  44  165  297 339 -440  1
3823500 2818500  5 27 17  19.4  999 135  1.3 6  6.1  43   70  236 341 -428  1
3823500 2818500  5 27 18  19.2  999 150  1.1 6  6.0  42   42  165 343 -422  1
3823500 2818500  5 27 19  18.0  998 143  1.1 8  6.2  46    0   49 352 -420  1
3823500 2818500  5 27 20  17.0  999  97  1.0 7  6.4  51    0   15 354 -412  1
3823500 2818500  5 27 21  15.2  999 111  1.3 7  6.6  57    0    2 346 -402  1
3823500 2818500  5 27 22  14.7  999 129  1.3 7  7.0  65    0    0 344 -393  1
3823500 2818500  5 27 23  14.9 1000 166  1.3 7  7.2  67    0    0 345 -386  1
3823500 2818500  5 27 24  14.2 1000 219  0.8 7  7.3  70    0    0 345 -383  1
3823500 2818500  5 28  1  13.7 1000 166  1.3 7  7.4  74    0    0 342 -379  1
3823500 2818500  5 28  2  13.5 1000 174  1.1 7  7.5  76    0    0 341 -374  1
3823500 2818500  5 28  3  12.5 1000 197  0.8 7  7.4  78    0    0 338 -372  1
3823500 2818500  5 28  4  11.9 1000  58  1.1 7  7.4  83    0    0 335 -372  1
3823500 2818500  5 28  5  11.6 1000 146  0.4 7  7.6  88    0    0 334 -371  1
3823500 2818500  5 28  6  11.7 1000 201  0.7 8  7.8  90    1   43 338 -370  1
3823500 2818500  5 28  7  11.9 1000 181  1.1 6  8.1  92    0   76 333 -374  1
3823500 2818500  5 28  8  12.6 1000 174  0.6 8  8.4  93    0  117 333 -384  1
3823500 2818500  5 28  9  13.4 1000 155  0.4 7  8.6  91   20  258 341 -397  1
3823500 2818500  5 28 10  14.7 1001 208  0.6 7  8.7  86   17  297 339 -411  1
3823500 2818500  5 28 11  15.4 1001 196  1.0 7  8.6  80   36  360 339 -425  1
3823500 2818500  5 28 12  16.6 1001 185  1.2 6  8.5  74   72  413 334 -436  1
3823500 2818500  5 28 13  17.4 1001 183  1.0 5  8.4  68  184  476 331 -446  1
3823500 2818500  5 28 14  18.0 1001 174  1.5 5  8.0  63  322  439 331 -452  1
3823500 2818500  5 28 15  19.5 1001 104  1.1 5  7.6  56  176  416 334 -451  1
3823500 2818500  5 28 16  19.1 1000 126  2.3 5  7.4  52  171  358 336 -449  1
3823500 2818500  5 28 17  19.2 1000 139  1.7 5  7.2  51  143  285 335 -444  1
3823500 2818500  5 28 18  19.1 1000 166  1.8 5  7.0  50  107  204 333 -436  1
3823500 2818500  5 28 19  18.4 1000 159  1.7 5  7.0  51   59  123 331 -426  1
3823500 2818500  5 28 20  17.5 1000 146  1.1 4  7.2  55   16   50 325 -416  1
3823500 2818500  5 28 21  14.9 1000 162  1.3 4  7.2  62    1    7 315 -405  1
3823500 2818500  5 28 22  13.5 1001 245  1.2 5  7.6  74    0    0 314 -398  1
3823500 2818500  5 28 23  12.2 1001 141  1.5 5  7.9  84    0    0 316 -391  1
3823500 2818500  5 28 24  11.0 1002 183  1.6 4  7.3  84    0    0 308 -385  1
3823500 2818500  5 29  1  10.6 1002 170  1.7 3  7.0  85    0    0 297 -380  1
3823500 2818500  5 29  2  10.7 1002 190  2.5 3  7.1  88    0    0 293 -379  1
3823500 2818500  5 29  3  10.3 1002 197  2.6 3  7.0  87    0    0 292 -380  1
3823500 2818500  5 29  4  11.7 1002 214  2.1 5  7.0  85    0    0 305 -381  1
3823500 2818500  5 29  5  11.5 1002 212  1.6 7  7.4  86    0    0 327 -382  1
3823500 2818500  5 29  6  12.1 1002 223  2.0 6  7.7  88    0   30 332 -385  1
3823500 2818500  5 29  7  12.7 1003 243  2.6 4  8.0  88   29  112 319 -388  1
3823500 2818500  5 29  8  13.0 1003 234  2.9 7  7.3  78    8  155 323 -389  1
3823500 2818500  5 29  9  13.6 1004 256  4.0 7  6.8  70   82  258 338 -392  1
3823500 2818500  5 29 10  15.7 1004 236  3.6 5  6.8  65  223  294 330 -396  1
3823500 2818500  5 29 11  15.9 1005 247  3.8 4  6.4  57  377  289 315 -401  1
3823500 2818500  5 29 12  16.2 1005 255  4.6 5  5.9  52  248  367 314 -411  1
3823500 2818500  5 29 13  15.9 1005 251  4.6 4  5.6  49  153  376 316 -425  1
3823500 2818500  5 29 14  16.4 1006 245  4.4 5  5.6  48   45  330 319 -434  1
3823500 2818500  5 29 15  16.5 1006 257  4.8 5  5.6  48   97  324 327 -429  1
3823500 2818500  5 29 16  16.6 1007 235  4.4 5  5.6  48  182  277 327 -423  1
3823500 2818500  5 29 17  14.5 1007 247  3.9 7  5.8  52   11  192 330 -419  1
3823500 2818500  5 29 18  12.4 1008 222  3.5 7  6.3  65    0   80 331 -412  1
3823500 2818500  5 29 19  13.8 1008 225  2.9 5  6.8  72   20   92 324 -407  1
3823500 2818500  5 29 20  13.1 1009 206  1.4 6  6.7  69   36   41 320 -402  1
3823500 2818500  5 29 21  11.3 1009 198  1.0 5  6.4  72    0    1 315 -396  1
3823500 2818500  5 29 22  10.2 1010 195  1.2 2  6.3  78    0    0 294 -388  1
3823500 2818500  5 29 23  10.1 1011 208  1.5 2  6.3  82    0    0 281 -379  1
3823500 2818500  5 29 24  10.3 1011 209  1.6 3  6.4  82    0    0 283 -372  1
3823500 2818500  5 30  1   9.2 1011 198  1.2 4  6.4  85    0    0 288 -368  1
3823500 2818500  5 30  2   8.7 1012 222  1.8 2  6.3  88    0    0 280 -365  1
3823500 2818500  5 30  3   8.2 1012 201  2.1 2  6.1  89    0    0 269 -363  1
3823500 2818500  5 30  4   8.2 1013 205  1.4 2  6.1  90    0    0 268 -361  1
3823500 2818500  5 30  5   8.3 1013 206  1.6 1  6.1  90    0    5 264 -359  1
3823500 2818500  5 30  6   9.5 1013 210  1.9 1  6.4  90   31   46 260 -359  1
3823500 2818500  5 30  7  11.0 1013 221  2.6 3  6.8  87   96   94 269 -364  1
3823500 2818500  5 30  8  12.2 1014 224  2.8 4  6.9  82  210  128 283 -375  1
3823500 2818500  5 30  9  12.8 1014 219  3.1 5  7.1  79  207  206 293 -389  1
3823500 2818500  5 30 10  14.2 1014 220  3.7 6  7.3  75  277  241 305 -404  1
3823500 2818500  5 30 11  15.6 1014 220  3.7 5  7.4  70  419  227 312 -417  1
3823500 2818500  5 30 12  15.9 1014 244  3.0 5  7.2  65  360  288 315 -426  1
3823500 2818500  5 30 13  16.5 1014 230  2.9 5  6.9  60  422  263 320 -431  1
3823500 2818500  5 30 14  18.0 1014 227  3.2 4  6.7  54  555  170 322 -427  1
3823500 2818500  5 30 15  18.6 1014 241  3.3 4  6.4  49  313  255 321 -420  1
3823500 2818500  5 30 16  18.3 1014 266  3.0 4  5.9  44  236  230 322 -422  1
3823500 2818500  5 30 17  17.2 1014 246  1.6 7  5.8  46   11  186 328 -421  1
3823500 2818500  5 30 18  17.6 1014 290  3.3 6  6.0  49   52  149 334 -416  1
3823500 2818500  5 30 19  17.6 1014 246  1.3 5  6.1  49   75   78 328 -412  1
3823500 2818500  5 30 20  15.6 1014 250  0.8 4  6.2  52   46   33 320 -406  1
3823500 2818500  5 30 21  14.0 1014 215  0.2 5  6.3  60    3    7 314 -402  1
3823500 2818500  5 30 22  13.1 1014 357  0.1 6  6.5  68    0    0 318 -398  1
3823500 2818500  5 30 23  12.4 1015 314  0.1 6  6.7  73    0    0 320 -393  1
3823500 2818500  5 30 24  11.9 1015 233  0.1 6  6.9  78    0    0 320 -389  1
3823500 2818500  5 31  1  11.2 1015 190  0.1 6  6.9  82    0    0 319 -384  1
3823500 2818500  5 31  2  10.5 1015 182  0.1 5  6.8  84    0    0 314 -381  1
3823500 2818500  5 31  3   9.6 1015 190  0.3 4  6.6  86    0    0 303 -378  1
3823500 2818500  5 31  4   9.6 1015 182  0.1 4  6.6  88    0    0 298 -375  1
3823500 2818500  5 31  5   9.1 1015 189  0.1 5  6.7  91    0    6 302 -374  1
3823500 2818500  5 31  6  10.3 1015 220  0.1 4  6.9  92   11   51 304 -374  1
3823500 2818500  5 31  7  12.4 1015 222  1.5 4  7.2  86   87  122 305 -377  1
3823500 2818500  5 31  8  13.7 1015 231  2.7 3  7.1  76  241  156 306 -384  1
3823500 2818500  5 31  9  15.4 1015 234  4.3 3  7.2  70  430  158 309 -394  1
3823500 2818500  5 31 10  16.0 1015 250  4.4 4  7.4  66  275  303 319 -407  1
3823500 2818500  5 31 11  16.9 1015 253  4.7 4  7.3  62  347  333 325 -419  1
3823500 2818500  5 31 12  16.9 1015 265  5.8 4  7.0  58  181  402 324 -429  1
3823500 2818500  5 31 13  17.5 1015 264  5.2 4  6.7  55  220  405 322 -435  1
3823500 2818500  5 31 14  17.7 1015 277  3.9 4  6.5  52  205  389 320 -440  1
3823500 2818500  5 31 15  18.7 1015 265  5.5 4  6.2  48  237  347 320 -441  1
3823500 2818500  5 31 16  18.9 1015 305  3.8 3  5.9  43  256  283 318 -439  1
3823500 2818500  5 31 17  18.9 1015 313  4.7 2  5.7  42  273  198 311 -433  1
3823500 2818500  5 31 18  18.1 1015 329  4.2 1  5.7  43  238  129 302 -425  1
3823500 2818500  5 31 19  17.5 1016 303  3.0 1  5.8  46  137   91 296 -414  1
3823500 2818500  5 31 20  15.5 1016 298  2.9 1  5.7  49   49   54 290 -403  1
3823500 2818500  5 31 21  13.5 1017 301  1.7 1  5.5  54    0    0 282 -393  1
3823500 2818500  5 31 22  12.0 1017 304  0.8 2  5.5  60    0    0 278 -383  1
3823500 2818500  5 31 23  10.5 1018 284  0.7 2  5.4  66    0    0 277 -376  1
3823500 2818500  5 31 24   8.9 1018 304  0.9 2  5.3  71    0    0 271 -371  1
3823500 2818500  6  1  1   7.3 1019 292  0.1 0  5.1  81    0    0 249 -364  1
3823500 2818500  6  1  2   6.3 1019 314  0.0 1  5.0  82    0    0 249 -361  1
3823500 2818500  6  1  3   5.6 1019 340  0.0 1  4.9  84    0    0 248 -356  1
3823500 2818500  6  1  4   5.4 1019 329  0.0 1  4.8  86    0    0 246 -351  1
3823500 2818500  6  1  5   5.2 1019 344  0.2 2  4.8  87    0    6 248 -348  1
3823500 2818500  6  1  6   7.0 1019  51  0.0 2  5.1  87   32   59 252 -349  1
3823500 2818500  6  1  7  10.8 1019  33  0.5 3  6.2  88  117  112 263 -358  1
3823500 2818500  6  1  8  13.0 1019  55  1.5 3  7.2  84  237  149 277 -375  1
3823500 2818500  6  1  9  13.7 1019  47  1.6 4  6.6  69  230  237 286 -396  1
3823500 2818500  6  1 10  14.2 1019  60  1.5 4  5.8  59  315  273 294 -417  1
3823500 2818500  6  1 11  15.8 1019  14  1.9 3  6.0  57  484  244 296 -436  1
3823500 2818500  6  1 12  16.3 1019  32  2.2 2  6.0  53  546  243 296 -451  1
3823500 2818500  6  1 13  16.4 1018  72  2.2 2  5.7  49  650  190 295 -460  1
3823500 2818500  6  1 14  17.4 1018  81  2.2 2  5.7  48  716  130 298 -465  1
3823500 2818500  6  1 15  18.0 1018  40  2.5 1  5.8  46  703   92 299 -465  1
3823500 2818500  6  1 16  18.4 1017  28  2.9 1  5.8  45  631   72 298 -461  1
3823500 2818500  6  1 17  18.6 1017  41  2.3 1  5.8  44  507   64 299 -452  1
3823500 2818500  6  1 18  18.3 1016  40  2.1 1  5.8  44  330   75 298 -442  1
3823500 2818500  6  1 19  17.8 1016  48  2.6 1  5.9  46  178   68 297 -432  1
3823500 2818500  6  1 20  16.3 1016  73  1.6 2  6.0  50   53   45 300 -420  1
3823500 2818500  6  1 21  14.0 1016  78  1.0 1  5.9  56    2    8 293 -409  1
3823500 2818500  6  1 22  11.4 1016  62  0.5 1  5.8  64    0    0 280 -401  1
3823500 2818500  6  1 23   9.8 1016  68  0.5 1  5.8  73    0    0 272 -394  1
3823500 2818500  6  1 24  10.4 1016  61  0.6 1  6.1  79    0    0 271 -388  1
3823500 2818500  6  2  1  10.0 1016  77  0.6 0  6.1  79    0    0 266 -384  1
3823500 2818500  6  2  2   9.8 1016  81  0.9 0  6.1  80    0    0 260 -380  1
3823500 2818500  6  2  3   9.2 1015  77  0.8 0  6.1  82    0    0 258 -377  1
3823500 2818500  6  2  4   8.5 1015  77  0.8 1  6.0  85    0    0 258 -374  1
3823500 2818500  6  2  5   7.9 1015  82  0.9 3  6.0  88    0    7 267 -372  1
3823500 2818500  6  2  6  10.2 1015  86  1.2 4  6.5  91   38   54 281 -371  1
3823500 2818500  6  2  7  13.3 1015 114  1.6 3  7.2  83  124  100 287 -377  1
3823500 2818500  6  2  8  15.7 1015 125  1.8 2  7.1  69  259  123 284 -389  1
3823500 2818500  6  2  9  17.3 1015 127  3.0 1  6.8  58  394  135 280 -407  1
3823500 2818500  6  2 10  18.3 1015 118  2.9 2  6.5  51  505  146 284 -425  1
3823500 2818500  6  2 11  19.6 1014 112  3.1 2  6.3  46  592  152 295 -443  1
3823500 2818500  6  2 12  20.2 1014  95  3.0 3  6.3  44  674  135 306 -459  1
3823500 2818500  6  2 13  21.3 1013 110  2.9 4  6.2  40  692  132 318 -471  1
3823500 2818500  6  2 14  21.8 1013 107  2.7 5  5.9  37  619  159 328 -476  1
3823500 2818500  6  2 15  22.7 1012 109  2.7 4  5.8  35  563  149 330 -478  1
3823500 2818500  6  2 16  22.9 1011 108  2.3 4  6.0  35  527  105 331 -477  1
3823500 2818500  6  2 17  22.7 1011 111  2.7 5  6.3  36  409   94 334 -472  1
3823500 2818500  6  2 18  22.1 1010 111  2.4 6  6.3  37  162  140 337 -462  1
3823500 2818500  6  2 19  21.5 1009  94  1.8 5  6.4  39   78   93 336 -452  1
3823500 2818500  6  2 20  20.3 1009 102  1.5 7  6.7  43   29   42 336 -441  1
3823500 2818500  6  2 21  18.5 1009 102  0.5 7  7.0  50    0    7 339 -431  1
3823500 2818500  6  2 22  17.6 1009 110  0.2 6  7.2  56    0    0 334 -423  1
3823500 2818500  6  2 23  16.8 1009 118  0.3 5  7.1  58    0    0 326 -417  1
3823500 2818500  6  2 24  16.5 1009 123  0.7 6  6.9  58    0    0 324 -412  1
3823500 2818500  6  3  1  16.2 1008 122  1.1 6  6.8  58    0    0 327 -407  1
3823500 2818500  6  3  2  15.5 1008 130  0.9 6  6.7  59    0    0 326 -404  1
3823500 2818500  6  3  3  15.3 1008 120  1.1 7  6.6  60    0    0 329 -402  1
3823500 2818500  6  3  4  14.6 1007 109  1.5 8  6.5  61    0    0 333 -401  1
3823500 2818500  6  3  5  14.5 1006 115  1.7 8  6.5  63    0    0 335 -398  1
3823500 2818500  6  3  6  15.6 1006 132  2.2 7  6.6  61    0    9 336 -397  1
3823500 2818500  6  3  7  16.4 1005 137  3.2 7  6.9  61   15  119 336 -402  1
3823500 2818500  6  3  8  17.9 1005 118  3.6 4  7.2  58  181  196 337 -411  1
3823500 2818500  6  3  9  19.4 1005  34  4.4 6  7.2  53   93  290 343 -422  1
3823500 2818500  6  3 10  19.9 1004 114  4.7 6  7.1  49  205  343 351 -431  1
3823500 2818500  6  3 11  22.1 1004 137  5.0 5  7.1  45  500  277 359 -441  1
3823500 2818500  6  3 12  23.5 1004 142  4.4 6  7.0  40  535  295 366 -452  1
3823500 2818500  6  3 13  24.7 1003 132  3.8 6  6.8  36  576  282 371 -458  1
3823500 2818500  6  3 14  25.4 1003 147  4.2 6  6.7  33  466  320 374 -457  1
3823500 2818500  6  3 15  24.8 1002 145  3.5 6  6.7  33  210  374 374 -455  1
3823500 2818500  6  3 16  25.5 1001 139  2.9 6  7.0  35  145  325 373 -458  1
3823500 2818500  6  3 17  24.5 1001 155  2.8 7  7.3  36   50  246 373 -459  1
3823500 2818500  6  3 18  23.6 1001 241  2.5 8  7.5  40    0   83 373 -455  1
3823500 2818500  6  3 19  22.2 1000 187  2.8 8  8.0  45    0   34 372 -449  1
3823500 2818500  6  3 20  19.6 1000 225  0.8 8  8.4  54    0   24 368 -440  1
3823500 2818500  6  3 21  18.6  999 155  0.3 8  8.6  62    0    1 365 -432  1
3823500 2818500  6  3 22  17.8  999 161  1.0 7  8.8  66    0    0 361 -424  1
3823500 2818500  6  3 23  17.2 1000 228  2.6 6  8.9  70    0    0 355 -418  1
3823500 2818500  6  3 24  15.0 1000 245  0.8 6  8.8  76    0    0 348 -417  1
3823500 2818500  6  4  1  14.5 1000  68  0.7 4  8.7  82    0    0 339 -415  1
3823500 2818500  6  4  2  14.1  999 217  0.7 5  8.7  84    0    0 335 -413  1
3823500 2818500  6  4  3  14.7 1000 179  1.9 6  9.0  86    0    0 341 -411  1
3823500 2818500  6  4  4  15.3  999 201  1.0 7  9.5  88    0    0 351 -407  1
3823500 2818500  6  4  5  15.3 1000 197  1.2 8  9.7  88    0    1 360 -403  1
3823500 2818500  6  4  6  15.9 1000 209  1.5 7  9.9  88    0   12 362 -402  1
3823500 2818500  6  4  7  16.1 1000 250  2.2 6  9.5  82   21  127 352 -403  1
3823500 2818500  6  4  8  17.3 1000 243  2.4 6  8.8  73   47  214 348 -409  1
3823500 2818500  6  4  9  18.1 1001 214  2.2 7  8.7  67   83  299 356 -418  1
3823500 2818500  6  4 10  19.5 1001 207  2.3 6  8.8  64  245  349 361 -428  1
3823500 2818500  6  4 11  20.8 1002 188  2.0 5  8.7  58  459  320 356 -437  1
3823500 2818500  6  4 12  22.2 1001 167  1.9 5  8.7  54  519  327 359 -445  1
3823500 2818500  6  4 13  22.9 1001 143  2.8 5  8.6  50  592  300 365 -449  1
3823500 2818500  6  4 14  24.0 1000 105  2.1 5  8.1  44  598  279 369 -462  1
3823500 2818500  6  4 15  24.6 1000 223  2.7 4  8.1  42  517  273 368 -474  1
3823500 2818500  6  4 16  25.2  999 203  2.0 3  8.6  43  445  239 363 -473  1
3823500 2818500  6  4 17  25.3  999 216  1.8 3  9.4  46  286  227 359 -472  1
3823500 2818500  6  4 18  25.5  999 109  1.2 2 10.2  49  182  175 356 -466  1
3823500 2818500  6  4 19  24.7  998 116  1.2 2 10.4  51  105  115 353 -455  1
3823500 2818500  6  4 20  23.1  997  53  1.6 3 10.6  56   33   56 355 -445  1
3823500 2818500  6  4 21  21.3  997  75  0.1 5 10.8  64    0    9 365 -438  1
3823500 2818500  6  4 22  20.0  997  86  0.1 3 10.4  67    0    0 361 -431  1
3823500 2818500  6  4 23  19.2  997  97  0.1 3  9.8  67    0    0 351 -426  1
3823500 2818500  6  4 24  19.3  997 122  0.7 6  9.6  68    0    0 356 -422  1
3823500 2818500  6  5  1  18.7  996  82  0.6 5  9.7  69    0    0 358 -420  1
3823500 2818500  6  5  2  17.7  996  91  0.2 5  9.8  74    0    0 349 -418  1
3823500 2818500  6  5  3  17.1  994 142  1.1 5  9.9  78    0    0 345 -417  1
3823500 2818500  6  5  4  18.5  994 103  3.1 6  9.9  76    0    0 351 -415  1
3823500 2818500  6  5  5  18.0  994  64  2.1 6  9.9  74    0   13 357 -413  1
3823500 2818500  6  5  6  18.5  993  63  1.7 6  9.9  74   11   59 356 -412  1
3823500 2818500  6  5  7  19.6  993 106  1.7 6 10.1  72   53  136 358 -415  1
3823500 2818500  6  5  8  20.8  992  84  1.8 7 10.2  67   21  191 366 -418  1
3823500 2818500  6  5  9  21.9  992  88  2.7 6  9.9  61   26  258 369 -420  1
3823500 2818500  6  5 10  22.9  991  84  3.2 6  9.7  56   56  336 368 -424  1
3823500 2818500  6  5 11  23.9  990  96  4.2 6  9.6  52  132  396 371 -428  1
3823500 2818500  6  5 12  24.5  990  91  3.6 7  9.3  48   51  379 380 -434  1
3823500 2818500  6  5 13  24.8  990 123  2.2 7  9.3  47   62  389 386 -445  1
3823500 2818500  6  5 14  25.8  990 119  2.7 7  9.8  47  175  410 390 -456  1
3823500 2818500  6  5 15  25.5  990 108  2.5 7 10.0  47   42  330 393 -459  1
3823500 2818500  6  5 16  25.2  990 124  2.1 7 10.0  48   11  244 392 -449  1
3823500 2818500  6  5 17  24.8  990 123  1.7 7 10.3  51    0  138 391 -429  1
3823500 2818500  6  5 18  24.1  990 116  1.2 8 10.6  54    0   82 395 -413  1
3823500 2818500  6  5 19  23.6  991 108  1.9 8 10.6  56    0   31 399 -407  1
3823500 2818500  6  5 20  20.5  991 206  2.9 8 11.1  65    0   14 393 -404  1
3823500 2818500  6  5 21  16.8  992 170  0.3 8 11.4  83    0    3 383 -401  1
3823500 2818500  6  5 22  16.5  992 133  1.5 7 11.4  94    0    0 369 -398  1
3823500 2818500  6  5 23  16.1  992  90  0.9 7 11.5  97    0    0 362 -395  1
3823500 2818500  6  5 24  16.0  992 137  2.0 8 11.3  97    0    0 366 -391  1
3823500 2818500  6  6  1  15.6  992 154  1.0 7 11.1  96    0    0 365 -386  1
3823500 2818500  6  6  2  15.2  992 140  1.2 7 10.9  97    0    0 356 -382  1
3823500 2818500  6  6  3  15.3  992 131  1.3 7 10.8  97    0    0 356 -379  1
3823500 2818500  6  6  4  15.3  992 146  0.7 7 10.8  97    0    0 355 -376  1
3823500 2818500  6  6  5  15.0  993 178  0.9 7 10.7  97    0    8 353 -376  1
3823500 2818500  6  6  6  14.9  993 160  0.9 7 10.5  96    0   31 352 -378  1
3823500 2818500  6  6  7  14.9  993 166  0.8 8 10.4  96    0   29 357 -383  1
3823500 2818500  6  6  8  14.8  994 110  1.2 8 10.6  98    0   72 363 -391  1
3823500 2818500  6  6  9  15.2  994 149  1.4 7 10.6  97    0  180 360 -398  1
3823500 2818500  6  6 10  16.4  994 143  1.1 7 10.6  92    5  271 358 -402  1
3823500 2818500  6  6 11  16.8  995 171  1.4 7 10.4  86    4  289 361 -404  1
3823500 2818500  6  6 12  17.5  995 152  1.2 7 10.3  82    6  313 364 -404  1
3823500 2818500  6  6 13  18.5  995  91  1.0 7 10.2  78    7  327 368 -403  1
3823500 2818500  6  6 14  18.6  996  71  0.5 7 10.2  75    0  236 370 -401  1
3823500 2818500  6  6 15  20.2  996  67  0.7 8 10.2  71    7  289 378 -402  1
3823500 2818500  6  6 16  21.2  996  18  1.3 6 10.3  66   87  383 379 -403  1
3823500 2818500  6  6 17  20.9  996  46  1.2 6 10.2  64   79  310 370 -402  1
3823500 2818500  6  6 18  20.5  995  13  1.8 6 10.0  64   31  205 368 -402  1
3823500 2818500  6  6 19  20.3  995  34  1.3 6 10.2  67   17  124 366 -402  1
3823500 2818500  6  6 20  18.3  995  16  1.3 8 10.9  76    4   48 375 -401  1
3823500 2818500  6  6 21  17.4  995  21  0.9 8 11.3  86    0    3 383 -398  1
3823500 2818500  6  6 22  16.7  994  23  1.6 7 11.3  91    0    0 375 -394  1
3823500 2818500  6  6 23  16.2  994 342  1.3 6 11.1  93    0    0 361 -391  1
3823500 2818500  6  6 24  15.8  994 312  1.0 7 10.7  92    0    0 360 -389  1
3823500 2818500  6  7  1  15.6  994 332  1.6 6 10.8  94    0    0 360 -388  1
3823500 2818500  6  7  2  15.5  993 322  1.2 7 10.9  96    0    0 361 -388  1
3823500 2818500  6  7  3  15.2  992  33  0.6 7 10.8  96    0    0 366 -387  1
3823500 2818500  6  7  4  15.2  992  56  1.3 7 10.7  97    0    0 364 -387  1
3823500 2818500  6  7  5  15.3  992 239  0.7 7 10.8  97    0    7 364 -388  1
3823500 2818500  6  7  6  15.6  992 288  0.4 8 11.0  98    1   42 371 -388  1
3823500 2818500  6  7  7  15.7  992 297  0.4 5 11.2  98    6  116 359 -388  1
3823500 2818500  6  7  8  16.5  993  24  0.1 6 11.4  98    0  128 346 -388  1
3823500 2818500  6  7  9  16.0  993 108  0.2 7 11.3  96    0  129 358 -391  1
3823500 2818500  6  7 10  16.2  993 255  1.1 7 11.1  95    0  172 362 -395  1
3823500 2818500  6  7 11  16.0  993 266  3.0 6 11.0  94    4  288 354 -393  1
3823500 2818500  6  7 12  16.5  994 268  2.4 6 10.6  90    2  280 345 -393  1
3823500 2818500  6  7 13  16.1  994 278  3.4 7 10.4  88    0  217 351 -406  1
3823500 2818500  6  7 14  16.6  995 288  2.4 7 10.5  88    0  226 358 -418  1
3823500 2818500  6  7 15  17.6  995 294  2.6 7 10.7  86    1  244 361 -415  1
3823500 2818500  6  7 16  17.9  995 299  2.7 7 10.5  81    3  233 363 -410  1
3823500 2818500  6  7 17  17.6  995 330  2.2 8 10.5  81    0  125 370 -406  1
3823500 2818500  6  7 18  17.3  996 324  2.2 7 10.6  83    0   97 369 -402  1
3823500 2818500  6  7 19  16.9  996 327  1.5 7 10.4  84    0   58 361 -400  1
3823500 2818500  6  7 20  16.5  997 305  1.2 8 10.3  85    0   22 367 -397  1
3823500 2818500  6  7 21  16.1  997 294  1.1 8 10.2  87    0    2 373 -393  1
3823500 2818500  6  7 22  15.6  998 283  1.2 7 10.1  88    0    0 364 -390  1
3823500 2818500  6  7 23  15.5  998 251  1.4 7 10.2  90    0    0 356 -388  1
3823500 2818500  6  7 24  15.7  999 214  1.5 7 10.4  90    0    0 354 -386  1
3823500 2818500  6  8  1  16.2 1003 181  1.6 7 10.7  90    0    0 372 -418  1
3823500 2818500  6  8  2  16.6 1003 166  1.3 7 10.9  91    0    0 369 -413  1
3823500 2818500  6  8  3  16.8 1003 168  1.1 7 11.1  91    0    0 369 -409  1
3823500 2818500  6  8  4  16.7 1003 161  1.0 7 11.2  92    0    0 371 -407  1
3823500 2818500  6  8  5  17.1 1003 130  1.3 8 11.3  93    0    3 374 -405  1
3823500 2818500  6  8  6  16.9 1003   7  1.3 8 11.4  95    0   19 380 -405  1
3823500 2818500  6  8  7  18.7 1003  84  1.4 7 12.0  93    3   87 379 -411  1
3823500 2818500  6  8  8  20.0 1003 106  1.5 7 12.1  85   13  153 379 -422  1
3823500 2818500  6  8  9  20.5 1004 168  1.7 7 11.6  77    1  167 382 -437  1
3823500 2818500  6  8 10  20.7 1005 225  0.8 7 10.9  71    0  184 384 -449  1
3823500 2818500  6  8 11  18.6 1004 285  1.8 7 10.5  73    0  161 383 -457  1
3823500 2818500  6  8 12  17.7 1004 282  2.6 7 10.7  81    0  179 377 -463  1
3823500 2818500  6  8 13  18.0 1005 294  2.1 7 10.9  84    0  206 372 -469  1
3823500 2818500  6  8 14  17.6 1005 196  0.6 8 11.1  86    0  197 371 -474  1
3823500 2818500  6  8 15  16.6 1006 196  1.7 7 10.8  87    0  189 364 -477  1
3823500 2818500  6  8 16  17.3 1006 139  0.1 7 10.6  87   16  210 358 -478  1
3823500 2818500  6  8 17  17.3 1006 226  1.4 6 10.7  86   70  196 354 -473  1
3823500 2818500  6  8 18  17.8 1006 327  1.9 5 10.7  84  163   92 349 -464  1
3823500 2818500  6  8 19  18.4 1006 339  1.3 4 10.7  81  188   47 344 -454  1
3823500 2818500  6  8 20  15.8 1007 255  0.8 5  9.9  81   14   37 340 -437  1
3823500 2818500  6  8 21  16.3 1008 193  1.2 7  9.8  85    0    5 346 -423  1
3823500 2818500  6  8 22  15.7 1009 224  1.2 7 10.2  89    0    0 354 -417  1
3823500 2818500  6  8 23  14.8 1009 224  2.4 7 10.1  92    0    0 351 -409  1
3823500 2818500  6  8 24  14.1 1009 228  1.3 8  9.4  91    0    0 351 -405  1
3823500 2818500  6  9  1  13.9 1009 223  2.7 7  8.8  88    0    0 350 -405  1
3823500 2818500  6  9  2  13.3 1010 224  3.2 3  8.6  88    0    0 331 -403  1
3823500 2818500  6  9  3  12.5 1010 210  2.5 1  8.5  91    0    0 310 -400  1
3823500 2818500  6  9  4  12.2 1010 219  2.1 1  8.5  94    0    0 302 -400  1
3823500 2818500  6  9  5  12.0 1011 216  1.7 0  8.4  95    0   11 298 -400  1
3823500 2818500  6  9  6  13.7 1012 245  1.5 0  8.5  92   50   63 295 -402  1
3823500 2818500  6  9  7  15.3 1012 268  2.3 0  8.8  85  168   97 300 -406  1
3823500 2818500  6  9  8  16.1 1013 262  3.6 3  8.9  79  270  132 313 -416  1
3823500 2818500  6  9  9  17.0 1013 252  4.2 4  8.7  74  244  227 330 -429  1
3823500 2818500  6  9 10  17.6 1014 242  3.7 4  8.7  70  271  287 336 -443  1
3823500 2818500  6  9 11  18.8 1014 235  4.6 4  8.9  68  393  289 339 -456  1
3823500 2818500  6  9 12  20.2 1014 250  5.1 3  8.7  62  574  227 341 -467  1
3823500 2818500  6  9 13  20.8 1014 230  4.4 3  8.4  56  514  271 342 -472  1
3823500 2818500  6  9 14  21.4 1015 256  3.8 3  8.1  52  410  305 342 -476  1
3823500 2818500  6  9 15  22.2 1015 235  4.0 3  7.6  47  462  237 342 -477  1
3823500 2818500  6  9 16  22.3 1015 251  3.1 2  7.4  44  653   58 337 -474  1
3823500 2818500  6  9 17  21.9 1015 267  2.6 1  7.1  43  500   69 329 -469  1
3823500 2818500  6  9 18  22.3 1015 306  1.0 1  6.8  41  312   84 325 -461  1
3823500 2818500  6  9 19  21.5 1015 310  2.4 1  7.1  43  124   88 323 -450  1
3823500 2818500  6  9 20  19.9 1015 320  0.8 2  7.5  49   50   46 320 -438  1
3823500 2818500  6  9 21  17.2 1015 336  0.9 1  8.0  60    5   10 314 -428  1
3823500 2818500  6  9 22  15.5 1015  12  0.7 2  8.1  70    0    0 307 -419  1
3823500 2818500  6  9 23  14.7 1016  34  1.1 2  8.2  77    0    0 305 -412  1
3823500 2818500  6  9 24  14.7 1016  52  1.0 1  8.3  79    0    0 302 -407  1
3823500 2818500  6 10  1  14.2 1015  62  0.7 0  8.1  79    0    0 297 -403  1
3823500 2818500  6 10  2  13.5 1016  66  0.2 0  7.8  79    0    0 292 -401  1
3823500 2818500  6 10  3  12.2 1015  77  0.1 0  7.5  81    0    0 288 -400  1
3823500 2818500  6 10  4  11.4 1015  38  0.1 1  7.1  82    0    0 287 -398  1
3823500 2818500  6 10  5  10.8 1015  34  0.0 2  6.7  82    0    5 288 -395  1
3823500 2818500  6 10  6  12.2 1015  64  0.7 2  7.3  87   19   61 292 -395  1
3823500 2818500  6 10  7  15.4 1015  68  1.5 1  8.2  83   98  124 295 -400  1
3823500 2818500  6 10  8  17.8 1015  71  1.9 0  8.5  72  250  151 298 -411  1
3823500 2818500  6 10  9  19.6 1015  86  2.3 0  8.8  65  396  165 304 -425  1
3823500 2818500  6 10 10  21.1 1014  83  2.4 1  8.8  59  553  156 315 -441  1
3823500 2818500  6 10 11  22.2 1014  83  2.1 1  8.5  53  681  142 324 -457  1
3823500 2818500  6 10 12  22.8 1013  81  2.1 1  8.3  48  327  299 330 -469  1
3823500 2818500  6 10 13  23.8 1013  67  2.4 1  8.3  46  825  102 336 -478  1
3823500 2818500  6 10 14  24.2 1013  98  2.7 1  8.4  45  789  105 340 -484  1
3823500 2818500  6 10 15  24.8 1012 101  2.1 1  8.3  43  716  104 342 -488  1
3823500 2818500  6 10 16  25.0 1012  98  3.6 1  8.2  41  604  104 342 -489  1
3823500 2818500  6 10 17  24.7 1011  83  2.8 2  8.2  42  468  101 343 -485  1
3823500 2818500  6 10 18  24.5 1010  98  2.8 3  8.3  43  316   95 348 -478  1
3823500 2818500  6 10 19  23.8 1010  81  2.9 3  8.0  43  169   81 349 -468  1
3823500 2818500  6 10 20  22.4 1009  86  2.1 5  7.9  44   55   50 352 -457  1
3823500 2818500  6 10 21  21.0 1008  75  1.8 6  7.7  47    3   10 356 -446  1
3823500 2818500  6 10 22  19.3 1008  78  1.8 6  7.6  51    0    0 355 -436  1
3823500 2818500  6 10 23  18.6 1008  93  1.7 6  7.3  54    0    0 352 -428  1
3823500 2818500  6 10 24  17.6 1008  96  1.9 6  7.3  56    0    0 348 -423  1
3823500 2818500  6 11  1  17.1 1007  85  1.4 6  7.4  59    0    0 345 -420  1
3823500 2818500  6 11  2  16.5 1007  76  1.3 6  7.4  62    0    0 342 -417  1
3823500 2818500  6 11  3  15.2 1006  75  1.4 6  7.4  65    0    0 338 -414  1
3823500 2818500  6 11  4  15.5 1006  66  1.3 6  7.3  67    0    0 336 -413  1
3823500 2818500  6 11  5  15.5 1005  69  1.1 5  7.3  66    0    8 335 -414  1
3823500 2818500  6 11  6  16.8 1005  71  1.3 6  7.4  64   22   54 337 -416  1
3823500 2818500  6 11  7  17.9 1004  85  1.5 4  7.7  62   58  110 339 -420  1
3823500 2818500  6 11  8  19.9 1003  96  2.3 5  7.8  57   84  176 343 -427  1
3823500 2818500  6 11  9  22.3 1004 103  2.3 4  8.2  52  362  137 353 -434  1
3823500 2818500  6 11 10  24.8 1003 104  2.9 6  8.6  47  397  190 365 -445  1
3823500 2818500  6 11 11  25.9 1003 101  2.2 6  8.9  43  409  238 379 -457  1
3823500 2818500  6 11 12  26.5 1002 113  3.6 7  9.3  43  157  341 387 -466  1
3823500 2818500  6 11 13  27.6 1002 115  4.2 7  9.3  41   34  315 395 -468  1
3823500 2818500  6 11 14  27.5 1001 123  3.6 6  9.4  40   81  321 394 -458  1
3823500 2818500  6 11 15  27.4 1001 131  4.4 8  9.4  40    0  133 399 -449  1
3823500 2818500  6 11 16  25.3 1001 134  3.2 7  9.3  43    0  105 398 -449  1
3823500 2818500  6 11 17  22.3 1001 173  2.0 7  9.8  52    0   75 387 -459  1
3823500 2818500  6 11 18  19.5 1001 210  3.4 8 10.9  69    0   48 381 -463  1
3823500 2818500  6 11 19  18.6 1001 322  4.3 7 11.8  84    0   56 377 -457  1
3823500 2818500  6 11 20  18.5 1001  83  0.0 8 12.3  90    1   34 377 -445  1
3823500 2818500  6 11 21  18.1 1000  89  1.4 8 12.3  92    2    9 381 -433  1
3823500 2818500  6 11 22  17.3  999 108  1.0 5 12.0  93    0    0 369 -430  1
3823500 2818500  6 11 23  16.8 1000 126  1.5 4 11.6  94    0    0 352 -427  1
3823500 2818500  6 11 24  17.4 1000 153  2.2 5 11.6  94    0    0 352 -425  1
3823500 2818500  6 12  1  17.6  999 129  1.8 4 11.8  93    0    0 355 -423  1
3823500 2818500  6 12  2  17.7  999 180  2.8 5 12.0  93    0    0 355 -419  1
3823500 2818500  6 12  3  17.3  999 220  1.7 5 11.9  93    0    0 360 -414  1
3823500 2818500  6 12  4  16.3  999 209  1.0 5 11.3  92    0    0 356 -410  1
3823500 2818500  6 12  5  15.8  999 215  1.8 6 10.7  93    0    1 357 -409  1
3823500 2818500  6 12  6  16.4 1000 217  2.2 6 10.7  92    5   50 360 -412  1
3823500 2818500  6 12  7  15.8 1000 236  2.8 6 10.4  90   11  112 357 -418  1
3823500 2818500  6 12  8  17.0 1001 223  2.6 5 10.3  87  126  214 351 -428  1
3823500 2818500  6 12  9  18.6 1001 215  2.4 5 10.6  82  226  273 352 -435  1
3823500 2818500  6 12 10  19.4 1000 200  3.1 5 10.6  76  197  351 357 -441  1
3823500 2818500  6 12 11  20.1 1001 206  3.6 6 10.6  73  143  398 365 -454  1
3823500 2818500  6 12 12  20.9 1002 203  3.8 6 10.7  70  159  415 373 -468  1
3823500 2818500  6 12 13  22.1 1002 216  3.5 5 10.8  66  173  429 374 -472  1
3823500 2818500  6 12 14  22.9 1002 249  2.5 5 10.5  61  169  413 375 -474  1
3823500 2818500  6 12 15  23.6 1002 237  2.5 6 10.3  57   64  344 378 -474  1
3823500 2818500  6 12 16  22.8 1001 237  4.2 6 10.0  56  106  324 380 -472  1
3823500 2818500  6 12 17  23.2 1001 230  4.0 5  9.5  54  201  257 374 -470  1
3823500 2818500  6 12 18  22.5 1001 252  3.6 4  9.3  53  219  163 365 -463  1
3823500 2818500  6 12 19  21.7 1001 194  3.3 5  8.9  53  105  116 362 -454  1
3823500 2818500  6 12 20  20.4 1001 237  2.6 6  8.6  55   36   58 366 -447  1
3823500 2818500  6 12 21  18.3  999 316  0.8 6  8.5  60    1   11 365 -440  1
3823500 2818500  6 12 22  16.4 1000 183  0.0 6  8.5  68    0    0 359 -435  1
3823500 2818500  6 12 23  15.0 1000 223  0.3 6  8.5  75    0    0 353 -431  1
3823500 2818500  6 12 24  14.5 1000 148  0.0 7  8.5  80    0    0 356 -428  1
3823500 2818500  6 13  1  15.1 1000 149  0.1 6  8.8  82    0    0 356 -425  1
3823500 2818500  6 13  2  14.4 1000  16  0.0 7  9.0  85    0    0 356 -424  1
3823500 2818500  6 13  3  13.9 1000 116  0.0 7  9.0  88    0    0 358 -420  1
3823500 2818500  6 13  4  13.8  999 149  0.0 5  8.9  89    0    0 346 -414  1
3823500 2818500  6 13  5  14.1  999 143  0.4 5  9.0  89    0    1 334 -413  1
3823500 2818500  6 13  6  15.3  999 176  0.7 7  9.3  88    0   11 349 -412  1
3823500 2818500  6 13  7  15.4  999 175  1.4 6  9.7  88    9  107 357 -411  1
3823500 2818500  6 13  8  16.9  999 190  1.2 6 10.2  88   59  202 355 -414  1
3823500 2818500  6 13  9  17.7  999 212  2.5 7 10.5  83   20  243 366 -421  1
3823500 2818500  6 13 10  19.3  999 232  2.4 5 10.5  77  135  337 367 -427  1
3823500 2818500  6 13 11  19.9 1000 220  2.1 4 10.5  72  185  380 359 -433  1
3823500 2818500  6 13 12  21.3 1000 263  2.8 4 10.3  67  332  318 364 -436  1
3823500 2818500  6 13 13  21.9  999 260  1.9 6 10.3  63  230  407 381 -429  1
3823500 2818500  6 13 14  22.9  999 280  2.1 5 10.1  58  288  379 386 -427  1
3823500 2818500  6 13 15  22.8  998 249  2.4 5  9.7  55  211  360 383 -428  1
3823500 2818500  6 13 16  22.6  998 234  1.7 5  9.6  55  156  314 379 -425  1
3823500 2818500  6 13 17  22.9  998 248  1.7 6  9.4  54   40  232 380 -429  1
3823500 2818500  6 13 18  22.7  997 260  1.0 4  9.4  53   80  184 374 -430  1
3823500 2818500  6 13 19  21.8  997 253  0.5 5  9.4  55   76  114 367 -423  1
3823500 2818500  6 13 20  19.7  997 255  0.8 7  9.5  61    0   12 373 -416  1
3823500 2818500  6 13 21  16.3  996 241  0.4 7  9.9  75    0    5 374 -410  1
3823500 2818500  6 13 22  15.9  996 177  0.1 7 10.2  87    0    0 369 -406  1
3823500 2818500  6 13 23  15.1  996 199  0.3 7 10.1  90    0    0 367 -405  1
3823500 2818500  6 13 24  14.4  996 203  0.3 5  9.9  93    0    0 355 -403  1
3823500 2818500  6 14  1  14.3  996 206  0.1 6 10.0  96    0    0 349 -400  1
3823500 2818500  6 14  2  14.6  996 188  0.1 7 10.0  96    0    0 359 -398  1
3823500 2818500  6 14  3  14.8  995 226  0.1 8 10.2  95    0    0 369 -396  1
3823500 2818500  6 14  4  15.0  995 237  0.1 8 10.4  96    0    0 374 -394  1
3823500 2818500  6 14  5  14.9  995 272  0.1 8 10.4  96    0    0 373 -392  1
3823500 2818500  6 14  6  15.0  995 269  0.2 8 10.4  96    0   22 373 -391  1
3823500 2818500  6 14  7  14.9  996 264  0.1 6 10.5  97    1   85 362 -391  1
3823500 2818500  6 14  8  15.4  996 265  0.7 6 10.7  97    7  165 353 -392  1
3823500 2818500  6 14  9  16.3  996 253  1.7 5 10.9  95  108  292 353 -395  1
3823500 2818500  6 14 10  17.4  997 260  2.3 7 10.7  87   52  331 362 -400  1
3823500 2818500  6 14 11  18.4  997 254  2.4 5 10.3  78  134  400 365 -403  1
3823500 2818500  6 14 12  19.5  998 243  3.9 5  9.9  71  154  418 362 -411  1
3823500 2818500  6 14 13  20.0  999 250  4.4 4  9.5  65  161  432 360 -417  1
3823500 2818500  6 14 14  20.9  999 248  3.2 4  9.5  62  241  420 358 -422  1
3823500 2818500  6 14 15  21.0  999 268  3.2 4  9.6  61  236  384 357 -433  1
3823500 2818500  6 14 16  19.6  999 287  3.7 2  9.6  64  211  333 345 -436  1
3823500 2818500  6 14 17  19.4  999 268  3.6 4  9.7  67   47  247 341 -433  1
3823500 2818500  6 14 18  15.8  999 309  2.7 6 10.1  79    3  131 348 -428  1
3823500 2818500  6 14 19  16.5  999 283  3.1 7 10.3  88    2   83 353 -418  1
3823500 2818500  6 14 20  15.8 1000 275  1.7 7 10.2  87    0   18 355 -406  1
3823500 2818500  6 14 21  15.4 1000 283  1.6 6  9.9  88    0    7 346 -396  1
3823500 2818500  6 14 22  14.9 1001 276  2.1 6  9.5  87    0    0 338 -386  1
3823500 2818500  6 14 23  14.2 1002 264  2.9 5  9.0  86    0    0 328 -378  1
3823500 2818500  6 14 24  13.2 1003 265  1.9 3  8.4  85    0    0 311 -373  1
3823500 2818500  6 15  1  13.1 1003 256  3.1 5  8.0  84    0    0 309 -370  1
3823500 2818500  6 15  2  13.1 1004 238  3.2 6  7.9  82    0    0 319 -370  1
3823500 2818500  6 15  3  13.2 1004 245  3.3 6  7.8  82    0    0 324 -370  1
3823500 2818500  6 15  4  13.0 1004 247  3.3 6  7.8  82    0    0 323 -371  1
3823500 2818500  6 15  5  13.1 1004 248  3.6 7  7.8  82    0    1 327 -372  1
3823500 2818500  6 15  6  12.5 1004 253  4.0 7  7.8  83    0   20 330 -374  1
3823500 2818500  6 15  7  12.7 1005 257  4.1 6  7.8  85    0   50 326 -377  1
3823500 2818500  6 15  8  12.8 1005 271  4.6 6  7.9  86    2  138 324 -382  1
3823500 2818500  6 15  9  12.8 1006 275  5.2 7  8.1  86    5  199 329 -388  1
3823500 2818500  6 15 10  13.7 1007 272  4.9 6  8.2  86   22  278 333 -395  1
3823500 2818500  6 15 11  13.5 1007 279  4.5 6  8.2  84   36  322 333 -404  1
3823500 2818500  6 15 12  13.7 1008 301  3.8 6  8.1  83   17  300 334 -407  1
3823500 2818500  6 15 13  15.1 1008 300  4.4 7  8.0  78   13  291 341 -406  1
3823500 2818500  6 15 14  15.0 1008 295  4.2 6  7.7  72   55  334 342 -407  1
3823500 2818500  6 15 15  16.2 1009 296  4.6 6  7.5  68   68  320 340 -416  1
3823500 2818500  6 15 16  15.7 1009 305  3.7 8  7.3  65   18  241 346 -430  1
3823500 2818500  6 15 17  15.5 1009 302  3.2 8  7.2  65   14  198 351 -434  1
3823500 2818500  6 15 18  15.3 1009 316  3.0 6  7.1  64   72  175 344 -432  1
3823500 2818500  6 15 19  15.3 1009 321  3.0 3  6.8  62  150   83 324 -425  1
3823500 2818500  6 15 20  14.2 1010 327  1.6 4  6.6  62   61   48 313 -418  1
3823500 2818500  6 15 21  12.4 1010 325  0.6 4  6.3  66    4   12 314 -411  1
3823500 2818500  6 15 22  10.3 1011 318  1.3 4  6.0  72    0    0 308 -405  1
3823500 2818500  6 15 23   9.3 1011 308  0.3 3  5.9  78    0    0 300 -402  1
3823500 2818500  6 15 24   7.9 1012 316  0.1 1  5.9  84    0    0 283 -399  1
3823500 2818500  6 16  1   7.2 1012 272  0.0 1  5.7  89    0    0 271 -396  1
3823500 2818500  6 16  2   7.2 1012 322  0.0 1  5.7  91    0    0 269 -394  1
3823500 2818500  6 16  3   7.7 1012 226  0.8 4  6.0  92    0    0 283 -390  1
3823500 2818500  6 16  4   7.8 1012 272  0.1 6  6.2  94    0    0 307 -387  1
3823500 2818500  6 16  5   9.2 1012 256  0.1 6  6.4  92    0    2 317 -385  1
3823500 2818500  6 16  6  10.9 1012 293  0.2 5  6.8  88    1   37 315 -386  1
3823500 2818500  6 16  7  12.2 1012 306  0.5 4  6.9  81   59  121 307 -387  1
3823500 2818500  6 16  8  13.4 1012 322  0.4 1  6.4  70  265  134 289 -391  1
3823500 2818500  6 16  9  14.4 1012 323  0.8 1  6.1  61  473  108 278 -392  1
3823500 2818500  6 16 10  15.8 1012 327  1.2 2  6.0  56  581  122 289 -393  1
3823500 2818500  6 16 11  16.0 1012 347  0.8 2  5.8  51  666  132 298 -393  1
3823500 2818500  6 16 12  16.4 1012 325  1.7 2  5.7  49  769  104 304 -393  1
3823500 2818500  6 16 13  16.9 1012 347  1.8 2  5.8  49  709  153 310 -393  1
3823500 2818500  6 16 14  16.9 1012 335  1.4 3  5.7  48  431  295 315 -394  1
3823500 2818500  6 16 15  17.4 1012 354  1.7 2  5.7  47  494  222 316 -395  1
3823500 2818500  6 16 16  17.5 1012 352  1.5 2  5.7  46  555  116 312 -396  1
3823500 2818500  6 16 17  17.9 1011   1  1.5 4  5.8  46  287  189 318 -399  1
3823500 2818500  6 16 18  17.3 1011 357  1.7 3  5.8  46  155  161 320 -401  1
3823500 2818500  6 16 19  17.1 1011  42  2.2 3  5.8  47  117   95 311 -401  1
3823500 2818500  6 16 20  16.0 1011  26  2.2 4  5.8  50   25   50 313 -400  1
3823500 2818500  6 16 21  14.0 1011  27  1.8 4  5.7  54    0    7 311 -395  1
3823500 2818500  6 16 22  12.4 1011  18  1.3 2  5.7  60    0    0 294 -390  1
3823500 2818500  6 16 23  11.0 1011  28  1.0 1  5.8  67    0    0 276 -385  1
3823500 2818500  6 16 24   9.6 1012  16  1.1 0  5.6  72    0    0 263 -382  1
3823500 2818500  6 17  1   9.2 1012  31  1.0 0  5.5  75    0    0 256 -380  1
3823500 2818500  6 17  2   9.0 1012  38  1.8 0  5.6  77    0    0 256 -377  1
3823500 2818500  6 17  3   7.4 1011  13  0.5 0  5.4  80    0    0 257 -375  1
3823500 2818500  6 17  4   5.7 1011 355  0.1 1  5.0  83    0    0 258 -372  1
3823500 2818500  6 17  5   5.5 1011 357  0.1 1  4.9  86    0    9 260 -371  1
3823500 2818500  6 17  6   8.5 1011   6  0.1 1  5.7  90   47   58 264 -372  1
3823500 2818500  6 17  7  11.7 1011  14  1.5 1  6.6  85  184   83 273 -377  1
3823500 2818500  6 17  8  12.8 1011  23  2.4 1  6.6  74  311  104 279 -386  1
3823500 2818500  6 17  9  13.5 1011  30  2.3 3  6.3  67  262  215 293 -397  1
3823500 2818500  6 17 10  14.5 1011  14  2.6 4  6.1  61  348  248 310 -411  1
3823500 2818500  6 17 11  15.4 1011   8  2.6 3  6.0  56  623  150 314 -424  1
3823500 2818500  6 17 12  15.8 1011 351  2.5 3  5.9  53  791   80 312 -436  1
3823500 2818500  6 17 13  17.6 1011   7  3.2 3  5.9  50  739  125 315 -446  1
3823500 2818500  6 17 14  16.6 1011   4  2.3 3  5.6  46  626  178 316 -450  1
3823500 2818500  6 17 15  17.6 1011 359  3.4 3  5.6  46  474  225 314 -447  1
3823500 2818500  6 17 16  17.7 1011   1  2.1 3  5.7  45  374  214 314 -442  1
3823500 2818500  6 17 17  18.0 1010 321  2.7 3  5.6  44  275  187 311 -437  1
3823500 2818500  6 17 18  16.7 1010  11  3.0 3  5.6  45  291   95 307 -431  1
3823500 2818500  6 17 19  16.5 1010   6  3.0 2  5.6  48  167   75 299 -423  1
3823500 2818500  6 17 20  15.2 1010   0  2.9 1  5.6  50   83   42 290 -413  1
3823500 2818500  6 17 21  13.3 1010  17  2.4 1  5.4  54    9   13 280 -402  1
3823500 2818500  6 17 22  12.1 1010  12  2.2 2  5.5  60    0    0 277 -392  1
3823500 2818500  6 17 23  10.6 1011   7  1.4 2  5.5  66    0    0 274 -385  1
3823500 2818500  6 17 24   8.0 1011 333  0.9 1  5.3  73    0    0 264 -380  1
3823500 2818500  6 18  1   7.1 1011 319  0.6 0  5.1  79    0    0 252 -376  1
3823500 2818500  6 18  2   6.1 1011 317  0.7 0  5.0  82    0    0 242 -372  1
3823500 2818500  6 18  3   5.5 1011 261  0.3 0  4.9  85    0    0 239 -369  1
3823500 2818500  6 18  4   4.5 1011 260  0.5 1  4.8  88    0    0 239 -366  1
3823500 2818500  6 18  5   5.1 1011 256  0.6 3  4.8  89    0    4 246 -363  1
3823500 2818500  6 18  6   8.7 1011 249  0.5 4  5.5  89    6   51 263 -362  1
3823500 2818500  6 18  7  10.3 1011 293  0.6 6  6.4  86   21  115 281 -368  1
3823500 2818500  6 18  8  12.8 1010 294  1.0 4  6.3  75  169  189 287 -381  1
3823500 2818500  6 18  9  13.1 1010 296  1.7 5  6.1  65  260  240 288 -398  1
3823500 2818500  6 18 10  13.2 1010 336  2.3 6  5.8  61   79  320 298 -416  1
3823500 2818500  6 18 11  14.2 1010 325  2.2 7  5.6  58   17  300 310 -432  1
3823500 2818500  6 18 12  14.5 1010 315  1.9 7  5.6  54    9  287 319 -444  1
3823500 2818500  6 18 13  15.1 1010 321  2.1 6  5.3  51   65  359 319 -454  1
3823500 2818500  6 18 14  16.2 1010 342  1.7 5  5.2  47  119  367 314 -460  1
3823500 2818500  6 18 15  16.5 1009 301  2.3 7  5.3  46   41  304 319 -458  1
3823500 2818500  6 18 16  16.4 1009 314  1.8 5  5.2  44  186  303 319 -454  1
3823500 2818500  6 18 17  16.3 1009 311  1.7 4  5.1  44  239  225 310 -450  1
3823500 2818500  6 18 18  16.3 1009 317  1.0 4  5.3  46  166  170 307 -441  1
3823500 2818500  6 18 19  16.3 1009 331  1.3 4  5.5  48   98  110 307 -432  1
3823500 2818500  6 18 20  16.1 1008 265  1.3 3  5.7  49   66   55 304 -425  1
3823500 2818500  6 18 21  12.0 1008 146  0.8 3  5.5  55    7   15 293 -417  1
3823500 2818500  6 18 22   9.3 1008 175  0.1 2  5.2  65    0    0 278 -411  1
3823500 2818500  6 18 23   8.3 1009 181  0.4 2  5.2  74    0    0 269 -407  1
3823500 2818500  6 18 24   7.7 1009 141  0.2 1  5.3  79    0    0 263 -403  1
3823500 2818500  6 19  1   7.3 1009 133  0.1 0  5.4  84    0    0 254 -400  1
3823500 2818500  6 19  2   6.7 1008 138  0.4 0  5.5  88    0    0 249 -398  1
3823500 2818500  6 19  3   6.8 1007 143  0.2 2  5.5  89    0    0 254 -395  1
3823500 2818500  6 19  4   7.1 1007 150  0.7 3  5.4  86    0    0 264 -392  1
3823500 2818500  6 19  5   7.2 1006 147  1.0 3  5.5  86    0   10 268 -389  1
3823500 2818500  6 19  6   8.7 1006 150  0.2 2  5.9  88   31   68 267 -389  1
3823500 2818500  6 19  7  11.2 1006 142  0.9 3  6.2  81   97  134 272 -395  1
3823500 2818500  6 19  8  13.8 1005 147  1.5 3  6.3  69  191  193 282 -405  1
3823500 2818500  6 19  9  16.2 1005 139  2.2 4  6.3  58  253  257 294 -419  1
3823500 2818500  6 19 10  17.5 1004 162  2.7 5  6.1  51  428  255 309 -435  1
3823500 2818500  6 19 11  18.3 1004 168  3.1 5  5.8  45  513  273 319 -450  1
3823500 2818500  6 19 12  19.3 1003 166  2.8 5  5.6  41  600  264 323 -457  1
3823500 2818500  6 19 13  20.1 1002 194  2.5 5  5.6  39  535  311 327 -462  1
3823500 2818500  6 19 14  20.8 1001 127  2.1 6  5.4  36  312  389 334 -473  1
3823500 2818500  6 19 15  21.1 1001 126  3.3 5  5.4  34  294  357 337 -469  1
3823500 2818500  6 19 16  20.9 1000 141  2.2 5  5.3  34  431  235 335 -460  1
3823500 2818500  6 19 17  21.1  999 147  2.1 5  5.3  34  363  186 336 -458  1
3823500 2818500  6 19 18  20.8  999 183  2.0 4  5.5  35  262  146 332 -448  1
3823500 2818500  6 19 19  20.5  998 123  1.2 4  5.6  36  120  114 326 -438  1
3823500 2818500  6 19 20  18.7  998 126  1.1 5  5.7  40   19   55 328 -428  1
3823500 2818500  6 19 21  17.4  996 113  1.2 6  5.7  44    0    8 335 -420  1
3823500 2818500  6 19 22  16.3  996 109  1.5 6  5.8  48    0    0 337 -415  1
3823500 2818500  6 19 23  15.3  996 122  1.5 6  6.6  59    0    0 332 -411  1
3823500 2818500  6 19 24  14.6  995 138  1.3 6  7.4  70    0    0 331 -409  1
3823500 2818500  6 20  1  14.2 1015 158  0.9 6  8.4  82    0    0 315 -400  1
3823500 2818500  6 20  2  14.0 1015 161  0.3 7  9.2  92    0    0 331 -399  1
3823500 2818500  6 20  3  13.8 1015 169  0.0 7  9.8  99    0    0 342 -398  1
3823500 2818500  6 20  4  14.0 1015 165  0.1 7  9.8  99    0    0 344 -397  1
3823500 2818500  6 20  5  14.1 1014 195  0.1 5 10.0  99    0    7 333 -398  1
3823500 2818500  6 20  6  14.4 1015 201  0.1 4  9.9  99   15   60 322 -402  1
3823500 2818500  6 20  7  15.3 1015 204  0.5 4 10.5  99   51  127 320 -407  1
3823500 2818500  6 20  8  17.1 1015 208  0.3 3 11.3  98  154  187 322 -416  1
3823500 2818500  6 20  9  19.1 1015 201  0.6 3 12.0  92  344  189 327 -427  1
3823500 2818500  6 20 10  21.6 1015 162  0.9 4 12.3  82  507  178 338 -439  1
3823500 2818500  6 20 11  23.9 1015 209  1.3 6 12.1  70  319  330 354 -452  1
3823500 2818500  6 20 12  24.2 1016 186  0.6 5 11.7  62  398  331 360 -466  1
3823500 2818500  6 20 13  25.7 1015 181  1.1 5 11.3  57  464  308 362 -478  1
3823500 2818500  6 20 14  25.1 1015 179  1.0 3 11.0  54  629  201 360 -487  1
3823500 2818500  6 20 15  26.2 1015 193  0.3 3 11.0  53  706  110 357 -490  1
3823500 2818500  6 20 16  27.3 1015 262  0.6 3 11.3  51  588  114 360 -488  1
3823500 2818500  6 20 17  27.7 1014   5  0.6 2 11.1  48  465  105 359 -483  1
3823500 2818500  6 20 18  27.0 1014  51  0.4 2 10.9  48  329   93 354 -476  1
3823500 2818500  6 20 19  25.1 1014 107  0.3 3 11.4  54  169   85 352 -466  1
3823500 2818500  6 20 20  24.2 1014 113  0.1 6 11.7  60   40   53 356 -456  1
3823500 2818500  6 20 21  22.4 1014 117  0.2 6 11.7  65    3   11 357 -447  1
3823500 2818500  6 20 22  20.2 1012 138  0.1 5 11.7  73    0    0 347 -440  1
3823500 2818500  6 20 23  18.5 1013 101  0.1 5 11.7  82    0    0 338 -436  1
3823500 2818500  6 20 24  18.4 1013  99  0.6 4 11.7  87    0    0 332 -431  1
3823500 2818500  6 21  1  18.0 1013  99  0.2 3 11.4  87    0    0 325 -425  1
3823500 2818500  6 21  2  18.2 1012 144  0.2 3 11.2  86    0    0 322 -422  1
3823500 2818500  6 21  3  18.1 1012 127  0.2 4 11.3  86    0    0 325 -419  1
3823500 2818500  6 21  4  18.0 1011 115  1.0 5 11.3  86    0    0 332 -417  1
3823500 2818500  6 21  5  18.2 1011 148  0.8 4 11.3  86    1   13 334 -416  1
3823500 2818500  6 21  6  19.1 1010 183  1.1 4 11.4  85   43   62 336 -416  1
3823500 2818500  6 21  7  21.0 1010 169  1.6 3 11.9  80  123  114 340 -419  1
3823500 2818500  6 21  8  22.9 1010 181  1.5 2 12.3  74  238  151 344 -426  1
3823500 2818500  6 21  9  25.1 1010 187  1.7 2 12.6  67  377  166 351 -438  1
3823500 2818500  6 21 10  27.5 1010 187  1.8 3 13.0  60  495  179 362 -451  1
3823500 2818500  6 21 11  28.9 1010 171  1.8 3 13.4  56  507  233 375 -465  1
3823500 2818500  6 21 12  29.9 1009 173  1.9 4 13.0  50  630  199 383 -478  1
3823500 2818500  6 21 13  30.3 1009 173  2.6 5 12.4  46  673  184 390 -489  1
3823500 2818500  6 21 14  31.2 1008 182  2.8 6 11.9  43  727  133 397 -494  1
3823500 2818500  6 21 15  31.6 1008 194  2.1 4 11.7  40  657  131 398 -496  1
3823500 2818500  6 21 16  32.0 1007 194  2.6 4 11.9  40  446  190 395 -492  1
3823500 2818500  6 21 17  31.4 1007 223  1.9 6 12.4  42   59  234 403 -485  1
3823500 2818500  6 21 18  30.9 1007 280  2.4 5 13.3  46  127  169 406 -473  1
3823500 2818500  6 21 19  30.1 1007 299  1.8 5 14.2  51   78  109 403 -461  1
3823500 2818500  6 21 20  27.0 1007 292  2.3 6 14.5  58   20   52 399 -451  1
3823500 2818500  6 21 21  25.2 1007 320  2.2 7 13.4  62    0    8 395 -443  1
3823500 2818500  6 21 22  22.9 1007 248  3.0 6 12.2  64    0    0 386 -436  1
3823500 2818500  6 21 23  21.8 1008 268  2.7 6 11.6  68    0    0 378 -429  1
3823500 2818500  6 21 24  19.6 1008 286  4.0 8 11.7  76    0    0 379 -427  1
3823500 2818500  6 22  1  18.7 1008 284  0.4 6 12.1  86    0    0 376 -425  1
3823500 2818500  6 22  2  18.3 1008 162  0.2 6 12.3  91    0    0 372 -419  1
3823500 2818500  6 22  3  18.2 1007 210  0.9 7 12.2  92    0    0 375 -414  1
3823500 2818500  6 22  4  18.1 1008 256  1.8 7 12.1  92    0    0 377 -412  1
3823500 2818500  6 22  5  18.0 1008 263  2.0 7 12.0  92    0    4 378 -409  1
3823500 2818500  6 22  6  17.9 1008 250  1.7 7 11.9  91    0   19 377 -407  1
3823500 2818500  6 22  7  17.6 1008 253  3.3 7 11.5  90    0   62 376 -407  1
3823500 2818500  6 22  8  17.9 1009 256  3.7 5 10.9  85   91  195 367 -409  1
3823500 2818500  6 22  9  19.7 1009 276  3.8 4 10.5  77  238  233 359 -415  1
3823500 2818500  6 22 10  20.0 1010 269  4.5 5 10.3  71  102  324 362 -422  1
3823500 2818500  6 22 11  19.6 1010 273  4.4 6  9.8  67   65  345 367 -430  1
3823500 2818500  6 22 12  19.8 1011 277  4.9 5  9.1  63  232  375 364 -433  1
3823500 2818500  6 22 13  20.3 1011 275  5.3 4  8.4  57  510  276 356 -437  1
3823500 2818500  6 22 14  20.9 1011 279  6.3 3  7.8  52  612  202 348 -442  1
3823500 2818500  6 22 15  20.2 1011 285  5.8 4  7.4  49  330  304 344 -443  1
3823500 2818500  6 22 16  19.3 1011 306  5.2 5  7.0  49  129  296 345 -443  1
3823500 2818500  6 22 17  19.4 1012 290  4.7 4  7.0  50  234  212 342 -437  1
3823500 2818500  6 22 18  19.2 1012 290  3.5 6  7.1  51   50  174 345 -430  1
3823500 2818500  6 22 19  18.6 1012 292  2.4 5  7.2  53   66  110 347 -421  1
3823500 2818500  6 22 20  17.8 1012 299  1.8 3  7.4  56   57   51 332 -411  1
3823500 2818500  6 22 21  16.0 1012 301  0.6 3  7.5  62    5   13 319 -401  1
3823500 2818500  6 22 22  14.1 1013 286  0.7 2  7.5  71    0    0 308 -392  1
3823500 2818500  6 22 23  12.4 1013 266  0.6 2  7.4  78    0    0 298 -386  1
3823500 2818500  6 22 24  11.1 1013 244  0.1 2  7.1  83    0    0 294 -380  1
3823500 2818500  6 23  1  10.6 1013 225  0.4 1  7.0  87    0    0 287 -377  1
3823500 2818500  6 23  2  10.6 1013 202  0.7 1  7.1  89    0    0 283 -374  1
3823500 2818500  6 23  3  10.6 1012 198  0.6 2  7.2  90    0    0 288 -372  1
3823500 2818500  6 23  4  10.8 1012 202  0.7 2  7.3  91    0    0 293 -370  1
3823500 2818500  6 23  5  11.3 1012 212  1.0 5  7.5  91    0    4 309 -368  1
3823500 2818500  6 23  6  12.5 1012 205  1.1 7  7.9  90    0   33 335 -369  1
3823500 2818500  6 23  7  13.6 1012 217  2.1 7  8.2  87    0   75 350 -375  1
3823500 2818500  6 23  8  15.1 1011 225  2.8 6  8.6  84   22  196 347 -385  1
3823500 2818500  6 23  9  16.5 1011 234  3.2 7  8.9  79   44  280 345 -398  1
3823500 2818500  6 23 10  18.1 1011 233  3.6 6  9.1  73  131  366 344 -411  1
3823500 2818500  6 23 11  18.7 1011 236  4.0 6  8.9  67  140  410 341 -423  1
3823500 2818500  6 23 12  18.2 1010 240  4.8 7  8.5  64   56  386 345 -426  1
3823500 2818500  6 23 13  18.1 1010 240  3.6 7  8.4  64   18  334 349 -420  1
3823500 2818500  6 23 14  17.4 1010 248  3.9 7  8.5  66   28  339 350 -415  1
3823500 2818500  6 23 15  16.4 1009 249  4.1 7  8.4  70    1  225 349 -419  1
3823500 2818500  6 23 16  15.3 1009 279  3.5 6  8.6  76    0  147 345 -426  1
3823500 2818500  6 23 17  15.0 1009 286  4.2 8  8.9  82    0   92 350 -427  1
3823500 2818500  6 23 18  14.7 1009 257  2.5 8  9.0  85    0   60 359 -422  1
3823500 2818500  6 23 19  14.4 1009 247  3.0 7  9.0  87    0   54 354 -416  1
3823500 2818500  6 23 20  14.4 1008 246  3.0 8  9.0  88    0   23 353 -410  1
3823500 2818500  6 23 21  14.5 1008 247  2.9 8  9.1  88    0    4 357 -404  1
3823500 2818500  6 23 22  14.7 1008 242  3.5 8  9.3  89    0    0 358 -399  1
3823500 2818500  6 23 23  14.4 1008 260  4.0 8  9.5  91    0    0 360 -396  1
3823500 2818500  6 23 24  14.4 1008 261  3.5 8  9.6  93    0    0 362 -394  1
3823500 2818500  6 24  1  14.5 1008 225  3.3 8  9.7  93    0    0 364 -392  1
3823500 2818500  6 24  2  14.6 1007 230  3.3 8  9.7  93    0    0 366 -391  1
3823500 2818500  6 24  3  14.7 1007 237  3.3 7  9.7  92    0    0 363 -390  1
3823500 2818500  6 24  4  14.7 1007 240  3.2 7  9.7  92    0    0 359 -390  1
3823500 2818500  6 24  5  14.7 1007 256  2.4 8  9.8  92    0   12 365 -389  1
3823500 2818500  6 24  6  14.9 1007 282  3.6 8  9.8  92    0   20 370 -390  1
3823500 2818500  6 24  7  14.9 1007 329  3.7 7  9.9  92    0   72 365 -392  1
3823500 2818500  6 24  8  15.6 1007 306  3.4 7 10.1  93   15  174 359 -397  1
3823500 2818500  6 24  9  16.5 1007 326  3.3 6 10.5  91   49  262 357 -402  1
3823500 2818500  6 24 10  17.3 1007 292  3.1 7 10.6  87   11  263 360 -405  1
3823500 2818500  6 24 11  17.6 1007 283  3.2 8 10.6  84    0  213 373 -408  1
3823500 2818500  6 24 12  18.0 1007 276  3.5 8 10.7  83    0  126 379 -413  1
3823500 2818500  6 24 13  18.4 1007 294  3.5 8 10.8  82    0  155 381 -423  1
3823500 2818500  6 24 14  19.0 1007 314  2.8 8 10.9  80    0  198 383 -434  1
3823500 2818500  6 24 15  19.4 1007 273  2.5 8 11.0  78    2  228 383 -442  1
3823500 2818500  6 24 16  20.9 1006 274  1.8 7 11.1  74   62  295 380 -444  1
3823500 2818500  6 24 17  21.5 1007 276  1.3 6 11.0  69  130  252 375 -442  1
3823500 2818500  6 24 18  21.2 1007 191  1.7 5 10.8  68  108  183 365 -438  1
3823500 2818500  6 24 19  21.0 1006 185  0.6 5 10.9  69   83  114 358 -430  1
3823500 2818500  6 24 20  19.9 1005 147  0.3 6 11.1  73   27   55 357 -420  1
3823500 2818500  6 24 21  18.4 1005 150  0.5 7 11.0  79    0    7 358 -410  1
3823500 2818500  6 24 22  17.4 1005 132  0.4 6 10.7  82    0    0 350 -401  1
3823500 2818500  6 24 23  16.5 1005 128  0.6 6 10.5  86    0    0 343 -396  1
3823500 2818500  6 24 24  17.1 1005 120  0.6 6 10.7  88    0    0 343 -393  1
3823500 2818500  6 25  1  17.3 1005 100  0.6 5 10.9  88    0    0 342 -391  1
3823500 2818500  6 25  2  17.1 1005 107  0.7 5 11.0  88    0    0 339 -389  1
3823500 2818500  6 25  3  16.5 1004 105  0.8 5 10.8  89    0    0 338 -387  1
3823500 2818500  6 25  4  16.4 1004 110  0.7 6 10.6  90    0    0 338 -386  1
3823500 2818500  6 25  5  16.6 1003 123  0.9 6 10.6  89    0    0 342 -385  1
3823500 2818500  6 25  6  17.2 1003 124  1.3 7 10.6  87    0   22 345 -386  1
3823500 2818500  6 25  7  17.9 1002 134  1.3 6 10.7  84   16  114 345 -391  1
3823500 2818500  6 25  8  19.7 1002 139  1.1 5 10.9  79  130  197 342 -400  1
3823500 2818500  6 25  9  21.5 1003 147  1.7 7 11.3  73   85  272 354 -408  1
3823500 2818500  6 25 10  23.0 1003 148  2.9 6 11.6  68  213  322 364 -415  1
3823500 2818500  6 25 11  24.5 1002 152  3.0 4 11.8  63  367  325 362 -428  1
3823500 2818500  6 25 12  26.0 1002 170  3.2 3 11.7  57  499  297 362 -440  1
3823500 2818500  6 25 13  24.9 1001 202  3.4 2 11.1  54  367  366 359 -442  1
3823500 2818500  6 25 14  22.6 1000 233  3.7 6 11.0  59    0  224 364 -438  1
3823500 2818500  6 25 15  19.2 1001 249  4.9 7 11.9  75    0   78 369 -440  1
3823500 2818500  6 25 16  18.8 1002 256  2.5 7 12.5  89    0  100 366 -444  1
3823500 2818500  6 25 17  18.2 1002 239  3.4 6 11.6  86    0  161 362 -440  1
3823500 2818500  6 25 18  18.1 1003 236  2.5 6 10.8  81   11  154 356 -433  1
3823500 2818500  6 25 19  18.5 1003 258  2.9 6 10.6  80   36  115 356 -430  1
3823500 2818500  6 25 20  18.2 1003 260  1.9 6  9.9  74   30   56 355 -426  1
3823500 2818500  6 25 21  16.6 1004 253  0.1 5  9.1  72    2   13 347 -420  1
3823500 2818500  6 25 22  14.6 1004 206  0.0 4  8.8  78    0    0 329 -410  1
3823500 2818500  6 25 23  13.9 1005 193  0.1 5  8.6  84    0    0 322 -401  1
3823500 2818500  6 25 24  13.7 1005 223  0.6 6  8.4  84    0    0 332 -396  1
3823500 2818500  6 26  1  13.4 1006 217  0.3 5  8.1  82    0    0 329 -393  1
3823500 2818500  6 26  2  12.7 1006 235  1.2 4  7.5  80    0    0 313 -389  1
3823500 2818500  6 26  3  12.1 1006 231  0.6 3  7.1  78    0    0 294 -385  1
3823500 2818500  6 26  4  11.3 1006 195  0.7 3  6.9  80    0    0 283 -381  1
3823500 2818500  6 26  5  10.8 1006 199  0.5 3  7.0  85    0   11 279 -377  1
3823500 2818500  6 26  6  13.1 1006 190  0.5 4  7.7  88   38   57 289 -376  1
3823500 2818500  6 26  7  15.2 1006 206  0.8 4  8.6  85   92  112 303 -379  1
3823500 2818500  6 26  8  17.2 1006 216  1.6 5  8.6  74  140  174 318 -389  1
3823500 2818500  6 26  9  18.0 1007 225  1.7 5  8.0  64  289  194 331 -401  1
3823500 2818500  6 26 10  18.8 1007 227  2.4 6  7.4  56  346  238 340 -413  1
3823500 2818500  6 26 11  19.8 1006 209  1.8 7  7.3  52  376  278 355 -425  1
3823500 2818500  6 26 12  21.5 1006 206  1.9 6  7.7  50  792   70 360 -435  1
3823500 2818500  6 26 13  22.2 1007 208  2.3 7  8.2  49  331  330 366 -442  1
3823500 2818500  6 26 14  21.2 1006 201  2.3 8  8.3  51   13  287 375 -444  1
3823500 2818500  6 26 15  22.2 1006 183  2.1 7  8.3  51   42  297 377 -440  1
3823500 2818500  6 26 16  22.3 1005 173  1.7 7  8.4  50   27  256 375 -440  1
3823500 2818500  6 26 17  20.6 1005 179  1.1 8  8.5  53    0   72 377 -438  1
3823500 2818500  6 26 18  20.2 1004  52  0.6 7  8.9  59    0  105 374 -431  1
3823500 2818500  6 26 19  19.2 1004 341  1.8 8  9.4  65    0   70 372 -426  1
3823500 2818500  6 26 20  18.7 1004  59  1.1 8  9.8  71    0   14 374 -421  1
3823500 2818500  6 26 21  18.3 1004 334  1.0 8  9.9  73    0    2 373 -414  1
3823500 2818500  6 26 22  17.9 1004 281  0.7 7 10.1  77    0    0 367 -409  1
3823500 2818500  6 26 23  17.0 1004 307  0.4 7 10.4  82    0    0 360 -405  1
3823500 2818500  6 26 24  15.9 1004 294  0.8 5  9.9  84    0    0 346 -402  1
3823500 2818500  6 27  1  15.2 1004 286  1.0 5  9.8  87    0    0 333 -400  1
3823500 2818500  6 27  2  14.6 1004 264  0.1 6 10.0  93    0    0 337 -398  1
3823500 2818500  6 27  3  13.9 1004 177  0.1 4  9.7  94    0    0 327 -396  1
3823500 2818500  6 27  4  14.1 1004 166  0.3 6  9.5  94    0    0 325 -394  1
3823500 2818500  6 27  5  13.5 1004 198  0.1 6  9.6  96    0   10 336 -393  1
3823500 2818500  6 27  6  14.2 1004 177  0.5 7  9.7  97    0   20 341 -393  1
3823500 2818500  6 27  7  15.9 1003 181  0.6 8 10.3  95    0   67 357 -397  1
3823500 2818500  6 27  8  17.2 1003 169  1.7 7 10.9  91   17  195 361 -406  1
3823500 2818500  6 27  9  19.4 1003 178  2.8 8 10.8  81   25  268 367 -418  1
3823500 2818500  6 27 10  20.8 1003 198  3.7 6  9.9  66  141  393 366 -427  1
3823500 2818500  6 27 11  21.5 1004 197  3.8 7  8.9  56  160  444 365 -433  1
3823500 2818500  6 27 12  22.1 1003 207  4.1 7  8.3  50   66  415 374 -434  1
3823500 2818500  6 27 13  22.2 1003 211  4.1 6  8.3  49   94  440 374 -433  1
3823500 2818500  6 27 14  22.5 1003 209  4.5 6  8.4  49  190  470 374 -431  1
3823500 2818500  6 27 15  22.8 1002 196  5.3 6  8.4  48  133  422 375 -438  1
3823500 2818500  6 27 16  22.9 1002 186  4.7 6  8.4  48  101  364 373 -444  1
3823500 2818500  6 27 17  22.8 1001 221  4.6 6  8.5  48   86  298 372 -441  1
3823500 2818500  6 27 18  20.0 1001 232  2.9 6  8.7  54    0   74 365 -433  1
3823500 2818500  6 27 19  18.2 1000 198  2.1 7  9.5  68    0   48 363 -427  1
3823500 2818500  6 27 20  18.5 1000 221  2.5 8 10.1  75    0   26 371 -422  1
3823500 2818500  6 27 21  18.1 1000 230  2.2 7  9.8  73    0    4 372 -416  1
3823500 2818500  6 27 22  17.1 1001 212  1.0 7  9.4  74    0    0 366 -411  1
3823500 2818500  6 27 23  16.8 1001 200  0.9 7  9.5  77    0    0 366 -406  1
3823500 2818500  6 27 24  16.6 1001 198  2.1 8  9.4  78    0    0 371 -403  1
3823500 2818500  6 28  1  15.8 1000 247  2.9 7  9.5  82    0    0 371 -399  1
3823500 2818500  6 28  2  14.7 1001 245  2.7 8  9.6  87    0    0 368 -396  1
3823500 2818500  6 28  3  13.8 1001 226  2.4 6  9.2  89    0    0 359 -392  1
3823500 2818500  6 28  4  12.7 1001 230  2.7 5  8.8  91    0    0 343 -390  1
3823500 2818500  6 28  5  12.6 1002 226  3.2 7  8.5  92    0    4 346 -389  1
3823500 2818500  6 28  6  12.8 1002 229  2.2 8  8.5  92    0   21 362 -389  1
3823500 2818500  6 28  7  13.2 1002 225  3.1 8  8.6  90    0   53 368 -392  1
3823500 2818500  6 28  8  13.8 1003 232  3.2 7  8.6  88    0  120 362 -396  1
3823500 2818500  6 28  9  14.2 1004 236  2.9 6  8.5  84   26  221 352 -404  1
3823500 2818500  6 28 10  15.5 1004 231  3.6 6  8.4  79  136  278 352 -413  1
3823500 2818500  6 28 11  16.2 1005 235  4.6 6  8.4  74  195  301 358 -419  1
3823500 2818500  6 28 12  15.6 1005 233  4.7 6  8.2  72  138  325 357 -423  1
3823500 2818500  6 28 13  14.7 1005 257  4.1 6  8.2  76   32  310 351 -425  1
3823500 2818500  6 28 14  14.5 1005 270  2.1 6  8.6  82   52  310 345 -428  1
3823500 2818500  6 28 15  16.2 1006 261  1.7 4  8.6  78  235  269 338 -432  1
3823500 2818500  6 28 16  17.6 1006 247  4.4 4  8.6  71  350  174 335 -432  1
3823500 2818500  6 28 17  19.0 1006 260  6.4 3  8.3  63  276  146 334 -430  1
3823500 2818500  6 28 18  18.0 1007 252  2.8 3  8.2  61  155  128 331 -424  1
3823500 2818500  6 28 19  17.6 1007 241  3.4 4  8.6  67   70   91 331 -418  1
3823500 2818500  6 28 20  17.0 1007 241  0.7 3  8.7  70   54   36 331 -411  1
3823500 2818500  6 28 21  15.1 1007 225  0.1 4  8.5  74    5   11 327 -405  1
3823500 2818500  6 28 22  14.1 1008 215  1.0 5  8.5  81    0    0 327 -399  1
3823500 2818500  6 28 23  12.6 1008 219  1.0 4  8.4  87    0    0 323 -394  1
3823500 2818500  6 28 24  12.6 1008 203  0.7 2  8.2  90    0    0 311 -390  1
3823500 2818500  6 29  1  12.5 1008 206  1.5 1  8.1  89    0    0 298 -388  1
3823500 2818500  6 29  2  12.1 1008 201  0.7 1  8.1  90    0    0 293 -387  1
3823500 2818500  6 29  3  13.1 1008 197  1.3 3  8.2  90    0    0 302 -385  1
3823500 2818500  6 29  4  13.0 1008 203  1.0 4  8.3  88    0    0 314 -383  1
3823500 2818500  6 29  5  13.1 1008 227  1.8 6  8.2  87    0   11 324 -381  1
3823500 2818500  6 29  6  13.1 1008 216  2.3 6  8.1  86   18   45 329 -379  1
3823500 2818500  6 29  7  14.1 1008 221  2.7 3  8.2  84  187   38 321 -382  1
3823500 2818500  6 29  8  14.7 1008 223  3.1 5  8.3  80   59  154 321 -389  1
3823500 2818500  6 29  9  14.8 1008 230  4.0 6  8.4  80   49  212 334 -399  1
3823500 2818500  6 29 10  15.1 1009 250  3.8 6  8.6  81  135  246 341 -408  1
3823500 2818500  6 29 11  17.0 1009 242  4.0 6  8.8  77  271  224 347 -413  1
3823500 2818500  6 29 12  17.7 1008 233  4.4 7  8.7  70  160  282 356 -413  1
3823500 2818500  6 29 13  18.1 1008 231  3.8 8  8.6  66    0  161 364 -414  1
3823500 2818500  6 29 14  18.8 1008 229  3.8 7  8.8  66    2  237 366 -422  1
3823500 2818500  6 29 15  17.9 1008 255  3.7 7  8.6  65    4  222 361 -427  1
3823500 2818500  6 29 16  17.0 1008 264  2.1 7  8.6  68    0  171 358 -427  1
3823500 2818500  6 29 17  17.0 1008 248  3.6 7  8.6  70    0  148 356 -426  1
3823500 2818500  6 29 18  16.5 1008 259  1.8 7  8.3  70    0   71 354 -421  1
3823500 2818500  6 29 19  15.9 1008 237  1.7 7  8.4  72    0   40 351 -417  1
3823500 2818500  6 29 20  15.4 1008 231  0.6 7  8.5  76    0   19 349 -412  1
3823500 2818500  6 29 21  14.5 1008 277  1.7 7  8.6  80    0    6 346 -407  1
3823500 2818500  6 29 22  13.9 1008 207  0.2 7  8.6  85    0    0 343 -402  1
3823500 2818500  6 29 23  13.6 1008 194  0.6 7  8.6  87    0    0 341 -398  1
3823500 2818500  6 29 24  13.5 1008 194  0.9 7  8.7  89    0    0 340 -397  1
3823500 2818500  6 30  1  13.4 1007 203  1.2 7  8.6  89    0    0 340 -396  1
3823500 2818500  6 30  2  13.2 1007 202  1.0 8  8.6  89    0    0 343 -391  1
3823500 2818500  6 30  3  13.3 1006 195  1.1 7  8.5  89    0    0 343 -385  1
3823500 2818500  6 30  4  13.4 1006 190  0.6 6  8.5  88    0    0 336 -379  1
3823500 2818500  6 30  5  13.5 1005 190  0.7 8  8.6  88    0    0 340 -378  1
3823500 2818500  6 30  6  13.7 1005 202  0.7 8  8.8  90    0   19 348 -379  1
3823500 2818500  6 30  7  13.5 1004 223  1.2 7  8.9  91    0   57 345 -383  1
3823500 2818500  6 30  8  13.7 1004 220  1.6 6  8.9  91   10  136 336 -391  1
3823500 2818500  6 30  9  14.5 1004 223  2.0 7  8.9  88   86  194 338 -400  1
3823500 2818500  6 30 10  15.0 1003 232  3.0 7  8.7  82   15  227 345 -410  1
3823500 2818500  6 30 11  14.4 1003 230  2.9 7  8.5  80    0  188 346 -414  1
3823500 2818500  6 30 12  14.3 1002 241  2.4 7  8.4  81    0  167 347 -414  1
3823500 2818500  6 30 13  15.0 1003 217  2.7 7  8.5  81    0  168 350 -416  1
3823500 2818500  6 30 14  15.3 1002 216  3.0 6  8.6  79    7  249 350 -419  1
3823500 2818500  6 30 15  16.0 1002 231  2.9 6  8.7  77    0  206 349 -425  1
3823500 2818500  6 30 16  15.9 1002 225  3.9 7  8.8  77    0  142 353 -428  1
3823500 2818500  6 30 17  15.5 1001 245  3.1 7  9.2  82    0  127 356 -426  1
3823500 2818500  6 30 18  15.9 1001 239  3.6 6  9.5  84   26  134 352 -423  1
3823500 2818500  6 30 19  15.6 1001 238  2.8 6  9.6  84   67   68 348 -418  1
3823500 2818500  6 30 20  14.7 1001 244  2.3 6  9.3  87   53   31 348 -412  1
3823500 2818500  6 30 21  14.1 1001 244  1.8 6  9.2  88    0    3 345 -403  1
3823500 2818500  6 30 22  13.7 1001 244  1.6 6  9.0  90    0    0 335 -394  1
3823500 2818500  6 30 23  13.6 1002 249  1.4 6  8.9  90    0    0 333 -386  1
3823500 2818500  6 30 24  13.5 1002 256  1.3 6  8.8  90    0    0 337 -380  1
3823500 2818500  7  1  1  13.5 1011 269  1.2 7  8.8  89    0    0 350 -385  1
3823500 2818500  7  1  2  13.4 1011 278  1.0 7  8.8  90    0    0 346 -383  1
3823500 2818500  7  1  3  13.2 1011 276  0.7 7  8.7  90    0    0 338 -381  1
3823500 2818500  7  1  4  13.0 1011 267  0.5 7  8.6  91    0    0 333 -378  1
3823500 2818500  7  1  5  13.4 1011 250  0.6 7  8.7  90    0    4 331 -376  1
3823500 2818500  7  1  6  13.1 1011 241  0.2 7  8.6  92    0   27 336 -376  1
3823500 2818500  7  1  7  14.4 1011 210  0.5 6  8.9  90   77  130 332 -381  1
3823500 2818500  7  1  8  16.6 1011 189  0.9 4  8.9  80  230  169 325 -391  1
3823500 2818500  7  1  9  18.0 1010 216  2.3 4  8.4  68  280  237 324 -401  1
3823500 2818500  7  1 10  19.0 1010 230  2.9 6  7.9  59  202  338 337 -411  1
3823500 2818500  7  1 11  18.9 1010 218  3.0 7  7.7  56   71  375 354 -419  1
3823500 2818500  7  1 12  18.8 1010 232  3.7 7  7.7  57   90  404 362 -427  1
3823500 2818500  7  1 13  19.0 1010 234  2.8 7  7.6  56   64  395 367 -430  1
3823500 2818500  7  1 14  18.7 1010 232  2.5 7  7.6  56    9  297 370 -425  1
3823500 2818500  7  1 15  17.1 1010 251  2.1 7  7.9  62    1  233 369 -418  1
3823500 2818500  7  1 16  17.1 1009 272  3.0 8  8.5  70    0  183 373 -417  1
3823500 2818500  7  1 17  16.1 1009 260  1.4 8  9.2  78    0  108 376 -422  1
3823500 2818500  7  1 18  16.1 1009 188  0.6 8  9.8  85    0   90 375 -427  1
3823500 2818500  7  1 19  15.9 1008 204  0.9 8  9.9  86    0   60 374 -426  1
3823500 2818500  7  1 20  15.9 1008 174  0.1 8  9.8  86    0   30 374 -423  1
3823500 2818500  7  1 21  15.9 1008 156  0.2 8  9.9  87    0    7 376 -418  1
3823500 2818500  7  1 22  15.5 1008 177  0.7 7  9.9  88    0    0 373 -412  1
3823500 2818500  7  1 23  15.4 1008 188  0.9 7  9.8  89    0    0 369 -409  1
3823500 2818500  7  1 24  14.2 1008 190  0.8 7  9.6  90    0    0 369 -407  1
3823500 2818500  7  2  1  14.7 1008 190  1.0 7  9.5  92    0    0 368 -406  1
3823500 2818500  7  2  2  15.2 1008 188  0.9 7  9.8  91    0    0 371 -404  1
3823500 2818500  7  2  3  15.2 1007 202  1.1 8  9.8  90    0    0 375 -403  1
3823500 2818500  7  2  4  15.4 1007 191  1.7 7  9.9  90    0    0 377 -403  1
3823500 2818500  7  2  5  15.4 1007 223  1.1 6  9.9  90    0    2 368 -402  1
3823500 2818500  7  2  6  15.6 1007 205  2.1 7  9.9  89    0   34 367 -402  1
3823500 2818500  7  2  7  16.0 1007 211  2.5 6 10.0  88   12  100 366 -404  1
3823500 2818500  7  2  8  16.4 1007 229  3.0 7 10.1  87   10  156 367 -408  1
3823500 2818500  7  2  9  17.8 1007 216  3.3 7 10.3  83   24  228 374 -411  1
3823500 2818500  7  2 10  17.8 1007 261  3.8 7 10.4  81   13  262 374 -418  1
3823500 2818500  7  2 11  18.6 1007 256  3.6 8 10.6  80   12  283 377 -427  1
3823500 2818500  7  2 12  19.1 1007 280  3.2 7 10.9  79    9  288 378 -438  1
3823500 2818500  7  2 13  19.9 1007 243  4.0 6 11.1  77   43  347 374 -451  1
3823500 2818500  7  2 14  21.4 1007 254  3.2 7 11.2  73   16  300 378 -458  1
3823500 2818500  7  2 15  22.2 1008 253  3.4 6 11.2  68  119  330 381 -458  1
3823500 2818500  7  2 16  22.6 1008 286  3.2 5 11.0  64  372  201 376 -458  1
3823500 2818500  7  2 17  23.4 1008 275  3.4 5 10.7  60  344  142 372 -458  1
3823500 2818500  7  2 18  22.8 1007 311  2.6 5 10.5  59  263  100 371 -450  1
3823500 2818500  7  2 19  22.1 1007 329  1.3 4 10.5  61  148   76 364 -440  1
3823500 2818500  7  2 20  21.3 1007 352  0.8 6 10.7  65   32   49 364 -432  1
3823500 2818500  7  2 21  19.5 1006  53  0.1 6 10.9  72    4   13 364 -421  1
3823500 2818500  7  2 22  17.6 1006 101  0.7 3 11.0  82    0    0 347 -411  1
3823500 2818500  7  2 23  16.3 1006 109  0.4 2 10.6  87    0    0 327 -403  1
3823500 2818500  7  2 24  16.4 1006 124  0.3 2 10.5  90    0    0 322 -397  1
3823500 2818500  7  3  1  16.4 1006 139  1.3 2 10.8  92    0    0 322 -393  1
3823500 2818500  7  3  2  15.7 1006 129  0.6 2 10.6  92    0    0 320 -389  1
3823500 2818500  7  3  3  15.3 1005  93  0.4 2 10.2  92    0    0 318 -386  1
3823500 2818500  7  3  4  15.0 1005 100  1.1 1 10.0  92    0    0 313 -384  1
3823500 2818500  7  3  5  15.0 1004 129  1.3 3 10.0  93    0    3 315 -384  1
3823500 2818500  7  3  6  16.4 1004 114  1.5 6 10.2  91    0   20 334 -386  1
3823500 2818500  7  3  7  18.6 1003 161  1.3 6 10.8  86   39  113 348 -393  1
3823500 2818500  7  3  8  20.8 1003 154  2.2 4 11.1  76  191  149 346 -402  1
3823500 2818500  7  3  9  22.9 1003 147  1.9 4 11.1  67  339  159 347 -409  1
3823500 2818500  7  3 10  24.9 1002 163  3.2 5 11.4  60  449  174 358 -421  1
3823500 2818500  7  3 11  27.0 1001 169  3.2 5 11.5  54  538  182 369 -444  1
3823500 2818500  7  3 12  28.1 1001 187  3.5 5 11.2  48  476  255 376 -467  1
3823500 2818500  7  3 13  29.3 1000 189  2.6 6 10.9  43  463  273 382 -483  1
3823500 2818500  7  3 14  30.6  999 217  1.2 6 10.7  40  364  306 390 -495  1
3823500 2818500  7  3 15  30.4  999 236  5.7 6 10.4  37  120  334 393 -500  1
3823500 2818500  7  3 16  29.1  999 261  4.3 6 11.1  42   77  286 392 -495  1
3823500 2818500  7  3 17  28.4  999 275  4.0 6 12.4  49  153  226 392 -488  1
3823500 2818500  7  3 18  27.1 1000 261  4.8 6 12.4  52  142  159 388 -480  1
3823500 2818500  7  3 19  26.3 1000 273  5.0 5 11.7  52  175   67 383 -468  1
3823500 2818500  7  3 20  24.3 1000 295  2.4 6 11.4  56   53   47 379 -456  1
3823500 2818500  7  3 21  23.0 1001 294  3.6 6 11.5  62    6   13 379 -444  1
3823500 2818500  7  3 22  21.0 1002 286  2.7 4 11.3  67    0    0 369 -434  1
3823500 2818500  7  3 23  18.4 1002 253  0.5 4 10.8  74    0    0 356 -427  1
3823500 2818500  7  3 24  18.3 1002 213  0.4 3 10.6  79    0    0 348 -421  1
3823500 2818500  7  4  1  17.3 1002 225  0.2 3 10.6  82    0    0 344 -416  1
3823500 2818500  7  4  2  16.5 1002 217  0.1 3 10.5  86    0    0 341 -412  1
3823500 2818500  7  4  3  16.3 1002 211  0.9 6 10.6  89    0    0 348 -407  1
3823500 2818500  7  4  4  16.6 1002 209  0.6 8 10.6  90    0    0 363 -403  1
3823500 2818500  7  4  5  16.7 1002 223  0.3 7 10.5  87    0    9 366 -400  1
3823500 2818500  7  4  6  16.6 1002 198  0.1 7 10.4  86   25   53 361 -399  1
3823500 2818500  7  4  7  19.1 1002 212  0.5 5 10.5  81  101  108 356 -404  1
3823500 2818500  7  4  8  20.6 1002 212  1.9 4 10.3  70  253  126 353 -413  1
3823500 2818500  7  4  9  22.2 1004 211  2.3 4  9.8  61  439  111 356 -425  1
3823500 2818500  7  4 10  24.0 1004 216  3.0 4 10.0  56  450  185 364 -438  1
3823500 2818500  7  4 11  24.2 1004 227  2.9 5 10.5  55  127  357 372 -451  1
3823500 2818500  7  4 12  23.6 1003 224  1.7 7 10.9  58    1  252 380 -465  1
3823500 2818500  7  4 13  24.2 1003 214  1.6 7 11.1  59   21  328 387 -475  1
3823500 2818500  7  4 14  25.0 1003 267  1.5 6 11.0  56  159  375 389 -482  1
3823500 2818500  7  4 15  26.1 1003 222  0.8 6 11.1  54  123  342 392 -484  1
3823500 2818500  7  4 16  26.9 1003  16  1.8 7 11.5  52   69  291 399 -482  1
3823500 2818500  7  4 17  25.9 1002 335  1.2 6 11.7  53  129  238 398 -473  1
3823500 2818500  7  4 18  26.0 1002  41  1.7 6 11.7  55   69  177 393 -463  1
3823500 2818500  7  4 19  25.3 1001  53  1.1 7 11.9  57    7   93 396 -456  1
3823500 2818500  7  4 20  24.2 1001  47  2.1 7 12.1  61    2   39 397 -448  1
3823500 2818500  7  4 21  22.4 1001  50  1.9 7 12.1  66    4   13 394 -441  1
3823500 2818500  7  4 22  21.3 1001  52  0.5 7 12.0  72    0    0 391 -433  1
3823500 2818500  7  4 23  21.0 1000  48  1.1 7 11.8  74    0    0 390 -429  1
3823500 2818500  7  4 24  20.6  999  61  1.4 7 11.7  75    0    0 388 -424  1
3823500 2818500  7  5  1  20.2  999  75  3.1 7 11.7  77    0    0 387 -417  1
3823500 2818500  7  5  2  19.8  998 106  2.6 8 11.9  80    0    0 391 -413  1
3823500 2818500  7  5  3  17.8  997 130  1.6 8 12.0  86    0    0 391 -412  1
3823500 2818500  7  5  4  17.8  996 160  0.6 7 12.0  92    0    0 384 -412  1
3823500 2818500  7  5  5  17.8  996 262  2.7 7 12.2  94    0    2 380 -412  1
3823500 2818500  7  5  6  17.7  996 240  1.1 7 12.2  94    4   45 380 -413  1
3823500 2818500  7  5  7  18.6  997 234  0.3 7 12.4  93    0   58 381 -415  1
3823500 2818500  7  5  8  18.6  997 306  2.3 8 12.4  90    0   54 387 -415  1
3823500 2818500  7  5  9  18.0  997 273  3.2 8 11.9  89    0   63 388 -414  1
3823500 2818500  7  5 10  17.9  997 273  1.2 8 11.8  90    0   85 386 -414  1
3823500 2818500  7  5 11  18.2  998 263  3.7 7 12.0  91    0  170 383 -416  1
3823500 2818500  7  5 12  19.6 1000 251  2.7 6 12.4  89   56  353 381 -428  1
3823500 2818500  7  5 13  21.5 1000 232  3.8 6 12.8  83  175  378 386 -442  1
3823500 2818500  7  5 14  22.1 1000 234  4.1 8 12.6  76   37  333 397 -443  1
3823500 2818500  7  5 15  20.2 1001 225  5.9 7 12.3  77    5  246 396 -446  1
3823500 2818500  7  5 16  21.8 1001 234  6.4 4 11.6  74  337  225 383 -450  1
3823500 2818500  7  5 17  20.4 1001 211  5.8 6 10.9  68  185  218 377 -450  1
3823500 2818500  7  5 18  19.9 1002 229  5.0 5 10.7  71  178  146 373 -450  1
3823500 2818500  7  5 19  19.6 1002 231  4.8 3 10.6  72  164   72 360 -444  1
3823500 2818500  7  5 20  18.3 1001 191  4.4 4 10.4  75   63   46 352 -438  1
3823500 2818500  7  5 21  17.2 1001 226  2.7 5 10.3  80    6   13 353 -430  1
3823500 2818500  7  5 22  16.7 1002 298  2.1 4 10.4  85    0    0 348 -423  1
3823500 2818500  7  5 23  16.2 1002 315  0.7 5 10.6  90    0    0 343 -419  1
3823500 2818500  7  5 24  16.0 1003 321  1.3 7 10.6  91    0    0 353 -416  1
3823500 2818500  7  6  1  15.8 1003 339  1.6 7 10.5  92    0    0 361 -414  1
3823500 2818500  7  6  2  15.3 1003   6  1.5 7 10.4  93    0    0 359 -413  1
3823500 2818500  7  6  3  15.2 1003  36  1.2 7 10.2  93    0    0 359 -412  1
3823500 2818500  7  6  4  14.9 1003 339  1.3 6 10.0  92    0    0 356 -411  1
3823500 2818500  7  6  5  15.1 1003  11  1.1 7 10.1  93    0    3 357 -410  1
3823500 2818500  7  6  6  15.3 1004 354  0.7 7 10.1  92    0   18 362 -410  1
3823500 2818500  7  6  7  15.7 1004  18  1.4 7 10.2  91    0   41 364 -411  1
3823500 2818500  7  6  8  16.3 1004  23  2.1 6 10.1  88    7  143 362 -416  1
3823500 2818500  7  6  9  17.7 1004 343  1.7 5 10.0  81   93  236 357 -424  1
3823500 2818500  7  6 10  18.4 1005 346  1.9 7  9.8  75   49  285 367 -430  1
3823500 2818500  7  6 11  19.3 1005 349  2.2 7  9.6  70   15  287 381 -436  1
3823500 2818500  7  6 12  19.5 1005 346  2.4 7  9.7  68   15  299 385 -447  1
3823500 2818500  7  6 13  20.2 1005   0  1.8 7  9.7  66   42  335 387 -460  1
3823500 2818500  7  6 14  20.9 1006   0  2.0 6  9.8  64  103  342 385 -452  1
3823500 2818500  7  6 15  21.1 1006  16  2.5 7  9.6  61   89  310 383 -444  1
3823500 2818500  7  6 16  21.3 1006 333  2.5 7  9.3  59   17  238 383 -447  1
3823500 2818500  7  6 17  21.1 1006  30  2.2 7  9.3  58    2  171 381 -443  1
3823500 2818500  7  6 18  21.0 1006  29  2.4 6  9.4  60    7  138 376 -436  1
3823500 2818500  7  6 19  21.4 1007  14  1.9 7  9.7  61    0   70 378 -426  1
3823500 2818500  7  6 20  20.3 1007 320  0.3 7 10.2  66    1   37 380 -422  1
3823500 2818500  7  6 21  19.1 1007   3  2.7 7 10.4  72    0    2 377 -416  1
3823500 2818500  7  6 22  18.0 1008 337  1.5 6 10.3  76    0    0 368 -413  1
3823500 2818500  7  6 23  17.1 1009 342  1.3 6 10.0  79    0    0 360 -411  1
3823500 2818500  7  6 24  16.2 1009 356  1.0 6  9.8  82    0    0 357 -409  1
3823500 2818500  7  7  1  14.8 1009 342  0.1 6  9.6  87    0    0 353 -408  1
3823500 2818500  7  7  2  14.6 1010 324  0.4 6  9.5  91    0    0 351 -405  1
3823500 2818500  7  7  3  13.9 1010 329  0.3 7  9.4  92    0    0 355 -401  1
3823500 2818500  7  7  4  14.2 1010 333  0.5 6  9.5  94    0    0 354 -396  1
3823500 2818500  7  7  5  14.3 1011 343  0.5 7  9.8  96    0    3 356 -393  1
3823500 2818500  7  7  6  14.6 1011 356  0.1 7  9.8  95    7   51 361 -392  1
3823500 2818500  7  7  7  15.2 1012 342  1.1 6  9.8  92   12  109 357 -397  1
3823500 2818500  7  7  8  16.8 1012 330  0.8 5  9.9  87   59  202 353 -404  1
3823500 2818500  7  7  9  18.2 1012 322  0.2 4  9.8  78  184  270 350 -412  1
3823500 2818500  7  7 10  19.8 1013 333  0.3 5  9.7  70  187  341 356 -421  1
3823500 2818500  7  7 11  20.3 1013 358  1.0 5  9.9  67  275  372 368 -432  1
3823500 2818500  7  7 12  21.8 1013 332  1.0 5  9.9  63  267  409 373 -436  1
3823500 2818500  7  7 13  22.4 1013 323  1.5 6  9.9  59  275  416 381 -431  1
3823500 2818500  7  7 14  23.1 1013 350  1.8 5  9.9  57  332  384 383 -429  1
3823500 2818500  7  7 15  24.3 1014  13  2.1 5 10.0  54  267  366 383 -435  1
3823500 2818500  7  7 16  23.1 1014  17  1.9 5  9.8  54  147  329 378 -442  1
3823500 2818500  7  7 17  23.7 1014 353  1.5 6  9.8  54   89  262 377 -441  1
3823500 2818500  7  7 18  21.6 1014 320  1.5 4 10.1  59  115  195 370 -435  1
3823500 2818500  7  7 19  20.5 1014 318  1.0 5 10.6  68   37  120 361 -427  1
3823500 2818500  7  7 20  17.2 1014 301  1.5 7 10.5  77    9   51 360 -418  1
3823500 2818500  7  7 21  16.8 1015 303  1.0 7 10.1  84    0    5 356 -407  1
3823500 2818500  7  7 22  15.7 1016 304  0.1 6 10.0  86    0    0 346 -397  1
3823500 2818500  7  7 23  15.4 1016 343  0.1 5 10.0  90    0    0 337 -389  1
3823500 2818500  7  7 24  14.1 1016 334  0.0 1  9.7  92    0    0 318 -385  1
3823500 2818500  7  8  1  13.9 1017 340  0.1 1  9.4  94    0    0 300 -381  1
3823500 2818500  7  8  2  13.8 1017 280  0.1 1  9.5  96    0    0 298 -377  1
3823500 2818500  7  8  3  15.0 1017 325  0.1 5  9.9  97    0    0 314 -374  1
3823500 2818500  7  8  4  15.1 1017 316  0.1 3 10.3  96    0    0 323 -372  1
3823500 2818500  7  8  5  15.5 1017 358  0.9 7 10.4  95    0    6 332 -369  1
3823500 2818500  7  8  6  15.5 1018   3  0.8 5 10.5  96    0   23 343 -369  1
3823500 2818500  7  8  7  16.1 1018   5  1.1 7 10.6  95    0   80 345 -373  1
3823500 2818500  7  8  8  17.1 1019  19  1.4 6 10.4  88   42  191 353 -382  1
3823500 2818500  7  8  9  17.9 1019  16  1.5 6 10.1  81   36  256 349 -394  1
3823500 2818500  7  8 10  18.7 1019  13  1.9 6  9.9  75   28  300 350 -406  1
3823500 2818500  7  8 11  18.5 1020 345  2.3 7  9.7  73    9  296 356 -418  1
3823500 2818500  7  8 12  19.3 1020 330  2.6 7  9.8  72    8  298 364 -428  1
3823500 2818500  7  8 13  21.2 1020  19  2.2 4  9.7  66  350  378 358 -436  1
3823500 2818500  7  8 14  22.4 1020  22  3.0 2  9.4  58  651  211 342 -441  1
3823500 2818500  7  8 15  23.3 1020 346  3.0 2  9.2  53  575  211 337 -444  1
3823500 2818500  7  8 16  23.9 1019  12  3.2 3  9.2  51  334  273 344 -445  1
3823500 2818500  7  8 17  23.0 1019 354  3.4 3  9.3  52  267  224 347 -441  1
3823500 2818500  7  8 18  22.0 1019   2  2.6 3  9.2  54  185  170 344 -434  1
3823500 2818500  7  8 19  22.1 1019  26  2.3 2  9.0  55  158  100 337 -426  1
3823500 2818500  7  8 20  20.8 1019  19  2.5 2  8.9  56   63   59 329 -417  1
3823500 2818500  7  8 21  18.8 1019  30  1.9 1  8.8  61    6   15 318 -408  1
3823500 2818500  7  8 22  17.4 1020  11  1.7 1  8.7  68    0    0 307 -399  1
3823500 2818500  7  8 23  16.0 1020  21  1.7 1  8.7  73    0    0 300 -393  1
3823500 2818500  7  8 24  14.9 1021  19  0.1 2  8.5  78    0    0 298 -389  1
3823500 2818500  7  9  1  13.9 1021  24  0.9 0  8.3  82    0    0 290 -386  1
3823500 2818500  7  9  2  13.0 1021  22  0.8 1  8.2  86    0    0 282 -383  1
3823500 2818500  7  9  3  12.0 1021  19  0.3 1  7.9  88    0    0 282 -380  1
3823500 2818500  7  9  4  11.9 1021  14  0.7 0  7.8  90    0    0 275 -377  1
3823500 2818500  7  9  5  12.1 1021  19  0.2 0  7.9  90    0    4 270 -373  1
3823500 2818500  7  9  6  13.1 1021  33  0.1 0  8.3  92   16   50 271 -371  1
3823500 2818500  7  9  7  15.5 1021  31  0.7 1  8.8  87  115  101 281 -374  1
3823500 2818500  7  9  8  17.9 1021  48  2.8 0  8.9  76  283  109 289 -384  1
3823500 2818500  7  9  9  19.3 1021  48  2.4 1  8.8  66  443  107 296 -398  1
3823500 2818500  7  9 10  20.5 1021  33  3.6 1  8.7  60  562  115 307 -413  1
3823500 2818500  7  9 11  21.6 1020  48  3.9 2  8.9  58  532  198 318 -428  1
3823500 2818500  7  9 12  21.9 1020  55  4.2 3  9.3  58  509  249 330 -440  1
3823500 2818500  7  9 13  23.1 1020  82  3.2 4  9.6  57  306  349 341 -448  1
3823500 2818500  7  9 14  24.2 1019  76  3.7 4  9.6  53  386  306 347 -454  1
3823500 2818500  7  9 15  25.3 1019  79  3.7 3  9.2  48  477  224 343 -456  1
3823500 2818500  7  9 16  25.6 1019  79  3.6 3  8.8  44  459  172 337 -456  1
3823500 2818500  7  9 17  26.0 1019  69  3.7 3  8.3  40  354  150 336 -451  1
3823500 2818500  7  9 18  26.0 1018  61  2.3 2  7.6  36  335   75 332 -444  1
3823500 2818500  7  9 19  25.7 1018  72  1.5 1  7.3  35  203   62 324 -436  1
3823500 2818500  7  9 20  24.2 1017  62  2.5 1  7.4  38   77   45 319 -427  1
3823500 2818500  7  9 21  21.7 1017  52  1.5 1  7.6  44    7   14 312 -417  1
3823500 2818500  7  9 22  20.1 1017  58  0.9 1  7.5  49    0    0 304 -407  1
3823500 2818500  7  9 23  18.9 1017  60  0.9 1  7.2  51    0    0 299 -400  1
3823500 2818500  7  9 24  18.3 1017  75  0.9 2  7.0  53    0    0 298 -394  1
3823500 2818500  7 10  1  17.4 1017  65  0.3 2  6.8  54    0    0 297 -389  1
3823500 2818500  7 10  2  15.8 1017  74  0.3 2  6.7  57    0    0 291 -385  1
3823500 2818500  7 10  3  15.1 1016  60  0.2 2  6.7  61    0    0 287 -382  1
3823500 2818500  7 10  4  14.3 1016  57  0.8 3  6.6  64    0    0 288 -378  1
3823500 2818500  7 10  5  13.6 1016  49  0.6 5  6.6  67    0    3 296 -375  1
3823500 2818500  7 10  6  14.2 1016  36  0.2 6  6.7  68    3   42 306 -373  1
3823500 2818500  7 10  7  15.3 1016  63  1.1 5  7.0  67   33  118 307 -376  1
3823500 2818500  7 10  8  17.9 1016  74  1.6 5  7.3  62  113  195 310 -383  1
3823500 2818500  7 10  9  20.0 1015  61  1.9 4  7.9  58  330  202 317 -396  1
3823500 2818500  7 10 10  21.5 1015  56  3.0 4  8.6  56  459  216 325 -410  1
3823500 2818500  7 10 11  22.2 1014  56  3.5 4  8.8  54  452  285 332 -423  1
3823500 2818500  7 10 12  23.6 1014  54  3.2 5  9.2  52  468  316 342 -435  1
3823500 2818500  7 10 13  25.5 1014  67  3.1 5  9.9  52  617  247 353 -444  1
3823500 2818500  7 10 14  26.4 1014  71  3.6 5 10.7  51  665  202 361 -451  1
3823500 2818500  7 10 15  27.0 1013  79  3.5 4 10.9  50  521  242 365 -454  1
3823500 2818500  7 10 16  27.3 1013  68  3.7 3 10.9  48  451  214 363 -455  1
3823500 2818500  7 10 17  27.7 1012  75  3.5 2 10.7  46  395  164 359 -452  1
3823500 2818500  7 10 18  27.4 1012  65  2.3 3 10.6  46  246  146 359 -447  1
3823500 2818500  7 10 19  26.7 1011  65  3.2 3 10.6  47  102  115 361 -439  1
3823500 2818500  7 10 20  25.6 1011  65  1.9 2 10.6  50   55   59 355 -431  1
3823500 2818500  7 10 21  23.3 1012  49  0.7 2 10.6  55    7   15 345 -426  1
3823500 2818500  7 10 22  21.5 1011  37  1.2 2 10.6  62    0    0 335 -421  1
3823500 2818500  7 10 23  21.2 1011  39  0.8 2 10.6  66    0    0 329 -417  1
3823500 2818500  7 10 24  20.8 1011  43  1.0 1 10.6  68    0    0 321 -414  1
3823500 2818500  7 11  1  19.8 1011  46  1.4 2 10.6  70    0    0 320 -411  1
3823500 2818500  7 11  2  19.3 1011  54  1.2 2 10.5  74    0    0 322 -407  1
3823500 2818500  7 11  3  18.5 1011  62  1.1 2 10.4  76    0    0 319 -403  1
3823500 2818500  7 11  4  18.1 1011  65  1.4 1 10.3  78    0    0 311 -400  1
3823500 2818500  7 11  5  17.9 1011  65  1.5 1 10.3  79    0    3 303 -397  1
3823500 2818500  7 11  6  18.5 1011  63  1.3 2 10.2  78    7   46 305 -395  1
3823500 2818500  7 11  7  18.9 1011  59  2.3 3 10.2  76   70  116 312 -397  1
3823500 2818500  7 11  8  21.0 1011  54  2.6 4 10.3  70  196  159 325 -404  1
3823500 2818500  7 11  9  23.3 1011  58  2.3 3 10.1  60  356  169 333 -414  1
3823500 2818500  7 11 10  24.8 1012  59  3.6 3  9.9  52  501  169 336 -427  1
3823500 2818500  7 11 11  25.7 1011  59  4.0 2  9.8  49  603  173 339 -440  1
3823500 2818500  7 11 12  26.3 1011  71  4.5 2  9.9  47  576  231 339 -451  1
3823500 2818500  7 11 13  27.0 1011  85  3.9 3  9.8  45  582  242 349 -461  1
3823500 2818500  7 11 14  27.6 1010  80  3.9 2  9.4  41  643  188 354 -468  1
3823500 2818500  7 11 15  28.0 1010  64  3.1 2  9.2  39  686  118 353 -471  1
3823500 2818500  7 11 16  28.3 1009  80  4.3 1  8.8  37  575  121 352 -469  1
3823500 2818500  7 11 17  28.1 1009  62  4.2 1  8.6  36  449  114 347 -464  1
3823500 2818500  7 11 18  28.5 1009  64  3.4 1  8.7  36  258  126 348 -456  1
3823500 2818500  7 11 19  28.2 1009  76  2.6 1  8.7  36  133   97 348 -449  1
3823500 2818500  7 11 20  27.0 1009  67  1.5 2  8.7  38   33   52 352 -444  1
3823500 2818500  7 11 21  24.1 1009  69  2.5 3  9.0  44    0   10 355 -438  1
3823500 2818500  7 11 22  22.5 1009  16  0.3 4  9.4  52    0    0 358 -431  1
3823500 2818500  7 11 23  22.2 1009  34  0.6 3  9.6  57    0    0 356 -426  1
3823500 2818500  7 11 24  21.5 1008  74  0.7 1  9.5  58    0    0 343 -425  1
3823500 2818500  7 12  1  20.1 1008  42  1.5 0  9.6  62    0    0 329 -423  1
3823500 2818500  7 12  2  20.1 1008  61  1.1 0  9.8  66    0    0 323 -420  1
3823500 2818500  7 12  3  19.1 1007  47  1.0 0 10.0  69    0    0 321 -417  1
3823500 2818500  7 12  4  19.3 1007  53  0.7 4 10.0  71    0    0 335 -414  1
3823500 2818500  7 12  5  19.8 1007  61  1.2 6 10.0  70    0    1 361 -413  1
3823500 2818500  7 12  6  20.0 1006  37  1.3 6 10.1  69    0   26 370 -413  1
3823500 2818500  7 12  7  21.2 1006  48  2.5 5 10.4  68   16  104 368 -414  1
3823500 2818500  7 12  8  22.5 1007  45  1.7 5 10.9  66   73  191 369 -417  1
3823500 2818500  7 12  9  24.0 1007  67  1.9 3 11.3  62  281  212 366 -423  1
3823500 2818500  7 12 10  25.4 1007  77  3.8 1 11.4  58  491  181 356 -434  1
3823500 2818500  7 12 11  26.1 1006  77  3.4 1 11.6  55  602  181 353 -447  1
3823500 2818500  7 12 12  26.8 1006  76  2.9 1 11.8  54  695  167 356 -459  1
3823500 2818500  7 12 13  27.7 1005  83  2.9 2 11.9  52  499  296 365 -472  1
3823500 2818500  7 12 14  28.6 1005  61  3.4 3 11.8  49  324  359 379 -481  1
3823500 2818500  7 12 15  29.4 1004  77  2.8 3 11.7  46  276  337 389 -487  1
3823500 2818500  7 12 16  28.4 1003  41  3.1 4 11.7  46  114  296 391 -489  1
3823500 2818500  7 12 17  25.0 1003  90  2.4 6 12.2  55    1  158 391 -484  1
3823500 2818500  7 12 18  23.0 1003 153  2.0 6 12.8  68   32  164 388 -475  1
3823500 2818500  7 12 19  22.1 1003  55  2.7 6 12.6  73   40  111 381 -466  1
3823500 2818500  7 12 20  20.5 1003 155  0.5 7 12.4  77   10   48 380 -457  1
3823500 2818500  7 12 21  19.8 1003  24  0.3 7 12.6  84    0    4 381 -447  1
3823500 2818500  7 12 22  19.1 1002  86  0.1 5 12.4  87    0    0 370 -439  1
3823500 2818500  7 12 23  18.1 1002  74  0.2 4 12.1  88    0    0 352 -433  1
3823500 2818500  7 12 24  17.6 1001 104  0.3 4 11.9  91    0    0 344 -430  1
3823500 2818500  7 13  1  17.1 1001 356  0.0 2 11.5  92    0    0 333 -426  1
3823500 2818500  7 13  2  16.4 1001  14  0.1 0 11.2  92    0    0 310 -423  1
3823500 2818500  7 13  3  16.0 1000 332  0.1 1 10.9  94    0    0 303 -420  1
3823500 2818500  7 13  4  15.3 1000 344  0.0 2 10.6  94    0    0 310 -417  1
3823500 2818500  7 13  5  15.4  999 356  0.0 2 10.2  92    0    0 309 -415  1
3823500 2818500  7 13  6  16.8  999 100  0.0 4 10.8  93    0   13 319 -414  1
3823500 2818500  7 13  7  19.7  999 356  0.1 4 12.6  94   12  110 336 -418  1
3823500 2818500  7 13  8  22.6  999 173  0.7 2 13.3  83  132  213 334 -426  1
3823500 2818500  7 13  9  24.2  999 327  0.8 2 12.9  70  195  286 331 -436  1
3823500 2818500  7 13 10  25.0  999 217  1.4 3 12.4  63  146  362 345 -448  1
3823500 2818500  7 13 11  25.7  998 210  1.5 3 12.4  60  190  414 358 -458  1
3823500 2818500  7 13 12  26.7  998 234  2.5 3 12.7  58  206  445 367 -468  1
3823500 2818500  7 13 13  26.1  998 221  2.8 3 12.5  57  389  414 376 -477  1
3823500 2818500  7 13 14  26.9  997 235  2.8 3 12.4  56  297  429 382 -483  1
3823500 2818500  7 13 15  26.3  996 235  3.5 5 12.8  58   77  356 394 -485  1
3823500 2818500  7 13 16  25.4  996 227  1.9 5 13.3  62   90  323 398 -481  1
3823500 2818500  7 13 17  24.0  995 274  4.2 4 13.0  65  146  284 387 -473  1
3823500 2818500  7 13 18  23.5  995 301  3.4 3 12.8  68  175  197 370 -464  1
3823500 2818500  7 13 19  22.6  995 284  2.4 4 12.9  71   77  132 361 -454  1
3823500 2818500  7 13 20  21.5  995 257  2.8 6 13.0  76   19   57 370 -446  1
3823500 2818500  7 13 21  20.7  996 273  2.3 6 12.8  80    0    7 377 -439  1
3823500 2818500  7 13 22  19.2  995 263  2.7 5 12.4  83    0    0 369 -431  1
3823500 2818500  7 13 23  18.6  996 270  2.2 5 12.1  86    0    0 362 -425  1
3823500 2818500  7 13 24  18.5  996 276  2.8 7 11.4  84    0    0 369 -421  1
3823500 2818500  7 14  1  17.8  996 280  3.1 8 11.0  83    0    0 379 -417  1
3823500 2818500  7 14  2  17.6  995 277  2.7 7 10.9  84    0    0 377 -414  1
3823500 2818500  7 14  3  17.0  995 281  3.2 6 10.5  84    0    0 367 -409  1
3823500 2818500  7 14  4  16.7  995 261  2.9 6 10.2  83    0    0 362 -403  1
3823500 2818500  7 14  5  16.4  995 242  2.1 8 10.0  83    0    5 368 -399  1
3823500 2818500  7 14  6  16.3  994 232  2.4 7 10.0  85    4   41 368 -399  1
3823500 2818500  7 14  7  16.7  995 246  3.0 7 10.3  86    2   75 363 -403  1
3823500 2818500  7 14  8  17.3  995 248  3.6 7 10.4  84    1  120 365 -407  1
3823500 2818500  7 14  9  17.8  995 247  3.6 7 10.4  81    2  174 367 -410  1
3823500 2818500  7 14 10  17.1  995 256  3.3 6 10.4  82   72  296 364 -414  1
3823500 2818500  7 14 11  19.7  996 259  5.0 3 10.7  79  348  299 354 -420  1
3823500 2818500  7 14 12  19.2  997 290  4.5 6 10.7  74   89  340 362 -427  1
3823500 2818500  7 14 13  18.5  997 287  5.3 7 10.1  72   20  292 375 -432  1
3823500 2818500  7 14 14  19.9  998 291  4.1 5  9.6  68  134  349 372 -437  1
3823500 2818500  7 14 15  20.2  998 284  5.6 4  8.8  59  211  326 361 -442  1
3823500 2818500  7 14 16  20.4  999 288  6.6 4  7.8  51  324  244 353 -442  1
3823500 2818500  7 14 17  19.1  999 289  6.2 5  7.3  50  167  225 351 -439  1
3823500 2818500  7 14 18  17.7  999 280  5.3 6  7.2  54   71  165 350 -432  1
3823500 2818500  7 14 19  16.9  999 295  3.2 6  7.4  59   51  105 349 -421  1
3823500 2818500  7 14 20  16.5 1000 292  0.8 7  7.4  61   14   47 350 -412  1
3823500 2818500  7 14 21  14.6 1000 278  2.5 5  7.3  65    0    6 344 -404  1
3823500 2818500  7 14 22  13.4 1001 264  0.8 5  7.3  72    0    0 332 -395  1
3823500 2818500  7 14 23  13.7 1001 239  0.3 5  7.5  76    0    0 331 -389  1
3823500 2818500  7 14 24  13.7 1001 227  0.5 5  7.8  78    0    0 332 -384  1
3823500 2818500  7 15  1  13.4 1002 240  2.6 5  8.1  82    0    0 332 -379  1
3823500 2818500  7 15  2  12.9 1002 226  1.4 6  8.3  87    0    0 335 -375  1
3823500 2818500  7 15  3  12.8 1002 232  2.0 7  8.2  88    0    0 342 -372  1
3823500 2818500  7 15  4  13.1 1002 230  2.1 7  8.3  88    0    0 347 -370  1
3823500 2818500  7 15  5  12.7 1002 246  2.2 5  8.4  89    0    0 337 -368  1
3823500 2818500  7 15  6  13.2 1002 247  2.2 3  8.6  91    0   33 317 -369  1
3823500 2818500  7 15  7  14.5 1003 250  2.4 3  8.9  89   48  124 310 -374  1
3823500 2818500  7 15  8  15.9 1003 265  3.7 3  8.9  82  160  189 311 -386  1
3823500 2818500  7 15  9  16.8 1003 260  3.2 3  8.4  71  218  257 312 -402  1
3823500 2818500  7 15 10  18.0 1003 261  4.2 3  7.9  63  323  296 316 -419  1
3823500 2818500  7 15 11  18.3 1003 252  3.6 5  7.6  58  204  383 330 -433  1
3823500 2818500  7 15 12  18.4 1003 268  3.9 6  7.4  56   59  348 344 -444  1
3823500 2818500  7 15 13  18.6 1003 239  2.6 5  7.6  57  122  399 346 -452  1
3823500 2818500  7 15 14  18.1 1003 251  1.5 7  7.6  57    9  263 349 -457  1
3823500 2818500  7 15 15  17.9 1003 251  1.5 5  7.8  60   70  330 348 -458  1
3823500 2818500  7 15 16  18.4 1004 210  4.0 6  8.3  63   61  283 345 -451  1
3823500 2818500  7 15 17  19.1 1004 265  2.4 5  8.4  61  180  258 347 -446  1
3823500 2818500  7 15 18  19.7 1004 287  2.8 4  8.1  57  157  183 344 -442  1
3823500 2818500  7 15 19  19.7 1004 274  2.1 3  7.9  55  126  115 339 -433  1
3823500 2818500  7 15 20  18.5 1004 291  1.5 2  7.9  56   41   60 330 -427  1
3823500 2818500  7 15 21  16.2 1005 318  0.7 1  7.8  62    1   10 316 -419  1
3823500 2818500  7 15 22  13.7 1005 277  0.8 1  7.6  71    0    0 304 -410  1
3823500 2818500  7 15 23  12.2 1005 249  0.2 1  7.4  79    0    0 296 -403  1
3823500 2818500  7 15 24  11.9 1006 228  0.1 0  7.5  85    0    0 290 -401  1
3823500 2818500  7 16  1  12.0 1006 203  0.3 3  7.6  87    0    0 297 -399  1
3823500 2818500  7 16  2  11.9 1006 180  0.4 4  7.8  89    0    0 312 -392  1
3823500 2818500  7 16  3  11.6 1007 202  0.4 4  7.8  90    0    0 315 -387  1
3823500 2818500  7 16  4   9.5 1007 169  0.7 2  7.4  92    0    0 302 -383  1
3823500 2818500  7 16  5   9.7 1007 208  0.8 4  7.1  94    0    0 299 -379  1
3823500 2818500  7 16  6  11.4 1007 179  0.9 6  7.5  94    1   36 318 -379  1
3823500 2818500  7 16  7  14.2 1007 211  0.7 6  8.7  93   13  101 334 -384  1
3823500 2818500  7 16  8  16.1 1008 236  1.3 6  9.1  84   31  179 340 -394  1
3823500 2818500  7 16  9  18.0 1008 257  1.6 5  8.5  69  215  252 339 -407  1
3823500 2818500  7 16 10  19.6 1008 267  2.4 5  7.8  57  386  259 337 -420  1
3823500 2818500  7 16 11  20.3 1008 263  2.3 5  7.3  50  423  306 340 -431  1
3823500 2818500  7 16 12  21.1 1009 264  3.3 6  7.1  46  487  314 347 -438  1
3823500 2818500  7 16 13  21.7 1009 258  3.2 5  7.1  45  524  307 351 -440  1
3823500 2818500  7 16 14  21.7 1009 299  3.9 5  7.2  44  310  383 350 -440  1
3823500 2818500  7 16 15  20.3 1009 255  4.1 6  7.3  47   17  263 351 -446  1
3823500 2818500  7 16 16  20.0 1010 246  3.9 6  7.7  52   12  220 352 -448  1
3823500 2818500  7 16 17  20.7 1010 254  4.1 4  7.9  53  243  235 348 -446  1
3823500 2818500  7 16 18  21.4 1010 287  4.8 4  7.9  50  171  174 344 -445  1
3823500 2818500  7 16 19  20.7 1010 273  3.7 5  8.1  52   73  116 347 -437  1
3823500 2818500  7 16 20  19.6 1010 250  2.3 3  8.3  56   44   58 341 -427  1
3823500 2818500  7 16 21  17.9 1010 245  1.6 2  8.4  62    3   11 325 -417  1
3823500 2818500  7 16 22  16.3 1010 222  1.7 4  8.4  68    0    0 321 -408  1
3823500 2818500  7 16 23  14.3 1011 211  1.1 3  8.3  76    0    0 317 -401  1
3823500 2818500  7 16 24  13.3 1011 219  1.4 2  8.1  82    0    0 303 -396  1
3823500 2818500  7 17  1  13.1 1011 209  1.4 0  8.2  86    0    0 290 -390  1
3823500 2818500  7 17  2  12.9 1011 186  1.5 0  8.2  88    0    0 283 -386  1
3823500 2818500  7 17  3  12.4 1011 182  1.3 0  8.1  89    0    0 281 -385  1
3823500 2818500  7 17  4  12.6 1011 183  1.4 3  8.1  89    0    0 290 -385  1
3823500 2818500  7 17  5  12.4 1011 203  1.4 5  8.0  88    0    1 307 -385  1
3823500 2818500  7 17  6  13.3 1010 181  1.5 4  8.1  88    9   44 309 -385  1
3823500 2818500  7 17  7  15.8 1010 186  1.1 3  8.8  85   78  110 306 -390  1
3823500 2818500  7 17  8  18.5 1010 202  1.9 1  9.4  77  217  145 303 -402  1
3823500 2818500  7 17  9  20.1 1010 215  3.4 1  9.5  68  356  165 303 -419  1
3823500 2818500  7 17 10  21.5 1010 228  4.4 1  9.3  61  475  181 312 -437  1
3823500 2818500  7 17 11  22.0 1010 243  5.0 2  9.3  57  434  268 323 -454  1
3823500 2818500  7 17 12  22.2 1010 246  4.3 3  9.4  56  322  353 332 -468  1
3823500 2818500  7 17 13  23.9 1011 252  4.5 3  9.6  54  511  279 340 -480  1
3823500 2818500  7 17 14  24.7 1010 266  3.7 3  9.8  51  662  176 346 -487  1
3823500 2818500  7 17 15  25.4 1010 225  4.6 2  9.9  50  655  140 347 -491  1
3823500 2818500  7 17 16  25.7 1010 261  4.3 2 10.0  49  540  142 347 -491  1
3823500 2818500  7 17 17  26.2 1010 287  3.5 2 10.1  48  422  128 348 -487  1
3823500 2818500  7 17 18  25.9 1009 319  4.1 2 10.2  48  298  108 348 -476  1
3823500 2818500  7 17 19  25.2 1009 255  3.3 3 10.4  50  136   93 348 -462  1
3823500 2818500  7 17 20  22.7 1009 300  1.6 5 10.6  57   58   50 347 -450  1
3823500 2818500  7 17 21  21.0 1009 306  1.2 4 10.6  64    4   12 341 -438  1
3823500 2818500  7 17 22  18.6 1008 324  0.5 3 10.3  71    0    0 332 -429  1
3823500 2818500  7 17 23  16.8 1009 353  0.0 2 10.0  78    0    0 322 -423  1
3823500 2818500  7 17 24  16.4 1009 124  0.0 3 10.0  84    0    0 319 -418  1
3823500 2818500  7 18  1  15.8 1009  29  0.3 4 10.0  86    0    0 320 -413  1
3823500 2818500  7 18  2  16.3 1009  49  0.8 5 10.0  87    0    0 323 -408  1
3823500 2818500  7 18  3  15.9 1009  89  0.4 5 10.1  87    0    0 327 -404  1
3823500 2818500  7 18  4  15.1 1009  86  0.4 5  9.7  87    0    0 327 -402  1
3823500 2818500  7 18  5  14.6 1008  86  0.6 4  9.4  89    0    0 327 -400  1
3823500 2818500  7 18  6  15.0 1008  74  0.8 5  9.6  91   13   46 330 -401  1
3823500 2818500  7 18  7  18.1 1008 106  0.8 3 10.7  90   80  110 335 -406  1
3823500 2818500  7 18  8  21.8 1008 124  1.4 2 11.8  80  182  160 340 -417  1
3823500 2818500  7 18  9  23.9 1009 133  1.9 2 11.4  65  311  189 347 -433  1
3823500 2818500  7 18 10  25.8 1009 155  2.0 3 10.7  54  439  202 358 -454  1
3823500 2818500  7 18 11  27.0 1009 142  2.3 3 10.4  48  548  205 368 -474  1
3823500 2818500  7 18 12  27.3 1008 109  2.3 3 10.4  46  636  194 373 -491  1
3823500 2818500  7 18 13  28.7 1008 127  2.2 3 10.2  43  671  187 378 -505  1
3823500 2818500  7 18 14  29.1 1007 263  2.3 3  9.6  38  658  179 381 -512  1
3823500 2818500  7 18 15  30.2 1007 227  1.8 2  9.2  35  641  149 380 -513  1
3823500 2818500  7 18 16  29.8 1006 173  2.0 2  8.9  34  526  150 377 -510  1
3823500 2818500  7 18 17  30.7 1006 204  1.2 3  8.6  32  412  132 380 -501  1
3823500 2818500  7 18 18  31.0 1006  48  1.6 3  8.5  30  282  114 383 -488  1
3823500 2818500  7 18 19  29.7 1005   4  1.4 4  8.8  32  139   92 382 -476  1
3823500 2818500  7 18 20  27.6 1005  26  1.3 6  9.4  38   42   50 385 -464  1
3823500 2818500  7 18 21  24.2 1005  41  0.4 6 10.0  47    3   10 381 -452  1
3823500 2818500  7 18 22  21.2 1005  44  0.7 6 10.5  60    0    0 369 -441  1
3823500 2818500  7 18 23  20.2 1005  19  1.2 5 10.6  69    0    0 358 -433  1
3823500 2818500  7 18 24  19.4 1004  87  1.1 4 10.5  72    0    0 349 -426  1
3823500 2818500  7 19  1  18.9 1004  57  0.6 4 10.5  75    0    0 345 -420  1
3823500 2818500  7 19  2  17.6 1004  97  0.8 3 10.3  78    0    0 339 -416  1
3823500 2818500  7 19  3  16.7 1004  46  0.5 2 10.0  81    0    0 329 -412  1
3823500 2818500  7 19  4  15.9 1003  98  0.8 2  9.9  85    0    0 323 -410  1
3823500 2818500  7 19  5  16.2 1003 165  1.3 3  9.9  86    0    0 323 -407  1
3823500 2818500  7 19  6  19.4 1003 162  1.4 2 10.4  80    1   36 328 -407  1
3823500 2818500  7 19  7  21.4 1004 171  2.0 2 11.0  72   50  108 334 -411  1
3823500 2818500  7 19  8  23.9 1004 188  2.2 1 11.2  64  169  164 338 -422  1
3823500 2818500  7 19  9  26.0 1004 191  3.2 1 11.5  58  316  186 344 -439  1
3823500 2818500  7 19 10  27.6 1004 211  3.3 1 11.9  53  454  193 353 -459  1
3823500 2818500  7 19 11  29.3 1004 220  3.1 1 12.3  50  576  189 363 -479  1
3823500 2818500  7 19 12  29.9 1004 226  3.1 0 12.4  47  669  177 368 -497  1
3823500 2818500  7 19 13  30.6 1004 221  3.6 1 12.1  44  628  213 374 -511  1
3823500 2818500  7 19 14  30.6 1003 217  4.6 3 11.7  42  360  336 383 -521  1
3823500 2818500  7 19 15  31.0 1003 239  4.0 2 11.5  41  569  190 387 -525  1
3823500 2818500  7 19 16  30.4 1003 230  3.7 3 11.2  40  470  180 386 -523  1
3823500 2818500  7 19 17  27.7 1003 159  4.4 4 11.6  46   98  236 383 -516  1
3823500 2818500  7 19 18  21.9 1003 162  3.8 8 12.0  60    0   37 375 -505  1
3823500 2818500  7 19 19  19.9 1003 137  1.8 6 12.3  78    0   49 363 -491  1
3823500 2818500  7 19 20  20.6 1003 128  2.0 6 12.8  84    8   42 360 -478  1
3823500 2818500  7 19 21  19.7 1003 331  1.2 6 12.8  86    3   10 363 -466  1
3823500 2818500  7 19 22  20.2 1003 136  1.8 6 12.7  86    0    0 364 -457  1
3823500 2818500  7 19 23  20.3 1004 161  1.3 6 12.7  84    0    0 368 -451  1
3823500 2818500  7 19 24  19.7 1003 195  1.6 5 12.7  86    0    0 368 -446  1
3823500 2818500  7 20  1  19.4 1003 147  0.3 4 12.6  87    0    0 363 -443  1
3823500 2818500  7 20  2  19.0 1003 202  0.6 2 12.3  87    0    0 356 -440  1
3823500 2818500  7 20  3  18.6 1003 258  1.5 1 12.1  88    0    0 348 -437  1
3823500 2818500  7 20  4  17.9 1003 229  2.4 3 11.7  88    0    0 349 -435  1
3823500 2818500  7 20  5  17.5 1003 129  2.0 6 11.3  88    0    1 359 -432  1
3823500 2818500  7 20  6  17.7 1003 167  1.7 7 11.1  87    0   22 368 -428  1
3823500 2818500  7 20  7  18.6 1003 185  1.5 7 11.1  84    6   85 372 -427  1
3823500 2818500  7 20  8  20.6 1003 236  2.8 6 11.4  79   68  168 373 -430  1
3823500 2818500  7 20  9  21.7 1004 193  3.5 7 11.7  73   70  237 379 -433  1
3823500 2818500  7 20 10  23.0 1003 197  3.2 7 11.8  69   21  274 390 -432  1
3823500 2818500  7 20 11  23.1 1003 212  4.4 5 11.9  67  295  291 388 -428  1
3823500 2818500  7 20 12  24.7 1003 224  5.2 4 11.5  61  274  333 381 -430  1
3823500 2818500  7 20 13  25.8 1003 223  5.3 5 11.2  55  292  337 388 -435  1
3823500 2818500  7 20 14  26.5 1002 235  5.3 5 11.2  52  262  331 396 -446  1
3823500 2818500  7 20 15  27.3 1002 230  5.9 4 10.9  48  253  303 395 -460  1
3823500 2818500  7 20 16  25.8 1001 217  4.4 5 10.3  47  150  270 392 -465  1
3823500 2818500  7 20 17  23.5 1001 253  4.2 6 10.5  53   97  222 391 -460  1
3823500 2818500  7 20 18  23.4 1002 249  3.8 5 11.5  62  153  146 389 -453  1
3823500 2818500  7 20 19  23.8 1001 236  3.9 4 11.4  61  106   88 382 -447  1
3823500 2818500  7 20 20  23.7 1001 232  3.0 5 11.1  60   12   40 380 -443  1
3823500 2818500  7 20 21  23.1 1001 231  3.3 5 10.9  59    0    3 382 -438  1
3823500 2818500  7 20 22  21.1 1001 220  3.4 4 10.6  63    0    0 373 -433  1
3823500 2818500  7 20 23  20.8 1001 212  3.1 4 10.8  69    0    0 365 -429  1
3823500 2818500  7 20 24  20.1 1001 238  3.4 4 10.9  71    0    0 364 -425  1
3823500 2818500  7 21  1  19.5 1001 252  2.8 5 11.0  75    0    0 367 -422  1
3823500 2818500  7 21  2  18.9 1000 230  3.4 4 11.0  78    0    0 366 -420  1
3823500 2818500  7 21  3  18.0 1000 232  3.0 3 10.5  78    0    0 357 -419  1
3823500 2818500  7 21  4  17.5 1000 234  2.9 4 10.0  78    0    0 355 -418  1
3823500 2818500  7 21  5  17.0 1001 228  2.9 5  9.9  79    0    0 359 -416  1
3823500 2818500  7 21  6  17.1 1001 230  3.5 5  9.7  79    0   25 361 -415  1
3823500 2818500  7 21  7  17.2 1001 231  3.9 6  9.6  77   15   92 363 -415  1
3823500 2818500  7 21  8  17.7 1001 240  4.0 6  9.6  76   26  159 367 -416  1
3823500 2818500  7 21  9  18.0 1002 233  4.3 5  9.6  74   85  231 364 -415  1
3823500 2818500  7 21 10  19.0 1002 246  5.9 5  9.2  68  147  283 363 -419  1
3823500 2818500  7 21 11  20.5 1002 243  6.4 2  8.6  59  657   80 355 -430  1
3823500 2818500  7 21 12  19.4 1002 216  6.0 6  8.1  55   19  298 356 -441  1
3823500 2818500  7 21 13  17.1 1002 227  6.4 7  8.3  63    0  219 364 -441  1
3823500 2818500  7 21 14  19.3 1003 212  8.5 6  8.1  62   46  314 361 -444  1
3823500 2818500  7 21 15  19.6 1003 292  6.4 7  7.6  53    0  200 362 -444  1
3823500 2818500  7 21 16  18.7 1003 254  5.4 7  7.5  53    0  140 361 -432  1
3823500 2818500  7 21 17  18.2 1003 265  6.5 5  7.4  56   80  219 351 -426  1
3823500 2818500  7 21 18  18.2 1004 235  7.1 5  6.9  52  156  137 341 -429  1
3823500 2818500  7 21 19  17.6 1004 268  3.7 6  6.3  49   45   96 339 -426  1
3823500 2818500  7 21 20  16.7 1004 255  4.8 6  6.2  50    7   37 339 -421  1
3823500 2818500  7 21 21  15.7 1004 239  4.1 6  6.3  55    0    6 337 -413  1
3823500 2818500  7 21 22  15.4 1004 235  4.2 8  6.6  60    0    0 342 -404  1
3823500 2818500  7 21 23  13.3 1004 250  2.3 8  7.2  70    0    0 347 -397  1
3823500 2818500  7 21 24  13.2 1004 230  4.7 7  7.7  80    0    0 342 -396  1
3823500 2818500  7 22  1  13.2 1004 231  2.6 6  7.8  82    0    0 334 -399  1
3823500 2818500  7 22  2  12.9 1004 218  4.3 7  7.7  81    0    0 334 -399  1
3823500 2818500  7 22  3  12.8 1004 231  4.2 7  7.7  83    0    0 339 -398  1
3823500 2818500  7 22  4  13.1 1004 238  3.1 8  7.9  84    0    0 347 -397  1
3823500 2818500  7 22  5  13.2 1004 232  3.5 7  8.0  84    0    0 351 -397  1
3823500 2818500  7 22  6  13.5 1004 227  3.2 6  8.1  84    0   14 344 -397  1
3823500 2818500  7 22  7  14.4 1004 233  2.7 7  8.2  82    1   79 345 -396  1
3823500 2818500  7 22  8  16.3 1004 243  4.3 5  8.4  76   94  193 344 -397  1
3823500 2818500  7 22  9  17.3 1004 233  3.3 4  8.3  69  174  261 334 -401  1
3823500 2818500  7 22 10  17.9 1004 256  3.6 4  7.5  59  279  307 332 -407  1
3823500 2818500  7 22 11  18.3 1004 254  4.7 4  6.9  53  155  352 333 -413  1
3823500 2818500  7 22 12  17.7 1004 263  5.5 4  7.1  54  168  409 334 -418  1
3823500 2818500  7 22 13  17.5 1004 270  5.7 5  7.1  56  100  399 338 -423  1
3823500 2818500  7 22 14  14.9 1004 253  5.7 8  7.6  65    2  249 349 -432  1
3823500 2818500  7 22 15  15.3 1005 264  4.2 8  8.3  76    2  227 358 -438  1
3823500 2818500  7 22 16  14.1 1005 250  3.2 7  8.7  82    0  168 355 -437  1
3823500 2818500  7 22 17  13.8 1005 252  3.2 7  9.1  91    0  136 351 -428  1
3823500 2818500  7 22 18  14.1 1005 247  2.7 7  9.3  92    0  115 353 -420  1
3823500 2818500  7 22 19  14.5 1005 280  3.1 7  9.6  93    0   70 356 -414  1
3823500 2818500  7 22 20  14.5 1006 296  2.4 8  9.8  94    0   27 362 -408  1
3823500 2818500  7 22 21  14.2 1006 306  3.6 8  9.8  95    0    8 368 -403  1
3823500 2818500  7 22 22  14.0 1007 308  2.8 7  9.6  95    0    0 364 -399  1
3823500 2818500  7 22 23  13.7 1007 307  2.7 7  9.5  95    0    0 359 -395  1
3823500 2818500  7 22 24  13.4 1008 297  3.2 7  9.3  95    0    0 358 -390  1
3823500 2818500  7 23  1  13.2 1008 295  2.1 8  9.1  95    0    0 361 -385  1
3823500 2818500  7 23  2  13.0 1009 290  2.1 8  8.8  93    0    0 365 -384  1
3823500 2818500  7 23  3  12.9 1009 292  1.5 8  8.6  92    0    0 363 -383  1
3823500 2818500  7 23  4  12.7 1010 304  2.4 7  8.4  91    0    0 359 -380  1
3823500 2818500  7 23  5  12.5 1010 307  2.7 7  8.3  90    0    0 352 -381  1
3823500 2818500  7 23  6  12.4 1010 309  2.4 7  8.1  90    0   12 349 -384  1
3823500 2818500  7 23  7  12.4 1011 307  2.1 7  8.1  90    1   72 348 -388  1
3823500 2818500  7 23  8  13.3 1011 311  2.4 6  8.2  88   25  149 342 -392  1
3823500 2818500  7 23  9  13.8 1011 296  2.4 7  8.1  83   22  206 342 -395  1
3823500 2818500  7 23 10  14.7 1012 315  1.5 6  7.9  78   44  272 343 -401  1
3823500 2818500  7 23 11  15.2 1012 319  3.1 7  7.7  72   33  208 345 -409  1
3823500 2818500  7 23 12  15.8 1012 319  3.5 7  7.5  68    1  234 350 -421  1
3823500 2818500  7 23 13  16.1 1013 312  3.1 7  7.4  65   18  288 348 -433  1
3823500 2818500  7 23 14  16.2 1013 306  2.9 7  7.4  64   17  273 344 -443  1
3823500 2818500  7 23 15  16.6 1013 327  4.7 7  7.3  63   17  251 341 -451  1
3823500 2818500  7 23 16  16.7 1014 314  3.1 7  7.1  60   83  243 339 -452  1
3823500 2818500  7 23 17  17.2 1014 324  3.1 7  6.9  58  158  177 339 -446  1
3823500 2818500  7 23 18  16.6 1014 322  3.1 7  7.1  59   94  136 338 -439  1
3823500 2818500  7 23 19  16.5 1014 308  3.6 6  7.1  61   98   64 334 -432  1
3823500 2818500  7 23 20  15.8 1014 300  2.0 6  7.2  63   36   29 330 -424  1
3823500 2818500  7 23 21  14.5 1014 281  0.8 6  7.4  69    1    7 327 -416  1
3823500 2818500  7 23 22  13.9 1014 273  1.3 6  7.4  74    0    0 326 -408  1
3823500 2818500  7 23 23  13.9 1014 273  1.0 6  7.4  75    0    0 328 -403  1
3823500 2818500  7 23 24  13.2 1015 255  0.8 6  7.4  76    0    0 330 -398  1
3823500 2818500  7 24  1  13.6 1015 247  1.1 6  7.4  77    0    0 334 -395  1
3823500 2818500  7 24  2  14.0 1015 245  1.8 7  7.6  78    0    0 342 -392  1
3823500 2818500  7 24  3  14.3 1014 237  1.5 8  7.8  77    0    0 354 -390  1
3823500 2818500  7 24  4  14.3 1014 244  1.9 8  7.8  76    0    0 360 -388  1
3823500 2818500  7 24  5  14.3 1014 237  1.5 8  7.7  76    0    0 362 -386  1
3823500 2818500  7 24  6  14.5 1014 240  1.6 7  7.8  76    0   11 361 -385  1
3823500 2818500  7 24  7  15.4 1014 249  1.7 7  7.9  74    3   82 362 -389  1
3823500 2818500  7 24  8  16.6 1014 249  2.3 5  8.3  73  134  165 359 -399  1
3823500 2818500  7 24  9  18.6 1014 231  2.7 3  8.9  71  270  198 351 -414  1
3823500 2818500  7 24 10  20.7 1014 232  2.7 2  9.5  66  473  168 350 -430  1
3823500 2818500  7 24 11  21.8 1014 231  3.0 2  9.8  62  540  197 354 -446  1
3823500 2818500  7 24 12  23.0 1014 232  3.2 1 10.1  59  631  183 355 -461  1
3823500 2818500  7 24 13  24.5 1015 256  3.2 1 10.1  55  754  133 358 -474  1
3823500 2818500  7 24 14  25.0 1014 267  2.9 2 10.1  52  646  175 366 -482  1
3823500 2818500  7 24 15  25.7 1014 283  2.9 3 10.2  50  171  340 377 -488  1
3823500 2818500  7 24 16  24.9 1014 327  3.1 4 10.0  49   55  276 381 -489  1
3823500 2818500  7 24 17  24.6 1014 275  3.3 5  9.8  50  126  235 384 -485  1
3823500 2818500  7 24 18  24.4 1013 339  2.4 4  9.9  51  126  164 381 -474  1
3823500 2818500  7 24 19  24.0 1013 331  2.1 6 10.0  53   26  101 381 -462  1
3823500 2818500  7 24 20  22.8 1013 301  1.4 6 10.1  56   12   40 383 -453  1
3823500 2818500  7 24 21  20.6 1012 305  0.8 4 10.2  62    0    8 370 -443  1
3823500 2818500  7 24 22  17.5 1012 311  1.3 2  9.8  71    0    0 348 -434  1
3823500 2818500  7 24 23  15.8 1013 289  0.5 1  9.4  79    0    0 330 -427  1
3823500 2818500  7 24 24  15.2 1013 270  0.0 1  9.3  84    0    0 324 -422  1
3823500 2818500  7 25  1  14.6 1013 213  0.5 1  9.2  87    0    0 321 -416  1
3823500 2818500  7 25  2  13.8 1012 179  0.1 1  9.1  90    0    0 319 -412  1
3823500 2818500  7 25  3  13.6 1012 173  0.3 2  9.1  92    0    0 319 -408  1
3823500 2818500  7 25  4  13.2 1012 152  0.1 2  9.0  93    0    0 320 -406  1
3823500 2818500  7 25  5  12.9 1012 178  0.7 1  8.9  95    0    0 315 -403  1
3823500 2818500  7 25  6  14.2 1012 171  0.5 1  9.2  95    4   34 314 -401  1
3823500 2818500  7 25  7  16.9 1012 177  0.4 0 10.4  94   65  101 318 -405  1
3823500 2818500  7 25  8  20.0 1012 199  0.5 0 11.3  84  190  144 324 -417  1
3823500 2818500  7 25  9  22.4 1012 202  1.6 0 11.4  72  321  171 333 -435  1
3823500 2818500  7 25 10  24.6 1013 256  1.8 2 11.3  62  383  228 350 -456  1
3823500 2818500  7 25 11  25.1 1013 265  1.7 4 10.8  55  341  309 371 -476  1
3823500 2818500  7 25 12  26.0 1012 258  1.8 4 10.5  51  470  285 382 -494  1
3823500 2818500  7 25 13  26.8 1012 259  1.5 4 10.5  49  514  274 387 -507  1
3823500 2818500  7 25 14  27.5 1012 259  1.8 4 10.6  47  241  372 390 -516  1
3823500 2818500  7 25 15  27.7 1011 274  1.7 5 10.8  47  131  346 398 -516  1
3823500 2818500  7 25 16  27.7 1011 278  1.8 5 10.7  46  165  300 401 -512  1
3823500 2818500  7 25 17  26.8 1010 329  1.8 4 10.2  45  124  240 392 -508  1
3823500 2818500  7 25 18  24.9 1010  38  1.2 2 10.5  50   96  174 377 -496  1
3823500 2818500  7 25 19  24.5 1010   4  3.6 2 10.9  56   78  100 366 -480  1
3823500 2818500  7 25 20  22.1 1010   7  1.3 6 11.1  62   19   41 374 -466  1
3823500 2818500  7 25 21  20.9 1010 352  1.1 5 11.3  70    0    3 376 -452  1
3823500 2818500  7 25 22  18.9 1010  23  0.6 5 11.0  75    0    0 366 -441  1
3823500 2818500  7 25 23  18.4 1011   5  2.1 4 10.8  80    0    0 358 -432  1
3823500 2818500  7 25 24  17.5 1011   6  1.1 5 10.5  81    0    0 356 -426  1
3823500 2818500  7 26  1  16.2 1011  17  2.6 6 10.0  83    0    0 360 -420  1
3823500 2818500  7 26  2  16.3 1011  15  2.0 6  9.7  84    0    0 362 -415  1
3823500 2818500  7 26  3  15.6 1011  35  2.4 6  9.4  82    0    0 361 -412  1
3823500 2818500  7 26  4  14.7 1011  15  1.6 5  9.1  84    0    0 354 -409  1
3823500 2818500  7 26  5  13.9 1012  11  0.8 5  9.0  88    0    0 347 -407  1
3823500 2818500  7 26  6  14.2 1012  33  1.7 4  8.8  88    1   28 341 -405  1
3823500 2818500  7 26  7  15.5 1012  49  1.7 2  8.4  79   58   97 332 -405  1
3823500 2818500  7 26  8  17.2 1012  46  2.7 3  7.9  68  129  160 331 -409  1
3823500 2818500  7 26  9  17.6 1013  42  3.4 4  7.8  62  202  217 340 -416  1
3823500 2818500  7 26 10  19.2 1013  37  3.6 2  7.6  58  445  171 339 -425  1
3823500 2818500  7 26 11  19.3 1013  44  3.4 3  7.5  54  391  263 338 -435  1
3823500 2818500  7 26 12  19.4 1013  29  3.3 5  7.5  53  232  357 345 -444  1
3823500 2818500  7 26 13  20.0 1013  26  2.9 6  7.6  53  156  371 355 -453  1
3823500 2818500  7 26 14  20.6 1013  23  3.2 7  7.6  51  114  358 363 -459  1
3823500 2818500  7 26 15  20.8 1013  23  2.6 6  7.3  48  117  329 363 -462  1
3823500 2818500  7 26 16  20.9 1013  22  2.1 5  7.2  47  189  279 358 -460  1
3823500 2818500  7 26 17  20.8 1013  25  2.3 5  7.1  46  170  217 353 -454  1
3823500 2818500  7 26 18  20.4 1013  27  2.8 4  7.0  46  130  155 349 -445  1
3823500 2818500  7 26 19  19.7 1013  21  2.7 3  7.1  49   58   97 343 -433  1
3823500 2818500  7 26 20  18.2 1013  25  2.6 0  7.2  53   31   39 329 -421  1
3823500 2818500  7 26 21  16.3 1013  18  1.9 0  7.1  58    2    7 316 -411  1
3823500 2818500  7 26 22  14.9 1014  44  2.5 0  7.0  63    0    0 309 -402  1
3823500 2818500  7 26 23  13.8 1014  30  2.1 1  6.8  66    0    0 307 -396  1
3823500 2818500  7 26 24  13.1 1015  28  1.8 2  6.5  68    0    0 309 -391  1
3823500 2818500  7 27  1  12.2 1015  22  1.6 3  6.4  70    0    0 312 -387  1
3823500 2818500  7 27  2  11.8 1015  33  1.4 3  6.5  75    0    0 314 -384  1
3823500 2818500  7 27  3  10.6 1015  26  0.6 2  6.4  77    0    0 309 -381  1
3823500 2818500  7 27  4   9.5 1015  22  0.1 1  6.1  80    0    0 299 -379  1
3823500 2818500  7 27  5   9.4 1015  32  0.1 1  6.1  84    0    0 294 -376  1
3823500 2818500  7 27  6  10.2 1015  17  0.1 0  6.3  84    6   34 292 -375  1
3823500 2818500  7 27  7  13.3 1015  52  0.1 1  6.7  79   76   92 295 -378  1
3823500 2818500  7 27  8  15.7 1015  58  2.5 1  7.0  68  224  115 305 -387  1
3823500 2818500  7 27  9  17.4 1015  55  3.5 1  6.8  58  368  127 309 -401  1
3823500 2818500  7 27 10  18.7 1015  54  3.9 1  6.8  52  507  129 315 -417  1
3823500 2818500  7 27 11  19.3 1014  61  3.1 1  6.7  49  621  126 319 -433  1
3823500 2818500  7 27 12  20.3 1014  43  3.3 1  6.9  48  678  133 322 -446  1
3823500 2818500  7 27 13  20.8 1014  49  2.6 1  7.1  47  669  153 326 -457  1
3823500 2818500  7 27 14  21.8 1013  53  3.3 2  7.1  45  566  202 332 -465  1
3823500 2818500  7 27 15  22.0 1013  45  2.1 1  7.0  43  660  103 334 -469  1
3823500 2818500  7 27 16  21.9 1013  50  3.1 1  6.8  41  596   80 333 -471  1
3823500 2818500  7 27 17  22.2 1012  40  3.2 1  6.8  41  466   78 333 -469  1
3823500 2818500  7 27 18  22.0 1012  60  3.5 0  6.6  40  318   72 330 -462  1
3823500 2818500  7 27 19  21.1 1012  39  3.4 0  6.7  42  162   69 326 -452  1
3823500 2818500  7 27 20  20.0 1012  38  1.8 0  6.9  45   46   41 324 -441  1
3823500 2818500  7 27 21  18.1 1012  28  1.2 0  7.0  51    1    7 318 -431  1
3823500 2818500  7 27 22  16.2 1013  30  1.1 0  7.1  58    0    0 312 -424  1
3823500 2818500  7 27 23  15.1 1013  35  1.5 0  7.4  66    0    0 307 -418  1
3823500 2818500  7 27 24  14.5 1013  38  1.9 0  7.5  71    0    0 305 -414  1
3823500 2818500  7 28  1  14.1 1013  45  0.9 0  7.5  74    0    0 304 -411  1
3823500 2818500  7 28  2  13.1 1013  56  0.7 1  7.5  77    0    0 303 -408  1
3823500 2818500  7 28  3  12.4 1013  57  0.5 1  7.3  80    0    0 303 -405  1
3823500 2818500  7 28  4  11.9 1013  52  0.2 1  7.4  83    0    0 300 -403  1
3823500 2818500  7 28  5  11.3 1013  50  0.2 0  7.4  86    0    0 294 -400  1
3823500 2818500  7 28  6  12.1 1013  54  0.2 0  7.3  86    7   35 290 -399  1
3823500 2818500  7 28  7  14.3 1013  70  0.9 0  7.6  81   87   91 294 -401  1
3823500 2818500  7 28  8  16.9 1013  75  1.5 0  7.9  71  230  117 301 -409  1
3823500 2818500  7 28  9  19.2 1013  76  1.7 0  7.9  61  370  132 310 -423  1
3823500 2818500  7 28 10  21.4 1013  70  3.2 0  7.9  53  502  139 319 -440  1
3823500 2818500  7 28 11  22.0 1013  80  3.0 0  7.5  46  615  138 325 -457  1
3823500 2818500  7 28 12  23.1 1013  77  3.8 0  7.3  43  707  125 330 -472  1
3823500 2818500  7 28 13  23.7 1013  66  3.6 0  7.4  41  775   99 336 -484  1
3823500 2818500  7 28 14  24.5 1013  78  2.8 0  7.0  38  741  105 340 -492  1
3823500 2818500  7 28 15  25.0 1013  81  3.2 0  6.6  34  699   90 342 -496  1
3823500 2818500  7 28 16  25.6 1013  80  2.4 0  6.2  31  590   91 343 -495  1
3823500 2818500  7 28 17  25.7 1012  74  2.4 0  5.7  28  455   91 342 -490  1
3823500 2818500  7 28 18  25.4 1012  71  1.9 0  5.5  27  329   72 341 -480  1
3823500 2818500  7 28 19  25.0 1012  64  1.7 0  5.6  28  144   77 342 -468  1
3823500 2818500  7 28 20  22.7 1012  54  0.8 0  6.0  34   45   42 342 -455  1
3823500 2818500  7 28 21  20.8 1011  48  0.5 0  6.5  42    1    7 336 -443  1
3823500 2818500  7 28 22  18.8 1012  46  0.2 0  7.2  52    0    0 326 -434  1
3823500 2818500  7 28 23  17.5 1012  72  0.2 0  8.3  64    0    0 321 -426  1
3823500 2818500  7 28 24  16.9 1012 107  0.2 0  9.4  75    0    0 317 -420  1
3823500 2818500  7 29  1  16.7 1001 168  0.2 0 10.4  84    0    0 341 -435  1
3823500 2818500  7 29  2  16.6 1001 202  0.1 1 10.9  89    0    0 330 -430  1
3823500 2818500  7 29  3  16.6 1001 204  0.1 1 11.2  92    0    0 322 -426  1
3823500 2818500  7 29  4  16.3 1001 179  0.1 1 11.1  93    0    0 321 -423  1
3823500 2818500  7 29  5  16.7 1001 174  0.1 2 11.3  93    0    0 325 -420  1
3823500 2818500  7 29  6  16.1 1001 150  0.1 2 10.9  94    1   28 327 -418  1
3823500 2818500  7 29  7  18.6 1001 189  0.1 2 12.1  96   31  101 332 -421  1
3823500 2818500  7 29  8  20.9 1002 196  0.7 2 13.5  92   90  173 342 -432  1
3823500 2818500  7 29  9  23.6 1002 244  0.7 2 13.4  79  177  230 352 -449  1
3823500 2818500  7 29 10  24.4 1002 249  0.9 2 12.9  68  272  268 359 -472  1
3823500 2818500  7 29 11  25.3 1002 255  1.6 4 12.7  64  201  341 370 -495  1
3823500 2818500  7 29 12  25.2 1002 248  1.9 5 12.7  62  161  373 381 -517  1
3823500 2818500  7 29 13  26.3 1002 232  2.3 4 12.6  60  284  365 386 -533  1
3823500 2818500  7 29 14  27.0 1002 271  2.8 3 12.1  54  383  314 385 -539  1
3823500 2818500  7 29 15  27.1 1002 277  3.4 3 11.5  51  512  207 384 -540  1
3823500 2818500  7 29 16  27.8 1002 269  2.5 3 10.9  47  452  177 383 -527  1
3823500 2818500  7 29 17  27.3 1001 216  2.6 5 10.2  44  318  169 384 -514  1
3823500 2818500  7 29 18  27.5 1001 300  2.2 5  9.8  42  221  130 387 -506  1
3823500 2818500  7 29 19  27.1 1001 294  1.0 3  9.7  42  107   93 379 -494  1
3823500 2818500  7 29 20  24.0 1002 310  0.2 3 10.1  49   23   40 367 -486  1
3823500 2818500  7 29 21  20.9 1002 296  0.0 4 10.3  60    0    0 360 -483  1
3823500 2818500  7 29 22  19.0 1002 123  0.0 3  9.9  67    0    0 352 -481  1
3823500 2818500  7 29 23  18.4 1002 160  0.0 4 10.1  74    0    0 349 -477  1
3823500 2818500  7 29 24  18.4 1002 264  0.0 5 10.6  79    0    0 358 -473  1
3823500 2818500  7 30  1  17.3 1002 316  0.2 6 10.4  80    0    0 365 -472  1
3823500 2818500  7 30  2  16.7 1003 291  0.1 6 10.3  84    0    0 366 -469  1
3823500 2818500  7 30  3  15.9 1003 127  0.1 4 10.3  88    0    0 357 -464  1
3823500 2818500  7 30  4  15.9 1002 126  0.1 4 10.3  90    0    0 348 -459  1
3823500 2818500  7 30  5  15.5 1002 157  0.1 6 10.1  89    0    0 354 -457  1
3823500 2818500  7 30  6  16.8 1003 142  0.1 7 10.3  88   15   39 366 -456  1
3823500 2818500  7 30  7  18.8 1003 148  0.7 5 11.3  87   62   89 368 -457  1
3823500 2818500  7 30  8  21.4 1004 157  0.7 8 12.1  81    6  127 378 -457  1
3823500 2818500  7 30  9  23.2 1004 162  1.1 8 12.3  72    0  138 396 -466  1
3823500 2818500  7 30 10  24.1 1004 171  2.0 7 12.3  66    0  184 398 -481  1
3823500 2818500  7 30 11  25.5 1004 160  2.2 8 12.1  61    2  224 403 -489  1
3823500 2818500  7 30 12  26.6 1003 170  2.5 7 11.5  54    9  262 408 -492  1
3823500 2818500  7 30 13  27.8 1003 195  2.5 5 10.7  47  226  327 403 -494  1
3823500 2818500  7 30 14  28.9 1003 221  2.9 5 10.3  42  339  276 402 -503  1
3823500 2818500  7 30 15  28.4 1003 206  3.2 6 10.1  41  158  293 407 -516  1
3823500 2818500  7 30 16  28.1 1003 177  2.2 7 10.0  41    9  201 412 -526  1
3823500 2818500  7 30 17  27.1 1002 260  3.6 6 10.3  44    9  165 409 -518  1
3823500 2818500  7 30 18  26.6 1002 237  2.1 6 10.8  48   19  133 405 -500  1
3823500 2818500  7 30 19  22.5 1003 227  1.3 7 11.6  59    6   73 401 -490  1
3823500 2818500  7 30 20  19.6 1003 230  1.9 7 13.0  82    0   22 395 -481  1
3823500 2818500  7 30 21  19.4 1003 191  1.0 8 13.6  94    0    0 395 -471  1
3823500 2818500  7 30 22  19.3 1003 217  2.1 8 13.5  94    0    0 400 -462  1
3823500 2818500  7 30 23  18.4 1004 229  0.9 7 13.1  94    0    0 394 -453  1
3823500 2818500  7 30 24  18.3 1004 230  0.8 5 12.5  93    0    0 378 -447  1
3823500 2818500  7 31  1  17.0 1005 245  0.9 1 11.8  92    0    0 350 -442  1
3823500 2818500  7 31  2  16.6 1005 225  0.9 0 11.3  93    0    0 329 -435  1
3823500 2818500  7 31  3  16.2 1005 200  1.3 1 11.0  93    0    0 329 -430  1
3823500 2818500  7 31  4  16.1 1005 206  1.6 1 10.9  94    0    0 332 -426  1
3823500 2818500  7 31  5  15.9 1004 215  0.9 3 10.9  95    0    0 336 -423  1
3823500 2818500  7 31  6  15.9 1005 196  1.2 5 11.0  96    1   30 346 -422  1
3823500 2818500  7 31  7  17.0 1005 204  2.2 6 11.4  97    6   84 356 -425  1
3823500 2818500  7 31  8  17.8 1005 204  2.5 4 11.6  92   83  177 355 -428  1
3823500 2818500  7 31  9  19.0 1005 202  2.8 6 11.2  84  137  243 358 -432  1
3823500 2818500  7 31 10  19.9 1005 211  3.4 7 10.4  73   50  288 369 -437  1
3823500 2818500  7 31 11  20.6 1005 235  3.6 7  9.6  64   77  340 373 -443  1
3823500 2818500  7 31 12  20.8 1005 219  3.8 6  9.2  60  167  379 370 -456  1
3823500 2818500  7 31 13  21.3 1005 231  4.2 7  9.0  57   88  370 371 -470  1
3823500 2818500  7 31 14  21.0 1005 219  3.8 7  8.8  56    0  222 374 -481  1
3823500 2818500  7 31 15  21.6 1005 260  2.8 6  8.7  54   72  317 371 -486  1
3823500 2818500  7 31 16  22.9 1005 252  2.8 5  8.6  51  351  236 369 -480  1
3823500 2818500  7 31 17  23.3 1004 238  2.8 4  8.5  48  307  179 367 -475  1
3823500 2818500  7 31 18  23.4 1004 238  2.7 4  8.3  46  122  165 362 -470  1
3823500 2818500  7 31 19  22.4 1004 236  2.5 3  8.3  47   83  100 354 -462  1
3823500 2818500  7 31 20  21.1 1004 234  1.6 4  8.4  51   23   41 349 -453  1
3823500 2818500  7 31 21  18.6 1003 208  1.3 3  8.6  59    0    0 341 -441  1
3823500 2818500  7 31 22  17.9 1003 150  1.3 4  8.9  67    0    0 334 -433  1
3823500 2818500  7 31 23  18.0 1003 133  0.5 5  9.4  72    0    0 340 -429  1
3823500 2818500  7 31 24  17.0 1003 179  1.5 7  9.7  77    0    0 348 -427  1
3823500 2818500  8  1  1  16.3 1002 316  0.7 6 10.1  86    0    0 344 -421  1
3823500 2818500  8  1  2  16.5 1002 151  1.0 6 10.1  85    0    0 346 -419  1
3823500 2818500  8  1  3  16.3 1001 144  1.4 5  9.9  84    0    0 346 -414  1
3823500 2818500  8  1  4  16.2 1001 150  1.3 7  9.7  83    0    0 352 -411  1
3823500 2818500  8  1  5  16.6 1000 154  1.2 8  9.8  83    0    0 368 -412  1
3823500 2818500  8  1  6  16.6  999 146  1.3 7  9.9  82    0    7 371 -416  1
3823500 2818500  8  1  7  17.2  999 178  2.1 7  9.9  81    0   45 367 -420  1
3823500 2818500  8  1  8  19.0  998 167  2.3 7 10.2  77    4  124 371 -422  1
3823500 2818500  8  1  9  19.9  999 179  2.4 7 10.4  72    4  176 375 -420  1
3823500 2818500  8  1 10  19.3  999 194  1.9 7 10.3  71    0  180 376 -424  1
3823500 2818500  8  1 11  20.1  998 186  2.2 6 10.3  70   37  291 374 -434  1
3823500 2818500  8  1 12  19.5  997 169  4.1 7 10.8  73    2  233 377 -447  1
3823500 2818500  8  1 13  18.1  996 222  3.9 8 11.3  81    0  151 382 -465  1
3823500 2818500  8  1 14  20.8  996 181  3.7 7 11.6  80   39  291 385 -475  1
3823500 2818500  8  1 15  18.0  996 217  4.8 8 11.8  82    0  155 383 -475  1
3823500 2818500  8  1 16  17.0  995 269  3.2 7 11.3  89   17  213 375 -474  1
3823500 2818500  8  1 17  18.6  995 229  3.1 6 11.0  84   15  174 366 -470  1
3823500 2818500  8  1 18  17.9  996 222  4.2 7 10.9  82    0   80 367 -458  1
3823500 2818500  8  1 19  16.2  995 210  2.2 8 10.2  82    1   56 368 -446  1
3823500 2818500  8  1 20  15.5  996 221  3.4 8  9.5  83    4   20 367 -438  1
3823500 2818500  8  1 21  15.0  996 199  2.1 7  9.5  86    0    0 361 -429  1
3823500 2818500  8  1 22  15.1  996 218  1.7 5  9.3  85    0    0 349 -423  1
3823500 2818500  8  1 23  14.4  997 196  1.1 5  9.2  86    0    0 340 -420  1
3823500 2818500  8  1 24  14.4  997 208  0.4 6  9.3  89    0    0 342 -417  1
3823500 2818500  8  2  1  14.1  997 207  1.5 5  9.3  90    0    0 342 -416  1
3823500 2818500  8  2  2  14.5  997 214  1.9 6  9.6  92    0    0 343 -414  1
3823500 2818500  8  2  3  14.7  996 222  2.4 8  9.7  91    0    0 357 -414  1
3823500 2818500  8  2  4  14.9  996 221  2.7 8  9.6  90    0    0 366 -414  1
3823500 2818500  8  2  5  14.7  996 217  2.9 7  9.5  88    0    0 362 -414  1
3823500 2818500  8  2  6  14.2  996 217  3.0 7  9.4  90   15   27 356 -412  1
3823500 2818500  8  2  7  14.7  996 216  3.6 5  9.7  93  124   61 349 -410  1
3823500 2818500  8  2  8  15.7  996 222  3.6 3  9.9  90  155  125 333 -409  1
3823500 2818500  8  2  9  14.8  996 225  3.3 7  9.8  88   23  206 342 -406  1
3823500 2818500  8  2 10  15.1  996 231  2.7 7  9.8  91    4  213 359 -405  1
3823500 2818500  8  2 11  15.8  996 226  1.0 8 10.1  90    1  214 364 -410  1
3823500 2818500  8  2 12  15.4  996 236  2.3 8  9.8  87    2  228 367 -417  1
3823500 2818500  8  2 13  15.1  996 269  1.0 6  9.4  86   48  308 358 -422  1
3823500 2818500  8  2 14  14.0  996 265  2.2 7  9.4  90    3  226 350 -427  1
3823500 2818500  8  2 15  14.0  996 235  0.6 7  9.4  92    1  196 350 -434  1
3823500 2818500  8  2 16  15.1  996 233  0.1 5  9.1  86   59  240 344 -431  1
3823500 2818500  8  2 17  16.1  995 279  2.9 4  9.2  82  348  102 338 -427  1
3823500 2818500  8  2 18  15.5  995 237  2.5 6  9.5  83  107  131 343 -426  1
3823500 2818500  8  2 19  15.6  995 225  1.9 7  9.4  83   11   73 351 -420  1
3823500 2818500  8  2 20  14.8  995 216  0.2 6  9.2  84   15   21 349 -417  1
3823500 2818500  8  2 21  14.1  995 215  0.9 6  9.1  87    0    0 345 -413  1
3823500 2818500  8  2 22  13.7  995 210  1.0 8  9.2  91    0    0 350 -409  1
3823500 2818500  8  2 23  13.7  995 218  0.7 7  9.2  92    0    0 353 -407  1
3823500 2818500  8  2 24  14.0  995 217  0.7 6  9.1  91    0    0 345 -406  1
3823500 2818500  8  3  1  13.7  995 219  0.1 7  9.1  90    0    0 345 -404  1
3823500 2818500  8  3  2  13.7  995 211  0.8 7  9.1  92    0    0 348 -403  1
3823500 2818500  8  3  3  13.4  995 210  0.5 7  9.1  92    0    0 349 -402  1
3823500 2818500  8  3  4  12.9  995 212  0.3 8  9.0  94    0    0 354 -402  1
3823500 2818500  8  3  5  12.7  995 220  0.1 8  8.8  93    0    0 358 -401  1
3823500 2818500  8  3  6  12.7  995 214  0.1 7  8.6  92    0    3 354 -400  1
3823500 2818500  8  3  7  13.4  995 268  0.8 6  9.1  95    0   52 346 -400  1
3823500 2818500  8  3  8  14.0  996 254  0.9 6  9.5  95    9  142 344 -402  1
3823500 2818500  8  3  9  15.2  996 232  1.1 5  9.6  91   77  248 344 -411  1
3823500 2818500  8  3 10  16.4  996 246  1.0 5  9.7  85  145  314 346 -420  1
3823500 2818500  8  3 11  17.6  996 239  0.7 4  9.6  78  190  359 349 -424  1
3823500 2818500  8  3 12  19.2  996 265  1.0 4  9.4  69  289  371 355 -425  1
3823500 2818500  8  3 13  20.0  997 227  0.6 5  9.3  64  230  387 362 -421  1
3823500 2818500  8  3 14  19.4  997 268  0.4 5  9.5  65  240  368 364 -414  1
3823500 2818500  8  3 15  19.9  997 258  1.2 4  9.4  65  176  338 359 -409  1
3823500 2818500  8  3 16  19.5  998 273  1.0 5  9.6  66   43  258 357 -411  1
3823500 2818500  8  3 17  18.5  998 307  1.2 5  9.7  70  103  233 357 -416  1
3823500 2818500  8  3 18  19.1  998 283  1.2 4  9.8  71  130  159 350 -420  1
3823500 2818500  8  3 19  18.3  998 249  0.2 6  9.7  71   44   94 352 -421  1
3823500 2818500  8  3 20  16.6  998 290  0.1 6  9.7  76   17   34 356 -418  1
3823500 2818500  8  3 21  15.0  999 293  0.1 5  9.5  83    0    0 345 -415  1
3823500 2818500  8  3 22  14.6  999 280  0.1 6  9.2  86    0    0 341 -413  1
3823500 2818500  8  3 23  13.8 1000 269  0.1 8  8.8  86    0    0 355 -411  1
3823500 2818500  8  3 24  14.0 1000 230  0.1 7  8.6  85    0    0 358 -407  1
3823500 2818500  8  4  1  13.8 1000 250  0.1 7  8.6  85    0    0 355 -405  1
3823500 2818500  8  4  2  13.6 1000 226  0.1 6  8.8  88    0    0 351 -406  1
3823500 2818500  8  4  3  12.7 1000 189  0.1 6  8.6  90    0    0 345 -407  1
3823500 2818500  8  4  4  13.0 1000 161  0.1 5  8.5  90    0    0 339 -407  1
3823500 2818500  8  4  5  13.2 1001 196  0.1 6  9.0  94    0    0 340 -407  1
3823500 2818500  8  4  6  13.9 1001 201  0.2 6  9.7  98   16   28 349 -407  1
3823500 2818500  8  4  7  15.1 1001 206  0.2 5 10.2  97   92   70 347 -408  1
3823500 2818500  8  4  8  16.2 1001 177  0.1 3 10.9  97  186  114 337 -410  1
3823500 2818500  8  4  9  17.4 1001 264  0.2 3 11.2  92  327  127 335 -413  1
3823500 2818500  8  4 10  19.2 1002 299  0.1 3 10.7  80  409  159 342 -414  1
3823500 2818500  8  4 11  19.6 1002  83  1.1 3 10.5  73  342  251 349 -415  1
3823500 2818500  8  4 12  20.2 1002 317  1.0 5 10.5  72  161  330 363 -418  1
3823500 2818500  8  4 13  20.7 1003 292  0.4 8 10.5  69   10  262 384 -428  1
3823500 2818500  8  4 14  20.2 1003 312  1.5 8 10.7  70    9  246 393 -445  1
3823500 2818500  8  4 15  19.5 1002 320  1.1 6 11.0  75   89  283 382 -458  1
3823500 2818500  8  4 16  19.0 1002 257  1.6 7 11.1  79   64  244 375 -462  1
3823500 2818500  8  4 17  17.8 1002 257  1.7 8 11.1  83    9  167 376 -462  1
3823500 2818500  8  4 18  17.2 1002 266  0.7 6 11.2  88   95  136 368 -456  1
3823500 2818500  8  4 19  17.8 1002 271  0.5 6 11.3  89   98   66 360 -446  1
3823500 2818500  8  4 20  17.3 1002  16  0.1 6 11.4  90   17   22 359 -436  1
3823500 2818500  8  4 21  16.5 1003  16  0.3 3 11.4  93    0    0 347 -426  1
3823500 2818500  8  4 22  15.6 1003 338  0.2 1 10.9  94    0    0 327 -418  1
3823500 2818500  8  4 23  15.0 1004 350  0.1 2 10.5  95    0    0 320 -412  1
3823500 2818500  8  4 24  14.8 1004 315  0.1 5 10.1  94    0    0 332 -407  1
3823500 2818500  8  5  1  14.2 1005 320  0.1 3  9.9  95    0    0 333 -404  1
3823500 2818500  8  5  2  14.5 1005 337  0.1 1  9.7  94    0    0 320 -403  1
3823500 2818500  8  5  3  13.4 1005 302  0.2 0  9.3  92    0    0 308 -403  1
3823500 2818500  8  5  4  12.9 1005 275  0.1 1  9.1  96    0    0 305 -404  1
3823500 2818500  8  5  5  14.4 1006 291  0.1 5  9.8  99    0    0 327 -405  1
3823500 2818500  8  5  6  15.4 1006 281  0.1 7 10.6  99    0   17 357 -406  1
3823500 2818500  8  5  7  16.4 1006 308  0.1 7 11.4 100    0   61 371 -407  1
3823500 2818500  8  5  8  17.0 1007 314  1.0 7 12.0 100    8  138 376 -411  1
3823500 2818500  8  5  9  18.2 1007 313  1.3 6 12.4  98   97  243 377 -415  1
3823500 2818500  8  5 10  20.4 1008 329  1.8 4 12.3  87  361  234 370 -426  1
3823500 2818500  8  5 11  22.2 1008 325  1.9 3 11.9  74  497  227 365 -444  1
3823500 2818500  8  5 12  23.7 1009 356  2.4 4 11.4  65  418  307 374 -456  1
3823500 2818500  8  5 13  24.2 1009 326  2.5 4 11.1  59  419  318 383 -460  1
3823500 2818500  8  5 14  25.1 1008 318  2.6 4 10.6  54  433  295 384 -460  1
3823500 2818500  8  5 15  23.8 1008 318  4.3 6 10.6  55   79  310 387 -465  1
3823500 2818500  8  5 16  24.5 1008 359  4.3 6 11.1  58   65  266 390 -468  1
3823500 2818500  8  5 17  24.7 1008 323  3.8 5 11.2  58  180  217 387 -465  1
3823500 2818500  8  5 18  24.8 1008 345  4.2 2 11.2  57  223  127 374 -462  1
3823500 2818500  8  5 19  23.6 1008 335  4.1 2 11.7  61  109   87 363 -455  1
3823500 2818500  8  5 20  21.5 1008 330  2.2 2 11.9  69   19   33 355 -446  1
3823500 2818500  8  5 21  20.1 1008 329  1.7 2 11.3  73    0    0 348 -436  1
3823500 2818500  8  5 22  18.9 1008 329  1.4 1 11.1  78    0    0 339 -429  1
3823500 2818500  8  5 23  18.2 1009 321  1.3 1 11.1  82    0    0 332 -424  1
3823500 2818500  8  5 24  17.9 1009 318  1.4 1 11.3  86    0    0 331 -418  1
3823500 2818500  8  6  1  17.6 1009 309  1.3 2 11.6  90    0    0 333 -413  1
3823500 2818500  8  6  2  17.7 1009 315  2.0 5 11.6  91    0    0 343 -408  1
3823500 2818500  8  6  3  17.9 1009 324  1.6 7 11.6  90    0    0 357 -404  1
3823500 2818500  8  6  4  17.7 1009 317  1.8 8 11.5  89    0    0 365 -402  1
3823500 2818500  8  6  5  17.5 1009 320  2.0 8 11.4  90    0    0 368 -400  1
3823500 2818500  8  6  6  17.3 1009 322  0.8 8 11.5  92    0   23 368 -397  1
3823500 2818500  8  6  7  17.6 1009 314  1.7 6 11.7  93   22   88 361 -399  1
3823500 2818500  8  6  8  18.2 1009 315  2.5 5 11.8  91  113  160 352 -408  1
3823500 2818500  8  6  9  19.6 1009 312  3.2 5 12.0  87  117  236 352 -422  1
3823500 2818500  8  6 10  20.7 1009 311  3.2 5 12.2  82  132  299 359 -439  1
3823500 2818500  8  6 11  22.7 1010 319  4.0 6 12.4  75  245  326 369 -455  1
3823500 2818500  8  6 12  24.1 1010 329  4.1 6 12.0  66  446  280 380 -469  1
3823500 2818500  8  6 13  25.1 1010 342  4.3 6 11.5  59  228  362 384 -479  1
3823500 2818500  8  6 14  24.8 1009 339  4.9 5 11.1  56  183  346 383 -487  1
3823500 2818500  8  6 15  25.0 1009 334  4.9 6 10.5  53  107  310 379 -491  1
3823500 2818500  8  6 16  25.5 1009 333  5.3 3 10.0  50  332  226 373 -490  1
3823500 2818500  8  6 17  25.1 1009 329  5.2 3  9.4  47  275  175 362 -485  1
3823500 2818500  8  6 18  24.6 1009 336  5.1 3  9.5  48  223  117 358 -478  1
3823500 2818500  8  6 19  23.7 1009 328  4.3 4  9.6  51   94   83 357 -467  1
3823500 2818500  8  6 20  21.7 1009 332  4.2 4  9.5  55   14   25 355 -455  1
3823500 2818500  8  6 21  19.7 1008 330  2.5 2  9.5  62    0    0 342 -444  1
3823500 2818500  8  6 22  18.6 1009 331  1.6 0  9.6  69    0    0 325 -435  1
3823500 2818500  8  6 23  17.0 1009 308  1.5 0  9.5  74    0    0 313 -427  1
3823500 2818500  8  6 24  16.0 1009 313  1.6 1  9.3  79    0    0 312 -421  1
3823500 2818500  8  7  1  15.1 1009 303  1.1 0  9.2  83    0    0 308 -415  1
3823500 2818500  8  7  2  15.8 1009 316  1.3 3  9.9  90    0    0 313 -411  1
3823500 2818500  8  7  3  16.1 1009 315  1.9 7 10.6  93    0    0 335 -407  1
3823500 2818500  8  7  4  16.0 1009 310  2.4 7 10.7  93    0    0 344 -404  1
3823500 2818500  8  7  5  15.6 1009 305  2.7 8 10.6  94    0    0 344 -401  1
3823500 2818500  8  7  6  15.7 1009 300  2.1 8 10.6  95    0    9 345 -399  1
3823500 2818500  8  7  7  16.1 1009 319  2.2 8 10.8  95    0   47 345 -400  1
3823500 2818500  8  7  8  16.8 1009 320  2.2 7 11.3  96    2  121 343 -409  1
3823500 2818500  8  7  9  18.4 1009 302  2.2 8 12.0  94    8  193 347 -424  1
3823500 2818500  8  7 10  19.4 1009 301  2.6 6 12.3  89   91  311 350 -443  1
3823500 2818500  8  7 11  20.4 1009 297  2.7 6 12.2  83  186  361 349 -462  1
3823500 2818500  8  7 12  21.7 1009 328  2.7 5 12.2  77  327  361 353 -480  1
3823500 2818500  8  7 13  23.4 1009 304  2.8 4 12.6  73  557  267 354 -494  1
3823500 2818500  8  7 14  23.8 1009 348  3.7 4 12.8  69  447  307 355 -506  1
3823500 2818500  8  7 15  23.1 1008 344  3.9 6 13.0  71  129  336 360 -510  1
3823500 2818500  8  7 16  23.4 1008 310  3.9 5 13.2  73  184  292 361 -502  1
3823500 2818500  8  7 17  23.1 1008 302  3.7 5 13.2  73  135  233 357 -491  1
3823500 2818500  8  7 18  22.0 1008 321  2.9 4 13.1  76   80  164 350 -479  1
3823500 2818500  8  7 19  21.9 1008 307  1.1 7 12.8  77   80   94 354 -465  1
3823500 2818500  8  7 20  20.4 1008 326  2.2 7 12.2  78   13   29 363 -451  1
3823500 2818500  8  7 21  19.4 1007 331  2.3 8 11.7  79    0    0 361 -439  1
3823500 2818500  8  7 22  18.6 1008 336  2.6 8 11.1  80    0    0 359 -428  1
3823500 2818500  8  7 23  18.0 1008 310  2.3 8 10.8  82    0    0 357 -422  1
3823500 2818500  8  7 24  17.6 1009 268  1.8 7 10.7  84    0    0 356 -417  1
3823500 2818500  8  8  1  17.3 1006 220  1.3 7 10.8  86    0    0 358 -392  1
3823500 2818500  8  8  2  17.1 1006 188  0.8 7 10.9  88    0    0 354 -389  1
3823500 2818500  8  8  3  16.8 1006 167  0.5 6 10.9  89    0    0 355 -387  1
3823500 2818500  8  8  4  16.7 1006 170  0.5 7 10.8  89    0    0 354 -385  1
3823500 2818500  8  8  5  16.7 1005 172  0.7 6 10.8  89    0    0 352 -384  1
3823500 2818500  8  8  6  16.4 1005 158  0.6 7 10.5  89    0   13 351 -384  1
3823500 2818500  8  8  7  17.1 1005 209  1.1 6 10.9  91    1   61 352 -388  1
3823500 2818500  8  8  8  18.2 1005 230  0.4 7 11.4  89    7  143 354 -396  1
3823500 2818500  8  8  9  19.2 1005 208  0.6 6 11.7  86   39  257 358 -403  1
3823500 2818500  8  8 10  20.5 1005 249  0.9 5 11.8  80   98  353 356 -408  1
3823500 2818500  8  8 11  21.8 1006 260  1.1 6 11.5  72   46  369 362 -409  1
3823500 2818500  8  8 12  21.9 1006 252  1.5 6 11.2  68   19  340 368 -412  1
3823500 2818500  8  8 13  21.8 1005 216  0.8 5 11.3  68   67  414 366 -416  1
3823500 2818500  8  8 14  21.5 1005 215  1.0 6 11.3  69   24  345 367 -422  1
3823500 2818500  8  8 15  20.8 1004 256  1.3 6 11.3  71    9  272 368 -433  1
3823500 2818500  8  8 16  20.8 1004 236  1.0 7 11.5  74    2  201 368 -440  1
3823500 2818500  8  8 17  21.2 1004  73  1.3 8 11.6  74    0  107 374 -443  1
3823500 2818500  8  8 18  20.9 1003 351  1.8 8 11.4  72    0   78 376 -438  1
3823500 2818500  8  8 19  19.4 1003 131  1.1 8 11.4  76    0   26 373 -429  1
3823500 2818500  8  8 20  17.0 1002  58  1.7 6 11.3  85    0   20 359 -421  1
3823500 2818500  8  8 21  16.1 1002 101  0.8 7 10.6  89    0    0 350 -414  1
3823500 2818500  8  8 22  15.9 1002 114  0.4 7 10.2  88    0    0 351 -409  1
3823500 2818500  8  8 23  15.9 1001 132  0.2 7 10.1  88    0    0 351 -405  1
3823500 2818500  8  8 24  15.8 1001 123  0.1 7 10.0  88    0    0 351 -403  1
3823500 2818500  8  9  1  15.7 1001 134  0.0 6 10.1  89    0    0 346 -401  1
3823500 2818500  8  9  2  15.8 1001 124  0.1 6 10.3  91    0    0 344 -399  1
3823500 2818500  8  9  3  15.7 1000 127  0.1 6 10.4  91    0    0 344 -397  1
3823500 2818500  8  9  4  15.6 1000 122  0.1 6 10.4  92    0    0 345 -396  1
3823500 2818500  8  9  5  15.6  999 116  0.5 6 10.3  92    0    0 344 -395  1
3823500 2818500  8  9  6  15.5  999  68  0.1 6 10.3  92    0    8 344 -393  1
3823500 2818500  8  9  7  16.2  999 126  0.4 6 10.6  93   10   74 344 -393  1
3823500 2818500  8  9  8  17.9  999 131  1.3 5 11.0  89   49  157 344 -397  1
3823500 2818500  8  9  9  19.5  999 139  1.4 4 11.1  81  139  224 342 -406  1
3823500 2818500  8  9 10  20.7 1000 157  1.5 3 11.3  76  266  255 341 -417  1
3823500 2818500  8  9 11  21.7  999 139  1.5 4 11.3  71  315  295 348 -428  1
3823500 2818500  8  9 12  23.0  999 148  1.7 5 11.0  64  300  339 361 -438  1
3823500 2818500  8  9 13  23.7  998 172  1.5 6 10.8  59  170  374 373 -448  1
3823500 2818500  8  9 14  25.4  998 138  0.8 5 10.8  55  187  358 379 -455  1
3823500 2818500  8  9 15  25.2  997 138  0.8 5 10.4  51  235  314 378 -456  1
3823500 2818500  8  9 16  24.5  997 128  1.4 5 10.2  51  168  273 374 -454  1
3823500 2818500  8  9 17  24.1  997 100  1.2 3  9.9  51  192  199 363 -449  1
3823500 2818500  8  9 18  23.2  996 105  0.4 7  9.8  52   25  143 368 -440  1
3823500 2818500  8  9 19  20.3  996 165  1.6 8 10.1  61    0   17 380 -430  1
3823500 2818500  8  9 20  17.8  997 234  0.3 7 10.5  74    0    3 371 -423  1
3823500 2818500  8  9 21  16.7  996 270  0.1 8 10.5  84    0    0 365 -417  1
3823500 2818500  8  9 22  16.0  996 224  0.0 7 10.3  87    0    0 361 -412  1
3823500 2818500  8  9 23  16.0  996  65  0.1 6 10.2  88    0    0 352 -409  1
3823500 2818500  8  9 24  15.6  996 106  1.0 4 10.2  89    0    0 341 -407  1
3823500 2818500  8 10  1  15.7  996  85  0.6 5 10.4  92    0    0 338 -406  1
3823500 2818500  8 10  2  15.7  996 133  0.4 7 10.6  93    0    0 349 -405  1
3823500 2818500  8 10  3  14.9  996 155  0.5 6 10.2  92    0    0 350 -405  1
3823500 2818500  8 10  4  14.9  995 138  0.1 3  9.9  91    0    0 333 -405  1
3823500 2818500  8 10  5  14.5  995 136  0.0 4  9.9  93    0    0 325 -403  1
3823500 2818500  8 10  6  14.6  995  70  0.1 5 10.0  94    0    1 331 -402  1
3823500 2818500  8 10  7  15.6  995  68  0.0 7 10.6  97    0   37 344 -403  1
3823500 2818500  8 10  8  16.5  995  45  0.0 7 11.5  99    0   76 355 -405  1
3823500 2818500  8 10  9  17.2  995 357  0.1 7 12.1  98    0  102 359 -407  1
3823500 2818500  8 10 10  17.4  995 344  1.5 8 12.0  95    0  124 363 -410  1
3823500 2818500  8 10 11  16.8  995 197  2.5 8 11.5  92    0   90 365 -417  1
3823500 2818500  8 10 12  16.1  996 271  2.2 8 11.1  93    0  129 363 -426  1
3823500 2818500  8 10 13  16.5  996 289  2.1 8 11.0  93    0  106 363 -431  1
3823500 2818500  8 10 14  16.3  996  10  1.9 8 11.1  93    0  124 364 -432  1
3823500 2818500  8 10 15  16.6  996 325  1.6 8 11.3  94    0  160 365 -433  1
3823500 2818500  8 10 16  17.2  996 322  1.8 7 11.4  93    5  211 364 -431  1
3823500 2818500  8 10 17  17.3  995 307  1.3 7 11.6  92   32  226 362 -427  1
3823500 2818500  8 10 18  17.5  995 296  1.0 8 11.8  93   10  139 367 -427  1
3823500 2818500  8 10 19  17.6  995 276  1.0 8 12.0  93    0   49 372 -427  1
3823500 2818500  8 10 20  17.4  995 277  0.9 8 11.9  93    0   14 373 -423  1
3823500 2818500  8 10 21  17.1  996 295  0.2 6 11.6  92    0    0 363 -419  1
3823500 2818500  8 10 22  16.8  996 332  0.1 8 11.4  93    0    0 363 -417  1
3823500 2818500  8 10 23  16.5  996 314  0.0 8 11.2  93    0    0 371 -416  1
3823500 2818500  8 10 24  16.1  996 303  0.1 7 11.0  93    0    0 366 -415  1
3823500 2818500  8 11  1  16.3  996 278  0.1 7 11.0  93    0    0 362 -412  1
3823500 2818500  8 11  2  16.2  997 274  0.1 7 11.0  94    0    0 363 -409  1
3823500 2818500  8 11  3  16.1  996 261  0.1 5 11.1  95    0    0 356 -408  1
3823500 2818500  8 11  4  16.2  996 272  0.1 7 11.3  96    0    0 357 -407  1
3823500 2818500  8 11  5  16.2  996 262  0.1 7 11.4  96    0    0 368 -406  1
3823500 2818500  8 11  6  16.5  996 254  0.1 8 11.6  98    0    2 373 -406  1
3823500 2818500  8 11  7  16.9  996 201  0.1 8 11.9  98    0   32 379 -406  1
3823500 2818500  8 11  8  17.2  996 209  0.4 7 12.2  98    0   90 375 -407  1
3823500 2818500  8 11  9  17.8  996 216  0.7 7 12.5  98    0  120 370 -410  1
3823500 2818500  8 11 10  18.1  997 250  1.4 7 12.8  97    0  124 372 -414  1
3823500 2818500  8 11 11  18.5  997 258  1.1 7 13.2  98    0  176 374 -418  1
3823500 2818500  8 11 12  20.4  997 224  1.1 6 13.5  93   15  307 374 -428  1
3823500 2818500  8 11 13  21.4  997 279  0.8 4 13.1  83  123  392 364 -433  1
3823500 2818500  8 11 14  21.7  996 248  1.7 4 13.2  80   31  329 357 -435  1
3823500 2818500  8 11 15  22.3  996 252  1.8 6 13.3  78   20  284 369 -439  1
3823500 2818500  8 11 16  20.6  996 271  1.4 7 13.2  80    0  157 386 -438  1
3823500 2818500  8 11 17  20.3  996 309  2.7 6 13.0  84   14  193 385 -435  1
3823500 2818500  8 11 18  19.3  996 293  2.2 8 12.4  84    0   75 388 -434  1
3823500 2818500  8 11 19  18.9  997 306  2.3 6 12.3  87    0   48 386 -430  1
3823500 2818500  8 11 20  18.2  997 291  2.5 8 12.3  90    1   19 387 -427  1
3823500 2818500  8 11 21  18.1  997 303  1.7 8 11.9  90    0    0 395 -423  1
3823500 2818500  8 11 22  17.4  996 290  2.5 7 11.6  90    0    0 389 -421  1
3823500 2818500  8 11 23  16.9  997 288  2.6 7 11.3  91    0    0 383 -419  1
3823500 2818500  8 11 24  16.7  997 288  1.7 8 10.9  90    0    0 386 -418  1
3823500 2818500  8 12  1  16.2  997 288  2.1 8 10.5  88    0    0 388 -417  1
3823500 2818500  8 12  2  15.6  997 277  2.2 7 10.2  88    0    0 381 -415  1
3823500 2818500  8 12  3  15.2  997 284  2.5 6 10.0  89    0    0 369 -415  1
3823500 2818500  8 12  4  14.7  997 259  1.9 6  9.7  90    0    0 361 -414  1
3823500 2818500  8 12  5  14.2  997 263  1.7 7  9.4  90    0    0 364 -412  1
3823500 2818500  8 12  6  13.8  997 260  2.3 5  9.3  91    1   16 359 -411  1
3823500 2818500  8 12  7  14.3  997 252  0.6 5  9.5  93    8   72 350 -411  1
3823500 2818500  8 12  8  15.4  998 267  1.7 6  9.9  92   32  148 357 -411  1
3823500 2818500  8 12  9  16.6  998 272  2.7 7 10.1  88   22  206 370 -414  1
3823500 2818500  8 12 10  17.6  998 279  2.8 6 10.4  84   44  276 373 -421  1
3823500 2818500  8 12 11  18.9  999 295  2.6 5 10.4  78  127  326 369 -428  1
3823500 2818500  8 12 12  20.5 1000 295  2.4 4 10.4  72  192  343 367 -432  1
3823500 2818500  8 12 13  21.3 1000 307  2.4 3 10.3  65  350  298 362 -435  1
3823500 2818500  8 12 14  23.0 1001 305  3.1 4 10.3  60  227  328 366 -436  1
3823500 2818500  8 12 15  22.5 1001 310  4.4 6 10.3  59   71  304 383 -435  1
3823500 2818500  8 12 16  22.4 1001 315  2.7 5 10.2  59  164  253 385 -430  1
3823500 2818500  8 12 17  22.5 1002 315  2.8 5 10.1  58   59  205 380 -424  1
3823500 2818500  8 12 18  20.9 1002 320  3.1 3  9.5  58  141  116 368 -418  1
3823500 2818500  8 12 19  20.1 1003 307  2.7 4  9.2  60   40   72 358 -412  1
3823500 2818500  8 12 20  18.9 1003 299  2.7 5  9.4  65    4   19 364 -408  1
3823500 2818500  8 12 21  17.7 1004 300  1.9 4  9.5  71    0    0 361 -403  1
3823500 2818500  8 12 22  16.9 1005 295  1.5 2  9.5  76    0    0 341 -399  1
3823500 2818500  8 12 23  16.5 1005 286  1.0 2  9.4  78    0    0 329 -397  1
3823500 2818500  8 12 24  15.5 1006 281  1.1 0  9.1  79    0    0 317 -396  1
3823500 2818500  8 13  1  15.2 1006 272  1.4 1  9.1  83    0    0 310 -395  1
3823500 2818500  8 13  2  14.9 1007 264  1.3 1  9.3  86    0    0 313 -393  1
3823500 2818500  8 13  3  15.3 1007 272  0.8 2  9.5  88    0    0 318 -391  1
3823500 2818500  8 13  4  16.0 1007 267  1.0 5  9.8  87    0    0 341 -389  1
3823500 2818500  8 13  5  16.0 1007 279  0.7 6  9.8  86    0    0 363 -385  1
3823500 2818500  8 13  6  15.4 1008 280  0.8 4  9.6  85    0   13 358 -382  1
3823500 2818500  8 13  7  16.4 1008 293  1.7 3  9.5  84   26   72 342 -381  1
3823500 2818500  8 13  8  17.7 1008 300  2.4 2  9.6  79  200   70 335 -385  1
3823500 2818500  8 13  9  18.5 1009 306  2.4 2  9.6  74  229  144 333 -395  1
3823500 2818500  8 13 10  19.3 1009 317  2.8 4  9.4  68  303  178 347 -409  1
3823500 2818500  8 13 11  19.8 1010 316  2.7 3  9.0  63  396  183 355 -422  1
3823500 2818500  8 13 12  20.7 1010 291  2.3 4  8.9  59  424  157 356 -431  1
3823500 2818500  8 13 13  21.3 1010 303  1.3 5  8.8  57  219  302 366 -435  1
3823500 2818500  8 13 14  20.8 1010 298  2.6 5  9.1  58   10  258 372 -432  1
3823500 2818500  8 13 15  21.1 1010 282  3.0 6  9.3  60   56  275 377 -434  1
3823500 2818500  8 13 16  21.9 1010 289  2.3 7  9.6  59   48  233 388 -440  1
3823500 2818500  8 13 17  22.3 1010 288  1.9 5 10.1  60  167  158 388 -438  1
3823500 2818500  8 13 18  22.8 1010 283  1.2 4 10.3  60  168   82 378 -432  1
3823500 2818500  8 13 19  21.6 1010 288  1.0 5 10.3  61   71   51 377 -426  1
3823500 2818500  8 13 20  20.1 1010 286  1.1 6 10.4  67    8   16 381 -419  1
3823500 2818500  8 13 21  19.4 1010 297  1.2 6 10.4  72    0    0 379 -410  1
3823500 2818500  8 13 22  18.0 1011 301  0.8 3 10.2  75    0    0 361 -403  1
3823500 2818500  8 13 23  16.5 1011 294  0.7 1  9.8  79    0    0 333 -400  1
3823500 2818500  8 13 24  15.5 1011 286  0.4 0  9.5  83    0    0 314 -397  1
3823500 2818500  8 14  1  13.6 1011 227  0.1 1  9.1  87    0    0 308 -394  1
3823500 2818500  8 14  2  13.1 1011 232  0.1 0  8.7  91    0    0 303 -392  1
3823500 2818500  8 14  3  12.8 1012 227  0.4 0  8.6  92    0    0 297 -391  1
3823500 2818500  8 14  4  13.3 1012 228  0.5 2  8.7  92    0    0 306 -391  1
3823500 2818500  8 14  5  13.0 1012 205  0.5 1  8.8  93    0    0 311 -391  1
3823500 2818500  8 14  6  12.8 1012 179  0.4 1  8.8  94    0   12 308 -392  1
3823500 2818500  8 14  7  15.4 1012 241  0.6 0  9.8  97   32   77 310 -396  1
3823500 2818500  8 14  8  17.8 1012 227  0.7 2 10.8  91  113  142 323 -402  1
3823500 2818500  8 14  9  19.1 1012 236  1.7 4 11.0  82  101  228 346 -410  1
3823500 2818500  8 14 10  20.0 1012 265  1.4 6 11.2  78  109  291 367 -420  1
3823500 2818500  8 14 11  21.2 1012 274  2.0 6 11.4  75   65  328 378 -423  1
3823500 2818500  8 14 12  23.2 1012 275  1.9 6 11.7  70   83  350 385 -426  1
3823500 2818500  8 14 13  24.4 1013 260  1.2 4 11.5  62  324  334 384 -436  1
3823500 2818500  8 14 14  24.4 1013 232  1.5 4 11.2  58  150  354 381 -449  1
3823500 2818500  8 14 15  24.3 1012 284  2.0 4 11.1  58  119  318 382 -451  1
3823500 2818500  8 14 16  24.1 1012 289  2.2 5 11.0  58   96  268 384 -452  1
3823500 2818500  8 14 17  24.6 1012 326  1.3 5 10.9  57  145  204 385 -452  1
3823500 2818500  8 14 18  24.1 1012 348  1.4 4 11.1  58  140  124 381 -444  1
3823500 2818500  8 14 19  23.5 1012 355  0.6 3 11.5  62   60   72 371 -434  1
3823500 2818500  8 14 20  19.8 1011 356  0.0 4 11.3  70    5   20 362 -425  1
3823500 2818500  8 14 21  17.6 1011 330  0.0 3 10.6  78    0    0 350 -415  1
3823500 2818500  8 14 22  16.4 1011 262  0.0 1 10.1  83    0    0 334 -409  1
3823500 2818500  8 14 23  15.7 1011   8  0.0 1 10.0  88    0    0 323 -406  1
3823500 2818500  8 14 24  15.2 1011  22  0.0 0  9.9  90    0    0 316 -402  1
3823500 2818500  8 15  1  15.8 1011  62  0.0 0 10.1  91    0    0 313 -400  1
3823500 2818500  8 15  2  14.6 1011  49  0.0 0  9.9  91    0    0 312 -398  1
3823500 2818500  8 15  3  14.8 1011  87  0.0 0  9.6  91    0    0 309 -397  1
3823500 2818500  8 15  4  14.1 1011   9  0.0 0  9.5  92    0    0 308 -395  1
3823500 2818500  8 15  5  13.9 1011  31  0.0 0  9.2  92    0    0 306 -393  1
3823500 2818500  8 15  6  13.8 1011  86  0.0 0  9.1  92    0   10 304 -392  1
3823500 2818500  8 15  7  16.1 1011 113  0.1 0 10.2  96   21   75 307 -393  1
3823500 2818500  8 15  8  18.6 1011 134  0.1 1 12.1  97  143  115 320 -400  1
3823500 2818500  8 15  9  22.2 1011 148  0.1 0 12.3  81  288  130 330 -412  1
3823500 2818500  8 15 10  23.9 1012 164  1.0 0 12.0  67  416  138 336 -427  1
3823500 2818500  8 15 11  25.1 1011 177  0.8 1 11.9  61  528  137 347 -443  1
3823500 2818500  8 15 12  25.8 1011 163  0.4 2 11.5  56  504  197 358 -457  1
3823500 2818500  8 15 13  26.3 1011 169  0.7 3 11.2  52  419  256 368 -468  1
3823500 2818500  8 15 14  26.9 1011 148  1.0 2 10.8  49  450  223 370 -475  1
3823500 2818500  8 15 15  26.4 1010 153  1.5 3 10.5  48  464  170 371 -478  1
3823500 2818500  8 15 16  26.6 1010 151  0.9 3 10.4  48  378  152 373 -476  1
3823500 2818500  8 15 17  27.4 1010 107  0.8 2 10.4  46  317  105 371 -471  1
3823500 2818500  8 15 18  26.7 1010  87  0.8 1 10.3  46  225   74 364 -462  1
3823500 2818500  8 15 19  25.4 1010  85  0.4 1 10.6  50  103   53 359 -453  1
3823500 2818500  8 15 20  21.8 1010  95  0.1 2 10.6  58   10   20 353 -443  1
3823500 2818500  8 15 21  19.7 1009  87  0.1 2 10.2  66    0    0 345 -434  1
3823500 2818500  8 15 22  18.7 1010  74  0.1 1 10.1  72    0    0 338 -427  1
3823500 2818500  8 15 23  17.4 1010  59  0.1 1 10.2  78    0    0 332 -422  1
3823500 2818500  8 15 24  17.3 1010  68  0.1 2 10.3  83    0    0 333 -418  1
3823500 2818500  8 16  1  17.3 1010  87  0.1 1 10.4  84    0    0 333 -415  1
3823500 2818500  8 16  2  16.5 1010  76  0.1 1 10.0  83    0    0 329 -413  1
3823500 2818500  8 16  3  16.6 1010  18  0.1 1  9.9  84    0    0 327 -410  1
3823500 2818500  8 16  4  15.3 1010  39  0.0 1  9.8  86    0    0 325 -407  1
3823500 2818500  8 16  5  14.7 1010   6  0.0 2  9.4  88    0    0 323 -405  1
3823500 2818500  8 16  6  14.8 1011  67  0.0 2  9.4  89    0   12 323 -404  1
3823500 2818500  8 16  7  17.0 1011  57  0.0 2 10.2  90   30   72 326 -405  1
3823500 2818500  8 16  8  20.3 1011  89  0.1 1 11.5  85  135  121 332 -412  1
3823500 2818500  8 16  9  23.9 1011  87  0.5 0 12.0  72  265  147 337 -423  1
3823500 2818500  8 16 10  24.6 1012  64  1.0 1 11.9  62  375  170 346 -439  1
3823500 2818500  8 16 11  25.4 1012  90  1.8 1 11.4  57  485  171 354 -455  1
3823500 2818500  8 16 12  26.3 1012  50  1.9 1 10.9  52  572  159 359 -470  1
3823500 2818500  8 16 13  26.7 1012  60  1.6 1 10.8  50  631  136 365 -482  1
3823500 2818500  8 16 14  27.2 1011  59  1.9 1 10.8  48  635  117 369 -488  1
3823500 2818500  8 16 15  27.4 1011  54  2.0 1 10.3  45  587  106 372 -488  1
3823500 2818500  8 16 16  27.1 1011  54  1.7 1 10.0  44  482  103 370 -484  1
3823500 2818500  8 16 17  27.2 1011  67  1.5 1  9.9  44  343  101 367 -478  1
3823500 2818500  8 16 18  26.7 1010  55  1.3 1  9.8  44  215   84 364 -468  1
3823500 2818500  8 16 19  26.8 1010  65  0.7 0 10.0  45   88   60 361 -457  1
3823500 2818500  8 16 20  23.8 1010  60  0.2 1 10.0  49    9   19 357 -447  1
3823500 2818500  8 16 21  19.7 1009  72  0.1 1  9.6  59    0    0 348 -438  1
3823500 2818500  8 16 22  18.6 1010  66  0.2 1  9.4  68    0    0 339 -432  1
3823500 2818500  8 16 23  17.7 1010  58  0.1 1  9.4  72    0    0 338 -426  1
3823500 2818500  8 16 24  16.3 1010  65  0.1 2  9.3  76    0    0 336 -422  1
3823500 2818500  8 17  1  15.9 1010  56  0.2 2  9.3  81    0    0 335 -418  1
3823500 2818500  8 17  2  15.2 1010  68  0.1 1  9.3  83    0    0 331 -416  1
3823500 2818500  8 17  3  14.4 1010  48  0.1 1  9.0  85    0    0 324 -415  1
3823500 2818500  8 17  4  13.9 1010  68  0.0 1  8.8  87    0    0 320 -413  1
3823500 2818500  8 17  5  13.6 1010  37  0.0 1  8.7  88    0    0 318 -412  1
3823500 2818500  8 17  6  14.1 1010  66  0.0 1  8.8  89    0   10 318 -410  1
3823500 2818500  8 17  7  17.4 1010  67  0.4 1 10.1  90   31   71 324 -411  1
3823500 2818500  8 17  8  20.5 1010  87  0.8 0 11.1  80  141  114 332 -416  1
3823500 2818500  8 17  9  23.1 1010 114  1.5 0 11.1  67  264  142 340 -427  1
3823500 2818500  8 17 10  24.6 1011 112  1.7 1 11.5  62  384  158 352 -441  1
3823500 2818500  8 17 11  26.4 1010 116  2.1 1 11.8  57  483  165 363 -454  1
3823500 2818500  8 17 12  27.2 1010 135  2.0 1 11.9  54  570  152 370 -466  1
3823500 2818500  8 17 13  27.8 1010 116  1.7 1 11.6  50  574  164 374 -476  1
3823500 2818500  8 17 14  28.3 1010 120  1.2 1 11.3  47  485  202 378 -483  1
3823500 2818500  8 17 15  28.4 1009  98  1.3 1 11.1  46  513  138 382 -486  1
3823500 2818500  8 17 16  28.3 1009 118  1.4 1 10.8  44  454  108 381 -485  1
3823500 2818500  8 17 17  27.9 1008  79  1.6 1 10.8  45  345   93 378 -480  1
3823500 2818500  8 17 18  27.8 1008  89  1.0 1 11.0  46  220   77 375 -473  1
3823500 2818500  8 17 19  26.1 1007  89  1.0 0 11.6  52   85   57 368 -465  1
3823500 2818500  8 17 20  24.1 1007 107  0.7 1 12.0  60    7   18 362 -456  1
3823500 2818500  8 17 21  22.3 1008  75  0.5 2 11.8  66    0    0 359 -446  1
3823500 2818500  8 17 22  21.7 1008  83  0.7 1 11.7  70    0    0 355 -439  1
3823500 2818500  8 17 23  20.1 1007  81  0.5 1 11.5  74    0    0 350 -435  1
3823500 2818500  8 17 24  20.1 1007  94  0.4 1 11.6  78    0    0 348 -433  1
3823500 2818500  8 18  1  18.9 1007 103  0.2 0 11.5  80    0    0 343 -431  1
3823500 2818500  8 18  2  18.8 1007  89  0.5 0 11.4  83    0    0 337 -428  1
3823500 2818500  8 18  3  18.0 1007  96  0.4 0 11.4  85    0    0 334 -426  1
3823500 2818500  8 18  4  17.9 1007  92  0.4 0 11.2  86    0    0 330 -424  1
3823500 2818500  8 18  5  17.9 1006 108  0.6 1 11.2  86    0    0 331 -422  1
3823500 2818500  8 18  6  16.9 1006  97  0.7 1 10.9  87    0   10 330 -421  1
3823500 2818500  8 18  7  18.5 1006  94  0.8 1 11.4  89   20   74 331 -421  1
3823500 2818500  8 18  8  21.2 1006 110  1.3 1 12.5  85  104  137 339 -427  1
3823500 2818500  8 18  9  22.7 1007 113  2.4 1 12.5  75  211  182 348 -437  1
3823500 2818500  8 18 10  24.1 1007 129  2.2 1 12.5  69  244  245 358 -448  1
3823500 2818500  8 18 11  25.7 1007 101  1.8 2 12.7  64  405  230 371 -460  1
3823500 2818500  8 18 12  26.9 1007 110  2.4 2 12.5  58  173  323 381 -471  1
3823500 2818500  8 18 13  28.1 1006 131  2.9 2 12.4  53  547  203 388 -483  1
3823500 2818500  8 18 14  28.7 1006 134  3.9 2 12.0  49  427  255 392 -492  1
3823500 2818500  8 18 15  28.9 1006 132  3.4 2 11.0  44  445  199 392 -497  1
3823500 2818500  8 18 16  28.9 1005 134  3.1 2 10.6  42  345  186 391 -496  1
3823500 2818500  8 18 17  28.5 1005 133  2.4 2 10.9  44  264  145 387 -490  1
3823500 2818500  8 18 18  28.0 1005 132  1.9 2 10.9  45  165  109 383 -481  1
3823500 2818500  8 18 19  26.8 1005 104  1.4 2 11.1  48   61   67 378 -470  1
3823500 2818500  8 18 20  24.5 1005  96  1.2 2 11.5  55    4   17 371 -462  1
3823500 2818500  8 18 21  23.3 1006  98  1.5 2 11.7  62    0    0 365 -456  1
3823500 2818500  8 18 22  22.4 1006 122  0.8 1 11.7  66    0    0 358 -451  1
3823500 2818500  8 18 23  21.6 1006  69  1.1 1 11.6  69    0    0 352 -448  1
3823500 2818500  8 18 24  21.2 1006  80  1.6 1 11.5  71    0    0 351 -445  1
3823500 2818500  8 19  1  20.9 1006  92  1.0 3 11.5  73    0    0 355 -441  1
3823500 2818500  8 19  2  20.5 1006 117  1.3 3 11.5  75    0    0 360 -438  1
3823500 2818500  8 19  3  20.0 1005 111  1.1 2 11.4  76    0    0 354 -436  1
3823500 2818500  8 19  4  19.7 1005  78  0.7 2 11.2  76    0    0 348 -434  1
3823500 2818500  8 19  5  19.3 1005  93  0.3 3 11.2  78    0    0 350 -432  1
3823500 2818500  8 19  6  18.8 1005 102  0.3 4 11.2  80    0    0 356 -430  1
3823500 2818500  8 19  7  20.3 1005 143  0.7 6 11.4  79    0   28 368 -429  1
3823500 2818500  8 19  8  21.9 1006 129  1.2 5 11.9  75    9  114 376 -429  1
3823500 2818500  8 19  9  23.7 1006 165  2.2 5 12.2  69   43  191 377 -433  1
3823500 2818500  8 19 10  25.3 1007 167  2.0 6 12.3  63   84  248 386 -441  1
3823500 2818500  8 19 11  26.4 1007 200  2.3 6 12.1  57  112  288 394 -451  1
3823500 2818500  8 19 12  26.7 1007 215  2.1 7 12.0  55   82  309 401 -459  1
3823500 2818500  8 19 13  26.0 1007 282  2.3 8 12.4  57    0  143 408 -472  1
3823500 2818500  8 19 14  25.5 1007 341  2.6 7 12.7  61   44  287 407 -485  1
3823500 2818500  8 19 15  25.9 1007  14  3.1 5 13.3  64  259  225 398 -489  1
3823500 2818500  8 19 16  26.7 1007  45  1.5 5 13.4  62  230  181 393 -488  1
3823500 2818500  8 19 17  27.4 1007  37  1.4 6 12.9  57  171  138 396 -482  1
3823500 2818500  8 19 18  26.2 1006  53  1.2 7 13.1  59   40  108 399 -473  1
3823500 2818500  8 19 19  25.0 1006  48  1.2 6 13.8  66    1   40 395 -463  1
3823500 2818500  8 19 20  23.8 1007  95  1.1 8 13.9  71    0    6 395 -453  1
3823500 2818500  8 19 21  23.2 1007 113  2.9 7 14.1  77    0    0 396 -445  1
3823500 2818500  8 19 22  22.7 1008 186  2.9 8 14.1  79    0    0 394 -438  1
3823500 2818500  8 19 23  21.4 1008 176  1.6 8 13.0  77    0    0 392 -432  1
3823500 2818500  8 19 24  19.7 1007 149  1.1 7 11.9  78    0    0 383 -428  1
3823500 2818500  8 20  1  19.3 1007 144  0.8 6 11.7  82    0    0 372 -424  1
3823500 2818500  8 20  2  18.3 1007 142  1.0 5 11.4  83    0    0 362 -421  1
3823500 2818500  8 20  3  17.6 1006 115  0.4 4 11.0  85    0    0 352 -418  1
3823500 2818500  8 20  4  17.4 1006  68  0.1 3 11.0  87    0    0 344 -415  1
3823500 2818500  8 20  5  17.1 1006 108  0.1 4 10.9  88    0    0 343 -413  1
3823500 2818500  8 20  6  17.6 1006  98  0.1 4 10.9  87    0    9 347 -412  1
3823500 2818500  8 20  7  19.2 1006 113  0.3 4 11.4  85   30   72 350 -413  1
3823500 2818500  8 20  8  22.2 1006 138  0.7 2 12.0  78  107  134 350 -419  1
3823500 2818500  8 20  9  23.4 1007 131  1.4 3 12.3  70  181  190 355 -432  1
3823500 2818500  8 20 10  25.5 1006 145  2.5 4 12.3  64  247  238 369 -448  1
3823500 2818500  8 20 11  26.7 1006 149  2.0 4 12.6  59  203  309 380 -464  1
3823500 2818500  8 20 12  28.8 1006 163  2.5 4 12.7  54  338  258 389 -478  1
3823500 2818500  8 20 13  29.7 1006 150  2.0 3 12.6  49  425  268 395 -490  1
3823500 2818500  8 20 14  30.5 1005 170  1.8 2 12.2  45  431  247 395 -488  1
3823500 2818500  8 20 15  30.3 1005 158  1.2 3 12.0  44  328  254 397 -480  1
3823500 2818500  8 20 16  30.6 1004 315  0.8 4 12.5  45  150  251 403 -479  1
3823500 2818500  8 20 17  26.2 1003 227  1.4 8 13.0  53    0   72 411 -480  1
3823500 2818500  8 20 18  19.6 1003 257  2.0 7 12.4  70    0   26 398 -472  1
3823500 2818500  8 20 19  18.9 1004 331  2.6 7 12.1  85    0   13 383 -462  1
3823500 2818500  8 20 20  18.9 1004 140  3.4 7 12.5  90    0    2 383 -454  1
3823500 2818500  8 20 21  19.0 1004 201  1.2 7 12.6  91    0    0 385 -444  1
3823500 2818500  8 20 22  18.5 1004 327  0.1 8 12.7  92    0    0 389 -435  1
3823500 2818500  8 20 23  18.6 1004  81  0.4 8 12.7  93    0    0 392 -430  1
3823500 2818500  8 20 24  18.5 1004 135  0.1 8 12.7  94    0    0 393 -426  1
3823500 2818500  8 21  1  18.1 1004 178  1.2 8 12.6  94    0    0 393 -424  1
3823500 2818500  8 21  2  18.3 1004 175  0.6 8 12.5  94    0    0 396 -422  1
3823500 2818500  8 21  3  18.2 1003 272  1.8 8 12.6  94    0    0 397 -421  1
3823500 2818500  8 21  4  18.3 1004 319  1.9 8 12.6  95    0    0 397 -419  1
3823500 2818500  8 21  5  18.2 1004 242  1.2 8 12.5  94    0    0 398 -417  1
3823500 2818500  8 21  6  18.2 1004 293  1.4 8 12.4  94    0    4 397 -416  1
3823500 2818500  8 21  7  18.3 1003 327  0.6 7 12.4  93    0   24 392 -414  1
3823500 2818500  8 21  8  18.2 1004 349  0.2 8 12.4  93    0   35 392 -413  1
3823500 2818500  8 21  9  18.7 1004  68  0.7 8 12.6  93    0   56 396 -414  1
3823500 2818500  8 21 10  19.0 1004  90  1.8 8 12.7  92    0   86 395 -419  1
3823500 2818500  8 21 11  19.8 1004 148  2.2 8 12.9  90    0  150 396 -426  1
3823500 2818500  8 21 12  19.7 1004 189  1.8 7 12.9  88    1  191 392 -431  1
3823500 2818500  8 21 13  19.5 1004 188  2.7 7 12.6  87    0  142 387 -434  1
3823500 2818500  8 21 14  19.5 1005 196  2.3 7 12.3  85    0  161 386 -439  1
3823500 2818500  8 21 15  19.8 1005 186  2.6 7 12.1  84    6  203 386 -446  1
3823500 2818500  8 21 16  19.7 1005 183  2.3 7 12.1  83   17  188 385 -448  1
3823500 2818500  8 21 17  19.3 1005 232  2.5 7 11.7  81   31  160 383 -446  1
3823500 2818500  8 21 18  18.8 1005 196  2.6 6 11.5  82   82  104 375 -439  1
3823500 2818500  8 21 19  18.4 1005 204  1.6 8 11.4  84   39   50 378 -429  1
3823500 2818500  8 21 20  17.6 1005 212  1.2 8 11.5  88    2   10 384 -418  1
3823500 2818500  8 21 21  17.4 1006 222  1.3 8 11.5  91    0    0 381 -408  1
3823500 2818500  8 21 22  16.9 1007 232  1.6 8 11.4  92    0    0 379 -402  1
3823500 2818500  8 21 23  17.1 1007 236  1.4 8 11.3  93    0    0 377 -398  1
3823500 2818500  8 21 24  17.1 1007 239  1.0 7 11.5  93    0    0 374 -394  1
3823500 2818500  8 22  1  17.3 1006 233  0.9 8 11.6  94    0    0 373 -392  1
3823500 2818500  8 22  2  17.0 1006 249  1.1 8 11.4  92    0    0 377 -389  1
3823500 2818500  8 22  3  17.1 1006 236  0.8 8 11.3  92    0    0 376 -387  1
3823500 2818500  8 22  4  16.9 1006 231  1.3 8 11.3  92    0    0 376 -385  1
3823500 2818500  8 22  5  16.6 1007 237  1.1 7 11.1  92    0    0 371 -384  1
3823500 2818500  8 22  6  16.6 1007 251  1.2 7 11.1  93    0    0 366 -384  1
3823500 2818500  8 22  7  16.6 1007 273  1.1 7 11.2  94    0   31 366 -387  1
3823500 2818500  8 22  8  16.8 1007 270  1.2 6 11.3  94    3  102 359 -393  1
3823500 2818500  8 22  9  17.1 1008 272  1.4 7 11.2  92    1  122 360 -400  1
3823500 2818500  8 22 10  17.8 1008 295  1.1 7 11.0  87    5  196 365 -402  1
3823500 2818500  8 22 11  17.9 1008 307  0.7 6 11.0  85    5  229 364 -400  1
3823500 2818500  8 22 12  17.5 1009 299  1.4 7 11.0  86    3  222 364 -401  1
3823500 2818500  8 22 13  19.2 1009 281  1.2 7 11.1  83    6  247 372 -400  1
3823500 2818500  8 22 14  19.5 1009 292  0.8 8 11.2  79    0  138 380 -400  1
3823500 2818500  8 22 15  19.1 1009 284  0.5 8 11.1  79    0  134 384 -402  1
3823500 2818500  8 22 16  20.0 1009 321  1.3 6 11.0  77   15  187 377 -407  1
3823500 2818500  8 22 17  20.6 1009 304  1.4 5 11.0  73   48  173 368 -413  1
3823500 2818500  8 22 18  19.9 1009 311  1.2 6 10.8  72   22  109 365 -417  1
3823500 2818500  8 22 19  18.8 1009 308  0.6 6 10.6  75   10   48 365 -416  1
3823500 2818500  8 22 20  17.2 1009 320  0.5 5 10.5  81    3   11 355 -414  1
3823500 2818500  8 22 21  16.6 1010 335  0.1 6 10.4  86    0    0 351 -412  1
3823500 2818500  8 22 22  16.0 1010 336  0.3 6 10.2  88    0    0 351 -411  1
3823500 2818500  8 22 23  15.8 1010 347  0.7 6 10.2  90    0    0 351 -409  1
3823500 2818500  8 22 24  15.2 1010 332  0.6 7 10.1  91    0    0 354 -408  1
3823500 2818500  8 23  1  15.7 1010 295  0.6 8 10.0  91    0    0 361 -406  1
3823500 2818500  8 23  2  15.5 1010 330  1.0 7 10.0  90    0    0 361 -406  1
3823500 2818500  8 23  3  15.6 1009 328  0.9 6 10.1  90    0    0 354 -407  1
3823500 2818500  8 23  4  15.7 1009 345  1.0 7 10.2  91    0    0 354 -408  1
3823500 2818500  8 23  5  15.4 1009 315  0.8 8 10.3  92    0    0 362 -408  1
3823500 2818500  8 23  6  15.5 1009 352  0.0 8 10.3  93    0    0 365 -408  1
3823500 2818500  8 23  7  15.5 1009 278  0.4 8 10.4  94    0   23 364 -407  1
3823500 2818500  8 23  8  16.0 1009 257  0.6 8 10.6  94    0   74 364 -409  1
3823500 2818500  8 23  9  16.6 1010 317  0.6 7 10.7  92   11  166 362 -414  1
3823500 2818500  8 23 10  18.0 1010  13  0.9 6 10.9  88   63  250 360 -420  1
3823500 2818500  8 23 11  18.5 1010 345  0.9 7 11.1  84   23  271 365 -425  1
3823500 2818500  8 23 12  18.9 1010 327  1.2 7 11.0  81   26  288 370 -433  1
3823500 2818500  8 23 13  19.4 1010 340  1.1 8 11.0  79    8  252 377 -441  1
3823500 2818500  8 23 14  20.5 1010 313  0.9 7 11.1  76   60  295 380 -441  1
3823500 2818500  8 23 15  21.3 1010 345  1.4 5 11.1  71  156  267 373 -443  1
3823500 2818500  8 23 16  21.1 1010 291  0.9 5 11.3  72  167  216 368 -447  1
3823500 2818500  8 23 17  21.3 1010 331  1.0 5 11.5  72  147  154 367 -447  1
3823500 2818500  8 23 18  21.2 1009 346  1.1 4 11.2  70  114   90 362 -442  1
3823500 2818500  8 23 19  20.0 1009 346  1.1 5 11.1  73   64   45 358 -436  1
3823500 2818500  8 23 20  17.8 1009   5  0.1 5 10.6  77    2   10 354 -428  1
3823500 2818500  8 23 21  16.4 1010  25  0.0 5 10.1  82    0    0 347 -422  1
3823500 2818500  8 23 22  15.5 1010 314  0.2 5  9.7  85    0    0 344 -419  1
3823500 2818500  8 23 23  15.1 1010 346  0.1 5  9.5  87    0    0 341 -416  1
3823500 2818500  8 23 24  14.7 1010   5  0.1 6  9.4  88    0    0 343 -413  1
3823500 2818500  8 24  1  15.3 1010 360  0.4 5  9.6  90    0    0 342 -412  1
3823500 2818500  8 24  2  15.0 1010 355  0.3 4  9.8  91    0    0 336 -412  1
3823500 2818500  8 24  3  14.8 1010  15  0.1 4  9.8  92    0    0 332 -412  1
3823500 2818500  8 24  4  15.0 1010 357  0.6 6 10.0  94    0    0 339 -410  1
3823500 2818500  8 24  5  14.9 1010 341  0.6 8 10.2  95    0    0 351 -408  1
3823500 2818500  8 24  6  15.6 1010 338  0.5 5 10.4  95    0    0 348 -405  1
3823500 2818500  8 24  7  15.9 1009 356  0.9 7 10.7  95    0   20 346 -404  1
3823500 2818500  8 24  8  16.1 1010 333  1.4 6 11.2  98    0   90 350 -409  1
3823500 2818500  8 24  9  16.7 1010  12  1.4 6 11.6  98    6  165 349 -421  1
3823500 2818500  8 24 10  18.0 1010 358  1.7 7 12.0  96    0  167 356 -436  1
3823500 2818500  8 24 11  19.9 1010 151  1.9 7 12.3  89   10  255 366 -453  1
3823500 2818500  8 24 12  20.3 1010 176  1.5 7 12.0  80    3  240 370 -470  1
3823500 2818500  8 24 13  20.7 1010 280  1.6 7 11.6  77    0  159 373 -481  1
3823500 2818500  8 24 14  21.0 1010 296  1.8 8 11.9  77    0  133 379 -487  1
3823500 2818500  8 24 15  20.4 1009 343  2.2 8 12.1  78    0  105 381 -488  1
3823500 2818500  8 24 16  19.7 1009 305  1.7 8 11.9  80    0   61 377 -485  1
3823500 2818500  8 24 17  18.3 1009 215  1.5 6 12.2  88   17  158 368 -477  1
3823500 2818500  8 24 18  19.4 1009 126  1.3 4 12.9  94  149  100 356 -464  1
3823500 2818500  8 24 19  18.9 1009 141  1.0 7 12.6  90   45   56 358 -452  1
3823500 2818500  8 24 20  17.4 1009 173  1.0 7 11.9  90    3   12 362 -442  1
3823500 2818500  8 24 21  17.2 1009 156  0.8 7 11.7  94    0    0 359 -434  1
3823500 2818500  8 24 22  17.1 1010 211  1.8 8 11.7  94    0    0 362 -429  1
3823500 2818500  8 24 23  17.2 1010 249  1.6 8 11.6  94    0    0 368 -427  1
3823500 2818500  8 24 24  16.9 1010 227  2.5 7 11.7  96    0    0 366 -424  1
3823500 2818500  8 25  1  16.3 1011 245  2.5 8 11.5  96    0    0 365 -420  1
3823500 2818500  8 25  2  16.1 1011 213  1.8 8 11.2  96    0    0 368 -417  1
3823500 2818500  8 25  3  15.7 1012 192  2.5 8 10.9  96    0    0 366 -416  1
3823500 2818500  8 25  4  15.6 1012 229  1.5 7 10.5  94    0    0 362 -412  1
3823500 2818500  8 25  5  15.5 1012  61  1.8 7 10.4  94    0    0 358 -408  1
3823500 2818500  8 25  6  15.5 1012 235  1.2 7 10.4  94    0    1 359 -406  1
3823500 2818500  8 25  7  15.8 1013 224  1.8 8 10.5  94    0   19 364 -405  1
3823500 2818500  8 25  8  16.2 1013 276  1.5 8 10.5  92    0   60 368 -406  1
3823500 2818500  8 25  9  16.7 1013 201  1.4 8 10.9  93    3  150 370 -410  1
3823500 2818500  8 25 10  17.6 1014 291  1.8 7 11.4  93    7  205 369 -413  1
3823500 2818500  8 25 11  18.5 1014 329  1.3 5 11.3  87  122  286 362 -418  1
3823500 2818500  8 25 12  19.4 1014 273  1.7 5 11.0  80  108  313 359 -426  1
3823500 2818500  8 25 13  19.4 1014 269  1.1 5 11.2  79   60  312 364 -434  1
3823500 2818500  8 25 14  20.6 1014 209  2.1 5 11.1  76   29  273 368 -441  1
3823500 2818500  8 25 15  20.7 1015 287  0.7 5 10.8  71   94  269 370 -443  1
3823500 2818500  8 25 16  21.2 1015 327  2.2 5 10.6  68  164  210 369 -438  1
3823500 2818500  8 25 17  21.1 1014 326  1.2 7 10.5  67   40  162 375 -433  1
3823500 2818500  8 25 18  20.7 1014 344  1.0 6 10.6  68   43  105 375 -429  1
3823500 2818500  8 25 19  19.4 1014 353  0.3 7 10.6  72   20   43 372 -424  1
3823500 2818500  8 25 20  18.2 1014  16  0.1 7 10.3  76    0    5 371 -420  1
3823500 2818500  8 25 21  16.9 1014  19  0.0 7 10.1  80    0    0 366 -418  1
3823500 2818500  8 25 22  16.5 1014  17  0.0 7 10.0  84    0    0 365 -415  1
3823500 2818500  8 25 23  16.0 1015 357  0.1 7 10.0  86    0    0 364 -412  1
3823500 2818500  8 25 24  15.5 1014  31  0.1 8 10.2  91    0    0 368 -410  1
3823500 2818500  8 26  1  16.1 1014  10  0.1 8 10.3  92    0    0 372 -409  1
3823500 2818500  8 26  2  15.5 1014  37  0.1 7 10.0  89    0    0 368 -407  1
3823500 2818500  8 26  3  15.0 1014  25  0.2 5  9.7  90    0    0 352 -405  1
3823500 2818500  8 26  4  14.5 1014  19  0.0 5  9.7  92    0    0 341 -403  1
3823500 2818500  8 26  5  13.9 1013  21  0.1 5  9.5  93    0    0 339 -399  1
3823500 2818500  8 26  6  13.8 1013  41  0.1 4  9.2  93    0    1 332 -397  1
3823500 2818500  8 26  7  14.9 1013  21  0.7 5  9.5  93    7   55 334 -398  1
3823500 2818500  8 26  8  16.7 1013  54  1.5 5 10.4  93   56  130 344 -402  1
3823500 2818500  8 26  9  18.3 1012  56  2.9 5 11.1  88  126  194 351 -411  1
3823500 2818500  8 26 10  19.7 1012  58  3.6 4 11.3  81  102  266 353 -422  1
3823500 2818500  8 26 11  20.9 1012  39  3.6 3 11.3  75  176  304 350 -434  1
3823500 2818500  8 26 12  21.9 1011  44  3.3 3 11.4  71  284  304 351 -447  1
3823500 2818500  8 26 13  22.6 1011  34  3.9 3 11.5  68  393  267 354 -456  1
3823500 2818500  8 26 14  23.5 1011  34  3.9 2 11.6  66  444  221 354 -462  1
3823500 2818500  8 26 15  24.0 1011  42  3.6 2 12.0  65  345  229 354 -464  1
3823500 2818500  8 26 16  23.9 1010  37  3.3 4 12.3  65  201  231 362 -463  1
3823500 2818500  8 26 17  23.8 1010  34  3.1 3 12.5  67  125  180 366 -458  1
3823500 2818500  8 26 18  23.3 1010  25  2.6 4 12.6  69   94  109 365 -451  1
3823500 2818500  8 26 19  22.4 1009  31  2.6 6 12.5  71   25   50 373 -442  1
3823500 2818500  8 26 20  21.2 1009  14  1.9 6 12.4  75    0    8 377 -434  1
3823500 2818500  8 26 21  20.4 1008  21  2.1 5 12.4  80    0    0 369 -429  1
3823500 2818500  8 26 22  20.3 1008  19  0.6 3 12.4  82    0    0 356 -424  1
3823500 2818500  8 26 23  19.9 1008  32  1.0 4 12.4  83    0    0 351 -420  1
3823500 2818500  8 26 24  19.8 1008  21  1.6 6 12.2  83    0    0 364 -418  1
3823500 2818500  8 27  1  19.3 1007   6  1.1 6 12.1  84    0    0 373 -416  1
3823500 2818500  8 27  2  18.8 1007  20  0.2 6 12.1  87    0    0 372 -416  1
3823500 2818500  8 27  3  18.1 1006  58  0.2 5 11.8  88    0    0 366 -416  1
3823500 2818500  8 27  4  17.4 1006 352  0.1 3 11.4  89    0    0 350 -415  1
3823500 2818500  8 27  5  17.2 1006  14  0.1 3 11.3  91    0    0 337 -414  1
3823500 2818500  8 27  6  17.1 1005 342  0.1 2 11.2  90    0    0 332 -413  1
3823500 2818500  8 27  7  17.4 1005   8  0.7 4 11.4  91    0   43 337 -412  1
3823500 2818500  8 27  8  18.3 1005  21  1.2 5 12.0  93    4  108 354 -411  1
3823500 2818500  8 27  9  20.1 1005  41  0.3 6 12.5  88   13  185 369 -411  1
3823500 2818500  8 27 10  21.6 1006  33  0.9 4 12.8  82  111  290 369 -411  1
3823500 2818500  8 27 11  23.4 1006  23  1.1 3 13.1  76  214  330 362 -411  1
3823500 2818500  8 27 12  25.0 1006  15  1.3 4 13.4  70  196  369 372 -412  1
3823500 2818500  8 27 13  25.6 1006  40  1.4 6 13.4  65  155  383 391 -414  1
3823500 2818500  8 27 14  26.4 1006  18  1.3 5 13.3  62  277  339 398 -414  1
3823500 2818500  8 27 15  26.9 1005  31  1.6 4 13.7  62  333  277 392 -413  1
3823500 2818500  8 27 16  26.8 1005  30  1.3 4 13.8  61  266  237 389 -412  1
3823500 2818500  8 27 17  26.7 1005  17  0.6 4 13.6  61  178  190 390 -411  1
3823500 2818500  8 27 18  26.3 1005  27  0.4 5 13.7  62   53  129 393 -410  1
3823500 2818500  8 27 19  25.5 1005 355  0.1 6 13.7  64    0   30 399 -411  1
3823500 2818500  8 27 20  22.8 1005 354  0.1 7 13.4  70    0    0 399 -411  1
3823500 2818500  8 27 21  22.0 1006   1  0.2 6 13.5  79    0    0 393 -411  1
3823500 2818500  8 27 22  21.3 1006   2  0.9 7 13.9  84    0    0 392 -409  1
3823500 2818500  8 27 23  20.9 1006 353  1.0 7 13.9  87    0    0 395 -406  1
3823500 2818500  8 27 24  20.3 1006 355  1.0 8 13.7  89    0    0 399 -404  1
3823500 2818500  8 28  1  19.8 1005   2  0.5 7 13.5  90    0    0 397 -404  1
3823500 2818500  8 28  2  19.3 1005 357  0.8 8 13.1  90    0    0 395 -404  1
3823500 2818500  8 28  3  19.0 1005 345  0.8 8 12.7  90    0    0 398 -403  1
3823500 2818500  8 28  4  18.8 1006   5  1.7 8 12.5  90    0    0 398 -402  1
3823500 2818500  8 28  5  17.8 1006 346  1.6 7 12.0  90    0    0 391 -399  1
3823500 2818500  8 28  6  17.6 1006 352  0.3 6 11.9  93    0    0 378 -397  1
3823500 2818500  8 28  7  17.7 1006 356  0.2 6 12.1  94    3   50 372 -394  1
3823500 2818500  8 28  8  19.1 1006   4  1.2 3 12.6  94   32  135 362 -396  1
3823500 2818500  8 28  9  20.5 1007   5  2.0 3 12.9  88  102  211 352 -404  1
3823500 2818500  8 28 10  22.0 1008  14  2.6 2 12.8  80  178  266 351 -414  1
3823500 2818500  8 28 11  23.2 1008   6  2.5 1 12.8  74  258  298 347 -425  1
3823500 2818500  8 28 12  24.1 1008  13  2.4 1 12.6  68  310  315 347 -437  1
3823500 2818500  8 28 13  24.9 1008  14  2.3 1 12.4  64  357  308 352 -447  1
3823500 2818500  8 28 14  25.2 1008  11  2.4 1 12.4  62  164  347 355 -453  1
3823500 2818500  8 28 15  25.4 1008  29  2.2 3 12.7  62  107  311 366 -455  1
3823500 2818500  8 28 16  25.1 1008  17  3.0 4 12.8  63  160  259 379 -453  1
3823500 2818500  8 28 17  24.1 1007  14  2.7 4 12.6  64  114  194 381 -448  1
3823500 2818500  8 28 18  22.9 1008   7  2.4 5 12.4  68   76  121 381 -438  1
3823500 2818500  8 28 19  21.9 1008  14  1.9 5 12.2  71   18   52 381 -426  1
3823500 2818500  8 28 20  20.2 1007  19  1.0 5 11.7  74    0    6 375 -414  1
3823500 2818500  8 28 21  19.3 1008  11  0.4 6 11.5  79    0    0 374 -405  1
3823500 2818500  8 28 22  18.4 1008   3  1.2 4 11.3  82    0    0 367 -400  1
3823500 2818500  8 28 23  17.3 1009   6  0.8 3 11.0  85    0    0 350 -396  1
3823500 2818500  8 28 24  16.6 1009 356  0.3 4 10.7  88    0    0 345 -393  1
3823500 2818500  8 29  1  15.8 1009 348  0.1 5 10.4  89    0    0 350 -390  1
3823500 2818500  8 29  2  15.3 1008 330  0.1 5 10.1  91    0    0 351 -389  1
3823500 2818500  8 29  3  15.7 1008 325  0.1 4 10.2  92    0    0 347 -388  1
3823500 2818500  8 29  4  15.1 1008 338  0.1 4 10.4  94    0    0 342 -387  1
3823500 2818500  8 29  5  15.1 1008 347  0.2 5 10.2  94    0    0 345 -386  1
3823500 2818500  8 29  6  15.4 1008  13  0.2 6 10.0  91    0    1 354 -385  1
3823500 2818500  8 29  7  15.9 1008   7  0.1 5 10.4  93    0   38 356 -385  1
3823500 2818500  8 29  8  16.7 1008   6  0.1 8 11.3  96    0   40 369 -389  1
3823500 2818500  8 29  9  17.6 1009 356  0.4 8 11.7  94    0   49 386 -399  1
3823500 2818500  8 29 10  18.4 1009 313  0.6 7 11.7  90    1  161 384 -412  1
3823500 2818500  8 29 11  20.2 1010 324  1.0 7 12.2  86    9  240 386 -425  1
3823500 2818500  8 29 12  21.0 1010 318  1.3 7 12.2  80   32  287 391 -439  1
3823500 2818500  8 29 13  22.6 1010 310  1.0 7 11.6  71   76  303 396 -450  1
3823500 2818500  8 29 14  22.8 1010 321  1.1 8 11.5  66   57  278 403 -457  1
3823500 2818500  8 29 15  22.5 1010 335  1.0 6 11.3  66  132  257 400 -459  1
3823500 2818500  8 29 16  23.6 1010 348  0.8 4 11.2  63  211  184 384 -458  1
3823500 2818500  8 29 17  23.4 1010 306  1.5 5 11.0  60  135  147 380 -453  1
3823500 2818500  8 29 18  22.7 1010 300  1.3 5 10.9  61   79   93 382 -444  1
3823500 2818500  8 29 19  20.7 1009 335  0.5 5 10.9  67   32   41 375 -430  1
3823500 2818500  8 29 20  18.3 1009 298  1.0 5 10.7  75    0    7 366 -418  1
3823500 2818500  8 29 21  16.0 1010 255  0.8 5 10.3  83    0    0 355 -410  1
3823500 2818500  8 29 22  16.2 1010 230  0.7 2 10.1  87    0    0 338 -405  1
3823500 2818500  8 29 23  15.8 1010 286  0.3 2 10.1  88    0    0 324 -402  1
3823500 2818500  8 29 24  15.5 1010 221  0.9 5 10.0  89    0    0 332 -399  1
3823500 2818500  8 30  1  14.8 1011 177  0.8 4  9.8  91    0    0 336 -396  1
3823500 2818500  8 30  2  13.8 1010 171  0.4 3  9.4  92    0    0 326 -393  1
3823500 2818500  8 30  3  13.2 1010  88  0.5 3  8.9  92    0    0 320 -391  1
3823500 2818500  8 30  4  12.8 1010 146  1.0 2  8.6  92    0    0 314 -387  1
3823500 2818500  8 30  5  12.4 1010 201  0.4 1  8.5  93    0    0 304 -383  1
3823500 2818500  8 30  6  12.1 1010 158  0.6 2  8.5  95    0    0 303 -380  1
3823500 2818500  8 30  7  13.6 1011 169  0.9 3  9.1  97    1   46 314 -379  1
3823500 2818500  8 30  8  15.6 1011 177  1.3 4 10.4 100   24  136 329 -386  1
3823500 2818500  8 30  9  18.3 1011 180  1.7 4 11.3  93   76  221 341 -403  1
3823500 2818500  8 30 10  20.9 1011 197  1.7 3 11.4  80  139  287 346 -421  1
3823500 2818500  8 30 11  22.1 1011 232  3.0 4 11.3  70  209  329 353 -436  1
3823500 2818500  8 30 12  22.7 1011 228  3.4 4 11.1  65  231  360 361 -450  1
3823500 2818500  8 30 13  23.1 1011 235  3.5 4 11.0  62  230  373 364 -461  1
3823500 2818500  8 30 14  23.7 1011 241  3.5 5 10.9  60  206  356 370 -467  1
3823500 2818500  8 30 15  23.7 1011 244  2.9 4 10.7  58  179  323 371 -469  1
3823500 2818500  8 30 16  24.1 1010 248  2.4 3 10.6  57  158  272 365 -467  1
3823500 2818500  8 30 17  23.8 1010 243  3.1 3 10.6  57  122  202 363 -460  1
3823500 2818500  8 30 18  23.2 1010 228  2.2 5 10.5  57   64  128 368 -450  1
3823500 2818500  8 30 19  21.2 1009 228  1.7 7 10.1  60   20   55 375 -437  1
3823500 2818500  8 30 20  19.4 1008 238  1.5 6 10.0  68    0    6 376 -426  1
3823500 2818500  8 30 21  17.9 1009 230  1.3 6  9.9  73    0    0 369 -417  1
3823500 2818500  8 30 22  16.9 1009 218  1.0 4  9.7  78    0    0 351 -413  1
3823500 2818500  8 30 23  16.3 1009 202  1.2 4  9.4  79    0    0 332 -411  1
3823500 2818500  8 30 24  16.0 1009 193  1.7 4  9.0  78    0    0 330 -409  1
3823500 2818500  8 31  1  15.7 1001 191  2.3 5  8.6  75    0    0 361 -396  1
3823500 2818500  8 31  2  15.6 1000 198  2.9 6  8.3  74    0    0 360 -391  1
3823500 2818500  8 31  3  15.4 1000 207  3.5 6  8.1  72    0    0 354 -390  1
3823500 2818500  8 31  4  15.1 1000 210  3.6 6  8.1  74    0    0 348 -391  1
3823500 2818500  8 31  5  15.0  999 215  3.7 7  8.2  75    0    0 352 -391  1
3823500 2818500  8 31  6  14.4  999 211  3.4 7  8.2  77    0    0 357 -390  1
3823500 2818500  8 31  7  14.1  999 234  4.3 7  8.3  80    0   24 356 -389  1
3823500 2818500  8 31  8  14.6  999 231  3.5 6  8.6  83   45   87 351 -390  1
3823500 2818500  8 31  9  15.2  999 225  4.3 7  8.8  81   45  145 353 -396  1
3823500 2818500  8 31 10  15.6  999 230  4.4 6  8.5  76   56  192 354 -406  1
3823500 2818500  8 31 11  15.6  999 238  3.8 6  8.4  75   17  212 348 -413  1
3823500 2818500  8 31 12  14.3  999 232  4.5 8  8.3  77    0  130 355 -418  1
3823500 2818500  8 31 13  14.6 1000 239  2.4 7  8.2  78   38  234 357 -425  1
3823500 2818500  8 31 14  15.0  999 255  3.7 4  7.8  74  288  119 340 -426  1
3823500 2818500  8 31 15  13.8 1000 266  1.6 8  7.6  73    0   92 339 -424  1
3823500 2818500  8 31 16  12.8 1000 231  2.8 8  7.7  80    0  122 350 -420  1
3823500 2818500  8 31 17  13.4 1001 257  3.0 4  7.9  83   76  107 333 -417  1
3823500 2818500  8 31 18  13.8 1000 242  2.8 6  7.9  81   68   59 326 -413  1
3823500 2818500  8 31 19  13.2 1001 241  2.7 7  7.6  78    2   28 339 -406  1
3823500 2818500  8 31 20  12.6 1001 235  2.2 7  7.3  78    0    0 342 -398  1
3823500 2818500  8 31 21  12.6 1001 232  1.9 6  7.5  81    0    0 337 -393  1
3823500 2818500  8 31 22  12.4 1001 232  3.7 6  7.8  85    0    0 333 -390  1
3823500 2818500  8 31 23  12.4 1002 245  4.2 6  7.9  86    0    0 332 -386  1
3823500 2818500  8 31 24  12.2 1002 240  3.8 5  7.8  86    0    0 328 -386  1
3823500 2818500  9  1  1  12.1 1002 248  3.7 5  7.7  86    0    0 322 -388  1
3823500 2818500  9  1  2  12.0 1002 240  4.2 5  7.6  86    0    0 321 -387  1
3823500 2818500  9  1  3  12.3 1002 241  4.4 6  7.6  85    0    0 326 -384  1
3823500 2818500  9  1  4  12.3 1002 249  4.5 7  7.8  86    0    0 338 -383  1
3823500 2818500  9  1  5  12.2 1002 251  4.2 6  7.8  86    0    0 338 -384  1
3823500 2818500  9  1  6  12.4 1002 242  3.6 7  7.9  87    0    0 340 -385  1
3823500 2818500  9  1  7  13.0 1002 248  3.8 6  8.1  88    5   43 342 -385  1
3823500 2818500  9  1  8  13.8 1003 241  3.8 5  8.4  86   47  111 333 -386  1
3823500 2818500  9  1  9  14.9 1003 258  3.7 6  8.7  84   40  174 337 -392  1
3823500 2818500  9  1 10  16.1 1004 265  4.1 5  9.0  81  142  221 342 -403  1
3823500 2818500  9  1 11  16.7 1004 272  4.3 6  8.9  76  121  265 345 -410  1
3823500 2818500  9  1 12  15.7 1004 260  3.9 5  8.9  77   79  280 344 -417  1
3823500 2818500  9  1 13  14.9 1004 289  4.1 5  9.1  83  150  274 337 -424  1
3823500 2818500  9  1 14  16.7 1005 289  2.8 8  8.9  79   18  239 353 -425  1
3823500 2818500  9  1 15  16.5 1005 301  3.3 8  8.6  72    5  191 367 -430  1
3823500 2818500  9  1 16  17.3 1006 295  3.3 5  7.9  65  146  188 351 -429  1
3823500 2818500  9  1 17  16.6 1006 289  2.4 6  7.6  62  109  141 341 -424  1
3823500 2818500  9  1 18  15.5 1006 272  4.7 5  7.4  65   78   87 339 -418  1
3823500 2818500  9  1 19  14.9 1007 286  2.5 6  7.3  67   30   38 337 -411  1
3823500 2818500  9  1 20  14.0 1007 269  2.4 6  7.4  72    0    4 342 -403  1
3823500 2818500  9  1 21  13.5 1008 265  1.6 6  7.4  75    0    0 341 -395  1
3823500 2818500  9  1 22  12.5 1008 255  1.3 3  7.3  78    0    0 324 -389  1
3823500 2818500  9  1 23  11.9 1009 235  1.5 1  7.3  82    0    0 298 -384  1
3823500 2818500  9  1 24  11.1 1009 230  1.3 0  7.1  84    0    0 280 -380  1
3823500 2818500  9  2  1  10.7 1009 230  1.5 0  6.9  85    0    0 272 -374  1
3823500 2818500  9  2  2  10.3 1009 224  0.9 0  6.8  86    0    0 271 -373  1
3823500 2818500  9  2  3   9.6 1009 220  0.9 0  6.6  86    0    0 269 -370  1
3823500 2818500  9  2  4   9.4 1009 214  1.1 0  6.5  87    0    0 267 -369  1
3823500 2818500  9  2  5   8.7 1009 215  0.9 0  6.4  88    0    0 266 -368  1
3823500 2818500  9  2  6   9.7 1009 213  1.2 1  6.3  87    0    0 271 -367  1
3823500 2818500  9  2  7  11.1 1009 210  0.8 4  6.7  85    1   27 294 -366  1
3823500 2818500  9  2  8  12.3 1009 204  1.2 6  7.2  83   18  100 324 -369  1
3823500 2818500  9  2  9  13.8 1010 217  2.0 5  7.4  78   92  169 333 -380  1
3823500 2818500  9  2 10  15.5 1010 228  2.1 7  7.5  72   50  215 344 -395  1
3823500 2818500  9  2 11  16.1 1010 231  2.7 7  7.5  66   84  268 358 -411  1
3823500 2818500  9  2 12  18.0 1010 245  2.7 5  7.5  62  203  296 352 -425  1
3823500 2818500  9  2 13  18.3 1009 252  3.1 5  7.8  60  240  298 347 -437  1
3823500 2818500  9  2 14  19.2 1009 290  3.0 5  7.8  57  253  275 350 -444  1
3823500 2818500  9  2 15  19.2 1009 276  2.5 3  7.5  54  317  201 343 -450  1
3823500 2818500  9  2 16  19.5 1009 296  1.8 3  7.3  52  361  103 334 -448  1
3823500 2818500  9  2 17  20.0 1009 283  1.6 3  7.4  51  233   91 335 -440  1
3823500 2818500  9  2 18  19.4 1009 290  0.8 2  7.7  53  127   65 331 -431  1
3823500 2818500  9  2 19  16.3 1009 306  0.3 3  7.7  60   32   29 325 -420  1
3823500 2818500  9  2 20  13.3 1009 353  0.2 3  7.1  67    0    0 319 -408  1
3823500 2818500  9  2 21  12.5 1009  90  0.8 1  6.6  71    0    0 302 -400  1
3823500 2818500  9  2 22  11.6 1010  75  0.1 1  6.6  75    0    0 290 -393  1
3823500 2818500  9  2 23  11.3 1010  65  0.1 1  6.7  79    0    0 287 -388  1
3823500 2818500  9  2 24  10.9 1010  65  0.1 0  6.6  79    0    0 280 -384  1
3823500 2818500  9  3  1  10.1 1010  94  0.1 0  6.3  80    0    0 273 -381  1
3823500 2818500  9  3  2   9.5 1010 105  0.1 0  6.3  83    0    0 271 -378  1
3823500 2818500  9  3  3   9.6 1010 121  0.2 0  6.3  85    0    0 270 -376  1
3823500 2818500  9  3  4  10.1 1010 116  0.2 0  6.4  84    0    0 271 -373  1
3823500 2818500  9  3  5   8.9 1010  81  0.1 0  6.3  86    0    0 270 -371  1
3823500 2818500  9  3  6   8.5 1011  85  0.1 0  6.1  87    0    0 267 -369  1
3823500 2818500  9  3  7  10.3 1011 114  0.2 0  6.5  88   24   39 268 -369  1
3823500 2818500  9  3  8  12.9 1011 129  0.8 0  7.5  88  104   90 273 -373  1
3823500 2818500  9  3  9  16.2 1011 145  0.9 0  8.0  77  238  115 282 -385  1
3823500 2818500  9  3 10  18.8 1011 147  1.6 1  7.9  63  352  135 293 -401  1
3823500 2818500  9  3 11  20.3 1011 146  1.7 1  7.8  55  446  145 303 -418  1
3823500 2818500  9  3 12  21.0 1011 149  2.5 1  7.4  49  515  145 307 -435  1
3823500 2818500  9  3 13  21.8 1011 140  2.2 1  7.0  44  538  142 311 -448  1
3823500 2818500  9  3 14  22.4 1010 120  1.9 2  6.9  41  532  128 316 -456  1
3823500 2818500  9  3 15  22.6 1010 114  1.9 2  6.8  40  469  118 320 -460  1
3823500 2818500  9  3 16  22.5 1010 119  1.9 3  6.8  40  371  107 323 -458  1
3823500 2818500  9  3 17  22.1 1010 123  1.0 5  6.8  40  235   96 327 -453  1
3823500 2818500  9  3 18  21.0 1010 110  0.2 5  6.8  43  124   68 329 -445  1
3823500 2818500  9  3 19  19.1 1010  73  0.1 5  7.2  49   29   29 324 -434  1
3823500 2818500  9  3 20  15.2 1010  70  0.1 5  7.4  60    0    0 316 -424  1
3823500 2818500  9  3 21  14.2 1010  72  0.1 6  7.2  68    0    0 310 -415  1
3823500 2818500  9  3 22  13.7 1011  77  0.1 4  7.2  72    0    0 308 -409  1
3823500 2818500  9  3 23  13.0 1011  89  0.1 4  7.2  75    0    0 304 -406  1
3823500 2818500  9  3 24  12.8 1011  77  0.1 5  6.9  74    0    0 304 -403  1
3823500 2818500  9  4  1  12.1 1011  68  0.1 4  6.7  74    0    0 303 -400  1
3823500 2818500  9  4  2  12.1 1011  77  0.1 4  6.7  76    0    0 301 -398  1
3823500 2818500  9  4  3  12.3 1011  73  0.4 3  6.8  77    0    0 302 -396  1
3823500 2818500  9  4  4  12.5 1011  82  0.2 3  6.9  77    0    0 303 -393  1
3823500 2818500  9  4  5  12.9 1011  74  0.4 2  7.0  77    0    0 303 -391  1
3823500 2818500  9  4  6  11.9 1011  87  0.4 2  7.2  80    0    0 301 -390  1
3823500 2818500  9  4  7  14.1 1012  51  0.5 2  7.6  81   23   40 303 -390  1
3823500 2818500  9  4  8  16.5 1012 143  0.6 1  8.3  76  113   91 308 -395  1
3823500 2818500  9  4  9  18.4 1012 157  0.8 2  8.5  68  238  123 314 -407  1
3823500 2818500  9  4 10  20.6 1013 161  1.5 2  8.8  62  366  140 324 -424  1
3823500 2818500  9  4 11  22.8 1013 140  1.0 2  9.1  56  460  151 334 -442  1
3823500 2818500  9  4 12  24.0 1014 179  1.3 2  9.5  53  536  150 344 -457  1
3823500 2818500  9  4 13  25.2 1014 188  2.1 2  9.9  51  573  142 350 -467  1
3823500 2818500  9  4 14  25.6 1015 226  1.8 1  9.9  49  552  135 353 -474  1
3823500 2818500  9  4 15  25.8 1015 242  1.4 1  9.9  48  473  132 354 -475  1
3823500 2818500  9  4 16  25.9 1015 254  1.9 2  9.9  48  327  132 357 -473  1
3823500 2818500  9  4 17  25.1 1015 275  2.1 3 10.0  49  184  119 359 -466  1
3823500 2818500  9  4 18  23.5 1015 312  1.5 1 10.2  54  119   75 352 -456  1
3823500 2818500  9  4 19  22.1 1015 321  0.2 2 10.2  59   25   30 346 -444  1
3823500 2818500  9  4 20  18.7 1015 308  0.1 2  9.7  65    0    0 338 -431  1
3823500 2818500  9  4 21  17.1 1016 262  0.1 2  9.2  72    0    0 328 -421  1
3823500 2818500  9  4 22  16.2 1016 222  0.1 1  9.1  77    0    0 322 -413  1
3823500 2818500  9  4 23  15.9 1017 212  0.1 1  9.2  81    0    0 318 -408  1
3823500 2818500  9  4 24  14.9 1017 229  0.1 0  9.3  85    0    0 314 -403  1
3823500 2818500  9  5  1  14.2 1017 247  0.0 0  8.9  86    0    0 309 -398  1
3823500 2818500  9  5  2  13.6 1018 108  0.0 0  8.7  88    0    0 306 -394  1
3823500 2818500  9  5  3  13.0 1018  89  0.1 0  8.6  90    0    0 304 -390  1
3823500 2818500  9  5  4  12.7 1018 151  0.4 1  8.5  92    0    0 304 -387  1
3823500 2818500  9  5  5  12.9 1018 119  0.3 1  8.4  92    0    0 305 -384  1
3823500 2818500  9  5  6  12.5 1019  81  0.5 1  8.3  91    0    0 303 -382  1
3823500 2818500  9  5  7  13.5 1019 140  0.8 0  8.8  94   14   38 302 -380  1
3823500 2818500  9  5  8  16.1 1019 149  0.9 1  9.9  94   64  108 307 -384  1
3823500 2818500  9  5  9  18.7 1020 116  1.0 1 10.9  88  160  163 318 -396  1
3823500 2818500  9  5 10  21.5 1020 143  1.1 1 11.3  77  241  210 329 -414  1
3823500 2818500  9  5 11  23.7 1020 165  1.6 2 11.4  66  323  233 340 -434  1
3823500 2818500  9  5 12  25.1 1020 159  1.3 1 11.3  59  441  205 348 -450  1
3823500 2818500  9  5 13  25.7 1021 158  1.6 2 10.9  54  501  183 352 -462  1
3823500 2818500  9  5 14  26.2 1021 180  1.6 2 10.7  51  453  187 357 -468  1
3823500 2818500  9  5 15  26.6 1021 191  1.2 4 10.6  49  329  209 364 -470  1
3823500 2818500  9  5 16  26.5 1021 174  1.0 4 10.7  49  160  215 370 -466  1
3823500 2818500  9  5 17  26.5 1021 141  0.6 3 10.8  50  178  125 367 -457  1
3823500 2818500  9  5 18  25.4 1020 125  0.3 4 10.9  52   88   77 364 -447  1
3823500 2818500  9  5 19  22.9 1019 100  0.2 4 10.8  58   20   28 360 -435  1
3823500 2818500  9  5 20  19.9 1019  44  0.1 4 10.4  65    0    0 348 -424  1
3823500 2818500  9  5 21  18.4 1020  87  0.1 2 10.4  75    0    0 335 -416  1
3823500 2818500  9  5 22  18.0 1020 112  0.1 1 10.8  83    0    0 324 -411  1
3823500 2818500  9  5 23  17.1 1020 104  0.1 2 10.4  83    0    0 320 -406  1
3823500 2818500  9  5 24  16.5 1020 100  0.1 1  9.7  81    0    0 314 -401  1
3823500 2818500  9  6  1  17.0 1020  97  0.1 2  9.8  83    0    0 313 -397  1
3823500 2818500  9  6  2  15.8 1020  97  0.1 2 10.0  86    0    0 314 -393  1
3823500 2818500  9  6  3  15.6 1020  82  0.1 2  9.9  89    0    0 310 -390  1
3823500 2818500  9  6  4  15.2 1020  59  0.1 2  9.8  90    0    0 309 -387  1
3823500 2818500  9  6  5  14.5 1020  62  0.1 3  9.6  91    0    0 309 -385  1
3823500 2818500  9  6  6  14.2 1020  57  0.1 4  9.2  90    0    0 311 -384  1
3823500 2818500  9  6  7  14.8 1020  72  0.1 4  9.3  90    9   36 312 -384  1
3823500 2818500  9  6  8  17.2 1020  73  0.1 3 10.5  93   45  110 315 -388  1
3823500 2818500  9  6  9  20.6 1020  77  0.6 3 11.5  84  126  174 323 -400  1
3823500 2818500  9  6 10  23.2 1020 134  0.7 4 11.5  70  218  219 336 -416  1
3823500 2818500  9  6 11  24.9 1020  96  1.4 4 11.2  60  302  243 347 -432  1
3823500 2818500  9  6 12  25.6 1021 113  1.8 4 10.7  53  348  259 354 -446  1
3823500 2818500  9  6 13  26.1 1021 102  1.3 3  9.9  48  381  250 356 -457  1
3823500 2818500  9  6 14  26.7 1021  92  1.0 3  9.7  46  388  225 358 -464  1
3823500 2818500  9  6 15  26.3 1020  84  0.9 3  9.8  46  349  197 359 -467  1
3823500 2818500  9  6 16  26.3 1020  94  0.9 3  9.8  46  279  162 359 -466  1
3823500 2818500  9  6 17  25.9 1019  80  0.7 4  9.8  46  198  117 363 -461  1
3823500 2818500  9  6 18  24.9 1019  71  0.4 5  9.6  48   96   78 366 -452  1
3823500 2818500  9  6 19  22.4 1018  65  0.1 4 10.0  55   19   28 360 -441  1
3823500 2818500  9  6 20  19.8 1018  59  0.1 4 10.1  65    0    0 349 -429  1
3823500 2818500  9  6 21  19.2 1018  67  0.1 6  9.8  69    0    0 349 -420  1
3823500 2818500  9  6 22  18.6 1018  62  0.1 3  9.8  72    0    0 343 -414  1
3823500 2818500  9  6 23  18.2 1019  50  0.1 3  9.8  74    0    0 332 -409  1
3823500 2818500  9  6 24  16.9 1018  68  0.1 2  9.5  76    0    0 325 -404  1
3823500 2818500  9  7  1  15.0 1018  76  0.0 2  9.1  81    0    0 315 -400  1
3823500 2818500  9  7  2  14.6 1019  94  0.1 1  8.6  82    0    0 306 -396  1
3823500 2818500  9  7  3  13.4 1018  89  0.1 2  8.3  84    0    0 303 -393  1
3823500 2818500  9  7  4  13.8 1018  72  0.1 2  8.0  83    0    0 306 -390  1
3823500 2818500  9  7  5  13.2 1018  53  0.1 1  7.8  81    0    0 301 -389  1
3823500 2818500  9  7  6  12.2 1018  51  0.0 1  7.7  84    0    0 294 -386  1
3823500 2818500  9  7  7  13.7 1018  12  0.1 1  7.9  86   17   38 294 -385  1
3823500 2818500  9  7  8  17.2 1018  49  0.1 0  9.0  83   95   93 298 -388  1
3823500 2818500  9  7  9  20.2 1018  61  0.5 0  9.6  72  229  119 304 -399  1
3823500 2818500  9  7 10  22.2 1018  57  1.2 1  9.7  62  351  136 318 -415  1
3823500 2818500  9  7 11  23.5 1018  58  1.4 1  9.7  56  454  141 330 -431  1
3823500 2818500  9  7 12  24.6 1018  45  2.1 1  9.6  51  521  143 336 -444  1
3823500 2818500  9  7 13  25.1 1018  54  2.1 1  9.5  48  550  137 341 -454  1
3823500 2818500  9  7 14  25.8 1019  48  2.2 1  9.2  45  543  124 344 -460  1
3823500 2818500  9  7 15  26.0 1019  67  1.5 2  9.1  44  487  113 350 -463  1
3823500 2818500  9  7 16  25.8 1018  56  2.0 2  9.2  44  395  101 356 -462  1
3823500 2818500  9  7 17  25.5 1018  57  2.2 2  9.4  46  263   90 356 -456  1
3823500 2818500  9  7 18  24.4 1018  58  1.1 2  9.5  48  119   70 355 -448  1
3823500 2818500  9  7 19  22.2 1017  35  0.2 2  9.5  53   22   26 350 -438  1
3823500 2818500  9  7 20  20.3 1017  12  0.1 2  9.7  62    0    0 344 -428  1
3823500 2818500  9  7 21  19.7 1018  15  0.8 3  9.9  68    0    0 342 -419  1
3823500 2818500  9  7 22  18.7 1019  22  1.3 2  9.9  72    0    0 339 -411  1
3823500 2818500  9  7 23  17.8 1020  22  1.0 2 10.1  78    0    0 334 -406  1
3823500 2818500  9  7 24  17.1 1020  11  0.5 3 10.2  82    0    0 335 -401  1
3823500 2818500  9  8  1  16.7 1020  18  0.4 3 10.1  84    0    0 335 -398  1
3823500 2818500  9  8  2  16.3 1020  24  0.3 4 10.1  86    0    0 337 -396  1
3823500 2818500  9  8  3  15.9 1020  15  0.2 5 10.0  87    0    0 345 -394  1
3823500 2818500  9  8  4  15.7 1020  18  0.8 5  9.8  88    0    0 349 -392  1
3823500 2818500  9  8  5  15.6 1021  23  0.2 6  9.8  88    0    0 354 -390  1
3823500 2818500  9  8  6  15.4 1021  31  0.8 6  9.7  89    0    0 358 -389  1
3823500 2818500  9  8  7  15.4 1021  33  1.1 5  9.7  89    2   31 353 -388  1
3823500 2818500  9  8  8  15.8 1022  39  1.4 4  9.7  88   43  101 345 -391  1
3823500 2818500  9  8  9  17.5 1022  57  0.3 3 10.1  85  174  148 342 -400  1
3823500 2818500  9  8 10  19.5 1022  46  1.1 2 10.5  79  317  157 339 -411  1
3823500 2818500  9  8 11  21.3 1023  37  1.4 0 10.6  71  433  157 331 -425  1
3823500 2818500  9  8 12  22.8 1023  35  2.3 0 10.7  65  503  158 326 -438  1
3823500 2818500  9  8 13  23.5 1023  48  2.8 1 10.6  60  525  156 336 -447  1
3823500 2818500  9  8 14  24.2 1023  35  2.3 1 10.4  56  506  148 342 -452  1
3823500 2818500  9  8 15  24.5 1022  24  2.1 2 10.2  54  431  140 345 -453  1
3823500 2818500  9  8 16  24.4 1022  19  2.5 3  9.8  52  253  166 352 -451  1
3823500 2818500  9  8 17  24.1 1022  18  2.2 3  9.5  51  230  102 355 -445  1
3823500 2818500  9  8 18  22.6 1021  24  1.7 4  9.7  54  106   72 356 -436  1
3823500 2818500  9  8 19  20.7 1022  15  0.7 5  9.8  61   16   23 356 -424  1
3823500 2818500  9  8 20  18.6 1022  17  1.0 5  9.5  67    0    0 352 -413  1
3823500 2818500  9  8 21  16.8 1022  10  1.3 4  9.0  72    0    0 338 -404  1
3823500 2818500  9  8 22  15.3 1023  16  1.4 3  8.1  72    0    0 321 -397  1
3823500 2818500  9  8 23  13.9 1024  23  1.7 3  7.5  73    0    0 311 -392  1
3823500 2818500  9  8 24  12.1 1024  15  0.5 4  7.1  76    0    0 308 -388  1
3823500 2818500  9  9  1  11.3 1024  18  0.2 3  6.7  79    0    0 303 -385  1
3823500 2818500  9  9  2  11.1 1024  31  0.1 3  6.9  84    0    0 296 -383  1
3823500 2818500  9  9  3  11.6 1024  24  0.1 3  7.2  87    0    0 296 -381  1
3823500 2818500  9  9  4  10.4 1024   2  0.1 3  7.2  88    0    0 294 -378  1
3823500 2818500  9  9  5   8.9 1024 351  0.1 4  6.6  89    0    0 294 -376  1
3823500 2818500  9  9  6   8.4 1024 344  0.1 5  6.2  89    0    0 299 -374  1
3823500 2818500  9  9  7   9.1 1024 315  0.1 5  6.2  89    6   30 305 -373  1
3823500 2818500  9  9  8  11.4 1024 330  0.1 5  7.0  90   60   99 309 -376  1
3823500 2818500  9  9  9  14.1 1025 358  1.0 5  8.4  92  146  152 317 -386  1
3823500 2818500  9  9 10  17.7 1025  14  1.9 4  9.3  83  309  158 324 -401  1
3823500 2818500  9  9 11  18.7 1025  27  3.1 2  9.1  70  427  155 320 -416  1
3823500 2818500  9  9 12  19.6 1025  30  2.9 2  8.6  62  482  163 316 -428  1
3823500 2818500  9  9 13  20.3 1025  21  2.7 2  8.2  57  534  143 319 -438  1
3823500 2818500  9  9 14  21.2 1024  37  2.6 2  8.1  53  518  134 322 -445  1
3823500 2818500  9  9 15  21.3 1024  21  3.1 2  7.9  51  478  114 324 -447  1
3823500 2818500  9  9 16  21.5 1024  37  2.7 2  7.6  48  384  102 324 -445  1
3823500 2818500  9  9 17  21.3 1023  26  2.8 1  7.3  46  255   89 321 -438  1
3823500 2818500  9  9 18  20.6 1023  42  1.4 1  7.0  46  117   68 316 -430  1
3823500 2818500  9  9 19  18.0 1023  47  0.2 1  7.0  51   18   24 309 -419  1
3823500 2818500  9  9 20  16.1 1023  38  0.3 1  7.1  60    0    0 301 -408  1
3823500 2818500  9  9 21  14.3 1023  47  0.2 1  7.1  66    0    0 295 -400  1
3823500 2818500  9  9 22  14.1 1024  61  0.2 1  7.0  70    0    0 291 -393  1
3823500 2818500  9  9 23  12.9 1024  54  0.3 0  6.9  72    0    0 287 -388  1
3823500 2818500  9  9 24  12.3 1024  73  0.1 0  6.7  75    0    0 282 -383  1
3823500 2818500  9 10  1  12.5 1024  81  1.0 0  6.8  77    0    0 282 -379  1
3823500 2818500  9 10  2  11.8 1024  76  1.0 0  6.8  78    0    0 281 -376  1
3823500 2818500  9 10  3  11.0 1024  74  1.1 0  6.6  80    0    0 278 -374  1
3823500 2818500  9 10  4  10.5 1023  80  1.4 0  6.4  80    0    0 276 -372  1
3823500 2818500  9 10  5   9.6 1023  82  1.1 0  6.2  82    0    0 272 -370  1
3823500 2818500  9 10  6   9.1 1023  80  1.1 1  6.2  85    0    0 273 -367  1
3823500 2818500  9 10  7  10.8 1023  63  1.5 0  6.4  85   14   31 275 -363  1
3823500 2818500  9 10  8  13.4 1023  64  1.9 0  6.9  79   90   82 277 -366  1
3823500 2818500  9 10  9  16.0 1024  62  2.4 1  7.1  69  226  100 286 -380  1
3823500 2818500  9 10 10  18.6 1024  67  2.4 1  7.3  60  363   99 298 -402  1
3823500 2818500  9 10 11  20.0 1024  70  2.7 1  7.2  52  464  101 305 -423  1
3823500 2818500  9 10 12  20.6 1023  86  3.5 2  6.8  46  520  109 312 -442  1
3823500 2818500  9 10 13  21.1 1023  80  3.3 2  6.5  43  520  120 316 -456  1
3823500 2818500  9 10 14  21.6 1022  97  3.0 3  6.4  40  497  114 321 -465  1
3823500 2818500  9 10 15  21.8 1021  90  2.9 4  5.9  37  445   99 328 -468  1
3823500 2818500  9 10 16  21.8 1020  84  2.7 4  5.8  36  371   74 330 -464  1
3823500 2818500  9 10 17  21.0 1019  99  2.8 6  5.8  37  247   71 334 -455  1
3823500 2818500  9 10 18  19.7 1019  87  2.2 6  5.8  39  104   52 334 -442  1
3823500 2818500  9 10 19  18.3 1018  86  2.1 6  5.9  44   14   15 327 -428  1
3823500 2818500  9 10 20  16.4 1018  95  2.4 5  5.9  48    0    0 314 -415  1
3823500 2818500  9 10 21  15.4 1018 100  2.1 5  5.8  51    0    0 303 -404  1
3823500 2818500  9 10 22  14.8 1017 126  2.0 4  5.6  53    0    0 297 -395  1
3823500 2818500  9 10 23  13.8 1017 139  1.8 4  5.5  54    0    0 290 -389  1
3823500 2818500  9 10 24  13.9 1017 119  2.3 5  5.2  53    0    0 290 -390  1
3823500 2818500  9 11  1  14.5 1016 101  1.8 5  4.9  49    0    0 293 -390  1
3823500 2818500  9 11  2  13.7 1016  79  1.9 5  4.7  47    0    0 291 -387  1
3823500 2818500  9 11  3  12.9 1015  84  2.4 5  4.7  50    0    0 288 -385  1
3823500 2818500  9 11  4  11.9 1015  77  1.7 3  4.8  54    0    0 279 -382  1
3823500 2818500  9 11  5  11.6 1014  92  2.1 2  4.8  56    0    0 268 -380  1
3823500 2818500  9 11  6  11.4 1014  84  2.1 2  4.8  57    0    0 265 -379  1
3823500 2818500  9 11  7  12.4 1013  92  1.8 2  4.9  56   11   32 265 -378  1
3823500 2818500  9 11  8  14.9 1012  94  2.2 1  5.0  51   85   88 267 -381  1
3823500 2818500  9 11  9  17.2 1012 100  2.4 1  5.3  47  218  115 272 -392  1
3823500 2818500  9 11 10  19.3 1012 124  3.2 2  5.6  43  351  124 283 -409  1
3823500 2818500  9 11 11  21.1 1011 132  3.8 2  5.6  38  447  134 293 -427  1
3823500 2818500  9 11 12  22.8 1010 144  4.3 1  5.7  35  510  138 300 -444  1
3823500 2818500  9 11 13  25.1 1010 142  4.3 1  5.8  31  539  130 308 -458  1
3823500 2818500  9 11 14  25.5 1009 143  3.4 1  5.6  28  541  111 313 -468  1
3823500 2818500  9 11 15  26.6 1008 145  3.3 1  5.7  27  483   98 318 -474  1
3823500 2818500  9 11 16  26.4 1008 167  3.3 2  6.3  29  294  131 323 -473  1
3823500 2818500  9 11 17  26.0 1007 178  2.4 2  7.1  33  186  101 326 -467  1
3823500 2818500  9 11 18  25.4 1007 187  2.2 3  7.8  38  108   62 328 -457  1
3823500 2818500  9 11 19  23.7 1007 184  1.4 5  8.2  42   14   19 331 -444  1
3823500 2818500  9 11 20  22.4 1007 158  0.4 5  8.3  47    0    0 331 -432  1
3823500 2818500  9 11 21  22.1 1007 153  0.4 7  8.6  51    0    0 334 -424  1
3823500 2818500  9 11 22  20.7 1006 172  0.3 4  8.7  54    0    0 332 -417  1
3823500 2818500  9 11 23  18.7 1006 171  0.3 4  8.6  60    0    0 324 -413  1
3823500 2818500  9 11 24  18.1 1006 214  0.1 5  8.7  65    0    0 323 -411  1
3823500 2818500  9 12  1  17.4 1006 170  0.1 3  9.0  71    0    0 322 -410  1
3823500 2818500  9 12  2  16.3 1005 188  0.1 1  9.0  75    0    0 314 -410  1
3823500 2818500  9 12  3  16.7 1005 175  0.2 2  8.9  76    0    0 314 -409  1
3823500 2818500  9 12  4  16.0 1005 173  0.6 3  9.1  78    0    0 321 -410  1
3823500 2818500  9 12  5  16.4 1005 171  1.7 7  9.6  82    0    0 333 -414  1
3823500 2818500  9 12  6  17.0 1005 180  0.9 8 10.2  85    0    0 349 -415  1
3823500 2818500  9 12  7  17.3 1005 188  0.3 7 10.8  87    0   19 354 -414  1
3823500 2818500  9 12  8  17.9 1005 200  1.3 5 11.2  88   36   94 356 -417  1
3823500 2818500  9 12  9  19.0 1005 188  1.8 7 11.6  86   25  153 362 -423  1
3823500 2818500  9 12 10  19.9 1005 201  3.1 7 11.9  83    8  178 373 -423  1
3823500 2818500  9 12 11  19.5 1005 215  2.2 7 12.2  84    0  144 379 -421  1
3823500 2818500  9 12 12  19.0 1005 239  2.9 7 11.7  83   13  224 383 -423  1
3823500 2818500  9 12 13  20.9 1006 243  4.3 5 11.1  76  187  285 388 -426  1
3823500 2818500  9 12 14  21.1 1006 236  4.5 5 10.4  66  259  252 389 -427  1
3823500 2818500  9 12 15  21.5 1006 235  4.4 3  9.8  61  336  179 382 -428  1
3823500 2818500  9 12 16  21.9 1006 233  3.3 5  9.4  58  180  176 376 -429  1
3823500 2818500  9 12 17  21.5 1006 220  2.0 7  9.4  58   29  123 386 -431  1
3823500 2818500  9 12 18  20.5 1006 200  0.8 6  9.9  63   42   65 386 -431  1
3823500 2818500  9 12 19  19.6 1004 184  0.5 7 10.1  68    7   14 381 -425  1
3823500 2818500  9 12 20  19.1 1004 193  2.0 7 10.0  71    0    0 383 -420  1
3823500 2818500  9 12 21  18.5 1004 202  2.1 5  9.7  70    0    0 359 -417  1
3823500 2818500  9 12 22  18.3 1004 204  2.3 6  9.5  71    0    0 350 -417  1
3823500 2818500  9 12 23  18.0 1003 217  2.8 6  9.9  76    0    0 365 -415  1
3823500 2818500  9 12 24  17.8 1003 212  2.9 7 10.2  78    0    0 374 -410  1
3823500 2818500  9 13  1  17.3 1003 210  2.8 7  9.9  78    0    0 380 -406  1
3823500 2818500  9 13  2  16.4 1002 215  2.6 7  9.5  78    0    0 376 -402  1
3823500 2818500  9 13  3  15.6 1002 208  2.7 7  9.5  82    0    0 372 -400  1
3823500 2818500  9 13  4  15.9 1002 226  3.9 6  9.5  84    0    0 365 -399  1
3823500 2818500  9 13  5  15.6 1002 218  5.0 5  8.9  79    0    0 352 -396  1
3823500 2818500  9 13  6  14.7 1001 227  5.1 5  8.3  76    0    0 342 -392  1
3823500 2818500  9 13  7  14.7 1002 231  5.1 6  8.0  76    7   26 340 -392  1
3823500 2818500  9 13  8  14.6 1002 230  5.2 6  7.8  74   36   88 339 -392  1
3823500 2818500  9 13  9  15.1 1003 234  5.3 6  7.5  70   89  148 335 -396  1
3823500 2818500  9 13 10  15.2 1003 249  7.1 4  7.2  67  227  164 323 -404  1
3823500 2818500  9 13 11  15.4 1004 246  6.6 5  7.1  65   98  246 317 -412  1
3823500 2818500  9 13 12  16.4 1004 261  5.7 6  6.9  61   76  259 324 -419  1
3823500 2818500  9 13 13  16.9 1005 262  6.8 7  6.6  55   26  240 330 -424  1
3823500 2818500  9 13 14  17.6 1005 250  6.7 4  6.2  50  108  245 322 -428  1
3823500 2818500  9 13 15  17.5 1005 251  6.9 4  6.2  49  199  206 311 -430  1
3823500 2818500  9 13 16  18.1 1005 233  5.6 2  6.2  48  330   82 301 -429  1
3823500 2818500  9 13 17  17.4 1005 308  5.0 2  5.9  46  230   72 290 -425  1
3823500 2818500  9 13 18  16.5 1005 306  4.1 2  5.7  47  107   48 284 -419  1
3823500 2818500  9 13 19  15.1 1005 249  2.0 3  5.6  50   18   17 286 -410  1
3823500 2818500  9 13 20  13.8 1006 206  2.0 3  5.7  56    0    0 290 -401  1
3823500 2818500  9 13 21  12.5 1006 173  2.4 3  5.8  61    0    0 290 -394  1
3823500 2818500  9 13 22  12.8 1006 203  2.3 5  6.0  65    0    0 297 -391  1
3823500 2818500  9 13 23  13.5 1006 193  2.9 5  6.5  68    0    0 309 -389  1
3823500 2818500  9 13 24  13.2 1005 190  2.7 2  6.7  70    0    0 303 -389  1
3823500 2818500  9 14  1  13.4 1005 200  2.8 2  6.7  70    0    0 292 -390  1
3823500 2818500  9 14  2  13.8 1004 198  2.8 4  6.7  69    0    0 297 -393  1
3823500 2818500  9 14  3  13.8 1003 196  2.3 5  7.0  71    0    0 309 -394  1
3823500 2818500  9 14  4  13.8 1003 204  2.3 6  7.4  74    0    0 319 -395  1
3823500 2818500  9 14  5  13.7 1003 198  2.3 7  7.4  75    0    0 329 -396  1
3823500 2818500  9 14  6  13.3 1002 180  1.6 7  7.4  76    0    0 333 -395  1
3823500 2818500  9 14  7  13.7 1002 183  1.9 7  7.2  74    0   21 331 -395  1
3823500 2818500  9 14  8  14.6 1002 186  2.8 6  7.2  70   26   99 325 -396  1
3823500 2818500  9 14  9  15.6 1001 183  3.0 6  7.1  66   30  169 324 -402  1
3823500 2818500  9 14 10  16.7 1001 190  3.4 7  7.1  61   26  216 335 -411  1
3823500 2818500  9 14 11  18.4 1000 198  4.4 6  7.2  57  109  294 342 -421  1
3823500 2818500  9 14 12  18.8 1000 200  5.9 6  7.1  52  143  293 341 -431  1
3823500 2818500  9 14 13  18.8  999 209  4.1 5  7.1  52   82  311 338 -438  1
3823500 2818500  9 14 14  19.6  998 199  5.2 5  7.1  51  158  313 336 -441  1
3823500 2818500  9 14 15  19.7  999 196  4.5 5  7.2  49  207  261 339 -442  1
3823500 2818500  9 14 16  19.8  998 205  5.7 5  7.1  49  132  214 341 -436  1
3823500 2818500  9 14 17  19.5  998 218  3.4 6  7.1  49   45  142 348 -430  1
3823500 2818500  9 14 18  18.5  997 214  2.6 7  7.3  52   17   68 361 -424  1
3823500 2818500  9 14 19  16.0  996 221  2.9 8  8.0  64    0    6 366 -415  1
3823500 2818500  9 14 20  14.2  997 226  3.9 8  8.8  81    0    0 367 -408  1
3823500 2818500  9 14 21  13.8  998 192  2.7 8  9.1  89    0    0 364 -407  1
3823500 2818500  9 14 22  13.6  998 204  2.5 7  8.9  90    0    0 359 -404  1
3823500 2818500  9 14 23  13.0  998 206  2.5 6  8.6  88    0    0 348 -402  1
3823500 2818500  9 14 24  12.6  998 208  2.3 3  8.1  87    0    0 328 -401  1
3823500 2818500  9 15  1  12.1  998 209  2.5 3  7.8  86    0    0 312 -397  1
3823500 2818500  9 15  2  11.6  999 202  2.7 3  7.6  86    0    0 310 -390  1
3823500 2818500  9 15  3  11.5  999 201  2.6 3  7.4  86    0    0 308 -385  1
3823500 2818500  9 15  4  11.0  999 200  2.6 3  7.3  86    0    0 306 -383  1
3823500 2818500  9 15  5  11.1  999 200  2.0 2  7.3  87    0    0 300 -381  1
3823500 2818500  9 15  6  10.9  999 196  2.2 3  7.3  88    0    0 299 -380  1
3823500 2818500  9 15  7  11.3  999 192  2.2 2  7.4  89    8   24 298 -380  1
3823500 2818500  9 15  8  12.7  999 193  2.6 1  7.7  87  102   62 291 -382  1
3823500 2818500  9 15  9  14.3  999 197  3.9 3  7.9  80  227   80 299 -390  1
3823500 2818500  9 15 10  15.3  999 197  4.8 2  7.8  73  320  105 306 -401  1
3823500 2818500  9 15 11  17.1  999 203  5.8 2  7.6  66  507   68 306 -413  1
3823500 2818500  9 15 12  18.0  999 205  4.8 2  7.3  58  518   95 310 -422  1
3823500 2818500  9 15 13  18.9  998 209  5.2 3  7.0  52  341  197 318 -428  1
3823500 2818500  9 15 14  18.7  998 206  5.3 3  7.1  52  168  239 324 -432  1
3823500 2818500  9 15 15  19.1  998 197  5.1 4  7.0  51  136  210 330 -433  1
3823500 2818500  9 15 16  19.1  997 221  4.8 3  6.8  49  230  125 330 -430  1
3823500 2818500  9 15 17  18.6  997 217  6.2 2  6.7  48  125   97 320 -425  1
3823500 2818500  9 15 18  18.0  997 216  3.9 3  6.7  50   68   48 317 -420  1
3823500 2818500  9 15 19  16.8  997 219  2.8 3  6.7  53   15   14 317 -415  1
3823500 2818500  9 15 20  16.3  997 218  3.9 3  6.4  54    0    0 313 -406  1
3823500 2818500  9 15 21  15.4  998 224  3.8 2  6.2  55    0    0 306 -398  1
3823500 2818500  9 15 22  14.6  998 221  3.8 1  6.3  58    0    0 295 -393  1
3823500 2818500  9 15 23  14.2  999 222  4.6 0  6.5  62    0    0 282 -388  1
3823500 2818500  9 15 24  13.7  999 226  4.4 1  6.7  67    0    0 280 -385  1
3823500 2818500  9 16  1  13.6 1000 224  3.9 3  6.8  69    0    0 293 -382  1
3823500 2818500  9 16  2  13.4 1000 222  2.9 3  6.8  70    0    0 303 -379  1
3823500 2818500  9 16  3  12.5 1000 219  3.0 1  6.9  73    0    0 291 -377  1
3823500 2818500  9 16  4  12.2 1001 214  2.4 2  7.0  77    0    0 285 -375  1
3823500 2818500  9 16  5  11.8 1001 215  2.1 4  7.1  80    0    0 299 -373  1
3823500 2818500  9 16  6  12.2 1001 223  2.6 5  7.1  80    0    0 314 -371  1
3823500 2818500  9 16  7  12.4 1002 225  2.8 6  7.2  80    0    6 326 -370  1
3823500 2818500  9 16  8  12.6 1002 224  2.7 6  7.5  82   11   76 332 -371  1
3823500 2818500  9 16  9  14.2 1003 230  3.4 4  7.8  80  122  126 326 -377  1
3823500 2818500  9 16 10  15.2 1003 238  5.0 3  7.5  71  305  107 315 -388  1
3823500 2818500  9 16 11  15.5 1004 240  4.6 3  7.0  64  273  181 313 -399  1
3823500 2818500  9 16 12  16.3 1005 240  5.5 5  6.9  61   96  251 325 -410  1
3823500 2818500  9 16 13  13.5 1005 242  5.1 7  7.3  69    0  103 341 -419  1
3823500 2818500  9 16 14  14.2 1006 247  3.0 6  7.8  78   18  209 342 -423  1
3823500 2818500  9 16 15  14.7 1007 278  3.1 5  7.7  74   26  192 332 -425  1
3823500 2818500  9 16 16  14.1 1007 289  2.8 5  7.6  73   15  147 326 -423  1
3823500 2818500  9 16 17  15.1 1008 295  1.9 2  7.5  72  160   78 313 -416  1
3823500 2818500  9 16 18  14.2 1009 294  2.3 1  7.4  70   87   40 296 -409  1
3823500 2818500  9 16 19  12.9 1009 286  1.4 3  7.1  73   10   12 296 -399  1
3823500 2818500  9 16 20  11.4 1010 269  1.6 2  6.7  77    0    0 299 -389  1
3823500 2818500  9 16 21  10.4 1011 258  1.5 2  6.4  79    0    0 284 -381  1
3823500 2818500  9 16 22   9.5 1012 251  1.6 1  6.2  81    0    0 271 -376  1
3823500 2818500  9 16 23  10.1 1013 236  1.5 2  6.5  82    0    0 268 -371  1
3823500 2818500  9 16 24  11.2 1014 220  1.3 2  7.0  82    0    0 262 -368  1
3823500 2818500  9 17  1  12.6 1002 204  1.1 3  7.8  83    0    0 337 -396  1
3823500 2818500  9 17  2  13.7 1002 195  1.0 3  8.6  85    0    0 329 -392  1
3823500 2818500  9 17  3  14.6 1002 193  1.0 4  9.2  87    0    0 311 -389  1
3823500 2818500  9 17  4  14.5 1001 205  1.3 4  9.3  89    0    0 306 -387  1
3823500 2818500  9 17  5  14.6 1001 206  1.6 6  9.3  88    0    0 319 -386  1
3823500 2818500  9 17  6  14.6 1001 225  1.8 7  9.4  89    0    0 333 -384  1
3823500 2818500  9 17  7  14.4 1001 218  2.7 7  9.2  88    0   13 337 -383  1
3823500 2818500  9 17  8  14.7 1002 218  2.7 7  9.0  86    0   35 338 -384  1
3823500 2818500  9 17  9  14.7 1002 217  3.6 8  9.0  85    0   68 344 -389  1
3823500 2818500  9 17 10  15.3 1002 216  3.5 7  9.0  84    4  153 344 -398  1
3823500 2818500  9 17 11  16.1 1002 221  3.3 7  9.0  80   30  221 339 -410  1
3823500 2818500  9 17 12  17.2 1002 212  3.9 6  9.0  75   85  262 336 -420  1
3823500 2818500  9 17 13  17.3 1002 219  3.6 6  8.8  71  104  265 332 -429  1
3823500 2818500  9 17 14  17.5 1001 202  3.6 6  8.6  68   60  240 335 -434  1
3823500 2818500  9 17 15  17.6 1001 205  3.3 7  8.5  67    9  177 344 -435  1
3823500 2818500  9 17 16  17.4 1000 204  2.1 7  8.4  66    0   69 353 -432  1
3823500 2818500  9 17 17  17.2 1000 215  2.0 7  8.4  67    0   63 353 -426  1
3823500 2818500  9 17 18  17.0  999 214  2.4 7  8.2  66    0   34 352 -421  1
3823500 2818500  9 17 19  16.1  999 209  1.7 7  7.9  66    0    5 350 -416  1
3823500 2818500  9 17 20  15.7  999 192  1.5 7  7.8  68    0    0 347 -410  1
3823500 2818500  9 17 21  15.4  999 188  1.3 7  7.8  70    0    0 345 -407  1
3823500 2818500  9 17 22  15.0  998 184  1.6 8  7.8  71    0    0 351 -404  1
3823500 2818500  9 17 23  14.6  998 166  0.5 8  7.8  73    0    0 358 -401  1
3823500 2818500  9 17 24  14.3  997 141  1.9 7  7.9  76    0    0 352 -398  1
3823500 2818500  9 18  1  14.4  997 147  2.1 8  8.0  77    0    0 352 -393  1
3823500 2818500  9 18  2  13.8  996 151  1.5 8  8.2  80    0    0 359 -389  1
3823500 2818500  9 18  3  12.9  995 200  2.0 8  8.3  86    0    0 359 -386  1
3823500 2818500  9 18  4  12.1  995 183  1.1 8  8.3  90    0    0 357 -383  1
3823500 2818500  9 18  5  11.6  994 187  0.7 8  8.2  92    0    0 356 -382  1
3823500 2818500  9 18  6  11.2  994 198  1.1 8  8.0  94    0    0 354 -380  1
3823500 2818500  9 18  7  11.1  994 207  1.1 8  7.9  94    0    3 351 -376  1
3823500 2818500  9 18  8  11.4  994 199  1.6 8  7.8  92    0   34 350 -375  1
3823500 2818500  9 18  9  11.8  994 204  1.9 7  7.9  90    0   90 347 -381  1
3823500 2818500  9 18 10  12.4  994 218  2.6 7  7.9  88    0  135 343 -391  1
3823500 2818500  9 18 11  13.1  994 217  3.5 7  7.7  82    7  175 344 -399  1
3823500 2818500  9 18 12  13.8  994 208  3.4 5  7.6  77  157  205 336 -405  1
3823500 2818500  9 18 13  14.4  994 213  4.3 6  7.4  72   40  218 332 -407  1
3823500 2818500  9 18 14  14.2  994 225  3.5 5  7.1  68   84  207 330 -412  1
3823500 2818500  9 18 15  14.3  994 245  2.8 7  6.9  67   77  178 329 -417  1
3823500 2818500  9 18 16  12.9  995 214  4.3 8  7.1  72    5  122 335 -416  1
3823500 2818500  9 18 17  11.9  995 234  3.1 8  7.3  80   14   95 336 -412  1
3823500 2818500  9 18 18  11.9  995 186  3.5 6  7.3  82   60   42 328 -407  1
3823500 2818500  9 18 19  11.1  996 186  0.7 3  7.2  83    1    9 304 -402  1
3823500 2818500  9 18 20  10.2  996 205  1.4 3  7.0  86    0    0 288 -396  1
3823500 2818500  9 18 21  10.5  997 219  4.2 3  7.1  89    0    0 288 -391  1
3823500 2818500  9 18 22   9.8  997 188  1.6 3  7.1  90    0    0 288 -387  1
3823500 2818500  9 18 23   9.6  997 180  1.1 2  6.9  90    0    0 281 -384  1
3823500 2818500  9 18 24   9.5  997 179  1.0 3  6.8  91    0    0 281 -383  1
3823500 2818500  9 19  1   9.1  997 138  0.4 4  6.9  93    0    0 292 -381  1
3823500 2818500  9 19  2   9.2  997 146  0.3 6  7.0  95    0    0 307 -381  1
3823500 2818500  9 19  3   9.5  997 150  0.4 6  7.2  96    0    0 319 -380  1
3823500 2818500  9 19  4   9.6  998 157  0.1 6  7.1  94    0    0 320 -379  1
3823500 2818500  9 19  5   8.0  998 146  0.5 6  6.8  94    0    0 319 -379  1
3823500 2818500  9 19  6   8.6  998 177  0.6 6  6.7  97    0    0 317 -379  1
3823500 2818500  9 19  7   9.1  998 201  1.1 5  7.1  98    1   23 314 -378  1
3823500 2818500  9 19  8  10.8  999 238  1.3 6  7.5  97    3   70 318 -379  1
3823500 2818500  9 19  9  11.9 1000 221  2.7 5  8.0  94   51  160 324 -383  1
3823500 2818500  9 19 10  13.1 1000 232  2.5 4  8.0  87  147  213 319 -390  1
3823500 2818500  9 19 11  14.3 1001 220  3.2 3  7.9  80  244  235 313 -398  1
3823500 2818500  9 19 12  15.4 1002 234  3.7 3  7.9  74  197  286 313 -406  1
3823500 2818500  9 19 13  16.1 1003 241  3.8 4  7.7  68   76  284 320 -415  1
3823500 2818500  9 19 14  16.0 1003 247  4.1 3  7.5  65  186  274 322 -424  1
3823500 2818500  9 19 15  16.5 1004 233  3.2 2  7.4  63  232  214 315 -428  1
3823500 2818500  9 19 16  15.9 1004 260  3.3 3  7.5  65  213  157 314 -426  1
3823500 2818500  9 19 17  16.3 1005 261  2.5 4  7.6  66  117  115 320 -421  1
3823500 2818500  9 19 18  15.5 1006 234  1.7 4  7.7  68   21   53 324 -415  1
3823500 2818500  9 19 19  13.1 1006 209  0.2 2  7.8  76    0    8 312 -407  1
3823500 2818500  9 19 20  12.6 1007 195  1.8 2  7.8  83    0    0 299 -399  1
3823500 2818500  9 19 21  11.5 1008 216  0.1 1  7.6  86    0    0 291 -392  1
3823500 2818500  9 19 22  10.5 1009 209  0.7 0  7.3  88    0    0 279 -386  1
3823500 2818500  9 19 23   9.6 1010 194  0.9 0  7.0  91    0    0 270 -381  1
3823500 2818500  9 19 24   9.7 1010 197  1.1 0  7.0  93    0    0 268 -376  1
3823500 2818500  9 20  1   9.7 1010 191  1.7 0  6.9  92    0    0 268 -373  1
3823500 2818500  9 20  2   9.6 1011 197  1.4 0  6.8  91    0    0 267 -371  1
3823500 2818500  9 20  3   9.6 1011 194  1.7 0  6.8  91    0    0 267 -369  1
3823500 2818500  9 20  4  10.4 1011 192  2.2 0  7.0  91    0    0 269 -367  1
3823500 2818500  9 20  5  10.0 1011 199  1.7 1  7.1  91    0    0 272 -365  1
3823500 2818500  9 20  6  10.4 1011 200  1.6 2  7.1  91    0    0 282 -364  1
3823500 2818500  9 20  7  11.0 1011 186  1.6 5  7.3  91    1   23 301 -363  1
3823500 2818500  9 20  8  12.0 1012 198  1.9 6  7.7  91    1   71 325 -365  1
3823500 2818500  9 20  9  13.2 1012 200  3.1 7  8.0  88    2  121 339 -372  1
3823500 2818500  9 20 10  13.9 1013 209  3.0 7  8.4  86    0  140 350 -385  1
3823500 2818500  9 20 11  15.0 1013 205  3.3 7  8.7  85    0  157 354 -398  1
3823500 2818500  9 20 12  16.5 1013 216  3.6 6  9.0  80   38  312 355 -408  1
3823500 2818500  9 20 13  16.9 1013 213  4.0 6  9.1  77    2  206 353 -415  1
3823500 2818500  9 20 14  17.1 1013 201  3.3 5  9.1  75    0  168 350 -424  1
3823500 2818500  9 20 15  17.1 1013 208  3.3 5  9.1  74    6  193 347 -430  1
3823500 2818500  9 20 16  17.0 1013 212  2.7 5  8.9  73    7  159 349 -429  1
3823500 2818500  9 20 17  17.0 1013 211  2.8 6  8.8  73    8  119 354 -425  1
3823500 2818500  9 20 18  16.7 1013 215  2.7 6  8.7  73   14   64 358 -419  1
3823500 2818500  9 20 19  16.1 1013 203  1.6 7  8.6  74    0    5 360 -410  1
3823500 2818500  9 20 20  15.8 1013 197  1.5 7  8.5  75    0    0 361 -401  1
3823500 2818500  9 20 21  14.8 1013 192  1.6 6  8.4  78    0    0 351 -395  1
3823500 2818500  9 20 22  14.4 1013 193  0.9 5  8.3  80    0    0 339 -392  1
3823500 2818500  9 20 23  14.4 1013 197  1.4 6  8.3  81    0    0 335 -389  1
3823500 2818500  9 20 24  13.9 1013 202  1.4 7  8.2  82    0    0 339 -386  1
3823500 2818500  9 21  1  14.0 1012 205  1.3 6  8.1  81    0    0 334 -384  1
3823500 2818500  9 21  2  14.0 1012 194  1.5 7  8.1  81    0    0 330 -382  1
3823500 2818500  9 21  3  14.2 1012 205  1.5 8  8.2  81    0    0 333 -380  1
3823500 2818500  9 21  4  14.4 1012 203  1.5 7  8.1  80    0    0 331 -377  1
3823500 2818500  9 21  5  14.2 1011 197  1.6 7  8.0  78    0    0 324 -374  1
3823500 2818500  9 21  6  14.3 1011 212  1.3 7  7.9  77    0    0 323 -373  1
3823500 2818500  9 21  7  14.1 1011 199  1.4 7  7.9  78    0    9 323 -372  1
3823500 2818500  9 21  8  14.6 1011 206  1.4 7  8.0  78    0   54 324 -373  1
3823500 2818500  9 21  9  15.2 1011 202  1.9 7  8.1  76    0  102 323 -380  1
3823500 2818500  9 21 10  15.5 1011 202  2.8 7  8.1  74    0   97 324 -393  1
3823500 2818500  9 21 11  16.3 1011 207  3.3 7  8.1  72    0   96 324 -408  1
3823500 2818500  9 21 12  16.7 1011 207  3.4 6  8.2  70    0  179 326 -422  1
3823500 2818500  9 21 13  17.4 1010 216  4.0 5  8.3  68   38  322 327 -433  1
3823500 2818500  9 21 14  17.9 1010 220  4.5 5  8.2  65   48  320 329 -440  1
3823500 2818500  9 21 15  17.8 1009 224  4.3 6  8.2  64   18  233 334 -443  1
3823500 2818500  9 21 16  17.9 1009 216  4.2 6  8.2  64   32  214 338 -441  1
3823500 2818500  9 21 17  17.5 1009 214  3.7 6  8.0  63   27  145 339 -435  1
3823500 2818500  9 21 18  16.6 1009 211  2.7 6  8.0  65   11   60 338 -428  1
3823500 2818500  9 21 19  15.9 1008 187  2.0 5  8.0  69    0    5 335 -421  1
3823500 2818500  9 21 20  15.6 1008 253  2.6 6  8.1  72    0    0 334 -416  1
3823500 2818500  9 21 21  15.8 1008 221  2.8 6  8.3  74    0    0 337 -412  1
3823500 2818500  9 21 22  15.8 1008 204  2.6 7  8.4  75    0    0 340 -408  1
3823500 2818500  9 21 23  15.3 1008 219  2.9 7  8.8  79    0    0 343 -405  1
3823500 2818500  9 21 24  15.0 1008 228  2.4 6  9.1  84    0    0 340 -402  1
3823500 2818500  9 22  1  14.4 1007 225  2.2 5  9.1  87    0    0 332 -395  1
3823500 2818500  9 22  2  14.0 1007 233  2.2 4  9.0  88    0    0 324 -387  1
3823500 2818500  9 22  3  13.6 1007 231  2.5 5  8.7  88    0    0 322 -382  1
3823500 2818500  9 22  4  13.0 1007 226  2.7 6  8.5  88    0    0 325 -378  1
3823500 2818500  9 22  5  12.7 1008 228  2.9 6  8.3  89    0    0 326 -375  1
3823500 2818500  9 22  6  12.4 1008 228  3.1 6  8.1  89    0    0 323 -372  1
3823500 2818500  9 22  7  12.7 1008 219  2.7 7  8.1  88    0   10 325 -370  1
3823500 2818500  9 22  8  12.9 1008 229  2.8 7  8.1  87    3   63 328 -371  1
3823500 2818500  9 22  9  13.3 1008 230  3.7 7  8.2  87    1  103 327 -379  1
3823500 2818500  9 22 10  14.2 1009 236  3.5 7  8.5  86   14  168 328 -390  1
3823500 2818500  9 22 11  15.7 1009 254  4.2 5  8.6  81   90  219 324 -404  1
3823500 2818500  9 22 12  16.7 1009 242  4.1 6  8.1  70   77  242 323 -416  1
3823500 2818500  9 22 13  16.2 1009 268  4.6 5  7.6  65   60  243 321 -424  1
3823500 2818500  9 22 14  17.1 1009 252  3.9 5  7.4  62  167  221 320 -428  1
3823500 2818500  9 22 15  17.3 1009 250  3.5 5  7.0  57  109  197 319 -428  1
3823500 2818500  9 22 16  16.5 1009 271  3.9 5  6.6  55  142  134 316 -424  1
3823500 2818500  9 22 17  15.9 1009 281  2.8 4  6.4  55  144   63 310 -418  1
3823500 2818500  9 22 18  15.0 1010 282  1.9 5  6.5  59   34   36 306 -410  1
3823500 2818500  9 22 19  13.0 1010 278  0.5 6  6.7  67    0    3 305 -399  1
3823500 2818500  9 22 20  12.3 1010 292  0.1 6  6.8  74    0    0 302 -389  1
3823500 2818500  9 22 21  10.7 1011 242  0.3 7  6.8  80    0    0 301 -382  1
3823500 2818500  9 22 22  10.4 1011 206  0.3 7  6.8  86    0    0 300 -375  1
3823500 2818500  9 22 23  11.1 1011 183  0.4 7  6.8  85    0    0 300 -370  1
3823500 2818500  9 22 24  10.6 1011 198  0.5 7  6.7  83    0    0 300 -366  1
3823500 2818500  9 23  1   9.7 1011 187  0.8 6  6.6  86    0    0 294 -363  1
3823500 2818500  9 23  2  10.3 1011 202  1.4 6  6.6  86    0    0 292 -361  1
3823500 2818500  9 23  3   9.6 1011 209  1.2 3  6.7  87    0    0 284 -359  1
3823500 2818500  9 23  4   9.0 1011 197  1.0 1  6.6  91    0    0 271 -358  1
3823500 2818500  9 23  5   9.2 1010 188  0.7 2  6.7  92    0    0 267 -358  1
3823500 2818500  9 23  6   9.8 1010 194  1.1 5  6.9  92    0    0 278 -357  1
3823500 2818500  9 23  7  10.6 1010 202  1.1 6  7.1  91    0   16 289 -357  1
3823500 2818500  9 23  8  11.2 1010 213  0.8 5  7.4  90   13   76 293 -359  1
3823500 2818500  9 23  9  12.9 1010 238  1.4 3  8.0  90  139  122 292 -368  1
3823500 2818500  9 23 10  15.0 1011 248  2.6 2  8.4  84  282  135 293 -383  1
3823500 2818500  9 23 11  16.5 1011 244  2.8 3  8.3  74  309  178 300 -400  1
3823500 2818500  9 23 12  17.0 1010 255  3.6 3  7.8  66  192  262 305 -415  1
3823500 2818500  9 23 13  17.4 1010 247  3.8 2  7.3  60  219  260 305 -427  1
3823500 2818500  9 23 14  17.5 1010 250  3.1 2  7.3  58  263  222 306 -434  1
3823500 2818500  9 23 15  16.9 1010 269  2.3 2  7.4  60  271  168 306 -437  1
3823500 2818500  9 23 16  17.0 1010 258  2.5 3  7.5  62  268  116 308 -434  1
3823500 2818500  9 23 17  17.2 1009 271  1.6 3  7.6  62  137   94 309 -427  1
3823500 2818500  9 23 18  15.4 1009 233  1.4 3  7.9  68   26   44 306 -415  1
3823500 2818500  9 23 19  12.5 1009 166  0.7 3  8.1  81    0    0 300 -400  1
3823500 2818500  9 23 20  10.8 1009 154  0.3 2  7.9  91    0    0 289 -390  1
3823500 2818500  9 23 21  10.0 1010 171  0.1 0  7.5  95    0    0 277 -384  1
3823500 2818500  9 23 22   9.3 1010 113  0.1 0  7.2  96    0    0 270 -381  1
3823500 2818500  9 23 23   8.7 1010 136  0.1 0  6.9  97    0    0 268 -377  1
3823500 2818500  9 23 24   8.3 1010 139  0.2 0  6.7  97    0    0 266 -374  1
3823500 2818500  9 24  1   8.1 1009 123  0.1 0  6.6  97    0    0 265 -372  1
3823500 2818500  9 24  2   7.7 1009 121  0.1 1  6.4  96    0    0 266 -369  1
3823500 2818500  9 24  3   7.0 1009 130  0.1 1  6.2  97    0    0 264 -367  1
3823500 2818500  9 24  4   7.0 1009 106  0.1 1  6.1  98    0    0 263 -365  1
3823500 2818500  9 24  5   7.1 1009 119  0.1 0  6.1  97    0    0 262 -363  1
3823500 2818500  9 24  6   6.9 1009 118  0.1 1  6.1  97    0    0 262 -362  1
3823500 2818500  9 24  7   7.2 1009 121  0.1 2  6.1  97    2   19 265 -361  1
3823500 2818500  9 24  8   9.8 1009 137  0.4 3  6.7  97   44   77 273 -362  1
3823500 2818500  9 24  9  12.7 1009 146  0.7 3  7.5  90  127  133 283 -370  1
3823500 2818500  9 24 10  15.0 1009 146  1.5 4  7.8  79  162  201 294 -385  1
3823500 2818500  9 24 11  17.0 1009 136  1.6 4  7.9  69  243  227 303 -403  1
3823500 2818500  9 24 12  18.6 1008 157  1.7 5  7.7  60  335  212 312 -419  1
3823500 2818500  9 24 13  19.1 1008 143  2.3 4  7.3  54  348  214 316 -433  1
3823500 2818500  9 24 14  19.9 1008 135  2.4 4  7.0  49  337  198 316 -442  1
3823500 2818500  9 24 15  20.2 1007 124  1.8 6  7.1  48  284  176 323 -446  1
3823500 2818500  9 24 16  20.1 1007 133  1.5 6  7.3  49  156  159 327 -444  1
3823500 2818500  9 24 17  19.2 1007 114  1.0 5  7.6  53   77  109 322 -436  1
3823500 2818500  9 24 18  17.5 1006  66  0.4 5  8.1  61   11   40 316 -424  1
3823500 2818500  9 24 19  14.2 1007  39  0.4 4  8.3  73    0    0 307 -412  1
3823500 2818500  9 24 20  12.9 1007  77  0.1 2  8.1  83    0    0 293 -404  1
3823500 2818500  9 24 21  11.5 1007  50  0.1 1  7.8  88    0    0 283 -399  1
3823500 2818500  9 24 22  10.6 1007  29  0.4 0  7.5  91    0    0 274 -395  1
3823500 2818500  9 24 23  10.2 1008  95  0.2 2  7.3  93    0    0 273 -392  1
3823500 2818500  9 24 24  10.3 1008 135  0.1 3  7.3  93    0    0 279 -389  1
3823500 2818500  9 25  1  10.8 1008 156  0.8 4  7.3  91    0    0 284 -386  1
3823500 2818500  9 25  2   9.7 1008 176  0.4 3  7.2  92    0    0 283 -382  1
3823500 2818500  9 25  3   8.4 1008 172  0.4 1  6.8  95    0    0 274 -378  1
3823500 2818500  9 25  4   7.9 1008 141  0.3 1  6.6  97    0    0 267 -374  1
3823500 2818500  9 25  5   7.1 1008 224  0.1 1  6.4  99    0    0 263 -371  1
3823500 2818500  9 25  6   6.8 1009 123  0.0 1  6.2  99    0    0 261 -369  1
3823500 2818500  9 25  7   7.2 1009 136  0.2 1  6.2  99    1   17 261 -368  1
3823500 2818500  9 25  8  10.2 1009 160  0.3 0  6.9  97   47   69 266 -370  1
3823500 2818500  9 25  9  13.2 1010 186  0.7 0  8.1  94  157  111 275 -379  1
3823500 2818500  9 25 10  16.2 1010 181  1.1 0  8.9  85  263  137 286 -396  1
3823500 2818500  9 25 11  18.6 1010 185  1.4 0  9.2  74  353  151 297 -415  1
3823500 2818500  9 25 12  20.1 1010 198  1.4 0  9.1  65  417  155 305 -432  1
3823500 2818500  9 25 13  21.0 1010 181  1.6 1  9.1  60  443  151 313 -445  1
3823500 2818500  9 25 14  22.0 1010 199  2.3 1  9.2  57  406  146 320 -452  1
3823500 2818500  9 25 15  22.1 1010 217  2.3 2  9.3  56  282  153 325 -454  1
3823500 2818500  9 25 16  21.8 1010 229  2.6 1  9.3  56  212  124 324 -449  1
3823500 2818500  9 25 17  21.0 1010 199  1.5 1  9.4  59  119   95 321 -440  1
3823500 2818500  9 25 18  18.8 1010 202  0.5 5  9.6  66   23   41 324 -428  1
3823500 2818500  9 25 19  15.8 1010 143  0.1 4  9.6  77    0    0 323 -414  1
3823500 2818500  9 25 20  14.0 1011 148  0.0 3  9.3  88    0    0 310 -404  1
3823500 2818500  9 25 21  13.0 1011 116  0.6 4  9.0  93    0    0 303 -397  1
3823500 2818500  9 25 22  12.2 1011 102  0.6 4  8.8  96    0    0 300 -393  1
3823500 2818500  9 25 23  12.0 1012 110  0.9 3  8.6  97    0    0 296 -389  1
3823500 2818500  9 25 24  11.6 1012 124  0.8 2  8.4  97    0    0 292 -386  1
3823500 2818500  9 26  1  11.6 1012 156  1.0 2  8.4  98    0    0 291 -384  1
3823500 2818500  9 26  2  12.2 1012 171  0.9 3  8.6  99    0    0 294 -381  1
3823500 2818500  9 26  3  12.1 1012 168  0.8 3  8.6  97    0    0 296 -379  1
3823500 2818500  9 26  4  12.5 1012 150  1.1 2  8.6  96    0    0 296 -377  1
3823500 2818500  9 26  5  12.7 1012 162  1.2 4  8.8  96    0    0 298 -376  1
3823500 2818500  9 26  6  12.6 1012 158  1.1 5  8.7  95    0    0 302 -376  1
3823500 2818500  9 26  7  12.5 1012 157  1.1 3  8.6  95    0    5 300 -376  1
3823500 2818500  9 26  8  14.6 1013 155  1.4 4  8.9  91    6   72 303 -379  1
3823500 2818500  9 26  9  16.7 1013 178  1.2 4  9.5  85   68  154 311 -388  1
3823500 2818500  9 26 10  18.9 1013 194  2.8 4 10.1  79  123  212 319 -403  1
3823500 2818500  9 26 11  20.9 1013 208  3.2 5 10.5  72   95  257 330 -421  1
3823500 2818500  9 26 12  22.0 1013 228  3.4 5 10.5  65  175  285 338 -437  1
3823500 2818500  9 26 13  22.7 1013 238  3.5 3 10.4  61  320  229 342 -450  1
3823500 2818500  9 26 14  23.3 1013 247  4.3 3 10.0  57  263  236 343 -458  1
3823500 2818500  9 26 15  23.7 1014 243  4.6 3  9.8  54  253  190 346 -461  1
3823500 2818500  9 26 16  23.3 1014 240  4.0 3  9.8  54  191  154 349 -457  1
3823500 2818500  9 26 17  22.7 1014 235  2.7 4  9.8  56   65  108 351 -448  1
3823500 2818500  9 26 18  21.4 1014 241  1.3 6  9.9  60   18   44 353 -436  1
3823500 2818500  9 26 19  19.0 1014 259  0.7 5 10.2  69    0    0 350 -423  1
3823500 2818500  9 26 20  18.3 1015 262  1.1 6 10.4  77    0    0 347 -416  1
3823500 2818500  9 26 21  17.4 1016 305  0.8 6 10.4  81    0    0 348 -414  1
3823500 2818500  9 26 22  16.9 1016 347  0.8 7 10.3  84    0    0 348 -414  1
3823500 2818500  9 26 23  16.9 1017 301  0.4 7 10.3  85    0    0 350 -412  1
3823500 2818500  9 26 24  16.2 1017 306  0.3 6 10.1  86    0    0 346 -410  1
3823500 2818500  9 27  1  14.8 1017 261  0.1 7  9.9  90    0    0 343 -407  1
3823500 2818500  9 27  2  14.8 1018 223  0.4 7  9.9  94    0    0 341 -406  1
3823500 2818500  9 27  3  13.9 1018 276  0.3 7  9.8  96    0    0 340 -405  1
3823500 2818500  9 27  4  13.9 1018 316  0.0 6  9.6  97    0    0 337 -405  1
3823500 2818500  9 27  5  14.0 1018 310  0.1 6  9.6  96    0    0 335 -404  1
3823500 2818500  9 27  6  14.2 1019 298  0.1 7  9.6  96    0    0 340 -403  1
3823500 2818500  9 27  7  14.6 1019  30  0.3 8  9.9  96    0    8 348 -403  1
3823500 2818500  9 27  8  15.5 1020  36  0.5 8 10.3  96    0   52 355 -402  1
3823500 2818500  9 27  9  16.1 1020  51  1.0 7 10.6  95   12  111 355 -405  1
3823500 2818500  9 27 10  17.1 1020  13  0.8 8 10.7  91    0  133 357 -412  1
3823500 2818500  9 27 11  17.8 1021 339  0.5 7 10.6  85   12  175 360 -425  1
3823500 2818500  9 27 12  18.8 1021 219  0.7 6 10.3  78  195  143 355 -432  1
3823500 2818500  9 27 13  19.7 1021 170  1.3 6 10.1  73   12  185 355 -442  1
3823500 2818500  9 27 14  19.9 1021 322  1.3 5 10.0  70   45  183 353 -457  1
3823500 2818500  9 27 15  20.3 1021 301  1.2 6  9.9  68  132  130 353 -461  1
3823500 2818500  9 27 16  20.1 1021  27  1.1 7 10.0  68   60  118 356 -456  1
3823500 2818500  9 27 17  19.8 1021   4  0.9 6 10.2  70  113   59 352 -447  1
3823500 2818500  9 27 18  18.6 1021  75  0.3 6 10.3  74   23   24 346 -433  1
3823500 2818500  9 27 19  15.6 1021  78  0.3 5 10.1  83    0    0 335 -419  1
3823500 2818500  9 27 20  14.7 1022  44  0.1 5  9.8  91    0    0 324 -409  1
3823500 2818500  9 27 21  13.5 1022  74  0.1 3  9.3  93    0    0 314 -402  1
3823500 2818500  9 27 22  12.7 1022  77  0.0 1  8.8  94    0    0 300 -397  1
3823500 2818500  9 27 23  12.3 1022  68  0.0 1  8.5  95    0    0 293 -393  1
3823500 2818500  9 27 24  11.4 1023  49  0.0 0  8.2  95    0    0 289 -389  1
3823500 2818500  9 28  1  11.2 1023 116  0.1 2  7.9  96    0    0 287 -386  1
3823500 2818500  9 28  2  10.6 1023 141  0.1 3  7.7  96    0    0 291 -383  1
3823500 2818500  9 28  3  10.2 1023  78  0.2 3  7.6  97    0    0 292 -381  1
3823500 2818500  9 28  4   9.6 1022  22  0.3 2  7.3  97    0    0 288 -380  1
3823500 2818500  9 28  5   9.2 1023  63  0.3 2  7.1  98    0    0 284 -378  1
3823500 2818500  9 28  6   9.0 1022  68  0.2 2  7.0  98    0    0 283 -377  1
3823500 2818500  9 28  7   8.7 1022 104  0.3 3  6.8  97    0   13 284 -375  1
3823500 2818500  9 28  8  11.7 1022  42  0.2 2  7.4  97   31   72 288 -376  1
3823500 2818500  9 28  9  15.2 1022 130  0.9 0  9.0  94  144  109 292 -383  1
3823500 2818500  9 28 10  18.4 1022 120  2.1 0 10.2  86  258  128 299 -397  1
3823500 2818500  9 28 11  20.0 1022 109  2.0 0 10.6  77  356  135 310 -415  1
3823500 2818500  9 28 12  21.6 1022 126  2.1 1 10.8  71  421  136 318 -431  1
3823500 2818500  9 28 13  22.3 1022 140  2.2 1 10.7  66  438  136 324 -444  1
3823500 2818500  9 28 14  22.8 1021 138  1.9 1 10.5  62  419  124 328 -453  1
3823500 2818500  9 28 15  23.3 1021 116  1.3 1 10.4  59  346  116 329 -456  1
3823500 2818500  9 28 16  23.2 1020 109  1.5 1 10.3  58  239  107 329 -453  1
3823500 2818500  9 28 17  22.8 1020 104  0.8 1 10.3  59  100   89 327 -445  1
3823500 2818500  9 28 18  20.9 1020  91  0.9 4 10.3  63    7   32 326 -432  1
3823500 2818500  9 28 19  18.0 1019  83  0.6 4 10.2  72    0    0 320 -419  1
3823500 2818500  9 28 20  16.1 1019  79  0.2 4 10.1  84    0    0 312 -409  1
3823500 2818500  9 28 21  15.4 1020  90  0.4 4 10.1  90    0    0 308 -403  1
3823500 2818500  9 28 22  16.0 1020  85  0.4 3 10.0  90    0    0 305 -398  1
3823500 2818500  9 28 23  14.3 1020  89  0.4 2  9.5  88    0    0 301 -394  1
3823500 2818500  9 28 24  13.3 1020  98  0.7 2  8.7  89    0    0 295 -391  1
3823500 2818500  9 29  1  12.5 1020 100  0.2 1  8.5  92    0    0 292 -389  1
3823500 2818500  9 29  2  12.7 1020 102  0.1 0  8.5  94    0    0 290 -386  1
3823500 2818500  9 29  3  12.3 1020 123  0.1 1  8.5  94    0    0 290 -383  1
3823500 2818500  9 29  4  11.9 1020 110  0.2 0  8.4  96    0    0 289 -381  1
3823500 2818500  9 29  5  12.1 1019 123  0.7 0  8.5  97    0    0 287 -379  1
3823500 2818500  9 29  6  11.5 1019 121  0.6 1  8.3  97    0    0 287 -377  1
3823500 2818500  9 29  7  11.9 1019 103  0.7 3  8.3  97    0   14 288 -375  1
3823500 2818500  9 29  8  13.9 1019 117  0.5 2  8.8  95   29   72 293 -376  1
3823500 2818500  9 29  9  16.5 1020 134  1.0 1  9.4  88  140  107 297 -384  1
3823500 2818500  9 29 10  19.2 1020 137  1.5 1 10.0  78  274  110 304 -400  1
3823500 2818500  9 29 11  21.4 1020 127  1.7 1 10.5  70  376  111 314 -421  1
3823500 2818500  9 29 12  23.0 1020 130  1.9 1 10.9  65  427  115 321 -441  1
3823500 2818500  9 29 13  24.0 1020 136  2.8 1 11.0  61  446  112 328 -457  1
3823500 2818500  9 29 14  24.4 1019 135  2.7 2 10.6  56  416  106 331 -466  1
3823500 2818500  9 29 15  24.7 1019 121  2.4 2 10.1  52  348   99 334 -468  1
3823500 2818500  9 29 16  24.6 1018 125  1.9 2  9.8  51  256   88 334 -463  1
3823500 2818500  9 29 17  23.6 1018 112  1.0 2  9.6  51  118   79 331 -452  1
3823500 2818500  9 29 18  21.3 1018 115  0.6 2  9.7  57   16   36 326 -438  1
3823500 2818500  9 29 19  17.0 1018 100  0.5 3  9.8  71    0    0 316 -424  1
3823500 2818500  9 29 20  16.4 1018  96  0.5 2  9.5  78    0    0 305 -414  1
3823500 2818500  9 29 21  15.2 1018 101  0.5 2  9.3  83    0    0 299 -408  1
3823500 2818500  9 29 22  14.5 1018 110  0.4 2  9.0  86    0    0 298 -402  1
3823500 2818500  9 29 23  14.0 1018 127  0.3 3  8.8  87    0    0 296 -398  1
3823500 2818500  9 29 24  13.5 1018 148  0.3 4  8.7  90    0    0 293 -395  1
3823500 2818500  9 30  1  13.1 1014 169  0.2 6  8.8  93    0    0 360 -413  1
3823500 2818500  9 30  2  12.7 1014 188  0.2 7  8.8  96    0    0 360 -409  1
3823500 2818500  9 30  3  12.6 1014 213  0.1 8  8.9  98    0    0 359 -405  1
3823500 2818500  9 30  4  12.6 1014 228  0.1 8  9.0  98    0    0 358 -403  1
3823500 2818500  9 30  5  12.8 1014 234  0.1 8  9.0  98    0    0 358 -401  1
3823500 2818500  9 30  6  12.9 1014 236  0.2 8  9.1  98    0    0 358 -395  1
3823500 2818500  9 30  7  13.0 1014 265  0.1 8  9.2  98    0    1 359 -387  1
3823500 2818500  9 30  8  13.2 1014 257  0.1 8  9.4 100    0   16 358 -384  1
3823500 2818500  9 30  9  13.9 1014 282  0.9 8  9.6  99    0   54 359 -388  1
3823500 2818500  9 30 10  14.8 1014 336  1.6 8 10.0  98    0   78 359 -397  1
3823500 2818500  9 30 11  15.7 1015 310  1.2 8 10.2  94    0  110 358 -411  1
3823500 2818500  9 30 12  16.9 1015 343  1.4 7  9.7  84   28  212 355 -423  1
3823500 2818500  9 30 13  18.5 1015 342  1.9 6  9.0  71  180  175 348 -433  1
3823500 2818500  9 30 14  18.4 1015 347  2.0 6  8.5  64  167  163 344 -438  1
3823500 2818500  9 30 15  18.0 1014   1  1.6 5  8.2  63  105  159 339 -439  1
3823500 2818500  9 30 16  17.9 1014 349  0.4 5  8.1  63   46  128 334 -435  1
3823500 2818500  9 30 17  17.6 1014 295  1.3 6  8.1  64    8   78 338 -428  1
3823500 2818500  9 30 18  16.6 1014 278  0.7 6  8.2  67    0   24 342 -420  1
3823500 2818500  9 30 19  14.9 1014 265  0.9 7  8.4  76    0    0 343 -412  1
3823500 2818500  9 30 20  14.4 1013   3  1.5 7  8.6  82    0    0 344 -407  1
3823500 2818500  9 30 21  14.0 1013  18  0.6 7  8.7  86    0    0 342 -404  1
3823500 2818500  9 30 22  13.9 1013  32  1.7 8  8.7  87    0    0 347 -401  1
3823500 2818500  9 30 23  13.1 1013  79  1.4 7  8.5  88    0    0 345 -399  1
3823500 2818500  9 30 24  12.5 1012 178  0.6 8  8.3  90    0    0 344 -398  1
3823500 2818500 10  1  1  12.0 1011 256  1.3 8  8.3  94    0    0 347 -396  1
3823500 2818500 10  1  2  11.5 1011 118  1.1 8  8.2  95    0    0 348 -396  1
3823500 2818500 10  1  3  11.5 1011 135  1.5 7  8.1  96    0    0 346 -396  1
3823500 2818500 10  1  4  11.5 1010  98  0.8 8  8.1  96    0    0 350 -395  1
3823500 2818500 10  1  5  11.6 1010  92  0.9 8  8.1  94    0    0 359 -395  1
3823500 2818500 10  1  6  11.6 1009 107  1.0 8  8.0  94    0    0 361 -394  1
3823500 2818500 10  1  7  11.8 1009 102  2.3 7  8.1  94    0    0 356 -394  1
3823500 2818500 10  1  8  12.3 1009 146  0.7 7  8.2  93    0   40 348 -394  1
3823500 2818500 10  1  9  12.9 1008 178  2.1 7  8.4  92    0   84 348 -396  1
3823500 2818500 10  1 10  13.9 1008 192  1.1 7  8.9  92    0   97 351 -399  1
3823500 2818500 10  1 11  15.1 1007 200  1.4 7  9.7  93    0  100 358 -402  1
3823500 2818500 10  1 12  15.7 1007 229  1.8 7 10.4  94    0  113 363 -405  1
3823500 2818500 10  1 13  16.4 1006 233  1.9 7 11.1  96    0  131 367 -409  1
3823500 2818500 10  1 14  16.9 1005 216  2.3 7 11.6  97    0   86 372 -409  1
3823500 2818500 10  1 15  17.3 1004 265  4.0 8 12.1  98    0   79 383 -408  1
3823500 2818500 10  1 16  17.2 1004 273  4.3 8 12.2  98    0   63 391 -409  1
3823500 2818500 10  1 17  16.9 1003 273  4.1 7 11.9  96    2   59 386 -410  1
3823500 2818500 10  1 18  16.6 1003 281  4.6 8 11.5  95    0   15 387 -409  1
3823500 2818500 10  1 19  16.5 1003 282  3.9 7 11.1  93    0    0 385 -408  1
3823500 2818500 10  1 20  16.6 1003 290  4.3 7 10.8  91    0    0 376 -406  1
3823500 2818500 10  1 21  16.6 1003 301  3.2 6 10.5  87    0    0 367 -405  1
3823500 2818500 10  1 22  16.4 1002 303  4.8 6 10.1  85    0    0 359 -402  1
3823500 2818500 10  1 23  15.9 1002 300  3.5 7  9.7  84    0    0 362 -398  1
3823500 2818500 10  1 24  15.5 1002 290  2.1 7  9.3  82    0    0 365 -396  1
3823500 2818500 10  2  1  15.2 1002 293  4.9 7  8.8  80    0    0 361 -395  1
3823500 2818500 10  2  2  14.2 1002 277  4.0 6  8.6  81    0    0 351 -393  1
3823500 2818500 10  2  3  13.1 1001 271  3.5 7  8.4  85    0    0 346 -391  1
3823500 2818500 10  2  4  12.5 1001 284  4.1 7  8.3  89    0    0 349 -390  1
3823500 2818500 10  2  5  12.4 1001 292  3.1 8  8.2  90    0    0 355 -388  1
3823500 2818500 10  2  6  12.1 1001 289  2.4 7  7.9  87    0    0 354 -387  1
3823500 2818500 10  2  7  12.0 1001 284  2.6 7  7.4  84    0    0 345 -386  1
3823500 2818500 10  2  8  11.9 1001 290  1.0 7  7.2  82    3   46 343 -384  1
3823500 2818500 10  2  9  12.7 1002 280  2.4 7  7.1  79    1   86 341 -384  1
3823500 2818500 10  2 10  13.5 1002 291  4.4 6  7.0  74   21  168 337 -390  1
3823500 2818500 10  2 11  13.1 1002 300  3.9 3  6.7  69  177  223 319 -398  1
3823500 2818500 10  2 12  14.8 1003 300  5.6 4  6.4  63  157  255 314 -404  1
3823500 2818500 10  2 13  14.6 1003 308  5.4 3  5.9  56  233  248 317 -405  1
3823500 2818500 10  2 14  13.5 1003 312  4.7 5  5.5  55  108  235 319 -400  1
3823500 2818500 10  2 15  14.1 1003 303  4.1 6  5.7  58   71  193 332 -398  1
3823500 2818500 10  2 16  13.1 1003 302  2.8 4  5.7  58   93  145 327 -397  1
3823500 2818500 10  2 17  13.2 1004 305  3.0 4  5.4  56   55   84 316 -395  1
3823500 2818500 10  2 18  12.0 1004 306  2.9 5  5.2  57   17   26 317 -390  1
3823500 2818500 10  2 19  11.8 1005 309  1.9 6  5.2  59    0    0 321 -382  1
3823500 2818500 10  2 20  10.7 1006 305  2.9 6  5.3  63    0    0 320 -374  1
3823500 2818500 10  2 21  10.2 1007 288  2.1 4  5.5  69    0    0 308 -368  1
3823500 2818500 10  2 22   9.7 1007 302  1.5 4  5.6  73    0    0 296 -364  1
3823500 2818500 10  2 23   9.1 1008 292  1.0 5  5.7  78    0    0 297 -360  1
3823500 2818500 10  2 24   8.2 1009 286  1.1 6  5.7  81    0    0 303 -357  1
3823500 2818500 10  3  1   7.4 1009 278  1.4 4  5.5  83    0    0 294 -354  1
3823500 2818500 10  3  2   6.8 1009 265  0.7 3  5.4  86    0    0 278 -352  1
3823500 2818500 10  3  3   6.4 1009 263  0.9 1  5.3  87    0    0 263 -349  1
3823500 2818500 10  3  4   7.1 1009 261  1.2 2  5.4  88    0    0 258 -347  1
3823500 2818500 10  3  5   6.8 1009 250  0.9 3  5.5  88    0    0 268 -346  1
3823500 2818500 10  3  6   7.4 1010 259  0.9 5  5.5  87    0    0 283 -345  1
3823500 2818500 10  3  7   7.5 1010 251  0.3 7  5.6  87    0    0 304 -343  1
3823500 2818500 10  3  8   8.1 1010 236  0.8 7  5.8  87   11   55 316 -342  1
3823500 2818500 10  3  9  10.3 1010 260  1.8 6  6.0  83   36  132 315 -348  1
3823500 2818500 10  3 10  12.1 1011 264  2.5 5  6.1  73  161  189 311 -361  1
3823500 2818500 10  3 11  13.8 1011 288  2.8 4  5.9  63  217  228 307 -376  1
3823500 2818500 10  3 12  13.9 1011 301  3.2 4  5.7  58  175  266 307 -390  1
3823500 2818500 10  3 13  13.8 1011 303  3.2 5  5.7  57   89  253 313 -401  1
3823500 2818500 10  3 14  14.3 1011 289  2.7 6  5.8  58   29  206 324 -405  1
3823500 2818500 10  3 15  14.0 1011 261  3.2 7  6.0  60   19  171 334 -401  1
3823500 2818500 10  3 16  13.8 1011 240  1.5 7  6.3  64    0   91 338 -396  1
3823500 2818500 10  3 17  13.6 1011 255  1.8 5  6.7  68   47   87 330 -395  1
3823500 2818500 10  3 18  12.9 1011 227  0.6 7  6.9  72   15   27 330 -392  1
3823500 2818500 10  3 19  12.6 1011 232  1.4 7  7.0  76    0    0 337 -386  1
3823500 2818500 10  3 20  12.2 1011 215  0.9 8  7.0  77    0    0 342 -382  1
3823500 2818500 10  3 21  12.0 1011 228  0.9 8  6.9  79    0    0 346 -380  1
3823500 2818500 10  3 22  12.2 1011 215  1.5 8  7.0  79    0    0 347 -378  1
3823500 2818500 10  3 23  12.3 1011 226  2.2 8  7.1  80    0    0 350 -380  1
3823500 2818500 10  3 24  11.5 1011 243  2.2 6  7.2  82    0    0 341 -381  1
3823500 2818500 10  4  1  11.5 1011 243  2.1 3  7.2  85    0    0 319 -382  1
3823500 2818500 10  4  2  11.9 1011 248  2.1 5  7.3  84    0    0 316 -382  1
3823500 2818500 10  4  3  12.1 1011 247  2.5 8  7.3  83    0    0 341 -381  1
3823500 2818500 10  4  4  12.1 1011 245  2.5 8  7.3  83    0    0 357 -380  1
3823500 2818500 10  4  5  12.2 1010 227  2.4 8  7.3  83    0    0 359 -380  1
3823500 2818500 10  4  6  12.4 1010 232  2.0 8  7.3  81    0    0 359 -379  1
3823500 2818500 10  4  7  12.3 1009 226  2.7 8  7.1  79    0    0 359 -379  1
3823500 2818500 10  4  8  12.6 1010 231  3.0 8  7.0  78    0   34 359 -380  1
3823500 2818500 10  4  9  13.1 1009 243  2.8 7  7.2  77    0   67 355 -383  1
3823500 2818500 10  4 10  13.4 1010 232  2.8 7  7.4  78    2  130 352 -391  1
3823500 2818500 10  4 11  15.0 1010 238  3.1 7  7.6  75    2  151 354 -400  1
3823500 2818500 10  4 12  15.8 1010 251  4.1 6  7.8  71   63  223 354 -410  1
3823500 2818500 10  4 13  16.0 1010 259  5.3 5  7.9  70  129  229 346 -418  1
3823500 2818500 10  4 14  16.0 1010 256  5.0 6  7.9  70   10  173 347 -416  1
3823500 2818500 10  4 15  15.8 1010 247  4.4 7  8.1  71    0   68 355 -412  1
3823500 2818500 10  4 16  15.8 1009 253  4.0 7  8.1  72    0   53 359 -410  1
3823500 2818500 10  4 17  15.4 1009 253  2.9 7  8.2  74    0   53 359 -410  1
3823500 2818500 10  4 18  15.2 1009 247  2.6 8  8.2  75    0    6 363 -408  1
3823500 2818500 10  4 19  15.0 1009 240  1.6 8  8.2  76    0    0 365 -400  1
3823500 2818500 10  4 20  14.5 1009 242  2.6 6  8.2  77    0    0 354 -392  1
3823500 2818500 10  4 21  14.4 1009 242  2.7 6  7.9  77    0    0 344 -387  1
3823500 2818500 10  4 22  13.4 1009 246  2.3 2  7.7  77    0    0 326 -382  1
3823500 2818500 10  4 23  12.5 1009 231  2.1 0  7.5  80    0    0 297 -377  1
3823500 2818500 10  4 24  12.3 1008 239  2.7 1  7.5  83    0    0 292 -374  1
3823500 2818500 10  5  1  11.7 1008 230  2.5 0  7.5  85    0    0 293 -371  1
3823500 2818500 10  5  2  11.3 1007 222  2.1 0  7.4  87    0    0 288 -369  1
3823500 2818500 10  5  3  11.5 1007 235  2.7 1  7.4  87    0    0 292 -368  1
3823500 2818500 10  5  4  11.8 1007 228  2.8 3  7.5  87    0    0 305 -367  1
3823500 2818500 10  5  5  11.6 1007 224  2.4 4  7.7  89    0    0 318 -370  1
3823500 2818500 10  5  6  11.6 1006 234  2.0 4  7.9  92    0    0 322 -375  1
3823500 2818500 10  5  7  11.7 1006 242  1.9 5  8.2  95    0    0 328 -377  1
3823500 2818500 10  5  8  11.8 1006 222  2.2 7  8.4  97    8   41 341 -379  1
3823500 2818500 10  5  9  11.9 1007 234  2.4 7  8.5  97   12   93 350 -382  1
3823500 2818500 10  5 10  12.1 1007 225  3.0 7  8.6  97    6  128 351 -388  1
3823500 2818500 10  5 11  12.7 1007 223  3.3 7  8.8  97    0  132 351 -399  1
3823500 2818500 10  5 12  13.3 1007 222  3.1 7  8.8  94    0  126 352 -410  1
3823500 2818500 10  5 13  13.8 1007 215  2.7 8  8.8  90    0   98 358 -418  1
3823500 2818500 10  5 14  14.2 1007 224  3.1 8  8.8  88    0   84 362 -426  1
3823500 2818500 10  5 15  14.7 1007 216  2.9 7  8.9  86    0  112 357 -430  1
3823500 2818500 10  5 16  15.0 1006 222  2.4 7  8.9  83    8   97 354 -428  1
3823500 2818500 10  5 17  15.1 1006 214  1.7 7  8.7  81   10   56 352 -421  1
3823500 2818500 10  5 18  14.9 1006 235  1.8 8  8.4  78    6   12 354 -409  1
3823500 2818500 10  5 19  14.6 1006 211  1.5 8  8.1  77    0    0 355 -397  1
3823500 2818500 10  5 20  14.3 1006 203  1.4 8  8.0  77    0    0 352 -388  1
3823500 2818500 10  5 21  14.2 1005 181  1.2 8  7.9  77    0    0 349 -383  1
3823500 2818500 10  5 22  13.6 1005 176  0.8 7  7.8  78    0    0 342 -379  1
3823500 2818500 10  5 23  13.4 1005 171  1.2 7  7.8  80    0    0 337 -377  1
3823500 2818500 10  5 24  12.8 1005 170  1.0 8  7.9  83    0    0 339 -374  1
3823500 2818500 10  6  1  12.4 1005 175  0.8 8  7.8  85    0    0 339 -372  1
3823500 2818500 10  6  2  11.9 1004 172  0.4 8  7.7  86    0    0 336 -369  1
3823500 2818500 10  6  3  11.7 1004 167  0.3 6  7.7  88    0    0 328 -367  1
3823500 2818500 10  6  4  11.2 1004 155  0.3 5  7.6  90    0    0 316 -365  1
3823500 2818500 10  6  5   9.6 1003 134  0.1 5  7.3  91    0    0 309 -363  1
3823500 2818500 10  6  6   9.0 1002 153  0.1 2  6.9  93    0    0 293 -361  1
3823500 2818500 10  6  7   8.7 1002 147  0.1 2  6.8  94    0    0 281 -359  1
3823500 2818500 10  6  8   9.3 1001 145  0.1 2  7.0  96   14   54 281 -359  1
3823500 2818500 10  6  9  11.7 1001 141  0.3 3  7.5  93   40  123 289 -364  1
3823500 2818500 10  6 10  13.7 1001 144  0.4 4  7.9  85  172  161 303 -377  1
3823500 2818500 10  6 11  15.8 1000 139  1.0 4  8.2  77  238  191 314 -396  1
3823500 2818500 10  6 12  16.8 1000 119  1.7 5  8.2  70  303  194 323 -416  1
3823500 2818500 10  6 13  19.2  999 131  1.7 5  8.1  62  336  187 333 -434  1
3823500 2818500 10  6 14  19.7  999 140  1.7 5  8.2  57  313  174 340 -445  1
3823500 2818500 10  6 15  20.6  998 167  1.9 4  8.3  55  272  139 341 -450  1
3823500 2818500 10  6 16  21.3  998 169  1.3 4  8.4  54  198  107 343 -449  1
3823500 2818500 10  6 17  21.0  997 159  0.5 4  8.6  54   97   71 347 -443  1
3823500 2818500 10  6 18  18.5  996 156  0.6 5  8.7  60   14   20 349 -435  1
3823500 2818500 10  6 19  16.2  995 154  0.1 4  8.7  69    0    0 344 -428  1
3823500 2818500 10  6 20  16.2  995 153  0.1 4  8.7  74    0    0 340 -422  1
3823500 2818500 10  6 21  16.8  995 160  1.7 5  8.8  74    0    0 347 -420  1
3823500 2818500 10  6 22  16.0  994 164  0.3 4  9.1  76    0    0 349 -420  1
3823500 2818500 10  6 23  15.7  994 166  0.2 4  9.2  80    0    0 346 -420  1
3823500 2818500 10  6 24  15.1  993 165  0.1 5  9.2  83    0    0 349 -419  1
3823500 2818500 10  7  1  15.5  993 154  1.0 4  9.2  83    0    0 348 -415  1
3823500 2818500 10  7  2  15.5  992 179  1.5 6  9.4  83    0    0 352 -412  1
3823500 2818500 10  7  3  15.9  992 162  2.7 6  9.5  83    0    0 359 -412  1
3823500 2818500 10  7  4  15.9  991 219  1.5 7  9.8  85    0    0 363 -410  1
3823500 2818500 10  7  5  15.8  991 187  0.6 8 10.5  91    0    0 372 -408  1
3823500 2818500 10  7  6  15.5  991 169  1.7 8 10.8  95    0    0 377 -408  1
3823500 2818500 10  7  7  15.9  991 189  2.9 8 10.9  96    0    0 377 -408  1
3823500 2818500 10  7  8  15.9  990 191  2.6 7 11.2  96    7   44 375 -408  1
3823500 2818500 10  7  9  16.3  990 193  2.8 6 11.2  96   15  101 367 -409  1
3823500 2818500 10  7 10  17.2  992 194  3.2 6 11.2  91   24  150 365 -412  1
3823500 2818500 10  7 11  18.1  992 200  4.3 6 11.1  86   43  183 368 -418  1
3823500 2818500 10  7 12  18.8  992 217  5.3 8 11.0  81    1  154 378 -425  1
3823500 2818500 10  7 13  19.3  991 211  4.6 8 10.8  77    0  137 388 -427  1
3823500 2818500 10  7 14  19.7  991 203  5.1 5 10.8  74  187  163 374 -425  1
3823500 2818500 10  7 15  19.8  991 206  5.0 8 10.4  70   41  153 373 -421  1
3823500 2818500 10  7 16  19.6  991 213  5.6 8  9.6  66    2   91 385 -415  1
3823500 2818500 10  7 17  18.0  991 229  4.7 8  8.9  64    0   34 380 -412  1
3823500 2818500 10  7 18  14.2  991 250  5.2 7  8.7  74    0    6 364 -407  1
3823500 2818500 10  7 19  13.2  992 218  1.8 6  8.6  86    0    0 344 -403  1
3823500 2818500 10  7 20  12.3  993 205  1.6 3  8.3  88    0    0 318 -399  1
3823500 2818500 10  7 21  12.5  994 242  1.9 1  8.0  87    0    0 291 -397  1
3823500 2818500 10  7 22  12.5  995 229  1.0 2  7.7  83    0    0 289 -395  1
3823500 2818500 10  7 23  12.4  996 221  2.2 2  7.5  82    0    0 294 -391  1
3823500 2818500 10  7 24  12.1  997 219  2.5 1  7.4  81    0    0 289 -386  1
3823500 2818500 10  8  1  12.1  997 221  2.8 2  7.4  82    0    0 286 -383  1
3823500 2818500 10  8  2  12.1  998 219  2.2 3  7.4  83    0    0 292 -380  1
3823500 2818500 10  8  3  11.6  998 202  2.0 5  7.3  84    0    0 301 -377  1
3823500 2818500 10  8  4  12.4  999 201  2.6 7  7.4  83    0    0 316 -375  1
3823500 2818500 10  8  5  14.2  999 199  2.5 7  7.4  77    0    0 330 -374  1
3823500 2818500 10  8  6  14.3  998 193  2.5 7  7.5  73    0    0 336 -372  1
3823500 2818500 10  8  7  11.9  998 192  2.5 4  7.9  82    0    0 321 -370  1
3823500 2818500 10  8  8  13.4  998 191  2.5 5  8.1  87    9   50 312 -370  1
3823500 2818500 10  8  9  14.2  998 202  2.7 5  8.0  80   63  127 321 -375  1
3823500 2818500 10  8 10  14.6  998 198  4.0 6  7.8  75   12  155 327 -385  1
3823500 2818500 10  8 11  13.4  998 188  3.1 7  8.1  80    0  127 336 -391  1
3823500 2818500 10  8 12  13.2  998 183  3.1 7  8.9  92    0  105 341 -390  1
3823500 2818500 10  8 13  14.3  998 196  3.2 8  9.7  96    0  101 350 -389  1
3823500 2818500 10  8 14  15.1  997 204  4.0 7 10.2  96    0  126 358 -391  1
3823500 2818500 10  8 15  15.4  997 201  3.8 7 10.6  96    4  137 358 -395  1
3823500 2818500 10  8 16  16.1  997 202  3.7 8 10.8  94    3   96 367 -400  1
3823500 2818500 10  8 17  16.5  996 201  3.3 6 10.7  91    9   67 365 -404  1
3823500 2818500 10  8 18  16.0  996 202  4.2 8 10.6  90    8   18 369 -408  1
3823500 2818500 10  8 19  15.7  995 199  3.6 8 10.4  90    0    0 382 -410  1
3823500 2818500 10  8 20  15.3  995 188  4.5 7 10.3  92    0    0 375 -410  1
3823500 2818500 10  8 21  15.2  993 190  6.1 8 10.3  93    0    0 376 -408  1
3823500 2818500 10  8 22  15.0  992 197  6.1 8 10.5  96    0    0 382 -405  1
3823500 2818500 10  8 23  15.4  991 206  5.8 8 10.8  98    0    0 384 -403  1
3823500 2818500 10  8 24  15.9  991 211  6.0 8 11.1  97    0    0 386 -401  1
3823500 2818500 10  9  1  16.7  990 224  5.8 7 11.5  96    0    0 385 -401  1
3823500 2818500 10  9  2  17.3  992 234  5.1 7 11.8  95    0    0 384 -403  1
3823500 2818500 10  9  3  17.2  992 244  3.6 7 11.8  93    0    0 385 -404  1
3823500 2818500 10  9  4  16.9  992 230  3.0 8 11.9  95    0    0 388 -404  1
3823500 2818500 10  9  5  16.8  992 221  3.4 8 12.1  98    0    0 392 -404  1
3823500 2818500 10  9  6  16.7  992 224  4.9 8 12.2  99    0    0 391 -404  1
3823500 2818500 10  9  7  16.6  992 220  4.6 8 12.1  99    0    0 392 -404  1
3823500 2818500 10  9  8  16.6  991 216  5.0 8 12.0  99    0   33 393 -404  1
3823500 2818500 10  9  9  17.1  991 217  5.7 6 11.9  97    0   59 381 -406  1
3823500 2818500 10  9 10  18.6  991 233  6.4 7 12.1  92    1  116 381 -410  1
3823500 2818500 10  9 11  19.1  992 241  7.2 7 12.0  86   19  168 392 -416  1
3823500 2818500 10  9 12  18.9  992 249  8.6 7 10.7  76   43  194 391 -421  1
3823500 2818500 10  9 13  18.8  993 254  6.8 5  9.7  70   32  184 380 -424  1
3823500 2818500 10  9 14  18.6  993 242  6.6 6  9.5  69    9  154 373 -423  1
3823500 2818500 10  9 15  18.7  993 234  7.5 6  9.4  68   20  142 375 -423  1
3823500 2818500 10  9 16  18.2  994 264  7.4 6  9.6  71   51   99 373 -423  1
3823500 2818500 10  9 17  17.6  994 260  7.6 8  9.7  74    0   39 377 -421  1
3823500 2818500 10  9 18  17.3  994 251  4.5 7  9.7  76    8   11 376 -416  1
3823500 2818500 10  9 19  17.1  994 255  7.4 7  9.6  77    0    0 369 -412  1
3823500 2818500 10  9 20  16.7  995 244  5.0 8  9.7  78    0    0 372 -410  1
3823500 2818500 10  9 21  16.3  995 249  4.0 8  9.7  81    0    0 376 -409  1
3823500 2818500 10  9 22  15.8  996 251  5.0 7  9.7  84    0    0 372 -410  1
3823500 2818500 10  9 23  15.1  996 229  3.8 7  9.6  86    0    0 365 -409  1
3823500 2818500 10  9 24  15.1  996 233  3.2 8  9.5  87    0    0 369 -408  1
3823500 2818500 10 10  1  15.2  996 230  3.2 8  9.5  86    0    0 375 -406  1
3823500 2818500 10 10  2  15.6  995 223  3.2 8  9.6  86    0    0 376 -406  1
3823500 2818500 10 10  3  15.1  994 220  4.2 7 10.0  90    0    0 373 -405  1
3823500 2818500 10 10  4  15.2  993 222  4.1 8 10.3  93    0    0 373 -404  1
3823500 2818500 10 10  5  15.2  992 225  3.7 8 10.3  93    0    0 380 -403  1
3823500 2818500 10 10  6  15.0  990 221  4.7 8 10.3  94    0    0 381 -402  1
3823500 2818500 10 10  7  14.8  989 228  4.7 8 10.2  94    0    0 382 -402  1
3823500 2818500 10 10  8  14.8  988 232  3.8 8 10.1  93    0   20 383 -402  1
3823500 2818500 10 10  9  15.0  988 239  5.7 8 10.0  92    0   36 384 -402  1
3823500 2818500 10 10 10  15.4  987 249  5.2 7  9.9  89    8  134 380 -402  1
3823500 2818500 10 10 11  16.2  987 279  8.5 3  8.7  76  192  156 355 -404  1
3823500 2818500 10 10 12  14.6  987 282  8.6 2  7.4  66  300  134 323 -410  1
3823500 2818500 10 10 13  15.1  988 269  8.4 3  6.8  63  175  186 321 -417  1
3823500 2818500 10 10 14  14.8  988 266  7.2 4  6.6  61  114  174 332 -421  1
3823500 2818500 10 10 15  14.8  989 269  6.1 6  6.6  61   64  146 346 -418  1
3823500 2818500 10 10 16  13.6  989 289  6.4 6  6.8  66    4   91 351 -411  1
3823500 2818500 10 10 17  13.0  989 276  5.1 5  6.8  70   25   56 342 -403  1
3823500 2818500 10 10 18  11.4  989 269  5.6 6  6.7  74    3   12 336 -394  1
3823500 2818500 10 10 19  10.8  989 269  4.0 7  6.9  82    0    0 337 -386  1
3823500 2818500 10 10 20   9.4  990 263  3.7 7  7.0  89    0    0 335 -382  1
3823500 2818500 10 10 21   9.5  991 248  3.7 7  7.0  92    0    0 330 -381  1
3823500 2818500 10 10 22   9.8  991 256  4.5 6  7.0  92    0    0 326 -378  1
3823500 2818500 10 10 23   9.8  991 260  4.4 5  7.0  90    0    0 318 -374  1
3823500 2818500 10 10 24  10.0  992 261  5.0 5  7.0  90    0    0 312 -372  1
3823500 2818500 10 11  1  10.4  992 256  4.5 5  7.0  89    0    0 312 -372  1
3823500 2818500 10 11  2  10.2  992 254  4.0 5  7.0  88    0    0 311 -372  1
3823500 2818500 10 11  3  10.4  992 253  4.1 5  7.1  89    0    0 312 -373  1
3823500 2818500 10 11  4  10.3  993 257  3.9 5  7.3  91    0    0 312 -373  1
3823500 2818500 10 11  5  10.2  993 263  3.6 5  7.3  92    0    0 312 -371  1
3823500 2818500 10 11  6  10.0  993 257  3.5 5  7.2  91    0    0 308 -369  1
3823500 2818500 10 11  7   9.9  993 264  3.7 4  7.0  90    0    0 297 -367  1
3823500 2818500 10 11  8  10.4  993 253  3.8 4  7.0  89    2   38 290 -364  1
3823500 2818500 10 11  9  11.5  993 249  4.5 3  7.2  87   70  105 287 -366  1
3823500 2818500 10 11 10  12.4  994 256  4.5 4  7.3  82  113  158 292 -371  1
3823500 2818500 10 11 11  12.3  994 261  5.0 4  7.1  78   96  200 301 -380  1
3823500 2818500 10 11 12  13.3  994 263  5.6 3  7.1  75  178  212 302 -389  1
3823500 2818500 10 11 13  12.4  994 254  6.1 4  6.9  73   61  208 308 -391  1
3823500 2818500 10 11 14  11.6  993 259  3.6 7  6.8  76    1  134 326 -392  1
3823500 2818500 10 11 15  11.9  993 270  2.8 7  6.7  77    8  135 340 -392  1
3823500 2818500 10 11 16  11.9  992 274  2.7 5  6.8  76   68  115 335 -387  1
3823500 2818500 10 11 17  11.3  992 253  2.4 5  6.9  79   32   60 325 -385  1
3823500 2818500 10 11 18  10.9  991 266  2.9 8  6.7  80    0    9 336 -383  1
3823500 2818500 10 11 19  10.0  991 246  1.8 8  6.7  83    0    0 349 -380  1
3823500 2818500 10 11 20   9.7  990 260  1.4 8  6.8  88    0    0 350 -377  1
3823500 2818500 10 11 21   9.3  990 245  1.0 8  6.9  91    0    0 349 -375  1
3823500 2818500 10 11 22   9.5  989 222  1.2 8  7.0  92    0    0 349 -372  1
3823500 2818500 10 11 23   9.3  989 239  1.6 8  7.2  95    0    0 348 -370  1
3823500 2818500 10 11 24   9.3  988 244  1.4 8  7.2  97    0    0 347 -367  1
3823500 2818500 10 12  1   8.9  987 285  0.4 8  7.3  98    0    0 344 -362  1
3823500 2818500 10 12  2   8.5  987 305  0.1 5  7.2 100    0    0 327 -356  1
3823500 2818500 10 12  3   7.5  987 310  0.8 4  6.8 100    0    0 302 -351  1
3823500 2818500 10 12  4   6.3  987 310  0.8 4  6.4 100    0    0 291 -348  1
3823500 2818500 10 12  5   6.0  987 298  0.7 4  6.0 100    0    0 287 -347  1
3823500 2818500 10 12  6   5.9  988 295  0.4 3  6.0 100    0    0 279 -350  1
3823500 2818500 10 12  7   5.9  988 280  0.6 3  5.8  98    0    0 272 -354  1
3823500 2818500 10 12  8   6.8  989 299  0.8 4  5.9  97   10   39 279 -355  1
3823500 2818500 10 12  9   8.7  990 308  0.8 4  6.5  97   89   86 289 -358  1
3823500 2818500 10 12 10  10.9  991 317  1.6 4  7.2  92  158  123 297 -364  1
3823500 2818500 10 12 11  12.8  992 337  2.3 2  7.4  84  310   94 293 -373  1
3823500 2818500 10 12 12  12.9  993 336  3.6 3  7.3  77  201  178 290 -379  1
3823500 2818500 10 12 13  12.4  994 335  3.1 4  7.0  75   81  196 297 -384  1
3823500 2818500 10 12 14  12.1  994 318  4.2 4  6.5  72   61  178 301 -385  1
3823500 2818500 10 12 15  12.1  995 320  5.0 4  5.8  65  120  144 300 -384  1
3823500 2818500 10 12 16  11.6  995 335  4.8 3  5.2  59   98   97 293 -383  1
3823500 2818500 10 12 17  10.4  996 321  4.3 3  5.2  62   46   52 285 -380  1
3823500 2818500 10 12 18   9.5  997 305  4.0 3  5.4  69    4   12 282 -375  1
3823500 2818500 10 12 19   8.4  998 301  1.3 3  5.5  76    0    0 277 -371  1
3823500 2818500 10 12 20   8.4  999 290  2.1 4  5.6  78    0    0 273 -368  1
3823500 2818500 10 12 21   8.2 1000 286  1.4 5  5.6  81    0    0 282 -366  1
3823500 2818500 10 12 22   8.1 1000 282  1.3 6  5.7  83    0    0 297 -364  1
3823500 2818500 10 12 23   8.6 1000 271  1.0 6  6.1  86    0    0 300 -363  1
3823500 2818500 10 12 24   9.4 1001 258  1.0 6  6.6  89    0    0 304 -362  1
3823500 2818500 10 13  1  10.4 1018 245  1.2 5  7.3  92    0    0 311 -365  1
3823500 2818500 10 13  2  11.4 1018 238  1.6 6  7.8  94    0    0 314 -364  1
3823500 2818500 10 13  3  12.0 1018 235  1.7 6  8.3  95    0    0 323 -363  1
3823500 2818500 10 13  4  12.0 1018 238  1.8 7  8.3  95    0    0 335 -362  1
3823500 2818500 10 13  5  11.8 1018 236  1.7 7  8.2  95    0    0 336 -361  1
3823500 2818500 10 13  6  11.7 1018 236  1.7 8  8.2  95    0    0 334 -361  1
3823500 2818500 10 13  7  11.5 1017 247  1.7 6  8.0  94    0    0 327 -361  1
3823500 2818500 10 13  8  11.4 1018 241  1.2 7  7.9  94    0   23 324 -362  1
3823500 2818500 10 13  9  11.5 1018 222  1.4 8  7.9  94    0   69 330 -367  1
3823500 2818500 10 13 10  12.1 1019 231  1.6 8  8.2  95    0  111 335 -377  1
3823500 2818500 10 13 11  12.3 1019 232  1.9 7  8.2  93    2  144 336 -388  1
3823500 2818500 10 13 12  12.8 1018 229  1.8 8  8.0  89    0  107 338 -398  1
3823500 2818500 10 13 13  13.1 1018 204  2.0 8  7.9  85    0   59 345 -405  1
3823500 2818500 10 13 14  12.8 1018 241  1.3 8  7.9  85    0  108 348 -410  1
3823500 2818500 10 13 15  13.3 1018 186  1.6 8  7.9  84    2  125 351 -411  1
3823500 2818500 10 13 16  13.1 1017 229  0.9 8  7.8  83    4   94 352 -410  1
3823500 2818500 10 13 17  12.7 1017 203  1.3 7  7.9  85    7   54 348 -404  1
3823500 2818500 10 13 18  11.5 1017 184  1.0 7  8.0  91    0    8 343 -396  1
3823500 2818500 10 13 19  11.1 1016 179  1.1 5  7.9  95    0    0 334 -387  1
3823500 2818500 10 13 20  11.7 1017 153  0.9 7  8.0  96    0    0 336 -382  1
3823500 2818500 10 13 21  11.7 1016 153  0.9 6  8.3  96    0    0 341 -379  1
3823500 2818500 10 13 22  11.5 1016 127  0.6 8  8.3  98    0    0 345 -378  1
3823500 2818500 10 13 23  10.6 1016 102  0.2 8  8.1  99    0    0 347 -377  1
3823500 2818500 10 13 24   9.8 1015 131  0.4 8  7.7 100    0    0 340 -376  1
3823500 2818500 10 14  1   9.7 1015 152  0.7 8  7.5 100    0    0 335 -376  1
3823500 2818500 10 14  2   9.2 1014 151  0.5 8  7.4 100    0    0 333 -376  1
3823500 2818500 10 14  3   9.5 1014 165  0.9 7  7.3 100    0    0 331 -375  1
3823500 2818500 10 14  4   9.2 1013 155  0.6 6  7.3 100    0    0 326 -375  1
3823500 2818500 10 14  5   9.8 1013 156  0.4 4  7.4 100    0    0 318 -375  1
3823500 2818500 10 14  6   9.3 1012 154  0.2 3  7.4 100    0    0 310 -375  1
3823500 2818500 10 14  7   9.0 1012 172  1.0 4  7.2 100    0    0 308 -375  1
3823500 2818500 10 14  8   9.7 1011 163  0.7 2  7.3 100    9   41 307 -376  1
3823500 2818500 10 14  9  11.4 1011 162  0.5 3  7.9  99   65  112 307 -380  1
3823500 2818500 10 14 10  14.3 1011 191  1.5 3  8.9  96  118  171 318 -388  1
3823500 2818500 10 14 11  16.6 1011 198  1.9 2  9.7  88  189  205 325 -398  1
3823500 2818500 10 14 12  18.6 1010 213  2.7 3  9.7  77  198  230 333 -408  1
3823500 2818500 10 14 13  19.5 1010 208  2.8 4  9.7  70  204  233 345 -417  1
3823500 2818500 10 14 14  19.7 1009 213  2.6 5  9.8  68   80  221 353 -424  1
3823500 2818500 10 14 15  20.3 1008 207  2.3 5  9.8  67  103  184 360 -426  1
3823500 2818500 10 14 16  19.8 1008 214  0.7 5  9.7  66   67  128 362 -423  1
3823500 2818500 10 14 17  19.0 1007 205  1.3 8  9.8  69   16   57 370 -415  1
3823500 2818500 10 14 18  18.1 1007 211  1.0 7  9.9  73    0    5 376 -408  1
3823500 2818500 10 14 19  17.6 1007 201  1.1 6  9.8  76    0    0 370 -402  1
3823500 2818500 10 14 20  17.8 1007 208  1.7 6  9.8  77    0    0 368 -399  1
3823500 2818500 10 14 21  17.8 1007 213  1.6 7  9.9  77    0    0 373 -397  1
3823500 2818500 10 14 22  17.6 1008 240  1.6 8 10.1  79    0    0 379 -397  1
3823500 2818500 10 14 23  17.1 1008 258  1.8 8 10.3  83    0    0 381 -398  1
3823500 2818500 10 14 24  16.9 1008 240  2.3 7 10.4  85    0    0 376 -398  1
3823500 2818500 10 15  1  16.3 1008 256  2.1 8 10.3  87    0    0 375 -398  1
3823500 2818500 10 15  2  15.2 1008 262  2.5 8 10.3  91    0    0 375 -397  1
3823500 2818500 10 15  3  15.1 1009 255  2.0 7 10.1  93    0    0 370 -396  1
3823500 2818500 10 15  4  14.9 1009 258  2.0 7  9.9  92    0    0 365 -394  1
3823500 2818500 10 15  5  14.7 1009 259  2.1 8  9.8  92    0    0 368 -392  1
3823500 2818500 10 15  6  14.3 1009 258  1.9 8  9.5  92    0    0 372 -391  1
3823500 2818500 10 15  7  14.1 1009 249  1.9 7  9.3  92    0    0 364 -390  1
3823500 2818500 10 15  8  14.1 1010 241  2.2 7  9.3  92    0   10 356 -390  1
3823500 2818500 10 15  9  14.5 1010 242  2.6 8  9.3  91    0   38 363 -391  1
3823500 2818500 10 15 10  14.8 1011 255  3.0 6  9.3  89   13  136 355 -395  1
3823500 2818500 10 15 11  15.4 1011 277  3.4 6  9.1  84   60  191 341 -397  1
3823500 2818500 10 15 12  16.1 1011 265  4.1 7  8.7  77   21  192 354 -401  1
3823500 2818500 10 15 13  15.8 1012 253  4.6 5  7.7  68   98  210 348 -404  1
3823500 2818500 10 15 14  16.1 1012 274  5.1 3  6.9  61  217  163 322 -411  1
3823500 2818500 10 15 15  15.8 1011 271  4.1 3  6.6  58  199  129 311 -416  1
3823500 2818500 10 15 16  15.0 1011 324  3.3 4  6.3  58  153   88 315 -415  1
3823500 2818500 10 15 17  13.8 1011 289  1.8 6  6.4  62   51   51 330 -411  1
3823500 2818500 10 15 18  11.4 1011 219  0.6 7  6.7  73    0    7 344 -405  1
3823500 2818500 10 15 19  10.2 1011 170  0.3 7  6.9  85    0    0 344 -401  1
3823500 2818500 10 15 20   9.7 1012 155  0.1 7  6.8  90    0    0 339 -399  1
3823500 2818500 10 15 21   9.7 1012 150  0.2 7  6.8  91    0    0 337 -397  1
3823500 2818500 10 15 22  10.9 1011 121  0.9 7  6.9  88    0    0 339 -397  1
3823500 2818500 10 15 23  11.7 1011 142  1.5 6  7.1  84    0    0 337 -398  1
3823500 2818500 10 15 24  11.8 1011 129  0.7 6  7.1  82    0    0 333 -398  1
3823500 2818500 10 16  1  11.9 1010 210  1.4 8  7.1  82    0    0 347 -398  1
3823500 2818500 10 16  2  11.9 1010 158  1.2 8  7.3  84    0    0 362 -399  1
3823500 2818500 10 16  3  12.1 1009 185  1.5 8  7.5  86    0    0 364 -400  1
3823500 2818500 10 16  4  11.9 1009 181  2.0 8  7.7  87    0    0 366 -401  1
3823500 2818500 10 16  5  12.3 1008 186  1.1 8  7.8  88    0    0 368 -402  1
3823500 2818500 10 16  6  12.2 1008 186  1.4 8  7.9  89    0    0 371 -401  1
3823500 2818500 10 16  7  12.4 1007 197  1.9 8  8.0  89    0    0 372 -399  1
3823500 2818500 10 16  8  12.7 1007 196  2.4 7  8.0  88    0   21 367 -397  1
3823500 2818500 10 16  9  13.1 1007 199  2.6 7  8.0  86   20   73 363 -395  1
3823500 2818500 10 16 10  13.7 1007 206  2.5 6  8.1  84   42  113 360 -395  1
3823500 2818500 10 16 11  14.0 1007 215  3.0 6  8.3  84   12  140 358 -396  1
3823500 2818500 10 16 12  14.2 1006 213  3.4 7  8.6  85    0  136 364 -398  1
3823500 2818500 10 16 13  14.7 1006 214  3.2 6  8.9  86    2  129 366 -398  1
3823500 2818500 10 16 14  15.2 1005 218  3.2 6  8.9  83    5  122 366 -398  1
3823500 2818500 10 16 15  15.6 1004 206  2.8 7  8.8  80   47  106 371 -399  1
3823500 2818500 10 16 16  15.7 1004 206  2.9 7  8.7  78   22   75 374 -400  1
3823500 2818500 10 16 17  15.1 1003 198  3.1 7  8.6  78    0   26 371 -399  1
3823500 2818500 10 16 18  13.7 1002 195  3.1 8  8.9  86    0    2 369 -397  1
3823500 2818500 10 16 19  13.7 1001 193  3.6 8  9.3  94    0    0 370 -394  1
3823500 2818500 10 16 20  14.2 1001 210  4.0 8  9.4  93    0    0 370 -392  1
3823500 2818500 10 16 21  14.5 1000 221  4.1 7  9.4  91    0    0 364 -389  1
3823500 2818500 10 16 22  14.7 1000 224  3.5 7  9.4  90    0    0 360 -384  1
3823500 2818500 10 16 23  14.7 1000 234  3.4 7  9.5  89    0    0 359 -381  1
3823500 2818500 10 16 24  14.1  999 256  3.1 8  9.4  91    0    0 362 -380  1
3823500 2818500 10 17  1  12.8 1000 274  3.6 7  8.7  89    0    0 356 -377  1
3823500 2818500 10 17  2  11.7 1001 260  3.7 7  7.7  85    0    0 342 -376  1
3823500 2818500 10 17  3  11.0 1001 250  2.6 7  7.3  86    0    0 335 -375  1
3823500 2818500 10 17  4  10.8 1001 232  2.3 6  7.1  87    0    0 324 -374  1
3823500 2818500 10 17  5  10.5 1001 220  1.9 6  7.1  87    0    0 315 -372  1
3823500 2818500 10 17  6  10.7 1001 216  2.1 6  7.2  89    0    0 313 -370  1
3823500 2818500 10 17  7  10.7 1001 208  1.9 6  7.3  90    0    0 313 -368  1
3823500 2818500 10 17  8  10.8 1000 216  3.1 6  7.4  91    0   27 315 -367  1
3823500 2818500 10 17  9  11.3 1000 230  3.1 7  7.5  90    0   56 322 -368  1
3823500 2818500 10 17 10  10.5 1000 230  3.7 7  7.4  90    0   62 327 -372  1
3823500 2818500 10 17 11  10.8 1000 245  3.7 7  7.3  90    0   71 326 -376  1
3823500 2818500 10 17 12  10.9 1000 250  3.2 7  7.4  90    1  146 329 -379  1
3823500 2818500 10 17 13  11.3 1000 283  3.7 5  7.3  88   35  202 321 -378  1
3823500 2818500 10 17 14   9.4  999 292  3.0 7  6.6  84    0  126 320 -373  1
3823500 2818500 10 17 15   9.7 1000 281  2.6 4  6.2  82   28  149 312 -370  1
3823500 2818500 10 17 16   9.6 1000 261  2.2 5  6.2  82   25  105 304 -371  1
3823500 2818500 10 17 17   9.2 1000 271  1.9 5  6.1  82   34   53 307 -369  1
3823500 2818500 10 17 18   8.6 1001 252  1.4 3  6.0  83    0    0 296 -364  1
3823500 2818500 10 17 19   8.1 1002 251  1.6 3  5.9  85    0    0 285 -359  1
3823500 2818500 10 17 20   7.7 1002 253  1.6 2  5.8  87    0    0 274 -357  1
3823500 2818500 10 17 21   7.5 1003 244  1.9 0  5.8  88    0    0 258 -355  1
3823500 2818500 10 17 22   7.5 1004 236  2.4 0  5.7  87    0    0 249 -354  1
3823500 2818500 10 17 23   7.7 1004 246  2.1 0  5.6  85    0    0 248 -352  1
3823500 2818500 10 17 24   7.5 1005 237  2.1 1  5.5  84    0    0 252 -350  1
3823500 2818500 10 18  1   7.4 1005 245  1.9 2  5.4  84    0    0 261 -350  1
3823500 2818500 10 18  2   7.3 1005 234  1.9 2  5.4  84    0    0 265 -352  1
3823500 2818500 10 18  3   7.5 1006 231  0.6 1  5.4  84    0    0 259 -354  1
3823500 2818500 10 18  4   7.1 1006 253  0.3 0  5.4  84    0    0 249 -354  1
3823500 2818500 10 18  5   7.0 1006 237  1.7 1  5.3  84    0    0 250 -354  1
3823500 2818500 10 18  6   7.0 1006 235  1.8 1  5.3  85    0    0 255 -354  1
3823500 2818500 10 18  7   6.5 1006 236  1.3 2  5.3  86    0    0 260 -354  1
3823500 2818500 10 18  8   7.0 1006 237  1.5 2  5.4  87   17   30 266 -353  1
3823500 2818500 10 18  9   8.3 1007 236  2.1 1  5.6  85  114   65 263 -354  1
3823500 2818500 10 18 10   9.5 1008 239  3.0 1  5.8  81  235   74 262 -358  1
3823500 2818500 10 18 11  10.6 1008 261  3.3 2  6.0  78  264  108 272 -365  1
3823500 2818500 10 18 12  11.4 1009 266  3.6 4  6.1  74   75  203 292 -372  1
3823500 2818500 10 18 13  12.2 1009 263  3.2 3  6.1  71  155  187 299 -378  1
3823500 2818500 10 18 14  12.2 1009 269  3.0 5  6.0  67   32  171 302 -381  1
3823500 2818500 10 18 15  11.1 1009 273  1.9 8  5.9  69    0   49 316 -380  1
3823500 2818500 10 18 16  11.2 1009 253  1.7 7  6.0  72    9   86 321 -378  1
3823500 2818500 10 18 17  10.8 1010 245  1.5 5  6.0  73   41   42 310 -372  1
3823500 2818500 10 18 18   9.6 1010 233  0.9 4  5.9  76    0    3 296 -365  1
3823500 2818500 10 18 19   8.9 1010 232  0.9 4  5.9  81    0    0 290 -358  1
3823500 2818500 10 18 20   8.6 1011 240  0.8 4  5.9  84    0    0 290 -353  1
3823500 2818500 10 18 21   8.1 1011 225  0.4 7  5.9  87    0    0 304 -350  1
3823500 2818500 10 18 22   7.1 1011 205  0.7 7  5.9  90    0    0 314 -347  1
3823500 2818500 10 18 23   6.6 1012 188  0.6 6  5.8  94    0    0 303 -345  1
3823500 2818500 10 18 24   6.1 1012 190  0.9 5  5.7  95    0    0 288 -343  1
3823500 2818500 10 19  1   5.4 1012 191  0.8 3  5.6  97    0    0 271 -341  1
3823500 2818500 10 19  2   5.4 1012 193  0.8 3  5.5  98    0    0 260 -340  1
3823500 2818500 10 19  3   4.8 1011 175  0.8 3  5.4  99    0    0 256 -339  1
3823500 2818500 10 19  4   5.0 1011 179  0.9 2  5.4  99    0    0 251 -338  1
3823500 2818500 10 19  5   4.4 1011 188  1.1 3  5.3  99    0    0 249 -337  1
3823500 2818500 10 19  6   4.3 1011 193  1.4 5  5.2 100    0    0 257 -336  1
3823500 2818500 10 19  7   4.9 1011 197  1.1 6  5.3  99    0    0 268 -336  1
3823500 2818500 10 19  8   4.7 1011 199  1.1 6  5.3  99    2   28 272 -336  1
3823500 2818500 10 19  9   6.7 1011 195  1.5 6  5.5  97   18   94 274 -340  1
3823500 2818500 10 19 10   8.0 1011 198  1.9 5  5.9  91   71  160 276 -348  1
3823500 2818500 10 19 11   9.8 1011 204  2.8 5  6.1  85  138  193 276 -357  1
3823500 2818500 10 19 12  10.8 1010 215  3.3 6  6.2  79  187  204 284 -364  1
3823500 2818500 10 19 13  11.9 1010 217  3.9 5  6.2  73  216  199 289 -370  1
3823500 2818500 10 19 14  12.4 1010 224  4.2 5  6.1  69  145  199 290 -373  1
3823500 2818500 10 19 15  12.2 1009 222  3.3 6  6.0  68   68  165 295 -373  1
3823500 2818500 10 19 16  11.9 1009 225  3.1 7  6.1  70    8   90 301 -370  1
3823500 2818500 10 19 17  11.6 1009 224  2.4 7  6.3  73    3   35 303 -364  1
3823500 2818500 10 19 18  11.0 1009 218  2.2 7  6.3  75    0    0 303 -356  1
3823500 2818500 10 19 19  10.8 1009 212  2.2 6  6.3  77    0    0 301 -350  1
3823500 2818500 10 19 20  10.5 1009 220  2.4 5  6.2  78    0    0 295 -346  1
3823500 2818500 10 19 21  10.3 1010 222  2.6 3  6.1  78    0    0 285 -344  1
3823500 2818500 10 19 22   9.8 1010 228  2.6 2  6.0  78    0    0 275 -342  1
3823500 2818500 10 19 23   9.9 1010 229  3.1 3  5.9  78    0    0 276 -341  1
3823500 2818500 10 19 24  10.0 1010 231  3.1 5  6.0  79    0    0 286 -340  1
3823500 2818500 10 20  1  10.3 1010 230  2.4 6  6.2  80    0    0 296 -339  1
3823500 2818500 10 20  2   9.6 1010 235  2.5 5  6.2  81    0    0 293 -338  1
3823500 2818500 10 20  3   9.5 1010 227  2.4 5  6.2  83    0    0 288 -338  1
3823500 2818500 10 20  4   9.1 1010 223  2.2 5  6.2  85    0    0 285 -338  1
3823500 2818500 10 20  5   8.6 1010 225  2.5 6  6.3  88    0    0 287 -338  1
3823500 2818500 10 20  6   8.2 1010 229  2.1 6  6.2  90    0    0 288 -338  1
3823500 2818500 10 20  7   8.1 1011 221  2.0 5  6.2  91    0    0 286 -339  1
3823500 2818500 10 20  8   8.2 1011 226  2.1 5  6.2  92    0   24 283 -339  1
3823500 2818500 10 20  9   8.8 1012 225  2.6 6  6.4  93    8   85 287 -342  1
3823500 2818500 10 20 10   9.6 1012 222  2.8 5  6.7  92   43  155 290 -348  1
3823500 2818500 10 20 11  11.0 1013 222  2.7 6  6.9  88   80  201 294 -355  1
3823500 2818500 10 20 12  12.8 1013 231  3.6 6  7.2  82   82  225 304 -363  1
3823500 2818500 10 20 13  13.2 1013 227  3.8 4  7.3  78  203  196 302 -370  1
3823500 2818500 10 20 14  14.0 1012 234  4.5 4  7.1  73  194  179 301 -374  1
3823500 2818500 10 20 15  13.9 1012 226  4.0 5  6.7  67  125  153 305 -375  1
3823500 2818500 10 20 16  13.4 1012 224  3.0 7  6.7  68    4   80 310 -374  1
3823500 2818500 10 20 17  12.9 1011 213  2.6 7  6.8  72    0   24 312 -369  1
3823500 2818500 10 20 18  12.2 1011 204  1.7 8  6.9  76    0    0 310 -363  1
3823500 2818500 10 20 19  11.6 1011 187  1.2 6  6.9  79    0    0 307 -357  1
3823500 2818500 10 20 20  10.7 1011 192  1.5 6  6.8  82    0    0 303 -353  1
3823500 2818500 10 20 21  10.4 1011 189  2.0 7  6.5  82    0    0 299 -351  1
3823500 2818500 10 20 22  10.2 1011 190  1.7 6  6.2  80    0    0 296 -349  1
3823500 2818500 10 20 23   9.2 1011 195  1.5 6  6.1  81    0    0 292 -348  1
3823500 2818500 10 20 24   9.3 1011 192  1.7 5  6.0  82    0    0 288 -348  1
3823500 2818500 10 21  1   9.2 1010 195  1.3 7  5.9  80    0    0 291 -347  1
3823500 2818500 10 21  2   9.1 1009 191  2.2 5  5.7  79    0    0 292 -345  1
3823500 2818500 10 21  3   9.0 1009 193  1.5 5  5.7  79    0    0 286 -343  1
3823500 2818500 10 21  4   8.9 1009 191  1.9 5  5.6  78    0    0 286 -341  1
3823500 2818500 10 21  5   8.5 1008 188  1.7 6  5.5  78    0    0 287 -340  1
3823500 2818500 10 21  6   8.2 1007 187  2.0 7  5.4  79    0    0 290 -339  1
3823500 2818500 10 21  7   8.1 1007 187  2.1 4  5.3  79    0    0 286 -338  1
3823500 2818500 10 21  8   8.2 1007 182  2.0 4  5.3  79    2   26 279 -338  1
3823500 2818500 10 21  9  10.3 1006 192  2.2 4  5.6  77   68   81 281 -340  1
3823500 2818500 10 21 10  11.9 1006 202  3.2 3  6.0  72  159  113 286 -346  1
3823500 2818500 10 21 11  13.2 1005 204  3.8 3  6.3  69  242  129 289 -357  1
3823500 2818500 10 21 12  14.6 1005 206  5.1 2  6.5  65  292  133 292 -368  1
3823500 2818500 10 21 13  15.9 1004 213  4.7 2  6.5  60  307  129 296 -378  1
3823500 2818500 10 21 14  17.1 1003 217  5.2 2  7.0  59  284  117 304 -385  1
3823500 2818500 10 21 15  17.8 1002 211  5.0 1  7.8  62  219  104 311 -389  1
3823500 2818500 10 21 16  17.9 1001 199  3.6 3  8.1  62  124   83 320 -390  1
3823500 2818500 10 21 17  17.3 1000 202  2.4 5  8.2  64   32   40 333 -388  1
3823500 2818500 10 21 18  16.5 1000 192  1.9 6  8.2  68    0    0 344 -387  1
3823500 2818500 10 21 19  16.2 1000 195  1.7 6  8.3  70    0    0 349 -388  1
3823500 2818500 10 21 20  16.4 1000 200  2.1 5  8.3  71    0    0 350 -389  1
3823500 2818500 10 21 21  16.5 1000 192  2.2 6  8.4  71    0    0 355 -388  1
3823500 2818500 10 21 22  15.2  999 196  2.4 5  8.4  74    0    0 356 -388  1
3823500 2818500 10 21 23  15.2  999 199  2.8 5  8.5  77    0    0 353 -387  1
3823500 2818500 10 21 24  15.4  998 204  4.2 5  8.5  77    0    0 353 -387  1
3823500 2818500 10 22  1  16.1  997 202  4.4 5  8.5  75    0    0 354 -387  1
3823500 2818500 10 22  2  15.9  997 196  3.4 6  8.5  73    0    0 358 -387  1
3823500 2818500 10 22  3  15.6  997 205  3.3 6  8.7  76    0    0 361 -387  1
3823500 2818500 10 22  4  15.5  996 217  4.3 7  8.9  79    0    0 364 -386  1
3823500 2818500 10 22  5  13.3  996 250  3.8 6  9.0  86    0    0 360 -385  1
3823500 2818500 10 22  6  12.4  996 229  2.7 7  8.7  92    0    0 355 -384  1
3823500 2818500 10 22  7  11.6  997 275  1.6 8  8.4  94    0    0 360 -384  1
3823500 2818500 10 22  8  11.2  997 279  1.9 8  8.1  95    0   13 362 -384  1
3823500 2818500 10 22  9  10.8  998 268  1.3 7  8.0  96    0   60 357 -381  1
3823500 2818500 10 22 10  10.8  999 259  2.0 6  7.8  95    2  101 347 -377  1
3823500 2818500 10 22 11  10.9  999 253  3.4 7  7.6  93    0   88 346 -376  1
3823500 2818500 10 22 12  11.2 1000 242  3.3 6  7.5  90    2  147 347 -376  1
3823500 2818500 10 22 13  11.3 1001 246  2.8 6  7.3  87    9  164 340 -376  1
3823500 2818500 10 22 14  11.4 1001 223  4.1 6  7.2  84   18  165 338 -377  1
3823500 2818500 10 22 15  11.0 1001 237  2.9 8  7.1  85    3  109 345 -377  1
3823500 2818500 10 22 16  11.1 1002 241  2.6 8  7.2  86    0   53 355 -376  1
3823500 2818500 10 22 17  11.0 1002 263  2.0 7  7.0  85    0   20 346 -374  1
3823500 2818500 10 22 18  10.4 1003 255  2.0 8  6.8  83    0    0 341 -369  1
3823500 2818500 10 22 19   9.9 1003 253  1.6 8  6.6  84    0    0 346 -363  1
3823500 2818500 10 22 20   9.3 1005 255  1.5 7  6.3  84    0    0 332 -359  1
3823500 2818500 10 22 21   8.1 1005 226  1.0 7  6.0  85    0    0 315 -356  1
3823500 2818500 10 22 22   7.2 1006 222  0.9 6  5.7  87    0    0 297 -354  1
3823500 2818500 10 22 23   7.3 1007 214  1.1 5  5.6  88    0    0 271 -351  1
3823500 2818500 10 22 24   7.3 1007 206  1.1 5  5.6  87    0    0 258 -349  1
3823500 2818500 10 23  1   7.0 1008 208  1.2 4  5.6  88    0    0 248 -347  1
3823500 2818500 10 23  2   6.5 1008 199  1.0 5  5.6  91    0    0 249 -345  1
3823500 2818500 10 23  3   5.5 1008 181  0.7 4  5.5  94    0    0 241 -343  1
3823500 2818500 10 23  4   5.7 1009 182  1.0 4  5.4  95    0    0 220 -342  1
3823500 2818500 10 23  5   5.3 1009 187  0.7 6  5.4  96    0    0 244 -341  1
3823500 2818500 10 23  6   5.3 1009 175  0.7 7  5.4  97    0    0 278 -340  1
3823500 2818500 10 23  7   5.5 1010 188  1.0 7  5.4  97    0    0 288 -339  1
3823500 2818500 10 23  8   5.7 1010 177  0.7 7  5.5  96    0    7 288 -338  1
3823500 2818500 10 23  9   6.2 1011 172  0.9 7  5.6  96    0   44 290 -341  1
3823500 2818500 10 23 10   7.9 1012 191  1.4 7  5.8  92   13  116 295 -347  1
3823500 2818500 10 23 11   9.3 1012 200  1.5 5  5.9  85   96  160 287 -355  1
3823500 2818500 10 23 12  10.5 1013 209  2.0 5  5.9  77  132  173 280 -361  1
3823500 2818500 10 23 13  10.7 1013 208  2.3 6  5.7  72   38  178 292 -366  1
3823500 2818500 10 23 14  10.8 1013 214  2.6 7  5.7  71   26  157 306 -370  1
3823500 2818500 10 23 15  10.9 1013 220  2.5 6  5.8  71   33  127 307 -371  1
3823500 2818500 10 23 16  10.8 1013 224  2.3 6  5.8  72   30   83 304 -368  1
3823500 2818500 10 23 17  10.1 1014 203  2.3 5  5.8  73    8   30 297 -361  1
3823500 2818500 10 23 18   8.5 1014 194  1.7 4  5.7  79    0    0 285 -353  1
3823500 2818500 10 23 19   7.8 1015 201  1.5 3  5.7  84    0    0 273 -347  1
3823500 2818500 10 23 20   7.7 1016 209  1.7 2  5.6  86    0    0 263 -343  1
3823500 2818500 10 23 21   7.1 1016 207  1.8 1  5.5  86    0    0 254 -341  1
3823500 2818500 10 23 22   6.4 1017 212  1.8 0  5.4  88    0    0 243 -339  1
3823500 2818500 10 23 23   5.7 1018 217  2.0 0  5.2  90    0    0 236 -337  1
3823500 2818500 10 23 24   5.7 1018 223  2.0 0  5.1  90    0    0 234 -335  1
3823500 2818500 10 24  1   5.6 1018 224  1.6 0  5.0  89    0    0 235 -334  1
3823500 2818500 10 24  2   5.6 1018 209  1.4 0  5.0  88    0    0 234 -332  1
3823500 2818500 10 24  3   5.1 1018 202  1.1 0  4.9  89    0    0 233 -331  1
3823500 2818500 10 24  4   4.1 1019 195  1.0 0  4.9  93    0    0 229 -329  1
3823500 2818500 10 24  5   4.4 1019 195  1.1 0  4.9  95    0    0 227 -328  1
3823500 2818500 10 24  6   4.6 1019 194  1.5 0  4.9  94    0    0 227 -327  1
3823500 2818500 10 24  7   4.1 1019 188  1.3 1  4.9  95    0    0 232 -327  1
3823500 2818500 10 24  8   4.4 1019 183  2.0 1  4.9  96    5   25 237 -327  1
3823500 2818500 10 24  9   6.4 1019 189  1.8 2  5.1  93   58   76 245 -328  1
3823500 2818500 10 24 10   8.7 1019 187  2.0 3  5.6  86  125  115 261 -334  1
3823500 2818500 10 24 11  10.0 1019 205  3.7 4  5.8  80  212  127 276 -344  1
3823500 2818500 10 24 12  11.3 1019 203  4.2 4  5.9  74  287  127 285 -354  1
3823500 2818500 10 24 13  12.2 1019 202  5.0 3  5.9  69  286  130 283 -362  1
3823500 2818500 10 24 14  12.7 1018 204  4.7 2  5.8  65  260  122 275 -366  1
3823500 2818500 10 24 15  12.5 1017 198  4.2 2  5.8  64  204  102 271 -366  1
3823500 2818500 10 24 16  12.3 1017 189  3.8 1  5.8  64  109   79 266 -363  1
3823500 2818500 10 24 17  11.3 1016 178  3.1 2  5.7  66   23   35 266 -356  1
3823500 2818500 10 24 18   9.8 1016 165  2.7 4  5.6  71    0    0 281 -348  1
3823500 2818500 10 24 19   9.6 1016 172  2.6 3  5.5  74    0    0 286 -342  1
3823500 2818500 10 24 20   9.4 1016 176  2.8 3  5.4  73    0    0 281 -340  1
3823500 2818500 10 24 21   9.1 1016 179  2.7 3  5.3  73    0    0 281 -338  1
3823500 2818500 10 24 22   8.9 1016 180  2.8 3  5.3  73    0    0 281 -337  1
3823500 2818500 10 24 23   8.2 1016 168  2.6 2  5.1  75    0    0 275 -335  1
3823500 2818500 10 24 24   7.5 1015 154  2.3 2  5.0  78    0    0 270 -334  1
3823500 2818500 10 25  1   6.5 1017 136  1.9 2  5.0  81    0    0 251 -353  1
3823500 2818500 10 25  2   5.7 1017 120  1.6 1  4.9  85    0    0 247 -351  1
3823500 2818500 10 25  3   5.0 1017 105  1.2 1  4.8  88    0    0 252 -349  1
3823500 2818500 10 25  4   4.6 1016 100  1.0 1  4.7  89    0    0 247 -347  1
3823500 2818500 10 25  5   4.5 1016  96  1.0 1  4.7  88    0    0 237 -346  1
3823500 2818500 10 25  6   3.7 1016  85  0.4 1  4.6  90    0    0 236 -344  1
3823500 2818500 10 25  7   3.3 1016  87  0.4 2  4.5  92    0    0 241 -343  1
3823500 2818500 10 25  8   3.6 1016 114  0.5 3  4.5  92    0   15 248 -342  1
3823500 2818500 10 25  9   6.2 1017 101  1.2 2  4.8  89   57   67 251 -343  1
3823500 2818500 10 25 10   8.6 1017 111  1.3 3  5.1  80  164   87 259 -349  1
3823500 2818500 10 25 11   9.9 1016 117  2.0 4  5.1  71  241   96 272 -358  1
3823500 2818500 10 25 12  11.4 1016 116  2.8 4  5.2  66  314   85 281 -367  1
3823500 2818500 10 25 13  12.5 1015 121  2.7 5  5.3  61  352   66 291 -374  1
3823500 2818500 10 25 14  13.3 1015 124  2.8 4  5.4  58  271   88 295 -378  1
3823500 2818500 10 25 15  13.7 1014 122  2.7 3  5.4  56  161  100 289 -379  1
3823500 2818500 10 25 16  13.5 1014 119  2.0 3  5.4  55   57   84 286 -377  1
3823500 2818500 10 25 17  12.1 1014 116  1.3 4  5.4  59   15   31 288 -372  1
3823500 2818500 10 25 18  10.8 1014 107  1.4 4  5.5  65    0    3 287 -366  1
3823500 2818500 10 25 19  10.0 1014 112  1.7 4  5.4  69    0    0 283 -360  1
3823500 2818500 10 25 20   9.5 1014 121  2.5 4  5.4  72    0    0 280 -357  1
3823500 2818500 10 25 21   8.7 1013 124  2.2 4  5.3  73    0    0 276 -354  1
3823500 2818500 10 25 22   8.2 1013 125  2.5 3  5.2  76    0    0 269 -351  1
3823500 2818500 10 25 23   8.0 1013 124  1.9 4  5.2  78    0    0 268 -349  1
3823500 2818500 10 25 24   7.4 1013 129  1.7 4  5.2  79    0    0 270 -347  1
3823500 2818500 10 26  1   6.9 1013 124  1.5 1  5.1  81    0    0 259 -345  1
3823500 2818500 10 26  2   6.4 1013 125  1.3 3  5.0  82    0    0 255 -343  1
3823500 2818500 10 26  3   6.3 1012 121  1.6 5  5.0  84    0    0 267 -342  1
3823500 2818500 10 26  4   5.5 1012 128  1.3 4  4.9  86    0    0 269 -341  1
3823500 2818500 10 26  5   5.2 1012 124  1.2 4  4.8  87    0    0 266 -340  1
3823500 2818500 10 26  6   4.9 1011 103  1.1 5  4.8  88    0    0 269 -339  1
3823500 2818500 10 26  7   5.0 1011 103  0.9 5  4.7  88    0    0 272 -338  1
3823500 2818500 10 26  8   5.0 1011 119  0.6 6  4.7  86    0    6 275 -337  1
3823500 2818500 10 26  9   6.3 1011 128  0.5 6  4.8  84   19   80 280 -338  1
3823500 2818500 10 26 10   8.4 1011 130  1.1 6  4.9  76   66  146 284 -344  1
3823500 2818500 10 26 11  10.5 1011 140  0.8 6  4.9  66   76  190 289 -353  1
3823500 2818500 10 26 12  11.6 1011 153  2.1 7  5.0  61   72  217 297 -362  1
3823500 2818500 10 26 13  12.5 1010 154  2.6 7  5.1  58  139  216 305 -370  1
3823500 2818500 10 26 14  13.3 1010 163  1.7 6  5.3  57  128  195 306 -375  1
3823500 2818500 10 26 15  13.8 1010 168  1.1 6  5.6  58   91  158 307 -378  1
3823500 2818500 10 26 16  13.2 1010 161  0.2 7  5.8  60   22   94 312 -377  1
3823500 2818500 10 26 17  12.7 1010 151  0.1 8  6.1  65    0   22 320 -372  1
3823500 2818500 10 26 18  12.3 1010 176  0.1 7  6.3  69    0    0 319 -366  1
3823500 2818500 10 26 19  12.0 1011 193  0.1 8  6.4  72    0    0 321 -361  1
3823500 2818500 10 26 20  11.7 1011 181  0.2 8  6.5  75    0    0 325 -359  1
3823500 2818500 10 26 21  11.5 1012 190  0.2 7  6.6  78    0    0 323 -358  1
3823500 2818500 10 26 22  11.5 1012 207  0.8 7  6.8  80    0    0 321 -357  1
3823500 2818500 10 26 23  11.4 1012 211  0.5 6  6.9  81    0    0 318 -357  1
3823500 2818500 10 26 24  11.2 1013 221  0.3 6  7.0  83    0    0 314 -358  1
3823500 2818500 10 27  1  11.5 1013 221  0.8 7  7.1  85    0    0 319 -361  1
3823500 2818500 10 27  2  10.7 1013 227  0.8 7  7.1  86    0    0 324 -363  1
3823500 2818500 10 27  3  10.7 1013 227  0.6 6  7.0  87    0    0 321 -365  1
3823500 2818500 10 27  4  10.4 1013 208  0.5 5  7.1  89    0    0 312 -365  1
3823500 2818500 10 27  5   9.9 1012 193  1.4 4  7.0  91    0    0 302 -366  1
3823500 2818500 10 27  6   9.5 1012 182  1.9 2  6.9  92    0    0 287 -366  1
3823500 2818500 10 27  7   9.8 1012 182  2.1 3  7.0  94    0    0 282 -366  1
3823500 2818500 10 27  8   9.7 1012 206  1.4 5  7.1  94    1   15 298 -366  1
3823500 2818500 10 27  9  11.2 1012 204  2.3 3  7.4  94   72   58 302 -367  1
3823500 2818500 10 27 10  13.0 1012 222  4.0 1  7.5  86  187   72 285 -370  1
3823500 2818500 10 27 11  13.4 1012 248  4.2 2  7.3  77  137  140 281 -375  1
3823500 2818500 10 27 12  12.6 1013 245  4.8 7  7.1  76    0  102 311 -382  1
3823500 2818500 10 27 13  11.9 1013 245  3.3 7  7.1  80    0   76 335 -388  1
3823500 2818500 10 27 14  12.4 1013 250  3.4 7  7.1  80    0   94 331 -392  1
3823500 2818500 10 27 15  13.2 1013 248  4.0 5  7.0  76   23  111 321 -391  1
3823500 2818500 10 27 16  13.2 1013 230  2.6 3  6.7  71   56   81 303 -388  1
3823500 2818500 10 27 17  11.6 1014 221  2.0 3  6.3  70   28   29 290 -383  1
3823500 2818500 10 27 18  10.1 1014 192  1.8 2  6.2  76    0    1 280 -375  1
3823500 2818500 10 27 19  10.4 1014 190  1.8 3  6.2  80    0    0 280 -366  1
3823500 2818500 10 27 20   9.6 1015 199  2.2 3  6.2  82    0    0 284 -359  1
3823500 2818500 10 27 21   9.0 1015 196  3.1 2  6.0  83    0    0 277 -354  1
3823500 2818500 10 27 22   8.6 1015 191  2.8 3  5.9  83    0    0 275 -349  1
3823500 2818500 10 27 23   8.3 1015 205  2.5 3  5.8  84    0    0 278 -346  1
3823500 2818500 10 27 24   7.8 1015 203  2.0 3  5.7  84    0    0 275 -343  1
3823500 2818500 10 28  1   7.3 1015 195  1.9 4  5.7  87    0    0 278 -342  1
3823500 2818500 10 28  2   7.1 1015 175  2.5 2  5.6  89    0    0 271 -340  1
3823500 2818500 10 28  3   7.2 1014 179  1.9 1  5.5  88    0    0 253 -340  1
3823500 2818500 10 28  4   7.3 1014 175  1.8 2  5.5  87    0    0 252 -341  1
3823500 2818500 10 28  5   7.1 1014 170  1.9 2  5.4  86    0    0 255 -343  1
3823500 2818500 10 28  6   6.7 1013 182  2.2 5  5.4  87    0    0 269 -348  1
3823500 2818500 10 28  7   6.6 1013 193  1.7 5  5.4  89    0    0 283 -350  1
3823500 2818500 10 28  8   6.9 1012 184  1.9 6  5.4  89    0   11 286 -348  1
3823500 2818500 10 28  9   7.7 1012 178  1.9 7  5.6  88    1   56 296 -350  1
3823500 2818500 10 28 10   8.3 1011 191  3.5 7  5.9  88    3  105 303 -356  1
3823500 2818500 10 28 11   9.6 1011 186  2.8 7  6.1  86    1  112 305 -364  1
3823500 2818500 10 28 12  10.3 1010 191  3.6 8  6.2  81    0   63 313 -370  1
3823500 2818500 10 28 13  10.2 1008 193  3.4 8  6.3  80    0   52 320 -374  1
3823500 2818500 10 28 14  10.1 1007 192  3.7 8  6.5  83    0   44 322 -376  1
3823500 2818500 10 28 15  10.5 1006 187  5.0 8  6.7  85    0   39 327 -375  1
3823500 2818500 10 28 16  10.5 1004 190  4.8 8  6.9  86    0   31 332 -374  1
3823500 2818500 10 28 17  10.4 1003 204  5.4 8  7.1  90    0   12 337 -373  1
3823500 2818500 10 28 18  10.8 1002 206  6.0 8  7.4  92    0    0 342 -371  1
3823500 2818500 10 28 19  11.3 1001 217  5.6 8  7.6  92    0    0 347 -370  1
3823500 2818500 10 28 20  11.7 1001 222  5.4 8  7.9  92    0    0 352 -370  1
3823500 2818500 10 28 21  12.2 1000 228  5.4 8  8.2  93    0    0 356 -371  1
3823500 2818500 10 28 22  12.7 1000 236  6.0 8  8.5  93    0    0 359 -372  1
3823500 2818500 10 28 23  13.0 1000 241  5.1 8  8.7  93    0    0 361 -373  1
3823500 2818500 10 28 24  13.0 1000 232  5.2 8  8.8  93    0    0 363 -374  1
3823500 2818500 10 29  1  13.4  999 242  6.1 8  8.9  93    0    0 365 -374  1
3823500 2818500 10 29  2  13.5  999 242  6.0 8  9.0  92    0    0 366 -373  1
3823500 2818500 10 29  3  13.4  999 240  5.5 8  9.0  92    0    0 362 -373  1
3823500 2818500 10 29  4  13.5  999 239  5.4 8  8.9  91    0    0 359 -371  1
3823500 2818500 10 29  5  13.8  999 237  4.9 8  8.8  89    0    0 357 -370  1
3823500 2818500 10 29  6  13.5  998 233  5.0 8  8.6  87    0    0 354 -368  1
3823500 2818500 10 29  7  13.1  998 230  4.6 8  8.5  88    0    0 353 -368  1
3823500 2818500 10 29  8  12.9  998 225  3.5 8  8.4  89    0    6 353 -366  1
3823500 2818500 10 29  9  12.9  998 222  3.5 8  8.4  88    2   61 354 -365  1
3823500 2818500 10 29 10  13.3  998 220  4.5 6  8.0  84    7  123 339 -367  1
3823500 2818500 10 29 11  13.2  997 222  5.0 6  7.5  78    3  129 324 -370  1
3823500 2818500 10 29 12  13.4  997 221  5.2 6  7.0  72    3  147 323 -371  1
3823500 2818500 10 29 13  12.8  996 216  3.7 7  6.8  71    0   66 330 -374  1
3823500 2818500 10 29 14  11.9  995 213  6.0 7  7.2  79    0   90 339 -378  1
3823500 2818500 10 29 15  12.1  995 207  4.6 7  7.6  86    0   75 343 -381  1
3823500 2818500 10 29 16  12.7  994 216  4.3 8  7.8  86    0   16 355 -382  1
3823500 2818500 10 29 17  13.5  993 208  3.9 7  7.9  82    0   13 361 -380  1
3823500 2818500 10 29 18  14.0  992 207  4.0 7  7.8  78    0    0 358 -376  1
3823500 2818500 10 29 19  14.1  992 212  5.3 7  7.8  76    0    0 361 -373  1
3823500 2818500 10 29 20  13.5  992 205  3.9 7  7.8  77    0    0 360 -372  1
3823500 2818500 10 29 21  13.2  992 212  4.6 5  7.7  79    0    0 345 -372  1
3823500 2818500 10 29 22  12.9  991 205  2.6 5  7.6  80    0    0 331 -372  1
3823500 2818500 10 29 23  12.5  990 192  1.0 7  7.8  84    0    0 340 -371  1
3823500 2818500 10 29 24  12.8  988 211  4.2 5  8.0  85    0    0 338 -369  1
3823500 2818500 10 30  1  12.4  987 229  4.6 3  7.3  78    0    0 315 -368  1
3823500 2818500 10 30  2  12.5  987 216  4.4 1  6.4  69    0    0 291 -367  1
3823500 2818500 10 30  3  12.5  986 208  4.5 4  6.0  64    0    0 293 -365  1
3823500 2818500 10 30  4  11.6  984 200  5.1 7  6.0  67    0    0 323 -363  1
3823500 2818500 10 30  5  11.2  982 204  5.5 8  6.3  73    0    0 346 -363  1
3823500 2818500 10 30  6  11.3  981 205  5.6 8  6.6  77    0    0 352 -363  1
3823500 2818500 10 30  7  11.0  980 208  6.4 7  6.7  79    0    0 348 -363  1
3823500 2818500 10 30  8  10.7  979 213  5.6 8  7.0  83    0    7 348 -361  1
3823500 2818500 10 30  9  11.0  978 236  7.0 4  7.3  87    0   53 331 -359  1
3823500 2818500 10 30 10  11.1  979 286  7.7 6  7.4  88    0   70 318 -356  1
3823500 2818500 10 30 11  11.2  982 297  5.4 8  7.4  87    0   39 339 -355  1
3823500 2818500 10 30 12  10.8  985 304  5.9 8  7.2  85    0   81 349 -357  1
3823500 2818500 10 30 13  11.0  988 311  6.4 5  6.3  76   20  164 330 -360  1
3823500 2818500 10 30 14  11.6  991 294  6.3 5  5.4  63   68  179 311 -360  1
3823500 2818500 10 30 15  11.0  993 291  7.7 5  5.1  60   48  140 310 -358  1
3823500 2818500 10 30 16  10.5  995 287  4.9 7  5.3  65    5   61 318 -354  1
3823500 2818500 10 30 17  10.1  996 274  6.6 5  5.5  69    0   19 316 -351  1
3823500 2818500 10 30 18   9.2  997 285  5.4 6  5.7  74    0    0 310 -348  1
3823500 2818500 10 30 19   9.5  999 277  5.9 7  6.0  81    0    0 319 -345  1
3823500 2818500 10 30 20   9.2 1000 270  4.0 6  6.1  82    0    0 317 -341  1
3823500 2818500 10 30 21   9.0 1001 269  4.5 4  6.0  82    0    0 301 -339  1
3823500 2818500 10 30 22   8.8 1002 274  5.1 5  5.7  80    0    0 294 -339  1
3823500 2818500 10 30 23   8.2 1003 274  4.7 4  5.5  79    0    0 292 -339  1
3823500 2818500 10 30 24   7.8 1005 274  4.6 5  5.4  81    0    0 290 -340  1
3823500 2818500 10 31  1   7.9 1006 268  4.6 5  5.5  83    0    0 293 -340  1
3823500 2818500 10 31  2   8.1 1006 269  4.8 5  5.5  82    0    0 292 -340  1
3823500 2818500 10 31  3   7.7 1007 270  4.3 6  5.5  82    0    0 294 -339  1
3823500 2818500 10 31  4   7.5 1008 274  3.9 7  5.5  85    0    0 303 -338  1
3823500 2818500 10 31  5   7.4 1008 274  4.5 6  5.5  85    0    0 302 -337  1
3823500 2818500 10 31  6   7.3 1009 275  3.2 7  5.4  85    0    0 303 -337  1
3823500 2818500 10 31  7   6.9 1010 268  3.7 6  5.4  85    0    0 301 -338  1
3823500 2818500 10 31  8   6.3 1011 252  3.2 5  5.3  87    0   10 290 -340  1
3823500 2818500 10 31  9   7.5 1011 264  4.6 3  5.3  85   66   34 276 -341  1
3823500 2818500 10 31 10   8.2 1012 264  4.3 6  5.4  81   22   89 282 -345  1
3823500 2818500 10 31 11   8.2 1013 243  3.5 7  5.4  80    0   80 301 -350  1
3823500 2818500 10 31 12   9.1 1013 261  4.0 7  5.4  78    5  120 307 -354  1
3823500 2818500 10 31 13   9.4 1014 254  4.2 7  5.3  73    0   99 310 -359  1
3823500 2818500 10 31 14   9.8 1014 264  3.0 5  5.2  70   79  100 301 -362  1
3823500 2818500 10 31 15   9.4 1014 258  4.1 7  5.1  69    0   71 302 -363  1
3823500 2818500 10 31 16   9.1 1014 242  3.5 7  5.2  72    0   39 312 -361  1
3823500 2818500 10 31 17   8.8 1014 240  3.4 7  5.3  74    0   17 312 -357  1
3823500 2818500 10 31 18   8.7 1015 232  3.0 7  5.4  76    0    0 312 -354  1
3823500 2818500 10 31 19   8.7 1015 233  3.3 7  5.4  77    0    0 310 -352  1
3823500 2818500 10 31 20   8.9 1015 230  3.5 7  5.4  77    0    0 311 -351  1
3823500 2818500 10 31 21   8.9 1015 237  4.1 7  5.4  76    0    0 310 -351  1
3823500 2818500 10 31 22   8.9 1015 238  3.9 8  5.3  75    0    0 314 -349  1
3823500 2818500 10 31 23   8.8 1015 234  3.9 8  5.2  73    0    0 317 -348  1
3823500 2818500 10 31 24   8.7 1015 232  3.6 7  5.1  73    0    0 311 -346  1
3823500 2818500 11  1  1   8.5 1015 234  3.3 8  5.1  74    0    0 310 -344  1
3823500 2818500 11  1  2   8.4 1015 228  2.5 8  5.1  75    0    0 313 -342  1
3823500 2818500 11  1  3   8.3 1014 231  2.6 8  5.2  76    0    0 311 -339  1
3823500 2818500 11  1  4   8.3 1014 230  2.9 8  5.3  78    0    0 307 -338  1
3823500 2818500 11  1  5   8.4 1014 226  2.5 8  5.4  79    0    0 303 -338  1
3823500 2818500 11  1  6   8.3 1014 221  2.7 7  5.5  80    0    0 296 -339  1
3823500 2818500 11  1  7   8.2 1013 224  2.2 7  5.5  82    0    0 290 -338  1
3823500 2818500 11  1  8   8.3 1013 214  2.2 7  5.6  83    0    0 287 -336  1
3823500 2818500 11  1  9   8.5 1013 214  2.5 8  5.7  83    0   26 287 -334  1
3823500 2818500 11  1 10   8.6 1013 215  2.9 7  5.7  83    0   61 285 -337  1
3823500 2818500 11  1 11   9.0 1012 219  4.4 8  5.8  82    0   44 285 -343  1
3823500 2818500 11  1 12   9.5 1012 217  4.3 8  5.7  79    0   89 286 -348  1
3823500 2818500 11  1 13  10.3 1011 220  5.0 6  5.4  71   12  164 282 -353  1
3823500 2818500 11  1 14  10.4 1010 230  4.8 6  5.1  65   16  154 279 -356  1
3823500 2818500 11  1 15  10.2 1009 224  4.5 7  4.9  62    1   84 285 -356  1
3823500 2818500 11  1 16   8.7 1008 218  5.0 7  5.0  68    0   47 288 -353  1
3823500 2818500 11  1 17   8.8 1007 211  3.4 8  5.1  72    0   10 294 -349  1
3823500 2818500 11  1 18   8.6 1006 219  5.4 8  5.0  71    0    0 300 -345  1
3823500 2818500 11  1 19   7.9 1006 214  4.8 8  5.1  75    0    0 304 -344  1
3823500 2818500 11  1 20   7.6 1005 205  4.5 8  5.4  82    0    0 309 -343  1
3823500 2818500 11  1 21   7.3 1004 200  4.4 8  5.7  88    0    0 316 -343  1
3823500 2818500 11  1 22   7.5 1003 204  4.3 8  5.9  91    0    0 323 -343  1
3823500 2818500 11  1 23   7.9 1003 208  4.3 8  6.1  92    0    0 330 -344  1
3823500 2818500 11  1 24   8.2 1002 205  4.3 8  6.3  93    0    0 337 -344  1
3823500 2818500 11  2  1   8.8 1000 205  3.6 8  6.8  95    0    0 348 -345  1
3823500 2818500 11  2  2   9.4 1000 211  3.6 8  6.9  95    0    0 350 -346  1
3823500 2818500 11  2  3  10.2 1000 227  3.2 8  7.3  96    0    0 356 -347  1
3823500 2818500 11  2  4  11.1 1000 240  2.8 8  7.8  96    0    0 361 -349  1
3823500 2818500 11  2  5  11.6 1001 242  3.3 7  8.1  96    0    0 361 -350  1
3823500 2818500 11  2  6  12.0 1001 262  2.9 7  8.3  95    0    0 358 -352  1
3823500 2818500 11  2  7  12.3 1002 265  3.3 8  8.4  94    0    0 364 -354  1
3823500 2818500 11  2  8  12.4 1003 271  3.1 8  8.4  93    0    0 368 -355  1
3823500 2818500 11  2  9  12.5 1005 266  2.9 8  8.5  93    0   24 368 -357  1
3823500 2818500 11  2 10  12.4 1006 279  4.9 8  8.4  92    1   67 364 -360  1
3823500 2818500 11  2 11  12.0 1008 282  3.3 7  8.2  92    0   61 353 -364  1
3823500 2818500 11  2 12  11.8 1009 264  4.8 7  8.0  91    0   82 342 -369  1
3823500 2818500 11  2 13  11.7 1010 281  4.4 7  7.9  91    0   99 337 -374  1
3823500 2818500 11  2 14  11.8 1011 281  3.9 7  7.7  89    3  104 333 -378  1
3823500 2818500 11  2 15  11.8 1011 270  4.3 7  7.3  85    0   68 331 -378  1
3823500 2818500 11  2 16  11.5 1012 262  5.1 6  6.9  80    6   53 319 -376  1
3823500 2818500 11  2 17  10.9 1012 260  2.9 7  6.7  80   10   20 318 -369  1
3823500 2818500 11  2 18  10.4 1013 257  2.3 7  6.5  82    0    0 326 -363  1
3823500 2818500 11  2 19   9.6 1014 241  1.9 5  6.1  80    0    0 312 -358  1
3823500 2818500 11  2 20   9.4 1014 233  1.2 4  5.9  80    0    0 293 -355  1
3823500 2818500 11  2 21   8.9 1015 224  1.8 3  6.0  83    0    0 283 -354  1
3823500 2818500 11  2 22   8.6 1015 224  2.1 3  5.9  84    0    0 278 -352  1
3823500 2818500 11  2 23   8.2 1015 214  1.7 3  5.8  85    0    0 275 -352  1
3823500 2818500 11  2 24   8.4 1015 211  1.7 2  5.8  85    0    0 266 -351  1
3823500 2818500 11  3  1   8.9 1014 209  2.8 1  6.0  86    0    0 254 -352  1
3823500 2818500 11  3  2   9.6 1014 221  3.6 7  6.3  86    0    0 291 -355  1
3823500 2818500 11  3  3  10.8 1014 228  3.3 7  6.7  87    0    0 339 -358  1
3823500 2818500 11  3  4  11.6 1013 234  4.1 7  7.2  87    0    0 347 -361  1
3823500 2818500 11  3  5  12.1 1013 236  4.8 7  7.5  87    0    0 352 -365  1
3823500 2818500 11  3  6  12.5 1013 235  5.0 7  7.6  85    0    0 356 -367  1
3823500 2818500 11  3  7  12.5 1012 231  4.9 8  7.6  84    0    0 361 -369  1
3823500 2818500 11  3  8  12.7 1012 235  5.6 8  7.6  83    0    0 367 -370  1
3823500 2818500 11  3  9  12.8 1012 231  5.3 8  7.7  83    0   19 366 -371  1
3823500 2818500 11  3 10  12.8 1012 229  5.0 8  7.8  84    0   29 365 -372  1
3823500 2818500 11  3 11  12.6 1012 237  5.6 8  7.7  84    0   39 364 -373  1
3823500 2818500 11  3 12  12.7 1012 238  5.9 7  7.8  85    0   82 358 -375  1
3823500 2818500 11  3 13  12.8 1012 227  5.1 8  8.1  88    0   41 357 -378  1
3823500 2818500 11  3 14  12.5 1012 228  5.2 8  8.3  91    0   34 359 -381  1
3823500 2818500 11  3 15  12.6 1012 228  4.9 8  8.4  93    0   28 356 -382  1
3823500 2818500 11  3 16  12.9 1011 232  4.7 8  8.5  92    0   24 355 -382  1
3823500 2818500 11  3 17  13.1 1011 233  5.2 8  8.6  91    0    9 354 -380  1
3823500 2818500 11  3 18  13.1 1011 230  4.9 8  8.6  91    0    0 353 -379  1
3823500 2818500 11  3 19  12.9 1011 229  4.8 8  8.6  92    0    0 352 -378  1
3823500 2818500 11  3 20  13.0 1011 231  4.8 8  8.7  93    0    0 353 -378  1
3823500 2818500 11  3 21  13.1 1011 232  5.3 8  8.7  93    0    0 354 -377  1
3823500 2818500 11  3 22  13.3 1011 238  5.0 8  8.8  93    0    0 356 -376  1
3823500 2818500 11  3 23  13.2 1011 240  4.6 8  8.8  92    0    0 357 -376  1
3823500 2818500 11  3 24  13.1 1011 234  5.0 8  8.8  93    0    0 357 -375  1
3823500 2818500 11  4  1  13.2 1011 231  5.5 8  8.8  93    0    0 358 -375  1
3823500 2818500 11  4  2  13.2 1011 233  5.0 8  8.9  93    0    0 359 -375  1
3823500 2818500 11  4  3  13.0 1010 229  4.6 8  8.8  93    0    0 359 -375  1
3823500 2818500 11  4  4  13.0 1010 233  4.9 8  8.6  92    0    0 359 -375  1
3823500 2818500 11  4  5  12.9 1009 231  5.6 8  8.5  91    0    0 359 -375  1
3823500 2818500 11  4  6  12.9 1009 231  5.0 8  8.5  91    0    0 360 -375  1
3823500 2818500 11  4  7  13.2 1009 234  5.5 8  8.5  90    0    0 362 -374  1
3823500 2818500 11  4  8  12.7 1008 227  4.5 8  8.4  90    0    0 362 -374  1
3823500 2818500 11  4  9  12.7 1008 226  5.1 8  8.4  92    0   16 362 -375  1
3823500 2818500 11  4 10  13.0 1008 233  6.1 8  8.5  91    0   18 363 -376  1
3823500 2818500 11  4 11  13.1 1008 231  5.6 7  8.4  89    0   73 358 -377  1
3823500 2818500 11  4 12  13.2 1008 229  5.5 7  8.4  88    0   70 354 -379  1
3823500 2818500 11  4 13  13.2 1008 227  6.5 7  8.3  87    0   63 354 -381  1
3823500 2818500 11  4 14  13.3 1008 229  6.2 7  8.2  86    0   72 354 -382  1
3823500 2818500 11  4 15  12.8 1007 230  5.6 7  8.3  88    0   52 354 -382  1
3823500 2818500 11  4 16  12.8 1007 231  5.8 6  8.3  89    1   42 349 -382  1
3823500 2818500 11  4 17  12.6 1007 224  5.8 8  8.2  88    0    9 354 -382  1
3823500 2818500 11  4 18  12.6 1007 226  5.4 7  8.1  88    0    0 358 -382  1
3823500 2818500 11  4 19  12.8 1007 219  5.0 8  8.1  88    0    0 359 -382  1
3823500 2818500 11  4 20  12.8 1006 227  5.1 8  8.1  87    0    0 364 -383  1
3823500 2818500 11  4 21  12.8 1006 227  4.7 8  8.2  88    0    0 364 -384  1
3823500 2818500 11  4 22  13.0 1006 226  4.8 8  8.3  88    0    0 366 -384  1
3823500 2818500 11  4 23  13.1 1006 226  4.6 8  8.2  87    0    0 366 -384  1
3823500 2818500 11  4 24  12.7 1006 220  3.3 8  8.2  88    0    0 365 -384  1
3823500 2818500 11  5  1  12.9 1006 221  4.0 8  8.3  89    0    0 362 -384  1
3823500 2818500 11  5  2  13.2 1005 227  5.0 8  8.3  88    0    0 360 -384  1
3823500 2818500 11  5  3  12.7 1005 218  4.0 7  8.5  90    0    0 352 -384  1
3823500 2818500 11  5  4  13.1 1004 219  4.5 7  8.6  92    0    0 344 -383  1
3823500 2818500 11  5  5  13.3 1003 221  3.2 7  8.6  89    0    0 343 -382  1
3823500 2818500 11  5  6  13.3 1002 208  3.6 8  8.5  88    0    0 343 -381  1
3823500 2818500 11  5  7  13.2 1002 210  3.9 8  8.4  87    0    0 342 -379  1
3823500 2818500 11  5  8  13.2 1001 204  3.8 8  8.2  85    0    0 337 -376  1
3823500 2818500 11  5  9  13.2 1001 208  4.9 8  8.0  83    0   27 334 -373  1
3823500 2818500 11  5 10  13.3 1000 202  5.1 8  7.9  82    0   38 330 -373  1
3823500 2818500 11  5 11  13.3  999 205  6.5 8  7.7  80    0   50 327 -376  1
3823500 2818500 11  5 12  13.7  998 205  6.0 7  7.5  77    0   93 323 -379  1
3823500 2818500 11  5 13  13.2  998 209  5.0 7  7.5  76    0   85 320 -382  1
3823500 2818500 11  5 14  12.8  997 196  4.5 8  7.6  80    0   81 321 -385  1
3823500 2818500 11  5 15  13.3  996 199  4.6 8  7.7  81    0   60 324 -385  1
3823500 2818500 11  5 16  13.1  995 205  4.6 7  7.7  80    0   41 323 -383  1
3823500 2818500 11  5 17  12.4  995 208  4.1 7  7.8  83    1   12 321 -380  1
3823500 2818500 11  5 18  12.0  995 199  3.9 8  7.8  87    0    0 325 -378  1
3823500 2818500 11  5 19  12.0  994 200  4.1 8  7.7  87    0    0 330 -378  1
3823500 2818500 11  5 20  11.6  993 198  3.9 8  7.6  86    0    0 333 -377  1
3823500 2818500 11  5 21  11.4  993 198  3.5 8  7.5  87    0    0 335 -376  1
3823500 2818500 11  5 22  11.8  992 201  3.8 8  7.5  87    0    0 338 -375  1
3823500 2818500 11  5 23  11.9  991 192  4.5 7  7.5  85    0    0 337 -374  1
3823500 2818500 11  5 24  12.1  991 208  4.6 7  7.5  83    0    0 335 -373  1
3823500 2818500 11  6  1  11.8  990 209  3.9 8  7.6  85    0    0 341 -372  1
3823500 2818500 11  6  2  11.9  990 222  4.2 8  7.8  88    0    0 348 -370  1
3823500 2818500 11  6  3  11.8  990 218  4.1 7  7.7  86    0    0 346 -368  1
3823500 2818500 11  6  4  11.3  990 214  3.5 7  7.3  84    0    0 340 -365  1
3823500 2818500 11  6  5  11.1  990 221  3.5 6  7.1  83    0    0 332 -363  1
3823500 2818500 11  6  6  11.3  989 213  4.2 6  7.0  82    0    0 326 -361  1
3823500 2818500 11  6  7  11.3  989 217  4.7 5  6.7  79    0    0 320 -356  1
3823500 2818500 11  6  8  10.9  989 222  5.1 6  6.3  74    0    0 318 -352  1
3823500 2818500 11  6  9  10.7  990 223  5.6 7  6.0  72   32   27 328 -349  1
3823500 2818500 11  6 10  10.6  990 226  6.0 7  6.0  73    0   55 332 -348  1
3823500 2818500 11  6 11  10.3  991 218  5.8 7  6.1  76    0   80 330 -348  1
3823500 2818500 11  6 12  10.6  992 226  4.6 5  6.3  78   30  118 318 -351  1
3823500 2818500 11  6 13  10.8  993 232  4.1 6  6.2  76    2  101 312 -351  1
3823500 2818500 11  6 14   9.6  993 245  5.5 6  6.2  78   16   98 313 -350  1
3823500 2818500 11  6 15  10.1  994 256  4.9 5  6.3  81   62   61 303 -350  1
3823500 2818500 11  6 16   9.9  996 253  5.4 5  6.1  78   30   36 298 -351  1
3823500 2818500 11  6 17   9.0  997 255  5.7 7  6.0  80    0    7 305 -349  1
3823500 2818500 11  6 18   8.2  999 249  6.1 6  6.0  85    0    0 304 -346  1
3823500 2818500 11  6 19   8.4 1000 266  0.9 6  6.0  87    0    0 298 -344  1
3823500 2818500 11  6 20   7.9 1002 251  3.1 5  6.0  87    0    0 293 -344  1
3823500 2818500 11  6 21   7.7 1003 241  2.9 5  5.9  89    0    0 287 -344  1
3823500 2818500 11  6 22   7.8 1004 230  2.8 6  5.8  88    0    0 291 -343  1
3823500 2818500 11  6 23   7.6 1004 223  3.3 7  5.8  88    0    0 297 -340  1
3823500 2818500 11  6 24   7.6 1004 222  3.6 7  5.6  86    0    0 302 -338  1
3823500 2818500 11  7  1   7.7 1004 220  4.0 5  5.3  80    0    0 296 -338  1
3823500 2818500 11  7  2   7.7 1003 214  4.3 7  5.0  75    0    0 302 -338  1
3823500 2818500 11  7  3   7.8 1002 209  4.2 8  5.0  75    0    0 324 -339  1
3823500 2818500 11  7  4   8.0 1001 210  4.7 8  5.2  77    0    0 333 -341  1
3823500 2818500 11  7  5   8.6 1000 216  5.6 8  5.1  74    0    0 336 -343  1
3823500 2818500 11  7  6   9.2  998 214  5.9 8  4.9  68    0    0 338 -347  1
3823500 2818500 11  7  7   9.1  997 218  7.8 7  4.9  67    0    0 335 -350  1
3823500 2818500 11  7  8   9.4  995 211  7.3 7  5.1  68    0    0 333 -352  1
3823500 2818500 11  7  9   9.0  994 213  7.4 8  5.5  74    0   17 341 -354  1
3823500 2818500 11  7 10   9.2  993 208  7.7 8  6.0  82    0   54 349 -355  1
3823500 2818500 11  7 11   9.7  992 217  8.2 7  6.5  86    0   55 346 -356  1
3823500 2818500 11  7 12  11.1  991 225  7.5 8  6.8  85    0   34 349 -358  1
3823500 2818500 11  7 13  10.3  991 230  6.9 7  7.0  86    0   34 350 -361  1
3823500 2818500 11  7 14  11.6  992 237  7.5 5  7.0  84   63   97 334 -367  1
3823500 2818500 11  7 15  12.2  992 234  6.2 4  6.7  75  126   41 320 -369  1
3823500 2818500 11  7 16  12.7  992 241  5.0 4  6.3  69   51   32 315 -368  1
3823500 2818500 11  7 17  12.1  993 240  4.3 4  6.0  66   11    8 313 -366  1
3823500 2818500 11  7 18  11.9  993 238  4.8 4  5.8  65    0    0 310 -363  1
3823500 2818500 11  7 19  11.6  994 238  4.7 3  5.7  66    0    0 304 -360  1
3823500 2818500 11  7 20  11.7  994 241  6.0 3  5.8  66    0    0 296 -359  1
3823500 2818500 11  7 21  11.3  995 238  5.1 3  5.7  67    0    0 294 -358  1
3823500 2818500 11  7 22  11.1  995 235  6.1 3  5.8  69    0    0 291 -357  1
3823500 2818500 11  7 23  10.7  995 230  5.7 3  5.8  71    0    0 288 -355  1
3823500 2818500 11  7 24  10.6  995 228  5.1 2  6.0  73    0    0 279 -354  1
3823500 2818500 11  8  1  10.5  995 231  6.6 5  6.1  76    0    0 289 -353  1
3823500 2818500 11  8  2  10.3  995 231  6.9 6  6.2  77    0    0 310 -353  1
3823500 2818500 11  8  3  10.3  995 233  6.5 6  6.2  78    0    0 316 -354  1
3823500 2818500 11  8  4  10.3  995 232  6.3 6  6.2  78    0    0 317 -355  1
3823500 2818500 11  8  5  10.4  994 235  6.2 7  6.2  78    0    0 323 -356  1
3823500 2818500 11  8  6  10.2  994 231  6.4 6  6.2  78    0    0 323 -356  1
3823500 2818500 11  8  7  10.1  994 228  6.1 7  6.2  79    0    0 322 -357  1
3823500 2818500 11  8  8   9.8  994 230  6.5 7  6.3  80    0    0 329 -357  1
3823500 2818500 11  8  9   8.5  994 246  6.0 7  6.2  85    0   17 326 -357  1
3823500 2818500 11  8 10   8.9  994 239  4.8 7  6.3  88    0   48 324 -360  1
3823500 2818500 11  8 11   8.0  995 257  4.1 7  6.3  89    0   45 321 -362  1
3823500 2818500 11  8 12   8.0  995 242  2.7 8  6.2  92    0   32 323 -363  1
3823500 2818500 11  8 13   7.9  995 237  3.6 8  6.3  92    0   31 327 -365  1
3823500 2818500 11  8 14   8.2  995 233  2.0 7  6.3  93    0   45 322 -366  1
3823500 2818500 11  8 15   7.8  995 229  1.4 8  6.3  92    0   31 322 -366  1
3823500 2818500 11  8 16   7.2  995 274  1.7 8  6.1  93    0   16 327 -364  1
3823500 2818500 11  8 17   7.1  996 265  1.8 8  6.0  94    0    2 325 -362  1
3823500 2818500 11  8 18   6.8  997 285  0.9 8  5.9  93    0    0 323 -359  1
3823500 2818500 11  8 19   6.7  997 233  0.5 8  5.8  93    0    0 321 -358  1
3823500 2818500 11  8 20   6.6  999 241  1.5 8  5.8  93    0    0 320 -357  1
3823500 2818500 11  8 21   6.2 1000 232  1.4 8  5.7  94    0    0 320 -354  1
3823500 2818500 11  8 22   6.1 1001 218  1.0 8  5.6  93    0    0 319 -351  1
3823500 2818500 11  8 23   5.9 1002 238  0.2 8  5.5  93    0    0 318 -350  1
3823500 2818500 11  8 24   5.9 1003 269  0.2 7  5.5  94    0    0 312 -351  1
3823500 2818500 11  9  1   6.0 1004 266  1.3 8  5.5  94    0    0 311 -352  1
3823500 2818500 11  9  2   6.0 1004 263  0.2 8  5.5  94    0    0 316 -350  1
3823500 2818500 11  9  3   6.0 1005 265  2.7 8  5.5  93    0    0 316 -349  1
3823500 2818500 11  9  4   5.8 1006 258  1.2 8  5.4  93    0    0 316 -350  1
3823500 2818500 11  9  5   5.3 1007 254  0.2 5  5.3  93    0    0 297 -350  1
3823500 2818500 11  9  6   4.7 1008 248  0.8 3  5.0  92    0    0 267 -348  1
3823500 2818500 11  9  7   4.2 1009 235  0.7 3  4.8  92    0    0 254 -346  1
3823500 2818500 11  9  8   3.7 1010 226  0.9 3  4.7  93    0    0 253 -344  1
3823500 2818500 11  9  9   4.7 1010 238  1.2 3  4.9  95   17   41 253 -342  1
3823500 2818500 11  9 10   6.4 1012 232  2.1 1  5.2  92  102   74 245 -342  1
3823500 2818500 11  9 11   7.7 1012 233  2.2 1  5.2  84  195   78 237 -347  1
3823500 2818500 11  9 12   8.8 1013 240  2.4 1  5.1  75  243   81 239 -351  1
3823500 2818500 11  9 13   9.2 1013 238  3.8 1  5.0  70  236   87 241 -352  1
3823500 2818500 11  9 14   9.4 1013 257  4.0 1  4.8  65  187   91 243 -353  1
3823500 2818500 11  9 15   8.6 1013 247  3.8 1  4.5  64  153   68 244 -352  1
3823500 2818500 11  9 16   8.8 1014 282  2.2 5  4.4  63   73   45 261 -348  1
3823500 2818500 11  9 17   6.3 1014 233  1.4 5  4.5  69    6   11 273 -345  1
3823500 2818500 11  9 18   4.8 1014 208  0.6 4  4.4  78    0    0 262 -339  1
3823500 2818500 11  9 19   4.6 1015 215  0.1 2  4.2  80    0    0 246 -335  1
3823500 2818500 11  9 20   4.4 1015 204  0.7 1  4.3  82    0    0 235 -333  1
3823500 2818500 11  9 21   3.4 1015 206  1.2 1  4.2  84    0    0 229 -330  1
3823500 2818500 11  9 22   3.2 1015 194  1.2 0  4.1  85    0    0 224 -328  1
3823500 2818500 11  9 23   2.9 1015 202  0.6 0  4.0  85    0    0 219 -326  1
3823500 2818500 11  9 24   2.7 1015 188  0.4 0  4.0  87    0    0 218 -325  1
3823500 2818500 11 10  1   2.7 1015 189  1.3 0  4.1  88    0    0 217 -324  1
3823500 2818500 11 10  2   3.0 1015 182  1.7 0  4.1  89    0    0 216 -323  1
3823500 2818500 11 10  3   3.9 1014 195  2.0 3  4.3  89    0    0 228 -322  1
3823500 2818500 11 10  4   5.6 1014 204  2.5 4  4.7  89    0    0 248 -321  1
3823500 2818500 11 10  5   6.3 1013 210  2.1 6  5.2  89    0    0 264 -321  1
3823500 2818500 11 10  6   6.9 1013 229  2.4 7  5.4  88    0    0 280 -322  1
3823500 2818500 11 10  7   7.0 1013 229  2.7 7  5.4  86    0    0 287 -324  1
3823500 2818500 11 10  8   7.0 1013 233  3.4 8  5.3  85    0    0 293 -327  1
3823500 2818500 11 10  9   7.3 1013 233  4.0 8  5.3  85    4   41 300 -329  1
3823500 2818500 11 10 10   7.7 1013 235  4.3 5  5.4  84   23  106 293 -333  1
3823500 2818500 11 10 11   8.3 1013 234  3.9 3  5.4  81   82  167 284 -337  1
3823500 2818500 11 10 12   9.1 1014 234  4.3 5  5.4  78   33  172 291 -340  1
3823500 2818500 11 10 13   9.4 1014 231  4.7 5  5.5  76   32  168 299 -344  1
3823500 2818500 11 10 14  10.5 1013 237  5.0 4  5.5  73   67  172 300 -348  1
3823500 2818500 11 10 15  10.0 1013 240  5.1 6  5.4  69   20  108 305 -350  1
3823500 2818500 11 10 16   8.2 1012 251  4.2 5  4.9  68    4   49 304 -351  1
3823500 2818500 11 10 17   7.2 1013 245  2.2 5  4.7  72    0    7 296 -350  1
3823500 2818500 11 10 18   6.2 1013 237  0.8 3  4.8  78    0    0 284 -348  1
3823500 2818500 11 10 19   6.7 1013 237  2.0 2  4.8  79    0    0 269 -345  1
3823500 2818500 11 10 20   6.2 1013 227  2.9 2  4.8  80    0    0 259 -341  1
3823500 2818500 11 10 21   5.9 1013 237  3.0 2  4.8  82    0    0 252 -337  1
3823500 2818500 11 10 22   5.9 1013 228  2.7 3  4.7  82    0    0 253 -334  1
3823500 2818500 11 10 23   5.9 1014 238  2.2 4  4.8  83    0    0 260 -333  1
3823500 2818500 11 10 24   5.5 1014 248  2.3 5  4.8  85    0    0 268 -333  1
3823500 2818500 11 11  1   4.6 1013 225  1.7 5  4.7  87    0    0 270 -334  1
3823500 2818500 11 11  2   4.5 1013 226  2.1 5  4.7  89    0    0 268 -335  1
3823500 2818500 11 11  3   4.3 1012 214  0.5 6  4.8  92    0    0 274 -337  1
3823500 2818500 11 11  4   4.2 1012 206  0.2 7  4.9  94    0    0 285 -339  1
3823500 2818500 11 11  5   4.4 1012 292  0.1 8  4.9  96    0    0 296 -340  1
3823500 2818500 11 11  6   4.3 1011 154  0.1 8  5.0  96    0    0 302 -341  1
3823500 2818500 11 11  7   5.4 1010 167  0.1 8  5.1  95    0    0 305 -342  1
3823500 2818500 11 11  8   5.6 1009 157  0.5 8  5.2  93    0    0 309 -342  1
3823500 2818500 11 11  9   5.9 1009 153  0.6 8  5.3  92    0   16 312 -341  1
3823500 2818500 11 11 10   6.2 1008 143  1.4 8  5.4  92    0   40 314 -342  1
3823500 2818500 11 11 11   6.2 1008 131  1.6 7  5.4  91    0   88 309 -345  1
3823500 2818500 11 11 12   6.4 1007 138  1.8 7  5.4  90    2  118 304 -348  1
3823500 2818500 11 11 13   7.0 1006 141  2.1 7  5.6  90    2  114 304 -351  1
3823500 2818500 11 11 14   7.4 1004 146  2.2 7  5.7  90    1   95 306 -351  1
3823500 2818500 11 11 15   7.5 1003 137  2.6 7  5.8  89    0   64 306 -350  1
3823500 2818500 11 11 16   7.5 1002 143  2.6 8  5.7  88    1   40 317 -348  1
3823500 2818500 11 11 17   7.3 1001 136  2.5 8  5.7  88    0    9 330 -345  1
3823500 2818500 11 11 18   7.4 1000 151  2.4 7  5.6  86    0    0 318 -343  1
3823500 2818500 11 11 19   7.4  999 137  2.6 7  5.4  83    0    0 307 -342  1
3823500 2818500 11 11 20   7.4  998 158  2.1 7  5.3  82    0    0 308 -343  1
3823500 2818500 11 11 21   7.0  997 169  2.1 8  5.3  82    0    0 323 -344  1
3823500 2818500 11 11 22   6.7  997 152  2.5 8  5.3  85    0    0 336 -346  1
3823500 2818500 11 11 23   6.6  996 169  2.6 7  5.4  88    0    0 324 -348  1
3823500 2818500 11 11 24   6.7  996 176  1.6 8  5.4  88    0    0 323 -349  1
3823500 2818500 11 12  1   6.9  996 179  0.1 8  5.4  87    0    0 337 -348  1
3823500 2818500 11 12  2   7.4  995 170  1.6 8  5.5  86    0    0 338 -346  1
3823500 2818500 11 12  3   7.4  995 177  1.4 8  5.5  85    0    0 339 -344  1
3823500 2818500 11 12  4   7.4  994 180  1.2 8  5.5  85    0    0 338 -343  1
3823500 2818500 11 12  5   7.5  994 189  0.8 8  5.5  84    0    0 336 -342  1
3823500 2818500 11 12  6   7.2  994 190  0.2 8  5.5  85    0    0 335 -341  1
3823500 2818500 11 12  7   6.7  994 191  0.1 7  5.5  86    0    0 319 -340  1
3823500 2818500 11 12  8   6.6  993 153  1.1 7  5.5  88    0    0 306 -337  1
3823500 2818500 11 12  9   6.6  993 144  1.1 7  5.5  89    0   14 305 -335  1
3823500 2818500 11 12 10   7.2  993 128  0.1 7  5.6  89    0   62 306 -337  1
3823500 2818500 11 12 11   8.2  993  90  2.0 7  5.8  86    4  102 309 -341  1
3823500 2818500 11 12 12   8.8  992  72  2.0 7  5.9  84    0   57 311 -347  1
3823500 2818500 11 12 13   8.3  991  89  2.3 8  6.1  86    0   38 323 -352  1
3823500 2818500 11 12 14   8.4  991  84  3.3 7  6.3  91    0   44 325 -354  1
3823500 2818500 11 12 15   8.6  990 100  3.2 7  6.5  92    0   37 319 -354  1
3823500 2818500 11 12 16   8.9  989 104  2.7 8  6.6  92    0   23 331 -352  1
3823500 2818500 11 12 17   9.0  988 115  2.3 8  6.7  92    0    3 342 -349  1
3823500 2818500 11 12 18   9.4  987 122  3.2 8  6.7  90    0    0 344 -347  1
3823500 2818500 11 12 19   8.8  987  94  1.7 5  6.6  89    0    0 316 -347  1
3823500 2818500 11 12 20   8.3  987 106  1.1 6  6.4  89    0    0 298 -347  1
3823500 2818500 11 12 21   8.1  987  87  0.2 8  6.3  90    0    0 323 -347  1
3823500 2818500 11 12 22   9.0  987 138  1.9 8  6.3  89    0    0 341 -349  1
3823500 2818500 11 12 23   8.5  988 107  2.0 8  6.4  88    0    0 343 -350  1
3823500 2818500 11 12 24   8.7  987  93  1.9 8  6.4  89    0    0 343 -351  1
3823500 2818500 11 13  1   9.0  987 114  1.1 7  6.4  88    0    0 337 -353  1
3823500 2818500 11 13  2   8.8  987 114  2.0 8  6.5  88    0    0 337 -355  1
3823500 2818500 11 13  3   9.5  987 127  2.8 8  6.4  86    0    0 348 -357  1
3823500 2818500 11 13  4   9.6  987 167  2.9 7  6.4  84    0    0 341 -357  1
3823500 2818500 11 13  5   9.8  987 208  3.6 5  6.4  83    0    0 313 -358  1
3823500 2818500 11 13  6   9.3  988 236  2.7 4  6.3  83    0    0 284 -359  1
3823500 2818500 11 13  7   8.6  988 276  0.9 5  6.3  86    0    0 281 -359  1
3823500 2818500 11 13  8   7.8  988 232  1.2 7  6.2  89    0    0 308 -359  1
3823500 2818500 11 13  9   7.8  989 197  1.7 7  6.1  90    0   28 327 -359  1
3823500 2818500 11 13 10   8.5  990 172  2.1 7  6.2  90   14   92 328 -359  1
3823500 2818500 11 13 11   9.2  990 174  1.4 6  6.4  89   16  127 321 -359  1
3823500 2818500 11 13 12   9.8  990 153  0.0 6  6.6  87    2  115 314 -362  1
3823500 2818500 11 13 13   9.9  990 171  0.8 7  6.7  86    0   50 323 -366  1
3823500 2818500 11 13 14  10.1  990 346  0.2 8  6.9  88    0   61 341 -369  1
3823500 2818500 11 13 15  10.3  990  88  0.4 7  6.9  87    4   81 342 -368  1
3823500 2818500 11 13 16   9.7  989  16  0.0 7  6.7  85    6   47 334 -364  1
3823500 2818500 11 13 17   8.8  989  17  0.0 7  6.4  86    0    6 330 -359  1
3823500 2818500 11 13 18   7.9  990 329  0.0 7  6.2  88    0    0 326 -354  1
3823500 2818500 11 13 19   8.1  990 319  0.1 8  6.2  90    0    0 331 -350  1
3823500 2818500 11 13 20   8.3  990 288  0.3 8  6.3  91    0    0 339 -350  1
3823500 2818500 11 13 21   7.8  991 298  0.1 8  6.3  92    0    0 338 -349  1
3823500 2818500 11 13 22   8.1  991 254  0.6 8  6.3  93    0    0 337 -348  1
3823500 2818500 11 13 23   7.7  991 260  0.7 8  6.3  92    0    0 337 -347  1
3823500 2818500 11 13 24   7.7  992 223  0.8 7  6.3  94    0    0 330 -347  1
3823500 2818500 11 14  1   7.6  992 244  1.1 8  6.3  95    0    0 331 -347  1
3823500 2818500 11 14  2   7.7  993 266  2.1 8  6.3  94    0    0 338 -346  1
3823500 2818500 11 14  3   7.9  993 291  2.0 8  6.3  93    0    0 339 -346  1
3823500 2818500 11 14  4   7.5  994 325  1.9 8  6.2  93    0    0 338 -345  1
3823500 2818500 11 14  5   7.3  994 349  2.1 8  6.0  92    0    0 336 -345  1
3823500 2818500 11 14  6   7.1  995 340  1.7 8  5.8  90    0    0 334 -344  1
3823500 2818500 11 14  7   6.7  995 353  2.6 8  5.5  88    0    0 331 -343  1
3823500 2818500 11 14  8   6.5  996 332  1.3 8  5.4  87    0    0 328 -341  1
3823500 2818500 11 14  9   6.0  997 322  0.9 7  5.2  86    0   28 320 -340  1
3823500 2818500 11 14 10   6.1  998 309  1.8 6  5.1  86    2   70 306 -340  1
3823500 2818500 11 14 11   6.2  999 307  2.1 6  4.9  82   21  121 300 -343  1
3823500 2818500 11 14 12   7.8 1000 288  2.4 3  4.8  75  152  124 285 -346  1
3823500 2818500 11 14 13   8.6 1000 285  2.7 3  4.6  67  143  130 272 -348  1
3823500 2818500 11 14 14   7.6 1000 302  4.4 7  4.6  67    7  104 296 -350  1
3823500 2818500 11 14 15   7.3 1000 325  3.1 7  4.8  74    0   53 319 -349  1
3823500 2818500 11 14 16   5.5 1001 314  2.5 6  4.8  79    0   24 310 -345  1
3823500 2818500 11 14 17   4.6 1002 276  2.1 5  4.5  82    0    8 294 -338  1
3823500 2818500 11 14 18   4.0 1002 278  2.5 4  4.3  83    0    0 279 -331  1
3823500 2818500 11 14 19   3.1 1003 268  2.4 2  4.2  85    0    0 258 -327  1
3823500 2818500 11 14 20   2.9 1004 272  2.3 1  4.1  85    0    0 237 -326  1
3823500 2818500 11 14 21   2.3 1005 272  2.4 1  4.0  86    0    0 230 -324  1
3823500 2818500 11 14 22   1.8 1005 258  2.2 1  3.9  87    0    0 229 -323  1
3823500 2818500 11 14 23   1.8 1006 253  2.0 0  3.8  88    0    0 223 -323  1
3823500 2818500 11 14 24   1.2 1006 252  1.5 0  3.8  88    0    0 218 -324  1
3823500 2818500 11 15  1   1.2 1007 253  0.9 2  3.8  91    0    0 229 -325  1
3823500 2818500 11 15  2   0.7 1007 259  0.3 1  3.8  92    0    0 234 -325  1
3823500 2818500 11 15  3   0.4 1008 238  1.0 1  3.7  92    0    0 228 -324  1
3823500 2818500 11 15  4   0.5 1009 283  1.1 0  3.6  91    0    0 221 -323  1
3823500 2818500 11 15  5  -0.2 1009 323  0.1 0  3.5  91    0    0 215 -321  1
3823500 2818500 11 15  6  -1.3 1009 359  0.0 0  3.3  93    0    0 211 -319  1
3823500 2818500 11 15  7  -1.9 1010   9  0.4 0  3.2  94    0    0 208 -319  1
3823500 2818500 11 15  8  -1.0 1011  97  0.2 3  3.3  96    0    0 225 -319  1
3823500 2818500 11 15  9  -0.1 1012  30  0.4 4  3.6  99    2   31 250 -318  1
3823500 2818500 11 15 10   1.9 1013  23  0.1 3  4.1 100   67   76 253 -317  1
3823500 2818500 11 15 11   3.7 1014  66  0.8 1  4.4  94  151   90 240 -318  1
3823500 2818500 11 15 12   4.4 1014  58  1.7 1  4.3  84  204   96 230 -322  1
3823500 2818500 11 15 13   5.0 1015  98  1.4 2  4.0  76  213   96 234 -332  1
3823500 2818500 11 15 14   4.7 1015  62  1.5 1  3.8  71  184   87 230 -340  1
3823500 2818500 11 15 15   5.1 1015  61  2.0 1  3.5  66  131   71 224 -341  1
3823500 2818500 11 15 16   4.2 1015  81  1.8 2  3.4  64   57   47 227 -336  1
3823500 2818500 11 15 17   1.8 1016  69  1.1 1  3.2  69    4   10 222 -328  1
3823500 2818500 11 15 18   0.2 1016  55  0.4 2  3.0  74    0    0 215 -322  1
3823500 2818500 11 15 19  -1.0 1017  80  0.0 0  2.8  76    0    0 204 -319  1
3823500 2818500 11 15 20  -1.5 1017  10  0.1 1  2.8  80    0    0 197 -319  1
3823500 2818500 11 15 21  -1.9 1017  79  0.3 1  2.8  85    0    0 199 -319  1
3823500 2818500 11 15 22  -1.5 1018  57  0.8 0  2.9  88    0    0 194 -317  1
3823500 2818500 11 15 23  -1.3 1018  57  0.4 1  3.1  92    0    0 194 -315  1
3823500 2818500 11 15 24  -1.6 1017  48  0.6 0  3.2  95    0    0 194 -315  1
3823500 2818500 11 16  1  -2.1 1018  65  0.5 3  3.2  96    0    0 203 -315  1
3823500 2818500 11 16  2  -2.0 1017  47  0.6 6  3.1  97    0    0 232 -315  1
3823500 2818500 11 16  3  -2.3 1018  71  0.5 5  3.2  99    0    0 242 -314  1
3823500 2818500 11 16  4  -1.7 1018  66  0.8 7  3.2 100    0    0 248 -314  1
3823500 2818500 11 16  5  -1.7 1017  63  0.9 7  3.3  98    0    0 259 -314  1
3823500 2818500 11 16  6  -1.9 1017  71  0.9 5  3.2  96    0    0 249 -313  1
3823500 2818500 11 16  7  -2.3 1017  67  1.2 2  3.1  96    0    0 224 -311  1
3823500 2818500 11 16  8  -1.8 1017  57  1.3 3  3.1  97    0    0 216 -310  1
3823500 2818500 11 16  9  -1.3 1017  73  0.7 3  3.3  97    3   29 223 -308  1
3823500 2818500 11 16 10  -0.5 1018  73  1.1 4  3.4  97   36   77 231 -310  1
3823500 2818500 11 16 11   0.2 1018  87  2.0 3  3.6  96  114   92 235 -314  1
3823500 2818500 11 16 12   1.6 1018  73  2.3 2  3.7  93  203   78 228 -317  1
3823500 2818500 11 16 13   2.7 1017  61  2.4 1  3.9  88  236   70 221 -319  1
3823500 2818500 11 16 14   3.5 1017  69  1.9 0  3.8  82  194   67 213 -321  1
3823500 2818500 11 16 15   2.7 1017  79  2.4 4  3.8  81   23   82 228 -322  1
3823500 2818500 11 16 16   2.3 1016  88  1.7 4  3.8  84    0   28 246 -320  1
3823500 2818500 11 16 17   2.5 1017  77  1.2 7  3.8  85    0    4 259 -319  1
3823500 2818500 11 16 18   2.4 1017  72  0.9 8  3.9  87    0    0 275 -317  1
3823500 2818500 11 16 19   2.6 1017  81  1.1 6  3.9  87    0    0 271 -315  1
3823500 2818500 11 16 20   2.7 1016  76  0.9 7  3.9  85    0    0 263 -314  1
3823500 2818500 11 16 21   2.8 1016  71  0.8 7  3.9  84    0    0 266 -312  1
3823500 2818500 11 16 22   2.8 1016  60  0.6 7  3.9  84    0    0 272 -311  1
3823500 2818500 11 16 23   3.4 1017  77  0.5 7  4.2  86    0    0 272 -309  1
3823500 2818500 11 16 24   4.1 1016 105  0.4 7  4.5  88    0    0 268 -309  1
3823500 2818500 11 17  1   5.0 1030 144  0.5 7  5.0  91    0    0 328 -347  1
3823500 2818500 11 17  2   5.8 1030 172  0.6 7  5.3  94    0    0 328 -347  1
3823500 2818500 11 17  3   6.4 1029 193  0.7 7  5.6  96    0    0 329 -348  1
3823500 2818500 11 17  4   6.4 1029 189  0.7 7  5.7  96    0    0 313 -350  1
3823500 2818500 11 17  5   6.4 1029 190  0.7 7  5.7  97    0    0 308 -350  1
3823500 2818500 11 17  6   6.4 1028 200  0.7 6  5.7  98    0    0 314 -350  1
3823500 2818500 11 17  7   6.3 1028 168  0.8 8  5.7  97    0    0 321 -350  1
3823500 2818500 11 17  8   6.3 1028 150  0.8 8  5.7  97    0    0 333 -350  1
3823500 2818500 11 17  9   6.4 1028 144  1.2 8  5.6  96    0   22 333 -350  1
3823500 2818500 11 17 10   6.7 1028  69  1.2 7  5.7  95   14   55 328 -351  1
3823500 2818500 11 17 11   6.8 1027 208  1.0 7  5.8  96    0   56 323 -352  1
3823500 2818500 11 17 12   6.9 1027 131  1.0 8  5.8  96    0   55 327 -356  1
3823500 2818500 11 17 13   7.1 1026  13  1.5 7  5.9  96    0   58 326 -361  1
3823500 2818500 11 17 14   7.3 1026  40  1.2 8  6.0  96    0   50 325 -363  1
3823500 2818500 11 17 15   7.0 1025 184  0.8 8  5.9  95    0   58 329 -363  1
3823500 2818500 11 17 16   7.3 1024 226  1.1 7  5.8  94   24   23 322 -360  1
3823500 2818500 11 17 17   6.6 1024 260  0.9 7  5.7  93    0    3 315 -356  1
3823500 2818500 11 17 18   6.3 1024  17  0.9 8  5.5  93    0    0 319 -352  1
3823500 2818500 11 17 19   6.2 1023 326  0.5 7  5.5  94    0    0 318 -347  1
3823500 2818500 11 17 20   6.1 1023 230  0.4 8  5.5  94    0    0 319 -343  1
3823500 2818500 11 17 21   5.9 1023 314  0.1 8  5.5  95    0    0 323 -343  1
3823500 2818500 11 17 22   6.1 1022  13  0.1 6  5.5  96    0    0 313 -343  1
3823500 2818500 11 17 23   6.1 1022 232  0.2 6  5.6  96    0    0 303 -341  1
3823500 2818500 11 17 24   6.2 1021 217  0.3 8  5.6  96    0    0 314 -339  1
3823500 2818500 11 18  1   6.2 1021 266  0.8 7  5.6  95    0    0 320 -341  1
3823500 2818500 11 18  2   6.1 1020 268  0.7 7  5.6  96    0    0 316 -344  1
3823500 2818500 11 18  3   6.3 1020 308  0.5 5  5.7  97    0    0 306 -345  1
3823500 2818500 11 18  4   6.2 1019 346  0.3 8  5.7  97    0    0 312 -345  1
3823500 2818500 11 18  5   6.3 1019  94  1.2 7  5.7  97    0    0 322 -345  1
3823500 2818500 11 18  6   6.2 1018 334  0.9 8  5.7  97    0    0 322 -345  1
3823500 2818500 11 18  7   5.9 1018 282  0.5 8  5.6  96    0    0 327 -345  1
3823500 2818500 11 18  8   5.9 1017 258  0.5 8  5.5  96    0    0 326 -345  1
3823500 2818500 11 18  9   6.0 1017 252  0.1 8  5.6  97    0   13 326 -344  1
3823500 2818500 11 18 10   6.3 1017 311  0.2 8  5.7  98    1   59 326 -345  1
3823500 2818500 11 18 11   6.7 1017 261  0.3 7  5.9  98    1   89 321 -347  1
3823500 2818500 11 18 12   7.3 1017 248  0.3 5  6.0  97    0   96 306 -348  1
3823500 2818500 11 18 13   7.5 1016   7  0.4 8  6.1  96    0   54 311 -349  1
3823500 2818500 11 18 14   7.6 1016  40  0.7 7  6.1  94    0   66 320 -351  1
3823500 2818500 11 18 15   7.9 1015  78  1.1 7  6.1  93    0   51 316 -353  1
3823500 2818500 11 18 16   7.5 1015  88  0.4 8  6.1  93    0   23 320 -352  1
3823500 2818500 11 18 17   6.3 1014  22  0.0 7  5.7  93    0    6 317 -350  1
3823500 2818500 11 18 18   4.7 1014 358  0.0 8  5.2  92    0    0 313 -347  1
3823500 2818500 11 18 19   4.2 1014  15  0.0 7  4.9  94    0    0 309 -346  1
3823500 2818500 11 18 20   4.5 1014  19  0.1 8  4.9  94    0    0 310 -345  1
3823500 2818500 11 18 21   4.6 1014 346  0.0 7  5.0  96    0    0 311 -344  1
3823500 2818500 11 18 22   4.3 1014  10  0.0 6  5.1  97    0    0 301 -344  1
3823500 2818500 11 18 23   4.4 1014  37  0.3 6  5.0  96    0    0 296 -344  1
3823500 2818500 11 18 24   5.1 1014 312  0.0 5  5.1  96    0    0 292 -344  1
3823500 2818500 11 19  1   4.5 1014 336  0.9 7  5.2  97    0    0 298 -344  1
3823500 2818500 11 19  2   4.3 1014 315  0.3 8  5.1  98    0    0 315 -344  1
3823500 2818500 11 19  3   3.9 1014 331  0.3 6  5.0  98    0    0 308 -344  1
3823500 2818500 11 19  4   3.7 1014  19  0.1 6  4.9  98    0    0 296 -344  1
3823500 2818500 11 19  5   4.0 1014 275  0.1 5  4.9  99    0    0 291 -344  1
3823500 2818500 11 19  6   4.1 1014 308  0.7 8  5.0  99    0    0 304 -344  1
3823500 2818500 11 19  7   4.2 1014 255  0.6 8  5.0  98    0    0 321 -344  1
3823500 2818500 11 19  8   4.5 1014 246  0.6 8  5.1  98    0    0 322 -341  1
3823500 2818500 11 19  9   4.7 1014 253  0.4 7  5.1  97    0   14 316 -338  1
3823500 2818500 11 19 10   5.1 1015 281  0.4 7  5.3  98    0   40 313 -338  1
3823500 2818500 11 19 11   5.8 1015 249  0.7 6  5.4  97    0   37 310 -342  1
3823500 2818500 11 19 12   6.5 1016 280  1.0 8  5.7  97    0   57 319 -347  1
3823500 2818500 11 19 13   7.0 1016 298  1.3 7  5.9  97    0   72 327 -353  1
3823500 2818500 11 19 14   7.4 1015 282  1.4 7  6.1  96    0   60 323 -355  1
3823500 2818500 11 19 15   7.5 1015 262  1.5 7  6.1  94    0   48 324 -355  1
3823500 2818500 11 19 16   7.2 1015 261  1.1 8  5.9  93    0   12 328 -350  1
3823500 2818500 11 19 17   7.1 1016 274  1.1 7  5.9  94    0    1 325 -344  1
3823500 2818500 11 19 18   7.1 1016 283  1.1 8  5.9  95    0    0 323 -338  1
3823500 2818500 11 19 19   7.2 1016 281  1.3 8  5.9  95    0    0 326 -334  1
3823500 2818500 11 19 20   7.3 1016 297  0.8 8  6.0  95    0    0 326 -331  1
3823500 2818500 11 19 21   7.3 1017 312  1.1 8  6.1  96    0    0 324 -327  1
3823500 2818500 11 19 22   7.3 1017 286  1.1 8  6.1  96    0    0 323 -324  1
3823500 2818500 11 19 23   7.1 1017 279  1.0 8  6.1  96    0    0 323 -321  1
3823500 2818500 11 19 24   7.1 1018 258  0.9 8  6.0  96    0    0 321 -320  1
3823500 2818500 11 20  1   6.9 1018 265  1.3 8  6.0  96    0    0 319 -319  1
3823500 2818500 11 20  2   6.9 1018 257  1.4 8  5.9  96    0    0 318 -319  1
3823500 2818500 11 20  3   7.0 1018 270  1.3 8  5.9  96    0    0 317 -318  1
3823500 2818500 11 20  4   6.5 1018 305  1.2 7  5.8  96    0    0 310 -316  1
3823500 2818500 11 20  5   6.0 1018 275  1.3 7  5.7  97    0    0 304 -314  1
3823500 2818500 11 20  6   5.8 1018 267  1.4 6  5.6  97    0    0 300 -314  1
3823500 2818500 11 20  7   5.4 1019 263  1.6 6  5.4  97    0    0 296 -314  1
3823500 2818500 11 20  8   5.8 1019 259  1.8 7  5.4  97    0    0 301 -314  1
3823500 2818500 11 20  9   6.4 1019 257  1.2 8  5.6  96    0   10 313 -314  1
3823500 2818500 11 20 10   6.9 1020 259  1.7 6  5.8  96    0   38 310 -316  1
3823500 2818500 11 20 11   7.7 1020 269  1.1 7  5.9  93    0   42 308 -318  1
3823500 2818500 11 20 12   8.4 1020 255  1.8 7  6.0  91    0   47 314 -320  1
3823500 2818500 11 20 13   8.9 1020 258  1.8 7  6.1  88    0   62 312 -324  1
3823500 2818500 11 20 14   8.9 1020 255  2.5 6  6.1  86    3   91 305 -328  1
3823500 2818500 11 20 15   8.6 1020 250  2.1 6  6.0  86    4   71 298 -331  1
3823500 2818500 11 20 16   8.3 1020 239  2.2 8  5.9  86    4   37 306 -329  1
3823500 2818500 11 20 17   8.0 1020 239  2.2 8  5.8  87    0    7 316 -324  1
3823500 2818500 11 20 18   7.6 1020 249  2.2 8  5.8  89    0    0 317 -321  1
3823500 2818500 11 20 19   7.3 1020 243  2.5 8  5.7  90    0    0 317 -319  1
3823500 2818500 11 20 20   7.2 1020 249  2.8 8  5.6  88    0    0 318 -319  1
3823500 2818500 11 20 21   7.2 1021 247  2.5 7  5.4  86    0    0 312 -319  1
3823500 2818500 11 20 22   7.3 1020 243  2.4 7  5.4  86    0    0 308 -319  1
3823500 2818500 11 20 23   7.3 1020 241  2.5 8  5.4  86    0    0 316 -319  1
3823500 2818500 11 20 24   7.4 1020 250  2.6 7  5.5  87    0    0 317 -320  1
3823500 2818500 11 21  1   7.4 1020 252  3.2 8  5.4  85    0    0 316 -323  1
3823500 2818500 11 21  2   7.7 1020 253  3.3 8  5.3  83    0    0 320 -326  1
3823500 2818500 11 21  3   7.8 1020 247  3.4 7  5.3  82    0    0 314 -326  1
3823500 2818500 11 21  4   7.9 1019 253  3.2 7  5.4  82    0    0 306 -324  1
3823500 2818500 11 21  5   7.7 1019 247  3.5 7  5.5  83    0    0 304 -321  1
3823500 2818500 11 21  6   7.5 1019 238  3.3 7  5.5  85    0    0 303 -320  1
3823500 2818500 11 21  7   7.5 1019 231  3.0 7  5.5  86    0    0 301 -319  1
3823500 2818500 11 21  8   7.5 1019 228  3.4 7  5.5  86    0    0 300 -319  1
3823500 2818500 11 21  9   7.6 1018 231  3.5 7  5.5  86    2   22 300 -319  1
3823500 2818500 11 21 10   8.0 1019 234  3.7 7  5.6  85    8   54 299 -320  1
3823500 2818500 11 21 11   8.3 1018 237  3.8 7  5.6  84    0   56 297 -323  1
3823500 2818500 11 21 12   8.7 1018 240  4.5 7  5.6  81    0   77 294 -329  1
3823500 2818500 11 21 13   9.3 1018 233  5.3 6  5.6  78    8   94 288 -333  1
3823500 2818500 11 21 14   9.1 1017 240  5.4 7  5.5  77    5   82 286 -337  1
3823500 2818500 11 21 15   8.9 1016 243  5.3 8  5.5  77    0   52 292 -338  1
3823500 2818500 11 21 16   8.9 1015 233  4.8 7  5.5  78    0   21 291 -336  1
3823500 2818500 11 21 17   8.9 1015 230  5.2 8  5.5  78    0    0 291 -333  1
3823500 2818500 11 21 18   8.5 1014 235  5.4 8  5.5  78    0    0 292 -330  1
3823500 2818500 11 21 19   8.1 1014 233  5.9 8  5.4  80    0    0 290 -329  1
3823500 2818500 11 21 20   8.0 1013 231  5.9 8  5.3  80    0    0 291 -329  1
3823500 2818500 11 21 21   7.7 1012 230  6.6 7  5.2  78    0    0 293 -328  1
3823500 2818500 11 21 22   7.8 1011 229  7.4 8  5.1  78    0    0 297 -328  1
3823500 2818500 11 21 23   7.9 1011 238  7.3 8  5.1  77    0    0 302 -328  1
3823500 2818500 11 21 24   7.7 1010 238  6.7 8  5.2  79    0    0 305 -329  1
3823500 2818500 11 22  1   7.3 1009 237  6.2 8  5.4  84    0    0 307 -330  1
3823500 2818500 11 22  2   7.4 1008 235  6.2 8  5.7  89    0    0 309 -331  1
3823500 2818500 11 22  3   7.3 1007 236  6.3 8  5.9  91    0    0 311 -331  1
3823500 2818500 11 22  4   7.7 1006 243  6.4 8  6.0  93    0    0 312 -331  1
3823500 2818500 11 22  5   7.7 1005 243  5.1 8  6.2  94    0    0 315 -331  1
3823500 2818500 11 22  6   8.4 1005 251  4.4 7  6.4  95    0    0 317 -331  1
3823500 2818500 11 22  7   8.8 1004 249  2.9 8  6.6  94    0    0 321 -332  1
3823500 2818500 11 22  8   8.9 1003 256  2.6 8  6.7  93    0    0 328 -333  1
3823500 2818500 11 22  9   9.1 1003 267  3.5 8  6.5  90    0    8 330 -335  1
3823500 2818500 11 22 10   9.0 1003 273  4.5 6  6.1  85    0   46 322 -336  1
3823500 2818500 11 22 11   8.8 1002 284  3.8 6  5.7  79    0   57 312 -339  1
3823500 2818500 11 22 12   8.5 1002 292  6.7 7  5.4  76    0   55 314 -344  1
3823500 2818500 11 22 13   7.3 1001 301  5.3 6  5.2  78    0   80 312 -350  1
3823500 2818500 11 22 14   5.2 1000 314  5.6 6  5.0  84    3   81 301 -352  1
3823500 2818500 11 22 15   4.6 1001 299  3.7 7  4.8  88    0   35 302 -351  1
3823500 2818500 11 22 16   4.6 1001 293  3.1 7  4.7  88    0   13 305 -346  1
3823500 2818500 11 22 17   4.6 1001 300  5.2 7  4.4  82    0    1 302 -340  1
3823500 2818500 11 22 18   3.9 1002 303  2.2 6  4.0  77    0    0 292 -335  1
3823500 2818500 11 22 19   3.5 1002 302  4.4 3  3.7  74    0    0 264 -331  1
3823500 2818500 11 22 20   3.0 1003 297  4.7 2  3.6  75    0    0 233 -326  1
3823500 2818500 11 22 21   2.7 1004 306  4.5 3  3.8  81    0    0 227 -322  1
3823500 2818500 11 22 22   1.8 1004 312  2.7 6  4.0  88    0    0 248 -319  1
3823500 2818500 11 22 23   1.5 1005 318  2.8 6  4.0  92    0    0 262 -319  1
3823500 2818500 11 22 24   1.5 1005 307  3.3 6  3.9  92    0    0 261 -318  1
3823500 2818500 11 23  1   1.8 1006 276  1.9 4  4.0  92    0    0 250 -316  1
3823500 2818500 11 23  2   1.5 1006 301  1.3 3  3.9  91    0    0 237 -316  1
3823500 2818500 11 23  3   1.8 1007 338  0.6 5  3.9  90    0    0 243 -317  1
3823500 2818500 11 23  4   0.9 1007 302  1.6 6  3.9  92    0    0 257 -318  1
3823500 2818500 11 23  5   0.8 1008 298  1.9 6  3.9  96    0    0 261 -319  1
3823500 2818500 11 23  6   1.3 1008 298  1.2 6  3.9  96    0    0 263 -319  1
3823500 2818500 11 23  7   1.7 1008 307  1.2 6  4.0  94    0    0 264 -319  1
3823500 2818500 11 23  8   1.5 1009 316  0.8 6  4.0  94    0    0 264 -319  1
3823500 2818500 11 23  9   1.6 1010 304  1.3 6  4.1  96    0   20 264 -319  1
3823500 2818500 11 23 10   2.0 1010 293  0.5 3  4.2  96   21   86 249 -319  1
3823500 2818500 11 23 11   2.9 1011 289  1.9 2  4.2  93   44  139 232 -320  1
3823500 2818500 11 23 12   3.5 1012 287  2.5 5  4.3  90    8  123 245 -322  1
3823500 2818500 11 23 13   3.9 1012 317  2.5 8  4.3  87    0   66 273 -329  1
3823500 2818500 11 23 14   4.2 1012 292  2.2 7  4.3  85    0   34 283 -333  1
3823500 2818500 11 23 15   4.2 1012 301  2.6 6  4.4  85    1   63 275 -334  1
3823500 2818500 11 23 16   4.0 1012 255  1.6 7  4.4  87    1   32 275 -332  1
3823500 2818500 11 23 17   3.9 1012 263  2.0 7  4.4  88    0    2 279 -328  1
3823500 2818500 11 23 18   4.3 1012 268  2.2 7  4.4  87    0    0 279 -324  1
3823500 2818500 11 23 19   4.1 1013 273  1.8 7  4.4  86    0    0 281 -321  1
3823500 2818500 11 23 20   4.1 1013 259  2.2 7  4.4  87    0    0 281 -320  1
3823500 2818500 11 23 21   4.1 1013 264  2.7 8  4.4  86    0    0 287 -320  1
3823500 2818500 11 23 22   3.8 1013 258  2.4 8  4.4  86    0    0 294 -320  1
3823500 2818500 11 23 23   3.6 1013 260  2.1 8  4.4  88    0    0 296 -321  1
3823500 2818500 11 23 24   3.7 1013 261  1.9 8  4.4  89    0    0 298 -324  1
3823500 2818500 11 24  1   3.9 1012 258  1.7 6  4.4  89    0    0 292 -325  1
3823500 2818500 11 24  2   4.0 1012 257  1.6 7  4.5  89    0    0 289 -325  1
3823500 2818500 11 24  3   4.3 1012 251  2.2 7  4.6  89    0    0 297 -327  1
3823500 2818500 11 24  4   4.4 1012 255  2.9 7  4.7  90    0    0 301 -328  1
3823500 2818500 11 24  5   4.5 1012 254  2.5 8  4.8  91    0    0 310 -330  1
3823500 2818500 11 24  6   4.6 1012 254  2.9 8  4.9  92    0    0 318 -330  1
3823500 2818500 11 24  7   4.3 1012 247  2.4 7  4.8  93    0    0 314 -329  1
3823500 2818500 11 24  8   4.3 1012 234  2.4 8  4.8  92    0    0 316 -329  1
3823500 2818500 11 24  9   4.4 1012 241  2.5 8  4.7  91    0    9 324 -328  1
3823500 2818500 11 24 10   4.3 1012 236  2.4 7  4.7  90    0   26 320 -329  1
3823500 2818500 11 24 11   4.1 1012 230  2.1 7  4.7  91    0   32 314 -330  1
3823500 2818500 11 24 12   4.1 1012 226  2.1 8  4.8  93    0   37 321 -332  1
3823500 2818500 11 24 13   4.2 1012 230  2.1 7  4.8  94    0   52 322 -334  1
3823500 2818500 11 24 14   4.3 1011 225  2.0 7  4.9  95    0   47 318 -335  1
3823500 2818500 11 24 15   4.6 1011 220  1.7 7  5.0  96    0   26 321 -337  1
3823500 2818500 11 24 16   5.0 1011 197  0.6 8  5.1  96    0   11 329 -339  1
3823500 2818500 11 24 17   5.2 1011 182  0.2 8  5.3  96    0    0 337 -341  1
3823500 2818500 11 24 18   5.2 1011 177  0.2 8  5.3  96    0    0 339 -343  1
3823500 2818500 11 24 19   5.4 1011 184  0.8 7  5.4  97    0    0 334 -345  1
3823500 2818500 11 24 20   5.5 1011 184  0.8 7  5.5  98    0    0 329 -348  1
3823500 2818500 11 24 21   5.7 1011 169  0.3 6  5.5  97    0    0 324 -351  1
3823500 2818500 11 24 22   5.8 1011 179  0.3 6  5.6  97    0    0 319 -353  1
3823500 2818500 11 24 23   6.0 1011 169  0.1 8  5.7  98    0    0 331 -355  1
3823500 2818500 11 24 24   5.9 1011 172  0.2 7  5.7  98    0    0 338 -357  1
3823500 2818500 11 25  1   6.3 1011 175  0.4 8  5.8  98    0    0 338 -359  1
3823500 2818500 11 25  2   6.1 1011 174  0.2 8  5.8  99    0    0 344 -360  1
3823500 2818500 11 25  3   6.2 1011 168  0.7 8  5.9 100    0    0 344 -360  1
3823500 2818500 11 25  4   6.6 1010 186  0.5 8  5.9  99    0    0 343 -361  1
3823500 2818500 11 25  5   6.9 1010 183  0.6 8  6.0  98    0    0 345 -362  1
3823500 2818500 11 25  6   7.0 1009 173  0.6 7  6.2  99    0    0 338 -363  1
3823500 2818500 11 25  7   7.5 1009 193  0.8 6  6.4 100    0    0 325 -363  1
3823500 2818500 11 25  8   7.6 1009 196  0.5 8  6.5  99    0    0 334 -363  1
3823500 2818500 11 25  9   8.2 1009 196  0.4 8  6.5  98    0    5 350 -363  1
3823500 2818500 11 25 10   8.4 1009 186  0.2 6  6.7  98    0   44 335 -363  1
3823500 2818500 11 25 11   8.8 1009 209  0.7 6  6.9  98    0   44 320 -364  1
3823500 2818500 11 25 12   9.6 1008 209  0.5 6  7.1  98    0   49 324 -366  1
3823500 2818500 11 25 13  10.2 1008 237  1.0 7  7.4  96    0   48 334 -367  1
3823500 2818500 11 25 14  10.4 1007 239  1.3 5  7.6  96    0   51 329 -369  1
3823500 2818500 11 25 15  10.5 1007 226  1.6 7  7.7  97    0   41 330 -370  1
3823500 2818500 11 25 16  10.5 1006 227  1.2 8  7.7  96    0   20 352 -370  1
3823500 2818500 11 25 17  10.4 1006 211  1.3 8  7.5  95    0    0 360 -369  1
3823500 2818500 11 25 18  10.4 1006 211  1.4 8  7.5  94    0    0 360 -368  1
3823500 2818500 11 25 19  10.3 1005 210  1.8 7  7.4  94    0    0 353 -368  1
3823500 2818500 11 25 20  10.2 1005 205  2.0 7  7.4  94    0    0 347 -368  1
3823500 2818500 11 25 21  10.2 1004 199  2.1 8  7.3  94    0    0 354 -367  1
3823500 2818500 11 25 22  10.2 1004 210  2.3 8  7.3  94    0    0 360 -367  1
3823500 2818500 11 25 23  10.1 1003 210  2.3 8  7.4  94    0    0 361 -367  1
3823500 2818500 11 25 24  10.0 1002 219  2.6 8  7.4  96    0    0 361 -366  1
3823500 2818500 11 26  1  10.0 1002 245  2.8 8  7.5  97    0    0 361 -366  1
3823500 2818500 11 26  2  10.1 1002 256  3.0 8  7.5  97    0    0 360 -366  1
3823500 2818500 11 26  3   9.5 1001 259  3.0 8  7.4  97    0    0 359 -366  1
3823500 2818500 11 26  4   8.6 1002 333  1.9 8  7.1  98    0    0 355 -365  1
3823500 2818500 11 26  5   7.8 1002 304  1.9 7  6.6  96    0    0 344 -362  1
3823500 2818500 11 26  6   7.7 1002 313  1.8 7  6.3  95    0    0 334 -359  1
3823500 2818500 11 26  7   7.4 1002 302  0.8 7  6.3  96    0    0 330 -358  1
3823500 2818500 11 26  8   7.2 1002 297  0.8 8  6.2  96    0    0 334 -356  1
3823500 2818500 11 26  9   7.3 1003 297  0.5 8  6.1  96    0    9 339 -354  1
3823500 2818500 11 26 10   7.4 1003 302  1.3 6  6.2  96    0   39 325 -354  1
3823500 2818500 11 26 11   7.6 1003 305  1.0 7  6.2  95    0   61 317 -355  1
3823500 2818500 11 26 12   7.9 1004 319  1.2 7  6.1  92    1   89 322 -356  1
3823500 2818500 11 26 13   8.5 1004 332  1.1 6  6.1  89   26  124 315 -357  1
3823500 2818500 11 26 14   8.3 1003 329  0.9 6  5.9  85   30  113 308 -357  1
3823500 2818500 11 26 15   7.8 1003 315  0.8 6  5.7  84   23   79 306 -354  1
3823500 2818500 11 26 16   6.9 1003 311  0.2 7  5.5  86    6   33 308 -348  1
3823500 2818500 11 26 17   5.6 1003 305  0.4 7  5.3  89    0    3 308 -341  1
3823500 2818500 11 26 18   4.3 1003 316  0.1 7  5.0  92    0    0 301 -336  1
3823500 2818500 11 26 19   3.3 1004 351  0.1 6  4.8  94    0    0 290 -333  1
3823500 2818500 11 26 20   3.0 1004 316  0.1 6  4.6  96    0    0 282 -331  1
3823500 2818500 11 26 21   2.4 1004 193  0.1 6  4.4  95    0    0 279 -327  1
3823500 2818500 11 26 22   2.3 1004 257  0.3 6  4.3  95    0    0 278 -324  1
3823500 2818500 11 26 23   1.8 1004 328  0.1 6  4.3  96    0    0 277 -322  1
3823500 2818500 11 26 24   1.4 1004  57  0.1 5  4.2  98    0    0 271 -320  1
3823500 2818500 11 27  1   0.5 1004   6  0.1 2  4.1  99    0    0 250 -319  1
3823500 2818500 11 27  2   0.1 1004   4  0.0 1  3.8  98    0    0 229 -319  1
3823500 2818500 11 27  3  -0.2 1003 320  0.3 1  3.7  98    0    0 222 -319  1
3823500 2818500 11 27  4  -0.6 1003 329  0.1 1  3.6  98    0    0 221 -319  1
3823500 2818500 11 27  5  -0.8 1003  67  0.1 2  3.5  97    0    0 225 -319  1
3823500 2818500 11 27  6  -0.6 1003 352  0.0 4  3.5  96    0    0 240 -319  1
3823500 2818500 11 27  7  -0.8 1003  59  0.1 4  3.5  96    0    0 249 -319  1
3823500 2818500 11 27  8  -1.7 1003  91  0.1 4  3.4  98    0    0 245 -318  1
3823500 2818500 11 27  9  -0.9 1003 312  0.1 5  3.5  99    0    9 248 -317  1
3823500 2818500 11 27 10  -0.2 1003 140  0.1 5  3.6  98   10   59 254 -317  1
3823500 2818500 11 27 11   0.7 1003 222  0.1 6  3.9  99    9   87 260 -318  1
3823500 2818500 11 27 12   2.7 1003 224  0.1 7  4.3  99    1   83 270 -320  1
3823500 2818500 11 27 13   4.6 1003 183  0.1 5  4.8  96   53  115 269 -325  1
3823500 2818500 11 27 14   5.2 1002 190  0.3 4  5.2  95   99   90 255 -329  1
3823500 2818500 11 27 15   5.3 1001 201  0.8 5  5.2  93   45   69 252 -329  1
3823500 2818500 11 27 16   4.6 1001 188  1.0 3  5.0  91   27   32 244 -327  1
3823500 2818500 11 27 17   3.8 1001 183  0.5 5  4.7  91    0    6 240 -325  1
3823500 2818500 11 27 18   3.2 1001 178  0.8 3  4.5  91    0    0 238 -324  1
3823500 2818500 11 27 19   3.7 1001 189  1.6 6  4.5  90    0    0 243 -324  1
3823500 2818500 11 27 20   3.7 1000 188  2.3 7  4.5  90    0    0 267 -325  1
3823500 2818500 11 27 21   4.3 1000 186  2.8 7  4.5  88    0    0 277 -326  1
3823500 2818500 11 27 22   4.5  999 187  3.5 7  4.5  86    0    0 281 -328  1
3823500 2818500 11 27 23   4.7  998 188  3.5 7  4.7  87    0    0 284 -329  1
3823500 2818500 11 27 24   5.1  997 213  3.3 8  4.9  90    0    0 294 -330  1
3823500 2818500 11 28  1   5.6  997 219  3.4 8  5.2  92    0    0 306 -331  1
3823500 2818500 11 28  2   5.9  998 232  2.8 8  5.4  92    0    0 311 -333  1
3823500 2818500 11 28  3   5.8  998 241  1.9 8  5.4  93    0    0 314 -334  1
3823500 2818500 11 28  4   5.5  999 240  2.4 8  5.3  92    0    0 316 -334  1
3823500 2818500 11 28  5   5.2  999 247  2.5 7  5.1  90    0    0 310 -333  1
3823500 2818500 11 28  6   5.1 1000 241  2.1 7  5.0  89    0    0 305 -331  1
3823500 2818500 11 28  7   4.8 1000 242  1.9 7  4.9  90    0    0 306 -329  1
3823500 2818500 11 28  8   4.4 1001 234  1.3 7  4.8  90    0    0 303 -327  1
3823500 2818500 11 28  9   4.2 1001 233  1.2 7  4.7  91    0   10 304 -325  1
3823500 2818500 11 28 10   4.8 1002 229  1.1 5  4.8  90    7   58 288 -324  1
3823500 2818500 11 28 11   5.9 1003 238  1.9 4  5.0  88   40   95 263 -327  1
3823500 2818500 11 28 12   6.9 1004 246  2.7 5  5.1  84   52  114 265 -332  1
3823500 2818500 11 28 13   7.5 1004 243  2.8 4  5.1  80   92  110 267 -336  1
3823500 2818500 11 28 14   7.7 1004 239  2.8 6  5.2  79   42  101 277 -339  1
3823500 2818500 11 28 15   6.9 1004 241  3.2 6  5.1  79    0   50 292 -339  1
3823500 2818500 11 28 16   7.1 1005 249  2.6 5  5.0  80   15   30 285 -338  1
3823500 2818500 11 28 17   5.7 1006 247  2.0 3  4.9  80    0    5 263 -335  1
3823500 2818500 11 28 18   5.2 1006 255  1.9 2  4.7  83    0    0 243 -332  1
3823500 2818500 11 28 19   4.5 1007 243  1.9 1  4.5  84    0    0 231 -331  1
3823500 2818500 11 28 20   4.9 1008 242  2.1 2  4.5  84    0    0 231 -329  1
3823500 2818500 11 28 21   4.6 1008 244  2.1 2  4.6  85    0    0 240 -328  1
3823500 2818500 11 28 22   4.4 1009 239  1.9 2  4.6  88    0    0 243 -328  1
3823500 2818500 11 28 23   4.5 1010 244  1.8 3  4.7  89    0    0 251 -328  1
3823500 2818500 11 28 24   4.8 1010 228  1.8 6  4.7  89    0    0 275 -330  1
3823500 2818500 11 29  1   5.1 1010 220  1.4 6  4.8  88    0    0 293 -331  1
3823500 2818500 11 29  2   5.2 1010 222  1.9 6  4.8  87    0    0 298 -333  1
3823500 2818500 11 29  3   5.5 1010 218  1.6 7  4.9  88    0    0 307 -334  1
3823500 2818500 11 29  4   5.7 1010 217  1.9 7  4.9  87    0    0 316 -335  1
3823500 2818500 11 29  5   5.8 1010 220  2.6 6  4.9  86    0    0 313 -336  1
3823500 2818500 11 29  6   6.0 1009 223  2.7 6  4.9  85    0    0 310 -336  1
3823500 2818500 11 29  7   5.9 1009 217  3.1 6  4.9  85    0    0 313 -337  1
3823500 2818500 11 29  8   6.0 1009 211  2.4 7  4.9  85    0    0 319 -338  1
3823500 2818500 11 29  9   6.7 1009 206  2.5 7  5.1  85    0    6 326 -339  1
3823500 2818500 11 29 10   7.2 1008 204  3.4 7  5.2  84    0   26 328 -340  1
3823500 2818500 11 29 11   7.3 1008 204  3.4 7  5.4  85    0   55 329 -341  1
3823500 2818500 11 29 12   7.7 1008 206  2.9 7  5.7  87    0   83 330 -344  1
3823500 2818500 11 29 13   7.9 1007 208  2.8 7  5.8  87    0   75 330 -346  1
3823500 2818500 11 29 14   8.0 1006 212  3.1 8  5.9  88    0   38 336 -348  1
3823500 2818500 11 29 15   8.1 1005 212  3.0 8  6.0  89    0   23 343 -350  1
3823500 2818500 11 29 16   8.0 1004 194  3.2 8  6.0  89    0   11 344 -351  1
3823500 2818500 11 29 17   7.9 1004 192  2.5 8  6.1  90    0    0 346 -352  1
3823500 2818500 11 29 18   7.7 1003 187  2.7 8  6.1  92    0    0 347 -352  1
3823500 2818500 11 29 19   8.0 1002 181  2.3 8  6.1  92    0    0 350 -352  1
3823500 2818500 11 29 20   8.0 1002 179  2.0 8  6.1  91    0    0 351 -353  1
3823500 2818500 11 29 21   8.0 1001 169  1.8 8  6.2  91    0    0 352 -353  1
3823500 2818500 11 29 22   8.0 1001 165  1.3 8  6.2  92    0    0 352 -354  1
3823500 2818500 11 29 23   8.1 1001 167  0.8 8  6.3  93    0    0 354 -354  1
3823500 2818500 11 29 24   8.1 1001 152  0.8 8  6.4  94    0    0 354 -354  1
3823500 2818500 11 30  1   8.4 1001 149  0.9 8  6.4  93    0    0 355 -355  1
3823500 2818500 11 30  2   8.2 1001 155  0.6 8  6.5  94    0    0 356 -355  1
3823500 2818500 11 30  3   8.4 1001 160  0.4 6  6.5  94    0    0 341 -356  1
3823500 2818500 11 30  4   8.4 1001 147  0.4 7  6.6  95    0    0 333 -356  1
3823500 2818500 11 30  5   8.5 1001 138  0.7 8  6.6  95    0    0 348 -357  1
3823500 2818500 11 30  6   8.5 1001 163  0.7 8  6.7  95    0    0 357 -358  1
3823500 2818500 11 30  7   8.4 1001 137  1.0 8  6.7  96    0    0 357 -359  1
3823500 2818500 11 30  8   8.5 1002 139  1.1 8  6.7  96    0    0 356 -361  1
3823500 2818500 11 30  9   8.4 1002 148  1.0 8  6.7  96    0    2 357 -363  1
3823500 2818500 11 30 10   8.8 1003 139  1.1 7  6.9  98    0   36 348 -364  1
3823500 2818500 11 30 11   9.2 1003 147  1.1 7  7.1  98    0   51 342 -366  1
3823500 2818500 11 30 12   9.5 1003 144  1.3 7  7.2  98    0   48 342 -368  1
3823500 2818500 11 30 13   9.9 1003 142  1.4 6  7.4  98    0   64 333 -370  1
3823500 2818500 11 30 14  10.0 1003 145  1.5 7  7.5  97    0   36 331 -371  1
3823500 2818500 11 30 15   9.9 1003 143  1.4 7  7.5  97    0   44 342 -372  1
3823500 2818500 11 30 16  10.0 1003 143  1.8 8  7.4  96    0   20 352 -372  1
3823500 2818500 11 30 17   9.7 1003 139  1.9 6  7.3  95    0    0 344 -372  1
3823500 2818500 11 30 18   9.4 1003 146  1.8 8  7.2  95    0    0 344 -372  1
3823500 2818500 11 30 19   9.5 1004 145  1.8 8  7.1  95    0    0 359 -372  1
3823500 2818500 11 30 20   9.6 1004 147  2.2 8  7.1  95    0    0 360 -372  1
3823500 2818500 11 30 21  10.1 1004 154  2.9 8  7.2  94    0    0 361 -372  1
3823500 2818500 11 30 22   9.9 1004 159  2.3 8  7.3  95    0    0 361 -372  1
3823500 2818500 11 30 23  10.2 1004 157  2.7 7  7.5  96    0    0 355 -372  1
3823500 2818500 11 30 24  10.5 1004 164  2.6 8  7.6  96    0    0 355 -372  1
3823500 2818500 12  1  1  10.7 1004 164  2.9 8  8.0  98    0    0 364 -372  1
3823500 2818500 12  1  2  11.0 1004 170  2.8 8  7.9  97    0    0 364 -372  1
3823500 2818500 12  1  3  11.2 1004 171  2.5 8  8.0  95    0    0 365 -372  1
3823500 2818500 12  1  4  11.0 1004 172  2.1 8  8.1  97    0    0 365 -372  1
3823500 2818500 12  1  5  11.4 1004 173  1.8 8  8.2  98    0    0 365 -372  1
3823500 2818500 12  1  6  11.6 1005 177  2.4 8  8.4  98    0    0 366 -372  1
3823500 2818500 12  1  7  11.9 1005 178  3.3 8  8.5  98    0    0 367 -372  1
3823500 2818500 12  1  8  12.0 1005 184  3.2 8  8.5  97    0    0 367 -372  1
3823500 2818500 12  1  9  11.9 1005 186  2.2 8  8.5  96    0    9 367 -372  1
3823500 2818500 12  1 10  12.3 1005 183  2.1 4  8.5  96    2   45 341 -371  1
3823500 2818500 12  1 11  13.0 1006 184  2.5 7  8.8  95    0   52 337 -371  1
3823500 2818500 12  1 12  13.0 1006 186  2.6 7  8.9  94    0   56 357 -372  1
3823500 2818500 12  1 13  13.0 1006 188  2.5 8  8.8  93    0   34 363 -373  1
3823500 2818500 12  1 14  12.8 1006 193  2.2 8  8.8  94    0   32 369 -375  1
3823500 2818500 12  1 15  12.8 1006 186  2.1 8  8.9  95    0   24 367 -375  1
3823500 2818500 12  1 16  12.8 1006 189  1.8 8  8.8  95    1   22 367 -373  1
3823500 2818500 12  1 17  12.8 1006 207  2.4 8  8.7  94    0    0 366 -370  1
3823500 2818500 12  1 18  12.8 1007 208  2.1 8  8.6  92    0    0 365 -368  1
3823500 2818500 12  1 19  12.6 1007 199  2.3 7  8.4  91    0    0 357 -369  1
3823500 2818500 12  1 20  12.5 1008 209  2.4 7  8.4  92    0    0 350 -368  1
3823500 2818500 12  1 21  12.5 1008 218  2.7 7  8.4  92    0    0 350 -368  1
3823500 2818500 12  1 22  12.3 1009 239  2.0 8  8.4  93    0    0 355 -368  1
3823500 2818500 12  1 23  12.0 1010 296  1.6 8  8.1  91    0    0 360 -366  1
3823500 2818500 12  1 24  10.5 1011 306  2.2 7  7.6  90    0    0 349 -363  1
3823500 2818500 12  2  1  10.2 1012 302  1.7 8  7.2  91    0    0 346 -358  1
3823500 2818500 12  2  2   9.4 1013 302  0.2 7  7.0  92    0    0 343 -353  1
3823500 2818500 12  2  3   7.5 1014 288  0.5 6  6.6  95    0    0 324 -348  1
3823500 2818500 12  2  4   6.2 1015 312  0.0 4  5.9  96    0    0 299 -345  1
3823500 2818500 12  2  5   5.5 1015 337  0.1 4  5.6  98    0    0 282 -343  1
3823500 2818500 12  2  6   5.5 1015 274  0.1 5  5.6 100    0    0 285 -343  1
3823500 2818500 12  2  7   6.1 1016   5  0.4 5  5.7 100    0    0 288 -342  1
3823500 2818500 12  2  8   6.5 1017  25  0.5 8  5.9 100    0    0 306 -342  1
3823500 2818500 12  2  9   7.2 1017  38  0.4 8  6.1 100    0    4 324 -341  1
3823500 2818500 12  2 10   7.4 1018  75  1.9 8  6.3  99    4   48 325 -341  1
3823500 2818500 12  2 11   7.6 1018  60  2.4 7  6.3  98    0   48 318 -343  1
3823500 2818500 12  2 12   7.9 1018  63  1.4 7  6.4  98    0   57 310 -346  1
3823500 2818500 12  2 13   8.2 1018  69  2.8 7  6.5  97    0   71 308 -349  1
3823500 2818500 12  2 14   8.5 1017  68  2.5 6  6.4  94    1   74 301 -351  1
3823500 2818500 12  2 15   8.2 1017  71  2.5 6  6.3  92    1   48 292 -352  1
3823500 2818500 12  2 16   8.3 1017  17  2.3 7  6.2  92    4   26 295 -351  1
3823500 2818500 12  2 17   8.2 1017  42  2.4 7  6.2  92    0    1 299 -347  1
3823500 2818500 12  2 18   8.2 1017  71  2.0 7  6.2  92    0    0 300 -341  1
3823500 2818500 12  2 19   8.2 1016  70  2.0 7  6.2  92    0    0 301 -337  1
3823500 2818500 12  2 20   7.9 1016  77  1.8 7  6.2  93    0    0 302 -335  1
3823500 2818500 12  2 21   7.9 1016  80  1.3 8  6.2  94    0    0 308 -335  1
3823500 2818500 12  2 22   7.9 1016 104  1.2 8  6.2  94    0    0 316 -334  1
3823500 2818500 12  2 23   8.1 1016 108  1.0 8  6.3  94    0    0 318 -333  1
3823500 2818500 12  2 24   8.1 1016 101  1.1 8  6.4  95    0    0 319 -332  1
3823500 2818500 12  3  1   8.1 1016 139  0.6 8  6.4  95    0    0 320 -331  1
3823500 2818500 12  3  2   8.3 1016 113  0.8 8  6.3  94    0    0 320 -330  1
3823500 2818500 12  3  3   8.2 1015  99  0.6 8  6.4  94    0    0 322 -331  1
3823500 2818500 12  3  4   8.3 1015  94  0.6 7  6.4  95    0    0 319 -331  1
3823500 2818500 12  3  5   8.3 1015 128  0.5 8  6.5  95    0    0 320 -331  1
3823500 2818500 12  3  6   8.4 1015 103  0.2 8  6.6  96    0    0 325 -331  1
3823500 2818500 12  3  7   8.5 1015  85  0.3 8  6.6  95    0    0 324 -331  1
3823500 2818500 12  3  8   8.4 1015 105  0.5 8  6.7  97    0    0 325 -331  1
3823500 2818500 12  3  9   8.6 1015  99  0.5 8  6.7  97    0    3 326 -332  1
3823500 2818500 12  3 10   8.8 1015 123  0.3 8  6.7  96    0   24 326 -333  1
3823500 2818500 12  3 11   9.1 1015 139  0.7 8  6.8  95    0   56 328 -337  1
3823500 2818500 12  3 12   9.6 1015 140  0.8 8  7.0  95    0   45 330 -342  1
3823500 2818500 12  3 13   9.9 1014 120  0.9 8  7.1  94    0   33 331 -346  1
3823500 2818500 12  3 14  10.0 1014 130  1.4 7  7.1  93    0   50 328 -349  1
3823500 2818500 12  3 15   9.9 1013 123  1.2 8  7.1  93    0   16 328 -350  1
3823500 2818500 12  3 16   9.8 1013 130  1.4 8  7.0  93    0   10 332 -349  1
3823500 2818500 12  3 17   9.6 1013 124  1.0 8  7.0  93    0    0 332 -346  1
3823500 2818500 12  3 18   9.7 1012 133  0.5 8  6.9  93    0    0 333 -344  1
3823500 2818500 12  3 19   9.5 1012 135  0.7 7  6.9  92    0    0 329 -342  1
3823500 2818500 12  3 20   9.1 1012 129  0.3 7  6.8  93    0    0 324 -339  1
3823500 2818500 12  3 21   8.9 1011 145  0.8 7  6.7  93    0    0 323 -337  1
3823500 2818500 12  3 22   8.9 1011 145  1.1 7  6.7  93    0    0 323 -337  1
3823500 2818500 12  3 23   8.6 1010 143  1.2 7  6.6  93    0    0 321 -338  1
3823500 2818500 12  3 24   8.5 1010 151  1.4 8  6.4  92    0    0 324 -338  1
3823500 2818500 12  4  1   8.4 1009 151  1.3 8  6.3  91    0    0 329 -339  1
3823500 2818500 12  4  2   8.1 1009 155  1.5 8  6.2  91    0    0 329 -341  1
3823500 2818500 12  4  3   7.9 1008 153  0.8 8  6.1  90    0    0 330 -342  1
3823500 2818500 12  4  4   7.7 1007 169  0.8 8  6.0  91    0    0 330 -344  1
3823500 2818500 12  4  5   7.9 1007 172  1.4 8  6.0  90    0    0 331 -346  1
3823500 2818500 12  4  6   7.5 1006 156  1.4 8  5.9  90    0    0 331 -348  1
3823500 2818500 12  4  7   7.8 1005 163  1.8 8  5.9  90    0    0 332 -349  1
3823500 2818500 12  4  8   8.0 1004 165  2.3 8  5.9  88    0    0 333 -350  1
3823500 2818500 12  4  9   7.9 1004 175  2.7 8  6.0  89    0    2 336 -350  1
3823500 2818500 12  4 10   7.9 1003 167  2.4 8  6.0  90    0   13 338 -351  1
3823500 2818500 12  4 11   8.2 1002 168  2.9 8  6.2  92    0   28 339 -352  1
3823500 2818500 12  4 12   8.4 1001 179  3.6 8  6.3  92    0   23 342 -353  1
3823500 2818500 12  4 13   8.8 1001 194  4.1 8  6.4  90    0   21 343 -354  1
3823500 2818500 12  4 14   9.3 1000 212  3.8 7  6.5  89    0   37 339 -355  1
3823500 2818500 12  4 15   9.3  999 225  4.1 7  6.6  89    0   28 335 -356  1
3823500 2818500 12  4 16   9.6  999 234  4.0 8  6.6  88    5   29 341 -356  1
3823500 2818500 12  4 17   9.7 1000 244  4.2 7  6.6  86    0    4 343 -356  1
3823500 2818500 12  4 18   9.7 1000 264  5.0 7  6.4  85    0    0 337 -357  1
3823500 2818500 12  4 19   9.0 1001 267  4.9 6  6.1  83    0    0 327 -357  1
3823500 2818500 12  4 20   8.5 1003 263  4.2 5  5.8  81    0    0 306 -357  1
3823500 2818500 12  4 21   7.6 1004 242  3.6 3  5.6  82    0    0 280 -356  1
3823500 2818500 12  4 22   7.5 1004 243  3.5 5  5.4  82    0    0 275 -355  1
3823500 2818500 12  4 23   7.3 1005 246  3.7 6  5.4  83    0    0 298 -354  1
3823500 2818500 12  4 24   7.2 1006 245  3.4 7  5.4  85    0    0 312 -352  1
3823500 2818500 12  5  1   7.4 1007 238  4.4 7  5.5  86    0    0 320 -350  1
3823500 2818500 12  5  2   7.2 1008 244  4.0 7  5.6  87    0    0 318 -346  1
3823500 2818500 12  5  3   7.2 1009 252  3.9 7  5.6  89    0    0 316 -345  1
3823500 2818500 12  5  4   7.1 1010 243  3.0 6  5.6  89    0    0 307 -344  1
3823500 2818500 12  5  5   6.5 1010 252  2.6 4  5.5  89    0    0 282 -341  1
3823500 2818500 12  5  6   5.8 1010 237  2.5 2  5.3  89    0    0 252 -337  1
3823500 2818500 12  5  7   5.2 1011 238  2.7 2  5.1  90    0    0 239 -332  1
3823500 2818500 12  5  8   5.0 1011 234  2.5 4  5.0  91    0    0 252 -330  1
3823500 2818500 12  5  9   4.8 1011 210  2.0 6  4.9  92    0    5 279 -328  1
3823500 2818500 12  5 10   5.1 1012 216  2.6 7  5.0  92    4   45 299 -329  1
3823500 2818500 12  5 11   5.7 1012 206  2.5 8  5.1  91    6   72 314 -333  1
3823500 2818500 12  5 12   6.4 1011 198  2.3 7  5.2  89   38  109 316 -339  1
3823500 2818500 12  5 13   7.5 1010 188  3.2 7  5.3  86   58  111 313 -344  1
3823500 2818500 12  5 14   7.7 1010 177  3.1 7  5.4  84    3   76 315 -347  1
3823500 2818500 12  5 15   8.4 1008 182  2.9 6  5.5  82    7   58 310 -348  1
3823500 2818500 12  5 16   8.3 1007 185  3.0 7  5.4  79    0   10 310 -347  1
3823500 2818500 12  5 17   7.8 1005 163  3.5 8  5.4  81    0    0 324 -346  1
3823500 2818500 12  5 18   7.3 1003 163  3.5 8  5.6  86    0    0 329 -346  1
3823500 2818500 12  5 19   7.5 1002 175  3.1 8  5.9  91    0    0 331 -347  1
3823500 2818500 12  5 20   8.0 1001 197  2.9 8  6.1  92    0    0 333 -348  1
3823500 2818500 12  5 21   9.3  999 228  4.2 8  6.5  92    0    0 339 -350  1
3823500 2818500 12  5 22   9.6  999 244  3.5 8  6.8  91    0    0 344 -353  1
3823500 2818500 12  5 23   9.6  999 269  4.9 8  6.8  90    0    0 345 -355  1
3823500 2818500 12  5 24   9.2  999 260  5.3 8  6.5  88    0    0 346 -354  1
3823500 2818500 12  6  1   8.7 1000 256  5.2 8  6.3  87    0    0 344 -352  1
3823500 2818500 12  6  2   8.2 1000 249  4.7 8  6.2  88    0    0 343 -350  1
3823500 2818500 12  6  3   8.3 1000 252  4.4 8  6.3  92    0    0 344 -348  1
3823500 2818500 12  6  4   8.6 1001 267  4.0 8  6.4  92    0    0 345 -347  1
3823500 2818500 12  6  5   8.3 1002 320  5.0 8  6.4  92    0    0 345 -347  1
3823500 2818500 12  6  6   7.1 1004 339  6.4 7  6.0  90    0    0 334 -347  1
3823500 2818500 12  6  7   6.6 1007 343  6.1 8  5.5  88    0    0 329 -347  1
3823500 2818500 12  6  8   6.5 1010 348  5.9 7  5.2  86    0    0 326 -348  1
3823500 2818500 12  6  9   6.1 1013 342  3.7 6  5.1  85    0    5 313 -349  1
3823500 2818500 12  6 10   6.4 1015 316  2.3 6  5.1  86    0   34 307 -350  1
3823500 2818500 12  6 11   6.9 1016 318  2.8 8  5.2  86    0   37 319 -352  1
3823500 2818500 12  6 12   7.1 1018 334  2.7 7  5.2  84    0   69 325 -355  1
3823500 2818500 12  6 13   7.5 1019 316  3.6 6  5.1  80   11   86 315 -356  1
3823500 2818500 12  6 14   7.5 1020 304  3.4 5  4.8  75   58   66 304 -356  1
3823500 2818500 12  6 15   6.8 1021 359  2.1 7  4.7  75   11   49 309 -355  1
3823500 2818500 12  6 16   5.6 1021 346  0.9 5  4.7  80   20   14 308 -355  1
3823500 2818500 12  6 17   3.6 1022 312  0.1 3  4.5  85    0    4 279 -353  1
3823500 2818500 12  6 18   3.5 1023 292  0.4 3  4.4  90    0    0 264 -350  1
3823500 2818500 12  6 19   4.6 1024 303  0.2 5  4.6  92    0    0 277 -346  1
3823500 2818500 12  6 20   4.5 1025 297  0.3 6  4.8  92    0    0 295 -343  1
3823500 2818500 12  6 21   3.2 1025 292  0.1 4  4.6  92    0    0 285 -338  1
3823500 2818500 12  6 22   3.0 1026 301  0.2 4  4.4  94    0    0 272 -335  1
3823500 2818500 12  6 23   3.1 1026 291  0.5 5  4.4  94    0    0 277 -332  1
3823500 2818500 12  6 24   1.4 1027 308  0.0 5  4.3  98    0    0 279 -328  1
3823500 2818500 12  7  1   0.9 1027 279  0.1 3  4.0  99    0    0 265 -322  1
3823500 2818500 12  7  2  -0.1 1027 322  0.0 3  3.8  98    0    0 251 -319  1
3823500 2818500 12  7  3  -0.2 1028  40  0.1 4  3.6  98    0    0 253 -317  1
3823500 2818500 12  7  4  -0.2 1028  48  0.1 3  3.6  99    0    0 252 -314  1
3823500 2818500 12  7  5   0.8 1028 199  0.1 3  3.8 100    0    0 248 -312  1
3823500 2818500 12  7  6   0.3 1029 157  0.1 3  3.9  99    0    0 248 -312  1
3823500 2818500 12  7  7   0.0 1029 176  0.1 4  3.7  98    0    0 250 -312  1
3823500 2818500 12  7  8  -1.0 1029 223  0.1 4  3.5  98    0    0 251 -311  1
3823500 2818500 12  7  9  -0.8 1030 219  0.1 5  3.4  98    0    3 253 -311  1
3823500 2818500 12  7 10  -0.2 1030 227  0.1 7  3.5  97   10   49 267 -310  1
3823500 2818500 12  7 11   0.6 1031 211  0.1 3  3.7  98   28   92 260 -310  1
3823500 2818500 12  7 12   1.3 1031   9  0.1 6  3.9  98   13  105 259 -312  1
3823500 2818500 12  7 13   2.2 1031  82  0.1 5  4.1  98   48  121 271 -315  1
3823500 2818500 12  7 14   2.8 1031  58  0.6 5  4.3  96   41  104 268 -317  1
3823500 2818500 12  7 15   2.9 1031  58  0.3 6  4.2  92    6   59 272 -317  1
3823500 2818500 12  7 16   2.2 1031  63  0.1 6  4.1  90    3   23 273 -316  1
3823500 2818500 12  7 17   1.7 1031  57  0.4 7  3.9  91    0    3 273 -313  1
3823500 2818500 12  7 18   1.3 1031  91  0.3 5  3.8  91    0    0 265 -311  1
3823500 2818500 12  7 19   0.7 1031  68  0.4 5  3.8  94    0    0 251 -309  1
3823500 2818500 12  7 20  -0.5 1032  54  0.7 5  3.6  96    0    0 247 -308  1
3823500 2818500 12  7 21  -0.8 1032  69  0.7 5  3.4  97    0    0 242 -307  1
3823500 2818500 12  7 22  -0.4 1032  69  0.7 3  3.4  95    0    0 233 -308  1
3823500 2818500 12  7 23   0.0 1032  85  0.9 4  3.4  94    0    0 231 -308  1
3823500 2818500 12  7 24   0.1 1032  71  1.0 6  3.5  94    0    0 246 -309  1
3823500 2818500 12  8  1   0.7 1032  61  0.8 7  3.6  93    0    0 261 -310  1
3823500 2818500 12  8  2   0.7 1032  75  0.8 8  3.6  93    0    0 271 -310  1
3823500 2818500 12  8  3   1.2 1032  87  1.0 8  3.7  93    0    0 277 -311  1
3823500 2818500 12  8  4   1.6 1033 106  0.8 7  3.7  90    0    0 275 -311  1
3823500 2818500 12  8  5   2.0 1032 130  0.8 7  3.7  88    0    0 272 -311  1
3823500 2818500 12  8  6   2.4 1033  89  1.0 5  3.8  86    0    0 264 -311  1
3823500 2818500 12  8  7   2.2 1033  84  1.0 7  3.8  86    0    0 263 -310  1
3823500 2818500 12  8  8   1.9 1033  94  1.1 5  3.7  87    0    0 261 -310  1
3823500 2818500 12  8  9   1.1 1033  85  1.3 3  3.6  88    0    5 244 -310  1
3823500 2818500 12  8 10   2.2 1033  90  1.4 0  3.7  88   34   42 225 -312  1
3823500 2818500 12  8 11   3.8 1034  94  2.2 0  3.8  83  111   55 217 -315  1
3823500 2818500 12  8 12   4.9 1034 123  2.4 0  3.9  77  168   56 221 -318  1
3823500 2818500 12  8 13   5.5 1034 127  2.4 0  4.0  74  171   60 224 -319  1
3823500 2818500 12  8 14   6.2 1033 102  2.3 0  4.0  71  164   49 226 -321  1
3823500 2818500 12  8 15   5.1 1033  76  2.1 0  4.0  72   99   43 226 -322  1
3823500 2818500 12  8 16   3.2 1033  96  2.0 1  3.9  78   34   22 227 -321  1
3823500 2818500 12  8 17   1.6 1034  95  1.7 3  3.8  87    0    2 235 -320  1
3823500 2818500 12  8 18   1.2 1034  76  1.5 3  3.8  92    0    0 242 -320  1
3823500 2818500 12  8 19   0.5 1034  79  1.3 1  3.7  93    0    0 235 -319  1
3823500 2818500 12  8 20   0.3 1034  86  1.5 0  3.6  94    0    0 223 -319  1
3823500 2818500 12  8 21   0.3 1034  84  1.5 0  3.6  94    0    0 221 -319  1
3823500 2818500 12  8 22  -0.1 1034  85  1.4 0  3.5  94    0    0 221 -319  1
3823500 2818500 12  8 23  -0.2 1034  84  1.4 0  3.4  93    0    0 221 -319  1
3823500 2818500 12  8 24  -0.5 1034  78  1.4 1  3.3  92    0    0 226 -319  1
3823500 2818500 12  9  1  -0.6 1034  77  1.3 2  3.3  92    0    0 234 -319  1
3823500 2818500 12  9  2  -0.5 1034  90  2.1 3  3.3  92    0    0 243 -319  1
3823500 2818500 12  9  3  -0.1 1033  93  0.9 4  3.3  91    0    0 252 -319  1
3823500 2818500 12  9  4   0.1 1033  62  0.8 4  3.3  88    0    0 256 -319  1
3823500 2818500 12  9  5  -0.6 1033  73  0.7 4  3.1  86    0    0 255 -318  1
3823500 2818500 12  9  6  -0.8 1033  68  0.4 2  3.1  87    0    0 245 -318  1
3823500 2818500 12  9  7  -1.6 1033  51  0.9 2  3.0  88    0    0 232 -318  1
3823500 2818500 12  9  8  -2.1 1032  72  0.5 1  2.9  89    0    0 225 -317  1
3823500 2818500 12  9  9  -2.5 1032  73  0.4 1  2.9  91    0    4 218 -317  1
3823500 2818500 12  9 10  -1.9 1032  63  0.6 0  3.0  94   27   46 214 -316  1
3823500 2818500 12  9 11  -0.9 1034  73  0.7 1  3.1  92   85   73 215 -316  1
3823500 2818500 12  9 12  -0.1 1034  64  1.0 1  3.1  87  137   80 222 -316  1
3823500 2818500 12  9 13   0.7 1033  66  1.0 1  3.2  83  157   79 224 -317  1
3823500 2818500 12  9 14   1.3 1033  74  1.1 1  3.2  80  137   72 225 -316  1
3823500 2818500 12  9 15   1.3 1033  68  0.8 1  3.2  80   79   56 225 -315  1
3823500 2818500 12  9 16   1.0 1033  54  0.8 3  3.2  80   23   25 234 -312  1
3823500 2818500 12  9 17   0.7 1033  54  0.4 4  3.2  81    0    2 246 -307  1
3823500 2818500 12  9 18   0.8 1033  74  0.8 5  3.3  83    0    0 252 -303  1
3823500 2818500 12  9 19   0.9 1033  81  0.2 7  3.3  84    0    0 263 -302  1
3823500 2818500 12  9 20   0.5 1033  78  0.3 5  3.3  84    0    0 267 -301  1
3823500 2818500 12  9 21   0.2 1033  81  0.2 4  3.2  85    0    0 255 -300  1
3823500 2818500 12  9 22  -0.2 1033  82  0.2 3  3.2  86    0    0 230 -300  1
3823500 2818500 12  9 23  -0.0 1034 110  0.3 3  3.4  88    0    0 222 -299  1
3823500 2818500 12  9 24   0.5 1034 144  0.5 2  3.6  91    0    0 238 -299  1
3823500 2818500 12 10  1   1.3 1010 184  0.7 2  3.9  93    0    0 231 -324  1
3823500 2818500 12 10  2   1.8 1011 209  0.8 1  4.2  96    0    0 225 -323  1
3823500 2818500 12 10  3   2.0 1011 223  1.0 0  4.3  97    0    0 220 -322  1
3823500 2818500 12 10  4   1.7 1013 213  1.0 0  4.3  98    0    0 221 -324  1
3823500 2818500 12 10  5   1.5 1013 216  1.0 0  4.2  99    0    0 221 -328  1
3823500 2818500 12 10  6   1.0 1014 197  0.8 0  4.2 100    0    0 221 -331  1
3823500 2818500 12 10  7   0.6 1015 229  1.0 0  4.0 100    0    0 220 -332  1
3823500 2818500 12 10  8   0.3 1015 198  0.6 0  3.9 100    0    0 217 -334  1
3823500 2818500 12 10  9   0.0 1016 180  0.3 1  3.8 100    0    9 220 -335  1
3823500 2818500 12 10 10   1.9 1017 173  1.1 1  4.1 100   24   43 226 -336  1
3823500 2818500 12 10 11   2.6 1017 201  1.4 4  4.4 100   38   80 247 -338  1
3823500 2818500 12 10 12   2.9 1018 203  1.8 5  4.5  98   35  101 272 -342  1
3823500 2818500 12 10 13   3.8 1018 201  1.9 3  4.7  98  110   86 268 -345  1
3823500 2818500 12 10 14   4.9 1019 201  2.1 2  5.1  98  139   60 254 -345  1
3823500 2818500 12 10 15   5.6 1019 199  2.1 2  5.1  94   85   49 250 -344  1
3823500 2818500 12 10 16   5.0 1019 198  1.9 3  5.0  91   15   23 254 -341  1
3823500 2818500 12 10 17   4.2 1019 191  1.9 3  4.8  91    0    0 255 -337  1
3823500 2818500 12 10 18   4.0 1019 184  1.0 3  4.7  93    0    0 250 -333  1
3823500 2818500 12 10 19   4.3 1019 197  1.9 2  4.7  93    0    0 244 -329  1
3823500 2818500 12 10 20   4.1 1019 192  2.2 2  4.7  92    0    0 240 -327  1
3823500 2818500 12 10 21   4.2 1019 196  2.9 3  4.6  90    0    0 244 -326  1
3823500 2818500 12 10 22   3.9 1018 202  2.7 3  4.5  88    0    0 248 -326  1
3823500 2818500 12 10 23   3.9 1018 198  3.6 3  4.3  87    0    0 249 -326  1
3823500 2818500 12 10 24   4.0 1018 196  3.9 5  4.2  85    0    0 261 -328  1
3823500 2818500 12 11  1   4.4 1017 198  4.8 6  4.2  82    0    0 280 -330  1
3823500 2818500 12 11  2   4.8 1016 200  5.6 7  4.2  79    0    0 293 -331  1
3823500 2818500 12 11  3   5.1 1015 196  4.6 7  4.2  77    0    0 301 -333  1
3823500 2818500 12 11  4   5.4 1014 196  4.7 7  4.1  75    0    0 302 -334  1
3823500 2818500 12 11  5   5.5 1013 196  5.1 8  4.1  74    0    0 310 -336  1
3823500 2818500 12 11  6   5.2 1012 199  5.0 8  4.1  74    0    0 316 -337  1
3823500 2818500 12 11  7   5.3 1011 201  5.0 7  4.2  75    0    0 313 -338  1
3823500 2818500 12 11  8   5.2 1011 196  4.5 7  4.3  79    0    0 311 -339  1
3823500 2818500 12 11  9   5.4 1010 199  5.0 8  4.6  83    0    1 317 -339  1
3823500 2818500 12 11 10   5.5 1009 205  5.1 8  4.8  86    0   14 324 -340  1
3823500 2818500 12 11 11   5.6 1009 207  5.3 7  5.1  89    0   31 322 -342  1
3823500 2818500 12 11 12   5.6 1008 204  5.3 8  5.2  92    0   30 324 -344  1
3823500 2818500 12 11 13   5.9 1007 207  5.0 8  5.3  93    0   34 331 -345  1
3823500 2818500 12 11 14   6.2 1007 206  5.3 8  5.5  93    0   36 334 -346  1
3823500 2818500 12 11 15   6.5 1006 204  4.5 7  5.6  94    0   30 333 -347  1
3823500 2818500 12 11 16   6.9 1006 206  5.3 8  5.8  94    0    9 335 -347  1
3823500 2818500 12 11 17   7.2 1006 209  5.3 8  5.9  94    0    0 340 -347  1
3823500 2818500 12 11 18   7.5 1006 212  4.7 8  6.0  93    0    0 341 -346  1
3823500 2818500 12 11 19   7.6 1005 214  4.3 8  6.1  93    0    0 342 -346  1
3823500 2818500 12 11 20   7.6 1006 218  3.8 8  6.1  93    0    0 341 -346  1
3823500 2818500 12 11 21   7.6 1006 225  4.1 8  6.1  94    0    0 340 -346  1
3823500 2818500 12 11 22   7.4 1006 225  3.8 8  6.2  95    0    0 338 -346  1
3823500 2818500 12 11 23   7.3 1006 227  3.0 8  6.2  97    0    0 337 -346  1
3823500 2818500 12 11 24   7.1 1006 233  2.5 7  6.2  98    0    0 330 -347  1
3823500 2818500 12 12  1   6.9 1007 227  1.1 8  6.1  98    0    0 329 -347  1
3823500 2818500 12 12  2   6.7 1007 211  0.5 8  6.0  98    0    0 335 -347  1
3823500 2818500 12 12  3   6.7 1007 235  0.6 8  6.0  98    0    0 335 -347  1
3823500 2818500 12 12  4   6.8 1007 225  0.6 8  6.0  97    0    0 336 -348  1
3823500 2818500 12 12  5   6.7 1008 248  1.3 8  6.0  97    0    0 336 -348  1
3823500 2818500 12 12  6   6.5 1008 255  2.5 7  5.9  96    0    0 330 -348  1
3823500 2818500 12 12  7   5.7 1009 236  1.2 5  5.6  95    0    0 310 -348  1
3823500 2818500 12 12  8   4.8 1010 224  1.9 3  5.3  96    0    0 283 -347  1
3823500 2818500 12 12  9   4.7 1010 213  2.0 1  5.2  98    0    8 259 -346  1
3823500 2818500 12 12 10   5.3 1011 211  2.2 0  5.2  96   28   42 243 -345  1
3823500 2818500 12 12 11   6.6 1012 217  2.9 0  5.3  92   90   65 239 -344  1
3823500 2818500 12 12 12   7.4 1012 224  4.0 0  5.4  87  141   73 241 -343  1
3823500 2818500 12 12 13   8.0 1013 231  4.6 2  5.4  83  147   76 255 -343  1
3823500 2818500 12 12 14   8.3 1012 228  4.5 2  5.4  80  115   73 269 -343  1
3823500 2818500 12 12 15   8.2 1012 218  4.2 3  5.3  79   77   55 275 -341  1
3823500 2818500 12 12 16   7.4 1011 216  4.1 4  5.2  80   15   23 284 -338  1
3823500 2818500 12 12 17   7.4 1011 218  3.9 7  5.2  80    0    0 303 -334  1
3823500 2818500 12 12 18   7.6 1011 210  3.8 7  5.1  79    0    0 320 -331  1
3823500 2818500 12 12 19   7.4 1011 210  4.5 8  5.1  79    0    0 325 -330  1
3823500 2818500 12 12 20   7.3 1011 210  5.0 7  5.1  80    0    0 324 -330  1
3823500 2818500 12 12 21   7.1 1011 217  4.9 7  5.1  80    0    0 314 -330  1
3823500 2818500 12 12 22   7.1 1010 216  5.1 7  5.1  81    0    0 312 -329  1
3823500 2818500 12 12 23   6.7 1010 220  4.6 8  5.3  85    0    0 319 -329  1
3823500 2818500 12 12 24   6.9 1010 223  4.7 8  5.5  90    0    0 326 -330  1
3823500 2818500 12 13  1   7.1 1010 224  4.5 8  5.7  91    0    0 328 -332  1
3823500 2818500 12 13  2   7.4 1010 220  4.2 8  5.7  90    0    0 329 -334  1
3823500 2818500 12 13  3   7.4 1010 224  4.6 7  5.8  91    0    0 325 -335  1
3823500 2818500 12 13  4   7.6 1010 229  3.7 7  6.0  92    0    0 321 -335  1
3823500 2818500 12 13  5   7.8 1010 230  3.4 8  6.0  92    0    0 329 -336  1
3823500 2818500 12 13  6   7.9 1011 225  3.7 8  6.1  92    0    0 337 -338  1
3823500 2818500 12 13  7   8.0 1011 230  3.3 7  6.1  92    0    0 332 -340  1
3823500 2818500 12 13  8   8.1 1012 232  2.7 6  6.2  93    0    0 322 -341  1
3823500 2818500 12 13  9   8.5 1012 231  2.5 6  6.3  93    0    1 316 -341  1
3823500 2818500 12 13 10   8.7 1013 230  2.5 7  6.5  93    0   17 324 -341  1
3823500 2818500 12 13 11   9.4 1014 230  3.1 7  6.7  93    0   36 331 -342  1
3823500 2818500 12 13 12   9.9 1014 232  3.6 7  6.8  91    0   45 332 -344  1
3823500 2818500 12 13 13  10.3 1014 235  4.2 7  6.8  89    5   71 331 -346  1
3823500 2818500 12 13 14  10.1 1014 227  4.1 7  6.8  88   10   60 328 -348  1
3823500 2818500 12 13 15  10.2 1014 225  4.1 7  6.8  88    0   20 326 -349  1
3823500 2818500 12 13 16  10.1 1014 220  4.5 7  6.8  88    0    7 325 -350  1
3823500 2818500 12 13 17  10.3 1014 224  4.3 6  6.8  88    0    0 320 -349  1
3823500 2818500 12 13 18  10.0 1014 220  4.8 7  6.8  89    0    0 320 -347  1
3823500 2818500 12 13 19  10.4 1014 221  5.0 8  6.8  88    0    0 331 -345  1
3823500 2818500 12 13 20  10.3 1014 222  5.5 8  6.7  86    0    0 335 -343  1
3823500 2818500 12 13 21  10.0 1014 225  5.4 8  6.4  83    0    0 332 -341  1
3823500 2818500 12 13 22  10.0 1014 230  6.3 8  6.2  80    0    0 329 -339  1
3823500 2818500 12 13 23   9.9 1014 228  5.8 8  6.0  78    0    0 324 -337  1
3823500 2818500 12 13 24   9.7 1014 224  6.0 7  5.9  78    0    0 316 -336  1
3823500 2818500 12 14  1   9.6 1014 230  5.4 7  5.8  78    0    0 307 -335  1
3823500 2818500 12 14  2   9.5 1015 232  6.1 8  5.8  78    0    0 308 -334  1
3823500 2818500 12 14  3   9.4 1014 227  5.5 7  5.8  78    0    0 305 -334  1
3823500 2818500 12 14  4   9.2 1014 229  5.5 7  5.8  79    0    0 299 -333  1
3823500 2818500 12 14  5   8.9 1014 221  5.0 7  5.7  80    0    0 296 -332  1
3823500 2818500 12 14  6   8.9 1014 223  5.1 7  5.7  81    0    0 295 -332  1
3823500 2818500 12 14  7   9.0 1014 223  4.5 7  5.8  81    0    0 293 -331  1
3823500 2818500 12 14  8   8.9 1014 222  4.5 7  5.8  81    0    0 292 -330  1
3823500 2818500 12 14  9   9.2 1015 218  4.3 8  5.8  81    0    0 294 -329  1
3823500 2818500 12 14 10   9.4 1015 223  4.7 8  5.9  80    0   10 296 -329  1
3823500 2818500 12 14 11   9.3 1016 217  4.6 7  5.9  80    1   56 293 -330  1
3823500 2818500 12 14 12   9.6 1016 227  4.8 7  5.9  80    5   76 290 -333  1
3823500 2818500 12 14 13   9.7 1016 223  5.1 8  5.9  79    0   57 291 -337  1
3823500 2818500 12 14 14   9.9 1016 221  4.9 7  5.9  79    0   49 290 -339  1
3823500 2818500 12 14 15   9.9 1015 221  4.1 7  6.0  79    0   29 287 -339  1
3823500 2818500 12 14 16  10.2 1015 221  3.7 8  6.0  79    0    8 290 -337  1
3823500 2818500 12 14 17  10.1 1015 225  4.3 8  6.0  78    0    0 291 -334  1
3823500 2818500 12 14 18  10.0 1016 222  4.2 8  6.0  79    0    0 292 -331  1
3823500 2818500 12 14 19   9.8 1016 222  4.7 7  6.0  79    0    0 291 -330  1
3823500 2818500 12 14 20   9.6 1016 226  4.3 7  6.0  80    0    0 290 -330  1
3823500 2818500 12 14 21   9.4 1016 230  4.7 8  5.9  80    0    0 293 -329  1
3823500 2818500 12 14 22   9.0 1016 226  4.1 8  5.8  80    0    0 296 -328  1
3823500 2818500 12 14 23   8.4 1017 226  3.7 8  5.7  81    0    0 297 -328  1
3823500 2818500 12 14 24   8.1 1017 222  4.0 8  5.6  83    0    0 299 -327  1
3823500 2818500 12 15  1   8.0 1017 218  3.8 8  5.6  84    0    0 301 -327  1
3823500 2818500 12 15  2   7.4 1017 224  2.7 7  5.5  85    0    0 298 -327  1
3823500 2818500 12 15  3   7.0 1016 225  3.3 8  5.4  86    0    0 298 -326  1
3823500 2818500 12 15  4   7.1 1016 218  3.3 7  5.3  85    0    0 298 -324  1
3823500 2818500 12 15  5   6.8 1016 227  3.4 6  5.2  84    0    0 291 -323  1
3823500 2818500 12 15  6   6.4 1016 219  2.4 5  5.1  84    0    0 283 -322  1
3823500 2818500 12 15  7   6.4 1016 236  2.2 6  5.0  85    0    0 283 -322  1
3823500 2818500 12 15  8   6.6 1016 223  2.9 6  5.1  84    0    0 288 -321  1
3823500 2818500 12 15  9   6.3 1016 220  2.7 6  5.1  85    0    3 289 -321  1
3823500 2818500 12 15 10   6.2 1016 217  2.9 6  5.0  84    8   42 291 -321  1
3823500 2818500 12 15 11   6.6 1016 223  2.8 5  4.9  82   54   82 289 -323  1
3823500 2818500 12 15 12   7.0 1016 219  3.6 5  4.8  78  103   97 286 -327  1
3823500 2818500 12 15 13   7.7 1016 225  3.0 5  4.7  74   87  107 289 -331  1
3823500 2818500 12 15 14   8.5 1015 214  3.7 5  4.7  71   98   90 293 -333  1
3823500 2818500 12 15 15   8.8 1014 221  2.8 5  4.7  68   58   66 295 -333  1
3823500 2818500 12 15 16   8.2 1014 226  2.5 6  4.5  66    8   23 301 -331  1
3823500 2818500 12 15 17   6.8 1014 216  1.7 7  4.3  67    0    0 311 -328  1
3823500 2818500 12 15 18   4.6 1013 209  0.9 6  4.0  71    0    0 305 -327  1
3823500 2818500 12 15 19   3.9 1013 186  0.5 5  3.8  75    0    0 289 -326  1
3823500 2818500 12 15 20   4.9 1013 211  1.5 4  3.8  72    0    0 278 -326  1
3823500 2818500 12 15 21   6.5 1013 215  2.1 4  3.8  67    0    0 277 -325  1
3823500 2818500 12 15 22   6.9 1012 212  2.2 2  3.8  63    0    0 269 -324  1
3823500 2818500 12 15 23   7.0 1012 219  1.7 2  3.7  60    0    0 262 -323  1
3823500 2818500 12 15 24   7.1 1012 213  1.8 1  3.7  60    0    0 259 -323  1
3823500 2818500 12 16  1   7.1 1011 207  1.6 1  3.8  61    0    0 257 -323  1
3823500 2818500 12 16  2   6.6 1011 191  1.3 2  3.8  62    0    0 261 -323  1
3823500 2818500 12 16  3   7.8 1010 203  2.7 2  3.8  60    0    0 266 -323  1
3823500 2818500 12 16  4   7.6 1009 207  3.1 3  3.6  55    0    0 269 -323  1
3823500 2818500 12 16  5   7.3 1008 212  2.9 5  3.6  56    0    0 278 -323  1
3823500 2818500 12 16  6   7.2 1008 212  3.4 7  3.9  62    0    0 293 -324  1
3823500 2818500 12 16  7   7.5 1007 216  4.6 6  4.2  66    0    0 301 -325  1
3823500 2818500 12 16  8   7.8 1007 212  4.0 7  4.5  68    0    0 306 -326  1
3823500 2818500 12 16  9   7.9 1007 213  4.1 7  4.6  70    0    0 313 -329  1
3823500 2818500 12 16 10   7.7 1007 217  4.4 7  4.8  73    0   31 315 -332  1
3823500 2818500 12 16 11   7.2 1007 224  4.1 6  5.1  80    0   59 313 -335  1
3823500 2818500 12 16 12   6.8 1007 229  2.9 8  5.5  88    0   42 318 -340  1
3823500 2818500 12 16 13   6.8 1008 243  2.8 8  5.7  93    0   45 328 -344  1
3823500 2818500 12 16 14   6.7 1008 271  2.6 7  5.8  93    0   62 326 -345  1
3823500 2818500 12 16 15   6.6 1008 278  1.7 8  5.7  93    0   39 327 -344  1
3823500 2818500 12 16 16   6.4 1009 299  1.5 8  5.6  93    0    9 334 -344  1
3823500 2818500 12 16 17   6.2 1009 275  1.1 7  5.5  93    0    0 329 -343  1
3823500 2818500 12 16 18   6.0 1010 259  1.4 6  5.5  94    0    0 318 -343  1
3823500 2818500 12 16 19   5.8 1012 250  1.2 5  5.4  94    0    0 309 -342  1
3823500 2818500 12 16 20   5.1 1012 250  1.4 4  5.2  94    0    0 295 -342  1
3823500 2818500 12 16 21   4.8 1013 248  1.2 4  5.1  95    0    0 287 -341  1
3823500 2818500 12 16 22   4.4 1014 228  1.3 5  5.0  94    0    0 293 -340  1
3823500 2818500 12 16 23   4.0 1014 220  1.1 6  4.8  94    0    0 304 -337  1
3823500 2818500 12 16 24   3.5 1015 220  1.0 4  4.7  96    0    0 294 -333  1
3823500 2818500 12 17  1   3.3 1015 220  1.2 3  4.6  96    0    0 272 -330  1
3823500 2818500 12 17  2   3.1 1015 218  1.4 3  4.6  96    0    0 264 -326  1
3823500 2818500 12 17  3   3.5 1015 211  1.5 3  4.6  96    0    0 264 -323  1
3823500 2818500 12 17  4   3.2 1016 216  1.6 4  4.6  96    0    0 269 -322  1
3823500 2818500 12 17  5   3.6 1016 229  2.1 6  4.7  96    0    0 286 -321  1
3823500 2818500 12 17  6   3.4 1016 220  2.5 7  4.6  95    0    0 302 -320  1
3823500 2818500 12 17  7   2.9 1015 219  2.6 7  4.5  96    0    0 305 -320  1
3823500 2818500 12 17  8   3.4 1015 231  2.7 7  4.5  95    0    0 303 -319  1
3823500 2818500 12 17  9   3.5 1015 220  3.2 6  4.6  94    0    4 296 -319  1
3823500 2818500 12 17 10   4.1 1015 218  3.1 6  4.6  93    6   41 290 -320  1
3823500 2818500 12 17 11   4.3 1015 220  3.6 5  4.7  92   41   86 284 -323  1
3823500 2818500 12 17 12   4.9 1015 225  4.3 3  4.8  90   72  110 265 -328  1
3823500 2818500 12 17 13   5.4 1015 226  4.1 4  4.8  88   56  118 259 -331  1
3823500 2818500 12 17 14   5.7 1014 236  4.3 4  4.9  87   18   93 267 -334  1
3823500 2818500 12 17 15   5.8 1014 233  3.6 4  4.9  87    4   54 269 -335  1
3823500 2818500 12 17 16   5.8 1013 244  2.9 6  5.0  87    0   10 284 -335  1
3823500 2818500 12 17 17   5.6 1013 237  4.2 7  5.0  88    0    0 303 -335  1
3823500 2818500 12 17 18   5.0 1014 250  2.0 6  4.9  88    0    0 301 -334  1
3823500 2818500 12 17 19   4.3 1014 254  1.6 7  4.7  89    0    0 299 -334  1
3823500 2818500 12 17 20   4.0 1014 251  1.7 6  4.6  89    0    0 297 -333  1
3823500 2818500 12 17 21   3.9 1015 241  2.2 2  4.5  90    0    0 268 -333  1
3823500 2818500 12 17 22   3.3 1015 227  1.9 3  4.5  92    0    0 251 -331  1
3823500 2818500 12 17 23   3.0 1016 227  1.5 3  4.4  94    0    0 256 -327  1
3823500 2818500 12 17 24   2.7 1016 227  1.7 2  4.3  94    0    0 249 -324  1
3823500 2818500 12 18  1   2.3 1016 247  1.6 2  4.3  94    0    0 241 -321  1
3823500 2818500 12 18  2   2.3 1017 234  1.6 2  4.3  96    0    0 239 -320  1
3823500 2818500 12 18  3   1.3 1017 228  1.2 4  4.1  96    0    0 246 -319  1
3823500 2818500 12 18  4   1.4 1017 232  1.2 2  4.0  95    0    0 244 -319  1
3823500 2818500 12 18  5   0.2 1018 259  0.8 1  3.8  94    0    0 225 -318  1
3823500 2818500 12 18  6  -0.2 1018 220  0.6 2  3.6  96    0    0 220 -317  1
3823500 2818500 12 18  7  -1.2 1018 223  0.5 5  3.5  97    0    0 237 -316  1
3823500 2818500 12 18  8  -1.3 1019 219  0.6 8  3.4  98    0    0 265 -316  1
3823500 2818500 12 18  9  -0.3 1019 200  1.2 8  3.5  98    0    2 282 -315  1
3823500 2818500 12 18 10  -0.1 1019 184  0.8 7  3.6  98    0   34 278 -316  1
3823500 2818500 12 18 11   0.1 1020 193  0.8 7  3.7  99    0   57 273 -318  1
3823500 2818500 12 18 12   0.5 1021 198  0.9 7  3.8  99    0   63 274 -320  1
3823500 2818500 12 18 13   0.7 1021 197  0.9 7  3.9  99    0   61 274 -323  1
3823500 2818500 12 18 14   1.4 1021 186  1.1 8  4.1 100    0   42 280 -327  1
3823500 2818500 12 18 15   1.4 1021 152  0.8 8  4.2 100    0   28 286 -330  1
3823500 2818500 12 18 16   1.4 1021 208  0.7 7  4.2 100    0   10 279 -328  1
3823500 2818500 12 18 17   1.0 1021 172  0.7 8  4.1 100    0    0 277 -323  1
3823500 2818500 12 18 18   0.9 1022 187  0.7 8  4.0 100    0    0 281 -320  1
3823500 2818500 12 18 19   0.4 1023 141  0.7 8  3.9 100    0    0 280 -319  1
3823500 2818500 12 18 20   0.2 1023 205  1.2 8  3.8 100    0    0 281 -319  1
3823500 2818500 12 18 21  -0.2 1023 206  0.7 7  3.8 100    0    0 277 -318  1
3823500 2818500 12 18 22  -0.4 1024 197  0.6 7  3.7 100    0    0 272 -317  1
3823500 2818500 12 18 23  -0.3 1024   8  0.4 6  3.7 100    0    0 268 -316  1
3823500 2818500 12 18 24  -0.2 1025 311  0.6 8  3.7 100    0    0 276 -316  1
3823500 2818500 12 19  1   0.2 1025 330  0.6 7  3.7  99    0    0 285 -315  1
3823500 2818500 12 19  2   0.5 1025 319  1.0 7  3.7  97    0    0 282 -315  1
3823500 2818500 12 19  3   0.7 1025 220  0.9 7  3.8  98    0    0 285 -315  1
3823500 2818500 12 19  4   0.7 1025 247  0.7 7  3.8  97    0    0 286 -316  1
3823500 2818500 12 19  5   0.8 1025 301  0.5 7  3.8  96    0    0 286 -315  1
3823500 2818500 12 19  6   0.9 1026 242  0.2 6  3.8  96    0    0 281 -315  1
3823500 2818500 12 19  7   0.8 1026 271  0.3 8  3.9  98    0    0 286 -314  1
3823500 2818500 12 19  8   0.7 1026 275  0.7 8  3.9  99    0    0 296 -312  1
3823500 2818500 12 19  9   0.4 1026 289  0.5 8  3.9 100    0    0 296 -309  1
3823500 2818500 12 19 10   1.2 1027  47  0.4 6  4.0 100    2   37 287 -307  1
3823500 2818500 12 19 11   2.2 1027 160  0.7 4  4.2  99   52   84 269 -310  1
3823500 2818500 12 19 12   3.3 1028 277  0.6 4  4.5  98   86  106 262 -314  1
3823500 2818500 12 19 13   5.4 1028 247  0.7 3  4.9  96  105  109 261 -317  1
3823500 2818500 12 19 14   6.0 1027 272  0.8 4  5.2  92   39  100 265 -319  1
3823500 2818500 12 19 15   6.1 1027  74  0.8 6  5.1  89    4   55 281 -319  1
3823500 2818500 12 19 16   3.6 1028  37  0.9 7  4.7  88    0    4 291 -318  1
3823500 2818500 12 19 17   2.2 1028 152  0.9 6  4.2  92    0    0 284 -315  1
3823500 2818500 12 19 18   1.6 1028 163  0.7 5  4.1  96    0    0 270 -312  1
3823500 2818500 12 19 19   1.5 1028 185  0.6 7  4.1  98    0    0 274 -309  1
3823500 2818500 12 19 20   1.4 1028 192  0.9 6  4.1  99    0    0 279 -308  1
3823500 2818500 12 19 21   0.4 1029 183  0.9 5  4.0 100    0    0 267 -308  1
3823500 2818500 12 19 22   0.0 1029 164  0.7 5  3.7  98    0    0 259 -307  1
3823500 2818500 12 19 23  -0.6 1029 185  0.7 4  3.6  98    0    0 252 -307  1
3823500 2818500 12 19 24  -0.9 1029 143  0.5 5  3.5  99    0    0 250 -306  1
3823500 2818500 12 20  1  -0.8 1029 135  1.1 5  3.5  99    0    0 256 -304  1
3823500 2818500 12 20  2  -1.4 1028 183  1.1 5  3.4  98    0    0 255 -303  1
3823500 2818500 12 20  3  -1.3 1029 266  1.4 4  3.3  99    0    0 250 -303  1
3823500 2818500 12 20  4  -1.0 1028 206  1.4 4  3.4  99    0    0 247 -303  1
3823500 2818500 12 20  5  -0.5 1028 235  1.3 6  3.5 100    0    0 261 -304  1
3823500 2818500 12 20  6  -0.1 1028 210  1.6 7  3.6  99    0    0 280 -306  1
3823500 2818500 12 20  7   0.2 1028 214  1.5 6  3.7  99    0    0 282 -306  1
3823500 2818500 12 20  8   0.7 1028 202  1.7 7  3.8  99    0    0 286 -307  1
3823500 2818500 12 20  9   0.9 1028 217  1.9 6  3.9  98    0    2 289 -307  1
3823500 2818500 12 20 10   1.5 1028 216  1.4 7  4.0  97    0    9 293 -308  1
3823500 2818500 12 20 11   2.1 1029 220  1.3 8  4.0  95    0   17 306 -311  1
3823500 2818500 12 20 12   2.5 1029 238  2.2 8  4.2  94    0   31 314 -315  1
3823500 2818500 12 20 13   2.4 1029 240  2.5 7  4.2  95    0   50 311 -318  1
3823500 2818500 12 20 14   2.9 1028 247  2.6 7  4.3  95    0   33 307 -320  1
3823500 2818500 12 20 15   2.9 1028 249  2.0 8  4.4  95    0   20 314 -321  1
3823500 2818500 12 20 16   3.5 1028 247  1.9 7  4.4  94    0   11 316 -322  1
3823500 2818500 12 20 17   3.1 1028 243  1.9 7  4.4  93    0    0 310 -322  1
3823500 2818500 12 20 18   3.0 1028 239  1.2 7  4.4  96    0    0 308 -322  1
3823500 2818500 12 20 19   3.2 1029 246  1.1 8  4.5  96    0    0 313 -322  1
3823500 2818500 12 20 20   3.2 1029 234  0.9 8  4.5  96    0    0 319 -322  1
3823500 2818500 12 20 21   3.4 1029 238  1.2 8  4.5  96    0    0 321 -322  1
3823500 2818500 12 20 22   3.6 1029 267  0.8 8  4.6  96    0    0 322 -322  1
3823500 2818500 12 20 23   4.0 1030 242  1.0 8  4.7  96    0    0 325 -322  1
3823500 2818500 12 20 24   4.0 1030 252  1.1 8  4.8  97    0    0 325 -322  1
3823500 2818500 12 21  1   4.1 1030 289  1.0 8  4.9  98    0    0 326 -321  1
3823500 2818500 12 21  2   4.5 1030 294  0.6 8  5.0  98    0    0 327 -320  1
3823500 2818500 12 21  3   4.8 1030 286  0.5 8  5.1  98    0    0 327 -319  1
3823500 2818500 12 21  4   5.0 1030 291  0.6 7  5.3  99    0    0 323 -319  1
3823500 2818500 12 21  5   5.4 1030 309  0.9 8  5.4  99    0    0 324 -319  1
3823500 2818500 12 21  6   5.4 1031 312  0.8 8  5.4  99    0    0 331 -320  1
3823500 2818500 12 21  7   5.6 1031 354  0.7 8  5.5 100    0    0 331 -320  1
3823500 2818500 12 21  8   5.5 1031   1  0.1 7  5.5 100    0    0 326 -321  1
3823500 2818500 12 21  9   5.5 1031 304  0.5 8  5.5 100    0    0 326 -321  1
3823500 2818500 12 21 10   5.7 1032   4  0.3 8  5.5  99    0   17 330 -323  1
3823500 2818500 12 21 11   5.8 1032   6  0.3 7  5.6  99    0   30 326 -327  1
3823500 2818500 12 21 12   6.2 1033   3  0.4 7  5.7 100    0   55 321 -330  1
3823500 2818500 12 21 13   6.3 1033  49  0.5 7  5.8 100    1   75 321 -333  1
3823500 2818500 12 21 14   6.5 1032 108  0.8 7  5.9 100    0   63 320 -334  1
3823500 2818500 12 21 15   6.6 1032  65  0.8 7  5.9  99    0   33 320 -335  1
3823500 2818500 12 21 16   6.6 1032 273  0.6 8  5.8  98    0    6 324 -335  1
3823500 2818500 12 21 17   6.6 1033 306  0.7 8  5.8  97    0    0 328 -335  1
3823500 2818500 12 21 18   6.2 1033 297  0.7 7  5.8  98    0    0 323 -333  1
3823500 2818500 12 21 19   6.0 1034   3  0.7 8  5.7  99    0    0 322 -331  1
3823500 2818500 12 21 20   5.9 1034 226  0.2 8  5.6  98    0    0 328 -329  1
3823500 2818500 12 21 21   5.6 1034  65  0.2 8  5.5  99    0    0 327 -329  1
3823500 2818500 12 21 22   5.5 1034  55  0.1 8  5.5 100    0    0 326 -329  1
3823500 2818500 12 21 23   5.5 1034 168  0.4 8  5.5 100    0    0 326 -330  1
3823500 2818500 12 21 24   5.3 1034 332  0.1 8  5.5 100    0    0 326 -331  1
3823500 2818500 12 22  1   5.4 1034 358  0.2 8  5.4 100    0    0 326 -332  1
3823500 2818500 12 22  2   5.2 1034   4  0.2 8  5.4 100    0    0 325 -331  1
3823500 2818500 12 22  3   5.1 1034 156  0.8 8  5.4 100    0    0 324 -331  1
3823500 2818500 12 22  4   5.0 1034   3  0.6 8  5.3 100    0    0 323 -330  1
3823500 2818500 12 22  5   4.9 1034 220  0.4 8  5.3 100    0    0 322 -330  1
3823500 2818500 12 22  6   5.0 1034  91  0.5 8  5.2  98    0    0 322 -330  1
3823500 2818500 12 22  7   5.1 1034  18  0.7 7  5.1  96    0    0 317 -330  1
3823500 2818500 12 22  8   5.0 1034 122  0.6 7  5.0  95    0    0 311 -329  1
3823500 2818500 12 22  9   5.1 1034 154  0.6 7  5.0  93    0    0 312 -329  1
3823500 2818500 12 22 10   5.2 1034 100  0.5 7  5.0  92    0   27 312 -330  1
3823500 2818500 12 22 11   5.7 1035 125  0.2 7  5.0  91    0   39 314 -332  1
3823500 2818500 12 22 12   6.5 1035 158  0.6 8  5.0  87    0   34 320 -335  1
3823500 2818500 12 22 13   6.6 1034 167  0.6 7  4.8  82    0   36 320 -338  1
3823500 2818500 12 22 14   6.7 1034  29  0.6 7  4.6  78    0   31 313 -341  1
3823500 2818500 12 22 15   6.6 1034  24  1.3 7  4.5  75    0   23 311 -341  1
3823500 2818500 12 22 16   6.3 1033  51  0.8 7  4.4  75    0    6 309 -339  1
3823500 2818500 12 22 17   5.9 1034  23  0.4 7  4.3  76    0    0 307 -335  1
3823500 2818500 12 22 18   5.6 1034  53  0.6 7  4.3  78    0    0 306 -332  1
3823500 2818500 12 22 19   5.5 1034  61  0.7 8  4.4  79    0    0 311 -331  1
3823500 2818500 12 22 20   5.5 1034  71  0.8 8  4.4  80    0    0 318 -330  1
3823500 2818500 12 22 21   5.6 1034  71  1.1 7  4.4  79    0    0 314 -329  1
3823500 2818500 12 22 22   5.5 1034  92  1.1 7  4.3  79    0    0 310 -328  1
3823500 2818500 12 22 23   5.3 1034 100  1.1 7  4.3  79    0    0 311 -328  1
3823500 2818500 12 22 24   5.1 1034  81  1.2 7  4.3  80    0    0 311 -327  1
3823500 2818500 12 23  1   5.0 1034  67  1.2 8  4.3  80    0    0 315 -327  1
3823500 2818500 12 23  2   4.9 1034  76  1.4 8  4.2  80    0    0 319 -326  1
3823500 2818500 12 23  3   4.7 1034  78  1.5 7  4.2  81    0    0 313 -325  1
3823500 2818500 12 23  4   4.4 1034  80  1.8 7  4.2  81    0    0 307 -324  1
3823500 2818500 12 23  5   4.2 1034  99  1.6 7  4.2  83    0    0 305 -324  1
3823500 2818500 12 23  6   3.9 1033 100  1.2 8  4.2  84    0    0 310 -323  1
3823500 2818500 12 23  7   3.6 1033  80  1.5 8  4.2  86    0    0 313 -322  1
3823500 2818500 12 23  8   3.4 1034  70  1.4 8  4.1  87    0    0 311 -321  1
3823500 2818500 12 23  9   3.2 1034  70  1.6 8  4.1  88    0    0 311 -320  1
3823500 2818500 12 23 10   3.2 1034  63  1.6 8  4.2  89    0   15 309 -320  1
3823500 2818500 12 23 11   3.2 1035  80  1.8 8  4.1  89    0   27 308 -319  1
3823500 2818500 12 23 12   3.1 1035  95  1.8 8  4.1  88    0   32 309 -320  1
3823500 2818500 12 23 13   3.2 1035  86  1.9 8  4.1  89    0   33 307 -324  1
3823500 2818500 12 23 14   3.3 1034  75  1.9 8  4.1  88    0   25 303 -328  1
3823500 2818500 12 23 15   3.4 1034  93  1.2 8  4.1  87    0   15 300 -328  1
3823500 2818500 12 23 16   3.2 1033  90  1.2 8  4.1  88    0    4 296 -325  1
3823500 2818500 12 23 17   2.9 1033  80  1.2 8  4.1  89    0    0 293 -321  1
3823500 2818500 12 23 18   2.9 1033  83  0.7 8  4.1  90    0    0 292 -319  1
3823500 2818500 12 23 19   2.7 1033  88  0.6 8  4.2  92    0    0 291 -319  1
3823500 2818500 12 23 20   2.6 1033  77  0.8 8  4.2  92    0    0 292 -318  1
3823500 2818500 12 23 21   2.5 1033  72  0.9 8  4.2  93    0    0 292 -317  1
3823500 2818500 12 23 22   2.4 1033  65  1.1 8  4.2  94    0    0 291 -316  1
3823500 2818500 12 23 23   2.3 1033  80  1.3 8  4.2  94    0    0 290 -316  1
3823500 2818500 12 23 24   2.2 1033 103  1.5 8  4.1  93    0    0 290 -316  1
3823500 2818500 12 24  1   2.2 1017 134  1.7 8  4.0  92    0    0 314 -320  1
3823500 2818500 12 24  2   2.2 1017 160  1.7 8  3.9  90    0    0 310 -320  1
3823500 2818500 12 24  3   2.2 1017 183  1.7 8  3.9  88    0    0 311 -320  1
3823500 2818500 12 24  4   2.3 1018 187  1.7 8  3.9  87    0    0 315 -320  1
3823500 2818500 12 24  5   2.3 1019 189  1.8 8  3.9  87    0    0 316 -320  1
3823500 2818500 12 24  6   2.6 1019 194  1.8 8  3.8  85    0    0 316 -320  1
3823500 2818500 12 24  7   2.3 1019 192  2.7 8  3.8  84    0    0 317 -320  1
3823500 2818500 12 24  8   2.3 1019 199  3.5 8  3.8  85    0    0 318 -320  1
3823500 2818500 12 24  9   2.5 1019 204  3.7 8  3.8  84    0    0 319 -322  1
3823500 2818500 12 24 10   2.6 1020 214  4.3 8  3.8  83    0   11 319 -323  1
3823500 2818500 12 24 11   3.0 1020 228  4.3 8  3.8  82    1   50 319 -323  1
3823500 2818500 12 24 12   3.6 1020 213  4.0 6  3.8  80   28   88 313 -324  1
3823500 2818500 12 24 13   4.0 1020 225  3.7 6  3.9  79   36   94 309 -327  1
3823500 2818500 12 24 14   4.3 1019 207  4.0 7  4.0  78    5   71 315 -330  1
3823500 2818500 12 24 15   4.4 1019 193  3.5 7  4.0  78    0   36 322 -332  1
3823500 2818500 12 24 16   4.0 1018 192  4.1 8  4.2  82    0    6 328 -334  1
3823500 2818500 12 24 17   4.0 1018 195  3.3 8  4.3  85    0    0 333 -335  1
3823500 2818500 12 24 18   3.7 1018 200  2.7 8  4.4  88    0    0 335 -335  1
3823500 2818500 12 24 19   3.8 1018 201  2.3 8  4.5  91    0    0 335 -336  1
3823500 2818500 12 24 20   3.8 1018 201  2.9 8  4.5  91    0    0 336 -339  1
3823500 2818500 12 24 21   3.8 1018 205  3.3 8  4.5  91    0    0 336 -342  1
3823500 2818500 12 24 22   3.8 1018 202  3.0 7  4.6  92    0    0 330 -344  1
3823500 2818500 12 24 23   3.8 1018 205  3.0 7  4.6  93    0    0 322 -345  1
3823500 2818500 12 24 24   4.1 1017 205  2.9 8  4.7  94    0    0 328 -346  1
3823500 2818500 12 25  1   4.2 1017 203  2.8 8  4.8  94    0    0 334 -347  1
3823500 2818500 12 25  2   4.3 1016 209  3.0 8  4.8  94    0    0 335 -347  1
3823500 2818500 12 25  3   4.9 1016 205  2.8 8  5.0  94    0    0 337 -348  1
3823500 2818500 12 25  4   5.3 1015 211  2.5 8  5.0  92    0    0 339 -348  1
3823500 2818500 12 25  5   5.4 1015 221  3.1 8  5.1  92    0    0 339 -348  1
3823500 2818500 12 25  6   5.7 1014 213  2.8 8  5.2  93    0    0 339 -348  1
3823500 2818500 12 25  7   5.9 1014 217  2.8 8  5.3  92    0    0 339 -349  1
3823500 2818500 12 25  8   6.1 1014 217  2.9 8  5.3  91    0    0 339 -350  1
3823500 2818500 12 25  9   6.3 1014 215  2.9 8  5.3  90    0    0 338 -350  1
3823500 2818500 12 25 10   6.6 1014 210  3.7 8  5.3  89    0    6 337 -350  1
3823500 2818500 12 25 11   6.8 1013 212  3.3 8  5.4  88    0   16 336 -351  1
3823500 2818500 12 25 12   7.0 1013 222  2.9 7  5.5  88    0   34 327 -352  1
3823500 2818500 12 25 13   7.3 1013 226  3.0 7  5.5  88    0   31 317 -353  1
3823500 2818500 12 25 14   7.3 1012 224  3.1 8  5.5  87    0   23 323 -354  1
3823500 2818500 12 25 15   7.6 1011 229  3.0 8  5.5  86    0   13 329 -354  1
3823500 2818500 12 25 16   7.6 1011 222  2.6 8  5.5  85    0    5 328 -352  1
3823500 2818500 12 25 17   7.6 1011 216  3.1 8  5.5  85    0    0 328 -349  1
3823500 2818500 12 25 18   7.7 1011 220  3.2 8  5.6  85    0    0 328 -347  1
3823500 2818500 12 25 19   7.7 1011 220  3.2 7  5.6  86    0    0 322 -348  1
3823500 2818500 12 25 20   7.8 1010 221  3.1 7  5.6  86    0    0 315 -349  1
3823500 2818500 12 25 21   7.9 1010 220  3.1 8  5.6  85    0    0 324 -349  1
3823500 2818500 12 25 22   8.0 1010 227  3.2 8  5.7  86    0    0 333 -349  1
3823500 2818500 12 25 23   8.0 1010 222  3.5 8  5.8  87    0    0 334 -349  1
3823500 2818500 12 25 24   7.5 1010 224  3.3 8  5.8  88    0    0 335 -348  1
3823500 2818500 12 26  1   7.6 1009 228  2.9 8  5.9  91    0    0 334 -348  1
3823500 2818500 12 26  2   7.8 1009 228  3.4 8  6.0  91    0    0 336 -348  1
3823500 2818500 12 26  3   7.6 1009 222  3.4 8  6.0  90    0    0 336 -347  1
3823500 2818500 12 26  4   7.7 1008 218  3.2 8  5.9  90    0    0 335 -347  1
3823500 2818500 12 26  5   7.6 1008 219  3.1 8  5.8  89    0    0 333 -346  1
3823500 2818500 12 26  6   7.5 1007 219  3.0 8  5.8  89    0    0 331 -345  1
3823500 2818500 12 26  7   7.5 1007 211  2.8 7  5.7  88    0    0 322 -345  1
3823500 2818500 12 26  8   7.2 1006 215  2.8 7  5.6  88    0    0 312 -344  1
3823500 2818500 12 26  9   7.2 1006 214  3.4 7  5.5  86    0    0 309 -342  1
3823500 2818500 12 26 10   7.0 1006 203  3.2 8  5.4  85    0   16 311 -342  1
3823500 2818500 12 26 11   7.1 1005 208  3.2 8  5.2  83    0   35 313 -343  1
3823500 2818500 12 26 12   6.7 1004 198  4.1 7  5.1  81    0   67 306 -346  1
3823500 2818500 12 26 13   6.4 1003 187  2.5 7  4.9  81   13  122 301 -349  1
3823500 2818500 12 26 14   6.9 1002 186  3.5 6  4.9  79   29  130 296 -351  1
3823500 2818500 12 26 15   7.0 1000 171  2.7 6  4.9  79   23   96 292 -352  1
3823500 2818500 12 26 16   6.6  999 165  2.1 7  4.9  80    6   37 297 -351  1
3823500 2818500 12 26 17   6.6  998 171  2.2 7  4.9  79    0    1 300 -349  1
3823500 2818500 12 26 18   6.6  997 183  2.4 7  4.7  77    0    0 297 -346  1
3823500 2818500 12 26 19   6.8  996 207  3.2 7  4.6  74    0    0 293 -345  1
3823500 2818500 12 26 20   6.9  996 208  4.0 7  4.5  71    0    0 293 -344  1
3823500 2818500 12 26 21   6.9  995 213  4.0 8  4.6  73    0    0 298 -345  1
3823500 2818500 12 26 22   6.8  994 204  4.3 8  4.7  75    0    0 303 -345  1
3823500 2818500 12 26 23   6.9  994 195  3.4 8  4.8  76    0    0 303 -346  1
3823500 2818500 12 26 24   7.3  993 203  3.0 7  4.9  76    0    0 299 -347  1
3823500 2818500 12 27  1   7.9  992 207  4.2 8  5.0  76    0    0 302 -347  1
3823500 2818500 12 27  2   8.4  991 199  4.1 7  5.2  76    0    0 307 -346  1
3823500 2818500 12 27  3   8.5  991 191  4.4 8  5.4  77    0    0 311 -346  1
3823500 2818500 12 27  4   8.2  990 196  4.1 8  5.7  81    0    0 318 -346  1
3823500 2818500 12 27  5   8.2  989 203  3.8 8  5.9  85    0    0 319 -346  1
3823500 2818500 12 27  6   7.9  989 223  5.2 8  5.9  86    0    0 323 -347  1
3823500 2818500 12 27  7   7.7  988 215  3.7 8  5.8  86    0    0 325 -347  1
3823500 2818500 12 27  8   7.7  988 230  5.4 8  5.6  83    0    0 327 -348  1
3823500 2818500 12 27  9   7.4  988 223  4.4 8  5.3  80    0    0 327 -347  1
3823500 2818500 12 27 10   7.0  989 225  3.9 8  5.2  81    0   15 326 -347  1
3823500 2818500 12 27 11   7.1  989 226  5.0 7  5.1  80    2   56 320 -347  1
3823500 2818500 12 27 12   7.1  990 226  4.8 7  5.0  78    8   86 313 -348  1
3823500 2818500 12 27 13   7.3  990 242  4.4 6  4.9  76   17   96 306 -348  1
3823500 2818500 12 27 14   7.5  990 234  5.4 4  4.8  73   41   91 287 -347  1
3823500 2818500 12 27 15   7.1  991 229  4.8 4  4.6  70   49   60 272 -347  1
3823500 2818500 12 27 16   6.6  991 224  4.3 4  4.4  70   24   27 267 -345  1
3823500 2818500 12 27 17   5.9  992 206  3.4 1  4.4  73    0    2 242 -343  1
3823500 2818500 12 27 18   5.7  992 202  2.3 2  4.5  76    0    0 220 -340  1
3823500 2818500 12 27 19   5.7  992 206  3.1 3  4.5  78    0    0 231 -336  1
3823500 2818500 12 27 20   5.6  992 197  3.0 3  4.5  78    0    0 236 -334  1
3823500 2818500 12 27 21   5.5  992 197  3.0 4  4.5  78    0    0 241 -332  1
3823500 2818500 12 27 22   5.3  991 189  2.5 4  4.4  77    0    0 243 -330  1
3823500 2818500 12 27 23   5.2  990 186  2.6 4  4.3  76    0    0 244 -328  1
3823500 2818500 12 27 24   4.6  990 174  2.5 6  4.3  78    0    0 266 -326  1
3823500 2818500 12 28  1   4.6  989 171  2.8 6  4.3  80    0    0 285 -325  1
3823500 2818500 12 28  2   5.3  988 166  2.5 7  4.4  80    0    0 294 -324  1
3823500 2818500 12 28  3   4.8  986 147  2.9 8  4.6  82    0    0 310 -324  1
3823500 2818500 12 28  4   4.7  985 146  2.5 8  4.8  87    0    0 318 -324  1
3823500 2818500 12 28  5   5.2  983 156  3.2 8  5.0  91    0    0 319 -324  1
3823500 2818500 12 28  6   5.9  982 153  3.4 8  5.4  92    0    0 319 -325  1
3823500 2818500 12 28  7   6.6  980 165  4.3 8  5.6  92    0    0 323 -325  1
3823500 2818500 12 28  8   7.3  979 173  5.3 8  5.8  90    0    0 327 -327  1
3823500 2818500 12 28  9   7.9  979 179  5.0 8  5.8  86    0    0 331 -328  1
3823500 2818500 12 28 10   8.0  979 178  4.8 8  5.9  86    0   15 332 -330  1
3823500 2818500 12 28 11   8.2  979 169  3.8 7  6.0  86    0   38 322 -333  1
3823500 2818500 12 28 12   8.7  979 183  3.9 7  6.0  84    0   53 313 -335  1
3823500 2818500 12 28 13   8.9  979 185  4.1 7  6.0  83    0   74 317 -338  1
3823500 2818500 12 28 14   9.2  978 180  4.2 8  6.1  82    0   62 328 -343  1
3823500 2818500 12 28 15   8.7  978 202  4.7 7  6.0  81    0   27 327 -348  1
3823500 2818500 12 28 16   7.2  978 221  4.6 7  5.6  81    0    7 314 -351  1
3823500 2818500 12 28 17   4.4  979 274  6.5 7  5.1  86    0    0 307 -352  1
3823500 2818500 12 28 18   3.9  982 288  4.3 7  4.8  91    0    0 301 -352  1
3823500 2818500 12 28 19   4.1  984 268  3.5 6  4.8  92    0    0 290 -351  1
3823500 2818500 12 28 20   4.3  986 255  3.9 6  4.8  91    0    0 280 -349  1
3823500 2818500 12 28 21   4.2  988 263  4.4 5  4.7  89    0    0 273 -346  1
3823500 2818500 12 28 22   4.1  990 262  5.0 5  4.6  87    0    0 266 -343  1
3823500 2818500 12 28 23   3.6  991 232  5.0 5  4.4  86    0    0 265 -341  1
3823500 2818500 12 28 24   3.4  991 220  4.5 3  4.2  85    0    0 246 -339  1
3823500 2818500 12 29  1   3.3  992 243  3.6 3  4.2  86    0    0 228 -338  1
3823500 2818500 12 29  2   3.1  993 288  4.4 2  4.2  86    0    0 225 -335  1
3823500 2818500 12 29  3   3.6  993 228  4.9 4  4.2  85    0    0 234 -330  1
3823500 2818500 12 29  4   3.6  994 227  4.7 7  4.1  83    0    0 277 -327  1
3823500 2818500 12 29  5   3.4  994 226  5.4 7  4.1  82    0    0 298 -326  1
3823500 2818500 12 29  6   3.4  994 226  4.5 7  4.0  82    0    0 298 -326  1
3823500 2818500 12 29  7   3.4  995 219  4.6 7  4.0  82    0    0 297 -326  1
3823500 2818500 12 29  8   3.5  995 234  4.3 8  4.0  82    0    0 301 -326  1
3823500 2818500 12 29  9   3.2  996 236  4.7 8  4.0  82    0    0 305 -326  1
3823500 2818500 12 29 10   3.2  997 236  3.9 8  4.0  83    0   16 303 -325  1
3823500 2818500 12 29 11   3.2  998 232  4.5 6  4.1  84    2   58 289 -326  1
3823500 2818500 12 29 12   3.7  999 234  3.8 7  4.2  84    3   80 283 -329  1
3823500 2818500 12 29 13   4.0  999 215  3.5 5  4.2  82   36  108 276 -333  1
3823500 2818500 12 29 14   4.8  999 210  4.5 3  4.1  78  108   85 254 -334  1
3823500 2818500 12 29 15   5.2 1000 216  3.1 3  4.1  74   69   65 245 -333  1
3823500 2818500 12 29 16   3.8 1000 209  1.5 3  3.9  74   26   31 242 -328  1
3823500 2818500 12 29 17   2.2 1000 191  1.4 2  3.6  76    0    4 230 -323  1
3823500 2818500 12 29 18   1.1 1001 197  0.6 2  3.5  80    0    0 222 -320  1
3823500 2818500 12 29 19   0.3 1002 178  0.7 3  3.4  85    0    0 223 -319  1
3823500 2818500 12 29 20  -0.5 1002 168  0.3 3  3.4  89    0    0 225 -319  1
3823500 2818500 12 29 21   0.0 1002 151  0.9 4  3.4  92    0    0 228 -317  1
3823500 2818500 12 29 22   0.2 1003 166  1.4 4  3.5  91    0    0 233 -315  1
3823500 2818500 12 29 23   0.4 1004 182  1.6 6  3.6  91    0    0 243 -314  1
3823500 2818500 12 29 24   1.2 1004 188  1.3 8  3.7  92    0    0 262 -314  1
3823500 2818500 12 30  1   1.6 1004 180  0.9 7  3.8  90    0    0 271 -314  1
3823500 2818500 12 30  2   1.5 1005 169  0.1 7  3.9  91    0    0 269 -314  1
3823500 2818500 12 30  3   1.9 1005 160  0.7 6  3.8  89    0    0 266 -313  1
3823500 2818500 12 30  4   1.6 1005 154  0.1 6  3.8  87    0    0 263 -313  1
3823500 2818500 12 30  5   1.2 1005 134  0.1 7  3.7  88    0    0 268 -311  1
3823500 2818500 12 30  6   1.4 1006 151  0.3 6  3.8  89    0    0 269 -309  1
3823500 2818500 12 30  7   1.4 1006 152  0.5 7  3.8  89    0    0 271 -306  1
3823500 2818500 12 30  8   0.9 1006 142  0.4 6  3.7  88    0    0 270 -305  1
3823500 2818500 12 30  9   0.7 1007 115  0.2 6  3.6  89    0    0 260 -305  1
3823500 2818500 12 30 10   0.2 1007 118  0.1 6  3.5  90    6   35 257 -305  1
3823500 2818500 12 30 11   0.7 1008 151  0.0 6  3.6  92   14   73 256 -307  1
3823500 2818500 12 30 12   2.3 1008 142  0.1 5  3.8  89   39  101 254 -311  1
3823500 2818500 12 30 13   2.8 1008 160  0.3 6  3.9  84   55  108 258 -314  1
3823500 2818500 12 30 14   4.1 1008 147  0.7 4  3.8  77  104   87 254 -316  1
3823500 2818500 12 30 15   3.9 1007 143  0.6 4  3.6  71   60   67 239 -316  1
3823500 2818500 12 30 16   3.3 1008 102  0.1 6  3.6  72   11   27 248 -314  1
3823500 2818500 12 30 17   2.4 1008  38  0.1 8  3.6  76    0    3 271 -310  1
3823500 2818500 12 30 18   1.9 1009  93  0.1 8  3.6  80    0    0 281 -306  1
3823500 2818500 12 30 19   1.7 1009  87  0.1 7  3.6  82    0    0 273 -304  1
3823500 2818500 12 30 20   1.8 1010  91  0.2 7  3.6  84    0    0 265 -303  1
3823500 2818500 12 30 21   2.1 1010  69  0.2 7  3.8  86    0    0 266 -302  1
3823500 2818500 12 30 22   1.9 1011 302  0.2 5  3.9  89    0    0 251 -302  1
3823500 2818500 12 30 23   2.1 1012  26  0.1 5  4.0  91    0    0 238 -302  1
3823500 2818500 12 30 24   1.8 1012  21  0.3 7  4.0  92    0    0 253 -301  1
3823500 2818500 12 31  1   1.9 1012  94  0.4 7  4.0  92    0    0 265 -301  1
3823500 2818500 12 31  2   1.7 1013  51  0.6 7  4.0  92    0    0 264 -300  1
3823500 2818500 12 31  3   1.1 1013  67  0.5 7  3.9  93    0    0 265 -299  1
3823500 2818500 12 31  4   0.8 1014 355  0.8 7  3.8  93    0    0 265 -297  1
3823500 2818500 12 31  5   0.9 1014  18  1.2 7  3.8  94    0    0 266 -295  1
3823500 2818500 12 31  6   0.6 1015 354  1.0 6  3.8  95    0    0 261 -294  1
3823500 2818500 12 31  7   0.5 1015   7  1.5 8  3.7  95    0    0 265 -292  1
3823500 2818500 12 31  8   0.4 1016  38  1.3 8  3.7  95    0    0 274 -292  1
3823500 2818500 12 31  9   0.4 1017  21  1.1 7  3.6  93    0    0 269 -293  1
3823500 2818500 12 31 10   0.7 1017  28  2.0 7  3.7  94    0   30 266 -294  1
3823500 2818500 12 31 11   1.0 1018  45  2.4 7  3.8  96    8   82 268 -297  1
3823500 2818500 12 31 12   1.2 1019  56  2.7 7  3.9  96    3   89 269 -303  1
3823500 2818500 12 31 13   1.2 1019  25  1.6 8  4.0  97    0   52 273 -308  1
3823500 2818500 12 31 14   1.5 1019  23  2.4 8  4.0  97    0   29 276 -312  1
3823500 2818500 12 31 15   1.6 1019  20  1.6 7  4.0  94    0   36 271 -312  1
3823500 2818500 12 31 16   1.5 1019  34  2.0 6  3.8  91    2   27 263 -310  1
3823500 2818500 12 31 17   0.6 1019  51  1.2 5  3.7  90    0    1 253 -306  1
3823500 2818500 12 31 18  -0.6 1019  73  1.0 5  3.4  91    0    0 245 -302  1
3823500 2818500 12 31 19  -2.1 1019  25  1.0 3  3.2  93    0    0 232 -299  1
3823500 2818500 12 31 20  -1.6 1019  62  0.7 5  3.2  94    0    0 218 -298  1
3823500 2818500 12 31 21  -1.6 1019  66  0.6 5  3.2  95    0    0 228 -297  1
3823500 2818500 12 31 22  -1.4 1018  80  0.5 6  3.2  96    0    0 242 -296  1
3823500 2818500 12 31 23   0.5 1018 105  0.7 6  4.0  97    0    0 240 -295  1
3823500 2818500 12 31 24   2.9 1018 138  1.1 7  4.9  97    0    0 235 -294  1
