Koordinatensystem : Lambert konform konisch
Rechtswert        : 3823500 Meter
Hochwert          : 2818500 Meter
Hoehenlage        : 73 Meter ueber NN
Erstellung des Datensatzes im Mai 2016

Art des TRY       : extremer Winter
Bezugszeitraum    : 2031-2060
Datenbasis 1      : Beobachtungsdaten Zeitraum 1995-2012
Datenbasis 2      : Klimasimulationen Zeitraum 1971-2000 (Basis RCP-historical / CORDEX-Europa Laeufe)
Datenbasis 3      : Klimasimulationen Zeitraum 2031-2060 (Basis RCP-4.5 und RCP-8.5 / CORDEX-Europa Laeufe)

Format: (i7,1x,i7,1x,i2,1x,i2,1x,i2,1x,f5.1,1x,i4,1x,3i,1x,f4.1,1x,i1,1x,f4.1,1x,i3,1x,i4,1x,i4,1x,i3,1x,i4,2x,i1)

Reihenfolge der Parameter:
RW Rechtswert                                                    [m]       {3670500;3671500..4389500}
HW Hochwert                                                      [m]       {2242500;2243500..3179500}
MM Monat                                                                   {1..12}
DD Tag                                                                     {1..28,30,31}
HH Stunde (MEZ)                                                            {1..24}
t  Lufttemperatur in 2m Hoehe ueber Grund                        [GradC]
p  Luftdruck in Standorthoehe                                    [hPa]
WR Windrichtung in 10 m Hoehe ueber Grund                        [Grad]    {0..360;999}
WG Windgeschwindigkeit in 10 m Hoehe ueber Grund                 [m/s]
N  Bedeckungsgrad                                                [Achtel]  {0..8;9}
x  Wasserdampfgehalt, Mischungsverhaeltnis                       [g/kg]
RF Relative Feuchte in 2 m Hoehe ueber Grund                     [Prozent] {1..100}
B  Direkte Sonnenbestrahlungsstaerke (horiz. Ebene)              [W/m^2]   abwaerts gerichtet: positiv
D  Diffuse Sonnenbetrahlungsstaerke (horiz. Ebene)               [W/m^2]   abwaerts gerichtet: positiv
A  Bestrahlungsstaerke d. atm. Waermestrahlung (horiz. Ebene)    [W/m^2]   abwaerts gerichtet: positiv
E  Bestrahlungsstaerke d. terr. Waermestrahlung                  [W/m^2]   aufwaerts gerichtet: negativ
IL Qualitaetsbit bezueglich der Auswahlkriterien                           {0;1;2;3;4}


     RW      HW MM DD HH     t    p  WR   WG N    x  RF    B    D   A    E IL
*** 
3823500 2818500  1  1  1   3.1  983 238  1.8 4  4.4  90    0    0 243 -318  0
3823500 2818500  1  1  2   2.6  983 249  1.9 3  4.2  89    0    0 231 -319  0
3823500 2818500  1  1  3   2.2  984 260  2.0 2  4.1  88    0    0 224 -319  0
3823500 2818500  1  1  4   1.9  984 261  2.4 1  4.0  88    0    0 220 -319  0
3823500 2818500  1  1  5   1.9  985 266  2.4 1  3.9  88    0    0 213 -319  0
3823500 2818500  1  1  6   1.6  985 278  4.0 0  3.8  87    0    0 208 -319  0
3823500 2818500  1  1  7   1.9  986 266  1.3 3  3.8  87    0    0 225 -319  0
3823500 2818500  1  1  8   1.7  987 278  0.8 5  3.9  87    0    0 249 -318  0
3823500 2818500  1  1  9   1.9  988 263  2.6 4  3.8  86    0    0 253 -318  0
3823500 2818500  1  1 10   1.9  988 279  3.9 6  3.7  83    0   21 257 -317  0
3823500 2818500  1  1 11   1.8  989 268  5.5 5  3.6  80    9   76 260 -317  0
3823500 2818500  1  1 12   2.0  990 256  5.8 4  3.5  79   22  111 251 -317  0
3823500 2818500  1  1 13   1.5  990 252  4.7 6  3.5  80    3   94 255 -317  0
3823500 2818500  1  1 14   0.3  990 259  5.1 8  3.6  87    0   36 271 -318  0
3823500 2818500  1  1 15   0.2  990 271  5.2 8  3.7  94    0   18 279 -317  0
3823500 2818500  1  1 16  -0.2  989 267  6.3 8  3.8  97    0   11 278 -316  0
3823500 2818500  1  1 17  -0.4  989 252  5.0 8  3.7  98    0    2 277 -313  0
3823500 2818500  1  1 18  -0.4  989 250  5.0 7  3.6  96    0    0 271 -312  0
3823500 2818500  1  1 19  -0.2  989 247  5.7 7  3.6  94    0    0 268 -312  0
3823500 2818500  1  1 20  -0.3  989 255  7.5 8  3.6  95    0    0 274 -312  0
3823500 2818500  1  1 21   0.1  988 251  9.1 8  3.7  96    0    0 281 -313  0
3823500 2818500  1  1 22   0.6  988 276  7.4 8  3.8  96    0    0 284 -314  0
3823500 2818500  1  1 23   0.7  988 277  5.0 8  3.9  95    0    0 287 -316  0
3823500 2818500  1  1 24   0.4  989 278  3.3 8  3.9  95    0    0 288 -317  0
3823500 2818500  1  2  1   1.4  990 267  5.3 8  3.8  92    0    0 290 -317  0
3823500 2818500  1  2  2   1.7  990 271  5.1 6  3.7  86    0    0 285 -318  0
3823500 2818500  1  2  3   2.1  990 275  5.0 5  3.7  84    0    0 275 -318  0
3823500 2818500  1  2  4   1.7  991 280  5.4 5  3.8  85    0    0 272 -317  0
3823500 2818500  1  2  5   1.2  992 272  5.2 5  3.9  90    0    0 272 -316  0
3823500 2818500  1  2  6   1.0  992 275  5.9 7  3.9  93    0    0 281 -316  0
3823500 2818500  1  2  7   0.6  992 278  5.0 7  3.8  94    0    0 289 -316  0
3823500 2818500  1  2  8   0.8  993 279  4.0 7  3.8  94    0    0 288 -316  0
3823500 2818500  1  2  9   0.7  993 307  3.0 7  3.9  94    0    0 289 -316  0
3823500 2818500  1  2 10   0.9  995 303  1.7 7  3.9  95    0   22 288 -316  0
3823500 2818500  1  2 11   1.1  996 293  1.2 7  3.9  95    0   36 288 -317  0
3823500 2818500  1  2 12   1.5  998 296  1.8 6  4.0  94   19   80 283 -317  0
3823500 2818500  1  2 13   1.8  999 311  1.6 5  4.0  92   37   85 273 -318  0
3823500 2818500  1  2 14   1.9 1000 327  2.7 6  3.9  89   39   76 274 -318  0
3823500 2818500  1  2 15   1.4 1001 335  1.8 5  3.8  88   13   58 274 -318  0
3823500 2818500  1  2 16   1.2 1003 342  2.7 6  3.8  89    0   16 273 -317  0
3823500 2818500  1  2 17   1.4 1004 314  2.7 7  3.7  88    0    1 284 -315  0
3823500 2818500  1  2 18   1.0 1005 312  2.4 7  3.6  87    0    0 288 -312  0
3823500 2818500  1  2 19   0.7 1006 330  2.1 6  3.6  89    0    0 281 -312  0
3823500 2818500  1  2 20   0.7 1008 323  1.6 5  3.6  90    0    0 270 -312  0
3823500 2818500  1  2 21   0.7 1009 332  1.0 5  3.6  91    0    0 265 -311  0
3823500 2818500  1  2 22   0.6 1011 345  0.9 6  3.6  90    0    0 271 -309  0
3823500 2818500  1  2 23   0.7 1012 339  0.4 6  3.5  88    0    0 276 -307  0
3823500 2818500  1  2 24   0.3 1013 343  0.6 6  3.4  87    0    0 275 -305  0
3823500 2818500  1  3  1   0.8 1015   3  0.2 6  3.3  85    0    0 276 -303  0
3823500 2818500  1  3  2   0.7 1015 353  0.2 6  3.3  82    0    0 276 -303  0
3823500 2818500  1  3  3   0.7 1016 335  0.1 7  3.2  81    0    0 282 -302  0
3823500 2818500  1  3  4   0.7 1017 335  0.1 7  3.2  81    0    0 288 -306  0
3823500 2818500  1  3  5   0.4 1017 336  0.6 7  3.2  82    0    0 286 -306  0
3823500 2818500  1  3  6   0.4 1018 349  0.7 6  3.2  82    0    0 279 -300  0
3823500 2818500  1  3  7   0.5 1019 359  1.3 7  3.2  81    0    0 279 -296  0
3823500 2818500  1  3  8   0.4 1019  10  1.0 6  3.1  80    0    0 277 -295  0
3823500 2818500  1  3  9   0.4 1020  13  0.8 6  3.1  80    0    0 270 -294  0
3823500 2818500  1  3 10   0.6 1021   4  0.3 7  3.1  81    0   23 273 -293  0
3823500 2818500  1  3 11   0.7 1022  22  1.3 6  3.2  81    2   56 274 -294  0
3823500 2818500  1  3 12   1.2 1023  46  1.6 4  3.2  80   21   96 259 -296  0
3823500 2818500  1  3 13   1.4 1023  55  1.3 2  3.2  78   82  101 239 -298  0
3823500 2818500  1  3 14   1.4 1023  63  1.2 1  3.1  76  133   72 222 -299  0
3823500 2818500  1  3 15   1.8 1023  54  1.2 1  3.1  74   96   56 218 -298  0
3823500 2818500  1  3 16   0.9 1023  69  1.4 3  3.0  74   28   34 227 -296  0
3823500 2818500  1  3 17  -0.7 1024  63  0.9 1  2.9  76    0    5 223 -292  0
3823500 2818500  1  3 18  -2.7 1024  90  0.7 2  2.7  81    0    0 212 -289  0
3823500 2818500  1  3 19  -2.9 1024  89  0.7 0  2.6  84    0    0 205 -288  0
3823500 2818500  1  3 20  -3.0 1025 101  0.6 0  2.6  86    0    0 196 -287  0
3823500 2818500  1  3 21  -4.1 1025  93  0.3 0  2.5  88    0    0 195 -286  0
3823500 2818500  1  3 22  -4.9 1024 102  0.4 0  2.4  90    0    0 192 -285  0
3823500 2818500  1  3 23  -4.8 1024  59  0.2 0  2.3  88    0    0 192 -285  0
3823500 2818500  1  3 24  -5.7 1024  72  0.4 0  2.3  89    0    0 191 -284  0
3823500 2818500  1  4  1  -6.2 1024  23  0.1 0  2.2  92    0    0 189 -285  0
3823500 2818500  1  4  2  -6.1 1025  70  0.1 0  2.2  92    0    0 188 -284  0
3823500 2818500  1  4  3  -6.8 1025 154  0.1 0  2.2  94    0    0 187 -284  0
3823500 2818500  1  4  4  -7.1 1025  92  0.3 0  2.1  95    0    0 186 -284  0
3823500 2818500  1  4  5  -6.3 1025  94  0.2 0  2.1  94    0    0 186 -283  0
3823500 2818500  1  4  6  -6.6 1024  98  0.1 0  2.2  94    0    0 186 -283  0
3823500 2818500  1  4  7  -6.6 1024  74  0.1 0  2.1  94    0    0 186 -282  0
3823500 2818500  1  4  8  -7.2 1024 155  0.1 0  2.1  93    0    0 184 -282  0
3823500 2818500  1  4  9  -6.9 1025  94  0.1 0  2.1  94    0    0 184 -281  0
3823500 2818500  1  4 10  -5.4 1025  98  0.4 0  2.2  95   20   33 185 -280  0
3823500 2818500  1  4 11  -4.5 1025  95  0.4 0  2.5  95   80   58 188 -281  0
3823500 2818500  1  4 12  -3.5 1025  90  0.2 0  2.6  92  138   62 190 -283  0
3823500 2818500  1  4 13  -2.3 1026 116  0.2 0  2.6  86  167   58 193 -286  0
3823500 2818500  1  4 14  -1.2 1026 137  0.2 0  2.6  78  176   42 195 -288  0
3823500 2818500  1  4 15  -1.6 1025  72  0.3 0  2.4  72  123   38 195 -289  0
3823500 2818500  1  4 16  -1.6 1025  98  0.5 1  2.3  70   37   29 198 -287  0
3823500 2818500  1  4 17  -4.1 1025  96  0.7 0  2.2  74    0    6 195 -285  0
3823500 2818500  1  4 18  -5.0 1024  83  0.8 0  2.2  82    0    0 188 -282  0
3823500 2818500  1  4 19  -5.9 1024  69  0.1 0  2.1  85    0    0 186 -280  0
3823500 2818500  1  4 20  -6.1 1024  98  1.0 0  2.1  86    0    0 185 -279  0
3823500 2818500  1  4 21  -6.2 1024 114  1.4 0  2.0  84    0    0 184 -279  0
3823500 2818500  1  4 22  -5.3 1024 118  2.4 1  2.0  81    0    0 188 -279  0
3823500 2818500  1  4 23  -5.7 1024 111  2.3 1  2.0  79    0    0 190 -278  0
3823500 2818500  1  4 24  -5.6 1024 124  2.2 1  2.0  80    0    0 189 -278  0
3823500 2818500  1  5  1  -5.6 1024 122  1.3 0  2.0  79    0    0 187 -277  0
3823500 2818500  1  5  2  -6.3 1024 129  0.2 1  1.9  81    0    0 186 -277  0
3823500 2818500  1  5  3  -6.7 1024 126  1.4 1  1.9  83    0    0 187 -277  0
3823500 2818500  1  5  4  -7.1 1024 130  2.3 1  1.9  85    0    0 186 -276  0
3823500 2818500  1  5  5  -7.3 1024 133  1.7 0  1.9  86    0    0 184 -277  0
3823500 2818500  1  5  6  -7.5 1023 133  1.1 0  1.9  88    0    0 182 -277  0
3823500 2818500  1  5  7  -7.3 1023 132  1.4 0  1.9  88    0    0 182 -277  0
3823500 2818500  1  5  8  -7.4 1022 138  0.9 0  1.9  87    0    0 182 -277  0
3823500 2818500  1  5  9  -7.6 1022 139  0.9 0  1.9  88    0    0 182 -277  0
3823500 2818500  1  5 10  -7.2 1022 138  0.6 0  1.9  88   13   33 182 -277  0
3823500 2818500  1  5 11  -5.8 1022 139  0.7 0  1.9  84   70   54 183 -278  0
3823500 2818500  1  5 12  -5.0 1021 141  1.3 0  2.0  79  118   60 184 -281  0
3823500 2818500  1  5 13  -4.2 1021 135  1.9 0  2.0  74  143   58 186 -285  0
3823500 2818500  1  5 14  -3.9 1020 144  2.0 0  2.0  71  143   45 186 -288  0
3823500 2818500  1  5 15  -4.0 1019 135  1.6 1  2.0  70  113   31 188 -290  0
3823500 2818500  1  5 16  -4.9 1018 133  1.0 2  1.9  70   46   21 191 -289  0
3823500 2818500  1  5 17  -6.0 1017 134  0.9 3  1.8  73    2    7 196 -287  0
3823500 2818500  1  5 18  -6.4 1016 132  1.3 3  1.8  77    0    0 198 -286  0
3823500 2818500  1  5 19  -6.7 1016 135  1.6 2  1.8  79    0    0 196 -285  0
3823500 2818500  1  5 20  -6.8 1015 136  1.4 2  1.8  80    0    0 195 -283  0
3823500 2818500  1  5 21  -6.8 1014 133  1.3 2  1.8  80    0    0 197 -282  0
3823500 2818500  1  5 22  -7.0 1014 145  1.4 1  1.8  80    0    0 194 -281  0
3823500 2818500  1  5 23  -7.0 1013 139  1.3 1  1.8  81    0    0 193 -280  0
3823500 2818500  1  5 24  -7.2 1012 139  1.0 0  1.8  82    0    0 192 -280  0
3823500 2818500  1  6  1  -7.1 1011 138  1.3 2  1.8  82    0    0 198 -281  0
3823500 2818500  1  6  2  -6.9 1011 133  1.4 2  1.8  82    0    0 207 -282  0
3823500 2818500  1  6  3  -7.1 1011 139  0.4 3  1.9  83    0    0 211 -283  0
3823500 2818500  1  6  4  -6.4 1010 142  0.7 3  1.9  82    0    0 216 -282  0
3823500 2818500  1  6  5  -6.4 1010 136  0.5 4  1.9  80    0    0 221 -281  0
3823500 2818500  1  6  6  -6.7 1009 135  0.2 4  1.9  81    0    0 226 -281  0
3823500 2818500  1  6  7  -6.4 1009 133  0.3 6  1.9  82    0    0 234 -281  0
3823500 2818500  1  6  8  -6.1 1009 140  0.9 6  1.9  82    0    0 244 -281  0
3823500 2818500  1  6  9  -6.0 1009 134  1.2 6  2.0  82    0    0 246 -281  0
3823500 2818500  1  6 10  -5.8 1009 138  1.4 8  2.0  81    0   31 256 -281  0
3823500 2818500  1  6 11  -4.8 1010 135  1.4 6  2.0  78    4   71 259 -283  0
3823500 2818500  1  6 12  -4.3 1010 150  1.3 6  2.0  75    6   99 255 -285  0
3823500 2818500  1  6 13  -3.8 1010 143  1.2 7  2.1  73    5  106 262 -287  0
3823500 2818500  1  6 14  -3.6 1010 148  1.3 7  2.1  72    6  100 270 -288  0
3823500 2818500  1  6 15  -3.5 1010 149  0.7 7  2.1  72    2   64 272 -286  0
3823500 2818500  1  6 16  -3.4 1011 152  0.6 7  2.1  72    0   21 273 -284  0
3823500 2818500  1  6 17  -3.9 1012 153  0.3 7  2.1  74    0    3 272 -281  0
3823500 2818500  1  6 18  -4.6 1012 132  0.3 8  2.1  77    0    0 275 -278  0
3823500 2818500  1  6 19  -4.7 1013 142  0.3 6  2.2  80    0    0 269 -276  0
3823500 2818500  1  6 20  -4.4 1014 115  0.2 7  2.2  81    0    0 266 -275  0
3823500 2818500  1  6 21  -4.3 1015  64  0.1 8  2.2  81    0    0 275 -274  0
3823500 2818500  1  6 22  -3.7 1015  69  0.1 8  2.3  80    0    0 280 -272  0
3823500 2818500  1  6 23  -3.8 1016 118  0.0 8  2.3  80    0    0 280 -271  0
3823500 2818500  1  6 24  -3.6 1016 120  0.0 8  2.3  81    0    0 279 -270  0
3823500 2818500  1  7  1  -3.4 1017  89  0.1 8  2.4  81    0    0 277 -270  0
3823500 2818500  1  7  2  -4.0 1017  45  0.1 8  2.3  82    0    0 275 -270  0
3823500 2818500  1  7  3  -4.0 1018  50  0.1 8  2.3  83    0    0 273 -270  0
3823500 2818500  1  7  4  -4.9 1018  64  0.4 8  2.3  85    0    0 270 -270  0
3823500 2818500  1  7  5  -5.5 1019  66  0.5 6  2.2  86    0    0 258 -270  0
3823500 2818500  1  7  6  -6.4 1019  80  1.1 2  2.1  88    0    0 232 -270  0
3823500 2818500  1  7  7  -7.5 1019  43  0.4 1  2.0  90    0    0 209 -270  0
3823500 2818500  1  7  8  -8.3 1020  67  0.7 2  1.9  92    0    0 206 -270  0
3823500 2818500  1  7  9  -8.9 1021  53  0.7 2  1.8  94    0    0 206 -269  0
3823500 2818500  1  7 10  -8.9 1023  70  1.2 1  1.8  95    9   40 201 -269  0
3823500 2818500  1  7 11  -8.5 1023  74  1.6 1  1.9  95   34   87 198 -272  0
3823500 2818500  1  7 12  -8.0 1024  64  1.4 1  1.9  94   56  117 199 -276  0
3823500 2818500  1  7 13  -7.5 1025  68  1.7 2  1.9  91   71  126 203 -280  0
3823500 2818500  1  7 14  -7.0 1025  66  1.1 3  2.0  90   73  114 211 -283  0
3823500 2818500  1  7 15  -7.2 1025  74  1.2 3  2.0  91   49   85 212 -283  0
3823500 2818500  1  7 16  -7.3 1025 104  0.8 6  2.0  93   16   41 217 -281  0
3823500 2818500  1  7 17  -7.6 1026  77  0.7 5  2.0  96    0    6 218 -278  0
3823500 2818500  1  7 18  -7.8 1026 107  0.5 5  2.0  96    0    0 212 -276  0
3823500 2818500  1  7 19  -7.7 1026 103  0.8 7  2.0  97    0    0 216 -276  0
3823500 2818500  1  7 20  -7.5 1027 124  0.9 7  2.1  98    0    0 220 -276  0
3823500 2818500  1  7 21  -7.6 1027 152  0.4 7  2.1  97    0    0 221 -276  0
3823500 2818500  1  7 22  -7.6 1028 131  0.6 7  2.0  97    0    0 222 -277  0
3823500 2818500  1  7 23  -8.0 1027 156  0.5 7  2.0  95    0    0 223 -277  0
3823500 2818500  1  7 24  -8.4 1027 167  0.7 4  1.9  97    0    0 214 -278  0
3823500 2818500  1  8  1  -8.2 1027 157  1.2 3  1.9  97    0    0 203 -278  0
3823500 2818500  1  8  2  -7.5 1027 169  1.4 5  2.0  94    0    0 207 -278  0
3823500 2818500  1  8  3  -6.8 1026 167  1.4 8  2.0  93    0    0 227 -280  0
3823500 2818500  1  8  4  -5.9 1026 175  1.3 8  2.2  93    0    0 242 -282  0
3823500 2818500  1  8  5  -5.9 1026 183  0.9 7  2.2  93    0    0 241 -284  0
3823500 2818500  1  8  6  -5.3 1025 177  1.8 8  2.3  93    0    0 245 -285  0
3823500 2818500  1  8  7  -5.4 1025 182  1.8 6  2.3  93    0    0 244 -285  0
3823500 2818500  1  8  8  -5.1 1024 185  1.9 7  2.3  93    0    0 242 -285  0
3823500 2818500  1  8  9  -4.2 1024 187  2.0 7  2.4  90    0    0 249 -285  0
3823500 2818500  1  8 10  -4.3 1023 183  2.7 6  2.4  88    2   34 246 -285  0
3823500 2818500  1  8 11  -3.4 1024 185  2.7 6  2.4  86   34   85 244 -287  0
3823500 2818500  1  8 12  -2.6 1023 191  3.3 6  2.5  82   34  112 246 -291  0
3823500 2818500  1  8 13  -1.8 1023 188  3.0 6  2.5  79   15  113 249 -296  0
3823500 2818500  1  8 14  -1.2 1021 191  3.7 8  2.6  77    0   50 261 -300  0
3823500 2818500  1  8 15  -1.0 1020 198  3.7 8  2.7  77    0   34 272 -301  0
3823500 2818500  1  8 16  -0.9 1018 196  4.0 7  2.7  78    0   13 270 -302  0
3823500 2818500  1  8 17  -1.1 1018 192  3.8 7  2.9  83    0    2 270 -303  0
3823500 2818500  1  8 18  -1.1 1017 196  3.3 7  3.1  90    0    0 275 -304  0
3823500 2818500  1  8 19  -0.9 1016 208  4.1 8  3.2  93    0    0 282 -305  0
3823500 2818500  1  8 20  -0.7 1016 213  3.0 8  3.4  95    0    0 288 -306  0
3823500 2818500  1  8 21   0.1 1015 214  2.9 8  3.5  95    0    0 292 -308  0
3823500 2818500  1  8 22   0.2 1015 216  2.8 8  3.6  93    0    0 297 -309  0
3823500 2818500  1  8 23   0.4 1015 221  1.7 8  3.6  94    0    0 299 -311  0
3823500 2818500  1  8 24   0.4 1015 229  3.0 7  3.6  94    0    0 298 -312  0
3823500 2818500  1  9  1   0.5 1015 245  3.0 5  3.6  93    0    0 290 -313  0
3823500 2818500  1  9  2   0.5 1014 243  1.8 7  3.7  93    0    0 289 -313  0
3823500 2818500  1  9  3   0.7 1014 256  1.3 6  3.7  95    0    0 292 -313  0
3823500 2818500  1  9  4   0.8 1015 275  1.2 7  3.8  96    0    0 293 -313  0
3823500 2818500  1  9  5   0.8 1015 260  1.3 6  3.9  97    0    0 292 -314  0
3823500 2818500  1  9  6   1.1 1015 239  1.1 8  4.0  98    0    0 297 -315  0
3823500 2818500  1  9  7   1.4 1014 253  1.4 5  4.0  98    0    0 293 -315  0
3823500 2818500  1  9  8   1.5 1015 242  1.3 8  4.1  98    0    0 293 -314  0
3823500 2818500  1  9  9   1.8 1014 246  1.3 7  4.1  97    0    0 302 -314  0
3823500 2818500  1  9 10   2.2 1014 254  2.0 7  4.2  95    0   30 298 -314  0
3823500 2818500  1  9 11   2.5 1015 254  2.2 6  4.2  94    7   80 292 -316  0
3823500 2818500  1  9 12   2.9 1015 240  2.1 6  4.4  95    9  109 286 -318  0
3823500 2818500  1  9 13   3.2 1014 242  3.2 7  4.4  94    1   91 292 -319  0
3823500 2818500  1  9 14   3.1 1013 235  3.2 7  4.5  94    1   85 298 -319  0
3823500 2818500  1  9 15   3.3 1012 233  3.5 8  4.5  94    0   46 306 -319  0
3823500 2818500  1  9 16   3.5 1011 226  3.1 8  4.5  94    0   20 315 -319  0
3823500 2818500  1  9 17   3.5 1010 230  3.9 8  4.6  94    0    4 318 -319  0
3823500 2818500  1  9 18   3.9 1008 231  4.5 8  4.6  94    0    0 321 -319  0
3823500 2818500  1  9 19   4.0 1007 230  5.0 8  4.7  92    0    0 323 -320  0
3823500 2818500  1  9 20   4.1 1005 230  5.8 8  4.7  92    0    0 326 -320  0
3823500 2818500  1  9 21   4.2 1003 232  5.8 8  4.7  92    0    0 327 -320  0
3823500 2818500  1  9 22   4.8 1001 241  5.2 8  4.9  93    0    0 329 -320  0
3823500 2818500  1  9 23   5.5 1000 251  5.8 8  5.2  93    0    0 331 -320  0
3823500 2818500  1  9 24   6.2  998 256  6.9 8  5.4  92    0    0 334 -320  0
3823500 2818500  1 10  1   6.9  997 264  7.3 8  5.5  90    0    0 337 -320  0
3823500 2818500  1 10  2   5.9  996 276  7.2 8  5.2  86    0    0 337 -320  0
3823500 2818500  1 10  3   5.8  995 286  7.6 4  4.7  80    0    0 308 -324  0
3823500 2818500  1 10  4   5.7  995 277  7.8 3  4.3  73    0    0 273 -328  0
3823500 2818500  1 10  5   6.0  995 283  8.5 5  4.0  69    0    0 277 -326  0
3823500 2818500  1 10  6   4.4  995 291  9.7 7  4.0  72    0    0 300 -325  0
3823500 2818500  1 10  7   4.5  996 287  7.9 6  4.1  76    0    0 302 -323  0
3823500 2818500  1 10  8   4.4  996 295  8.3 6  3.9  73    0    0 293 -324  0
3823500 2818500  1 10  9   3.4  997 296  6.1 6  3.7  72    0    0 289 -326  0
3823500 2818500  1 10 10   3.7  998 286  5.4 4  3.7  74   18   42 272 -326  0
3823500 2818500  1 10 11   4.6  998 290  5.3 2  3.7  71   66   82 245 -326  0
3823500 2818500  1 10 12   4.8  999 303  7.1 3  3.6  66   81  110 235 -327  0
3823500 2818500  1 10 13   4.6  999 286  6.2 5  3.6  68   31  122 252 -329  0
3823500 2818500  1 10 14   3.7  998 287  4.6 6  3.8  74    4   88 268 -330  0
3823500 2818500  1 10 15   2.2  998 288  3.5 7  3.9  83    0   57 280 -329  0
3823500 2818500  1 10 16   3.2  998 287  2.8 7  4.0  86    0   17 289 -327  0
3823500 2818500  1 10 17   2.7  998 292  1.6 7  4.1  86    0    4 292 -325  0
3823500 2818500  1 10 18   2.5  997 272  1.1 7  4.1  88    0    0 293 -321  0
3823500 2818500  1 10 19   2.4  997 276  0.5 8  4.1  90    0    0 301 -320  0
3823500 2818500  1 10 20   2.0  996 265  3.3 8  4.2  92    0    0 307 -320  0
3823500 2818500  1 10 21   1.4  995 248  3.1 7  4.1  95    0    0 300 -320  0
3823500 2818500  1 10 22   0.6  994 237  1.7 8  4.1  98    0    0 298 -320  0
3823500 2818500  1 10 23   0.4  992 242  0.8 8  4.0  99    0    0 302 -320  0
3823500 2818500  1 10 24   0.3  991 257  0.6 8  3.9  99    0    0 303 -320  0
3823500 2818500  1 11  1   0.4  990 273  0.8 8  3.9  98    0    0 303 -320  0
3823500 2818500  1 11  2   0.7  990 299  1.4 8  4.0  98    0    0 301 -320  0
3823500 2818500  1 11  3   1.4  990 305  2.4 8  4.1  98    0    0 301 -319  0
3823500 2818500  1 11  4   1.5  990 313  3.0 6  4.1  96    0    0 287 -319  0
3823500 2818500  1 11  5   1.2  991 299  2.7 4  4.0  94    0    0 261 -319  0
3823500 2818500  1 11  6   0.9  992 296  3.4 4  3.9  92    0    0 246 -317  0
3823500 2818500  1 11  7   0.5  993 279  2.8 4  3.7  91    0    0 244 -316  0
3823500 2818500  1 11  8   0.6  993 283  3.5 3  3.6  89    0    0 236 -316  0
3823500 2818500  1 11  9   0.6  994 287  3.9 3  3.6  88    0    0 230 -316  0
3823500 2818500  1 11 10   1.2  995 299  3.9 5  3.6  88    4   40 241 -317  0
3823500 2818500  1 11 11   2.0  996 287  4.0 4  3.7  86   27   90 247 -318  0
3823500 2818500  1 11 12   2.6  997 292  4.2 3  3.8  83   46  123 237 -319  0
3823500 2818500  1 11 13   2.4  997 291  4.2 3  3.8  82   69  135 231 -319  0
3823500 2818500  1 11 14   3.1  997 297  3.7 2  3.7  80   84  122 225 -320  0
3823500 2818500  1 11 15   3.1  998 301  3.2 3  3.8  78   34   91 228 -320  0
3823500 2818500  1 11 16   2.8  998 294  3.4 5  3.8  81    9   42 245 -321  0
3823500 2818500  1 11 17   2.2  999 299  3.3 5  3.8  83    1    9 255 -320  0
3823500 2818500  1 11 18   1.8  999 301  2.7 4  3.8  85    0    0 249 -320  0
3823500 2818500  1 11 19   1.8 1000 293  3.4 4  3.8  86    0    0 242 -320  0
3823500 2818500  1 11 20   1.8 1000 295  3.0 4  3.7  85    0    0 241 -320  0
3823500 2818500  1 11 21   1.4 1000 288  2.8 5  3.8  88    0    0 248 -320  0
3823500 2818500  1 11 22   1.2 1001 287  2.3 3  3.8  89    0    0 244 -320  0
3823500 2818500  1 11 23   1.2 1001 292  3.0 4  3.7  89    0    0 239 -320  0
3823500 2818500  1 11 24   1.1 1001 293  2.6 7  3.7  90    0    0 263 -320  0
3823500 2818500  1 12  1   1.2 1001 297  2.4 7  3.8  91    0    0 283 -322  0
3823500 2818500  1 12  2   1.2 1002 291  2.1 6  3.8  91    0    0 280 -322  0
3823500 2818500  1 12  3   1.0 1001 279  3.2 5  3.8  91    0    0 270 -323  0
3823500 2818500  1 12  4   1.0 1001 269  2.8 4  3.8  92    0    0 262 -324  0
3823500 2818500  1 12  5   1.4 1000 264  3.7 6  3.9  92    0    0 270 -325  0
3823500 2818500  1 12  6   1.0 1000 262  3.9 8  3.9  94    0    0 293 -326  0
3823500 2818500  1 12  7   1.4  999 288  3.3 7  4.0  96    0    0 298 -327  0
3823500 2818500  1 12  8   1.8  999 348  6.0 7  4.2  96    0    0 294 -325  0
3823500 2818500  1 12  9   2.1 1000   4  6.3 6  4.2  95    0    0 290 -323  0
3823500 2818500  1 12 10   2.0 1003   8  6.5 6  4.0  90    9   41 285 -323  0
3823500 2818500  1 12 11   1.6 1005   6  6.6 2  3.6  84   43   88 260 -324  0
3823500 2818500  1 12 12   2.2 1007   4  5.2 1  3.3  76   94  112 231 -325  0
3823500 2818500  1 12 13   2.5 1009   2  4.1 1  3.1  70  115  120 224 -327  0
3823500 2818500  1 12 14   2.6 1011   5  5.1 2  3.0  66   81  114 229 -328  0
3823500 2818500  1 12 15   2.4 1012 360  5.3 3  2.9  63   37   89 242 -328  0
3823500 2818500  1 12 16   2.2 1014 355  4.4 6  2.8  63    8   40 263 -325  0
3823500 2818500  1 12 17   1.7 1015 354  3.3 5  2.9  66    0    2 272 -321  0
3823500 2818500  1 12 18   1.4 1016 348  3.1 4  2.9  69    0    0 261 -319  0
3823500 2818500  1 12 19   0.8 1017 336  2.7 4  3.0  74    0    0 255 -319  0
3823500 2818500  1 12 20   0.6 1019 325  2.2 3  3.1  78    0    0 248 -318  0
3823500 2818500  1 12 21   0.2 1020 337  1.9 2  3.1  81    0    0 233 -316  0
3823500 2818500  1 12 22  -0.6 1020 322  1.1 0  3.1  83    0    0 209 -315  0
3823500 2818500  1 12 23  -0.7 1022 321  0.3 1  3.0  84    0    0 199 -314  0
3823500 2818500  1 12 24  -0.9 1022 307  0.5 4  3.0  85    0    0 220 -314  0
3823500 2818500  1 13  1  -1.0 1023 285  0.2 6  3.0  87    0    0 247 -314  0
3823500 2818500  1 13  2  -1.1 1024 299  0.7 4  3.1  88    0    0 243 -314  0
3823500 2818500  1 13  3  -1.7 1024 304  1.2 3  3.0  88    0    0 220 -313  0
3823500 2818500  1 13  4  -2.0 1024 310  0.9 3  3.0  90    0    0 208 -313  0
3823500 2818500  1 13  5  -3.1 1025 283  0.8 3  2.9  94    0    0 204 -313  0
3823500 2818500  1 13  6  -3.1 1025 233  0.6 2  2.8  94    0    0 198 -313  0
3823500 2818500  1 13  7  -2.9 1025 218  0.5 3  2.7  91    0    0 200 -313  0
3823500 2818500  1 13  8  -2.7 1025 224  0.4 5  2.8  93    0    0 219 -313  0
3823500 2818500  1 13  9  -2.0 1026 176  1.1 6  3.0  94    0    0 239 -313  0
3823500 2818500  1 13 10  -1.1 1026 181  1.2 6  3.1  93   11   41 248 -314  0
3823500 2818500  1 13 11   0.5 1027 189  1.6 6  3.3  90   21   79 254 -316  0
3823500 2818500  1 13 12   1.4 1027 201  2.0 7  3.4  84   13   97 266 -319  0
3823500 2818500  1 13 13   2.8 1027 201  2.1 5  3.5  80   69  118 267 -320  0
3823500 2818500  1 13 14   3.0 1027 198  1.7 6  3.6  79   25  106 268 -322  0
3823500 2818500  1 13 15   2.5 1026 201  0.8 7  3.6  80   39   82 281 -324  0
3823500 2818500  1 13 16   2.4 1026 191  0.6 7  3.7  83    8   40 287 -323  0
3823500 2818500  1 13 17   1.8 1026 196  1.0 7  3.7  86    0    4 288 -322  0
3823500 2818500  1 13 18   1.4 1026 210  0.9 7  3.8  89    0    0 291 -321  0
3823500 2818500  1 13 19   1.4 1026 202  1.4 8  3.8  92    0    0 299 -321  0
3823500 2818500  1 13 20   1.3 1026 202  1.4 8  3.9  94    0    0 307 -321  0
3823500 2818500  1 13 21   1.6 1025 203  2.8 8  4.0  95    0    0 309 -321  0
3823500 2818500  1 13 22   1.7 1025 219  2.7 8  4.0  96    0    0 312 -322  0
3823500 2818500  1 13 23   2.1 1025 211  2.7 8  4.1  95    0    0 315 -322  0
3823500 2818500  1 13 24   2.3 1025 214  2.8 8  4.2  95    0    0 318 -322  0
3823500 2818500  1 14  1   2.2 1024 209  2.2 7  4.2  96    0    0 316 -322  0
3823500 2818500  1 14  2   2.3 1024 203  1.4 8  4.2  96    0    0 318 -322  0
3823500 2818500  1 14  3   2.3 1023 195  2.6 8  4.2  96    0    0 323 -323  0
3823500 2818500  1 14  4   2.4 1023 210  2.7 8  4.3  96    0    0 324 -324  0
3823500 2818500  1 14  5   2.5 1023 217  2.6 8  4.3  96    0    0 325 -325  0
3823500 2818500  1 14  6   2.5 1022 215  2.9 7  4.3  96    0    0 321 -326  0
3823500 2818500  1 14  7   2.5 1022 207  2.3 8  4.4  97    0    0 321 -326  0
3823500 2818500  1 14  8   2.6 1021 209  2.6 8  4.4  98    0    0 326 -326  0
3823500 2818500  1 14  9   2.7 1021 208  2.1 8  4.5  99    0    0 327 -327  0
3823500 2818500  1 14 10   2.9 1021 221  2.2 8  4.6  99    0   26 327 -327  0
3823500 2818500  1 14 11   3.0 1021 216  2.0 7  4.6  98    0   41 322 -328  0
3823500 2818500  1 14 12   3.4 1021 220  2.3 7  4.6  97    0   49 317 -330  0
3823500 2818500  1 14 13   3.9 1021 220  1.8 6  4.8  97    0   61 312 -331  0
3823500 2818500  1 14 14   4.3 1020 228  2.0 8  4.9  96    0   54 319 -333  0
3823500 2818500  1 14 15   4.2 1019 214  2.2 7  4.9  96    0   40 325 -333  0
3823500 2818500  1 14 16   4.3 1019 208  1.9 8  4.9  96    0   21 324 -334  0
3823500 2818500  1 14 17   4.3 1019 222  2.2 8  4.9  95    0    3 328 -334  0
3823500 2818500  1 14 18   4.4 1019 222  2.7 8  4.9  95    0    0 326 -334  0
3823500 2818500  1 14 19   4.6 1019 216  2.7 8  4.9  95    0    0 324 -334  0
3823500 2818500  1 14 20   4.7 1019 211  2.5 8  5.0  94    0    0 322 -335  0
3823500 2818500  1 14 21   4.7 1018 213  2.6 8  5.0  95    0    0 322 -335  0
3823500 2818500  1 14 22   4.8 1018 213  2.5 8  5.1  96    0    0 321 -334  0
3823500 2818500  1 14 23   5.3 1018 220  2.2 8  5.1  94    0    0 322 -332  0
3823500 2818500  1 14 24   5.1 1018 226  1.1 8  5.2  94    0    0 322 -328  0
3823500 2818500  1 15  1   5.1 1018 234  2.2 8  5.1  94    0    0 321 -324  0
3823500 2818500  1 15  2   5.4 1018 235  2.6 8  5.1  93    0    0 319 -321  0
3823500 2818500  1 15  3   5.2 1018 234  2.2 8  5.1  93    0    0 317 -320  0
3823500 2818500  1 15  4   5.6 1018 241  2.1 8  5.2  93    0    0 317 -322  0
3823500 2818500  1 15  5   5.6 1018 243  1.8 8  5.2  93    0    0 317 -324  0
3823500 2818500  1 15  6   5.7 1018 244  2.6 8  5.3  94    0    0 318 -325  0
3823500 2818500  1 15  7   5.9 1018 244  2.0 8  5.4  94    0    0 318 -325  0
3823500 2818500  1 15  8   6.0 1018 246  2.5 7  5.4  94    0    0 313 -326  0
3823500 2818500  1 15  9   5.9 1018 242  2.4 7  5.4  94    0    1 307 -326  0
3823500 2818500  1 15 10   6.0 1018 241  2.8 6  5.5  95    1   33 300 -327  0
3823500 2818500  1 15 11   6.1 1019 226  2.5 8  5.5  95    7   71 306 -329  0
3823500 2818500  1 15 12   6.0 1019 222  2.2 8  5.6  96    0   49 321 -330  0
3823500 2818500  1 15 13   6.3 1019 220  2.2 8  5.5  94    0   34 323 -331  0
3823500 2818500  1 15 14   6.5 1019 227  2.4 8  5.6  93    0   29 324 -334  0
3823500 2818500  1 15 15   6.7 1018 225  2.0 8  5.6  93    0   35 326 -337  0
3823500 2818500  1 15 16   6.7 1018 228  2.0 8  5.7  94    0   33 329 -337  0
3823500 2818500  1 15 17   6.6 1018 223  2.2 8  5.7  94    1    8 330 -336  0
3823500 2818500  1 15 18   6.6 1018 218  1.9 8  5.7  94    0    0 330 -334  0
3823500 2818500  1 15 19   6.6 1019 218  1.6 8  5.7  94    0    0 330 -330  0
3823500 2818500  1 15 20   6.7 1018 220  2.0 7  5.7  95    0    0 324 -327  0
3823500 2818500  1 15 21   6.6 1019 212  2.0 8  5.8  95    0    0 324 -326  0
3823500 2818500  1 15 22   6.6 1019 213  1.7 8  5.7  95    0    0 327 -325  0
3823500 2818500  1 15 23   6.6 1019 215  1.8 8  5.7  94    0    0 327 -323  0
3823500 2818500  1 15 24   6.5 1019 217  2.1 8  5.7  94    0    0 327 -321  0
3823500 2818500  1 16  1   6.2 1019 214  1.9 7  5.6  94    0    0 321 -321  0
3823500 2818500  1 16  2   6.1 1019 215  2.3 8  5.5  95    0    0 320 -320  0
3823500 2818500  1 16  3   4.2 1019 202  1.7 7  5.3  97    0    0 315 -321  0
3823500 2818500  1 16  4   2.1 1019 202  2.3 5  4.7 100    0    0 292 -322  0
3823500 2818500  1 16  5   4.9 1018 184  1.8 4  4.7  97    0    0 277 -321  0
3823500 2818500  1 16  6   4.3 1018 197  2.0 5  4.9  94    0    0 278 -320  0
3823500 2818500  1 16  7   3.8 1018 199  2.4 6  4.7  93    0    0 283 -319  0
3823500 2818500  1 16  8   3.1 1017 190  2.2 5  4.5  92    0    0 278 -319  0
3823500 2818500  1 16  9   2.2 1018 189  2.0 4  4.2  92    0    2 261 -318  0
3823500 2818500  1 16 10   2.3 1017 194  2.3 3  4.1  92   27   42 247 -317  0
3823500 2818500  1 16 11   3.4 1017 195  2.5 1  4.1  88  107   62 230 -318  0
3823500 2818500  1 16 12   4.9 1017 183  2.6 1  4.1  80  171   67 221 -319  0
3823500 2818500  1 16 13   5.5 1016 182  3.8 0  4.1  74  205   64 218 -320  0
3823500 2818500  1 16 14   6.4 1015 174  3.5 0  4.0  70  204   55 214 -323  0
3823500 2818500  1 16 15   6.4 1014 180  3.7 0  3.9  66  148   51 215 -325  0
3823500 2818500  1 16 16   6.2 1013 176  3.2 0  3.9  66   55   41 214 -324  0
3823500 2818500  1 16 17   4.9 1012 168  2.6 0  3.9  69    7   12 212 -322  0
3823500 2818500  1 16 18   4.5 1012 168  2.8 0  3.7  70    0    0 211 -320  0
3823500 2818500  1 16 19   3.5 1011 172  2.1 1  3.6  72    0    0 213 -319  0
3823500 2818500  1 16 20   2.8 1011 176  2.0 1  3.6  75    0    0 214 -319  0
3823500 2818500  1 16 21   2.6 1010 173  2.0 1  3.5  76    0    0 213 -318  0
3823500 2818500  1 16 22   2.0 1010 176  2.0 0  3.4  76    0    0 208 -317  0
3823500 2818500  1 16 23   1.5 1010 179  1.5 0  3.4  78    0    0 204 -317  0
3823500 2818500  1 16 24   0.9 1010 186  1.4 1  3.3  80    0    0 206 -317  0
3823500 2818500  1 17  1   1.3 1009 174  1.8 1  3.3  81    0    0 209 -316  0
3823500 2818500  1 17  2   1.2 1009 172  2.1 1  3.3  80    0    0 208 -317  0
3823500 2818500  1 17  3   0.9 1008 168  1.4 1  3.3  81    0    0 207 -317  0
3823500 2818500  1 17  4   1.0 1008 156  1.8 0  3.3  81    0    0 203 -316  0
3823500 2818500  1 17  5   1.0 1008 159  1.1 0  3.3  80    0    0 199 -316  0
3823500 2818500  1 17  6   1.0 1008 173  3.0 1  3.3  80    0    0 203 -316  0
3823500 2818500  1 17  7   1.1 1007 166  1.6 2  3.3  80    0    0 210 -317  0
3823500 2818500  1 17  8   1.2 1006 165  1.7 3  3.2  78    0    0 218 -316  0
3823500 2818500  1 17  9   1.5 1006 161  1.2 4  3.2  76    0    1 226 -316  0
3823500 2818500  1 17 10   2.3 1006 155  1.6 5  3.2  74    9   47 237 -315  0
3823500 2818500  1 17 11   3.6 1005 163  1.8 4  3.3  71   52   96 240 -317  0
3823500 2818500  1 17 12   4.7 1005 172  2.4 5  3.4  66   96  122 244 -318  0
3823500 2818500  1 17 13   6.8 1004 181  2.9 5  3.5  60  124  128 251 -321  0
3823500 2818500  1 17 14   6.8 1003 179  3.6 5  3.5  57  112  121 254 -325  0
3823500 2818500  1 17 15   7.1 1002 171  3.1 4  3.5  56   88   95 251 -327  0
3823500 2818500  1 17 16   6.6 1002 164  2.9 5  3.5  56   35   57 250 -326  0
3823500 2818500  1 17 17   5.8 1001 158  3.2 7  3.4  57    5   15 258 -323  0
3823500 2818500  1 17 18   5.7 1001 158  3.6 7  3.3  58    0    0 265 -321  0
3823500 2818500  1 17 19   4.9 1000 163  2.9 8  3.3  58    0    0 268 -321  0
3823500 2818500  1 17 20   4.5 1000 161  2.8 7  3.2  59    0    0 270 -322  0
3823500 2818500  1 17 21   4.3  999 159  2.3 7  3.1  60    0    0 269 -323  0
3823500 2818500  1 17 22   4.4  999 166  3.5 5  3.1  58    0    0 263 -325  0
3823500 2818500  1 17 23   5.0  998 163  5.5 5  3.0  56    0    0 259 -328  0
3823500 2818500  1 17 24   5.4  997 162  5.3 8  3.0  54    0    0 275 -330  0
3823500 2818500  1 18  1   4.8  997 159  3.1 6  3.2  58    0    0 284 -331  0
3823500 2818500  1 18  2   5.6  996 160  3.8 6  3.3  59    0    0 281 -332  0
3823500 2818500  1 18  3   5.1  996 153  3.9 7  3.4  60    0    0 289 -333  0
3823500 2818500  1 18  4   5.6  995 150  4.6 7  3.5  61    0    0 296 -335  0
3823500 2818500  1 18  5   4.9  995 149  3.5 8  3.5  63    0    0 301 -336  0
3823500 2818500  1 18  6   4.9  994 152  3.4 8  3.5  65    0    0 306 -337  0
3823500 2818500  1 18  7   5.0  994 151  3.1 7  3.7  67    0    0 306 -337  0
3823500 2818500  1 18  8   5.3  994 157  2.9 8  3.9  70    0    0 309 -337  0
3823500 2818500  1 18  9   5.9  994 161  2.9 8  4.3  75    0    2 317 -338  0
3823500 2818500  1 18 10   6.1  994 170  3.3 8  4.8  80    0   25 320 -338  0
3823500 2818500  1 18 11   6.0  994 173  3.5 7  4.9  83    0   35 317 -340  0
3823500 2818500  1 18 12   5.9  994 170  3.6 7  5.0  84    0   50 312 -341  0
3823500 2818500  1 18 13   6.3  994 174  3.5 7  5.1  85    0   46 312 -343  0
3823500 2818500  1 18 14   6.4  994 165  3.7 8  5.2  86    0   34 316 -344  0
3823500 2818500  1 18 15   6.5  994 192  3.2 8  5.2  86    0   30 320 -344  0
3823500 2818500  1 18 16   6.4  995 182  2.8 8  5.2  85    0   20 318 -343  0
3823500 2818500  1 18 17   5.9  995 170  2.0 8  5.1  86    0    3 316 -341  0
3823500 2818500  1 18 18   5.4  995 160  2.4 8  5.1  88    0    0 315 -338  0
3823500 2818500  1 18 19   5.3  996 193  1.6 8  5.1  90    0    0 314 -336  0
3823500 2818500  1 18 20   5.1  997 193  1.7 8  5.1  91    0    0 315 -333  0
3823500 2818500  1 18 21   5.0  997 188  1.9 8  5.1  93    0    0 315 -331  0
3823500 2818500  1 18 22   4.9  997 190  1.1 8  5.1  93    0    0 312 -331  0
3823500 2818500  1 18 23   4.6  998 206  1.4 7  5.1  94    0    0 303 -330  0
3823500 2818500  1 18 24   4.7  998 216  2.2 7  5.0  93    0    0 293 -328  0
3823500 2818500  1 19  1   4.7  999 219  1.7 7  5.0  93    0    0 293 -326  0
3823500 2818500  1 19  2   4.3  999 209  1.0 7  5.0  93    0    0 293 -325  0
3823500 2818500  1 19  3   4.2  999 202  1.0 7  4.8  93    0    0 291 -323  0
3823500 2818500  1 19  4   3.5 1000 181  0.6 6  4.7  92    0    0 284 -320  0
3823500 2818500  1 19  5   2.9 1001 189  0.7 4  4.5  94    0    0 265 -319  0
3823500 2818500  1 19  6   2.6 1001 178  0.1 3  4.4  95    0    0 247 -319  0
3823500 2818500  1 19  7   2.1 1001 179  0.4 3  4.3  93    0    0 239 -319  0
3823500 2818500  1 19  8   2.2 1001 185  0.8 2  4.1  92    0    0 234 -319  0
3823500 2818500  1 19  9   2.5 1002 191  0.7 2  4.1  91    0    5 232 -319  0
3823500 2818500  1 19 10   3.8 1003 204  1.1 2  4.2  88   31   47 237 -318  0
3823500 2818500  1 19 11   5.2 1003 215  1.8 1  4.4  84  100   75 237 -318  0
3823500 2818500  1 19 12   6.2 1003 210  2.5 1  4.5  78  158   86 238 -319  0
3823500 2818500  1 19 13   7.0 1003 207  3.4 1  4.4  72  194   84 243 -322  0
3823500 2818500  1 19 14   7.5 1003 209  3.6 1  4.2  66  190   78 245 -327  0
3823500 2818500  1 19 15   7.4 1003 203  4.0 1  4.0  61  140   70 246 -330  0
3823500 2818500  1 19 16   6.1 1003 186  3.3 3  3.9  63   63   50 254 -329  0
3823500 2818500  1 19 17   5.6 1003 175  3.3 5  3.9  67    7   15 271 -327  0
3823500 2818500  1 19 18   5.2 1002 164  3.5 7  3.9  69    0    0 288 -325  0
3823500 2818500  1 19 19   5.0 1002 161  4.7 8  3.9  70    0    0 301 -324  0
3823500 2818500  1 19 20   5.4 1001 161  5.0 7  3.9  70    0    0 302 -324  0
3823500 2818500  1 19 21   5.8 1001 165  5.4 8  4.0  70    0    0 304 -324  0
3823500 2818500  1 19 22   5.4 1000 162  5.4 8  4.2  74    0    0 308 -324  0
3823500 2818500  1 19 23   5.7 1000 173  5.5 8  4.4  78    0    0 308 -326  0
3823500 2818500  1 19 24   5.9  999 167  5.2 8  4.5  77    0    0 309 -329  0
3823500 2818500  1 20  1   6.6  999 173  4.5 8  4.4  74    0    0 312 -332  0
3823500 2818500  1 20  2   7.1  999 175  4.2 8  4.4  70    0    0 315 -334  0
3823500 2818500  1 20  3   7.5  998 174  4.7 8  4.4  68    0    0 319 -336  0
3823500 2818500  1 20  4   7.5  998 174  4.1 7  4.5  69    0    0 315 -337  0
3823500 2818500  1 20  5   7.8  997 173  4.5 6  4.5  67    0    0 307 -338  0
3823500 2818500  1 20  6   7.6  997 174  4.4 7  4.3  65    0    0 307 -339  0
3823500 2818500  1 20  7   7.3  997 172  5.1 7  4.1  63    0    0 312 -340  0
3823500 2818500  1 20  8   6.7  997 168  6.1 8  4.0  64    0    0 318 -340  0
3823500 2818500  1 20  9   6.9  997 169  6.0 8  4.0  65    0    1 325 -340  0
3823500 2818500  1 20 10   6.6  997 175  6.4 8  4.1  66    0   17 326 -340  0
3823500 2818500  1 20 11   6.5  998 176  5.5 7  4.2  68    0   52 320 -340  0
3823500 2818500  1 20 12   7.7  999 188  5.7 7  4.4  69   20  106 316 -341  0
3823500 2818500  1 20 13   7.9  999 191  5.9 6  4.5  67   62  112 311 -342  0
3823500 2818500  1 20 14   8.5 1000 192  5.5 7  4.6  67    9  100 312 -343  0
3823500 2818500  1 20 15   8.9 1000 198  4.9 7  4.7  67   14   82 318 -343  0
3823500 2818500  1 20 16   8.8 1000 194  4.2 7  4.7  66   12   47 317 -344  0
3823500 2818500  1 20 17   8.3 1001 188  3.6 6  4.7  67    3   11 307 -343  0
3823500 2818500  1 20 18   7.7 1001 222  3.4 6  4.6  68    0    0 297 -342  0
3823500 2818500  1 20 19   7.0 1003 213  2.7 5  4.6  71    0    0 287 -341  0
3823500 2818500  1 20 20   6.5 1003 204  2.2 4  4.5  74    0    0 269 -340  0
3823500 2818500  1 20 21   5.6 1004 195  2.4 3  4.5  76    0    0 247 -340  0
3823500 2818500  1 20 22   5.6 1004 196  2.7 2  4.5  79    0    0 230 -340  0
3823500 2818500  1 20 23   4.9 1005 184  1.8 2  4.5  80    0    0 221 -336  0
3823500 2818500  1 20 24   4.7 1005 188  3.2 4  4.4  82    0    0 226 -330  0
3823500 2818500  1 21  1   4.3 1005 191  3.0 6  4.4  83    0    0 249 -328  0
3823500 2818500  1 21  2   4.3 1005 190  3.1 7  4.3  83    0    0 275 -328  0
3823500 2818500  1 21  3   4.0 1005 183  2.5 7  4.3  84    0    0 289 -328  0
3823500 2818500  1 21  4   4.5 1005 184  2.7 8  4.4  86    0    0 304 -329  0
3823500 2818500  1 21  5   4.7 1005 206  3.8 8  4.7  88    0    0 314 -331  0
3823500 2818500  1 21  6   4.6 1005 208  3.7 8  4.8  90    0    0 316 -333  0
3823500 2818500  1 21  7   4.3 1005 211  2.8 8  4.8  91    0    0 315 -334  0
3823500 2818500  1 21  8   4.5 1005 207  3.5 8  4.7  90    0    0 316 -335  0
3823500 2818500  1 21  9   4.8 1006 202  2.8 8  4.7  88    0    3 317 -335  0
3823500 2818500  1 21 10   5.1 1006 193  2.6 7  4.6  85    1   44 312 -334  0
3823500 2818500  1 21 11   5.5 1006 203  4.3 6  4.5  82   30   93 301 -335  0
3823500 2818500  1 21 12   5.9 1006 207  4.3 6  4.4  78    7  105 297 -337  0
3823500 2818500  1 21 13   6.6 1006 200  4.1 4  4.3  73   63  127 287 -338  0
3823500 2818500  1 21 14   6.8 1005 201  4.8 3  4.2  69  137   95 271 -340  0
3823500 2818500  1 21 15   7.0 1004 193  4.1 2  4.1  66  160   65 262 -340  0
3823500 2818500  1 21 16   6.3 1003 181  2.8 3  4.0  65   66   50 261 -339  0
3823500 2818500  1 21 17   5.8 1002 173  3.2 6  3.9  67    6   15 280 -335  0
3823500 2818500  1 21 18   5.6 1000 170  4.1 8  3.8  67    0    0 304 -332  0
3823500 2818500  1 21 19   5.6  999 166  4.7 7  3.8  67    0    0 307 -333  0
3823500 2818500  1 21 20   5.8  997 167  5.5 7  3.9  68    0    0 302 -336  0
3823500 2818500  1 21 21   4.8  995 176  8.2 8  4.2  74    0    0 306 -338  0
3823500 2818500  1 21 22   4.7  993 179  6.2 8  4.5  83    0    0 312 -339  0
3823500 2818500  1 21 23   4.7  992 184  6.5 8  4.7  86    0    0 315 -340  0
3823500 2818500  1 21 24   5.5  990 190  5.5 8  4.9  88    0    0 321 -341  0
3823500 2818500  1 22  1   6.5  989 188  5.2 7  5.1  86    0    0 322 -342  0
3823500 2818500  1 22  2   6.7  988 194  5.4 7  5.2  83    0    0 321 -342  0
3823500 2818500  1 22  3   6.8  987 197  4.6 7  5.2  83    0    0 322 -344  0
3823500 2818500  1 22  4   7.0  986 195  4.7 7  5.4  84    0    0 325 -347  0
3823500 2818500  1 22  5   6.2  985 209  2.9 8  5.6  90    0    0 330 -350  0
3823500 2818500  1 22  6   6.7  983 185  4.5 8  5.5  90    0    0 335 -349  0
3823500 2818500  1 22  7   7.9  981 212  6.7 8  5.7  86    0    0 338 -345  0
3823500 2818500  1 22  8   8.1  981 226  7.2 8  5.5  80    0    0 339 -344  0
3823500 2818500  1 22  9   6.0  982 268  7.8 7  5.0  77    0    3 328 -344  0
3823500 2818500  1 22 10   5.5  985 242  3.0 7  4.8  81   13   44 315 -345  0
3823500 2818500  1 22 11   6.4  986 233  4.9 6  4.7  79   13   79 307 -346  0
3823500 2818500  1 22 12   6.9  986 228  3.2 7  4.7  75    2   87 308 -348  0
3823500 2818500  1 22 13   7.7  986 228  4.9 7  4.7  72    0   82 318 -348  0
3823500 2818500  1 22 14   7.0  986 230  5.4 7  4.7  71    0   73 318 -347  0
3823500 2818500  1 22 15   6.2  985 225  4.6 7  4.7  75    0   41 314 -346  0
3823500 2818500  1 22 16   5.7  985 222  1.6 7  4.9  82    0   25 313 -345  0
3823500 2818500  1 22 17   5.1  983 209  1.9 8  5.2  90    0    6 322 -344  0
3823500 2818500  1 22 18   4.8  982 175  2.7 8  5.2  94    0    0 331 -342  0
3823500 2818500  1 22 19   4.9  981 139  3.2 8  5.3  95    0    0 331 -340  0
3823500 2818500  1 22 20   6.8  978 168  5.4 8  5.8  95    0    0 333 -340  0
3823500 2818500  1 22 21   8.4  975 189  7.4 8  6.3  93    0    0 338 -340  0
3823500 2818500  1 22 22   9.7  971 214  9.5 8  6.7  90    0    0 349 -339  0
3823500 2818500  1 22 23  10.0  971 234  9.7 8  6.8  88    0    0 356 -339  0
3823500 2818500  1 22 24   9.3  970 244  8.6 8  6.6  86    0    0 342 -339  0
3823500 2818500  1 23  1   8.1  992 247  6.4 8  6.1  87    0    0 330 -338  0
3823500 2818500  1 23  2   7.0  993 249  4.5 8  5.8  89    0    0 332 -337  0
3823500 2818500  1 23  3   6.5  994 255  3.0 8  5.6  91    0    0 333 -338  0
3823500 2818500  1 23  4   6.5  994 259  3.1 8  5.6  91    0    0 334 -337  0
3823500 2818500  1 23  5   6.4  995 257  3.1 8  5.6  91    0    0 335 -335  0
3823500 2818500  1 23  6   6.3  996 263  3.3 8  5.6  92    0    0 335 -334  0
3823500 2818500  1 23  7   6.3  997 264  2.7 8  5.6  92    0    0 336 -335  0
3823500 2818500  1 23  8   6.2  998 264  2.6 8  5.5  92    0    0 337 -336  0
3823500 2818500  1 23  9   6.4  999 280  2.6 8  5.5  91    0    4 337 -338  0
3823500 2818500  1 23 10   6.6 1000 293  2.3 8  5.5  91    1   46 336 -340  0
3823500 2818500  1 23 11   6.5 1001 305  2.1 8  5.5  90    0   43 337 -341  0
3823500 2818500  1 23 12   6.4 1002 316  3.7 8  5.5  90    0   33 336 -340  0
3823500 2818500  1 23 13   6.3 1004 326  4.1 8  5.4  90    0   29 336 -340  0
3823500 2818500  1 23 14   6.0 1005 334  3.9 8  5.4  90    0   24 334 -339  0
3823500 2818500  1 23 15   5.8 1006 338  3.8 8  5.3  92    0   20 332 -336  0
3823500 2818500  1 23 16   5.8 1008 339  3.9 8  5.3  91    0   15 330 -332  0
3823500 2818500  1 23 17   5.7 1010 352  3.5 8  5.2  90    0    4 328 -328  0
3823500 2818500  1 23 18   5.6 1011 344  3.7 8  5.1  89    0    0 326 -324  0
3823500 2818500  1 23 19   5.4 1013   2  4.0 7  4.8  85    0    0 318 -324  0
3823500 2818500  1 23 20   4.5 1015 345  3.7 6  4.4  82    0    0 305 -325  0
3823500 2818500  1 23 21   3.8 1016 339  3.4 5  4.1  81    0    0 290 -325  0
3823500 2818500  1 23 22   3.4 1018 328  3.6 5  3.9  80    0    0 281 -324  0
3823500 2818500  1 23 23   3.2 1019 323  2.9 6  3.7  77    0    0 285 -323  0
3823500 2818500  1 23 24   3.0 1020 319  1.8 6  3.6  77    0    0 289 -323  0
3823500 2818500  1 24  1   2.2 1021 300  1.4 7  3.5  78    0    0 293 -320  0
3823500 2818500  1 24  2   2.4 1022 311  0.8 7  3.5  78    0    0 298 -319  0
3823500 2818500  1 24  3   2.5 1023 311  1.5 7  3.5  77    0    0 299 -318  0
3823500 2818500  1 24  4   1.8 1024 299  1.0 6  3.4  77    0    0 292 -316  0
3823500 2818500  1 24  5   1.5 1025 307  1.5 6  3.3  79    0    0 285 -314  0
3823500 2818500  1 24  6   1.6 1025 307  2.1 5  3.4  80    0    0 278 -314  0
3823500 2818500  1 24  7   1.0 1026 315  1.5 4  3.3  81    0    0 266 -314  0
3823500 2818500  1 24  8   0.6 1026 300  1.2 3  3.3  83    0    0 253 -313  0
3823500 2818500  1 24  9  -0.2 1027 270  0.5 3  3.2  84    0    8 245 -313  0
3823500 2818500  1 24 10   1.3 1027 274  0.5 3  3.4  86   47   47 247 -313  0
3823500 2818500  1 24 11   3.5 1028 294  1.2 2  3.7  84  132   65 247 -314  0
3823500 2818500  1 24 12   4.9 1028 298  1.0 2  3.8  76  199   69 246 -317  0
3823500 2818500  1 24 13   5.2 1029 266  0.7 3  3.8  71  107  117 254 -319  0
3823500 2818500  1 24 14   5.4 1029 268  1.2 3  3.7  68   61  118 259 -320  0
3823500 2818500  1 24 15   6.0 1028 250  1.5 2  3.6  64  131   67 255 -322  0
3823500 2818500  1 24 16   5.2 1028 243  0.9 2  3.5  64   84   43 250 -321  0
3823500 2818500  1 24 17   3.8 1029 220  1.1 3  3.4  67   18   15 252 -320  0
3823500 2818500  1 24 18   1.9 1029 219  0.8 2  3.3  71    0    0 247 -320  0
3823500 2818500  1 24 19   0.9 1029 208  1.0 0  3.2  78    0    0 227 -320  0
3823500 2818500  1 24 20   0.4 1029 196  0.9 0  3.2  81    0    0 215 -319  0
3823500 2818500  1 24 21   0.6 1029 176  0.9 0  3.2  82    0    0 212 -319  0
3823500 2818500  1 24 22   0.4 1028 180  1.0 0  3.3  84    0    0 213 -319  0
3823500 2818500  1 24 23  -0.4 1028 185  0.7 0  3.2  86    0    0 212 -319  0
3823500 2818500  1 24 24  -0.8 1028 183  0.7 0  3.1  86    0    0 210 -319  0
3823500 2818500  1 25  1  -0.5 1028 179  1.2 1  3.1  88    0    0 215 -320  0
3823500 2818500  1 25  2  -0.4 1027 191  1.2 1  3.2  89    0    0 222 -320  0
3823500 2818500  1 25  3   0.4 1027 202  1.2 1  3.3  88    0    0 223 -320  0
3823500 2818500  1 25  4   0.4 1027 206  0.9 2  3.3  86    0    0 231 -319  0
3823500 2818500  1 25  5   0.2 1026 210  1.1 4  3.3  86    0    0 248 -319  0
3823500 2818500  1 25  6   0.3 1026 208  1.6 4  3.3  87    0    0 258 -318  0
3823500 2818500  1 25  7   0.3 1025 194  1.7 4  3.3  87    0    0 257 -317  0
3823500 2818500  1 25  8  -0.1 1025 199  2.4 3  3.3  88    0    0 250 -317  0
3823500 2818500  1 25  9   0.2 1024 197  2.0 3  3.3  88    0    7 244 -317  0
3823500 2818500  1 25 10   1.1 1024 207  2.5 5  3.4  86   15   59 255 -318  0
3823500 2818500  1 25 11   2.0 1024 203  2.6 4  3.5  83   73  103 262 -319  0
3823500 2818500  1 25 12   3.1 1023 206  2.7 4  3.6  80  122  127 260 -321  0
3823500 2818500  1 25 13   3.8 1022 214  2.9 3  3.7  78  150  130 259 -324  0
3823500 2818500  1 25 14   4.7 1021 207  3.8 3  3.9  76  148  121 257 -327  0
3823500 2818500  1 25 15   5.4 1020 203  2.9 3  3.9  72  113  101 260 -330  0
3823500 2818500  1 25 16   4.9 1018 207  2.5 5  3.8  70   16   59 271 -332  0
3823500 2818500  1 25 17   4.1 1018 218  3.1 7  3.9  74    0    5 291 -331  0
3823500 2818500  1 25 18   3.7 1018 233  3.6 8  4.1  82    0    0 306 -331  0
3823500 2818500  1 25 19   4.0 1018 213  3.5 8  4.3  86    0    0 312 -332  0
3823500 2818500  1 25 20   4.2 1018 225  2.5 8  4.4  88    0    0 314 -333  0
3823500 2818500  1 25 21   4.5 1018 229  2.1 7  4.6  90    0    0 311 -334  0
3823500 2818500  1 25 22   4.9 1018 234  1.6 8  4.8  90    0    0 313 -334  0
3823500 2818500  1 25 23   4.8 1018 238  1.9 8  4.8  90    0    0 319 -335  0
3823500 2818500  1 25 24   4.7 1018 237  1.8 8  4.8  91    0    0 319 -336  0
3823500 2818500  1 26  1   4.6 1018 238  2.3 8  4.8  91    0    0 318 -337  0
3823500 2818500  1 26  2   4.1 1018 240  2.0 6  4.7  91    0    0 305 -337  0
3823500 2818500  1 26  3   3.7 1018 233  2.0 7  4.5  90    0    0 296 -336  0
3823500 2818500  1 26  4   3.3 1018 235  1.9 8  4.4  92    0    0 307 -334  0
3823500 2818500  1 26  5   3.1 1018 239  1.6 7  4.4  92    0    0 308 -331  0
3823500 2818500  1 26  6   2.8 1018 236  1.7 6  4.3  92    0    0 298 -329  0
3823500 2818500  1 26  7   2.7 1018 235  1.9 5  4.3  92    0    0 285 -327  0
3823500 2818500  1 26  8   2.5 1018 225  1.7 5  4.2  92    0    0 277 -325  0
3823500 2818500  1 26  9   2.4 1019 227  1.9 6  4.2  93    0   10 283 -324  0
3823500 2818500  1 26 10   3.1 1019 226  2.4 6  4.3  94    4   51 291 -324  0
3823500 2818500  1 26 11   3.8 1019 238  2.8 7  4.5  94    1   71 302 -328  0
3823500 2818500  1 26 12   4.1 1019 232  3.1 7  4.6  92    0   85 313 -335  0
3823500 2818500  1 26 13   4.5 1019 226  3.4 6  4.7  92    7  117 305 -341  0
3823500 2818500  1 26 14   4.9 1019 223  3.5 7  4.9  92    1   93 304 -344  0
3823500 2818500  1 26 15   5.2 1017 221  3.5 7  4.9  91    1   72 313 -345  0
3823500 2818500  1 26 16   5.3 1017 223  3.6 8  4.9  89    0   28 326 -345  0
3823500 2818500  1 26 17   5.3 1017 229  3.1 8  4.9  89    0   15 335 -344  0
3823500 2818500  1 26 18   5.6 1017 222  3.4 8  5.0  89    0    0 335 -342  0
3823500 2818500  1 26 19   5.3 1016 219  3.8 8  5.0  89    0    0 336 -342  0
3823500 2818500  1 26 20   5.2 1015 217  4.2 8  5.0  91    0    0 337 -342  0
3823500 2818500  1 26 21   5.1 1015 228  4.1 8  5.0  92    0    0 338 -343  0
3823500 2818500  1 26 22   5.1 1014 227  3.3 8  5.1  94    0    0 339 -344  0
3823500 2818500  1 26 23   5.4 1014 226  2.8 8  5.2  94    0    0 339 -347  0
3823500 2818500  1 26 24   5.9 1014 229  2.3 8  5.3  93    0    0 342 -350  0
3823500 2818500  1 27  1   6.1 1014 229  2.0 8  5.5  94    0    0 344 -353  0
3823500 2818500  1 27  2   6.9 1014 248  1.8 8  5.7  95    0    0 347 -356  0
3823500 2818500  1 27  3   7.4 1014 265  1.5 8  5.9  94    0    0 349 -357  0
3823500 2818500  1 27  4   8.0 1014 266  1.7 8  6.2  94    0    0 352 -359  0
3823500 2818500  1 27  5   8.1 1014 265  1.7 8  6.3  95    0    0 354 -359  0
3823500 2818500  1 27  6   8.1 1014 264  2.6 8  6.3  94    0    0 354 -359  0
3823500 2818500  1 27  7   8.2 1014 275  2.8 7  6.3  94    0    0 348 -359  0
3823500 2818500  1 27  8   8.1 1014 279  2.8 7  6.4  94    0    0 342 -358  0
3823500 2818500  1 27  9   8.2 1015 277  2.2 8  6.4  95    0    5 348 -358  0
3823500 2818500  1 27 10   8.3 1015 263  2.3 8  6.5  95    0   39 356 -358  0
3823500 2818500  1 27 11   8.6 1015 263  2.7 8  6.6  95    0   51 356 -357  0
3823500 2818500  1 27 12   8.9 1015 269  3.7 7  6.7  95    0   47 351 -358  0
3823500 2818500  1 27 13   9.1 1015 265  3.6 8  6.7  93    0   48 352 -358  0
3823500 2818500  1 27 14   9.2 1015 270  3.5 8  6.7  92    0   45 359 -358  0
3823500 2818500  1 27 15   9.3 1014 263  2.9 7  6.7  92    0   50 354 -358  0
3823500 2818500  1 27 16   9.5 1014 262  3.4 7  6.7  91    5   37 348 -359  0
3823500 2818500  1 27 17   9.4 1013 252  3.4 8  6.6  90   11   10 353 -359  0
3823500 2818500  1 27 18   9.3 1013 248  4.0 8  6.6  90    0    0 358 -358  0
3823500 2818500  1 27 19   9.4 1012 254  4.8 8  6.6  89    0    0 358 -358  0
3823500 2818500  1 27 20   9.2 1012 249  4.7 8  6.5  89    0    0 358 -358  0
3823500 2818500  1 27 21   8.5 1011 242  3.8 8  6.5  91    0    0 356 -358  0
3823500 2818500  1 27 22   8.3 1010 248  3.8 8  6.4  93    0    0 355 -358  0
3823500 2818500  1 27 23   8.6 1009 250  3.7 8  6.5  93    0    0 355 -357  0
3823500 2818500  1 27 24   9.0 1008 245  3.8 8  6.6  93    0    0 356 -357  0
3823500 2818500  1 28  1   9.0 1007 253  4.2 8  6.7  94    0    0 356 -356  0
3823500 2818500  1 28  2   8.9 1005 255  4.3 8  6.8  95    0    0 354 -355  0
3823500 2818500  1 28  3   8.1 1004 285  5.0 8  6.5  93    0    0 350 -351  0
3823500 2818500  1 28  4   7.6 1004 280  4.7 8  6.1  91    0    0 347 -348  0
3823500 2818500  1 28  5   6.8 1003 286  4.7 8  5.6  88    0    0 343 -344  0
3823500 2818500  1 28  6   6.4 1003 290  3.6 6  5.1  83    0    0 324 -341  0
3823500 2818500  1 28  7   5.6 1003 285  5.4 6  4.7  79    0    0 304 -339  0
3823500 2818500  1 28  8   5.6 1003 277  5.3 6  4.5  78    0    0 297 -337  0
3823500 2818500  1 28  9   5.4 1003 269  5.7 6  4.4  78    0    6 293 -335  0
3823500 2818500  1 28 10   5.6 1003 262  5.4 6  4.3  76    0   43 292 -335  0
3823500 2818500  1 28 11   5.5 1003 266  6.0 7  4.3  76    0   46 298 -335  0
3823500 2818500  1 28 12   5.8 1002 253  7.0 7  4.4  76    0   44 302 -335  0
3823500 2818500  1 28 13   5.6 1002 258  5.9 7  4.4  76    0   39 299 -336  0
3823500 2818500  1 28 14   6.2 1001 255  6.7 7  4.3  74    0   36 300 -337  0
3823500 2818500  1 28 15   5.6 1000 253  5.3 7  4.4  75    0   23 301 -338  0
3823500 2818500  1 28 16   5.3  999 259  6.0 8  4.5  79    0   14 305 -339  0
3823500 2818500  1 28 17   4.5  997 243  5.7 7  4.6  84    0   11 304 -337  0
3823500 2818500  1 28 18   4.4  996 245  4.8 7  4.6  87    0    0 297 -335  0
3823500 2818500  1 28 19   1.5  995 252  4.8 7  4.3  91    0    0 294 -333  0
3823500 2818500  1 28 20   1.9  994 244  3.6 7  4.1  95    0    0 292 -332  0
3823500 2818500  1 28 21   2.1  993 241  4.2 6  4.2  94    0    0 290 -332  0
3823500 2818500  1 28 22   2.1  992 236  4.0 6  4.2  93    0    0 285 -332  0
3823500 2818500  1 28 23   2.3  992 231  4.0 7  4.2  92    0    0 292 -332  0
3823500 2818500  1 28 24   2.8  991 237  4.4 7  4.3  91    0    0 299 -331  0
3823500 2818500  1 29  1   3.1  990 241  4.9 7  4.3  90    0    0 303 -331  0
3823500 2818500  1 29  2   2.9  989 245  4.8 7  4.3  90    0    0 304 -330  0
3823500 2818500  1 29  3   2.9  987 246  4.9 8  4.4  91    0    0 310 -330  0
3823500 2818500  1 29  4   2.9  987 277  5.0 8  4.4  92    0    0 316 -329  0
3823500 2818500  1 29  5   3.3  986 288  4.0 8  4.5  92    0    0 316 -330  0
3823500 2818500  1 29  6   3.4  986 297  4.2 7  4.5  91    0    0 310 -331  0
3823500 2818500  1 29  7   3.4  986 274  4.1 6  4.5  90    0    0 296 -332  0
3823500 2818500  1 29  8   3.1  986 263  3.8 7  4.4  90    0    0 296 -332  0
3823500 2818500  1 29  9   3.0  986 245  3.4 8  4.4  90    0    1 308 -332  0
3823500 2818500  1 29 10   2.9  986 265  3.9 8  4.4  91    0   15 313 -332  0
3823500 2818500  1 29 11   2.7  987 224  3.3 7  4.4  92    0   57 304 -334  0
3823500 2818500  1 29 12   3.1  987 311  3.1 5  4.5  93   21  127 283 -338  0
3823500 2818500  1 29 13   3.4  988 311  2.3 5  4.6  92   16  132 267 -340  0
3823500 2818500  1 29 14   3.8  988 337  2.6 7  4.6  91    0   83 280 -341  0
3823500 2818500  1 29 15   4.0  988 359  3.4 6  4.6  89    3   83 286 -342  0
3823500 2818500  1 29 16   3.8  989 345  3.0 7  4.4  86    0   42 284 -341  0
3823500 2818500  1 29 17   3.5  990 337  3.0 7  4.3  85    0   14 289 -337  0
3823500 2818500  1 29 18   3.0  991 336  4.4 7  4.2  85    0    0 287 -333  0
3823500 2818500  1 29 19   2.7  992 336  3.0 7  4.0  83    0    0 282 -328  0
3823500 2818500  1 29 20   2.5  992 323  2.2 7  3.8  81    0    0 280 -323  0
3823500 2818500  1 29 21   2.3  993 301  1.5 7  3.6  79    0    0 279 -322  0
3823500 2818500  1 29 22   2.0  993 273  1.7 7  3.6  80    0    0 280 -322  0
3823500 2818500  1 29 23   1.9  993 272  1.4 8  3.8  85    0    0 288 -321  0
3823500 2818500  1 29 24   1.4  993 265  2.0 8  3.9  89    0    0 296 -320  0
3823500 2818500  1 30  1   0.6  993 303  3.3 8  4.0  95    0    0 294 -320  0
3823500 2818500  1 30  2   1.1  992 306  4.0 8  4.0  96    0    0 292 -319  0
3823500 2818500  1 30  3   0.9  992 289  3.4 8  4.0  95    0    0 292 -319  0
3823500 2818500  1 30  4   0.7  992 272  4.0 7  3.9  96    0    0 281 -318  0
3823500 2818500  1 30  5   0.3  992 257  4.1 5  3.8  96    0    0 243 -317  0
3823500 2818500  1 30  6   0.3  991 253  4.3 4  3.7  94    0    0 209 -316  0
3823500 2818500  1 30  7   0.0  991 253  4.2 4  3.6  92    0    0 192 -315  0
3823500 2818500  1 30  8  -0.4  990 257  3.9 5  3.5  92    0    0 191 -315  0
3823500 2818500  1 30  9  -0.4  990 260  4.8 6  3.5  92    1   14 223 -315  0
3823500 2818500  1 30 10  -0.1  990 255  4.9 5  3.5  92   15   68 226 -316  0
3823500 2818500  1 30 11   0.2  989 277  5.5 6  3.5  90   31  121 229 -318  0
3823500 2818500  1 30 12   1.1  989 171  5.2 5  3.5  87   61  165 235 -319  0
3823500 2818500  1 30 13   1.5  989 181  5.5 4  3.6  85   63  178 220 -320  0
3823500 2818500  1 30 14   2.0  989 262  4.5 3  3.5  80   77  171 209 -321  0
3823500 2818500  1 30 15   1.9  988 271  3.9 4  3.4  76   41  133 214 -322  0
3823500 2818500  1 30 16   0.8  988 287  4.5 6  3.4  80   18   75 237 -320  0
3823500 2818500  1 30 17  -0.2  989 343  3.2 7  3.6  90    3   18 257 -319  0
3823500 2818500  1 30 18  -0.8  989   4  5.2 7  3.4  92    0    0 259 -315  0
3823500 2818500  1 30 19  -1.1  991 349  4.7 8  3.1  86    0    0 262 -311  0
3823500 2818500  1 30 20  -1.6  992 356  5.6 7  2.9  82    0    0 258 -309  0
3823500 2818500  1 30 21  -2.0  993   3  5.4 7  2.7  80    0    0 248 -306  0
3823500 2818500  1 30 22  -3.0  994  14  5.5 5  2.5  77    0    0 234 -302  0
3823500 2818500  1 30 23  -3.9  995   8  4.6 5  2.2  75    0    0 219 -300  0
3823500 2818500  1 30 24  -4.7  996   6  4.1 6  2.1  76    0    0 223 -300  0
3823500 2818500  1 31  1  -4.9  998 349  2.9 2  2.0  76    0    0 204 -299  0
3823500 2818500  1 31  2  -5.2  999 339  2.9 1  2.0  75    0    0 179 -298  0
3823500 2818500  1 31  3  -5.1 1000 342  3.7 1  2.0  75    0    0 178 -298  0
3823500 2818500  1 31  4  -5.2 1000 339  1.7 2  1.9  74    0    0 185 -298  0
3823500 2818500  1 31  5  -6.1 1001 346  0.5 2  1.9  75    0    0 188 -298  0
3823500 2818500  1 31  6  -7.0 1002 336  1.3 1  1.9  80    0    0 183 -297  0
3823500 2818500  1 31  7  -6.6 1002 335  0.7 2  1.9  82    0    0 184 -295  0
3823500 2818500  1 31  8  -6.8 1003 340  0.8 2  1.9  81    0    0 189 -293  0
3823500 2818500  1 31  9  -6.9 1004 353  1.4 3  1.9  84    0   10 192 -291  0
3823500 2818500  1 31 10  -5.0 1005 351  1.4 5  2.1  85   62   34 206 -290  0
3823500 2818500  1 31 11  -4.0 1006 360  1.9 4  2.3  84  132   45 215 -292  0
3823500 2818500  1 31 12  -3.1 1007   8  2.4 5  2.3  80   72   99 221 -296  0
3823500 2818500  1 31 13  -2.9 1008  20  2.8 7  2.4  78    4   99 236 -299  0
3823500 2818500  1 31 14  -2.5 1008  31  3.0 7  2.4  77    0   65 246 -302  0
3823500 2818500  1 31 15  -2.3 1009  20  2.6 6  2.4  74    0   62 243 -302  0
3823500 2818500  1 31 16  -2.4 1010  16  2.6 5  2.3  70   29   48 233 -302  0
3823500 2818500  1 31 17  -3.0 1011  35  1.6 2  2.1  67   32   11 214 -302  0
3823500 2818500  1 31 18  -4.2 1011 351  1.9 2  2.0  68    0    0 199 -301  0
3823500 2818500  1 31 19  -5.1 1012   8  1.2 2  1.9  72    0    0 194 -297  0
3823500 2818500  1 31 20  -6.3 1013 328  1.4 3  1.9  76    0    0 193 -291  0
3823500 2818500  1 31 21  -7.3 1013 337  0.4 2  1.8  81    0    0 191 -287  0
3823500 2818500  1 31 22  -8.2 1013   5  0.1 2  1.8  84    0    0 184 -285  0
3823500 2818500  1 31 23  -8.9 1014 329  0.0 2  1.7  88    0    0 182 -282  0
3823500 2818500  1 31 24  -9.3 1014 215  0.0 1  1.7  90    0    0 179 -280  0
3823500 2818500  2  1  1  -9.3 1014 163  0.3 3  1.7  92    0    0 187 -280  0
3823500 2818500  2  1  2 -10.0 1014 194  0.1 2  1.7  92    0    0 183 -280  0
3823500 2818500  2  1  3  -9.3 1014 193  0.4 2  1.7  92    0    0 179 -280  0
3823500 2818500  2  1  4  -9.3 1014 189  0.7 2  1.7  93    0    0 180 -280  0
3823500 2818500  2  1  5  -8.0 1013 197  1.1 2  1.8  92    0    0 182 -281  0
3823500 2818500  2  1  6  -6.9 1013 204  1.5 5  2.0  90    0    0 194 -281  0
3823500 2818500  2  1  7  -6.3 1013 190  1.1 4  2.1  89    0    0 204 -283  0
3823500 2818500  2  1  8  -5.9 1013 196  1.5 5  2.2  90    0    0 208 -285  0
3823500 2818500  2  1  9  -5.6 1013 183  1.6 6  2.2  89    0   17 216 -286  0
3823500 2818500  2  1 10  -4.4 1012 184  2.8 7  2.3  89    0   43 226 -288  0
3823500 2818500  2  1 11  -3.5 1012 184  3.4 7  2.4  85    7  103 235 -293  0
3823500 2818500  2  1 12  -2.7 1011 189  3.4 6  2.4  78   48  156 237 -298  0
3823500 2818500  2  1 13  -1.8 1011 183  3.4 7  2.4  73   51  168 244 -304  0
3823500 2818500  2  1 14  -1.1 1009 185  3.5 6  2.4  69   60  161 249 -307  0
3823500 2818500  2  1 15  -1.1 1008 173  3.8 7  2.4  67   40  130 253 -309  0
3823500 2818500  2  1 16  -1.0 1007 182  3.3 6  2.4  67   48   89 255 -309  0
3823500 2818500  2  1 17  -1.1 1007 176  3.0 8  2.3  66   13   35 261 -308  0
3823500 2818500  2  1 18  -1.5 1006 178  3.3 8  2.4  69    0    0 268 -306  0
3823500 2818500  2  1 19  -2.1 1006 178  3.3 8  2.5  76    0    0 271 -305  0
3823500 2818500  2  1 20  -2.1 1006 173  3.7 8  2.7  82    0    0 275 -304  0
3823500 2818500  2  1 21  -2.1 1005 179  3.1 8  2.7  83    0    0 278 -304  0
3823500 2818500  2  1 22  -1.9 1004 185  3.3 7  2.7  83    0    0 277 -303  0
3823500 2818500  2  1 23  -2.0 1004 184  3.2 7  2.7  83    0    0 276 -304  0
3823500 2818500  2  1 24  -1.8 1003 186  2.7 7  2.8  85    0    0 278 -304  0
3823500 2818500  2  2  1  -1.5 1003 190  2.3 7  2.9  86    0    0 279 -305  0
3823500 2818500  2  2  2  -1.4 1003 211  2.7 8  2.9  86    0    0 282 -306  0
3823500 2818500  2  2  3  -1.6 1002 201  2.6 8  3.0  88    0    0 285 -307  0
3823500 2818500  2  2  4  -1.4 1002 196  2.7 8  3.1  91    0    0 287 -308  0
3823500 2818500  2  2  5  -1.0 1002 205  3.0 7  3.2  92    0    0 285 -309  0
3823500 2818500  2  2  6  -0.7 1001 204  2.6 7  3.4  93    0    0 284 -310  0
3823500 2818500  2  2  7  -0.3 1001 208  2.5 8  3.5  94    0    0 290 -310  0
3823500 2818500  2  2  8   0.2 1001 215  3.0 8  3.6  95    0    0 297 -311  0
3823500 2818500  2  2  9   0.5 1000 210  3.6 8  3.8  96    0   11 300 -312  0
3823500 2818500  2  2 10   0.8 1000 203  3.8 8  3.9  96    0   25 304 -313  0
3823500 2818500  2  2 11   1.5  999 221  4.6 8  4.0  95    0   45 305 -316  0
3823500 2818500  2  2 12   2.4  999 202  4.2 7  4.0  90   31  122 304 -318  0
3823500 2818500  2  2 13   2.4  998 212  4.6 6  3.9  86    8  125 297 -319  0
3823500 2818500  2  2 14   1.9  997 208  4.6 8  3.9  87    0   52 300 -320  0
3823500 2818500  2  2 15   2.6  995 206  4.6 8  4.0  88    0   41 310 -321  0
3823500 2818500  2  2 16   2.1  994 207  4.0 7  4.1  90    0   31 307 -322  0
3823500 2818500  2  2 17   2.1  993 215  4.5 8  4.1  92    0   15 307 -321  0
3823500 2818500  2  2 18   2.7  993 226  4.5 8  4.3  92    0    0 313 -321  0
3823500 2818500  2  2 19   3.1  992 223  4.4 8  4.4  92    0    0 317 -321  0
3823500 2818500  2  2 20   3.2  991 215  4.6 8  4.5  92    0    0 319 -321  0
3823500 2818500  2  2 21   3.3  991 211  4.2 8  4.5  92    0    0 321 -322  0
3823500 2818500  2  2 22   3.5  989 211  4.2 8  4.5  92    0    0 321 -322  0
3823500 2818500  2  2 23   3.3  988 215  3.3 8  4.5  91    0    0 320 -322  0
3823500 2818500  2  2 24   2.7  987 219  3.2 8  4.4  92    0    0 319 -321  0
3823500 2818500  2  3  1   1.5  986 250  3.1 8  4.3  96    0    0 316 -320  0
3823500 2818500  2  3  2   1.6  986 243  2.0 7  4.2  96    0    0 309 -320  0
3823500 2818500  2  3  3   1.7  986 239  2.3 5  4.2  95    0    0 289 -320  0
3823500 2818500  2  3  4   2.1  986 234  3.1 3  4.2  94    0    0 260 -320  0
3823500 2818500  2  3  5   2.3  985 229  3.7 2  4.2  92    0    0 231 -321  0
3823500 2818500  2  3  6   1.3  985 229  4.9 5  4.2  94    0    0 243 -321  0
3823500 2818500  2  3  7   0.5  985 225  1.7 8  4.0  97    0    0 285 -320  0
3823500 2818500  2  3  8   0.4  984 230  2.7 7  4.0  99    0    0 297 -320  0
3823500 2818500  2  3  9   1.2  984 222  2.6 6  4.0  97    0    5 284 -320  0
3823500 2818500  2  3 10   2.0  983 235  3.4 7  4.1  94    1   61 285 -320  0
3823500 2818500  2  3 11   2.5  983 236  2.1 7  4.3  92   17  130 291 -320  0
3823500 2818500  2  3 12   3.7  983 224  3.5 6  4.3  87   13  154 284 -321  0
3823500 2818500  2  3 13   3.8  982 229  2.8 4  4.3  83   45  201 261 -325  0
3823500 2818500  2  3 14   2.1  981 225  3.6 3  4.2  87   89  208 236 -329  0
3823500 2818500  2  3 15   2.1  980 234  3.9 5  4.2  91   26  147 243 -330  0
3823500 2818500  2  3 16   2.2  980 236  2.9 5  4.1  90   29  108 257 -328  0
3823500 2818500  2  3 17   2.0  979 238  3.6 4  4.0  87    0   26 248 -325  0
3823500 2818500  2  3 18   1.4  979 221  3.1 3  3.8  86    0    4 228 -321  0
3823500 2818500  2  3 19   0.9  979 234  3.1 4  3.8  89    0    0 224 -320  0
3823500 2818500  2  3 20   0.9  979 243  3.4 4  3.9  92    0    0 230 -319  0
3823500 2818500  2  3 21   0.4  979 265  4.2 4  3.8  93    0    0 230 -319  0
3823500 2818500  2  3 22   0.4  979 271  2.9 6  3.8  94    0    0 243 -319  0
3823500 2818500  2  3 23  -0.2  980 242  1.8 5  3.7  94    0    0 247 -319  0
3823500 2818500  2  3 24  -0.4  980 213  1.7 2  3.6  94    0    0 213 -318  0
3823500 2818500  2  4  1  -0.7  980 214  3.0 1  3.6  94    0    0 180 -318  0
3823500 2818500  2  4  2  -0.1  980 215  3.3 1  3.5  93    0    0 175 -318  0
3823500 2818500  2  4  3   0.2  980 229  3.4 4  3.6  90    0    0 195 -318  0
3823500 2818500  2  4  4   0.2  980 240  3.8 6  3.7  92    0    0 234 -318  0
3823500 2818500  2  4  5   0.2  980 231  3.4 6  3.8  94    0    0 250 -318  0
3823500 2818500  2  4  6   0.2  980 236  2.0 6  3.8  95    0    0 250 -318  0
3823500 2818500  2  4  7  -0.3  980 230  3.2 6  3.7  94    0    0 250 -318  0
3823500 2818500  2  4  8  -0.8  980 226  2.6 5  3.6  94    0    0 243 -318  0
3823500 2818500  2  4  9  -0.9  980 243  3.3 5  3.5  95    1   20 236 -318  0
3823500 2818500  2  4 10   0.7  981 231  3.1 4  3.6  93   44   70 230 -319  0
3823500 2818500  2  4 11   1.7  981 242  3.5 3  3.7  86  113  103 213 -319  0
3823500 2818500  2  4 12   2.6  982 251  3.9 3  3.7  81  158  124 203 -320  0
3823500 2818500  2  4 13   1.3  982 256  4.7 4  3.7  83   18  146 214 -320  0
3823500 2818500  2  4 14   0.3  982 265  3.6 6  3.8  92    0   56 241 -320  0
3823500 2818500  2  4 15   0.7  983 263  4.5 7  3.9  97    0   82 264 -320  0
3823500 2818500  2  4 16   1.0  983 248  4.1 7  4.0  96    3   66 271 -320  0
3823500 2818500  2  4 17   1.1  984 241  3.8 8  4.0  95   11   30 278 -319  0
3823500 2818500  2  4 18   1.1  984 244  3.2 8  4.0  94    0    0 284 -318  0
3823500 2818500  2  4 19   1.1  984 211  4.1 6  3.9  93    0    0 274 -318  0
3823500 2818500  2  4 20   1.0  984 229  5.0 6  3.9  92    0    0 262 -316  0
3823500 2818500  2  4 21   0.9  984 219  4.5 7  3.8  92    0    0 268 -314  0
3823500 2818500  2  4 22   0.4  984 223  3.5 8  3.8  94    0    0 278 -311  0
3823500 2818500  2  4 23   0.4  983 220  2.7 8  3.9  96    0    0 284 -308  0
3823500 2818500  2  4 24   0.7  983 256  2.7 8  4.0  98    0    0 285 -308  0
3823500 2818500  2  5  1   1.1  984 291  3.2 7  4.0  96    0    0 281 -311  0
3823500 2818500  2  5  2   1.2  984 287  4.1 7  4.0  94    0    0 278 -314  0
3823500 2818500  2  5  3   0.8  985 286  3.1 7  3.9  94    0    0 278 -315  0
3823500 2818500  2  5  4   0.8  986 321  3.4 7  4.0  96    0    0 280 -315  0
3823500 2818500  2  5  5   0.8  986 338  3.5 7  4.0  96    0    0 281 -313  0
3823500 2818500  2  5  6   0.8  988 340  3.8 6  3.9  94    0    0 276 -308  0
3823500 2818500  2  5  7   0.6  989 324  3.9 7  3.8  93    0    0 274 -304  0
3823500 2818500  2  5  8   0.5  990 332  3.0 7  3.7  92    0    0 279 -302  0
3823500 2818500  2  5  9   0.6  991 323  2.7 7  3.7  92    0   12 279 -305  0
3823500 2818500  2  5 10   1.0  993 327  1.9 6  3.8  93    5   70 274 -309  0
3823500 2818500  2  5 11   1.7  994 348  2.5 5  3.9  92   20  123 263 -312  0
3823500 2818500  2  5 12   2.5  995 345  2.2 4  3.9  87   36  164 253 -314  0
3823500 2818500  2  5 13   2.9  996 349  1.7 4  3.7  80   36  175 249 -316  0
3823500 2818500  2  5 14   3.1  996 344  2.3 4  3.5  74   93  181 250 -317  0
3823500 2818500  2  5 15   3.2  997 327  2.5 4  3.4  70   81  150 253 -317  0
3823500 2818500  2  5 16   2.7  997 301  2.2 8  3.4  72    2   66 272 -317  0
3823500 2818500  2  5 17   2.3  998 267  1.8 7  3.5  76    0   20 283 -314  0
3823500 2818500  2  5 18   2.1  998 237  2.1 7  3.6  81    0    2 278 -312  0
3823500 2818500  2  5 19   2.2  999 237  3.6 7  3.8  84    0    0 277 -313  0
3823500 2818500  2  5 20   2.4  999 152  3.5 7  3.9  86    0    0 279 -313  0
3823500 2818500  2  5 21   2.3  999 271  5.0 7  4.0  87    0    0 279 -314  0
3823500 2818500  2  5 22   2.5  999 306  3.8 7  4.1  89    0    0 281 -314  0
3823500 2818500  2  5 23   1.7  999 331  4.9 6  3.9  88    0    0 275 -316  0
3823500 2818500  2  5 24   1.0 1000 348  3.6 7  3.7  88    0    0 275 -317  0
3823500 2818500  2  6  1   0.7 1001   7  4.8 7  3.6  88    0    0 279 -317  0
3823500 2818500  2  6  2   0.4 1003   8  4.4 7  3.4  86    0    0 279 -317  0
3823500 2818500  2  6  3   0.3 1004 358  2.6 8  3.4  86    0    0 284 -317  0
3823500 2818500  2  6  4  -0.2 1005   5  1.6 8  3.3  85    0    0 288 -317  0
3823500 2818500  2  6  5  -0.6 1006  14  1.8 8  3.1  83    0    0 284 -316  0
3823500 2818500  2  6  6  -0.8 1007  13  0.3 8  3.0  82    0    0 282 -315  0
3823500 2818500  2  6  7  -0.6 1008   0  0.2 7  2.9  81    0    0 274 -312  0
3823500 2818500  2  6  8  -0.4 1008   7  0.2 8  2.9  78    0    0 271 -309  0
3823500 2818500  2  6  9  -0.4 1009 333  0.2 7  2.8  76    0   15 269 -309  0
3823500 2818500  2  6 10   0.1 1010 318  0.2 6  2.8  75    4   69 258 -311  0
3823500 2818500  2  6 11   0.8 1010 318  0.5 6  2.8  70   12  113 254 -316  0
3823500 2818500  2  6 12   1.4 1011 328  0.7 4  2.8  68   85  171 248 -319  0
3823500 2818500  2  6 13   1.9 1011 263  0.5 4  2.8  67   82  185 243 -318  0
3823500 2818500  2  6 14   2.1 1011 286  0.8 3  2.8  64  104  175 240 -319  0
3823500 2818500  2  6 15   1.9 1012 269  1.3 3  2.8  63   95  146 240 -319  0
3823500 2818500  2  6 16   1.8 1012 259  0.2 3  2.7  63   75   96 244 -319  0
3823500 2818500  2  6 17   1.1 1012 260  0.7 5  2.7  64   33   47 257 -319  0
3823500 2818500  2  6 18  -0.7 1012 208  0.5 4  2.6  67    1    8 263 -319  0
3823500 2818500  2  6 19  -1.5 1012 220  0.9 5  2.5  72    0    0 261 -320  0
3823500 2818500  2  6 20  -1.2 1013 199  0.8 5  2.6  75    0    0 268 -320  0
3823500 2818500  2  6 21  -1.1 1013 188  1.0 7  2.7  78    0    0 281 -320  0
3823500 2818500  2  6 22  -1.4 1013 174  1.6 5  2.8  80    0    0 282 -320  0
3823500 2818500  2  6 23  -1.1 1012 171  1.7 5  2.8  81    0    0 273 -320  0
3823500 2818500  2  6 24  -0.7 1012 171  0.8 7  2.9  81    0    0 286 -320  0
3823500 2818500  2  7  1  -0.4 1012 172  1.2 7  3.0  82    0    0 299 -320  0
3823500 2818500  2  7  2  -0.1 1012 173  1.7 6  3.1  83    0    0 296 -320  0
3823500 2818500  2  7  3   0.0 1012 171  1.7 7  3.2  84    0    0 298 -320  0
3823500 2818500  2  7  4   0.2 1012 178  1.9 7  3.3  85    0    0 305 -320  0
3823500 2818500  2  7  5   0.6 1011 174  1.9 8  3.3  86    0    0 311 -320  0
3823500 2818500  2  7  6   0.8 1011 168  1.3 7  3.4  85    0    0 312 -321  0
3823500 2818500  2  7  7   1.4 1011 187  1.6 7  3.4  83    0    0 305 -321  0
3823500 2818500  2  7  8   1.3 1011 181  1.4 7  3.5  83    0    0 304 -321  0
3823500 2818500  2  7  9   1.3 1011 184  1.8 7  3.5  84    0   17 302 -320  0
3823500 2818500  2  7 10   1.6 1011 191  1.7 8  3.6  85    0   39 311 -320  0
3823500 2818500  2  7 11   2.0 1011 214  2.0 8  3.7  86    0   63 321 -320  0
3823500 2818500  2  7 12   2.2 1012 214  2.5 7  3.9  88    0   77 311 -324  0
3823500 2818500  2  7 13   2.2 1012 223  2.2 7  4.0  90    0  113 301 -329  0
3823500 2818500  2  7 14   2.3 1011 220  1.8 8  4.2  93    0   90 310 -329  0
3823500 2818500  2  7 15   2.6 1011 210  1.9 8  4.3  94    0   53 320 -332  0
3823500 2818500  2  7 16   2.8 1011 210  1.3 7  4.4  94    0   35 310 -335  0
3823500 2818500  2  7 17   2.9 1011 209  1.4 8  4.4  94    0   19 310 -336  0
3823500 2818500  2  7 18   3.1 1012 194  1.1 8  4.5  94    0    2 320 -334  0
3823500 2818500  2  7 19   3.2 1012 197  1.6 6  4.5  95    0    0 300 -332  0
3823500 2818500  2  7 20   3.3 1012 203  1.5 8  4.6  96    0    0 299 -330  0
3823500 2818500  2  7 21   3.5 1012 206  1.2 8  4.6  95    0    0 320 -329  0
3823500 2818500  2  7 22   3.7 1013 215  0.8 8  4.7  95    0    0 321 -329  0
3823500 2818500  2  7 23   4.0 1013 217  1.4 8  4.8  96    0    0 323 -328  0
3823500 2818500  2  7 24   3.8 1013 201  1.3 8  4.8  96    0    0 322 -327  0
3823500 2818500  2  8  1   4.0 1013 203  1.0 8  4.8  96    0    0 322 -327  0
3823500 2818500  2  8  2   4.4 1013 212  1.4 7  4.9  96    0    0 313 -326  0
3823500 2818500  2  8  3   4.3 1013 222  1.6 7  5.0  96    0    0 303 -326  0
3823500 2818500  2  8  4   4.3 1013 218  1.3 8  5.0  96    0    0 315 -326  0
3823500 2818500  2  8  5   4.3 1013 241  1.0 8  5.0  96    0    0 324 -325  0
3823500 2818500  2  8  6   4.4 1013 217  0.5 8  5.0  96    0    0 324 -325  0
3823500 2818500  2  8  7   4.2 1013 211  0.9 8  5.0  96    0    0 325 -325  0
3823500 2818500  2  8  8   4.4 1013 212  0.8 8  5.0  97    0    0 325 -325  0
3823500 2818500  2  8  9   4.3 1013 199  0.5 8  5.0  97    0   11 327 -326  0
3823500 2818500  2  8 10   4.5 1014 222  0.9 8  5.1  99    0   53 327 -329  0
3823500 2818500  2  8 11   4.8 1014 193  0.8 7  5.3 100    0   67 320 -334  0
3823500 2818500  2  8 12   5.2 1014 211  1.7 7  5.4  99    0   71 312 -340  0
3823500 2818500  2  8 13   5.2 1014 201  1.4 8  5.4  99    0   56 319 -347  0
3823500 2818500  2  8 14   5.4 1014 229  1.2 6  5.4  98    0   55 310 -352  0
3823500 2818500  2  8 15   5.7 1014 215  1.1 7  5.4  96    0   57 304 -355  0
3823500 2818500  2  8 16   5.7 1014 206  0.8 7  5.4  95    0   64 311 -355  0
3823500 2818500  2  8 17   5.6 1014 195  0.3 8  5.5  96    0   29 317 -353  0
3823500 2818500  2  8 18   5.6 1014 196  0.7 8  5.5  97    0    4 323 -349  0
3823500 2818500  2  8 19   5.6 1014 176  0.2 7  5.4  96    0    0 317 -345  0
3823500 2818500  2  8 20   5.5 1014 186  0.1 7  5.4  96    0    0 311 -341  0
3823500 2818500  2  8 21   5.3 1014 151  0.1 7  5.4  96    0    0 310 -340  0
3823500 2818500  2  8 22   5.2 1014 153  0.4 8  5.3  96    0    0 318 -341  0
3823500 2818500  2  8 23   5.2 1014 156  0.6 8  5.3  96    0    0 324 -341  0
3823500 2818500  2  8 24   5.2 1014 146  0.8 8  5.3  96    0    0 326 -340  0
3823500 2818500  2  9  1   5.3 1014 132  0.2 8  5.3  96    0    0 326 -340  0
3823500 2818500  2  9  2   5.1 1014 139  0.7 8  5.3  96    0    0 327 -340  0
3823500 2818500  2  9  3   5.1 1014 137  0.7 8  5.2  95    0    0 326 -339  0
3823500 2818500  2  9  4   4.8 1014 121  0.7 8  5.1  94    0    0 326 -338  0
3823500 2818500  2  9  5   4.6 1013 147  1.1 8  5.0  94    0    0 326 -337  0
3823500 2818500  2  9  6   4.3 1013 137  1.0 8  4.9  94    0    0 326 -337  0
3823500 2818500  2  9  7   3.9 1013 137  1.2 7  4.8  94    0    0 320 -337  0
3823500 2818500  2  9  8   3.1 1013 130  1.4 7  4.6  94    0    0 312 -337  0
3823500 2818500  2  9  9   3.2 1012 137  1.9 6  4.5  95    0   17 304 -337  0
3823500 2818500  2  9 10   4.3 1012 149  1.8 5  4.6  92   13   83 293 -338  0
3823500 2818500  2  9 11   4.6 1013 139  2.5 5  4.6  87   42  144 288 -341  0
3823500 2818500  2  9 12   6.0 1012 151  3.1 5  4.6  83   91  170 290 -343  0
3823500 2818500  2  9 13   6.9 1012 139  2.8 4  4.8  79  133  178 285 -346  0
3823500 2818500  2  9 14   7.7 1012 146  2.2 3  4.8  76  187  160 273 -345  0
3823500 2818500  2  9 15   8.2 1011 145  2.5 2  4.8  72  163  135 261 -345  0
3823500 2818500  2  9 16   8.1 1011 131  2.5 3  4.7  70   83  102 262 -345  0
3823500 2818500  2  9 17   7.2 1011 106  2.1 6  4.6  71    7   40 289 -344  0
3823500 2818500  2  9 18   5.9 1012  73  1.7 6  4.5  74    0    3 307 -343  0
3823500 2818500  2  9 19   4.5 1012  75  1.6 5  4.3  78    0    0 298 -343  0
3823500 2818500  2  9 20   3.2 1012 104  1.9 3  4.0  80    0    0 276 -343  0
3823500 2818500  2  9 21   2.1 1013 108  1.7 2  3.8  82    0    0 248 -344  0
3823500 2818500  2  9 22   1.0 1013 110  1.2 1  3.6  85    0    0 225 -344  0
3823500 2818500  2  9 23   0.6 1013 128  1.3 2  3.5  86    0    0 216 -343  0
3823500 2818500  2  9 24   0.5 1014 156  1.5 3  3.5  88    0    0 219 -341  0
3823500 2818500  2 10  1   0.8 1024 194  2.3 4  3.6  89    0    0 259 -315  0
3823500 2818500  2 10  2   1.1 1024 226  2.9 6  3.7  90    0    0 258 -315  0
3823500 2818500  2 10  3   1.3 1024 248  3.3 7  3.7  91    0    0 256 -316  0
3823500 2818500  2 10  4   1.2 1024 246  3.3 8  3.8  92    0    0 263 -316  0
3823500 2818500  2 10  5   1.3 1023 244  3.3 8  3.8  92    0    0 267 -316  0
3823500 2818500  2 10  6   1.4 1024 238  3.2 8  3.8  94    0    0 268 -316  0
3823500 2818500  2 10  7   1.6 1024 240  3.2 7  3.9  93    0    0 265 -315  0
3823500 2818500  2 10  8   1.4 1023 236  3.2 6  3.8  90    0    0 257 -315  0
3823500 2818500  2 10  9   1.2 1023 228  3.0 6  3.6  88    2   30 251 -314  0
3823500 2818500  2 10 10   1.5 1023 228  3.1 7  3.5  85    4   79 254 -314  0
3823500 2818500  2 10 11   1.9 1023 233  4.0 7  3.5  82    6  120 261 -317  0
3823500 2818500  2 10 12   2.3 1022 235  5.2 8  3.4  78    0   92 266 -319  0
3823500 2818500  2 10 13   2.6 1021 238  4.7 8  3.4  76    0   86 268 -323  0
3823500 2818500  2 10 14   3.1 1020 240  5.5 7  3.4  73    4  130 264 -327  0
3823500 2818500  2 10 15   2.6 1019 239  5.8 7  3.5  75    3  111 262 -327  0
3823500 2818500  2 10 16   2.9 1018 239  5.9 7  3.6  78    0   65 265 -326  0
3823500 2818500  2 10 17   3.3 1017 233  5.8 8  3.6  76    0   25 272 -326  0
3823500 2818500  2 10 18   3.2 1015 238  6.2 8  3.6  75    0    2 278 -325  0
3823500 2818500  2 10 19   2.6 1014 237  6.2 8  3.7  79    0    0 279 -324  0
3823500 2818500  2 10 20   2.2 1013 241  6.2 8  3.8  85    0    0 280 -323  0
3823500 2818500  2 10 21   2.2 1012 243  6.5 8  3.9  88    0    0 283 -323  0
3823500 2818500  2 10 22   2.8 1011 239  5.8 8  4.0  89    0    0 288 -322  0
3823500 2818500  2 10 23   3.8 1009 242  5.7 8  4.3  89    0    0 296 -322  0
3823500 2818500  2 10 24   4.8 1008 258  5.8 8  4.7  90    0    0 304 -322  0
3823500 2818500  2 11  1   5.7 1007 259  4.3 8  5.0  90    0    0 312 -323  0
3823500 2818500  2 11  2   7.0 1007 295  3.4 7  5.4  91    0    0 317 -322  0
3823500 2818500  2 11  3   7.2 1007 310  2.2 8  5.8  91    0    0 323 -321  0
3823500 2818500  2 11  4   7.1 1007 325  2.9 8  5.8  92    0    0 328 -322  0
3823500 2818500  2 11  5   6.8 1008 328  2.3 7  5.8  92    0    0 327 -324  0
3823500 2818500  2 11  6   6.5 1008 324  1.7 8  5.6  92    0    0 328 -326  0
3823500 2818500  2 11  7   6.3 1009 321  1.6 8  5.6  93    0    0 333 -329  0
3823500 2818500  2 11  8   6.2 1010 325  1.1 8  5.6  94    0    0 335 -332  0
3823500 2818500  2 11  9   6.2 1011 310  0.9 8  5.5  93    0   22 336 -336  0
3823500 2818500  2 11 10   6.4 1012   5  1.5 8  5.5  93    0   41 337 -339  0
3823500 2818500  2 11 11   6.3 1013  24  1.9 7  5.5  92    0   57 329 -344  0
3823500 2818500  2 11 12   6.0 1014  27  1.6 7  5.3  90    0   69 321 -348  0
3823500 2818500  2 11 13   4.9 1015  33  2.4 7  4.9  88    0   63 318 -351  0
3823500 2818500  2 11 14   4.2 1016  34  2.3 7  4.6  88    0   55 316 -354  0
3823500 2818500  2 11 15   4.0 1017  28  1.9 7  4.3  86    0   41 315 -355  0
3823500 2818500  2 11 16   4.0 1018  48  1.8 6  4.1  81    2   75 307 -354  0
3823500 2818500  2 11 17   3.7 1018  68  2.9 7  3.9  79    3   42 306 -352  0
3823500 2818500  2 11 18   2.6 1019  66  2.5 8  3.7  79    0    9 315 -347  0
3823500 2818500  2 11 19   2.3 1020  82  1.5 8  3.6  79    0    0 316 -340  0
3823500 2818500  2 11 20   1.8 1021  37  0.1 7  3.5  79    0    0 307 -335  0
3823500 2818500  2 11 21  -0.1 1022 353  0.2 3  3.3  82    0    0 275 -333  0
3823500 2818500  2 11 22  -0.3 1022  14  0.6 4  3.1  85    0    0 255 -334  0
3823500 2818500  2 11 23  -0.5 1023 344  0.2 5  3.2  88    0    0 265 -333  0
3823500 2818500  2 11 24  -1.1 1023  66  0.4 6  3.2  89    0    0 273 -331  0
3823500 2818500  2 12  1  -1.3 1023  16  0.3 3  3.1  90    0    0 263 -327  0
3823500 2818500  2 12  2  -1.0 1024 350  0.2 5  3.1  91    0    0 258 -322  0
3823500 2818500  2 12  3  -1.1 1024 332  0.2 5  3.2  93    0    0 267 -320  0
3823500 2818500  2 12  4  -0.8 1024   5  0.0 6  3.3  93    0    0 271 -319  0
3823500 2818500  2 12  5  -0.6 1024 135  0.0 7  3.3  94    0    0 280 -319  0
3823500 2818500  2 12  6  -0.4 1024 202  0.4 7  3.4  95    0    0 285 -317  0
3823500 2818500  2 12  7  -0.3 1024 153  0.3 7  3.5  95    0    0 287 -315  0
3823500 2818500  2 12  8   0.0 1024 172  0.1 7  3.5  95    0    0 289 -316  0
3823500 2818500  2 12  9   0.2 1024 162  0.5 7  3.6  95    0   34 291 -317  0
3823500 2818500  2 12 10   1.2 1024 210  1.1 7  3.7  94    4   87 294 -319  0
3823500 2818500  2 12 11   2.5 1024 214  1.3 6  3.8  88    6  130 294 -320  0
3823500 2818500  2 12 12   3.0 1024 205  1.4 7  3.7  80    1  124 298 -323  0
3823500 2818500  2 12 13   3.4 1024 231  2.2 7  3.6  77    4  157 305 -328  0
3823500 2818500  2 12 14   3.4 1024 233  1.8 7  3.7  77    4  147 307 -330  0
3823500 2818500  2 12 15   3.0 1024 229  1.7 7  3.9  82    2  115 309 -331  0
3823500 2818500  2 12 16   3.0 1024 230  1.8 7  4.1  89    1   76 311 -332  0
3823500 2818500  2 12 17   3.2 1024 244  2.5 8  4.3  92    6   50 317 -333  0
3823500 2818500  2 12 18   3.5 1023 225  1.1 8  4.4  92    0    6 323 -334  0
3823500 2818500  2 12 19   3.7 1023 219  0.9 8  4.5  92    0    0 325 -335  0
3823500 2818500  2 12 20   3.9 1023 228  1.3 6  4.6  92    0    0 318 -336  0
3823500 2818500  2 12 21   4.1 1023 253  2.2 6  4.5  91    0    0 309 -338  0
3823500 2818500  2 12 22   4.4 1023 260  2.1 8  4.6  91    0    0 320 -339  0
3823500 2818500  2 12 23   4.7 1024 261  1.9 8  4.9  94    0    0 332 -341  0
3823500 2818500  2 12 24   5.1 1024 280  1.6 7  5.1  95    0    0 328 -341  0
3823500 2818500  2 13  1   5.7 1024 289  0.8 8  5.3  95    0    0 330 -341  0
3823500 2818500  2 13  2   6.0 1024 285  1.4 8  5.4  95    0    0 337 -341  0
3823500 2818500  2 13  3   6.0 1024 290  1.2 8  5.5  95    0    0 337 -341  0
3823500 2818500  2 13  4   6.1 1024 294  1.9 8  5.5  96    0    0 337 -341  0
3823500 2818500  2 13  5   6.1 1024 281  1.9 8  5.6  96    0    0 337 -341  0
3823500 2818500  2 13  6   6.1 1024 283  1.3 8  5.6  96    0    0 336 -341  0
3823500 2818500  2 13  7   6.2 1024 273  1.8 8  5.5  95    0    0 335 -340  0
3823500 2818500  2 13  8   6.2 1023 272  1.7 7  5.5  95    0    0 328 -341  0
3823500 2818500  2 13  9   6.4 1024 276  1.9 8  5.6  95    0   15 327 -341  0
3823500 2818500  2 13 10   6.6 1024 271  1.8 7  5.7  95    0   22 327 -342  0
3823500 2818500  2 13 11   6.9 1024 271  1.7 7  5.8  96    0   59 320 -344  0
3823500 2818500  2 13 12   7.4 1024 277  1.7 7  6.0  96    0   78 320 -346  0
3823500 2818500  2 13 13   7.6 1024 271  2.1 7  6.1  95    0   93 320 -348  0
3823500 2818500  2 13 14   8.1 1024 278  2.5 7  6.1  93    0   91 320 -352  0
3823500 2818500  2 13 15   8.3 1023 280  2.3 7  5.9  89    0   73 320 -356  0
3823500 2818500  2 13 16   8.3 1023 281  2.2 7  5.8  86    0   54 319 -357  0
3823500 2818500  2 13 17   8.0 1023 279  1.7 8  5.7  85    6   33 325 -356  0
3823500 2818500  2 13 18   7.5 1023 284  1.1 8  5.6  87    6    5 331 -354  0
3823500 2818500  2 13 19   7.3 1023 259  1.0 8  5.7  90    0    0 329 -353  0
3823500 2818500  2 13 20   7.1 1023 285  1.2 8  5.7  91    0    0 326 -352  0
3823500 2818500  2 13 21   7.1 1022 273  1.2 8  5.7  92    0    0 325 -352  0
3823500 2818500  2 13 22   6.9 1022 266  2.3 8  5.7  93    0    0 325 -350  0
3823500 2818500  2 13 23   7.0 1022 261  0.9 8  5.7  93    0    0 324 -349  0
3823500 2818500  2 13 24   6.9 1022 273  1.8 8  5.8  93    0    0 326 -348  0
3823500 2818500  2 14  1   6.9 1021 296  1.2 8  5.8  94    0    0 326 -345  0
3823500 2818500  2 14  2   6.7 1021 275  1.8 8  5.7  93    0    0 328 -342  0
3823500 2818500  2 14  3   6.6 1021 263  1.0 7  5.7  94    0    0 323 -340  0
3823500 2818500  2 14  4   6.4 1020 257  1.5 8  5.6  94    0    0 325 -340  0
3823500 2818500  2 14  5   6.3 1020 254  1.5 8  5.6  94    0    0 331 -339  0
3823500 2818500  2 14  6   6.1 1019 250  1.5 8  5.5  93    0    0 331 -338  0
3823500 2818500  2 14  7   5.9 1019 253  1.4 8  5.4  93    0    0 330 -336  0
3823500 2818500  2 14  8   5.7 1019 243  1.6 8  5.3  93    0    0 329 -335  0
3823500 2818500  2 14  9   5.9 1019 219  1.5 8  5.3  94    0    8 328 -334  0
3823500 2818500  2 14 10   6.6 1019 238  2.1 7  5.4  92    0   49 324 -335  0
3823500 2818500  2 14 11   7.3 1018 253  1.9 7  5.4  88    1  111 320 -337  0
3823500 2818500  2 14 12   7.8 1018 263  2.2 7  5.4  84    3  142 321 -340  0
3823500 2818500  2 14 13   8.0 1018 270  2.4 6  5.3  80   14  186 314 -344  0
3823500 2818500  2 14 14   8.1 1018 259  3.0 7  5.2  78   18  184 312 -346  0
3823500 2818500  2 14 15   8.3 1017 265  2.6 7  5.1  76   16  154 317 -348  0
3823500 2818500  2 14 16   8.1 1016 265  2.3 7  5.1  75   11  103 315 -347  0
3823500 2818500  2 14 17   7.8 1016 273  1.4 7  5.1  76   11   62 313 -346  0
3823500 2818500  2 14 18   7.3 1016 277  1.7 7  5.0  77    2   12 312 -342  0
3823500 2818500  2 14 19   7.1 1016 268  0.8 8  5.0  79    0    0 318 -337  0
3823500 2818500  2 14 20   6.8 1016 242  0.5 8  5.0  80    0    0 322 -332  0
3823500 2818500  2 14 21   6.8 1016 267  1.2 6  5.0  81    0    0 311 -332  0
3823500 2818500  2 14 22   6.9 1016 266  0.7 7  5.0  82    0    0 305 -335  0
3823500 2818500  2 14 23   6.7 1016 277  0.6 7  5.0  82    0    0 311 -337  0
3823500 2818500  2 14 24   6.1 1016 307  0.7 6  5.1  85    0    0 304 -338  0
3823500 2818500  2 15  1   6.0 1016 294  0.1 8  5.3  91    0    0 310 -338  0
3823500 2818500  2 15  2   5.8 1016 287  0.5 8  5.5  95    0    0 322 -338  0
3823500 2818500  2 15  3   5.7 1016 300  1.0 8  5.5  96    0    0 321 -337  0
3823500 2818500  2 15  4   5.1 1015 336  1.9 8  5.3  96    0    0 320 -337  0
3823500 2818500  2 15  5   4.5 1015 300  1.3 7  5.2  97    0    0 311 -336  0
3823500 2818500  2 15  6   4.1 1015 342  0.4 6  5.0  98    0    0 296 -336  0
3823500 2818500  2 15  7   3.7 1015 290  0.6 5  4.9  98    0    0 281 -336  0
3823500 2818500  2 15  8   3.4 1016 284  0.3 5  4.8  98    0    0 273 -335  0
3823500 2818500  2 15  9   3.7 1016 258  0.1 7  4.8  99   16   33 284 -336  0
3823500 2818500  2 15 10   4.6 1016 285  0.6 5  5.0  98   13   80 287 -338  0
3823500 2818500  2 15 11   5.2 1017 284  1.1 7  5.2  97   16  117 290 -344  0
3823500 2818500  2 15 12   5.8 1017 306  0.6 7  5.3  95    7  134 304 -348  0
3823500 2818500  2 15 13   6.3 1017 281  0.8 6  5.3  91   29  156 300 -351  0
3823500 2818500  2 15 14   6.7 1017 322  1.0 5  5.1  85   81  142 289 -354  0
3823500 2818500  2 15 15   6.9 1017 324  1.6 6  4.9  80    0  101 290 -354  0
3823500 2818500  2 15 16   6.7 1017 299  1.1 7  4.9  80    1   73 303 -352  0
3823500 2818500  2 15 17   6.4 1017 305  1.4 7  5.0  83    7   39 307 -350  0
3823500 2818500  2 15 18   6.1 1017 313  0.8 7  5.0  86    1    9 306 -347  0
3823500 2818500  2 15 19   5.2 1017 274  0.5 7  5.0  88    0    0 303 -345  0
3823500 2818500  2 15 20   4.6 1018 335  0.1 7  4.9  92    0    0 302 -344  0
3823500 2818500  2 15 21   3.9 1018 291  0.3 6  4.8  94    0    0 295 -344  0
3823500 2818500  2 15 22   2.8 1018 294  0.1 3  4.7  97    0    0 270 -344  0
3823500 2818500  2 15 23   2.1 1019 316  0.1 3  4.4  99    0    0 252 -341  0
3823500 2818500  2 15 24   2.7 1019 347  0.1 4  4.5  99    0    0 258 -339  0
3823500 2818500  2 16  1   0.6 1019 251  0.0 1  4.1  96    0    0 245 -338  0
3823500 2818500  2 16  2  -0.5 1019 288  0.1 1  3.5  92    0    0 224 -338  0
3823500 2818500  2 16  3  -0.9 1019 350  0.1 1  3.3  92    0    0 224 -338  0
3823500 2818500  2 16  4   0.2 1020 338  0.7 4  3.5  94    0    0 242 -338  0
3823500 2818500  2 16  5   0.2 1020 325  1.2 5  3.6  95    0    0 266 -338  0
3823500 2818500  2 16  6   0.4 1020 290  0.1 7  3.7  96    0    0 282 -338  0
3823500 2818500  2 16  7   0.9 1020 287  0.1 4  3.8  96    0    0 277 -338  0
3823500 2818500  2 16  8   1.5 1020 344  0.1 8  3.9  95    0    0 282 -338  0
3823500 2818500  2 16  9   1.9 1021   5  0.5 8  4.1  95    0   32 306 -338  0
3823500 2818500  2 16 10   2.5 1021 355  0.6 8  4.2  94    0   69 307 -340  0
3823500 2818500  2 16 11   3.0 1022 353  0.6 7  4.2  92    0   75 301 -346  0
3823500 2818500  2 16 12   3.1 1022 348  0.4 8  4.3  91    0   79 300 -353  0
3823500 2818500  2 16 13   3.5 1022 344  0.7 8  4.2  88    0   79 305 -359  0
3823500 2818500  2 16 14   3.8 1022 324  1.1 8  4.2  85    0   64 303 -362  0
3823500 2818500  2 16 15   3.9 1022   0  0.6 7  4.1  83    0   77 299 -360  0
3823500 2818500  2 16 16   4.1 1021 281  0.3 7  4.1  81   33  108 295 -358  0
3823500 2818500  2 16 17   4.1 1021 333  0.3 8  4.0  79    3   47 300 -355  0
3823500 2818500  2 16 18   4.0 1021 255  0.3 7  3.9  77    0    8 299 -351  0
3823500 2818500  2 16 19   3.6 1021 214  0.2 6  3.8  78    0    0 287 -346  0
3823500 2818500  2 16 20   3.6 1021 232  0.7 6  3.9  79    0    0 280 -341  0
3823500 2818500  2 16 21   3.6 1021 267  0.4 6  3.9  80    0    0 279 -338  0
3823500 2818500  2 16 22   3.5 1021 277  0.5 7  3.9  80    0    0 284 -337  0
3823500 2818500  2 16 23   3.4 1021 217  0.6 7  3.9  80    0    0 290 -336  0
3823500 2818500  2 16 24   3.3 1021 215  0.5 5  3.9  81    0    0 283 -335  0
3823500 2818500  2 17  1   3.0 1021 193  0.8 8  3.9  82    0    0 288 -334  0
3823500 2818500  2 17  2   2.8 1021 199  0.7 8  3.9  84    0    0 303 -334  0
3823500 2818500  2 17  3   2.9 1020 211  1.0 7  3.9  84    0    0 299 -334  0
3823500 2818500  2 17  4   2.6 1020 216  0.7 7  3.9  84    0    0 297 -333  0
3823500 2818500  2 17  5   2.6 1020 221  0.9 7  3.9  85    0    0 298 -333  0
3823500 2818500  2 17  6   2.5 1020 226  0.9 7  3.9  87    0    0 299 -333  0
3823500 2818500  2 17  7   2.7 1020 230  1.2 6  4.0  88    0    0 296 -333  0
3823500 2818500  2 17  8   2.3 1019 213  1.6 6  4.0  89    0    0 292 -333  0
3823500 2818500  2 17  9   2.3 1019 240  1.5 6  4.0  90    1   36 291 -333  0
3823500 2818500  2 17 10   2.7 1019 246  1.6 7  4.0  88   15   94 297 -336  0
3823500 2818500  2 17 11   3.0 1019 250  2.7 6  4.1  88    0   92 299 -341  0
3823500 2818500  2 17 12   3.4 1019 248  3.2 8  4.2  88    0   49 306 -347  0
3823500 2818500  2 17 13   4.2 1019 257  3.2 7  4.3  86    0  104 314 -352  0
3823500 2818500  2 17 14   4.9 1019 261  2.8 6  4.3  83   13  153 307 -355  0
3823500 2818500  2 17 15   5.1 1018 269  3.3 6  4.4  81    1  107 303 -355  0
3823500 2818500  2 17 16   5.2 1018 270  2.9 7  4.4  80    0   43 307 -354  0
3823500 2818500  2 17 17   5.0 1018 283  2.5 8  4.4  82    0   39 318 -351  0
3823500 2818500  2 17 18   5.0 1017 277  2.8 8  4.4  81    2   10 324 -347  0
3823500 2818500  2 17 19   4.9 1017 277  2.6 8  4.4  81    0    0 322 -344  0
3823500 2818500  2 17 20   4.8 1017 276  2.8 8  4.5  84    0    0 322 -341  0
3823500 2818500  2 17 21   4.6 1017 290  2.9 8  4.6  86    0    0 323 -340  0
3823500 2818500  2 17 22   4.1 1017 312  2.8 6  4.5  87    0    0 305 -340  0
3823500 2818500  2 17 23   3.9 1017 306  2.4 5  4.3  85    0    0 280 -340  0
3823500 2818500  2 17 24   4.0 1017 303  2.5 7  4.2  84    0    0 291 -340  0
3823500 2818500  2 18  1   4.1 1017 301  2.6 5  4.2  83    0    0 293 -340  0
3823500 2818500  2 18  2   4.1 1017 307  2.7 6  4.1  82    0    0 284 -340  0
3823500 2818500  2 18  3   3.9 1017 288  2.7 7  4.1  81    0    0 298 -340  0
3823500 2818500  2 18  4   3.8 1016 335  3.4 7  4.1  82    0    0 307 -341  0
3823500 2818500  2 18  5   4.0 1016 319  2.3 7  4.1  82    0    0 307 -341  0
3823500 2818500  2 18  6   3.5 1016 306  2.0 7  4.1  84    0    0 308 -340  0
3823500 2818500  2 18  7   3.5 1015 306  2.2 6  4.1  84    0    0 301 -339  0
3823500 2818500  2 18  8   3.4 1015 302  1.6 7  4.1  84    0    0 300 -337  0
3823500 2818500  2 18  9   3.2 1015 310  1.9 6  4.1  85   14   49 300 -335  0
3823500 2818500  2 18 10   4.5 1015 332  2.4 4  4.2  85   73  107 284 -335  0
3823500 2818500  2 18 11   5.7 1015 343  2.1 3  4.3  80  100  154 269 -337  0
3823500 2818500  2 18 12   6.9 1015 339  2.3 1  4.2  71  229  146 254 -341  0
3823500 2818500  2 18 13   8.0 1015 344  2.6 1  4.0  63  324  111 243 -344  0
3823500 2818500  2 18 14   8.0 1015 324  2.3 2  3.9  59  211  158 251 -347  0
3823500 2818500  2 18 15   7.9 1014 330  1.8 2  3.8  58  207  121 257 -347  0
3823500 2818500  2 18 16   8.4 1013 335  1.8 2  3.7  55  165   83 256 -345  0
3823500 2818500  2 18 17   7.1 1013 337  1.7 1  3.5  54   83   52 248 -341  0
3823500 2818500  2 18 18   5.4 1012 346  0.9 2  3.4  58   11   14 243 -334  0
3823500 2818500  2 18 19   4.3 1012  10  0.2 3  3.4  62    0    0 248 -327  0
3823500 2818500  2 18 20   3.6 1012   5  0.2 3  3.4  67    0    0 249 -322  0
3823500 2818500  2 18 21   3.6 1012  29  1.5 3  3.5  72    0    0 249 -320  0
3823500 2818500  2 18 22   3.1 1012  30  2.4 2  3.7  76    0    0 243 -319  0
3823500 2818500  2 18 23   2.8 1013  49  3.2 2  3.6  78    0    0 234 -320  0
3823500 2818500  2 18 24   2.0 1013  44  2.5 0  3.6  79    0    0 222 -320  0
3823500 2818500  2 19  1   1.3 1014  48  0.8 1  3.4  81    0    0 216 -320  0
3823500 2818500  2 19  2   1.3 1015  42  1.6 2  3.4  82    0    0 224 -320  0
3823500 2818500  2 19  3   0.7 1015  48  2.4 2  3.4  83    0    0 229 -322  0
3823500 2818500  2 19  4   0.4 1016  46  2.6 2  3.4  85    0    0 227 -322  0
3823500 2818500  2 19  5   0.8 1016  60  2.4 5  3.3  85    0    0 242 -323  0
3823500 2818500  2 19  6   0.4 1016  57  1.3 7  3.3  84    0    0 272 -322  0
3823500 2818500  2 19  7   0.1 1017  39  2.5 6  3.3  86    0    0 278 -322  0
3823500 2818500  2 19  8   0.2 1017  63  1.3 6  3.3  86    0    0 272 -322  0
3823500 2818500  2 19  9   0.5 1018  57  3.5 5  3.3  85   19   50 264 -321  0
3823500 2818500  2 19 10   0.9 1019  64  3.0 4  3.3  83   77  108 250 -322  0
3823500 2818500  2 19 11   1.3 1019  56  3.4 5  3.2  78   17  149 253 -324  0
3823500 2818500  2 19 12   2.0 1019  57  4.0 6  3.0  71    0  112 268 -327  0
3823500 2818500  2 19 13   2.0 1020  61  5.2 4  2.8  64   54  203 262 -331  0
3823500 2818500  2 19 14   2.2 1020  54  4.5 3  2.6  59  131  197 246 -336  0
3823500 2818500  2 19 15   3.0 1019  59  4.6 3  2.5  55  199  131 243 -337  0
3823500 2818500  2 19 16   2.7 1019  69  3.8 3  2.5  53  178   84 245 -336  0
3823500 2818500  2 19 17   2.1 1019  80  3.2 2  2.4  54  101   56 239 -332  0
3823500 2818500  2 19 18   1.6 1019  66  1.4 3  2.4  55   13   15 236 -326  0
3823500 2818500  2 19 19   0.9 1019  62  1.8 3  2.4  58    0    0 237 -322  0
3823500 2818500  2 19 20  -0.2 1020  71  0.9 3  2.4  63    0    0 233 -320  0
3823500 2818500  2 19 21  -0.7 1020  67  1.7 2  2.4  67    0    0 226 -319  0
3823500 2818500  2 19 22  -0.1 1020  73  1.0 2  2.5  67    0    0 218 -318  0
3823500 2818500  2 19 23  -0.4 1020  68  1.3 1  2.4  66    0    0 211 -316  0
3823500 2818500  2 19 24  -0.8 1020  65  1.7 2  2.4  67    0    0 211 -316  0
3823500 2818500  2 20  1  -1.0 1020  70  2.4 0  2.4  69    0    0 208 -315  0
3823500 2818500  2 20  2  -1.4 1020  69  3.2 0  2.5  71    0    0 200 -315  0
3823500 2818500  2 20  3  -2.3 1020  53  3.2 0  2.5  76    0    0 201 -316  0
3823500 2818500  2 20  4  -2.6 1020  66  2.7 0  2.4  78    0    0 200 -316  0
3823500 2818500  2 20  5  -2.7 1019  68  1.7 0  2.4  78    0    0 200 -316  0
3823500 2818500  2 20  6  -3.0 1019  71  3.6 0  2.5  81    0    0 201 -317  0
3823500 2818500  2 20  7  -3.2 1019  71  2.3 0  2.4  81    0    0 201 -315  0
3823500 2818500  2 20  8  -3.3 1019  75  1.4 0  2.4  81    0    0 202 -312  0
3823500 2818500  2 20  9  -2.2 1019  74  1.5 1  2.4  78   31   46 207 -311  0
3823500 2818500  2 20 10  -0.6 1018  80  1.9 2  2.3  67  117   84 219 -312  0
3823500 2818500  2 20 11   0.7 1018  86  2.4 1  2.2  57  225   93 223 -316  0
3823500 2818500  2 20 12   1.4 1018  75  3.7 1  2.2  54  311   89 221 -319  0
3823500 2818500  2 20 13   2.2 1018  77  3.4 0  2.3  53  370   76 219 -322  0
3823500 2818500  2 20 14   2.7 1017  71  4.8 0  2.3  52  377   61 216 -326  0
3823500 2818500  2 20 15   2.8 1016  84  3.4 0  2.4  52  327   53 217 -326  0
3823500 2818500  2 20 16   3.0 1015  84  3.7 0  2.4  52  219   55 217 -325  0
3823500 2818500  2 20 17   2.8 1015  91  3.0 0  2.4  52  107   43 217 -324  0
3823500 2818500  2 20 18   1.8 1015  88  2.7 0  2.4  55   16   14 215 -321  0
3823500 2818500  2 20 19   1.6 1014  90  1.2 0  2.4  57    0    0 214 -319  0
3823500 2818500  2 20 20   1.3 1015 101  2.5 0  2.4  58    0    0 213 -316  0
3823500 2818500  2 20 21   1.0 1015  94  2.4 0  2.5  60    0    0 212 -314  0
3823500 2818500  2 20 22   0.8 1015  87  0.7 0  2.4  60    0    0 211 -314  0
3823500 2818500  2 20 23   0.5 1015  85  1.0 0  2.4  60    0    0 210 -313  0
3823500 2818500  2 20 24  -0.1 1015  84  0.8 0  2.4  62    0    0 209 -313  0
3823500 2818500  2 21  1  -0.5 1014  82  0.5 0  2.4  64    0    0 207 -311  0
3823500 2818500  2 21  2  -0.5 1014  92  0.2 0  2.4  65    0    0 205 -309  0
3823500 2818500  2 21  3  -1.2 1014  85  0.2 0  2.4  67    0    0 203 -307  0
3823500 2818500  2 21  4  -1.6 1013  84  0.2 0  2.4  70    0    0 204 -306  0
3823500 2818500  2 21  5  -1.9 1012  81  0.1 0  2.4  72    0    0 204 -305  0
3823500 2818500  2 21  6  -2.0 1012  71  0.2 0  2.4  74    0    0 204 -305  0
3823500 2818500  2 21  7  -2.1 1010  80  0.2 2  2.4  74    0    0 214 -305  0
3823500 2818500  2 21  8  -2.8 1009  65  0.2 3  2.4  76    0    0 226 -305  0
3823500 2818500  2 21  9  -1.4 1009  79  0.5 4  2.5  78   30   44 235 -306  0
3823500 2818500  2 21 10   0.3 1009  85  0.7 5  2.7  73  129   68 249 -309  0
3823500 2818500  2 21 11   1.5 1008  86  1.9 6  2.7  67  101  139 264 -314  0
3823500 2818500  2 21 12   1.9 1007  68  1.7 7  2.8  65    6  147 274 -319  0
3823500 2818500  2 21 13   2.2 1007  63  2.1 6  2.9  65    0  103 273 -324  0
3823500 2818500  2 21 14   1.6 1006  63  2.5 5  2.9  67    2  129 259 -328  0
3823500 2818500  2 21 15   2.1 1005  74  1.9 6  2.9  67    6  126 255 -330  0
3823500 2818500  2 21 16   2.1 1005  46  2.0 6  3.0  67    1   83 259 -332  0
3823500 2818500  2 21 17   1.9 1004  30  2.4 7  3.0  68    0   29 264 -329  0
3823500 2818500  2 21 18   1.4 1003  46  2.2 7  3.0  70    0    8 269 -323  0
3823500 2818500  2 21 19   1.2 1003  64  1.1 8  3.0  71    0    0 274 -319  0
3823500 2818500  2 21 20   1.1 1002  62  0.9 8  3.0  72    0    0 280 -318  0
3823500 2818500  2 21 21   0.6 1002  36  0.5 8  3.0  74    0    0 282 -316  0
3823500 2818500  2 21 22   0.2 1001  31  0.8 5  3.0  77    0    0 269 -315  0
3823500 2818500  2 21 23   0.3 1001  18  0.7 5  3.0  78    0    0 256 -315  0
3823500 2818500  2 21 24   0.3 1001   4  1.2 7  3.0  78    0    0 265 -314  0
3823500 2818500  2 22  1   0.3 1001   4  0.5 8  3.0  76    0    0 281 -314  0
3823500 2818500  2 22  2   0.2 1000 359  0.8 7  2.9  75    0    0 282 -313  0
3823500 2818500  2 22  3   0.1 1000   4  0.6 7  2.9  75    0    0 279 -313  0
3823500 2818500  2 22  4   0.0 1000 349  2.0 7  2.9  76    0    0 282 -312  0
3823500 2818500  2 22  5   0.0  999 355  1.3 7  2.9  76    0    0 285 -312  0
3823500 2818500  2 22  6  -0.2  999 338  0.9 7  2.9  76    0    0 286 -312  0
3823500 2818500  2 22  7  -0.2  999 336  1.1 7  2.9  76    0    0 288 -312  0
3823500 2818500  2 22  8  -0.5  999 339  1.2 7  2.9  78    0    0 289 -312  0
3823500 2818500  2 22  9   0.2  999 333  1.2 7  3.0  79   20   56 290 -312  0
3823500 2818500  2 22 10   1.2 1000 340  1.7 6  3.2  79   20  121 285 -314  0
3823500 2818500  2 22 11   2.0 1000  14  1.9 7  3.4  78   19  163 286 -318  0
3823500 2818500  2 22 12   3.7 1000 339  2.5 7  3.5  74   57  213 295 -322  0
3823500 2818500  2 22 13   4.7 1001 334  3.3 5  3.6  70  179  211 286 -327  0
3823500 2818500  2 22 14   4.7 1000 339  3.0 5  3.6  67   47  202 275 -330  0
3823500 2818500  2 22 15   4.4 1000 343  3.5 8  3.7  70    0   84 292 -334  0
3823500 2818500  2 22 16   4.7 1000 319  3.6 8  3.6  68    0   76 311 -337  0
3823500 2818500  2 22 17   3.9 1000 346  4.2 7  3.2  62    3   56 302 -334  0
3823500 2818500  2 22 18   2.8 1001 338  3.5 5  3.0  61    3   14 278 -331  0
3823500 2818500  2 22 19   1.6 1001 327  2.4 4  2.9  65    0    0 256 -326  0
3823500 2818500  2 22 20   0.5 1002 324  1.5 4  3.0  71    0    0 245 -322  0
3823500 2818500  2 22 21  -0.3 1002 296  1.1 3  2.9  76    0    0 231 -320  0
3823500 2818500  2 22 22  -1.2 1002 278  1.5 2  2.8  79    0    0 210 -318  0
3823500 2818500  2 22 23  -1.6 1002 274  1.8 1  2.8  81    0    0 190 -315  0
3823500 2818500  2 22 24  -1.7 1002 266  2.2 1  2.8  82    0    0 182 -314  0
3823500 2818500  2 23  1  -1.2 1002 266  1.8 0  2.8  82    0    0 177 -314  0
3823500 2818500  2 23  2  -1.0 1003 273  1.7 1  2.9  83    0    0 179 -312  0
3823500 2818500  2 23  3  -1.7 1003 273  1.3 3  2.9  85    0    0 196 -311  0
3823500 2818500  2 23  4  -1.5 1003 276  1.3 2  2.9  86    0    0 204 -309  0
3823500 2818500  2 23  5  -0.9 1003 284  1.6 2  3.0  86    0    0 204 -308  0
3823500 2818500  2 23  6  -1.1 1003 289  1.1 4  3.0  84    0    0 221 -307  0
3823500 2818500  2 23  7  -1.1 1004 278  1.2 3  2.9  82    0    0 226 -305  0
3823500 2818500  2 23  8  -1.2 1004 296  1.3 2  2.9  82    0    1 215 -304  0
3823500 2818500  2 23  9   0.0 1004 301  0.9 2  3.0  83   42   50 211 -306  0
3823500 2818500  2 23 10   1.3 1005 305  1.6 3  3.2  79  145   83 219 -310  0
3823500 2818500  2 23 11   2.7 1006 316  3.4 2  3.2  73  261   88 222 -315  0
3823500 2818500  2 23 12   4.3 1006 338  3.4 2  3.1  63  330   91 220 -318  0
3823500 2818500  2 23 13   3.1 1007 332  3.0 5  2.8  56   55  201 236 -321  0
3823500 2818500  2 23 14   3.3 1007 348  4.0 6  2.6  54   14  158 256 -322  0
3823500 2818500  2 23 15   4.0 1007 360  3.3 2  2.4  49  225  111 241 -322  0
3823500 2818500  2 23 16   4.3 1007   1  2.9 2  2.4  48  147   91 221 -322  0
3823500 2818500  2 23 17   3.6 1008 353  2.4 2  2.5  50  121   46 222 -320  0
3823500 2818500  2 23 18   2.0 1008 350  1.6 3  2.4  51   19   17 224 -319  0
3823500 2818500  2 23 19   0.4 1009 334  0.8 1  2.3  55    0    0 215 -315  0
3823500 2818500  2 23 20  -1.6 1010 300  0.1 1  2.3  63    0    0 202 -311  0
3823500 2818500  2 23 21  -3.1 1010 261  0.3 2  2.3  72    0    0 201 -308  0
3823500 2818500  2 23 22  -3.3 1010 232  0.5 1  2.3  76    0    0 199 -305  0
3823500 2818500  2 23 23  -3.5 1011 259  0.7 1  2.3  79    0    0 195 -304  0
3823500 2818500  2 23 24  -3.9 1011 183  0.5 1  2.3  81    0    0 194 -303  0
3823500 2818500  2 24  1  -4.6 1011 217  0.1 1  2.3  82    0    0 192 -302  0
3823500 2818500  2 24  2  -5.0 1010 179  0.7 1  2.2  84    0    0 189 -302  0
3823500 2818500  2 24  3  -4.3 1010 183  0.8 1  2.3  85    0    0 190 -301  0
3823500 2818500  2 24  4  -4.4 1009 220  0.1 1  2.4  88    0    0 191 -300  0
3823500 2818500  2 24  5  -5.0 1009 177  1.0 1  2.4  90    0    0 189 -299  0
3823500 2818500  2 24  6  -3.4 1008 203  1.3 5  2.5  89    0    0 206 -300  0
3823500 2818500  2 24  7  -3.1 1008 186  1.4 6  2.6  88    0    0 230 -301  0
3823500 2818500  2 24  8  -2.3 1008 204  1.5 6  2.8  89    0    0 238 -303  0
3823500 2818500  2 24  9  -1.0 1008 204  1.6 6  3.0  88    1   47 243 -306  0
3823500 2818500  2 24 10   0.8 1007 218  2.4 6  3.3  86   20  145 251 -311  0
3823500 2818500  2 24 11   2.0 1007 227  3.0 7  3.5  82   21  192 261 -316  0
3823500 2818500  2 24 12   3.3 1006 227  3.3 5  3.5  76   81  267 260 -320  0
3823500 2818500  2 24 13   4.1 1006 226  4.0 6  3.5  71   46  260 259 -324  0
3823500 2818500  2 24 14   3.9 1005 225  4.5 7  3.5  70   29  226 274 -326  0
3823500 2818500  2 24 15   4.0 1004 226  4.8 6  3.5  69   55  228 278 -327  0
3823500 2818500  2 24 16   4.0 1003 231  3.9 6  3.4  67   20  146 275 -326  0
3823500 2818500  2 24 17   3.7 1002 230  3.8 6  3.4  68   12   82 276 -325  0
3823500 2818500  2 24 18   3.3 1001 229  2.9 8  3.4  69    5   22 287 -324  0
3823500 2818500  2 24 19   2.9 1000 236  3.6 8  3.4  70    0    0 296 -321  0
3823500 2818500  2 24 20   1.8 1000 216  4.0 8  3.5  76    0    0 293 -320  0
3823500 2818500  2 24 21   1.4 1000 216  3.8 7  3.6  84    0    0 286 -320  0
3823500 2818500  2 24 22   0.9  999 230  3.7 8  3.7  88    0    0 285 -320  0
3823500 2818500  2 24 23   0.9  999 233  3.4 8  3.7  91    0    0 290 -320  0
3823500 2818500  2 24 24   0.6  999 241  2.9 8  3.7  91    0    0 288 -320  0
3823500 2818500  2 25  1   0.1  998 248  2.4 8  3.7  93    0    0 287 -319  0
3823500 2818500  2 25  2   0.0  998 252  1.9 8  3.7  95    0    0 286 -319  0
3823500 2818500  2 25  3   0.0  997 256  1.4 8  3.7  96    0    0 286 -318  0
3823500 2818500  2 25  4   0.0  997 267  1.6 7  3.7  95    0    0 281 -316  0
3823500 2818500  2 25  5  -0.1  996 268  1.8 7  3.6  94    0    0 275 -314  0
3823500 2818500  2 25  6  -0.2  996 278  1.7 7  3.5  93    0    0 273 -314  0
3823500 2818500  2 25  7  -0.7  996 250  1.6 7  3.5  93    0    0 272 -314  0
3823500 2818500  2 25  8  -0.5  996 249  2.2 7  3.4  93    0    1 270 -314  0
3823500 2818500  2 25  9  -0.2  996 242  2.2 7  3.5  93   25   53 270 -314  0
3823500 2818500  2 25 10   0.7  996 246  3.0 4  3.6  92   73  113 255 -316  0
3823500 2818500  2 25 11   1.1  996 251  3.7 3  3.6  86  156  136 234 -318  0
3823500 2818500  2 25 12   2.1  996 255  3.5 5  3.5  81   67  196 240 -320  0
3823500 2818500  2 25 13   1.8  996 265  4.0 7  3.5  80    1  128 262 -320  0
3823500 2818500  2 25 14   1.9  996 248  4.1 4  3.6  82  101  192 255 -323  0
3823500 2818500  2 25 15   2.8  995 254  4.0 5  3.6  79   34  157 242 -325  0
3823500 2818500  2 25 16   3.1  995 248  4.9 5  3.4  72   97  114 247 -324  0
3823500 2818500  2 25 17   1.8  995 285  3.5 3  3.2  69  111   43 230 -321  0
3823500 2818500  2 25 18  -0.1  995 253  3.0 4  3.1  76   26   18 215 -320  0
3823500 2818500  2 25 19  -1.0  995 253  2.1 4  3.2  86    0    0 218 -318  0
3823500 2818500  2 25 20  -0.9  996 238  2.2 3  3.1  85    0    0 201 -315  0
3823500 2818500  2 25 21  -1.1  996 233  1.9 2  3.1  87    0    0 189 -314  0
3823500 2818500  2 25 22  -1.2  996 230  1.8 2  3.1  88    0    0 195 -314  0
3823500 2818500  2 25 23  -0.8  995 240  1.5 3  3.2  88    0    0 195 -314  0
3823500 2818500  2 25 24  -0.1  995 239  1.2 4  3.4  89    0    0 200 -312  0
3823500 2818500  2 26  1   0.7  986 261  0.9 5  3.7  91    0    0 273 -320  0
3823500 2818500  2 26  2   1.3  987 227  0.7 6  4.0  92    0    0 276 -320  0
3823500 2818500  2 26  3   1.8  987 220  0.5 7  4.2  94    0    0 275 -320  0
3823500 2818500  2 26  4   1.8  987 194  0.5 7  4.3  96    0    0 270 -319  0
3823500 2818500  2 26  5   1.9  987 266  0.5 7  4.3  96    0    0 274 -319  0
3823500 2818500  2 26  6   2.1  987 230  0.4 6  4.5  99    0    0 275 -319  0
3823500 2818500  2 26  7   1.7  987 215  0.8 7  4.4  98    0    0 269 -317  0
3823500 2818500  2 26  8   1.1  988 257  1.1 8  4.1  95    0    1 272 -316  0
3823500 2818500  2 26  9   1.8  989 272  1.5 6  4.1  95   11   57 266 -316  0
3823500 2818500  2 26 10   2.1  990 283  2.3 5  4.3  95   54  127 256 -318  0
3823500 2818500  2 26 11   3.2  990  16  1.4 4  4.4  93  154  168 249 -321  0
3823500 2818500  2 26 12   4.9  991 297  1.5 5  4.6  89   42  202 252 -332  0
3823500 2818500  2 26 13   5.1  992 331  1.7 6  4.6  84    7  169 259 -345  0
3823500 2818500  2 26 14   5.5  992 336  2.2 6  4.4  77    0   93 265 -352  0
3823500 2818500  2 26 15   3.5  992 345  1.7 7  4.0  76    5  106 271 -354  0
3823500 2818500  2 26 16   4.8  993 272  1.2 7  3.9  75    3   80 276 -351  0
3823500 2818500  2 26 17   2.6  994 281  1.4 8  4.0  80   11   55 276 -346  0
3823500 2818500  2 26 18   2.1  995 308  2.2 6  4.0  87    0    8 264 -337  0
3823500 2818500  2 26 19   1.8  996 337  0.7 5  3.9  89    0    0 249 -328  0
3823500 2818500  2 26 20   2.0  997 333  1.6 4  4.0  90    0    0 241 -321  0
3823500 2818500  2 26 21   1.9  999 332  1.7 5  4.0  91    0    0 241 -319  0
3823500 2818500  2 26 22   1.8 1000 324  1.7 4  4.1  93    0    0 240 -319  0
3823500 2818500  2 26 23   2.0 1001 318  2.5 4  4.1  93    0    0 235 -318  0
3823500 2818500  2 26 24   1.5 1002 317  3.0 4  4.0  91    0    0 235 -316  0
3823500 2818500  2 27  1   1.6 1003 307  2.3 3  3.9  90    0    0 232 -314  0
3823500 2818500  2 27  2   1.3 1004 305  2.4 4  3.8  90    0    0 233 -314  0
3823500 2818500  2 27  3   0.8 1005 296  1.7 3  3.7  91    0    0 233 -314  0
3823500 2818500  2 27  4   0.1 1006 289  2.3 1  3.6  91    0    0 221 -314  0
3823500 2818500  2 27  5   0.1 1007 294  2.1 0  3.5  91    0    0 210 -315  0
3823500 2818500  2 27  6  -0.3 1007 282  1.5 0  3.4  90    0    0 208 -316  0
3823500 2818500  2 27  7  -0.7 1008 272  1.3 0  3.4  92    0    0 209 -316  0
3823500 2818500  2 27  8  -0.7 1009 263  0.8 2  3.4  93    0    1 218 -316  0
3823500 2818500  2 27  9   0.8 1010 246  0.6 3  3.5  93   56   49 231 -316  0
3823500 2818500  2 27 10   2.8 1010 255  1.6 4  3.8  88  176   71 241 -318  0
3823500 2818500  2 27 11   5.1 1011 248  2.7 4  4.0  79  315   66 245 -321  0
3823500 2818500  2 27 12   6.1 1011 244  4.1 4  4.0  71  330   91 246 -327  0
3823500 2818500  2 27 13   5.5 1011 246  5.7 4  3.8  66  127  195 246 -334  0
3823500 2818500  2 27 14   6.2 1011 241  7.0 4  3.4  59   73  187 246 -342  0
3823500 2818500  2 27 15   6.4 1010 241  6.9 6  3.2  55   38  119 257 -348  0
3823500 2818500  2 27 16   6.2 1010 234  6.3 6  3.3  56   36   96 268 -347  0
3823500 2818500  2 27 17   5.9 1010 228  5.9 6  3.4  58   52   58 271 -344  0
3823500 2818500  2 27 18   5.5 1010 228  4.4 7  3.4  60   13   13 277 -340  0
3823500 2818500  2 27 19   4.5 1009 234  7.1 8  3.7  67    0    0 287 -337  0
3823500 2818500  2 27 20   3.9 1009 225  7.1 8  4.0  78    0    0 293 -334  0
3823500 2818500  2 27 21   4.0 1008 221  6.6 8  4.3  86    0    0 299 -334  0
3823500 2818500  2 27 22   4.0 1008 227  6.8 7  4.4  87    0    0 301 -334  0
3823500 2818500  2 27 23   4.0 1008 228  6.8 7  4.6  90    0    0 305 -334  0
3823500 2818500  2 27 24   4.4 1008 228  6.2 8  4.8  92    0    0 314 -335  0
3823500 2818500  2 28  1   4.8 1007 234  5.9 8  4.9  93    0    0 323 -336  0
3823500 2818500  2 28  2   5.2 1007 238  5.8 8  5.1  93    0    0 328 -337  0
3823500 2818500  2 28  3   5.6 1007 239  6.2 8  5.2  93    0    0 332 -338  0
3823500 2818500  2 28  4   5.9 1007 237  6.5 8  5.3  93    0    0 335 -339  0
3823500 2818500  2 28  5   6.4 1007 240  6.0 8  5.5  93    0    0 339 -340  0
3823500 2818500  2 28  6   6.8 1007 238  6.4 8  5.7  93    0    0 341 -341  0
3823500 2818500  2 28  7   7.2 1007 233  5.6 8  5.8  93    0    0 344 -343  0
3823500 2818500  2 28  8   7.7 1007 237  5.6 8  5.9  92    0    1 346 -345  0
3823500 2818500  2 28  9   8.2 1008 238  5.8 8  6.0  90    0   16 348 -346  0
3823500 2818500  2 28 10   8.4 1008 242  5.4 8  6.1  89    0   34 348 -348  0
3823500 2818500  2 28 11   8.2 1009 242  5.3 7  6.2  91    0   61 342 -350  0
3823500 2818500  2 28 12   8.7 1009 241  4.8 8  6.2  90    0   47 342 -353  0
3823500 2818500  2 28 13   9.3 1009 244  5.8 8  6.1  85    0   56 348 -357  0
3823500 2818500  2 28 14   9.4 1009 237  5.9 8  6.0  82    0   47 349 -360  0
3823500 2818500  2 28 15   9.8 1009 241  5.7 8  6.0  80    0   63 350 -362  0
3823500 2818500  2 28 16   9.9 1009 237  5.6 8  6.0  79    0   45 351 -363  0
3823500 2818500  2 28 17   9.7 1008 239  5.4 8  6.1  80    0   33 352 -362  0
3823500 2818500  2 28 18  10.1 1008 233  5.5 8  6.1  80   20   20 353 -361  0
3823500 2818500  2 28 19  10.2 1008 227  5.0 8  6.0  78    0    0 353 -358  0
3823500 2818500  2 28 20  10.1 1008 230  5.2 7  6.0  77    0    0 347 -357  0
3823500 2818500  2 28 21  10.1 1008 227  5.6 7  5.9  77    0    0 342 -356  0
3823500 2818500  2 28 22  10.0 1008 227  6.5 7  5.8  75    0    0 340 -355  0
3823500 2818500  2 28 23   9.7 1007 234  5.8 7  5.6  74    0    0 339 -355  0
3823500 2818500  2 28 24   9.5 1007 232  6.3 6  5.5  74    0    0 332 -354  0
3823500 2818500  3  1  1   9.3 1005 234  6.5 7  5.4  73    0    0 336 -354  0
3823500 2818500  3  1  2   9.4 1005 242  7.1 7  5.2  71    0    0 336 -354  0
3823500 2818500  3  1  3   9.2 1005 241  5.9 7  5.0  68    0    0 335 -353  0
3823500 2818500  3  1  4   9.2 1005 242  5.4 8  4.9  66    0    0 339 -353  0
3823500 2818500  3  1  5   9.2 1004 235  5.6 8  4.9  68    0    0 344 -352  0
3823500 2818500  3  1  6   9.3 1003 229  4.9 8  4.9  67    0    0 345 -352  0
3823500 2818500  3  1  7   9.2 1002 232  5.4 8  4.9  67    0    0 345 -352  0
3823500 2818500  3  1  8   9.4 1001 233  6.6 8  4.9  67    0    3 345 -351  0
3823500 2818500  3  1  9   9.0 1001 224  4.4 7  4.9  68    0   39 338 -351  0
3823500 2818500  3  1 10   9.2 1001 230  4.2 7  5.0  68   13   98 333 -352  0
3823500 2818500  3  1 11   9.9 1000 217  5.5 6  5.1  68    8  130 328 -352  0
3823500 2818500  3  1 12   9.3  999 213  6.5 6  5.6  74   21  146 323 -354  0
3823500 2818500  3  1 13  10.6  998 218  6.8 6  5.5  72   96  120 324 -356  0
3823500 2818500  3  1 14  10.5  997 223  7.3 7  5.3  65    0   85 330 -357  0
3823500 2818500  3  1 15  10.4  996 218  6.7 8  5.3  66    0   57 339 -357  0
3823500 2818500  3  1 16  10.4  996 233  7.4 7  5.3  66    0   58 338 -358  0
3823500 2818500  3  1 17   8.3  996 235  9.4 7  5.2  70    4   54 330 -357  0
3823500 2818500  3  1 18   8.6  996 231  6.9 5  5.2  74    4   19 317 -355  0
3823500 2818500  3  1 19   7.8  996 236  7.2 4  5.1  75    0    0 301 -353  0
3823500 2818500  3  1 20   7.1  996 263  7.7 3  4.8  73    0    0 288 -351  0
3823500 2818500  3  1 21   6.3  997 255  6.8 3  4.4  71    0    0 279 -350  0
3823500 2818500  3  1 22   6.0  998 250  4.3 1  4.0  67    0    0 263 -347  0
3823500 2818500  3  1 23   5.5  999 234  4.0 1  3.8  65    0    0 247 -346  0
3823500 2818500  3  1 24   4.6  999 222  4.6 0  3.8  70    0    0 236 -346  0
3823500 2818500  3  2  1   4.5  998 213  3.6 1  3.8  72    0    0 229 -344  0
3823500 2818500  3  2  2   4.7  998 204  3.5 1  3.8  72    0    0 230 -340  0
3823500 2818500  3  2  3   4.4  998 220  3.8 2  4.0  74    0    0 229 -336  0
3823500 2818500  3  2  4   4.7  997 227  4.8 6  4.0  76    0    0 254 -335  0
3823500 2818500  3  2  5   4.8  997 233  4.8 8  3.9  73    0    0 287 -335  0
3823500 2818500  3  2  6   3.9  996 239  4.9 6  3.7  70    0    0 286 -334  0
3823500 2818500  3  2  7   3.3  996 224  3.7 4  3.5  71    0    0 264 -331  0
3823500 2818500  3  2  8   3.0  997 229  4.2 5  3.6  75    0   10 259 -327  0
3823500 2818500  3  2  9   3.3  997 234  5.6 5  3.8  78    9   74 265 -325  0
3823500 2818500  3  2 10   4.1  997 233  6.1 4  3.8  75   50  138 259 -328  0
3823500 2818500  3  2 11   5.0  998 227  6.1 2  3.7  70  183  152 243 -331  0
3823500 2818500  3  2 12   5.2  998 231  6.1 3  3.6  64   93  204 238 -335  0
3823500 2818500  3  2 13   5.3  998 233  6.9 4  3.4  61   61  207 247 -338  0
3823500 2818500  3  2 14   4.9  998 239  6.1 5  3.4  62   23  173 256 -341  0
3823500 2818500  3  2 15   5.1  997 237  3.6 5  3.5  64   81  175 261 -343  0
3823500 2818500  3  2 16   5.4  997 226  4.3 4  3.5  63  166  116 257 -340  0
3823500 2818500  3  2 17   4.4  997 228  2.7 5  3.5  65   72   79 252 -339  0
3823500 2818500  3  2 18   3.8  997 234  3.9 4  3.5  69   15   28 247 -336  0
3823500 2818500  3  2 19   2.6  997 223  2.8 3  3.6  74    0    1 236 -333  0
3823500 2818500  3  2 20   2.2  997 203  2.1 2  3.7  80    0    0 226 -332  0
3823500 2818500  3  2 21   1.8  997 193  2.8 2  3.7  83    0    0 221 -331  0
3823500 2818500  3  2 22   1.2  996 174  2.4 3  3.7  86    0    0 224 -329  0
3823500 2818500  3  2 23   1.6  995 159  2.4 4  3.8  89    0    0 234 -327  0
3823500 2818500  3  2 24   2.1  994 149  2.9 5  3.8  87    0    0 247 -327  0
3823500 2818500  3  3  1   2.9  992 159  3.7 6  3.9  84    0    0 263 -328  0
3823500 2818500  3  3  2   2.5  990 158  4.7 8  4.0  84    0    0 282 -329  0
3823500 2818500  3  3  3   2.7  988 155  4.5 8  4.1  88    0    0 295 -329  0
3823500 2818500  3  3  4   3.5  986 166  4.6 7  4.4  90    0    0 294 -330  0
3823500 2818500  3  3  5   4.4  985 177  3.6 7  4.5  87    0    0 293 -330  0
3823500 2818500  3  3  6   5.3  984 198  4.3 6  4.6  83    0    0 290 -331  0
3823500 2818500  3  3  7   5.5  984 197  5.1 6  4.4  77    0    0 286 -331  0
3823500 2818500  3  3  8   5.3  984 223  6.0 5  4.1  72    1   19 278 -331  0
3823500 2818500  3  3  9   5.0  984 232  8.8 4  3.6  64   44   79 261 -331  0
3823500 2818500  3  3 10   5.1  985 228  9.3 4  3.3  59  131  122 252 -332  0
3823500 2818500  3  3 11   5.7  986 238  7.7 3  3.3  57  181  162 245 -334  0
3823500 2818500  3  3 12   5.8  986 234  9.8 4  3.3  56  127  212 249 -336  0
3823500 2818500  3  3 13   6.1  987 227 10.7 3  3.2  54  172  220 250 -338  0
3823500 2818500  3  3 14   6.8  987 230  9.9 3  3.0  48  149  216 246 -340  0
3823500 2818500  3  3 15   6.5  987 239  9.1 2  2.8  45  222  159 242 -340  0
3823500 2818500  3  3 16   6.4  988 246  8.9 3  2.7  45  158  127 241 -338  0
3823500 2818500  3  3 17   5.7  988 242  7.7 3  2.8  47   76   83 241 -335  0
3823500 2818500  3  3 18   4.5  989 237  6.6 3  2.9  52   28   31 236 -331  0
3823500 2818500  3  3 19   3.9  989 234  5.8 2  2.9  55    0    2 228 -327  0
3823500 2818500  3  3 20   3.1  991 237  4.8 1  2.8  57    0    0 215 -323  0
3823500 2818500  3  3 21   2.6  992 234  4.9 0  2.9  60    0    0 205 -320  0
3823500 2818500  3  3 22   2.0  992 233  4.3 1  3.0  65    0    0 203 -319  0
3823500 2818500  3  3 23   1.7  993 229  4.0 2  3.0  69    0    0 210 -319  0
3823500 2818500  3  3 24   1.5  993 235  3.6 3  3.1  71    0    0 216 -319  0
3823500 2818500  3  4  1   1.2  994 234  3.6 6  3.3  77    0    0 233 -318  0
3823500 2818500  3  4  2   1.0  994 238  3.6 8  3.6  86    0    0 256 -316  0
3823500 2818500  3  4  3   1.0  995 251  3.1 8  3.7  90    0    0 264 -315  0
3823500 2818500  3  4  4   0.9  995 251  3.2 8  3.8  91    0    0 261 -315  0
3823500 2818500  3  4  5   0.8  996 264  2.4 8  3.8  92    0    0 258 -315  0
3823500 2818500  3  4  6   0.7  996 258  2.7 8  3.8  93    0    0 255 -315  0
3823500 2818500  3  4  7   0.6  997 262  3.6 7  3.8  93    0    0 251 -315  0
3823500 2818500  3  4  8   0.7  997 246  3.5 6  3.7  93    0    7 242 -316  0
3823500 2818500  3  4  9   1.0  998 253  2.9 6  3.8  92   52   78 237 -317  0
3823500 2818500  3  4 10   1.7  999 251  3.0 5  3.9  92  208   99 233 -318  0
3823500 2818500  3  4 11   3.1 1000 243  2.9 6  4.0  88  100  184 236 -321  0
3823500 2818500  3  4 12   3.5 1000 238  3.1 6  4.1  84    4  159 242 -327  0
3823500 2818500  3  4 13   4.1 1000 248  3.8 5  4.0  79    0  139 242 -334  0
3823500 2818500  3  4 14   3.8 1001 254  4.6 5  3.9  76   16  170 243 -342  0
3823500 2818500  3  4 15   4.1 1001 258  3.6 4  3.9  77  119  190 243 -345  0
3823500 2818500  3  4 16   4.6 1000 260  3.4 7  3.8  73   25  127 254 -343  0
3823500 2818500  3  4 17   3.8 1001 228  2.9 5  3.7  72   50   86 257 -339  0
3823500 2818500  3  4 18   3.5 1001  81  1.4 4  3.7  75   33   33 247 -332  0
3823500 2818500  3  4 19   1.8 1001 203  1.0 3  3.6  77    0    3 238 -323  0
3823500 2818500  3  4 20   0.8 1001 198  0.8 1  3.5  82    0    0 224 -320  0
3823500 2818500  3  4 21  -0.2 1001 219  2.1 1  3.3  84    0    0 213 -319  0
3823500 2818500  3  4 22  -0.8 1001 185  1.1 1  3.2  85    0    0 207 -320  0
3823500 2818500  3  4 23  -0.9 1001 186  0.9 0  3.1  87    0    0 202 -319  0
3823500 2818500  3  4 24  -1.2 1001 177  0.7 0  3.2  89    0    0 198 -319  0
3823500 2818500  3  5  1  -0.3 1000 170  1.6 2  3.2  89    0    0 203 -319  0
3823500 2818500  3  5  2   0.6  999 173  2.5 3  3.3  84    0    0 214 -317  0
3823500 2818500  3  5  3   0.7  998 167  3.0 3  3.3  81    0    0 219 -315  0
3823500 2818500  3  5  4   1.3  996 171  3.2 6  3.2  78    0    0 233 -316  0
3823500 2818500  3  5  5   1.6  995 176  3.6 7  3.2  75    0    0 251 -316  0
3823500 2818500  3  5  6   1.6  994 188  3.7 8  3.2  74    0    0 263 -315  0
3823500 2818500  3  5  7   1.3  993 186  4.5 7  3.2  75    0    0 264 -316  0
3823500 2818500  3  5  8   1.9  992 180  5.1 7  3.2  74    0   16 264 -317  0
3823500 2818500  3  5  9   2.2  991 192  4.7 7  3.2  72    0   50 268 -318  0
3823500 2818500  3  5 10   1.5  990 204  5.9 7  3.4  76    0   72 272 -319  0
3823500 2818500  3  5 11   0.9  989 186  4.5 8  3.6  86    0  103 279 -320  0
3823500 2818500  3  5 12   0.9  988 184  4.8 7  3.8  91    0  129 283 -320  0
3823500 2818500  3  5 13   0.6  987 192  4.7 6  3.8  92    0  121 277 -320  0
3823500 2818500  3  5 14   0.9  986 192  4.3 7  3.9  94    0   94 281 -320  0
3823500 2818500  3  5 15   0.8  985 192  5.5 7  3.9  95    0  107 289 -322  0
3823500 2818500  3  5 16   0.8  984 200  4.7 8  4.0  96    0   62 296 -324  0
3823500 2818500  3  5 17   1.3  983 199  4.3 7  4.0  96    2   62 300 -326  0
3823500 2818500  3  5 18   1.4  983 197  3.4 8  4.1  95    0   21 304 -327  0
3823500 2818500  3  5 19   1.3  982 193  2.2 7  4.1  95    0    2 305 -326  0
3823500 2818500  3  5 20   1.3  982 189  3.3 7  4.1  96    0    0 305 -326  0
3823500 2818500  3  5 21   0.8  982 191  2.6 8  4.1  97    0    0 307 -326  0
3823500 2818500  3  5 22   0.7  981 185  1.5 8  4.1  98    0    0 309 -326  0
3823500 2818500  3  5 23   0.9  981 211  2.0 8  4.1  98    0    0 309 -326  0
3823500 2818500  3  5 24   1.2  980 216  2.7 8  4.1  98    0    0 310 -326  0
3823500 2818500  3  6  1   1.7  980 220  2.5 7  4.2  97    0    0 307 -327  0
3823500 2818500  3  6  2   2.2  980 220  2.6 7  4.3  96    0    0 303 -327  0
3823500 2818500  3  6  3   2.4  981 221  3.4 7  4.4  95    0    0 301 -328  0
3823500 2818500  3  6  4   3.0  981 230  3.6 7  4.4  93    0    0 301 -329  0
3823500 2818500  3  6  5   3.0  981 225  4.9 8  4.4  92    0    0 308 -329  0
3823500 2818500  3  6  6   3.1  981 233  4.3 8  4.4  90    0    0 314 -328  0
3823500 2818500  3  6  7   2.7  982 235  4.5 8  4.3  90    0    0 312 -327  0
3823500 2818500  3  6  8   2.7  982 244  4.3 8  4.3  91    0   13 311 -327  0
3823500 2818500  3  6  9   2.7  983 246  4.9 8  4.3  91    0   27 309 -327  0
3823500 2818500  3  6 10   2.2  984 252  5.2 8  4.3  93    9  123 306 -329  0
3823500 2818500  3  6 11   2.3  985 254  4.5 4  4.4  96  101  175 281 -333  0
3823500 2818500  3  6 12   4.3  986 263  5.5 5  4.6  93   37  193 266 -335  0
3823500 2818500  3  6 13   4.2  987 241  4.9 5  4.6  86   77  212 274 -338  0
3823500 2818500  3  6 14   4.6  988 246  5.2 6  4.3  81   42  186 277 -342  0
3823500 2818500  3  6 15   3.2  988 276  5.8 6  4.3  84   19  154 280 -342  0
3823500 2818500  3  6 16   3.2  989 283  5.0 8  4.4  89    0   42 286 -338  0
3823500 2818500  3  6 17   3.7  990 265  3.7 8  4.3  87    0   51 292 -336  0
3823500 2818500  3  6 18   3.2  991 262  3.4 5  4.2  85    7   26 277 -334  0
3823500 2818500  3  6 19   3.2  992 262  1.9 4  4.0  82    1    4 256 -331  0
3823500 2818500  3  6 20   2.7  993 245  2.8 2  3.8  80    0    0 239 -327  0
3823500 2818500  3  6 21   2.0  994 227  1.7 1  3.6  80    0    0 221 -324  0
3823500 2818500  3  6 22   1.3  995 203  2.3 3  3.5  81    0    0 221 -321  0
3823500 2818500  3  6 23   1.2  995 197  1.7 4  3.6  84    0    0 233 -320  0
3823500 2818500  3  6 24   1.8  996 208  2.0 5  3.7  85    0    0 241 -319  0
3823500 2818500  3  7  1   2.2  996 228  3.3 8  3.7  84    0    0 261 -319  0
3823500 2818500  3  7  2   1.1  996 223  2.5 8  3.8  88    0    0 274 -317  0
3823500 2818500  3  7  3   1.1  997 237  2.6 8  3.9  93    0    0 274 -316  0
3823500 2818500  3  7  4   1.4  997 223  2.8 8  4.0  94    0    0 274 -316  0
3823500 2818500  3  7  5   1.5  997 241  4.3 8  4.0  93    0    0 275 -317  0
3823500 2818500  3  7  6   1.3  998 231  3.4 8  3.9  92    0    0 274 -317  0
3823500 2818500  3  7  7   1.0  998 235  3.8 7  3.8  92    0    0 269 -316  0
3823500 2818500  3  7  8   1.0  999 230  3.2 4  3.8  91    0   20 253 -315  0
3823500 2818500  3  7  9   1.8 1000 227  3.5 2  3.9  91   69   84 235 -317  0
3823500 2818500  3  7 10   3.1 1001 233  4.9 1  3.9  85  185  121 225 -318  0
3823500 2818500  3  7 11   4.2 1001 229  5.0 1  3.9  78  288  140 223 -322  0
3823500 2818500  3  7 12   5.1 1001 226  5.1 2  3.9  72  201  213 228 -328  0
3823500 2818500  3  7 13   6.0 1001 223  5.1 3  3.6  64  156  241 235 -335  0
3823500 2818500  3  7 14   7.3 1001 216  4.9 3  3.4  55  226  214 240 -342  0
3823500 2818500  3  7 15   6.7 1001 209  4.7 3  3.3  52  289  149 244 -346  0
3823500 2818500  3  7 16   7.1 1000 202  5.2 3  3.2  51  174  134 246 -345  0
3823500 2818500  3  7 17   6.7 1000 198  4.6 3  3.1  50  126   84 247 -343  0
3823500 2818500  3  7 18   5.7  999 191  4.3 5  3.2  53   42   39 252 -338  0
3823500 2818500  3  7 19   4.5  999 184  3.9 5  3.3  59    0    5 256 -333  0
3823500 2818500  3  7 20   4.0  999 175  3.4 6  3.3  63    0    0 258 -328  0
3823500 2818500  3  7 21   3.5  999 165  3.7 6  3.3  65    0    0 260 -326  0
3823500 2818500  3  7 22   3.1  998 161  4.3 3  3.3  68    0    0 253 -324  0
3823500 2818500  3  7 23   3.1  998 152  4.8 3  3.3  69    0    0 248 -323  0
3823500 2818500  3  7 24   3.4  996 158  4.6 4  3.4  69    0    0 254 -324  0
3823500 2818500  3  8  1   3.6  996 159  4.1 6  3.4  68    0    0 265 -325  0
3823500 2818500  3  8  2   3.8  995 150  3.5 5  3.3  66    0    0 270 -326  0
3823500 2818500  3  8  3   3.4  994 151  4.0 5  3.3  66    0    0 270 -326  0
3823500 2818500  3  8  4   3.8  993 157  4.7 7  3.3  66    0    0 277 -326  0
3823500 2818500  3  8  5   3.7  992 148  4.4 8  3.3  65    0    0 286 -325  0
3823500 2818500  3  8  6   4.0  991 159  4.9 8  3.3  64    0    0 291 -325  0
3823500 2818500  3  8  7   4.2  991 157  4.5 8  3.3  64    0    0 292 -325  0
3823500 2818500  3  8  8   4.8  990 160  6.0 7  3.3  62    4   21 291 -323  0
3823500 2818500  3  8  9   5.0  990 170  5.6 6  3.3  60   18   80 286 -325  0
3823500 2818500  3  8 10   5.4  991 173  5.7 6  3.4  60   14  127 283 -329  0
3823500 2818500  3  8 11   6.1  991 182  5.5 7  3.5  60    0  109 286 -333  0
3823500 2818500  3  8 12   6.2  992 193  5.0 7  3.7  62    4  161 289 -336  0
3823500 2818500  3  8 13   6.0  993 208  6.1 7  4.0  66    7  169 287 -340  0
3823500 2818500  3  8 14   7.9  993 197  4.0 6  4.1  65  107  195 286 -345  0
3823500 2818500  3  8 15   8.6  993 186  4.6 6  4.0  58  108  165 284 -346  0
3823500 2818500  3  8 16   7.9  993 182  4.2 5  3.8  55   51  127 278 -345  0
3823500 2818500  3  8 17   7.4  993 169  3.2 8  3.8  57    5   71 281 -343  0
3823500 2818500  3  8 18   6.4  993 145  2.6 7  3.9  61   14   26 285 -338  0
3823500 2818500  3  8 19   5.3  994 164  3.6 7  4.0  68    1    5 276 -333  0
3823500 2818500  3  8 20   0.6  994 246  1.7 7  3.9  82    0    0 267 -329  0
3823500 2818500  3  8 21   0.7  996 189  0.7 7  3.9  95    0    0 262 -328  0
3823500 2818500  3  8 22   1.5  997 203  1.5 7  4.0  96    0    0 264 -327  0
3823500 2818500  3  8 23   1.8  998 210  1.3 6  4.1  95    0    0 263 -325  0
3823500 2818500  3  8 24   1.6  998 201  1.6 5  4.1  95    0    0 256 -324  0
3823500 2818500  3  9  1   1.4  999 186  1.8 3  4.1  95    0    0 243 -322  0
3823500 2818500  3  9  2   1.6  999 185  1.8 3  4.1  95    0    0 235 -323  0
3823500 2818500  3  9  3   2.1  999 195  1.3 4  4.1  93    0    0 243 -322  0
3823500 2818500  3  9  4   2.1 1000 215  1.7 1  4.1  91    0    0 236 -322  0
3823500 2818500  3  9  5   2.2 1000 226  1.7 1  4.0  90    0    0 222 -322  0
3823500 2818500  3  9  6   2.1 1001 216  2.3 3  4.1  90    0    0 231 -322  0
3823500 2818500  3  9  7   2.3 1002 216  1.9 6  4.1  91    0    0 257 -321  0
3823500 2818500  3  9  8   2.4 1003 224  1.9 6  4.2  91    0    8 273 -320  0
3823500 2818500  3  9  9   3.1 1004 231  2.5 6  4.3  92   37   91 275 -321  0
3823500 2818500  3  9 10   4.3 1005 233  2.7 4  4.4  89  133  134 269 -326  0
3823500 2818500  3  9 11   5.4 1006 228  3.0 3  4.5  84  265  135 256 -332  0
3823500 2818500  3  9 12   7.3 1007 238  2.7 3  4.6  77  284  166 254 -340  0
3823500 2818500  3  9 13   8.2 1008 242  2.8 4  4.4  66  184  225 260 -348  0
3823500 2818500  3  9 14   8.7 1008 244  2.7 5  3.8  55   63  217 270 -352  0
3823500 2818500  3  9 15   9.2 1009 230  2.4 5  3.5  49  124  194 275 -355  0
3823500 2818500  3  9 16   9.1 1009 243  1.3 4  3.4  46  139  138 271 -354  0
3823500 2818500  3  9 17   9.0 1010 223  2.2 2  3.2  44  169   58 258 -352  0
3823500 2818500  3  9 18   6.9 1010 218  1.0 3  3.1  46   57   35 251 -348  0
3823500 2818500  3  9 19   4.9 1010 174  0.3 2  3.1  54    1    6 244 -343  0
3823500 2818500  3  9 20   3.5 1011 174  0.8 2  3.1  60    0    0 237 -339  0
3823500 2818500  3  9 21   3.3 1011 160  1.3 1  3.2  66    0    0 232 -335  0
3823500 2818500  3  9 22   2.8 1012 155  1.1 1  3.4  71    0    0 227 -332  0
3823500 2818500  3  9 23   2.9 1012 157  1.4 1  3.5  75    0    0 225 -329  0
3823500 2818500  3  9 24   2.0 1013 151  0.8 0  3.5  77    0    0 219 -326  0
3823500 2818500  3 10  1   1.6 1013 165  0.9 0  3.5  80    0    0 212 -323  0
3823500 2818500  3 10  2   0.9 1013 161  0.9 0  3.4  83    0    0 211 -322  0
3823500 2818500  3 10  3   1.1 1013 139  1.3 0  3.5  85    0    0 210 -321  0
3823500 2818500  3 10  4   0.9 1013 145  1.2 0  3.4  84    0    0 212 -320  0
3823500 2818500  3 10  5   0.4 1013 150  0.2 0  3.3  83    0    0 214 -320  0
3823500 2818500  3 10  6   0.1 1013 122  0.6 0  3.2  84    0    0 215 -319  0
3823500 2818500  3 10  7   0.1 1013 131  0.5 1  3.3  85    0    0 215 -319  0
3823500 2818500  3 10  8   0.9 1013 137  0.6 1  3.4  86    6   32 219 -319  0
3823500 2818500  3 10  9   3.1 1013 114  1.4 0  3.6  82   52   94 219 -319  0
3823500 2818500  3 10 10   4.9 1013 123  2.1 0  3.8  75  235   98 223 -321  0
3823500 2818500  3 10 11   7.0 1013 135  4.3 0  3.9  67  342  106 227 -330  0
3823500 2818500  3 10 12   8.2 1013 133  5.1 0  3.8  58  418  109 232 -343  0
3823500 2818500  3 10 13   9.0 1012 137  5.0 0  3.7  53  455  104 232 -353  0
3823500 2818500  3 10 14   9.9 1012 137  5.5 2  3.6  48  430  107 237 -360  0
3823500 2818500  3 10 15  10.3 1011 134  4.5 4  3.6  46  347  111 249 -362  0
3823500 2818500  3 10 16  10.5 1010 140  5.1 4  3.4  44  273   88 254 -361  0
3823500 2818500  3 10 17  10.2 1010 126  4.0 5  3.3  43  158   72 256 -357  0
3823500 2818500  3 10 18   9.5 1009 121  2.7 6  3.3  44   48   38 260 -351  0
3823500 2818500  3 10 19   8.2 1009 108  2.2 6  3.4  48    3    6 260 -344  0
3823500 2818500  3 10 20   7.6 1009 111  2.9 6  3.4  51    0    0 258 -338  0
3823500 2818500  3 10 21   7.4 1009 108  3.3 5  3.4  53    0    0 256 -335  0
3823500 2818500  3 10 22   7.0 1009 109  3.8 3  3.4  54    0    0 249 -333  0
3823500 2818500  3 10 23   6.7 1009 118  3.6 3  3.4  55    0    0 245 -331  0
3823500 2818500  3 10 24   5.5 1009 112  2.7 5  3.4  59    0    0 249 -329  0
3823500 2818500  3 11  1   5.5 1009 113  2.8 4  3.6  63    0    0 252 -328  0
3823500 2818500  3 11  2   5.1 1009 108  2.7 4  3.5  64    0    0 252 -327  0
3823500 2818500  3 11  3   5.1 1009 113  3.3 4  3.5  64    0    0 253 -327  0
3823500 2818500  3 11  4   4.5 1009 120  3.0 4  3.5  65    0    0 254 -328  0
3823500 2818500  3 11  5   4.1 1009 117  1.8 4  3.4  66    0    0 254 -327  0
3823500 2818500  3 11  6   3.8 1009 123  2.3 3  3.4  67    0    0 252 -325  0
3823500 2818500  3 11  7   3.5 1009 119  2.5 3  3.4  68    0    0 250 -326  0
3823500 2818500  3 11  8   3.7 1009 122  2.5 4  3.4  70    2   29 253 -330  0
3823500 2818500  3 11  9   5.2 1009 120  2.9 5  3.6  68   41  100 261 -333  0
3823500 2818500  3 11 10   6.8 1010 112  3.9 6  3.7  63  108  159 271 -339  0
3823500 2818500  3 11 11   8.0 1010 135  4.5 6  3.7  57  168  197 277 -347  0
3823500 2818500  3 11 12   9.5 1010 129  3.7 6  3.7  53  276  192 278 -356  0
3823500 2818500  3 11 13  10.8 1009 135  4.8 5  3.8  50  326  185 280 -365  0
3823500 2818500  3 11 14  12.3 1009 143  3.9 5  4.0  46  346  160 281 -373  0
3823500 2818500  3 11 15  13.0 1009 148  3.3 5  3.9  43  314  134 282 -378  0
3823500 2818500  3 11 16  13.2 1009 147  3.2 5  3.8  41  244  106 282 -380  0
3823500 2818500  3 11 17  12.9 1009 149  2.4 5  3.7  40  143   79 281 -379  0
3823500 2818500  3 11 18  11.7 1009 130  2.2 5  3.6  41   45   41 280 -372  0
3823500 2818500  3 11 19  10.1 1009 107  2.0 7  3.6  45    0    5 285 -363  0
3823500 2818500  3 11 20   9.0 1010 111  2.3 6  3.6  49    0    0 287 -356  0
3823500 2818500  3 11 21   7.9 1010 123  2.3 5  3.7  54    0    0 279 -352  0
3823500 2818500  3 11 22   7.8 1010 133  2.8 2  3.8  57    0    0 264 -349  0
3823500 2818500  3 11 23   6.6 1011 142  2.3 2  3.8  60    0    0 253 -347  0
3823500 2818500  3 11 24   6.0 1011 135  1.9 2  3.8  64    0    0 250 -346  0
3823500 2818500  3 12  1   5.6 1011 126  1.6 1  3.8  67    0    0 245 -345  0
3823500 2818500  3 12  2   5.1 1011 112  1.4 1  3.8  69    0    0 241 -343  0
3823500 2818500  3 12  3   3.8 1012  97  1.1 1  3.8  72    0    0 239 -343  0
3823500 2818500  3 12  4   3.7 1012 121  1.7 2  3.7  75    0    0 243 -343  0
3823500 2818500  3 12  5   3.0 1012  96  2.2 3  3.7  76    0    0 252 -344  0
3823500 2818500  3 12  6   2.8 1012 109  2.5 3  3.6  78    0    0 256 -345  0
3823500 2818500  3 12  7   2.7 1013 114  2.5 4  3.6  78    0    0 260 -346  0
3823500 2818500  3 12  8   3.7 1013  81  2.0 5  3.7  78    3   32 273 -347  0
3823500 2818500  3 12  9   5.4 1014  87  1.7 4  3.8  73   14   99 278 -349  0
3823500 2818500  3 12 10   8.1 1014  35  2.4 3  3.9  65  119  169 274 -354  0
3823500 2818500  3 12 11  10.5 1015  80  2.1 3  4.1  57  243  182 276 -360  0
3823500 2818500  3 12 12  11.7 1015  78  1.8 4  4.1  51  261  223 288 -364  0
3823500 2818500  3 12 13  12.9 1015  93  1.6 5  4.2  47  262  238 304 -368  0
3823500 2818500  3 12 14  13.4 1015  70  2.0 4  4.3  46  312  201 308 -369  0
3823500 2818500  3 12 15  13.8 1015  87  1.9 3  4.5  46  310  160 301 -367  0
3823500 2818500  3 12 16  14.3 1015  85  2.0 3  4.5  45  235  133 297 -366  0
3823500 2818500  3 12 17  14.1 1015  87  1.7 2  4.4  44  135   99 292 -366  0
3823500 2818500  3 12 18  12.7 1016  68  2.0 1  4.4  47   45   49 280 -364  0
3823500 2818500  3 12 19  11.0 1016  67  1.5 3  4.5  53    1    7 283 -362  0
3823500 2818500  3 12 20   9.3 1017  63  1.6 2  4.5  59    0    0 283 -360  0
3823500 2818500  3 12 21   8.1 1017  77  1.8 3  4.5  65    0    0 278 -359  0
3823500 2818500  3 12 22   7.1 1018  84  1.5 1  4.5  69    0    0 269 -357  0
3823500 2818500  3 12 23   6.2 1018  69  1.7 0  4.3  72    0    0 252 -354  0
3823500 2818500  3 12 24   5.4 1018  86  1.9 0  4.2  74    0    0 244 -350  0
3823500 2818500  3 13  1   5.1 1019  85  2.5 0  4.0  73    0    0 242 -345  0
3823500 2818500  3 13  2   4.1 1019  97  2.4 0  3.8  72    0    0 238 -338  0
3823500 2818500  3 13  3   3.3 1019  79  1.7 0  3.6  74    0    0 232 -333  0
3823500 2818500  3 13  4   3.0 1019  77  0.9 0  3.5  75    0    0 227 -329  0
3823500 2818500  3 13  5   2.5 1019  90  1.2 1  3.5  76    0    0 229 -325  0
3823500 2818500  3 13  6   1.3 1019  85  1.6 0  3.4  79    0    0 226 -323  0
3823500 2818500  3 13  7   0.7 1019  90  0.5 0  3.4  84    0    0 218 -321  0
3823500 2818500  3 13  8   1.0 1020  85  0.6 1  3.5  86   14   37 222 -319  0
3823500 2818500  3 13  9   3.1 1020  96  1.0 1  3.6  83  107   87 229 -321  0
3823500 2818500  3 13 10   4.8 1020  89  2.4 0  3.7  75  241  106 229 -329  0
3823500 2818500  3 13 11   6.5 1020  85  2.7 0  3.9  68  357  111 228 -341  0
3823500 2818500  3 13 12   8.2 1020  99  2.9 0  3.9  62  445  109 232 -351  0
3823500 2818500  3 13 13   9.1 1019 101  3.8 0  4.0  58  485  106 237 -358  0
3823500 2818500  3 13 14  10.1 1019  93  3.8 0  4.1  56  482   99 241 -364  0
3823500 2818500  3 13 15  10.4 1018  88  3.4 0  4.1  53  421   93 244 -366  0
3823500 2818500  3 13 16   9.8 1018  87  3.6 0  4.2  55  310   89 245 -365  0
3823500 2818500  3 13 17   9.3 1017  86  3.1 0  4.2  57  183   74 244 -359  0
3823500 2818500  3 13 18   8.2 1016  85  3.1 0  4.2  60   62   44 241 -352  0
3823500 2818500  3 13 19   6.7 1016  92  2.5 0  4.2  66    4    7 238 -344  0
3823500 2818500  3 13 20   6.0 1016  93  2.7 0  4.1  68    0    0 233 -336  0
3823500 2818500  3 13 21   5.2 1016  94  2.7 0  4.0  71    0    0 229 -330  0
3823500 2818500  3 13 22   4.4 1016  94  2.6 0  3.9  73    0    0 224 -326  0
3823500 2818500  3 13 23   3.9 1016 127  2.2 0  3.9  76    0    0 222 -322  0
3823500 2818500  3 13 24   3.4 1016 165  1.6 1  3.9  79    0    0 220 -320  0
3823500 2818500  3 14  1   3.0 1024 204  1.0 1  4.0  83    0    0 257 -337  0
3823500 2818500  3 14  2   2.5 1024 228  0.6 1  4.0  87    0    0 256 -333  0
3823500 2818500  3 14  3   1.9 1025 234  0.3 1  4.0  90    0    0 249 -330  0
3823500 2818500  3 14  4   1.2 1025 217  0.2 0  3.8  91    0    0 233 -328  0
3823500 2818500  3 14  5   0.9 1025 219  0.2 0  3.8  92    0    0 223 -326  0
3823500 2818500  3 14  6  -0.4 1025 221  0.1 0  3.5  94    0    0 219 -324  0
3823500 2818500  3 14  7  -0.6 1025 180  0.2 0  3.4  95    0    1 215 -323  0
3823500 2818500  3 14  8   0.5 1026 198  0.3 0  3.6  97   33   34 213 -323  0
3823500 2818500  3 14  9   5.1 1026 277  0.2 0  4.4  96  160   60 219 -328  0
3823500 2818500  3 14 10   8.3 1027 259  1.4 1  5.0  84  310   60 234 -339  0
3823500 2818500  3 14 11  10.3 1027 281  2.5 2  4.8  66  435   55 251 -352  0
3823500 2818500  3 14 12  11.3 1027 282  2.4 1  4.6  58  487   79 254 -365  0
3823500 2818500  3 14 13  11.7 1027 281  2.6 3  4.7  57  245  213 262 -374  0
3823500 2818500  3 14 14  11.9 1027 285  2.6 6  4.8  56   14  204 289 -380  0
3823500 2818500  3 14 15  11.9 1026 301  2.4 6  4.8  57   16  185 303 -382  0
3823500 2818500  3 14 16  11.5 1026 284  2.4 7  4.9  58    1  117 307 -380  0
3823500 2818500  3 14 17  11.8 1026 310  1.9 6  4.9  58   29  101 304 -375  0
3823500 2818500  3 14 18  10.8 1026 293  1.4 6  4.9  60   21   39 296 -368  0
3823500 2818500  3 14 19   9.1 1025 258  0.8 5  4.8  64    0    0 286 -358  0
3823500 2818500  3 14 20   7.1 1025 271  0.4 4  4.8  72    0    0 270 -349  0
3823500 2818500  3 14 21   5.3 1025 258  0.6 2  4.6  79    0    0 251 -344  0
3823500 2818500  3 14 22   4.2 1026 249  0.5 1  4.3  82    0    0 232 -341  0
3823500 2818500  3 14 23   2.9 1026 225  0.4 1  4.1  86    0    0 223 -338  0
3823500 2818500  3 14 24   2.6 1025 212  0.4 0  4.0  88    0    0 216 -336  0
3823500 2818500  3 15  1   1.9 1025 202  0.7 1  3.9  88    0    0 214 -334  0
3823500 2818500  3 15  2   1.9 1025 182  0.7 0  3.8  88    0    0 212 -332  0
3823500 2818500  3 15  3   0.5 1025 201  0.1 1  3.7  90    0    0 210 -330  0
3823500 2818500  3 15  4   0.2 1024  18  0.2 1  3.6  93    0    0 212 -328  0
3823500 2818500  3 15  5  -0.3 1024 163  0.3 0  3.5  94    0    0 206 -328  0
3823500 2818500  3 15  6  -0.4 1023 164  0.3 1  3.4  94    0    0 205 -328  0
3823500 2818500  3 15  7  -0.9 1023 152  0.1 4  3.4  94    0    2 223 -327  0
3823500 2818500  3 15  8   0.0 1023 160  0.1 4  3.5  96   22   40 239 -327  0
3823500 2818500  3 15  9   4.0 1023 162  0.1 1  4.2  98  119   88 232 -331  0
3823500 2818500  3 15 10   7.6 1023 185  0.8 2  5.4  96  245  111 237 -342  0
3823500 2818500  3 15 11  10.1 1022 199  1.4 2  5.7  82  321  133 252 -355  0
3823500 2818500  3 15 12  10.9 1022 226  1.8 3  5.3  68  211  235 263 -367  0
3823500 2818500  3 15 13  12.2 1021 215  1.7 3  5.1  61  202  251 272 -376  0
3823500 2818500  3 15 14  12.1 1020 270  1.9 3  5.0  57  221  233 274 -382  0
3823500 2818500  3 15 15  12.7 1020 250  1.8 2  4.9  55  318  141 273 -385  0
3823500 2818500  3 15 16  12.5 1019 256  2.1 2  4.8  53  275  105 270 -383  0
3823500 2818500  3 15 17  12.2 1018 259  1.8 2  4.8  54  163   84 270 -378  0
3823500 2818500  3 15 18  11.4 1018 260  1.0 3  4.8  56   53   45 272 -370  0
3823500 2818500  3 15 19   8.9 1017 253  0.7 4  4.7  61    0    3 274 -359  0
3823500 2818500  3 15 20   6.3 1017 217  0.7 4  4.7  72    0    0 269 -349  0
3823500 2818500  3 15 21   5.0 1017 248  0.7 2  4.5  80    0    0 257 -344  0
3823500 2818500  3 15 22   4.2 1017 251  0.4 2  4.3  82    0    0 246 -341  0
3823500 2818500  3 15 23   3.2 1017 208  0.2 1  4.2  85    0    0 241 -339  0
3823500 2818500  3 15 24   2.3 1018 225  0.6 0  4.1  88    0    0 231 -337  0
3823500 2818500  3 16  1   2.3 1017 254  0.5 1  4.0  90    0    0 229 -335  0
3823500 2818500  3 16  2   1.8 1018 230  0.7 1  4.0  91    0    0 234 -334  0
3823500 2818500  3 16  3   1.3 1017 204  0.6 2  4.0  95    0    0 237 -333  0
3823500 2818500  3 16  4   1.7 1017 226  1.2 3  4.2  99    0    0 246 -331  0
3823500 2818500  3 16  5   3.6 1017 197  1.1 4  4.4  96    0    0 258 -329  0
3823500 2818500  3 16  6   3.3 1016 210  1.4 5  4.5  94    0    0 271 -328  0
3823500 2818500  3 16  7   4.1 1017 217  1.3 6  4.6  94    0    0 281 -327  0
3823500 2818500  3 16  8   4.9 1017 208  1.9 7  4.8  92    0   34 293 -328  0
3823500 2818500  3 16  9   5.4 1017 237  1.9 7  5.0  91   11   86 300 -334  0
3823500 2818500  3 16 10   6.9 1017 236  1.8 7  5.2  90   11  135 303 -344  0
3823500 2818500  3 16 11   8.0 1017 232  2.1 8  5.6  87    0  146 311 -352  0
3823500 2818500  3 16 12   8.4 1017 249  2.5 8  5.8  86    3  176 316 -361  0
3823500 2818500  3 16 13   9.3 1017 242  3.4 8  6.0  86    0  164 317 -369  0
3823500 2818500  3 16 14   9.5 1017 233  3.0 8  6.2  84    0  109 321 -376  0
3823500 2818500  3 16 15   9.1 1016 241  2.4 8  6.2  85    0   80 323 -378  0
3823500 2818500  3 16 16   9.1 1015 243  2.4 8  6.2  87    0   59 322 -373  0
3823500 2818500  3 16 17   8.8 1015 254  2.8 8  6.3  88   31   76 321 -368  0
3823500 2818500  3 16 18   9.0 1014 257  3.0 7  6.2  87   54   35 317 -366  0
3823500 2818500  3 16 19   8.7 1014 239  2.4 7  6.0  86    0    1 311 -361  0
3823500 2818500  3 16 20   8.2 1014 246  2.7 6  5.9  86    0    0 306 -353  0
3823500 2818500  3 16 21   7.6 1013 243  3.2 3  5.6  85    0    0 289 -348  0
3823500 2818500  3 16 22   7.2 1013 238  3.2 3  5.2  82    0    0 275 -344  0
3823500 2818500  3 16 23   7.2 1013 238  3.7 5  5.1  81    0    0 281 -341  0
3823500 2818500  3 16 24   7.7 1012 239  4.1 7  5.1  79    0    0 295 -338  0
3823500 2818500  3 17  1   8.0 1011 242  4.4 8  5.2  79    0    0 307 -337  0
3823500 2818500  3 17  2   8.3 1010 243  4.8 8  5.5  81    0    0 312 -338  0
3823500 2818500  3 17  3   8.0 1009 251  5.2 8  5.5  82    0    0 314 -340  0
3823500 2818500  3 17  4   7.8 1009 251  4.9 8  5.5  83    0    0 316 -342  0
3823500 2818500  3 17  5   7.4 1008 252  4.9 8  5.5  85    0    0 318 -344  0
3823500 2818500  3 17  6   7.1 1008 249  4.4 8  5.7  89    0    0 318 -345  0
3823500 2818500  3 17  7   6.9 1007 255  4.5 8  5.7  91    0    0 319 -346  0
3823500 2818500  3 17  8   7.1 1007 253  4.4 8  5.9  93    0   12 321 -347  0
3823500 2818500  3 17  9   7.4 1007 251  4.5 8  6.0  94    0   39 324 -348  0
3823500 2818500  3 17 10   7.7 1008 250  4.1 7  6.2  95    0   70 321 -349  0
3823500 2818500  3 17 11   8.2 1008 265  4.4 7  6.4  95    0   83 319 -351  0
3823500 2818500  3 17 12   9.1 1008 259  4.1 8  6.6  94    0   91 328 -354  0
3823500 2818500  3 17 13   9.8 1009 262  4.2 8  6.7  91    0   93 337 -359  0
3823500 2818500  3 17 14  10.1 1008 259  4.6 8  6.7  88    0   72 340 -365  0
3823500 2818500  3 17 15  10.2 1008 259  4.1 7  6.6  85    0   61 335 -369  0
3823500 2818500  3 17 16  10.2 1008 261  3.4 7  6.5  84    0   61 331 -368  0
3823500 2818500  3 17 17  10.3 1008 256  3.8 7  6.5  84    0   66 334 -365  0
3823500 2818500  3 17 18  10.0 1008 253  3.0 8  6.7  86    4   32 341 -363  0
3823500 2818500  3 17 19   9.7 1007 241  2.5 7  6.8  90    0    1 342 -361  0
3823500 2818500  3 17 20   9.5 1007 242  2.3 7  6.9  92    0    0 336 -360  0
3823500 2818500  3 17 21   9.7 1007 232  2.8 7  6.9  92    0    0 337 -359  0
3823500 2818500  3 17 22   9.9 1006 225  3.5 7  6.8  90    0    0 337 -358  0
3823500 2818500  3 17 23  10.1 1005 232  4.2 7  6.7  86    0    0 337 -357  0
3823500 2818500  3 17 24  10.1 1004 233  5.2 7  6.5  83    0    0 336 -357  0
3823500 2818500  3 18  1  10.0 1002 231  5.6 8  6.1  79    0    0 339 -356  0
3823500 2818500  3 18  2   9.3 1001 230  5.7 8  5.9  78    0    0 339 -354  0
3823500 2818500  3 18  3   8.4 1000 224  6.1 8  5.8  81    0    0 336 -353  0
3823500 2818500  3 18  4   8.2  998 225  6.0 7  5.7  82    0    0 330 -351  0
3823500 2818500  3 18  5   7.4  996 226  6.2 8  5.6  84    0    0 328 -350  0
3823500 2818500  3 18  6   7.4  994 226  6.1 8  5.8  89    0    0 332 -350  0
3823500 2818500  3 18  7   7.7  992 232  6.8 8  5.9  89    0    4 333 -350  0
3823500 2818500  3 18  8   7.6  992 233  5.6 7  5.9  89    0   23 333 -352  0
3823500 2818500  3 18  9   7.8  990 233  6.8 8  6.1  91    0   40 335 -354  0
3823500 2818500  3 18 10   8.1  989 233  6.2 7  6.2  92    0   82 335 -355  0
3823500 2818500  3 18 11   7.1  988 264  6.4 7  5.9  89    0   67 326 -354  0
3823500 2818500  3 18 12   6.4  988 260  6.4 8  5.5  87    0   80 325 -353  0
3823500 2818500  3 18 13   7.4  988 262  6.7 7  5.1  80   12  220 321 -355  0
3823500 2818500  3 18 14   7.9  987 262  6.6 6  4.2  63   62  249 308 -356  0
3823500 2818500  3 18 15   8.0  987 271  6.5 5  3.6  53   51  217 293 -354  0
3823500 2818500  3 18 16   7.2  986 259  5.1 5  3.6  54  107  169 282 -349  0
3823500 2818500  3 18 17   5.9  986 260  6.1 5  3.6  58   51  112 274 -344  0
3823500 2818500  3 18 18   3.8  986 259  3.9 6  3.7  68   18   47 272 -340  0
3823500 2818500  3 18 19   2.6  985 260  5.8 7  3.8  78    1    8 276 -335  0
3823500 2818500  3 18 20   2.2  985 239  3.3 7  3.8  83    0    0 277 -330  0
3823500 2818500  3 18 21   1.8  985 243  3.0 5  3.9  86    0    0 265 -327  0
3823500 2818500  3 18 22   1.2  985 240  3.6 5  3.9  89    0    0 254 -326  0
3823500 2818500  3 18 23   1.6  984 223  3.6 4  3.9  90    0    0 247 -326  0
3823500 2818500  3 18 24   1.6  984 222  3.2 3  3.9  89    0    0 236 -325  0
3823500 2818500  3 19  1   1.5  983 216  3.6 3  3.8  88    0    0 229 -324  0
3823500 2818500  3 19  2   1.5  983 223  3.2 3  3.8  87    0    0 227 -321  0
3823500 2818500  3 19  3   1.3  982 216  3.0 4  3.8  88    0    0 234 -320  0
3823500 2818500  3 19  4   1.1  982 220  2.8 5  3.8  90    0    0 246 -320  0
3823500 2818500  3 19  5   0.9  981 222  2.4 4  3.8  90    0    0 246 -320  0
3823500 2818500  3 19  6   0.6  981 217  2.1 3  3.7  91    0    0 233 -320  0
3823500 2818500  3 19  7   0.7  981 219  2.4 4  3.7  91    0    5 232 -322  0
3823500 2818500  3 19  8   1.0  981 215  1.9 4  3.8  91   37   47 240 -322  0
3823500 2818500  3 19  9   1.7  981 222  2.7 4  3.9  90  146   79 240 -323  0
3823500 2818500  3 19 10   2.8  981 220  2.9 4  3.9  85  156  156 241 -328  0
3823500 2818500  3 19 11   3.4  981 229  3.2 6  3.9  81   22  209 253 -334  0
3823500 2818500  3 19 12   4.4  982 233  3.5 5  3.9  76   77  252 262 -341  0
3823500 2818500  3 19 13   4.6  982 252  3.8 5  3.9  72   81  257 260 -349  0
3823500 2818500  3 19 14   4.1  982 300  1.3 7  4.1  77   46  236 268 -350  0
3823500 2818500  3 19 15   2.3  982 248  2.7 8  4.3  86    0   58 270 -351  0
3823500 2818500  3 19 16   2.7  983 255  2.2 7  4.3  91    6  134 265 -348  0
3823500 2818500  3 19 17   3.6  983 303  2.6 5  4.3  88  184   64 255 -342  0
3823500 2818500  3 19 18   2.7  984 311  1.5 7  4.1  84   64   40 252 -337  0
3823500 2818500  3 19 19   2.1  985 235  0.5 6  4.0  86    0    6 251 -330  0
3823500 2818500  3 19 20   1.4  986 237  0.5 5  3.8  86    0    0 239 -324  0
3823500 2818500  3 19 21   0.9  987 213  0.1 2  3.7  87    0    0 220 -320  0
3823500 2818500  3 19 22   0.4  988 246  0.1 1  3.6  88    0    0 202 -320  0
3823500 2818500  3 19 23   0.8  988 266  0.1 0  3.6  88    0    0 196 -320  0
3823500 2818500  3 19 24  -0.2  989 259  0.2 0  3.6  90    0    0 193 -320  0
3823500 2818500  3 20  1  -0.4  989 251  0.1 0  3.5  92    0    0 188 -320  0
3823500 2818500  3 20  2  -0.5  990 244  0.1 0  3.5  93    0    0 187 -320  0
3823500 2818500  3 20  3  -0.8  990 238  0.6 3  3.5  96    0    0 203 -320  0
3823500 2818500  3 20  4  -0.8  990 253  0.6 4  3.6  97    0    0 223 -321  0
3823500 2818500  3 20  5  -0.7  990 229  1.1 6  3.6  98    0    0 237 -323  0
3823500 2818500  3 20  6  -0.5  991 275  0.7 6  3.6  98    0    0 248 -325  0
3823500 2818500  3 20  7  -0.8  991 243  0.8 6  3.6  98    0    6 249 -324  0
3823500 2818500  3 20  8  -0.2  991 252  0.8 6  3.7  99    7   57 253 -324  0
3823500 2818500  3 20  9   0.8  992 245  0.7 6  3.9  99   38  135 257 -329  0
3823500 2818500  3 20 10   3.2  992 273  1.5 6  4.4  98  108  202 262 -337  0
3823500 2818500  3 20 11   5.8  992 295  2.0 6  4.7  88  217  231 271 -346  0
3823500 2818500  3 20 12   7.1  992 310  3.4 6  4.7  76  136  285 278 -356  0
3823500 2818500  3 20 13   7.5  992 341  2.7 6  4.6  70   41  267 282 -364  0
3823500 2818500  3 20 14   6.3  992 319  3.7 6  4.4  70   63  267 282 -362  0
3823500 2818500  3 20 15   7.7  992 314  2.8 8  4.4  70    0  140 289 -357  0
3823500 2818500  3 20 16   8.3  992 325  2.1 7  4.3  63   31  178 293 -356  0
3823500 2818500  3 20 17   8.1  992  23  3.8 6  4.0  58   55  126 283 -352  0
3823500 2818500  3 20 18   7.0  993   0  4.1 6  3.8  58   53   60 274 -348  0
3823500 2818500  3 20 19   5.8  993 353  2.5 4  3.7  62    0    8 263 -342  0
3823500 2818500  3 20 20   4.9  994 340  2.9 3  3.8  67    0    0 250 -336  0
3823500 2818500  3 20 21   4.3  995 342  2.7 3  3.9  73    0    0 248 -331  0
3823500 2818500  3 20 22   3.3  996 316  2.2 2  4.0  78    0    0 247 -326  0
3823500 2818500  3 20 23   2.5  996 314  1.7 2  3.9  83    0    0 242 -323  0
3823500 2818500  3 20 24   2.0  996 300  1.2 2  3.9  86    0    0 242 -321  0
3823500 2818500  3 21  1   1.4  997 296  0.3 2  3.8  88    0    0 241 -319  0
3823500 2818500  3 21  2   0.9  997 308  0.2 0  3.7  89    0    0 232 -319  0
3823500 2818500  3 21  3   0.3  997 291  0.2 0  3.7  92    0    0 223 -319  0
3823500 2818500  3 21  4   0.5  997 304  0.7 2  3.8  95    0    0 228 -319  0
3823500 2818500  3 21  5   0.6  997 325  1.1 3  3.8  95    0    0 238 -319  0
3823500 2818500  3 21  6   0.2  998 317  1.3 2  3.7  94    0    0 236 -318  0
3823500 2818500  3 21  7   0.6  998 326  1.8 2  3.7  93    0   12 230 -317  0
3823500 2818500  3 21  8   2.0  998 325  2.0 2  3.7  88   56   58 231 -317  0
3823500 2818500  3 21  9   4.1  999 339  2.4 3  3.8  79  135  112 239 -318  0
3823500 2818500  3 21 10   5.5  999 355  3.8 5  3.8  70  204  164 259 -324  0
3823500 2818500  3 21 11   6.1  999 358  4.6 6  3.7  64  137  243 278 -336  0
3823500 2818500  3 21 12   6.7  999 360  4.7 6  3.6  59   67  270 285 -345  0
3823500 2818500  3 21 13   6.7  999  10  4.3 7  3.5  56   24  244 291 -352  0
3823500 2818500  3 21 14   7.3  999 350  4.0 7  3.4  54    6  195 292 -356  0
3823500 2818500  3 21 15   5.5 1000 357  3.7 8  3.5  58    0  112 291 -356  0
3823500 2818500  3 21 16   5.3 1000 351  3.1 8  3.7  65    0   82 290 -355  0
3823500 2818500  3 21 17   4.4 1000 344  3.2 8  3.7  69    3   93 287 -350  0
3823500 2818500  3 21 18   3.0 1001 344  2.5 7  3.9  79   15   53 281 -343  0
3823500 2818500  3 21 19   2.9 1002 317  2.1 7  4.1  87    0    2 275 -335  0
3823500 2818500  3 21 20   2.8 1002 304  1.1 7  4.1  88    0    0 277 -328  0
3823500 2818500  3 21 21   3.0 1002 294  1.3 7  4.2  88    0    0 281 -324  0
3823500 2818500  3 21 22   3.5 1002 307  1.6 8  4.2  87    0    0 289 -321  0
3823500 2818500  3 21 23   3.6 1002 322  1.6 7  4.2  86    0    0 293 -320  0
3823500 2818500  3 21 24   3.0 1002 330  2.1 8  4.3  88    0    0 296 -319  0
3823500 2818500  3 22  1   2.5 1002 308  2.1 8  4.2  90    0    0 301 -319  0
3823500 2818500  3 22  2   2.5 1001 329  2.5 8  4.1  90    0    0 302 -319  0
3823500 2818500  3 22  3   2.4 1001 306  2.2 8  4.2  91    0    0 302 -317  0
3823500 2818500  3 22  4   2.9 1001 297  1.7 8  4.3  92    0    0 303 -316  0
3823500 2818500  3 22  5   3.5 1000 315  1.0 8  4.4  91    0    0 306 -315  0
3823500 2818500  3 22  6   4.0 1000 326  2.1 8  4.5  90    0    0 307 -315  0
3823500 2818500  3 22  7   4.4 1000 327  2.4 8  4.5  86    0   11 309 -315  0
3823500 2818500  3 22  8   4.3 1000 325  2.8 5  4.4  83    5   64 289 -316  0
3823500 2818500  3 22  9   4.6 1000 334  2.4 6  4.3  81    1   98 280 -318  0
3823500 2818500  3 22 10   4.7 1000 342  2.8 7  4.3  80    0  107 295 -323  0
3823500 2818500  3 22 11   5.2 1001 348  3.2 7  4.4  80    0   96 303 -332  0
3823500 2818500  3 22 12   5.5 1001 333  3.1 8  4.4  79    0   92 313 -342  0
3823500 2818500  3 22 13   5.7 1001 324  3.5 8  4.5  78    0   82 322 -345  0
3823500 2818500  3 22 14   5.9 1000 322  4.8 8  4.5  78    0   72 323 -346  0
3823500 2818500  3 22 15   6.3 1000 340  4.6 8  4.5  76    0   84 323 -349  0
3823500 2818500  3 22 16   6.6 1000 341  5.1 7  4.4  73    0  115 316 -349  0
3823500 2818500  3 22 17   6.4 1000 332  4.7 7  4.3  70    0   64 309 -348  0
3823500 2818500  3 22 18   6.2 1000 329  5.1 8  4.0  66    0   15 313 -344  0
3823500 2818500  3 22 19   6.3 1000 337  5.3 8  3.8  63    0    0 316 -338  0
3823500 2818500  3 22 20   6.3 1000 344  5.4 8  3.7  62    0    0 314 -331  0
3823500 2818500  3 22 21   6.3 1000 344  5.2 7  3.8  63    0    0 307 -328  0
3823500 2818500  3 22 22   6.1 1000 351  5.0 8  3.7  63    0    0 307 -328  0
3823500 2818500  3 22 23   4.6  999 342  5.4 8  3.8  68    0    0 311 -327  0
3823500 2818500  3 22 24   3.8  999 342  5.1 8  4.1  79    0    0 309 -328  0
3823500 2818500  3 23  1   3.5  999 341  4.6 8  4.3  86    0    0 309 -328  0
3823500 2818500  3 23  2   3.9  999 345  4.4 8  4.5  89    0    0 310 -328  0
3823500 2818500  3 23  3   4.4  998   7  4.8 8  4.6  89    0    0 314 -328  0
3823500 2818500  3 23  4   3.9  998  30  5.2 7  4.5  87    0    0 308 -327  0
3823500 2818500  3 23  5   3.2  998  43  5.0 7  4.2  85    0    0 301 -325  0
3823500 2818500  3 23  6   2.9  999  36  4.7 7  4.0  83    0    0 300 -322  0
3823500 2818500  3 23  7   3.0  999  34  4.2 8  3.9  82    0    4 304 -321  0
3823500 2818500  3 23  8   3.2 1000  38  4.7 8  3.9  82    0   30 310 -323  0
3823500 2818500  3 23  9   3.6 1001  39  4.1 8  4.0  82    0   60 311 -327  0
3823500 2818500  3 23 10   4.1 1001  49  4.9 7  4.1  81    0  107 308 -331  0
3823500 2818500  3 23 11   4.5 1001  56  4.6 7  4.2  80    7  188 305 -337  0
3823500 2818500  3 23 12   5.9 1002  67  6.0 8  4.2  76    0  154 311 -343  0
3823500 2818500  3 23 13   6.4 1002  54  6.7 6  4.1  69   12  212 307 -349  0
3823500 2818500  3 23 14   7.0 1003  53  6.6 6  4.0  65    0  151 297 -354  0
3823500 2818500  3 23 15   8.2 1003  79  5.6 4  4.0  61  129  187 288 -356  0
3823500 2818500  3 23 16   9.1 1003  85  5.7 3  3.8  54  282   76 277 -355  0
3823500 2818500  3 23 17   9.4 1004  88  5.4 3  3.7  50  197   59 271 -352  0
3823500 2818500  3 23 18   8.9 1004  50  4.3 6  3.8  53   71   40 276 -349  0
3823500 2818500  3 23 19   8.4 1005  39  3.2 5  4.2  60    0    7 281 -341  0
3823500 2818500  3 23 20   6.8 1005  39  1.5 5  4.4  67    0    0 273 -334  0
3823500 2818500  3 23 21   7.3 1005  25  2.1 4  4.5  71    0    0 266 -332  0
3823500 2818500  3 23 22   6.2 1006  31  2.6 4  4.4  72    0    0 260 -333  0
3823500 2818500  3 23 23   5.7 1006  23  2.7 5  4.3  74    0    0 263 -331  0
3823500 2818500  3 23 24   5.5 1006  14  2.8 5  4.4  77    0    0 266 -325  0
3823500 2818500  3 24  1   5.4 1005  15  3.4 6  4.5  80    0    0 270 -321  0
3823500 2818500  3 24  2   4.5 1005 358  2.2 8  4.6  84    0    0 283 -320  0
3823500 2818500  3 24  3   4.6 1005 359  3.0 8  4.7  90    0    0 293 -319  0
3823500 2818500  3 24  4   4.9 1004   4  3.1 8  4.9  91    0    0 295 -319  0
3823500 2818500  3 24  5   5.1 1004  13  2.5 8  5.0  92    0    0 297 -319  0
3823500 2818500  3 24  6   5.1 1003  14  2.6 8  5.1  93    0    0 299 -318  0
3823500 2818500  3 24  7   5.4 1003  27  2.8 8  5.2  94    0    8 301 -317  0
3823500 2818500  3 24  8   5.7 1003  28  2.3 7  5.4  95    0   35 300 -317  0
3823500 2818500  3 24  9   6.3 1003  34  2.5 8  5.6  95    0   66 304 -319  0
3823500 2818500  3 24 10   7.3 1003  38  3.5 7  5.8  93    2  151 308 -328  0
3823500 2818500  3 24 11   8.1 1003  37  3.6 7  5.8  88   20  223 306 -343  0
3823500 2818500  3 24 12   8.9 1003  53  4.3 6  5.7  82   37  262 304 -354  0
3823500 2818500  3 24 13   9.9 1003  57  4.8 7  5.7  77   19  244 307 -361  0
3823500 2818500  3 24 14  11.0 1003  66  4.8 6  5.7  71   67  262 312 -363  0
3823500 2818500  3 24 15  11.8 1003  59  4.3 5  5.6  66  118  242 306 -359  0
3823500 2818500  3 24 16  12.3 1003  53  4.1 4  5.4  62  123  191 300 -352  0
3823500 2818500  3 24 17  12.2 1003  81  3.6 5  5.3  60   74  130 302 -349  0
3823500 2818500  3 24 18  11.8 1004  77  2.3 5  5.3  60   23   60 306 -348  0
3823500 2818500  3 24 19  10.9 1004  65  0.8 5  5.3  62    0   11 305 -346  0
3823500 2818500  3 24 20  10.1 1005  50  0.6 4  5.1  64    0    0 295 -345  0
3823500 2818500  3 24 21   9.7 1006  44  1.1 5  4.9  64    0    0 292 -346  0
3823500 2818500  3 24 22   9.3 1007  43  2.1 6  4.8  65    0    0 305 -346  0
3823500 2818500  3 24 23   8.7 1007  54  2.1 5  4.8  67    0    0 306 -345  0
3823500 2818500  3 24 24   8.4 1007  48  3.3 5  4.9  71    0    0 300 -344  0
3823500 2818500  3 25  1   8.3 1007  54  3.1 6  4.9  72    0    0 307 -343  0
3823500 2818500  3 25  2   8.2 1008  59  2.6 7  4.8  70    0    0 319 -343  0
3823500 2818500  3 25  3   8.0 1008  67  1.9 7  4.6  68    0    0 325 -342  0
3823500 2818500  3 25  4   6.7 1009  63  1.9 3  4.4  68    0    0 298 -341  0
3823500 2818500  3 25  5   6.0 1009  65  1.3 0  4.2  71    0    0 251 -341  0
3823500 2818500  3 25  6   5.4 1010  55  1.2 0  4.2  74    0    0 230 -341  0
3823500 2818500  3 25  7   5.3 1011  60  1.9 0  4.2  75    3   13 229 -341  0
3823500 2818500  3 25  8   6.5 1012  62  2.7 0  4.2  73   63   65 228 -342  0
3823500 2818500  3 25  9   8.0 1012  68  2.8 0  4.3  68  182  104 233 -343  0
3823500 2818500  3 25 10   9.1 1012  64  2.9 0  4.4  64  317  118 237 -346  0
3823500 2818500  3 25 11  10.4 1013  65  3.5 0  4.6  61  434  120 241 -349  0
3823500 2818500  3 25 12  11.3 1013  70  4.1 1  4.6  57  252  249 252 -353  0
3823500 2818500  3 25 13  11.5 1013  80  4.9 4  4.6  55   15  243 277 -358  0
3823500 2818500  3 25 14  12.5 1013  84  4.5 2  4.5  52  202  264 282 -363  0
3823500 2818500  3 25 15  13.3 1013  91  4.2 2  4.5  49  410  128 274 -367  0
3823500 2818500  3 25 16  14.2 1012  97  4.3 2  4.5  46  371   89 276 -366  0
3823500 2818500  3 25 17  13.8 1012  92  5.0 1  4.6  47  236   79 273 -364  0
3823500 2818500  3 25 18  13.6 1012  88  2.9 2  4.6  48   92   58 275 -362  0
3823500 2818500  3 25 19  12.4 1013  92  0.8 1  4.6  50    6   12 274 -357  0
3823500 2818500  3 25 20  11.5 1013  85  1.6 1  4.6  54    0    0 266 -351  0
3823500 2818500  3 25 21  10.6 1014  70  1.2 1  4.6  56    0    0 262 -348  0
3823500 2818500  3 25 22  10.2 1015  77  2.5 0  4.6  58    0    0 256 -346  0
3823500 2818500  3 25 23   9.1 1015  68  1.7 0  4.5  61    0    0 250 -344  0
3823500 2818500  3 25 24   8.8 1015  70  1.5 0  4.5  64    0    0 246 -341  0
3823500 2818500  3 26  1   7.7 1015  64  1.4 0  4.5  66    0    0 243 -339  0
3823500 2818500  3 26  2   8.1 1015  67  1.3 0  4.4  67    0    0 241 -339  0
3823500 2818500  3 26  3   7.7 1015  59  1.8 0  4.4  67    0    0 239 -339  0
3823500 2818500  3 26  4   7.4 1015  72  1.9 0  4.4  68    0    0 237 -339  0
3823500 2818500  3 26  5   6.9 1015  79  2.0 0  4.3  69    0    0 237 -339  0
3823500 2818500  3 26  6   6.1 1015  57  1.5 0  4.3  71    0    0 236 -339  0
3823500 2818500  3 26  7   6.0 1015  60  1.6 0  4.3  73    1   15 235 -339  0
3823500 2818500  3 26  8   7.0 1015  60  1.8 0  4.3  72   52   75 236 -341  0
3823500 2818500  3 26  9   9.0 1015  51  2.2 0  4.4  66  152  131 243 -345  0
3823500 2818500  3 26 10  11.4 1015  70  2.8 0  4.5  58  275  155 251 -352  0
3823500 2818500  3 26 11  12.6 1015  68  3.5 0  4.6  52  384  165 257 -360  0
3823500 2818500  3 26 12  13.5 1015  77  3.9 0  4.5  48  457  168 262 -365  0
3823500 2818500  3 26 13  14.8 1014  81  3.9 0  4.4  44  505  153 267 -370  0
3823500 2818500  3 26 14  15.7 1013  78  4.0 0  4.4  41  499  140 273 -377  0
3823500 2818500  3 26 15  16.1 1013  78  4.1 0  4.4  39  442  128 276 -381  0
3823500 2818500  3 26 16  16.1 1013  91  4.1 0  4.4  38  349  113 278 -381  0
3823500 2818500  3 26 17  16.2 1012  85  5.0 0  4.3  38  221   96 277 -377  0
3823500 2818500  3 26 18  15.1 1012  85  3.9 0  4.3  39   92   65 275 -371  0
3823500 2818500  3 26 19  14.0 1012  82  2.7 0  4.5  43    5   14 273 -364  0
3823500 2818500  3 26 20  12.8 1012  87  2.1 0  4.4  46    0    0 267 -357  0
3823500 2818500  3 26 21  12.4 1013  94  1.9 0  4.1  45    0    0 261 -351  0
3823500 2818500  3 26 22  11.8 1013  89  0.9 0  4.0  45    0    0 258 -346  0
3823500 2818500  3 26 23  10.7 1013  91  1.7 0  3.9  48    0    0 254 -346  0
3823500 2818500  3 26 24  10.2 1013  96  1.3 0  3.9  50    0    0 252 -347  0
3823500 2818500  3 27  1   9.4 1013  92  0.9 0  3.9  52    0    0 249 -347  0
3823500 2818500  3 27  2   9.1 1013  91  0.8 0  3.8  52    0    0 246 -345  0
3823500 2818500  3 27  3   7.9 1013  88  1.0 0  3.8  55    0    0 243 -343  0
3823500 2818500  3 27  4   7.5 1013 101  1.4 0  3.8  58    0    0 241 -342  0
3823500 2818500  3 27  5   7.3 1013  88  1.3 0  3.7  58    0    0 239 -341  0
3823500 2818500  3 27  6   7.1 1013  93  1.2 0  3.7  59    0    0 237 -338  0
3823500 2818500  3 27  7   6.7 1013  92  1.0 0  3.7  60    3   16 235 -335  0
3823500 2818500  3 27  8   8.3 1013  95  0.8 0  3.8  58   58   74 236 -333  0
3823500 2818500  3 27  9  10.3 1013  88  2.3 0  3.9  54  161  126 243 -337  0
3823500 2818500  3 27 10  12.3 1013  95  2.8 0  4.0  48  279  154 251 -345  0
3823500 2818500  3 27 11  13.8 1013  96  3.5 0  4.1  44  378  170 258 -354  0
3823500 2818500  3 27 12  14.9 1012  94  3.3 0  4.2  41  446  177 265 -359  0
3823500 2818500  3 27 13  15.6 1012  80  4.2 0  4.2  39  496  161 269 -363  0
3823500 2818500  3 27 14  16.2 1011  84  4.2 0  4.2  37  494  145 272 -368  0
3823500 2818500  3 27 15  16.3 1010  72  3.9 0  4.2  37  437  133 274 -368  0
3823500 2818500  3 27 16  16.1 1009  89  4.3 0  4.1  36  344  117 272 -369  0
3823500 2818500  3 27 17  15.7 1009  89  4.3 0  4.1  36  219   98 270 -368  0
3823500 2818500  3 27 18  15.0 1009  87  4.4 1  4.1  37   93   66 270 -362  0
3823500 2818500  3 27 19  13.6 1009  84  3.0 0  4.2  41    7   14 266 -355  0
3823500 2818500  3 27 20  13.2 1009  94  2.6 0  4.2  43    0    0 257 -347  0
3823500 2818500  3 27 21  12.5 1010  96  2.1 0  4.1  45    0    0 253 -341  0
3823500 2818500  3 27 22  11.9 1010  98  1.8 0  4.1  46    0    0 251 -338  0
3823500 2818500  3 27 23  11.1 1010 118  1.7 1  4.3  52    0    0 248 -335  0
3823500 2818500  3 27 24  10.3 1010 147  1.6 3  4.6  59    0    0 246 -332  0
3823500 2818500  3 28  1   9.5  998 184  1.5 5  5.1  68    0    0 325 -341  0
3823500 2818500  3 28  2   8.9  998 213  1.3 6  5.5  77    0    0 323 -341  0
3823500 2818500  3 28  3   8.4  998 236  1.2 7  5.9  84    0    0 324 -340  0
3823500 2818500  3 28  4   8.1  998 237  1.1 7  5.9  86    0    0 314 -338  0
3823500 2818500  3 28  5   8.1  998 237  1.1 7  5.9  86    0    0 305 -337  0
3823500 2818500  3 28  6   7.5  998 243  1.1 7  6.0  90    0    0 311 -336  0
3823500 2818500  3 28  7   7.4  999 232  1.0 7  6.0  91    1   14 318 -336  0
3823500 2818500  3 28  8   7.6  999 237  1.3 7  5.9  90   12   68 319 -337  0
3823500 2818500  3 28  9   8.1 1000 239  2.4 8  5.9  89    2  105 327 -338  0
3823500 2818500  3 28 10   8.6 1000 235  3.4 7  5.8  84   17  183 329 -340  0
3823500 2818500  3 28 11   9.9 1000 239  3.7 5  5.5  75  185  218 316 -345  0
3823500 2818500  3 28 12  10.3 1000 232  4.7 6  5.0  64  133  265 311 -351  0
3823500 2818500  3 28 13  11.0  999 256  3.9 7  4.7  58   23  246 318 -354  0
3823500 2818500  3 28 14  10.9  999 247  4.8 7  4.5  55    3  193 320 -354  0
3823500 2818500  3 28 15  11.3  999 242  4.5 6  4.4  53    8  186 312 -353  0
3823500 2818500  3 28 16  11.5  998 235  3.6 5  4.5  53    8  153 302 -353  0
3823500 2818500  3 28 17  10.2  998 234  3.9 5  4.8  58   48  128 296 -349  0
3823500 2818500  3 28 18   8.5  998 233  3.0 7  5.3  71   17   59 302 -344  0
3823500 2818500  3 28 19   8.4  998 240  1.9 7  5.6  80   17   11 308 -337  0
3823500 2818500  3 28 20   7.7  998 222  2.2 5  5.7  84    0    0 293 -332  0
3823500 2818500  3 28 21   7.3  998 223  1.7 3  5.7  87    0    0 269 -327  0
3823500 2818500  3 28 22   7.3  998 227  1.3 3  5.6  87    0    0 257 -323  0
3823500 2818500  3 28 23   7.3  998 209  1.2 4  5.6  86    0    0 264 -320  0
3823500 2818500  3 28 24   7.2  997 200  1.3 5  5.7  88    0    0 275 -319  0
3823500 2818500  3 29  1   7.8  997 206  1.7 7  5.8  88    0    0 293 -319  0
3823500 2818500  3 29  2   8.1  997 201  1.5 7  5.9  87    0    0 307 -319  0
3823500 2818500  3 29  3   8.3  996 197  1.5 7  6.0  87    0    0 307 -318  0
3823500 2818500  3 29  4   8.3  996 199  1.2 7  6.1  88    0    0 306 -317  0
3823500 2818500  3 29  5   8.4  995 200  0.9 7  6.3  91    0    0 306 -316  0
3823500 2818500  3 29  6   8.1  995 203  0.8 7  6.3  92    0    0 307 -316  0
3823500 2818500  3 29  7   8.1  995 241  0.8 8  6.3  92    0    4 313 -316  0
3823500 2818500  3 29  8   8.0  995 250  0.7 8  6.3  92    0   31 317 -317  0
3823500 2818500  3 29  9   8.3  995 264  1.3 7  6.3  92    4  124 311 -320  0
3823500 2818500  3 29 10   8.6  995 237  1.5 8  6.3  90    2  162 311 -329  0
3823500 2818500  3 29 11   9.0  996 225  1.1 8  6.2  86    0  168 318 -345  0
3823500 2818500  3 29 12  10.0  997 210  1.3 7  5.9  79   43  299 317 -358  0
3823500 2818500  3 29 13  10.8  997 212  1.9 6  5.8  73   78  331 308 -368  0
3823500 2818500  3 29 14  11.0  997 209  1.8 6  5.8  70   66  312 304 -372  0
3823500 2818500  3 29 15  11.1  997 218  1.6 5  5.7  68   97  292 302 -369  0
3823500 2818500  3 29 16  12.1  996 174  1.5 5  5.6  65  177  224 300 -364  0
3823500 2818500  3 29 17  11.8  996 173  1.6 6  5.6  64   99  160 307 -360  0
3823500 2818500  3 29 18  11.3  995 141  1.0 6  5.8  67   53   85 311 -355  0
3823500 2818500  3 29 19  10.3  995 133  1.0 6  5.9  72    2   13 310 -348  0
3823500 2818500  3 29 20   9.5  995 122  0.8 6  6.0  77    0    0 308 -342  0
3823500 2818500  3 29 21   9.1  994 120  1.1 7  6.0  81    0    0 311 -338  0
3823500 2818500  3 29 22   9.2  994 117  0.4 7  6.0  82    0    0 315 -338  0
3823500 2818500  3 29 23   8.9  993 119  0.9 7  6.0  83    0    0 316 -338  0
3823500 2818500  3 29 24   8.7  992 122  0.8 6  6.1  85    0    0 309 -336  0
3823500 2818500  3 30  1   9.0  992 121  1.7 7  6.1  85    0    0 308 -335  0
3823500 2818500  3 30  2   9.4  990 124  1.8 7  6.2  84    0    0 316 -336  0
3823500 2818500  3 30  3   9.6  989 131  2.2 7  6.3  84    0    0 317 -338  0
3823500 2818500  3 30  4   9.3  988 140  1.8 6  6.4  85    0    0 304 -339  0
3823500 2818500  3 30  5   9.0  988 127  1.0 6  6.4  87    0    0 292 -340  0
3823500 2818500  3 30  6   9.2  987 130  1.2 6  6.5  88    0    0 294 -341  0
3823500 2818500  3 30  7   9.3  986 147  1.5 8  6.5  87    0   12 315 -342  0
3823500 2818500  3 30  8  10.1  986 150  1.7 7  6.6  85    0   53 327 -344  0
3823500 2818500  3 30  9  10.6  985 145  2.4 6  6.7  83   31  162 312 -349  0
3823500 2818500  3 30 10  12.8  985 153  2.9 5  7.0  80  114  246 301 -356  0
3823500 2818500  3 30 11  14.5  985 173  3.7 4  7.3  72  188  297 295 -360  0
3823500 2818500  3 30 12  15.6  984 169  4.0 4  7.2  66  352  284 295 -363  0
3823500 2818500  3 30 13  16.3  985 167  3.7 4  7.0  60  281  326 303 -373  0
3823500 2818500  3 30 14  17.1  984 166  4.1 4  6.8  56  245  319 314 -385  0
3823500 2818500  3 30 15  16.8  984 176  3.4 6  6.6  53   40  262 331 -391  0
3823500 2818500  3 30 16  15.7  983 182  3.7 7  6.5  54    0  125 345 -393  0
3823500 2818500  3 30 17  13.8  982 231  5.8 6  6.5  60    6  118 340 -390  0
3823500 2818500  3 30 18  12.5  983 225  3.1 8  6.5  67    4   59 341 -385  0
3823500 2818500  3 30 19  11.8  984 220  2.8 7  6.3  70    7   18 342 -379  0
3823500 2818500  3 30 20  11.3  984 204  1.6 7  6.1  70    0    0 336 -374  0
3823500 2818500  3 30 21  10.9  984 184  1.0 6  6.1  72    0    0 329 -368  0
3823500 2818500  3 30 22  10.6  984 176  3.7 5  5.9  71    0    0 317 -359  0
3823500 2818500  3 30 23   9.9  985 211  2.1 7  5.6  70    0    0 320 -349  0
3823500 2818500  3 30 24   6.4  986 234  3.9 8  5.1  74    0    0 327 -340  0
3823500 2818500  3 31  1   5.8  987 232  3.8 6  4.8  79    0    0 310 -333  0
3823500 2818500  3 31  2   5.3  988 203  2.3 2  4.7  81    0    0 269 -328  0
3823500 2818500  3 31  3   5.1  989 189  1.3 1  4.6  82    0    0 239 -324  0
3823500 2818500  3 31  4   5.1  989 196  1.0 1  4.5  81    0    0 234 -323  0
3823500 2818500  3 31  5   5.1  989 192  1.8 1  4.4  79    0    0 234 -325  0
3823500 2818500  3 31  6   4.9  989 177  1.8 1  4.4  79    0    0 234 -325  0
3823500 2818500  3 31  7   5.1  989 175  2.1 4  4.4  80    1   17 244 -322  0
3823500 2818500  3 31  8   6.7  989 177  3.0 7  4.5  76   17   77 272 -323  0
3823500 2818500  3 31  9   7.7  989 192  4.3 5  4.4  68   79  151 280 -327  0
3823500 2818500  3 31 10   8.6  989 200  3.9 4  4.2  61  152  211 269 -333  0
3823500 2818500  3 31 11   9.4  989 201  4.4 4  4.1  56  269  230 266 -339  0
3823500 2818500  3 31 12  10.5  988 196  6.5 3  4.0  51  346  235 262 -345  0
3823500 2818500  3 31 13  11.3  988 199  6.8 3  3.8  46  324  261 259 -351  0
3823500 2818500  3 31 14  11.7  988 203  6.1 4  3.7  42  236  278 264 -354  0
3823500 2818500  3 31 15  11.7  988 200  6.3 3  3.5  40  309  205 262 -353  0
3823500 2818500  3 31 16  10.5  987 203  6.8 5  3.5  42   64  208 263 -351  0
3823500 2818500  3 31 17   8.9  988 213  6.2 6  4.2  54    8  116 271 -347  0
3823500 2818500  3 31 18   8.7  988 214  5.5 4  4.5  62    6   60 264 -341  0
3823500 2818500  3 31 19   7.5  989 197  5.5 5  4.4  64    8   14 256 -335  0
3823500 2818500  3 31 20   6.3  989 204  3.6 5  4.4  70    0    0 255 -330  0
3823500 2818500  3 31 21   6.6  990 217  3.7 6  4.4  72    0    0 256 -325  0
3823500 2818500  3 31 22   6.4  990 205  4.4 7  4.4  71    0    0 263 -322  0
3823500 2818500  3 31 23   5.7  991 209  4.4 8  4.3  72    0    0 269 -321  0
3823500 2818500  3 31 24   5.0  991 208  3.6 7  4.3  76    0    0 268 -321  0
3823500 2818500  4  1  1   5.1  992 206  4.3 6  4.3  77    0    0 257 -320  0
3823500 2818500  4  1  2   4.9  992 208  4.7 6  4.2  76    0    0 257 -320  0
3823500 2818500  4  1  3   4.5  992 214  4.9 7  4.1  76    0    0 260 -319  0
3823500 2818500  4  1  4   3.8  992 222  5.1 7  4.2  81    0    0 262 -319  0
3823500 2818500  4  1  5   3.6  993 220  4.8 8  4.4  86    0    0 264 -318  0
3823500 2818500  4  1  6   3.5  993 223  5.3 8  4.3  87    0    0 265 -317  0
3823500 2818500  4  1  7   3.8  994 225  5.3 7  4.2  84    0   11 261 -317  0
3823500 2818500  4  1  8   3.9  995 222  5.6 7  4.1  80    2   81 258 -318  0
3823500 2818500  4  1  9   4.3  995 224  6.0 7  4.0  77    0  107 259 -321  0
3823500 2818500  4  1 10   3.4  996 224  6.0 8  4.1  80    0  145 262 -328  0
3823500 2818500  4  1 11   3.9  997 223  5.3 7  4.3  85    2  189 263 -340  0
3823500 2818500  4  1 12   4.1  998 223  5.5 7  4.4  86   43  274 265 -350  0
3823500 2818500  4  1 13   5.1  998 235  5.5 7  4.4  82   80  291 269 -357  0
3823500 2818500  4  1 14   5.6  999 245  5.4 6  4.3  76   76  277 272 -362  0
3823500 2818500  4  1 15   5.8 1000 233  4.1 4  4.4  77  233  225 263 -362  0
3823500 2818500  4  1 16   5.9 1000 237  5.1 6  4.5  77   68  202 263 -358  0
3823500 2818500  4  1 17   7.1 1001 220  5.2 8  4.2  69   30  143 280 -355  0
3823500 2818500  4  1 18   7.1 1002 271  2.9 5  3.9  62   69   78 276 -352  0
3823500 2818500  4  1 19   4.6 1002 251  2.0 4  3.9  67   13   22 253 -345  0
3823500 2818500  4  1 20   3.7 1004 219  0.7 3  3.8  75    0    0 238 -339  0
3823500 2818500  4  1 21   2.2 1004 174  0.2 0  3.7  79    0    0 215 -334  0
3823500 2818500  4  1 22   2.8 1005 179  0.9 0  3.7  81    0    0 201 -331  0
3823500 2818500  4  1 23   2.6 1005 182  0.4 0  3.6  77    0    0 201 -329  0
3823500 2818500  4  1 24   2.6 1005 175  1.6 1  3.5  76    0    0 206 -329  0
3823500 2818500  4  2  1   2.7 1006 189  1.9 1  3.5  76    0    0 212 -331  0
3823500 2818500  4  2  2   2.7 1006 192  1.9 3  3.6  77    0    0 221 -329  0
3823500 2818500  4  2  3   2.3 1006 187  1.5 2  3.5  77    0    0 226 -326  0
3823500 2818500  4  2  4   2.1 1006 176  1.8 3  3.5  78    0    0 227 -325  0
3823500 2818500  4  2  5   2.1 1005 181  1.8 4  3.5  79    0    0 238 -324  0
3823500 2818500  4  2  6   2.2 1005 172  2.0 5  3.5  78    0    0 249 -325  0
3823500 2818500  4  2  7   2.6 1005 165  1.9 5  3.5  78    0   31 257 -325  0
3823500 2818500  4  2  8   4.2 1005 173  2.7 3  3.6  75   42  106 253 -327  0
3823500 2818500  4  2  9   6.6 1006 174  3.3 4  3.8  68  148  161 257 -334  0
3823500 2818500  4  2 10   8.4 1006 181  4.2 4  3.9  60  207  218 269 -343  0
3823500 2818500  4  2 11   9.7 1005 196  4.7 5  3.7  52  254  263 276 -352  0
3823500 2818500  4  2 12  10.7 1005 186  5.0 5  3.3  43  393  234 283 -361  0
3823500 2818500  4  2 13  11.3 1004 169  4.8 4  3.0  37  459  211 282 -368  0
3823500 2818500  4  2 14  11.7 1004 176  4.7 3  2.9  34  449  198 280 -373  0
3823500 2818500  4  2 15  11.9 1003 154  4.5 4  2.9  33  325  217 287 -373  0
3823500 2818500  4  2 16  12.0 1003 172  4.4 5  2.9  33  234  193 295 -370  0
3823500 2818500  4  2 17  11.8 1002 162  3.4 4  2.9  33  180  135 293 -366  0
3823500 2818500  4  2 18  11.4 1002 153  3.4 3  3.0  35   93   85 283 -362  0
3823500 2818500  4  2 19  10.4 1001 144  1.5 5  3.1  38   11   26 285 -358  0
3823500 2818500  4  2 20   9.9 1001 149  1.5 6  3.3  42    0    0 294 -355  0
3823500 2818500  4  2 21   9.4 1001 131  1.8 7  3.5  46    0    0 300 -353  0
3823500 2818500  4  2 22   9.1 1001 145  2.9 7  3.4  47    0    0 303 -350  0
3823500 2818500  4  2 23   8.6 1001 149  3.1 7  3.5  49    0    0 304 -349  0
3823500 2818500  4  2 24   8.3 1000 147  2.1 7  3.7  53    0    0 306 -348  0
3823500 2818500  4  3  1   8.4 1000 144  2.1 6  3.9  57    0    0 307 -348  0
3823500 2818500  4  3  2   8.1 1000 160  1.5 7  4.0  59    0    0 309 -346  0
3823500 2818500  4  3  3   7.6 1000 157  1.7 7  4.1  61    0    0 312 -345  0
3823500 2818500  4  3  4   7.2  999 158  1.3 7  4.3  66    0    0 312 -345  0
3823500 2818500  4  3  5   6.9  999 162  2.2 7  4.6  72    0    0 309 -342  0
3823500 2818500  4  3  6   6.3  999 150  2.3 7  5.0  82    0    0 307 -340  0
3823500 2818500  4  3  7   6.4  999 161  1.2 7  5.4  88    0   21 307 -339  0
3823500 2818500  4  3  8   7.2 1000 167  1.3 7  5.5  89    6   96 306 -339  0
3823500 2818500  4  3  9   8.6 1000 182  1.9 7  5.6  84   40  177 309 -340  0
3823500 2818500  4  3 10   9.5 1000 196  3.4 6  5.5  76  110  244 304 -343  0
3823500 2818500  4  3 11  10.5 1000 190  2.8 5  5.3  68  121  295 295 -349  0
3823500 2818500  4  3 12  11.9 1000 189  3.1 5  5.0  60  111  319 293 -356  0
3823500 2818500  4  3 13  11.1  999 177  2.9 5  5.0  58   74  312 295 -362  0
3823500 2818500  4  3 14  10.9  999 172  2.7 7  5.1  61    5  225 302 -367  0
3823500 2818500  4  3 15  10.0  999 187  2.9 8  5.3  66    0   86 313 -369  0
3823500 2818500  4  3 16   9.8  998 184  2.0 8  5.7  74    0   66 313 -368  0
3823500 2818500  4  3 17   9.6  998 161  2.6 8  6.0  79    0   79 311 -365  0
3823500 2818500  4  3 18   9.2  998 193  2.2 8  5.9  80    2   66 309 -359  0
3823500 2818500  4  3 19   8.8  998 193  1.2 8  5.8  80    0   11 307 -354  0
3823500 2818500  4  3 20   8.7  998 315  0.8 8  5.8  81    0    0 305 -350  0
3823500 2818500  4  3 21   7.7  998 310  0.6 7  5.7  83    0    0 301 -347  0
3823500 2818500  4  3 22   7.9  998  82  0.4 7  5.7  85    0    0 295 -346  0
3823500 2818500  4  3 23   7.9  998 129  1.6 7  5.7  85    0    0 297 -345  0
3823500 2818500  4  3 24   7.5  998 298  0.3 8  5.9  89    0    0 300 -345  0
3823500 2818500  4  4  1   7.3  998 324  0.4 7  6.0  92    0    0 301 -345  0
3823500 2818500  4  4  2   7.2  997 140  0.9 7  5.9  91    0    0 298 -344  0
3823500 2818500  4  4  3   6.8  997 139  2.8 7  5.7  90    0    0 298 -342  0
3823500 2818500  4  4  4   7.6  997 151  1.1 7  5.6  87    0    0 300 -339  0
3823500 2818500  4  4  5   7.6  997 158  2.4 7  5.5  83    0    0 302 -336  0
3823500 2818500  4  4  6   7.3  997 151  1.9 8  5.5  84    0    0 307 -333  0
3823500 2818500  4  4  7   7.5  997 172  2.9 6  5.4  84   14   28 302 -330  0
3823500 2818500  4  4  8   8.5  997 185  2.3 5  5.4  79   59   81 289 -330  0
3823500 2818500  4  4  9   8.9  997 186  3.0 5  5.4  75  110  130 287 -335  0
3823500 2818500  4  4 10  10.0  997 200  4.4 6  5.1  68   26  196 294 -343  0
3823500 2818500  4  4 11  10.2  997 201  3.7 6  5.0  64    7  198 299 -352  0
3823500 2818500  4  4 12  10.0  998 203  4.8 7  5.2  67   42  250 304 -360  0
3823500 2818500  4  4 13   9.4  998 212  4.8 6  5.3  70   38  254 302 -359  0
3823500 2818500  4  4 14   9.7  998 207  2.8 7  5.4  72   36  241 301 -355  0
3823500 2818500  4  4 15   9.3  998 252  2.8 6  5.7  76   36  217 300 -361  0
3823500 2818500  4  4 16   8.3  999 287  2.1 4  5.7  79  133  160 284 -365  0
3823500 2818500  4  4 17   8.0 1000 236  3.4 7  5.7  83   17  126 283 -361  0
3823500 2818500  4  4 18   7.5 1000 248  2.2 8  5.7  86    1   62 292 -355  0
3823500 2818500  4  4 19   7.2 1001 244  2.4 7  5.7  88    0    3 288 -349  0
3823500 2818500  4  4 20   7.1 1003 257  2.6 7  5.7  90    0    0 283 -342  0
3823500 2818500  4  4 21   7.2 1004 266  2.4 7  5.7  90    0    0 283 -336  0
3823500 2818500  4  4 22   7.3 1005 284  3.9 8  5.7  90    0    0 288 -332  0
3823500 2818500  4  4 23   6.7 1006 270  3.5 7  5.7  90    0    0 290 -330  0
3823500 2818500  4  4 24   6.3 1007 267  3.1 7  5.5  90    0    0 287 -330  0
3823500 2818500  4  5  1   5.8 1009 275  3.5 7  5.2  89    0    0 289 -331  0
3823500 2818500  4  5  2   5.6 1010 274  4.0 7  5.0  88    0    0 291 -330  0
3823500 2818500  4  5  3   5.8 1011 261  2.7 7  4.9  87    0    0 295 -328  0
3823500 2818500  4  5  4   5.7 1012 259  1.8 7  4.9  86    0    0 298 -329  0
3823500 2818500  4  5  5   5.6 1012 265  1.8 7  4.9  86    0    0 298 -331  0
3823500 2818500  4  5  6   5.4 1013 247  1.5 7  4.9  86    0    0 296 -331  0
3823500 2818500  4  5  7   4.8 1014 241  1.1 5  4.8  89    3   34 286 -330  0
3823500 2818500  4  5  8   5.3 1014 240  1.8 3  4.9  90   79   99 267 -332  0
3823500 2818500  4  5  9   6.5 1015 238  2.4 3  4.9  86  214  135 260 -340  0
3823500 2818500  4  5 10   8.2 1016 235  2.5 2  5.0  78  318  169 257 -348  0
3823500 2818500  4  5 11   9.8 1016 244  3.0 2  4.8  67  386  200 256 -355  0
3823500 2818500  4  5 12  10.5 1016 254  4.1 3  4.3  56  173  317 265 -359  0
3823500 2818500  4  5 13  11.0 1016 251  4.0 4  4.0  50  173  322 279 -364  0
3823500 2818500  4  5 14  11.5 1017 231  4.3 5  4.0  49  125  306 294 -367  0
3823500 2818500  4  5 15  11.4 1017 239  3.6 6  4.0  48  150  273 307 -370  0
3823500 2818500  4  5 16  10.9 1017 257  3.6 7  3.8  47  109  220 319 -370  0
3823500 2818500  4  5 17  10.5 1017 258  2.8 7  3.7  46   33  153 324 -370  0
3823500 2818500  4  5 18  10.0 1017 261  2.6 7  3.8  49   32   90 324 -370  0
3823500 2818500  4  5 19   9.3 1017 259  1.3 7  4.1  55    4   22 324 -367  0
3823500 2818500  4  5 20   8.8 1018 214  0.3 7  4.4  61    0    0 324 -362  0
3823500 2818500  4  5 21   8.3 1018 177  0.1 7  4.5  65    0    0 323 -356  0
3823500 2818500  4  5 22   8.4 1018 181  0.5 7  4.4  65    0    0 323 -351  0
3823500 2818500  4  5 23   8.2 1018 188  0.8 7  4.3  64    0    0 322 -348  0
3823500 2818500  4  5 24   8.3 1018 193  0.6 7  4.3  64    0    0 323 -345  0
3823500 2818500  4  6  1   8.0 1018 186  0.8 7  4.3  64    0    0 322 -343  0
3823500 2818500  4  6  2   7.7 1018 178  1.1 6  4.3  66    0    0 315 -341  0
3823500 2818500  4  6  3   7.1 1018 171  0.9 7  4.3  68    0    0 313 -340  0
3823500 2818500  4  6  4   6.8 1018 174  1.0 5  4.3  70    0    0 307 -339  0
3823500 2818500  4  6  5   5.6 1017 169  1.0 3  4.2  72    0    0 283 -338  0
3823500 2818500  4  6  6   4.9 1017 162  0.9 1  4.1  75    0    0 259 -337  0
3823500 2818500  4  6  7   5.3 1017 157  0.9 2  4.2  76   14   35 253 -336  0
3823500 2818500  4  6  8   7.1 1017 171  1.4 1  4.3  73  110   87 255 -338  0
3823500 2818500  4  6  9   9.1 1017 170  1.7 0  4.4  66  246  116 249 -347  0
3823500 2818500  4  6 10  11.2 1017 164  2.9 0  4.4  58  368  137 249 -360  0
3823500 2818500  4  6 11  12.3 1016 168  3.9 0  4.3  50  477  145 253 -373  0
3823500 2818500  4  6 12  13.2 1015 166  3.4 0  4.1  45  541  152 256 -384  0
3823500 2818500  4  6 13  14.0 1015 161  3.0 0  4.1  43  565  153 260 -393  0
3823500 2818500  4  6 14  14.7 1014 152  3.3 0  4.1  40  553  142 263 -399  0
3823500 2818500  4  6 15  15.5 1013 154  3.1 0  4.1  39  491  130 267 -401  0
3823500 2818500  4  6 16  15.9 1013 132  2.5 0  4.2  38  393  114 269 -400  0
3823500 2818500  4  6 17  16.4 1012 136  2.6 0  4.1  36  263  102 270 -396  0
3823500 2818500  4  6 18  16.1 1011 130  2.6 0  4.2  37  128   78 271 -388  0
3823500 2818500  4  6 19  14.6 1011 115  1.0 1  4.5  41   21   30 273 -379  0
3823500 2818500  4  6 20  13.1 1010 103  0.6 1  4.6  46    0    0 273 -370  0
3823500 2818500  4  6 21  12.4 1010 116  1.2 0  4.6  50    0    0 264 -363  0
3823500 2818500  4  6 22  12.2 1010 125  1.6 0  4.7  52    0    0 259 -360  0
3823500 2818500  4  6 23  11.4 1010 135  1.4 0  4.6  54    0    0 256 -357  0
3823500 2818500  4  6 24  10.9 1010 126  1.1 1  4.5  55    0    0 258 -354  0
3823500 2818500  4  7  1  10.4 1010 124  0.9 0  4.5  56    0    0 256 -351  0
3823500 2818500  4  7  2   9.3 1010 131  0.8 0  4.4  58    0    0 249 -348  0
3823500 2818500  4  7  3   8.6 1009 102  0.7 0  4.4  62    0    0 245 -346  0
3823500 2818500  4  7  4   8.5 1009 103  0.8 0  4.3  62    0    0 244 -345  0
3823500 2818500  4  7  5   8.2 1009 105  0.8 1  4.2  62    0    0 247 -343  0
3823500 2818500  4  7  6   7.9 1009 111  0.7 3  4.2  63    0    0 259 -342  0
3823500 2818500  4  7  7   8.9 1009 115  0.7 3  4.3  62    4   35 268 -342  0
3823500 2818500  4  7  8  11.1 1009 135  1.8 2  4.4  58   70  100 267 -344  0
3823500 2818500  4  7  9  12.9 1009 141  2.4 3  4.5  51  178  144 272 -352  0
3823500 2818500  4  7 10  14.3 1009 143  3.2 3  4.4  46  252  191 282 -366  0
3823500 2818500  4  7 11  15.6 1009 140  3.2 4  4.5  42  315  225 291 -381  0
3823500 2818500  4  7 12  16.8 1009 144  3.2 5  4.6  40  286  275 305 -394  0
3823500 2818500  4  7 13  18.3 1008 158  2.8 5  4.9  39  355  254 316 -404  0
3823500 2818500  4  7 14  19.3 1008 151  2.4 4  4.9  36  361  234 318 -411  0
3823500 2818500  4  7 15  20.0 1008 167  2.6 5  4.8  34  330  205 322 -415  0
3823500 2818500  4  7 16  20.0 1008 214  1.7 5  4.7  32  240  182 329 -415  0
3823500 2818500  4  7 17  19.8 1008 246  1.2 5  4.7  32  150  140 329 -412  0
3823500 2818500  4  7 18  18.5 1008 291  1.1 6  4.8  35   51   88 332 -405  0
3823500 2818500  4  7 19  17.0 1008 326  0.9 6  5.2  41   10   25 333 -393  0
3823500 2818500  4  7 20  15.6 1008 310  1.1 6  5.6  48    0    0 328 -380  0
3823500 2818500  4  7 21  13.6 1009 306  0.9 7  5.8  55    0    0 328 -371  0
3823500 2818500  4  7 22  13.6 1009 307  1.0 7  5.8  60    0    0 331 -365  0
3823500 2818500  4  7 23  13.4 1010 330  0.8 7  5.7  59    0    0 330 -360  0
3823500 2818500  4  7 24  13.2 1010  27  0.9 7  5.7  60    0    0 328 -356  0
3823500 2818500  4  8  1  13.6 1010  33  2.4 7  5.6  59    0    0 329 -354  0
3823500 2818500  4  8  2  13.3 1010  15  1.8 7  5.6  58    0    0 328 -352  0
3823500 2818500  4  8  3  12.3 1010  20  2.3 8  5.9  64    0    0 330 -349  0
3823500 2818500  4  8  4  12.1 1011 332  3.0 8  6.2  69    0    0 333 -344  0
3823500 2818500  4  8  5  11.6 1011 324  1.9 7  6.2  71    0    0 327 -342  0
3823500 2818500  4  8  6  11.0 1012 329  2.1 8  6.2  74    0    0 326 -345  0
3823500 2818500  4  8  7  10.9 1013 312  2.3 8  6.3  77    0   15 329 -347  0
3823500 2818500  4  8  8  10.0 1013 324  2.0 8  6.6  83    0   46 327 -350  0
3823500 2818500  4  8  9  10.1 1014 347  2.2 8  6.9  89    0   62 327 -360  0
3823500 2818500  4  8 10  10.2 1015 338  3.2 7  7.0  91    0  145 321 -375  0
3823500 2818500  4  8 11  10.1 1016 318  2.7 7  7.1  92    0  163 315 -389  0
3823500 2818500  4  8 12   9.8 1016 320  2.2 7  7.1  93    0  158 313 -400  0
3823500 2818500  4  8 13   9.7 1017 327  1.7 8  7.0  93    0  152 315 -407  0
3823500 2818500  4  8 14  10.1 1017 328  2.7 8  6.8  90    0  126 318 -410  0
3823500 2818500  4  8 15  10.4 1018 314  2.3 6  6.7  86    0  141 312 -409  0
3823500 2818500  4  8 16  10.6 1018 333  2.1 7  6.6  84    1  149 309 -405  0
3823500 2818500  4  8 17  10.7 1018 326  2.3 8  6.4  81    0   85 317 -398  0
3823500 2818500  4  8 18  11.3 1019 318  2.2 6  6.0  74   20   99 313 -388  0
3823500 2818500  4  8 19  10.5 1019 324  1.1 3  5.4  67   20   42 294 -378  0
3823500 2818500  4  8 20   8.5 1020 329  0.3 1  4.7  64    0    0 270 -369  0
3823500 2818500  4  8 21   6.9 1021 319  0.2 0  4.3  67    0    0 253 -360  0
3823500 2818500  4  8 22   5.7 1021 264  0.7 0  4.4  75    0    0 245 -355  0
3823500 2818500  4  8 23   4.3 1022 276  1.3 0  4.4  83    0    0 242 -352  0
3823500 2818500  4  8 24   4.1 1022 268  0.2 0  4.4  86    0    0 239 -352  0
3823500 2818500  4  9  1   3.5 1022 245  0.1 0  4.3  88    0    0 238 -350  0
3823500 2818500  4  9  2   3.2 1022 257  0.0 0  4.3  90    0    0 236 -346  0
3823500 2818500  4  9  3   2.8 1022 205  0.1 0  4.3  92    0    0 235 -343  0
3823500 2818500  4  9  4   3.0 1022 228  0.1 0  4.3  94    0    0 235 -340  0
3823500 2818500  4  9  5   2.3 1022 239  0.1 1  4.4  96    0    0 237 -337  0
3823500 2818500  4  9  6   3.7 1023 202  0.1 4  4.5  97    0    0 257 -334  0
3823500 2818500  4  9  7   3.5 1023 197  0.1 7  4.7  97    0   27 287 -331  0
3823500 2818500  4  9  8   5.9 1023 219  0.2 7  5.0  94    2   91 305 -333  0
3823500 2818500  4  9  9   7.3 1023 228  0.7 7  5.3  88   11  161 311 -342  0
3823500 2818500  4  9 10   9.1 1023 236  1.3 7  5.6  83   13  210 315 -356  0
3823500 2818500  4  9 11   9.9 1023 272  1.1 6  5.9  80   30  261 313 -369  0
3823500 2818500  4  9 12  11.8 1023 259  1.8 4  6.1  76  173  313 303 -381  0
3823500 2818500  4  9 13  12.5 1023 314  2.7 7  6.2  71   30  279 313 -389  0
3823500 2818500  4  9 14  12.3 1023 330  2.1 7  6.1  69    5  219 329 -394  0
3823500 2818500  4  9 15  13.2 1023 312  3.0 7  6.0  66   22  234 328 -396  0
3823500 2818500  4  9 16  13.2 1022 320  2.8 5  5.8  62   95  223 319 -392  0
3823500 2818500  4  9 17  13.0 1022 315  2.8 7  5.7  61   13  142 317 -385  0
3823500 2818500  4  9 18  12.7 1022 340  2.8 8  5.6  61    3   68 326 -380  0
3823500 2818500  4  9 19  11.8 1022 350  0.9 6  5.4  61    3   22 320 -374  0
3823500 2818500  4  9 20  10.5 1022   1  1.0 6  5.0  61    0    0 306 -364  0
3823500 2818500  4  9 21   9.6 1023 350  0.9 5  4.8  63    0    0 298 -354  0
3823500 2818500  4  9 22   8.5 1023 347  0.8 3  4.8  67    0    0 282 -348  0
3823500 2818500  4  9 23   8.0 1023   1  1.2 2  4.9  72    0    0 266 -345  0
3823500 2818500  4  9 24   6.7 1023 343  0.9 4  4.8  76    0    0 266 -343  0
3823500 2818500  4 10  1   5.3 1024 346  0.9 3  4.6  80    0    0 265 -340  0
3823500 2818500  4 10  2   4.5 1024 336  0.7 2  4.6  86    0    0 253 -336  0
3823500 2818500  4 10  3   2.6 1024 317  0.5 1  4.4  91    0    0 239 -334  0
3823500 2818500  4 10  4   1.8 1024 316  0.2 0  4.1  94    0    0 226 -331  0
3823500 2818500  4 10  5   1.7 1023 319  0.5 0  4.0  94    0    0 219 -329  0
3823500 2818500  4 10  6   1.6 1024 308  0.6 1  4.0  94    0    2 223 -327  0
3823500 2818500  4 10  7   3.0 1024 322  0.8 5  4.3  97    3   40 247 -326  0
3823500 2818500  4 10  8   4.2 1024 332  1.7 6  4.8  98   12  109 276 -330  0
3823500 2818500  4 10  9   5.2 1024 334  2.0 6  5.0  96   51  186 285 -339  0
3823500 2818500  4 10 10   7.2 1024 333  2.9 6  5.1  87   22  225 289 -352  0
3823500 2818500  4 10 11   7.8 1023 340  3.1 7  4.9  76    0  181 297 -364  0
3823500 2818500  4 10 12   8.1 1023 340  3.7 7  4.8  72    4  226 301 -374  0
3823500 2818500  4 10 13   8.4 1023 349  3.2 7  4.7  70   15  262 298 -382  0
3823500 2818500  4 10 14   8.4 1023 339  3.4 6  4.7  69   38  279 292 -387  0
3823500 2818500  4 10 15   9.0 1022 342  3.0 6  4.6  66   94  274 287 -389  0
3823500 2818500  4 10 16   9.2 1022 345  2.6 5  4.6  64  268  176 284 -388  0
3823500 2818500  4 10 17   9.5 1021 346  1.9 3  4.5  63  331   76 275 -383  0
3823500 2818500  4 10 18   9.3 1021 351  2.2 3  4.4  60  168   68 270 -376  0
3823500 2818500  4 10 19   7.9 1020 353  1.7 3  4.3  62   35   34 268 -366  0
3823500 2818500  4 10 20   6.6 1020 343  1.1 2  4.2  67    0    0 261 -356  0
3823500 2818500  4 10 21   5.5 1021 341  1.1 1  4.1  71    0    0 250 -349  0
3823500 2818500  4 10 22   4.7 1021 339  1.1 0  4.1  76    0    0 239 -344  0
3823500 2818500  4 10 23   3.9 1021 335  0.1 0  4.1  80    0    0 232 -341  0
3823500 2818500  4 10 24   3.2 1021 335  0.2 0  4.1  85    0    0 232 -337  0
3823500 2818500  4 11  1   2.3 1021 335  0.1 1  4.1  89    0    0 236 -335  0
3823500 2818500  4 11  2   1.6 1020 337  0.1 0  4.0  93    0    0 235 -333  0
3823500 2818500  4 11  3   1.8 1020 351  0.1 0  4.0  94    0    0 232 -334  0
3823500 2818500  4 11  4   1.6 1020 356  0.2 0  4.0  95    0    0 232 -334  0
3823500 2818500  4 11  5   1.6 1019   0  0.1 1  4.0  95    0    0 237 -333  0
3823500 2818500  4 11  6   2.3 1019  21  1.3 4  4.1  94    0    0 255 -334  0
3823500 2818500  4 11  7   3.8 1019  33  2.1 7  4.3  91    0   28 286 -336  0
3823500 2818500  4 11  8   4.7 1019  30  2.2 8  4.5  89    0   88 311 -341  0
3823500 2818500  4 11  9   6.0 1019  45  2.8 6  4.7  85   31  193 311 -348  0
3823500 2818500  4 11 10   7.7 1019  33  3.3 5  4.8  78   41  256 300 -354  0
3823500 2818500  4 11 11   7.8 1018  44  4.3 8  4.5  69    0  142 311 -359  0
3823500 2818500  4 11 12   7.5 1018  50  4.2 7  4.4  68    0  169 321 -361  0
3823500 2818500  4 11 13   6.8 1018  27  3.2 6  4.5  72    0  171 309 -362  0
3823500 2818500  4 11 14   6.5 1018  39  4.0 7  4.7  77    0  127 306 -370  0
3823500 2818500  4 11 15   6.6 1018  32  3.6 8  4.8  79    0   91 313 -374  0
3823500 2818500  4 11 16   7.3 1018  54  3.8 7  4.9  79    7  178 312 -374  0
3823500 2818500  4 11 17   7.8 1017  51  3.9 6  4.9  76   64  179 303 -376  0
3823500 2818500  4 11 18   8.2 1017  38  3.3 4  4.7  71  118  100 291 -374  0
3823500 2818500  4 11 19   7.8 1017  40  2.6 3  4.6  69   30   41 277 -367  0
3823500 2818500  4 11 20   6.5 1017  29  1.7 2  4.5  71    0    0 265 -359  0
3823500 2818500  4 11 21   5.9 1018  29  1.1 0  4.4  74    0    0 248 -353  0
3823500 2818500  4 11 22   5.7 1018  34  2.3 0  4.3  75    0    0 235 -348  0
3823500 2818500  4 11 23   5.0 1018  18  2.0 1  4.3  77    0    0 237 -343  0
3823500 2818500  4 11 24   4.8 1018  24  1.8 2  4.3  81    0    0 244 -339  0
3823500 2818500  4 12  1   5.0 1018  26  0.6 3  4.4  83    0    0 254 -336  0
3823500 2818500  4 12  2   4.2 1017 355  0.6 3  4.5  86    0    0 257 -333  0
3823500 2818500  4 12  3   4.1 1017  16  1.2 2  4.5  88    0    0 250 -330  0
3823500 2818500  4 12  4   3.9 1016  33  1.5 2  4.4  88    0    0 241 -328  0
3823500 2818500  4 12  5   3.9 1016  33  2.1 2  4.3  86    0    0 237 -328  0
3823500 2818500  4 12  6   3.5 1015  29  1.6 3  4.2  85    0    0 242 -329  0
3823500 2818500  4 12  7   3.9 1015  28  2.6 4  4.2  85   12   48 255 -332  0
3823500 2818500  4 12  8   5.0 1015  34  2.6 2  4.3  83  103  110 251 -335  0
3823500 2818500  4 12  9   6.4 1015  34  4.8 1  4.5  79  243  140 237 -339  0
3823500 2818500  4 12 10   7.7 1015  40  5.4 1  4.6  74  366  162 239 -344  0
3823500 2818500  4 12 11   9.4 1015  30  4.6 1  4.8  69  451  184 246 -349  0
3823500 2818500  4 12 12  10.7 1014  42  5.2 1  4.9  64  483  208 256 -355  0
3823500 2818500  4 12 13  11.6 1014  47  4.7 2  5.0  61  369  281 271 -361  0
3823500 2818500  4 12 14  12.6 1013  50  4.9 1  5.0  57  521  179 277 -370  0
3823500 2818500  4 12 15  13.6 1013  44  4.7 2  4.6  49  241  278 280 -378  0
3823500 2818500  4 12 16  13.3 1012  44  4.3 6  4.3  45   55  225 302 -380  0
3823500 2818500  4 12 17  13.4 1012  37  4.4 5  4.2  44  120  172 312 -376  0
3823500 2818500  4 12 18  13.1 1012  42  3.7 3  4.1  44  100   95 298 -369  0
3823500 2818500  4 12 19  12.4 1012  56  2.6 2  4.3  47   27   37 284 -360  0
3823500 2818500  4 12 20  11.3 1012  34  2.9 2  4.6  53    0    0 276 -350  0
3823500 2818500  4 12 21  10.3 1012  40  2.7 0  4.6  58    0    0 263 -342  0
3823500 2818500  4 12 22   9.3 1013  45  3.2 1  4.5  60    0    0 256 -337  0
3823500 2818500  4 12 23   8.3 1013  37  2.7 0  4.5  64    0    0 253 -333  0
3823500 2818500  4 12 24   7.8 1013  39  1.9 0  4.7  70    0    0 248 -330  0
3823500 2818500  4 13  1   7.2 1013  29  2.6 0  4.8  75    0    0 246 -328  0
3823500 2818500  4 13  2   6.5 1013  30  2.2 0  4.8  79    0    0 244 -328  0
3823500 2818500  4 13  3   5.4 1012  26  1.4 1  4.8  82    0    0 246 -328  0
3823500 2818500  4 13  4   4.9 1012  35  1.4 0  4.6  85    0    0 245 -329  0
3823500 2818500  4 13  5   4.4 1012  41  1.6 1  4.5  86    0    0 244 -329  0
3823500 2818500  4 13  6   3.9 1012  39  2.2 3  4.4  86    0    2 258 -328  0
3823500 2818500  4 13  7   4.5 1012  31  2.0 3  4.4  86    8   49 268 -328  0
3823500 2818500  4 13  8   5.7 1012  28  3.0 2  4.5  82   89  124 267 -332  0
3823500 2818500  4 13  9   7.6 1012  40  2.6 4  4.6  75  186  181 278 -341  0
3823500 2818500  4 13 10  10.5 1012  24  3.3 4  4.6  64  291  219 297 -353  0
3823500 2818500  4 13 11  11.8 1012  33  4.1 4  4.6  55  400  232 301 -365  0
3823500 2818500  4 13 12  13.4 1012  36  5.5 4  4.3  47  488  226 302 -376  0
3823500 2818500  4 13 13  14.4 1011  24  5.0 3  4.0  41  527  220 297 -386  0
3823500 2818500  4 13 14  15.0 1011  19  3.8 3  4.0  38  469  230 290 -393  0
3823500 2818500  4 13 15  15.0 1010   9  3.5 5  4.0  37  246  290 293 -396  0
3823500 2818500  4 13 16  14.8 1010   3  3.7 5  4.1  38  144  251 295 -395  0
3823500 2818500  4 13 17  14.2 1009   7  3.6 4  4.2  41  140  177 291 -389  0
3823500 2818500  4 13 18  13.5 1009  11  3.1 4  4.4  44   71  108 286 -380  0
3823500 2818500  4 13 19  12.3 1009   8  2.4 3  4.6  50   23   39 281 -370  0
3823500 2818500  4 13 20  11.0 1009  11  2.5 3  4.6  54    0    0 274 -360  0
3823500 2818500  4 13 21   9.3 1009  17  2.5 6  4.6  60    0    0 276 -353  0
3823500 2818500  4 13 22   8.7 1009  11  2.2 6  4.7  66    0    0 281 -347  0
3823500 2818500  4 13 23   7.2 1009  14  2.2 5  4.7  70    0    0 275 -343  0
3823500 2818500  4 13 24   6.3 1009  14  2.0 4  4.6  75    0    0 266 -340  0
3823500 2818500  4 14  1   4.8 1010  16  1.9 3  4.7  83    0    0 257 -338  0
3823500 2818500  4 14  2   4.0 1010   7  1.7 3  4.7  90    0    0 252 -335  0
3823500 2818500  4 14  3   4.4 1010   9  2.0 4  4.7  92    0    0 256 -333  0
3823500 2818500  4 14  4   3.9 1010  15  2.0 4  4.7  92    0    0 260 -332  0
3823500 2818500  4 14  5   3.1 1009  11  1.7 3  4.6  94    0    0 256 -330  0
3823500 2818500  4 14  6   2.7 1009  11  1.2 3  4.4  94    0    2 251 -329  0
3823500 2818500  4 14  7   3.3 1009  35  1.4 3  4.5  96   11   48 251 -329  0
3823500 2818500  4 14  8   5.4 1010  48  1.6 1  4.9  94  121   99 247 -333  0
3823500 2818500  4 14  9   7.7 1010  48  2.5 1  5.1  85  297   98 246 -345  0
3823500 2818500  4 14 10  10.4 1010  52  3.6 1  5.2  72  429  114 252 -360  0
3823500 2818500  4 14 11  11.3 1010  50  4.3 1  4.8  59  448  162 257 -375  0
3823500 2818500  4 14 12  12.1 1010  56  4.1 1  4.5  52  447  201 259 -391  0
3823500 2818500  4 14 13  13.0 1010  59  3.6 1  4.3  47  398  238 263 -405  0
3823500 2818500  4 14 14  13.4 1009  58  4.3 1  4.1  43  298  271 266 -414  0
3823500 2818500  4 14 15  13.6 1009  43  4.2 3  4.0  42  159  276 274 -416  0
3823500 2818500  4 14 16  13.8 1009  57  3.6 3  3.9  40  142  221 280 -414  0
3823500 2818500  4 14 17  13.8 1009  46  3.5 3  3.9  40  197  133 279 -408  0
3823500 2818500  4 14 18  13.3 1009  35  2.7 2  4.0  41  150   73 275 -397  0
3823500 2818500  4 14 19  12.3 1009  36  3.0 1  4.0  44   39   34 267 -382  0
3823500 2818500  4 14 20  11.1 1009  31  2.5 1  4.1  48    0    0 260 -369  0
3823500 2818500  4 14 21  10.0 1009  39  2.6 1  4.2  53    0    0 257 -360  0
3823500 2818500  4 14 22   8.9 1010  39  2.9 1  4.2  57    0    0 253 -354  0
3823500 2818500  4 14 23   8.2 1010  48  3.1 0  4.2  61    0    0 247 -350  0
3823500 2818500  4 14 24   7.3 1011  45  2.5 0  4.1  62    0    0 241 -346  0
3823500 2818500  4 15  1   5.9 1011  32  2.1 0  3.9  64    0    0 236 -342  0
3823500 2818500  4 15  2   5.1 1011  36  2.5 0  3.8  67    0    0 232 -340  0
3823500 2818500  4 15  3   3.9 1011  21  1.3 0  3.7  70    0    0 229 -337  0
3823500 2818500  4 15  4   3.6 1010  54  1.4 1  3.7  74    0    0 229 -335  0
3823500 2818500  4 15  5   3.3 1011  34  1.5 1  3.6  75    0    0 231 -334  0
3823500 2818500  4 15  6   2.6 1010  24  1.2 1  3.6  78    0    6 229 -332  0
3823500 2818500  4 15  7   3.6 1011  22  2.2 0  3.7  78   25   55 225 -331  0
3823500 2818500  4 15  8   5.2 1011  49  3.2 0  3.8  74  128  108 224 -337  0
3823500 2818500  4 15  9   7.2 1011  39  3.2 0  3.9  65  273  130 228 -350  0
3823500 2818500  4 15 10   9.1 1011  40  3.3 0  3.7  55  410  140 236 -368  0
3823500 2818500  4 15 11  10.6 1012  47  3.9 0  3.6  47  531  140 242 -385  0
3823500 2818500  4 15 12  12.1 1012  39  3.8 0  3.6  43  609  137 247 -401  0
3823500 2818500  4 15 13  13.4 1012  22  4.6 0  3.6  39  646  128 250 -415  0
3823500 2818500  4 15 14  13.8 1011  41  4.0 0  3.6  37  628  120 254 -423  0
3823500 2818500  4 15 15  14.3 1011  11  3.7 1  3.7  37  550  119 258 -427  0
3823500 2818500  4 15 16  14.2 1011  11  4.1 1  3.7  37  435  114 261 -425  0
3823500 2818500  4 15 17  14.2 1010 350  3.2 1  3.7  37  298  103 260 -418  0
3823500 2818500  4 15 18  13.7 1010  46  3.4 1  3.7  38  157   82 257 -405  0
3823500 2818500  4 15 19  11.8 1010 359  3.5 2  3.8  42   40   39 257 -390  0
3823500 2818500  4 15 20   9.8 1011   1  2.6 2  4.1  50    0    0 254 -374  0
3823500 2818500  4 15 21   8.3 1012 348  2.2 2  4.2  59    0    0 250 -362  0
3823500 2818500  4 15 22   7.0 1012 347  2.1 3  4.3  67    0    0 250 -355  0
3823500 2818500  4 15 23   6.5 1013 353  2.1 5  4.5  73    0    0 255 -349  0
3823500 2818500  4 15 24   5.5 1013 359  2.1 6  4.6  80    0    0 259 -344  0
3823500 2818500  4 16  1   4.8 1013 355  2.5 6  4.7  85    0    0 259 -339  0
3823500 2818500  4 16  2   5.1 1014 354  2.2 7  4.6  85    0    0 260 -335  0
3823500 2818500  4 16  3   5.3 1014 353  2.4 7  4.6  83    0    0 264 -333  0
3823500 2818500  4 16  4   5.3 1014 349  1.8 7  4.5  81    0    0 265 -331  0
3823500 2818500  4 16  5   4.8 1014 307  0.5 7  4.5  82    0    0 264 -330  0
3823500 2818500  4 16  6   4.9 1014 297  0.6 7  4.5  85    0    1 265 -328  0
3823500 2818500  4 16  7   5.6 1014 306  0.9 8  4.7  84    0   25 268 -328  0
3823500 2818500  4 16  8   6.3 1014 334  2.0 7  4.8  82    0   99 269 -333  0
3823500 2818500  4 16  9   7.1 1015 341  2.6 7  4.7  77    3  156 270 -344  0
3823500 2818500  4 16 10   7.6 1015 344  3.7 7  4.6  72    2  190 274 -358  0
3823500 2818500  4 16 11   8.1 1015 346  3.6 7  4.5  68    4  221 281 -372  0
3823500 2818500  4 16 12   9.3 1015 336  2.8 7  4.6  65   49  321 287 -387  0
3823500 2818500  4 16 13  10.5 1015 352  3.7 4  4.2  55  186  360 281 -398  0
3823500 2818500  4 16 14  11.3 1015 350  4.0 4  3.7  46  347  302 273 -406  0
3823500 2818500  4 16 15  11.2 1015   6  4.3 4  3.6  44  407  224 274 -408  0
3823500 2818500  4 16 16  10.8 1015 354  4.0 4  3.7  45  284  213 274 -405  0
3823500 2818500  4 16 17  10.7 1015   0  4.3 2  3.7  46  236  152 267 -398  0
3823500 2818500  4 16 18   9.9 1015   6  3.5 2  3.7  48  143  104 259 -388  0
3823500 2818500  4 16 19   8.8 1015   6  2.8 3  3.8  52   38   47 258 -374  0
3823500 2818500  4 16 20   7.4 1015 355  1.5 2  3.8  56    0    0 254 -360  0
3823500 2818500  4 16 21   6.2 1016   2  0.9 1  3.8  62    0    0 243 -348  0
3823500 2818500  4 16 22   5.1 1016   7  0.1 1  3.8  67    0    0 236 -341  0
3823500 2818500  4 16 23   4.5 1016 346  0.3 1  3.8  72    0    0 235 -336  0
3823500 2818500  4 16 24   2.5 1017 349  0.1 0  3.8  78    0    0 229 -332  0
3823500 2818500  4 17  1   1.4 1017   1  0.1 0  3.6  84    0    0 222 -328  0
3823500 2818500  4 17  2   0.4 1017 244  0.1 0  3.5  87    0    0 220 -326  0
3823500 2818500  4 17  3  -0.3 1017 183  0.0 0  3.4  91    0    0 218 -325  0
3823500 2818500  4 17  4  -0.6 1016 181  0.0 0  3.4  93    0    0 216 -323  0
3823500 2818500  4 17  5  -1.0 1016 170  0.1 0  3.3  93    0    0 216 -322  0
3823500 2818500  4 17  6  -1.3 1016 185  0.1 0  3.3  94    0   10 215 -321  0
3823500 2818500  4 17  7   0.9 1016 177  0.1 0  3.5  94   44   59 218 -322  0
3823500 2818500  4 17  8   4.8 1016 188  0.4 0  4.1  88  166  100 227 -328  0
3823500 2818500  4 17  9   6.8 1016 187  1.4 0  4.3  76  315  116 235 -341  0
3823500 2818500  4 17 10   8.3 1015 240  1.5 0  4.0  62  443  128 239 -358  0
3823500 2818500  4 17 11   9.9 1015 242  1.4 0  3.8  53  557  131 245 -377  0
3823500 2818500  4 17 12  11.1 1015 235  1.6 0  3.5  45  628  130 250 -395  0
3823500 2818500  4 17 13  12.5 1014 243  1.1 0  3.3  39  657  124 254 -410  0
3823500 2818500  4 17 14  14.0 1013 248  1.1 0  3.3  34  644  115 260 -419  0
3823500 2818500  4 17 15  15.0 1013 222  0.9 0  3.3  32  571  111 265 -424  0
3823500 2818500  4 17 16  15.5 1012 232  0.9 0  3.4  31  456  107 268 -423  0
3823500 2818500  4 17 17  15.8 1011 291  1.3 0  3.5  31  321   99 271 -417  0
3823500 2818500  4 17 18  15.8 1011 288  0.7 0  3.5  32  180   79 272 -407  0
3823500 2818500  4 17 19  14.5 1010 329  0.1 1  3.6  33   48   41 273 -392  0
3823500 2818500  4 17 20  10.3 1010 326  0.0 1  3.8  42    0    0 270 -377  0
3823500 2818500  4 17 21   8.2 1010 160  0.0 0  4.0  55    0    0 259 -365  0
3823500 2818500  4 17 22   7.0 1010 159  0.0 0  4.1  63    0    0 252 -358  0
3823500 2818500  4 17 23   5.6 1009 139  0.1 0  4.2  71    0    0 248 -353  0
3823500 2818500  4 17 24   5.0 1009 357  0.0 0  4.2  75    0    0 246 -349  0
3823500 2818500  4 18  1   3.3 1009  18  0.1 0  4.1  80    0    0 243 -347  0
3823500 2818500  4 18  2   2.7 1009 125  0.0 0  3.9  83    0    0 240 -345  0
3823500 2818500  4 18  3   2.1 1008  39  0.2 0  3.9  85    0    0 239 -343  0
3823500 2818500  4 18  4   1.7 1008  68  0.3 0  3.8  88    0    0 240 -341  0
3823500 2818500  4 18  5   1.3 1007  38  0.2 0  3.8  89    0    0 239 -339  0
3823500 2818500  4 18  6   0.8 1007 107  0.2 0  3.7  89    0   12 237 -338  0
3823500 2818500  4 18  7   3.9 1007 102  0.2 0  3.9  86   46   61 240 -340  0
3823500 2818500  4 18  8   8.7 1007 101  1.3 0  4.4  74  166  105 250 -349  0
3823500 2818500  4 18  9  12.1 1006 128  1.1 0  4.6  58  309  127 261 -364  0
3823500 2818500  4 18 10  14.5 1006 155  1.2 0  4.5  47  430  147 270 -379  0
3823500 2818500  4 18 11  16.1 1006 158  1.1 0  4.2  39  539  156 278 -397  0
3823500 2818500  4 18 12  17.3 1006 244  1.8 0  3.8  32  609  158 284 -417  0
3823500 2818500  4 18 13  18.0 1005 213  1.7 0  3.6  28  645  151 290 -432  0
3823500 2818500  4 18 14  18.6 1004 299  1.7 0  3.5  27  624  146 297 -440  0
3823500 2818500  4 18 15  18.9 1004 275  1.9 0  3.6  26  545  141 302 -434  0
3823500 2818500  4 18 16  19.0 1003 321  2.1 1  3.6  26  426  134 304 -430  0
3823500 2818500  4 18 17  18.8 1003 307  2.3 1  3.6  26  301  115 303 -430  0
3823500 2818500  4 18 18  17.9 1003 321  2.2 2  3.8  28  161   90 302 -420  0
3823500 2818500  4 18 19  16.2 1003 346  1.8 3  4.0  33   47   43 303 -407  0
3823500 2818500  4 18 20  13.8 1003 347  1.1 3  4.5  42    0    0 299 -396  0
3823500 2818500  4 18 21  11.8 1003 357  1.6 2  5.0  54    0    0 288 -387  0
3823500 2818500  4 18 22  10.4 1004   1  2.0 1  5.2  63    0    0 276 -381  0
3823500 2818500  4 18 23   8.6 1004  16  1.7 0  5.4  73    0    0 264 -377  0
3823500 2818500  4 18 24   7.5 1005   3  2.5 0  5.4  80    0    0 255 -372  0
3823500 2818500  4 19  1   6.5 1006  13  1.9 1  5.3  84    0    0 254 -368  0
3823500 2818500  4 19  2   5.7 1006  15  2.7 2  5.1  87    0    0 260 -363  0
3823500 2818500  4 19  3   5.9 1006  15  2.2 4  5.1  88    0    0 274 -356  0
3823500 2818500  4 19  4   5.5 1006   8  1.3 4  5.0  87    0    0 284 -350  0
3823500 2818500  4 19  5   4.4 1007   5  1.0 3  4.7  87    0    0 276 -350  0
3823500 2818500  4 19  6   3.9 1007   9  0.8 4  4.5  88    0    6 272 -347  0
3823500 2818500  4 19  7   4.5 1007   9  1.9 5  4.5  87   12   62 280 -342  0
3823500 2818500  4 19  8   6.0 1008  28  2.4 4  4.5  82   69  141 281 -344  0
3823500 2818500  4 19  9   7.3 1008  20  2.9 4  4.4  71  101  217 277 -350  0
3823500 2818500  4 19 10   8.4 1009  24  2.3 4  4.1  62  248  251 279 -361  0
3823500 2818500  4 19 11  10.2 1009  34  1.5 3  3.9  53  437  220 277 -373  0
3823500 2818500  4 19 12  11.1 1009  17  2.2 2  3.6  44  509  225 268 -386  0
3823500 2818500  4 19 13  12.1 1009  52  1.8 2  3.4  40  552  212 264 -396  0
3823500 2818500  4 19 14  12.5 1008  18  1.5 2  3.5  39  539  199 266 -401  0
3823500 2818500  4 19 15  13.1 1008 348  1.7 2  3.5  38  479  184 267 -403  0
3823500 2818500  4 19 16  13.0 1008  22  1.5 2  3.6  39  381  164 267 -401  0
3823500 2818500  4 19 17  12.9 1008   0  1.6 3  3.8  41  231  151 268 -395  0
3823500 2818500  4 19 18  12.5 1008   3  1.3 3  3.9  42  145   99 270 -385  0
3823500 2818500  4 19 19  11.4 1008  11  1.0 4  3.9  45   46   46 272 -372  0
3823500 2818500  4 19 20  10.1 1008  16  0.4 3  3.9  49    0    0 268 -359  0
3823500 2818500  4 19 21   8.3 1008  20  0.1 2  3.9  54    0    0 254 -348  0
3823500 2818500  4 19 22   7.1 1008  33  0.6 3  4.0  60    0    0 249 -341  0
3823500 2818500  4 19 23   6.5 1008  83  0.3 2  4.0  65    0    0 247 -337  0
3823500 2818500  4 19 24   5.2 1008  91  0.1 1  4.0  68    0    0 235 -333  0
3823500 2818500  4 20  1   4.1 1008  76  0.1 0  3.9  73    0    0 222 -331  0
3823500 2818500  4 20  2   2.8 1008  95  0.1 0  3.8  78    0    0 214 -330  0
3823500 2818500  4 20  3   2.3 1007  93  0.2 0  3.8  82    0    0 212 -329  0
3823500 2818500  4 20  4   2.8 1007  84  0.1 1  3.7  82    0    0 218 -328  0
3823500 2818500  4 20  5   2.7 1006 117  0.6 3  3.8  81    0    0 235 -328  0
3823500 2818500  4 20  6   4.2 1006 147  0.9 5  3.8  79    0    9 259 -328  0
3823500 2818500  4 20  7   5.3 1006 167  1.2 5  4.0  75    4   64 273 -330  0
3823500 2818500  4 20  8   6.7 1005 179  2.3 5  4.3  74   19  149 278 -334  0
3823500 2818500  4 20  9   9.1 1005 197  2.3 5  4.8  72   51  242 286 -344  0
3823500 2818500  4 20 10  11.2 1004 206  3.7 5  5.1  65  125  330 294 -357  0
3823500 2818500  4 20 11  12.1 1004 241  4.3 5  5.1  59  129  378 300 -370  0
3823500 2818500  4 20 12  12.6 1004 257  5.2 7  5.2  58    7  275 314 -382  0
3823500 2818500  4 20 13  11.6 1004 262  6.0 7  5.4  61    0  192 326 -392  0
3823500 2818500  4 20 14  11.2 1004 270  6.7 7  5.2  61    0  166 323 -393  0
3823500 2818500  4 20 15  12.6 1004 265  6.6 4  4.2  48  107  357 307 -390  0
3823500 2818500  4 20 16  12.2 1004 268  7.2 2  3.5  39  268  280 280 -384  0
3823500 2818500  4 20 17  11.8 1005 281  6.6 3  3.4  38  145  227 270 -373  0
3823500 2818500  4 20 18  10.7 1005 296  6.2 2  3.4  41  105  145 264 -365  0
3823500 2818500  4 20 19   8.7 1006 269  5.5 5  3.6  48   28   59 269 -359  0
3823500 2818500  4 20 20   8.1 1007 277  4.6 5  3.8  54    0    0 285 -355  0
3823500 2818500  4 20 21   7.2 1007 272  3.6 5  3.9  60    0    0 282 -346  0
3823500 2818500  4 20 22   6.5 1008 270  2.9 5  4.0  65    0    0 269 -338  0
3823500 2818500  4 20 23   6.8 1008 240  2.1 5  4.4  69    0    0 268 -333  0
3823500 2818500  4 20 24   7.5 1008 199  1.5 6  4.8  72    0    0 265 -330  0
3823500 2818500  4 21  1   8.5 1007 151  1.0 6  5.3  74    0    0 310 -358  0
3823500 2818500  4 21  2   9.3 1007 114  0.6 7  5.6  76    0    0 310 -358  0
3823500 2818500  4 21  3   9.8 1007  80  0.1 8  5.8  76    0    0 306 -358  0
3823500 2818500  4 21  4   9.4 1007  80  0.1 8  5.8  77    0    0 308 -357  0
3823500 2818500  4 21  5   9.5 1007  76  0.2 7  5.8  78    0    0 310 -355  0
3823500 2818500  4 21  6   8.6 1007  93  0.1 7  5.7  79    0    4 307 -353  0
3823500 2818500  4 21  7   9.7 1007  84  0.3 6  5.7  79    0   45 301 -354  0
3823500 2818500  4 21  8  11.6 1007  36  0.1 5  6.1  76   12  133 301 -359  0
3823500 2818500  4 21  9  13.8 1007 127  1.0 5  6.1  66   52  221 304 -371  0
3823500 2818500  4 21 10  15.5 1007 160  1.2 6  6.0  58  145  290 313 -387  0
3823500 2818500  4 21 11  17.2 1007 189  1.1 6  6.2  53  276  310 324 -403  0
3823500 2818500  4 21 12  18.6 1007 156  1.4 6  5.8  45  235  360 329 -419  0
3823500 2818500  4 21 13  18.4 1007 277  1.3 6  5.3  40  216  374 331 -434  0
3823500 2818500  4 21 14  18.4 1007 263  1.3 6  4.9  37  225  355 331 -444  0
3823500 2818500  4 21 15  18.8 1007 261  1.5 6  5.0  37  191  319 331 -447  0
3823500 2818500  4 21 16  18.5 1007 319  1.5 6  5.2  39  136  269 331 -443  0
3823500 2818500  4 21 17  18.2 1007   8  2.0 6  5.4  41   44  193 328 -435  0
3823500 2818500  4 21 18  17.3 1007   1  2.0 7  5.4  42    9  104 327 -423  0
3823500 2818500  4 21 19  16.4 1007 356  1.6 7  5.4  45    1   37 327 -410  0
3823500 2818500  4 21 20  15.4 1007 316  1.3 7  5.5  49    0    3 327 -397  0
3823500 2818500  4 21 21  14.2 1007 291  1.5 7  5.8  55    0    0 327 -387  0
3823500 2818500  4 21 22  13.1 1008 330  2.6 7  6.1  62    0    0 328 -379  0
3823500 2818500  4 21 23  12.2 1008 339  2.9 7  6.3  69    0    0 328 -374  0
3823500 2818500  4 21 24  11.4 1008  21  4.2 7  6.4  74    0    0 327 -373  0
3823500 2818500  4 22  1   9.9 1008 324  3.2 8  6.7  83    0    0 327 -371  0
3823500 2818500  4 22  2   9.8 1009 330  2.1 7  7.0  91    0    0 325 -370  0
3823500 2818500  4 22  3   9.7 1009 292  1.3 8  7.0  93    0    0 324 -369  0
3823500 2818500  4 22  4   9.4 1008 250  1.3 8  7.1  95    0    0 329 -368  0
3823500 2818500  4 22  5   8.9 1008 268  2.3 8  6.9  94    0    0 328 -365  0
3823500 2818500  4 22  6   7.9 1008 277  2.1 8  6.6  95    0    5 327 -364  0
3823500 2818500  4 22  7   7.2 1009 286  2.9 8  6.2  96    0   29 326 -367  0
3823500 2818500  4 22  8   7.2 1009 290  3.1 8  6.0  94    0   67 325 -375  0
3823500 2818500  4 22  9   7.4 1010 299  2.5 8  5.8  91    0  142 324 -386  0
3823500 2818500  4 22 10   8.1 1010 309  3.0 6  5.6  86   41  287 318 -400  0
3823500 2818500  4 22 11   8.9 1010 245  3.2 6  5.6  81   16  282 313 -415  0
3823500 2818500  4 22 12   9.5 1010 255  2.8 7  5.6  77    3  240 320 -429  0
3823500 2818500  4 22 13  10.9 1010 281  2.9 7  5.7  73   16  288 328 -441  0
3823500 2818500  4 22 14  11.0 1010 239  2.6 6  5.7  70   47  335 328 -450  0
3823500 2818500  4 22 15  11.8 1009 332  3.4 5  5.9  70   66  326 322 -443  0
3823500 2818500  4 22 16  12.0 1009 103  2.2 7  6.0  69    5  187 325 -419  0
3823500 2818500  4 22 17  11.8 1009 151  1.1 7  6.0  68    0  127 328 -413  0
3823500 2818500  4 22 18  11.9 1008 303  2.1 7  6.0  70    3   98 326 -416  0
3823500 2818500  4 22 19  11.6 1008 317  0.9 8  6.1  71    1   37 330 -404  0
3823500 2818500  4 22 20  11.0 1008 271  1.4 8  6.1  73    0    0 335 -390  0
3823500 2818500  4 22 21  10.4 1008 301  2.0 8  6.2  77    0    0 336 -383  0
3823500 2818500  4 22 22   9.9 1008 338  1.8 8  6.2  80    0    0 336 -379  0
3823500 2818500  4 22 23   9.6 1008 300  1.1 8  6.3  83    0    0 336 -378  0
3823500 2818500  4 22 24   9.1 1008 284  2.3 8  6.2  84    0    0 337 -376  0
3823500 2818500  4 23  1   8.6 1008 299  2.0 8  6.1  86    0    0 337 -373  0
3823500 2818500  4 23  2   8.5 1008 304  1.7 7  6.3  90    0    0 333 -370  0
3823500 2818500  4 23  3   8.5 1007   5  2.4 7  6.5  93    0    0 329 -365  0
3823500 2818500  4 23  4   8.0 1007 262  2.5 8  6.4  94    0    0 333 -361  0
3823500 2818500  4 23  5   8.1 1007 259  2.0 8  6.3  93    0    0 338 -361  0
3823500 2818500  4 23  6   7.6 1007 281  2.6 8  6.1  91    0    5 337 -361  0
3823500 2818500  4 23  7   7.4 1007 289  2.6 8  6.0  92    0   33 334 -362  0
3823500 2818500  4 23  8   7.7 1007 298  2.1 8  6.0  92    0   57 336 -371  0
3823500 2818500  4 23  9   8.5 1007 301  1.9 8  6.0  88    3  163 337 -384  0
3823500 2818500  4 23 10   9.3 1008 296  1.6 7  5.9  82   18  249 336 -397  0
3823500 2818500  4 23 11   9.6 1008 279  1.6 8  5.8  78    0  163 338 -410  0
3823500 2818500  4 23 12  10.6 1008 275  2.0 8  5.8  74    0  151 346 -421  0
3823500 2818500  4 23 13  11.1 1008 255  2.0 7  5.9  72    0  186 344 -430  0
3823500 2818500  4 23 14  11.9 1008 270  1.7 8  6.0  70   12  260 344 -436  0
3823500 2818500  4 23 15  12.9 1008 248  1.6 6  5.9  65  147  311 340 -438  0
3823500 2818500  4 23 16  13.2 1008 263  0.9 6  5.7  61  144  257 331 -438  0
3823500 2818500  4 23 17  13.3 1008 236  1.0 7  5.7  60   41  191 331 -431  0
3823500 2818500  4 23 18  12.9 1008 258  0.6 8  5.8  61    3   89 337 -419  0
3823500 2818500  4 23 19  12.5 1008 357  0.1 8  5.9  64    9   45 340 -403  0
3823500 2818500  4 23 20  11.4 1008  40  0.1 8  5.9  68    0    1 339 -387  0
3823500 2818500  4 23 21  10.3 1008  74  0.1 8  5.9  72    0    0 336 -373  0
3823500 2818500  4 23 22   8.5 1009  11  0.1 8  5.9  80    0    0 332 -364  0
3823500 2818500  4 23 23   8.8 1009  70  0.1 8  6.1  87    0    0 329 -360  0
3823500 2818500  4 23 24   8.4 1009 100  0.2 8  6.3  90    0    0 328 -357  0
3823500 2818500  4 24  1   8.8 1010  49  0.1 7  6.2  89    0    0 323 -355  0
3823500 2818500  4 24  2   8.3 1010  25  0.7 7  6.2  89    0    0 318 -353  0
3823500 2818500  4 24  3   8.4 1010  39  0.5 7  6.3  92    0    0 316 -350  0
3823500 2818500  4 24  4   8.0 1010  59  0.5 7  6.2  92    0    0 315 -348  0
3823500 2818500  4 24  5   7.8 1010  51  0.4 8  6.1  92    0    0 317 -346  0
3823500 2818500  4 24  6   8.0 1010 130  0.3 8  6.1  92    0    1 321 -344  0
3823500 2818500  4 24  7   8.9 1010  96  0.9 8  6.3  91    0   26 324 -345  0
3823500 2818500  4 24  8  10.3 1011  71  0.8 7  6.4  86    3  116 322 -353  0
3823500 2818500  4 24  9  11.5 1011 125  1.0 6  6.4  79   30  224 317 -367  0
3823500 2818500  4 24 10  13.3 1011 124  1.6 6  6.5  72  165  306 318 -384  0
3823500 2818500  4 24 11  14.5 1011 101  2.1 6  6.3  64  335  316 323 -403  0
3823500 2818500  4 24 12  15.7 1011  97  2.0 5  6.3  59  408  325 323 -422  0
3823500 2818500  4 24 13  16.5 1011 117  2.4 5  6.6  57  461  312 324 -437  0
3823500 2818500  4 24 14  16.5 1010  90  2.4 5  6.6  56  442  300 325 -446  0
3823500 2818500  4 24 15  17.8 1010 105  1.9 3  6.5  53  408  266 318 -449  0
3823500 2818500  4 24 16  18.0 1010 117  2.0 3  6.5  51  346  221 311 -446  0
3823500 2818500  4 24 17  17.4 1009 135  2.1 3  6.3  50  255  176 307 -437  0
3823500 2818500  4 24 18  17.0 1009  90  2.1 2  6.4  52  134  129 300 -426  0
3823500 2818500  4 24 19  16.0 1009  76  2.1 2  6.6  56   48   65 292 -412  0
3823500 2818500  4 24 20  14.1 1009  72  1.6 1  6.6  62    0    9 285 -397  0
3823500 2818500  4 24 21  12.8 1009  78  1.5 0  6.5  67    0    0 273 -386  0
3823500 2818500  4 24 22  12.3 1009  76  1.1 0  6.4  71    0    0 267 -379  0
3823500 2818500  4 24 23  11.5 1009  76  0.9 0  6.4  74    0    0 266 -375  0
3823500 2818500  4 24 24  10.8 1009  75  1.2 0  6.4  77    0    0 267 -372  0
3823500 2818500  4 25  1  10.1 1009  81  0.6 0  6.2  79    0    0 271 -370  0
3823500 2818500  4 25  2   9.3 1009  94  0.4 0  6.0  80    0    0 273 -369  0
3823500 2818500  4 25  3   9.1 1008  87  0.8 1  5.9  81    0    0 277 -369  0
3823500 2818500  4 25  4   8.2 1008 134  0.7 1  5.8  83    0    0 280 -369  0
3823500 2818500  4 25  5   7.5 1008 108  1.4 1  5.6  84    0    0 277 -371  0
3823500 2818500  4 25  6   7.9 1008 140  0.8 2  5.6  85    0   16 278 -375  0
3823500 2818500  4 25  7  10.5 1008  99  1.3 1  6.1  84   48   81 280 -378  0
3823500 2818500  4 25  8  13.7 1008 114  1.3 1  6.8  77  161  133 282 -383  0
3823500 2818500  4 25  9  16.1 1007 148  1.6 1  7.0  66  305  159 291 -391  0
3823500 2818500  4 25 10  18.4 1007 156  2.0 1  7.1  57  440  174 304 -403  0
3823500 2818500  4 25 11  20.2 1007 189  2.0 1  7.3  52  553  178 316 -421  0
3823500 2818500  4 25 12  21.3 1007 175  2.1 1  7.3  47  620  180 323 -438  0
3823500 2818500  4 25 13  22.2 1007 184  3.0 1  7.1  44  670  162 330 -451  0
3823500 2818500  4 25 14  23.2 1008 206  2.7 2  6.9  40  522  225 339 -461  0
3823500 2818500  4 25 15  23.3 1007 235  2.6 3  6.8  38  181  314 345 -466  0
3823500 2818500  4 25 16  23.1 1007 262  1.8 3  6.8  38   53  254 345 -463  0
3823500 2818500  4 25 17  22.8 1007 254  1.7 4  6.9  39   33  191 343 -449  0
3823500 2818500  4 25 18  21.1 1007 254  1.4 4  6.9  42  137  113 339 -438  0
3823500 2818500  4 25 19  18.9 1006 321  2.4 7  7.2  49   47   56 342 -430  0
3823500 2818500  4 25 20  17.2 1007 315  1.9 7  7.5  58    0    5 348 -416  0
3823500 2818500  4 25 21  15.8 1008 309  1.9 7  7.7  65    0    0 347 -406  0
3823500 2818500  4 25 22  14.5 1008 294  1.2 8  7.8  72    0    0 349 -400  0
3823500 2818500  4 25 23  13.5 1009 284  1.5 8  7.8  78    0    0 351 -396  0
3823500 2818500  4 25 24  13.2 1009 293  1.0 7  7.7  80    0    0 346 -393  0
3823500 2818500  4 26  1  12.6 1010 279  1.2 7  7.6  81    0    0 340 -389  0
3823500 2818500  4 26  2  12.0 1010 266  1.6 7  7.6  84    0    0 340 -387  0
3823500 2818500  4 26  3  11.4 1009 243  0.8 8  7.4  86    0    0 341 -385  0
3823500 2818500  4 26  4  11.1 1009 260  0.6 8  7.3  88    0    0 344 -381  0
3823500 2818500  4 26  5  10.3 1009 203  1.0 8  7.4  91    0    0 343 -379  0
3823500 2818500  4 26  6  10.7 1009 235  0.7 8  7.5  94    0    9 344 -377  0
3823500 2818500  4 26  7  11.4 1009 226  0.8 6  7.7  93    0   47 336 -378  0
3823500 2818500  4 26  8  12.5 1010 234  1.6 6  7.9  90   15  154 329 -381  0
3823500 2818500  4 26  9  13.9 1010 245  2.0 6  8.1  86   62  259 334 -387  0
3823500 2818500  4 26 10  13.9 1010 235  1.8 6  8.2  83   41  303 340 -395  0
3823500 2818500  4 26 11  14.3 1010 243  1.5 7  8.3  82    6  259 346 -404  0
3823500 2818500  4 26 12  15.1 1010 254  2.0 8  8.4  80    8  281 360 -416  0
3823500 2818500  4 26 13  15.7 1010 260  2.2 7  8.5  77   35  346 364 -426  0
3823500 2818500  4 26 14  16.3 1009 247  2.2 6  8.3  73  124  402 358 -433  0
3823500 2818500  4 26 15  16.6 1009 249  2.7 5  8.2  69  137  366 352 -436  0
3823500 2818500  4 26 16  17.0 1009 283  2.1 6  8.0  67   53  282 352 -436  0
3823500 2818500  4 26 17  15.9 1009 293  2.3 6  8.1  69   31  208 354 -432  0
3823500 2818500  4 26 18  15.8 1009 320  2.2 5  8.2  73   26  137 347 -424  0
3823500 2818500  4 26 19  15.0 1009 315  1.9 7  8.2  75   12   58 349 -415  0
3823500 2818500  4 26 20  13.2 1009 337  1.2 7  8.4  84    0    1 357 -406  0
3823500 2818500  4 26 21  13.0 1010 333  0.8 7  8.6  91    0    0 354 -395  0
3823500 2818500  4 26 22  12.7 1010 336  0.9 7  8.5  92    0    0 352 -388  0
3823500 2818500  4 26 23  12.5 1011 342  0.8 8  8.4  92    0    0 356 -384  0
3823500 2818500  4 26 24  12.0 1011 345  1.1 6  8.2  92    0    0 348 -380  0
3823500 2818500  4 27  1  11.4 1011 330  0.8 7  8.0  93    0    0 339 -376  0
3823500 2818500  4 27  2  11.1 1011 338  1.0 8  7.7  92    0    0 348 -371  0
3823500 2818500  4 27  3  10.3 1011 352  1.4 8  7.3  91    0    0 350 -367  0
3823500 2818500  4 27  4  10.0 1011 352  1.8 7  6.9  89    0    0 341 -364  0
3823500 2818500  4 27  5   9.0 1011 344  2.1 7  6.4  86    0    0 330 -360  0
3823500 2818500  4 27  6   9.0 1011 325  1.7 8  6.1  85    0    9 333 -355  0
3823500 2818500  4 27  7   9.5 1012 350  2.2 7  6.1  84    1   60 332 -353  0
3823500 2818500  4 27  8  10.3 1012 358  2.7 6  6.1  80   16  144 320 -357  0
3823500 2818500  4 27  9  11.9 1012   4  2.9 7  6.0  73   26  218 322 -368  0
3823500 2818500  4 27 10  12.3 1013 350  2.9 6  5.9  67  102  303 323 -383  0
3823500 2818500  4 27 11  13.7 1013 338  3.0 5  5.8  62  280  321 315 -399  0
3823500 2818500  4 27 12  14.7 1013 344  2.5 4  5.9  58  280  356 310 -413  0
3823500 2818500  4 27 13  15.5 1013 333  2.3 3  5.8  55  455  293 305 -424  0
3823500 2818500  4 27 14  15.5 1013   6  3.6 3  5.6  51  450  274 303 -427  0
3823500 2818500  4 27 15  16.2 1012 324  3.0 5  5.5  49  185  322 316 -423  0
3823500 2818500  4 27 16  15.5 1012 327  3.4 6  5.4  48   72  264 329 -418  0
3823500 2818500  4 27 17  15.3 1012 346  2.1 6  5.2  48   55  202 332 -411  0
3823500 2818500  4 27 18  14.6 1012 359  2.5 7  5.2  49   40  130 336 -403  0
3823500 2818500  4 27 19  13.4 1012 352  2.1 6  5.0  50   53   59 334 -394  0
3823500 2818500  4 27 20  11.8 1012 352  2.4 7  4.8  53    1   10 328 -381  0
3823500 2818500  4 27 21  10.4 1013 351  2.0 6  4.9  59    0    0 322 -368  0
3823500 2818500  4 27 22   8.8 1014 349  1.2 4  4.8  65    0    0 301 -359  0
3823500 2818500  4 27 23   7.4 1014 348  0.9 3  4.9  72    0    0 282 -351  0
3823500 2818500  4 27 24   6.8 1014 346  1.6 2  5.1  82    0    0 270 -345  0
3823500 2818500  4 28  1   6.1 1014 338  2.0 4  5.2  87    0    0 273 -341  0
3823500 2818500  4 28  2   5.2 1014 321  1.1 2  5.0  88    0    0 270 -338  0
3823500 2818500  4 28  3   4.7 1014 316  0.9 0  4.8  89    0    0 248 -336  0
3823500 2818500  4 28  4   4.1 1014 304  1.0 0  4.7  90    0    0 235 -334  0
3823500 2818500  4 28  5   3.6 1013 291  1.0 0  4.6  92    0    0 232 -332  0
3823500 2818500  4 28  6   4.2 1013 309  1.3 1  4.6  92    5   20 236 -331  0
3823500 2818500  4 28  7   5.8 1013 312  2.2 1  5.0  92   73   83 242 -333  0
3823500 2818500  4 28  8   7.5 1013 328  2.6 2  5.3  87  173  138 248 -341  0
3823500 2818500  4 28  9   9.7 1013 332  2.7 3  5.2  75  293  177 261 -355  0
3823500 2818500  4 28 10  11.3 1013 331  2.7 3  5.0  64  409  204 270 -373  0
3823500 2818500  4 28 11  12.8 1012 336  3.2 3  4.5  52  512  217 272 -389  0
3823500 2818500  4 28 12  13.0 1012 309  2.6 3  4.1  44  553  235 275 -402  0
3823500 2818500  4 28 13  13.3 1011 308  3.1 2  3.9  41  462  294 273 -409  0
3823500 2818500  4 28 14  13.2 1010 306  4.0 4  4.1  43   95  356 281 -407  0
3823500 2818500  4 28 15  12.7 1010 298  4.1 7  4.5  49    2  205 305 -406  0
3823500 2818500  4 28 16  12.2 1009 303  5.6 5  4.9  55   37  250 309 -406  0
3823500 2818500  4 28 17  11.3 1009 329  5.5 4  4.7  55  113  206 292 -396  0
3823500 2818500  4 28 18  10.6 1008 302  4.3 3  4.5  55  130  122 280 -388  0
3823500 2818500  4 28 19   9.4 1008 317  4.7 6  4.6  59   34   57 286 -380  0
3823500 2818500  4 28 20   7.0 1009 354  3.7 5  4.6  68    4   11 289 -372  0
3823500 2818500  4 28 21   6.5 1009 335  5.0 5  4.5  72    0    0 278 -365  0
3823500 2818500  4 28 22   5.8 1010 327  2.7 6  4.2  72    0    0 280 -357  0
3823500 2818500  4 28 23   5.7 1010 301  2.5 7  4.2  73    0    0 288 -347  0
3823500 2818500  4 28 24   5.8 1009 304  2.3 6  4.2  73    0    0 288 -341  0
3823500 2818500  4 29  1   5.6 1009 289  1.9 7  4.2  74    0    0 288 -336  0
3823500 2818500  4 29  2   5.6 1008 292  2.0 6  4.3  75    0    0 288 -333  0
3823500 2818500  4 29  3   5.2 1008 297  2.4 7  4.3  76    0    0 286 -330  0
3823500 2818500  4 29  4   5.2 1007 294  2.6 7  4.3  78    0    0 289 -327  0
3823500 2818500  4 29  5   5.2 1007 300  2.6 7  4.4  80    0    0 289 -325  0
3823500 2818500  4 29  6   4.7 1007 302  2.7 7  4.4  81    0    6 289 -324  0
3823500 2818500  4 29  7   5.3 1006 301  2.8 8  4.4  81    0   51 294 -326  0
3823500 2818500  4 29  8   6.4 1006 319  3.7 6  4.5  77  173   70 291 -333  0
3823500 2818500  4 29  9   7.5 1006 309  3.4 4  4.5  72  329   65 273 -347  0
3823500 2818500  4 29 10   7.7 1006 312  3.4 5  4.3  66  153  220 271 -363  0
3823500 2818500  4 29 11   5.9 1006 311  3.2 6  4.4  71   96  272 279 -379  0
3823500 2818500  4 29 12   6.6 1006 309  3.7 7  4.6  78   38  274 288 -390  0
3823500 2818500  4 29 13   7.1 1006 338  4.7 6  5.2  83  127  284 289 -390  0
3823500 2818500  4 29 14   6.9 1005 285  1.9 5  5.2  83  274  220 280 -388  0
3823500 2818500  4 29 15   6.6 1005 315  3.2 7  4.9  79    0  138 283 -384  0
3823500 2818500  4 29 16   7.1 1005 328  4.0 7  4.9  78   23  197 291 -377  0
3823500 2818500  4 29 17   8.3 1005 324  3.9 8  4.7  72    1  124 298 -371  0
3823500 2818500  4 29 18   7.6 1005 345  3.8 7  4.5  67   40   99 299 -365  0
3823500 2818500  4 29 19   8.0 1005 295  1.9 6  4.2  64   79   35 289 -357  0
3823500 2818500  4 29 20   6.3 1006 298  1.4 5  4.0  64   10    9 278 -352  0
3823500 2818500  4 29 21   4.4 1006 244  1.2 3  3.8  69    0    0 258 -350  0
3823500 2818500  4 29 22   2.7 1006 291  1.2 2  3.8  78    0    0 238 -350  0
3823500 2818500  4 29 23   1.9 1006 331  1.1 1  3.8  83    0    0 224 -349  0
3823500 2818500  4 29 24   1.2 1006 261  1.7 2  3.7  87    0    0 223 -348  0
3823500 2818500  4 30  1   1.0 1005 215  1.1 3  3.7  89    0    0 232 -347  0
3823500 2818500  4 30  2   2.3 1005 239  1.1 3  3.8  88    0    0 241 -346  0
3823500 2818500  4 30  3   2.4 1004 214  0.8 4  4.0  88    0    0 249 -345  0
3823500 2818500  4 30  4   2.5 1004 176  0.7 6  4.1  90    0    0 265 -344  0
3823500 2818500  4 30  5   2.4 1004 194  0.7 7  4.2  91    0    0 279 -344  0
3823500 2818500  4 30  6   3.4 1003 187  1.6 8  4.3  91    0   14 291 -344  0
3823500 2818500  4 30  7   4.5 1003 219  2.2 5  4.7  92   19   73 286 -345  0
3823500 2818500  4 30  8   5.1 1003 216  2.3 6  5.0  92   66  151 280 -349  0
3823500 2818500  4 30  9   6.0 1003 213  2.4 6  4.9  85  102  223 287 -354  0
3823500 2818500  4 30 10   6.8 1003 213  1.9 6  4.7  79  105  286 291 -359  0
3823500 2818500  4 30 11   8.2 1003 192  2.3 7  4.6  71    8  252 299 -364  0
3823500 2818500  4 30 12   8.5 1003 234  1.6 6  4.5  65    4  245 301 -373  0
3823500 2818500  4 30 13   8.7 1003 205  2.0 6  4.1  59   78  339 295 -376  0
3823500 2818500  4 30 14   8.3 1003 187  1.8 4  4.0  57  372  276 287 -370  0
3823500 2818500  4 30 15   9.3 1002 245  1.8 3  4.2  60  592  105 278 -369  0
3823500 2818500  4 30 16   9.6 1002 267  2.6 3  4.2  56  477  102 276 -375  0
3823500 2818500  4 30 17   9.7 1002 171  2.0 3  4.1  54  368   85 275 -381  0
3823500 2818500  4 30 18   8.9 1002 179  2.0 3  4.1  55  230   73 271 -376  0
3823500 2818500  4 30 19   8.7 1002 206  1.7 2  4.0  56   96   54 265 -368  0
3823500 2818500  4 30 20   7.1 1002 123  2.6 2  4.0  60    9   12 258 -361  0
3823500 2818500  4 30 21   5.5 1002 140  0.7 2  3.9  66    0    0 253 -356  0
3823500 2818500  4 30 22   4.4 1003 136  1.1 1  4.0  73    0    0 246 -353  0
3823500 2818500  4 30 23   3.7 1003 138  0.8 1  4.1  80    0    0 240 -350  0
3823500 2818500  4 30 24   3.2 1003 160  1.5 1  4.1  83    0    0 237 -349  0
3823500 2818500  5  1  1   2.6 1003 168  1.6 1  4.1  89    0    0 238 -345  0
3823500 2818500  5  1  2   2.4 1003 168  1.5 1  4.1  89    0    0 234 -342  0
3823500 2818500  5  1  3   1.8 1002 183  1.5 1  4.0  90    0    0 234 -339  0
3823500 2818500  5  1  4   2.3 1002 140  1.6 3  4.1  92    0    0 244 -336  0
3823500 2818500  5  1  5   2.1 1002 149  1.7 4  4.1  92    0    0 258 -334  0
3823500 2818500  5  1  6   2.5 1002 124  1.8 5  4.2  93    1   28 268 -333  0
3823500 2818500  5  1  7   4.5 1002 149  2.2 3  4.5  90   71  101 265 -335  0
3823500 2818500  5  1  8   6.4 1002 163  4.6 2  4.7  82  217  131 253 -344  0
3823500 2818500  5  1  9   8.2 1001 166  5.4 2  4.7  74  343  162 253 -356  0
3823500 2818500  5  1 10   9.5 1001 157  5.2 4  4.8  67  462  179 266 -369  0
3823500 2818500  5  1 11  10.8 1000 156  4.8 5  4.8  61  479  232 286 -380  0
3823500 2818500  5  1 12  11.9 1000 171  4.6 6  4.7  56  300  350 302 -390  0
3823500 2818500  5  1 13  12.2 1000 169  4.7 7  4.6  52   81  369 315 -389  0
3823500 2818500  5  1 14  12.2  999 147  5.4 7  4.7  53    6  252 319 -386  0
3823500 2818500  5  1 15  12.0  999 176  5.0 7  5.0  56    1  209 318 -393  0
3823500 2818500  5  1 16  11.7  999 185  5.7 7  5.2  59    3  189 317 -390  0
3823500 2818500  5  1 17  11.2  999 193  4.2 7  5.5  64    2  142 316 -384  0
3823500 2818500  5  1 18  10.9  999 198  3.3 8  5.8  70    0   68 321 -380  0
3823500 2818500  5  1 19  10.1  999 125  3.2 8  6.2  77    0   17 324 -372  0
3823500 2818500  5  1 20   9.4  999 155  3.0 8  6.5  86    0    1 323 -365  0
3823500 2818500  5  1 21   9.2  999 160  2.7 8  6.7  91    0    0 324 -359  0
3823500 2818500  5  1 22   9.3  999 212  3.2 7  6.8  92    0    0 320 -355  0
3823500 2818500  5  1 23   9.3 1000 213  3.0 6  6.9  94    0    0 312 -352  0
3823500 2818500  5  1 24   9.1 1000 200  2.7 7  6.9  94    0    0 313 -349  0
3823500 2818500  5  2  1   9.2 1000 194  2.4 7  6.9  94    0    0 319 -347  0
3823500 2818500  5  2  2   8.7 1001 200  2.1 6  6.8  93    0    0 314 -345  0
3823500 2818500  5  2  3   8.1 1001 200  2.1 5  6.5  94    0    0 305 -343  0
3823500 2818500  5  2  4   8.1 1002 197  1.7 5  6.5  95    0    0 302 -342  0
3823500 2818500  5  2  5   7.2 1002 211  1.8 5  6.3  96    0    0 302 -342  0
3823500 2818500  5  2  6   7.3 1003 204  1.1 3  6.2  96    1   23 292 -340  0
3823500 2818500  5  2  7   8.4 1003 202  1.0 1  6.4  96   70   92 274 -342  0
3823500 2818500  5  2  8  10.2 1004 203  2.0 1  6.7  90  234  106 269 -351  0
3823500 2818500  5  2  9  11.3 1005 209  2.6 2  6.6  81  452   70 279 -365  0
3823500 2818500  5  2 10  12.8 1005 201  3.5 1  6.5  73  563   86 282 -379  0
3823500 2818500  5  2 11  14.5 1005 196  3.3 3  6.4  65  261  304 289 -391  0
3823500 2818500  5  2 12  14.6 1005 199  3.3 5  6.4  62   70  344 307 -397  0
3823500 2818500  5  2 13  15.7 1005 206  3.1 5  6.7  62  181  359 316 -400  0
3823500 2818500  5  2 14  16.7 1005 186  2.7 5  6.9  60  158  342 319 -406  0
3823500 2818500  5  2 15  17.5 1006 212  2.7 5  7.0  57  304  265 318 -412  0
3823500 2818500  5  2 16  18.2 1006 220  1.7 5  6.8  53  283  212 317 -411  0
3823500 2818500  5  2 17  18.4 1005 164  2.5 3  6.5  49  406   68 312 -408  0
3823500 2818500  5  2 18  18.2 1005 151  1.7 4  6.5  49  238   72 307 -405  0
3823500 2818500  5  2 19  18.1 1005 140  1.5 5  6.4  49   63   64 311 -398  0
3823500 2818500  5  2 20  16.5 1005 130  1.4 4  6.4  53    2   14 310 -389  0
3823500 2818500  5  2 21  15.6 1005 123  1.4 4  6.4  56    0    0 304 -379  0
3823500 2818500  5  2 22  14.7 1006 123  1.4 3  6.4  59    0    0 296 -373  0
3823500 2818500  5  2 23  14.1 1005 112  1.3 2  6.3  61    0    0 287 -371  0
3823500 2818500  5  2 24  13.5 1005 101  1.1 2  6.2  62    0    0 277 -371  0
3823500 2818500  5  3  1  13.1 1002  82  0.8 3  6.1  62    0    0 306 -367  0
3823500 2818500  5  3  2  12.5 1001  67  0.6 4  5.9  63    0    0 313 -367  0
3823500 2818500  5  3  3  11.9 1000  50  0.4 4  5.8  65    0    0 319 -368  0
3823500 2818500  5  3  4  11.4 1000  47  0.4 5  5.8  67    0    0 321 -369  0
3823500 2818500  5  3  5  11.7  999  43  0.3 5  5.9  68    0    0 319 -371  0
3823500 2818500  5  3  6  10.8  998  45  0.5 5  5.9  73    0   17 319 -371  0
3823500 2818500  5  3  7  13.0  998  43  0.1 5  6.1  69   35   99 323 -372  0
3823500 2818500  5  3  8  15.5  997  67  0.7 3  6.2  61  143  165 321 -374  0
3823500 2818500  5  3  9  17.4  996  49  0.8 3  6.5  55  264  207 320 -378  0
3823500 2818500  5  3 10  19.3  996  65  0.4 2  7.0  53  368  241 323 -383  0
3823500 2818500  5  3 11  21.0  996  58  0.5 1  7.6  51  496  240 324 -391  0
3823500 2818500  5  3 12  22.4  995  54  0.6 1  7.9  48  569  241 328 -398  0
3823500 2818500  5  3 13  23.5  995 304  0.9 1  8.3  46  594  239 338 -405  0
3823500 2818500  5  3 14  24.9  994 257  0.9 1  8.7  45  570  231 347 -412  0
3823500 2818500  5  3 15  25.0  994 268  1.1 1  8.8  44  496  221 352 -416  0
3823500 2818500  5  3 16  23.6  993 277  1.9 2  8.8  45  122  294 353 -414  0
3823500 2818500  5  3 17  22.0  993 297  2.8 6  8.6  49    0   93 361 -409  0
3823500 2818500  5  3 18  17.5  993 268  3.5 7  8.8  60    0   38 365 -401  0
3823500 2818500  5  3 19  14.3  993 304  2.4 7  9.1  79    0   14 356 -392  0
3823500 2818500  5  3 20  13.8  994 275  1.6 7  8.8  86    0    4 350 -384  0
3823500 2818500  5  3 21  13.3  994 270  2.7 6  8.6  87    0    0 345 -378  0
3823500 2818500  5  3 22  12.2  995 285  2.3 7  8.3  88    0    0 341 -375  0
3823500 2818500  5  3 23  11.1  995 284  2.8 8  7.7  89    0    0 343 -372  0
3823500 2818500  5  3 24  10.0  995 291  3.2 8  7.0  86    0    0 341 -370  0
3823500 2818500  5  4  1   9.4  996 297  2.7 8  6.4  84    0    0 338 -369  0
3823500 2818500  5  4  2   8.9  996 299  2.5 8  6.4  87    0    0 338 -367  0
3823500 2818500  5  4  3   8.6  996 296  1.6 8  6.3  88    0    0 337 -366  0
3823500 2818500  5  4  4   8.8  997 279  2.0 8  6.2  86    0    0 338 -365  0
3823500 2818500  5  4  5   8.6  997 295  1.4 8  6.2  87    0    0 338 -364  0
3823500 2818500  5  4  6   8.5  997 313  2.0 8  6.3  90    0    6 337 -363  0
3823500 2818500  5  4  7   8.4  997 319  2.1 7  6.4  91    0   32 332 -364  0
3823500 2818500  5  4  8   8.3  998 328  2.2 8  6.4  92    0   62 329 -366  0
3823500 2818500  5  4  9   8.2  999 345  2.6 8  6.3  92    0  101 332 -369  0
3823500 2818500  5  4 10   8.6  999 346  3.0 8  6.2  88    0  137 331 -372  0
3823500 2818500  5  4 11   8.7 1000 343  2.7 8  6.0  85    0  119 332 -379  0
3823500 2818500  5  4 12   8.7 1000 344  3.2 8  5.9  83    0  116 332 -390  0
3823500 2818500  5  4 13   9.2 1001 336  3.1 7  5.9  82    0  128 329 -405  0
3823500 2818500  5  4 14  10.1 1001 308  3.1 7  5.9  78    0  157 327 -414  0
3823500 2818500  5  4 15  10.8 1001 309  3.3 8  5.9  74    0  130 332 -420  0
3823500 2818500  5  4 16  10.9 1001 299  3.4 7  5.8  70   20  186 332 -425  0
3823500 2818500  5  4 17  10.6 1001 349  3.2 7  5.7  70    0  114 327 -416  0
3823500 2818500  5  4 18  10.4 1002 357  3.6 8  5.6  69    0   63 329 -403  0
3823500 2818500  5  4 19  10.1 1002 332  4.0 7  5.5  70    0   45 328 -394  0
3823500 2818500  5  4 20   9.5 1002 343  3.0 7  5.4  71    0   13 323 -386  0
3823500 2818500  5  4 21   8.8 1003 347  3.0 7  5.3  73    0    0 321 -381  0
3823500 2818500  5  4 22   7.7 1004 355  3.4 5  5.1  74    0    0 311 -377  0
3823500 2818500  5  4 23   5.9 1004 357  4.0 4  4.9  79    0    0 292 -374  0
3823500 2818500  5  4 24   6.1 1004  10  3.4 4  4.9  83    0    0 280 -371  0
3823500 2818500  5  5  1   6.0 1005   5  3.8 6  5.0  84    0    0 287 -370  0
3823500 2818500  5  5  2   5.2 1005   8  3.8 7  4.9  85    0    0 303 -369  0
3823500 2818500  5  5  3   4.3 1005 359  3.1 5  4.7  88    0    0 295 -368  0
3823500 2818500  5  5  4   3.9 1006 357  2.8 5  4.6  90    0    0 279 -367  0
3823500 2818500  5  5  5   3.8 1006   3  3.8 4  4.5  89    0    0 269 -366  0
3823500 2818500  5  5  6   4.3 1006  12  4.5 4  4.5  88    6   33 259 -366  0
3823500 2818500  5  5  7   5.8 1006  13  5.4 3  4.6  84   47  102 248 -367  0
3823500 2818500  5  5  8   6.9 1007  19  6.5 4  4.6  76   97  177 248 -371  0
3823500 2818500  5  5  9   8.4 1007  28  6.3 3  4.4  68  214  231 252 -373  0
3823500 2818500  5  5 10   9.8 1008   8  6.1 3  4.4  61  349  256 248 -376  0
3823500 2818500  5  5 11  10.8 1008  10  6.3 3  4.5  57  409  291 253 -378  0
3823500 2818500  5  5 12  11.5 1008  16  5.6 3  4.5  54  430  320 259 -378  0
3823500 2818500  5  5 13  11.6 1008  17  5.4 2  4.3  51  381  354 254 -384  0
3823500 2818500  5  5 14  12.2 1008   9  5.2 3  4.3  50  346  349 260 -392  0
3823500 2818500  5  5 15  12.6 1008  16  4.4 2  4.4  49  372  289 265 -395  0
3823500 2818500  5  5 16  11.9 1008 359  4.1 2  4.3  49  353  225 259 -391  0
3823500 2818500  5  5 17  11.8 1008   8  4.4 2  4.2  49  248  190 264 -386  0
3823500 2818500  5  5 18  10.3 1008   6  4.8 2  4.1  50  154  136 268 -383  0
3823500 2818500  5  5 19   9.6 1008 358  4.6 2  4.1  54   67   80 266 -380  0
3823500 2818500  5  5 20   8.2 1009   7  4.1 3  4.1  58    7   21 269 -375  0
3823500 2818500  5  5 21   6.9 1009   2  3.1 2  4.1  63    0    0 266 -370  0
3823500 2818500  5  5 22   5.9 1010 356  2.2 5  4.1  69    0    0 272 -364  0
3823500 2818500  5  5 23   5.9 1010 359  1.8 5  4.2  73    0    0 285 -360  0
3823500 2818500  5  5 24   5.4 1010 355  2.0 5  4.3  76    0    0 286 -359  0
3823500 2818500  5  6  1   5.2 1010   1  1.8 5  4.6  84    0    0 287 -358  0
3823500 2818500  5  6  2   5.0 1011  18  1.4 4  4.9  90    0    0 282 -358  0
3823500 2818500  5  6  3   5.0 1011  17  2.3 3  4.9  90    0    0 267 -357  0
3823500 2818500  5  6  4   4.4 1011  15  2.4 2  4.7  89    0    0 245 -357  0
3823500 2818500  5  6  5   3.8 1011   8  2.0 2  4.7  91    0    0 226 -357  0
3823500 2818500  5  6  6   4.6 1011  10  2.3 4  4.7  92    0   14 236 -358  0
3823500 2818500  5  6  7   6.3 1011  18  3.5 6  4.9  88    4   79 276 -359  0
3823500 2818500  5  6  8   7.5 1012  28  4.1 4  5.2  83  114  169 283 -362  0
3823500 2818500  5  6  9   8.5 1012  27  4.2 5  5.4  80  120  249 284 -366  0
3823500 2818500  5  6 10  10.6 1012  35  5.0 6  5.5  74  185  307 310 -373  0
3823500 2818500  5  6 11  11.5 1012  24  4.2 6  5.6  68  209  354 324 -382  0
3823500 2818500  5  6 12  13.1 1012  53  5.2 5  5.3  60  380  328 322 -392  0
3823500 2818500  5  6 13  13.6 1012  54  5.7 5  5.1  54  319  363 319 -397  0
3823500 2818500  5  6 14  13.4 1012  81  5.5 7  5.3  55   74  374 332 -399  0
3823500 2818500  5  6 15  13.8 1012  72  4.9 7  5.4  55   43  319 343 -399  0
3823500 2818500  5  6 16  14.1 1012  66  6.8 6  5.3  54   58  280 337 -399  0
3823500 2818500  5  6 17  14.2 1012 359  6.2 6  5.3  53   30  205 329 -403  0
3823500 2818500  5  6 18  13.7 1012  40  4.1 7  5.4  54    1  104 333 -404  0
3823500 2818500  5  6 19  13.1 1012  34  3.5 5  5.3  55   14   68 322 -397  0
3823500 2818500  5  6 20  12.4 1012  19  3.0 8  5.1  56    5   19 326 -391  0
3823500 2818500  5  6 21  11.4 1013  34  2.0 7  5.1  59    0    0 340 -383  0
3823500 2818500  5  6 22  11.1 1013  34  2.3 7  5.1  61    0    0 330 -377  0
3823500 2818500  5  6 23  10.2 1014  26  2.6 7  5.1  64    0    0 329 -375  0
3823500 2818500  5  6 24  10.1 1014  38  2.3 8  5.2  68    0    0 337 -374  0
3823500 2818500  5  7  1   9.7 1014  30  1.8 7  5.1  68    0    0 338 -372  0
3823500 2818500  5  7  2   8.5 1014  32  2.4 7  5.1  71    0    0 329 -366  0
3823500 2818500  5  7  3   7.7 1015  36  2.4 7  5.1  77    0    0 327 -361  0
3823500 2818500  5  7  4   6.9 1015  29  2.1 7  5.1  81    0    0 325 -358  0
3823500 2818500  5  7  5   6.2 1015  27  2.0 7  5.1  85    0    0 324 -358  0
3823500 2818500  5  7  6   6.3 1015  20  1.7 7  5.1  86    4   28 324 -360  0
3823500 2818500  5  7  7   7.6 1015  36  2.7 4  5.1  82   60   92 302 -361  0
3823500 2818500  5  7  8   8.8 1016  31  3.2 5  5.0  74  103  161 293 -363  0
3823500 2818500  5  7  9  10.8 1016  53  3.8 4  4.8  64  253  189 303 -365  0
3823500 2818500  5  7 10  11.9 1016  67  4.1 3  4.7  56  503  134 296 -367  0
3823500 2818500  5  7 11  12.8 1016  50  4.1 3  4.7  53  612  134 294 -371  0
3823500 2818500  5  7 12  14.1 1016  39  5.1 3  4.9  51  575  197 299 -374  0
3823500 2818500  5  7 13  13.9 1016  33  4.9 3  4.8  49  381  312 304 -377  0
3823500 2818500  5  7 14  15.0 1016  65  3.3 3  4.7  46  296  329 309 -380  0
3823500 2818500  5  7 15  15.4 1016  38  4.1 3  4.8  45  214  316 315 -380  0
3823500 2818500  5  7 16  14.5 1015  37  4.2 4  4.9  47  187  263 318 -381  0
3823500 2818500  5  7 17  14.2 1015  29  3.7 6  5.0  49  152  159 332 -383  0
3823500 2818500  5  7 18  13.5 1016 347  3.5 5  5.0  51   69  140 334 -384  0
3823500 2818500  5  7 19  12.7 1016  28  3.7 3  5.1  54   82   65 315 -383  0
3823500 2818500  5  7 20  11.4 1016  12  2.2 4  5.2  60   10   21 304 -381  0
3823500 2818500  5  7 21  10.1 1017  20  1.7 3  5.3  66    0    0 296 -378  0
3823500 2818500  5  7 22   9.0 1017  17  2.7 2  5.1  69    0    0 278 -375  0
3823500 2818500  5  7 23   7.6 1018  24  2.5 2  5.0  74    0    0 267 -373  0
3823500 2818500  5  7 24   7.2 1018  21  1.7 2  5.0  78    0    0 267 -373  0
3823500 2818500  5  8  1   6.2 1018 359  1.2 1  4.8  79    0    0 256 -373  0
3823500 2818500  5  8  2   5.8 1018 349  1.0 1  4.6  80    0    0 245 -373  0
3823500 2818500  5  8  3   5.5 1018 343  1.1 2  4.7  82    0    0 249 -373  0
3823500 2818500  5  8  4   4.9 1018 350  0.8 2  4.7  86    0    0 252 -372  0
3823500 2818500  5  8  5   4.4 1018 350  1.1 1  4.6  88    0    0 241 -372  0
3823500 2818500  5  8  6   5.6 1018 342  0.8 3  4.9  91    0   14 250 -371  0
3823500 2818500  5  8  7   7.5 1018 359  1.4 6  5.5  92    2   74 291 -372  0
3823500 2818500  5  8  8   9.0 1018 355  2.1 6  5.9  87   12  157 317 -374  0
3823500 2818500  5  8  9  11.1 1018  15  1.9 7  5.8  76   17  227 329 -376  0
3823500 2818500  5  8 10  12.2 1018  35  3.2 2  5.6  66  108  326 309 -379  0
3823500 2818500  5  8 11  13.5 1018  16  3.1 6  5.3  58   84  368 307 -389  0
3823500 2818500  5  8 12  14.6 1018  31  3.0 5  5.4  54  157  405 330 -401  0
3823500 2818500  5  8 13  15.6 1018  25  2.1 5  5.5  52  238  407 327 -404  0
3823500 2818500  5  8 14  15.8 1017 353  2.0 5  5.6  50  315  369 329 -410  0
3823500 2818500  5  8 15  17.1 1017  38  1.8 5  5.7  49  235  347 332 -417  0
3823500 2818500  5  8 16  18.1 1017   8  2.3 4  5.8  47  227  284 330 -416  0
3823500 2818500  5  8 17  18.3 1016  37  3.0 4  5.9  46  164  224 325 -413  0
3823500 2818500  5  8 18  18.0 1016  33  2.4 3  6.1  47  144  145 318 -408  0
3823500 2818500  5  8 19  17.0 1015  18  1.7 2  6.3  50   67   83 304 -403  0
3823500 2818500  5  8 20  15.1 1015  17  1.7 2  6.5  58    9   24 295 -396  0
3823500 2818500  5  8 21  13.6 1016  11  0.4 1  6.7  66    0    0 284 -387  0
3823500 2818500  5  8 22  12.8 1016  13  0.1 3  6.7  71    0    0 287 -378  0
3823500 2818500  5  8 23  12.2 1016  16  0.1 3  6.7  74    0    0 296 -372  0
3823500 2818500  5  8 24  11.7 1016   7  0.1 2  6.8  78    0    0 289 -366  0
3823500 2818500  5  9  1  11.4 1016  29  0.1 3  7.0  83    0    0 288 -361  0
3823500 2818500  5  9  2  10.8 1016  27  0.1 3  7.1  86    0    0 293 -356  0
3823500 2818500  5  9  3  10.0 1016  28  0.1 2  6.9  88    0    0 286 -352  0
3823500 2818500  5  9  4   9.6 1015  43  0.1 1  6.7  89    0    0 273 -350  0
3823500 2818500  5  9  5   9.2 1015  36  0.1 1  6.7  91    0    0 265 -348  0
3823500 2818500  5  9  6  10.0 1015  60  0.1 1  6.8  92    6   34 267 -348  0
3823500 2818500  5  9  7  11.9 1015  61  0.5 0  7.2  89   70   99 266 -351  0
3823500 2818500  5  9  8  13.7 1015  66  1.7 0  7.4  81  198  139 265 -358  0
3823500 2818500  5  9  9  15.8 1015  52  2.4 0  7.6  72  346  156 271 -370  0
3823500 2818500  5  9 10  17.7 1015  59  2.6 0  7.8  66  487  160 280 -383  0
3823500 2818500  5  9 11  18.8 1014  47  3.2 0  7.9  61  607  155 287 -396  0
3823500 2818500  5  9 12  19.8 1014  52  3.7 0  7.9  56  667  158 292 -406  0
3823500 2818500  5  9 13  20.7 1013  63  3.5 0  7.7  52  695  150 298 -413  0
3823500 2818500  5  9 14  21.2 1013  62  3.3 1  7.6  49  683  138 308 -416  0
3823500 2818500  5  9 15  22.0 1013  62  3.1 1  7.8  48  621  127 317 -417  0
3823500 2818500  5  9 16  22.0 1012  78  2.3 1  8.0  48  514  120 320 -416  0
3823500 2818500  5  9 17  21.9 1011  78  2.3 1  8.2  50  345  125 320 -413  0
3823500 2818500  5  9 18  21.8 1011  74  2.9 1  8.2  50  232   94 319 -409  0
3823500 2818500  5  9 19  21.2 1011  87  1.9 1  7.7  48  105   66 317 -401  0
3823500 2818500  5  9 20  19.7 1011  68  1.6 2  7.0  47   17   23 317 -390  0
3823500 2818500  5  9 21  18.2 1011  74  1.0 2  6.7  49    0    0 315 -381  0
3823500 2818500  5  9 22  16.9 1011  75  1.1 1  6.6  52    0    0 304 -375  0
3823500 2818500  5  9 23  16.0 1012  77  1.0 1  6.4  55    0    0 296 -370  0
3823500 2818500  5  9 24  15.0 1012  73  0.7 1  6.3  58    0    0 293 -366  0
3823500 2818500  5 10  1  13.9 1012  66  0.6 0  6.2  61    0    0 284 -362  0
3823500 2818500  5 10  2  13.1 1012  69  0.5 0  6.2  65    0    0 277 -359  0
3823500 2818500  5 10  3  12.4 1012  76  0.5 0  6.2  68    0    0 274 -355  0
3823500 2818500  5 10  4  12.1 1012  78  0.9 0  6.2  70    0    0 272 -352  0
3823500 2818500  5 10  5  12.0 1012  77  1.0 1  6.2  70    0    0 274 -350  0
3823500 2818500  5 10  6  12.9 1012  75  1.2 1  6.3  70   13   37 278 -348  0
3823500 2818500  5 10  7  14.8 1012  76  1.3 1  6.6  67  101   88 281 -351  0
3823500 2818500  5 10  8  17.2 1012  94  1.8 0  6.9  61  241  114 283 -360  0
3823500 2818500  5 10  9  19.4 1012  92  2.7 0  7.1  54  387  126 284 -374  0
3823500 2818500  5 10 10  20.8 1012  89  3.1 0  7.2  49  520  131 290 -388  0
3823500 2818500  5 10 11  21.8 1012  83  3.6 0  7.1  44  633  128 295 -400  0
3823500 2818500  5 10 12  22.5 1012  91  3.2 0  7.0  42  709  121 299 -410  0
3823500 2818500  5 10 13  23.4 1012  82  3.3 0  6.9  40  744  109 304 -416  0
3823500 2818500  5 10 14  23.4 1012  68  3.7 0  6.5  36  723  102 305 -419  0
3823500 2818500  5 10 15  23.9 1012  76  3.5 0  6.3  34  659   96 306 -420  0
3823500 2818500  5 10 16  23.8 1012  88  2.9 0  6.3  34  554   89 309 -417  0
3823500 2818500  5 10 17  23.8 1012  89  2.2 0  6.1  33  417   86 309 -414  0
3823500 2818500  5 10 18  23.5 1012  76  2.4 0  6.1  34  268   77 310 -409  0
3823500 2818500  5 10 19  22.9 1011  72  1.9 0  6.2  35  123   62 309 -402  0
3823500 2818500  5 10 20  21.2 1011  77  0.9 1  6.3  38   21   24 308 -392  0
3823500 2818500  5 10 21  18.9 1011  56  0.1 0  6.4  43    0    0 301 -384  0
3823500 2818500  5 10 22  15.7 1011  20  0.1 1  6.4  52    0    0 291 -378  0
3823500 2818500  5 10 23  13.8 1012  38  0.1 1  6.4  61    0    0 285 -374  0
3823500 2818500  5 10 24  13.4 1012  64  0.1 1  6.5  67    0    0 282 -370  0
3823500 2818500  5 11  1  12.3 1012  52  0.1 2  6.8  73    0    0 284 -367  0
3823500 2818500  5 11  2  12.1 1012  56  0.1 2  6.9  78    0    0 286 -364  0
3823500 2818500  5 11  3  11.1 1012  49  0.0 3  7.0  82    0    0 287 -360  0
3823500 2818500  5 11  4  11.4 1012  23  0.1 4  7.1  85    0    0 294 -356  0
3823500 2818500  5 11  5  10.6 1012  33  0.1 4  7.1  87    0    0 296 -353  0
3823500 2818500  5 11  6  12.2 1012  39  0.1 3  7.3  87   20   40 294 -350  0
3823500 2818500  5 11  7  15.1 1013  49  0.2 1  7.7  78  113   88 291 -352  0
3823500 2818500  5 11  8  17.3 1013  56  0.8 0  7.8  68  252  112 287 -360  0
3823500 2818500  5 11  9  19.5 1013  34  1.2 0  7.8  59  398  124 291 -372  0
3823500 2818500  5 11 10  21.2 1013  19  2.3 0  7.8  52  535  127 298 -385  0
3823500 2818500  5 11 11  22.4 1013  32  3.0 0  7.3  45  643  126 303 -397  0
3823500 2818500  5 11 12  23.3 1013  32  3.1 0  6.4  37  719  118 306 -406  0
3823500 2818500  5 11 13  23.7 1012  23  2.8 1  5.7  32  743  113 310 -414  0
3823500 2818500  5 11 14  24.0 1012  35  3.1 1  5.5  30  730  102 315 -421  0
3823500 2818500  5 11 15  24.2 1013  14  3.6 1  5.6  30  669   93 317 -424  0
3823500 2818500  5 11 16  24.3 1012  34  3.1 1  5.9  32  571   84 318 -422  0
3823500 2818500  5 11 17  24.2 1012  41  2.7 2  6.4  34  425   85 323 -417  0
3823500 2818500  5 11 18  23.3 1012  54  2.5 2  6.8  37  265   80 325 -409  0
3823500 2818500  5 11 19  22.3 1011  27  2.4 2  6.8  39  120   63 323 -401  0
3823500 2818500  5 11 20  20.3 1011  32  1.4 3  6.9  44   20   25 321 -392  0
3823500 2818500  5 11 21  17.5 1011  34  0.5 4  7.1  52    0    0 321 -383  0
3823500 2818500  5 11 22  16.7 1012  44  0.3 3  7.3  60    0    0 315 -375  0
3823500 2818500  5 11 23  16.0 1012  52  0.2 3  7.2  62    0    0 309 -370  0
3823500 2818500  5 11 24  15.1 1012  52  0.3 3  7.1  64    0    0 307 -367  0
3823500 2818500  5 12  1  13.9 1012  66  0.7 3  6.8  66    0    0 304 -363  0
3823500 2818500  5 12  2  13.8 1013  70  1.2 3  6.5  66    0    0 302 -361  0
3823500 2818500  5 12  3  13.0 1013  73  1.0 3  6.4  66    0    0 300 -359  0
3823500 2818500  5 12  4  11.9 1013  92  0.8 4  6.4  70    0    0 302 -357  0
3823500 2818500  5 12  5  11.4 1013  81  1.2 4  6.3  73    0    0 304 -356  0
3823500 2818500  5 12  6  12.6 1013  78  1.2 4  6.4  73   18   38 305 -355  0
3823500 2818500  5 12  7  15.6 1013  93  1.9 3  6.4  64  105   86 307 -358  0
3823500 2818500  5 12  8  17.9 1013  96  2.8 3  6.1  52  236  113 308 -369  0
3823500 2818500  5 12  9  18.9 1013 117  3.8 3  5.8  44  338  153 312 -384  0
3823500 2818500  5 12 10  19.6 1013  81  3.8 4  5.5  40  474  157 320 -401  0
3823500 2818500  5 12 11  20.9 1013  96  3.3 3  5.6  38  591  148 324 -417  0
3823500 2818500  5 12 12  21.5 1013 118  3.8 3  5.6  36  677  130 324 -432  0
3823500 2818500  5 12 13  22.3 1013 105  3.9 3  5.6  34  690  131 326 -444  0
3823500 2818500  5 12 14  22.7 1012 102  4.0 3  5.5  33  692  106 329 -451  0
3823500 2818500  5 12 15  23.0 1012 148  3.6 2  5.6  32  651   83 327 -454  0
3823500 2818500  5 12 16  23.0 1011  94  3.4 1  5.8  33  561   70 321 -451  0
3823500 2818500  5 12 17  23.1 1010  97  2.7 2  5.9  33  430   66 320 -440  0
3823500 2818500  5 12 18  22.7 1010  86  2.7 2  6.0  34  272   67 321 -426  0
3823500 2818500  5 12 19  22.0 1010  90  2.5 1  6.1  36  131   54 315 -413  0
3823500 2818500  5 12 20  20.3 1009  87  2.2 1  6.2  40   25   24 307 -402  0
3823500 2818500  5 12 21  18.2 1009  89  1.4 2  6.3  45    0    0 302 -392  0
3823500 2818500  5 12 22  17.1 1009  85  1.3 1  6.3  50    0    0 295 -385  0
3823500 2818500  5 12 23  16.1 1009  86  1.0 1  6.2  52    0    0 287 -381  0
3823500 2818500  5 12 24  14.7 1009  82  1.1 1  6.2  57    0    0 280 -377  0
3823500 2818500  5 13  1  13.7 1009 113  1.2 0  6.1  61    0    0 269 -373  0
3823500 2818500  5 13  2  12.5 1008  94  1.1 0  6.0  64    0    0 259 -370  0
3823500 2818500  5 13  3  10.6 1008  91  1.5 0  5.8  68    0    0 249 -367  0
3823500 2818500  5 13  4  11.1 1008  70  1.6 1  5.7  70    0    0 248 -365  0
3823500 2818500  5 13  5  10.3 1007  90  1.7 3  5.7  71    0    0 259 -362  0
3823500 2818500  5 13  6  12.3 1007  96  1.8 5  6.0  72   15   39 277 -362  0
3823500 2818500  5 13  7  15.0 1006 123  2.3 5  6.3  64   61  102 292 -367  0
3823500 2818500  5 13  8  17.1 1006 121  2.9 6  6.2  54   83  175 302 -379  0
3823500 2818500  5 13  9  18.1 1006 147  2.9 6  6.1  49  123  242 309 -395  0
3823500 2818500  5 13 10  19.3 1006 148  3.2 6  6.2  46  284  265 312 -413  0
3823500 2818500  5 13 11  19.9 1005 155  3.4 6  6.3  44  505  214 315 -430  0
3823500 2818500  5 13 12  21.1 1005 135  2.9 6  6.4  42  465  272 317 -445  0
3823500 2818500  5 13 13  21.8 1005 164  2.8 6  6.5  40  418  303 322 -456  0
3823500 2818500  5 13 14  23.5 1004 159  2.8 5  6.3  36  642  151 324 -463  0
3823500 2818500  5 13 15  24.1 1004  87  2.8 4  6.2  33  670   89 322 -467  0
3823500 2818500  5 13 16  24.2 1003  79  2.5 4  6.2  33  523  102 322 -466  0
3823500 2818500  5 13 17  24.4 1002  94  2.7 5  6.2  32  410   88 326 -458  0
3823500 2818500  5 13 18  24.4 1002 109  2.3 6  6.3  33  260   80 334 -445  0
3823500 2818500  5 13 19  23.2 1001 114  2.0 6  6.4  35   96   65 336 -430  0
3823500 2818500  5 13 20  21.5 1001 140  2.2 5  6.6  39   24   25 330 -415  0
3823500 2818500  5 13 21  18.1 1000 121  2.0 5  6.7  46    0    1 319 -403  0
3823500 2818500  5 13 22  16.4 1000 140  1.9 5  6.7  54    0    0 312 -395  0
3823500 2818500  5 13 23  15.1 1000 148  1.8 5  6.5  58    0    0 307 -390  0
3823500 2818500  5 13 24  14.4  999 129  1.6 5  6.5  62    0    0 304 -386  0
3823500 2818500  5 14  1  13.2  999  63  0.7 8  6.8  68    0    0 319 -385  0
3823500 2818500  5 14  2  13.1  999  79  0.6 8  6.8  71    0    0 335 -383  0
3823500 2818500  5 14  3  12.0  999  88  0.7 8  6.6  72    0    0 332 -381  0
3823500 2818500  5 14  4  11.8  998 165  0.8 8  6.5  74    0    0 330 -380  0
3823500 2818500  5 14  5  11.8  998 163  0.9 8  6.7  77    0    0 329 -378  0
3823500 2818500  5 14  6  14.1  998 151  1.1 7  7.1  75    0    6 326 -376  0
3823500 2818500  5 14  7  14.7  998 140  1.5 8  7.2  70    0   18 330 -378  0
3823500 2818500  5 14  8  15.6  998 140  1.4 8  7.3  67    0   80 337 -387  0
3823500 2818500  5 14  9  17.2  998 177  2.0 7  7.5  63   12  215 338 -400  0
3823500 2818500  5 14 10  19.1  998 184  1.5 6  8.0  60  113  328 335 -416  0
3823500 2818500  5 14 11  21.2  999 218  1.5 6  8.4  56  295  357 340 -433  0
3823500 2818500  5 14 12  22.3  999 166  1.6 6  8.4  51  323  382 348 -448  0
3823500 2818500  5 14 13  23.7  998 198  1.5 6  8.6  48  315  391 355 -459  0
3823500 2818500  5 14 14  24.1  998 135  1.5 6  8.9  47  372  350 361 -463  0
3823500 2818500  5 14 15  25.0  997 218  1.1 5  8.9  45  265  345 361 -465  0
3823500 2818500  5 14 16  24.9  997 197  1.2 5  8.9  44  239  288 359 -465  0
3823500 2818500  5 14 17  24.7  996  96  0.1 6  8.9  45  109  240 362 -460  0
3823500 2818500  5 14 18  22.7  996 173  1.9 6  9.2  49    6  121 362 -452  0
3823500 2818500  5 14 19  20.6  996 159  1.7 7  9.6  58    0   34 360 -441  0
3823500 2818500  5 14 20  17.5  996 201  0.0 7  9.6  68    4   23 356 -428  0
3823500 2818500  5 14 21  16.1  995 308  1.2 6  9.5  78    0    1 345 -416  0
3823500 2818500  5 14 22  15.6  996 251  2.6 8  9.7  84    0    0 348 -406  0
3823500 2818500  5 14 23  15.0  996 217  0.7 8  9.7  87    0    0 357 -398  0
3823500 2818500  5 14 24  14.7  996 195  1.1 6  9.7  90    0    0 347 -393  0
3823500 2818500  5 15  1  14.2  996 166  0.6 7  9.6  92    0    0 340 -390  0
3823500 2818500  5 15  2  14.2  996 175  1.7 8  9.6  93    0    0 348 -384  0
3823500 2818500  5 15  3  13.1  996 222  3.9 8  9.5  96    0    0 350 -380  0
3823500 2818500  5 15  4  12.5  996 231  4.7 7  8.8  94    0    0 341 -377  0
3823500 2818500  5 15  5  11.7  996 235  3.7 6  8.0  89    0    0 328 -375  0
3823500 2818500  5 15  6  11.6  997 224  2.6 7  7.5  86    0   15 325 -374  0
3823500 2818500  5 15  7  11.7  997 220  3.2 7  7.3  84    5   88 330 -377  0
3823500 2818500  5 15  8  12.9  997 223  4.5 5  7.1  79   67  188 321 -386  0
3823500 2818500  5 15  9  14.4  997 214  3.7 4  7.1  72  194  248 310 -397  0
3823500 2818500  5 15 10  15.4  997 212  4.2 4  7.0  65  187  318 311 -409  0
3823500 2818500  5 15 11  16.5  997 212  4.6 4  6.8  59  213  363 317 -422  0
3823500 2818500  5 15 12  17.9  997 211  4.8 4  6.6  53  341  359 324 -435  0
3823500 2818500  5 15 13  18.5  997 207  4.9 3  6.5  49  384  347 325 -446  0
3823500 2818500  5 15 14  18.7  997 214  4.8 4  6.3  46  368  334 330 -453  0
3823500 2818500  5 15 15  19.4  997 222  4.1 4  6.1  44  294  320 336 -454  0
3823500 2818500  5 15 16  19.6  998 297  3.6 4  6.0  42  227  280 335 -450  0
3823500 2818500  5 15 17  19.5  997 273  3.7 5  5.9  41  126  231 337 -446  0
3823500 2818500  5 15 18  18.9  997 276  1.8 6  5.8  41   34  153 342 -437  0
3823500 2818500  5 15 19  18.4  996 227  0.6 7  5.9  43    0   44 346 -425  0
3823500 2818500  5 15 20  17.3  996 226  0.2 6  6.1  47    0    9 344 -412  0
3823500 2818500  5 15 21  13.7  996 134  0.0 6  6.3  56    0    1 334 -400  0
3823500 2818500  5 15 22  12.2  996 123  0.4 6  6.4  67    0    0 329 -396  0
3823500 2818500  5 15 23  11.6  997 156  0.1 5  6.4  72    0    0 323 -396  0
3823500 2818500  5 15 24  13.3  997 137  0.5 7  6.7  73    0    0 330 -395  0
3823500 2818500  5 16  1  12.9  996 189  1.5 6  7.1  75    0    0 338 -392  0
3823500 2818500  5 16  2  12.1  996 162  1.2 5  7.5  82    0    0 330 -387  0
3823500 2818500  5 16  3  12.1  996 169  1.6 4  7.8  87    0    0 321 -383  0
3823500 2818500  5 16  4  12.7  996 172  2.1 4  7.9  86    0    0 319 -382  0
3823500 2818500  5 16  5  13.0  995 188  1.8 6  7.9  84    0    0 331 -382  0
3823500 2818500  5 16  6  14.0  995 205  3.7 6  7.7  79    0   17 342 -382  0
3823500 2818500  5 16  7  14.2  996 206  2.9 6  7.7  75    3   81 343 -383  0
3823500 2818500  5 16  8  15.3  996 204  3.5 4  7.7  73  135  171 335 -383  0
3823500 2818500  5 16  9  15.9  996 215  4.3 4  7.6  68  202  229 328 -384  0
3823500 2818500  5 16 10  17.0  996 199  3.6 5  7.4  62  163  302 335 -387  0
3823500 2818500  5 16 11  17.6  996 207  4.0 6  7.3  58   68  326 345 -393  0
3823500 2818500  5 16 12  18.0  996 198  4.2 7  7.1  55   16  285 354 -399  0
3823500 2818500  5 16 13  16.3  996 194  4.2 5  7.0  56   99  352 349 -406  0
3823500 2818500  5 16 14  17.2  996 192  6.6 6  7.0  58   70  322 346 -417  0
3823500 2818500  5 16 15  15.8  995 192  3.9 6  6.9  58    8  233 348 -424  0
3823500 2818500  5 16 16  15.6  995 168  3.2 6  6.9  60    9  205 341 -420  0
3823500 2818500  5 16 17  16.5  995 169  5.0 4  7.2  62  166  209 334 -414  0
3823500 2818500  5 16 18  16.3  994 183  3.9 3  7.5  64  259   82 323 -406  0
3823500 2818500  5 16 19  11.7  994 171  3.1 6  7.3  72   30   82 319 -401  0
3823500 2818500  5 16 20  13.8  995 167  1.6 7  7.7  82    0   12 330 -396  0
3823500 2818500  5 16 21  12.6  995 204  2.5 5  7.9  82    0    0 327 -390  0
3823500 2818500  5 16 22  12.3  996 189  2.1 4  7.6  83    0    0 312 -386  0
3823500 2818500  5 16 23  12.0  997 191  1.9 3  7.6  85    0    0 304 -385  0
3823500 2818500  5 16 24  11.5  997 197  2.4 1  7.5  85    0    0 289 -385  0
3823500 2818500  5 17  1  11.4  997 196  1.8 0  7.4  86    0    0 271 -385  0
3823500 2818500  5 17  2  10.9  997 178  1.0 2  7.4  88    0    0 273 -386  0
3823500 2818500  5 17  3  10.6  997 171  2.1 2  7.3  89    0    0 282 -385  0
3823500 2818500  5 17  4  10.3  997 177  1.9 3  7.3  90    0    0 289 -384  0
3823500 2818500  5 17  5  10.5  997 179  0.9 6  7.2  90    0    0 313 -384  0
3823500 2818500  5 17  6  10.9  997 166  0.9 6  7.3  90    0   30 331 -384  0
3823500 2818500  5 17  7  11.9  997 172  0.7 7  7.5  88    0   64 340 -385  0
3823500 2818500  5 17  8  14.1  997 182  2.3 5  7.8  82  118  180 341 -388  0
3823500 2818500  5 17  9  16.0  997 198  2.8 5  8.1  75  157  247 339 -393  0
3823500 2818500  5 17 10  16.6  997 204  3.5 4  8.1  69  197  302 339 -394  0
3823500 2818500  5 17 11  18.3  997 193  5.2 4  7.9  63  227  345 339 -395  0
3823500 2818500  5 17 12  17.5  997 194  4.0 6  7.6  58   22  304 351 -397  0
3823500 2818500  5 17 13  15.2  996 195  1.9 6  7.9  67   27  309 355 -398  0
3823500 2818500  5 17 14  15.3  997 221  3.3 4  7.9  72  153  358 341 -393  0
3823500 2818500  5 17 15  13.7  998 249  5.6 5  7.2  69  120  324 331 -387  0
3823500 2818500  5 17 16  14.6  998 243  4.4 7  6.7  66   77  271 338 -389  0
3823500 2818500  5 17 17  15.9  998 233  3.7 6  6.1  56  139  220 342 -385  0
3823500 2818500  5 17 18  16.0  998 223  2.6 5  5.6  49  109  150 333 -378  0
3823500 2818500  5 17 19  14.7  998 232  4.2 4  5.1  46   57   83 322 -375  0
3823500 2818500  5 17 20  13.9  998 215  3.2 5  4.8  46   25   30 316 -371  0
3823500 2818500  5 17 21  12.8  999 230  2.6 4  4.5  46    0    0 311 -368  0
3823500 2818500  5 17 22  11.3  999 218  0.9 3  4.4  49    0    0 297 -365  0
3823500 2818500  5 17 23  11.2  999 213  3.1 3  4.5  54    0    0 290 -362  0
3823500 2818500  5 17 24  10.8  999 208  3.9 2  4.6  56    0    0 284 -357  0
3823500 2818500  5 18  1  10.3  999 217  4.2 1  4.6  57    0    0 271 -351  0
3823500 2818500  5 18  2   9.6  999 225  4.6 3  4.6  60    0    0 272 -348  0
3823500 2818500  5 18  3   9.5  999 218  4.7 6  4.7  63    0    0 295 -346  0
3823500 2818500  5 18  4   9.4 1000 219  3.8 6  4.9  66    0    0 310 -345  0
3823500 2818500  5 18  5   9.3 1000 222  3.7 7  5.1  69    0    0 315 -344  0
3823500 2818500  5 18  6   9.4 1000 233  2.6 7  5.4  72    0   11 322 -347  0
3823500 2818500  5 18  7   9.7 1001 229  2.8 8  5.7  76    0   67 329 -351  0
3823500 2818500  5 18  8  10.2 1001 226  2.6 8  6.0  78    0  100 338 -356  0
3823500 2818500  5 18  9  10.6 1002 234  2.8 7  6.2  78    0  131 335 -361  0
3823500 2818500  5 18 10  11.4 1003 232  3.2 6  6.4  78   20  241 327 -363  0
3823500 2818500  5 18 11  12.3 1004 223  3.5 6  6.8  78   27  268 326 -363  0
3823500 2818500  5 18 12  13.8 1004 238  4.0 7  7.3  77    0  166 335 -365  0
3823500 2818500  5 18 13  13.7 1005 243  3.2 6  7.6  76   44  287 337 -368  0
3823500 2818500  5 18 14  13.9 1005 255  3.2 5  7.4  75  135  273 324 -370  0
3823500 2818500  5 18 15  13.5 1006 268  3.8 6  7.1  72   18  233 322 -372  0
3823500 2818500  5 18 16  13.2 1006 273  2.6 7  7.4  76    7  183 329 -372  0
3823500 2818500  5 18 17  13.7 1007 296  3.0 5  7.4  76  210  131 325 -375  0
3823500 2818500  5 18 18  13.1 1007 288  3.1 5  6.8  70  128   98 315 -376  0
3823500 2818500  5 18 19  11.9 1008 304  2.4 8  6.7  74    0   45 327 -372  0
3823500 2818500  5 18 20  11.5 1009 299  2.4 7  6.7  78    3   21 336 -368  0
3823500 2818500  5 18 21  11.1 1009 292  1.3 7  6.2  74    0    0 330 -362  0
3823500 2818500  5 18 22  10.2 1011 273  1.1 8  6.0  74    0    0 332 -355  0
3823500 2818500  5 18 23   9.9 1011 264  1.4 8  6.1  79    0    0 335 -352  0
3823500 2818500  5 18 24   9.4 1011 257  1.4 8  6.1  82    0    0 334 -349  0
3823500 2818500  5 19  1   9.2 1011 255  1.4 6  6.2  84    0    0 324 -349  0
3823500 2818500  5 19  2   9.0 1012 252  1.6 6  6.2  86    0    0 315 -351  0
3823500 2818500  5 19  3   8.9 1012 241  1.4 5  6.1  86    0    0 311 -354  0
3823500 2818500  5 19  4   8.3 1012 222  1.4 4  6.0  86    0    0 301 -354  0
3823500 2818500  5 19  5   8.1 1012 234  1.1 3  5.9  87    0    0 290 -354  0
3823500 2818500  5 19  6   9.2 1012 223  1.2 2  6.2  88   26   42 282 -352  0
3823500 2818500  5 19  7  10.7 1012 237  2.2 1  6.6  86  148   65 277 -352  0
3823500 2818500  5 19  8  12.4 1012 253  3.6 2  6.8  80  342   70 282 -358  0
3823500 2818500  5 19  9  13.7 1013 267  4.5 2  6.7  72  468   95 291 -368  0
3823500 2818500  5 19 10  14.5 1013 268  4.7 4  6.4  64  419  165 304 -379  0
3823500 2818500  5 19 11  14.1 1013 259  4.7 5  6.1  60   63  306 318 -389  0
3823500 2818500  5 19 12  14.3 1013 277  3.2 7  6.0  59    4  239 330 -398  0
3823500 2818500  5 19 13  14.7 1014 291  4.1 6  5.9  58   49  312 334 -406  0
3823500 2818500  5 19 14  15.0 1014 322  3.5 7  5.9  56   75  305 336 -412  0
3823500 2818500  5 19 15  16.1 1014 312  3.7 6  5.9  54   67  277 340 -413  0
3823500 2818500  5 19 16  16.0 1014 320  2.9 6  5.9  52   56  240 337 -412  0
3823500 2818500  5 19 17  15.9 1014 281  2.6 6  5.8  52  131  195 337 -408  0
3823500 2818500  5 19 18  16.0 1014 321  2.0 5  5.7  51  171  108 331 -401  0
3823500 2818500  5 19 19  16.1 1014 312  2.0 4  5.7  50  138   46 323 -392  0
3823500 2818500  5 19 20  13.9 1014 328  1.2 5  5.6  53   37   24 319 -381  0
3823500 2818500  5 19 21  11.9 1015  11  1.3 4  5.6  61    0    2 310 -372  0
3823500 2818500  5 19 22  10.8 1015  39  0.9 2  5.5  66    0    0 289 -364  0
3823500 2818500  5 19 23   9.0 1016  35  1.2 1  5.3  70    0    0 270 -359  0
3823500 2818500  5 19 24   7.0 1016  37  0.4 1  5.2  78    0    0 259 -354  0
3823500 2818500  5 20  1   6.0 1016  10  0.0 2  4.9  81    0    0 257 -350  0
3823500 2818500  5 20  2   5.7 1016  13  0.0 2  4.8  83    0    0 257 -346  0
3823500 2818500  5 20  3   5.6 1016  14  0.0 5  5.0  88    0    0 266 -343  0
3823500 2818500  5 20  4   6.5 1016  57  0.1 7  5.1  87    0    0 284 -340  0
3823500 2818500  5 20  5   5.9 1016 128  0.2 5  5.2  88    0    1 288 -338  0
3823500 2818500  5 20  6   6.9 1017  51  0.2 5  5.3  90    2   40 284 -338  0
3823500 2818500  5 20  7   8.0 1017  25  0.2 5  5.7  88   23  111 288 -344  0
3823500 2818500  5 20  8  12.1 1017 145  0.7 4  5.8  75  184  157 291 -357  0
3823500 2818500  5 20  9  14.3 1017  63  1.0 4  5.5  59  321  202 296 -375  0
3823500 2818500  5 20 10  14.3 1017   2  1.4 4  5.4  54  306  285 300 -391  0
3823500 2818500  5 20 11  15.1 1017 269  2.0 4  5.5  53  238  360 300 -405  0
3823500 2818500  5 20 12  15.9 1017 244  1.9 3  5.5  51  390  343 300 -418  0
3823500 2818500  5 20 13  16.9 1017 301  1.7 3  5.4  47  510  293 301 -430  0
3823500 2818500  5 20 14  17.0 1017 305  2.0 2  5.3  44  553  249 300 -437  0
3823500 2818500  5 20 15  17.9 1017 319  2.3 2  5.5  44  482  240 300 -436  0
3823500 2818500  5 20 16  18.6 1017 296  2.3 3  5.6  43  389  218 307 -431  0
3823500 2818500  5 20 17  17.7 1017 311  3.3 2  5.6  44  292  180 307 -425  0
3823500 2818500  5 20 18  17.3 1017 341  3.4 2  5.7  46  204  131 301 -417  0
3823500 2818500  5 20 19  15.7 1016 351  3.8 3  5.8  50   95   88 300 -407  0
3823500 2818500  5 20 20  14.6 1017 344  1.5 3  5.8  54   32   37 297 -395  0
3823500 2818500  5 20 21  11.5 1017 332  1.0 1  5.6  60    0    5 283 -382  0
3823500 2818500  5 20 22   9.6 1017   3  0.1 3  5.6  71    0    0 272 -372  0
3823500 2818500  5 20 23   9.6 1017 349  0.1 3  5.8  79    0    0 274 -366  0
3823500 2818500  5 20 24   8.7 1017 359  0.5 0  6.2  86    0    0 264 -362  0
3823500 2818500  5 21  1   8.5 1018  12  0.5 1  6.1  88    0    0 255 -358  0
3823500 2818500  5 21  2   8.1 1018   5  0.6 0  6.0  88    0    0 253 -355  0
3823500 2818500  5 21  3   7.4 1018  14  0.9 1  5.9  90    0    0 249 -353  0
3823500 2818500  5 21  4   7.6 1018  26  1.7 2  5.8  90    0    0 253 -351  0
3823500 2818500  5 21  5   7.3 1017  25  1.8 4  5.7  89    0    1 262 -349  0
3823500 2818500  5 21  6   8.3 1017  31  1.8 4  5.9  90   19   49 269 -349  0
3823500 2818500  5 21  7   9.9 1017  40  2.2 3  6.2  87  106  102 269 -354  0
3823500 2818500  5 21  8  12.2 1017  31  3.9 4  5.9  72  225  131 272 -366  0
3823500 2818500  5 21  9  12.9 1018  29  4.7 4  5.3  59  372  158 278 -380  0
3823500 2818500  5 21 10  13.6 1018  21  4.3 5  5.1  55  412  218 285 -394  0
3823500 2818500  5 21 11  14.1 1018  25  3.6 6  5.3  54  295  322 296 -407  0
3823500 2818500  5 21 12  15.0 1017  46  2.8 6  5.3  52  217  370 302 -419  0
3823500 2818500  5 21 13  15.1 1017  14  2.5 6  5.3  50  247  366 307 -427  0
3823500 2818500  5 21 14  15.1 1016 352  4.0 6  5.4  51  222  351 310 -432  0
3823500 2818500  5 21 15  15.0 1016   5  3.6 6  5.4  51  122  316 313 -434  0
3823500 2818500  5 21 16  15.5 1016   9  3.4 7  5.4  50   82  266 318 -432  0
3823500 2818500  5 21 17  15.5 1015  18  2.4 7  5.3  48  151  222 323 -425  0
3823500 2818500  5 21 18  15.9 1015  12  2.8 6  5.2  47  159  139 320 -415  0
3823500 2818500  5 21 19  15.3 1014  20  2.4 5  5.2  47  111   75 311 -405  0
3823500 2818500  5 21 20  13.6 1014  22  2.0 4  5.2  51   43   36 297 -394  0
3823500 2818500  5 21 21  12.1 1014  29  1.2 5  5.2  56    1    5 290 -381  0
3823500 2818500  5 21 22  10.7 1015  31  0.9 5  5.1  60    0    0 286 -372  0
3823500 2818500  5 21 23   9.7 1015  13  0.9 5  4.9  64    0    0 280 -366  0
3823500 2818500  5 21 24   8.6 1015  32  0.3 5  5.0  69    0    0 278 -362  0
3823500 2818500  5 22  1   7.2 1015  28  1.0 5  5.0  76    0    0 274 -358  0
3823500 2818500  5 22  2   6.9 1015  17  1.5 5  5.1  82    0    0 272 -355  0
3823500 2818500  5 22  3   6.7 1015  24  0.9 6  5.2  86    0    0 276 -352  0
3823500 2818500  5 22  4   5.7 1015  43  0.2 7  5.1  87    0    0 280 -350  0
3823500 2818500  5 22  5   5.0 1014 348  0.1 7  4.8  87    0    0 280 -348  0
3823500 2818500  5 22  6   5.9 1015   3  1.3 7  5.0  90   26   55 282 -348  0
3823500 2818500  5 22  7   9.1 1015  31  2.6 5  5.8  90  112  113 282 -353  0
3823500 2818500  5 22  8  11.9 1015  41  2.7 3  6.1  78  239  148 278 -364  0
3823500 2818500  5 22  9  13.4 1015  34  3.4 3  6.0  66  352  188 279 -378  0
3823500 2818500  5 22 10  14.2 1015  37  3.3 4  5.9  60  454  217 288 -394  0
3823500 2818500  5 22 11  15.7 1015  52  3.1 3  5.7  54  552  225 292 -410  0
3823500 2818500  5 22 12  16.6 1015  66  2.9 2  5.6  49  620  225 294 -422  0
3823500 2818500  5 22 13  17.5 1015  69  3.0 2  5.5  46  638  224 296 -431  0
3823500 2818500  5 22 14  18.1 1015  57  3.1 2  5.4  43  628  208 301 -436  0
3823500 2818500  5 22 15  18.8 1014  59  3.7 1  5.4  41  573  191 302 -439  0
3823500 2818500  5 22 16  18.7 1014  67  2.9 1  5.4  40  484  171 300 -438  0
3823500 2818500  5 22 17  19.0 1014  82  4.4 2  5.4  40  371  147 305 -432  0
3823500 2818500  5 22 18  18.7 1014  29  3.0 1  5.4  40  252  117 306 -426  0
3823500 2818500  5 22 19  18.5 1014  68  3.2 1  5.4  40  132   83 301 -416  0
3823500 2818500  5 22 20  16.3 1014  62  1.6 0  5.5  46   36   41 294 -404  0
3823500 2818500  5 22 21  15.0 1014  63  1.2 0  5.6  52    0    5 283 -393  0
3823500 2818500  5 22 22  13.6 1015  57  0.9 0  5.8  58    0    0 276 -383  0
3823500 2818500  5 22 23  13.3 1015  71  1.1 1  6.5  66    0    0 275 -376  0
3823500 2818500  5 22 24  13.3 1016 106  1.5 3  7.3  74    0    0 274 -371  0
3823500 2818500  5 23  1  13.7  995 144  1.6 5  8.1  80    0    0 356 -400  0
3823500 2818500  5 23  2  14.0  995 182  1.7 7  8.7  84    0    0 361 -398  0
3823500 2818500  5 23  3  14.3  996 210  1.7 8  8.9  85    0    0 359 -395  0
3823500 2818500  5 23  4  14.1  996 218  1.8 8  8.7  84    0    0 359 -394  0
3823500 2818500  5 23  5  14.2  996 214  1.6 7  8.7  84    0    4 354 -393  0
3823500 2818500  5 23  6  13.7  997 225  1.6 7  8.3  83   11   49 345 -391  0
3823500 2818500  5 23  7  14.3  997 234  1.3 6  8.4  82   16  107 339 -392  0
3823500 2818500  5 23  8  14.4  998 251  2.4 5  8.3  80   63  193 328 -397  0
3823500 2818500  5 23  9  15.2  998 240  1.3 6  8.2  77   52  259 329 -405  0
3823500 2818500  5 23 10  16.0  998 262  1.4 7  8.3  74   23  286 343 -416  0
3823500 2818500  5 23 11  15.6  999 233  1.5 7  8.2  72    0  176 349 -428  0
3823500 2818500  5 23 12  15.0  999 214  1.5 6  8.3  75    0  187 342 -438  0
3823500 2818500  5 23 13  15.2  999 203  1.6 7  8.5  78    0  209 342 -447  0
3823500 2818500  5 23 14  15.5 1000 205  2.2 7  8.5  77    5  272 349 -451  0
3823500 2818500  5 23 15  16.3 1000 243  1.8 7  8.3  73   19  291 351 -454  0
3823500 2818500  5 23 16  17.3 1000 227  1.9 6  8.2  68  100  300 346 -454  0
3823500 2818500  5 23 17  18.6 1000 246  1.7 6  8.1  62   92  239 344 -449  0
3823500 2818500  5 23 18  18.7  999 229  1.3 4  7.8  57  121  159 335 -442  0
3823500 2818500  5 23 19  17.3  999 229  1.1 6  7.4  56   15   90 334 -433  0
3823500 2818500  5 23 20  16.1 1000 221  1.2 7  7.4  62    0   20 346 -424  0
3823500 2818500  5 23 21  15.6 1000 229  0.9 7  7.7  68    0    5 349 -414  0
3823500 2818500  5 23 22  15.6 1000 258  0.8 6  7.8  69    0    0 344 -406  0
3823500 2818500  5 23 23  14.0 1001 277  1.3 6  7.9  74    0    0 337 -400  0
3823500 2818500  5 23 24  12.5 1001 268  0.8 7  7.7  80    0    0 334 -394  0
3823500 2818500  5 24  1  12.4 1001 281  0.8 6  7.6  83    0    0 330 -389  0
3823500 2818500  5 24  2  11.6 1001 330  0.1 5  7.8  88    0    0 320 -385  0
3823500 2818500  5 24  3  10.8 1001 274  0.6 5  7.7  91    0    0 314 -381  0
3823500 2818500  5 24  4  10.0 1001 261  0.3 5  7.4  93    0    0 312 -377  0
3823500 2818500  5 24  5   8.9 1001 183  0.3 5  7.0  93    0    6 310 -373  0
3823500 2818500  5 24  6  10.0 1001 168  0.4 5  7.0  94   15   51 309 -372  0
3823500 2818500  5 24  7  12.2 1001 177  0.8 4  8.0  96   36  117 310 -377  0
3823500 2818500  5 24  8  15.7 1001 154  1.5 2  9.0  89  205  159 305 -388  0
3823500 2818500  5 24  9  17.4 1001 179  2.2 2  8.9  74  325  192 303 -402  0
3823500 2818500  5 24 10  18.6 1001 185  3.7 5  8.2  62  300  278 318 -417  0
3823500 2818500  5 24 11  18.9 1000 200  4.8 6  7.4  54  284  338 338 -429  0
3823500 2818500  5 24 12  19.3 1000 208  4.9 6  6.9  49  191  388 346 -437  0
3823500 2818500  5 24 13  19.0  999 196  4.9 7  6.7  48   69  376 354 -438  0
3823500 2818500  5 24 14  19.0  999 213  4.8 7  6.7  48   56  356 360 -433  0
3823500 2818500  5 24 15  17.8  999 216  4.3 7  6.5  48   20  288 358 -426  0
3823500 2818500  5 24 16  17.7  999 235  5.3 7  6.3  49    7  229 354 -422  0
3823500 2818500  5 24 17  15.5  999 241  4.9 7  6.8  57    3  175 353 -418  0
3823500 2818500  5 24 18  14.5  999 221  3.8 7  7.6  70    0  107 352 -414  0
3823500 2818500  5 24 19  14.0  999 237  3.1 8  7.9  76    0   29 355 -413  0
3823500 2818500  5 24 20  14.1  999 210  3.4 8  7.8  77    0   10 359 -409  0
3823500 2818500  5 24 21  13.9  999 190  3.4 7  7.8  77    0    1 353 -403  0
3823500 2818500  5 24 22  12.8  999 198  3.4 6  8.0  83    0    0 342 -398  0
3823500 2818500  5 24 23  12.3 1000 197  2.6 6  8.4  91    0    0 336 -394  0
3823500 2818500  5 24 24  12.4 1000 207  3.1 6  7.9  87    0    0 333 -391  0
3823500 2818500  5 25  1  10.9 1000 205  2.5 2  7.3  84    0    0 307 -389  0
3823500 2818500  5 25  2  10.1 1000 211  2.8 1  6.8  85    0    0 277 -386  0
3823500 2818500  5 25  3   9.9 1001 211  1.9 4  6.4  83    0    0 283 -384  0
3823500 2818500  5 25  4  10.0 1000 206  1.0 4  6.3  82    0    0 298 -381  0
3823500 2818500  5 25  5   9.9 1001 195  0.6 5  6.4  83    0    1 304 -376  0
3823500 2818500  5 25  6  10.8 1000 203  1.8 6  6.6  83    0   22 315 -374  0
3823500 2818500  5 25  7  11.5 1001 210  2.4 6  6.8  81   16  114 320 -375  0
3823500 2818500  5 25  8  12.2 1001 210  2.1 6  6.7  76    4  147 320 -381  0
3823500 2818500  5 25  9  12.5 1001 219  2.4 7  6.6  73    3  190 326 -391  0
3823500 2818500  5 25 10  12.4 1002 234  3.4 7  6.6  73    1  217 331 -401  0
3823500 2818500  5 25 11  11.4 1002 238  3.3 8  6.7  76    0  156 334 -410  0
3823500 2818500  5 25 12  10.7 1003 253  2.4 7  6.7  80    1  247 328 -418  0
3823500 2818500  5 25 13  14.3 1003 207  2.9 5  6.8  74  241  430 318 -424  0
3823500 2818500  5 25 14  15.3 1003 211  3.5 5  6.6  62  352  380 320 -429  0
3823500 2818500  5 25 15  16.2 1003 248  3.4 5  6.1  54  335  341 322 -433  0
3823500 2818500  5 25 16  15.9 1003 232  3.3 5  5.7  49  232  311 319 -432  0
3823500 2818500  5 25 17  16.2 1003 244  2.4 6  5.6  49   38  235 320 -425  0
3823500 2818500  5 25 18  15.7 1004 244  2.7 5  6.0  53   28  166 319 -419  0
3823500 2818500  5 25 19  14.9 1004 225  2.6 5  6.2  57   42  105 312 -415  0
3823500 2818500  5 25 20  14.1 1004 201  1.4 6  6.1  59    1   30 312 -409  0
3823500 2818500  5 25 21  12.4 1004 179  1.4 4  5.9  62    0    3 306 -400  0
3823500 2818500  5 25 22  10.4 1005 138  0.7 2  5.9  69    0    0 285 -392  0
3823500 2818500  5 25 23   9.3 1005  27  0.4 3  5.9  77    0    0 276 -386  0
3823500 2818500  5 25 24   9.4 1005 112  1.3 3  6.0  81    0    0 278 -379  0
3823500 2818500  5 26  1   8.8 1005 135  1.6 2  6.1  84    0    0 273 -373  0
3823500 2818500  5 26  2   9.1 1004 151  1.3 2  6.1  85    0    0 270 -372  0
3823500 2818500  5 26  3   9.1 1004 146  1.0 1  6.1  84    0    0 266 -371  0
3823500 2818500  5 26  4   9.2 1003 152  1.0 2  6.1  83    0    0 266 -370  0
3823500 2818500  5 26  5   9.0 1003 118  0.6 1  6.1  84    0    6 265 -368  0
3823500 2818500  5 26  6  10.4 1002 146  1.1 2  6.3  83   57   43 265 -369  0
3823500 2818500  5 26  7  12.1 1002 165  1.5 3  6.7  80  127   83 278 -374  0
3823500 2818500  5 26  8  14.6 1002 147  2.7 5  7.1  73  241  111 299 -384  0
3823500 2818500  5 26  9  16.5 1001 151  3.7 5  7.2  65  396  109 317 -396  0
3823500 2818500  5 26 10  16.9 1001 164  4.3 6  7.2  60  224  262 328 -408  0
3823500 2818500  5 26 11  16.5 1000 169  3.4 8  6.8  57   59  319 343 -418  0
3823500 2818500  5 26 12  16.1 1000 160  2.7 8  6.6  56    6  265 351 -425  0
3823500 2818500  5 26 13  16.4  999 221  3.9 5  6.6  56   26  307 340 -427  0
3823500 2818500  5 26 14  16.5  999 188  2.9 6  6.7  57   34  305 336 -424  0
3823500 2818500  5 26 15  14.9  998 197  3.8 7  7.1  63    0  180 341 -420  0
3823500 2818500  5 26 16  14.5  998 165  2.0 7  7.5  70    5  207 340 -421  0
3823500 2818500  5 26 17  14.6  998 218  3.1 6  7.7  73   10  181 336 -424  0
3823500 2818500  5 26 18  15.2  998 166  0.9 5  7.8  72  185  109 330 -422  0
3823500 2818500  5 26 19  15.0  997 121  1.6 4  7.6  70  192   59 322 -412  0
3823500 2818500  5 26 20  13.9  997 128  0.2 6  7.6  73   54   44 323 -404  0
3823500 2818500  5 26 21  11.9  997 218  2.3 5  7.6  80    2    6 321 -396  0
3823500 2818500  5 26 22  11.2  998 123  1.2 3  7.4  86    0    0 303 -390  0
3823500 2818500  5 26 23   9.9  998 130  0.4 2  7.2  89    0    0 283 -387  0
3823500 2818500  5 26 24   9.5  998 149  1.0 1  6.9  90    0    0 270 -383  0
3823500 2818500  5 27  1   9.5  998 177  1.2 2  6.7  89    0    0 266 -381  0
3823500 2818500  5 27  2   9.1  998 167  0.8 2  6.6  89    0    0 266 -378  0
3823500 2818500  5 27  3   8.9  998 170  1.1 1  6.5  90    0    0 255 -376  0
3823500 2818500  5 27  4   8.8  998 166  1.5 1  6.4  89    0    0 249 -376  0
3823500 2818500  5 27  5   8.6  998 165  1.3 1  6.3  89    0    6 254 -376  0
3823500 2818500  5 27  6  10.5  998 174  1.9 1  6.7  88   37   59 260 -376  0
3823500 2818500  5 27  7  11.8  998 205  2.4 2  7.2  86  138  109 271 -381  0
3823500 2818500  5 27  8  13.5  999 224  2.9 3  7.6  82  178  178 288 -390  0
3823500 2818500  5 27  9  14.7  999 217  3.3 4  7.8  77  243  239 303 -401  0
3823500 2818500  5 27 10  15.7  999 174  2.8 4  7.8  71  489  196 312 -406  0
3823500 2818500  5 27 11  16.7  999 204  3.0 4  7.5  64  379  313 315 -413  0
3823500 2818500  5 27 12  17.6  999 214  3.2 5  7.0  57  321  371 327 -424  0
3823500 2818500  5 27 13  18.5  999 201  3.5 6  6.7  52   97  383 342 -430  0
3823500 2818500  5 27 14  18.4  999 189  2.5 5  6.6  49   67  358 343 -440  0
3823500 2818500  5 27 15  19.5  999 173  2.0 5  6.5  47  269  333 337 -446  0
3823500 2818500  5 27 16  19.4  999 154  1.3 5  6.3  44  165  297 339 -440  0
3823500 2818500  5 27 17  19.4  999 135  1.3 6  6.1  43   70  236 341 -428  0
3823500 2818500  5 27 18  19.2  999 150  1.1 6  6.0  42   42  165 343 -422  0
3823500 2818500  5 27 19  18.0  998 143  1.1 8  6.2  46    0   49 352 -420  0
3823500 2818500  5 27 20  17.0  999  97  1.0 7  6.4  51    0   15 354 -412  0
3823500 2818500  5 27 21  15.2  999 111  1.3 7  6.6  57    0    2 346 -402  0
3823500 2818500  5 27 22  14.7  999 129  1.3 7  7.0  65    0    0 344 -393  0
3823500 2818500  5 27 23  14.9 1000 166  1.3 7  7.2  67    0    0 345 -386  0
3823500 2818500  5 27 24  14.2 1000 219  0.8 7  7.3  70    0    0 345 -383  0
3823500 2818500  5 28  1  13.7 1000 166  1.3 7  7.4  74    0    0 342 -379  0
3823500 2818500  5 28  2  13.5 1000 174  1.1 7  7.5  76    0    0 341 -374  0
3823500 2818500  5 28  3  12.5 1000 197  0.8 7  7.4  78    0    0 338 -372  0
3823500 2818500  5 28  4  11.9 1000  58  1.1 7  7.4  83    0    0 335 -372  0
3823500 2818500  5 28  5  11.6 1000 146  0.4 7  7.6  88    0    0 334 -371  0
3823500 2818500  5 28  6  11.7 1000 201  0.7 8  7.8  90    1   43 338 -370  0
3823500 2818500  5 28  7  11.9 1000 181  1.1 6  8.1  92    0   76 333 -374  0
3823500 2818500  5 28  8  12.6 1000 174  0.6 8  8.4  93    0  117 333 -384  0
3823500 2818500  5 28  9  13.4 1000 155  0.4 7  8.6  91   20  258 341 -397  0
3823500 2818500  5 28 10  14.7 1001 208  0.6 7  8.7  86   17  297 339 -411  0
3823500 2818500  5 28 11  15.4 1001 196  1.0 7  8.6  80   36  360 339 -425  0
3823500 2818500  5 28 12  16.6 1001 185  1.2 6  8.5  74   72  413 334 -436  0
3823500 2818500  5 28 13  17.4 1001 183  1.0 5  8.4  68  184  476 331 -446  0
3823500 2818500  5 28 14  18.0 1001 174  1.5 5  8.0  63  322  439 331 -452  0
3823500 2818500  5 28 15  19.5 1001 104  1.1 5  7.6  56  176  416 334 -451  0
3823500 2818500  5 28 16  19.1 1000 126  2.3 5  7.4  52  171  358 336 -449  0
3823500 2818500  5 28 17  19.2 1000 139  1.7 5  7.2  51  143  285 335 -444  0
3823500 2818500  5 28 18  19.1 1000 166  1.8 5  7.0  50  107  204 333 -436  0
3823500 2818500  5 28 19  18.4 1000 159  1.7 5  7.0  51   59  123 331 -426  0
3823500 2818500  5 28 20  17.5 1000 146  1.1 4  7.2  55   16   50 325 -416  0
3823500 2818500  5 28 21  14.9 1000 162  1.3 4  7.2  62    1    7 315 -405  0
3823500 2818500  5 28 22  13.5 1001 245  1.2 5  7.6  74    0    0 314 -398  0
3823500 2818500  5 28 23  12.2 1001 141  1.5 5  7.9  84    0    0 316 -391  0
3823500 2818500  5 28 24  11.0 1002 183  1.6 4  7.3  84    0    0 308 -385  0
3823500 2818500  5 29  1  10.6 1002 170  1.7 3  7.0  85    0    0 297 -380  0
3823500 2818500  5 29  2  10.7 1002 190  2.5 3  7.1  88    0    0 293 -379  0
3823500 2818500  5 29  3  10.3 1002 197  2.6 3  7.0  87    0    0 292 -380  0
3823500 2818500  5 29  4  11.7 1002 214  2.1 5  7.0  85    0    0 305 -381  0
3823500 2818500  5 29  5  11.5 1002 212  1.6 7  7.4  86    0    0 327 -382  0
3823500 2818500  5 29  6  12.1 1002 223  2.0 6  7.7  88    0   30 332 -385  0
3823500 2818500  5 29  7  12.7 1003 243  2.6 4  8.0  88   29  112 319 -388  0
3823500 2818500  5 29  8  13.0 1003 234  2.9 7  7.3  78    8  155 323 -389  0
3823500 2818500  5 29  9  13.6 1004 256  4.0 7  6.8  70   82  258 338 -392  0
3823500 2818500  5 29 10  15.7 1004 236  3.6 5  6.8  65  223  294 330 -396  0
3823500 2818500  5 29 11  15.9 1005 247  3.8 4  6.4  57  377  289 315 -401  0
3823500 2818500  5 29 12  16.2 1005 255  4.6 5  5.9  52  248  367 314 -411  0
3823500 2818500  5 29 13  15.9 1005 251  4.6 4  5.6  49  153  376 316 -425  0
3823500 2818500  5 29 14  16.4 1006 245  4.4 5  5.6  48   45  330 319 -434  0
3823500 2818500  5 29 15  16.5 1006 257  4.8 5  5.6  48   97  324 327 -429  0
3823500 2818500  5 29 16  16.6 1007 235  4.4 5  5.6  48  182  277 327 -423  0
3823500 2818500  5 29 17  14.5 1007 247  3.9 7  5.8  52   11  192 330 -419  0
3823500 2818500  5 29 18  12.4 1008 222  3.5 7  6.3  65    0   80 331 -412  0
3823500 2818500  5 29 19  13.8 1008 225  2.9 5  6.8  72   20   92 324 -407  0
3823500 2818500  5 29 20  13.1 1009 206  1.4 6  6.7  69   36   41 320 -402  0
3823500 2818500  5 29 21  11.3 1009 198  1.0 5  6.4  72    0    1 315 -396  0
3823500 2818500  5 29 22  10.2 1010 195  1.2 2  6.3  78    0    0 294 -388  0
3823500 2818500  5 29 23  10.1 1011 208  1.5 2  6.3  82    0    0 281 -379  0
3823500 2818500  5 29 24  10.3 1011 209  1.6 3  6.4  82    0    0 283 -372  0
3823500 2818500  5 30  1   9.2 1011 198  1.2 4  6.4  85    0    0 288 -368  0
3823500 2818500  5 30  2   8.7 1012 222  1.8 2  6.3  88    0    0 280 -365  0
3823500 2818500  5 30  3   8.2 1012 201  2.1 2  6.1  89    0    0 269 -363  0
3823500 2818500  5 30  4   8.2 1013 205  1.4 2  6.1  90    0    0 268 -361  0
3823500 2818500  5 30  5   8.3 1013 206  1.6 1  6.1  90    0    5 264 -359  0
3823500 2818500  5 30  6   9.5 1013 210  1.9 1  6.4  90   31   46 260 -359  0
3823500 2818500  5 30  7  11.0 1013 221  2.6 3  6.8  87   96   94 269 -364  0
3823500 2818500  5 30  8  12.2 1014 224  2.8 4  6.9  82  210  128 283 -375  0
3823500 2818500  5 30  9  12.8 1014 219  3.1 5  7.1  79  207  206 293 -389  0
3823500 2818500  5 30 10  14.2 1014 220  3.7 6  7.3  75  277  241 305 -404  0
3823500 2818500  5 30 11  15.6 1014 220  3.7 5  7.4  70  419  227 312 -417  0
3823500 2818500  5 30 12  15.9 1014 244  3.0 5  7.2  65  360  288 315 -426  0
3823500 2818500  5 30 13  16.5 1014 230  2.9 5  6.9  60  422  263 320 -431  0
3823500 2818500  5 30 14  18.0 1014 227  3.2 4  6.7  54  555  170 322 -427  0
3823500 2818500  5 30 15  18.6 1014 241  3.3 4  6.4  49  313  255 321 -420  0
3823500 2818500  5 30 16  18.3 1014 266  3.0 4  5.9  44  236  230 322 -422  0
3823500 2818500  5 30 17  17.2 1014 246  1.6 7  5.8  46   11  186 328 -421  0
3823500 2818500  5 30 18  17.6 1014 290  3.3 6  6.0  49   52  149 334 -416  0
3823500 2818500  5 30 19  17.6 1014 246  1.3 5  6.1  49   75   78 328 -412  0
3823500 2818500  5 30 20  15.6 1014 250  0.8 4  6.2  52   46   33 320 -406  0
3823500 2818500  5 30 21  14.0 1014 215  0.2 5  6.3  60    3    7 314 -402  0
3823500 2818500  5 30 22  13.1 1014 357  0.1 6  6.5  68    0    0 318 -398  0
3823500 2818500  5 30 23  12.4 1015 314  0.1 6  6.7  73    0    0 320 -393  0
3823500 2818500  5 30 24  11.9 1015 233  0.1 6  6.9  78    0    0 320 -389  0
3823500 2818500  5 31  1  11.2 1015 190  0.1 6  6.9  82    0    0 319 -384  0
3823500 2818500  5 31  2  10.5 1015 182  0.1 5  6.8  84    0    0 314 -381  0
3823500 2818500  5 31  3   9.6 1015 190  0.3 4  6.6  86    0    0 303 -378  0
3823500 2818500  5 31  4   9.6 1015 182  0.1 4  6.6  88    0    0 298 -375  0
3823500 2818500  5 31  5   9.1 1015 189  0.1 5  6.7  91    0    6 302 -374  0
3823500 2818500  5 31  6  10.3 1015 220  0.1 4  6.9  92   11   51 304 -374  0
3823500 2818500  5 31  7  12.4 1015 222  1.5 4  7.2  86   87  122 305 -377  0
3823500 2818500  5 31  8  13.7 1015 231  2.7 3  7.1  76  241  156 306 -384  0
3823500 2818500  5 31  9  15.4 1015 234  4.3 3  7.2  70  430  158 309 -394  0
3823500 2818500  5 31 10  16.0 1015 250  4.4 4  7.4  66  275  303 319 -407  0
3823500 2818500  5 31 11  16.9 1015 253  4.7 4  7.3  62  347  333 325 -419  0
3823500 2818500  5 31 12  16.9 1015 265  5.8 4  7.0  58  181  402 324 -429  0
3823500 2818500  5 31 13  17.5 1015 264  5.2 4  6.7  55  220  405 322 -435  0
3823500 2818500  5 31 14  17.7 1015 277  3.9 4  6.5  52  205  389 320 -440  0
3823500 2818500  5 31 15  18.7 1015 265  5.5 4  6.2  48  237  347 320 -441  0
3823500 2818500  5 31 16  18.9 1015 305  3.8 3  5.9  43  256  283 318 -439  0
3823500 2818500  5 31 17  18.9 1015 313  4.7 2  5.7  42  273  198 311 -433  0
3823500 2818500  5 31 18  18.1 1015 329  4.2 1  5.7  43  238  129 302 -425  0
3823500 2818500  5 31 19  17.5 1016 303  3.0 1  5.8  46  137   91 296 -414  0
3823500 2818500  5 31 20  15.5 1016 298  2.9 1  5.7  49   49   54 290 -403  0
3823500 2818500  5 31 21  13.5 1017 301  1.7 1  5.5  54    0    0 282 -393  0
3823500 2818500  5 31 22  12.0 1017 304  0.8 2  5.5  60    0    0 278 -383  0
3823500 2818500  5 31 23  10.5 1018 284  0.7 2  5.4  66    0    0 277 -376  0
3823500 2818500  5 31 24   8.9 1018 304  0.9 2  5.3  71    0    0 271 -371  0
3823500 2818500  6  1  1   7.3 1019 292  0.1 0  5.1  81    0    0 249 -364  0
3823500 2818500  6  1  2   6.3 1019 314  0.0 1  5.0  82    0    0 249 -361  0
3823500 2818500  6  1  3   5.6 1019 340  0.0 1  4.9  84    0    0 248 -356  0
3823500 2818500  6  1  4   5.4 1019 329  0.0 1  4.8  86    0    0 246 -351  0
3823500 2818500  6  1  5   5.2 1019 344  0.2 2  4.8  87    0    6 248 -348  0
3823500 2818500  6  1  6   7.0 1019  51  0.0 2  5.1  87   32   59 252 -349  0
3823500 2818500  6  1  7  10.8 1019  33  0.5 3  6.2  88  117  112 263 -358  0
3823500 2818500  6  1  8  13.0 1019  55  1.5 3  7.2  84  237  149 277 -375  0
3823500 2818500  6  1  9  13.7 1019  47  1.6 4  6.6  69  230  237 286 -396  0
3823500 2818500  6  1 10  14.2 1019  60  1.5 4  5.8  59  315  273 294 -417  0
3823500 2818500  6  1 11  15.8 1019  14  1.9 3  6.0  57  484  244 296 -436  0
3823500 2818500  6  1 12  16.3 1019  32  2.2 2  6.0  53  546  243 296 -451  0
3823500 2818500  6  1 13  16.4 1018  72  2.2 2  5.7  49  650  190 295 -460  0
3823500 2818500  6  1 14  17.4 1018  81  2.2 2  5.7  48  716  130 298 -465  0
3823500 2818500  6  1 15  18.0 1018  40  2.5 1  5.8  46  703   92 299 -465  0
3823500 2818500  6  1 16  18.4 1017  28  2.9 1  5.8  45  631   72 298 -461  0
3823500 2818500  6  1 17  18.6 1017  41  2.3 1  5.8  44  507   64 299 -452  0
3823500 2818500  6  1 18  18.3 1016  40  2.1 1  5.8  44  330   75 298 -442  0
3823500 2818500  6  1 19  17.8 1016  48  2.6 1  5.9  46  178   68 297 -432  0
3823500 2818500  6  1 20  16.3 1016  73  1.6 2  6.0  50   53   45 300 -420  0
3823500 2818500  6  1 21  14.0 1016  78  1.0 1  5.9  56    2    8 293 -409  0
3823500 2818500  6  1 22  11.4 1016  62  0.5 1  5.8  64    0    0 280 -401  0
3823500 2818500  6  1 23   9.8 1016  68  0.5 1  5.8  73    0    0 272 -394  0
3823500 2818500  6  1 24  10.4 1016  61  0.6 1  6.1  79    0    0 271 -388  0
3823500 2818500  6  2  1  10.0 1016  77  0.6 0  6.1  79    0    0 266 -384  0
3823500 2818500  6  2  2   9.8 1016  81  0.9 0  6.1  80    0    0 260 -380  0
3823500 2818500  6  2  3   9.2 1015  77  0.8 0  6.1  82    0    0 258 -377  0
3823500 2818500  6  2  4   8.5 1015  77  0.8 1  6.0  85    0    0 258 -374  0
3823500 2818500  6  2  5   7.9 1015  82  0.9 3  6.0  88    0    7 267 -372  0
3823500 2818500  6  2  6  10.2 1015  86  1.2 4  6.5  91   38   54 281 -371  0
3823500 2818500  6  2  7  13.3 1015 114  1.6 3  7.2  83  124  100 287 -377  0
3823500 2818500  6  2  8  15.7 1015 125  1.8 2  7.1  69  259  123 284 -389  0
3823500 2818500  6  2  9  17.3 1015 127  3.0 1  6.8  58  394  135 280 -407  0
3823500 2818500  6  2 10  18.3 1015 118  2.9 2  6.5  51  505  146 284 -425  0
3823500 2818500  6  2 11  19.6 1014 112  3.1 2  6.3  46  592  152 295 -443  0
3823500 2818500  6  2 12  20.2 1014  95  3.0 3  6.3  44  674  135 306 -459  0
3823500 2818500  6  2 13  21.3 1013 110  2.9 4  6.2  40  692  132 318 -471  0
3823500 2818500  6  2 14  21.8 1013 107  2.7 5  5.9  37  619  159 328 -476  0
3823500 2818500  6  2 15  22.7 1012 109  2.7 4  5.8  35  563  149 330 -478  0
3823500 2818500  6  2 16  22.9 1011 108  2.3 4  6.0  35  527  105 331 -477  0
3823500 2818500  6  2 17  22.7 1011 111  2.7 5  6.3  36  409   94 334 -472  0
3823500 2818500  6  2 18  22.1 1010 111  2.4 6  6.3  37  162  140 337 -462  0
3823500 2818500  6  2 19  21.5 1009  94  1.8 5  6.4  39   78   93 336 -452  0
3823500 2818500  6  2 20  20.3 1009 102  1.5 7  6.7  43   29   42 336 -441  0
3823500 2818500  6  2 21  18.5 1009 102  0.5 7  7.0  50    0    7 339 -431  0
3823500 2818500  6  2 22  17.6 1009 110  0.2 6  7.2  56    0    0 334 -423  0
3823500 2818500  6  2 23  16.8 1009 118  0.3 5  7.1  58    0    0 326 -417  0
3823500 2818500  6  2 24  16.5 1009 123  0.7 6  6.9  58    0    0 324 -412  0
3823500 2818500  6  3  1  16.2 1008 122  1.1 6  6.8  58    0    0 327 -407  0
3823500 2818500  6  3  2  15.5 1008 130  0.9 6  6.7  59    0    0 326 -404  0
3823500 2818500  6  3  3  15.3 1008 120  1.1 7  6.6  60    0    0 329 -402  0
3823500 2818500  6  3  4  14.6 1007 109  1.5 8  6.5  61    0    0 333 -401  0
3823500 2818500  6  3  5  14.5 1006 115  1.7 8  6.5  63    0    0 335 -398  0
3823500 2818500  6  3  6  15.6 1006 132  2.2 7  6.6  61    0    9 336 -397  0
3823500 2818500  6  3  7  16.4 1005 137  3.2 7  6.9  61   15  119 336 -402  0
3823500 2818500  6  3  8  17.9 1005 118  3.6 4  7.2  58  181  196 337 -411  0
3823500 2818500  6  3  9  19.4 1005  34  4.4 6  7.2  53   93  290 343 -422  0
3823500 2818500  6  3 10  19.9 1004 114  4.7 6  7.1  49  205  343 351 -431  0
3823500 2818500  6  3 11  22.1 1004 137  5.0 5  7.1  45  500  277 359 -441  0
3823500 2818500  6  3 12  23.5 1004 142  4.4 6  7.0  40  535  295 366 -452  0
3823500 2818500  6  3 13  24.7 1003 132  3.8 6  6.8  36  576  282 371 -458  0
3823500 2818500  6  3 14  25.4 1003 147  4.2 6  6.7  33  466  320 374 -457  0
3823500 2818500  6  3 15  24.8 1002 145  3.5 6  6.7  33  210  374 374 -455  0
3823500 2818500  6  3 16  25.5 1001 139  2.9 6  7.0  35  145  325 373 -458  0
3823500 2818500  6  3 17  24.5 1001 155  2.8 7  7.3  36   50  246 373 -459  0
3823500 2818500  6  3 18  23.6 1001 241  2.5 8  7.5  40    0   83 373 -455  0
3823500 2818500  6  3 19  22.2 1000 187  2.8 8  8.0  45    0   34 372 -449  0
3823500 2818500  6  3 20  19.6 1000 225  0.8 8  8.4  54    0   24 368 -440  0
3823500 2818500  6  3 21  18.6  999 155  0.3 8  8.6  62    0    1 365 -432  0
3823500 2818500  6  3 22  17.8  999 161  1.0 7  8.8  66    0    0 361 -424  0
3823500 2818500  6  3 23  17.2 1000 228  2.6 6  8.9  70    0    0 355 -418  0
3823500 2818500  6  3 24  15.0 1000 245  0.8 6  8.8  76    0    0 348 -417  0
3823500 2818500  6  4  1  14.5 1000  68  0.7 4  8.7  82    0    0 339 -415  0
3823500 2818500  6  4  2  14.1  999 217  0.7 5  8.7  84    0    0 335 -413  0
3823500 2818500  6  4  3  14.7 1000 179  1.9 6  9.0  86    0    0 341 -411  0
3823500 2818500  6  4  4  15.3  999 201  1.0 7  9.5  88    0    0 351 -407  0
3823500 2818500  6  4  5  15.3 1000 197  1.2 8  9.7  88    0    1 360 -403  0
3823500 2818500  6  4  6  15.9 1000 209  1.5 7  9.9  88    0   12 362 -402  0
3823500 2818500  6  4  7  16.1 1000 250  2.2 6  9.5  82   21  127 352 -403  0
3823500 2818500  6  4  8  17.3 1000 243  2.4 6  8.8  73   47  214 348 -409  0
3823500 2818500  6  4  9  18.1 1001 214  2.2 7  8.7  67   83  299 356 -418  0
3823500 2818500  6  4 10  19.5 1001 207  2.3 6  8.8  64  245  349 361 -428  0
3823500 2818500  6  4 11  20.8 1002 188  2.0 5  8.7  58  459  320 356 -437  0
3823500 2818500  6  4 12  22.2 1001 167  1.9 5  8.7  54  519  327 359 -445  0
3823500 2818500  6  4 13  22.9 1001 143  2.8 5  8.6  50  592  300 365 -449  0
3823500 2818500  6  4 14  24.0 1000 105  2.1 5  8.1  44  598  279 369 -462  0
3823500 2818500  6  4 15  24.6 1000 223  2.7 4  8.1  42  517  273 368 -474  0
3823500 2818500  6  4 16  25.2  999 203  2.0 3  8.6  43  445  239 363 -473  0
3823500 2818500  6  4 17  25.3  999 216  1.8 3  9.4  46  286  227 359 -472  0
3823500 2818500  6  4 18  25.5  999 109  1.2 2 10.2  49  182  175 356 -466  0
3823500 2818500  6  4 19  24.7  998 116  1.2 2 10.4  51  105  115 353 -455  0
3823500 2818500  6  4 20  23.1  997  53  1.6 3 10.6  56   33   56 355 -445  0
3823500 2818500  6  4 21  21.3  997  75  0.1 5 10.8  64    0    9 365 -438  0
3823500 2818500  6  4 22  20.0  997  86  0.1 3 10.4  67    0    0 361 -431  0
3823500 2818500  6  4 23  19.2  997  97  0.1 3  9.8  67    0    0 351 -426  0
3823500 2818500  6  4 24  19.3  997 122  0.7 6  9.6  68    0    0 356 -422  0
3823500 2818500  6  5  1  18.7  996  82  0.6 5  9.7  69    0    0 358 -420  0
3823500 2818500  6  5  2  17.7  996  91  0.2 5  9.8  74    0    0 349 -418  0
3823500 2818500  6  5  3  17.1  994 142  1.1 5  9.9  78    0    0 345 -417  0
3823500 2818500  6  5  4  18.5  994 103  3.1 6  9.9  76    0    0 351 -415  0
3823500 2818500  6  5  5  18.0  994  64  2.1 6  9.9  74    0   13 357 -413  0
3823500 2818500  6  5  6  18.5  993  63  1.7 6  9.9  74   11   59 356 -412  0
3823500 2818500  6  5  7  19.6  993 106  1.7 6 10.1  72   53  136 358 -415  0
3823500 2818500  6  5  8  20.8  992  84  1.8 7 10.2  67   21  191 366 -418  0
3823500 2818500  6  5  9  21.9  992  88  2.7 6  9.9  61   26  258 369 -420  0
3823500 2818500  6  5 10  22.9  991  84  3.2 6  9.7  56   56  336 368 -424  0
3823500 2818500  6  5 11  23.9  990  96  4.2 6  9.6  52  132  396 371 -428  0
3823500 2818500  6  5 12  24.5  990  91  3.6 7  9.3  48   51  379 380 -434  0
3823500 2818500  6  5 13  24.8  990 123  2.2 7  9.3  47   62  389 386 -445  0
3823500 2818500  6  5 14  25.8  990 119  2.7 7  9.8  47  175  410 390 -456  0
3823500 2818500  6  5 15  25.5  990 108  2.5 7 10.0  47   42  330 393 -459  0
3823500 2818500  6  5 16  25.2  990 124  2.1 7 10.0  48   11  244 392 -449  0
3823500 2818500  6  5 17  24.8  990 123  1.7 7 10.3  51    0  138 391 -429  0
3823500 2818500  6  5 18  24.1  990 116  1.2 8 10.6  54    0   82 395 -413  0
3823500 2818500  6  5 19  23.6  991 108  1.9 8 10.6  56    0   31 399 -407  0
3823500 2818500  6  5 20  20.5  991 206  2.9 8 11.1  65    0   14 393 -404  0
3823500 2818500  6  5 21  16.8  992 170  0.3 8 11.4  83    0    3 383 -401  0
3823500 2818500  6  5 22  16.5  992 133  1.5 7 11.4  94    0    0 369 -398  0
3823500 2818500  6  5 23  16.1  992  90  0.9 7 11.5  97    0    0 362 -395  0
3823500 2818500  6  5 24  16.0  992 137  2.0 8 11.3  97    0    0 366 -391  0
3823500 2818500  6  6  1  15.6  992 154  1.0 7 11.1  96    0    0 365 -386  0
3823500 2818500  6  6  2  15.2  992 140  1.2 7 10.9  97    0    0 356 -382  0
3823500 2818500  6  6  3  15.3  992 131  1.3 7 10.8  97    0    0 356 -379  0
3823500 2818500  6  6  4  15.3  992 146  0.7 7 10.8  97    0    0 355 -376  0
3823500 2818500  6  6  5  15.0  993 178  0.9 7 10.7  97    0    8 353 -376  0
3823500 2818500  6  6  6  14.9  993 160  0.9 7 10.5  96    0   31 352 -378  0
3823500 2818500  6  6  7  14.9  993 166  0.8 8 10.4  96    0   29 357 -383  0
3823500 2818500  6  6  8  14.8  994 110  1.2 8 10.6  98    0   72 363 -391  0
3823500 2818500  6  6  9  15.2  994 149  1.4 7 10.6  97    0  180 360 -398  0
3823500 2818500  6  6 10  16.4  994 143  1.1 7 10.6  92    5  271 358 -402  0
3823500 2818500  6  6 11  16.8  995 171  1.4 7 10.4  86    4  289 361 -404  0
3823500 2818500  6  6 12  17.5  995 152  1.2 7 10.3  82    6  313 364 -404  0
3823500 2818500  6  6 13  18.5  995  91  1.0 7 10.2  78    7  327 368 -403  0
3823500 2818500  6  6 14  18.6  996  71  0.5 7 10.2  75    0  236 370 -401  0
3823500 2818500  6  6 15  20.2  996  67  0.7 8 10.2  71    7  289 378 -402  0
3823500 2818500  6  6 16  21.2  996  18  1.3 6 10.3  66   87  383 379 -403  0
3823500 2818500  6  6 17  20.9  996  46  1.2 6 10.2  64   79  310 370 -402  0
3823500 2818500  6  6 18  20.5  995  13  1.8 6 10.0  64   31  205 368 -402  0
3823500 2818500  6  6 19  20.3  995  34  1.3 6 10.2  67   17  124 366 -402  0
3823500 2818500  6  6 20  18.3  995  16  1.3 8 10.9  76    4   48 375 -401  0
3823500 2818500  6  6 21  17.4  995  21  0.9 8 11.3  86    0    3 383 -398  0
3823500 2818500  6  6 22  16.7  994  23  1.6 7 11.3  91    0    0 375 -394  0
3823500 2818500  6  6 23  16.2  994 342  1.3 6 11.1  93    0    0 361 -391  0
3823500 2818500  6  6 24  15.8  994 312  1.0 7 10.7  92    0    0 360 -389  0
3823500 2818500  6  7  1  15.6  994 332  1.6 6 10.8  94    0    0 360 -388  0
3823500 2818500  6  7  2  15.5  993 322  1.2 7 10.9  96    0    0 361 -388  0
3823500 2818500  6  7  3  15.2  992  33  0.6 7 10.8  96    0    0 366 -387  0
3823500 2818500  6  7  4  15.2  992  56  1.3 7 10.7  97    0    0 364 -387  0
3823500 2818500  6  7  5  15.3  992 239  0.7 7 10.8  97    0    7 364 -388  0
3823500 2818500  6  7  6  15.6  992 288  0.4 8 11.0  98    1   42 371 -388  0
3823500 2818500  6  7  7  15.7  992 297  0.4 5 11.2  98    6  116 359 -388  0
3823500 2818500  6  7  8  16.5  993  24  0.1 6 11.4  98    0  128 346 -388  0
3823500 2818500  6  7  9  16.0  993 108  0.2 7 11.3  96    0  129 358 -391  0
3823500 2818500  6  7 10  16.2  993 255  1.1 7 11.1  95    0  172 362 -395  0
3823500 2818500  6  7 11  16.0  993 266  3.0 6 11.0  94    4  288 354 -393  0
3823500 2818500  6  7 12  16.5  994 268  2.4 6 10.6  90    2  280 345 -393  0
3823500 2818500  6  7 13  16.1  994 278  3.4 7 10.4  88    0  217 351 -406  0
3823500 2818500  6  7 14  16.6  995 288  2.4 7 10.5  88    0  226 358 -418  0
3823500 2818500  6  7 15  17.6  995 294  2.6 7 10.7  86    1  244 361 -415  0
3823500 2818500  6  7 16  17.9  995 299  2.7 7 10.5  81    3  233 363 -410  0
3823500 2818500  6  7 17  17.6  995 330  2.2 8 10.5  81    0  125 370 -406  0
3823500 2818500  6  7 18  17.3  996 324  2.2 7 10.6  83    0   97 369 -402  0
3823500 2818500  6  7 19  16.9  996 327  1.5 7 10.4  84    0   58 361 -400  0
3823500 2818500  6  7 20  16.6  997 309  1.0 8 10.3  85    0   22 367 -397  0
3823500 2818500  6  7 21  16.2  997 290  0.9 8 10.2  86    0    2 373 -393  0
3823500 2818500  6  7 22  15.6  998 271  0.7 7 10.2  88    0    0 364 -390  0
3823500 2818500  6  7 23  14.9  998 276  1.8 7 10.0  91    0    0 356 -388  0
3823500 2818500  6  7 24  14.7  999 277  2.0 7  9.7  90    0    0 354 -386  0
3823500 2818500  6  8  1  13.6  999 257  1.6 8  9.4  92    0    0 357 -385  0
3823500 2818500  6  8  2  13.4  999 281  1.4 8  9.4  96    0    0 362 -383  0
3823500 2818500  6  8  3  13.2  999 306  1.1 8  9.5  98    0    0 363 -382  0
3823500 2818500  6  8  4  13.0  998 283  0.6 8  9.4  98    0    0 363 -382  0
3823500 2818500  6  8  5  12.9  999 264  1.2 8  9.2  97    0    1 362 -382  0
3823500 2818500  6  8  6  13.1  999 242  1.3 7  9.2  96    0   38 357 -381  0
3823500 2818500  6  8  7  14.0  999 237  2.0 7  9.3  95    0   80 353 -381  0
3823500 2818500  6  8  8  15.5  999 257  2.1 6  9.2  87   33  205 352 -382  0
3823500 2818500  6  8  9  16.8  999 278  2.3 6  8.9  76  105  301 350 -384  0
3823500 2818500  6  8 10  17.7 1000 289  2.2 6  8.5  68  104  364 352 -385  0
3823500 2818500  6  8 11  18.8 1000 284  1.8 6  8.2  62  123  409 357 -385  0
3823500 2818500  6  8 12  19.0 1000 283  1.7 6  8.1  59   52  390 360 -386  0
3823500 2818500  6  8 13  20.5 1000 284  1.9 6  8.0  55   65  404 364 -388  0
3823500 2818500  6  8 14  20.1 1001 329  2.2 6  8.0  53  108  416 366 -391  0
3823500 2818500  6  8 15  21.1 1001   9  1.7 6  7.9  52   74  369 366 -393  0
3823500 2818500  6  8 16  20.3 1000 336  1.6 6  7.9  52   62  315 365 -395  0
3823500 2818500  6  8 17  19.7 1000   4  1.4 5  7.9  54  137  271 358 -396  0
3823500 2818500  6  8 18  19.2  999  21  1.5 5  8.0  56  113  196 349 -396  0
3823500 2818500  6  8 19  18.5 1000  42  2.5 5  8.5  61   36  119 347 -395  0
3823500 2818500  6  8 20  17.2 1000  49  1.9 7  9.0  70   22   55 354 -394  0
3823500 2818500  6  8 21  16.0 1000  59  1.2 6  9.2  77    1   10 356 -393  0
3823500 2818500  6  8 22  14.6 1000  72  1.0 5  9.1  83    0    0 341 -391  0
3823500 2818500  6  8 23  13.9 1001 108  0.4 5  9.0  87    0    0 333 -390  0
3823500 2818500  6  8 24  12.9 1001 115  0.6 6  8.8  91    0    0 336 -390  0
3823500 2818500  6  9  1  12.4 1001 164  0.1 5  8.6  92    0    0 333 -389  0
3823500 2818500  6  9  2  12.1 1001 126  0.1 6  8.3  92    0    0 332 -388  0
3823500 2818500  6  9  3  12.1 1001  48  0.1 6  8.3  93    0    0 336 -388  0
3823500 2818500  6  9  4  12.0 1001  97  0.1 7  8.4  94    0    0 342 -387  0
3823500 2818500  6  9  5  12.4 1000  86  0.1 7  8.5  94    0    1 348 -385  0
3823500 2818500  6  9  6  13.2 1000 144  0.2 8  8.8  94    0   28 355 -384  0
3823500 2818500  6  9  7  14.6 1000 131  0.9 6  9.3  92   21  116 354 -387  0
3823500 2818500  6  9  8  16.3 1000 166  1.3 6  9.7  87   73  195 349 -393  0
3823500 2818500  6  9  9  18.2 1000 177  1.1 5  9.9  79  258  221 350 -402  0
3823500 2818500  6  9 10  19.7 1000 235  1.8 4  9.5  68  400  224 346 -413  0
3823500 2818500  6  9 11  20.8 1001 253  1.7 5  8.9  59  108  363 349 -426  0
3823500 2818500  6  9 12  20.4 1001 192  2.0 5  8.8  57    8  290 356 -434  0
3823500 2818500  6  9 13  20.6 1001 186  2.0 8  9.1  59    1  256 371 -436  0
3823500 2818500  6  9 14  20.0 1001 160  1.8 8  9.4  62   15  304 386 -448  0
3823500 2818500  6  9 15  20.7 1000 157  2.1 6  9.3  61   44  317 376 -458  0
3823500 2818500  6  9 16  21.0 1000 174  1.7 5  9.0  58  212  282 360 -451  0
3823500 2818500  6  9 17  22.0  999 174  2.0 4  8.8  54  328  159 348 -446  0
3823500 2818500  6  9 18  21.9  999 168  1.5 2  8.5  51  371   61 329 -440  0
3823500 2818500  6  9 19  20.4  999 264  0.1 2  8.5  54  213   57 310 -430  0
3823500 2818500  6  9 20  17.8  998 174  0.9 5  8.7  62   65   44 315 -420  0
3823500 2818500  6  9 21  17.4  998 150  0.7 5  8.7  68    5   11 328 -412  0
3823500 2818500  6  9 22  16.5  998 160  1.2 6  8.8  72    0    0 342 -404  0
3823500 2818500  6  9 23  16.1  998 155  0.5 6  8.7  74    0    0 351 -397  0
3823500 2818500  6  9 24  16.4  998 181  1.2 6  8.8  75    0    0 352 -391  0
3823500 2818500  6 10  1  15.9  998 173  1.3 8  8.9  76    0    0 364 -388  0
3823500 2818500  6 10  2  15.8  998 204  1.9 8  9.0  79    0    0 374 -386  0
3823500 2818500  6 10  3  14.5  999 291  2.3 8  9.1  83    0    0 372 -384  0
3823500 2818500  6 10  4  13.9  999 272  3.0 8  9.1  88    0    0 370 -384  0
3823500 2818500  6 10  5  13.4  999 267  1.9 8  9.1  92    0    2 368 -383  0
3823500 2818500  6 10  6  13.1  999 243  1.9 8  9.1  94    0   39 366 -383  0
3823500 2818500  6 10  7  13.4  999 237  2.1 6  9.1  94    4   98 352 -383  0
3823500 2818500  6 10  8  13.7 1000 231  1.5 7  9.1  92    1  140 345 -385  0
3823500 2818500  6 10  9  14.3 1000 230  2.4 7  9.0  89   15  237 350 -388  0
3823500 2818500  6 10 10  15.1 1000 239  3.6 6  8.8  83  167  354 347 -396  0
3823500 2818500  6 10 11  16.3 1001 242  4.2 5  8.3  73  269  387 339 -406  0
3823500 2818500  6 10 12  16.4 1001 243  4.8 5  7.6  64  287  413 336 -413  0
3823500 2818500  6 10 13  16.7 1001 233  4.2 7  7.3  61   66  399 345 -418  0
3823500 2818500  6 10 14  16.3 1002 248  4.1 8  7.3  61    2  259 357 -421  0
3823500 2818500  6 10 15  16.4 1002 256  5.5 8  7.4  63    0  216 359 -422  0
3823500 2818500  6 10 16  17.3 1002 215  0.5 7  7.5  62   23  276 353 -417  0
3823500 2818500  6 10 17  16.9 1002 271  1.9 6  7.3  60   60  258 345 -413  0
3823500 2818500  6 10 18  16.0 1002 259  4.0 6  7.3  62    8  155 338 -405  0
3823500 2818500  6 10 19  13.3 1003 241  3.3 5  7.4  70    4   95 327 -395  0
3823500 2818500  6 10 20  13.2 1003 241  3.6 6  7.4  78    5   47 322 -391  0
3823500 2818500  6 10 21  12.0 1004 251  1.6 6  7.4  81    1   10 325 -386  0
3823500 2818500  6 10 22  11.9 1004  99  1.7 7  7.5  85    0    0 329 -385  0
3823500 2818500  6 10 23  10.9 1004 181  1.5 7  7.6  89    0    0 334 -384  0
3823500 2818500  6 10 24  10.9 1004 231  2.1 5  7.5  91    0    0 323 -383  0
3823500 2818500  6 11  1  10.2 1004 224  2.5 6  7.4  92    0    0 319 -382  0
3823500 2818500  6 11  2  10.2 1004 199  2.0 4  7.3  93    0    0 314 -380  0
3823500 2818500  6 11  3  10.0 1004 202  1.7 3  7.2  93    0    0 300 -378  0
3823500 2818500  6 11  4   9.7 1004 203  2.0 1  7.1  93    0    0 286 -374  0
3823500 2818500  6 11  5   9.8 1004 213  1.8 1  7.2  94    0    9 276 -370  0
3823500 2818500  6 11  6  10.9 1004 218  2.4 2  7.5  95    4   51 282 -370  0
3823500 2818500  6 11  7  11.9 1005 227  2.7 5  7.8  92   38  128 305 -374  0
3823500 2818500  6 11  8  13.1 1005 227  3.1 5  7.9  86  157  196 325 -379  0
3823500 2818500  6 11  9  14.5 1005 215  2.3 4  8.0  80  229  256 325 -385  0
3823500 2818500  6 11 10  15.9 1005 225  2.9 4  7.9  73  358  276 328 -388  0
3823500 2818500  6 11 11  16.4 1005 218  3.3 3  7.6  66  361  332 333 -389  0
3823500 2818500  6 11 12  17.0 1005 207  3.5 4  7.4  62  266  395 338 -394  0
3823500 2818500  6 11 13  17.8 1005 220  3.6 5  7.7  61  238  404 346 -398  0
3823500 2818500  6 11 14  16.8 1005 201  3.1 6  7.9  63   26  337 351 -400  0
3823500 2818500  6 11 15  15.6 1005 202  2.7 6  8.3  72   11  277 349 -402  0
3823500 2818500  6 11 16  16.2 1005 179  2.4 6  8.8  77   90  310 346 -409  0
3823500 2818500  6 11 17  17.6 1005 201  2.6 8  8.9  73   13  211 353 -410  0
3823500 2818500  6 11 18  15.7 1005 176  3.2 8  9.0  76    2  133 359 -407  0
3823500 2818500  6 11 19  13.8 1005 265  1.9 6  9.0  85    2   87 347 -406  0
3823500 2818500  6 11 20  13.7 1006 223  2.9 7  8.9  90   19   52 340 -403  0
3823500 2818500  6 11 21  13.2 1007 249  1.4 7  8.8  91    2   12 344 -396  0
3823500 2818500  6 11 22  13.4 1007 202  1.6 6  8.7  90    0    0 341 -389  0
3823500 2818500  6 11 23  13.5 1008 222  2.0 6  8.6  89    0    0 338 -384  0
3823500 2818500  6 11 24  13.1 1008 214  2.3 7  8.3  86    0    0 341 -383  0
3823500 2818500  6 12  1  11.0 1008 194  1.4 5  7.7  88    0    0 332 -384  0
3823500 2818500  6 12  2  12.3 1007 190  1.4 6  7.8  90    0    0 327 -385  0
3823500 2818500  6 12  3  12.7 1007 185  1.0 7  8.2  90    0    0 339 -385  0
3823500 2818500  6 12  4  12.6 1007 206  1.9 7  8.1  88    0    0 345 -385  0
3823500 2818500  6 12  5  11.9 1006 213  0.8 8  8.0  90    0    1 349 -384  0
3823500 2818500  6 12  6  11.6 1006 184  0.3 8  8.0  92    0   17 354 -383  0
3823500 2818500  6 12  7  11.5 1006 126  0.9 7  8.0  93    0   53 348 -384  0
3823500 2818500  6 12  8  12.1 1005 159  2.2 7  8.2  94    0  122 344 -386  0
3823500 2818500  6 12  9  13.6 1005 206  2.1 7  8.8  94    1  184 349 -388  0
3823500 2818500  6 12 10  15.0 1005 199  3.1 7  9.6  93   10  265 357 -391  0
3823500 2818500  6 12 11  16.8 1005 222  2.6 7 10.0  88   31  331 364 -398  0
3823500 2818500  6 12 12  17.5 1005 234  3.4 5 10.1  82   71  380 359 -405  0
3823500 2818500  6 12 13  17.4 1005 227  3.5 7 10.3  82   40  364 359 -417  0
3823500 2818500  6 12 14  18.0 1005 242  3.8 7 10.7  84   46  356 368 -427  0
3823500 2818500  6 12 15  18.1 1004 257  3.8 6 10.8  82   64  337 362 -429  0
3823500 2818500  6 12 16  17.4 1004 232  4.7 6 10.5  82   51  293 355 -428  0
3823500 2818500  6 12 17  19.3 1005 255  3.5 6 10.8  81   24  225 356 -424  0
3823500 2818500  6 12 18  18.9 1005 238  3.2 7 10.7  77    7  151 360 -418  0
3823500 2818500  6 12 19  18.4 1005 269  3.2 8 10.0  74    0   72 365 -412  0
3823500 2818500  6 12 20  17.4 1005 235  2.5 7  9.6  74    0   23 359 -404  0
3823500 2818500  6 12 21  16.6 1005 234  2.3 7  9.1  74    0    4 352 -394  0
3823500 2818500  6 12 22  15.9 1005 230  2.2 7  8.8  75    0    0 353 -386  0
3823500 2818500  6 12 23  15.1 1005 216  1.9 7  8.2  75    0    0 350 -380  0
3823500 2818500  6 12 24  14.4 1005 197  1.5 7  7.7  74    0    0 349 -376  0
3823500 2818500  6 13  1  13.8 1007 178  0.9 7  7.2  72    0    0 328 -399  0
3823500 2818500  6 13  2  13.3 1007 166  0.8 7  6.8  70    0    0 331 -399  0
3823500 2818500  6 13  3  13.0 1007 167  0.8 7  6.5  69    0    0 329 -399  0
3823500 2818500  6 13  4  13.1 1006 181  1.1 7  6.5  69    0    0 331 -398  0
3823500 2818500  6 13  5  13.7 1006 183  1.2 7  6.7  69    2   15 336 -398  0
3823500 2818500  6 13  6  14.0 1006 202  1.3 6  6.8  70   12   54 338 -398  0
3823500 2818500  6 13  7  15.3 1006 197  2.4 6  7.0  67   46  116 341 -400  0
3823500 2818500  6 13  8  16.5 1006 207  4.5 5  7.3  64  227  127 343 -403  0
3823500 2818500  6 13  9  17.3 1006 209  4.8 7  7.6  63  339  145 352 -409  0
3823500 2818500  6 13 10  19.1 1006 197  4.1 8  8.1  61  287  239 366 -418  0
3823500 2818500  6 13 11  19.1 1006 217  4.4 6  8.4  60  385  241 368 -422  0
3823500 2818500  6 13 12  20.1 1006 195  3.8 7  8.7  60  180  337 370 -417  0
3823500 2818500  6 13 13  20.3 1006 199  4.3 7  9.0  60   84  332 378 -417  0
3823500 2818500  6 13 14  20.0 1005 210  4.3 5  9.3  62   47  308 375 -421  0
3823500 2818500  6 13 15  20.2 1005 211  4.0 6  9.4  63   14  256 375 -421  0
3823500 2818500  6 13 16  19.9 1005 225  4.4 7  9.5  64   11  229 382 -422  0
3823500 2818500  6 13 17  19.9 1006 223  4.5 7  9.6  66   47  211 386 -421  0
3823500 2818500  6 13 18  20.0 1006 220  3.2 7  9.8  67   26  150 388 -420  0
3823500 2818500  6 13 19  19.0 1006 219  2.6 7 10.0  70   11   88 386 -418  0
3823500 2818500  6 13 20  18.4 1006 200  1.7 7 10.2  75    4   38 383 -415  0
3823500 2818500  6 13 21  17.7 1006 202  0.8 7 10.4  80    1    8 382 -413  0
3823500 2818500  6 13 22  17.4 1006 227  1.0 6 10.5  83    0    0 376 -411  0
3823500 2818500  6 13 23  17.7 1006 195  1.7 6 10.6  83    0    0 372 -410  0
3823500 2818500  6 13 24  17.2 1006 212  1.8 6 10.6  84    0    0 371 -408  0
3823500 2818500  6 14  1  16.8 1007 238  1.6 8 10.6  87    0    0 377 -407  0
3823500 2818500  6 14  2  16.6 1007 234  1.0 8 10.6  88    0    0 385 -406  0
3823500 2818500  6 14  3  16.2 1007 252  1.3 8 10.5  89    0    0 383 -405  0
3823500 2818500  6 14  4  14.8 1007 241  0.8 7 10.3  92    0    0 374 -404  0
3823500 2818500  6 14  5  15.1 1007 237  0.7 7 10.1  95    0    4 365 -403  0
3823500 2818500  6 14  6  15.1 1007 264  1.3 6 10.1  94    0   34 358 -402  0
3823500 2818500  6 14  7  15.0 1008 283  1.8 8  9.9  91    0   57 361 -404  0
3823500 2818500  6 14  8  15.2 1008 281  1.9 7  9.6  89    0  121 366 -409  0
3823500 2818500  6 14  9  15.2 1009 274  1.9 8  9.6  89    0  108 366 -416  0
3823500 2818500  6 14 10  15.7 1009 251  2.5 8  9.7  88    0  158 374 -427  0
3823500 2818500  6 14 11  15.9 1009 278  2.5 7  9.8  87    3  235 370 -443  0
3823500 2818500  6 14 12  18.3 1010 260  2.5 6  9.7  79   62  337 363 -455  0
3823500 2818500  6 14 13  19.3 1010 292  1.7 5  9.3  69  416  299 358 -464  0
3823500 2818500  6 14 14  19.1 1009   1  0.6 8  8.6  61   57  327 366 -469  0
3823500 2818500  6 14 15  20.2 1009 298  2.9 8  8.1  56    0  174 376 -474  0
3823500 2818500  6 14 16  20.4 1009 346  2.4 5  8.0  53  115  280 362 -472  0
3823500 2818500  6 14 17  20.6 1009 323  2.7 4  7.6  51  407  104 344 -462  0
3823500 2818500  6 14 18  20.8 1009 306  1.8 4  7.3  48  210  124 337 -452  0
3823500 2818500  6 14 19  20.2 1009   1  1.4 4  7.4  49  157   73 333 -440  0
3823500 2818500  6 14 20  18.7 1009 343  0.9 3  7.8  55   18   45 323 -430  0
3823500 2818500  6 14 21  16.0 1010 354  0.2 3  8.1  65    1    9 311 -418  0
3823500 2818500  6 14 22  13.6 1010   1  0.1 4  8.2  78    0    0 305 -407  0
3823500 2818500  6 14 23  12.5 1010   8  0.0 4  8.1  86    0    0 304 -400  0
3823500 2818500  6 14 24  11.5 1010 351  0.0 4  7.9  90    0    0 302 -397  0
3823500 2818500  6 15  1  11.0 1010  71  0.1 4  7.8  93    0    0 302 -396  0
3823500 2818500  6 15  2   9.9 1010  33  0.0 4  7.6  96    0    0 299 -396  0
3823500 2818500  6 15  3  11.0 1010  16  0.0 4  7.6  96    0    0 296 -397  0
3823500 2818500  6 15  4  10.6 1010 104  0.1 4  7.5  93    0    0 295 -399  0
3823500 2818500  6 15  5  10.7 1009 146  0.1 5  7.5  93    0    6 300 -399  0
3823500 2818500  6 15  6  12.2 1009 176  0.3 6  8.0  94    0   24 313 -401  0
3823500 2818500  6 15  7  14.3 1009 168  0.3 7  8.7  91    2   97 329 -404  0
3823500 2818500  6 15  8  15.8 1009 173  0.7 6  9.2  86   43  207 337 -409  0
3823500 2818500  6 15  9  18.8 1008 189  1.0 5  9.6  77  126  291 338 -422  0
3823500 2818500  6 15 10  21.0 1008 212  1.7 4  9.8  67  255  333 343 -434  0
3823500 2818500  6 15 11  22.2 1008 224  2.5 6  9.6  59   91  375 358 -436  0
3823500 2818500  6 15 12  22.0 1009 200  2.7 7  9.6  57   10  282 371 -436  0
3823500 2818500  6 15 13  22.3 1009 205  2.9 6 10.1  60   69  380 376 -438  0
3823500 2818500  6 15 14  22.9 1008 214  2.7 5 10.5  61  196  412 375 -447  0
3823500 2818500  6 15 15  22.6 1008 216  2.1 6 10.3  59   72  345 376 -456  0
3823500 2818500  6 15 16  22.9 1007 197  2.8 6 10.2  58   87  312 380 -460  0
3823500 2818500  6 15 17  22.9 1007 214  1.7 7 10.5  60    9  199 383 -458  0
3823500 2818500  6 15 18  22.6 1007 229  1.6 7 10.8  62    0   93 386 -452  0
3823500 2818500  6 15 19  22.1 1006 231  1.1 7 10.8  64    0   62 385 -446  0
3823500 2818500  6 15 20  21.5 1006 207  1.0 8 11.0  66    0   10 389 -439  0
3823500 2818500  6 15 21  19.7 1005 271  2.3 7 11.1  72    0    1 386 -432  0
3823500 2818500  6 15 22  18.0 1006 294  1.1 7 11.3  82    0    0 377 -426  0
3823500 2818500  6 15 23  16.8 1006 274  0.7 7 11.2  89    0    0 374 -421  0
3823500 2818500  6 15 24  15.9 1006 280  0.5 7 10.9  93    0    0 373 -418  0
3823500 2818500  6 16  1  15.0 1006 184  0.4 6 10.6  95    0    0 366 -415  0
3823500 2818500  6 16  2  14.3 1006 207  0.3 5 10.3  97    0    0 354 -413  0
3823500 2818500  6 16  3  13.8 1005 184  0.9 6 10.1  99    0    0 351 -412  0
3823500 2818500  6 16  4  14.0 1005 160  0.8 6 10.0 100    0    0 354 -411  0
3823500 2818500  6 16  5  14.2 1004 155  0.7 5 10.1  99    0    2 349 -411  0
3823500 2818500  6 16  6  15.4 1004 146  1.2 7 10.4  97    0   27 358 -410  0
3823500 2818500  6 16  7  17.3 1004 143  1.6 8 10.6  90    0   65 379 -412  0
3823500 2818500  6 16  8  18.5 1003 144  1.7 8 10.9  84    0  104 390 -415  0
3823500 2818500  6 16  9  19.6 1003 175  2.9 7 11.2  80   14  224 390 -422  0
3823500 2818500  6 16 10  20.5 1003 184  3.4 8 10.8  73    6  235 393 -428  0
3823500 2818500  6 16 11  20.1 1003 201  3.0 7 10.8  72    6  255 395 -437  0
3823500 2818500  6 16 12  19.8 1002 214  2.8 6 11.0  74   72  354 388 -444  0
3823500 2818500  6 16 13  19.4 1001 255  2.9 7 10.4  72    0  217 386 -451  0
3823500 2818500  6 16 14  15.3 1001 313  1.3 6 10.0  80    0  208 377 -449  0
3823500 2818500  6 16 15  16.1 1001 189  0.9 7 10.1  90    0  189 370 -437  0
3823500 2818500  6 16 16  17.2 1001 183  1.4 7 10.5  87    0  182 376 -435  0
3823500 2818500  6 16 17  18.1 1001 197  0.7 6 10.8  84   96  237 376 -435  0
3823500 2818500  6 16 18  17.0 1000 221  1.4 4 10.7  84   88  173 360 -427  0
3823500 2818500  6 16 19  15.2 1000 245  1.0 8 10.1  86    0   58 360 -421  0
3823500 2818500  6 16 20  14.4 1001 232  1.1 7  9.8  92    1   36 368 -416  0
3823500 2818500  6 16 21  13.7 1002 205  1.3 5  9.6  94    4   10 349 -408  0
3823500 2818500  6 16 22  13.9 1002 216  2.0 6  9.2  92    0    0 342 -400  0
3823500 2818500  6 16 23  13.5 1003 232  2.5 6  8.8  89    0    0 344 -394  0
3823500 2818500  6 16 24  12.9 1003 230  2.4 6  8.4  88    0    0 341 -389  0
3823500 2818500  6 17  1  12.3 1004 226  2.7 5  8.0  87    0    0 331 -384  0
3823500 2818500  6 17  2  11.6 1004 219  2.4 3  7.6  86    0    0 314 -381  0
3823500 2818500  6 17  3  11.2 1004 215  2.1 1  7.1  84    0    0 291 -378  0
3823500 2818500  6 17  4  10.9 1004 218  2.1 0  6.8  82    0    0 274 -375  0
3823500 2818500  6 17  5  10.4 1005 213  2.3 1  6.7  82    0   14 272 -373  0
3823500 2818500  6 17  6  11.0 1005 223  2.7 1  6.7  83   39   67 274 -372  0
3823500 2818500  6 17  7  12.2 1005 225  3.1 1  7.0  81  172  106 273 -376  0
3823500 2818500  6 17  8  13.5 1005 231  3.4 1  7.3  78  295  135 274 -384  0
3823500 2818500  6 17  9  14.8 1005 228  3.6 3  7.5  74  324  207 284 -396  0
3823500 2818500  6 17 10  15.8 1006 221  3.4 3  7.4  68  373  259 295 -409  0
3823500 2818500  6 17 11  16.5 1005 229  3.3 4  7.2  62  477  265 303 -421  0
3823500 2818500  6 17 12  17.3 1005 217  3.6 5  7.1  58  450  314 319 -432  0
3823500 2818500  6 17 13  17.9 1005 207  3.2 6  6.9  54  317  377 331 -442  0
3823500 2818500  6 17 14  18.0 1004 201  3.4 7  6.5  50   48  337 340 -448  0
3823500 2818500  6 17 15  18.2 1003 200  2.1 7  6.3  48   18  277 345 -451  0
3823500 2818500  6 17 16  18.6 1002 209  1.5 7  6.3  48   16  250 348 -449  0
3823500 2818500  6 17 17  18.2 1002 143  1.1 8  6.5  49    0  104 355 -443  0
3823500 2818500  6 17 18  17.7 1001  98  1.3 7  6.9  53    0   67 357 -432  0
3823500 2818500  6 17 19  15.8 1000 103  1.0 7  7.7  64    0   49 353 -421  0
3823500 2818500  6 17 20  14.9 1000 219  1.1 8  8.3  75    0   19 356 -412  0
3823500 2818500  6 17 21  14.3  999  66  0.7 8  8.3  79    0    9 361 -406  0
3823500 2818500  6 17 22  13.9  998 153  0.8 7  8.4  82    0    0 355 -403  0
3823500 2818500  6 17 23  13.9  998  98  0.6 7  8.5  84    0    0 351 -401  0
3823500 2818500  6 17 24  13.7  997 102  0.6 8  8.4  84    0    0 358 -400  0
3823500 2818500  6 18  1  13.6  996 107  0.4 8  8.4  84    0    0 363 -399  0
3823500 2818500  6 18  2  13.2  994 128  0.9 7  8.4  86    0    0 358 -399  0
3823500 2818500  6 18  3  12.9  994 129  0.5 7  8.5  89    0    0 353 -396  0
3823500 2818500  6 18  4  13.2  993 154  1.7 7  8.8  92    0    0 354 -394  0
3823500 2818500  6 18  5  13.9  992 166  2.2 6  9.1  92    0    9 351 -395  0
3823500 2818500  6 18  6  14.8  992 191  2.4 6  9.4  90    0   36 348 -394  0
3823500 2818500  6 18  7  15.4  991 205  4.0 6  9.4  85   21  116 350 -394  0
3823500 2818500  6 18  8  16.1  992 214  5.7 5  9.0  78   40  187 344 -397  0
3823500 2818500  6 18  9  16.3  992 221  5.4 7  8.6  73   10  209 349 -403  0
3823500 2818500  6 18 10  15.6  992 223  5.1 6  8.2  71   37  283 351 -411  0
3823500 2818500  6 18 11  15.4  993 237  6.0 6  7.7  68   67  329 343 -415  0
3823500 2818500  6 18 12  16.0  993 222  4.5 7  7.1  63   52  333 348 -411  0
3823500 2818500  6 18 13  16.4  994 240  4.6 5  6.9  59  269  356 344 -408  0
3823500 2818500  6 18 14  15.5  994 272  5.8 7  7.0  61   17  286 341 -415  0
3823500 2818500  6 18 15  15.3  994 224  3.8 6  7.7  69  196  317 344 -418  0
3823500 2818500  6 18 16  14.5  994 212  4.1 8  8.1  75    8  223 345 -415  0
3823500 2818500  6 18 17  13.8  995 224  2.4 5  8.0  78   93  223 338 -417  0
3823500 2818500  6 18 18  15.3  995 230  4.6 3  7.7  73  352   59 319 -416  0
3823500 2818500  6 18 19  14.5  995 218  3.1 3  7.5  70  209   57 310 -410  0
3823500 2818500  6 18 20  13.4  995 222  2.3 6  7.5  74   26   49 317 -405  0
3823500 2818500  6 18 21  12.5  995 195  1.9 5  7.5  80    0    3 322 -399  0
3823500 2818500  6 18 22  11.9  995 204  2.8 6  7.5  84    0    0 321 -393  0
3823500 2818500  6 18 23  11.8  996 213  2.6 7  7.6  86    0    0 329 -388  0
3823500 2818500  6 18 24  11.8  996 198  2.8 7  7.6  87    0    0 335 -385  0
3823500 2818500  6 19  1  12.1  995 217  3.0 5  7.5  85    0    0 325 -386  0
3823500 2818500  6 19  2  11.9  995 205  4.0 5  7.4  83    0    0 318 -387  0
3823500 2818500  6 19  3  12.0  995 214  4.8 6  7.3  82    0    0 325 -386  0
3823500 2818500  6 19  4  11.9  995 210  4.1 7  7.4  83    0    0 335 -385  0
3823500 2818500  6 19  5  12.0  995 218  4.1 7  7.5  84    0    3 339 -384  0
3823500 2818500  6 19  6  12.1  995 219  4.6 6  7.5  84    0   38 335 -385  0
3823500 2818500  6 19  7  12.3  995 218  4.9 7  7.6  84    0   65 334 -387  0
3823500 2818500  6 19  8  12.0  995 226  5.2 7  7.8  86    0   93 340 -388  0
3823500 2818500  6 19  9  12.7  995 223  3.0 8  8.0  87    0  122 348 -388  0
3823500 2818500  6 19 10  12.7  995 214  6.5 7  8.1  87    0  179 352 -394  0
3823500 2818500  6 19 11  12.6  996 236  4.8 8  8.2  88    0  142 353 -399  0
3823500 2818500  6 19 12  12.7  996 243  5.4 7  8.4  90    0  177 351 -407  0
3823500 2818500  6 19 13  13.6  997 251  3.9 6  8.5  89   14  248 344 -418  0
3823500 2818500  6 19 14  14.0  997 253  6.1 7  8.5  84    0  179 344 -421  0
3823500 2818500  6 19 15  14.2  998 277  4.6 7  8.3  81    0  179 345 -421  0
3823500 2818500  6 19 16  14.7  999 274  4.8 7  8.0  77   28  207 346 -421  0
3823500 2818500  6 19 17  15.0 1000 273  4.0 7  7.6  71   25  168 346 -419  0
3823500 2818500  6 19 18  14.9 1001 270  4.3 7  7.1  66   63  113 345 -414  0
3823500 2818500  6 19 19  14.1 1001 272  3.1 6  7.1  68   71   56 341 -407  0
3823500 2818500  6 19 20  13.7 1002 262  3.7 7  7.6  76   17   31 341 -401  0
3823500 2818500  6 19 21  13.3 1003 264  2.8 7  7.9  80    0    4 346 -394  0
3823500 2818500  6 19 22  12.8 1003 262  2.5 7  8.0  84    0    0 346 -388  0
3823500 2818500  6 19 23  12.8 1004 243  2.5 7  8.1  87    0    0 346 -383  0
3823500 2818500  6 19 24  12.4 1004 245  2.3 7  8.2  89    0    0 348 -380  0
3823500 2818500  6 20  1  12.4 1005 243  2.1 7  8.2  91    0    0 346 -377  0
3823500 2818500  6 20  2  12.3 1005 238  2.2 6  8.2  90    0    0 341 -375  0
3823500 2818500  6 20  3  12.2 1005 238  2.2 7  8.2  91    0    0 342 -374  0
3823500 2818500  6 20  4  12.1 1005 224  2.6 8  8.2  91    0    0 352 -373  0
3823500 2818500  6 20  5  12.0 1005 230  1.9 8  8.0  90    0    1 358 -371  0
3823500 2818500  6 20  6  11.8 1005 219  2.0 8  7.8  89    0   38 359 -369  0
3823500 2818500  6 20  7  11.9 1005 224  2.9 5  7.7  88   18  122 344 -373  0
3823500 2818500  6 20  8  12.6 1005 219  2.7 6  7.8  86   48  201 336 -382  0
3823500 2818500  6 20  9  13.2 1005 228  1.9 5  7.8  84  208  262 339 -395  0
3823500 2818500  6 20 10  14.9 1005 220  2.8 6  8.0  79  216  327 343 -410  0
3823500 2818500  6 20 11  15.9 1005 222  3.0 6  8.0  73  163  374 351 -422  0
3823500 2818500  6 20 12  17.5 1005 216  3.4 4  7.7  65  253  392 345 -433  0
3823500 2818500  6 20 13  17.8 1004 205  3.7 3  7.3  57  240  398 334 -442  0
3823500 2818500  6 20 14  18.2 1004 213  3.2 4  7.3  56  228  379 335 -447  0
3823500 2818500  6 20 15  18.8 1004 201  3.2 3  7.7  57  355  313 337 -449  0
3823500 2818500  6 20 16  18.6 1004 202  2.4 3  7.8  57  307  273 334 -449  0
3823500 2818500  6 20 17  18.7 1004 226  2.3 3  7.6  56  224  230 332 -446  0
3823500 2818500  6 20 18  18.6 1003 220  1.7 3  7.6  56  221  153 332 -439  0
3823500 2818500  6 20 19  18.3 1003 201  1.6 4  7.8  58  133  105 336 -428  0
3823500 2818500  6 20 20  17.4 1003 216  0.9 4  8.0  62   32   55 339 -421  0
3823500 2818500  6 20 21  16.0 1003 212  0.1 3  8.2  68    2   11 332 -417  0
3823500 2818500  6 20 22  15.2 1003 202  0.3 5  8.3  75    0    0 333 -412  0
3823500 2818500  6 20 23  14.3 1004 207  0.2 6  8.4  80    0    0 343 -408  0
3823500 2818500  6 20 24  14.4 1004 206  0.4 5  8.6  83    0    0 341 -404  0
3823500 2818500  6 21  1  14.5 1003 191  0.3 6  8.8  85    0    0 340 -403  0
3823500 2818500  6 21  2  14.7 1003 204  0.2 6  9.1  87    0    0 346 -402  0
3823500 2818500  6 21  3  14.8 1003 200  0.3 6  9.5  89    0    0 347 -402  0
3823500 2818500  6 21  4  14.7 1002 203  0.4 7  9.8  92    0    0 353 -402  0
3823500 2818500  6 21  5  14.9 1002 211  0.4 8 10.1  94    0    2 364 -402  0
3823500 2818500  6 21  6  15.2 1002 216  1.2 7 10.2  94    0   12 364 -402  0
3823500 2818500  6 21  7  15.3 1002 211  1.4 8 10.1  92    0   36 365 -402  0
3823500 2818500  6 21  8  15.9 1002 218  1.8 7 10.1  90    0  101 366 -402  0
3823500 2818500  6 21  9  16.6 1002 213  2.2 6 10.3  88    6  205 358 -406  0
3823500 2818500  6 21 10  17.2 1002 215  2.4 7 10.5  86    1  220 362 -417  0
3823500 2818500  6 21 11  16.6 1003 219  1.9 7 10.8  88    9  276 369 -426  0
3823500 2818500  6 21 12  17.9 1003 221  3.4 6 10.5  84   88  382 366 -427  0
3823500 2818500  6 21 13  19.6 1003 244  4.9 7  9.6  70   94  384 370 -430  0
3823500 2818500  6 21 14  20.2 1003 254  4.9 6  9.2  62  177  396 373 -437  0
3823500 2818500  6 21 15  21.0 1004 245  4.6 6  9.1  59  139  359 371 -441  0
3823500 2818500  6 21 16  21.0 1005 261  4.8 6  8.9  57  172  319 370 -444  0
3823500 2818500  6 21 17  21.0 1005 270  5.0 6  8.6  55  208  251 367 -443  0
3823500 2818500  6 21 18  21.1 1005 256  3.2 5  8.6  54  149  186 362 -440  0
3823500 2818500  6 21 19  20.5 1004 262  2.1 6  8.7  56   21  105 359 -434  0
3823500 2818500  6 21 20  20.0 1004 247  0.6 6  8.9  60    0   15 360 -428  0
3823500 2818500  6 21 21  19.3 1004 238  0.8 7  9.2  64    0    2 361 -421  0
3823500 2818500  6 21 22  17.7 1004 235  0.5 6  9.4  70    0    0 359 -414  0
3823500 2818500  6 21 23  16.7 1004 206  0.3 6  9.4  76    0    0 352 -410  0
3823500 2818500  6 21 24  15.7 1004 184  0.7 6  9.3  80    0    0 349 -408  0
3823500 2818500  6 22  1  15.4 1004 190  0.3 7  9.4  84    0    0 351 -406  0
3823500 2818500  6 22  2  16.0 1004 173  0.3 8  9.3  83    0    0 360 -404  0
3823500 2818500  6 22  3  15.9 1004 188  0.7 6  9.2  81    0    0 358 -402  0
3823500 2818500  6 22  4  14.9 1004 159  0.4 6  9.3  84    0    0 348 -400  0
3823500 2818500  6 22  5  14.5 1003 103  0.2 5  9.4  89    0   10 342 -400  0
3823500 2818500  6 22  6  15.7 1003 174  0.1 5  9.6  88    6   52 339 -400  0
3823500 2818500  6 22  7  17.0 1003 194  0.8 5  9.9  84   50  130 344 -402  0
3823500 2818500  6 22  8  18.0 1002 228  1.6 6 10.0  79   27  185 352 -406  0
3823500 2818500  6 22  9  18.6 1002 257  1.4 6  9.6  72   81  263 358 -414  0
3823500 2818500  6 22 10  19.2 1002 229  1.6 5  9.2  67  124  319 356 -424  0
3823500 2818500  6 22 11  20.0 1001 209  1.5 6  9.5  66   32  308 359 -432  0
3823500 2818500  6 22 12  19.6 1001 223  2.6 7 10.0  68    0  179 369 -438  0
3823500 2818500  6 22 13  18.9 1001 220  2.5 7 10.1  71    0  124 372 -439  0
3823500 2818500  6 22 14  16.6 1001 228  2.3 7 10.2  79    0  120 367 -437  0
3823500 2818500  6 22 15  16.7 1001 205  2.2 7 10.3  85    0  170 365 -441  0
3823500 2818500  6 22 16  17.3 1000 237  1.7 7 10.6  86    8  223 367 -445  0
3823500 2818500  6 22 17  16.8  999 257  5.4 7 10.2  82   60  224 366 -443  0
3823500 2818500  6 22 18  15.8 1000 291  4.5 4  9.1  77  109  171 347 -439  0
3823500 2818500  6 22 19  16.3 1001 254  3.9 4  8.7  75  100  106 332 -431  0
3823500 2818500  6 22 20  15.6 1002 222  3.2 5  7.9  69   33   53 332 -421  0
3823500 2818500  6 22 21  13.6 1002 228  3.0 3  7.5  72    0    2 324 -412  0
3823500 2818500  6 22 22  13.2 1003 197  1.9 3  7.8  80    0    0 314 -403  0
3823500 2818500  6 22 23  13.7 1003 201  2.4 5  7.9  81    0    0 322 -395  0
3823500 2818500  6 22 24  15.0 1004 207  3.6 8  7.9  77    0    0 345 -391  0
3823500 2818500  6 23  1  15.0 1004 211  3.6 6  7.9  73    0    0 351 -388  0
3823500 2818500  6 23  2  14.3 1004 211  2.5 5  7.8  75    0    0 337 -386  0
3823500 2818500  6 23  3  13.7 1003 211  2.1 2  7.8  78    0    0 317 -385  0
3823500 2818500  6 23  4  13.3 1003 219  2.4 3  7.9  80    0    0 308 -384  0
3823500 2818500  6 23  5  13.6 1003 219  2.3 6  7.7  80    0    4 323 -384  0
3823500 2818500  6 23  6  13.9 1004 220  2.8 4  7.7  78    8   55 329 -384  0
3823500 2818500  6 23  7  14.0 1004 222  3.1 7  7.8  77    0   90 334 -386  0
3823500 2818500  6 23  8  14.4 1004 219  3.9 7  8.0  78    3  147 349 -391  0
3823500 2818500  6 23  9  15.6 1004 230  3.8 7  8.2  76   27  248 354 -399  0
3823500 2818500  6 23 10  15.6 1005 232  4.4 7  8.3  74    9  254 355 -408  0
3823500 2818500  6 23 11  15.7 1005 231  3.7 6  8.1  72   75  352 347 -414  0
3823500 2818500  6 23 12  18.0 1005 218  4.2 4  8.1  67  329  380 334 -421  0
3823500 2818500  6 23 13  17.8 1005 233  3.6 2  7.8  60  566  286 319 -427  0
3823500 2818500  6 23 14  18.6 1005 222  4.8 3  7.3  56  450  329 314 -426  0
3823500 2818500  6 23 15  17.5 1005 257  3.0 5  7.2  55  228  355 324 -424  0
3823500 2818500  6 23 16  17.7 1005 247  4.6 6  7.7  61   84  289 335 -424  0
3823500 2818500  6 23 17  16.4 1006 245  4.0 6  7.8  63   57  231 337 -422  0
3823500 2818500  6 23 18  16.4 1006 220  2.7 4  7.6  65  159  181 328 -418  0
3823500 2818500  6 23 19  16.2 1006 241  2.4 4  7.7  66  127  110 321 -410  0
3823500 2818500  6 23 20  14.1 1006 232  2.5 7  7.9  73   46   59 332 -401  0
3823500 2818500  6 23 21  13.2 1007 223  2.0 6  8.0  82    5   12 337 -395  0
3823500 2818500  6 23 22  12.2 1007 221  0.7 5  7.8  85    0    0 324 -390  0
3823500 2818500  6 23 23  12.3 1008 224  0.9 4  7.9  88    0    0 314 -387  0
3823500 2818500  6 23 24  11.5 1008 221  0.9 5  7.8  90    0    0 313 -385  0
3823500 2818500  6 24  1  11.6 1008 212  1.2 4  7.6  89    0    0 312 -384  0
3823500 2818500  6 24  2  11.1 1008 217  1.4 4  7.6  90    0    0 308 -383  0
3823500 2818500  6 24  3  10.9 1008 215  1.4 4  7.5  91    0    0 308 -383  0
3823500 2818500  6 24  4  10.7 1009 213  1.8 4  7.5  92    0    0 308 -382  0
3823500 2818500  6 24  5  11.0 1009 227  2.2 5  7.6  93    0    8 312 -382  0
3823500 2818500  6 24  6  11.9 1009 234  2.5 4  7.8  92    9   53 312 -381  0
3823500 2818500  6 24  7  12.6 1009 241  3.1 6  8.0  90   16  111 315 -381  0
3823500 2818500  6 24  8  13.2 1010 266  4.0 6  8.0  86   42  186 324 -383  0
3823500 2818500  6 24  9  13.6 1010 269  3.4 7  8.0  83   74  250 329 -387  0
3823500 2818500  6 24 10  14.5 1011 280  4.0 6  7.8  77  191  292 329 -396  0
3823500 2818500  6 24 11  15.8 1011 278  3.3 4  7.3  68  348  288 320 -407  0
3823500 2818500  6 24 12  15.3 1011 260  3.6 6  7.4  66   88  342 320 -411  0
3823500 2818500  6 24 13  14.4 1011 247  2.1 5  7.5  70  297  332 319 -413  0
3823500 2818500  6 24 14  16.4 1011 282  2.8 3  7.2  66  589  191 309 -420  0
3823500 2818500  6 24 15  16.7 1011 250  4.5 5  6.9  59  143  310 313 -424  0
3823500 2818500  6 24 16  15.9 1012 286  3.6 7  6.7  58   12  227 323 -424  0
3823500 2818500  6 24 17  16.4 1012 278  3.1 7  6.4  56   18  193 328 -422  0
3823500 2818500  6 24 18  16.2 1012 292  2.2 8  6.4  55    2  122 332 -418  0
3823500 2818500  6 24 19  16.0 1012 279  2.0 7  6.5  57   11   91 332 -411  0
3823500 2818500  6 24 20  15.8 1013 281  1.8 4  6.6  58    9   44 320 -401  0
3823500 2818500  6 24 21  13.9 1013 278  0.9 2  6.5  61    2    9 303 -391  0
3823500 2818500  6 24 22  13.0 1014 261  0.3 2  6.3  66    0    0 292 -382  0
3823500 2818500  6 24 23  12.7 1014 243  0.3 3  6.4  69    0    0 295 -375  0
3823500 2818500  6 24 24  11.4 1014 226  0.9 4  6.5  74    0    0 300 -369  0
3823500 2818500  6 25  1  10.9 1015 227  1.0 4  6.5  79    0    0 301 -365  0
3823500 2818500  6 25  2  10.8 1015 218  0.8 5  6.6  81    0    0 305 -363  0
3823500 2818500  6 25  3  11.0 1015 212  0.8 7  6.7  82    0    0 317 -362  0
3823500 2818500  6 25  4  11.8 1014 218  1.0 8  6.8  81    0    0 330 -362  0
3823500 2818500  6 25  5  11.8 1014 222  0.3 8  6.9  80    0    2 338 -366  0
3823500 2818500  6 25  6  12.0 1014 216  1.2 7  7.1  82    0   24 339 -371  0
3823500 2818500  6 25  7  12.8 1014 214  1.7 7  7.4  82    0   83 340 -376  0
3823500 2818500  6 25  8  13.8 1014 217  2.0 6  7.5  79    9  186 340 -381  0
3823500 2818500  6 25  9  14.0 1014 217  2.2 8  7.7  78    0  143 349 -384  0
3823500 2818500  6 25 10  13.9 1014 235  3.3 7  7.7  78    2  240 356 -386  0
3823500 2818500  6 25 11  13.5 1015 231  3.2 7  7.5  76    2  260 354 -389  0
3823500 2818500  6 25 12  12.8 1015 220  3.1 7  7.4  78    0  175 355 -389  0
3823500 2818500  6 25 13  12.7 1014 215  2.5 8  7.7  84    0  150 361 -387  0
3823500 2818500  6 25 14  12.9 1014 211  3.0 8  8.0  87    0  143 369 -386  0
3823500 2818500  6 25 15  13.4 1014 209  2.6 7  8.3  88    0  130 368 -387  0
3823500 2818500  6 25 16  13.5 1013 212  3.3 7  8.6  89    0  138 366 -387  0
3823500 2818500  6 25 17  13.5 1013 210  2.1 7  9.0  92    0  135 367 -387  0
3823500 2818500  6 25 18  13.6 1013 207  1.6 7  9.3  96    0   78 369 -388  0
3823500 2818500  6 25 19  13.9 1012 222  2.0 7  9.6  97    0   54 371 -388  0
3823500 2818500  6 25 20  14.1 1012 228  1.6 8  9.8  98    0   25 377 -390  0
3823500 2818500  6 25 21  14.9 1012 232  1.9 7 10.2  98    0    3 379 -392  0
3823500 2818500  6 25 22  15.2 1013 230  1.5 8 10.4  97    0    0 381 -395  0
3823500 2818500  6 25 23  15.5 1013 226  1.4 8 10.7  98    0    0 386 -396  0
3823500 2818500  6 25 24  16.0 1013 233  1.9 8 11.0  98    0    0 388 -397  0
3823500 2818500  6 26  1  16.1 1013 232  1.2 8 11.0  96    0    0 389 -398  0
3823500 2818500  6 26  2  16.3 1013 238  1.2 8 11.1  96    0    0 390 -398  0
3823500 2818500  6 26  3  16.4 1013 241  1.0 8 11.2  96    0    0 390 -398  0
3823500 2818500  6 26  4  16.3 1013 252  1.4 7 11.2  96    0    0 385 -398  0
3823500 2818500  6 26  5  16.5 1013 241  1.6 7 11.3  96    0    2 380 -398  0
3823500 2818500  6 26  6  16.6 1013 253  1.6 8 11.3  96    0   16 387 -399  0
3823500 2818500  6 26  7  16.6 1013 246  1.8 7 11.4  96    0   60 386 -399  0
3823500 2818500  6 26  8  17.4 1014 261  1.9 7 11.6  95    0  120 382 -402  0
3823500 2818500  6 26  9  17.9 1014 265  2.1 7 11.7  92    0  181 384 -406  0
3823500 2818500  6 26 10  18.9 1014 272  2.0 7 11.9  89   23  290 388 -415  0
3823500 2818500  6 26 11  19.9 1014 254  1.9 7 11.9  84   64  361 392 -431  0
3823500 2818500  6 26 12  21.1 1015 280  2.7 6 11.8  78  172  421 391 -446  0
3823500 2818500  6 26 13  22.2 1015 263  2.4 5 11.5  71  166  421 385 -458  0
3823500 2818500  6 26 14  22.6 1014 272  3.2 6 11.0  65  112  391 387 -469  0
3823500 2818500  6 26 15  23.6 1015 259  2.5 6 11.0  62   18  276 393 -474  0
3823500 2818500  6 26 16  23.1 1014 261  2.4 5 11.3  62   58  293 390 -471  0
3823500 2818500  6 26 17  23.7 1015 343  1.6 7 11.2  62   52  241 394 -467  0
3823500 2818500  6 26 18  23.4 1015 357  1.1 5 11.3  62   94  198 395 -467  0
3823500 2818500  6 26 19  23.8 1015  28  0.9 2 11.3  62  141  121 375 -461  0
3823500 2818500  6 26 20  22.5 1014 149  0.6 2 11.6  65   49   68 361 -450  0
3823500 2818500  6 26 21  19.3 1014 113  0.1 1 11.9  76    2   11 349 -438  0
3823500 2818500  6 26 22  17.1 1014 110  0.1 1 11.5  87    0    0 334 -428  0
3823500 2818500  6 26 23  15.9 1014  93  0.1 0 11.0  94    0    0 323 -422  0
3823500 2818500  6 26 24  15.0 1014 123  0.1 0 10.6  96    0    0 314 -417  0
3823500 2818500  6 27  1  15.4 1014 112  0.1 1 10.2  95    0    0 315 -413  0
3823500 2818500  6 27  2  15.5 1013 108  0.1 1 10.3  94    0    0 316 -411  0
3823500 2818500  6 27  3  14.8 1013  96  0.2 1 10.2  95    0    0 313 -409  0
3823500 2818500  6 27  4  15.4 1013  99  0.2 1 10.2  95    0    0 312 -406  0
3823500 2818500  6 27  5  15.5 1013 112  0.4 1 10.4  94    1   13 312 -405  0
3823500 2818500  6 27  6  17.1 1013 119  0.9 0 10.6  91   37   63 311 -406  0
3823500 2818500  6 27  7  19.1 1013 125  1.5 0 11.0  84  159  101 312 -411  0
3823500 2818500  6 27  8  21.3 1012 118  2.0 0 11.2  75  293  125 319 -424  0
3823500 2818500  6 27  9  23.2 1012 135  2.8 0 11.3  67  438  134 327 -441  0
3823500 2818500  6 27 10  25.0 1012 133  3.1 0 11.4  60  584  128 337 -461  0
3823500 2818500  6 27 11  25.9 1012 138  3.2 0 11.3  55  709  115 346 -480  0
3823500 2818500  6 27 12  27.0 1012 129  3.0 0 11.3  52  777  114 352 -497  0
3823500 2818500  6 27 13  27.9 1011 124  3.5 1 11.2  49  826   97 359 -510  0
3823500 2818500  6 27 14  28.6 1011 139  3.3 1 11.0  45  803   95 365 -519  0
3823500 2818500  6 27 15  29.2 1010 152  3.2 1 10.9  44  736   94 368 -524  0
3823500 2818500  6 27 16  29.7 1009 128  3.2 1 10.9  42  621   98 371 -525  0
3823500 2818500  6 27 17  29.9 1009 117  3.3 2 10.9  41  468  104 373 -523  0
3823500 2818500  6 27 18  29.5 1009 115  2.2 2 11.0  42  298  106 374 -515  0
3823500 2818500  6 27 19  29.2 1009 121  1.6 3 11.1  43  168   85 374 -502  0
3823500 2818500  6 27 20  27.9 1008 104  0.9 3 11.1  45   59   55 372 -487  0
3823500 2818500  6 27 21  26.0 1009 100  0.1 3 11.2  50    3   10 367 -474  0
3823500 2818500  6 27 22  24.1 1009  95  0.3 2 11.3  56    0    0 360 -464  0
3823500 2818500  6 27 23  23.5 1009 107  0.5 1 11.4  62    0    0 354 -456  0
3823500 2818500  6 27 24  22.4 1009 107  0.2 1 11.4  64    0    0 349 -448  0
3823500 2818500  6 28  1  21.9 1009 121  0.3 2 11.3  67    0    0 347 -441  0
3823500 2818500  6 28  2  21.3 1008 110  0.4 2 11.1  68    0    0 346 -437  0
3823500 2818500  6 28  3  20.9 1008 109  0.2 2 10.8  68    0    0 344 -434  0
3823500 2818500  6 28  4  20.7 1008 102  0.2 3 10.4  67    0    0 343 -433  0
3823500 2818500  6 28  5  20.2 1008  98  0.3 3 10.2  68    0    6 344 -432  0
3823500 2818500  6 28  6  20.8 1007 118  0.8 3 10.3  68   22   62 342 -435  0
3823500 2818500  6 28  7  22.3 1008  96  1.2 3 10.7  66  128  118 345 -441  0
3823500 2818500  6 28  8  24.2 1009 105  1.8 2 10.9  61  186  182 348 -448  0
3823500 2818500  6 28  9  26.5 1008 107  2.4 1 11.3  55  389  170 354 -462  0
3823500 2818500  6 28 10  28.4 1008 121  2.9 3 11.7  51  499  190 364 -483  0
3823500 2818500  6 28 11  29.7 1008 164  2.5 3 12.1  48  612  187 375 -507  0
3823500 2818500  6 28 12  31.1 1008 141  2.4 3 12.6  46  690  180 382 -526  0
3823500 2818500  6 28 13  32.2 1008 155  2.4 3 12.4  42  759  151 390 -540  0
3823500 2818500  6 28 14  32.8 1007 151  2.1 2 12.1  39  722  157 394 -553  0
3823500 2818500  6 28 15  33.2 1007 146  3.5 2 11.8  37  662  150 397 -556  0
3823500 2818500  6 28 16  33.0 1006 119  3.0 2 11.5  36  561  142 399 -562  0
3823500 2818500  6 28 17  32.8 1006 118  3.0 2 11.2  35  427  135 399 -561  0
3823500 2818500  6 28 18  32.2 1005 123  2.1 1 10.9  35  298  117 396 -542  0
3823500 2818500  6 28 19  31.5 1005 299  2.1 1 10.8  36  168   92 393 -525  0
3823500 2818500  6 28 20  29.5 1004 151  0.1 3 11.0  40   35   56 392 -509  0
3823500 2818500  6 28 21  27.4 1004 130  1.0 5 11.3  46    0    3 391 -496  0
3823500 2818500  6 28 22  25.0 1005 160  1.3 7 11.3  52    0    0 390 -488  0
3823500 2818500  6 28 23  21.5 1006  39  2.2 7 11.9  66    0    0 385 -486  0
3823500 2818500  6 28 24  21.4 1007 163  1.7 7 12.4  77    0    0 383 -485  0
3823500 2818500  6 29  1  21.7 1006  67  1.2 8 12.1  75    0    0 385 -478  0
3823500 2818500  6 29  2  21.1 1007 236  1.9 8 12.2  76    0    0 387 -468  0
3823500 2818500  6 29  3  20.6 1007 225  1.5 7 12.5  80    0    0 386 -459  0
3823500 2818500  6 29  4  19.7 1007 284  1.4 7 13.0  87    0    0 384 -452  0
3823500 2818500  6 29  5  19.6 1006  81  1.1 7 13.4  92    0    2 383 -446  0
3823500 2818500  6 29  6  19.7 1006  70  1.4 5 13.3  92    5   49 377 -441  0
3823500 2818500  6 29  7  20.3 1005 117  0.9 5 13.3  90   27  118 373 -438  0
3823500 2818500  6 29  8  21.4 1006 202  1.5 6 13.8  88   74  191 377 -437  0
3823500 2818500  6 29  9  22.7 1006 227  2.1 6 14.1  84   55  248 384 -438  0
3823500 2818500  6 29 10  22.7 1007 220  1.7 8 14.0  80    3  231 392 -438  0
3823500 2818500  6 29 11  22.1 1007 260  2.7 6 13.9  81  114  336 392 -437  0
3823500 2818500  6 29 12  22.2 1008 250  3.1 7 13.7  81    9  275 389 -437  0
3823500 2818500  6 29 13  19.2 1007 284  3.3 8 12.7  82    0  119 391 -434  0
3823500 2818500  6 29 14  17.7 1008 287  4.4 7 11.8  88    0  128 385 -429  0
3823500 2818500  6 29 15  17.2 1008 277  2.5 7 11.4  91    0  109 378 -428  0
3823500 2818500  6 29 16  17.1 1009 289  3.9 7 11.1  90    0   82 376 -431  0
3823500 2818500  6 29 17  17.4 1009 293  3.1 7 10.7  87    0   66 375 -433  0
3823500 2818500  6 29 18  17.6 1010 299  3.3 8 10.3  82    0   53 379 -435  0
3823500 2818500  6 29 19  18.2 1010 296  5.0 7  9.5  74    0   43 380 -434  0
3823500 2818500  6 29 20  18.0 1010 308  2.9 5  8.6  66    0   32 366 -430  0
3823500 2818500  6 29 21  16.6 1010 309  3.1 5  8.2  66    0    2 353 -424  0
3823500 2818500  6 29 22  15.3 1011 331  2.2 5  8.1  72    0    0 348 -417  0
3823500 2818500  6 29 23  14.3 1012 331  2.8 6  8.1  77    0    0 347 -411  0
3823500 2818500  6 29 24  13.6 1012 329  1.9 6  8.0  80    0    0 349 -404  0
3823500 2818500  6 30  1  12.7 1012 306  1.3 6  7.9  83    0    0 346 -395  0
3823500 2818500  6 30  2  11.7 1012 294  0.8 6  7.8  87    0    0 342 -389  0
3823500 2818500  6 30  3  11.7 1012 289  1.3 6  7.7  89    0    0 339 -385  0
3823500 2818500  6 30  4  11.3 1012 284  0.8 6  7.5  88    0    0 339 -382  0
3823500 2818500  6 30  5  11.1 1012 277  1.3 5  7.4  89    0   13 333 -378  0
3823500 2818500  6 30  6  11.4 1012 275  1.6 3  7.4  89   52   59 317 -377  0
3823500 2818500  6 30  7  12.9 1013 285  2.6 3  7.6  86  172   88 308 -382  0
3823500 2818500  6 30  8  14.5 1013 311  3.8 3  7.8  79  292  116 311 -392  0
3823500 2818500  6 30  9  15.0 1013 295  4.0 4  7.4  71  276  211 319 -406  0
3823500 2818500  6 30 10  16.6 1013 320  3.7 5  7.0  62  336  255 332 -420  0
3823500 2818500  6 30 11  17.2 1013 307  3.9 3  6.7  56  486  233 330 -433  0
3823500 2818500  6 30 12  18.1 1013 339  3.0 3  6.4  51  569  222 322 -445  0
3823500 2818500  6 30 13  19.1 1013 285  3.9 5  6.2  46  191  364 335 -452  0
3823500 2818500  6 30 14  17.8 1013 306  4.1 6  6.3  48    6  252 349 -447  0
3823500 2818500  6 30 15  19.1 1013 293  2.7 4  6.6  50  172  323 345 -444  0
3823500 2818500  6 30 16  17.5 1013 320  2.7 6  6.6  50   47  259 345 -443  0
3823500 2818500  6 30 17  15.6 1013 284  2.1 5  6.6  57   23  201 345 -438  0
3823500 2818500  6 30 18  17.0 1013 292  1.3 6  6.6  58   74  166 345 -430  0
3823500 2818500  6 30 19  17.3 1013 268  0.9 4  6.7  55   57  108 344 -424  0
3823500 2818500  6 30 20  16.7 1013 288  1.2 4  6.9  57   57   48 334 -419  0
3823500 2818500  6 30 21  15.2 1013 279  0.1 4  6.9  61    0    4 328 -411  0
3823500 2818500  6 30 22  13.4 1013 265  0.7 5  7.0  69    0    0 325 -402  0
3823500 2818500  6 30 23  12.3 1013 268  0.6 6  7.0  76    0    0 329 -393  0
3823500 2818500  6 30 24  12.1 1013 283  0.8 4  7.0  79    0    0 320 -386  0
3823500 2818500  7  1  1  11.8 1013 273  0.8 5  7.3  85    0    0 315 -378  0
3823500 2818500  7  1  2  11.6 1013 264  0.5 6  7.3  85    0    0 321 -376  0
3823500 2818500  7  1  3  11.6 1013 266  0.4 7  7.3  86    0    0 329 -372  0
3823500 2818500  7  1  4  11.5 1013 268  0.7 8  7.3  86    0    0 336 -369  0
3823500 2818500  7  1  5  11.3 1013 265  0.9 8  7.3  87    0    4 338 -366  0
3823500 2818500  7  1  6  11.3 1013 262  1.0 5  7.4  89    5   49 322 -366  0
3823500 2818500  7  1  7  12.4 1013 266  1.5 3  7.5  86   66  120 301 -371  0
3823500 2818500  7  1  8  14.3 1013 288  2.1 2  7.5  79  201  165 292 -382  0
3823500 2818500  7  1  9  14.8 1013 295  2.8 3  7.4  71  252  228 295 -395  0
3823500 2818500  7  1 10  15.5 1013 292  3.0 4  7.0  65  230  301 304 -407  0
3823500 2818500  7  1 11  15.8 1013 280  3.6 2  6.8  62  510  240 303 -414  0
3823500 2818500  7  1 12  16.0 1013 280  3.5 4  6.8  61  183  365 306 -420  0
3823500 2818500  7  1 13  17.1 1013 311  4.3 3  6.8  58  436  319 314 -422  0
3823500 2818500  7  1 14  15.8 1013 288  2.9 5  7.1  61   65  342 318 -423  0
3823500 2818500  7  1 15  16.6 1013 304  3.8 5  7.3  64   66  320 325 -430  0
3823500 2818500  7  1 16  15.9 1013 307  3.2 5  7.2  63  161  295 326 -429  0
3823500 2818500  7  1 17  15.6 1013 307  2.8 4  7.4  66  353  171 322 -425  0
3823500 2818500  7  1 18  14.4 1013 298  1.9 7  7.4  69   89  177 327 -421  0
3823500 2818500  7  1 19  14.7 1013 322  0.9 5  7.4  72   23  107 330 -415  0
3823500 2818500  7  1 20  14.5 1012 287  0.2 5  7.7  74   36   55 325 -408  0
3823500 2818500  7  1 21  13.7 1012 303  0.7 3  7.6  75    2   11 317 -400  0
3823500 2818500  7  1 22  12.4 1012 289  0.6 2  7.2  76    0    0 300 -393  0
3823500 2818500  7  1 23  11.0 1012 284  0.2 2  6.9  80    0    0 292 -386  0
3823500 2818500  7  1 24  10.7 1012 280  0.2 2  6.9  85    0    0 289 -381  0
3823500 2818500  7  2  1  10.7 1012 274  0.4 2  7.0  86    0    0 289 -377  0
3823500 2818500  7  2  2   9.8 1012 266  0.3 2  6.9  89    0    0 286 -373  0
3823500 2818500  7  2  3   9.2 1011 272  0.3 2  6.6  89    0    0 284 -370  0
3823500 2818500  7  2  4   8.7 1011 258  0.1 2  6.5  91    0    0 282 -367  0
3823500 2818500  7  2  5   9.3 1010 262  0.6 5  6.7  93    1   13 297 -365  0
3823500 2818500  7  2  6   9.8 1010 260  0.8 6  7.1  95    4   47 320 -366  0
3823500 2818500  7  2  7  11.2 1010 277  1.6 8  7.4  94    0   69 338 -371  0
3823500 2818500  7  2  8  13.3 1009 278  2.0 6  7.7  86   49  199 343 -380  0
3823500 2818500  7  2  9  14.3 1009 302  2.8 6  7.6  76  115  276 337 -392  0
3823500 2818500  7  2 10  15.1 1009 305  2.6 5  7.0  67  121  331 335 -406  0
3823500 2818500  7  2 11  14.9 1009 293  3.2 7  6.7  62   23  298 341 -419  0
3823500 2818500  7  2 12  15.2 1008 293  2.5 7  6.9  64    6  269 349 -431  0
3823500 2818500  7  2 13  16.5 1008 310  3.2 6  7.0  62   90  383 348 -439  0
3823500 2818500  7  2 14  16.0 1008 309  4.1 6  6.9  60   47  343 346 -441  0
3823500 2818500  7  2 15  16.5 1007 305  3.8 7  7.0  60   27  299 351 -437  0
3823500 2818500  7  2 16  16.8 1007 302  3.7 7  7.1  60   40  283 358 -430  0
3823500 2818500  7  2 17  16.9 1007 311  3.4 7  6.7  56   64  245 359 -424  0
3823500 2818500  7  2 18  16.5 1006 304  3.2 7  6.3  53   37  177 357 -417  0
3823500 2818500  7  2 19  15.7 1006 324  4.9 7  6.4  55    1   81 356 -412  0
3823500 2818500  7  2 20  15.1 1006 312  3.2 7  6.3  58    0   35 354 -405  0
3823500 2818500  7  2 21  14.6 1006 308  2.9 7  6.4  60    0    2 353 -400  0
3823500 2818500  7  2 22  14.1 1006 301  2.5 7  6.4  63    0    0 353 -397  0
3823500 2818500  7  2 23  13.9 1007 257  2.1 6  6.9  69    0    0 348 -395  0
3823500 2818500  7  2 24  13.7 1006 204  1.6 4  7.5  76    0    0 345 -393  0
3823500 2818500  7  3  1  13.6 1018 141  1.0 3  8.2  83    0    0 316 -399  0
3823500 2818500  7  3  2  13.5 1017  93  0.6 1  8.7  89    0    0 314 -395  0
3823500 2818500  7  3  3  13.1 1017  58  0.4 0  9.0  94    0    0 307 -391  0
3823500 2818500  7  3  4  13.2 1017  63  0.5 0  9.0  95    0    0 300 -389  0
3823500 2818500  7  3  5  13.8 1016  67  0.6 1  9.3  95    1   10 297 -388  0
3823500 2818500  7  3  6  14.7 1016  79  0.8 1  9.5  99   46   54 303 -390  0
3823500 2818500  7  3  7  15.9 1016  74  0.8 2 10.3  95   89  106 317 -397  0
3823500 2818500  7  3  8  16.5 1016  67  1.3 6 10.0  87   26  173 338 -409  0
3823500 2818500  7  3  9  16.9 1016  74  2.5 6  9.8  82   18  225 355 -424  0
3823500 2818500  7  3 10  18.0 1015  71  2.6 6  9.7  78   38  292 356 -441  0
3823500 2818500  7  3 11  18.4 1015  69  2.8 6  9.6  73  109  340 359 -458  0
3823500 2818500  7  3 12  20.1 1014  64  2.6 4  9.5  68  344  322 355 -472  0
3823500 2818500  7  3 13  21.5 1014  85  2.5 3  9.7  63  589  204 351 -482  0
3823500 2818500  7  3 14  22.8 1013  81  2.7 3  9.7  58  604  179 354 -489  0
3823500 2818500  7  3 15  23.6 1013  73  3.0 2  9.4  53  671   95 355 -491  0
3823500 2818500  7  3 16  24.3 1012  59  3.2 2  9.0  48  642   62 354 -487  0
3823500 2818500  7  3 17  24.2 1012 100  2.7 1  8.7  46  509   62 351 -481  0
3823500 2818500  7  3 18  23.7 1011  84  2.9 1  8.6  46  356   64 346 -472  0
3823500 2818500  7  3 19  23.6 1010  69  2.6 0  8.5  46  208   61 341 -461  0
3823500 2818500  7  3 20  22.4 1010 101  2.0 1  8.6  49   78   43 338 -451  0
3823500 2818500  7  3 21  20.5 1009  89  1.4 0  8.5  53    6   13 331 -439  0
3823500 2818500  7  3 22  18.9 1008  92  0.8 0  8.3  58    0    0 321 -430  0
3823500 2818500  7  3 23  18.6 1008 107  0.9 0  8.2  60    0    0 317 -423  0
3823500 2818500  7  3 24  17.8 1008 107  0.9 0  8.1  62    0    0 314 -418  0
3823500 2818500  7  4  1  16.6 1008 103  0.6 0  8.1  65    0    0 310 -413  0
3823500 2818500  7  4  2  15.7 1008 110  0.4 0  8.0  69    0    0 306 -409  0
3823500 2818500  7  4  3  15.1 1008  93  1.1 0  7.8  71    0    0 303 -405  0
3823500 2818500  7  4  4  14.3 1007 102  0.6 0  7.7  73    0    0 301 -401  0
3823500 2818500  7  4  5  13.5 1007 100  1.1 0  7.7  77    0   10 300 -397  0
3823500 2818500  7  4  6  16.4 1007 111  1.2 0  7.9  74   36   59 302 -396  0
3823500 2818500  7  4  7  18.0 1007 109  1.5 0  8.1  66  136  101 309 -400  0
3823500 2818500  7  4  8  19.9 1007 112  2.4 0  8.1  59  271  124 314 -409  0
3823500 2818500  7  4  9  21.8 1007 121  2.5 0  8.3  53  402  144 321 -423  0
3823500 2818500  7  4 10  22.9 1008 111  3.0 0  8.5  50  521  157 327 -439  0
3823500 2818500  7  4 11  23.3 1007 107  3.6 0  8.6  48  626  157 333 -453  0
3823500 2818500  7  4 12  24.3 1007 105  3.4 0  8.7  47  695  155 338 -465  0
3823500 2818500  7  4 13  25.2 1007 138  3.7 1  9.2  47  717  154 349 -474  0
3823500 2818500  7  4 14  25.8 1006 140  3.7 1  9.7  47  610  203 359 -481  0
3823500 2818500  7  4 15  26.2 1006 140  4.1 2  9.9  46  481  235 365 -485  0
3823500 2818500  7  4 16  26.6 1005 136  3.5 2  9.9  46  517  150 369 -485  0
3823500 2818500  7  4 17  26.5 1005 107  3.4 1 10.0  45  441  114 364 -481  0
3823500 2818500  7  4 18  27.1 1005 124  2.3 1 10.0  45  305  101 360 -475  0
3823500 2818500  7  4 19  26.8 1005  95  1.4 1 10.0  44  180   80 361 -465  0
3823500 2818500  7  4 20  25.6 1005  97  1.4 1 10.1  47   65   52 358 -454  0
3823500 2818500  7  4 21  23.6 1005  88  1.0 0 10.3  52    5   13 350 -443  0
3823500 2818500  7  4 22  22.8 1005  86  0.1 0 10.3  58    0    0 342 -434  0
3823500 2818500  7  4 23  21.9 1006 104  0.6 0 10.4  61    0    0 339 -427  0
3823500 2818500  7  4 24  21.1 1006 100  0.4 0 10.4  64    0    0 337 -421  0
3823500 2818500  7  5  1  20.1 1005  84  0.5 0 10.4  68    0    0 334 -416  0
3823500 2818500  7  5  2  19.5 1005  83  0.4 0 10.3  70    0    0 331 -412  0
3823500 2818500  7  5  3  18.3 1005  84  0.8 0 10.2  74    0    0 328 -409  0
3823500 2818500  7  5  4  18.3 1005  91  0.6 0 10.2  76    0    0 326 -407  0
3823500 2818500  7  5  5  18.2 1005  74  0.5 0 10.1  76    0    8 326 -405  0
3823500 2818500  7  5  6  19.1 1005  81  0.3 0 10.4  76   29   57 327 -405  0
3823500 2818500  7  5  7  20.9 1005  98  1.1 0 10.9  73  129  103 332 -409  0
3823500 2818500  7  5  8  23.0 1006  85  1.8 0 11.2  67  275  122 339 -421  0
3823500 2818500  7  5  9  24.4 1006  86  1.8 0 11.3  61  426  129 347 -437  0
3823500 2818500  7  5 10  25.8 1006 107  2.6 0 11.3  56  543  141 353 -455  0
3823500 2818500  7  5 11  27.2 1006 115  2.6 0 11.2  51  643  145 358 -472  0
3823500 2818500  7  5 12  27.5 1006 121  2.9 0 11.0  48  709  145 361 -486  0
3823500 2818500  7  5 13  28.0 1005 116  2.9 0 10.6  45  762  125 363 -497  0
3823500 2818500  7  5 14  28.8 1005 120  3.0 0 10.3  42  769  106 369 -504  0
3823500 2818500  7  5 15  29.1 1005 123  3.5 1 10.2  40  691  111 378 -508  0
3823500 2818500  7  5 16  29.4 1005 141  2.7 1 10.0  39  596  105 382 -506  0
3823500 2818500  7  5 17  29.4 1004 121  3.2 1 10.0  39  474   97 382 -500  0
3823500 2818500  7  5 18  29.1 1004 113  2.9 1 10.1  39  329   91 381 -492  0
3823500 2818500  7  5 19  28.9 1004 103  1.3 1 10.3  40  190   76 379 -483  0
3823500 2818500  7  5 20  27.3 1004 108  0.3 1 10.6  44   65   52 376 -472  0
3823500 2818500  7  5 21  26.1 1004  82  0.1 1 10.7  48    4   12 371 -463  0
3823500 2818500  7  5 22  23.2 1005 104  0.2 1 10.7  54    0    0 362 -454  0
3823500 2818500  7  5 23  21.9 1005  82  0.1 2 10.8  62    0    0 358 -447  0
3823500 2818500  7  5 24  21.0 1005  89  0.1 3 10.8  67    0    0 358 -441  0
3823500 2818500  7  6  1  20.9 1005 104  0.3 3 10.8  69    0    0 358 -437  0
3823500 2818500  7  6  2  19.4 1004 103  0.3 2 10.7  72    0    0 353 -433  0
3823500 2818500  7  6  3  19.2 1003  88  0.1 3 10.7  75    0    0 349 -428  0
3823500 2818500  7  6  4  18.5 1003 111  0.1 4 10.6  77    0    0 351 -424  0
3823500 2818500  7  6  5  18.2 1003  75  0.4 5 10.5  78    0    0 353 -420  0
3823500 2818500  7  6  6  20.6 1003 100  0.6 6 10.4  73    0   12 361 -421  0
3823500 2818500  7  6  7  21.3 1004  90  0.8 6 10.6  67   10  103 367 -425  0
3823500 2818500  7  6  8  22.8 1004 123  1.9 6 11.1  66   68  187 372 -434  0
3823500 2818500  7  6  9  25.6 1004 140  1.8 6 11.6  61  202  232 380 -446  0
3823500 2818500  7  6 10  26.6 1004 149  2.5 5 11.8  55  395  219 386 -459  0
3823500 2818500  7  6 11  27.4 1004 119  2.4 4 11.5  51  437  257 385 -468  0
3823500 2818500  7  6 12  27.9 1004 126  2.9 6 10.8  46  150  375 391 -483  0
3823500 2818500  7  6 13  28.1 1003 167  2.9 7 10.0  42  168  377 397 -507  0
3823500 2818500  7  6 14  27.7 1003 105  2.2 6  9.5  40  240  358 397 -525  0
3823500 2818500  7  6 15  28.6 1002  80  2.6 4  9.1  38  440  246 392 -534  0
3823500 2818500  7  6 16  28.9 1002 100  3.7 3  9.1  36  522  136 388 -529  0
3823500 2818500  7  6 17  28.9 1001 101  5.0 3  9.2  36  373  142 386 -515  0
3823500 2818500  7  6 18  28.6 1000 102  1.0 4  9.2  37  173  152 387 -493  0
3823500 2818500  7  6 19  27.5 1000  75  0.4 6  9.4  39   46  110 392 -463  0
3823500 2818500  7  6 20  25.9  999  77  1.7 6  9.9  44   19   52 393 -448  0
3823500 2818500  7  6 21  24.3  999  85  0.9 6 10.2  50    1   10 389 -443  0
3823500 2818500  7  6 22  22.8  998  76  0.1 6 10.4  56    0    0 385 -438  0
3823500 2818500  7  6 23  21.6  998  92  1.2 6 10.7  62    0    0 380 -432  0
3823500 2818500  7  6 24  20.8  998  34  1.2 8 10.6  66    0    0 384 -426  0
3823500 2818500  7  7  1  20.8  998  29  2.1 7 10.7  68    0    0 388 -424  0
3823500 2818500  7  7  2  20.5  997 239  1.7 7 10.7  69    0    0 385 -423  0
3823500 2818500  7  7  3  20.5  996  83  2.4 7 10.5  68    0    0 385 -423  0
3823500 2818500  7  7  4  20.3  995 114  1.6 7 10.2  67    0    0 387 -424  0
3823500 2818500  7  7  5  20.0  994 189  2.2 7 10.4  69    0    0 387 -424  0
3823500 2818500  7  7  6  19.1  995 160  3.1 7 10.9  75    1   37 386 -423  0
3823500 2818500  7  7  7  19.4  995 228  3.6 7 11.8  83    0   41 386 -424  0
3823500 2818500  7  7  8  20.3  995 244  3.8 6 12.6  85   13  167 385 -423  0
3823500 2818500  7  7  9  22.1  995 207  3.4 4 12.9  80  195  235 380 -423  0
3823500 2818500  7  7 10  23.4  996 167  5.6 4 13.0  73  242  288 381 -435  0
3823500 2818500  7  7 11  24.4  996 213  4.0 4 12.6  67  352  299 385 -458  0
3823500 2818500  7  7 12  24.5  996 231  3.7 4 12.5  64  259  363 387 -455  0
3823500 2818500  7  7 13  25.4  996 234  3.8 4 12.5  62  249  372 391 -447  0
3823500 2818500  7  7 14  25.8  996 222  3.8 5 12.2  58  113  360 396 -448  0
3823500 2818500  7  7 15  26.4  997 207  4.6 4 11.6  54  223  328 397 -439  0
3823500 2818500  7  7 16  26.0  997 205  3.9 4 11.0  51  205  281 394 -438  0
3823500 2818500  7  7 17  24.4  997 202  4.1 4 10.3  50  189  220 388 -440  0
3823500 2818500  7  7 18  23.8  997 190  6.5 4  9.9  52  183  148 380 -439  0
3823500 2818500  7  7 19  22.4  997 226  3.9 5  9.8  54  107   99 379 -432  0
3823500 2818500  7  7 20  21.3  998 206  4.0 7  9.8  59   52   50 384 -424  0
3823500 2818500  7  7 21  19.2  998 172  4.4 6 10.0  66    7   14 383 -419  0
3823500 2818500  7  7 22  18.7  999 200  3.9 6 10.2  73    0    0 376 -416  0
3823500 2818500  7  7 23  18.0  998 203  1.8 7 10.4  77    0    0 377 -414  0
3823500 2818500  7  7 24  17.7  998 178  1.4 7 10.6  81    0    0 380 -413  0
3823500 2818500  7  8  1  18.0  998 200  0.9 8 10.6  81    0    0 384 -414  0
3823500 2818500  7  8  2  17.5  998 202  0.8 7 10.5  81    0    0 384 -414  0
3823500 2818500  7  8  3  17.4  998 200  1.2 8 10.6  83    0    0 385 -412  0
3823500 2818500  7  8  4  16.8  998 217  1.2 8 10.7  86    0    0 388 -409  0
3823500 2818500  7  8  5  16.5  998 177  0.2 7 10.7  89    0    3 382 -408  0
3823500 2818500  7  8  6  16.9  998 224  0.4 7 11.0  91    0   12 380 -408  0
3823500 2818500  7  8  7  17.7  998 229  0.5 7 11.5  91    0   59 382 -408  0
3823500 2818500  7  8  8  18.3  998 229  1.9 6 11.9  90   20  123 382 -409  0
3823500 2818500  7  8  9  19.2  999 252  3.0 7 11.8  86   15  175 385 -408  0
3823500 2818500  7  8 10  17.4  998 249  4.1 8 11.5  86    0  148 391 -407  0
3823500 2818500  7  8 11  17.5  998 247  3.4 7 11.3  89    0  160 388 -407  0
3823500 2818500  7  8 12  17.9  999 231  3.3 8 11.3  87    0  150 388 -409  0
3823500 2818500  7  8 13  17.5  999 225  3.7 8 11.1  86    0  110 391 -412  0
3823500 2818500  7  8 14  16.8 1000 234  2.7 8 11.3  91    0  106 391 -417  0
3823500 2818500  7  8 15  17.1 1000 230  3.6 8 11.7  95    0  110 390 -424  0
3823500 2818500  7  8 16  17.0 1000 230  3.5 8 11.6  94    0   93 391 -432  0
3823500 2818500  7  8 17  17.3 1001 228  4.0 7 11.3  91    0  105 387 -432  0
3823500 2818500  7  8 18  17.2 1001 220  3.7 8 11.0  88    0   72 386 -427  0
3823500 2818500  7  8 19  17.0 1001 228  2.3 8 11.0  89    0   48 387 -419  0
3823500 2818500  7  8 20  16.6 1001 224  2.5 8 11.1  91    0   27 385 -413  0
3823500 2818500  7  8 21  16.8 1002 243  2.3 8 11.3  93    0    2 385 -410  0
3823500 2818500  7  8 22  17.0 1002 234  2.2 8 11.4  93    0    0 386 -408  0
3823500 2818500  7  8 23  16.9 1002 236  2.2 7 11.5  94    0    0 381 -408  0
3823500 2818500  7  8 24  16.9 1003 236  1.4 7 11.5  94    0    0 376 -408  0
3823500 2818500  7  9  1  16.9 1003 234  2.4 8 11.5  94    0    0 379 -408  0
3823500 2818500  7  9  2  16.8 1003 228  2.3 7 11.7  96    0    0 378 -408  0
3823500 2818500  7  9  3  16.8 1003 243  2.1 7 11.8  97    0    0 373 -406  0
3823500 2818500  7  9  4  16.9 1003 259  2.1 8 11.8  97    0    0 378 -404  0
3823500 2818500  7  9  5  16.9 1003 252  1.7 8 11.8  97    0    0 383 -404  0
3823500 2818500  7  9  6  16.3 1003 242  2.6 8 11.8  98    0   15 382 -404  0
3823500 2818500  7  9  7  15.8 1003 230  2.9 6 11.4  98    0   74 367 -405  0
3823500 2818500  7  9  8  15.3 1004 241  2.3 8 10.8  96    0   54 364 -408  0
3823500 2818500  7  9  9  15.3 1004 226  2.6 8 10.6  96    0   96 371 -415  0
3823500 2818500  7  9 10  16.0 1004 232  2.2 8 10.7  95    0  190 369 -423  0
3823500 2818500  7  9 11  17.3 1004 243  2.5 8 10.9  91    1  261 371 -433  0
3823500 2818500  7  9 12  17.7 1005 244  2.2 7 10.9  86   23  366 368 -443  0
3823500 2818500  7  9 13  19.2 1005 230  2.6 5 10.8  80   69  442 359 -452  0
3823500 2818500  7  9 14  19.6 1005 251  3.0 6 10.3  72   65  422 358 -457  0
3823500 2818500  7  9 15  20.7 1005 208  2.9 7  9.9  67   28  333 364 -459  0
3823500 2818500  7  9 16  20.9 1005 314  2.3 8  9.9  64   23  288 370 -461  0
3823500 2818500  7  9 17  20.2 1005 269  3.3 8  9.9  65    3  193 369 -457  0
3823500 2818500  7  9 18  18.9 1005 243  3.6 8  9.8  68    0   85 363 -449  0
3823500 2818500  7  9 19  18.6 1005 245  3.2 7  9.6  71    1   80 357 -439  0
3823500 2818500  7  9 20  17.5 1005 266  2.9 8  9.6  73    0   40 354 -428  0
3823500 2818500  7  9 21  16.3 1005 268  0.8 8  9.6  79    0    8 351 -417  0
3823500 2818500  7  9 22  14.9 1005 243  1.6 6  9.8  87    0    0 338 -406  0
3823500 2818500  7  9 23  14.5 1005 214  1.3 5  9.6  91    0    0 320 -399  0
3823500 2818500  7  9 24  13.7 1006 172  1.6 4  9.3  92    0    0 310 -393  0
3823500 2818500  7 10  1  13.4 1005 189  1.5 3  9.3  95    0    0 302 -389  0
3823500 2818500  7 10  2  13.3 1005 208  1.3 4  9.2  96    0    0 304 -387  0
3823500 2818500  7 10  3  13.2 1005 214  0.6 6  9.3  96    0    0 315 -387  0
3823500 2818500  7 10  4  13.6 1004 197  1.3 8  9.4  96    0    0 333 -387  0
3823500 2818500  7 10  5  13.7 1004 195  0.9 8  9.5  96    0    6 343 -387  0
3823500 2818500  7 10  6  14.4 1004 192  0.5 8  9.7  96    0   34 345 -388  0
3823500 2818500  7 10  7  15.6 1003 197  0.6 7  9.9  92    0   60 345 -392  0
3823500 2818500  7 10  8  17.4 1003 189  1.6 8 10.0  84    5  151 352 -401  0
3823500 2818500  7 10  9  19.0 1003 201  2.3 7  9.9  75  109  282 360 -410  0
3823500 2818500  7 10 10  20.0 1002 206  3.0 6  9.7  68  249  330 359 -414  0
3823500 2818500  7 10 11  21.3 1003 181  2.8 5  9.7  63  388  340 358 -412  0
3823500 2818500  7 10 12  22.4 1003 202  3.3 6  9.8  59  212  424 366 -415  0
3823500 2818500  7 10 13  23.6 1002 203  3.9 6  9.8  55  199  430 376 -419  0
3823500 2818500  7 10 14  24.0 1001 206  3.8 6  9.7  52  159  413 379 -427  0
3823500 2818500  7 10 15  24.4 1001 200  3.7 5  9.4  49  194  383 378 -441  0
3823500 2818500  7 10 16  24.5 1000 192  3.4 6  9.3  48  113  328 379 -447  0
3823500 2818500  7 10 17  24.6  999 217  2.7 6  9.1  47   65  256 383 -444  0
3823500 2818500  7 10 18  24.0  998 214  2.3 5  8.8  46   72  195 378 -437  0
3823500 2818500  7 10 19  18.7  998 255  4.0 7  9.8  61    1   80 375 -432  0
3823500 2818500  7 10 20  18.5  998 245  2.2 6 10.8  79    2   43 373 -426  0
3823500 2818500  7 10 21  18.3  997 241  1.4 7 10.7  79    0    6 374 -421  0
3823500 2818500  7 10 22  16.6  997 224  1.8 7 11.1  87    0    0 376 -416  0
3823500 2818500  7 10 23  16.0  998 195  2.4 8 11.1  94    0    0 377 -412  0
3823500 2818500  7 10 24  15.8  998 194  1.1 8 10.7  93    0    0 378 -409  0
3823500 2818500  7 11  1  15.6  997 251  1.7 7 10.4  92    0    0 372 -405  0
3823500 2818500  7 11  2  15.6  997 208  2.3 7 10.3  91    0    0 367 -402  0
3823500 2818500  7 11  3  15.6  997 216  3.0 7 10.1  90    0    0 366 -399  0
3823500 2818500  7 11  4  15.3  997 220  3.0 6  9.8  88    0    0 359 -397  0
3823500 2818500  7 11  5  14.8  998 212  3.6 3  9.5  87    0    3 338 -394  0
3823500 2818500  7 11  6  14.5  998 218  3.5 3  9.3  88    4   38 322 -392  0
3823500 2818500  7 11  7  14.6  998 231  4.3 6  9.0  85   17   97 334 -392  0
3823500 2818500  7 11  8  15.5  999 226  4.6 6  8.7  80  133  154 348 -395  0
3823500 2818500  7 11  9  16.8  999 233  5.0 3  8.4  72  422   83 337 -402  0
3823500 2818500  7 11 10  17.1  999 231  5.1 3  7.9  65  370  189 324 -411  0
3823500 2818500  7 11 11  18.1  999 218  4.8 4  7.9  62  350  253 330 -416  0
3823500 2818500  7 11 12  18.8  999 220  6.0 4  7.8  58  220  330 337 -417  0
3823500 2818500  7 11 13  17.5  999 221  6.1 7  7.6  58   10  292 347 -421  0
3823500 2818500  7 11 14  18.2 1000 212  3.1 6  7.8  60  100  335 352 -428  0
3823500 2818500  7 11 15  15.9  999 217  4.6 7  8.2  67   29  281 349 -423  0
3823500 2818500  7 11 16  17.8 1000 248  4.4 5  8.3  68  319  203 345 -417  0
3823500 2818500  7 11 17  18.9 1000 251  3.7 5  8.3  62  140  206 343 -412  0
3823500 2818500  7 11 18  17.8 1000 222  4.0 2  8.5  64  314   59 332 -401  0
3823500 2818500  7 11 19  17.4 1000 228  3.3 5  8.2  64  125   74 329 -395  0
3823500 2818500  7 11 20  15.5 1000 243  4.6 6  7.8  66    2   39 340 -394  0
3823500 2818500  7 11 21  14.3 1001 229  2.3 7  8.1  75    0    2 344 -392  0
3823500 2818500  7 11 22  15.1 1001 220  3.3 6  8.1  76    0    0 346 -387  0
3823500 2818500  7 11 23  15.8 1002 224  4.1 6  7.6  69    0    0 343 -382  0
3823500 2818500  7 11 24  15.5 1002 218  4.5 7  7.3  65    0    0 348 -379  0
3823500 2818500  7 12  1  15.3 1002 217  5.2 7  7.2  65    0    0 351 -376  0
3823500 2818500  7 12  2  14.4 1002 221  4.4 6  7.2  67    0    0 344 -375  0
3823500 2818500  7 12  3  13.7 1002 226  4.9 5  7.2  71    0    0 333 -375  0
3823500 2818500  7 12  4  13.1 1002 221  4.3 5  7.4  76    0    0 327 -375  0
3823500 2818500  7 12  5  13.0 1002 225  4.7 5  7.6  80    0    0 326 -376  0
3823500 2818500  7 12  6  13.2 1002 211  4.6 5  7.8  82    0   28 324 -378  0
3823500 2818500  7 12  7  13.8 1003 207  4.2 5  8.0  82   38  108 325 -381  0
3823500 2818500  7 12  8  14.8 1003 231  5.4 6  8.2  80   64  178 331 -388  0
3823500 2818500  7 12  9  15.9 1003 222  5.6 6  8.4  76   65  246 337 -396  0
3823500 2818500  7 12 10  16.7 1003 225  5.6 5  8.3  71  151  301 335 -406  0
3823500 2818500  7 12 11  17.3 1003 227  5.8 5  7.9  64  189  337 333 -415  0
3823500 2818500  7 12 12  18.9 1003 235  6.1 4  7.3  56  387  302 333 -426  0
3823500 2818500  7 12 13  19.8 1003 215  6.5 3  7.0  50  460  277 332 -436  0
3823500 2818500  7 12 14  19.9 1002 236  4.0 2  6.7  46  390  295 329 -434  0
3823500 2818500  7 12 15  20.2 1002 216  5.2 3  6.5  44  376  264 329 -431  0
3823500 2818500  7 12 16  19.5 1001 213  4.7 6  6.5  45   75  278 343 -436  0
3823500 2818500  7 12 17  17.8 1001 244  3.8 7  6.9  51    0  138 354 -430  0
3823500 2818500  7 12 18  15.7 1001 233  3.7 7  7.6  63    0   97 353 -422  0
3823500 2818500  7 12 19  15.0 1000 214  1.7 7  8.2  74    0   69 351 -418  0
3823500 2818500  7 12 20  14.6 1000 184  1.0 7  8.5  80    4   43 353 -412  0
3823500 2818500  7 12 21  14.5 1000 205  1.5 7  8.7  83    0    8 354 -406  0
3823500 2818500  7 12 22  14.7  999 180  3.3 7  8.6  82    0    0 355 -401  0
3823500 2818500  7 12 23  14.2  999 333  3.2 7  8.5  82    0    0 357 -398  0
3823500 2818500  7 12 24  13.2  999 255  4.1 6  8.5  85    0    0 351 -395  0
3823500 2818500  7 13  1  11.9  999 221  2.1 5  8.2  89    0    0 338 -393  0
3823500 2818500  7 13  2  12.4  999 210  2.4 5  8.2  91    0    0 332 -391  0
3823500 2818500  7 13  3  12.4  999 200  2.9 5  8.4  92    0    0 333 -389  0
3823500 2818500  7 13  4  12.2  999 221  2.9 4  8.5  94    0    0 326 -387  0
3823500 2818500  7 13  5  12.2 1000 245  3.0 5  8.5  95    0    0 324 -386  0
3823500 2818500  7 13  6  12.9 1000 219  3.6 6  8.7  94    0   21 333 -386  0
3823500 2818500  7 13  7  13.1 1000 224  3.7 7  8.8  93    0   69 343 -387  0
3823500 2818500  7 13  8  13.5 1000 216  4.2 7  8.9  92    3  129 349 -392  0
3823500 2818500  7 13  9  14.1 1000 206  4.4 7  8.8  88   38  229 351 -402  0
3823500 2818500  7 13 10  16.3 1000 204  4.7 5  8.6  78  190  272 345 -408  0
3823500 2818500  7 13 11  17.6 1001 209  4.7 4  8.1  66  292  285 337 -410  0
3823500 2818500  7 13 12  18.1 1001 225  4.4 4  7.8  61  219  336 338 -415  0
3823500 2818500  7 13 13  19.4 1000 223  4.8 4  7.6  56  400  278 344 -414  0
3823500 2818500  7 13 14  19.7 1000 249  4.5 5  7.3  51  280  310 350 -411  0
3823500 2818500  7 13 15  19.5 1000 176  5.3 6  7.1  50  172  304 357 -409  0
3823500 2818500  7 13 16  19.5 1000 219  5.0 5  6.9  48  140  265 356 -406  0
3823500 2818500  7 13 17  18.9 1000 250  4.8 6  7.4  52  150  208 354 -407  0
3823500 2818500  7 13 18  18.9 1000 194  4.8 7  8.1  59   56  161 362 -410  0
3823500 2818500  7 13 19  18.9 1000 293  4.3 7  8.0  58   20   99 366 -408  0
3823500 2818500  7 13 20  17.4 1000 209  2.7 7  7.9  60    0   28 363 -402  0
3823500 2818500  7 13 21  17.1 1000 167  0.9 7  8.1  65    0    5 362 -393  0
3823500 2818500  7 13 22  15.5 1000 174  0.4 7  7.9  67    0    0 358 -383  0
3823500 2818500  7 13 23  15.0  999 158  1.2 8  7.6  69    0    0 358 -378  0
3823500 2818500  7 13 24  14.3  999 174  0.6 8  7.7  73    0    0 360 -375  0
3823500 2818500  7 14  1  14.3  999 167  0.2 8  7.8  76    0    0 356 -374  0
3823500 2818500  7 14  2  14.0  998 154  0.4 8  8.0  78    0    0 354 -372  0
3823500 2818500  7 14  3  13.9  998 152  0.6 8  8.3  82    0    0 353 -370  0
3823500 2818500  7 14  4  13.8  998 129  0.1 7  8.7  86    0    0 349 -368  0
3823500 2818500  7 14  5  13.8  998 129  0.1 8  9.0  90    0    0 352 -366  0
3823500 2818500  7 14  6  13.7  997 141  0.1 8  9.2  92    0   21 358 -365  0
3823500 2818500  7 14  7  14.6  997 153  0.6 7  9.6  93   11  102 356 -367  0
3823500 2818500  7 14  8  16.6  998 153  0.9 5 10.0  88   57  198 346 -376  0
3823500 2818500  7 14  9  17.4  998 165  1.1 6  9.9  81   52  263 346 -391  0
3823500 2818500  7 14 10  18.3  998 196  1.4 6  9.7  75   64  317 355 -407  0
3823500 2818500  7 14 11  19.4  998 163  1.1 6  9.6  70   48  343 359 -421  0
3823500 2818500  7 14 12  19.4  998 139  0.7 7  9.6  67    0  191 368 -431  0
3823500 2818500  7 14 13  17.8  997 185  0.2 8 10.0  74    0  126 376 -439  0
3823500 2818500  7 14 14  17.0  997 116  1.1 7 10.9  86    0  147 373 -442  0
3823500 2818500  7 14 15  17.1  997 104  1.2 8 11.3  91    0  174 371 -438  0
3823500 2818500  7 14 16  17.3  996 108  1.0 8 11.2  90    0  122 375 -429  0
3823500 2818500  7 14 17  17.0  996  96  0.9 8 11.5  92    0   79 374 -427  0
3823500 2818500  7 14 18  17.1  995 133  1.6 8 11.9  96    0   71 373 -428  0
3823500 2818500  7 14 19  17.3  994 127  1.4 8 12.1  97    0   45 373 -422  0
3823500 2818500  7 14 20  17.6  995 185  2.2 8 12.2  96    0   33 375 -415  0
3823500 2818500  7 14 21  16.4  995 280  3.4 8 11.9  96    0    2 373 -408  0
3823500 2818500  7 14 22  13.8  997 279  5.6 8 10.8  98    0    0 364 -400  0
3823500 2818500  7 14 23  13.4  999 251  4.1 8  9.8  99    0    0 358 -394  0
3823500 2818500  7 14 24  13.0 1000 257  3.8 8  9.5  99    0    0 356 -391  0
3823500 2818500  7 15  1  12.5 1001 209  2.5 7  9.3  99    0    0 349 -388  0
3823500 2818500  7 15  2  12.7 1002 225  2.4 7  9.1  99    0    0 342 -386  0
3823500 2818500  7 15  3  13.1 1002 210  2.2 7  9.2  97    0    0 344 -384  0
3823500 2818500  7 15  4  13.0 1003 245  2.6 7  9.1  96    0    0 344 -382  0
3823500 2818500  7 15  5  12.6 1003 233  2.6 7  8.8  95    0    0 342 -381  0
3823500 2818500  7 15  6  12.1 1004 230  2.3 6  8.7  96   18   53 334 -380  0
3823500 2818500  7 15  7  13.4 1004 233  2.4 6  8.9  96   12  102 328 -382  0
3823500 2818500  7 15  8  14.1 1005 245  3.2 8  8.9  90    0   88 341 -391  0
3823500 2818500  7 15  9  14.6 1006 267  2.7 8  8.7  85    4  188 352 -403  0
3823500 2818500  7 15 10  15.3 1006 240  1.9 7  8.7  81   18  267 348 -417  0
3823500 2818500  7 15 11  16.2 1006 237  2.2 6  8.6  76  105  362 340 -430  0
3823500 2818500  7 15 12  16.8 1006 231  2.4 7  8.4  71   97  390 343 -441  0
3823500 2818500  7 15 13  17.7 1007 206  2.0 7  8.1  65  134  407 351 -450  0
3823500 2818500  7 15 14  18.3 1007 264  2.3 6  7.8  60  181  399 350 -454  0
3823500 2818500  7 15 15  19.0 1007 207  1.6 4  7.6  56  343  335 338 -456  0
3823500 2818500  7 15 16  20.2 1007 244  1.4 5  7.4  52  229  309 339 -453  0
3823500 2818500  7 15 17  19.9 1007 239  1.2 6  7.3  50  135  255 349 -444  0
3823500 2818500  7 15 18  20.1 1006 259  0.8 6  7.4  51  116  184 353 -435  0
3823500 2818500  7 15 19  18.8 1006 317  0.3 7  7.6  54   21  108 355 -427  0
3823500 2818500  7 15 20  17.8 1007 321  0.7 6  7.8  59    2   39 352 -421  0
3823500 2818500  7 15 21  15.7 1006 350  0.0 6  7.9  66    0    7 344 -414  0
3823500 2818500  7 15 22  15.2 1007 325  1.4 6  8.1  74    0    0 342 -408  0
3823500 2818500  7 15 23  13.4 1007 305  1.5 6  8.1  79    0    0 340 -403  0
3823500 2818500  7 15 24  12.9 1007 324  1.3 6  7.9  83    0    0 337 -399  0
3823500 2818500  7 16  1  12.9 1007 335  0.8 7  8.2  87    0    0 341 -398  0
3823500 2818500  7 16  2  12.6 1007 357  1.4 7  8.4  91    0    0 342 -397  0
3823500 2818500  7 16  3  12.3 1007  31  1.3 7  8.4  92    0    0 338 -394  0
3823500 2818500  7 16  4  12.1 1007   6  0.8 7  8.3  93    0    0 336 -391  0
3823500 2818500  7 16  5  11.7 1007 343  1.0 7  8.3  95    0    0 335 -390  0
3823500 2818500  7 16  6  12.4 1007 334  1.3 7  8.4  95    0    8 334 -390  0
3823500 2818500  7 16  7  13.4 1007 329  1.4 8  8.6  92    0   23 341 -392  0
3823500 2818500  7 16  8  14.4 1007 322  1.9 8  8.6  86    0   54 348 -401  0
3823500 2818500  7 16  9  15.1 1008 336  2.0 8  8.4  80    0  100 350 -410  0
3823500 2818500  7 16 10  16.7 1008 334  2.3 6  8.2  72   64  301 344 -423  0
3823500 2818500  7 16 11  18.0 1008 359  1.7 6  7.9  64  133  353 339 -442  0
3823500 2818500  7 16 12  18.0 1008 355  1.6 6  7.4  57  148  386 341 -459  0
3823500 2818500  7 16 13  19.3 1008 332  0.7 5  7.1  52  243  388 339 -473  0
3823500 2818500  7 16 14  19.5 1008 288  0.8 6  7.1  50  294  361 340 -473  0
3823500 2818500  7 16 15  20.0 1007 329  2.9 6  6.9  48  153  346 344 -464  0
3823500 2818500  7 16 16  20.9 1007 258  2.6 4  6.4  43  248  285 335 -460  0
3823500 2818500  7 16 17  20.7 1007  28  1.6 3  6.2  40  326  180 322 -448  0
3823500 2818500  7 16 18  18.2 1007 267  1.2 3  6.9  49  205  148 314 -433  0
3823500 2818500  7 16 19  18.3 1007 326  1.4 3  7.7  58  137   94 311 -424  0
3823500 2818500  7 16 20  17.8 1007 274  1.7 5  7.6  58   38   50 322 -416  0
3823500 2818500  7 16 21  14.6 1007 299  0.4 6  7.5  64    0    8 333 -411  0
3823500 2818500  7 16 22  12.5 1007 177  1.0 5  7.4  76    0    0 324 -406  0
3823500 2818500  7 16 23  12.4 1007 156  0.9 5  7.6  84    0    0 315 -402  0
3823500 2818500  7 16 24  10.9 1007 190  0.1 6  7.6  89    0    0 320 -400  0
3823500 2818500  7 17  1   9.9 1006 193  0.8 6  7.2  91    0    0 320 -399  0
3823500 2818500  7 17  2   8.5 1006 167  1.0 6  6.9  94    0    0 317 -398  0
3823500 2818500  7 17  3   8.4 1006 166  1.3 4  6.7  97    0    0 307 -397  0
3823500 2818500  7 17  4   8.1 1006  57  0.8 6  6.8  99    0    0 307 -397  0
3823500 2818500  7 17  5   8.3 1005 121  1.1 7  6.7  98    0    0 321 -397  0
3823500 2818500  7 17  6  10.2 1005 146  1.0 7  7.2  98    0   11 329 -397  0
3823500 2818500  7 17  7  13.4 1005  72  1.2 6  8.4  97    6   94 334 -401  0
3823500 2818500  7 17  8  16.0 1004 106  1.1 6  9.2  87   45  196 339 -408  0
3823500 2818500  7 17  9  17.7 1004 112  1.3 6  9.2  76  102  283 346 -418  0
3823500 2818500  7 17 10  18.7 1004 140  1.3 7  8.6  65  133  343 357 -432  0
3823500 2818500  7 17 11  20.1 1003 215  1.8 6  8.2  58  127  389 361 -449  0
3823500 2818500  7 17 12  19.7 1003 191  2.6 7  8.0  55   37  361 363 -465  0
3823500 2818500  7 17 13  19.0 1002 164  2.3 6  8.0  57   68  399 362 -476  0
3823500 2818500  7 17 14  20.0 1001 205  2.4 6  8.1  57  106  408 360 -482  0
3823500 2818500  7 17 15  20.7 1002 106  2.8 6  7.9  52   32  319 362 -463  0
3823500 2818500  7 17 16  20.8 1001 123  3.1 6  7.8  50   30  279 362 -440  0
3823500 2818500  7 17 17  21.0 1000 132  2.9 4  8.0  51   82  267 357 -440  0
3823500 2818500  7 17 18  20.1 1000 109  1.8 3  7.9  51  188  183 345 -440  0
3823500 2818500  7 17 19  20.3  999  96  1.4 3  7.7  52  109  121 338 -433  0
3823500 2818500  7 17 20  18.7  999 113  0.9 4  8.0  56   37   59 341 -426  0
3823500 2818500  7 17 21  17.1  997  86  0.8 4  8.2  63    2   11 339 -419  0
3823500 2818500  7 17 22  16.4  997 108  1.0 5  8.3  69    0    0 340 -413  0
3823500 2818500  7 17 23  16.8  997 110  1.5 6  8.3  70    0    0 349 -409  0
3823500 2818500  7 17 24  17.0  996 126  1.2 6  8.3  68    0    0 353 -407  0
3823500 2818500  7 18  1  16.5  995 149  1.2 8  8.3  68    0    0 359 -405  0
3823500 2818500  7 18  2  16.5  994 142  2.1 8  8.3  70    0    0 368 -404  0
3823500 2818500  7 18  3  16.3  993 134  1.7 8  8.2  69    0    0 368 -405  0
3823500 2818500  7 18  4  16.0  993 136  1.6 8  8.0  68    0    0 368 -405  0
3823500 2818500  7 18  5  14.9  992 160  1.2 8  8.2  73    0    0 366 -404  0
3823500 2818500  7 18  6  13.7  992 149  2.4 8  8.8  85    0   15 363 -402  0
3823500 2818500  7 18  7  13.9  991 156  2.3 8  9.5  94    0   64 361 -400  0
3823500 2818500  7 18  8  15.1  992 189  3.4 7 10.0  95    9  150 359 -400  0
3823500 2818500  7 18  9  16.5  992 162  4.4 5 10.2  89  150  236 352 -404  0
3823500 2818500  7 18 10  17.8  992 219  5.1 4  9.8  78  241  261 345 -410  0
3823500 2818500  7 18 11  19.1  993 203  5.1 4  9.1  67  352  276 346 -415  0
3823500 2818500  7 18 12  20.3  993 220  5.2 4  8.5  58  458  266 351 -428  0
3823500 2818500  7 18 13  21.0  993 212  4.2 4  8.0  52  463  276 353 -439  0
3823500 2818500  7 18 14  21.9  993 204  3.8 6  7.6  47  161  362 361 -440  0
3823500 2818500  7 18 15  21.0  993 188  2.6 6  7.6  47  215  323 364 -443  0
3823500 2818500  7 18 16  17.9  993 207  2.4 5  8.1  56  180  280 353 -445  0
3823500 2818500  7 18 17  20.8  993 161  1.6 5  8.4  58  148  227 350 -442  0
3823500 2818500  7 18 18  17.7  993 348  1.6 7  8.9  63   45  168 355 -433  0
3823500 2818500  7 18 19  17.0  993 229  1.5 8  9.4  75    1   77 359 -422  0
3823500 2818500  7 18 20  16.9  992 147  1.2 7  9.5  77    0   19 358 -418  0
3823500 2818500  7 18 21  17.1  992 125  1.4 7  9.4  76    0    2 355 -414  0
3823500 2818500  7 18 22  16.9  992 140  1.3 7  9.0  73    0    0 355 -409  0
3823500 2818500  7 18 23  17.4  992 149  2.1 7  8.6  69    0    0 355 -406  0
3823500 2818500  7 18 24  17.1  992 149  2.8 7  8.5  68    0    0 356 -404  0
3823500 2818500  7 19  1  16.3  991 153  2.3 7  8.6  70    0    0 356 -403  0
3823500 2818500  7 19  2  16.1  991 159  2.3 7  8.6  73    0    0 354 -401  0
3823500 2818500  7 19  3  15.5  991 178  2.5 7  8.8  77    0    0 354 -397  0
3823500 2818500  7 19  4  15.1  991 170  1.5 7  9.0  81    0    0 354 -396  0
3823500 2818500  7 19  5  14.7  991 190  3.4 7  9.2  84    0    0 353 -395  0
3823500 2818500  7 19  6  15.3  991 139  3.1 7  9.2  84    0   33 354 -395  0
3823500 2818500  7 19  7  15.6  991 154  3.0 4  9.2  82   46  109 342 -397  0
3823500 2818500  7 19  8  16.7  991 167  3.1 6  9.2  78   42  179 339 -402  0
3823500 2818500  7 19  9  16.7  991 173  4.0 7  9.2  75    7  201 354 -408  0
3823500 2818500  7 19 10  16.6  991 188  4.3 7  9.4  78    5  232 358 -413  0
3823500 2818500  7 19 11  18.6  992 182  5.4 6  9.6  74   25  305 358 -421  0
3823500 2818500  7 19 12  17.4  992 183  3.9 5  9.4  71   95  377 355 -433  0
3823500 2818500  7 19 13  18.6  993 188  5.8 4  9.3  70  241  389 351 -444  0
3823500 2818500  7 19 14  17.8  993 198  4.1 4  9.5  71  197  382 349 -450  0
3823500 2818500  7 19 15  18.6  993 220  3.7 5  9.8  74   78  333 351 -448  0
3823500 2818500  7 19 16  15.9  993 207  4.7 7 10.1  80   16  245 354 -436  0
3823500 2818500  7 19 17  16.1  992 210  2.5 8 10.4  89    0  150 360 -431  0
3823500 2818500  7 19 18  16.5  993 195  1.5 8 10.5  88    0   87 365 -431  0
3823500 2818500  7 19 19  15.6  993 193  2.0 5 10.5  90   23  106 353 -427  0
3823500 2818500  7 19 20  15.7  994 197  2.3 6 10.5  92    9   44 344 -422  0
3823500 2818500  7 19 21  15.2  994 186  1.6 6 10.6  94    0    6 349 -416  0
3823500 2818500  7 19 22  14.5  995 241  2.9 5 10.3  95    0    0 343 -411  0
3823500 2818500  7 19 23  14.0  996 202  2.2 4  9.9  95    0    0 331 -408  0
3823500 2818500  7 19 24  12.9  996 213  2.0 2  9.5  96    0    0 314 -406  0
3823500 2818500  7 20  1  12.3  997 226  1.8 0  9.1  98    0    0 297 -404  0
3823500 2818500  7 20  2  12.0  996 186  2.0 0  9.0 100    0    0 288 -402  0
3823500 2818500  7 20  3  11.8  997 165  1.9 0  8.9 100    0    0 284 -400  0
3823500 2818500  7 20  4  12.0  997 172  2.6 2  8.9 100    0    0 290 -398  0
3823500 2818500  7 20  5  11.9  998 191  2.3 4  8.9 100    0    0 308 -394  0
3823500 2818500  7 20  6  12.6  998 181  2.5 4  9.0 100   14   43 318 -392  0
3823500 2818500  7 20  7  13.6  999 196  3.0 2  9.5  99   84  101 311 -395  0
3823500 2818500  7 20  8  14.5  999 249  3.9 5  9.5  93   48  177 318 -405  0
3823500 2818500  7 20  9  15.2  999 238  3.4 7  9.2  86    6  196 348 -419  0
3823500 2818500  7 20 10  15.0  999 218  3.4 7  9.3  85    1  204 360 -434  0
3823500 2818500  7 20 11  14.6 1000 236  2.6 8  9.3  87    0  181 365 -447  0
3823500 2818500  7 20 12  15.4 1001 207  2.0 7  9.4  87    0  182 368 -459  0
3823500 2818500  7 20 13  18.2 1001 207  1.7 5  9.7  80  208  381 363 -466  0
3823500 2818500  7 20 14  19.2 1001 162  1.6 3  9.6  70  465  273 354 -462  0
3823500 2818500  7 20 15  18.2 1001 257  1.6 7  9.5  70   18  279 361 -457  0
3823500 2818500  7 20 16  16.5 1002 290  2.1 7  9.8  78    1  186 370 -455  0
3823500 2818500  7 20 17  16.8 1003 258  3.5 6 10.4  87   52  227 365 -448  0
3823500 2818500  7 20 18  16.2 1004 298  3.3 8 10.5  88    3  127 367 -442  0
3823500 2818500  7 20 19  16.4 1005 293  3.8 8 10.3  88    0   57 374 -434  0
3823500 2818500  7 20 20  15.5 1006 301  3.9 7 10.0  87    0   27 368 -425  0
3823500 2818500  7 20 21  15.3 1007 281  3.0 7  9.4  86    0    7 360 -417  0
3823500 2818500  7 20 22  15.0 1008 287  2.2 7  9.2  85    0    0 358 -411  0
3823500 2818500  7 20 23  14.1 1008 258  1.0 7  9.0  87    0    0 357 -407  0
3823500 2818500  7 20 24  12.9 1009 256  1.2 5  8.7  90    0    0 347 -402  0
3823500 2818500  7 21  1  12.4 1009 253  0.9 2  8.4  91    0    0 324 -395  0
3823500 2818500  7 21  2  11.3 1010 254  1.1 1  8.0  92    0    0 305 -389  0
3823500 2818500  7 21  3  10.5 1010 237  0.3 2  7.7  95    0    0 300 -384  0
3823500 2818500  7 21  4  10.1 1010 188  0.2 2  7.6  97    0    0 301 -380  0
3823500 2818500  7 21  5   9.8 1010 171  0.6 2  7.5  98    0    0 298 -377  0
3823500 2818500  7 21  6  11.1 1010 172  1.0 3  7.7  97   15   43 303 -376  0
3823500 2818500  7 21  7  13.1 1010 175  1.2 3  8.4  94   71  101 313 -379  0
3823500 2818500  7 21  8  14.8 1010 172  1.9 6  8.8  88   96  172 334 -389  0
3823500 2818500  7 21  9  16.4 1010 181  2.2 6  8.7  79   88  244 354 -402  0
3823500 2818500  7 21 10  17.7 1010 182  3.1 7  8.6  71  122  292 362 -410  0
3823500 2818500  7 21 11  18.9 1010 194  3.7 7  8.8  66  178  330 372 -415  0
3823500 2818500  7 21 12  19.4 1010 196  3.8 6  8.6  62  206  363 372 -420  0
3823500 2818500  7 21 13  19.8 1010 197  4.8 6  8.3  58  145  376 370 -423  0
3823500 2818500  7 21 14  20.5 1009 221  4.0 7  8.4  56   74  349 376 -427  0
3823500 2818500  7 21 15  20.5 1009 222  4.4 8  8.7  57   19  278 386 -428  0
3823500 2818500  7 21 16  18.9 1009 231  4.2 7  9.1  63   27  251 385 -423  0
3823500 2818500  7 21 17  19.6 1009 215  3.8 6  9.5  68  107  229 376 -419  0
3823500 2818500  7 21 18  19.6 1009 205  3.7 6  9.6  67   60  168 373 -417  0
3823500 2818500  7 21 19  19.7 1009 208  2.4 6  9.7  68   45  103 373 -414  0
3823500 2818500  7 21 20  19.3 1009 215  1.9 7  9.8  69    1   31 377 -412  0
3823500 2818500  7 21 21  19.0 1009 201  1.4 6  9.9  71    0    6 377 -409  0
3823500 2818500  7 21 22  18.6 1009 216  1.0 7 10.0  73    0    0 376 -408  0
3823500 2818500  7 21 23  18.4 1010 198  0.9 7 10.2  76    0    0 378 -407  0
3823500 2818500  7 21 24  16.7 1010 173  0.6 7 10.2  81    0    0 375 -406  0
3823500 2818500  7 22  1  16.8 1010 166  1.1 6 10.2  85    0    0 369 -405  0
3823500 2818500  7 22  2  17.0 1010 174  1.2 5 10.3  85    0    0 363 -405  0
3823500 2818500  7 22  3  17.4 1009 168  1.0 6 10.3  84    0    0 363 -405  0
3823500 2818500  7 22  4  17.2 1009 168  1.3 7 10.4  84    0    0 371 -405  0
3823500 2818500  7 22  5  16.9 1009 161  1.0 8 10.5  86    0    0 377 -405  0
3823500 2818500  7 22  6  17.1 1009 166  0.8 8 10.5  86    0   13 381 -405  0
3823500 2818500  7 22  7  18.0 1009 166  0.5 7 10.7  85    0   69 379 -406  0
3823500 2818500  7 22  8  18.9 1009 174  1.3 7 11.1  83    5  144 378 -407  0
3823500 2818500  7 22  9  20.0 1010 187  1.4 7 11.2  79    9  206 381 -410  0
3823500 2818500  7 22 10  21.5 1010 206  2.3 5 11.1  72  182  292 378 -418  0
3823500 2818500  7 22 11  22.6 1010 203  1.9 6 11.1  66  135  340 379 -431  0
3823500 2818500  7 22 12  23.1 1011 227  2.0 5 11.3  64  152  378 383 -442  0
3823500 2818500  7 22 13  24.6 1011 227  2.6 4 11.5  62  341  354 380 -449  0
3823500 2818500  7 22 14  25.0 1010 225  2.7 4 11.4  58  419  306 382 -453  0
3823500 2818500  7 22 15  25.6 1010 188  2.9 6 11.2  55   90  331 390 -455  0
3823500 2818500  7 22 16  23.9 1010 200  2.5 6 11.2  57   13  231 395 -447  0
3823500 2818500  7 22 17  23.2 1010 240  2.1 8 11.7  64    0  133 398 -439  0
3823500 2818500  7 22 18  22.4 1010 308  2.4 8 12.4  71    0  106 402 -438  0
3823500 2818500  7 22 19  22.5 1010 342  0.9 5 12.6  74   20  102 389 -436  0
3823500 2818500  7 22 20  22.3 1010 301  0.5 6 12.6  74   37   45 381 -432  0
3823500 2818500  7 22 21  19.6 1009  19  0.2 4 12.5  80    0    8 372 -427  0
3823500 2818500  7 22 22  18.6 1009 357  0.2 5 12.2  87    0    0 361 -422  0
3823500 2818500  7 22 23  17.9 1010  22  0.0 4 12.0  90    0    0 359 -418  0
3823500 2818500  7 22 24  17.5 1010 354  1.0 4 11.8  93    0    0 354 -415  0
3823500 2818500  7 23  1  17.6 1010  35  0.7 3 12.0  94    0    0 351 -413  0
3823500 2818500  7 23  2  16.5 1010  66  0.9 3 11.7  95    0    0 346 -412  0
3823500 2818500  7 23  3  15.9 1010  66  0.9 2 11.1  96    0    0 339 -410  0
3823500 2818500  7 23  4  15.7 1010  85  1.1 3 11.1  98    0    0 337 -409  0
3823500 2818500  7 23  5  15.8 1009  92  1.5 5 11.2  99    0    0 347 -408  0
3823500 2818500  7 23  6  16.7 1009  80  1.7 6 11.5  98    0    8 359 -407  0
3823500 2818500  7 23  7  17.6 1009  67  1.2 6 11.8  95    0   74 364 -408  0
3823500 2818500  7 23  8  18.2 1010  24  1.8 6 11.7  90    5  141 366 -412  0
3823500 2818500  7 23  9  18.5 1010  39  1.5 7 11.2  84    0  140 371 -420  0
3823500 2818500  7 23 10  20.2 1010  16  1.9 7 11.3  80    7  230 378 -428  0
3823500 2818500  7 23 11  21.2 1009   5  2.5 7 11.7  76   27  294 383 -434  0
3823500 2818500  7 23 12  23.1 1010 351  2.5 6 12.3  73  104  374 387 -444  0
3823500 2818500  7 23 13  24.8 1010  10  2.6 5 12.8  68  271  387 389 -461  0
3823500 2818500  7 23 14  26.5 1010 359  2.4 4 12.8  62  414  320 389 -474  0
3823500 2818500  7 23 15  26.1 1009 326  1.9 4 12.8  59  344  311 388 -482  0
3823500 2818500  7 23 16  25.6 1009  26  4.5 4 13.1  62  215  295 385 -483  0
3823500 2818500  7 23 17  21.1 1009 302  3.3 4 12.8  70  117  243 373 -480  0
3823500 2818500  7 23 18  21.9 1009 330  2.4 5 12.5  77   72  175 366 -475  0
3823500 2818500  7 23 19  21.8 1009   5  2.8 6 13.1  79   39  106 371 -465  0
3823500 2818500  7 23 20  21.1 1008  42  1.0 4 13.3  82    0   15 368 -450  0
3823500 2818500  7 23 21  19.4 1007  32  1.9 5 12.9  86    0    5 360 -436  0
3823500 2818500  7 23 22  18.6 1008  12  0.2 4 12.6  91    0    0 354 -428  0
3823500 2818500  7 23 23  17.9 1007 282  0.2 4 12.5  94    0    0 347 -424  0
3823500 2818500  7 23 24  18.1 1007 330  0.3 4 12.3  94    0    0 344 -420  0
3823500 2818500  7 24  1  17.2 1007  10  0.1 3 12.0  94    0    0 339 -416  0
3823500 2818500  7 24  2  16.9 1007  21  0.0 3 11.8  96    0    0 334 -414  0
3823500 2818500  7 24  3  16.1 1007 320  0.1 6 11.5  97    0    0 338 -412  0
3823500 2818500  7 24  4  15.8 1007 297  0.0 6 11.1  97    0    0 343 -409  0
3823500 2818500  7 24  5  15.2 1007 303  0.1 5 10.8  97    0    0 338 -407  0
3823500 2818500  7 24  6  15.6 1007 284  0.1 7 10.9  98    0   11 340 -406  0
3823500 2818500  7 24  7  16.2 1007 253  0.1 8 11.3  99    0   64 350 -410  0
3823500 2818500  7 24  8  17.2 1008 271  0.2 8 11.9  99    9  151 355 -420  0
3823500 2818500  7 24  9  18.0 1008 272  1.1 6 12.6  99   26  224 354 -435  0
3823500 2818500  7 24 10  19.4 1008 295  1.9 8 12.9  95   75  280 359 -453  0
3823500 2818500  7 24 11  21.2 1008 306  1.7 7 13.2  88  233  315 370 -471  0
3823500 2818500  7 24 12  23.4 1009 310  2.2 6 13.3  78  294  337 374 -487  0
3823500 2818500  7 24 13  24.5 1009 288  2.2 6 13.0  69  347  328 379 -496  0
3823500 2818500  7 24 14  25.3 1009 305  2.5 5 12.4  62  502  237 380 -502  0
3823500 2818500  7 24 15  25.9 1009 304  2.8 5 11.7  56  399  252 381 -508  0
3823500 2818500  7 24 16  26.2 1009 310  2.2 4 11.1  52  381  200 378 -507  0
3823500 2818500  7 24 17  26.5 1009 339  1.4 3 10.8  50  332  145 373 -503  0
3823500 2818500  7 24 18  26.4 1009  12  1.7 3 10.9  50  224  114 370 -495  0
3823500 2818500  7 24 19  25.3 1009 289  1.8 2 11.0  52  157   68 364 -483  0
3823500 2818500  7 24 20  23.6 1009 351  1.4 1 11.1  57   48   41 354 -469  0
3823500 2818500  7 24 21  20.6 1009 328  2.7 0 11.2  67    2    7 342 -456  0
3823500 2818500  7 24 22  19.0 1009 333  1.0 1 11.0  75    0    0 335 -447  0
3823500 2818500  7 24 23  17.8 1009 339  0.9 1 10.6  80    0    0 334 -442  0
3823500 2818500  7 24 24  17.0 1009 353  0.8 2 10.4  83    0    0 334 -437  0
3823500 2818500  7 25  1  15.3 1010 343  0.1 3 10.0  86    0    0 336 -431  0
3823500 2818500  7 25  2  15.2 1010 342  0.0 2  9.9  91    0    0 333 -425  0
3823500 2818500  7 25  3  14.6 1010  12  0.1 3 10.1  95    0    0 332 -421  0
3823500 2818500  7 25  4  14.0 1010 338  0.0 2  9.8  96    0    0 329 -417  0
3823500 2818500  7 25  5  13.1 1011 326  0.0 3  9.4  96    0    0 325 -414  0
3823500 2818500  7 25  6  13.9 1011  17  0.1 2  9.5  98    2   35 323 -412  0
3823500 2818500  7 25  7  16.1 1011  18  0.5 4 10.5  98   43  106 329 -414  0
3823500 2818500  7 25  8  17.4 1011  21  1.2 3 11.1  93  104  177 336 -424  0
3823500 2818500  7 25  9  18.1 1011  29  1.2 2 11.1  87  234  218 333 -438  0
3823500 2818500  7 25 10  20.4 1011  42  1.9 2 11.1  79  374  231 336 -456  0
3823500 2818500  7 25 11  21.8 1011  38  2.4 2 10.6  68  468  246 345 -474  0
3823500 2818500  7 25 12  23.8 1012  15  2.2 2  9.8  56  520  258 352 -491  0
3823500 2818500  7 25 13  24.8 1011  21  1.8 2  9.4  49  556  251 359 -504  0
3823500 2818500  7 25 14  25.4 1011 332  1.7 2  9.2  46  581  221 361 -512  0
3823500 2818500  7 25 15  25.6 1011  20  1.4 2  8.7  43  524  210 360 -513  0
3823500 2818500  7 25 16  26.1 1011  48  1.7 2  8.4  40  468  176 358 -510  0
3823500 2818500  7 25 17  26.7 1011  18  1.3 2  8.6  40  373  145 357 -503  0
3823500 2818500  7 25 18  26.0 1011  19  1.1 1  8.8  41  255  119 350 -491  0
3823500 2818500  7 25 19  25.2 1010  29  0.9 1  8.9  43  134   88 342 -475  0
3823500 2818500  7 25 20  23.2 1010  22  0.5 2  9.2  49   40   46 341 -462  0
3823500 2818500  7 25 21  19.4 1009  39  0.3 2  9.4  59    0    8 335 -451  0
3823500 2818500  7 25 22  17.7 1010  36  0.2 1  9.4  70    0    0 321 -443  0
3823500 2818500  7 25 23  17.5 1010  41  0.4 1  9.7  77    0    0 314 -437  0
3823500 2818500  7 25 24  16.9 1010  45  0.4 3  9.7  79    0    0 323 -432  0
3823500 2818500  7 26  1  16.0 1011  44  0.1 1  9.5  81    0    0 322 -428  0
3823500 2818500  7 26  2  15.3 1011  62  0.3 1  9.3  83    0    0 313 -424  0
3823500 2818500  7 26  3  14.3 1011  52  0.1 1  9.1  86    0    0 312 -422  0
3823500 2818500  7 26  4  13.2 1011  43  0.1 1  8.8  89    0    0 310 -422  0
3823500 2818500  7 26  5  12.5 1010  22  0.1 2  8.6  92    0    0 311 -422  0
3823500 2818500  7 26  6  14.2 1010 358  0.1 3  9.0  94    0   12 321 -421  0
3823500 2818500  7 26  7  17.2 1010  26  0.1 6 10.0  89    7   88 346 -422  0
3823500 2818500  7 26  8  19.7 1010  68  0.9 4 10.3  77  116  168 359 -428  0
3823500 2818500  7 26  9  21.9 1010  68  1.3 5 10.3  66  160  234 364 -436  0
3823500 2818500  7 26 10  22.9 1010  79  1.7 5  9.9  58  215  288 375 -450  0
3823500 2818500  7 26 11  23.6 1011  71  1.8 6  9.4  53  327  303 383 -467  0
3823500 2818500  7 26 12  24.6 1011  56  2.6 6  9.3  49  428  294 392 -478  0
3823500 2818500  7 26 13  25.4 1011  70  2.0 5  9.2  46  550  242 392 -489  0
3823500 2818500  7 26 14  26.2 1010  36  1.9 5  8.9  43  571  214 393 -497  0
3823500 2818500  7 26 15  26.7 1010  15  2.4 4  8.6  40  516  203 390 -499  0
3823500 2818500  7 26 16  26.9 1010   9  1.9 4  8.4  38  444  177 386 -497  0
3823500 2818500  7 26 17  27.5 1010  25  2.1 4  8.5  38  342  152 386 -493  0
3823500 2818500  7 26 18  27.2 1009  21  1.6 4  8.7  38  208  130 385 -486  0
3823500 2818500  7 26 19  25.9 1009  30  0.8 4  9.0  41  110   87 379 -475  0
3823500 2818500  7 26 20  24.0 1009  33  0.2 4  9.1  46   34   41 373 -465  0
3823500 2818500  7 26 21  20.3 1009  47  0.1 3  9.1  54    0    5 361 -456  0
3823500 2818500  7 26 22  18.2 1008  22  0.1 1  9.3  66    0    0 344 -449  0
3823500 2818500  7 26 23  16.8 1009  54  0.1 0  9.4  74    0    0 331 -443  0
3823500 2818500  7 26 24  16.5 1009  36  0.0 1  9.4  78    0    0 327 -437  0
3823500 2818500  7 27  1  15.7 1009  18  0.1 1  9.5  83    0    0 327 -431  0
3823500 2818500  7 27  2  15.1 1009  35  0.1 0  9.4  85    0    0 320 -428  0
3823500 2818500  7 27  3  14.9 1009  38  0.1 0  9.2  86    0    0 315 -427  0
3823500 2818500  7 27  4  14.7 1009  57  0.0 0  9.4  89    0    0 313 -425  0
3823500 2818500  7 27  5  14.6 1009  57  0.0 1  9.5  90    0    0 316 -424  0
3823500 2818500  7 27  6  15.5 1008  66  0.0 1  9.8  91    2   33 320 -422  0
3823500 2818500  7 27  7  18.4 1008  20  0.1 1 10.7  87   44  108 325 -424  0
3823500 2818500  7 27  8  22.3 1008  98  0.1 0 11.6  77  143  170 335 -430  0
3823500 2818500  7 27  9  24.7 1010  82  0.7 1 12.1  66  205  235 347 -438  0
3823500 2818500  7 27 10  27.1 1009  68  1.0 1 11.7  55  347  254 360 -445  0
3823500 2818500  7 27 11  27.7 1009  80  1.0 1 11.0  48  463  261 367 -452  0
3823500 2818500  7 27 12  28.8 1009 121  0.6 1 10.4  43  530  266 372 -463  0
3823500 2818500  7 27 13  29.8 1009  68  1.0 1 10.3  40  571  257 378 -467  0
3823500 2818500  7 27 14  30.1 1009  68  0.8 1 10.1  38  587  232 381 -473  0
3823500 2818500  7 27 15  31.0 1009  37  0.7 2  9.9  36  493  241 383 -483  0
3823500 2818500  7 27 16  30.6 1009  44  0.5 2  9.8  35  401  223 385 -483  0
3823500 2818500  7 27 17  30.8 1008  53  0.7 2  9.8  35  324  180 383 -480  0
3823500 2818500  7 27 18  30.2 1008  41  1.0 1 10.0  36  225  138 377 -479  0
3823500 2818500  7 27 19  28.5 1008  36  1.0 2 10.4  40  114   96 374 -474  0
3823500 2818500  7 27 20  26.6 1008  38  0.1 3 10.8  46   32   46 374 -465  0
3823500 2818500  7 27 21  24.3 1008  51  0.1 3 10.8  53    0    7 371 -457  0
3823500 2818500  7 27 22  22.6 1009  40  0.1 1 10.7  59    0    0 362 -453  0
3823500 2818500  7 27 23  21.7 1009  54  0.1 1 10.7  64    0    0 356 -450  0
3823500 2818500  7 27 24  20.4 1008  65  0.1 3 10.6  68    0    0 359 -446  0
3823500 2818500  7 28  1  20.2 1008 325  0.1 3 10.9  72    0    0 360 -442  0
3823500 2818500  7 28  2  20.6 1008 297  1.2 4 11.4  76    0    0 363 -439  0
3823500 2818500  7 28  3  20.1 1009 349  1.3 5 11.8  78    0    0 366 -438  0
3823500 2818500  7 28  4  19.6 1009   7  1.1 6 11.8  80    0    0 368 -437  0
3823500 2818500  7 28  5  19.1 1009  25  1.6 7 11.7  82    0    0 370 -436  0
3823500 2818500  7 28  6  19.8 1009  70  1.0 6 11.4  80    1   31 369 -435  0
3823500 2818500  7 28  7  19.8 1009  88  1.6 6 11.2  77   15   98 366 -436  0
3823500 2818500  7 28  8  20.9 1010  86  1.1 3 11.4  75  158  155 359 -442  0
3823500 2818500  7 28  9  21.9 1010  87  1.0 4 11.6  72  249  205 356 -455  0
3823500 2818500  7 28 10  23.8 1011  61  1.4 3 11.8  67  378  221 361 -472  0
3823500 2818500  7 28 11  25.8 1011  36  1.4 2 12.2  62  518  209 366 -489  0
3823500 2818500  7 28 12  26.8 1012 336  1.7 2 12.2  57  583  213 374 -502  0
3823500 2818500  7 28 13  27.4 1012 322  2.1 2 12.3  54  578  230 382 -514  0
3823500 2818500  7 28 14  27.6 1011 335  2.8 3 12.4  54  372  323 387 -524  0
3823500 2818500  7 28 15  27.0 1011 314  2.9 3 12.5  55  210  339 388 -530  0
3823500 2818500  7 28 16  27.5 1011 311  4.3 3 12.6  55  276  265 387 -530  0
3823500 2818500  7 28 17  26.8 1011 307  2.6 3 12.6  56  190  223 383 -524  0
3823500 2818500  7 28 18  26.5 1011 304  2.8 2 12.5  57  162  151 375 -514  0
3823500 2818500  7 28 19  25.4 1011 305  2.8 3 12.6  60   40  101 371 -501  0
3823500 2818500  7 28 20  23.7 1012 315  1.7 2 12.7  65    6   37 367 -488  0
3823500 2818500  7 28 21  21.9 1012 343  5.3 1 12.4  71    0    4 354 -477  0
3823500 2818500  7 28 22  20.3 1012   3  1.3 2 11.5  73    0    0 348 -465  0
3823500 2818500  7 28 23  18.3 1013 340  2.6 2 10.8  77    0    0 345 -457  0
3823500 2818500  7 28 24  17.3 1013 332  0.4 3 10.5  82    0    0 345 -455  0
3823500 2818500  7 29  1  17.0 1013   6  0.3 2 10.3  84    0    0 344 -454  0
3823500 2818500  7 29  2  16.3 1013 316  0.5 2 10.4  88    0    0 341 -452  0
3823500 2818500  7 29  3  15.4 1013 309  0.8 3 10.5  93    0    0 343 -448  0
3823500 2818500  7 29  4  15.7 1013 324  0.8 6 10.5  95    0    0 354 -445  0
3823500 2818500  7 29  5  15.2 1014   7  0.1 7 10.5  96    0    0 365 -442  0
3823500 2818500  7 29  6  16.2 1014  18  0.1 7 10.7  96    0    7 368 -439  0
3823500 2818500  7 29  7  16.7 1014 345  0.2 8 11.0  94    0   58 375 -440  0
3823500 2818500  7 29  8  17.8 1014  12  0.4 7 11.4  92   11  159 378 -444  0
3823500 2818500  7 29  9  19.8 1015  24  0.5 6 11.3  83   87  255 376 -447  0
3823500 2818500  7 29 10  20.7 1015 333  0.8 5 10.8  73  242  291 374 -450  0
3823500 2818500  7 29 11  22.1 1015 346  1.2 4 10.5  66  370  300 374 -463  0
3823500 2818500  7 29 12  23.3 1015 319  1.6 3 10.0  58  509  270 374 -487  0
3823500 2818500  7 29 13  24.9 1016 320  1.7 2  9.5  50  556  258 376 -503  0
3823500 2818500  7 29 14  25.9 1015 262  2.3 1  9.2  46  555  243 379 -514  0
3823500 2818500  7 29 15  25.9 1015 318  2.2 1  9.0  43  524  216 379 -521  0
3823500 2818500  7 29 16  26.4 1014 298  2.7 1  8.7  41  450  191 379 -522  0
3823500 2818500  7 29 17  26.1 1014 301  3.1 2  8.7  41  351  161 378 -513  0
3823500 2818500  7 29 18  26.6 1014 312  2.3 2  8.7  41  250  125 378 -499  0
3823500 2818500  7 29 19  25.9 1014 294  2.1 1  9.0  42  129   91 374 -488  0
3823500 2818500  7 29 20  23.3 1014 293  1.1 1  9.5  49   32   45 364 -478  0
3823500 2818500  7 29 21  19.5 1013 242  0.1 1  9.7  60    0    5 352 -468  0
3823500 2818500  7 29 22  18.3 1013 169  0.2 0  9.8  72    0    0 340 -457  0
3823500 2818500  7 29 23  17.5 1014 158  0.2 0 10.0  77    0    0 334 -449  0
3823500 2818500  7 29 24  17.3 1014 181  0.6 0 10.0  80    0    0 335 -443  0
3823500 2818500  7 30  1  16.6 1014 177  0.8 1 10.1  84    0    0 339 -437  0
3823500 2818500  7 30  2  16.6 1013 182  1.2 0 10.3  87    0    0 339 -431  0
3823500 2818500  7 30  3  17.2 1013 172  1.1 0 10.4  86    0    0 336 -427  0
3823500 2818500  7 30  4  16.3 1013 170  1.4 1 10.3  86    0    0 336 -424  0
3823500 2818500  7 30  5  16.6 1013 175  1.4 3 10.3  88    0    0 339 -422  0
3823500 2818500  7 30  6  17.3 1013 171  1.0 3 10.5  87    5   35 344 -422  0
3823500 2818500  7 30  7  19.7 1013 176  1.9 1 10.8  81   61   96 344 -422  0
3823500 2818500  7 30  8  22.0 1013 211  3.3 0 11.2  72  195  127 345 -427  0
3823500 2818500  7 30  9  23.7 1013 226  4.6 0 11.2  64  356  130 350 -438  0
3823500 2818500  7 30 10  25.3 1014 235  5.3 1 11.3  59  481  140 360 -456  0
3823500 2818500  7 30 11  26.3 1015 167  5.2 1 11.7  56  580  145 371 -477  0
3823500 2818500  7 30 12  26.6 1014 260  5.2 1 12.0  56  612  167 376 -494  0
3823500 2818500  7 30 13  27.1 1014 268  5.1 3 12.1  54  331  329 385 -499  0
3823500 2818500  7 30 14  26.7 1014 254  5.4 5 11.8  53  198  353 394 -500  0
3823500 2818500  7 30 15  26.9 1014 257  4.5 4 11.5  52  307  289 395 -500  0
3823500 2818500  7 30 16  27.0 1014 283  4.6 3 11.5  51  267  249 390 -496  0
3823500 2818500  7 30 17  27.4 1014 299  4.2 3 11.6  51  245  186 387 -490  0
3823500 2818500  7 30 18  26.4 1014 306  2.8 3 11.8  53  189  127 385 -480  0
3823500 2818500  7 30 19  25.4 1014 311  2.4 3 11.8  56   90   87 380 -468  0
3823500 2818500  7 30 20  23.0 1014 320  0.8 2 11.5  60   19   38 370 -455  0
3823500 2818500  7 30 21  21.2 1013 326  0.3 1 11.0  66    0    4 356 -443  0
3823500 2818500  7 30 22  18.9 1013 317  0.1 2 10.8  73    0    0 347 -432  0
3823500 2818500  7 30 23  18.2 1013 333  0.1 3 10.7  80    0    0 345 -425  0
3823500 2818500  7 30 24  18.2 1013 310  0.0 3 10.8  82    0    0 345 -418  0
3823500 2818500  7 31  1  17.1 1013  18  0.0 2 10.8  85    0    0 341 -412  0
3823500 2818500  7 31  2  16.8 1013  55  0.0 1 10.7  88    0    0 333 -407  0
3823500 2818500  7 31  3  17.0 1012  89  0.1 4 10.8  89    0    0 340 -402  0
3823500 2818500  7 31  4  17.1 1012  56  0.0 7 11.1  91    0    0 363 -398  0
3823500 2818500  7 31  5  17.2 1012  79  0.1 7 11.2  91    0    0 376 -394  0
3823500 2818500  7 31  6  17.8 1012  63  0.1 7 11.2  89    0   19 377 -391  0
3823500 2818500  7 31  7  19.0 1012 105  0.4 7 11.5  87    0   70 379 -392  0
3823500 2818500  7 31  8  21.7 1012 143  1.1 6 12.1  81   31  172 382 -400  0
3823500 2818500  7 31  9  23.6 1012 158  2.3 6 12.0  69   56  245 385 -412  0
3823500 2818500  7 31 10  24.1 1012 173  2.5 5 11.9  64   86  305 387 -428  0
3823500 2818500  7 31 11  25.2 1012 236  3.2 6 12.5  64   53  334 392 -443  0
3823500 2818500  7 31 12  26.7 1012 252  5.0 7 12.4  58    0  155 404 -458  0
3823500 2818500  7 31 13  26.5 1011 246  6.1 7 12.2  55   28  320 410 -469  0
3823500 2818500  7 31 14  26.0 1011 269  4.4 5 12.5  58  280  357 402 -475  0
3823500 2818500  7 31 15  26.2 1011 268  4.6 4 13.0  61  320  305 394 -476  0
3823500 2818500  7 31 16  26.0 1011 277  4.5 6 13.1  61  102  286 396 -469  0
3823500 2818500  7 31 17  25.3 1012 278  5.0 4 12.3  59  279  186 392 -459  0
3823500 2818500  7 31 18  24.1 1012 294  5.8 3 11.4  58  182  142 377 -450  0
3823500 2818500  7 31 19  22.6 1013 307  5.3 4 11.2  62   96   92 371 -442  0
3823500 2818500  7 31 20  21.3 1012 303  4.2 6 10.6  64    8   38 378 -434  0
3823500 2818500  7 31 21  20.0 1013 302  3.5 6 10.2  67    0    2 382 -424  0
3823500 2818500  7 31 22  18.7 1014 297  2.8 6  9.8  70    0    0 373 -416  0
3823500 2818500  7 31 23  18.2 1014 255  2.1 5 10.0  73    0    0 357 -410  0
3823500 2818500  7 31 24  18.0 1015 204  1.4 4 10.4  77    0    0 336 -405  0
3823500 2818500  8  1  1  18.2 1010 143  0.8 3 11.1  81    0    0 355 -429  0
3823500 2818500  8  1  2  18.6 1010  92  0.4 3 11.6  84    0    0 349 -425  0
3823500 2818500  8  1  3  19.0 1009  58  0.1 4 12.1  87    0    0 346 -422  0
3823500 2818500  8  1  4  18.8 1009  62  0.1 4 12.3  89    0    0 345 -418  0
3823500 2818500  8  1  5  19.2 1009  68  0.1 4 12.3  88    0    0 354 -415  0
3823500 2818500  8  1  6  19.0 1008  75  0.1 6 12.5  91    8   34 362 -412  0
3823500 2818500  8  1  7  20.1 1008  80  0.2 3 12.7  88   86   88 356 -413  0
3823500 2818500  8  1  8  22.0 1008 117  0.4 3 13.0  82  198  127 348 -420  0
3823500 2818500  8  1  9  24.4 1009 125  1.0 2 12.9  72  347  136 352 -432  0
3823500 2818500  8  1 10  26.3 1009 122  1.5 2 13.2  64  491  133 357 -446  0
3823500 2818500  8  1 11  27.7 1008 129  1.5 1 13.1  58  617  121 362 -461  0
3823500 2818500  8  1 12  28.3 1008 116  1.6 1 12.5  52  708  107 364 -476  0
3823500 2818500  8  1 13  29.4 1008 119  2.2 1 12.2  48  742   98 369 -488  0
3823500 2818500  8  1 14  30.2 1007 132  2.1 2 11.7  44  598  175 377 -496  0
3823500 2818500  8  1 15  30.7 1007 137  2.4 3 11.3  41  317  264 386 -500  0
3823500 2818500  8  1 16  30.6 1006 136  1.8 5 11.1  40  169  275 395 -502  0
3823500 2818500  8  1 17  30.6 1006 160  1.7 6 11.0  40  105  222 404 -501  0
3823500 2818500  8  1 18  30.9 1006 133  0.5 5 11.2  40  182  129 402 -496  0
3823500 2818500  8  1 19  30.1 1005 140  0.5 3 11.5  42  124   76 391 -486  0
3823500 2818500  8  1 20  26.8 1005  92  0.1 4 12.3  50   28   35 382 -476  0
3823500 2818500  8  1 21  24.7 1005 103  0.1 4 13.2  63    0    0 377 -466  0
3823500 2818500  8  1 22  23.6 1005  84  0.1 4 13.3  69    0    0 373 -458  0
3823500 2818500  8  1 23  22.4 1005 125  0.1 3 12.7  71    0    0 366 -451  0
3823500 2818500  8  1 24  22.3 1005 116  0.2 3 12.1  70    0    0 362 -447  0
3823500 2818500  8  2  1  22.3 1004 100  0.2 1 11.8  69    0    0 352 -445  0
3823500 2818500  8  2  2  21.9 1004 124  0.9 1 11.8  70    0    0 350 -444  0
3823500 2818500  8  2  3  21.4 1004 103  0.9 1 11.8  72    0    0 348 -443  0
3823500 2818500  8  2  4  21.5 1003 128  0.4 3 11.9  73    0    0 353 -441  0
3823500 2818500  8  2  5  20.6 1003 176  0.9 7 12.3  77    0    0 371 -439  0
3823500 2818500  8  2  6  20.1 1003 207  0.8 8 12.6  83    0   12 388 -440  0
3823500 2818500  8  2  7  20.1 1004  34  0.1 7 13.0  87    0   34 387 -441  0
3823500 2818500  8  2  8  20.9 1004 154  1.2 7 13.3  87    1  106 383 -440  0
3823500 2818500  8  2  9  22.0 1004 161  1.8 4 13.9  85  134  249 377 -441  0
3823500 2818500  8  2 10  23.9 1005 174  1.7 6 14.2  79  203  310 381 -441  0
3823500 2818500  8  2 11  24.0 1005 205  3.3 7 13.8  73  168  364 395 -439  0
3823500 2818500  8  2 12  24.3 1005 221  4.2 5 13.5  70  222  392 393 -436  0
3823500 2818500  8  2 13  24.3 1006 230  3.6 5 12.9  67  215  400 387 -435  0
3823500 2818500  8  2 14  24.4 1006 244  4.7 4 12.0  62  324  340 383 -448  0
3823500 2818500  8  2 15  24.5 1007 256  5.0 4 10.9  56  280  335 378 -465  0
3823500 2818500  8  2 16  23.9 1007 256  5.0 5 10.0  53  222  296 377 -468  0
3823500 2818500  8  2 17  23.4 1007 251  5.4 5  9.5  52  136  237 377 -463  0
3823500 2818500  8  2 18  22.7 1007 265  4.2 5  9.0  51   89  165 373 -457  0
3823500 2818500  8  2 19  21.8 1007 288  3.0 7  8.7  51    7   74 379 -448  0
3823500 2818500  8  2 20  20.6 1007 272  1.8 7  8.7  55    5   21 386 -441  0
3823500 2818500  8  2 21  18.1 1007 269  0.1 5  8.8  62    0    0 370 -435  0
3823500 2818500  8  2 22  16.5 1008 222  0.6 5  9.0  73    0    0 355 -430  0
3823500 2818500  8  2 23  16.0 1008 210  0.6 4  8.9  77    0    0 347 -426  0
3823500 2818500  8  2 24  15.4 1008 194  0.6 3  8.7  77    0    0 335 -420  0
3823500 2818500  8  3  1  15.1 1008 183  0.6 3  8.5  78    0    0 328 -415  0
3823500 2818500  8  3  2  14.2 1008 162  0.7 1  8.5  81    0    0 316 -408  0
3823500 2818500  8  3  3  13.9 1008 175  0.8 0  8.5  85    0    0 300 -402  0
3823500 2818500  8  3  4  14.3 1008 177  0.1 1  8.5  84    0    0 301 -399  0
3823500 2818500  8  3  5  13.5 1008 170  0.2 1  8.4  84    0    0 305 -396  0
3823500 2818500  8  3  6  15.2 1008 170  0.1 2  8.6  84    0   10 312 -394  0
3823500 2818500  8  3  7  16.3 1008 179  0.1 5  9.2  82   48   85 333 -395  0
3823500 2818500  8  3  8  18.1 1008 179  0.8 5  9.6  78  109  153 349 -402  0
3823500 2818500  8  3  9  19.8 1008 202  1.1 6  9.6  70  135  224 358 -413  0
3823500 2818500  8  3 10  21.1 1008 200  1.6 6  9.3  62  169  283 368 -425  0
3823500 2818500  8  3 11  22.1 1008 204  1.8 6  9.5  58  322  292 372 -436  0
3823500 2818500  8  3 12  22.7 1009 228  2.1 4  9.3  55  300  335 368 -447  0
3823500 2818500  8  3 13  23.9 1008 202  3.1 4  9.1  51  219  357 365 -456  0
3823500 2818500  8  3 14  23.2 1007 217  3.3 6  9.0  49   41  292 375 -463  0
3823500 2818500  8  3 15  23.0 1007 197  3.5 8  8.8  49    0  106 388 -464  0
3823500 2818500  8  3 16  22.6 1007 195  3.4 7  8.8  50    0  148 390 -461  0
3823500 2818500  8  3 17  21.6 1006 206  3.1 6  9.0  54    0  125 380 -453  0
3823500 2818500  8  3 18  21.4 1006 139  3.1 6  9.4  58    4  112 375 -447  0
3823500 2818500  8  3 19  20.7 1005 140  2.3 7  9.5  60   31   81 378 -442  0
3823500 2818500  8  3 20  20.0 1004 200  2.1 7  9.6  64    2   18 378 -436  0
3823500 2818500  8  3 21  19.7 1004 206  2.8 7  9.8  67    0    0 377 -430  0
3823500 2818500  8  3 22  18.4 1005 214  3.7 7 10.2  73    0    0 374 -425  0
3823500 2818500  8  3 23  18.1 1004 186  3.4 8 10.8  82    0    0 377 -421  0
3823500 2818500  8  3 24  17.8 1004 225  3.0 8 11.5  88    0    0 380 -418  0
3823500 2818500  8  4  1  18.3 1004 192  3.4 8 11.7  89    0    0 379 -416  0
3823500 2818500  8  4  2  18.5 1003 222  2.9 8 11.7  87    0    0 381 -412  0
3823500 2818500  8  4  3  18.2 1004 240  2.8 7 11.6  86    0    0 378 -408  0
3823500 2818500  8  4  4  17.7 1004 244  2.6 7 11.3  87    0    0 373 -408  0
3823500 2818500  8  4  5  17.7 1004 230  2.2 7 11.2  87    0    0 372 -409  0
3823500 2818500  8  4  6  17.6 1004 232  2.3 7 11.0  86    0    8 372 -408  0
3823500 2818500  8  4  7  17.8 1005 222  2.5 7 10.7  84    2   58 371 -408  0
3823500 2818500  8  4  8  17.8 1005 218  2.6 7 10.6  83    3  108 371 -413  0
3823500 2818500  8  4  9  18.0 1005 221  3.2 7 10.6  82   25  199 372 -417  0
3823500 2818500  8  4 10  18.6 1005 215  3.6 6 10.3  78  168  276 372 -420  0
3823500 2818500  8  4 11  19.8 1005 225  3.4 6 10.2  72  270  300 374 -425  0
3823500 2818500  8  4 12  21.3 1005 211  4.0 5 10.2  67  239  339 376 -432  0
3823500 2818500  8  4 13  21.4 1006 223  4.1 5 10.1  63  171  346 376 -442  0
3823500 2818500  8  4 14  22.6 1006 215  3.7 5  9.8  59  255  315 376 -451  0
3823500 2818500  8  4 15  22.0 1005 227  3.5 7  9.8  58   27  251 381 -454  0
3823500 2818500  8  4 16  19.0 1004 203  3.0 7 10.6  69    0  145 381 -453  0
3823500 2818500  8  4 17  19.1 1003 200  1.7 6 11.6  83   21  181 372 -448  0
3823500 2818500  8  4 18  20.4 1003 189  1.9 7 12.0  82    4  110 375 -444  0
3823500 2818500  8  4 19  20.3 1002 190  1.2 7 12.1  80    3   59 380 -440  0
3823500 2818500  8  4 20  19.7 1002 205  0.8 7 12.2  82    0   11 379 -435  0
3823500 2818500  8  4 21  18.5 1001 200  2.0 7 12.4  88    0    0 377 -430  0
3823500 2818500  8  4 22  18.4 1000 176  1.6 7 12.7  94    0    0 375 -425  0
3823500 2818500  8  4 23  18.4  999 195  1.0 7 12.6  93    0    0 374 -420  0
3823500 2818500  8  4 24  17.6  997 180  1.1 8 12.2  93    0    0 377 -418  0
3823500 2818500  8  5  1  17.6  996 196  1.4 7 12.0  94    0    0 375 -417  0
3823500 2818500  8  5  2  17.7  995 234  2.0 7 12.1  94    0    0 372 -415  0
3823500 2818500  8  5  3  17.6  995 244  3.4 7 11.9  92    0    0 372 -410  0
3823500 2818500  8  5  4  16.8  994 242  4.4 7 11.3  90    0    0 370 -406  0
3823500 2818500  8  5  5  16.2  994 234  4.4 7 10.8  90    0    0 367 -404  0
3823500 2818500  8  5  6  15.6  995 239  5.0 6 10.4  90    0   19 360 -403  0
3823500 2818500  8  5  7  15.8  995 256  4.8 7 10.2  89   24   73 360 -402  0
3823500 2818500  8  5  8  16.7  996 256  5.7 6 10.1  86  148  109 362 -402  0
3823500 2818500  8  5  9  17.7  997 257  6.3 4  9.9  79  345   86 354 -403  0
3823500 2818500  8  5 10  18.5  997 276  6.2 4  9.4  71  446  102 350 -404  0
3823500 2818500  8  5 11  18.5  998 269  6.0 5  9.3  69  188  270 357 -403  0
3823500 2818500  8  5 12  19.5  998 273  5.3 4  9.3  66  163  294 361 -407  0
3823500 2818500  8  5 13  20.1 1000 262  6.0 4  8.6  58  235  283 361 -418  0
3823500 2818500  8  5 14  20.8 1000 276  5.4 5  8.4  55  318  237 366 -424  0
3823500 2818500  8  5 15  20.4 1001 287  4.5 3  8.5  55  278  212 362 -428  0
3823500 2818500  8  5 16  20.8 1001 276  4.9 5  8.3  54   79  224 359 -435  0
3823500 2818500  8  5 17  20.4 1002 284  4.5 3  8.3  54  115  173 357 -434  0
3823500 2818500  8  5 18  20.0 1002 284  4.7 5  8.3  56  149  100 353 -428  0
3823500 2818500  8  5 19  19.6 1001 262  3.9 3  8.2  56   29   69 350 -423  0
3823500 2818500  8  5 20  18.0 1002 257  2.0 3  8.2  60   27   24 339 -417  0
3823500 2818500  8  5 21  16.6 1002 254  1.8 3  8.3  66    0    0 334 -409  0
3823500 2818500  8  5 22  16.2 1002 239  2.1 3  8.3  70    0    0 331 -401  0
3823500 2818500  8  5 23  15.8 1003 228  2.4 3  8.3  72    0    0 329 -395  0
3823500 2818500  8  5 24  15.6 1003 230  2.1 3  8.4  75    0    0 328 -390  0
3823500 2818500  8  6  1  15.0 1003 233  2.6 4  8.7  79    0    0 331 -387  0
3823500 2818500  8  6  2  14.8 1003 242  2.8 3  8.9  83    0    0 330 -384  0
3823500 2818500  8  6  3  14.5 1003 253  3.1 2  9.1  86    0    0 321 -383  0
3823500 2818500  8  6  4  14.5 1003 251  3.0 5  9.2  88    0    0 331 -381  0
3823500 2818500  8  6  5  14.8 1004 251  2.8 7  9.4  89    0    0 355 -381  0
3823500 2818500  8  6  6  15.1 1004 252  2.6 7  9.6  90    0    9 367 -382  0
3823500 2818500  8  6  7  15.5 1004 248  2.6 6  9.8  90    8   66 365 -387  0
3823500 2818500  8  6  8  16.4 1005 261  2.9 5 10.0  87   70  131 357 -395  0
3823500 2818500  8  6  9  17.5 1006 263  3.7 4  9.9  81  257  134 350 -407  0
3823500 2818500  8  6 10  18.6 1006 255  3.4 3  9.4  72  449   97 344 -419  0
3823500 2818500  8  6 11  19.5 1007 261  3.4 3  9.1  66  497  127 342 -429  0
3823500 2818500  8  6 12  20.7 1007 250  3.5 4  9.0  61  528  144 351 -437  0
3823500 2818500  8  6 13  20.9 1007 268  3.1 5  8.9  58  288  266 361 -444  0
3823500 2818500  8  6 14  22.2 1007 257  2.9 5  8.9  55  236  262 367 -454  0
3823500 2818500  8  6 15  21.3 1008 242  3.1 6  9.3  56   73  252 372 -463  0
3823500 2818500  8  6 16  20.9 1007 260  3.4 5  9.8  62   43  216 369 -465  0
3823500 2818500  8  6 17  21.4 1007 231  2.7 6 10.1  64  181  154 368 -463  0
3823500 2818500  8  6 18  21.1 1007 256  3.2 5 10.1  63  135  104 367 -456  0
3823500 2818500  8  6 19  20.6 1007 259  1.8 5 10.0  64  107   51 361 -447  0
3823500 2818500  8  6 20  19.2 1007 347  1.0 6 10.3  70   22   22 359 -436  0
3823500 2818500  8  6 21  18.4 1007 192  0.8 6 10.5  76    0    0 357 -426  0
3823500 2818500  8  6 22  18.1 1007 213  0.8 7 10.4  79    0    0 357 -419  0
3823500 2818500  8  6 23  18.7 1007 177  0.8 7 10.2  76    0    0 358 -413  0
3823500 2818500  8  6 24  17.9 1007 129  0.7 7 10.1  76    0    0 356 -408  0
3823500 2818500  8  7  1  18.0 1007 183  0.9 7 10.3  80    0    0 354 -405  0
3823500 2818500  8  7  2  17.8 1007 155  1.2 7 10.5  81    0    0 352 -402  0
3823500 2818500  8  7  3  17.5 1007 154  1.1 8 10.5  83    0    0 353 -401  0
3823500 2818500  8  7  4  17.3 1007 160  1.1 8 10.5  84    0    0 355 -398  0
3823500 2818500  8  7  5  16.9 1007 166  1.2 8 10.7  87    0    0 355 -397  0
3823500 2818500  8  7  6  17.0 1006 169  1.2 7 10.8  88    0    4 352 -398  0
3823500 2818500  8  7  7  17.3 1006 155  1.2 7 10.8  88    0   33 350 -402  0
3823500 2818500  8  7  8  18.1 1006 181  1.9 8 10.9  85    3  115 354 -407  0
3823500 2818500  8  7  9  19.6 1006 206  2.2 5 11.1  81  107  234 352 -415  0
3823500 2818500  8  7 10  22.0 1006 215  2.8 4 11.3  73  358  229 351 -426  0
3823500 2818500  8  7 11  24.3 1006 211  3.6 3 11.4  64  566  183 357 -438  0
3823500 2818500  8  7 12  25.1 1006 200  3.7 2 11.7  59  646  181 361 -454  0
3823500 2818500  8  7 13  26.1 1006 187  3.3 2 11.7  56  582  228 365 -471  0
3823500 2818500  8  7 14  26.8 1005 219  3.1 3 11.5  53  502  258 371 -484  0
3823500 2818500  8  7 15  27.1 1005 225  3.0 4 11.3  50  185  309 378 -490  0
3823500 2818500  8  7 16  27.0 1005 215  2.5 3 11.5  51  196  278 380 -487  0
3823500 2818500  8  7 17  27.0 1004 245  2.0 4 11.6  51  196  210 379 -478  0
3823500 2818500  8  7 18  26.8 1004 243  1.3 5 11.5  51  124  148 381 -467  0
3823500 2818500  8  7 19  25.9 1004 274  0.1 5 11.9  54   33   83 381 -456  0
3823500 2818500  8  7 20  22.9 1004   8  0.1 6 12.6  65   15   26 377 -447  0
3823500 2818500  8  7 21  20.8 1004 112  0.1 7 12.7  76    0    0 372 -438  0
3823500 2818500  8  7 22  18.4 1003  46  0.1 6 12.3  85    0    0 363 -431  0
3823500 2818500  8  7 23  18.4 1003 109  0.1 5 12.0  90    0    0 353 -426  0
3823500 2818500  8  7 24  18.7 1003 112  0.1 6 12.0  89    0    0 353 -422  0
3823500 2818500  8  8  1  19.0 1002  90  0.3 6 12.2  88    0    0 356 -418  0
3823500 2818500  8  8  2  17.9 1002  92  0.1 5 12.1  89    0    0 352 -414  0
3823500 2818500  8  8  3  17.4 1001  66  0.1 4 11.7  92    0    0 344 -411  0
3823500 2818500  8  8  4  17.8 1000  54  0.1 5 11.6  91    0    0 342 -408  0
3823500 2818500  8  8  5  16.8 1000 114  0.1 4 11.5  91    0    0 339 -406  0
3823500 2818500  8  8  6  18.1  999 116  0.1 5 11.5  91    9   26 339 -405  0
3823500 2818500  8  8  7  20.2 1000 111  0.5 4 12.0  85   48   88 344 -406  0
3823500 2818500  8  8  8  21.9  999 142  0.8 4 12.3  77   67  162 348 -414  0
3823500 2818500  8  8  9  23.9  999 136  1.1 6 12.5  70  173  224 360 -428  0
3823500 2818500  8  8 10  25.6  998 136  1.9 6 12.8  64  310  249 373 -447  0
3823500 2818500  8  8 11  27.4  997 166  2.3 6 13.1  59  463  237 382 -466  0
3823500 2818500  8  8 12  27.9  997 185  2.5 6 12.9  54  389  313 389 -483  0
3823500 2818500  8  8 13  28.5  996 212  3.0 6 12.6  51  230  367 393 -498  0
3823500 2818500  8  8 14  27.4  996 229  3.4 7 12.8  53    0  171 398 -509  0
3823500 2818500  8  8 15  26.4  995 222  4.4 7 13.3  59    5  211 400 -513  0
3823500 2818500  8  8 16  24.0  995 218  6.3 7 13.9  67   54  252 395 -514  0
3823500 2818500  8  8 17  24.2  995 210  6.9 6 13.4  69   48  204 389 -509  0
3823500 2818500  8  8 18  23.4  995 113  5.1 6 12.1  64   48  147 385 -498  0
3823500 2818500  8  8 19  21.8  995 283  5.4 5 11.8  67   13   75 379 -485  0
3823500 2818500  8  8 20  21.0  996 264  3.9 4 11.7  72    2   18 371 -470  0
3823500 2818500  8  8 21  20.0  997 233  3.3 6 11.6  75    0    0 370 -457  0
3823500 2818500  8  8 22  19.1  997 225  0.2 6 11.5  79    0    0 371 -446  0
3823500 2818500  8  8 23  18.3  997 213  1.3 6 11.5  84    0    0 368 -434  0
3823500 2818500  8  8 24  18.6  997 194  1.9 7 11.7  86    0    0 371 -425  0
3823500 2818500  8  9  1  17.6  997 260  2.7 5 11.5  86    0    0 369 -423  0
3823500 2818500  8  9  2  17.0  996 222  3.0 5 10.8  86    0    0 360 -421  0
3823500 2818500  8  9  3  16.5  995 229  1.8 6 10.3  84    0    0 362 -420  0
3823500 2818500  8  9  4  15.4  995 191  1.5 6 10.1  87    0    0 363 -419  0
3823500 2818500  8  9  5  15.4  995 204  1.6 6 10.2  91    0    0 360 -417  0
3823500 2818500  8  9  6  15.9  995 188  1.6 6 10.4  92    0    7 360 -416  0
3823500 2818500  8  9  7  16.2  995 202  2.2 7 10.6  91    5   68 365 -417  0
3823500 2818500  8  9  8  16.8  995 233  2.9 6 10.7  89   10  130 367 -420  0
3823500 2818500  8  9  9  17.0  995 232  2.6 6 10.7  87    9  180 364 -425  0
3823500 2818500  8  9 10  17.4  995 237  4.1 7 10.7  86    1  181 369 -429  0
3823500 2818500  8  9 11  18.7  996 225  3.9 5 10.7  81  106  332 369 -430  0
3823500 2818500  8  9 12  20.0  997 236  3.9 4 10.5  73  231  368 365 -436  0
3823500 2818500  8  9 13  19.4  997 249  4.0 5 10.7  73  102  348 368 -442  0
3823500 2818500  8  9 14  17.3  997 287  3.8 7 10.9  81   36  290 374 -444  0
3823500 2818500  8  9 15  19.5  997 274  3.6 4 10.9  81  349  292 370 -445  0
3823500 2818500  8  9 16  19.9  997 289  3.7 4 10.9  74  237  268 363 -444  0
3823500 2818500  8  9 17  18.8  998 289  3.1 4 10.8  75  103  216 359 -441  0
3823500 2818500  8  9 18  16.9  998 317  1.9 8 11.0  84    0   83 367 -432  0
3823500 2818500  8  9 19  16.8  999 319  3.2 7 10.6  87    0   39 375 -423  0
3823500 2818500  8  9 20  16.2 1000 330  1.8 7  9.7  82    2   18 369 -419  0
3823500 2818500  8  9 21  16.2 1001 294  0.2 7  9.1  78    0    0 368 -416  0
3823500 2818500  8  9 22  15.8 1002 289  0.4 7  8.8  76    0    0 367 -414  0
3823500 2818500  8  9 23  15.5 1003 288  0.2 8  8.7  77    0    0 371 -409  0
3823500 2818500  8  9 24  14.4 1004 276  0.1 8  8.6  80    0    0 373 -405  0
3823500 2818500  8 10  1  13.9 1004 256  0.5 6  8.5  84    0    0 362 -403  0
3823500 2818500  8 10  2  13.5 1004 255  0.2 5  8.5  86    0    0 346 -399  0
3823500 2818500  8 10  3  13.6 1005 251  1.0 4  8.5  86    0    0 336 -397  0
3823500 2818500  8 10  4  13.7 1005 246  0.5 5  8.5  86    0    0 335 -397  0
3823500 2818500  8 10  5  13.6 1005 261  0.6 6  8.6  87    0    0 343 -395  0
3823500 2818500  8 10  6  13.4 1005 246  1.1 7  8.5  87    0   10 351 -393  0
3823500 2818500  8 10  7  13.7 1006 250  1.0 6  8.5  87   10   73 349 -393  0
3823500 2818500  8 10  8  14.5 1006 261  1.3 4  8.6  85  121  146 336 -396  0
3823500 2818500  8 10  9  15.8 1006 258  1.8 4  8.6  79  205  204 330 -402  0
3823500 2818500  8 10 10  16.5 1006 261  2.1 5  8.3  72  108  284 335 -410  0
3823500 2818500  8 10 11  16.7 1006 250  2.1 5  8.1  68   78  306 339 -420  0
3823500 2818500  8 10 12  17.7 1006 245  2.1 6  8.0  64   31  285 343 -429  0
3823500 2818500  8 10 13  18.6 1006 224  2.4 4  7.8  60  289  345 343 -438  0
3823500 2818500  8 10 14  19.0 1006 252  2.2 6  7.6  56  192  336 345 -443  0
3823500 2818500  8 10 15  19.3 1006 248  2.1 5  7.4  53  148  300 349 -445  0
3823500 2818500  8 10 16  20.1 1005 215  1.3 4  7.7  53  254  248 345 -445  0
3823500 2818500  8 10 17  20.0 1005 218  2.9 4  8.0  54  236  184 344 -441  0
3823500 2818500  8 10 18  20.0 1004 213  2.2 4  8.0  54  165  128 343 -434  0
3823500 2818500  8 10 19  19.3 1004 194  1.7 6  8.1  56   45   78 351 -429  0
3823500 2818500  8 10 20  18.4 1003 167  1.0 7  8.3  61    6   19 362 -426  0
3823500 2818500  8 10 21  17.9 1003 169  1.4 7  8.5  64    0    0 366 -422  0
3823500 2818500  8 10 22  18.3 1002 176  2.0 8  8.6  66    0    0 372 -419  0
3823500 2818500  8 10 23  18.1 1002 205  1.4 8  9.0  68    0    0 380 -418  0
3823500 2818500  8 10 24  17.5 1001 225  1.8 8  9.5  74    0    0 383 -417  0
3823500 2818500  8 11  1  17.2 1001 221  1.3 6  9.9  79    0    0 377 -416  0
3823500 2818500  8 11  2  16.7 1001 225  1.4 7  9.9  81    0    0 373 -414  0
3823500 2818500  8 11  3  16.3 1000 210  1.4 7 10.1  85    0    0 378 -413  0
3823500 2818500  8 11  4  16.9  999 184  1.1 8 10.1  84    0    0 383 -412  0
3823500 2818500  8 11  5  17.2  998 190  1.7 8  9.8  80    0    0 388 -412  0
3823500 2818500  8 11  6  17.6  998 196  2.4 8  9.8  78    0   15 389 -412  0
3823500 2818500  8 11  7  18.0  998 195  2.3 8 10.0  77    0   45 391 -411  0
3823500 2818500  8 11  8  18.3  997 203  3.4 7 10.3  78    0   76 388 -409  0
3823500 2818500  8 11  9  18.5  997 204  3.9 7 10.4  77    0   85 385 -406  0
3823500 2818500  8 11 10  17.9  997 211  2.9 7 10.4  78    0   96 386 -405  0
3823500 2818500  8 11 11  17.0  997 214  3.1 7 10.5  83    0  190 384 -406  0
3823500 2818500  8 11 12  17.2  998 208  3.7 7 10.7  86    0  205 385 -408  0
3823500 2818500  8 11 13  16.8  997 212  4.5 7 10.6  86    0  193 384 -409  0
3823500 2818500  8 11 14  17.7  998 214  4.3 7 10.7  85    0  172 385 -411  0
3823500 2818500  8 11 15  18.7  997 212  3.4 7 10.8  81    0  192 388 -415  0
3823500 2818500  8 11 16  19.4  998 217  4.1 7 11.0  78    4  195 391 -422  0
3823500 2818500  8 11 17  19.4  998 209  4.6 5 11.0  76   62  245 385 -428  0
3823500 2818500  8 11 18  19.5  998 220  4.1 5 10.8  75   83  185 378 -426  0
3823500 2818500  8 11 19  19.3  997 212  3.1 6 10.8  75   14   83 379 -421  0
3823500 2818500  8 11 20  18.7  998 208  2.4 6 10.7  77    0   15 379 -417  0
3823500 2818500  8 11 21  18.2  998 205  1.9 6 10.6  78    0    0 378 -412  0
3823500 2818500  8 11 22  17.6  997 204  1.6 5 10.5  80    0    0 371 -407  0
3823500 2818500  8 11 23  17.0  997 209  1.4 4 10.4  83    0    0 357 -403  0
3823500 2818500  8 11 24  16.5  997 216  1.3 4 10.2  85    0    0 344 -401  0
3823500 2818500  8 12  1  16.1 1010 225  1.1 4 10.1  87    0    0 348 -415  0
3823500 2818500  8 12  2  15.9 1010 233  1.0 5  9.9  87    0    0 344 -414  0
3823500 2818500  8 12  3  15.9 1010 236  1.0 6  9.8  86    0    0 346 -413  0
3823500 2818500  8 12  4  16.1 1010 235  1.2 6  9.6  85    0    0 358 -411  0
3823500 2818500  8 12  5  16.2 1009 229  1.7 7  9.6  84    0    0 372 -409  0
3823500 2818500  8 12  6  16.4 1009 227  2.2 8  9.4  81    2   16 377 -408  0
3823500 2818500  8 12  7  17.1 1009 217  2.8 6  9.6  80   10   70 372 -406  0
3823500 2818500  8 12  8  17.7 1009 236  2.9 6 10.0  80   23  132 367 -406  0
3823500 2818500  8 12  9  18.6 1009 229  3.0 6 10.5  80   48  200 370 -405  0
3823500 2818500  8 12 10  19.2 1009 241  3.2 6 10.9  79   51  254 374 -404  0
3823500 2818500  8 12 11  19.2 1009 252  3.1 6 11.0  78    0  196 376 -404  0
3823500 2818500  8 12 12  18.3 1008 252  2.6 7 11.2  82    0  184 378 -407  0
3823500 2818500  8 12 13  18.8 1008 250  2.9 7 11.4  85    0  211 382 -408  0
3823500 2818500  8 12 14  19.4 1008 260  2.7 7 11.6  83    0  192 385 -411  0
3823500 2818500  8 12 15  18.8 1008 246  1.9 7 11.8  85    0  160 386 -413  0
3823500 2818500  8 12 16  19.0 1008 285  1.6 7 12.1  87    1  170 386 -413  0
3823500 2818500  8 12 17  19.1 1007 287  2.0 6 12.0  86   14  169 381 -413  0
3823500 2818500  8 12 18  19.0 1007 243  2.1 8 11.6  83   51  130 383 -413  0
3823500 2818500  8 12 19  18.7 1006 263  1.8 6 11.2  82   97   31 382 -411  0
3823500 2818500  8 12 20  17.9 1006 266  1.1 5 11.0  82   24    4 368 -410  0
3823500 2818500  8 12 21  17.0 1006 244  1.0 6 10.8  86    0    0 364 -408  0
3823500 2818500  8 12 22  16.2 1007 259  0.6 6 10.7  89    0    0 366 -406  0
3823500 2818500  8 12 23  16.0 1007 255  0.4 6 10.3  89    0    0 365 -404  0
3823500 2818500  8 12 24  15.3 1007 242  0.2 7 10.2  91    0    0 367 -401  0
3823500 2818500  8 13  1  15.2 1007 262  0.6 5 10.0  92    0    0 362 -396  0
3823500 2818500  8 13  2  14.4 1007 252  0.7 3  9.7  91    0    0 343 -391  0
3823500 2818500  8 13  3  13.5 1006 247  0.4 2  9.3  93    0    0 326 -387  0
3823500 2818500  8 13  4  13.5 1007 231  0.8 3  9.2  95    0    0 321 -384  0
3823500 2818500  8 13  5  13.5 1007 227  0.6 4  9.2  95    0    0 327 -381  0
3823500 2818500  8 13  6  13.5 1007 210  0.8 5  9.2  95    0    5 333 -379  0
3823500 2818500  8 13  7  14.9 1006 211  1.0 6  9.6  94    0   33 341 -379  0
3823500 2818500  8 13  8  15.4 1006 197  0.8 6 10.1  93    4  125 347 -386  0
3823500 2818500  8 13  9  16.2 1007 215  1.3 6 10.4  91   32  220 348 -398  0
3823500 2818500  8 13 10  17.2 1007 255  0.9 5 10.5  88   71  300 345 -412  0
3823500 2818500  8 13 11  18.5 1007 292  1.2 5 10.5  82   51  332 345 -425  0
3823500 2818500  8 13 12  19.1 1007 290  2.1 6 10.2  75   15  300 353 -437  0
3823500 2818500  8 13 13  19.7 1007 315  2.2 5  9.8  69   90  384 358 -441  0
3823500 2818500  8 13 14  20.5 1007 330  2.5 4  9.5  64  256  346 355 -441  0
3823500 2818500  8 13 15  20.8 1007 279  2.4 2  9.2  60  418  233 347 -445  0
3823500 2818500  8 13 16  20.7 1007 302  2.6 5  9.0  58  186  284 350 -450  0
3823500 2818500  8 13 17  20.8 1007 313  2.7 6  8.9  58   55  223 363 -448  0
3823500 2818500  8 13 18  20.1 1007 326  2.1 5  8.7  57   82  149 360 -442  0
3823500 2818500  8 13 19  19.5 1007 343  1.5 5  8.5  58   77   58 353 -431  0
3823500 2818500  8 13 20  18.3 1007 347  1.4 5  8.2  60    6   13 348 -417  0
3823500 2818500  8 13 21  16.6 1008 347  0.7 5  8.0  64    0    0 339 -406  0
3823500 2818500  8 13 22  14.8 1008 333  0.3 4  8.1  72    0    0 326 -397  0
3823500 2818500  8 13 23  13.6 1009 303  0.3 4  8.2  80    0    0 313 -390  0
3823500 2818500  8 13 24  12.4 1009 298  0.1 5  8.2  87    0    0 308 -385  0
3823500 2818500  8 14  1  12.0 1009 267  0.4 5  8.0  90    0    0 306 -382  0
3823500 2818500  8 14  2  10.2 1009 237  0.5 4  7.6  92    0    0 297 -378  0
3823500 2818500  8 14  3   9.7 1010 274  0.5 3  7.3  95    0    0 286 -375  0
3823500 2818500  8 14  4   9.5 1010 224  0.5 4  7.2  96    0    0 284 -373  0
3823500 2818500  8 14  5   9.3 1010 238  0.3 4  7.1  96    0    0 286 -371  0
3823500 2818500  8 14  6   9.5 1010 306  0.1 2  7.2  97    6   18 280 -369  0
3823500 2818500  8 14  7  11.7 1010 352  0.3 3  7.8  97   71   55 280 -371  0
3823500 2818500  8 14  8  14.1 1010 247  0.9 2  8.7  94  183   98 288 -381  0
3823500 2818500  8 14  9  16.6 1010 251  1.3 4  9.1  83  272  146 302 -396  0
3823500 2818500  8 14 10  17.8 1011 119  1.4 4  9.0  73  274  232 316 -414  0
3823500 2818500  8 14 11  18.8 1011  82  1.4 5  8.6  65  260  305 325 -433  0
3823500 2818500  8 14 12  19.7 1010  50  1.6 4  8.3  59  198  358 331 -448  0
3823500 2818500  8 14 13  19.6 1010 122  1.6 4  8.1  56  226  364 330 -460  0
3823500 2818500  8 14 14  20.4 1010 222  2.3 4  7.9  54  321  287 332 -467  0
3823500 2818500  8 14 15  21.1 1010 241  2.8 4  7.7  50  279  282 336 -465  0
3823500 2818500  8 14 16  21.1 1010 210  1.6 4  7.5  48  233  247 337 -458  0
3823500 2818500  8 14 17  21.7 1009 246  1.9 5  7.6  48  129  210 339 -453  0
3823500 2818500  8 14 18  21.2 1009 237  2.0 5  7.6  47  205   83 341 -446  0
3823500 2818500  8 14 19  20.0 1009 241  1.6 3  7.6  50  103   46 333 -437  0
3823500 2818500  8 14 20  17.3 1009 189  0.9 2  8.1  60   13    9 320 -427  0
3823500 2818500  8 14 21  15.2 1009 185  0.0 2  8.5  73    0    0 311 -419  0
3823500 2818500  8 14 22  13.8 1009 171  0.3 2  8.4  81    0    0 308 -414  0
3823500 2818500  8 14 23  13.2 1009 168  0.3 2  8.3  86    0    0 308 -410  0
3823500 2818500  8 14 24  12.5 1009 166  0.3 3  8.3  89    0    0 313 -406  0
3823500 2818500  8 15  1  12.8 1009 173  0.2 2  8.2  89    0    0 315 -402  0
3823500 2818500  8 15  2  13.1 1009 177  0.8 1  8.2  88    0    0 313 -399  0
3823500 2818500  8 15  3  13.8 1008 180  0.6 1  8.2  84    0    0 314 -397  0
3823500 2818500  8 15  4  13.3 1008 197  0.6 1  8.1  83    0    0 316 -396  0
3823500 2818500  8 15  5  13.0 1008 195  1.1 1  8.1  85    0    0 316 -393  0
3823500 2818500  8 15  6  13.7 1008 197  1.3 2  8.1  84    0    4 320 -392  0
3823500 2818500  8 15  7  15.2 1008 198  0.9 4  8.4  81   30   68 333 -393  0
3823500 2818500  8 15  8  17.7 1007 199  1.6 4  8.8  75  127  113 345 -400  0
3823500 2818500  8 15  9  19.8 1007 210  2.9 4  8.9  66  245  156 352 -413  0
3823500 2818500  8 15 10  21.1 1007 209  3.2 4  9.0  60  327  201 358 -429  0
3823500 2818500  8 15 11  22.6 1008 212  4.4 5  9.0  55  423  214 366 -445  0
3823500 2818500  8 15 12  24.3 1008 209  4.6 6  8.7  48  522  199 378 -460  0
3823500 2818500  8 15 13  25.4 1008 207  4.1 4  8.7  44  573  196 382 -471  0
3823500 2818500  8 15 14  26.3 1007 207  4.3 4  8.6  41  595  172 380 -480  0
3823500 2818500  8 15 15  27.0 1007 218  4.5 3  8.6  39  555  153 380 -485  0
3823500 2818500  8 15 16  27.3 1006 219  4.7 1  8.5  38  462  140 373 -486  0
3823500 2818500  8 15 17  27.4 1006 231  3.9 0  8.4  37  340  125 365 -482  0
3823500 2818500  8 15 18  27.2 1006 194  3.5 0  8.5  37  220   90 360 -475  0
3823500 2818500  8 15 19  26.2 1005 201  1.9 1  8.7  40  111   53 358 -464  0
3823500 2818500  8 15 20  23.3 1005 186  1.0 1  9.3  47    5   11 353 -452  0
3823500 2818500  8 15 21  21.2 1005 177  0.7 0  9.7  57    0    0 341 -441  0
3823500 2818500  8 15 22  21.1 1006 213  1.3 0  9.6  61    0    0 333 -433  0
3823500 2818500  8 15 23  20.2 1004 248  1.3 0  9.4  62    0    0 331 -428  0
3823500 2818500  8 15 24  18.1 1005 188  1.0 0  9.4  67    0    0 327 -423  0
3823500 2818500  8 16  1  17.4 1005 190  1.0 0  9.6  75    0    0 324 -420  0
3823500 2818500  8 16  2  17.6 1005 183  0.9 1  9.8  77    0    0 328 -419  0
3823500 2818500  8 16  3  17.7 1005 210  0.9 1  9.8  77    0    0 333 -416  0
3823500 2818500  8 16  4  18.0 1005 215  1.4 1 10.0  77    0    0 336 -413  0
3823500 2818500  8 16  5  16.8 1005 227  1.2 1 10.1  80    0    0 337 -411  0
3823500 2818500  8 16  6  16.9 1005 215  0.9 0 10.3  85    0    6 336 -411  0
3823500 2818500  8 16  7  18.0 1005 242  1.4 4 10.7  85   17   73 345 -414  0
3823500 2818500  8 16  8  18.5 1006 249  2.6 6 11.2  84  101  133 361 -418  0
3823500 2818500  8 16  9  19.3 1006 257  2.7 7 11.5  83  181  198 372 -428  0
3823500 2818500  8 16 10  20.1 1006 233  2.5 7 11.5  79  305  226 378 -443  0
3823500 2818500  8 16 11  21.6 1006 228  2.9 7 11.4  73  431  232 385 -456  0
3823500 2818500  8 16 12  22.6 1007 235  3.2 6 11.3  67  482  253 389 -466  0
3823500 2818500  8 16 13  23.0 1007 235  3.7 6 10.9  62  505  261 390 -473  0
3823500 2818500  8 16 14  23.7 1007 243  4.4 6 10.7  59  508  244 393 -475  0
3823500 2818500  8 16 15  23.6 1007 262  3.5 5 10.7  58  467  220 392 -471  0
3823500 2818500  8 16 16  24.5 1007 259  2.4 4 10.7  57  391  192 387 -467  0
3823500 2818500  8 16 17  24.4 1006 257  2.7 4 10.7  55  264  158 384 -464  0
3823500 2818500  8 16 18  23.9 1006 274  2.7 5 10.7  56  139  123 386 -458  0
3823500 2818500  8 16 19  23.3 1006 263  1.9 4 10.7  58   86   55 384 -447  0
3823500 2818500  8 16 20  21.1 1006 290  1.3 4 10.5  62    2   11 375 -434  0
3823500 2818500  8 16 21  19.0 1005 264  0.8 2 10.5  71    0    0 359 -423  0
3823500 2818500  8 16 22  17.7 1006 258  0.3 3 10.5  79    0    0 347 -415  0
3823500 2818500  8 16 23  16.0 1006 200  0.1 4 10.3  85    0    0 349 -409  0
3823500 2818500  8 16 24  14.9 1006 224  0.1 4 10.0  90    0    0 347 -403  0
3823500 2818500  8 17  1  14.8 1006 218  0.3 4  9.9  93    0    0 343 -399  0
3823500 2818500  8 17  2  14.2 1006 206  0.2 3  9.8  94    0    0 336 -395  0
3823500 2818500  8 17  3  13.9 1005 185  0.2 1  9.5  94    0    0 322 -393  0
3823500 2818500  8 17  4  13.6 1005 209  0.1 2  9.4  95    0    0 315 -391  0
3823500 2818500  8 17  5  14.1 1005 197  0.1 5  9.6  96    0    0 326 -391  0
3823500 2818500  8 17  6  14.2 1005 187  0.1 7  9.9  97    0    2 341 -391  0
3823500 2818500  8 17  7  15.5 1005 194  0.5 6 10.3  96   53   59 347 -393  0
3823500 2818500  8 17  8  17.4 1005 219  1.7 6 10.7  90   61  144 348 -400  0
3823500 2818500  8 17  9  19.4 1005 219  2.2 5 10.9  81  123  214 351 -412  0
3823500 2818500  8 17 10  20.1 1005 217  2.8 4 11.0  75  200  273 349 -427  0
3823500 2818500  8 17 11  21.4 1005 216  2.9 4 11.0  71  365  252 352 -439  0
3823500 2818500  8 17 12  22.5 1005 239  3.0 4 10.8  64  466  231 359 -448  0
3823500 2818500  8 17 13  22.7 1005 246  2.9 5 10.5  61  310  324 366 -455  0
3823500 2818500  8 17 14  23.4 1005 254  3.7 6 10.6  60  137  360 373 -462  0
3823500 2818500  8 17 15  23.2 1005 263  3.5 5 10.6  58  113  323 375 -463  0
3823500 2818500  8 17 16  22.6 1005 264  3.1 4 10.3  58  244  242 369 -461  0
3823500 2818500  8 17 17  19.4 1005 292  2.8 6 10.6  68   70  204 366 -457  0
3823500 2818500  8 17 18  19.2 1004 309  3.1 6 11.2  79    0   89 369 -448  0
3823500 2818500  8 17 19  19.0 1005 290  2.3 5 10.7  77   17   62 363 -440  0
3823500 2818500  8 17 20  17.4 1005 302  1.9 4  9.8  74    0    9 351 -429  0
3823500 2818500  8 17 21  15.9 1006 282  1.1 1  9.3  78    0    0 332 -419  0
3823500 2818500  8 17 22  14.9 1007 273  0.9 0  9.0  82    0    0 314 -412  0
3823500 2818500  8 17 23  13.9 1008 226  0.7 0  8.9  87    0    0 307 -406  0
3823500 2818500  8 17 24  13.4 1008 224  0.4 0  8.9  90    0    0 305 -401  0
3823500 2818500  8 18  1  13.2 1009 257  0.3 2  8.7  91    0    0 310 -397  0
3823500 2818500  8 18  2  12.7 1009 267  0.7 1  8.6  92    0    0 311 -393  0
3823500 2818500  8 18  3  12.7 1009 246  0.8 1  8.5  92    0    0 307 -389  0
3823500 2818500  8 18  4  12.2 1010 209  1.1 2  8.4  93    0    0 308 -386  0
3823500 2818500  8 18  5  12.2 1010 205  1.1 3  8.4  94    0    0 312 -384  0
3823500 2818500  8 18  6  11.7 1010 202  1.2 3  8.3  95    4   15 313 -382  0
3823500 2818500  8 18  7  13.8 1011 202  1.2 1  8.8  95   67   53 306 -383  0
3823500 2818500  8 18  8  16.4 1011 209  1.5 2  9.7  90  157   97 309 -391  0
3823500 2818500  8 18  9  18.0 1011 249  2.4 3 10.5  85  203  173 322 -406  0
3823500 2818500  8 18 10  19.4 1012 253  2.8 3 10.7  79  265  232 329 -425  0
3823500 2818500  8 18 11  20.5 1012 265  3.5 4 10.3  70  236  306 335 -443  0
3823500 2818500  8 18 12  21.7 1012 293  3.0 5 10.0  64  176  353 345 -458  0
3823500 2818500  8 18 13  22.3 1012 259  3.0 3  9.5  57  368  282 346 -469  0
3823500 2818500  8 18 14  22.5 1012 332  2.8 3  8.9  52  519  179 342 -474  0
3823500 2818500  8 18 15  23.8 1012  51  2.6 4  8.5  48  384  215 346 -474  0
3823500 2818500  8 18 16  23.5 1013 320  1.8 4  8.5  47  351  172 349 -475  0
3823500 2818500  8 18 17  23.6 1013 297  1.6 4  8.7  48  303  115 349 -471  0
3823500 2818500  8 18 18  23.3 1012 321  1.3 5  8.7  48  185   83 351 -460  0
3823500 2818500  8 18 19  21.9 1011  16  0.7 4  9.0  52   58   55 348 -448  0
3823500 2818500  8 18 20  18.9 1011  72  0.2 4  9.6  64    2   10 338 -434  0
3823500 2818500  8 18 21  16.6 1011  98  0.1 4  9.7  76    0    0 327 -422  0
3823500 2818500  8 18 22  15.3 1012  76  0.1 3  9.6  84    0    0 316 -415  0
3823500 2818500  8 18 23  14.8 1012 158  0.2 2  9.5  88    0    0 307 -410  0
3823500 2818500  8 18 24  14.2 1012 116  0.3 1  9.3  90    0    0 300 -407  0
3823500 2818500  8 19  1  14.3 1012 109  0.4 0  9.1  89    0    0 295 -404  0
3823500 2818500  8 19  2  14.1 1012 109  0.4 0  8.8  86    0    0 293 -400  0
3823500 2818500  8 19  3  15.0 1012 115  0.6 0  8.6  83    0    0 294 -397  0
3823500 2818500  8 19  4  13.9 1012 124  0.4 0  8.4  81    0    0 294 -395  0
3823500 2818500  8 19  5  14.6 1012 121  0.5 1  8.1  80    0    0 294 -393  0
3823500 2818500  8 19  6  14.1 1011 123  0.7 2  8.0  78    3   13 299 -391  0
3823500 2818500  8 19  7  16.2 1011 136  0.4 1  8.1  75   69   51 300 -391  0
3823500 2818500  8 19  8  18.6 1011 151  1.1 0  8.4  68  176   89 302 -398  0
3823500 2818500  8 19  9  21.3 1011 149  1.5 1  8.9  61  291  124 311 -411  0
3823500 2818500  8 19 10  23.8 1011 160  2.0 1  9.2  54  408  141 323 -429  0
3823500 2818500  8 19 11  25.5 1012 154  1.9 2  9.3  48  511  147 334 -449  0
3823500 2818500  8 19 12  27.4 1012 146  1.9 3  9.2  43  581  152 345 -468  0
3823500 2818500  8 19 13  27.9 1012 141  2.5 3  9.0  39  597  156 351 -483  0
3823500 2818500  8 19 14  29.0 1011 182  2.1 3  8.7  36  594  147 357 -493  0
3823500 2818500  8 19 15  29.9 1011 172  2.2 3  8.3  32  565  124 361 -498  0
3823500 2818500  8 19 16  30.1 1011 174  1.6 3  8.0  30  466  114 365 -499  0
3823500 2818500  8 19 17  30.4 1011 189  1.5 3  7.8  29  344  101 365 -494  0
3823500 2818500  8 19 18  29.4 1010 202  0.5 4  7.9  30  195   75 365 -486  0
3823500 2818500  8 19 19  26.7 1010 114  0.0 4  9.2  39   31   55 361 -475  0
3823500 2818500  8 19 20  23.2 1010 319  0.0 4 10.4  52    0    8 352 -463  0
3823500 2818500  8 19 21  20.3 1009  12  0.0 5 10.6  65    0    0 342 -452  0
3823500 2818500  8 19 22  18.7 1010 110  0.1 3 10.7  75    0    0 334 -444  0
3823500 2818500  8 19 23  17.8 1010 152  0.1 2 10.7  81    0    0 328 -437  0
3823500 2818500  8 19 24  17.5 1010 126  0.1 2 10.6  83    0    0 326 -432  0
3823500 2818500  8 20  1  16.8 1010 126  0.1 0 10.5  85    0    0 325 -427  0
3823500 2818500  8 20  2  18.3 1009 136  0.2 0 10.2  81    0    0 325 -424  0
3823500 2818500  8 20  3  18.5 1009 115  0.1 0 10.0  75    0    0 328 -422  0
3823500 2818500  8 20  4  18.5 1009 116  0.1 0  9.9  74    0    0 329 -420  0
3823500 2818500  8 20  5  18.6 1008 124  0.4 0 10.0  75    0    0 330 -418  0
3823500 2818500  8 20  6  18.7 1008 118  0.5 0 10.2  76    3   12 332 -417  0
3823500 2818500  8 20  7  20.4 1008 115  0.7 0 10.6  74   60   54 336 -418  0
3823500 2818500  8 20  8  22.6 1008 140  1.2 0 11.0  68  162   97 341 -424  0
3823500 2818500  8 20  9  25.6 1008 136  1.1 0 11.4  60  272  141 349 -439  0
3823500 2818500  8 20 10  28.7 1008 154  2.8 1 11.6  51  328  195 362 -458  0
3823500 2818500  8 20 11  29.7 1008 158  2.8 4 11.3  44   80  302 375 -480  0
3823500 2818500  8 20 12  31.5 1007 150  3.3 6 11.0  40   65  322 388 -501  0
3823500 2818500  8 20 13  33.4 1007 170  4.8 2 10.5  34  568  194 394 -519  0
3823500 2818500  8 20 14  34.6 1006 169  4.2 2  9.6  29  569  182 397 -533  0
3823500 2818500  8 20 15  34.3 1005 184  3.8 2  9.2  27  423  195 399 -543  0
3823500 2818500  8 20 16  34.3 1005 173  3.4 5  9.5  28   48  239 405 -547  0
3823500 2818500  8 20 17  33.6 1004 152  3.0 7 10.1  30    9  156 414 -544  0
3823500 2818500  8 20 18  32.4 1004 267  3.7 6 10.7  34    1   86 416 -534  0
3823500 2818500  8 20 19  28.0 1004 295  2.4 5 11.1  41   24   56 405 -512  0
3823500 2818500  8 20 20  24.1 1004 296  1.4 5 10.7  50    6    8 391 -486  0
3823500 2818500  8 20 21  22.7 1007 309  1.8 6 10.6  58    0    0 384 -467  0
3823500 2818500  8 20 22  21.6 1009 293  0.7 7 11.0  65    0    0 386 -456  0
3823500 2818500  8 20 23  20.1 1008 174  0.1 7 11.7  75    0    0 383 -448  0
3823500 2818500  8 20 24  19.5 1010 232  0.2 7 12.1  83    0    0 382 -443  0
3823500 2818500  8 21  1  19.6 1009 249  1.1 8 11.6  81    0    0 382 -439  0
3823500 2818500  8 21  2  18.3 1009 266  2.0 6 11.1  80    0    0 377 -436  0
3823500 2818500  8 21  3  18.1 1009 266  1.6 5 10.7  81    0    0 365 -434  0
3823500 2818500  8 21  4  17.5 1009 235  1.7 6 10.4  81    0    0 362 -432  0
3823500 2818500  8 21  5  16.8 1010 234  1.2 6 10.2  83    0    0 363 -431  0
3823500 2818500  8 21  6  16.7 1010 212  1.6 7  9.9  83    0    2 363 -429  0
3823500 2818500  8 21  7  16.6 1011 212  1.5 7  9.8  82    0   40 365 -427  0
3823500 2818500  8 21  8  17.2 1011 228  2.0 8  9.7  80    1   92 369 -427  0
3823500 2818500  8 21  9  17.5 1011 231  2.6 5  9.7  78   95  224 363 -431  0
3823500 2818500  8 21 10  18.9 1011 237  2.6 5  9.9  76  166  289 355 -439  0
3823500 2818500  8 21 11  19.7 1011 230  2.8 5  9.9  70  131  336 360 -452  0
3823500 2818500  8 21 12  20.4 1011 242  2.9 5  9.4  64  145  369 363 -463  0
3823500 2818500  8 21 13  21.0 1011 228  3.0 5  8.8  57  110  368 366 -469  0
3823500 2818500  8 21 14  21.9 1011 210  2.1 4  8.0  50  103  351 364 -470  0
3823500 2818500  8 21 15  22.8 1011 221  3.5 3  7.2  42  148  324 357 -472  0
3823500 2818500  8 21 16  22.4 1011 261  2.0 3  6.9  40  251  242 352 -470  0
3823500 2818500  8 21 17  21.9 1010 265  3.1 3  7.1  42  171  190 349 -460  0
3823500 2818500  8 21 18  21.3 1011 257  2.6 6  7.2  44  112  122 359 -446  0
3823500 2818500  8 21 19  20.1 1011 259  1.9 5  7.4  49   17   56 361 -433  0
3823500 2818500  8 21 20  18.4 1011 272  0.9 5  7.9  56    0    1 347 -422  0
3823500 2818500  8 21 21  17.3 1012 268  0.8 8  8.4  65    0    0 349 -412  0
3823500 2818500  8 21 22  16.8 1012 236  0.8 8  8.6  70    0    0 355 -405  0
3823500 2818500  8 21 23  15.2 1013 239  0.9 5  8.2  72    0    0 339 -400  0
3823500 2818500  8 21 24  14.1 1013 232  1.0 3  7.9  76    0    0 315 -394  0
3823500 2818500  8 22  1  12.4 1013 240  0.8 1  7.7  82    0    0 297 -390  0
3823500 2818500  8 22  2  11.8 1013 245  0.7 0  7.6  86    0    0 283 -386  0
3823500 2818500  8 22  3  11.5 1013 194  1.0 0  7.6  88    0    0 278 -382  0
3823500 2818500  8 22  4  11.3 1013 192  1.1 0  7.6  90    0    0 277 -379  0
3823500 2818500  8 22  5  10.9 1014 198  1.3 0  7.6  92    0    0 275 -377  0
3823500 2818500  8 22  6  10.6 1014 181  1.0 0  7.5  94    0    8 273 -376  0
3823500 2818500  8 22  7  12.5 1014 193  1.0 2  7.8  92   32   59 281 -376  0
3823500 2818500  8 22  8  14.5 1014 198  1.1 2  8.3  86  144   96 294 -384  0
3823500 2818500  8 22  9  16.7 1015 249  1.6 3  8.7  78  302  102 305 -399  0
3823500 2818500  8 22 10  18.3 1015 249  2.4 3  8.8  70  396  133 318 -418  0
3823500 2818500  8 22 11  19.8 1015 232  2.8 4  8.4  61  373  213 332 -436  0
3823500 2818500  8 22 12  20.3 1015 256  2.7 4  7.8  54  311  276 343 -454  0
3823500 2818500  8 22 13  21.0 1015 233  3.0 4  7.6  50  303  291 346 -468  0
3823500 2818500  8 22 14  21.7 1015 269  2.5 3  7.4  47  304  273 343 -475  0
3823500 2818500  8 22 15  21.9 1014 280  1.7 3  7.2  44  251  257 340 -479  0
3823500 2818500  8 22 16  21.2 1014 255  2.0 5  7.2  45  154  229 346 -477  0
3823500 2818500  8 22 17  20.8 1014 278  2.4 5  7.3  47   57  175 353 -468  0
3823500 2818500  8 22 18  20.5 1015 329  1.7 4  7.7  51  101  102 351 -455  0
3823500 2818500  8 22 19  18.7 1015 354  0.2 4  8.1  57   50   51 345 -442  0
3823500 2818500  8 22 20  16.1 1015  13  0.1 4  8.3  67    0    8 338 -429  0
3823500 2818500  8 22 21  13.9 1016 352  0.1 3  8.4  79    0    0 325 -417  0
3823500 2818500  8 22 22  13.4 1016 347  0.1 2  8.3  85    0    0 312 -409  0
3823500 2818500  8 22 23  11.5 1017  86  0.0 2  8.0  89    0    0 303 -404  0
3823500 2818500  8 22 24  10.7 1016  90  0.0 1  7.7  94    0    0 293 -399  0
3823500 2818500  8 23  1  10.1 1016  46  0.1 0  7.4  95    0    0 282 -394  0
3823500 2818500  8 23  2   9.7 1016  89  0.1 0  7.3  96    0    0 275 -390  0
3823500 2818500  8 23  3   9.1 1016  97  0.1 0  7.1  96    0    0 272 -387  0
3823500 2818500  8 23  4   8.8 1016  46  0.1 0  6.9  97    0    0 270 -384  0
3823500 2818500  8 23  5   8.5 1016 115  0.1 1  6.9  98    0    0 273 -381  0
3823500 2818500  8 23  6   8.1 1015  96  0.1 2  6.8  99    0   11 280 -379  0
3823500 2818500  8 23  7  11.4 1015 106  0.2 2  7.2  96   36   61 288 -379  0
3823500 2818500  8 23  8  15.4 1015 129  1.0 2  8.1  84  115  120 298 -386  0
3823500 2818500  8 23  9  18.6 1015 132  1.8 3  8.5  70  269  142 313 -401  0
3823500 2818500  8 23 10  20.8 1015 130  2.3 4  8.4  59  391  160 331 -419  0
3823500 2818500  8 23 11  22.3 1015 129  2.1 4  7.9  50  465  185 343 -438  0
3823500 2818500  8 23 12  23.3 1014 121  2.2 4  7.2  42  515  200 347 -456  0
3823500 2818500  8 23 13  24.3 1013 163  2.6 3  6.6  36  572  178 345 -470  0
3823500 2818500  8 23 14  24.7 1013 132  2.9 2  6.1  32  564  168 338 -478  0
3823500 2818500  8 23 15  25.0 1013 151  3.0 1  5.8  30  507  156 331 -480  0
3823500 2818500  8 23 16  25.2 1012 136  2.1 1  5.9  30  419  140 328 -477  0
3823500 2818500  8 23 17  25.5 1011 135  2.4 2  6.0  30  296  123 331 -471  0
3823500 2818500  8 23 18  24.6 1010 145  1.8 4  6.2  31  153  101 340 -462  0
3823500 2818500  8 23 19  22.6 1010 133  0.7 3  6.6  36   41   58 339 -451  0
3823500 2818500  8 23 20  20.5 1008 104  0.1 4  7.0  43    0    8 334 -439  0
3823500 2818500  8 23 21  20.0 1008 108  0.2 6  7.1  47    0    0 342 -428  0
3823500 2818500  8 23 22  18.5 1008 112  0.1 5  7.1  50    0    0 343 -419  0
3823500 2818500  8 23 23  17.8 1008 112  0.3 4  7.0  54    0    0 332 -413  0
3823500 2818500  8 23 24  17.1 1008 105  0.1 3  6.8  55    0    0 322 -409  0
3823500 2818500  8 24  1  16.0 1007 124  0.2 0  6.7  57    0    0 305 -406  0
3823500 2818500  8 24  2  15.3 1007 123  0.2 0  6.8  61    0    0 290 -403  0
3823500 2818500  8 24  3  15.0 1006 104  0.2 0  6.8  63    0    0 290 -401  0
3823500 2818500  8 24  4  14.5 1006 117  0.2 0  6.9  66    0    0 289 -398  0
3823500 2818500  8 24  5  14.0 1005 108  0.2 0  7.0  68    0    0 287 -395  0
3823500 2818500  8 24  6  13.7 1004 105  0.2 0  7.1  71    1   10 286 -393  0
3823500 2818500  8 24  7  15.6 1004 109  0.2 0  7.3  70   46   56 288 -393  0
3823500 2818500  8 24  8  17.8 1004 116  1.0 0  7.7  64  160   93 293 -398  0
3823500 2818500  8 24  9  19.9 1003 123  2.4 0  8.0  58  297  112 301 -411  0
3823500 2818500  8 24 10  21.5 1003 120  2.8 0  8.2  53  423  124 308 -427  0
3823500 2818500  8 24 11  22.8 1003 129  3.0 0  8.4  50  526  129 316 -445  0
3823500 2818500  8 24 12  24.1 1002 145  3.1 0  8.3  46  612  120 323 -460  0
3823500 2818500  8 24 13  25.4 1001 154  3.0 0  8.4  43  630  121 330 -472  0
3823500 2818500  8 24 14  26.6 1001 171  2.1 0  8.3  39  610  117 336 -480  0
3823500 2818500  8 24 15  27.6 1000 167  2.4 0  7.9  35  544  113 341 -484  0
3823500 2818500  8 24 16  28.2 1000 183  1.9 0  7.9  33  452  102 345 -485  0
3823500 2818500  8 24 17  28.4  999 188  1.9 0  7.9  32  317   96 345 -483  0
3823500 2818500  8 24 18  27.9  999 212  1.7 1  7.9  33  172   85 346 -476  0
3823500 2818500  8 24 19  24.8  999 140  0.2 3  8.7  40   52   53 347 -466  0
3823500 2818500  8 24 20  21.8  999  19  0.1 5  9.8  54    0    3 348 -453  0
3823500 2818500  8 24 21  20.4  999 344  0.1 7 10.5  66    0    0 351 -444  0
3823500 2818500  8 24 22  19.0 1000 126  0.3 7 10.7  73    0    0 353 -438  0
3823500 2818500  8 24 23  18.5  998 142  0.7 6 10.6  77    0    0 349 -434  0
3823500 2818500  8 24 24  17.0  998 216  0.9 7 10.3  80    0    0 346 -431  0
3823500 2818500  8 25  1  17.4  998 200  0.5 6 10.0  80    0    0 345 -426  0
3823500 2818500  8 25  2  17.5  998 170  0.8 6  9.9  78    0    0 344 -422  0
3823500 2818500  8 25  3  18.5  998 194  0.8 6  9.8  75    0    0 348 -420  0
3823500 2818500  8 25  4  19.1  999 218  1.2 8  9.8  71    0    0 357 -419  0
3823500 2818500  8 25  5  19.0  999 231  1.5 8 10.0  71    0    0 364 -419  0
3823500 2818500  8 25  6  17.4 1000 217  0.8 8 10.5  79    0    0 364 -418  0
3823500 2818500  8 25  7  17.2 1000 187  1.3 7 11.2  89    0   22 362 -417  0
3823500 2818500  8 25  8  17.9 1000 181  1.4 7 11.6  91    0   41 362 -422  0
3823500 2818500  8 25  9  18.7 1001 140  1.6 7 11.8  88    0   97 367 -431  0
3823500 2818500  8 25 10  19.5 1001 162  1.7 7 11.9  85    1  158 371 -439  0
3823500 2818500  8 25 11  19.3 1001 192  0.9 8 12.1  84    0  103 377 -440  0
3823500 2818500  8 25 12  18.7 1001 160  0.5 8 12.4  88    0  126 381 -439  0
3823500 2818500  8 25 13  19.3 1001 152  1.0 7 12.6  90    0  183 380 -448  0
3823500 2818500  8 25 14  19.9 1002 170  1.2 7 12.6  87    0  141 380 -455  0
3823500 2818500  8 25 15  19.9 1002 196  1.7 7 12.4  84    0  135 381 -458  0
3823500 2818500  8 25 16  20.2 1002 259  1.9 7 12.4  83   20  190 382 -458  0
3823500 2818500  8 25 17  20.4 1002 233  1.8 7 12.3  81   11  146 382 -447  0
3823500 2818500  8 25 18  20.1 1002 249  1.2 7 12.3  81    4   84 383 -438  0
3823500 2818500  8 25 19  20.0 1002 253  2.0 7 12.1  81    0   13 382 -433  0
3823500 2818500  8 25 20  18.4 1002 269  2.2 7 11.6  82    0    2 379 -428  0
3823500 2818500  8 25 21  17.7 1003 283  2.5 7 11.2  85    0    0 374 -421  0
3823500 2818500  8 25 22  17.1 1004 289  1.3 6 10.9  86    0    0 367 -413  0
3823500 2818500  8 25 23  15.2 1004 225  1.5 4 10.3  88    0    0 347 -409  0
3823500 2818500  8 25 24  13.5 1005 206  0.6 1  9.5  92    0    0 317 -409  0
3823500 2818500  8 26  1  12.5 1005 201  0.7 0  9.0  96    0    0 295 -407  0
3823500 2818500  8 26  2  11.9 1005 175  0.6 0  8.7  97    0    0 288 -406  0
3823500 2818500  8 26  3  11.7 1006 175  0.7 0  8.5  97    0    0 286 -403  0
3823500 2818500  8 26  4  11.4 1006 158  0.5 2  8.5  99    0    0 291 -403  0
3823500 2818500  8 26  5  11.6 1006 152  1.0 2  8.5  99    0    0 298 -405  0
3823500 2818500  8 26  6  11.7 1006 175  1.4 3  8.4  97    0    4 299 -404  0
3823500 2818500  8 26  7  13.0 1006 115  1.2 4  8.7  96   25   54 308 -404  0
3823500 2818500  8 26  8  15.3 1006 158  2.5 4  9.2  90  126  107 317 -407  0
3823500 2818500  8 26  9  17.7 1007 162  2.6 4  9.0  76  255  137 325 -417  0
3823500 2818500  8 26 10  19.8 1007 226  3.4 4  8.4  62  363  164 333 -430  0
3823500 2818500  8 26 11  21.1 1007   5  4.0 4  8.2  54  414  203 341 -440  0
3823500 2818500  8 26 12  22.1 1007 229  3.8 4  8.0  49  310  294 349 -454  0
3823500 2818500  8 26 13  23.1 1008 236  3.7 4  7.6  44  184  330 354 -473  0
3823500 2818500  8 26 14  23.5 1007 203  3.2 5  7.3  41  160  317 361 -486  0
3823500 2818500  8 26 15  23.8 1007 208  3.5 5  7.1  39  153  286 364 -491  0
3823500 2818500  8 26 16  23.5 1007 188  3.1 6  7.1  39  129  237 367 -491  0
3823500 2818500  8 26 17  23.2 1007 189  2.7 7  7.3  40   20  157 372 -482  0
3823500 2818500  8 26 18  22.9 1007 176  1.6 8  7.5  42   59  108 377 -469  0
3823500 2818500  8 26 19  21.6 1006 110  0.8 7  8.0  47   29   44 377 -456  0
3823500 2818500  8 26 20  20.1 1005 132  1.3 6  8.5  54    0    2 370 -443  0
3823500 2818500  8 26 21  17.3 1005 118  1.0 6  8.6  64    0    0 363 -432  0
3823500 2818500  8 26 22  16.4 1005 134  1.3 3  8.6  71    0    0 349 -425  0
3823500 2818500  8 26 23  17.1 1006 137  1.1 1  8.5  70    0    0 329 -421  0
3823500 2818500  8 26 24  16.8 1006 154  0.9 1  8.4  69    0    0 324 -418  0
3823500 2818500  8 27  1  15.7 1006 145  0.9 3  8.4  72    0    0 332 -417  0
3823500 2818500  8 27  2  14.1 1006 170  0.8 1  8.4  79    0    0 329 -414  0
3823500 2818500  8 27  3  14.1 1006 168  1.3 1  8.4  83    0    0 321 -410  0
3823500 2818500  8 27  4  13.9 1006 172  1.7 1  8.5  85    0    0 320 -407  0
3823500 2818500  8 27  5  14.0 1006 180  1.4 2  8.5  85    0    0 323 -405  0
3823500 2818500  8 27  6  14.4 1006 181  1.7 4  8.7  86    0    9 332 -403  0
3823500 2818500  8 27  7  16.7 1006 160  1.9 4  9.0  81    8   54 341 -403  0
3823500 2818500  8 27  8  19.4 1006 205  2.6 4  9.5  73   91  124 346 -409  0
3823500 2818500  8 27  9  21.8 1006 214  3.3 2  9.7  64  251  147 349 -424  0
3823500 2818500  8 27 10  23.7 1007 223  4.0 3  9.6  55  371  169 353 -444  0
3823500 2818500  8 27 11  25.1 1007 229  4.7 2  9.4  49  456  188 360 -464  0
3823500 2818500  8 27 12  26.2 1007 209  5.3 3  9.1  44  300  309 366 -483  0
3823500 2818500  8 27 13  26.2 1006 222  4.9 4  8.7  40  282  327 372 -497  0
3823500 2818500  8 27 14  26.1 1006 254  4.8 5  8.7  41  153  328 376 -504  0
3823500 2818500  8 27 15  25.7 1006 276  4.3 7  9.6  46    6  204 382 -505  0
3823500 2818500  8 27 16  25.3 1006 224  3.8 6 10.1  49  102  242 383 -503  0
3823500 2818500  8 27 17  25.3 1006 268  2.9 6 10.2  50  138  177 380 -497  0
3823500 2818500  8 27 18  24.9 1006 261  1.7 4 10.5  52  131  104 376 -484  0
3823500 2818500  8 27 19  23.6 1005 266  1.3 4 10.8  56   38   55 371 -469  0
3823500 2818500  8 27 20  21.2 1005 194  0.6 4 11.2  65    0    1 364 -455  0
3823500 2818500  8 27 21  19.4 1004 154  0.4 4 11.3  75    0    0 358 -446  0
3823500 2818500  8 27 22  18.1 1004 190  0.0 2 11.2  81    0    0 351 -442  0
3823500 2818500  8 27 23  17.7 1004 162  0.6 2 11.0  85    0    0 346 -437  0
3823500 2818500  8 27 24  18.9 1004 174  0.1 5 11.1  83    0    0 354 -431  0
3823500 2818500  8 28  1  19.5 1003 154  1.1 3 11.2  79    0    0 360 -426  0
3823500 2818500  8 28  2  19.2 1003 177  1.4 3 11.2  78    0    0 359 -424  0
3823500 2818500  8 28  3  19.3 1002 215  1.4 4 11.1  78    0    0 361 -422  0
3823500 2818500  8 28  4  19.0 1002 221  2.0 6 11.0  78    0    0 367 -419  0
3823500 2818500  8 28  5  18.8 1002 234  2.2 6 10.8  78    0    0 372 -417  0
3823500 2818500  8 28  6  18.4 1001 241  2.8 7 10.5  77    0    3 373 -417  0
3823500 2818500  8 28  7  18.5 1001 224  2.7 7 10.0  75   15   53 375 -419  0
3823500 2818500  8 28  8  18.4 1001 194  3.3 5  9.7  72   52  118 369 -420  0
3823500 2818500  8 28  9  18.6 1001 253  3.5 5  9.6  71   89  183 366 -420  0
3823500 2818500  8 28 10  17.9 1001 215  3.7 7  9.6  72    9  191 371 -423  0
3823500 2818500  8 28 11  17.2 1001 226  3.2 7 10.2  80   10  221 374 -425  0
3823500 2818500  8 28 12  19.2 1002 238  4.4 4 10.1  76  236  297 370 -431  0
3823500 2818500  8 28 13  20.3 1002 233  4.9 4  9.1  62  186  308 366 -443  0
3823500 2818500  8 28 14  20.4 1002 278  5.2 5  7.8  52  135  291 365 -453  0
3823500 2818500  8 28 15  21.1 1002 260  5.0 3  6.4  42  221  257 357 -456  0
3823500 2818500  8 28 16  20.6 1002 269  5.0 3  5.6  36  145  220 345 -452  0
3823500 2818500  8 28 17  19.9 1003 249  3.9 4  5.6  38  104  165 342 -442  0
3823500 2818500  8 28 18  19.3 1003 247  2.6 4  5.9  41   88   97 341 -434  0
3823500 2818500  8 28 19  18.4 1003 251  1.5 5  6.1  44   17   38 342 -426  0
3823500 2818500  8 28 20  16.7 1003 227  2.2 5  6.4  51    0    0 342 -415  0
3823500 2818500  8 28 21  15.9 1003 265  3.5 5  6.8  58    0    0 339 -407  0
3823500 2818500  8 28 22  12.9 1004 272  3.8 6  6.9  66    0    0 338 -404  0
3823500 2818500  8 28 23  12.1 1005 250  2.3 6  7.0  76    0    0 342 -400  0
3823500 2818500  8 28 24  11.6 1005 253  2.4 6  7.2  83    0    0 344 -395  0
3823500 2818500  8 29  1  11.5 1005 223  1.7 5  7.3  85    0    0 337 -392  0
3823500 2818500  8 29  2  11.6 1005 221  1.8 5  7.1  83    0    0 329 -390  0
3823500 2818500  8 29  3  11.6 1005 237  2.0 7  7.1  82    0    0 338 -387  0
3823500 2818500  8 29  4  11.1 1005 230  1.6 7  7.2  85    0    0 349 -385  0
3823500 2818500  8 29  5  11.1 1005 230  1.7 5  7.2  87    0    0 337 -382  0
3823500 2818500  8 29  6  10.9 1005 229  1.9 4  7.2  88    0    8 319 -379  0
3823500 2818500  8 29  7  11.4 1006 228  2.8 4  7.4  89    4   46 312 -378  0
3823500 2818500  8 29  8  12.7 1007 235  3.2 5  7.7  88   86  109 317 -383  0
3823500 2818500  8 29  9  14.0 1007 244  3.7 2  8.1  84  292   95 310 -393  0
3823500 2818500  8 29 10  15.9 1008 243  4.0 4  8.3  77  201  211 310 -406  0
3823500 2818500  8 29 11  16.8 1008 258  4.4 5  8.0  68  188  265 328 -418  0
3823500 2818500  8 29 12  17.5 1009 255  4.9 4  7.5  61  139  291 329 -428  0
3823500 2818500  8 29 13  15.0 1009 276  4.5 4  7.3  63  165  298 320 -437  0
3823500 2818500  8 29 14  16.2 1009 274  3.4 4  7.7  69  250  276 317 -445  0
3823500 2818500  8 29 15  15.8 1009 317  4.2 6  8.0  70  155  259 324 -449  0
3823500 2818500  8 29 16  16.1 1010 290  3.6 6  7.6  67   50  207 327 -447  0
3823500 2818500  8 29 17  16.6 1010 263  3.0 3  7.3  63  122  157 315 -441  0
3823500 2818500  8 29 18  16.7 1010 278  1.9 4  7.2  61  145   74 310 -432  0
3823500 2818500  8 29 19  15.7 1010 277  1.1 3  6.8  59   40   41 311 -421  0
3823500 2818500  8 29 20  13.7 1011 243  0.4 4  6.5  62    0    0 309 -408  0
3823500 2818500  8 29 21  11.8 1011 221  0.3 5  6.4  69    0    0 311 -399  0
3823500 2818500  8 29 22  11.5 1012 215  0.6 6  6.3  74    0    0 315 -392  0
3823500 2818500  8 29 23  11.5 1012 201  1.3 7  6.1  73    0    0 322 -387  0
3823500 2818500  8 29 24  11.7 1011 202  1.1 7  6.2  72    0    0 328 -384  0
3823500 2818500  8 30  1  11.1 1011 197  1.1 6  6.3  74    0    0 320 -381  0
3823500 2818500  8 30  2  11.5 1011 187  0.7 5  6.3  76    0    0 310 -380  0
3823500 2818500  8 30  3  10.9 1010 261  0.2 5  6.5  78    0    0 306 -380  0
3823500 2818500  8 30  4  11.7 1010 204  0.6 6  6.6  78    0    0 313 -380  0
3823500 2818500  8 30  5  11.1 1010 237  0.6 7  6.8  81    0    0 326 -379  0
3823500 2818500  8 30  6  11.0 1010 193  0.9 8  7.0  85    0    1 339 -379  0
3823500 2818500  8 30  7  11.5 1010 207  1.5 6  7.2  86    0   35 336 -381  0
3823500 2818500  8 30  8  11.9 1010 220  2.3 7  7.4  86    3   89 331 -386  0
3823500 2818500  8 30  9  13.1 1010 225  2.5 6  7.6  84  163  155 335 -393  0
3823500 2818500  8 30 10  14.8 1010 221  2.6 6  8.0  80  251  188 336 -402  0
3823500 2818500  8 30 11  16.5 1011 222  2.7 6  8.1  72  277  234 345 -415  0
3823500 2818500  8 30 12  17.9 1011 230  3.9 5  7.9  64  191  288 345 -427  0
3823500 2818500  8 30 13  17.3 1011 241  4.0 5  7.5  59    7  224 342 -432  0
3823500 2818500  8 30 14  16.6 1011 231  4.2 6  7.2  59    0  184 345 -431  0
3823500 2818500  8 30 15  17.1 1011 247  3.1 7  7.4  62    6  195 355 -431  0
3823500 2818500  8 30 16  17.0 1011 285  4.7 7  7.5  62   17  186 360 -437  0
3823500 2818500  8 30 17  17.5 1011 279  3.0 6  7.5  61  114  155 355 -440  0
3823500 2818500  8 30 18  16.9 1011 243  2.4 7  7.5  61   53   98 353 -436  0
3823500 2818500  8 30 19  16.6 1011 258  1.8 6  7.5  63    7   36 349 -426  0
3823500 2818500  8 30 20  14.4 1011 222  0.5 6  7.6  69    0    0 338 -414  0
3823500 2818500  8 30 21  12.3 1011 136  0.8 4  7.6  79    0    0 322 -402  0
3823500 2818500  8 30 22  12.1 1011 164  1.0 2  7.4  84    0    0 301 -395  0
3823500 2818500  8 30 23  11.3 1011 165  0.3 1  7.4  86    0    0 285 -394  0
3823500 2818500  8 30 24  11.6 1011 172  0.5 1  7.2  86    0    0 280 -393  0
3823500 2818500  8 31  1  11.2 1011 171  0.4 0  7.2  85    0    0 275 -392  0
3823500 2818500  8 31  2  11.5 1010 164  1.1 0  7.2  85    0    0 270 -391  0
3823500 2818500  8 31  3  11.7 1010 162  0.9 0  7.2  84    0    0 270 -390  0
3823500 2818500  8 31  4  11.2 1010 144  0.4 0  7.1  84    0    0 271 -390  0
3823500 2818500  8 31  5  11.4 1010 148  0.6 1  7.0  83    0    0 277 -393  0
3823500 2818500  8 31  6  11.1 1009 151  0.5 2  7.0  84    0    4 289 -396  0
3823500 2818500  8 31  7  12.4 1009 165  1.0 3  7.1  83   21   55 301 -398  0
3823500 2818500  8 31  8  14.5 1009 184  2.1 3  7.5  77  107  118 314 -403  0
3823500 2818500  8 31  9  17.7 1009 185  2.7 4  7.6  67  222  159 330 -411  0
3823500 2818500  8 31 10  20.3 1009 188  2.8 3  7.6  55  327  191 341 -424  0
3823500 2818500  8 31 11  21.7 1009 195  3.4 2  7.4  48  432  200 339 -438  0
3823500 2818500  8 31 12  22.8 1009 202  3.6 1  7.3  44  481  213 336 -452  0
3823500 2818500  8 31 13  23.4 1009 192  3.9 2  7.3  41  440  251 342 -466  0
3823500 2818500  8 31 14  24.4 1009 184  3.5 4  7.3  40  423  240 361 -478  0
3823500 2818500  8 31 15  24.7 1008 215  2.9 4  7.3  38  426  189 374 -484  0
3823500 2818500  8 31 16  25.3 1007 190  2.4 2  7.4  37  353  162 367 -484  0
3823500 2818500  8 31 17  25.2 1007 187  2.2 2  7.7  38  237  137 359 -477  0
3823500 2818500  8 31 18  24.8 1006 163  1.3 2  7.8  39  118  102 357 -466  0
3823500 2818500  8 31 19  22.6 1005 156  0.1 1  8.3  45   24   44 349 -453  0
3823500 2818500  8 31 20  18.5 1004 119  0.1 1  9.1  60    0    0 335 -441  0
3823500 2818500  8 31 21  17.3 1004 120  0.3 0  9.4  72    0    0 322 -432  0
3823500 2818500  8 31 22  17.9 1004 129  0.4 0  9.0  71    0    0 316 -425  0
3823500 2818500  8 31 23  17.8 1003 136  1.1 0  8.6  67    0    0 316 -419  0
3823500 2818500  8 31 24  18.4 1003 141  1.0 0  8.3  63    0    0 316 -415  0
3823500 2818500  9  1  1  17.6 1002 134  0.8 0  7.8  61    0    0 312 -407  0
3823500 2818500  9  1  2  17.1 1002 138  1.0 0  7.6  61    0    0 310 -405  0
3823500 2818500  9  1  3  16.2 1001 139  0.8 0  7.4  62    0    0 308 -403  0
3823500 2818500  9  1  4  15.5 1000 137  0.2 0  7.3  64    0    0 305 -402  0
3823500 2818500  9  1  5  15.7 1000 144  0.7 0  7.3  65    0    0 304 -402  0
3823500 2818500  9  1  6  15.7  999 140  1.0 0  7.2  64    0    0 304 -401  0
3823500 2818500  9  1  7  16.6  999 156  0.9 0  7.3  63   55   30 305 -403  0
3823500 2818500  9  1  8  19.5  999 171  1.4 0  7.8  60  224   45 309 -410  0
3823500 2818500  9  1  9  22.4 1000 201  2.6 0  8.6  54  376   77 317 -422  0
3823500 2818500  9  1 10  24.6 1000 230  4.5 4  8.9  48  283  155 340 -440  0
3823500 2818500  9  1 11  25.0 1001 227  5.2 8  8.7  44    0  110 370 -455  0
3823500 2818500  9  1 12  24.1 1001 220  7.0 8  8.6  44    0  122 385 -462  0
3823500 2818500  9  1 13  25.0 1001 223  3.4 6  8.6  44   63  282 382 -455  0
3823500 2818500  9  1 14  23.0 1002 217  3.5 6  8.6  46    8  214 377 -445  0
3823500 2818500  9  1 15  20.4 1002 208  3.1 7  9.1  55    0   89 376 -440  0
3823500 2818500  9  1 16  18.6 1002 209  3.2 7 10.0  70    0   87 375 -442  0
3823500 2818500  9  1 17  17.5 1003 200  1.6 7 10.7  81    0   62 374 -445  0
3823500 2818500  9  1 18  17.0 1002 185  1.5 7 10.8  87    1   54 373 -442  0
3823500 2818500  9  1 19  16.9 1002 207  1.5 8 10.9  89    0   14 378 -436  0
3823500 2818500  9  1 20  17.0 1002 223  1.4 8 11.0  89    0    0 384 -429  0
3823500 2818500  9  1 21  17.0 1002 200  2.0 8 10.9  89    0    0 383 -425  0
3823500 2818500  9  1 22  16.3 1003 208  1.9 6 10.8  89    0    0 372 -423  0
3823500 2818500  9  1 23  16.0 1003 212  1.6 4 10.5  90    0    0 353 -418  0
3823500 2818500  9  1 24  16.2 1003 217  1.5 5 10.4  89    0    0 346 -411  0
3823500 2818500  9  2  1  16.0 1004 208  2.0 6 10.2  88    0    0 351 -403  0
3823500 2818500  9  2  2  15.6 1004 207  2.3 3  9.8  86    0    0 338 -397  0
3823500 2818500  9  2  3  15.0 1004 217  2.1 1  9.1  82    0    0 312 -394  0
3823500 2818500  9  2  4  14.3 1004 207  1.9 0  8.4  80    0    0 296 -391  0
3823500 2818500  9  2  5  13.9 1005 203  1.7 1  8.3  82    0    0 292 -388  0
3823500 2818500  9  2  6  13.8 1005 198  1.7 2  8.4  84    0    0 299 -386  0
3823500 2818500  9  2  7  14.5 1005 201  1.8 4  8.5  83    0   33 310 -385  0
3823500 2818500  9  2  8  15.2 1005 204  3.1 5  8.7  82   52  119 321 -388  0
3823500 2818500  9  2  9  16.3 1005 215  3.4 6  8.9  79   43  186 330 -398  0
3823500 2818500  9  2 10  17.3 1005 211  3.2 7  9.1  75   15  210 337 -411  0
3823500 2818500  9  2 11  17.7 1006 209  4.0 6  8.9  71  104  304 337 -424  0
3823500 2818500  9  2 12  18.6 1006 220  3.5 6  8.6  66  175  331 335 -436  0
3823500 2818500  9  2 13  19.5 1005 192  3.3 5  8.5  61  124  336 336 -446  0
3823500 2818500  9  2 14  20.1 1005 189  3.4 6  8.2  56   65  306 339 -453  0
3823500 2818500  9  2 15  20.1 1004 194  2.6 6  8.0  54   45  264 344 -456  0
3823500 2818500  9  2 16  20.6 1003 192  3.2 6  8.1  54   33  211 346 -454  0
3823500 2818500  9  2 17  20.3 1003 189  2.4 7  8.1  54   47  162 350 -449  0
3823500 2818500  9  2 18  20.1 1002 202  2.3 5  8.1  54   47   93 346 -442  0
3823500 2818500  9  2 19  18.9 1002 204  1.9 5  7.9  55   22   28 337 -434  0
3823500 2818500  9  2 20  17.0 1001 220  1.6 5  7.6  58    0    0 331 -424  0
3823500 2818500  9  2 21  14.8 1001 138  1.5 4  7.5  66    0    0 321 -417  0
3823500 2818500  9  2 22  14.6 1000 181  0.9 4  7.6  72    0    0 316 -413  0
3823500 2818500  9  2 23  14.6  999 175  0.8 5  7.6  73    0    0 321 -412  0
3823500 2818500  9  2 24  14.1  998 150  1.3 4  7.6  73    0    0 320 -412  0
3823500 2818500  9  3  1  14.5  998 151  4.6 6  7.7  74    0    0 325 -412  0
3823500 2818500  9  3  2  14.8  996 144  2.2 7  7.8  74    0    0 342 -410  0
3823500 2818500  9  3  3  14.7  995 162  1.9 7  8.0  75    0    0 350 -406  0
3823500 2818500  9  3  4  14.1  993 150  1.8 8  8.4  80    0    0 356 -403  0
3823500 2818500  9  3  5  14.0  992 158  2.4 8  8.8  86    0    0 363 -402  0
3823500 2818500  9  3  6  14.3  991 170  2.9 8  9.2  89    0    0 366 -401  0
3823500 2818500  9  3  7  14.8  989 172  2.3 8  9.7  91    0   24 369 -400  0
3823500 2818500  9  3  8  15.4  989 184  3.4 7 10.0  91    2   81 369 -398  0
3823500 2818500  9  3  9  16.2  988 194  4.3 6 10.1  88   48  159 363 -398  0
3823500 2818500  9  3 10  16.9  989 221  4.7 5  9.8  81  167  194 357 -403  0
3823500 2818500  9  3 11  17.4  989 219  6.7 5  9.0  72  185  236 353 -409  0
3823500 2818500  9  3 12  16.8  990 223  6.4 4  8.6  68  111  275 348 -416  0
3823500 2818500  9  3 13  17.2  990 225  6.4 5  8.4  68  167  270 349 -419  0
3823500 2818500  9  3 14  17.5  990 227  6.0 8  8.6  68    0  153 368 -419  0
3823500 2818500  9  3 15  18.0  991 227  3.8 6  8.6  66   12  196 371 -418  0
3823500 2818500  9  3 16  17.7  991 235  4.9 4  8.3  64  184  159 352 -416  0
3823500 2818500  9  3 17  17.5  992 237  5.0 4  7.8  61  121  118 341 -417  0
3823500 2818500  9  3 18  17.3  992 218  3.1 5  7.4  58   40   72 342 -415  0
3823500 2818500  9  3 19  15.3  991 223  4.0 5  7.5  63    0   11 340 -410  0
3823500 2818500  9  3 20  14.6  992 231  3.3 5  7.4  68    0    0 334 -406  0
3823500 2818500  9  3 21  14.6  993 224  3.2 4  7.1  67    0    0 327 -403  0
3823500 2818500  9  3 22  13.8  993 209  3.3 4  7.1  69    0    0 322 -400  0
3823500 2818500  9  3 23  13.6  993 208  2.5 3  7.2  72    0    0 318 -398  0
3823500 2818500  9  3 24  13.8  993 217  3.9 4  7.1  71    0    0 318 -393  0
3823500 2818500  9  4  1  13.7  993 222  3.9 4  7.0  70    0    0 322 -390  0
3823500 2818500  9  4  2  13.2  993 222  4.4 6  7.0  72    0    0 329 -389  0
3823500 2818500  9  4  3  13.4  993 225  4.4 7  7.1  73    0    0 341 -389  0
3823500 2818500  9  4  4  13.2  993 218  3.7 7  7.2  74    0    0 345 -387  0
3823500 2818500  9  4  5  12.3  993 218  3.7 6  7.3  78    0    0 338 -385  0
3823500 2818500  9  4  6  12.2  993 224  3.5 5  7.4  81    0    0 327 -384  0
3823500 2818500  9  4  7  12.5  994 223  4.0 6  7.5  82   13   35 327 -381  0
3823500 2818500  9  4  8  13.0  994 218  4.3 5  7.5  80   60   95 330 -381  0
3823500 2818500  9  4  9  13.9  994 221  4.3 6  7.5  76  139  141 330 -388  0
3823500 2818500  9  4 10  14.7  994 225  4.7 5  7.5  72  219  174 329 -397  0
3823500 2818500  9  4 11  15.9  994 230  4.0 5  7.4  66  188  234 327 -408  0
3823500 2818500  9  4 12  16.7  994 225  4.0 5  7.1  60  192  258 331 -413  0
3823500 2818500  9  4 13  16.7  994 230  3.4 5  7.1  59   38  257 332 -417  0
3823500 2818500  9  4 14  16.0  994 229  2.4 5  7.3  62   10  214 331 -420  0
3823500 2818500  9  4 15  15.0  995 254  2.4 6  7.6  68    4  177 331 -422  0
3823500 2818500  9  4 16  16.3  995 248  1.4 6  7.4  66   20  176 333 -422  0
3823500 2818500  9  4 17  16.4  995 254  2.8 5  7.1  60  127  115 330 -415  0
3823500 2818500  9  4 18  16.1  996 241  3.1 2  6.9  59  156   43 314 -407  0
3823500 2818500  9  4 19  15.1  996 233  1.9 3  6.7  60   26   15 306 -402  0
3823500 2818500  9  4 20  14.1  997 231  1.9 3  6.7  64    0    0 306 -397  0
3823500 2818500  9  4 21  14.0  998 228  3.0 5  6.8  66    0    0 313 -395  0
3823500 2818500  9  4 22  12.7  998 232  4.5 7  7.0  72    0    0 330 -393  0
3823500 2818500  9  4 23  11.4  998 239  4.3 8  7.6  85    0    0 343 -390  0
3823500 2818500  9  4 24  11.7  999 240  3.3 7  8.1  94    0    0 344 -385  0
3823500 2818500  9  5  1  12.5 1000 250  2.7 7  8.5  95    0    0 344 -382  0
3823500 2818500  9  5  2  12.9 1001 243  2.8 7  8.7  94    0    0 347 -380  0
3823500 2818500  9  5  3  12.8 1001 243  3.1 7  8.7  93    0    0 348 -378  0
3823500 2818500  9  5  4  12.9 1002 243  3.2 7  8.7  92    0    0 349 -377  0
3823500 2818500  9  5  5  13.0 1002 242  3.3 7  8.7  92    0    0 348 -375  0
3823500 2818500  9  5  6  12.6 1003 239  3.4 8  8.7  93    0    0 352 -373  0
3823500 2818500  9  5  7  12.8 1004 236  3.4 7  8.7  93    0   30 350 -371  0
3823500 2818500  9  5  8  13.1 1004 243  3.4 5  8.7  92   49  112 335 -375  0
3823500 2818500  9  5  9  14.1 1005 249  4.0 6  8.7  89   33  171 331 -384  0
3823500 2818500  9  5 10  14.7 1006 255  4.3 6  8.8  85   27  218 337 -395  0
3823500 2818500  9  5 11  15.5 1007 246  5.1 5  8.6  80   81  281 334 -407  0
3823500 2818500  9  5 12  15.7 1007 260  4.4 6  8.5  77   21  258 333 -415  0
3823500 2818500  9  5 13  16.1 1007 257  4.0 4  8.7  76  173  313 329 -421  0
3823500 2818500  9  5 14  17.0 1008 298  3.5 5  8.5  72   83  296 326 -427  0
3823500 2818500  9  5 15  16.8 1008 257  4.5 2  8.3  69  332  202 320 -430  0
3823500 2818500  9  5 16  17.0 1009 271  3.7 3  8.2  68  177  199 315 -430  0
3823500 2818500  9  5 17  16.4 1009 278  4.2 2  7.8  66  126  142 316 -426  0
3823500 2818500  9  5 18  16.0 1010 266  2.9 5  7.7  66   48   86 321 -417  0
3823500 2818500  9  5 19  15.0 1011 282  2.5 3  7.5  68    0   16 322 -409  0
3823500 2818500  9  5 20  13.4 1011 259  1.5 3  7.3  72    0    0 311 -405  0
3823500 2818500  9  5 21  12.2 1012 245  1.1 2  7.3  78    0    0 302 -401  0
3823500 2818500  9  5 22  11.5 1013 243  1.2 0  7.2  83    0    0 288 -399  0
3823500 2818500  9  5 23  11.3 1013 231  0.7 0  7.1  85    0    0 279 -397  0
3823500 2818500  9  5 24  11.0 1013 218  1.3 0  7.0  85    0    0 278 -395  0
3823500 2818500  9  6  1  11.3 1013 216  1.4 2  7.0  85    0    0 286 -394  0
3823500 2818500  9  6  2  12.2 1013 218  1.6 6  7.3  85    0    0 311 -394  0
3823500 2818500  9  6  3  12.2 1013 224  1.5 8  7.6  85    0    0 338 -394  0
3823500 2818500  9  6  4  12.6 1013 223  1.4 8  7.6  85    0    0 349 -393  0
3823500 2818500  9  6  5  12.6 1013 222  1.8 8  7.7  84    0    0 351 -392  0
3823500 2818500  9  6  6  12.4 1013 219  1.2 8  7.7  86    0    0 352 -389  0
3823500 2818500  9  6  7  13.2 1013 217  1.3 8  7.9  85    0   22 354 -387  0
3823500 2818500  9  6  8  13.6 1014 219  2.1 6  8.1  84   20  103 347 -389  0
3823500 2818500  9  6  9  14.7 1014 230  2.2 6  8.4  84  119  169 339 -396  0
3823500 2818500  9  6 10  15.7 1014 237  2.6 6  8.6  80   61  230 341 -407  0
3823500 2818500  9  6 11  16.4 1014 242  2.8 7  8.7  76    3  190 347 -418  0
3823500 2818500  9  6 12  16.9 1014 255  2.9 6  8.4  71   36  273 347 -430  0
3823500 2818500  9  6 13  17.1 1014 260  3.4 6  7.9  65   59  292 342 -439  0
3823500 2818500  9  6 14  17.2 1014 232  2.8 8  7.6  63    0  102 347 -445  0
3823500 2818500  9  6 15  16.8 1014 244  2.8 8  7.6  62    0  119 350 -446  0
3823500 2818500  9  6 16  17.1 1014 249  2.6 6  7.5  62   36  200 340 -444  0
3823500 2818500  9  6 17  16.8 1014 218  1.9 6  7.3  61   59  150 331 -440  0
3823500 2818500  9  6 18  16.6 1014 237  0.6 6  7.3  61   62   80 327 -433  0
3823500 2818500  9  6 19  15.8 1014 298  0.1 7  7.6  66    3   18 326 -425  0
3823500 2818500  9  6 20  13.6 1014 144  0.5 6  7.8  75    0    0 318 -414  0
3823500 2818500  9  6 21  11.1 1014 165  0.5 3  7.7  86    0    0 304 -403  0
3823500 2818500  9  6 22  10.8 1014 187  0.6 4  7.4  91    0    0 295 -396  0
3823500 2818500  9  6 23  10.7 1014  88  0.6 7  7.4  92    0    0 299 -391  0
3823500 2818500  9  6 24  10.9 1014 115  0.9 7  7.5  92    0    0 301 -388  0
3823500 2818500  9  7  1  10.9 1014 141  1.1 6  7.4  91    0    0 300 -384  0
3823500 2818500  9  7  2  11.3 1014 143  1.1 6  7.3  89    0    0 301 -383  0
3823500 2818500  9  7  3  11.6 1013 151  1.2 6  7.4  88    0    0 304 -384  0
3823500 2818500  9  7  4  11.4 1013 152  1.2 6  7.5  88    0    0 305 -384  0
3823500 2818500  9  7  5  11.6 1012 163  1.2 7  7.6  89    0    0 309 -384  0
3823500 2818500  9  7  6  11.5 1012 170  1.1 7  7.6  89    0    0 314 -383  0
3823500 2818500  9  7  7  12.4 1012 185  1.1 5  7.7  88   19   39 314 -383  0
3823500 2818500  9  7  8  13.6 1013 196  1.4 4  7.9  84   92  102 311 -388  0
3823500 2818500  9  7  9  16.0 1013 199  2.0 4  8.3  78  149  169 317 -399  0
3823500 2818500  9  7 10  17.9 1013 205  2.7 5  8.6  71  222  217 328 -413  0
3823500 2818500  9  7 11  19.0 1013 204  3.1 5  8.7  65  223  273 338 -426  0
3823500 2818500  9  7 12  19.8 1013 214  3.1 6  8.8  62   57  300 346 -434  0
3823500 2818500  9  7 13  20.5 1012 210  3.2 4  8.9  60  370  255 349 -445  0
3823500 2818500  9  7 14  21.3 1013 203  2.6 4  8.9  58  483  173 348 -459  0
3823500 2818500  9  7 15  21.7 1012 196  3.2 4  8.8  55  414  162 351 -466  0
3823500 2818500  9  7 16  22.1 1012 215  3.1 4  8.7  53  331  135 352 -466  0
3823500 2818500  9  7 17  22.4 1012 217  2.2 3  8.6  51  215  112 351 -460  0
3823500 2818500  9  7 18  22.3 1012 222  1.7 2  8.5  50   89   81 345 -449  0
3823500 2818500  9  7 19  18.7 1012 202  0.8 2  8.8  58   13   22 337 -434  0
3823500 2818500  9  7 20  15.6 1012 176  0.4 3  9.2  75    0    0 330 -419  0
3823500 2818500  9  7 21  14.4 1012 162  0.4 3  9.1  85    0    0 324 -409  0
3823500 2818500  9  7 22  13.8 1013 137  1.1 2  8.9  88    0    0 318 -405  0
3823500 2818500  9  7 23  13.3 1013 117  0.6 1  8.7  90    0    0 311 -402  0
3823500 2818500  9  7 24  12.9 1012 150  0.7 1  8.5  90    0    0 305 -399  0
3823500 2818500  9  8  1  12.3 1012 129  1.2 0  8.3  91    0    0 299 -395  0
3823500 2818500  9  8  2  12.5 1013 142  1.0 0  8.2  92    0    0 294 -392  0
3823500 2818500  9  8  3  13.1 1013 153  1.3 0  8.3  90    0    0 293 -389  0
3823500 2818500  9  8  4  12.9 1013 147  1.2 0  8.2  88    0    0 294 -386  0
3823500 2818500  9  8  5  12.9 1013 143  1.3 0  8.2  88    0    0 294 -384  0
3823500 2818500  9  8  6  12.6 1013 148  1.6 1  8.1  88    0    0 295 -383  0
3823500 2818500  9  8  7  13.3 1013 143  1.4 1  8.2  88   16   37 297 -382  0
3823500 2818500  9  8  8  15.2 1013 129  1.5 1  8.6  84  107   90 299 -386  0
3823500 2818500  9  8  9  18.1 1013 153  2.0 2  9.0  76  221  127 308 -399  0
3823500 2818500  9  8 10  20.2 1013 165  2.2 3  9.4  68  315  162 319 -419  0
3823500 2818500  9  8 11  22.5 1013 149  2.3 3  9.7  61  421  169 327 -442  0
3823500 2818500  9  8 12  24.2 1013 161  2.8 4  9.7  54  518  152 335 -462  0
3823500 2818500  9  8 13  25.3 1014 176  2.9 3  9.2  47  551  144 340 -478  0
3823500 2818500  9  8 14  26.3 1014 191  2.8 3  8.7  42  539  130 343 -489  0
3823500 2818500  9  8 15  27.1 1013 193  3.0 3  8.4  39  475  119 347 -494  0
3823500 2818500  9  8 16  27.6 1013 174  2.4 2  8.5  37  373  108 348 -491  0
3823500 2818500  9  8 17  27.2 1013 178  2.1 1  8.3  36  241   98 345 -481  0
3823500 2818500  9  8 18  26.3 1012 174  1.3 0  8.4  38  104   74 339 -466  0
3823500 2818500  9  8 19  21.3 1012 131  0.2 1  9.3  50   10   20 331 -451  0
3823500 2818500  9  8 20  17.8 1011 133  0.5 2 10.0  70    0    0 319 -437  0
3823500 2818500  9  8 21  16.6 1011 139  0.8 1  9.9  80    0    0 310 -429  0
3823500 2818500  9  8 22  15.7 1012 152  0.8 1  9.6  83    0    0 302 -423  0
3823500 2818500  9  8 23  16.3 1012 165  1.1 1  9.0  79    0    0 299 -417  0
3823500 2818500  9  8 24  15.9 1012 156  0.9 1  8.6  75    0    0 297 -412  0
3823500 2818500  9  9  1  15.5 1012 169  1.0 2  8.4  75    0    0 298 -409  0
3823500 2818500  9  9  2  14.5 1012 166  0.7 2  8.4  78    0    0 297 -405  0
3823500 2818500  9  9  3  14.3 1012 161  0.8 2  8.3  81    0    0 295 -402  0
3823500 2818500  9  9  4  12.6 1013 177  0.6 3  8.1  84    0    0 295 -398  0
3823500 2818500  9  9  5  12.4 1012 132  1.1 4  7.9  87    0    0 299 -394  0
3823500 2818500  9  9  6  13.3 1013 186  1.5 3  7.9  86    0    0 300 -391  0
3823500 2818500  9  9  7  13.6 1013 209  0.9 0  8.2  85   12   38 288 -387  0
3823500 2818500  9  9  8  16.6 1014 289  1.1 0  8.6  80   90  102 283 -389  0
3823500 2818500  9  9  9  19.4 1014 312  1.1 1  9.1  70  202  146 295 -404  0
3823500 2818500  9  9 10  21.0 1014 273  1.4 1  9.2  62  312  176 308 -425  0
3823500 2818500  9  9 11  22.8 1014 335  1.8 2  9.7  59  378  208 321 -446  0
3823500 2818500  9  9 12  23.8 1015 338  1.6 5 10.0  56  182  317 340 -462  0
3823500 2818500  9  9 13  22.9 1015 327  2.4 8 10.8  60   34  276 360 -475  0
3823500 2818500  9  9 14  22.5 1015 344  3.0 7 11.7  67   61  287 366 -483  0
3823500 2818500  9  9 15  22.3 1016 343  3.9 6 11.8  70  138  270 361 -485  0
3823500 2818500  9  9 16  20.0 1016 353  3.7 7 11.5  73   27  194 358 -483  0
3823500 2818500  9  9 17  18.8 1016 357  3.8 8 10.9  77    3  111 358 -476  0
3823500 2818500  9  9 18  17.9 1017 351  3.1 8 10.4  79    0   40 356 -465  0
3823500 2818500  9  9 19  17.7 1017 358  2.6 7 10.0  79    0   15 352 -452  0
3823500 2818500  9  9 20  16.6 1018 357  2.2 7  9.6  78    0    0 346 -437  0
3823500 2818500  9  9 21  16.1 1018   2  2.0 7  9.2  79    0    0 342 -424  0
3823500 2818500  9  9 22  15.9 1019 353  1.5 8  9.1  80    0    0 342 -415  0
3823500 2818500  9  9 23  15.5 1019 357  1.1 8  9.2  83    0    0 342 -408  0
3823500 2818500  9  9 24  15.3 1020 350  0.5 8  9.2  84    0    0 340 -403  0
3823500 2818500  9 10  1  15.3 1020 335  0.6 8  9.1  84    0    0 340 -399  0
3823500 2818500  9 10  2  15.2 1020 343  1.1 8  9.1  84    0    0 339 -397  0
3823500 2818500  9 10  3  14.9 1020 355  1.2 8  9.0  85    0    0 339 -395  0
3823500 2818500  9 10  4  15.0 1020 355  0.8 8  9.0  85    0    0 338 -393  0
3823500 2818500  9 10  5  15.0 1020   0  1.3 8  9.0  85    0    0 338 -392  0
3823500 2818500  9 10  6  15.1 1020  12  1.4 8  9.0  84    0    0 339 -390  0
3823500 2818500  9 10  7  15.0 1020  15  1.3 7  8.8  83    0    4 336 -388  0
3823500 2818500  9 10  8  14.9 1021  15  1.8 7  8.6  81    0   23 333 -390  0
3823500 2818500  9 10  9  14.9 1021   8  1.2 7  8.4  80    0   66 333 -398  0
3823500 2818500  9 10 10  15.5 1022  11  2.1 7  8.2  76    0   98 334 -409  0
3823500 2818500  9 10 11  16.1 1022  11  2.1 7  8.0  72    0  132 336 -421  0
3823500 2818500  9 10 12  16.9 1023   5  2.5 6  7.9  68    8  230 338 -433  0
3823500 2818500  9 10 13  17.4 1023  13  2.5 6  7.6  63   61  310 340 -444  0
3823500 2818500  9 10 14  18.2 1023  15  3.0 7  7.4  59   43  282 344 -451  0
3823500 2818500  9 10 15  18.4 1023   4  2.5 7  7.5  58   28  242 350 -453  0
3823500 2818500  9 10 16  18.5 1023  11  3.1 6  7.5  57   49  213 349 -450  0
3823500 2818500  9 10 17  18.3 1023   4  2.6 6  7.4  56   30  147 345 -443  0
3823500 2818500  9 10 18  18.0 1023   3  2.2 5  7.2  56    9   73 342 -434  0
3823500 2818500  9 10 19  16.5 1023  10  1.3 5  7.1  58    0   11 336 -424  0
3823500 2818500  9 10 20  15.4 1023  64  1.0 4  7.2  65    0    0 328 -414  0
3823500 2818500  9 10 21  14.4 1024 139  0.7 4  7.3  70    0    0 320 -406  0
3823500 2818500  9 10 22  13.5 1024 229  0.4 3  7.4  76    0    0 314 -400  0
3823500 2818500  9 10 23  13.4 1024 278  0.3 3  8.0  82    0    0 312 -396  0
3823500 2818500  9 10 24  13.7 1025 323  0.1 3  8.7  87    0    0 303 -392  0
3823500 2818500  9 11  1  14.2 1016 312  0.1 4  9.5  92    0    0 351 -402  0
3823500 2818500  9 11  2  14.7 1016 296  0.0 5 10.1  95    0    0 352 -399  0
3823500 2818500  9 11  3  15.1 1016 294  0.0 6 10.5  97    0    0 354 -397  0
3823500 2818500  9 11  4  15.0 1015 307  0.1 6 10.5  98    0    0 347 -395  0
3823500 2818500  9 11  5  15.2 1015 319  0.1 6 10.6  98    0    0 347 -394  0
3823500 2818500  9 11  6  15.2 1015 330  0.1 7 10.7  99    0    0 354 -393  0
3823500 2818500  9 11  7  15.5 1015 359  0.0 7 10.7  98    0   25 355 -392  0
3823500 2818500  9 11  8  16.1 1015 156  0.1 6 10.9  97    5   92 353 -395  0
3823500 2818500  9 11  9  16.9 1015 230  0.6 5 11.2  95   32  187 350 -406  0
3823500 2818500  9 11 10  18.2 1015 246  1.5 5 11.4  90   72  264 350 -423  0
3823500 2818500  9 11 11  19.5 1015 252  2.6 5 11.4  84  116  319 354 -442  0
3823500 2818500  9 11 12  20.9 1015 250  2.2 4 11.3  76  200  345 357 -458  0
3823500 2818500  9 11 13  21.6 1015 267  1.4 6 11.0  70  104  351 363 -471  0
3823500 2818500  9 11 14  22.3 1014 262  1.5 5 10.8  65  121  339 368 -481  0
3823500 2818500  9 11 15  22.9 1014 292  1.5 3 10.8  63  190  293 365 -486  0
3823500 2818500  9 11 16  23.0 1014 280  1.7 5 11.0  63   53  231 367 -485  0
3823500 2818500  9 11 17  22.1 1013 271  0.9 5 11.0  64   68  168 368 -478  0
3823500 2818500  9 11 18  21.1 1013 262  0.7 6 11.3  70   19   84 365 -467  0
3823500 2818500  9 11 19  19.6 1013 307  0.5 7 11.7  78    0   15 365 -453  0
3823500 2818500  9 11 20  18.2 1013 302  0.0 6 11.5  84    0    0 359 -442  0
3823500 2818500  9 11 21  16.5 1013 169  0.0 4 11.0  88    0    0 346 -434  0
3823500 2818500  9 11 22  16.2 1013 251  0.3 3 10.6  91    0    0 336 -428  0
3823500 2818500  9 11 23  15.2 1013 232  0.0 2 10.3  92    0    0 331 -423  0
3823500 2818500  9 11 24  14.6 1013 260  0.0 1 10.0  94    0    0 324 -418  0
3823500 2818500  9 12  1  13.7 1013 259  0.0 3  9.7  96    0    0 323 -414  0
3823500 2818500  9 12  2  13.5 1012 275  0.0 3  9.5  97    0    0 326 -412  0
3823500 2818500  9 12  3  13.4 1012 308  0.1 3  9.3  96    0    0 325 -411  0
3823500 2818500  9 12  4  14.1 1012 291  0.5 6  9.5  97    0    0 333 -409  0
3823500 2818500  9 12  5  14.9 1012 263  0.7 6 10.0  96    0    0 341 -406  0
3823500 2818500  9 12  6  14.9 1012 260  1.1 6 10.2  96    0    0 342 -402  0
3823500 2818500  9 12  7  14.7 1011 302  0.8 8 10.2  96    0   26 346 -399  0
3823500 2818500  9 12  8  14.9 1011 329  0.9 6 10.2  97    8   89 345 -401  0
3823500 2818500  9 12  9  15.0 1011 331  1.4 6 10.3  96   12  153 339 -412  0
3823500 2818500  9 12 10  15.8 1012 357  1.5 6 10.3  94   20  209 342 -431  0
3823500 2818500  9 12 11  16.7 1011 349  1.5 7 10.6  91   17  234 349 -451  0
3823500 2818500  9 12 12  18.2 1011  39  1.8 7 11.0  88   29  270 356 -469  0
3823500 2818500  9 12 13  20.4 1011  69  2.1 5 11.3  80  152  309 359 -481  0
3823500 2818500  9 12 14  21.8 1010 290  2.1 3 11.6  73  468  162 356 -489  0
3823500 2818500  9 12 15  22.7 1010 120  2.0 1 11.7  69  500  105 350 -491  0
3823500 2818500  9 12 16  22.7 1010 100  2.0 1 11.6  67  384  101 345 -487  0
3823500 2818500  9 12 17  21.9 1009  59  2.4 2 11.7  69  239   89 344 -478  0
3823500 2818500  9 12 18  20.9 1008  79  1.8 3 11.9  74   94   65 345 -465  0
3823500 2818500  9 12 19  19.8 1007  94  1.5 5 11.8  78   11   19 348 -452  0
3823500 2818500  9 12 20  17.4 1007  83  1.0 5 11.4  84    0    0 347 -441  0
3823500 2818500  9 12 21  16.6 1007  73  0.8 3 11.1  90    0    0 334 -433  0
3823500 2818500  9 12 22  16.0 1007  85  0.5 2 10.9  93    0    0 320 -427  0
3823500 2818500  9 12 23  15.1 1007  86  0.5 3 10.6  95    0    0 318 -422  0
3823500 2818500  9 12 24  14.8 1006 119  0.7 5 10.3  96    0    0 326 -417  0
3823500 2818500  9 13  1  15.4 1006 101  0.8 5 10.4  96    0    0 335 -414  0
3823500 2818500  9 13  2  15.2 1005 125  0.9 5 10.5  96    0    0 336 -411  0
3823500 2818500  9 13  3  15.0 1005 124  0.4 4 10.5  97    0    0 330 -410  0
3823500 2818500  9 13  4  14.8 1004 141  0.8 4 10.4  98    0    0 324 -410  0
3823500 2818500  9 13  5  15.3 1004 151  1.1 4 10.4  96    0    0 324 -410  0
3823500 2818500  9 13  6  15.1 1004 154  1.5 5 10.4  95    0    0 327 -409  0
3823500 2818500  9 13  7  15.7 1003 158  1.4 6 10.4  94    0   15 335 -409  0
3823500 2818500  9 13  8  17.0 1003 166  2.0 6 10.6  90    4   81 341 -411  0
3823500 2818500  9 13  9  18.6 1002 155  1.8 5 11.0  85   23  169 341 -418  0
3823500 2818500  9 13 10  20.7 1002 176  1.9 6 11.5  79   58  245 348 -427  0
3823500 2818500  9 13 11  22.6 1003 179  2.0 6 11.8  72  151  297 360 -434  0
3823500 2818500  9 13 12  23.7 1003 186  2.2 6 12.1  67  240  311 367 -439  0
3823500 2818500  9 13 13  25.1 1002 195  2.8 6 12.2  63  308  295 371 -443  0
3823500 2818500  9 13 14  25.7 1002 200  3.9 6 12.3  60  245  299 376 -449  0
3823500 2818500  9 13 15  25.7 1002 202  1.6 5 12.4  59  160  278 373 -454  0
3823500 2818500  9 13 16  25.6 1001 211  2.1 6 12.7  60   93  224 373 -453  0
3823500 2818500  9 13 17  24.4 1001 233  1.4 7 12.9  64   22  143 379 -449  0
3823500 2818500  9 13 18  23.6 1001 266  1.1 7 12.9  68    6   67 380 -441  0
3823500 2818500  9 13 19  21.9 1001 290  2.1 7 13.0  74    0   15 376 -434  0
3823500 2818500  9 13 20  20.1 1001 286  1.7 8 13.0  82    0    0 373 -427  0
3823500 2818500  9 13 21  19.2 1002 300  2.2 8 12.2  84    0    0 371 -422  0
3823500 2818500  9 13 22  18.1 1001 265  1.9 8 11.3  83    0    0 367 -417  0
3823500 2818500  9 13 23  17.4 1002 272  1.6 8 11.0  85    0    0 363 -413  0
3823500 2818500  9 13 24  16.9 1002 273  0.9 7 10.6  86    0    0 357 -408  0
3823500 2818500  9 14  1  16.0 1002 251  0.9 6 10.2  86    0    0 347 -404  0
3823500 2818500  9 14  2  14.8 1002 239  0.4 4  9.7  88    0    0 332 -401  0
3823500 2818500  9 14  3  14.5 1002 232  0.7 3  9.5  90    0    0 319 -401  0
3823500 2818500  9 14  4  14.3 1002 215  0.9 4  9.5  92    0    0 320 -401  0
3823500 2818500  9 14  5  14.4 1002 211  1.6 5  9.7  94    0    0 329 -402  0
3823500 2818500  9 14  6  14.5 1001 233  2.2 6  9.9  95    0    0 340 -402  0
3823500 2818500  9 14  7  14.7 1002 235  2.6 8  9.9  94    0   16 355 -401  0
3823500 2818500  9 14  8  14.8 1002 219  2.1 8  9.9  93    0   50 365 -402  0
3823500 2818500  9 14  9  15.1 1002 239  2.4 7 10.0  93    1  109 364 -409  0
3823500 2818500  9 14 10  15.8 1002 244  2.4 7 10.1  91    2  161 362 -419  0
3823500 2818500  9 14 11  16.6 1003 242  3.2 7 10.2  88    0  129 366 -430  0
3823500 2818500  9 14 12  17.2 1003 265  3.5 6 10.2  84   12  237 364 -438  0
3823500 2818500  9 14 13  18.4 1003 268  3.5 8 10.2  79    0  138 371 -445  0
3823500 2818500  9 14 14  18.5 1003 284  3.5 7 10.1  75    0  144 377 -450  0
3823500 2818500  9 14 15  19.1 1003 284  3.3 7  9.9  72    5  186 373 -450  0
3823500 2818500  9 14 16  19.5 1003 289  2.9 6  9.6  68   34  187 368 -444  0
3823500 2818500  9 14 17  18.8 1003 285  3.2 6  9.3  66   58  134 360 -438  0
3823500 2818500  9 14 18  17.9 1004 285  2.2 7  9.1  68   12   64 360 -433  0
3823500 2818500  9 14 19  16.7 1004 290  1.0 7  9.0  72    2   14 361 -426  0
3823500 2818500  9 14 20  15.2 1004 280  1.5 6  8.9  78    0    0 350 -420  0
3823500 2818500  9 14 21  14.3 1004 267  1.0 7  8.6  81    0    0 346 -416  0
3823500 2818500  9 14 22  13.8 1005 249  0.0 7  8.6  85    0    0 350 -412  0
3823500 2818500  9 14 23  13.8 1005 254  0.0 7  8.6  86    0    0 351 -409  0
3823500 2818500  9 14 24  13.2 1005 273  0.5 7  8.6  88    0    0 353 -407  0
3823500 2818500  9 15  1  12.6 1006 268  0.5 6  8.5  91    0    0 347 -403  0
3823500 2818500  9 15  2  12.3 1006 259  0.7 5  8.4  92    0    0 336 -400  0
3823500 2818500  9 15  3  12.3 1006 278  0.7 4  8.6  96    0    0 326 -400  0
3823500 2818500  9 15  4  11.9 1006 197  0.5 6  8.6  97    0    0 332 -400  0
3823500 2818500  9 15  5  11.9 1006 272  0.8 6  8.4  96    0    0 341 -398  0
3823500 2818500  9 15  6  11.7 1006 200  1.2 7  8.4  96    0    0 346 -395  0
3823500 2818500  9 15  7  12.0 1006 245  1.0 6  8.5  97    0   17 344 -393  0
3823500 2818500  9 15  8  13.3 1006 249  0.4 8  9.0  97    3   78 353 -396  0
3823500 2818500  9 15  9  14.9 1006 238  1.1 6  9.6  95   52  176 359 -404  0
3823500 2818500  9 15 10  16.8 1006 228  1.3 5 10.1  88   93  241 348 -415  0
3823500 2818500  9 15 11  18.4 1007 241  2.0 6 10.0  79   44  269 356 -427  0
3823500 2818500  9 15 12  19.1 1007 243  1.9 6  9.7  71   19  260 366 -438  0
3823500 2818500  9 15 13  19.6 1007 205  2.1 6  9.5  67   30  278 368 -447  0
3823500 2818500  9 15 14  20.8 1007 230  1.5 5  9.3  62  104  303 364 -453  0
3823500 2818500  9 15 15  20.4 1007 252  1.5 6  9.0  59   50  256 363 -455  0
3823500 2818500  9 15 16  20.1 1007 243  1.4 6  8.8  59   24  190 363 -453  0
3823500 2818500  9 15 17  20.2 1006 246  0.4 7  8.9  60    6  114 364 -446  0
3823500 2818500  9 15 18  19.1 1006 201  0.0 7  9.3  64    1   53 364 -437  0
3823500 2818500  9 15 19  17.2 1006 160  0.1 7  9.5  72    0   10 356 -428  0
3823500 2818500  9 15 20  15.4 1007 122  0.1 7  9.4  80    0    0 348 -419  0
3823500 2818500  9 15 21  14.5 1007 134  0.1 6  9.3  87    0    0 337 -413  0
3823500 2818500  9 15 22  14.5 1007  79  0.0 7  9.4  90    0    0 333 -409  0
3823500 2818500  9 15 23  14.1 1007 114  0.1 7  9.4  92    0    0 337 -406  0
3823500 2818500  9 15 24  14.0 1007 153  0.1 6  9.3  92    0    0 332 -404  0
3823500 2818500  9 16  1  13.8 1007 145  0.1 7  9.3  93    0    0 332 -401  0
3823500 2818500  9 16  2  14.0 1007 165  0.5 7  9.3  93    0    0 334 -400  0
3823500 2818500  9 16  3  14.3 1007 148  0.2 6  9.3  92    0    0 330 -399  0
3823500 2818500  9 16  4  14.1 1006 125  0.1 7  9.4  92    0    0 330 -399  0
3823500 2818500  9 16  5  13.8 1006 174  0.2 7  9.2  92    0    0 332 -399  0
3823500 2818500  9 16  6  14.0 1006 147  0.4 8  9.1  91    0    0 336 -399  0
3823500 2818500  9 16  7  13.9 1006 155  0.1 6  9.2  92    0    7 332 -400  0
3823500 2818500  9 16  8  14.8 1006 156  0.7 7  9.4  92    0   60 328 -402  0
3823500 2818500  9 16  9  15.7 1006 164  0.7 7  9.8  90    0  110 337 -407  0
3823500 2818500  9 16 10  17.5 1006 165  0.4 7 10.2  86   54  228 340 -414  0
3823500 2818500  9 16 11  18.7 1006 161  1.0 6 10.5  80   12  221 343 -420  0
3823500 2818500  9 16 12  17.5 1005 140  1.3 7 10.6  81    0   96 346 -426  0
3823500 2818500  9 16 13  17.9 1005 148  1.2 8 11.0  86    0  116 355 -436  0
3823500 2818500  9 16 14  18.9 1004 149  2.1 7 11.6  86   34  262 360 -443  0
3823500 2818500  9 16 15  20.3 1003 158  1.9 7 11.8  82   43  245 363 -445  0
3823500 2818500  9 16 16  21.0 1004 244  2.7 7 11.8  76   73  205 370 -450  0
3823500 2818500  9 16 17  21.3 1003 271  2.2 7 11.7  73  108  125 373 -451  0
3823500 2818500  9 16 18  20.2 1002 178  2.2 7 11.6  74   35   64 373 -443  0
3823500 2818500  9 16 19  19.1 1001 182  1.8 7 11.5  79    6   16 371 -435  0
3823500 2818500  9 16 20  18.3 1000 102  2.2 6 11.3  82    0    0 364 -429  0
3823500 2818500  9 16 21  17.9 1000 163  2.9 6 11.0  83    0    0 357 -423  0
3823500 2818500  9 16 22  17.5  999 128  2.3 6 10.8  84    0    0 356 -418  0
3823500 2818500  9 16 23  17.3  999 115  2.2 6 10.8  85    0    0 356 -414  0
3823500 2818500  9 16 24  17.5  998 118  2.4 6 10.6  84    0    0 355 -408  0
3823500 2818500  9 17  1  17.0  996 127  2.9 5 10.5  84    0    0 351 -404  0
3823500 2818500  9 17  2  17.1  995 128  2.9 5 10.5  85    0    0 347 -402  0
3823500 2818500  9 17  3  16.8  994 142  2.7 6 10.4  85    0    0 354 -400  0
3823500 2818500  9 17  4  14.8  994 206  2.4 8 10.1  88    0    0 366 -399  0
3823500 2818500  9 17  5  14.2  994 144  1.1 8  9.8  93    0    0 372 -396  0
3823500 2818500  9 17  6  14.4  994 171  1.8 7  9.8  94    0    0 367 -389  0
3823500 2818500  9 17  7  14.5  994 196  2.7 7  9.9  94    0   14 363 -384  0
3823500 2818500  9 17  8  14.1  995 219  2.6 7  9.4  91    8   62 362 -385  0
3823500 2818500  9 17  9  14.6  995 202  3.0 6  9.1  88   80   90 355 -390  0
3823500 2818500  9 17 10  15.0  995 179  3.1 8  9.1  85   12  151 361 -394  0
3823500 2818500  9 17 11  14.5  995 167  2.8 8  9.0  84    0  123 368 -397  0
3823500 2818500  9 17 12  15.1  995 176  4.5 6  9.0  84   29  202 359 -401  0
3823500 2818500  9 17 13  15.5  995 181  3.8 8  9.1  82    4  183 359 -410  0
3823500 2818500  9 17 14  16.1  995 200  3.1 8  9.2  80    0   88 370 -423  0
3823500 2818500  9 17 15  17.9  995 164  4.2 8  9.1  74    0   88 375 -425  0
3823500 2818500  9 17 16  16.4  995 199  2.1 8  9.1  73    0   84 377 -419  0
3823500 2818500  9 17 17  16.5  995 198  1.6 8  9.2  77    0   74 375 -413  0
3823500 2818500  9 17 18  15.9  995 176  0.1 4  9.3  79   42   25 354 -406  0
3823500 2818500  9 17 19  14.4  995 178  1.2 4  9.1  83    4    8 331 -397  0
3823500 2818500  9 17 20  12.6  996 189  0.4 5  8.9  90    0    0 330 -393  0
3823500 2818500  9 17 21  12.3  997 350  0.0 3  8.7  95    0    0 322 -393  0
3823500 2818500  9 17 22  11.1  997 341  0.0 2  8.5  97    0    0 302 -393  0
3823500 2818500  9 17 23  10.1  998 345  0.0 2  8.0  98    0    0 292 -392  0
3823500 2818500  9 17 24  10.1  998 200  0.1 1  7.7  98    0    0 285 -392  0
3823500 2818500  9 18  1  10.6  998 252  0.1 1  7.6  95    0    0 282 -391  0
3823500 2818500  9 18  2   9.3  998 240  0.0 3  7.4  95    0    0 291 -390  0
3823500 2818500  9 18  3   9.2  999 237  0.6 2  7.1  96    0    0 293 -390  0
3823500 2818500  9 18  4   9.9  999 223  0.1 3  7.3  97    0    0 293 -390  0
3823500 2818500  9 18  5  10.6  999 235  0.3 6  7.9  99    0    0 317 -390  0
3823500 2818500  9 18  6  10.9  999 206  0.1 6  8.2 100    0    0 334 -390  0
3823500 2818500  9 18  7  11.5 1000 216  0.1 7  8.4  99    0   13 340 -390  0
3823500 2818500  9 18  8  11.9 1000 201  0.4 7  8.6  99    4   61 346 -392  0
3823500 2818500  9 18  9  12.6 1000 195  0.9 7  9.0 100    8  108 347 -394  0
3823500 2818500  9 18 10  13.1 1000 211  1.6 7  9.4 100    0  145 347 -396  0
3823500 2818500  9 18 11  13.8 1001 216  1.2 7  9.7  99    0  156 350 -400  0
3823500 2818500  9 18 12  14.5 1001 203  1.7 7 10.1  98    0  147 352 -404  0
3823500 2818500  9 18 13  15.7 1001 202  1.5 7 10.3  94    0  167 356 -406  0
3823500 2818500  9 18 14  16.3 1001 196  1.5 7 10.2  88   16  181 358 -407  0
3823500 2818500  9 18 15  16.2 1001 195  1.5 7 10.0  86    0  144 359 -408  0
3823500 2818500  9 18 16  16.3 1001 169  1.9 8 10.1  86    0   88 362 -411  0
3823500 2818500  9 18 17  16.1 1001 181  1.0 8 10.3  88    8   84 365 -411  0
3823500 2818500  9 18 18  16.0 1001 191  1.1 8 10.3  89   35   28 362 -406  0
3823500 2818500  9 18 19  15.6 1001 191  1.2 8 10.3  90    5    9 358 -402  0
3823500 2818500  9 18 20  15.3 1001 276  1.4 8 10.3  92    0    0 355 -398  0
3823500 2818500  9 18 21  14.9 1002 226  1.2 8 10.3  94    0    0 353 -395  0
3823500 2818500  9 18 22  14.4 1002 236  2.3 7 10.1  95    0    0 346 -392  0
3823500 2818500  9 18 23  13.6 1002 276  1.7 7  9.7  96    0    0 339 -389  0
3823500 2818500  9 18 24  13.3 1002 238  1.7 6  9.5  97    0    0 332 -385  0
3823500 2818500  9 19  1  13.3 1002 204  1.4 7  9.4  97    0    0 332 -383  0
3823500 2818500  9 19  2  13.3 1002 186  0.9 7  9.4  97    0    0 336 -381  0
3823500 2818500  9 19  3  13.5 1002 195  1.3 7  9.6  99    0    0 337 -379  0
3823500 2818500  9 19  4  13.2 1001 188  0.7 7  9.6  99    0    0 338 -377  0
3823500 2818500  9 19  5  13.2 1001 192  0.5 7  9.6 100    0    0 337 -375  0
3823500 2818500  9 19  6  13.2 1001 202  0.3 8  9.6  99    0    0 341 -372  0
3823500 2818500  9 19  7  13.3 1001 174  0.2 7  9.5  99    0   11 342 -371  0
3823500 2818500  9 19  8  13.8 1001 162  0.7 8  9.7  99    3   72 343 -372  0
3823500 2818500  9 19  9  14.7 1001 165  0.8 7 10.0  97   15  146 346 -380  0
3823500 2818500  9 19 10  15.7 1001 168  2.0 7 10.0  92   44  218 346 -392  0
3823500 2818500  9 19 11  17.8 1000 181  2.3 6 10.2  85  100  271 348 -406  0
3823500 2818500  9 19 12  18.8 1000 159  2.6 5 10.4  78   99  298 348 -420  0
3823500 2818500  9 19 13  19.2 1000 172  2.7 6 10.2  73  100  301 353 -431  0
3823500 2818500  9 19 14  19.4 1000 158  2.9 6 10.0  70   85  284 359 -437  0
3823500 2818500  9 19 15  19.4 1000 154  3.1 6  9.8  68   64  246 360 -439  0
3823500 2818500  9 19 16  19.1  999 136  2.2 7  9.7  69   19  172 362 -438  0
3823500 2818500  9 19 17  18.8  998 141  1.7 7  9.7  70   13  118 363 -433  0
3823500 2818500  9 19 18  18.4  998 127  1.7 8  9.9  73    9   53 365 -423  0
3823500 2818500  9 19 19  16.4  998 128  1.2 6 10.0  79    0    8 357 -412  0
3823500 2818500  9 19 20  15.5  998 133  1.8 5 10.0  86    0    0 343 -404  0
3823500 2818500  9 19 21  15.2  998 131  1.7 3 10.0  90    0    0 331 -399  0
3823500 2818500  9 19 22  14.7  998 134  1.6 3  9.8  91    0    0 323 -395  0
3823500 2818500  9 19 23  14.2  998 134  1.5 3  9.6  92    0    0 322 -392  0
3823500 2818500  9 19 24  13.9  998 128  1.4 3  9.3  91    0    0 321 -389  0
3823500 2818500  9 20  1  13.1  998 126  1.1 2  9.1  92    0    0 315 -387  0
3823500 2818500  9 20  2  13.1  998 124  1.5 2  8.9  93    0    0 310 -385  0
3823500 2818500  9 20  3  12.7  998 126  1.6 2  8.8  93    0    0 308 -384  0
3823500 2818500  9 20  4  12.6  998 128  1.5 3  8.7  94    0    0 312 -385  0
3823500 2818500  9 20  5  12.3  998 111  1.3 2  8.5  93    0    0 309 -385  0
3823500 2818500  9 20  6  12.0  998 117  1.7 1  8.3  92    0    0 298 -384  0
3823500 2818500  9 20  7  11.4  998  96  1.3 1  8.2  94    2   17 292 -385  0
3823500 2818500  9 20  8  13.0  998 124  1.9 2  8.3  92   55   74 295 -388  0
3823500 2818500  9 20  9  15.1  998 116  1.9 1  8.6  85  177  107 301 -394  0
3823500 2818500  9 20 10  16.2  998 125  2.2 2  8.9  79  309  118 306 -405  0
3823500 2818500  9 20 11  17.8  997  98  3.4 1  9.2  75  417  119 313 -414  0
3823500 2818500  9 20 12  19.2  997  98  2.5 1  9.4  69  490  114 315 -423  0
3823500 2818500  9 20 13  20.4  998 106  3.2 1  9.3  63  523  104 320 -433  0
3823500 2818500  9 20 14  20.9  997 105  3.4 1  9.3  60  487  105 324 -438  0
3823500 2818500  9 20 15  20.7  997 113  3.3 2  9.4  60  407  103 328 -444  0
3823500 2818500  9 20 16  20.6  996 113  3.9 2  9.5  62  307   92 331 -447  0
3823500 2818500  9 20 17  19.9  996 102  3.4 1  9.5  63  170   79 327 -443  0
3823500 2818500  9 20 18  18.6  995  98  4.3 2  9.4  66   51   49 325 -437  0
3823500 2818500  9 20 19  17.6  995 102  3.1 1  9.3  70    3    9 322 -430  0
3823500 2818500  9 20 20  16.7  994  99  1.9 2  9.0  72    0    0 320 -425  0
3823500 2818500  9 20 21  15.9  995  97  3.0 2  8.6  73    0    0 321 -420  0
3823500 2818500  9 20 22  14.9  995  98  3.1 1  8.2  74    0    0 313 -415  0
3823500 2818500  9 20 23  14.5  995 103  3.0 1  7.8  73    0    0 306 -410  0
3823500 2818500  9 20 24  13.7  995 105  2.7 2  7.5  73    0    0 306 -406  0
3823500 2818500  9 21  1  12.6  995 121  2.7 1  7.2  75    0    0 300 -403  0
3823500 2818500  9 21  2  12.2  996  95  2.2 1  7.1  78    0    0 292 -401  0
3823500 2818500  9 21  3  11.5  996  88  1.9 4  7.0  79    0    0 299 -399  0
3823500 2818500  9 21  4  10.1  996 110  2.2 6  6.8  83    0    0 315 -397  0
3823500 2818500  9 21  5   9.8  996 102  3.4 7  6.7  86    0    0 325 -396  0
3823500 2818500  9 21  6   9.2  996 124  3.3 7  6.6  87    0    0 327 -396  0
3823500 2818500  9 21  7   9.4  997  62  2.9 6  6.6  88    0    5 322 -397  0
3823500 2818500  9 21  8   9.7  997 348  2.6 7  6.6  87    3   74 322 -397  0
3823500 2818500  9 21  9  11.4  997 306  3.6 5  6.8  84   37  177 321 -399  0
3823500 2818500  9 21 10  12.6  998  59  2.4 6  7.1  80   24  221 322 -400  0
3823500 2818500  9 21 11  13.5  998 114  2.6 7  7.3  77    4  209 334 -400  0
3823500 2818500  9 21 12  14.6  998 120  2.9 7  7.5  74   13  256 341 -399  0
3823500 2818500  9 21 13  14.5  999 115  2.2 7  7.6  73    0  153 340 -398  0
3823500 2818500  9 21 14  14.8  999  70  1.9 8  7.9  74    0  134 345 -394  0
3823500 2818500  9 21 15  14.7  999  62  2.5 7  8.0  76    0  112 345 -390  0
3823500 2818500  9 21 16  13.8 1000  79  1.6 8  8.0  78    0   70 342 -389  0
3823500 2818500  9 21 17  13.2 1000  72  1.3 8  7.8  79    0   38 344 -387  0
3823500 2818500  9 21 18  12.7 1000  78  2.4 8  7.6  80    0   22 342 -385  0
3823500 2818500  9 21 19  12.8 1000  83  2.0 8  7.6  81    0    3 342 -384  0
3823500 2818500  9 21 20  12.6 1001 111  1.1 8  7.5  81    0    0 341 -382  0
3823500 2818500  9 21 21  12.7 1000  85  1.8 8  7.3  78    0    0 341 -381  0
3823500 2818500  9 21 22  11.5 1001  96  1.3 8  7.2  80    0    0 338 -379  0
3823500 2818500  9 21 23  11.1 1002  69  0.8 8  7.3  86    0    0 337 -377  0
3823500 2818500  9 21 24  10.7 1002  80  0.1 8  7.3  88    0    0 338 -376  0
3823500 2818500  9 22  1  10.1 1002  64  0.2 8  7.2  91    0    0 337 -375  0
3823500 2818500  9 22  2   9.9 1002  65  0.1 8  7.2  93    0    0 337 -373  0
3823500 2818500  9 22  3  10.0 1003  61  0.5 8  7.1  92    0    0 339 -371  0
3823500 2818500  9 22  4   9.9 1003  65  0.2 8  7.1  92    0    0 340 -370  0
3823500 2818500  9 22  5   9.7 1003  76  0.1 8  7.1  94    0    0 338 -369  0
3823500 2818500  9 22  6   9.5 1003  42  0.1 8  7.3  96    0    0 338 -370  0
3823500 2818500  9 22  7   9.5 1003  39  0.5 8  7.4  99    0    0 338 -372  0
3823500 2818500  9 22  8   9.6 1004  25  0.5 8  7.5 100    0    9 339 -374  0
3823500 2818500  9 22  9   9.9 1005  40  1.3 8  7.6  99    0   26 342 -378  0
3823500 2818500  9 22 10  10.3 1005  52  1.3 8  7.5  96    0   45 343 -383  0
3823500 2818500  9 22 11  10.3 1006  52  1.6 8  7.4  94    0   72 342 -390  0
3823500 2818500  9 22 12  10.7 1007  70  1.4 8  7.4  92    0  122 341 -397  0
3823500 2818500  9 22 13  11.1 1007  65  1.0 8  7.4  90    0  121 340 -401  0
3823500 2818500  9 22 14  11.2 1008  65  1.4 8  7.5  90    0  102 341 -401  0
3823500 2818500  9 22 15  11.1 1008  72  0.7 7  7.6  91    0   95 338 -404  0
3823500 2818500  9 22 16  10.9 1009  65  0.3 7  7.5  91    0  104 335 -407  0
3823500 2818500  9 22 17  10.8 1009  62  0.3 8  7.5  92    0   70 339 -404  0
3823500 2818500  9 22 18  10.7 1010 124  0.1 8  7.5  92    0   34 345 -398  0
3823500 2818500  9 22 19  10.5 1010 179  0.6 8  7.5  94    0    3 347 -391  0
3823500 2818500  9 22 20  10.2 1011  78  0.1 7  7.6  97    0    0 345 -386  0
3823500 2818500  9 22 21  10.3 1011 160  0.1 6  7.6  98    0    0 337 -382  0
3823500 2818500  9 22 22  10.3 1012 158  0.1 7  7.6  97    0    0 338 -376  0
3823500 2818500  9 22 23  10.3 1012 105  0.2 7  7.6  97    0    0 344 -372  0
3823500 2818500  9 22 24  10.0 1012 174  0.1 6  7.5  97    0    0 340 -369  0
3823500 2818500  9 23  1  10.0 1012  85  0.4 7  7.4  97    0    0 342 -366  0
3823500 2818500  9 23  2   9.1 1012 167  0.2 5  7.3  98    0    0 336 -364  0
3823500 2818500  9 23  3   8.8 1013 117  0.1 4  7.1 100    0    0 319 -363  0
3823500 2818500  9 23  4   8.6 1013 122  0.4 3  7.0 100    0    0 308 -361  0
3823500 2818500  9 23  5   8.1 1013 212  1.0 0  6.9 100    0    0 287 -360  0
3823500 2818500  9 23  6   7.9 1013 158  1.3 0  6.7 100    0    0 270 -361  0
3823500 2818500  9 23  7   7.6 1013 172  0.5 2  6.6 100    0   14 279 -363  0
3823500 2818500  9 23  8   9.0 1014 212  0.5 3  6.8 100   24   82 297 -366  0
3823500 2818500  9 23  9  11.7 1014 168  1.0 3  7.5  95  100  146 309 -375  0
3823500 2818500  9 23 10  13.7 1014 187  1.8 4  7.9  86  166  195 322 -388  0
3823500 2818500  9 23 11  15.2 1014 196  1.9 5  8.2  80  240  221 338 -400  0
3823500 2818500  9 23 12  16.6 1014 171  2.0 5  8.6  76  322  216 350 -411  0
3823500 2818500  9 23 13  17.5 1014 152  1.9 5  8.8  72  318  226 354 -419  0
3823500 2818500  9 23 14  18.6 1014 155  2.5 5  8.8  68  324  199 359 -422  0
3823500 2818500  9 23 15  19.0 1014 157  2.2 4  8.7  64  267  178 357 -422  0
3823500 2818500  9 23 16  19.1 1014 137  1.6 4  8.7  63  168  155 354 -421  0
3823500 2818500  9 23 17  18.5 1014 159  1.6 6  8.7  64   72  108 363 -418  0
3823500 2818500  9 23 18  17.0 1014 118  0.8 5  8.8  69   30   46 363 -413  0
3823500 2818500  9 23 19  15.3 1015 111  1.1 4  8.7  76    0    8 346 -408  0
3823500 2818500  9 23 20  14.0 1015 115  1.3 2  8.4  81    0    0 324 -404  0
3823500 2818500  9 23 21  13.2 1016 113  2.4 2  8.3  85    0    0 310 -403  0
3823500 2818500  9 23 22  12.8 1016 137  2.0 3  8.2  88    0    0 313 -402  0
3823500 2818500  9 23 23  12.0 1016 118  1.9 2  8.0  89    0    0 311 -400  0
3823500 2818500  9 23 24  11.2 1016 110  1.8 1  7.8  91    0    0 298 -397  0
3823500 2818500  9 24  1  10.9 1016 122  1.4 3  7.5  92    0    0 300 -395  0
3823500 2818500  9 24  2  10.5 1016 104  1.1 2  7.4  92    0    0 303 -394  0
3823500 2818500  9 24  3   9.7 1017  91  1.5 2  7.2  94    0    0 296 -395  0
3823500 2818500  9 24  4   9.5 1016 104  1.5 3  7.1  95    0    0 299 -396  0
3823500 2818500  9 24  5   9.8 1016 100  1.5 2  7.0  94    0    0 299 -396  0
3823500 2818500  9 24  6   9.2 1016 107  1.3 2  7.0  95    0    0 294 -396  0
3823500 2818500  9 24  7   9.5 1017 100  1.9 1  7.0  95    0   13 289 -395  0
3823500 2818500  9 24  8   9.8 1017  90  2.0 5  7.1  95   25   79 303 -396  0
3823500 2818500  9 24  9  12.7 1017 113  2.2 4  7.5  90  116  135 321 -402  0
3823500 2818500  9 24 10  14.6 1017 123  3.2 3  8.0  82  235  155 318 -411  0
3823500 2818500  9 24 11  16.2 1017 120  3.4 2  8.3  76  344  158 314 -422  0
3823500 2818500  9 24 12  17.2 1017 113  3.8 2  8.4  71  411  158 314 -432  0
3823500 2818500  9 24 13  17.4 1017 117  4.1 2  8.3  67  435  152 315 -441  0
3823500 2818500  9 24 14  17.8 1016 129  4.1 2  8.1  65  404  148 317 -446  0
3823500 2818500  9 24 15  18.4 1016 126  4.0 2  8.1  63  343  133 319 -447  0
3823500 2818500  9 24 16  18.7 1015  99  3.3 2  8.0  60  253  112 319 -443  0
3823500 2818500  9 24 17  18.5 1015 124  3.8 2  7.8  58  137   86 318 -435  0
3823500 2818500  9 24 18  16.9 1014 116  1.8 5  7.4  59   39   45 322 -425  0
3823500 2818500  9 24 19  15.1 1014 105  1.2 6  7.1  62    0    8 327 -414  0
3823500 2818500  9 24 20  14.5 1014 103  0.9 5  6.8  65    0    0 323 -407  0
3823500 2818500  9 24 21  13.6 1014 100  1.1 5  6.4  64    0    0 314 -402  0
3823500 2818500  9 24 22  12.9 1015  88  1.4 3  6.3  66    0    0 306 -398  0
3823500 2818500  9 24 23  11.8 1015 100  1.0 2  6.3  70    0    0 295 -393  0
3823500 2818500  9 24 24  11.2 1014  83  1.4 3  6.3  74    0    0 293 -390  0
3823500 2818500  9 25  1  10.8 1014  88  0.5 2  6.3  77    0    0 290 -386  0
3823500 2818500  9 25  2  10.4 1013  88  0.9 1  6.2  78    0    0 283 -382  0
3823500 2818500  9 25  3  10.1 1013  76  1.3 1  6.2  79    0    0 278 -378  0
3823500 2818500  9 25  4   9.7 1013  90  1.6 0  6.1  81    0    0 273 -376  0
3823500 2818500  9 25  5   9.2 1012  94  1.4 0  6.1  82    0    0 267 -373  0
3823500 2818500  9 25  6   8.7 1012 102  0.9 0  5.9  83    0    0 265 -371  0
3823500 2818500  9 25  7   8.0 1012  87  0.2 2  5.9  85    0   12 269 -369  0
3823500 2818500  9 25  8   9.8 1012  99  1.3 2  6.0  84   49   63 274 -370  0
3823500 2818500  9 25  9  12.6 1012 103  1.7 2  6.4  77  176   83 280 -375  0
3823500 2818500  9 25 10  14.6 1012  99  2.5 2  6.8  70  300   89 286 -384  0
3823500 2818500  9 25 11  16.4 1012  95  2.4 2  7.1  64  403   85 291 -397  0
3823500 2818500  9 25 12  17.4 1011 101  2.2 2  7.1  59  474   75 296 -410  0
3823500 2818500  9 25 13  18.8 1011 106  2.9 2  7.0  54  488   71 299 -420  0
3823500 2818500  9 25 14  19.4 1010 111  2.9 1  6.7  48  467   62 302 -426  0
3823500 2818500  9 25 15  19.8 1010 110  3.3 1  6.5  45  386   73 302 -428  0
3823500 2818500  9 25 16  19.5 1009 108  3.4 1  6.5  45  299   54 302 -425  0
3823500 2818500  9 25 17  18.9 1009 110  2.5 2  6.5  47  160   55 303 -418  0
3823500 2818500  9 25 18  17.6 1009 112  1.5 3  6.6  50   45   33 308 -408  0
3823500 2818500  9 25 19  15.1 1009 108  0.9 3  6.8  58    1    6 307 -398  0
3823500 2818500  9 25 20  13.4 1009  97  1.2 3  6.9  68    0    0 301 -389  0
3823500 2818500  9 25 21  12.8 1010 104  0.8 2  6.9  73    0    0 296 -382  0
3823500 2818500  9 25 22  12.3 1010 105  0.4 2  6.8  75    0    0 290 -377  0
3823500 2818500  9 25 23  11.8 1010  98  0.7 2  6.8  78    0    0 289 -372  0
3823500 2818500  9 25 24  11.3 1010 110  0.4 2  6.8  80    0    0 288 -368  0
3823500 2818500  9 26  1  10.6 1010 111  0.2 1  6.8  84    0    0 281 -364  0
3823500 2818500  9 26  2  11.1 1010 100  0.4 2  6.9  85    0    0 280 -360  0
3823500 2818500  9 26  3   9.8 1010 131  0.6 3  7.0  88    0    0 288 -359  0
3823500 2818500  9 26  4  11.0 1010 188  0.6 5  7.1  90    0    0 302 -360  0
3823500 2818500  9 26  5  11.3 1010 181  0.5 8  7.3  88    0    0 331 -362  0
3823500 2818500  9 26  6  12.3 1010 247  0.5 8  7.7  89    0    0 350 -365  0
3823500 2818500  9 26  7  12.6 1010 270  1.1 8  8.5  94    0    3 354 -369  0
3823500 2818500  9 26  8  13.0 1011 297  0.5 8  9.2  99    0   47 356 -373  0
3823500 2818500  9 26  9  13.6 1012 296  0.5 7  9.6 100    8  116 351 -378  0
3823500 2818500  9 26 10  14.5 1012 249  1.1 6  9.8  98   33  187 342 -383  0
3823500 2818500  9 26 11  15.7 1013 260  1.8 7 10.0  93   52  224 344 -389  0
3823500 2818500  9 26 12  16.3 1013 267  2.1 4  9.9  87  171  251 335 -398  0
3823500 2818500  9 26 13  17.5 1013 281  2.6 3  9.4  78  199  252 315 -406  0
3823500 2818500  9 26 14  18.5 1013 277  2.1 3  9.0  70  266  204 312 -409  0
3823500 2818500  9 26 15  18.8 1013 260  2.8 3  8.7  65  270  146 312 -408  0
3823500 2818500  9 26 16  19.2 1013 230  2.4 2  8.3  60  256   92 307 -406  0
3823500 2818500  9 26 17  18.8 1012 234  1.9 2  8.0  58  140   73 301 -404  0
3823500 2818500  9 26 18  16.4 1012 262  1.0 3  7.9  63   37   38 301 -398  0
3823500 2818500  9 26 19  13.5 1013 345  0.7 5  8.0  75    0    5 305 -389  0
3823500 2818500  9 26 20  12.9 1013 351  0.5 7  8.2  86    0    0 320 -382  0
3823500 2818500  9 26 21  12.2 1013  36  0.2 7  8.3  92    0    0 327 -379  0
3823500 2818500  9 26 22  12.2 1013  25  0.8 7  8.4  94    0    0 325 -376  0
3823500 2818500  9 26 23  12.0 1013 113  0.8 6  8.4  95    0    0 320 -375  0
3823500 2818500  9 26 24  12.3 1013  91  0.9 6  8.4  95    0    0 315 -373  0
3823500 2818500  9 27  1  12.4 1013  80  1.0 8  8.5  94    0    0 325 -371  0
3823500 2818500  9 27  2  12.4 1013  83  1.1 7  8.5  94    0    0 331 -370  0
3823500 2818500  9 27  3  12.3 1013  87  0.9 7  8.5  94    0    0 326 -366  0
3823500 2818500  9 27  4  12.3 1012 104  1.5 8  8.4  94    0    0 332 -359  0
3823500 2818500  9 27  5  12.3 1012 118  1.8 7  8.4  94    0    0 333 -354  0
3823500 2818500  9 27  6  12.3 1011  67  1.9 7  8.5  95    0    0 330 -350  0
3823500 2818500  9 27  7  12.3 1011 111  1.6 7  8.6  96    0    6 331 -348  0
3823500 2818500  9 27  8  12.6 1011 135  1.9 8  8.9  98    0   26 335 -351  0
3823500 2818500  9 27  9  12.8 1011 112  1.4 8  9.0  98    0   92 339 -362  0
3823500 2818500  9 27 10  13.3 1011 119  2.0 8  9.1  97    0   49 339 -378  0
3823500 2818500  9 27 11  14.1 1011 133  2.3 8  9.5  96    0   60 340 -393  0
3823500 2818500  9 27 12  14.9 1011 130  2.4 7  9.8  94    0  144 339 -406  0
3823500 2818500  9 27 13  16.1 1010 133  2.5 6 10.0  90    9  232 338 -415  0
3823500 2818500  9 27 14  18.3 1010 150  2.9 6 10.5  85   34  278 341 -420  0
3823500 2818500  9 27 15  19.7 1009 167  2.4 7 10.9  79   12  207 350 -420  0
3823500 2818500  9 27 16  21.1 1009 161  2.5 6 11.0  73   43  203 354 -416  0
3823500 2818500  9 27 17  21.4 1009 179  1.4 5 10.9  68   44  128 352 -409  0
3823500 2818500  9 27 18  19.2 1009 150  1.2 5 11.0  73   10   44 346 -402  0
3823500 2818500  9 27 19  16.7 1009 137  1.3 5 10.8  83    0    2 337 -396  0
3823500 2818500  9 27 20  16.3 1009 144  1.8 4 10.3  87    0    0 329 -390  0
3823500 2818500  9 27 21  15.9 1009 145  1.6 3 10.1  88    0    0 323 -387  0
3823500 2818500  9 27 22  15.9 1009 155  1.8 0 10.1  89    0    0 313 -384  0
3823500 2818500  9 27 23  15.3 1008 155  1.4 0 10.0  90    0    0 305 -381  0
3823500 2818500  9 27 24  14.7 1008 153  1.5 1  9.7  91    0    0 305 -379  0
3823500 2818500  9 28  1  14.3 1008 160  1.5 2  9.5  92    0    0 308 -378  0
3823500 2818500  9 28  2  13.9 1007 160  1.4 1  9.3  92    0    0 306 -378  0
3823500 2818500  9 28  3  13.6 1007 164  1.5 1  9.1  92    0    0 303 -376  0
3823500 2818500  9 28  4  13.4 1007 177  1.6 1  9.0  93    0    0 302 -374  0
3823500 2818500  9 28  5  13.2 1007 161  1.4 3  9.0  94    0    0 305 -372  0
3823500 2818500  9 28  6  13.6 1007 183  1.6 5  9.2  95    0    0 317 -370  0
3823500 2818500  9 28  7  13.3 1006 184  1.1 6  9.3  96    0    1 326 -368  0
3823500 2818500  9 28  8  14.1 1007 179  1.9 6  9.6  97    0   40 331 -368  0
3823500 2818500  9 28  9  15.5 1007 203  1.8 6 10.0  94   13  123 335 -373  0
3823500 2818500  9 28 10  16.5 1007 233  2.6 7 10.3  90    6  154 346 -383  0
3823500 2818500  9 28 11  17.1 1007 234  3.3 7 10.4  86    0  153 354 -396  0
3823500 2818500  9 28 12  16.7 1007 238  3.1 7 10.0  83    0  136 356 -409  0
3823500 2818500  9 28 13  16.0 1007 228  3.1 8  9.6  82    0   88 360 -420  0
3823500 2818500  9 28 14  16.6 1007 228  2.3 6  9.6  82    0  143 356 -427  0
3823500 2818500  9 28 15  18.3 1007 218  2.7 4  9.7  77  163  195 340 -430  0
3823500 2818500  9 28 16  18.9 1006 211  2.7 3  9.5  70  220   98 329 -428  0
3823500 2818500  9 28 17  18.1 1006 196  1.8 3  9.3  69  122   72 323 -421  0
3823500 2818500  9 28 18  16.6 1005 168  1.7 5  9.2  74   23   34 329 -412  0
3823500 2818500  9 28 19  14.9 1005 152  2.0 6  9.1  81    0    0 338 -402  0
3823500 2818500  9 28 20  14.5 1005 172  1.8 5  9.2  87    0    0 334 -395  0
3823500 2818500  9 28 21  13.9 1005 165  2.0 4  9.4  92    0    0 323 -391  0
3823500 2818500  9 28 22  13.7 1005 163  2.3 3  9.4  94    0    0 313 -389  0
3823500 2818500  9 28 23  13.8 1004 168  2.5 3  9.3  94    0    0 309 -388  0
3823500 2818500  9 28 24  14.2 1003 171  2.8 3  9.4  93    0    0 311 -389  0
3823500 2818500  9 29  1  14.4 1003 185  2.4 5  9.6  93    0    0 324 -391  0
3823500 2818500  9 29  2  14.5 1003 193  2.4 6  9.5  91    0    0 339 -392  0
3823500 2818500  9 29  3  14.4 1002 169  3.1 6  9.2  88    0    0 346 -391  0
3823500 2818500  9 29  4  14.5 1001 162  3.3 6  9.0  86    0    0 348 -388  0
3823500 2818500  9 29  5  14.6 1000 163  2.8 7  8.9  85    0    0 354 -386  0
3823500 2818500  9 29  6  14.9 1000 163  3.0 7  9.0  84    0    0 359 -386  0
3823500 2818500  9 29  7  15.1  999 156  2.5 8  9.1  84    0    0 365 -387  0
3823500 2818500  9 29  8  15.3  999 169  2.6 8  9.3  84    0   26 371 -388  0
3823500 2818500  9 29  9  15.2  999 160  2.0 8  9.6  87    0   48 372 -392  0
3823500 2818500  9 29 10  15.9  999 182  2.6 8  9.9  88    0   78 372 -397  0
3823500 2818500  9 29 11  16.2  998 181  2.8 7 10.2  88    0  127 368 -401  0
3823500 2818500  9 29 12  17.9  998 185  3.4 8 10.6  86    0   80 372 -401  0
3823500 2818500  9 29 13  17.8  998 191  4.3 7 11.0  84    0   99 376 -404  0
3823500 2818500  9 29 14  19.4  998 264  4.3 6 11.2  82   23  167 372 -408  0
3823500 2818500  9 29 15  19.4  998 130  3.9 7 10.9  76    0  136 375 -407  0
3823500 2818500  9 29 16  18.8  998 170  3.2 7 10.4  74    0   81 378 -407  0
3823500 2818500  9 29 17  18.3  998 190  1.9 8 10.5  77    0   45 380 -408  0
3823500 2818500  9 29 18  17.7  997 194  2.4 7 10.5  80    0   22 378 -407  0
3823500 2818500  9 29 19  17.0  997 175  2.0 7 10.5  83    0    1 372 -406  0
3823500 2818500  9 29 20  16.5  997 160  1.8 7 10.6  87    0    0 370 -404  0
3823500 2818500  9 29 21  16.3  997 152  1.7 6 10.7  90    0    0 364 -403  0
3823500 2818500  9 29 22  16.3  997 151  1.8 6 10.7  91    0    0 360 -403  0
3823500 2818500  9 29 23  15.8  996 156  1.6 7 10.5  92    0    0 366 -404  0
3823500 2818500  9 29 24  15.1  996 166  1.3 7 10.1  93    0    0 370 -403  0
3823500 2818500  9 30  1  14.1 1014 180  0.8 8  9.6  95    0    0 360 -413  0
3823500 2818500  9 30  2  13.2 1014 194  0.4 8  9.2  96    0    0 360 -409  0
3823500 2818500  9 30  3  12.6 1014 213  0.1 8  8.9  98    0    0 359 -405  0
3823500 2818500  9 30  4  12.6 1014 228  0.1 8  9.0  98    0    0 358 -403  0
3823500 2818500  9 30  5  12.8 1014 234  0.1 8  9.0  98    0    0 358 -401  0
3823500 2818500  9 30  6  12.9 1014 236  0.2 8  9.1  98    0    0 358 -395  0
3823500 2818500  9 30  7  13.0 1014 265  0.1 8  9.2  98    0    1 359 -387  0
3823500 2818500  9 30  8  13.2 1014 257  0.1 8  9.4 100    0   16 358 -384  0
3823500 2818500  9 30  9  13.9 1014 282  0.9 8  9.6  99    0   54 359 -388  0
3823500 2818500  9 30 10  14.8 1014 336  1.6 8 10.0  98    0   78 359 -397  0
3823500 2818500  9 30 11  15.7 1015 310  1.2 8 10.2  94    0  110 358 -411  0
3823500 2818500  9 30 12  16.9 1015 343  1.4 7  9.7  84   28  212 355 -423  0
3823500 2818500  9 30 13  18.5 1015 342  1.9 6  9.0  71  180  175 348 -433  0
3823500 2818500  9 30 14  18.4 1015 347  2.0 6  8.5  64  167  163 344 -438  0
3823500 2818500  9 30 15  18.0 1014   1  1.6 5  8.2  63  105  159 339 -439  0
3823500 2818500  9 30 16  17.9 1014 349  0.4 5  8.1  63   46  128 334 -435  0
3823500 2818500  9 30 17  17.6 1014 295  1.3 6  8.1  64    8   78 338 -428  0
3823500 2818500  9 30 18  16.6 1014 278  0.7 6  8.2  67    0   24 342 -420  0
3823500 2818500  9 30 19  14.9 1014 265  0.9 7  8.4  76    0    0 343 -412  0
3823500 2818500  9 30 20  14.4 1013   3  1.5 7  8.6  82    0    0 344 -407  0
3823500 2818500  9 30 21  14.0 1013  18  0.6 7  8.7  86    0    0 342 -404  0
3823500 2818500  9 30 22  13.9 1013  32  1.7 8  8.7  87    0    0 347 -401  0
3823500 2818500  9 30 23  13.1 1013  79  1.4 7  8.5  88    0    0 345 -399  0
3823500 2818500  9 30 24  12.5 1012 178  0.6 8  8.3  90    0    0 344 -398  0
3823500 2818500 10  1  1  12.0 1011 256  1.3 8  8.3  94    0    0 347 -396  0
3823500 2818500 10  1  2  11.5 1011 118  1.1 8  8.2  95    0    0 348 -396  0
3823500 2818500 10  1  3  11.5 1011 135  1.5 7  8.1  96    0    0 346 -396  0
3823500 2818500 10  1  4  11.5 1010  98  0.8 8  8.1  96    0    0 350 -395  0
3823500 2818500 10  1  5  11.6 1010  92  0.9 8  8.1  94    0    0 359 -395  0
3823500 2818500 10  1  6  11.6 1009 107  1.0 8  8.0  94    0    0 361 -394  0
3823500 2818500 10  1  7  11.8 1009 102  2.3 7  8.1  94    0    0 356 -394  0
3823500 2818500 10  1  8  12.3 1009 146  0.7 7  8.2  93    0   40 348 -394  0
3823500 2818500 10  1  9  12.9 1008 178  2.1 7  8.4  92    0   84 348 -396  0
3823500 2818500 10  1 10  13.9 1008 192  1.1 7  8.9  92    0   97 351 -399  0
3823500 2818500 10  1 11  15.1 1007 200  1.4 7  9.7  93    0  100 358 -402  0
3823500 2818500 10  1 12  15.7 1007 229  1.8 7 10.4  94    0  113 363 -405  0
3823500 2818500 10  1 13  16.4 1006 233  1.9 7 11.1  96    0  131 367 -409  0
3823500 2818500 10  1 14  16.9 1005 216  2.3 7 11.6  97    0   86 372 -409  0
3823500 2818500 10  1 15  17.3 1004 265  4.0 8 12.1  98    0   79 383 -408  0
3823500 2818500 10  1 16  17.2 1004 273  4.3 8 12.2  98    0   63 391 -409  0
3823500 2818500 10  1 17  16.9 1003 273  4.1 7 11.9  96    2   59 386 -410  0
3823500 2818500 10  1 18  16.6 1003 281  4.6 8 11.5  95    0   15 387 -409  0
3823500 2818500 10  1 19  16.5 1003 282  3.9 7 11.1  93    0    0 385 -408  0
3823500 2818500 10  1 20  16.6 1003 290  4.3 7 10.8  91    0    0 376 -406  0
3823500 2818500 10  1 21  16.6 1003 301  3.2 6 10.5  87    0    0 367 -405  0
3823500 2818500 10  1 22  16.4 1002 303  4.8 6 10.1  85    0    0 359 -402  0
3823500 2818500 10  1 23  15.9 1002 300  3.5 7  9.7  84    0    0 362 -398  0
3823500 2818500 10  1 24  15.5 1002 290  2.1 7  9.3  82    0    0 365 -396  0
3823500 2818500 10  2  1  15.2 1002 293  4.9 7  8.8  80    0    0 361 -395  0
3823500 2818500 10  2  2  14.2 1002 277  4.0 6  8.6  81    0    0 351 -393  0
3823500 2818500 10  2  3  13.1 1001 271  3.5 7  8.4  85    0    0 346 -391  0
3823500 2818500 10  2  4  12.5 1001 284  4.1 7  8.3  89    0    0 349 -390  0
3823500 2818500 10  2  5  12.4 1001 292  3.1 8  8.2  90    0    0 355 -388  0
3823500 2818500 10  2  6  12.1 1001 289  2.4 7  7.9  87    0    0 354 -387  0
3823500 2818500 10  2  7  12.0 1001 284  2.6 7  7.4  84    0    0 345 -386  0
3823500 2818500 10  2  8  11.9 1001 290  1.0 7  7.2  82    3   46 343 -384  0
3823500 2818500 10  2  9  12.7 1002 280  2.4 7  7.1  79    1   86 341 -384  0
3823500 2818500 10  2 10  13.5 1002 291  4.4 6  7.0  74   21  168 337 -390  0
3823500 2818500 10  2 11  13.1 1002 300  3.9 3  6.7  69  177  223 319 -398  0
3823500 2818500 10  2 12  14.8 1003 300  5.6 4  6.4  63  157  255 314 -404  0
3823500 2818500 10  2 13  14.6 1003 308  5.4 3  5.9  56  233  248 317 -405  0
3823500 2818500 10  2 14  13.5 1003 312  4.7 5  5.5  55  108  235 319 -400  0
3823500 2818500 10  2 15  14.1 1003 303  4.1 6  5.7  58   71  193 332 -398  0
3823500 2818500 10  2 16  13.1 1003 302  2.8 4  5.7  58   93  145 327 -397  0
3823500 2818500 10  2 17  13.2 1004 305  3.0 4  5.4  56   55   84 316 -395  0
3823500 2818500 10  2 18  12.0 1004 306  2.9 5  5.2  57   17   26 317 -390  0
3823500 2818500 10  2 19  11.8 1005 309  1.9 6  5.2  59    0    0 321 -382  0
3823500 2818500 10  2 20  10.7 1006 305  2.9 6  5.3  63    0    0 320 -374  0
3823500 2818500 10  2 21  10.2 1007 288  2.1 4  5.5  69    0    0 308 -368  0
3823500 2818500 10  2 22   9.7 1007 302  1.5 4  5.6  73    0    0 296 -364  0
3823500 2818500 10  2 23   9.1 1008 292  1.0 5  5.7  78    0    0 297 -360  0
3823500 2818500 10  2 24   8.2 1009 286  1.1 6  5.7  81    0    0 303 -357  0
3823500 2818500 10  3  1   7.4 1009 278  1.4 4  5.5  83    0    0 294 -354  0
3823500 2818500 10  3  2   6.8 1009 265  0.7 3  5.4  86    0    0 278 -352  0
3823500 2818500 10  3  3   6.4 1009 263  0.9 1  5.3  87    0    0 263 -349  0
3823500 2818500 10  3  4   7.1 1009 261  1.2 2  5.4  88    0    0 258 -347  0
3823500 2818500 10  3  5   6.8 1009 250  0.9 3  5.5  88    0    0 268 -346  0
3823500 2818500 10  3  6   7.4 1010 259  0.9 5  5.5  87    0    0 283 -345  0
3823500 2818500 10  3  7   7.5 1010 251  0.3 7  5.6  87    0    0 304 -343  0
3823500 2818500 10  3  8   8.1 1010 236  0.8 7  5.8  87   11   55 316 -342  0
3823500 2818500 10  3  9  10.3 1010 260  1.8 6  6.0  83   36  132 315 -348  0
3823500 2818500 10  3 10  12.1 1011 264  2.5 5  6.1  73  161  189 311 -361  0
3823500 2818500 10  3 11  13.8 1011 288  2.8 4  5.9  63  217  228 307 -376  0
3823500 2818500 10  3 12  13.9 1011 301  3.2 4  5.7  58  175  266 307 -390  0
3823500 2818500 10  3 13  13.8 1011 303  3.2 5  5.7  57   89  253 313 -401  0
3823500 2818500 10  3 14  14.3 1011 289  2.7 6  5.8  58   29  206 324 -405  0
3823500 2818500 10  3 15  14.0 1011 261  3.2 7  6.0  60   19  171 334 -401  0
3823500 2818500 10  3 16  13.8 1011 240  1.5 7  6.3  64    0   91 338 -396  0
3823500 2818500 10  3 17  13.6 1011 255  1.8 5  6.7  68   47   87 330 -395  0
3823500 2818500 10  3 18  12.9 1011 227  0.6 7  6.9  72   15   27 330 -392  0
3823500 2818500 10  3 19  12.6 1011 232  1.4 7  7.0  76    0    0 337 -386  0
3823500 2818500 10  3 20  12.2 1011 215  0.9 8  7.0  77    0    0 342 -382  0
3823500 2818500 10  3 21  12.0 1011 228  0.9 8  6.9  79    0    0 346 -380  0
3823500 2818500 10  3 22  12.2 1011 215  1.5 8  7.0  79    0    0 347 -378  0
3823500 2818500 10  3 23  12.3 1011 226  2.2 8  7.1  80    0    0 350 -380  0
3823500 2818500 10  3 24  11.5 1011 243  2.2 6  7.2  82    0    0 341 -381  0
3823500 2818500 10  4  1  11.5 1011 243  2.1 3  7.2  85    0    0 319 -382  0
3823500 2818500 10  4  2  11.9 1011 248  2.1 5  7.3  84    0    0 316 -382  0
3823500 2818500 10  4  3  12.1 1011 247  2.5 8  7.3  83    0    0 341 -381  0
3823500 2818500 10  4  4  12.1 1011 245  2.5 8  7.3  83    0    0 357 -380  0
3823500 2818500 10  4  5  12.2 1010 227  2.4 8  7.3  83    0    0 359 -380  0
3823500 2818500 10  4  6  12.4 1010 232  2.0 8  7.3  81    0    0 359 -379  0
3823500 2818500 10  4  7  12.3 1009 226  2.7 8  7.1  79    0    0 359 -379  0
3823500 2818500 10  4  8  12.6 1010 231  3.0 8  7.0  78    0   34 359 -380  0
3823500 2818500 10  4  9  13.1 1009 243  2.8 7  7.2  77    0   67 355 -383  0
3823500 2818500 10  4 10  13.4 1010 232  2.8 7  7.4  78    2  130 352 -391  0
3823500 2818500 10  4 11  15.0 1010 238  3.1 7  7.6  75    2  151 354 -400  0
3823500 2818500 10  4 12  15.8 1010 251  4.1 6  7.8  71   63  223 354 -410  0
3823500 2818500 10  4 13  16.0 1010 259  5.3 5  7.9  70  129  229 346 -418  0
3823500 2818500 10  4 14  16.0 1010 256  5.0 6  7.9  70   10  173 347 -416  0
3823500 2818500 10  4 15  15.8 1010 247  4.4 7  8.1  71    0   68 355 -412  0
3823500 2818500 10  4 16  15.8 1009 253  4.0 7  8.1  72    0   53 359 -410  0
3823500 2818500 10  4 17  15.4 1009 253  2.9 7  8.2  74    0   53 359 -410  0
3823500 2818500 10  4 18  15.2 1009 247  2.6 8  8.2  75    0    6 363 -408  0
3823500 2818500 10  4 19  15.0 1009 240  1.6 8  8.2  76    0    0 365 -400  0
3823500 2818500 10  4 20  14.5 1009 242  2.6 6  8.2  77    0    0 354 -392  0
3823500 2818500 10  4 21  14.4 1009 242  2.7 6  7.9  77    0    0 344 -387  0
3823500 2818500 10  4 22  13.4 1009 246  2.3 2  7.7  77    0    0 326 -382  0
3823500 2818500 10  4 23  12.5 1009 231  2.1 0  7.5  80    0    0 297 -377  0
3823500 2818500 10  4 24  12.3 1008 239  2.7 1  7.5  83    0    0 292 -374  0
3823500 2818500 10  5  1  11.7 1008 230  2.5 0  7.5  85    0    0 293 -371  0
3823500 2818500 10  5  2  11.3 1007 222  2.1 0  7.4  87    0    0 288 -369  0
3823500 2818500 10  5  3  11.5 1007 235  2.7 1  7.4  87    0    0 292 -368  0
3823500 2818500 10  5  4  11.8 1007 228  2.8 3  7.5  87    0    0 305 -367  0
3823500 2818500 10  5  5  11.6 1007 224  2.4 4  7.7  89    0    0 318 -370  0
3823500 2818500 10  5  6  11.6 1006 234  2.0 4  7.9  92    0    0 322 -375  0
3823500 2818500 10  5  7  11.7 1006 242  1.9 5  8.2  95    0    0 328 -377  0
3823500 2818500 10  5  8  11.8 1006 222  2.2 7  8.4  97    8   41 341 -379  0
3823500 2818500 10  5  9  11.9 1007 234  2.4 7  8.5  97   12   93 350 -382  0
3823500 2818500 10  5 10  12.1 1007 225  3.0 7  8.6  97    6  128 351 -388  0
3823500 2818500 10  5 11  12.7 1007 223  3.3 7  8.8  97    0  132 351 -399  0
3823500 2818500 10  5 12  13.3 1007 222  3.1 7  8.8  94    0  126 352 -410  0
3823500 2818500 10  5 13  13.8 1007 215  2.7 8  8.8  90    0   98 358 -418  0
3823500 2818500 10  5 14  14.2 1007 224  3.1 8  8.8  88    0   84 362 -426  0
3823500 2818500 10  5 15  14.7 1007 216  2.9 7  8.9  86    0  112 357 -430  0
3823500 2818500 10  5 16  15.0 1006 222  2.4 7  8.9  83    8   97 354 -428  0
3823500 2818500 10  5 17  15.1 1006 214  1.7 7  8.7  81   10   56 352 -421  0
3823500 2818500 10  5 18  14.9 1006 235  1.8 8  8.4  78    6   12 354 -409  0
3823500 2818500 10  5 19  14.6 1006 211  1.5 8  8.1  77    0    0 355 -397  0
3823500 2818500 10  5 20  14.3 1006 203  1.4 8  8.0  77    0    0 352 -388  0
3823500 2818500 10  5 21  14.2 1005 181  1.2 8  7.9  77    0    0 349 -383  0
3823500 2818500 10  5 22  13.6 1005 176  0.8 7  7.8  78    0    0 342 -379  0
3823500 2818500 10  5 23  13.4 1005 171  1.2 7  7.8  80    0    0 337 -377  0
3823500 2818500 10  5 24  12.8 1005 170  1.0 8  7.9  83    0    0 339 -374  0
3823500 2818500 10  6  1  12.4 1005 175  0.8 8  7.8  85    0    0 339 -372  0
3823500 2818500 10  6  2  11.9 1004 172  0.4 8  7.7  86    0    0 336 -369  0
3823500 2818500 10  6  3  11.7 1004 167  0.3 6  7.7  88    0    0 328 -367  0
3823500 2818500 10  6  4  11.2 1004 155  0.3 5  7.6  90    0    0 316 -365  0
3823500 2818500 10  6  5   9.6 1003 134  0.1 5  7.3  91    0    0 309 -363  0
3823500 2818500 10  6  6   9.0 1002 153  0.1 2  6.9  93    0    0 293 -361  0
3823500 2818500 10  6  7   8.7 1002 147  0.1 2  6.8  94    0    0 281 -359  0
3823500 2818500 10  6  8   9.3 1001 145  0.1 2  7.0  96   14   54 281 -359  0
3823500 2818500 10  6  9  11.7 1001 141  0.3 3  7.5  93   40  123 289 -364  0
3823500 2818500 10  6 10  13.7 1001 144  0.4 4  7.9  85  172  161 303 -377  0
3823500 2818500 10  6 11  15.8 1000 139  1.0 4  8.2  77  238  191 314 -396  0
3823500 2818500 10  6 12  16.8 1000 119  1.7 5  8.2  70  303  194 323 -416  0
3823500 2818500 10  6 13  19.2  999 131  1.7 5  8.1  62  336  187 333 -434  0
3823500 2818500 10  6 14  19.7  999 140  1.7 5  8.2  57  313  174 340 -445  0
3823500 2818500 10  6 15  20.6  998 167  1.9 4  8.3  55  272  139 341 -450  0
3823500 2818500 10  6 16  21.3  998 169  1.3 4  8.4  54  198  107 343 -449  0
3823500 2818500 10  6 17  21.0  997 159  0.5 4  8.6  54   97   71 347 -443  0
3823500 2818500 10  6 18  18.5  996 156  0.6 5  8.7  60   14   20 349 -435  0
3823500 2818500 10  6 19  16.2  995 154  0.1 4  8.7  69    0    0 344 -428  0
3823500 2818500 10  6 20  16.2  995 153  0.1 4  8.7  74    0    0 340 -422  0
3823500 2818500 10  6 21  16.8  995 160  1.7 5  8.8  74    0    0 347 -420  0
3823500 2818500 10  6 22  16.0  994 164  0.3 4  9.1  76    0    0 349 -420  0
3823500 2818500 10  6 23  15.7  994 166  0.2 4  9.2  80    0    0 346 -420  0
3823500 2818500 10  6 24  15.1  993 165  0.1 5  9.2  83    0    0 349 -419  0
3823500 2818500 10  7  1  15.5  993 154  1.0 4  9.2  83    0    0 348 -415  0
3823500 2818500 10  7  2  15.5  992 179  1.5 6  9.4  83    0    0 352 -412  0
3823500 2818500 10  7  3  15.9  992 162  2.7 6  9.5  83    0    0 359 -412  0
3823500 2818500 10  7  4  15.9  991 219  1.5 7  9.8  85    0    0 363 -410  0
3823500 2818500 10  7  5  15.8  991 187  0.6 8 10.5  91    0    0 372 -408  0
3823500 2818500 10  7  6  15.5  991 169  1.7 8 10.8  95    0    0 377 -408  0
3823500 2818500 10  7  7  15.9  991 189  2.9 8 10.9  96    0    0 377 -408  0
3823500 2818500 10  7  8  15.9  990 191  2.6 7 11.2  96    7   44 375 -408  0
3823500 2818500 10  7  9  16.3  990 193  2.8 6 11.2  96   15  101 367 -409  0
3823500 2818500 10  7 10  17.2  992 194  3.2 6 11.2  91   24  150 365 -412  0
3823500 2818500 10  7 11  18.1  992 200  4.3 6 11.1  86   43  183 368 -418  0
3823500 2818500 10  7 12  18.8  992 217  5.3 8 11.0  81    1  154 378 -425  0
3823500 2818500 10  7 13  19.3  991 211  4.6 8 10.8  77    0  137 388 -427  0
3823500 2818500 10  7 14  19.7  991 203  5.1 5 10.8  74  187  163 374 -425  0
3823500 2818500 10  7 15  19.8  991 206  5.0 8 10.4  70   41  153 373 -421  0
3823500 2818500 10  7 16  19.6  991 213  5.6 8  9.6  66    2   91 385 -415  0
3823500 2818500 10  7 17  18.0  991 229  4.7 8  8.9  64    0   34 380 -412  0
3823500 2818500 10  7 18  14.2  991 250  5.2 7  8.7  74    0    6 364 -407  0
3823500 2818500 10  7 19  13.2  992 218  1.8 6  8.6  86    0    0 344 -403  0
3823500 2818500 10  7 20  12.3  993 205  1.6 3  8.3  88    0    0 318 -399  0
3823500 2818500 10  7 21  12.5  994 242  1.9 1  8.0  87    0    0 291 -397  0
3823500 2818500 10  7 22  12.5  995 229  1.0 2  7.7  83    0    0 289 -395  0
3823500 2818500 10  7 23  12.4  996 221  2.2 2  7.5  82    0    0 294 -391  0
3823500 2818500 10  7 24  12.1  997 219  2.5 1  7.4  81    0    0 289 -386  0
3823500 2818500 10  8  1  12.1  997 221  2.8 2  7.4  82    0    0 286 -383  0
3823500 2818500 10  8  2  12.1  998 219  2.2 3  7.4  83    0    0 292 -380  0
3823500 2818500 10  8  3  11.6  998 202  2.0 5  7.3  84    0    0 301 -377  0
3823500 2818500 10  8  4  12.4  999 201  2.6 7  7.4  83    0    0 316 -375  0
3823500 2818500 10  8  5  14.2  999 199  2.5 7  7.4  77    0    0 330 -374  0
3823500 2818500 10  8  6  14.3  998 193  2.5 7  7.5  73    0    0 336 -372  0
3823500 2818500 10  8  7  11.9  998 192  2.5 4  7.9  82    0    0 321 -370  0
3823500 2818500 10  8  8  13.4  998 191  2.5 5  8.1  87    9   50 312 -370  0
3823500 2818500 10  8  9  14.2  998 202  2.7 5  8.0  80   63  127 321 -375  0
3823500 2818500 10  8 10  14.6  998 198  4.0 6  7.8  75   12  155 327 -385  0
3823500 2818500 10  8 11  13.4  998 188  3.1 7  8.1  80    0  127 336 -391  0
3823500 2818500 10  8 12  13.2  998 183  3.1 7  8.9  92    0  105 341 -390  0
3823500 2818500 10  8 13  14.3  998 196  3.2 8  9.7  96    0  101 350 -389  0
3823500 2818500 10  8 14  15.1  997 204  4.0 7 10.2  96    0  126 358 -391  0
3823500 2818500 10  8 15  15.4  997 201  3.8 7 10.6  96    4  137 358 -395  0
3823500 2818500 10  8 16  16.1  997 202  3.7 8 10.8  94    3   96 367 -400  0
3823500 2818500 10  8 17  16.5  996 201  3.3 6 10.7  91    9   67 365 -404  0
3823500 2818500 10  8 18  16.0  996 202  4.2 8 10.6  90    8   18 369 -408  0
3823500 2818500 10  8 19  15.7  995 199  3.6 8 10.4  90    0    0 382 -410  0
3823500 2818500 10  8 20  15.3  995 188  4.5 7 10.3  92    0    0 375 -410  0
3823500 2818500 10  8 21  15.2  993 190  6.1 8 10.3  93    0    0 376 -408  0
3823500 2818500 10  8 22  15.0  992 197  6.1 8 10.5  96    0    0 382 -405  0
3823500 2818500 10  8 23  15.4  991 206  5.8 8 10.8  98    0    0 384 -403  0
3823500 2818500 10  8 24  15.9  991 211  6.0 8 11.1  97    0    0 386 -401  0
3823500 2818500 10  9  1  16.7  990 224  5.8 7 11.5  96    0    0 385 -401  0
3823500 2818500 10  9  2  17.3  992 234  5.1 7 11.8  95    0    0 384 -403  0
3823500 2818500 10  9  3  17.2  992 244  3.6 7 11.8  93    0    0 385 -404  0
3823500 2818500 10  9  4  16.9  992 230  3.0 8 11.9  95    0    0 388 -404  0
3823500 2818500 10  9  5  16.8  992 221  3.4 8 12.1  98    0    0 392 -404  0
3823500 2818500 10  9  6  16.7  992 224  4.9 8 12.2  99    0    0 391 -404  0
3823500 2818500 10  9  7  16.6  992 220  4.6 8 12.1  99    0    0 392 -404  0
3823500 2818500 10  9  8  16.6  991 216  5.0 8 12.0  99    0   33 393 -404  0
3823500 2818500 10  9  9  17.1  991 217  5.7 6 11.9  97    0   59 381 -406  0
3823500 2818500 10  9 10  18.6  991 233  6.4 7 12.1  92    1  116 381 -410  0
3823500 2818500 10  9 11  19.1  992 241  7.2 7 12.0  86   19  168 392 -416  0
3823500 2818500 10  9 12  18.9  992 249  8.6 7 10.7  76   43  194 391 -421  0
3823500 2818500 10  9 13  18.8  993 254  6.8 5  9.7  70   32  184 380 -424  0
3823500 2818500 10  9 14  18.6  993 242  6.6 6  9.5  69    9  154 373 -423  0
3823500 2818500 10  9 15  18.7  993 234  7.5 6  9.4  68   20  142 375 -423  0
3823500 2818500 10  9 16  18.2  994 264  7.4 6  9.6  71   51   99 373 -423  0
3823500 2818500 10  9 17  17.6  994 260  7.6 8  9.7  74    0   39 377 -421  0
3823500 2818500 10  9 18  17.3  994 251  4.5 7  9.7  76    8   11 376 -416  0
3823500 2818500 10  9 19  17.1  994 255  7.4 7  9.6  77    0    0 369 -412  0
3823500 2818500 10  9 20  16.7  995 244  5.0 8  9.7  78    0    0 372 -410  0
3823500 2818500 10  9 21  16.3  995 249  4.0 8  9.7  81    0    0 376 -409  0
3823500 2818500 10  9 22  15.8  996 251  5.0 7  9.7  84    0    0 372 -410  0
3823500 2818500 10  9 23  15.1  996 229  3.8 7  9.6  86    0    0 365 -409  0
3823500 2818500 10  9 24  15.1  996 233  3.2 8  9.5  87    0    0 369 -408  0
3823500 2818500 10 10  1  15.2  996 230  3.2 8  9.5  86    0    0 375 -406  0
3823500 2818500 10 10  2  15.6  995 223  3.2 8  9.6  86    0    0 376 -406  0
3823500 2818500 10 10  3  15.1  994 220  4.2 7 10.0  90    0    0 373 -405  0
3823500 2818500 10 10  4  15.2  993 222  4.1 8 10.3  93    0    0 373 -404  0
3823500 2818500 10 10  5  15.2  992 225  3.7 8 10.3  93    0    0 380 -403  0
3823500 2818500 10 10  6  15.0  990 221  4.7 8 10.3  94    0    0 381 -402  0
3823500 2818500 10 10  7  14.8  989 228  4.7 8 10.2  94    0    0 382 -402  0
3823500 2818500 10 10  8  14.8  988 232  3.8 8 10.1  93    0   20 383 -402  0
3823500 2818500 10 10  9  15.0  988 239  5.7 8 10.0  92    0   36 384 -402  0
3823500 2818500 10 10 10  15.4  987 249  5.2 7  9.9  89    8  134 380 -402  0
3823500 2818500 10 10 11  16.2  987 279  8.5 3  8.7  76  192  156 355 -404  0
3823500 2818500 10 10 12  14.6  987 282  8.6 2  7.4  66  300  134 323 -410  0
3823500 2818500 10 10 13  15.1  988 269  8.4 3  6.8  63  175  186 321 -417  0
3823500 2818500 10 10 14  14.8  988 266  7.2 4  6.6  61  114  174 332 -421  0
3823500 2818500 10 10 15  14.8  989 269  6.1 6  6.6  61   64  146 346 -418  0
3823500 2818500 10 10 16  13.6  989 289  6.4 6  6.8  66    4   91 351 -411  0
3823500 2818500 10 10 17  13.0  989 276  5.1 5  6.8  70   25   56 342 -403  0
3823500 2818500 10 10 18  11.4  989 269  5.6 6  6.7  74    3   12 336 -394  0
3823500 2818500 10 10 19  10.8  989 269  4.0 7  6.9  82    0    0 337 -386  0
3823500 2818500 10 10 20   9.4  990 263  3.7 7  7.0  89    0    0 335 -382  0
3823500 2818500 10 10 21   9.5  991 248  3.7 7  7.0  92    0    0 330 -381  0
3823500 2818500 10 10 22   9.8  991 256  4.5 6  7.0  92    0    0 326 -378  0
3823500 2818500 10 10 23   9.8  991 260  4.4 5  7.0  90    0    0 318 -374  0
3823500 2818500 10 10 24  10.0  992 261  5.0 5  7.0  90    0    0 312 -372  0
3823500 2818500 10 11  1  10.4  992 256  4.5 5  7.0  89    0    0 312 -372  0
3823500 2818500 10 11  2  10.2  992 254  4.0 5  7.0  88    0    0 311 -372  0
3823500 2818500 10 11  3  10.4  992 253  4.1 5  7.1  89    0    0 312 -373  0
3823500 2818500 10 11  4  10.3  993 257  3.9 5  7.3  91    0    0 312 -373  0
3823500 2818500 10 11  5  10.2  993 263  3.6 5  7.3  92    0    0 312 -371  0
3823500 2818500 10 11  6  10.0  993 257  3.5 5  7.2  91    0    0 308 -369  0
3823500 2818500 10 11  7   9.9  993 264  3.7 4  7.0  90    0    0 297 -367  0
3823500 2818500 10 11  8  10.4  993 253  3.8 4  7.0  89    2   38 290 -364  0
3823500 2818500 10 11  9  11.5  993 249  4.5 3  7.2  87   70  105 287 -366  0
3823500 2818500 10 11 10  12.4  994 256  4.5 4  7.3  82  113  158 292 -371  0
3823500 2818500 10 11 11  12.3  994 261  5.0 4  7.1  78   96  200 301 -380  0
3823500 2818500 10 11 12  13.3  994 263  5.6 3  7.1  75  178  212 302 -389  0
3823500 2818500 10 11 13  12.4  994 254  6.1 4  6.9  73   61  208 308 -391  0
3823500 2818500 10 11 14  11.6  993 259  3.6 7  6.8  76    1  134 326 -392  0
3823500 2818500 10 11 15  11.9  993 270  2.8 7  6.7  77    8  135 340 -392  0
3823500 2818500 10 11 16  11.9  992 274  2.7 5  6.8  76   68  115 335 -387  0
3823500 2818500 10 11 17  11.3  992 253  2.4 5  6.9  79   32   60 325 -385  0
3823500 2818500 10 11 18  10.9  991 266  2.9 8  6.7  80    0    9 336 -383  0
3823500 2818500 10 11 19  10.0  991 246  1.8 8  6.7  83    0    0 349 -380  0
3823500 2818500 10 11 20   9.7  990 260  1.4 8  6.8  88    0    0 350 -377  0
3823500 2818500 10 11 21   9.3  990 245  1.0 8  6.9  91    0    0 349 -375  0
3823500 2818500 10 11 22   9.5  989 222  1.2 8  7.0  92    0    0 349 -372  0
3823500 2818500 10 11 23   9.3  989 239  1.6 8  7.2  95    0    0 348 -370  0
3823500 2818500 10 11 24   9.3  988 244  1.4 8  7.2  97    0    0 347 -367  0
3823500 2818500 10 12  1   8.9  987 285  0.4 8  7.3  98    0    0 344 -362  0
3823500 2818500 10 12  2   8.5  987 305  0.1 5  7.2 100    0    0 327 -356  0
3823500 2818500 10 12  3   7.5  987 310  0.8 4  6.8 100    0    0 302 -351  0
3823500 2818500 10 12  4   6.3  987 310  0.8 4  6.4 100    0    0 291 -348  0
3823500 2818500 10 12  5   6.0  987 298  0.7 4  6.0 100    0    0 287 -347  0
3823500 2818500 10 12  6   5.9  988 295  0.4 3  6.0 100    0    0 279 -350  0
3823500 2818500 10 12  7   5.9  988 280  0.6 3  5.8  98    0    0 272 -354  0
3823500 2818500 10 12  8   6.8  989 299  0.8 4  5.9  97   10   39 279 -355  0
3823500 2818500 10 12  9   8.7  990 308  0.8 4  6.5  97   89   86 289 -358  0
3823500 2818500 10 12 10  10.9  991 317  1.6 4  7.2  92  158  123 297 -364  0
3823500 2818500 10 12 11  12.8  992 337  2.3 2  7.4  84  310   94 293 -373  0
3823500 2818500 10 12 12  12.9  993 336  3.6 3  7.3  77  201  178 290 -379  0
3823500 2818500 10 12 13  12.4  994 335  3.1 4  7.0  75   81  196 297 -384  0
3823500 2818500 10 12 14  12.1  994 318  4.2 4  6.5  72   61  178 301 -385  0
3823500 2818500 10 12 15  12.1  995 320  5.0 4  5.8  65  120  144 300 -384  0
3823500 2818500 10 12 16  11.6  995 335  4.8 3  5.2  59   98   97 293 -383  0
3823500 2818500 10 12 17  10.4  996 321  4.3 3  5.2  62   46   52 285 -380  0
3823500 2818500 10 12 18   9.5  997 305  4.0 3  5.4  69    4   12 282 -375  0
3823500 2818500 10 12 19   8.4  998 301  1.3 3  5.5  76    0    0 277 -371  0
3823500 2818500 10 12 20   8.1  999 283  1.9 3  5.6  80    0    0 273 -368  0
3823500 2818500 10 12 21   8.1 1000 281  2.0 5  5.6  82    0    0 282 -366  0
3823500 2818500 10 12 22   8.3 1000 286  1.5 6  5.7  83    0    0 297 -364  0
3823500 2818500 10 12 23   7.9 1000 285  0.0 6  5.8  84    0    0 300 -363  0
3823500 2818500 10 12 24   8.0 1001 269  1.1 7  5.8  86    0    0 304 -362  0
3823500 2818500 10 13  1   8.1 1001 258  3.0 7  5.9  87    0    0 310 -362  0
3823500 2818500 10 13  2   8.2 1001 283  2.3 8  6.0  87    0    0 315 -361  0
3823500 2818500 10 13  3   7.6 1001 257  0.9 7  6.0  89    0    0 314 -359  0
3823500 2818500 10 13  4   7.2 1001 235  1.8 6  5.9  91    0    0 302 -358  0
3823500 2818500 10 13  5   6.8 1001 235  1.1 5  5.8  92    0    0 288 -358  0
3823500 2818500 10 13  6   6.5 1001 251  0.8 4  5.7  92    0    0 274 -358  0
3823500 2818500 10 13  7   7.3 1001 265  1.8 6  5.7  91    0    0 280 -357  0
3823500 2818500 10 13  8   7.6 1000 255  2.7 6  5.8  89    3   33 294 -357  0
3823500 2818500 10 13  9   8.1 1000 259  2.8 6  6.0  89   27   97 295 -356  0
3823500 2818500 10 13 10   8.3 1000 254  4.2 8  6.2  90    4  123 310 -360  0
3823500 2818500 10 13 11   8.5 1000 246  3.8 8  6.3  90    0  101 322 -366  0
3823500 2818500 10 13 12   8.2 1000 236  3.7 6  6.2  90   10  173 310 -374  0
3823500 2818500 10 13 13   7.2 1000 319  3.7 7  5.9  90    0   90 303 -380  0
3823500 2818500 10 13 14   7.6 1000 255  3.0 8  6.0  92    0   76 315 -380  0
3823500 2818500 10 13 15   9.5  999 286  3.8 5  6.3  89   96  142 308 -378  0
3823500 2818500 10 13 16   9.5  999 270  3.2 4  6.2  83   93   92 291 -376  0
3823500 2818500 10 13 17   8.8 1000 286  3.5 6  5.9  81   44   46 293 -372  0
3823500 2818500 10 13 18   7.7 1000 293  4.9 6  5.7  82    1   10 297 -367  0
3823500 2818500 10 13 19   6.5 1000 291  2.7 4  5.5  87    0    0 283 -361  0
3823500 2818500 10 13 20   6.4 1001 297  3.0 3  5.5  90    0    0 268 -358  0
3823500 2818500 10 13 21   6.5 1002 310  2.9 2  5.5  90    0    0 260 -355  0
3823500 2818500 10 13 22   6.1 1002 299  0.8 3  5.4  90    0    0 260 -353  0
3823500 2818500 10 13 23   6.3 1003 301  0.9 3  5.4  91    0    0 264 -352  0
3823500 2818500 10 13 24   6.0 1004 302  1.1 2  5.5  92    0    0 261 -350  0
3823500 2818500 10 14  1   6.0 1004 302  1.7 3  5.5  94    0    0 261 -350  0
3823500 2818500 10 14  2   6.9 1005 306  2.9 5  5.6  93    0    0 277 -348  0
3823500 2818500 10 14  3   6.9 1006 315  2.8 7  5.8  93    0    0 296 -345  0
3823500 2818500 10 14  4   6.9 1006 312  2.2 7  5.9  94    0    0 306 -345  0
3823500 2818500 10 14  5   6.5 1006 315  2.2 6  5.9  95    0    0 302 -347  0
3823500 2818500 10 14  6   6.4 1007 299  1.1 6  5.8  96    0    0 297 -348  0
3823500 2818500 10 14  7   6.0 1007 285  1.4 4  5.8  97    0    0 285 -347  0
3823500 2818500 10 14  8   6.3 1007 301  1.4 4  5.8  98    6   37 274 -343  0
3823500 2818500 10 14  9   7.6 1008 299  2.1 4  5.8  93   44  111 276 -342  0
3823500 2818500 10 14 10   8.4 1009 307  2.4 6  5.9  88   19  156 288 -349  0
3823500 2818500 10 14 11   9.0 1009 319  2.7 6  6.0  85   34  199 299 -360  0
3823500 2818500 10 14 12  10.4 1009 305  2.8 6  5.9  78   78  233 302 -366  0
3823500 2818500 10 14 13  11.1 1009 310  3.0 4  5.8  72  158  239 298 -368  0
3823500 2818500 10 14 14  10.3 1009 304  3.0 3  5.7  71  162  216 288 -370  0
3823500 2818500 10 14 15  10.3 1009 296  2.4 4  5.5  71   51  169 287 -373  0
3823500 2818500 10 14 16  11.0 1009 283  2.0 4  5.5  68   73  121 292 -373  0
3823500 2818500 10 14 17  10.3 1008 294  1.9 6  5.4  68   26   58 298 -370  0
3823500 2818500 10 14 18   8.4 1008 301  0.9 6  5.4  73    2   11 302 -365  0
3823500 2818500 10 14 19   7.1 1008 269  1.0 7  5.3  81    0    0 302 -362  0
3823500 2818500 10 14 20   7.9 1008 271  2.3 7  5.5  82    0    0 310 -360  0
3823500 2818500 10 14 21   7.9 1008 265  2.6 8  5.6  84    0    0 317 -357  0
3823500 2818500 10 14 22   8.0 1008 263  2.7 8  5.7  86    0    0 313 -355  0
3823500 2818500 10 14 23   8.0 1008 226  2.1 7  5.9  88    0    0 315 -354  0
3823500 2818500 10 14 24   8.0 1008 179  1.5 6  6.0  89    0    0 321 -353  0
3823500 2818500 10 15  1   7.9 1021 131  0.9 4  6.1  91    0    0 257 -348  0
3823500 2818500 10 15  2   7.9 1021 100  0.4 3  6.1  92    0    0 252 -345  0
3823500 2818500 10 15  3   7.9 1021  86  0.1 2  6.1  92    0    0 253 -343  0
3823500 2818500 10 15  4   7.9 1021  94  0.1 2  6.2  93    0    0 263 -341  0
3823500 2818500 10 15  5   7.9 1021  78  0.1 3  6.2  93    0    0 271 -340  0
3823500 2818500 10 15  6   7.6 1021  56  0.1 2  6.3  94    0    0 267 -339  0
3823500 2818500 10 15  7   7.1 1021  37  0.1 6  6.0  95    0    0 277 -338  0
3823500 2818500 10 15  8   7.7 1021  55  0.1 4  6.0  94   10   32 286 -337  0
3823500 2818500 10 15  9   9.0 1021  79  0.1 3  6.4  95   68   89 278 -340  0
3823500 2818500 10 15 10  12.8 1022  80  0.1 1  7.4  91  189  103 274 -350  0
3823500 2818500 10 15 11  14.7 1022  88  1.0 1  8.1  83  281  111 276 -363  0
3823500 2818500 10 15 12  15.3 1022  63  1.9 1  8.0  76  340  112 282 -377  0
3823500 2818500 10 15 13  17.0 1022  86  2.0 0  7.8  68  357  112 283 -389  0
3823500 2818500 10 15 14  17.8 1021  91  1.6 1  7.6  62  333  102 288 -396  0
3823500 2818500 10 15 15  17.6 1021  72  1.5 1  7.6  60  276   84 294 -400  0
3823500 2818500 10 15 16  17.1 1021  73  1.4 0  7.7  63  176   69 292 -398  0
3823500 2818500 10 15 17  15.4 1020  54  2.3 0  7.7  68   69   44 286 -392  0
3823500 2818500 10 15 18  13.4 1020  55  1.4 2  7.7  75    5    9 286 -382  0
3823500 2818500 10 15 19  12.2 1020  72  1.3 1  7.5  82    0    0 282 -372  0
3823500 2818500 10 15 20  11.3 1021  68  1.4 0  7.3  85    0    0 275 -365  0
3823500 2818500 10 15 21  10.8 1021  80  0.8 1  6.6  82    0    0 271 -360  0
3823500 2818500 10 15 22  11.0 1021  86  1.3 1  6.2  77    0    0 271 -356  0
3823500 2818500 10 15 23  10.6 1021  92  0.7 0  6.1  77    0    0 267 -353  0
3823500 2818500 10 15 24   9.7 1021  87  1.1 0  6.1  79    0    0 262 -350  0
3823500 2818500 10 16  1   9.0 1021  85  0.6 0  6.0  82    0    0 259 -348  0
3823500 2818500 10 16  2   8.6 1021  91  0.7 0  5.9  84    0    0 256 -345  0
3823500 2818500 10 16  3   7.9 1021  70  0.5 0  5.8  86    0    0 253 -343  0
3823500 2818500 10 16  4   7.0 1021  88  0.3 0  5.6  88    0    0 251 -342  0
3823500 2818500 10 16  5   6.7 1020  84  0.3 1  5.5  90    0    0 251 -340  0
3823500 2818500 10 16  6   6.8 1020  81  0.3 1  5.4  89    0    0 252 -339  0
3823500 2818500 10 16  7   6.8 1020  78  1.0 1  5.3  87    0    0 252 -338  0
3823500 2818500 10 16  8   7.4 1020  76  0.7 1  5.3  85   13   27 252 -337  0
3823500 2818500 10 16  9   8.8 1021  94  1.2 0  5.4  82  107   60 249 -340  0
3823500 2818500 10 16 10  11.1 1021  87  2.0 0  5.6  74  229   65 249 -348  0
3823500 2818500 10 16 11  12.6 1020  96  3.2 0  5.4  64  312   73 253 -361  0
3823500 2818500 10 16 12  13.9 1020  96  3.3 0  5.1  54  365   77 256 -374  0
3823500 2818500 10 16 13  14.9 1019  92  3.9 0  4.6  45  358   78 258 -385  0
3823500 2818500 10 16 14  15.1 1019  95  3.5 0  4.4  42  333   70 260 -393  0
3823500 2818500 10 16 15  15.5 1018  91  3.1 0  4.6  43  280   64 262 -395  0
3823500 2818500 10 16 16  14.7 1018  80  3.0 0  4.6  44  192   43 263 -391  0
3823500 2818500 10 16 17  13.0 1018  85  2.8 0  4.7  48   77   33 260 -383  0
3823500 2818500 10 16 18  11.1 1018  81  2.2 0  4.7  54    6    7 256 -373  0
3823500 2818500 10 16 19  10.3 1018  84  2.3 0  4.7  59    0    0 252 -364  0
3823500 2818500 10 16 20   9.9 1019  94  1.7 0  4.9  64    0    0 251 -358  0
3823500 2818500 10 16 21   9.3 1019  92  1.2 0  5.0  67    0    0 250 -354  0
3823500 2818500 10 16 22   8.8 1019  95  1.3 0  5.0  70    0    0 249 -350  0
3823500 2818500 10 16 23   8.5 1019  95  1.1 0  5.0  72    0    0 247 -347  0
3823500 2818500 10 16 24   7.8 1019 103  0.8 0  4.9  74    0    0 246 -343  0
3823500 2818500 10 17  1   7.5 1019  89  1.2 1  4.9  75    0    0 247 -340  0
3823500 2818500 10 17  2   6.8 1019  92  1.9 1  4.8  76    0    0 250 -338  0
3823500 2818500 10 17  3   6.4 1019  95  0.7 1  4.7  77    0    0 248 -336  0
3823500 2818500 10 17  4   5.9 1019  98  1.7 1  4.6  78    0    0 246 -335  0
3823500 2818500 10 17  5   5.7 1019  94  1.3 1  4.5  79    0    0 245 -334  0
3823500 2818500 10 17  6   5.5 1019  90  1.4 0  4.4  78    0    0 241 -333  0
3823500 2818500 10 17  7   4.9 1019  90  1.1 1  4.4  80    0    0 241 -332  0
3823500 2818500 10 17  8   5.7 1020  95  1.0 1  4.4  80   11   26 244 -332  0
3823500 2818500 10 17  9   7.7 1020  97  1.7 0  4.6  75  101   62 245 -335  0
3823500 2818500 10 17 10   9.8 1020 109  2.6 0  4.8  68  225   65 247 -343  0
3823500 2818500 10 17 11  11.3 1020 126  3.3 0  4.8  61  309   73 252 -355  0
3823500 2818500 10 17 12  12.6 1020 123  4.1 0  4.7  55  369   70 257 -368  0
3823500 2818500 10 17 13  13.6 1020 127  3.4 0  4.8  52  367   73 262 -379  0
3823500 2818500 10 17 14  14.0 1019 111  3.0 0  4.9  50  344   64 266 -385  0
3823500 2818500 10 17 15  14.3 1018 106  3.0 0  5.0  50  289   54 267 -385  0
3823500 2818500 10 17 16  13.6 1018 100  2.4 0  5.0  51  191   44 268 -382  0
3823500 2818500 10 17 17  12.5 1018  89  1.9 1  5.1  54   72   33 270 -377  0
3823500 2818500 10 17 18  10.8 1018  78  2.2 0  5.2  62    3    8 266 -368  0
3823500 2818500 10 17 19  10.0 1018  87  2.2 0  5.4  69    0    0 258 -361  0
3823500 2818500 10 17 20   9.8 1018  89  1.1 0  5.3  71    0    0 257 -356  0
3823500 2818500 10 17 21   9.5 1018  91  1.1 0  5.2  70    0    0 256 -353  0
3823500 2818500 10 17 22   9.2 1018  91  0.9 0  5.1  70    0    0 255 -350  0
3823500 2818500 10 17 23   8.5 1018  86  0.8 0  5.1  72    0    0 253 -347  0
3823500 2818500 10 17 24   8.1 1018  91  0.3 1  5.1  76    0    0 256 -345  0
3823500 2818500 10 18  1   7.7 1017  89  1.3 0  5.2  78    0    0 255 -343  0
3823500 2818500 10 18  2   6.9 1017  91  1.2 1  5.2  82    0    0 253 -341  0
3823500 2818500 10 18  3   6.3 1017  98  0.2 1  5.1  85    0    0 255 -339  0
3823500 2818500 10 18  4   6.7 1017  97  0.7 1  5.1  86    0    0 255 -338  0
3823500 2818500 10 18  5   5.6 1016  81  1.3 0  5.1  87    0    0 250 -337  0
3823500 2818500 10 18  6   6.2 1017  89  0.5 0  5.0  87    0    0 244 -336  0
3823500 2818500 10 18  7   6.2 1017 107  0.4 1  5.0  85    0    0 248 -335  0
3823500 2818500 10 18  8   6.8 1016  96  1.1 1  5.1  85    8   25 254 -334  0
3823500 2818500 10 18  9   8.4 1016  92  2.3 1  5.3  82   88   67 256 -336  0
3823500 2818500 10 18 10  10.0 1016 103  2.2 1  5.4  75  206   74 260 -344  0
3823500 2818500 10 18 11  11.2 1016 107  3.6 1  5.3  67  299   74 264 -356  0
3823500 2818500 10 18 12  12.2 1016 106  3.9 1  5.2  61  358   70 266 -368  0
3823500 2818500 10 18 13  13.3 1015 109  3.5 1  5.1  56  344   82 270 -378  0
3823500 2818500 10 18 14  13.2 1015 110  3.6 0  5.1  54  328   68 268 -384  0
3823500 2818500 10 18 15  13.2 1014 104  3.3 1  5.1  54  276   53 268 -386  0
3823500 2818500 10 18 16  12.9 1013 102  3.7 1  5.1  55  185   41 271 -383  0
3823500 2818500 10 18 17  11.9 1013 101  4.1 2  5.0  56   65   34 273 -377  0
3823500 2818500 10 18 18  10.9 1012 103  1.6 2  5.0  59    3    8 274 -369  0
3823500 2818500 10 18 19  10.3 1012 110  1.5 2  4.9  62    0    0 271 -361  0
3823500 2818500 10 18 20   9.6 1012 112  1.6 1  4.9  64    0    0 264 -356  0
3823500 2818500 10 18 21   8.9 1012 105  1.1 2  4.8  66    0    0 262 -353  0
3823500 2818500 10 18 22   8.2 1012 108  1.9 2  4.7  68    0    0 266 -350  0
3823500 2818500 10 18 23   7.6 1012 111  1.0 2  4.6  69    0    0 266 -347  0
3823500 2818500 10 18 24   7.2 1011 110  0.2 2  4.5  70    0    0 267 -344  0
3823500 2818500 10 19  1   6.7 1011 103  0.9 2  4.5  72    0    0 269 -341  0
3823500 2818500 10 19  2   6.3 1011 107  0.7 2  4.4  73    0    0 271 -338  0
3823500 2818500 10 19  3   6.3 1010 107  0.4 3  4.4  73    0    0 276 -336  0
3823500 2818500 10 19  4   6.0 1009  96  0.2 4  4.3  74    0    0 281 -335  0
3823500 2818500 10 19  5   5.7 1009 102  0.2 5  4.3  75    0    0 286 -335  0
3823500 2818500 10 19  6   5.5 1008  97  0.5 5  4.3  76    0    0 288 -334  0
3823500 2818500 10 19  7   5.4 1008 118  0.7 6  4.3  77    0    0 290 -335  0
3823500 2818500 10 19  8   6.0 1007 104  0.9 6  4.3  76    2   22 293 -337  0
3823500 2818500 10 19  9   6.8 1007 126  1.5 6  4.4  74   25   81 295 -342  0
3823500 2818500 10 19 10   8.1 1007 125  0.9 6  4.6  71   51  130 299 -350  0
3823500 2818500 10 19 11  10.2 1007 133  1.7 7  4.7  64   89  160 306 -361  0
3823500 2818500 10 19 12  10.5 1007 146  1.4 7  4.8  61   54  180 312 -374  0
3823500 2818500 10 19 13  11.7 1006 143  1.1 8  5.0  61    0   93 317 -385  0
3823500 2818500 10 19 14  10.7 1006 160  1.0 8  5.3  64    0   50 320 -393  0
3823500 2818500 10 19 15   9.8 1006 157  0.9 7  6.0  76    1   94 316 -396  0
3823500 2818500 10 19 16   9.5 1006 145  1.5 8  6.7  89    0   57 316 -395  0
3823500 2818500 10 19 17   9.7 1006 144  0.8 7  7.0  94    0   21 317 -388  0
3823500 2818500 10 19 18   9.8 1006 154  0.6 6  7.2  94    0    2 313 -380  0
3823500 2818500 10 19 19   9.7 1005 163  1.1 6  7.2  95    0    0 311 -373  0
3823500 2818500 10 19 20   9.3 1006 165  0.6 5  7.1  95    0    0 308 -372  0
3823500 2818500 10 19 21   8.7 1005 155  0.5 5  6.9  96    0    0 305 -374  0
3823500 2818500 10 19 22   8.6 1005 152  1.0 5  6.8  97    0    0 303 -373  0
3823500 2818500 10 19 23   8.4 1005 162  0.9 6  6.8  97    0    0 305 -371  0
3823500 2818500 10 19 24   8.3 1005 151  0.7 7  6.7  97    0    0 309 -371  0
3823500 2818500 10 20  1   8.5 1005 165  0.8 6  6.8  99    0    0 311 -371  0
3823500 2818500 10 20  2   8.8 1004 153  0.9 6  7.0  99    0    0 311 -367  0
3823500 2818500 10 20  3   8.9 1004 151  1.7 6  7.0  98    0    0 311 -363  0
3823500 2818500 10 20  4   8.6 1003 152  1.6 7  6.9  97    0    0 314 -362  0
3823500 2818500 10 20  5   9.2 1002 163  2.3 8  7.0  97    0    0 321 -363  0
3823500 2818500 10 20  6   9.3 1002 181  2.1 8  7.1  97    0    0 329 -367  0
3823500 2818500 10 20  7   9.6 1001 166  2.3 8  7.2  97    0    0 332 -371  0
3823500 2818500 10 20  8  10.7 1001 173  3.0 8  7.6  97    0   19 336 -374  0
3823500 2818500 10 20  9  11.7 1001 177  3.7 7  8.1  96    7   69 338 -376  0
3823500 2818500 10 20 10  12.8 1001 179  2.9 6  8.5  94   35  133 332 -378  0
3823500 2818500 10 20 11  13.9 1001 206  4.1 5  8.7  90   55  170 325 -383  0
3823500 2818500 10 20 12  15.4 1001 226  4.6 4  8.4  80   79  192 317 -394  0
3823500 2818500 10 20 13  15.5 1001 221  4.7 3  7.7  70  143  190 305 -405  0
3823500 2818500 10 20 14  16.6 1001 226  5.0 2  7.4  64  223  136 293 -411  0
3823500 2818500 10 20 15  15.8 1001 224  3.7 3  7.1  61  133  129 292 -411  0
3823500 2818500 10 20 16  15.1 1001 222  3.0 6  6.9  62   13   82 316 -407  0
3823500 2818500 10 20 17  14.6 1001 218  2.4 7  6.8  64   18   38 339 -399  0
3823500 2818500 10 20 18  12.7 1001 219  1.8 5  6.7  68    0    5 328 -389  0
3823500 2818500 10 20 19  12.1 1001 206  1.0 5  6.5  72    0    0 309 -380  0
3823500 2818500 10 20 20  10.2 1002 191  1.2 5  6.4  77    0    0 302 -375  0
3823500 2818500 10 20 21   9.4 1002 212  1.1 4  6.2  82    0    0 288 -372  0
3823500 2818500 10 20 22   9.0 1002 193  0.7 4  6.2  84    0    0 277 -371  0
3823500 2818500 10 20 23   8.1 1002 191  0.5 4  6.0  86    0    0 271 -368  0
3823500 2818500 10 20 24   7.6 1002 188  0.1 6  5.8  87    0    0 280 -367  0
3823500 2818500 10 21  1   7.7 1002 175  0.4 6  5.8  88    0    0 292 -367  0
3823500 2818500 10 21  2   6.9 1002 136  0.3 6  5.7  89    0    0 288 -367  0
3823500 2818500 10 21  3   6.5 1001 140  0.5 7  5.7  92    0    0 293 -368  0
3823500 2818500 10 21  4   7.4 1001 126  0.2 7  5.9  94    0    0 304 -369  0
3823500 2818500 10 21  5   7.7 1000 136  0.1 8  6.1  93    0    0 316 -369  0
3823500 2818500 10 21  6   7.9  999 150  0.2 8  6.3  94    0    0 327 -369  0
3823500 2818500 10 21  7   8.3  999 143  0.4 7  6.5  95    0    0 322 -370  0
3823500 2818500 10 21  8   8.8  998 138  0.2 7  6.7  96    0    3 317 -371  0
3823500 2818500 10 21  9   9.7  997 159  0.6 6  7.1  96    5   82 312 -375  0
3823500 2818500 10 21 10  11.5  997 156  1.5 6  7.6  94    1   97 309 -379  0
3823500 2818500 10 21 11  12.1  996 170  1.3 6  8.2  93    0  101 314 -382  0
3823500 2818500 10 21 12  12.7  995 171  2.2 6  8.7  94    0  117 317 -385  0
3823500 2818500 10 21 13  14.0  995 175  2.6 7  9.2  94    0  110 332 -392  0
3823500 2818500 10 21 14  14.3  994 165  2.6 6  9.7  94    2  129 340 -401  0
3823500 2818500 10 21 15  14.7  993 170  2.5 7  9.9  94    0   93 345 -407  0
3823500 2818500 10 21 16  15.7  993 165  2.7 5 10.0  90   22  113 342 -406  0
3823500 2818500 10 21 17  15.7  992 214  1.0 7 10.0  88    6   43 346 -402  0
3823500 2818500 10 21 18  15.7  992 180  3.0 8  9.8  86    0    4 368 -396  0
3823500 2818500 10 21 19  15.6  992 181  3.8 7  9.6  84    0    0 367 -392  0
3823500 2818500 10 21 20  15.5  991 182  3.9 7  9.5  84    0    0 359 -391  0
3823500 2818500 10 21 21  15.3  991 188  2.4 8  9.4  84    0    0 365 -390  0
3823500 2818500 10 21 22  15.0  990 205  3.3 8  9.5  86    0    0 370 -390  0
3823500 2818500 10 21 23  14.5  990 211  3.0 8  9.6  89    0    0 367 -388  0
3823500 2818500 10 21 24  14.2  990 219  2.9 6  9.4  90    0    0 352 -387  0
3823500 2818500 10 22  1  12.8  990 217  2.7 7  9.0  91    0    0 341 -385  0
3823500 2818500 10 22  2  12.9  990 211  2.3 6  8.6  91    0    0 338 -380  0
3823500 2818500 10 22  3  12.4  990 203  2.4 7  8.5  91    0    0 337 -376  0
3823500 2818500 10 22  4  12.2  990 198  2.7 5  8.2  89    0    0 329 -374  0
3823500 2818500 10 22  5  12.0  990 206  3.3 4  7.7  86    0    0 310 -373  0
3823500 2818500 10 22  6  12.3  990 206  3.5 4  7.5  83    0    0 305 -372  0
3823500 2818500 10 22  7  12.3  990 210  3.5 4  7.6  83    0    0 305 -372  0
3823500 2818500 10 22  8  12.5  990 208  3.1 6  7.6  83    2   20 317 -373  0
3823500 2818500 10 22  9  12.5  991 210  3.4 6  7.7  83   11   72 327 -375  0
3823500 2818500 10 22 10  13.4  991 207  3.6 6  7.8  81   19  125 330 -380  0
3823500 2818500 10 22 11  14.4  991 212  3.5 4  7.9  78   70  169 324 -388  0
3823500 2818500 10 22 12  13.9  991 211  3.2 6  7.9  77   16  164 327 -396  0
3823500 2818500 10 22 13  13.4  992 214  3.8 7  8.0  80    0  100 342 -402  0
3823500 2818500 10 22 14  13.5  992 214  3.1 6  8.1  83    1  112 343 -404  0
3823500 2818500 10 22 15  13.1  992 219  2.3 6  8.3  85    0   84 337 -404  0
3823500 2818500 10 22 16  12.6  992 215  1.6 6  8.4  89    1   66 336 -401  0
3823500 2818500 10 22 17  12.6  992 200  1.0 7  8.4  90   16   33 339 -396  0
3823500 2818500 10 22 18  11.9  993 218  0.8 7  8.2  90    0    0 341 -391  0
3823500 2818500 10 22 19  11.9  993 213  1.3 5  8.1  91    0    0 330 -387  0
3823500 2818500 10 22 20  11.8  994 209  1.4 6  8.2  92    0    0 324 -384  0
3823500 2818500 10 22 21  12.0  994 207  1.2 7  8.2  92    0    0 335 -382  0
3823500 2818500 10 22 22  11.2  995 214  1.2 6  8.1  93    0    0 335 -381  0
3823500 2818500 10 22 23  11.2  995 211  1.2 5  7.9  93    0    0 324 -380  0
3823500 2818500 10 22 24  11.4  995 210  1.9 6  7.9  92    0    0 323 -379  0
3823500 2818500 10 23  1  11.7  995 163  1.1 8  8.1  93    0    0 340 -377  0
3823500 2818500 10 23  2  11.7  995 248  0.4 8  8.1  93    0    0 351 -376  0
3823500 2818500 10 23  3  11.8  995 174  0.7 7  8.1  93    0    0 345 -375  0
3823500 2818500 10 23  4  11.9  996 291  0.7 6  8.2  93    0    0 334 -375  0
3823500 2818500 10 23  5  12.0  996 210  0.6 7  8.3  94    0    0 335 -373  0
3823500 2818500 10 23  6  12.2  997 241  1.1 7  8.4  94    0    0 341 -371  0
3823500 2818500 10 23  7  12.1  997 246  1.9 8  8.5  94    0    0 349 -370  0
3823500 2818500 10 23  8  12.0  998 236  2.7 7  8.4  94    1   16 347 -370  0
3823500 2818500 10 23  9  12.5  999 230  2.9 6  8.3  92   22   66 332 -371  0
3823500 2818500 10 23 10  12.7  999 242  3.8 6  8.2  89   41  109 326 -372  0
3823500 2818500 10 23 11  12.8 1000 242  4.2 7  8.0  86    1  113 337 -376  0
3823500 2818500 10 23 12  13.1 1001 244  4.8 8  7.8  82    0   54 355 -382  0
3823500 2818500 10 23 13  12.3 1002 281  4.4 7  7.7  83    0  106 354 -388  0
3823500 2818500 10 23 14  12.8 1003 260  3.3 6  7.7  84   33  138 340 -392  0
3823500 2818500 10 23 15  12.3 1003 279  3.0 7  7.7  84    0   82 340 -392  0
3823500 2818500 10 23 16  11.6 1004 280  2.1 8  7.6  87    0   36 351 -387  0
3823500 2818500 10 23 17  10.8 1005 267  2.2 6  7.4  89    1   25 340 -379  0
3823500 2818500 10 23 18  10.2 1005 244  1.4 7  7.3  91    0    1 329 -370  0
3823500 2818500 10 23 19  10.2 1006 199  1.1 7  7.2  92    0    0 330 -364  0
3823500 2818500 10 23 20   9.6 1007 206  1.1 7  7.2  94    0    0 326 -363  0
3823500 2818500 10 23 21   9.8 1008 215  0.4 7  7.2  95    0    0 323 -363  0
3823500 2818500 10 23 22   9.4 1008 169  0.7 5  7.1  95    0    0 312 -363  0
3823500 2818500 10 23 23   9.1 1008 196  1.1 4  6.9  94    0    0 294 -364  0
3823500 2818500 10 23 24   9.1 1008 176  0.5 3  6.8  94    0    0 283 -365  0
3823500 2818500 10 24  1   8.8 1008 177  0.6 4  6.8  95    0    0 281 -366  0
3823500 2818500 10 24  2   9.5 1008 170  0.7 6  6.9  95    0    0 296 -367  0
3823500 2818500 10 24  3   9.5 1008 176  1.0 8  7.1  95    0    0 317 -365  0
3823500 2818500 10 24  4   9.9 1008 191  1.1 7  7.3  97    0    0 326 -364  0
3823500 2818500 10 24  5   9.9 1008 188  1.4 8  7.4  97    0    0 329 -365  0
3823500 2818500 10 24  6   9.9 1008 178  1.6 8  7.5  97    0    0 336 -366  0
3823500 2818500 10 24  7  10.2 1007 182  1.6 7  7.5  96    0    0 332 -366  0
3823500 2818500 10 24  8  10.5 1007 183  1.8 7  7.5  95    1   15 328 -366  0
3823500 2818500 10 24  9  11.1 1007 181  1.8 6  7.7  94    5   67 323 -367  0
3823500 2818500 10 24 10  11.4 1008 177  2.4 7  7.8  93    2   92 325 -369  0
3823500 2818500 10 24 11  11.7 1007 194  2.9 8  7.9  92    0   69 337 -372  0
3823500 2818500 10 24 12  11.7 1007 162  2.7 8  8.0  93    0   71 342 -375  0
3823500 2818500 10 24 13  11.6 1006 165  3.5 7  8.1  94    0   69 334 -376  0
3823500 2818500 10 24 14  11.6 1005 172  3.9 8  8.1  94    0   47 332 -375  0
3823500 2818500 10 24 15  11.9 1004 171  3.5 7  8.2  94    0   49 333 -374  0
3823500 2818500 10 24 16  12.4 1003 197  3.6 8  8.4  94    0   32 335 -373  0
3823500 2818500 10 24 17  12.8 1003 215  3.9 8  8.7  94    0   14 342 -371  0
3823500 2818500 10 24 18  13.1 1003 213  3.5 8  8.8  94    0    0 346 -370  0
3823500 2818500 10 24 19  13.4 1003 214  3.0 8  9.0  93    0    0 348 -370  0
3823500 2818500 10 24 20  13.7 1003 215  3.6 8  9.1  93    0    0 351 -371  0
3823500 2818500 10 24 21  14.0 1003 215  3.7 8  9.2  92    0    0 354 -371  0
3823500 2818500 10 24 22  14.4 1002 214  3.7 8  9.3  90    0    0 358 -372  0
3823500 2818500 10 24 23  14.2 1002 216  3.8 7  9.1  90    0    0 356 -373  0
3823500 2818500 10 24 24  13.8 1002 218  3.9 6  8.9  89    0    0 351 -373  0
3823500 2818500 10 25  1  13.2  974 221  4.3 5  8.5  88    0    0 352 -373  0
3823500 2818500 10 25  2  12.6  974 225  4.7 5  8.1  86    0    0 329 -374  0
3823500 2818500 10 25  3  11.9  973 229  5.0 5  7.7  85    0    0 312 -374  0
3823500 2818500 10 25  4  11.6  972 230  5.3 5  7.5  84    0    0 324 -372  0
3823500 2818500 10 25  5  11.3  971 230  5.7 6  7.5  86    0    0 334 -371  0
3823500 2818500 10 25  6  10.5  971 232  6.2 8  7.3  87    0    0 347 -369  0
3823500 2818500 10 25  7  10.9  971 236  6.8 8  7.4  89    0    0 356 -367  0
3823500 2818500 10 25  8  10.7  972 248  7.0 8  7.4  88    0    8 355 -365  0
3823500 2818500 10 25  9   9.9  974 253  7.4 8  7.3  90    0   40 352 -363  0
3823500 2818500 10 25 10   9.9  975 258  6.5 8  7.2  91    0   62 348 -362  0
3823500 2818500 10 25 11   9.8  977 262  7.8 8  7.1  90    0   47 347 -361  0
3823500 2818500 10 25 12   9.9  979 261  8.6 8  6.9  88    0   48 345 -361  0
3823500 2818500 10 25 13  10.7  980 263  6.4 8  6.8  84    0   64 343 -362  0
3823500 2818500 10 25 14  11.2  982 265  5.4 6  6.4  76    0  100 333 -362  0
3823500 2818500 10 25 15  10.9  983 258  5.7 7  6.1  72    0   51 325 -360  0
3823500 2818500 10 25 16  10.7  984 256  4.5 6  6.0  72    0   49 321 -360  0
3823500 2818500 10 25 17  10.2  985 258  3.6 6  5.9  72    7   38 313 -358  0
3823500 2818500 10 25 18   9.9  985 255  2.7 5  5.7  72    0    2 305 -354  0
3823500 2818500 10 25 19   9.0  986 253  2.4 5  5.5  73    0    0 297 -352  0
3823500 2818500 10 25 20   8.4  987 252  2.9 4  5.5  77    0    0 288 -352  0
3823500 2818500 10 25 21   8.5  988 248  3.2 2  5.5  78    0    0 273 -350  0
3823500 2818500 10 25 22   7.5  988 250  2.9 5  5.5  80    0    0 277 -349  0
3823500 2818500 10 25 23   6.6  989 276  3.1 5  5.5  86    0    0 290 -349  0
3823500 2818500 10 25 24   6.7  990 256  3.0 6  5.5  89    0    0 296 -348  0
3823500 2818500 10 26  1   6.6  990 263  2.6 7  5.5  89    0    0 307 -348  0
3823500 2818500 10 26  2   6.6  991 245  3.4 5  5.3  86    0    0 303 -346  0
3823500 2818500 10 26  3   6.8  992 242  3.1 5  5.1  82    0    0 295 -345  0
3823500 2818500 10 26  4   6.6  992 248  3.8 4  5.0  80    0    0 291 -344  0
3823500 2818500 10 26  5   6.3  993 253  3.7 3  4.9  79    0    0 280 -344  0
3823500 2818500 10 26  6   6.1  994 248  3.6 2  4.8  80    0    0 270 -344  0
3823500 2818500 10 26  7   6.0  995 246  3.4 2  4.8  81    0    0 265 -344  0
3823500 2818500 10 26  8   5.8  995 239  3.6 3  4.8  82    1   16 268 -345  0
3823500 2818500 10 26  9   6.8  996 240  3.4 4  4.9  81   16   61 276 -345  0
3823500 2818500 10 26 10   8.1  997 243  3.3 5  5.1  78   62   97 287 -347  0
3823500 2818500 10 26 11   8.3  997 227  3.5 7  5.2  76   41  127 299 -349  0
3823500 2818500 10 26 12   8.5  997 229  4.1 8  5.3  76    3  119 310 -353  0
3823500 2818500 10 26 13   7.3  997 239  4.0 7  5.4  81    0   80 310 -358  0
3823500 2818500 10 26 14   7.1  997 253  2.5 8  5.5  86    0   47 311 -360  0
3823500 2818500 10 26 15   6.9  997 235  2.9 6  5.6  88    3   84 309 -360  0
3823500 2818500 10 26 16   7.3  996 240  3.1 5  5.7  90   26   63 299 -358  0
3823500 2818500 10 26 17   6.2  997 264  3.4 7  5.5  89    9   22 301 -355  0
3823500 2818500 10 26 18   5.2  997 252  2.7 7  5.2  89    0    1 305 -351  0
3823500 2818500 10 26 19   5.3  997 268  2.1 7  5.1  92    0    0 303 -348  0
3823500 2818500 10 26 20   4.6  999 247  1.3 5  5.1  93    0    0 291 -347  0
3823500 2818500 10 26 21   5.0  999 242  2.1 3  5.1  93    0    0 271 -344  0
3823500 2818500 10 26 22   5.2 1000 241  1.8 2  5.1  92    0    0 258 -341  0
3823500 2818500 10 26 23   4.8 1001 243  1.7 2  5.0  92    0    0 252 -339  0
3823500 2818500 10 26 24   4.8 1001 243  2.2 1  5.0  92    0    0 247 -337  0
3823500 2818500 10 27  1   5.2 1002 238  1.7 4  5.0  92    0    0 255 -336  0
3823500 2818500 10 27  2   5.0 1003 237  2.9 5  5.1  92    0    0 274 -338  0
3823500 2818500 10 27  3   5.2 1003 237  3.0 2  5.0  91    0    0 263 -339  0
3823500 2818500 10 27  4   4.7 1003 218  2.7 1  4.9  90    0    0 243 -338  0
3823500 2818500 10 27  5   4.9 1003 216  3.4 1  4.9  91    0    0 238 -338  0
3823500 2818500 10 27  6   5.1 1003 217  3.4 3  5.0  92    0    0 249 -338  0
3823500 2818500 10 27  7   5.7 1002 204  3.4 5  5.2  92    0    0 269 -339  0
3823500 2818500 10 27  8   6.1 1001 217  4.3 8  5.3  91    0    1 294 -340  0
3823500 2818500 10 27  9   6.4 1000 198  4.3 7  5.4  90    0   25 307 -344  0
3823500 2818500 10 27 10   6.9  999 206  4.6 7  5.6  91    0   32 306 -349  0
3823500 2818500 10 27 11   8.3  998 211  4.6 8  6.1  92    0   32 319 -354  0
3823500 2818500 10 27 12  10.1  997 220  5.1 8  6.7  91    0   33 334 -358  0
3823500 2818500 10 27 13  11.4  996 233  6.6 7  7.3  90    0   49 336 -361  0
3823500 2818500 10 27 14  11.8  995 233  8.8 6  7.5  87    0   60 331 -364  0
3823500 2818500 10 27 15  12.2  995 229  7.7 7  7.5  84    0   53 334 -367  0
3823500 2818500 10 27 16  12.1  994 230  7.7 8  7.3  82    0   25 347 -368  0
3823500 2818500 10 27 17  11.9  994 229  6.6 8  7.3  82    0   11 351 -368  0
3823500 2818500 10 27 18  11.5  993 225  5.6 8  7.5  85    0    0 350 -368  0
3823500 2818500 10 27 19  11.9  992 231  6.1 8  7.6  87    0    0 352 -367  0
3823500 2818500 10 27 20  11.9  992 230  6.8 8  7.8  88    0    0 355 -367  0
3823500 2818500 10 27 21  12.2  991 230  7.8 8  7.9  88    0    0 358 -367  0
3823500 2818500 10 27 22  12.7  990 236  8.8 8  8.1  87    0    0 364 -367  0
3823500 2818500 10 27 23  12.9  990 230 10.3 8  8.3  88    0    0 368 -367  0
3823500 2818500 10 27 24  12.5  990 278  4.6 8  8.5  90    0    0 368 -368  0
3823500 2818500 10 28  1  12.0  989 275  2.7 7  8.2  90    0    0 357 -369  0
3823500 2818500 10 28  2  12.2  989 252  6.0 7  8.3  91    0    0 349 -369  0
3823500 2818500 10 28  3  13.0  987 272  7.9 7  8.6  92    0    0 350 -368  0
3823500 2818500 10 28  4  13.3  986 255 10.6 7  8.8  90    0    0 353 -366  0
3823500 2818500 10 28  5  13.4  984 262  8.7 8  8.8  89    0    0 365 -365  0
3823500 2818500 10 28  6  13.4  983 244  9.8 8  8.8  89    0    0 373 -369  0
3823500 2818500 10 28  7  13.7  982 259  8.6 8  8.9  89    0    0 373 -372  0
3823500 2818500 10 28  8  12.6  982 269  8.1 8  8.7  89    0    3 371 -371  0
3823500 2818500 10 28  9  12.0  983 285  5.9 7  8.2  88    0   27 358 -369  0
3823500 2818500 10 28 10  11.2  983 269  4.7 7  7.7  88    0   33 346 -369  0
3823500 2818500 10 28 11  10.9  983 274  4.9 7  7.4  87    0   46 342 -368  0
3823500 2818500 10 28 12  11.3  983 277  7.0 6  7.2  85    0   87 335 -366  0
3823500 2818500 10 28 13  11.8  984 275  8.2 7  6.7  76    0   77 334 -367  0
3823500 2818500 10 28 14  12.6  984 276  6.7 5  6.0  66   35  164 328 -367  0
3823500 2818500 10 28 15  12.4  985 279  6.5 5  5.6  60   32  133 315 -365  0
3823500 2818500 10 28 16  11.9  986 286  5.9 6  5.3  59    6   73 319 -362  0
3823500 2818500 10 28 17  11.1  987 265  4.4 7  5.2  60    0   19 326 -358  0
3823500 2818500 10 28 18  10.2  987 267  5.9 6  5.3  64    0    0 321 -353  0
3823500 2818500 10 28 19   9.7  988 252  3.4 5  5.3  68    0    0 306 -351  0
3823500 2818500 10 28 20   9.3  988 265  4.2 5  5.4  71    0    0 299 -349  0
3823500 2818500 10 28 21   9.1  989 271  3.9 5  5.4  73    0    0 299 -349  0
3823500 2818500 10 28 22   9.0  990 249  3.9 4  5.5  76    0    0 293 -349  0
3823500 2818500 10 28 23   9.5  990 249  4.6 4  5.7  76    0    0 287 -348  0
3823500 2818500 10 28 24  10.5  990 250  5.0 5  5.6  72    0    0 296 -348  0
3823500 2818500 10 29  1  10.7  990 250  5.7 7  5.6  68    0    0 316 -348  0
3823500 2818500 10 29  2  10.2  990 250  5.7 8  5.7  70    0    0 334 -349  0
3823500 2818500 10 29  3   9.5  990 252  4.5 7  5.7  74    0    0 334 -350  0
3823500 2818500 10 29  4   9.6  990 244  3.4 7  5.8  77    0    0 329 -351  0
3823500 2818500 10 29  5   9.8  989 238  4.5 7  5.9  77    0    0 329 -352  0
3823500 2818500 10 29  6   8.8  989 256  4.6 8  5.9  79    0    0 333 -353  0
3823500 2818500 10 29  7   8.6  989 251  4.2 8  6.0  84    0    0 337 -353  0
3823500 2818500 10 29  8   8.4  989 259  3.3 7  6.1  86    0    6 328 -353  0
3823500 2818500 10 29  9   8.7  989 259  4.0 5  6.1  85   26   78 309 -352  0
3823500 2818500 10 29 10   9.2  990 266  5.0 2  6.0  82   81  132 281 -352  0
3823500 2818500 10 29 11   9.2  991 266  5.0 2  5.8  78  121  172 266 -352  0
3823500 2818500 10 29 12   9.6  992 271  6.2 3  5.7  76   77  188 274 -354  0
3823500 2818500 10 29 13   8.6  993 262  5.2 4  5.7  78   41  173 284 -358  0
3823500 2818500 10 29 14   9.0  994 269  5.4 8  5.8  81    0   50 310 -358  0
3823500 2818500 10 29 15   8.7  994 262  6.4 4  5.9  81   33  123 310 -357  0
3823500 2818500 10 29 16   9.1  995 267  5.9 4  5.8  80   56   85 289 -355  0
3823500 2818500 10 29 17   8.4  996 263  5.2 6  5.7  80    9   29 297 -353  0
3823500 2818500 10 29 18   7.2  997 268  5.6 7  5.5  83    0    0 307 -352  0
3823500 2818500 10 29 19   7.8  999 270  5.5 4  5.5  84    0    0 293 -350  0
3823500 2818500 10 29 20   7.5 1000 253  6.4 4  5.5  83    0    0 276 -349  0
3823500 2818500 10 29 21   7.1 1000 247  5.0 4  5.3  83    0    0 275 -348  0
3823500 2818500 10 29 22   5.9 1001 250  5.7 7  5.2  85    0    0 287 -346  0
3823500 2818500 10 29 23   5.6 1001 271  3.2 7  5.1  89    0    0 298 -347  0
3823500 2818500 10 29 24   5.7 1001 242  3.2 6  5.2  90    0    0 294 -347  0
3823500 2818500 10 30  1   5.6 1001 265  3.8 6  5.1  88    0    0 292 -345  0
3823500 2818500 10 30  2   5.7 1001 251  3.7 5  5.0  87    0    0 289 -344  0
3823500 2818500 10 30  3   6.1 1001 238  5.2 5  5.0  86    0    0 287 -347  0
3823500 2818500 10 30  4   6.4 1001 243  3.7 4  5.1  85    0    0 282 -348  0
3823500 2818500 10 30  5   6.4 1000 234  4.0 4  5.1  84    0    0 279 -348  0
3823500 2818500 10 30  6   6.7  999 233  4.2 6  5.1  84    0    0 294 -348  0
3823500 2818500 10 30  7   6.3  998 230  4.5 7  5.2  85    0    0 311 -347  0
3823500 2818500 10 30  8   5.6  997 232  2.2 8  5.2  89    0    1 321 -347  0
3823500 2818500 10 30  9   5.8  996 258  2.6 8  5.3  91    0   27 327 -348  0
3823500 2818500 10 30 10   5.8  996 290  2.1 8  5.3  91    0   57 325 -349  0
3823500 2818500 10 30 11   6.2  997 290  3.8 7  5.3  90    8  126 318 -352  0
3823500 2818500 10 30 12   6.8  997 298  5.8 6  5.3  87    9  142 306 -355  0
3823500 2818500 10 30 13   6.4  998 289  5.4 7  5.1  83    0  100 306 -357  0
3823500 2818500 10 30 14   7.7  998 287  5.2 4  5.0  79  114  157 297 -360  0
3823500 2818500 10 30 15   7.5  999 276  5.1 3  4.9  75   99  125 280 -361  0
3823500 2818500 10 30 16   7.2  999 292  3.8 3  4.8  74   49   80 276 -358  0
3823500 2818500 10 30 17   6.0 1000 287  2.9 6  4.7  77   11   29 288 -352  0
3823500 2818500 10 30 18   5.4 1001 288  4.5 5  4.8  83    0    0 295 -347  0
3823500 2818500 10 30 19   5.3 1001 250  2.3 3  4.8  86    0    0 279 -345  0
3823500 2818500 10 30 20   5.4 1002 275  4.4 1  4.8  86    0    0 256 -345  0
3823500 2818500 10 30 21   5.3 1003 255  2.4 2  4.9  87    0    0 249 -345  0
3823500 2818500 10 30 22   5.4 1003 262  4.5 3  4.9  87    0    0 258 -345  0
3823500 2818500 10 30 23   5.1 1004 261  1.9 3  4.8  86    0    0 259 -345  0
3823500 2818500 10 30 24   4.9 1004 250  3.4 1  4.7  86    0    0 244 -343  0
3823500 2818500 10 31  1   4.9 1003 243  3.1 0  4.6  85    0    0 224 -341  0
3823500 2818500 10 31  2   4.9 1003 242  3.3 0  4.6  84    0    0 215 -337  0
3823500 2818500 10 31  3   5.0 1003 244  3.9 0  4.6  84    0    0 214 -336  0
3823500 2818500 10 31  4   4.9 1003 243  3.6 1  4.6  84    0    0 221 -337  0
3823500 2818500 10 31  5   4.5 1002 233  3.9 0  4.6  85    0    0 219 -337  0
3823500 2818500 10 31  6   4.8 1002 237  3.5 1  4.6  86    0    0 217 -336  0
3823500 2818500 10 31  7   4.9 1002 233  2.7 4  4.7  87    0    0 244 -335  0
3823500 2818500 10 31  8   5.5 1001 234  3.3 6  4.8  87    0    5 275 -335  0
3823500 2818500 10 31  9   5.7 1001 235  3.4 5  4.9  86    7   58 284 -336  0
3823500 2818500 10 31 10   5.7 1001 241  3.6 6  5.0  87   18  100 287 -338  0
3823500 2818500 10 31 11   6.7 1000 239  3.7 5  5.1  86   84  127 291 -343  0
3823500 2818500 10 31 12   6.8 1000 230  4.0 6  5.2  84   25  145 294 -348  0
3823500 2818500 10 31 13   7.8 1000 236  4.5 7  5.3  83    1  113 311 -352  0
3823500 2818500 10 31 14   7.6  999 236  4.5 7  5.4  81    1   99 320 -354  0
3823500 2818500 10 31 15   7.8  998 246  4.5 6  5.4  81   15  101 315 -355  0
3823500 2818500 10 31 16   7.6  998 232  4.2 7  5.4  81    2   59 315 -354  0
3823500 2818500 10 31 17   7.2  997 239  3.0 7  5.4  82    0   15 320 -353  0
3823500 2818500 10 31 18   6.8  996 231  2.2 7  5.5  86    0    0 320 -353  0
3823500 2818500 10 31 19   6.7  995 212  1.4 8  5.5  89    0    0 327 -354  0
3823500 2818500 10 31 20   6.5  994 189  1.1 8  5.5  90    0    0 337 -354  0
3823500 2818500 10 31 21   6.2  993 176  0.8 8  5.5  91    0    0 337 -355  0
3823500 2818500 10 31 22   6.1  991 156  0.5 8  5.5  92    0    0 336 -355  0
3823500 2818500 10 31 23   5.8  990 140  0.3 8  5.6  94    0    0 337 -357  0
3823500 2818500 10 31 24   5.9  988 111  0.4 8  5.6  95    0    0 337 -358  0
3823500 2818500 11  1  1   6.1  983 104  1.5 7  5.7  95    0    0 320 -360  0
3823500 2818500 11  1  2   6.2  983  94  1.7 7  5.7  95    0    0 319 -361  0
3823500 2818500 11  1  3   6.2  981  77  2.5 8  5.8  95    0    0 330 -362  0
3823500 2818500 11  1  4   6.1  979  53  3.4 8  5.8  95    0    0 340 -360  0
3823500 2818500 11  1  5   5.9  978  43  4.2 8  5.7  95    0    0 339 -357  0
3823500 2818500 11  1  6   5.8  977  25  4.3 8  5.6  95    0    0 338 -355  0
3823500 2818500 11  1  7   5.5  977   9  4.7 8  5.5  94    0    0 336 -353  0
3823500 2818500 11  1  8   5.5  979 354  4.8 8  5.4  92    0    0 332 -347  0
3823500 2818500 11  1  9   5.8  981 333  3.6 8  5.4  92    0   21 330 -343  0
3823500 2818500 11  1 10   6.3  984 326  3.2 8  5.5  91    4   79 327 -344  0
3823500 2818500 11  1 11   6.7  986 318  3.7 6  5.5  88   18  121 315 -349  0
3823500 2818500 11  1 12   7.3  988 299  3.0 4  5.3  83   51  153 291 -354  0
3823500 2818500 11  1 13   8.6  990 305  3.3 4  5.2  77  122  155 283 -358  0
3823500 2818500 11  1 14   9.1  990 288  3.3 4  5.1  70  128  134 286 -360  0
3823500 2818500 11  1 15   8.6  991 307  3.4 5  5.1  70   47  104 292 -359  0
3823500 2818500 11  1 16   7.3  992 278  3.1 3  5.2  76   50   61 284 -355  0
3823500 2818500 11  1 17   6.6  993 260  1.9 6  5.2  82   13   19 287 -350  0
3823500 2818500 11  1 18   6.5  994 260  2.2 6  5.1  83    0    0 298 -347  0
3823500 2818500 11  1 19   6.0  995 254  1.4 6  5.1  84    0    0 295 -344  0
3823500 2818500 11  1 20   5.6  996 277  2.2 5  5.0  86    0    0 285 -341  0
3823500 2818500 11  1 21   5.3  996 250  3.1 5  4.9  87    0    0 278 -342  0
3823500 2818500 11  1 22   5.1  996 251  3.5 5  4.9  87    0    0 276 -343  0
3823500 2818500 11  1 23   5.0  997 239  3.7 5  4.8  87    0    0 275 -342  0
3823500 2818500 11  1 24   4.9  997 248  2.4 6  4.9  88    0    0 279 -341  0
3823500 2818500 11  2  1   5.1  997 253  2.7 7  4.9  88    0    0 288 -339  0
3823500 2818500 11  2  2   4.8  997 239  2.7 7  4.9  88    0    0 292 -339  0
3823500 2818500 11  2  3   4.9  997 237  2.7 7  4.9  89    0    0 292 -340  0
3823500 2818500 11  2  4   4.9  997 236  2.8 7  4.9  89    0    0 293 -340  0
3823500 2818500 11  2  5   4.7  997 231  2.5 6  4.9  90    0    0 289 -339  0
3823500 2818500 11  2  6   4.7  997 240  2.8 6  4.9  91    0    0 285 -340  0
3823500 2818500 11  2  7   4.5  997 244  2.9 6  4.9  91    0    0 286 -339  0
3823500 2818500 11  2  8   4.8  997 231  2.5 7  4.9  92    0    0 290 -339  0
3823500 2818500 11  2  9   5.3  997 239  2.8 8  5.1  92   11   52 303 -340  0
3823500 2818500 11  2 10   6.0  998 236  3.2 8  5.2  90    0   61 311 -343  0
3823500 2818500 11  2 11   6.5  998 235  3.1 8  5.3  88    5  113 313 -347  0
3823500 2818500 11  2 12   7.4  998 231  3.0 6  5.4  85   60  180 304 -351  0
3823500 2818500 11  2 13   7.9  998 219  3.0 5  5.4  82   96  189 288 -355  0
3823500 2818500 11  2 14   8.6  997 221  2.5 5  5.5  80  103  170 286 -354  0
3823500 2818500 11  2 15   8.3  996 216  2.1 7  5.4  78   50  124 302 -352  0
3823500 2818500 11  2 16   8.0  996 183  1.1 7  5.3  77   14   64 315 -352  0
3823500 2818500 11  2 17   7.2  995 167  0.9 8  5.2  78    2   16 321 -350  0
3823500 2818500 11  2 18   7.1  994 149  1.3 8  5.2  80    0    0 326 -349  0
3823500 2818500 11  2 19   7.4  993 159  2.2 8  5.1  80    0    0 327 -348  0
3823500 2818500 11  2 20   7.2  992 143  2.1 8  5.2  80    0    0 329 -347  0
3823500 2818500 11  2 21   6.9  991 139  2.2 8  5.2  82    0    0 330 -345  0
3823500 2818500 11  2 22   6.9  991 132  2.4 8  5.2  82    0    0 330 -344  0
3823500 2818500 11  2 23   6.6  989 121  2.8 8  5.0  80    0    0 330 -343  0
3823500 2818500 11  2 24   6.8  988 129  2.2 7  5.0  79    0    0 323 -342  0
3823500 2818500 11  3  1   6.8  986 131  1.7 8  4.9  78    0    0 323 -342  0
3823500 2818500 11  3  2   6.2  985 118  1.4 8  5.1  82    0    0 328 -342  0
3823500 2818500 11  3  3   6.2  983 127  1.7 8  5.3  88    0    0 326 -342  0
3823500 2818500 11  3  4   6.4  982 178  1.5 8  5.5  90    0    0 326 -342  0
3823500 2818500 11  3  5   6.7  982 206  0.2 7  5.6  90    0    0 320 -342  0
3823500 2818500 11  3  6   7.3  981 231  3.2 6  5.8  91    0    0 306 -344  0
3823500 2818500 11  3  7   7.6  981 214  2.2 7  6.1  92    0    0 306 -349  0
3823500 2818500 11  3  8   8.1  981 227  4.2 8  6.2  90    0    0 323 -351  0
3823500 2818500 11  3  9   8.7  981 211  3.9 8  6.1  86    2   43 334 -351  0
3823500 2818500 11  3 10   9.1  982 218  4.9 6  5.8  80   30  111 321 -351  0
3823500 2818500 11  3 11   9.3  981 228  4.8 6  5.5  74    6  114 307 -352  0
3823500 2818500 11  3 12   9.4  981 225  5.1 5  5.5  73    1  109 302 -353  0
3823500 2818500 11  3 13   9.9  982 222  5.8 5  5.4  70    1  109 299 -353  0
3823500 2818500 11  3 14   8.8  982 235  4.6 5  5.4  71    2  100 299 -354  0
3823500 2818500 11  3 15   9.2  982 225  4.7 4  5.5  75   30  115 290 -353  0
3823500 2818500 11  3 16   8.8  982 228  4.2 5  5.5  74   18   68 290 -353  0
3823500 2818500 11  3 17   8.3  982 232  5.7 7  5.3  75    7   20 305 -351  0
3823500 2818500 11  3 18   8.1  982 213  5.0 7  5.3  76    0    0 315 -348  0
3823500 2818500 11  3 19   7.9  982 215  5.7 7  5.4  78    0    0 313 -348  0
3823500 2818500 11  3 20   7.7  983 195  4.8 7  5.3  78    0    0 312 -349  0
3823500 2818500 11  3 21   7.7  983 203  4.8 7  5.3  78    0    0 310 -347  0
3823500 2818500 11  3 22   7.6  983 211  4.7 7  5.2  78    0    0 310 -344  0
3823500 2818500 11  3 23   7.6  984 201  4.3 7  5.4  81    0    0 309 -341  0
3823500 2818500 11  3 24   7.4  984 168  3.6 7  5.6  85    0    0 307 -338  0
3823500 2818500 11  4  1   7.1 1007 122  2.8 7  5.8  91    0    0 282 -345  0
3823500 2818500 11  4  2   6.9 1007  84  2.5 8  6.0  96    0    0 317 -345  0
3823500 2818500 11  4  3   6.7 1006  56  2.2 8  6.2  99    0    0 327 -344  0
3823500 2818500 11  4  4   6.7 1006  56  2.4 8  6.1 100    0    0 326 -345  0
3823500 2818500 11  4  5   6.8 1006  61  2.0 8  6.1  99    0    0 326 -346  0
3823500 2818500 11  4  6   6.9 1006  62  2.3 8  6.1  99    0    0 328 -348  0
3823500 2818500 11  4  7   7.0 1005  70  1.7 8  6.1  98    0    0 328 -349  0
3823500 2818500 11  4  8   7.3 1005  78  1.4 8  6.1  97    0    7 330 -350  0
3823500 2818500 11  4  9   7.4 1006  74  1.7 6  6.2  96    1   42 318 -351  0
3823500 2818500 11  4 10   7.8 1006  71  1.5 7  6.3  96    0   57 313 -354  0
3823500 2818500 11  4 11   8.0 1006  77  1.2 7  6.4  95    1   93 320 -357  0
3823500 2818500 11  4 12   8.8 1006  76  1.2 5  6.5  94    2  120 313 -362  0
3823500 2818500 11  4 13   9.1 1006  81  1.2 6  6.7  93    0  106 311 -367  0
3823500 2818500 11  4 14   9.5 1006  72  1.9 7  6.7  92    0   75 323 -370  0
3823500 2818500 11  4 15   9.2 1006  70  1.8 7  6.8  92    0   47 329 -371  0
3823500 2818500 11  4 16   9.1 1005  79  1.4 8  6.8  94    1   40 334 -369  0
3823500 2818500 11  4 17   9.1 1006  82  0.4 8  6.8  93    0    5 338 -366  0
3823500 2818500 11  4 18   8.8 1006  57  0.4 8  6.8  95    0    0 336 -362  0
3823500 2818500 11  4 19   8.7 1006  87  0.7 8  6.9  97    0    0 336 -359  0
3823500 2818500 11  4 20   8.6 1007  71  0.6 8  6.9  98    0    0 335 -357  0
3823500 2818500 11  4 21   8.5 1007  73  0.9 7  6.8  98    0    0 329 -355  0
3823500 2818500 11  4 22   8.5 1007  78  0.3 7  6.8  97    0    0 324 -353  0
3823500 2818500 11  4 23   7.9 1008 148  0.2 7  6.7  98    0    0 323 -349  0
3823500 2818500 11  4 24   7.2 1008 358  0.1 4  6.4  98    0    0 306 -346  0
3823500 2818500 11  5  1   6.7 1008  54  0.5 3  6.1  98    0    0 284 -346  0
3823500 2818500 11  5  2   6.5 1009 202  0.1 5  6.1 100    0    0 287 -346  0
3823500 2818500 11  5  3   6.2 1009 337  0.2 6  6.0 100    0    0 301 -345  0
3823500 2818500 11  5  4   6.1 1009 265  0.0 8  5.9 100    0    0 318 -344  0
3823500 2818500 11  5  5   6.0 1010  42  0.3 8  5.9 100    0    0 328 -344  0
3823500 2818500 11  5  6   6.6 1010  13  0.2 7  5.9  99    0    0 327 -347  0
3823500 2818500 11  5  7   6.4 1010  99  0.2 8  5.9  98    0    0 329 -351  0
3823500 2818500 11  5  8   6.9 1010 129  0.6 7  6.0  99    0    4 328 -353  0
3823500 2818500 11  5  9   6.7 1011  79  0.8 6  6.1  99    5   40 318 -354  0
3823500 2818500 11  5 10   7.1 1011  93  0.7 7  6.2 100   15   78 316 -357  0
3823500 2818500 11  5 11   7.9 1012 105  0.7 6  6.4  99   46  109 318 -361  0
3823500 2818500 11  5 12   8.1 1012 111  0.9 7  6.6  98   23  127 320 -364  0
3823500 2818500 11  5 13   8.3 1012  70  0.8 8  6.7  99    0   67 329 -367  0
3823500 2818500 11  5 14   8.9 1011  22  1.2 8  6.9  99    0   56 334 -369  0
3823500 2818500 11  5 15   8.5 1011  36  0.6 8  6.9  98    0   39 333 -371  0
3823500 2818500 11  5 16   8.4 1012  29  1.0 8  6.8  98    0   28 332 -370  0
3823500 2818500 11  5 17   8.3 1012  42  0.8 7  6.7  98    0    6 326 -367  0
3823500 2818500 11  5 18   8.0 1011  29  1.2 7  6.6  97    0    0 320 -363  0
3823500 2818500 11  5 19   7.8 1011  64  0.9 8  6.5  97    0    0 324 -361  0
3823500 2818500 11  5 20   7.5 1011  60  1.2 8  6.3  97    0    0 328 -359  0
3823500 2818500 11  5 21   7.5 1011  62  0.9 7  6.3  97    0    0 323 -358  0
3823500 2818500 11  5 22   7.5 1011  56  1.4 8  6.3  97    0    0 325 -357  0
3823500 2818500 11  5 23   7.6 1010  68  2.0 8  6.2  96    0    0 333 -355  0
3823500 2818500 11  5 24   7.9 1010  61  1.5 7  6.3  95    0    0 331 -354  0
3823500 2818500 11  6  1   8.2 1010  60  1.3 8  6.4  95    0    0 333 -355  0
3823500 2818500 11  6  2   8.3 1009  62  1.2 8  6.4  93    0    0 339 -356  0
3823500 2818500 11  6  3   8.5 1008  63  1.3 8  6.4  92    0    0 341 -357  0
3823500 2818500 11  6  4   8.6 1008  54  1.4 8  6.4  92    0    0 342 -358  0
3823500 2818500 11  6  5   8.9 1007  48  1.5 8  6.5  92    0    0 343 -359  0
3823500 2818500 11  6  6   9.0 1007  50  1.5 8  6.5  91    0    0 345 -358  0
3823500 2818500 11  6  7   9.2 1007  66  0.8 8  6.5  89    0    0 346 -358  0
3823500 2818500 11  6  8   9.4 1006  60  2.5 8  6.5  88    0    2 348 -357  0
3823500 2818500 11  6  9   9.5 1006  59  3.2 8  6.6  88    0   15 347 -358  0
3823500 2818500 11  6 10   9.7 1006  57  2.8 8  6.6  88    0   29 347 -359  0
3823500 2818500 11  6 11   9.9 1006  50  3.2 8  6.6  86    0   61 346 -361  0
3823500 2818500 11  6 12  10.0 1006  59  2.1 7  6.6  86    0   84 339 -363  0
3823500 2818500 11  6 13   9.9 1006  55  1.8 8  6.7  87    0   49 338 -365  0
3823500 2818500 11  6 14   9.8 1006  63  1.3 8  6.7  88    0   31 341 -366  0
3823500 2818500 11  6 15   9.9 1005  60  1.2 8  6.9  90    0   20 340 -366  0
3823500 2818500 11  6 16   9.9 1005  60  0.7 7  7.0  91    0   17 336 -365  0
3823500 2818500 11  6 17   9.7 1005  68  0.2 7  7.0  92    0    5 331 -364  0
3823500 2818500 11  6 18   9.5 1005  65  0.2 7  7.2  95    0    0 332 -363  0
3823500 2818500 11  6 19   9.4 1006  61  0.3 8  7.3  98    0    0 337 -362  0
3823500 2818500 11  6 20   9.4 1006  67  0.1 8  7.3  98    0    0 343 -363  0
3823500 2818500 11  6 21   9.5 1006  79  0.1 8  7.3  99    0    0 344 -363  0
3823500 2818500 11  6 22   9.5 1006  77  0.1 8  7.4  99    0    0 346 -362  0
3823500 2818500 11  6 23   9.5 1007  88  0.1 7  7.3  98    0    0 341 -361  0
3823500 2818500 11  6 24   9.4 1007  85  0.1 7  7.3  98    0    0 336 -360  0
3823500 2818500 11  7  1   9.5 1007  93  0.1 7  7.3  98    0    0 336 -359  0
3823500 2818500 11  7  2   9.4 1007 131  0.1 8  7.3  98    0    0 341 -361  0
3823500 2818500 11  7  3   9.5 1006 113  0.1 7  7.3  98    0    0 341 -363  0
3823500 2818500 11  7  4   9.5 1006 127  0.1 8  7.4  99    0    0 341 -364  0
3823500 2818500 11  7  5   9.5 1006 151  0.2 7  7.4  99    0    0 341 -366  0
3823500 2818500 11  7  6   9.6 1007 162  0.3 5  7.4  99    0    0 327 -366  0
3823500 2818500 11  7  7   9.5 1007 172  0.3 8  7.3  98    0    0 331 -366  0
3823500 2818500 11  7  8   9.4 1007 153  0.2 8  7.2  97    0    1 345 -365  0
3823500 2818500 11  7  9   9.7 1007 140  0.3 8  7.2  97    0   29 344 -364  0
3823500 2818500 11  7 10  10.2 1008 155  0.7 8  7.3  95    0   63 345 -364  0
3823500 2818500 11  7 11  10.9 1007 160  0.8 7  7.3  91    3  109 341 -370  0
3823500 2818500 11  7 12  11.8 1008 148  0.7 8  7.2  85    3  131 341 -377  0
3823500 2818500 11  7 13  12.1 1008 145  0.8 8  6.9  79    0   90 344 -383  0
3823500 2818500 11  7 14  12.2 1007 144  1.1 7  6.6  74    1   95 339 -386  0
3823500 2818500 11  7 15  12.2 1007 130  0.9 7  6.6  74   10  105 334 -386  0
3823500 2818500 11  7 16  11.8 1007 131  0.4 6  6.7  76   24   75 330 -382  0
3823500 2818500 11  7 17   9.9 1007 115  0.1 5  6.5  80    3   16 316 -376  0
3823500 2818500 11  7 18   8.2 1007  87  0.1 4  6.3  87    0    0 297 -369  0
3823500 2818500 11  7 19   7.2 1007  70  0.1 4  6.1  92    0    0 282 -365  0
3823500 2818500 11  7 20   6.6 1007  57  0.0 4  5.8  94    0    0 275 -362  0
3823500 2818500 11  7 21   5.9 1007  66  0.0 5  5.7  95    0    0 279 -360  0
3823500 2818500 11  7 22   6.8 1007 101  0.0 5  5.9  98    0    0 285 -359  0
3823500 2818500 11  7 23   7.5 1007  65  0.1 5  6.2  98    0    0 286 -358  0
3823500 2818500 11  7 24   8.1 1006  25  0.0 6  6.3  95    0    0 293 -358  0
3823500 2818500 11  8  1   6.5 1006  80  0.0 6  6.2  97    0    0 297 -358  0
3823500 2818500 11  8  2   7.6 1006 321  0.0 7  6.2  99    0    0 304 -358  0
3823500 2818500 11  8  3   7.8 1005 323  0.1 7  6.5  98    0    0 313 -359  0
3823500 2818500 11  8  4   7.1 1005   3  0.1 7  6.4  99    0    0 312 -360  0
3823500 2818500 11  8  5   8.1 1004 113  0.1 7  6.4  98    0    0 315 -360  0
3823500 2818500 11  8  6   7.9 1004 198  0.1 7  6.5  96    0    0 318 -360  0
3823500 2818500 11  8  7   7.3 1004 199  0.3 6  6.3  97    0    0 313 -359  0
3823500 2818500 11  8  8   7.5 1004 194  0.4 6  6.2  96    0    2 309 -357  0
3823500 2818500 11  8  9   8.5 1004 192  0.4 6  6.3  94    0   37 311 -356  0
3823500 2818500 11  8 10   8.8 1005 209  0.9 6  6.5  93   15  101 316 -359  0
3823500 2818500 11  8 11   9.8 1005 206  1.8 6  6.7  91   16  134 319 -364  0
3823500 2818500 11  8 12  10.7 1005 204  1.7 6  6.8  86   25  161 323 -369  0
3823500 2818500 11  8 13  11.4 1005 218  1.5 4  6.7  81   69  178 315 -370  0
3823500 2818500 11  8 14  11.7 1005 214  1.9 6  6.5  76    2  105 318 -370  0
3823500 2818500 11  8 15  11.5 1005 190  1.7 8  6.4  74    0   49 339 -369  0
3823500 2818500 11  8 16  11.5 1005 172  0.7 5  6.4  76    0   38 335 -369  0
3823500 2818500 11  8 17  10.1 1005 147  0.2 4  6.5  80    2   13 314 -367  0
3823500 2818500 11  8 18   9.0 1005 137  0.1 3  6.4  85    0    0 299 -366  0
3823500 2818500 11  8 19   8.6 1005 144  0.5 0  6.3  88    0    0 276 -365  0
3823500 2818500 11  8 20   8.4 1006 151  0.5 0  6.3  90    0    0 256 -364  0
3823500 2818500 11  8 21   7.9 1006 156  0.7 0  6.2  91    0    0 250 -362  0
3823500 2818500 11  8 22   7.8 1006 158  1.4 2  6.0  90    0    0 252 -360  0
3823500 2818500 11  8 23   7.7 1007 157  0.7 4  6.0  90    0    0 269 -359  0
3823500 2818500 11  8 24   8.0 1007 158  0.7 5  6.0  90    0    0 283 -360  0
3823500 2818500 11  9  1   8.5 1007 153  0.7 7  6.1  89    0    0 302 -357  0
3823500 2818500 11  9  2   8.4 1007 162  0.8 8  6.2  89    0    0 320 -352  0
3823500 2818500 11  9  3   8.7 1007 163  0.5 8  6.3  90    0    0 326 -349  0
3823500 2818500 11  9  4   8.5 1008 176  0.4 8  6.4  91    0    0 326 -347  0
3823500 2818500 11  9  5   8.7 1008 189  0.4 8  6.4  92    0    0 325 -346  0
3823500 2818500 11  9  6   8.9 1008 193  0.4 8  6.5  92    0    0 324 -345  0
3823500 2818500 11  9  7   8.6 1009 193  0.3 7  6.6  93    0    0 316 -344  0
3823500 2818500 11  9  8   8.7 1009 197  0.4 7  6.6  94    0    1 307 -344  0
3823500 2818500 11  9  9   8.8 1010 191  0.9 6  6.6  94    4   42 299 -344  0
3823500 2818500 11  9 10   9.8 1010 204  1.3 4  6.7  92   66   88 282 -346  0
3823500 2818500 11  9 11  10.8 1010 200  1.7 4  6.7  86  136  110 275 -352  0
3823500 2818500 11  9 12  11.4 1010 205  2.7 3  6.6  79  198  113 273 -358  0
3823500 2818500 11  9 13  12.1 1010 205  3.3 2  6.2  72  214  110 265 -363  0
3823500 2818500 11  9 14  12.3 1010 201  2.5 2  5.9  67  185  106 262 -366  0
3823500 2818500 11  9 15  12.3 1010 193  3.2 2  5.7  64  129   87 264 -366  0
3823500 2818500 11  9 16  11.7 1010 187  1.7 2  5.6  64   55   56 264 -363  0
3823500 2818500 11  9 17  10.1 1009 177  0.8 1  5.5  68    2   12 257 -358  0
3823500 2818500 11  9 18   8.8 1009 171  1.1 1  5.5  74    0    0 247 -353  0
3823500 2818500 11  9 19   8.6 1009 167  1.7 1  5.4  77    0    0 242 -350  0
3823500 2818500 11  9 20   8.2 1009 168  1.5 1  5.3  77    0    0 240 -349  0
3823500 2818500 11  9 21   8.0 1009 170  1.9 1  5.2  78    0    0 239 -349  0
3823500 2818500 11  9 22   7.5 1009 168  1.9 1  5.2  79    0    0 240 -349  0
3823500 2818500 11  9 23   7.4 1009 161  1.2 1  5.2  81    0    0 240 -347  0
3823500 2818500 11  9 24   6.6 1008 161  1.8 0  5.2  83    0    0 235 -346  0
3823500 2818500 11 10  1   7.0 1007 161  2.2 1  5.2  84    0    0 235 -349  0
3823500 2818500 11 10  2   7.9 1007 155  2.8 3  5.3  83    0    0 255 -352  0
3823500 2818500 11 10  3   8.4 1006 158  3.2 6  5.5  80    0    0 288 -354  0
3823500 2818500 11 10  4   9.5 1004 167  3.1 8  5.6  78    0    0 320 -354  0
3823500 2818500 11 10  5  10.0 1003 163  3.5 8  5.7  76    0    0 334 -355  0
3823500 2818500 11 10  6  10.6 1003 178  3.3 7  5.9  75    0    0 332 -356  0
3823500 2818500 11 10  7  10.3 1002 180  4.0 7  6.3  79    0    0 328 -357  0
3823500 2818500 11 10  8  10.2 1001 187  3.8 7  6.7  85    0    0 330 -359  0
3823500 2818500 11 10  9  10.4 1001 207  4.1 8  6.9  88    0   17 336 -361  0
3823500 2818500 11 10 10  10.7 1003 227  3.3 6  6.7  84    7   85 332 -363  0
3823500 2818500 11 10 11  11.1 1004 234  3.5 6  6.5  79   40  135 321 -364  0
3823500 2818500 11 10 12  11.0 1005 236  4.7 6  6.1  74   67  162 320 -363  0
3823500 2818500 11 10 13  10.8 1006 234  4.3 6  5.7  70   71  165 316 -362  0
3823500 2818500 11 10 14  10.8 1007 226  4.3 6  5.5  67   82  146 313 -362  0
3823500 2818500 11 10 15  10.4 1007 221  3.4 5  5.1  64   63  110 305 -360  0
3823500 2818500 11 10 16   9.9 1008 212  2.3 6  4.9  64   15   52 302 -357  0
3823500 2818500 11 10 17   9.4 1008 193  1.7 6  5.1  68    0    8 306 -351  0
3823500 2818500 11 10 18   8.8 1008 176  1.6 6  5.2  72    0    0 303 -347  0
3823500 2818500 11 10 19   8.2 1008 178  1.4 5  5.2  75    0    0 293 -344  0
3823500 2818500 11 10 20   8.1 1008 175  2.1 5  5.2  77    0    0 285 -343  0
3823500 2818500 11 10 21   8.3 1008 178  2.6 4  5.3  78    0    0 280 -342  0
3823500 2818500 11 10 22   8.6 1007 178  2.9 6  5.5  79    0    0 287 -341  0
3823500 2818500 11 10 23   8.5 1006 174  3.6 7  5.5  79    0    0 305 -340  0
3823500 2818500 11 10 24   8.9 1005 177  3.6 7  5.5  79    0    0 311 -341  0
3823500 2818500 11 11  1   8.7 1004 185  3.3 8  5.5  78    0    0 318 -341  0
3823500 2818500 11 11  2   9.6 1004 194  4.4 7  5.6  77    0    0 319 -343  0
3823500 2818500 11 11  3  11.0 1002 200  5.3 7  5.9  75    0    0 318 -346  0
3823500 2818500 11 11  4  11.7 1002 204  5.4 8  6.1  72    0    0 329 -349  0
3823500 2818500 11 11  5  12.4 1001 200  6.2 8  6.3  71    0    0 339 -354  0
3823500 2818500 11 11  6  10.9 1001 209  5.3 8  6.8  79    0    0 342 -358  0
3823500 2818500 11 11  7  11.9 1001 206  5.4 7  7.4  86    0    0 339 -362  0
3823500 2818500 11 11  8  11.8 1001 209  4.4 7  7.6  86    0    0 338 -365  0
3823500 2818500 11 11  9  11.4 1002 246  4.0 8  7.6  88    0    8 346 -368  0
3823500 2818500 11 11 10  11.3 1003 232  2.7 8  7.5  88    0   53 350 -370  0
3823500 2818500 11 11 11  11.9 1004 219  2.1 6  7.2  84   20  105 344 -373  0
3823500 2818500 11 11 12  12.7 1004 206  2.7 7  7.3  81    1  100 343 -375  0
3823500 2818500 11 11 13  12.9 1004 188  3.3 7  7.6  82    0   46 348 -376  0
3823500 2818500 11 11 14  13.4 1003 197  3.3 7  7.8  82   19  106 350 -377  0
3823500 2818500 11 11 15  14.1 1002 191  4.7 7  7.9  80    4   71 353 -377  0
3823500 2818500 11 11 16  14.4 1001 194  5.1 7  7.6  74    0   31 356 -376  0
3823500 2818500 11 11 17  14.4 1000 192  4.9 7  7.4  71    0    4 359 -375  0
3823500 2818500 11 11 18  13.9 1000 195  5.6 7  7.5  74    0    0 360 -374  0
3823500 2818500 11 11 19  14.4  999 191  5.3 8  7.7  76    0    0 364 -375  0
3823500 2818500 11 11 20  14.6  999 202  6.0 7  7.6  73    0    0 364 -376  0
3823500 2818500 11 11 21  14.8  999 197  6.2 6  7.6  72    0    0 358 -377  0
3823500 2818500 11 11 22  14.4  998 196  6.4 7  7.8  74    0    0 358 -377  0
3823500 2818500 11 11 23  14.9  998 191  5.6 8  8.0  76    0    0 363 -378  0
3823500 2818500 11 11 24  14.4  997 196  4.9 8  8.1  77    0    0 366 -378  0
3823500 2818500 11 12  1  14.4  997 193  5.9 7  8.3  80    0    0 362 -378  0
3823500 2818500 11 12  2  15.1  996 194  6.9 8  8.3  78    0    0 364 -378  0
3823500 2818500 11 12  3  15.7  995 203  6.2 8  8.0  72    0    0 369 -377  0
3823500 2818500 11 12  4  15.4  994 220  6.8 7  7.8  70    0    0 364 -375  0
3823500 2818500 11 12  5  13.9  993 192  6.7 8  8.0  75    0    0 359 -370  0
3823500 2818500 11 12  6  14.5  993 193  6.9 8  8.0  78    0    0 360 -364  0
3823500 2818500 11 12  7  12.0  992 248  6.1 8  7.7  80    0    0 355 -361  0
3823500 2818500 11 12  8  10.2  992 240  5.1 8  7.3  87    0    1 349 -358  0
3823500 2818500 11 12  9   8.8  994 254  3.6 8  7.0  92    0    9 344 -355  0
3823500 2818500 11 12 10   9.0  996 231  4.4 8  6.8  94    0   19 341 -353  0
3823500 2818500 11 12 11   9.3  997 225  4.9 6  6.6  89   25  117 329 -356  0
3823500 2818500 11 12 12  10.3  998 226  5.3 2  6.2  81  259   68 297 -360  0
3823500 2818500 11 12 13  10.8  999 218  5.7 3  6.1  76  147  120 282 -363  0
3823500 2818500 11 12 14  10.9  999 220  6.0 5  6.1  74   30  120 294 -364  0
3823500 2818500 11 12 15  11.1  999 215  5.1 4  6.0  73   63   89 296 -363  0
3823500 2818500 11 12 16  10.5  999 213  5.9 7  6.0  73   11   43 304 -360  0
3823500 2818500 11 12 17  10.2  999 219  5.7 6  5.8  74    0    9 311 -356  0
3823500 2818500 11 12 18  10.2 1000 216  5.5 5  5.7  73    0    0 299 -354  0
3823500 2818500 11 12 19   9.0 1001 221  4.2 5  5.7  76    0    0 292 -354  0
3823500 2818500 11 12 20   8.7 1001 242  3.3 5  5.8  81    0    0 291 -354  0
3823500 2818500 11 12 21   8.7 1002 228  3.8 2  5.8  81    0    0 272 -354  0
3823500 2818500 11 12 22   8.4 1002 216  3.9 2  5.7  81    0    0 252 -354  0
3823500 2818500 11 12 23   8.1 1002 211  3.4 1  5.6  81    0    0 237 -355  0
3823500 2818500 11 12 24   7.9 1003 211  3.6 0  5.6  82    0    0 213 -355  0
3823500 2818500 11 13  1   7.6 1003 207  3.2 0  5.5  84    0    0 188 -356  0
3823500 2818500 11 13  2   7.2 1003 208  3.1 0  5.4  84    0    0 191 -356  0
3823500 2818500 11 13  3   7.0 1003 206  2.6 0  5.4  85    0    0 190 -355  0
3823500 2818500 11 13  4   6.7 1004 209  2.5 0  5.4  86    0    0 197 -353  0
3823500 2818500 11 13  5   6.5 1004 206  2.5 0  5.4  88    0    0 204 -353  0
3823500 2818500 11 13  6   6.5 1004 213  3.0 0  5.4  88    0    0 210 -353  0
3823500 2818500 11 13  7   6.3 1004 211  3.1 0  5.4  89    0    0 216 -353  0
3823500 2818500 11 13  8   6.6 1004 209  3.0 1  5.4  90    0    1 228 -353  0
3823500 2818500 11 13  9   6.9 1005 207  3.2 1  5.5  89   11   37 240 -353  0
3823500 2818500 11 13 10   8.1 1005 213  3.7 2  5.6  86   79   81 254 -353  0
3823500 2818500 11 13 11   8.9 1005 222  3.8 3  5.7  82  140  106 273 -355  0
3823500 2818500 11 13 12   9.7 1005 222  4.0 3  5.8  79  105  143 282 -357  0
3823500 2818500 11 13 13  10.0 1006 229  4.1 3  5.7  75  135  137 285 -357  0
3823500 2818500 11 13 14  10.1 1006 234  4.1 5  5.5  72   33  128 295 -358  0
3823500 2818500 11 13 15   9.9 1006 235  3.7 7  5.4  71    0   46 310 -358  0
3823500 2818500 11 13 16   9.7 1006 233  2.7 7  5.5  72    0   19 318 -357  0
3823500 2818500 11 13 17   8.5 1006 225  2.4 7  5.5  76    0    1 314 -355  0
3823500 2818500 11 13 18   8.0 1007 229  2.1 7  5.7  84    0    0 312 -353  0
3823500 2818500 11 13 19   7.8 1008 229  1.0 7  5.9  89    0    0 312 -352  0
3823500 2818500 11 13 20   7.9 1008 222  1.4 7  6.0  90    0    0 315 -351  0
3823500 2818500 11 13 21   7.9 1009 226  1.4 7  5.9  89    0    0 316 -352  0
3823500 2818500 11 13 22   7.7 1010 225  1.5 7  5.9  89    0    0 316 -352  0
3823500 2818500 11 13 23   7.5 1010 234  1.5 7  5.8  90    0    0 313 -352  0
3823500 2818500 11 13 24   7.2 1011 225  0.7 7  5.9  91    0    0 312 -352  0
3823500 2818500 11 14  1   7.5 1011 232  0.8 6  5.9  91    0    0 307 -351  0
3823500 2818500 11 14  2   7.1 1011 204  0.3 5  5.8  91    0    0 295 -351  0
3823500 2818500 11 14  3   6.8 1012 208  0.6 6  5.7  92    0    0 294 -349  0
3823500 2818500 11 14  4   7.0 1012 236  0.1 7  5.8  93    0    0 306 -348  0
3823500 2818500 11 14  5   7.0 1012 206  0.1 7  5.8  93    0    0 313 -346  0
3823500 2818500 11 14  6   6.9 1013 234  0.6 7  5.8  93    0    0 313 -346  0
3823500 2818500 11 14  7   6.8 1013 239  0.4 8  5.8  95    0    0 319 -346  0
3823500 2818500 11 14  8   6.7 1014 229  0.4 8  5.8  95    0    0 325 -345  0
3823500 2818500 11 14  9   6.9 1014 211  0.6 7  5.8  94    0   20 318 -345  0
3823500 2818500 11 14 10   7.3 1015 210  1.3 7  5.8  92    0   41 312 -347  0
3823500 2818500 11 14 11   7.5 1015 201  1.3 8  5.9  91    0   52 317 -349  0
3823500 2818500 11 14 12   8.1 1015 217  1.2 8  5.9  90    0   61 321 -352  0
3823500 2818500 11 14 13   8.6 1016 206  1.2 8  6.0  88    0   57 321 -354  0
3823500 2818500 11 14 14   8.8 1015 216  1.4 7  6.0  86    8   96 316 -356  0
3823500 2818500 11 14 15   9.2 1015 215  1.5 5  6.0  84   49   76 304 -357  0
3823500 2818500 11 14 16   8.9 1016 171  0.8 6  6.0  83   53   31 300 -356  0
3823500 2818500 11 14 17   7.5 1016 183  0.2 4  5.8  87    0    3 293 -352  0
3823500 2818500 11 14 18   7.3 1016 182  0.7 2  5.7  90    0    0 273 -349  0
3823500 2818500 11 14 19   6.2 1016 191  0.7 4  5.6  92    0    0 271 -348  0
3823500 2818500 11 14 20   5.7 1016 192  0.9 4  5.5  95    0    0 278 -348  0
3823500 2818500 11 14 21   6.0 1016 199  1.3 3  5.4  94    0    0 275 -347  0
3823500 2818500 11 14 22   6.5 1017 199  2.1 5  5.5  92    0    0 282 -347  0
3823500 2818500 11 14 23   6.4 1016 200  2.3 4  5.5  92    0    0 289 -348  0
3823500 2818500 11 14 24   6.4 1016 197  2.3 5  5.5  91    0    0 291 -348  0
3823500 2818500 11 15  1   6.1 1016 201  2.0 6  5.4  91    0    0 303 -348  0
3823500 2818500 11 15  2   6.2 1016 203  2.7 6  5.3  90    0    0 309 -349  0
3823500 2818500 11 15  3   6.7 1015 206  2.7 7  5.2  88    0    0 318 -349  0
3823500 2818500 11 15  4   6.8 1015 201  3.0 8  5.2  85    0    0 330 -350  0
3823500 2818500 11 15  5   7.1 1015 204  3.5 7  5.1  82    0    0 334 -351  0
3823500 2818500 11 15  6   6.7 1014 206  3.3 7  5.1  83    0    0 332 -352  0
3823500 2818500 11 15  7   6.6 1015 208  3.4 7  5.3  87    0    0 332 -353  0
3823500 2818500 11 15  8   6.5 1014 214  4.0 8  5.4  90    0    0 339 -354  0
3823500 2818500 11 15  9   6.6 1014 217  3.7 8  5.6  92    0    7 344 -355  0
3823500 2818500 11 15 10   6.7 1015 221  3.4 8  5.7  93    0   44 345 -357  0
3823500 2818500 11 15 11   7.0 1015 223  3.3 8  5.8  94    0   61 347 -360  0
3823500 2818500 11 15 12   7.3 1015 207  3.1 8  6.0  95    0   62 349 -363  0
3823500 2818500 11 15 13   7.8 1015 213  3.2 7  6.1  95    0   61 347 -366  0
3823500 2818500 11 15 14   8.1 1015 220  3.0 7  6.3  95    0   32 344 -368  0
3823500 2818500 11 15 15   8.4 1015 215  2.8 7  6.4  95    0   30 347 -371  0
3823500 2818500 11 15 16   8.5 1015 217  2.8 8  6.5  95    0   25 353 -373  0
3823500 2818500 11 15 17   8.8 1015 224  2.4 8  6.7  95    0    1 360 -373  0
3823500 2818500 11 15 18   8.7 1015 228  2.2 8  6.8  97    0    0 361 -373  0
3823500 2818500 11 15 19   9.0 1015 218  2.2 7  7.0  99    0    0 356 -373  0
3823500 2818500 11 15 20   9.3 1016 220  3.0 7  7.1  98    0    0 352 -373  0
3823500 2818500 11 15 21   9.3 1016 223  3.0 8  7.1  97    0    0 358 -372  0
3823500 2818500 11 15 22   9.3 1016 219  2.4 8  7.2  98    0    0 363 -371  0
3823500 2818500 11 15 23   9.5 1016 215  2.6 8  7.3  99    0    0 364 -370  0
3823500 2818500 11 15 24   9.7 1016 221  2.7 8  7.4  99    0    0 363 -369  0
3823500 2818500 11 16  1   9.8 1016 221  2.5 7  7.4  99    0    0 357 -368  0
3823500 2818500 11 16  2   9.8 1016 234  2.6 7  7.4  99    0    0 350 -367  0
3823500 2818500 11 16  3   9.9 1016 232  2.9 8  7.4  98    0    0 355 -366  0
3823500 2818500 11 16  4   9.9 1016 234  2.8 7  7.3  97    0    0 355 -365  0
3823500 2818500 11 16  5   9.9 1016 235  2.7 7  7.3  96    0    0 348 -364  0
3823500 2818500 11 16  6   9.9 1015 223  3.3 7  7.2  95    0    0 347 -364  0
3823500 2818500 11 16  7  10.1 1015 232  2.5 8  7.1  93    0    0 353 -363  0
3823500 2818500 11 16  8  10.4 1015 239  3.2 8  7.1  91    0    0 360 -363  0
3823500 2818500 11 16  9  10.5 1015 234  2.8 8  7.1  90    0    6 360 -363  0
3823500 2818500 11 16 10  10.5 1016 237  3.7 8  7.1  90    0   20 359 -364  0
3823500 2818500 11 16 11  10.6 1016 244  4.0 8  7.1  89    0   24 359 -365  0
3823500 2818500 11 16 12  10.6 1016 238  3.5 8  7.1  89    0   28 359 -366  0
3823500 2818500 11 16 13  10.6 1016 242  3.7 8  7.1  90    0   29 359 -367  0
3823500 2818500 11 16 14  10.7 1016 242  3.7 7  7.2  90    0   36 353 -368  0
3823500 2818500 11 16 15  10.7 1015 236  3.1 8  7.2  90    0   19 353 -369  0
3823500 2818500 11 16 16  10.5 1015 229  3.0 8  7.3  92    0   14 358 -369  0
3823500 2818500 11 16 17  10.4 1016 231  2.7 8  7.5  95    0    0 357 -369  0
3823500 2818500 11 16 18  10.6 1016 230  2.8 8  7.6  96    0    0 356 -369  0
3823500 2818500 11 16 19  10.4 1016 234  2.8 8  7.7  97    0    0 356 -369  0
3823500 2818500 11 16 20  10.3 1016 232  2.9 8  7.7  98    0    0 354 -369  0
3823500 2818500 11 16 21  10.3 1016 239  2.7 8  7.7  99    0    0 354 -369  0
3823500 2818500 11 16 22  10.5 1016 240  2.7 8  7.8  99    0    0 353 -370  0
3823500 2818500 11 16 23  10.6 1016 234  2.6 7  7.8  98    0    0 349 -370  0
3823500 2818500 11 16 24  10.6 1016 233  2.5 8  7.8  97    0    0 348 -370  0
3823500 2818500 11 17  1  10.7 1016 245  2.1 8  7.8  97    0    0 354 -370  0
3823500 2818500 11 17  2  10.3 1016 255  2.4 7  7.7  98    0    0 347 -371  0
3823500 2818500 11 17  3  10.1 1016 260  1.6 6  7.5  97    0    0 332 -371  0
3823500 2818500 11 17  4   9.6 1016 280  1.6 5  7.2  96    0    0 317 -371  0
3823500 2818500 11 17  5   8.7 1016 268  1.1 4  6.9  95    0    0 301 -370  0
3823500 2818500 11 17  6   8.0 1016 259  1.5 4  6.5  96    0    0 292 -369  0
3823500 2818500 11 17  7   7.9 1016 242  1.6 6  6.4  96    0    0 303 -368  0
3823500 2818500 11 17  8   8.1 1016 251  1.7 7  6.3  95    0    0 321 -367  0
3823500 2818500 11 17  9   8.6 1016 242  1.8 7  6.4  93    0   17 328 -365  0
3823500 2818500 11 17 10   8.8 1016 251  2.3 7  6.4  92    1   53 328 -363  0
3823500 2818500 11 17 11   9.3 1016 262  3.5 7  6.5  90    0   71 330 -362  0
3823500 2818500 11 17 12   9.9 1016 255  3.5 7  6.6  88    0   69 333 -363  0
3823500 2818500 11 17 13  10.1 1016 262  3.8 7  6.6  86    0   91 333 -363  0
3823500 2818500 11 17 14  10.3 1016 287  3.9 4  6.4  82   70  120 316 -363  0
3823500 2818500 11 17 15   9.9 1015 307  5.3 7  5.8  76   16   79 316 -361  0
3823500 2818500 11 17 16   8.9 1016 301  4.6 5  5.4  74    7   36 318 -357  0
3823500 2818500 11 17 17   8.0 1017 309  3.4 5  5.2  75    0    6 302 -352  0
3823500 2818500 11 17 18   7.1 1018 298  2.6 5  5.1  79    0    0 298 -345  0
3823500 2818500 11 17 19   6.3 1018 294  2.3 4  5.0  83    0    0 291 -340  0
3823500 2818500 11 17 20   6.0 1020 279  1.7 3  4.9  83    0    0 278 -336  0
3823500 2818500 11 17 21   5.4 1020 268  1.6 3  4.7  84    0    0 271 -333  0
3823500 2818500 11 17 22   5.4 1020 273  1.5 4  4.6  83    0    0 275 -329  0
3823500 2818500 11 17 23   5.9 1021 268  2.0 4  4.5  80    0    0 281 -327  0
3823500 2818500 11 17 24   5.4 1022 277  1.1 5  4.5  79    0    0 285 -324  0
3823500 2818500 11 18  1   4.4 1022 271  1.7 3  4.5  84    0    0 276 -322  0
3823500 2818500 11 18  2   4.1 1022 270  1.3 2  4.4  87    0    0 256 -321  0
3823500 2818500 11 18  3   3.9 1022 274  1.5 3  4.4  88    0    0 254 -320  0
3823500 2818500 11 18  4   4.1 1023 280  1.4 5  4.4  88    0    0 268 -319  0
3823500 2818500 11 18  5   4.4 1023 277  1.2 6  4.5  89    0    0 283 -319  0
3823500 2818500 11 18  6   3.6 1023 264  0.9 4  4.5  90    0    0 276 -319  0
3823500 2818500 11 18  7   2.5 1023 269  0.8 4  4.4  94    0    0 262 -319  0
3823500 2818500 11 18  8   2.7 1023 280  1.2 4  4.3  95    0    0 259 -318  0
3823500 2818500 11 18  9   2.4 1024 243  0.8 3  4.2  94    2   26 254 -316  0
3823500 2818500 11 18 10   4.1 1024 245  1.3 3  4.4  93   21   77 252 -317  0
3823500 2818500 11 18 11   6.4 1024 252  1.2 4  4.8  87   23  112 263 -319  0
3823500 2818500 11 18 12   7.0 1024 269  1.8 3  5.0  82   97  139 268 -324  0
3823500 2818500 11 18 13   8.6 1023 287  2.3 2  5.1  78  174  121 260 -333  0
3823500 2818500 11 18 14   9.0 1022 284  1.6 3  5.0  72  139  115 260 -338  0
3823500 2818500 11 18 15   8.2 1021 257  1.3 5  5.0  72   63   92 270 -339  0
3823500 2818500 11 18 16   7.7 1021 241  1.2 6  5.0  76   23   45 275 -335  0
3823500 2818500 11 18 17   6.6 1020 221  1.0 7  5.0  80    0    3 272 -329  0
3823500 2818500 11 18 18   5.1 1020 198  0.9 7  4.9  86    0    0 269 -323  0
3823500 2818500 11 18 19   4.2 1019 200  1.0 7  4.7  90    0    0 266 -321  0
3823500 2818500 11 18 20   4.2 1018 194  1.4 6  4.5  89    0    0 261 -320  0
3823500 2818500 11 18 21   4.7 1017 194  1.1 6  4.4  85    0    0 258 -320  0
3823500 2818500 11 18 22   4.6 1015 190  0.7 8  4.3  81    0    0 268 -321  0
3823500 2818500 11 18 23   4.6 1015 190  0.9 8  4.1  79    0    0 279 -322  0
3823500 2818500 11 18 24   4.6 1014 188  1.0 7  4.0  76    0    0 276 -323  0
3823500 2818500 11 19  1   4.7 1012 182  1.1 7  4.1  77    0    0 278 -323  0
3823500 2818500 11 19  2   4.7 1011 184  1.6 7  4.2  79    0    0 283 -323  0
3823500 2818500 11 19  3   4.8 1009 193  1.6 8  4.3  80    0    0 292 -323  0
3823500 2818500 11 19  4   4.8 1008 186  2.0 8  4.3  79    0    0 301 -324  0
3823500 2818500 11 19  5   4.9 1007 190  2.4 7  4.3  80    0    0 304 -325  0
3823500 2818500 11 19  6   5.2 1006 195  2.4 7  4.3  78    0    0 307 -325  0
3823500 2818500 11 19  7   5.4 1005 199  2.5 8  4.2  76    0    0 315 -325  0
3823500 2818500 11 19  8   5.0 1004 202  2.0 8  4.4  79    0    0 321 -326  0
3823500 2818500 11 19  9   5.4 1004 213  2.1 8  4.6  82    0   19 323 -327  0
3823500 2818500 11 19 10   5.2 1004 213  2.4 8  4.7  85    0   35 327 -329  0
3823500 2818500 11 19 11   5.8 1003 216  3.3 6  5.0  88    2   79 327 -330  0
3823500 2818500 11 19 12   6.2 1003 223  3.2 6  5.1  88    0   66 329 -333  0
3823500 2818500 11 19 13   6.1 1003 229  3.1 7  5.4  90    0   46 333 -335  0
3823500 2818500 11 19 14   6.5 1002 233  2.6 8  5.6  94    0   33 340 -336  0
3823500 2818500 11 19 15   7.0 1002 249  2.6 7  5.9  95    0   36 342 -337  0
3823500 2818500 11 19 16   7.4 1002 254  2.3 8  6.1  96    0   12 343 -338  0
3823500 2818500 11 19 17   7.6 1003 244  1.9 7  6.3  97    0    0 343 -339  0
3823500 2818500 11 19 18   7.6 1003 246  1.7 7  6.4  97    0    0 337 -341  0
3823500 2818500 11 19 19   7.6 1003 279  2.4 7  6.3  96    0    0 336 -344  0
3823500 2818500 11 19 20   7.6 1004 282  2.5 7  6.2  95    0    0 334 -346  0
3823500 2818500 11 19 21   7.4 1004 272  2.2 5  6.1  93    0    0 320 -347  0
3823500 2818500 11 19 22   6.6 1005 291  2.0 5  5.8  92    0    0 306 -346  0
3823500 2818500 11 19 23   5.9 1005 283  0.9 4  5.4  90    0    0 298 -345  0
3823500 2818500 11 19 24   5.4 1006 269  1.3 4  5.1  89    0    0 287 -344  0
3823500 2818500 11 20  1   5.0 1007 249  1.3 2  4.9  88    0    0 269 -344  0
3823500 2818500 11 20  2   4.7 1007 259  1.3 2  4.8  89    0    0 248 -343  0
3823500 2818500 11 20  3   4.5 1007 248  1.0 4  4.8  90    0    0 254 -344  0
3823500 2818500 11 20  4   5.7 1007 259  1.4 6  4.9  89    0    0 280 -344  0
3823500 2818500 11 20  5   5.9 1007 255  1.4 7  5.1  88    0    0 305 -344  0
3823500 2818500 11 20  6   6.2 1007 253  2.1 7  5.2  88    0    0 314 -345  0
3823500 2818500 11 20  7   5.9 1008 244  1.8 7  5.2  89    0    0 317 -345  0
3823500 2818500 11 20  8   6.0 1008 243  2.1 6  5.2  90    0    0 311 -345  0
3823500 2818500 11 20  9   6.5 1008 234  1.8 7  5.4  90    0   19 314 -346  0
3823500 2818500 11 20 10   7.4 1008 240  2.5 7  5.6  90    7   67 325 -348  0
3823500 2818500 11 20 11   8.5 1008 234  3.2 7  5.8  87   24  115 329 -349  0
3823500 2818500 11 20 12   9.2 1008 245  4.0 7  6.0  84   15  126 333 -353  0
3823500 2818500 11 20 13   9.4 1008 254  4.2 6  6.1  83    9  117 329 -357  0
3823500 2818500 11 20 14   9.7 1007 253  3.8 5  6.1  82   19  112 318 -361  0
3823500 2818500 11 20 15   9.6 1007 248  4.2 7  6.2  83    1   56 325 -363  0
3823500 2818500 11 20 16   9.6 1006 244  3.8 8  6.4  85    0   11 345 -363  0
3823500 2818500 11 20 17   9.4 1006 244  3.7 7  6.5  87    0    0 346 -361  0
3823500 2818500 11 20 18   9.3 1006 245  2.9 8  6.4  87    0    0 347 -360  0
3823500 2818500 11 20 19   9.4 1005 248  3.5 7  6.4  86    0    0 346 -359  0
3823500 2818500 11 20 20   9.3 1005 253  4.1 6  6.2  84    0    0 332 -359  0
3823500 2818500 11 20 21   9.2 1005 249  4.7 7  6.1  83    0    0 330 -358  0
3823500 2818500 11 20 22   8.6 1005 241  4.0 7  6.0  83    0    0 336 -359  0
3823500 2818500 11 20 23   8.7 1004 237  4.4 7  6.0  85    0    0 335 -359  0
3823500 2818500 11 20 24   8.7 1004 241  4.7 8  6.1  86    0    0 343 -359  0
3823500 2818500 11 21  1   8.7 1003 233  4.6 8  6.2  88    0    0 351 -360  0
3823500 2818500 11 21  2   8.5 1002 236  4.1 8  6.5  92    0    0 351 -360  0
3823500 2818500 11 21  3   8.8 1001 243  4.3 8  6.6  94    0    0 353 -361  0
3823500 2818500 11 21  4   8.8 1001 245  4.8 8  6.8  95    0    0 355 -362  0
3823500 2818500 11 21  5   8.9 1000 247  4.6 8  6.8  95    0    0 355 -362  0
3823500 2818500 11 21  6   8.9  999 249  5.0 8  6.9  96    0    0 355 -362  0
3823500 2818500 11 21  7   9.2  999 244  5.0 8  7.1  97    0    0 355 -362  0
3823500 2818500 11 21  8   9.4  999 255  4.6 8  7.2  97    0    0 355 -362  0
3823500 2818500 11 21  9  10.2  999 262  4.2 8  7.3  95    0    2 356 -363  0
3823500 2818500 11 21 10   9.7  999 267  4.2 7  7.1  92    0   23 348 -364  0
3823500 2818500 11 21 11   9.7  999 271  4.4 7  6.6  86    0   30 337 -366  0
3823500 2818500 11 21 12   9.9 1000 279  3.8 7  6.1  80    0   79 332 -367  0
3823500 2818500 11 21 13  10.0 1000 274  3.7 6  6.0  78    3  100 322 -367  0
3823500 2818500 11 21 14   9.7  999 276  3.8 7  6.0  78    0   72 321 -365  0
3823500 2818500 11 21 15   9.3  999 300  4.2 7  5.9  79    1   60 327 -362  0
3823500 2818500 11 21 16   8.4  998 287  5.7 8  5.8  81    0   17 331 -358  0
3823500 2818500 11 21 17   8.8  998 270  3.3 8  5.8  82    0    0 335 -355  0
3823500 2818500 11 21 18   7.4  998 277  4.1 8  5.6  82    0    0 330 -352  0
3823500 2818500 11 21 19   5.7  999 273  4.5 8  5.3  86    0    0 324 -350  0
3823500 2818500 11 21 20   5.7  999 273  2.9 8  5.1  89    0    0 320 -347  0
3823500 2818500 11 21 21   6.3  999 266  2.2 8  5.1  87    0    0 321 -344  0
3823500 2818500 11 21 22   6.1  999 262  1.9 8  5.2  87    0    0 322 -341  0
3823500 2818500 11 21 23   5.9  999 264  2.6 8  5.2  88    0    0 323 -340  0
3823500 2818500 11 21 24   5.9  998 254  2.5 8  5.3  90    0    0 324 -341  0
3823500 2818500 11 22  1   6.1  998 252  2.2 7  5.3  90    0    0 317 -342  0
3823500 2818500 11 22  2   6.3  997 249  2.7 7  5.4  90    0    0 310 -343  0
3823500 2818500 11 22  3   6.3  996 249  3.0 6  5.4  90    0    0 304 -343  0
3823500 2818500 11 22  4   5.9  995 259  2.1 7  5.4  91    0    0 304 -343  0
3823500 2818500 11 22  5   5.8  993 249  2.3 8  5.4  92    0    0 318 -343  0
3823500 2818500 11 22  6   5.3  991 254  3.0 6  5.2  91    0    0 310 -344  0
3823500 2818500 11 22  7   5.3  990 284  3.7 6  5.1  89    0    0 295 -343  0
3823500 2818500 11 22  8   5.2  989 278  3.3 7  5.0  89    0    0 300 -343  0
3823500 2818500 11 22  9   4.8  989 280  4.4 7  4.9  88    0   18 303 -341  0
3823500 2818500 11 22 10   5.1  989 269  4.3 6  4.7  84   29   45 291 -337  0
3823500 2818500 11 22 11   5.7  988 302  6.1 8  4.7  82    0   55 296 -335  0
3823500 2818500 11 22 12   2.4  988 318  4.8 7  4.5  86    0   63 296 -334  0
3823500 2818500 11 22 13   2.1  988 336  4.0 7  4.3  93    0   57 280 -333  0
3823500 2818500 11 22 14   2.5  991 288  2.8 7  4.3  93   24   77 278 -333  0
3823500 2818500 11 22 15   2.0  992 295  2.9 8  4.2  92    0   27 282 -331  0
3823500 2818500 11 22 16   1.5  993 288  4.2 8  4.1  93    0    6 282 -327  0
3823500 2818500 11 22 17   1.0  994 292  2.9 8  4.0  94    0    0 276 -322  0
3823500 2818500 11 22 18   1.0  994 278  3.3 6  3.9  93    0    0 262 -320  0
3823500 2818500 11 22 19   0.7  995 281  3.4 5  3.8  92    0    0 246 -318  0
3823500 2818500 11 22 20   0.7  995 273  1.8 5  3.7  92    0    0 240 -316  0
3823500 2818500 11 22 21   0.9  995 274  1.7 5  3.7  90    0    0 241 -315  0
3823500 2818500 11 22 22   0.4  995 270  2.8 4  3.7  91    0    0 237 -316  0
3823500 2818500 11 22 23   0.2  995 287  2.1 4  3.7  93    0    0 232 -316  0
3823500 2818500 11 22 24   0.2  995 290  2.1 4  3.6  92    0    0 232 -316  0
3823500 2818500 11 23  1   0.3  994 284  1.6 5  3.5  90    0    0 237 -316  0
3823500 2818500 11 23  2   0.2  994 276  3.7 5  3.5  89    0    0 243 -316  0
3823500 2818500 11 23  3   0.1  994 288  3.5 5  3.5  91    0    0 245 -316  0
3823500 2818500 11 23  4  -0.1  994 269  3.1 4  3.5  91    0    0 244 -314  0
3823500 2818500 11 23  5   0.1  993 270  3.1 5  3.5  90    0    0 245 -313  0
3823500 2818500 11 23  6  -0.1  993 266  3.1 6  3.5  91    0    0 254 -314  0
3823500 2818500 11 23  7   0.0  993 286  3.1 7  3.6  93    0    0 263 -315  0
3823500 2818500 11 23  8  -0.1  994 271  2.1 7  3.7  95    0    0 267 -315  0
3823500 2818500 11 23  9   0.2  994 287  3.6 7  3.8  97    0    4 267 -315  0
3823500 2818500 11 23 10   0.8  994 297  3.7 8  3.9  96    0   19 273 -316  0
3823500 2818500 11 23 11   0.7  994 278  3.3 8  3.9  96    0   26 278 -316  0
3823500 2818500 11 23 12   0.7  995 293  3.1 8  3.9  96    0   65 279 -317  0
3823500 2818500 11 23 13   1.3  995 296  3.0 7  3.9  95    0   75 275 -318  0
3823500 2818500 11 23 14   1.7  995 285  3.0 7  3.9  91    4   82 271 -319  0
3823500 2818500 11 23 15   2.1  995 321  2.0 8  3.9  88    2   57 278 -318  0
3823500 2818500 11 23 16   1.8  995 273  0.9 8  3.9  89    0   21 283 -317  0
3823500 2818500 11 23 17   1.2  996 283  1.7 8  3.9  91    0    0 281 -316  0
3823500 2818500 11 23 18   0.9  996 280  2.5 8  3.9  93    0    0 279 -315  0
3823500 2818500 11 23 19   1.1  997 299  1.4 7  3.9  94    0    0 275 -316  0
3823500 2818500 11 23 20   1.1  997 289  1.2 8  3.9  94    0    0 275 -316  0
3823500 2818500 11 23 21   1.3  998 305  0.6 8  4.0  95    0    0 280 -314  0
3823500 2818500 11 23 22   1.2  998 274  1.3 8  4.0  94    0    0 281 -311  0
3823500 2818500 11 23 23   1.0  998 276  1.1 8  4.0  95    0    0 282 -310  0
3823500 2818500 11 23 24   0.9  999 279  1.8 8  3.9  95    0    0 281 -308  0
3823500 2818500 11 24  1   0.5  999 259  2.0 5  3.9  95    0    0 267 -307  0
3823500 2818500 11 24  2   0.2  999 264  1.8 4  3.8  96    0    0 247 -306  0
3823500 2818500 11 24  3   0.1  999 280  2.0 3  3.8  97    0    0 236 -306  0
3823500 2818500 11 24  4  -0.1  999 257  1.5 4  3.7  98    0    0 236 -306  0
3823500 2818500 11 24  5   0.2  999 261  0.7 5  3.8  98    0    0 245 -307  0
3823500 2818500 11 24  6   0.2  999 243  1.4 5  3.8  99    0    0 250 -308  0
3823500 2818500 11 24  7   0.2  998 243  2.0 4  3.8  98    0    0 244 -309  0
3823500 2818500 11 24  8   0.1  998 236  2.4 4  3.8  96    0    0 237 -308  0
3823500 2818500 11 24  9   0.2  997 233  2.5 4  3.7  96    0   11 235 -306  0
3823500 2818500 11 24 10   0.8  997 237  2.6 6  3.8  94   19   55 244 -307  0
3823500 2818500 11 24 11   1.6  996 237  2.8 6  3.9  92   40   84 258 -310  0
3823500 2818500 11 24 12   1.8  996 224  2.8 6  4.0  91   15   99 261 -315  0
3823500 2818500 11 24 13   1.7  994 220  4.1 7  3.9  90   37  105 269 -318  0
3823500 2818500 11 24 14   1.4  993 211  4.2 8  3.8  88    1   70 282 -319  0
3823500 2818500 11 24 15   1.4  991 208  3.3 7  3.7  87   10   61 284 -319  0
3823500 2818500 11 24 16   1.1  990 195  2.7 8  3.7  86    0   11 286 -317  0
3823500 2818500 11 24 17   0.8  988 181  1.7 8  3.6  87    0    0 293 -316  0
3823500 2818500 11 24 18   0.1  986 166  3.1 8  3.6  91    0    0 296 -316  0
3823500 2818500 11 24 19   0.1  984 143  2.8 8  3.7  94    0    0 298 -315  0
3823500 2818500 11 24 20   0.1  982 139  3.1 8  3.7  93    0    0 301 -316  0
3823500 2818500 11 24 21   0.1  980 137  2.7 7  3.7  93    0    0 300 -316  0
3823500 2818500 11 24 22   0.0  979 132  2.7 8  3.7  94    0    0 302 -317  0
3823500 2818500 11 24 23  -0.1  978 124  2.1 8  3.7  95    0    0 308 -319  0
3823500 2818500 11 24 24  -0.2  977 115  1.4 8  3.7  95    0    0 309 -320  0
3823500 2818500 11 25  1  -0.2  976 123  1.0 8  3.7  96    0    0 309 -320  0
3823500 2818500 11 25  2  -0.2  976 115  0.7 8  3.8  98    0    0 308 -320  0
3823500 2818500 11 25  3  -0.3  976 110  0.5 8  3.8  98    0    0 308 -320  0
3823500 2818500 11 25  4  -0.2  976  81  0.5 8  3.8  99    0    0 308 -320  0
3823500 2818500 11 25  5  -0.2  977  91  0.3 8  3.8  99    0    0 308 -320  0
3823500 2818500 11 25  6  -0.2  977  65  0.3 8  3.8  99    0    0 308 -320  0
3823500 2818500 11 25  7  -0.3  978  71  0.2 8  3.8  99    0    0 307 -320  0
3823500 2818500 11 25  8  -0.3  978  33  0.7 8  3.8  99    0    0 306 -320  0
3823500 2818500 11 25  9  -0.4  980  52  1.1 8  3.8  99    0   10 305 -320  0
3823500 2818500 11 25 10  -0.2  981  33  1.8 7  3.8  98    0   32 298 -320  0
3823500 2818500 11 25 11   0.0  982  39  2.0 8  3.7  96    0   26 296 -320  0
3823500 2818500 11 25 12   0.2  984  36  1.4 7  3.7  95    0   49 295 -319  0
3823500 2818500 11 25 13   0.0  985  32  1.6 6  3.7  93    9   91 279 -318  0
3823500 2818500 11 25 14   0.0  986  17  0.6 4  3.6  92   65   73 259 -318  0
3823500 2818500 11 25 15   0.1  988  10  0.7 3  3.5  89   17   58 240 -317  0
3823500 2818500 11 25 16  -0.2  989 325  0.4 2  3.3  86   11   23 228 -315  0
3823500 2818500 11 25 17  -2.1  990 314  0.2 1  3.2  90    0    0 213 -310  0
3823500 2818500 11 25 18  -3.5  991 282  0.3 0  3.1  97    0    0 195 -304  0
3823500 2818500 11 25 19  -3.5  992 240  0.7 0  3.0 100    0    0 187 -297  0
3823500 2818500 11 25 20  -3.3  992 247  1.0 1  3.0 100    0    0 193 -289  0
3823500 2818500 11 25 21  -3.5  993 253  1.3 1  3.0 100    0    0 198 -282  0
3823500 2818500 11 25 22  -1.4  993 278  2.6 4  3.2 100    0    0 215 -276  0
3823500 2818500 11 25 23  -1.4  993 185  2.4 5  3.5 100    0    0 236 -266  0
3823500 2818500 11 25 24  -0.5  994 271  2.1 5  3.6  99    0    0 243 -251  0
3823500 2818500 11 26  1  -0.9  994 268  1.6 5  3.6  98    0    0 243 -245  0
3823500 2818500 11 26  2  -1.1  994 250  1.7 4  3.5  98    0    0 238 -262  0
3823500 2818500 11 26  3  -1.4  995 241  1.2 5  3.5  99    0    0 238 -280  0
3823500 2818500 11 26  4  -2.4  995 205  0.9 5  3.4 100    0    0 242 -287  0
3823500 2818500 11 26  5  -3.4  996 205  0.5 4  3.1 100    0    0 235 -293  0
3823500 2818500 11 26  6  -1.8  996 200  1.3 4  3.2 100    0    0 233 -299  0
3823500 2818500 11 26  7  -2.3  997 238  1.2 5  3.3 100    0    0 240 -304  0
3823500 2818500 11 26  8  -1.8  998 235  1.4 6  3.3 100    0    0 250 -306  0
3823500 2818500 11 26  9  -1.3  998 245  0.8 7  3.4 100    3   16 262 -303  0
3823500 2818500 11 26 10  -0.4  999 199  0.6 6  3.6 100   12   43 265 -299  0
3823500 2818500 11 26 11   0.8 1000 298  0.4 7  3.9 100    0   48 269 -298  0
3823500 2818500 11 26 12   1.4 1001 290  0.4 7  4.1  98    0   60 278 -299  0
3823500 2818500 11 26 13   1.9 1002 297  0.6 7  4.2  96    0   66 282 -300  0
3823500 2818500 11 26 14   1.8 1003 278  0.4 7  4.2  95    0   61 284 -300  0
3823500 2818500 11 26 15   2.1 1004 289  0.7 7  4.2  95    6   50 284 -299  0
3823500 2818500 11 26 16   1.5 1005 283  0.3 7  4.2  96   12   18 282 -296  0
3823500 2818500 11 26 17   1.2 1006 235  0.3 7  4.1  98    0    0 280 -293  0
3823500 2818500 11 26 18   0.8 1007 227  0.7 8  4.1  99    0    0 281 -290  0
3823500 2818500 11 26 19   0.8 1008 244  0.9 8  4.0 100    0    0 283 -288  0
3823500 2818500 11 26 20   0.6 1009 198  1.8 7  4.0 100    0    0 277 -286  0
3823500 2818500 11 26 21   0.4 1010 314  1.0 7  4.0 100    0    0 272 -286  0
3823500 2818500 11 26 22  -0.1 1011 258  0.4 7  3.8 100    0    0 272 -288  0
3823500 2818500 11 26 23  -0.1 1011 245  1.3 4  3.7  99    0    0 260 -292  0
3823500 2818500 11 26 24  -1.0 1012 239  0.8 2  3.6  99    0    0 239 -299  0
3823500 2818500 11 27  1  -0.5 1012 207  0.8 5  3.6  99    0    0 242 -304  0
3823500 2818500 11 27  2   0.3 1013 221  0.7 6  3.8 100    0    0 261 -304  0
3823500 2818500 11 27  3   1.1 1013 202  1.1 6  4.0 100    0    0 269 -301  0
3823500 2818500 11 27  4   0.9 1013 226  1.2 6  4.1 100    0    0 272 -301  0
3823500 2818500 11 27  5   0.9 1014 234  0.8 6  4.0 100    0    0 273 -302  0
3823500 2818500 11 27  6   1.2 1014 278  0.8 7  4.0  99    0    0 278 -304  0
3823500 2818500 11 27  7   1.2 1014 239  1.1 7  4.1  99    0    0 286 -306  0
3823500 2818500 11 27  8   1.6 1014 243  0.9 7  4.2  99    0    0 290 -310  0
3823500 2818500 11 27  9   2.0 1014 222  1.2 8  4.2  98    0    9 298 -315  0
3823500 2818500 11 27 10   2.6 1015 229  1.1 7  4.3  96    0   37 301 -318  0
3823500 2818500 11 27 11   3.3 1015 225  2.2 7  4.4  94    0   67 301 -319  0
3823500 2818500 11 27 12   3.3 1015 232  1.8 7  4.4  92    0   75 304 -320  0
3823500 2818500 11 27 13   3.5 1016 236  2.4 7  4.5  93    0   73 307 -320  0
3823500 2818500 11 27 14   4.1 1015 238  2.6 6  4.6  92    8  106 305 -320  0
3823500 2818500 11 27 15   4.6 1015 240  2.8 6  4.7  91   10   85 304 -320  0
3823500 2818500 11 27 16   4.8 1014 244  2.3 6  4.8  90    4   34 306 -320  0
3823500 2818500 11 27 17   5.0 1014 239  2.4 7  4.8  90    0    0 313 -320  0
3823500 2818500 11 27 18   4.8 1014 233  2.7 7  4.9  91    0    0 319 -320  0
3823500 2818500 11 27 19   4.8 1014 237  2.7 8  5.0  93    0    0 324 -320  0
3823500 2818500 11 27 20   4.7 1014 238  3.0 8  5.1  96    0    0 329 -320  0
3823500 2818500 11 27 21   4.8 1014 240  2.9 8  5.1  96    0    0 330 -320  0
3823500 2818500 11 27 22   4.7 1014 232  2.7 8  5.1  96    0    0 331 -320  0
3823500 2818500 11 27 23   4.8 1014 235  2.4 8  5.1  97    0    0 331 -320  0
3823500 2818500 11 27 24   5.0 1014 226  2.3 8  5.2  96    0    0 331 -320  0
3823500 2818500 11 28  1   5.0 1014 228  2.6 8  5.2  96    0    0 332 -320  0
3823500 2818500 11 28  2   4.9 1013 221  2.8 8  5.2  97    0    0 332 -320  0
3823500 2818500 11 28  3   4.9 1013 225  2.8 8  5.2  97    0    0 332 -320  0
3823500 2818500 11 28  4   4.8 1013 218  2.4 7  5.2  97    0    0 327 -320  0
3823500 2818500 11 28  5   4.8 1012 215  2.2 7  5.2  97    0    0 322 -320  0
3823500 2818500 11 28  6   4.9 1011 206  2.3 8  5.2  97    0    0 326 -320  0
3823500 2818500 11 28  7   5.0 1011 204  2.3 8  5.2  96    0    0 332 -320  0
3823500 2818500 11 28  8   5.0 1010 204  2.6 8  5.2  95    0    0 330 -320  0
3823500 2818500 11 28  9   4.9 1010 210  3.0 8  5.2  96    0    3 329 -322  0
3823500 2818500 11 28 10   5.0 1010 208  3.2 7  5.2  96    0   18 323 -324  0
3823500 2818500 11 28 11   5.1 1010 206  3.1 8  5.3  97    0   24 320 -326  0
3823500 2818500 11 28 12   5.4 1010 202  3.7 8  5.3  96    0   34 323 -328  0
3823500 2818500 11 28 13   5.5 1009 206  3.8 7  5.4  96    0   60 315 -331  0
3823500 2818500 11 28 14   5.7 1008 202  3.3 7  5.4  95    0   38 309 -333  0
3823500 2818500 11 28 15   5.8 1007 199  3.2 7  5.4  94    0   26 306 -333  0
3823500 2818500 11 28 16   5.8 1006 200  3.1 8  5.4  93    0   10 309 -332  0
3823500 2818500 11 28 17   5.9 1006 198  3.3 8  5.3  91    0    0 311 -329  0
3823500 2818500 11 28 18   6.0 1005 198  3.4 8  5.2  88    0    0 310 -328  0
3823500 2818500 11 28 19   5.9 1005 199  3.2 8  5.0  86    0    0 309 -327  0
3823500 2818500 11 28 20   5.7 1004 198  4.0 8  4.9  84    0    0 307 -325  0
3823500 2818500 11 28 21   5.3 1004 207  3.5 8  4.7  83    0    0 305 -322  0
3823500 2818500 11 28 22   4.6 1004 200  3.4 7  4.7  86    0    0 297 -320  0
3823500 2818500 11 28 23   4.4 1003 198  2.3 7  4.7  88    0    0 290 -319  0
3823500 2818500 11 28 24   4.7 1003 202  2.9 8  4.5  84    0    0 291 -319  0
3823500 2818500 11 29  1   4.6 1002 199  1.9 8  4.2  79    0    0 293 -319  0
3823500 2818500 11 29  2   4.2 1002 206  2.4 8  4.1  78    0    0 292 -319  0
3823500 2818500 11 29  3   3.7 1001 187  2.5 8  4.1  80    0    0 291 -319  0
3823500 2818500 11 29  4   3.7 1001 188  1.9 8  4.1  82    0    0 289 -320  0
3823500 2818500 11 29  5   3.6 1000 167  1.4 7  4.0  81    0    0 284 -320  0
3823500 2818500 11 29  6   3.3  999 188  2.0 7  4.0  80    0    0 278 -320  0
3823500 2818500 11 29  7   3.3  998 187  1.7 7  3.9  81    0    0 276 -320  0
3823500 2818500 11 29  8   3.4  998 196  1.6 7  3.9  80    0    0 275 -320  0
3823500 2818500 11 29  9   3.4  997 182  1.7 7  4.0  80    0    4 274 -319  0
3823500 2818500 11 29 10   3.5  997 183  1.6 7  4.0  81    0   50 274 -319  0
3823500 2818500 11 29 11   3.7  997 190  2.3 7  4.0  81    6   94 275 -319  0
3823500 2818500 11 29 12   4.1  997 194  2.4 7  4.1  80    3  101 277 -320  0
3823500 2818500 11 29 13   4.1  996 189  2.5 8  4.1  79    0   63 281 -324  0
3823500 2818500 11 29 14   3.9  995 194  2.5 8  4.2  81    0   76 285 -327  0
3823500 2818500 11 29 15   3.7  995 178  1.6 6  4.2  83    8   81 276 -327  0
3823500 2818500 11 29 16   3.7  994 167  1.0 8  4.2  84    3   33 274 -324  0
3823500 2818500 11 29 17   3.3  993 142  0.5 8  4.2  86    0    0 282 -320  0
3823500 2818500 11 29 18   3.4  993 138  0.8 8  4.3  86    0    0 281 -319  0
3823500 2818500 11 29 19   3.3  992 132  0.4 8  4.2  86    0    0 279 -316  0
3823500 2818500 11 29 20   3.1  992 122  0.3 7  4.2  85    0    0 274 -314  0
3823500 2818500 11 29 21   2.2  991 138  0.3 7  4.0  85    0    0 266 -315  0
3823500 2818500 11 29 22   1.8  991 136  0.3 8  3.8  86    0    0 268 -315  0
3823500 2818500 11 29 23   1.8  991  87  0.0 8  3.8  87    0    0 271 -315  0
3823500 2818500 11 29 24   1.6  990 134  0.1 8  3.9  88    0    0 270 -315  0
3823500 2818500 11 30  1   1.5  989 151  0.3 7  3.9  89    0    0 263 -314  0
3823500 2818500 11 30  2   1.5  989 153  0.1 7  3.9  89    0    0 254 -314  0
3823500 2818500 11 30  3   1.4  988 166  0.6 7  3.9  90    0    0 252 -313  0
3823500 2818500 11 30  4   1.4  988 160  0.6 8  3.9  91    0    0 261 -312  0
3823500 2818500 11 30  5   1.3  988 179  0.8 8  4.0  93    0    0 274 -311  0
3823500 2818500 11 30  6   1.7  987 162  0.9 8  4.1  94    0    0 275 -311  0
3823500 2818500 11 30  7   1.4  987 172  0.5 8  4.2  96    0    0 278 -311  0
3823500 2818500 11 30  8   1.5  987 186  0.9 8  4.2  98    0    0 280 -311  0
3823500 2818500 11 30  9   1.4  987 191  0.8 8  4.3  99    0    1 282 -312  0
3823500 2818500 11 30 10   1.8  987 177  1.1 8  4.3  99    0   11 283 -312  0
3823500 2818500 11 30 11   2.2  987 200  1.2 8  4.4  98    0   32 284 -315  0
3823500 2818500 11 30 12   2.4  987 198  2.1 7  4.4  96    1   92 280 -318  0
3823500 2818500 11 30 13   2.6  987 209  2.1 7  4.3  93    7  120 276 -319  0
3823500 2818500 11 30 14   3.1  986 206  1.6 8  4.3  90    3   91 283 -320  0
3823500 2818500 11 30 15   3.3  986 203  1.4 7  4.2  86    3   68 287 -321  0
3823500 2818500 11 30 16   3.0  986 198  0.9 8  4.2  86    2   30 290 -321  0
3823500 2818500 11 30 17   2.4  986 179  0.6 8  4.2  88    0    0 294 -320  0
3823500 2818500 11 30 18   1.9  987 177  0.8 8  4.1  91    0    0 294 -319  0
3823500 2818500 11 30 19   1.9  987 178  0.5 6  4.1  92    0    0 284 -318  0
3823500 2818500 11 30 20   1.2  988 126  0.6 6  4.1  93    0    0 272 -316  0
3823500 2818500 11 30 21   0.6  988  89  0.7 7  4.0  96    0    0 275 -314  0
3823500 2818500 11 30 22   0.4  988  87  1.1 5  3.9  98    0    0 268 -311  0
3823500 2818500 11 30 23   0.3  988 104  0.9 4  3.9  98    0    0 250 -308  0
3823500 2818500 11 30 24  -0.3  987 104  0.9 2  3.8  98    0    0 231 -306  0
3823500 2818500 12  1  1  -0.8  987 103  0.7 2  3.7  98    0    0 216 -305  0
3823500 2818500 12  1  2  -1.1  987 103  0.8 1  3.6 100    0    0 207 -306  0
3823500 2818500 12  1  3  -1.2  987  48  0.6 1  3.6 100    0    0 197 -306  0
3823500 2818500 12  1  4  -1.6  987  74  0.5 1  3.5 100    0    0 194 -307  0
3823500 2818500 12  1  5  -1.3  986  64  0.8 1  3.5  99    0    0 189 -308  0
3823500 2818500 12  1  6  -0.9  986  77  1.2 3  3.5  98    0    0 197 -309  0
3823500 2818500 12  1  7  -0.9  986  85  0.8 5  3.6  98    0    0 225 -310  0
3823500 2818500 12  1  8  -0.5  986  81  1.0 7  3.5  96    0    0 256 -312  0
3823500 2818500 12  1  9  -0.1  986  74  0.9 7  3.6  94    0    6 271 -315  0
3823500 2818500 12  1 10   0.4  986  74  1.7 6  3.6  93    0   31 265 -317  0
3823500 2818500 12  1 11   0.8  986  96  1.4 7  3.7  91    0   28 267 -319  0
3823500 2818500 12  1 12   1.0  986  98  1.1 7  3.8  90    0   25 275 -320  0
3823500 2818500 12  1 13   0.8  986  94  0.9 8  3.9  93    0   26 281 -320  0
3823500 2818500 12  1 14   0.8  986 105  1.0 8  3.9  95    0   26 288 -322  0
3823500 2818500 12  1 15   1.2  986 103  0.8 6  4.0  95    9   71 278 -324  0
3823500 2818500 12  1 16   1.7  986  98  0.6 8  4.1  94   25   40 280 -323  0
3823500 2818500 12  1 17   1.3  986 103  0.3 8  4.1  94    0    0 293 -321  0
3823500 2818500 12  1 18   1.9  986 139  0.6 7  4.1  95    0    0 289 -320  0
3823500 2818500 12  1 19   2.5  987 151  0.4 8  4.3  94    0    0 290 -320  0
3823500 2818500 12  1 20   2.4  987 126  0.1 8  4.4  94    0    0 298 -320  0
3823500 2818500 12  1 21   2.8  988 117  0.5 7  4.4  94    0    0 293 -320  0
3823500 2818500 12  1 22   2.6  988 114  0.7 8  4.4  94    0    0 294 -320  0
3823500 2818500 12  1 23   2.8  988 121  1.2 8  4.4  94    0    0 301 -320  0
3823500 2818500 12  1 24   2.0  988 120  0.8 7  4.3  93    0    0 294 -320  0
3823500 2818500 12  2  1   2.3  988 130  0.8 5  4.2  90    0    0 260 -321  0
3823500 2818500 12  2  2   2.6  988 139  0.9 5  4.1  89    0    0 259 -320  0
3823500 2818500 12  2  3   2.9  989 145  0.9 7  4.2  88    0    0 275 -320  0
3823500 2818500 12  2  4   2.9  989 119  0.3 7  4.2  89    0    0 290 -321  0
3823500 2818500 12  2  5   1.7  989 113  0.1 5  4.1  89    0    0 278 -321  0
3823500 2818500 12  2  6   1.3  988  82  0.1 3  3.9  90    0    0 253 -322  0
3823500 2818500 12  2  7   0.9  989 100  0.1 4  3.8  91    0    0 243 -322  0
3823500 2818500 12  2  8   0.0  989 114  0.1 3  3.8  94    0    0 241 -322  0
3823500 2818500 12  2  9  -0.9  989  49  0.1 2  3.6  96    2   13 225 -322  0
3823500 2818500 12  2 10  -0.4  990  79  0.0 3  3.6  97   31   64 227 -323  0
3823500 2818500 12  2 11   1.0  990 348  0.1 3  3.8  96   73  107 238 -324  0
3823500 2818500 12  2 12   2.5  990 305  0.1 4  4.1  93   76  133 249 -324  0
3823500 2818500 12  2 13   4.1  990 321  0.1 6  4.2  86   55  140 271 -324  0
3823500 2818500 12  2 14   4.5  989 305  0.2 6  4.3  82   37  120 284 -327  0
3823500 2818500 12  2 15   4.6  989 317  0.6 7  4.4  82   26   82 290 -329  0
3823500 2818500 12  2 16   3.9  989 301  0.3 7  4.5  85    2   22 295 -328  0
3823500 2818500 12  2 17   3.2  990 302  0.7 8  4.5  89    0    0 298 -327  0
3823500 2818500 12  2 18   2.9  990 301  0.3 7  4.5  92    0    0 296 -325  0
3823500 2818500 12  2 19   2.7  991 268  0.2 7  4.5  94    0    0 292 -324  0
3823500 2818500 12  2 20   3.0  991 279  0.3 7  4.5  94    0    0 292 -324  0
3823500 2818500 12  2 21   3.2  991 275  0.3 7  4.6  95    0    0 294 -324  0
3823500 2818500 12  2 22   3.3  992 274  0.4 8  4.6  94    0    0 300 -324  0
3823500 2818500 12  2 23   4.3  992 267  1.3 7  4.8  91    0    0 306 -325  0
3823500 2818500 12  2 24   5.4  992 260  2.4 7  5.0  87    0    0 301 -325  0
3823500 2818500 12  3  1   6.5  972 252  3.7 7  5.2  83    0    0 314 -352  0
3823500 2818500 12  3  2   7.2  972 248  4.6 7  5.4  81    0    0 321 -350  0
3823500 2818500 12  3  3   7.5  972 248  4.9 7  5.5  81    0    0 326 -349  0
3823500 2818500 12  3  4   7.0  973 254  4.2 7  5.6  85    0    0 323 -346  0
3823500 2818500 12  3  5   7.0  974 256  3.8 8  5.6  87    0    0 327 -343  0
3823500 2818500 12  3  6   6.4  975 263  2.6 8  5.7  92    0    0 332 -342  0
3823500 2818500 12  3  7   6.3  977 263  2.7 8  5.7  93    0    0 331 -342  0
3823500 2818500 12  3  8   6.3  978 262  3.6 7  5.7  92    0    0 324 -339  0
3823500 2818500 12  3  9   6.2  979 263  3.5 6  5.6  91    1   12 311 -337  0
3823500 2818500 12  3 10   6.5  981 260  4.1 4  5.5  90   14   52 291 -338  0
3823500 2818500 12  3 11   6.6  982 262  4.9 5  5.4  87    2   68 282 -340  0
3823500 2818500 12  3 12   6.4  983 271  6.1 8  5.3  86    0   58 305 -342  0
3823500 2818500 12  3 13   7.5  984 281  6.3 7  5.3  83   14  103 317 -345  0
3823500 2818500 12  3 14   7.7  984 302  7.0 4  5.0  74   50  108 296 -347  0
3823500 2818500 12  3 15   6.7  985 284  6.4 7  4.6  71    8   58 295 -345  0
3823500 2818500 12  3 16   6.5  986 276  6.4 5  4.7  75   16   31 299 -343  0
3823500 2818500 12  3 17   6.3  988 271  5.5 5  4.6  76    0    0 289 -341  0
3823500 2818500 12  3 18   5.8  989 249  5.4 6  4.5  75    0    0 292 -342  0
3823500 2818500 12  3 19   5.6  990 242  4.6 6  4.3  74    0    0 295 -342  0
3823500 2818500 12  3 20   5.4  990 237  3.4 6  4.3  74    0    0 293 -342  0
3823500 2818500 12  3 21   4.8  990 234  2.8 6  4.4  78    0    0 291 -342  0
3823500 2818500 12  3 22   5.0  990 233  2.8 7  4.6  83    0    0 296 -342  0
3823500 2818500 12  3 23   5.4  991 241  3.0 7  4.7  84    0    0 304 -342  0
3823500 2818500 12  3 24   5.1  991 243  3.3 7  4.8  85    0    0 304 -342  0
3823500 2818500 12  4  1   4.3  992 245  2.4 6  4.7  88    0    0 295 -342  0
3823500 2818500 12  4  2   3.7  993 253  2.5 5  4.7  90    0    0 283 -342  0
3823500 2818500 12  4  3   3.5  994 249  1.4 4  4.6  92    0    0 274 -342  0
3823500 2818500 12  4  4   3.7  995 260  1.4 4  4.6  92    0    0 272 -341  0
3823500 2818500 12  4  5   3.5  996 255  2.0 3  4.6  92    0    0 267 -338  0
3823500 2818500 12  4  6   3.6  997 258  2.4 3  4.6  92    0    0 260 -336  0
3823500 2818500 12  4  7   3.9  999 252  1.9 4  4.6  91    0    0 264 -335  0
3823500 2818500 12  4  8   3.5 1000 253  2.0 4  4.6  92    0    0 267 -337  0
3823500 2818500 12  4  9   3.7 1001 253  2.2 6  4.7  94    0    9 274 -339  0
3823500 2818500 12  4 10   5.0 1003 244  2.6 6  4.8  92    5   48 285 -344  0
3823500 2818500 12  4 11   5.7 1003 252  2.7 6  5.0  89    7   82 287 -347  0
3823500 2818500 12  4 12   6.6 1005 248  3.2 6  5.1  86   32  123 289 -350  0
3823500 2818500 12  4 13   7.7 1005 260  2.7 5  5.2  82   70  144 285 -352  0
3823500 2818500 12  4 14   7.9 1006 255  2.8 5  5.2  79   42  122 280 -352  0
3823500 2818500 12  4 15   7.3 1006 247  2.0 7  5.3  81    3   56 291 -352  0
3823500 2818500 12  4 16   7.2 1007 235  2.3 7  5.4  84    0   10 302 -349  0
3823500 2818500 12  4 17   6.9 1007 225  2.2 8  5.4  86    0    0 311 -346  0
3823500 2818500 12  4 18   7.1 1008 226  2.8 8  5.4  86    0    0 322 -345  0
3823500 2818500 12  4 19   7.0 1008 225  2.9 8  5.3  85    0    0 326 -346  0
3823500 2818500 12  4 20   7.0 1008 214  3.0 8  5.3  85    0    0 329 -346  0
3823500 2818500 12  4 21   7.1 1008 218  3.1 8  5.3  85    0    0 333 -346  0
3823500 2818500 12  4 22   7.2 1008 212  4.3 7  5.4  86    0    0 331 -346  0
3823500 2818500 12  4 23   7.4 1008 212  3.4 8  5.7  88    0    0 335 -346  0
3823500 2818500 12  4 24   7.7 1007 210  3.4 8  5.9  91    0    0 344 -348  0
3823500 2818500 12  5  1   8.3 1007 213  3.6 8  6.2  93    0    0 348 -350  0
3823500 2818500 12  5  2   8.7 1007 222  3.3 8  6.6  95    0    0 353 -352  0
3823500 2818500 12  5  3   9.2 1006 222  3.6 8  6.9  96    0    0 356 -354  0
3823500 2818500 12  5  4   9.8 1006 228  2.6 8  7.1  95    0    0 359 -357  0
3823500 2818500 12  5  5  10.2 1006 220  3.4 8  7.2  94    0    0 362 -359  0
3823500 2818500 12  5  6  10.3 1006 218  3.3 8  7.2  92    0    0 363 -360  0
3823500 2818500 12  5  7  10.3 1006 203  3.5 8  7.1  90    0    0 363 -362  0
3823500 2818500 12  5  8  10.7 1005 206  4.0 8  7.0  88    0    0 363 -363  0
3823500 2818500 12  5  9  10.8 1005 204  3.8 7  6.9  85    0    6 358 -364  0
3823500 2818500 12  5 10  11.3 1005 204  4.2 7  6.8  82    0   33 353 -365  0
3823500 2818500 12  5 11  11.8 1004 207  4.6 6  6.7  78    0   43 349 -367  0
3823500 2818500 12  5 12  12.1 1004 207  4.9 6  6.6  75    0   56 344 -368  0
3823500 2818500 12  5 13  12.4 1003 202  5.8 6  6.6  73    0   65 344 -369  0
3823500 2818500 12  5 14  12.6 1002 206  5.2 7  6.5  72    3   79 350 -370  0
3823500 2818500 12  5 15  12.4 1001 207  5.5 6  6.6  72   13   72 349 -371  0
3823500 2818500 12  5 16  12.2 1000 212  5.7 7  6.7  74    4   25 348 -371  0
3823500 2818500 12  5 17  11.6 1000 209  4.9 7  6.8  77    0    0 352 -371  0
3823500 2818500 12  5 18  10.7 1000 219  4.7 7  7.0  84    0    0 348 -370  0
3823500 2818500 12  5 19  10.6 1000 213  4.5 8  7.3  90    0    0 351 -370  0
3823500 2818500 12  5 20  10.9 1000 212  4.8 7  7.4  91    0    0 351 -368  0
3823500 2818500 12  5 21  11.1 1000 218  4.7 8  7.4  89    0    0 352 -367  0
3823500 2818500 12  5 22  10.0  999 228  4.5 7  6.9  86    0    0 350 -367  0
3823500 2818500 12  5 23   9.9  999 225  4.0 7  6.6  85    0    0 342 -366  0
3823500 2818500 12  5 24   9.8  999 242  4.9 7  6.6  86    0    0 340 -364  0
3823500 2818500 12  6  1  10.2 1000 241  3.7 6  6.7  86    0    0 333 -363  0
3823500 2818500 12  6  2  10.2 1001 250  4.1 6  6.6  84    0    0 326 -362  0
3823500 2818500 12  6  3   9.9 1001 242  4.0 5  6.4  82    0    0 316 -360  0
3823500 2818500 12  6  4   9.4 1002 243  4.9 6  6.2  82    0    0 313 -359  0
3823500 2818500 12  6  5   8.8 1002 239  3.8 5  6.0  83    0    0 312 -358  0
3823500 2818500 12  6  6   8.7 1002 234  4.1 6  6.0  84    0    0 312 -356  0
3823500 2818500 12  6  7   9.0 1003 233  4.5 8  6.0  84    0    0 328 -351  0
3823500 2818500 12  6  8   9.0 1003 237  4.5 8  6.0  83    0    0 339 -346  0
3823500 2818500 12  6  9   8.8 1004 236  4.0 6  5.9  83    0    0 326 -343  0
3823500 2818500 12  6 10   8.7 1004 233  4.2 8  5.9  83    0   36 327 -345  0
3823500 2818500 12  6 11   9.0 1004 226  4.3 7  6.0  83    9   73 334 -349  0
3823500 2818500 12  6 12   8.9 1004 220  3.1 8  6.1  85    0   48 337 -353  0
3823500 2818500 12  6 13   8.8 1003 207  3.0 7  6.3  88    0   44 338 -356  0
3823500 2818500 12  6 14   8.8 1002 193  3.2 8  6.6  92    0   36 339 -358  0
3823500 2818500 12  6 15   8.9 1000 197  3.8 7  6.7  94    0   22 341 -359  0
3823500 2818500 12  6 16   9.2  999 203  4.4 8  6.8  94    1   19 342 -360  0
3823500 2818500 12  6 17   9.7  998 217  5.0 8  7.0  94    0    0 351 -361  0
3823500 2818500 12  6 18   9.5  997 214  4.4 8  7.2  94    0    0 355 -362  0
3823500 2818500 12  6 19   9.6  996 212  4.5 8  7.2  95    0    0 357 -363  0
3823500 2818500 12  6 20  10.2  994 217  4.2 8  7.3  94    0    0 360 -365  0
3823500 2818500 12  6 21  10.7  994 222  4.5 8  7.6  94    0    0 363 -366  0
3823500 2818500 12  6 22  11.2  993 215  4.0 8  7.9  95    0    0 366 -368  0
3823500 2818500 12  6 23  11.8  992 219  4.5 8  8.3  96    0    0 369 -370  0
3823500 2818500 12  6 24  12.0  991 216  4.7 8  8.5  95    0    0 371 -372  0
3823500 2818500 12  7  1  12.2  989 205  5.3 8  8.5  94    0    0 371 -374  0
3823500 2818500 12  7  2  12.4  987 208  4.0 8  8.6  94    0    0 372 -375  0
3823500 2818500 12  7  3  12.6  985 217  4.8 8  8.7  94    0    0 373 -376  0
3823500 2818500 12  7  4  12.8  983 225  5.8 8  8.8  93    0    0 374 -376  0
3823500 2818500 12  7  5  12.8  982 237  6.3 8  8.8  92    0    0 374 -377  0
3823500 2818500 12  7  6  13.1  981 237  6.4 8  8.6  89    0    0 373 -377  0
3823500 2818500 12  7  7  12.9  980 247  7.0 8  8.3  86    0    0 373 -376  0
3823500 2818500 12  7  8  12.2  979 256  7.5 8  7.8  83    0    0 368 -373  0
3823500 2818500 12  7  9  11.1  980 258  8.9 7  7.0  79    0   11 355 -369  0
3823500 2818500 12  7 10   9.2  980 260  8.1 5  6.3  79    9   45 328 -366  0
3823500 2818500 12  7 11   9.1  981 243  7.2 6  6.1  82   10   75 316 -363  0
3823500 2818500 12  7 12   9.0  982 251  8.3 3  6.0  81   26   99 299 -362  0
3823500 2818500 12  7 13   9.1  982 231  8.2 6  5.9  80    0   74 294 -362  0
3823500 2818500 12  7 14   6.9  982 271  5.6 8  5.8  84    0   64 317 -361  0
3823500 2818500 12  7 15   7.6  984 262  5.2 4  5.7  87   48   64 301 -361  0
3823500 2818500 12  7 16   7.6  985 278  6.6 6  5.5  82    9   22 289 -360  0
3823500 2818500 12  7 17   7.5  986 264  6.6 5  5.2  78    0    0 292 -358  0
3823500 2818500 12  7 18   6.7  987 260  6.0 5  5.0  78    0    0 284 -355  0
3823500 2818500 12  7 19   7.1  988 272  4.9 6  5.0  80    0    0 286 -352  0
3823500 2818500 12  7 20   6.7  988 258  6.1 7  5.1  80    0    0 294 -349  0
3823500 2818500 12  7 21   6.6  989 250  4.9 6  5.1  82    0    0 293 -347  0
3823500 2818500 12  7 22   6.7  990 246  5.0 5  5.1  82    0    0 283 -346  0
3823500 2818500 12  7 23   6.7  990 243  5.2 5  5.1  81    0    0 277 -344  0
3823500 2818500 12  7 24   5.8  991 258  4.9 6  5.1  83    0    0 280 -343  0
3823500 2818500 12  8  1   5.6  992 263  4.0 6  5.1  87    0    0 283 -342  0
3823500 2818500 12  8  2   5.2  993 247  4.1 7  5.1  90    0    0 287 -342  0
3823500 2818500 12  8  3   5.3  994 255  4.5 7  5.1  91    0    0 293 -340  0
3823500 2818500 12  8  4   5.2  995 251  4.9 6  5.0  90    0    0 290 -337  0
3823500 2818500 12  8  5   5.1  995 259  3.8 6  5.0  90    0    0 285 -333  0
3823500 2818500 12  8  6   5.0  996 247  3.3 6  5.0  90    0    0 286 -330  0
3823500 2818500 12  8  7   5.3  996 244  3.4 6  5.0  89    0    0 285 -328  0
3823500 2818500 12  8  8   5.2  997 238  3.6 6  5.0  89    0    0 285 -331  0
3823500 2818500 12  8  9   5.4  997 238  2.8 5  5.0  89    0    5 278 -334  0
3823500 2818500 12  8 10   5.5  998 231  3.0 7  5.0  88    0   27 283 -334  0
3823500 2818500 12  8 11   6.0  998 231  3.8 6  5.0  85    0   52 288 -336  0
3823500 2818500 12  8 12   6.5  998 227  5.0 5  4.9  81   26  132 278 -339  0
3823500 2818500 12  8 13   6.4  998 218  4.2 6  4.7  78   22  133 277 -341  0
3823500 2818500 12  8 14   6.2  997 222  4.2 8  4.7  77    1   71 289 -342  0
3823500 2818500 12  8 15   6.1  996 216  4.6 7  4.7  78    3   59 292 -341  0
3823500 2818500 12  8 16   5.7  995 204  4.1 7  4.5  77    2   22 286 -337  0
3823500 2818500 12  8 17   5.7  994 191  3.6 7  4.4  76    0    0 284 -332  0
3823500 2818500 12  8 18   5.8  993 181  3.4 8  4.4  75    0    0 290 -329  0
3823500 2818500 12  8 19   5.6  991 175  4.2 7  4.3  74    0    0 293 -327  0
3823500 2818500 12  8 20   5.5  989 172  5.2 7  4.3  75    0    0 291 -326  0
3823500 2818500 12  8 21   5.0  987 165  4.8 8  4.5  79    0    0 296 -327  0
3823500 2818500 12  8 22   4.6  985 163  5.1 8  4.6  84    0    0 301 -327  0
3823500 2818500 12  8 23   3.5  983 167  6.1 8  4.7  89    0    0 301 -328  0
3823500 2818500 12  8 24   3.7  982 168  4.9 8  4.7  93    0    0 304 -330  0
3823500 2818500 12  9  1   4.7  980 180  4.9 8  5.0  94    0    0 311 -331  0
3823500 2818500 12  9  2   5.7  979 190  4.7 8  5.3  94    0    0 317 -332  0
3823500 2818500 12  9  3   6.4  978 198  4.5 8  5.6  93    0    0 322 -333  0
3823500 2818500 12  9  4   7.0  977 201  4.0 8  5.9  93    0    0 328 -332  0
3823500 2818500 12  9  5   7.5  977 213  3.4 8  6.2  94    0    0 332 -333  0
3823500 2818500 12  9  6   7.8  976 219  3.0 8  6.4  95    0    0 336 -335  0
3823500 2818500 12  9  7   8.0  977 219  2.5 7  6.5  94    0    0 334 -337  0
3823500 2818500 12  9  8   7.3  977 244  2.0 7  6.2  92    0    0 327 -341  0
3823500 2818500 12  9  9   6.9  978 235  2.7 5  5.8  90    0    4 314 -345  0
3823500 2818500 12  9 10   7.4  978 233  3.8 4  5.8  90   30   36 294 -349  0
3823500 2818500 12  9 11   8.1  979 219  3.6 3  6.0  88   82   50 280 -351  0
3823500 2818500 12  9 12   8.2  980 226  4.4 6  5.9  84    5   80 290 -354  0
3823500 2818500 12  9 13   8.7  980 219  3.8 5  5.9  82   38   87 301 -354  0
3823500 2818500 12  9 14   8.7  980 208  3.2 3  5.8  80   50   72 283 -354  0
3823500 2818500 12  9 15   8.8  980 199  2.7 6  5.6  76   16   51 291 -351  0
3823500 2818500 12  9 16   8.1  980 195  2.6 7  5.4  75    0   10 312 -349  0
3823500 2818500 12  9 17   7.2  980 182  1.8 4  5.2  77    0    0 297 -347  0
3823500 2818500 12  9 18   6.4  980 170  1.2 3  5.1  81    0    0 267 -345  0
3823500 2818500 12  9 19   6.2  980 169  1.9 4  5.1  82    0    0 262 -344  0
3823500 2818500 12  9 20   6.2  980 156  2.8 4  5.0  82    0    0 270 -344  0
3823500 2818500 12  9 21   5.9  980 146  2.2 6  5.0  82    0    0 283 -343  0
3823500 2818500 12  9 22   6.1  979 146  2.7 7  5.0  82    0    0 302 -343  0
3823500 2818500 12  9 23   5.9  979 140  2.2 7  5.0  83    0    0 309 -342  0
3823500 2818500 12  9 24   6.1  979 142  2.3 7  5.0  83    0    0 310 -342  0
3823500 2818500 12 10  1   5.9  979 128  2.3 8  5.1  86    0    0 318 -341  0
3823500 2818500 12 10  2   5.7  979 121  1.8 8  5.3  89    0    0 325 -339  0
3823500 2818500 12 10  3   5.7  979 130  1.8 8  5.4  91    0    0 325 -338  0
3823500 2818500 12 10  4   5.9  980 124  0.5 8  5.3  90    0    0 325 -338  0
3823500 2818500 12 10  5   5.8  980 103  0.8 7  5.3  89    0    0 319 -339  0
3823500 2818500 12 10  6   5.8  980 108  0.7 7  5.3  90    0    0 314 -339  0
3823500 2818500 12 10  7   5.7  981  97  0.4 7  5.4  91    0    0 314 -340  0
3823500 2818500 12 10  8   5.5  982  65  0.5 8  5.4  92    0    0 320 -340  0
3823500 2818500 12 10  9   5.3  983  56  0.8 7  5.4  93    0    5 321 -340  0
3823500 2818500 12 10 10   5.5  985  28  0.8 8  5.4  94    0   23 321 -341  0
3823500 2818500 12 10 11   5.5  986   2  1.6 8  5.4  94    0   28 327 -343  0
3823500 2818500 12 10 12   5.7  988   7  1.7 8  5.5  94    0   40 328 -344  0
3823500 2818500 12 10 13   6.0  989 342  2.1 8  5.5  93    0   24 327 -344  0
3823500 2818500 12 10 14   6.1  990 343  2.5 7  5.5  93    0   64 320 -346  0
3823500 2818500 12 10 15   6.3  991 343  3.0 5  5.5  92   10   69 300 -348  0
3823500 2818500 12 10 16   6.2  993 343  3.1 8  5.5  90    0    4 308 -348  0
3823500 2818500 12 10 17   5.8  994 332  3.0 8  5.4  90    0    0 329 -346  0
3823500 2818500 12 10 18   5.7  996 330  2.8 7  5.3  91    0    0 321 -344  0
3823500 2818500 12 10 19   5.7  997 321  2.4 7  5.3  92    0    0 314 -342  0
3823500 2818500 12 10 20   5.7  998 327  2.4 8  5.3  92    0    0 322 -342  0
3823500 2818500 12 10 21   5.5  999 332  2.6 7  5.3  93    0    0 322 -342  0
3823500 2818500 12 10 22   5.5 1000 325  2.1 7  5.3  93    0    0 314 -341  0
3823500 2818500 12 10 23   5.5 1002 327  2.3 7  5.3  92    0    0 314 -339  0
3823500 2818500 12 10 24   5.6 1003 332  2.4 7  5.2  92    0    0 315 -337  0
3823500 2818500 12 11  1   5.3 1004 323  1.6 8  5.2  92    0    0 322 -335  0
3823500 2818500 12 11  2   5.5 1005 325  2.5 8  5.2  92    0    0 329 -334  0
3823500 2818500 12 11  3   5.6 1005 336  2.5 8  5.3  93    0    0 330 -334  0
3823500 2818500 12 11  4   6.0 1006 320  2.2 8  5.3  92    0    0 331 -331  0
3823500 2818500 12 11  5   6.0 1007 331  3.7 8  5.2  90    0    0 330 -328  0
3823500 2818500 12 11  6   5.8 1008 321  3.4 7  5.1  88    0    0 323 -326  0
3823500 2818500 12 11  7   5.6 1008 318  3.5 7  5.0  87    0    0 315 -324  0
3823500 2818500 12 11  8   5.3 1009 328  3.5 7  4.9  86    0    0 315 -324  0
3823500 2818500 12 11  9   5.1 1011 326  3.5 7  4.7  86    0    3 315 -326  0
3823500 2818500 12 11 10   4.9 1012 344  3.4 6  4.7  87    3   40 308 -330  0
3823500 2818500 12 11 11   4.7 1012 322  3.4 7  4.7  88    1   62 309 -334  0
3823500 2818500 12 11 12   5.4 1014 318  3.2 6  4.8  87   35   96 310 -339  0
3823500 2818500 12 11 13   6.0 1014 336  3.5 7  4.9  86   23   98 311 -343  0
3823500 2818500 12 11 14   6.0 1014 334  3.4 7  4.9  84    7   78 317 -344  0
3823500 2818500 12 11 15   6.4 1015 333  3.6 4  4.8  81   36   61 295 -343  0
3823500 2818500 12 11 16   5.9 1015 333  2.7 5  4.7  80   21   24 282 -338  0
3823500 2818500 12 11 17   5.0 1016 326  2.0 5  4.6  82    0    0 285 -333  0
3823500 2818500 12 11 18   4.7 1017 322  1.4 4  4.5  84    0    0 279 -329  0
3823500 2818500 12 11 19   3.8 1018 321  1.7 4  4.4  86    0    0 272 -325  0
3823500 2818500 12 11 20   3.0 1019 316  1.5 4  4.2  88    0    0 269 -322  0
3823500 2818500 12 11 21   2.6 1019 328  1.4 4  4.2  90    0    0 267 -320  0
3823500 2818500 12 11 22   3.2 1020 336  0.6 6  4.3  92    0    0 279 -319  0
3823500 2818500 12 11 23   3.1 1021 349  0.3 6  4.4  94    0    0 292 -319  0
3823500 2818500 12 11 24   2.7 1021 315  0.1 6  4.4  94    0    0 293 -319  0
3823500 2818500 12 12  1   2.9 1022 351  0.5 7  4.4  94    0    0 299 -318  0
3823500 2818500 12 12  2   2.6 1023 347  0.4 7  4.3  94    0    0 305 -316  0
3823500 2818500 12 12  3   2.3 1023 331  0.3 5  4.2  94    0    0 292 -316  0
3823500 2818500 12 12  4   1.9 1024 350  0.1 4  4.2  96    0    0 276 -316  0
3823500 2818500 12 12  5   2.0 1024 345  0.1 5  4.2  98    0    0 275 -316  0
3823500 2818500 12 12  6   1.9 1025   6  0.3 7  4.2  97    0    0 291 -316  0
3823500 2818500 12 12  7   2.2 1025 353  0.5 8  4.2  97    0    0 307 -316  0
3823500 2818500 12 12  8   2.3 1026 325  0.1 8  4.3  98    0    0 314 -316  0
3823500 2818500 12 12  9   2.5 1026 322  0.4 8  4.3  98    0    0 317 -316  0
3823500 2818500 12 12 10   2.9 1027 347  0.5 8  4.4  97    0   21 319 -317  0
3823500 2818500 12 12 11   3.4 1028 350  0.8 8  4.5  96    0   29 321 -318  0
3823500 2818500 12 12 12   3.8 1028 332  0.4 8  4.6  96    0   35 323 -319  0
3823500 2818500 12 12 13   4.4 1029 338  0.5 8  4.7  94    0   44 323 -320  0
3823500 2818500 12 12 14   4.8 1029 348  0.6 8  4.8  93    0   42 325 -322  0
3823500 2818500 12 12 15   5.2 1029 348  1.1 7  4.8  90    0   40 319 -324  0
3823500 2818500 12 12 16   5.1 1029   7  0.7 8  4.7  87    0   14 318 -324  0
3823500 2818500 12 12 17   4.6 1029  13  0.7 7  4.6  88    0    0 317 -325  0
3823500 2818500 12 12 18   4.1 1030   4  0.7 7  4.5  88    0    0 311 -326  0
3823500 2818500 12 12 19   3.1 1030   1  0.7 7  4.3  89    0    0 310 -328  0
3823500 2818500 12 12 20   3.5 1030  23  1.3 7  4.2  89    0    0 309 -329  0
3823500 2818500 12 12 21   3.0 1031   5  1.6 6  4.2  88    0    0 301 -330  0
3823500 2818500 12 12 22   2.1 1031  24  0.8 5  4.0  88    0    0 287 -331  0
3823500 2818500 12 12 23   1.3 1032  13  0.6 4  3.7  88    0    0 272 -332  0
3823500 2818500 12 12 24   0.4 1032 357  0.6 5  3.5  89    0    0 268 -332  0
3823500 2818500 12 13  1   0.1 1032 358  0.8 4  3.6  94    0    0 267 -332  0
3823500 2818500 12 13  2   0.8 1032  11  0.8 4  3.7  97    0    0 263 -332  0
3823500 2818500 12 13  3   0.3 1033  27  0.5 4  3.7  95    0    0 263 -332  0
3823500 2818500 12 13  4   1.3 1033  47  1.2 6  3.6  92    0    0 274 -331  0
3823500 2818500 12 13  5   1.6 1033  53  1.2 7  3.8  92    0    0 290 -331  0
3823500 2818500 12 13  6   1.4 1033  65  1.2 6  3.9  94    0    0 289 -330  0
3823500 2818500 12 13  7   1.1 1033  38  1.2 7  3.8  94    0    0 287 -329  0
3823500 2818500 12 13  8   2.1 1033  85  0.9 8  4.0  95    0    0 298 -326  0
3823500 2818500 12 13  9   2.3 1033 100  0.9 8  4.1  94    0    2 304 -324  0
3823500 2818500 12 13 10   2.8 1033  93  0.9 8  4.2  93    0   30 305 -324  0
3823500 2818500 12 13 11   3.6 1034  57  0.7 6  4.3  92   19   82 296 -328  0
3823500 2818500 12 13 12   3.9 1034  64  1.2 5  4.4  91   69  109 283 -333  0
3823500 2818500 12 13 13   5.0 1034 104  1.2 4  4.4  86  109  107 274 -337  0
3823500 2818500 12 13 14   5.1 1033  77  1.8 4  4.2  78   80   98 270 -338  0
3823500 2818500 12 13 15   4.5 1033  57  1.5 5  3.9  74   10   61 272 -338  0
3823500 2818500 12 13 16   3.8 1033  20  1.6 2  3.8  76    0    7 258 -336  0
3823500 2818500 12 13 17   2.7 1033  29  1.4 3  3.8  81    0    0 245 -332  0
3823500 2818500 12 13 18   1.8 1034  47  1.3 3  3.9  88    0    0 245 -327  0
3823500 2818500 12 13 19   1.5 1034  53  1.3 6  3.8  91    0    0 254 -323  0
3823500 2818500 12 13 20   1.9 1034  63  0.6 6  3.7  88    0    0 264 -320  0
3823500 2818500 12 13 21   0.7 1034  49  0.6 5  3.6  88    0    0 260 -319  0
3823500 2818500 12 13 22   1.1 1034  78  0.2 6  3.6  91    0    0 261 -319  0
3823500 2818500 12 13 23  -0.6 1034  33  0.5 6  3.5  93    0    0 266 -319  0
3823500 2818500 12 13 24  -1.5 1033  72  0.4 5  3.3  97    0    0 260 -318  0
3823500 2818500 12 14  1  -0.4 1033  38  0.2 5  3.4  97    0    0 256 -317  0
3823500 2818500 12 14  2   0.1 1033  20  0.3 6  3.5  95    0    0 262 -316  0
3823500 2818500 12 14  3   0.7 1033  13  0.1 7  3.6  94    0    0 270 -316  0
3823500 2818500 12 14  4   0.5 1033  11  0.3 7  3.6  94    0    0 274 -316  0
3823500 2818500 12 14  5   0.8 1033  39  0.2 8  3.7  95    0    0 278 -316  0
3823500 2818500 12 14  6   1.1 1033   8  0.4 7  3.8  94    0    0 279 -316  0
3823500 2818500 12 14  7   1.1 1032  44  0.7 8  3.8  93    0    0 281 -317  0
3823500 2818500 12 14  8   1.1 1032  49  0.6 8  3.8  93    0    0 286 -318  0
3823500 2818500 12 14  9   1.2 1032  60  0.8 8  3.8  93    0    0 286 -319  0
3823500 2818500 12 14 10   1.5 1032  71  1.0 7  3.8  93    0   17 284 -319  0
3823500 2818500 12 14 11   2.3 1032  54  1.4 7  3.8  90    0   47 282 -320  0
3823500 2818500 12 14 12   2.5 1032  59  1.4 7  3.8  85    0   62 284 -321  0
3823500 2818500 12 14 13   2.6 1032  57  1.8 8  3.6  80    0   53 288 -324  0
3823500 2818500 12 14 14   2.8 1032  69  1.8 8  3.4  74    0   59 292 -326  0
3823500 2818500 12 14 15   2.7 1031  91  1.7 4  3.2  71   41   80 270 -328  0
3823500 2818500 12 14 16   2.0 1030  50  1.0 5  3.1  70   17   34 251 -328  0
3823500 2818500 12 14 17  -0.4 1031  20  0.8 5  2.9  73    0    0 250 -323  0
3823500 2818500 12 14 18  -1.2 1030  29  0.8 5  2.8  79    0    0 244 -320  0
3823500 2818500 12 14 19  -0.8 1031  28  0.6 6  2.9  84    0    0 248 -320  0
3823500 2818500 12 14 20   0.3 1030  32  1.0 7  3.1  86    0    0 258 -320  0
3823500 2818500 12 14 21   1.0 1030  43  1.2 7  3.3  86    0    0 264 -320  0
3823500 2818500 12 14 22   1.3 1030  47  1.7 7  3.5  85    0    0 266 -320  0
3823500 2818500 12 14 23   1.3 1030  57  1.8 7  3.5  86    0    0 267 -319  0
3823500 2818500 12 14 24   1.5 1030  64  1.4 7  3.5  86    0    0 269 -319  0
3823500 2818500 12 15  1   1.5 1030  60  1.2 6  3.5  85    0    0 265 -320  0
3823500 2818500 12 15  2   1.5 1030  59  1.4 6  3.5  85    0    0 261 -320  0
3823500 2818500 12 15  3   1.6 1030  45  1.3 7  3.6  86    0    0 268 -320  0
3823500 2818500 12 15  4   1.6 1030  50  1.1 8  3.6  86    0    0 280 -322  0
3823500 2818500 12 15  5   1.7 1030  38  0.9 8  3.6  86    0    0 286 -324  0
3823500 2818500 12 15  6   1.7 1029  57  1.0 8  3.6  86    0    0 287 -325  0
3823500 2818500 12 15  7   1.7 1029  48  1.7 7  3.7  86    0    0 285 -326  0
3823500 2818500 12 15  8   1.7 1029  59  1.3 8  3.7  87    0    0 287 -326  0
3823500 2818500 12 15  9   1.7 1030  63  1.2 6  3.7  87    0    1 284 -325  0
3823500 2818500 12 15 10   1.9 1030  64  1.3 7  3.7  88    0   30 281 -324  0
3823500 2818500 12 15 11   2.4 1030  71  1.3 6  3.8  88   18   81 283 -325  0
3823500 2818500 12 15 12   3.1 1030  84  2.1 4  3.8  83   88  102 268 -326  0
3823500 2818500 12 15 13   2.6 1030  86  2.5 4  3.5  77   40  113 256 -327  0
3823500 2818500 12 15 14   2.7 1030  74  2.9 4  3.2  71   28   96 254 -327  0
3823500 2818500 12 15 15   2.6 1030  87  3.1 7  2.9  64    0   23 265 -326  0
3823500 2818500 12 15 16   2.1 1030  80  2.5 6  2.8  64    0    6 273 -322  0
3823500 2818500 12 15 17   1.3 1029  93  2.1 4  2.8  67    0    0 256 -320  0
3823500 2818500 12 15 18   0.4 1029  84  1.6 2  2.7  69    0    0 235 -318  0
3823500 2818500 12 15 19  -0.3 1029  82  1.4 2  2.7  72    0    0 225 -316  0
3823500 2818500 12 15 20  -0.8 1030  78  1.2 2  2.7  75    0    0 225 -314  0
3823500 2818500 12 15 21  -0.9 1030  82  1.1 1  2.7  76    0    0 221 -314  0
3823500 2818500 12 15 22  -1.4 1030  83  1.0 0  2.7  78    0    0 211 -314  0
3823500 2818500 12 15 23  -1.6 1030  84  1.0 0  2.7  80    0    0 205 -313  0
3823500 2818500 12 15 24  -1.9 1030  78  0.9 1  2.7  82    0    0 208 -313  0
3823500 2818500 12 16  1  -2.2 1031  71  0.5 0  2.7  83    0    0 205 -311  0
3823500 2818500 12 16  2  -2.4 1030  81  0.4 0  2.7  85    0    0 199 -310  0
3823500 2818500 12 16  3  -2.7 1030  76  0.7 0  2.7  87    0    0 199 -308  0
3823500 2818500 12 16  4  -3.0 1030  71  0.6 0  2.7  89    0    0 197 -306  0
3823500 2818500 12 16  5  -3.0 1030  70  0.8 0  2.7  90    0    0 196 -305  0
3823500 2818500 12 16  6  -3.3 1030  65  0.8 1  2.7  90    0    0 196 -304  0
3823500 2818500 12 16  7  -3.7 1030  66  1.0 1  2.6  92    0    0 197 -304  0
3823500 2818500 12 16  8  -3.5 1030  72  1.4 1  2.6  93    0    0 196 -304  0
3823500 2818500 12 16  9  -3.6 1030  75  0.9 1  2.7  93    0    4 195 -304  0
3823500 2818500 12 16 10  -2.7 1030  68  0.5 2  2.7  91   10   42 198 -305  0
3823500 2818500 12 16 11  -1.5 1031  82  1.0 1  2.8  88   80   63 200 -308  0
3823500 2818500 12 16 12  -0.8 1032  80  1.5 1  2.9  83  147   63 199 -312  0
3823500 2818500 12 16 13   0.2 1032  69  1.7 2  2.9  80  174   56 205 -315  0
3823500 2818500 12 16 14   0.6 1032  52  2.0 1  2.9  76  142   56 208 -317  0
3823500 2818500 12 16 15   0.1 1031  59  1.7 2  2.9  75   75   49 208 -318  0
3823500 2818500 12 16 16  -1.0 1031  66  2.3 1  2.8  77   16   21 207 -317  0
3823500 2818500 12 16 17  -1.4 1031  67  1.7 3  2.7  81    0    0 213 -315  0
3823500 2818500 12 16 18  -1.4 1031  71  1.2 5  2.7  82    0    0 230 -313  0
3823500 2818500 12 16 19  -1.1 1031  68  1.5 6  2.8  82    0    0 243 -312  0
3823500 2818500 12 16 20  -1.1 1031  70  1.8 6  2.9  84    0    0 251 -312  0
3823500 2818500 12 16 21  -1.3 1031  69  2.3 8  2.9  85    0    0 262 -313  0
3823500 2818500 12 16 22  -1.5 1031  82  1.3 7  2.9  86    0    0 268 -313  0
3823500 2818500 12 16 23  -1.7 1031  79  0.9 5  2.9  86    0    0 259 -313  0
3823500 2818500 12 16 24  -2.0 1031  76  1.5 4  2.9  88    0    0 249 -313  0
3823500 2818500 12 17  1  -2.3 1031  71  1.6 2  2.8  89    0    0 238 -312  0
3823500 2818500 12 17  2  -2.6 1030  66  1.3 2  2.8  90    0    0 231 -311  0
3823500 2818500 12 17  3  -2.3 1030  79  1.4 4  2.8  91    0    0 240 -310  0
3823500 2818500 12 17  4  -1.8 1031  85  2.2 5  2.9  90    0    0 253 -310  0
3823500 2818500 12 17  5  -1.4 1031  80  2.1 5  2.9  88    0    0 259 -310  0
3823500 2818500 12 17  6  -1.5 1031  73  1.7 4  2.8  85    0    0 255 -310  0
3823500 2818500 12 17  7  -0.8 1031  61  1.3 7  2.8  83    0    0 265 -309  0
3823500 2818500 12 17  8  -0.5 1031  70  1.9 7  2.9  82    0    0 280 -308  0
3823500 2818500 12 17  9  -0.4 1031  64  1.8 7  3.0  82    0    0 281 -307  0
3823500 2818500 12 17 10  -0.4 1031  84  2.8 6  3.0  83    0   15 276 -307  0
3823500 2818500 12 17 11   0.0 1030  82  2.2 7  3.1  84    0   30 276 -309  0
3823500 2818500 12 17 12   0.4 1031  77  2.5 7  3.1  83    0   52 281 -313  0
3823500 2818500 12 17 13   0.8 1030  87  2.6 7  3.1  80    0   65 281 -316  0
3823500 2818500 12 17 14   1.2 1030  93  2.6 5  3.0  76   99   65 271 -318  0
3823500 2818500 12 17 15   1.3 1029  77  2.8 2  3.0  74  110   29 249 -318  0
3823500 2818500 12 17 16   1.1 1029  72  2.9 0  3.0  74   26   18 227 -317  0
3823500 2818500 12 17 17   0.7 1029  77  2.6 0  3.0  75    0    0 218 -315  0
3823500 2818500 12 17 18   0.5 1028  77  2.3 0  3.0  77    0    0 218 -312  0
3823500 2818500 12 17 19   0.4 1029  78  2.3 1  3.0  78    0    0 220 -310  0
3823500 2818500 12 17 20   0.3 1029  86  2.3 1  3.0  79    0    0 223 -309  0
3823500 2818500 12 17 21   0.1 1029  88  1.6 1  3.0  79    0    0 222 -308  0
3823500 2818500 12 17 22  -0.2 1029  84  1.6 3  3.0  80    0    0 226 -308  0
3823500 2818500 12 17 23  -0.3 1029  88  1.4 6  3.0  81    0    0 241 -307  0
3823500 2818500 12 17 24  -0.6 1030  84  1.3 7  3.0  83    0    0 253 -307  0
3823500 2818500 12 18  1  -0.7 1030  93  1.0 3  3.0  83    0    0 244 -307  0
3823500 2818500 12 18  2  -1.4 1030  91  1.6 2  2.9  84    0    0 227 -307  0
3823500 2818500 12 18  3  -1.3 1030  81  1.1 5  2.8  84    0    0 232 -307  0
3823500 2818500 12 18  4  -1.5 1030  80  0.6 5  2.8  83    0    0 240 -307  0
3823500 2818500 12 18  5  -1.3 1030  72  1.1 5  2.8  83    0    0 240 -306  0
3823500 2818500 12 18  6  -1.8 1029  76  1.2 4  2.8  84    0    0 238 -306  0
3823500 2818500 12 18  7  -2.0 1029  68  0.9 4  2.8  86    0    0 234 -306  0
3823500 2818500 12 18  8  -1.9 1030  72  1.1 5  2.8  87    0    0 237 -305  0
3823500 2818500 12 18  9  -1.8 1030  74  1.4 5  2.8  87    0    4 240 -305  0
3823500 2818500 12 18 10  -1.2 1030  81  2.2 6  2.8  85    7   44 242 -305  0
3823500 2818500 12 18 11  -0.7 1030  74  1.9 4  2.9  85   30   86 237 -307  0
3823500 2818500 12 18 12   0.1 1030  84  2.0 5  3.1  84   36  111 233 -311  0
3823500 2818500 12 18 13   0.7 1030  65  1.8 2  3.1  81  116  108 227 -315  0
3823500 2818500 12 18 14   0.9 1030  76  2.0 1  3.1  79  105   96 217 -318  0
3823500 2818500 12 18 15   1.0 1030  62  1.8 0  3.2  79   65   70 211 -318  0
3823500 2818500 12 18 16   0.2 1029  63  1.5 0  3.1  81   16   27 206 -317  0
3823500 2818500 12 18 17  -0.6 1030  64  1.5 1  3.1  84    0    0 207 -315  0
3823500 2818500 12 18 18  -1.0 1030  56  1.9 1  3.0  87    0    0 208 -312  0
3823500 2818500 12 18 19  -1.5 1030  54  1.9 0  3.0  88    0    0 204 -310  0
3823500 2818500 12 18 20  -1.8 1030  63  1.3 1  3.0  90    0    0 203 -308  0
3823500 2818500 12 18 21  -2.2 1030  65  2.0 2  2.9  91    0    0 209 -307  0
3823500 2818500 12 18 22  -2.5 1030  63  1.5 3  2.9  92    0    0 214 -306  0
3823500 2818500 12 18 23  -2.6 1030  78  1.9 4  2.9  93    0    0 221 -305  0
3823500 2818500 12 18 24  -3.1 1030  73  1.2 3  2.8  94    0    0 221 -305  0
3823500 2818500 12 19  1  -3.3 1030  73  1.3 2  2.8  94    0    0 215 -305  0
3823500 2818500 12 19  2  -3.4 1030  59  1.4 3  2.8  95    0    0 214 -304  0
3823500 2818500 12 19  3  -3.4 1030  58  1.3 2  2.8  95    0    0 213 -303  0
3823500 2818500 12 19  4  -3.3 1030  53  1.2 2  2.7  94    0    0 210 -303  0
3823500 2818500 12 19  5  -3.3 1030  56  1.2 2  2.7  94    0    0 209 -302  0
3823500 2818500 12 19  6  -3.3 1030  59  1.1 3  2.8  94    0    0 211 -301  0
3823500 2818500 12 19  7  -3.4 1030  65  0.4 3  2.8  95    0    0 214 -301  0
3823500 2818500 12 19  8  -3.5 1030  61  0.3 4  2.8  96    0    0 216 -300  0
3823500 2818500 12 19  9  -3.6 1031  87  0.2 4  2.8  96    0    1 219 -300  0
3823500 2818500 12 19 10  -3.6 1031  66  0.1 4  2.8  97    0   24 219 -300  0
3823500 2818500 12 19 11  -3.4 1032  47  0.5 6  2.8  98    5   53 224 -303  0
3823500 2818500 12 19 12  -3.2 1032  47  0.8 6  2.8  97    5   71 230 -308  0
3823500 2818500 12 19 13  -2.9 1032  55  0.6 7  2.9  97    0   75 232 -312  0
3823500 2818500 12 19 14  -2.8 1032  45  0.8 7  2.9  95   10   64 233 -315  0
3823500 2818500 12 19 15  -2.9 1031  65  0.6 6  2.9  95   15   38 227 -316  0
3823500 2818500 12 19 16  -2.8 1031  52  0.9 4  2.8  94    0   15 219 -314  0
3823500 2818500 12 19 17  -3.1 1031  53  1.4 6  2.8  94    0    0 217 -311  0
3823500 2818500 12 19 18  -3.1 1031  63  1.2 7  2.8  95    0    0 220 -309  0
3823500 2818500 12 19 19  -3.2 1031  53  0.6 7  2.8  95    0    0 220 -307  0
3823500 2818500 12 19 20  -3.2 1031  62  0.7 7  2.8  96    0    0 218 -306  0
3823500 2818500 12 19 21  -3.3 1031  64  0.5 7  2.8  96    0    0 217 -306  0
3823500 2818500 12 19 22  -3.3 1031  65  0.5 7  2.8  96    0    0 216 -305  0
3823500 2818500 12 19 23  -2.9 1031  98  0.7 6  2.9  95    0    0 213 -304  0
3823500 2818500 12 19 24  -2.2 1031 140  1.0 6  3.0  94    0    0 213 -303  0
3823500 2818500 12 20  1  -1.3 1009 192  1.4 6  3.2  93    0    0 233 -303  0
3823500 2818500 12 20  2  -0.6 1009 236  1.8 6  3.3  92    0    0 247 -303  0
3823500 2818500 12 20  3   0.1 1010 272  2.1 6  3.5  92    0    0 247 -302  0
3823500 2818500 12 20  4   0.2 1010 274  2.1 6  3.5  92    0    0 248 -302  0
3823500 2818500 12 20  5   0.3 1011 275  2.1 6  3.6  92    0    0 245 -302  0
3823500 2818500 12 20  6   0.5 1011 276  1.9 5  3.7  93    0    0 243 -303  0
3823500 2818500 12 20  7   0.4 1011 282  1.8 6  3.6  92    0    0 246 -303  0
3823500 2818500 12 20  8  -0.1 1012 286  1.8 4  3.5  91    0    0 243 -303  0
3823500 2818500 12 20  9  -0.8 1012 281  1.3 4  3.3  90    0    0 234 -303  0
3823500 2818500 12 20 10  -0.4 1013 273  1.5 3  3.3  90    3   32 231 -303  0
3823500 2818500 12 20 11   1.8 1014 281  1.6 2  3.4  85   12   66 225 -305  0
3823500 2818500 12 20 12   1.4 1014 274  2.2 2  3.5  83   60   87 223 -308  0
3823500 2818500 12 20 13   1.7 1015 281  2.5 2  3.6  84   57   93 223 -312  0
3823500 2818500 12 20 14   2.2 1015 276  2.3 2  3.6  83   62   80 223 -315  0
3823500 2818500 12 20 15   2.4 1015 276  2.2 1  3.6  81   71   49 220 -316  0
3823500 2818500 12 20 16   1.6 1015 285  2.7 3  3.6  82   24   23 222 -315  0
3823500 2818500 12 20 17   0.6 1015 276  2.0 2  3.4  84    0    2 222 -312  0
3823500 2818500 12 20 18  -0.3 1015 272  1.5 2  3.4  88    0    0 217 -309  0
3823500 2818500 12 20 19  -0.7 1016 273  1.9 3  3.3  90    0    0 219 -308  0
3823500 2818500 12 20 20  -1.1 1016 269  1.9 2  3.2  90    0    0 218 -307  0
3823500 2818500 12 20 21  -1.5 1016 272  0.9 2  3.1  91    0    0 214 -306  0
3823500 2818500 12 20 22  -1.9 1017 205  0.7 2  3.1  92    0    0 214 -306  0
3823500 2818500 12 20 23  -2.6 1017 255  0.4 2  3.1  96    0    0 213 -305  0
3823500 2818500 12 20 24  -2.9 1017 234  0.6 2  3.0  98    0    0 214 -304  0
3823500 2818500 12 21  1  -2.8 1018 193  1.0 4  3.0  98    0    0 220 -303  0
3823500 2818500 12 21  2  -2.5 1018 176  1.2 4  3.0  97    0    0 230 -302  0
3823500 2818500 12 21  3  -2.7 1018 226  0.8 5  3.0  97    0    0 234 -301  0
3823500 2818500 12 21  4  -2.5 1018 181  1.1 6  3.1 100    0    0 242 -301  0
3823500 2818500 12 21  5  -2.6 1018 200  1.1 6  3.1 100    0    0 247 -300  0
3823500 2818500 12 21  6  -2.4 1019 204  1.2 7  3.1  99    0    0 252 -299  0
3823500 2818500 12 21  7  -2.2 1019 193  1.4 7  3.1  99    0    0 259 -298  0
3823500 2818500 12 21  8  -1.9 1019 186  1.4 8  3.2 100    0    0 264 -297  0
3823500 2818500 12 21  9  -1.5 1020 208  1.3 8  3.3 100    0    0 266 -297  0
3823500 2818500 12 21 10  -1.1 1020 207  1.3 7  3.4 100    0   18 260 -297  0
3823500 2818500 12 21 11  -0.2 1020 211  1.3 7  3.6  99    0   25 256 -299  0
3823500 2818500 12 21 12   0.3 1021 205  1.4 8  3.7  99    0   29 260 -304  0
3823500 2818500 12 21 13   0.8 1021 230  1.7 8  3.9  99    0   55 265 -309  0
3823500 2818500 12 21 14   1.0 1021 223  0.7 7  3.9  98    5   83 260 -312  0
3823500 2818500 12 21 15   1.0 1021 184  0.8 7  3.9  96    9   68 252 -312  0
3823500 2818500 12 21 16   0.5 1021 173  0.8 7  3.8  96    3   26 247 -310  0
3823500 2818500 12 21 17   0.0 1021 177  1.3 7  3.7  97    0    0 242 -306  0
3823500 2818500 12 21 18  -0.3 1021 155  1.4 7  3.6  97    0    0 240 -302  0
3823500 2818500 12 21 19  -0.2 1022 163  1.6 6  3.6  98    0    0 238 -300  0
3823500 2818500 12 21 20  -0.3 1022 163  1.7 6  3.6  99    0    0 236 -299  0
3823500 2818500 12 21 21  -0.6 1022 158  1.3 6  3.6  98    0    0 237 -298  0
3823500 2818500 12 21 22  -0.5 1023 160  1.4 7  3.5  97    0    0 243 -297  0
3823500 2818500 12 21 23  -0.7 1023 169  1.2 6  3.4  95    0    0 244 -296  0
3823500 2818500 12 21 24  -1.5 1023 161  1.4 2  3.2  93    0    0 229 -296  0
3823500 2818500 12 22  1  -1.8 1023 160  1.3 2  3.1  93    0    0 215 -295  0
3823500 2818500 12 22  2  -2.3 1022 163  1.1 2  3.0  94    0    0 215 -295  0
3823500 2818500 12 22  3  -3.2 1022 156  0.6 1  2.9  95    0    0 211 -295  0
3823500 2818500 12 22  4  -3.0 1023 159  1.5 2  2.8  95    0    0 211 -295  0
3823500 2818500 12 22  5  -2.8 1023 154  2.1 3  2.8  92    0    0 219 -295  0
3823500 2818500 12 22  6  -2.8 1023 152  2.4 1  2.7  89    0    0 217 -294  0
3823500 2818500 12 22  7  -3.4 1023 152  1.4 2  2.6  89    0    0 214 -294  0
3823500 2818500 12 22  8  -3.2 1022 152  1.6 2  2.6  89    0    0 217 -295  0
3823500 2818500 12 22  9  -3.3 1022 144  2.1 3  2.6  88    0    0 221 -296  0
3823500 2818500 12 22 10  -2.7 1022 151  1.9 5  2.6  86    9   36 232 -296  0
3823500 2818500 12 22 11  -1.7 1021 150  2.7 4  2.6  81   30   71 238 -298  0
3823500 2818500 12 22 12  -0.9 1020 154  2.0 4  2.6  75   67   92 236 -300  0
3823500 2818500 12 22 13   0.2 1020 153  1.7 4  2.6  71  107   89 239 -303  0
3823500 2818500 12 22 14   0.5 1019 146  1.3 4  2.6  68   55   86 239 -305  0
3823500 2818500 12 22 15   0.6 1018 144  1.9 5  2.6  66   17   59 245 -307  0
3823500 2818500 12 22 16   0.9 1017 159  1.8 7  2.5  64    5   22 258 -307  0
3823500 2818500 12 22 17   0.4 1016 163  2.5 7  2.5  63    0    0 266 -306  0
3823500 2818500 12 22 18   0.3 1016 162  2.8 7  2.4  63    0    0 268 -305  0
3823500 2818500 12 22 19   0.4 1015 162  3.0 7  2.4  61    0    0 271 -306  0
3823500 2818500 12 22 20   0.2 1015 163  3.2 7  2.3  59    0    0 276 -307  0
3823500 2818500 12 22 21   0.8 1014 164  3.1 7  2.3  58    0    0 280 -309  0
3823500 2818500 12 22 22   1.2 1013 162  3.3 7  2.2  55    0    0 284 -312  0
3823500 2818500 12 22 23   1.8 1013 164  2.7 7  2.2  52    0    0 288 -314  0
3823500 2818500 12 22 24   1.6 1012 167  2.9 8  2.2  52    0    0 296 -316  0
3823500 2818500 12 23  1   1.9 1011 168  3.0 8  2.3  53    0    0 302 -318  0
3823500 2818500 12 23  2   2.0 1011 175  3.1 8  2.5  57    0    0 306 -319  0
3823500 2818500 12 23  3   2.1 1010 182  3.9 7  2.7  62    0    0 305 -320  0
3823500 2818500 12 23  4   2.2 1009 173  3.9 7  2.9  66    0    0 303 -321  0
3823500 2818500 12 23  5   2.6 1009 175  3.2 8  3.2  71    0    0 310 -323  0
3823500 2818500 12 23  6   2.3 1008 177  4.3 8  3.5  76    0    0 315 -326  0
3823500 2818500 12 23  7   2.6 1007 186  3.2 8  3.8  83    0    0 318 -327  0
3823500 2818500 12 23  8   2.9 1007 196  3.6 8  4.1  88    0    0 321 -327  0
3823500 2818500 12 23  9   3.6 1008 215  4.6 8  4.4  92    0    0 324 -328  0
3823500 2818500 12 23 10   3.5 1009 219  4.2 8  4.6  93    0   10 326 -329  0
3823500 2818500 12 23 11   4.1 1010 222  3.4 8  4.7  94    0   23 327 -330  0
3823500 2818500 12 23 12   4.6 1011 227  3.7 8  4.9  94    0   29 328 -330  0
3823500 2818500 12 23 13   5.0 1012 235  2.9 8  5.0  94    0   58 330 -331  0
3823500 2818500 12 23 14   5.2 1012 227  3.0 6  5.1  93   13   76 321 -332  0
3823500 2818500 12 23 15   5.3 1012 214  2.7 7  5.1  92    0   37 316 -333  0
3823500 2818500 12 23 16   5.0 1012 209  2.6 7  5.0  92    0   10 323 -331  0
3823500 2818500 12 23 17   4.8 1013 220  3.3 7  5.0  92    0    0 322 -328  0
3823500 2818500 12 23 18   4.9 1013 210  2.1 7  4.9  92    0    0 322 -327  0
3823500 2818500 12 23 19   4.5 1013 198  2.0 6  4.8  91    0    0 314 -325  0
3823500 2818500 12 23 20   4.4 1013 209  2.7 6  4.7  90    0    0 306 -322  0
3823500 2818500 12 23 21   4.1 1013 223  3.7 7  4.6  89    0    0 311 -320  0
3823500 2818500 12 23 22   4.1 1013 206  3.1 7  4.6  90    0    0 319 -320  0
3823500 2818500 12 23 23   3.1 1013 185  2.9 6  4.5  91    0    0 310 -320  0
3823500 2818500 12 23 24   2.2 1012 185  3.4 5  4.3  93    0    0 293 -322  0
3823500 2818500 12 24  1   1.5 1012 174  2.4 5  4.0  93    0    0 283 -324  0
3823500 2818500 12 24  2   1.3 1011 159  2.5 5  3.9  93    0    0 281 -323  0
3823500 2818500 12 24  3   1.2 1010 169  2.1 4  3.9  93    0    0 270 -320  0
3823500 2818500 12 24  4   2.1 1009 172  2.2 5  3.9  90    0    0 267 -320  0
3823500 2818500 12 24  5   2.3 1008 179  2.1 5  3.9  88    0    0 274 -319  0
3823500 2818500 12 24  6   2.4 1007 192  2.9 6  4.0  88    0    0 280 -319  0
3823500 2818500 12 24  7   3.1 1006 184  2.9 6  4.0  86    0    0 288 -321  0
3823500 2818500 12 24  8   3.9 1005 176  3.9 5  4.1  83    0    0 280 -324  0
3823500 2818500 12 24  9   4.1 1004 177  4.2 6  4.2  82    0    0 281 -328  0
3823500 2818500 12 24 10   4.9 1002 186  4.3 7  4.3  81    0   13 302 -331  0
3823500 2818500 12 24 11   5.9 1002 189  5.4 7  4.5  79    0   36 315 -334  0
3823500 2818500 12 24 12   6.6 1001 190  4.8 7  4.7  78    0   69 318 -337  0
3823500 2818500 12 24 13   7.1 1000 203  4.9 7  4.8  78    0   48 320 -340  0
3823500 2818500 12 24 14   7.2 1000 198  5.6 7  5.1  80    0   48 320 -343  0
3823500 2818500 12 24 15   7.3  998 191  5.9 8  5.3  83    0   26 330 -344  0
3823500 2818500 12 24 16   7.5  998 193  5.6 8  5.6  86    0    9 339 -344  0
3823500 2818500 12 24 17   7.3  997 195  4.6 8  5.7  88    0    0 341 -343  0
3823500 2818500 12 24 18   7.4  997 192  4.4 8  5.9  90    0    0 343 -344  0
3823500 2818500 12 24 19   8.0  996 191  5.1 8  5.9  88    0    0 344 -345  0
3823500 2818500 12 24 20   8.2  995 191  5.0 8  5.8  84    0    0 345 -346  0
3823500 2818500 12 24 21   8.4  994 192  5.5 8  5.7  82    0    0 346 -347  0
3823500 2818500 12 24 22   8.7  992 193  5.7 8  5.7  81    0    0 347 -348  0
3823500 2818500 12 24 23   8.6  991 193  5.6 8  5.8  82    0    0 347 -349  0
3823500 2818500 12 24 24   8.7  989 195  6.5 8  6.0  84    0    0 347 -349  0
3823500 2818500 12 25  1   8.6  987 195  7.5 8  6.1  85    0    0 349 -350  0
3823500 2818500 12 25  2   8.7  985 188  7.6 8  6.0  84    0    0 348 -351  0
3823500 2818500 12 25  3   8.4  983 196  7.0 8  6.0  84    0    0 348 -351  0
3823500 2818500 12 25  4   8.6  982 194  7.9 8  6.1  86    0    0 348 -351  0
3823500 2818500 12 25  5   8.7  980 201  7.7 8  6.1  85    0    0 349 -351  0
3823500 2818500 12 25  6   8.8  979 208  7.4 8  5.9  81    0    0 348 -352  0
3823500 2818500 12 25  7   7.2  978 235  7.9 8  5.4  79    0    0 345 -352  0
3823500 2818500 12 25  8   8.0  978 211  6.1 7  5.1  76    0    0 332 -352  0
3823500 2818500 12 25  9   8.3  978 231  6.5 6  4.9  70    0    0 304 -351  0
3823500 2818500 12 25 10   8.5  978 229  6.2 5  4.7  66    1   30 282 -350  0
3823500 2818500 12 25 11   8.9  978 232  6.2 5  4.6  64   32   77 267 -349  0
3823500 2818500 12 25 12   8.3  979 225  7.9 7  4.5  62    8   88 289 -349  0
3823500 2818500 12 25 13   7.7  979 243  8.7 8  4.3  63    0   61 319 -349  0
3823500 2818500 12 25 14   7.2  980 248  7.3 5  4.2  63   26   93 294 -349  0
3823500 2818500 12 25 15   6.8  981 240  6.2 3  4.0  62   54   67 250 -347  0
3823500 2818500 12 25 16   6.2  981 237  3.5 4  3.9  63   19   32 244 -344  0
3823500 2818500 12 25 17   5.5  981 221  3.6 5  3.9  66    0    4 261 -340  0
3823500 2818500 12 25 18   5.5  981 204  3.5 6  4.0  70    0    0 275 -339  0
3823500 2818500 12 25 19   4.9  981 224  3.8 7  4.3  76    0    0 286 -339  0
3823500 2818500 12 25 20   4.4  982 237  5.7 7  4.5  82    0    0 291 -339  0
3823500 2818500 12 25 21   4.2  983 240  5.8 6  4.4  83    0    0 283 -340  0
3823500 2818500 12 25 22   4.0  984 230  6.0 3  4.2  81    0    0 257 -339  0
3823500 2818500 12 25 23   4.0  985 232  5.1 2  4.2  80    0    0 231 -337  0
3823500 2818500 12 25 24   4.1  985 228  5.7 2  4.2  80    0    0 226 -335  0
3823500 2818500 12 26  1   4.3  986 229  5.1 3  4.2  80    0    0 237 -335  0
3823500 2818500 12 26  2   4.2  986 227  4.1 3  4.2  79    0    0 245 -336  0
3823500 2818500 12 26  3   4.1  985 224  4.0 3  4.2  79    0    0 249 -336  0
3823500 2818500 12 26  4   4.2  985 225  4.7 3  4.2  80    0    0 255 -336  0
3823500 2818500 12 26  5   3.8  983 202  3.8 5  4.2  80    0    0 268 -337  0
3823500 2818500 12 26  6   4.1  982 189  3.1 7  4.2  81    0    0 293 -337  0
3823500 2818500 12 26  7   4.4  980 183  3.4 8  4.3  80    0    0 315 -336  0
3823500 2818500 12 26  8   3.8  977 173  3.2 8  4.4  83    0    0 322 -336  0
3823500 2818500 12 26  9   3.8  975 163  2.6 8  4.6  89    0    0 320 -333  0
3823500 2818500 12 26 10   3.8  972 156  2.8 7  4.8  92    0   11 311 -331  0
3823500 2818500 12 26 11   4.3  970 147  2.5 8  4.9  94    0   26 310 -331  0
3823500 2818500 12 26 12   4.3  969 182  1.3 7  5.1  94    0   33 308 -334  0
3823500 2818500 12 26 13   4.6  970 247  3.6 8  5.1  94    0   33 305 -338  0
3823500 2818500 12 26 14   5.0  972 265  5.1 7  5.1  91    0   46 302 -340  0
3823500 2818500 12 26 15   5.4  974 277  6.6 7  5.1  89   16   50 294 -340  0
3823500 2818500 12 26 16   5.5  975 259  5.6 7  5.0  86    1   19 293 -339  0
3823500 2818500 12 26 17   5.8  976 254  5.0 7  4.8  81    0    0 294 -334  0
3823500 2818500 12 26 18   5.7  977 256  5.2 7  4.7  78    0    0 296 -330  0
3823500 2818500 12 26 19   4.3  977 268  4.7 7  4.6  82    0    0 297 -328  0
3823500 2818500 12 26 20   3.8  977 241  2.9 6  4.6  87    0    0 290 -329  0
3823500 2818500 12 26 21   3.5  976 209  0.9 8  4.6  91    0    0 296 -330  0
3823500 2818500 12 26 22   3.7  975 208  0.7 7  4.7  92    0    0 304 -331  0
3823500 2818500 12 26 23   3.4  974 332  0.5 7  4.7  92    0    0 298 -330  0
3823500 2818500 12 26 24   3.2  974 331  0.8 7  4.7  94    0    0 295 -328  0
3823500 2818500 12 27  1   3.3  974 328  0.5 8  4.7  94    0    0 300 -326  0
3823500 2818500 12 27  2   3.2  974 269  1.1 8  4.7  94    0    0 307 -322  0
3823500 2818500 12 27  3   2.9  974 268  2.5 8  4.6  94    0    0 308 -320  0
3823500 2818500 12 27  4   1.3  975 277  3.5 8  4.4  96    0    0 305 -320  0
3823500 2818500 12 27  5   0.6  976 259  2.5 7  4.1  97    0    0 295 -321  0
3823500 2818500 12 27  6   0.5  977 282  2.1 8  4.0  98    0    0 292 -324  0
3823500 2818500 12 27  7   1.1  978 269  1.6 8  4.1  97    0    0 300 -328  0
3823500 2818500 12 27  8   1.8  979 267  2.7 8  4.2  97    0    0 301 -330  0
3823500 2818500 12 27  9   2.2  981 262  2.7 7  4.4  98    0    0 296 -331  0
3823500 2818500 12 27 10   2.5  982 250  2.7 7  4.5  98    2   30 293 -332  0
3823500 2818500 12 27 11   3.3  983 248  3.6 6  4.6  96    0   26 289 -333  0
3823500 2818500 12 27 12   4.2  983 255  3.4 6  4.8  93    6   79 287 -334  0
3823500 2818500 12 27 13   4.9  983 245  3.7 4  4.9  90   18   89 277 -336  0
3823500 2818500 12 27 14   4.8  983 246  3.8 6  4.8  87    0   31 276 -337  0
3823500 2818500 12 27 15   4.6  983 232  3.1 7  4.8  88    0   34 290 -337  0
3823500 2818500 12 27 16   4.4  983 218  2.2 7  4.8  89   16   23 295 -335  0
3823500 2818500 12 27 17   4.8  983 231  2.4 7  4.8  88    0    1 295 -334  0
3823500 2818500 12 27 18   4.2  983 213  1.9 6  4.7  86    0    0 289 -333  0
3823500 2818500 12 27 19   4.2  982 225  1.6 6  4.6  87    0    0 281 -332  0
3823500 2818500 12 27 20   3.3  982 189  0.5 4  4.5  87    0    0 267 -332  0
3823500 2818500 12 27 21   2.2  981 161  0.1 4  4.3  89    0    0 256 -331  0
3823500 2818500 12 27 22   1.8  980 169  0.2 4  4.1  91    0    0 259 -331  0
3823500 2818500 12 27 23   1.4  979 103  0.2 4  4.1  92    0    0 258 -330  0
3823500 2818500 12 27 24   0.3  978  43  0.6 5  3.9  93    0    0 257 -329  0
3823500 2818500 12 28  1  -0.7  978  52  0.3 7  3.7  95    0    0 268 -329  0
3823500 2818500 12 28  2  -0.6  978  18  0.1 7  3.6  96    0    0 279 -328  0
3823500 2818500 12 28  3  -1.2  979 298  0.1 7  3.5  96    0    0 276 -327  0
3823500 2818500 12 28  4  -0.7  980 273  0.1 6  3.6  98    0    0 268 -327  0
3823500 2818500 12 28  5   0.0  980 264  0.1 7  3.8  99    0    0 271 -326  0
3823500 2818500 12 28  6   0.5  981 324  0.3 5  3.9  99    0    0 267 -325  0
3823500 2818500 12 28  7   0.8  982 345  0.1 8  4.0  98    0    0 274 -325  0
3823500 2818500 12 28  8   0.6  982 313  0.1 8  4.1  99    0    0 295 -325  0
3823500 2818500 12 28  9   0.7  983 299  0.2 7  4.1  99    0    0 288 -324  0
3823500 2818500 12 28 10   0.7  984 271  0.8 4  4.1  99    1   29 260 -324  0
3823500 2818500 12 28 11   0.8  985 248  0.7 7  4.1  99   12   65 260 -326  0
3823500 2818500 12 28 12   1.1  986 253  1.3 5  4.1  99   16   85 267 -330  0
3823500 2818500 12 28 13   1.5  987 264  1.5 7  4.2  99    8   87 269 -332  0
3823500 2818500 12 28 14   2.1  988 267  1.1 7  4.3  98   15   80 286 -334  0
3823500 2818500 12 28 15   2.5  989 260  1.8 7  4.4  96    3   50 289 -334  0
3823500 2818500 12 28 16   2.5  989 270  0.9 8  4.4  95    4   23 298 -331  0
3823500 2818500 12 28 17   2.3  990 255  0.8 7  4.4  95    0    2 297 -329  0
3823500 2818500 12 28 18   2.3  991 263  0.4 7  4.4  96    0    0 293 -327  0
3823500 2818500 12 28 19   2.1  991 239  1.0 6  4.3  95    0    0 288 -327  0
3823500 2818500 12 28 20   2.0  992 240  0.6 6  4.3  96    0    0 282 -328  0
3823500 2818500 12 28 21   2.0  992 250  1.0 6  4.3  97    0    0 282 -327  0
3823500 2818500 12 28 22   1.9  993 281  0.5 6  4.3  97    0    0 282 -325  0
3823500 2818500 12 28 23   2.1  994 265  1.0 7  4.3  97    0    0 288 -323  0
3823500 2818500 12 28 24   1.9  994 264  1.7 7  4.3  97    0    0 294 -323  0
3823500 2818500 12 29  1   1.6  995 269  2.3 5  4.2  96    0    0 279 -324  0
3823500 2818500 12 29  2   1.4  995 267  1.7 5  4.1  96    0    0 265 -322  0
3823500 2818500 12 29  3   1.1  995 275  1.1 5  4.1  96    0    0 265 -320  0
3823500 2818500 12 29  4   1.1  996 269  1.3 5  4.1  97    0    0 264 -320  0
3823500 2818500 12 29  5   1.2  997 274  1.8 4  4.1  97    0    0 260 -322  0
3823500 2818500 12 29  6   0.8  997 275  1.2 3  4.1  98    0    0 248 -323  0
3823500 2818500 12 29  7   0.2  997 257  1.0 1  3.9  98    0    0 228 -323  0
3823500 2818500 12 29  8  -0.3  998 247  1.2 2  3.8  98    0    0 220 -322  0
3823500 2818500 12 29  9   0.0  999 243  1.2 3  3.8  99    0    0 231 -321  0
3823500 2818500 12 29 10   0.6  999 247  1.6 6  3.9  99    8   35 255 -320  0
3823500 2818500 12 29 11   1.3 1000 243  2.4 5  4.1  99    1   52 267 -320  0
3823500 2818500 12 29 12   1.7 1000 232  2.9 7  4.2  97    0   58 275 -320  0
3823500 2818500 12 29 13   1.9 1001 226  3.4 7  4.2  96    0   40 285 -321  0
3823500 2818500 12 29 14   2.1 1001 247  3.7 7  4.2  95    0   56 284 -322  0
3823500 2818500 12 29 15   2.2 1001 256  3.7 8  4.3  96    0   27 290 -327  0
3823500 2818500 12 29 16   2.6 1001 261  3.1 8  4.3  95   13   25 295 -331  0
3823500 2818500 12 29 17   3.1 1002 278  3.2 7  4.5  94    0    1 293 -331  0
3823500 2818500 12 29 18   3.8 1002 286  2.9 7  4.6  94    0    0 291 -330  0
3823500 2818500 12 29 19   3.5 1003 297  2.8 7  4.6  93    0    0 293 -329  0
3823500 2818500 12 29 20   3.3 1004 313  2.7 7  4.6  93    0    0 292 -328  0
3823500 2818500 12 29 21   3.1 1005 331  2.2 7  4.4  91    0    0 291 -328  0
3823500 2818500 12 29 22   2.8 1006 344  2.1 7  4.2  90    0    0 289 -325  0
3823500 2818500 12 29 23   2.7 1007 311  1.3 8  4.2  90    0    0 293 -321  0
3823500 2818500 12 29 24   2.3 1008 212  0.3 7  4.1  90    0    0 292 -319  0
3823500 2818500 12 30  1   1.8 1008 240  1.0 7  4.1  93    0    0 287 -319  0
3823500 2818500 12 30  2   2.5 1009 241  1.8 7  4.2  95    0    0 290 -319  0
3823500 2818500 12 30  3   2.6 1009 244  1.7 6  4.3  94    0    0 287 -319  0
3823500 2818500 12 30  4   2.5 1009 239  1.7 6  4.3  94    0    0 282 -319  0
3823500 2818500 12 30  5   2.2 1009 254  2.2 5  4.2  93    0    0 277 -320  0
3823500 2818500 12 30  6   2.2 1010 240  2.5 7  4.2  93    0    0 283 -320  0
3823500 2818500 12 30  7   2.1 1010 247  1.9 8  4.2  96    0    0 300 -320  0
3823500 2818500 12 30  8   2.3 1010 242  2.4 7  4.2  95    0    0 299 -320  0
3823500 2818500 12 30  9   2.5 1010 245  2.5 8  4.3  94    0    0 299 -321  0
3823500 2818500 12 30 10   2.8 1011 240  2.5 8  4.3  94    0   23 306 -322  0
3823500 2818500 12 30 11   3.1 1011 241  3.0 6  4.4  93    0   43 297 -324  0
3823500 2818500 12 30 12   3.5 1012 238  3.6 6  4.4  91    0   63 286 -327  0
3823500 2818500 12 30 13   3.7 1012 238  4.2 7  4.3  88    0   59 292 -329  0
3823500 2818500 12 30 14   3.8 1011 226  3.7 7  4.3  86    0   59 296 -331  0
3823500 2818500 12 30 15   3.8 1011 228  3.1 7  4.3  85   10   40 295 -331  0
3823500 2818500 12 30 16   3.6 1011 224  3.3 8  4.2  84    5   15 298 -331  0
3823500 2818500 12 30 17   3.4 1010 214  2.8 7  4.1  84    0    0 296 -327  0
3823500 2818500 12 30 18   3.5 1010 213  2.9 8  4.2  85    0    0 293 -321  0
3823500 2818500 12 30 19   3.5 1010 211  1.8 7  4.2  86    0    0 292 -319  0
3823500 2818500 12 30 20   3.5 1010 220  2.5 7  4.2  86    0    0 286 -319  0
3823500 2818500 12 30 21   3.1 1010 219  2.9 8  4.2  88    0    0 291 -318  0
3823500 2818500 12 30 22   2.9 1010 206  1.9 7  4.2  89    0    0 291 -317  0
3823500 2818500 12 30 23   2.7 1010 185  1.7 7  4.2  90    0    0 287 -317  0
3823500 2818500 12 30 24   2.6 1010 199  1.6 8  4.2  92    0    0 294 -318  0
3823500 2818500 12 31  1   2.6 1010 200  1.3 8  4.2  92    0    0 301 -319  0
3823500 2818500 12 31  2   2.7 1010 186  1.1 8  4.2  92    0    0 303 -319  0
3823500 2818500 12 31  3   2.7 1010 186  1.2 8  4.2  92    0    0 304 -320  0
3823500 2818500 12 31  4   2.7 1010 182  0.7 8  4.3  92    0    0 306 -320  0
3823500 2818500 12 31  5   2.9 1010 164  0.2 8  4.3  92    0    0 308 -320  0
3823500 2818500 12 31  6   2.9 1010 170  0.3 8  4.3  92    0    0 311 -320  0
3823500 2818500 12 31  7   2.9 1010 172  0.2 8  4.4  93    0    0 313 -320  0
3823500 2818500 12 31  8   2.9 1010 175  0.4 8  4.4  94    0    0 314 -320  0
3823500 2818500 12 31  9   2.7 1011 168  0.4 8  4.5  96    0    0 315 -322  0
3823500 2818500 12 31 10   2.9 1011 201  0.1 8  4.5  98    0   26 317 -323  0
3823500 2818500 12 31 11   3.2 1012 199  0.1 7  4.5  96    0   34 314 -324  0
3823500 2818500 12 31 12   3.3 1012 205  0.1 7  4.5  94    0   37 309 -325  0
3823500 2818500 12 31 13   3.6 1013 223  0.1 7  4.5  93    0   45 310 -326  0
3823500 2818500 12 31 14   3.8 1012 181  0.2 7  4.5  91    0   55 310 -328  0
3823500 2818500 12 31 15   3.9 1012 178  0.4 7  4.5  90    0   41 312 -329  0
3823500 2818500 12 31 16   3.9 1012 193  0.1 8  4.5  89    0   12 318 -330  0
3823500 2818500 12 31 17   3.9 1012 160  0.2 8  4.5  90    0    0 324 -330  0
3823500 2818500 12 31 18   3.9 1013 164  0.4 8  4.6  91    0    0 325 -330  0
3823500 2818500 12 31 19   3.7 1013 161  0.3 8  4.6  92    0    0 325 -331  0
3823500 2818500 12 31 20   3.8 1013 168  0.4 8  4.6  93    0    0 326 -331  0
3823500 2818500 12 31 21   3.8 1013 171  0.5 8  4.7  94    0    0 327 -332  0
3823500 2818500 12 31 22   3.8 1013 178  0.7 8  4.7  94    0    0 329 -332  0
3823500 2818500 12 31 23   3.8 1013 197  1.1 7  4.6  93    0    0 331 -333  0
3823500 2818500 12 31 24   3.5 1013 216  1.6 6  4.5  91    0    0 332 -333  0
