Koordinatensystem : Lambert konform konisch
Rechtswert        : 3823500 Meter
Hochwert          : 2818500 Meter
Hoehenlage        : 73 Meter ueber NN
Erstellung des Datensatzes im Mai 2016

Art des TRY       : extremer Sommer
Bezugszeitraum    : 2031-2060
Datenbasis 1      : Beobachtungsdaten Zeitraum 1995-2012
Datenbasis 2      : Klimasimulationen Zeitraum 1971-2000 (Basis RCP-historical / CORDEX-Europa Laeufe)
Datenbasis 3      : Klimasimulationen Zeitraum 2031-2060 (Basis RCP-4.5 und RCP-8.5 / CORDEX-Europa Laeufe)

Format: (i7,1x,i7,1x,i2,1x,i2,1x,i2,1x,f5.1,1x,i4,1x,3i,1x,f4.1,1x,i1,1x,f4.1,1x,i3,1x,i4,1x,i4,1x,i3,1x,i4,2x,i1)

Reihenfolge der Parameter:
RW Rechtswert                                                    [m]       {3670500;3671500..4389500}
HW Hochwert                                                      [m]       {2242500;2243500..3179500}
MM Monat                                                                   {1..12}
DD Tag                                                                     {1..28,30,31}
HH Stunde (MEZ)                                                            {1..24}
t  Lufttemperatur in 2m Hoehe ueber Grund                        [GradC]
p  Luftdruck in Standorthoehe                                    [hPa]
WR Windrichtung in 10 m Hoehe ueber Grund                        [Grad]    {0..360;999}
WG Windgeschwindigkeit in 10 m Hoehe ueber Grund                 [m/s]
N  Bedeckungsgrad                                                [Achtel]  {0..8;9}
x  Wasserdampfgehalt, Mischungsverhaeltnis                       [g/kg]
RF Relative Feuchte in 2 m Hoehe ueber Grund                     [Prozent] {1..100}
B  Direkte Sonnenbestrahlungsstaerke (horiz. Ebene)              [W/m^2]   abwaerts gerichtet: positiv
D  Diffuse Sonnenbetrahlungsstaerke (horiz. Ebene)               [W/m^2]   abwaerts gerichtet: positiv
A  Bestrahlungsstaerke d. atm. Waermestrahlung (horiz. Ebene)    [W/m^2]   abwaerts gerichtet: positiv
E  Bestrahlungsstaerke d. terr. Waermestrahlung                  [W/m^2]   aufwaerts gerichtet: negativ
IL Qualitaetsbit bezueglich der Auswahlkriterien                           {0;1;2;3;4}


     RW      HW MM DD HH     t    p  WR   WG N    x  RF    B    D   A    E IL
*** 
3823500 2818500  1  1  1   0.7 1014 161  1.3 5  3.8  89    0    0 331 -334  3
3823500 2818500  1  1  2   2.5 1014 185  1.3 7  4.3  92    0    0 331 -334  3
3823500 2818500  1  1  3   3.9 1013 201  1.3 8  4.6  93    0    0 332 -336  3
3823500 2818500  1  1  4   4.0 1013 202  1.4 8  4.6  92    0    0 332 -337  3
3823500 2818500  1  1  5   4.1 1013 204  1.7 8  4.6  92    0    0 334 -339  3
3823500 2818500  1  1  6   4.2 1013 202  1.9 8  4.6  91    0    0 334 -341  3
3823500 2818500  1  1  7   4.3 1013 219  2.1 8  4.7  92    0    0 335 -342  3
3823500 2818500  1  1  8   4.2 1013 209  1.8 8  4.8  94    0    0 336 -344  3
3823500 2818500  1  1  9   4.3 1013 208  1.7 8  4.9  95    0    0 337 -345  3
3823500 2818500  1  1 10   4.5 1013 217  1.8 8  5.0  96    4   28 338 -346  3
3823500 2818500  1  1 11   4.7 1013 230  1.9 8  5.1  97    0   48 339 -348  3
3823500 2818500  1  1 12   5.3 1013 242  2.3 8  5.3  97    0   39 341 -350  3
3823500 2818500  1  1 13   5.7 1013 262  2.6 7  5.4  97    0   31 338 -352  3
3823500 2818500  1  1 14   6.4 1013 280  2.7 7  5.7  98    0   23 334 -353  3
3823500 2818500  1  1 15   6.6 1013 300  2.6 8  5.9  98    0   17 342 -353  3
3823500 2818500  1  1 16   6.9 1014 311  2.1 8  5.8  95    0   10 349 -353  3
3823500 2818500  1  1 17   5.1 1015 322  0.7 7  5.5  95    0    1 338 -350  3
3823500 2818500  1  1 18   4.4 1015 279  1.2 7  5.2  98    0    0 326 -348  3
3823500 2818500  1  1 19   4.0 1016 270  1.6 6  5.0  99    0    0 316 -347  3
3823500 2818500  1  1 20   4.1 1016 253  1.4 4  4.9  97    0    0 294 -345  3
3823500 2818500  1  1 21   4.3 1017 259  1.6 5  4.9  96    0    0 287 -344  3
3823500 2818500  1  1 22   4.0 1017 276  1.0 6  4.9  96    0    0 297 -342  3
3823500 2818500  1  1 23   4.1 1018 264  1.1 7  4.9  98    0    0 307 -340  3
3823500 2818500  1  1 24   3.9 1019 263  1.7 6  4.9  98    0    0 303 -337  3
3823500 2818500  1  2  1   3.8 1019 265  1.9 7  4.9  98    0    0 299 -333  3
3823500 2818500  1  2  2   3.0 1019 239  1.7 7  4.8  99    0    0 300 -329  3
3823500 2818500  1  2  3   3.5 1019 217  1.8 5  4.8 100    0    0 283 -326  3
3823500 2818500  1  2  4   3.5 1019 238  3.0 7  4.8  98    0    0 281 -324  3
3823500 2818500  1  2  5   3.1 1019 251  3.3 8  4.7  97    0    0 298 -323  3
3823500 2818500  1  2  6   3.3 1019 251  3.0 5  4.7  98    0    0 285 -323  3
3823500 2818500  1  2  7   3.9 1019 228  2.4 5  4.8  98    0    0 267 -327  3
3823500 2818500  1  2  8   4.4 1019 200  1.5 8  5.0  98    0    0 288 -331  3
3823500 2818500  1  2  9   4.2 1019 194  2.0 6  5.0  97    0    0 296 -332  3
3823500 2818500  1  2 10   4.4 1019 211  2.4 7  4.9  96   21   35 293 -332  3
3823500 2818500  1  2 11   5.4 1019 212  2.6 6  5.0  94   15   68 297 -333  3
3823500 2818500  1  2 12   6.3 1020 203  2.9 6  5.1  90   19   94 295 -334  3
3823500 2818500  1  2 13   7.1 1019 209  3.4 7  5.2  86   13   98 302 -336  3
3823500 2818500  1  2 14   7.5 1019 220  3.0 6  5.3  84    7   86 304 -337  3
3823500 2818500  1  2 15   7.3 1019 219  2.9 8  5.4  84    0   23 313 -338  3
3823500 2818500  1  2 16   6.9 1018 224  2.7 7  5.4  87    0   18 322 -338  3
3823500 2818500  1  2 17   7.1 1018 235  2.8 8  5.5  88    0    3 324 -336  3
3823500 2818500  1  2 18   7.0 1018 241  2.9 7  5.5  88    0    0 324 -335  3
3823500 2818500  1  2 19   7.0 1018 226  2.7 8  5.6  90    0    0 324 -335  3
3823500 2818500  1  2 20   7.0 1018 228  2.2 8  5.7  91    0    0 329 -334  3
3823500 2818500  1  2 21   7.3 1018 229  2.4 8  5.8  92    0    0 328 -332  3
3823500 2818500  1  2 22   7.5 1018 229  2.3 8  5.9  92    0    0 328 -330  3
3823500 2818500  1  2 23   7.7 1017 234  1.8 8  5.9  92    0    0 329 -330  3
3823500 2818500  1  2 24   7.6 1017 234  2.2 7  5.9  90    0    0 324 -331  3
3823500 2818500  1  3  1   7.6 1017 233  2.1 7  5.8  89    0    0 318 -330  3
3823500 2818500  1  3  2   7.5 1016 237  2.5 8  5.6  87    0    0 323 -328  3
3823500 2818500  1  3  3   7.4 1016 229  2.2 7  5.6  87    0    0 323 -326  3
3823500 2818500  1  3  4   7.3 1016 227  3.0 8  5.5  86    0    0 322 -322  3
3823500 2818500  1  3  5   7.4 1015 228  3.5 7  5.4  85    0    0 322 -320  3
3823500 2818500  1  3  6   7.5 1015 224  3.4 7  5.3  83    0    0 316 -320  3
3823500 2818500  1  3  7   7.4 1015 219  3.9 8  5.3  82    0    0 320 -320  3
3823500 2818500  1  3  8   7.3 1014 224  4.3 7  5.3  83    0    0 318 -320  3
3823500 2818500  1  3  9   6.9 1014 227  4.2 7  5.3  85    0    0 312 -320  3
3823500 2818500  1  3 10   7.5 1014 230  4.3 8  5.4  85    0   19 317 -322  3
3823500 2818500  1  3 11   7.8 1013 228  4.4 6  5.5  84    1   52 314 -324  3
3823500 2818500  1  3 12   8.2 1013 235  5.1 7  5.6  84    0   48 309 -328  3
3823500 2818500  1  3 13   8.4 1013 228  5.2 7  5.6  83    0   48 314 -333  3
3823500 2818500  1  3 14   8.5 1013 232  5.1 7  5.7  82    0   23 312 -337  3
3823500 2818500  1  3 15   8.5 1012 231  4.9 8  5.7  82    0   20 317 -339  3
3823500 2818500  1  3 16   8.2 1011 231  5.5 8  5.7  84    0    6 319 -339  3
3823500 2818500  1  3 17   7.9 1011 229  5.2 8  5.8  86    0    0 319 -338  3
3823500 2818500  1  3 18   7.3 1011 223  4.2 8  5.8  88    0    0 320 -337  3
3823500 2818500  1  3 19   6.9 1011 221  4.9 8  5.7  91    0    0 322 -337  3
3823500 2818500  1  3 20   6.5 1011 216  5.1 8  5.6  92    0    0 322 -338  3
3823500 2818500  1  3 21   6.4 1010 223  5.2 8  5.5  92    0    0 323 -339  3
3823500 2818500  1  3 22   6.1 1010 220  5.9 8  5.5  93    0    0 324 -339  3
3823500 2818500  1  3 23   6.3 1010 220  5.7 8  5.5  93    0    0 325 -339  3
3823500 2818500  1  3 24   6.3 1009 225  5.1 8  5.5  92    0    0 326 -338  3
3823500 2818500  1  4  1   6.1 1009 215  5.4 7  5.5  93    0    0 321 -338  3
3823500 2818500  1  4  2   6.3 1009 226  4.6 8  5.6  94    0    0 322 -337  3
3823500 2818500  1  4  3   6.3 1008 231  3.8 8  5.6  94    0    0 331 -337  3
3823500 2818500  1  4  4   5.7 1008 235  3.5 8  5.6  95    0    0 331 -336  3
3823500 2818500  1  4  5   5.3 1008 240  1.9 8  5.4  95    0    0 330 -336  3
3823500 2818500  1  4  6   5.2 1008 219  1.6 8  5.2  95    0    0 330 -337  3
3823500 2818500  1  4  7   5.1 1009 210  0.9 8  5.2  94    0    0 330 -337  3
3823500 2818500  1  4  8   5.5 1009 198  1.1 8  5.2  93    0    0 332 -338  3
3823500 2818500  1  4  9   5.1 1009 178  1.5 8  5.2  93    0    0 334 -338  3
3823500 2818500  1  4 10   5.3 1008 169  1.5 8  5.3  95    0    9 335 -338  3
3823500 2818500  1  4 11   5.9 1008 193  1.8 8  5.5  96    0   16 338 -339  3
3823500 2818500  1  4 12   6.5 1008 203  2.4 7  5.7  96    0   33 334 -340  3
3823500 2818500  1  4 13   6.8 1007 203  2.3 8  5.8  95    0   33 337 -341  3
3823500 2818500  1  4 14   7.0 1006 201  2.8 8  5.9  95    0   25 345 -342  3
3823500 2818500  1  4 15   7.2 1005 197  4.1 8  6.0  94    0   22 346 -342  3
3823500 2818500  1  4 16   7.2 1004 200  3.5 8  6.0  93    0   12 347 -341  3
3823500 2818500  1  4 17   7.4 1003 208  4.3 8  6.0  93    0    0 348 -341  3
3823500 2818500  1  4 18   7.7 1002 216  5.0 8  6.1  93    0    0 349 -341  3
3823500 2818500  1  4 19   8.4 1002 235  5.1 8  6.2  91    0    0 348 -342  3
3823500 2818500  1  4 20   8.3 1002 255  6.7 7  6.1  89    0    0 341 -344  3
3823500 2818500  1  4 21   7.1 1002 264  8.6 6  5.5  84    0    0 322 -345  3
3823500 2818500  1  4 22   7.1 1003 249  4.3 7  5.1  81    0    0 318 -344  3
3823500 2818500  1  4 23   6.4 1003 242  4.9 8  5.1  83    0    0 331 -342  3
3823500 2818500  1  4 24   5.9 1004 277  6.4 7  5.1  86    0    0 328 -339  3
3823500 2818500  1  5  1   5.5 1004 283  4.8 6  4.9  86    0    0 310 -341  3
3823500 2818500  1  5  2   4.5 1006 279  4.7 3  4.6  84    0    0 275 -342  3
3823500 2818500  1  5  3   3.9 1007 266  3.8 2  4.4  85    0    0 238 -340  3
3823500 2818500  1  5  4   3.1 1008 247  2.5 1  4.3  88    0    0 213 -336  3
3823500 2818500  1  5  5   3.0 1009 245  1.9 1  4.2  88    0    0 202 -333  3
3823500 2818500  1  5  6   2.8 1009 241  2.7 1  4.1  88    0    0 206 -330  3
3823500 2818500  1  5  7   2.6 1010 236  2.6 1  4.1  88    0    0 214 -328  3
3823500 2818500  1  5  8   2.3 1011 243  2.8 1  4.1  90    0    0 218 -328  3
3823500 2818500  1  5  9   2.0 1011 222  2.3 2  4.0  91    0    0 229 -328  3
3823500 2818500  1  5 10   2.3 1012 215  2.1 3  4.1  92   15   37 243 -327  3
3823500 2818500  1  5 11   3.2 1012 219  2.7 5  4.2  92   66   64 262 -328  3
3823500 2818500  1  5 12   4.5 1012 225  2.8 4  4.3  86  110   85 269 -331  3
3823500 2818500  1  5 13   5.5 1012 227  3.0 4  4.4  82  144   82 264 -335  3
3823500 2818500  1  5 14   6.0 1012 222  3.1 5  4.4  77  126   78 271 -338  3
3823500 2818500  1  5 15   6.4 1012 206  2.1 5  4.4  74   85   61 278 -338  3
3823500 2818500  1  5 16   5.8 1011 197  2.0 6  4.4  74   25   35 280 -335  3
3823500 2818500  1  5 17   4.7 1011 190  1.5 7  4.4  79    0    3 286 -332  3
3823500 2818500  1  5 18   4.0 1011 193  2.5 7  4.3  84    0    0 289 -330  3
3823500 2818500  1  5 19   4.3 1011 198  2.9 6  4.4  85    0    0 282 -331  3
3823500 2818500  1  5 20   4.3 1010 187  2.7 6  4.4  84    0    0 280 -334  3
3823500 2818500  1  5 21   4.0 1010 181  1.8 4  4.3  84    0    0 270 -335  3
3823500 2818500  1  5 22   3.5 1010 179  1.5 3  4.3  86    0    0 255 -333  3
3823500 2818500  1  5 23   3.4 1010 181  1.6 3  4.3  88    0    0 251 -331  3
3823500 2818500  1  5 24   3.9 1010 183  1.3 3  4.3  87    0    0 253 -329  3
3823500 2818500  1  6  1   3.9 1009 180  1.7 0  4.3  86    0    0 239 -327  3
3823500 2818500  1  6  2   3.7 1009 185  1.8 0  4.3  86    0    0 225 -326  3
3823500 2818500  1  6  3   3.5 1009 184  2.2 0  4.3  87    0    0 225 -325  3
3823500 2818500  1  6  4   3.3 1009 191  1.9 0  4.3  88    0    0 227 -325  3
3823500 2818500  1  6  5   3.4 1008 189  2.1 0  4.3  89    0    0 227 -326  3
3823500 2818500  1  6  6   3.6 1008 192  2.2 0  4.4  89    0    0 226 -327  3
3823500 2818500  1  6  7   3.6 1008 184  2.8 2  4.4  89    0    0 236 -329  3
3823500 2818500  1  6  8   3.5 1008 187  1.8 4  4.4  89    0    0 253 -331  3
3823500 2818500  1  6  9   3.5 1007 178  1.7 5  4.3  88    0    0 264 -332  3
3823500 2818500  1  6 10   4.6 1007 180  2.6 5  4.5  88    0    0 269 -333  3
3823500 2818500  1  6 11   5.5 1007 181  2.8 5  4.6  85   57   70 270 -337  3
3823500 2818500  1  6 12   6.6 1007 182  3.0 4  4.7  80  129   86 267 -341  3
3823500 2818500  1  6 13   8.2 1007 199  3.2 5  4.9  76   90  108 270 -345  3
3823500 2818500  1  6 14   9.2 1006 198  3.2 7  5.1  72   12   93 290 -347  3
3823500 2818500  1  6 15   9.6 1006 197  3.2 7  5.2  70    3   62 303 -347  3
3823500 2818500  1  6 16   9.7 1005 210  2.8 6  5.2  69   12   34 301 -346  3
3823500 2818500  1  6 17   9.8 1005 226  2.7 7  5.2  69    0    2 305 -345  3
3823500 2818500  1  6 18   9.5 1006 234  2.7 7  5.2  70    0    0 313 -345  3
3823500 2818500  1  6 19   8.4 1006 242  3.3 8  5.4  76    0    0 319 -346  3
3823500 2818500  1  6 20   8.1 1007 239  2.6 7  5.8  85    0    0 322 -347  3
3823500 2818500  1  6 21   7.9 1007 224  1.6 8  5.8  87    0    0 323 -348  3
3823500 2818500  1  6 22   8.0 1008 221  2.2 8  5.8  86    0    0 331 -348  3
3823500 2818500  1  6 23   8.1 1008 232  2.3 8  5.8  86    0    0 334 -347  3
3823500 2818500  1  6 24   8.0 1009 233  1.9 8  5.9  87    0    0 335 -347  3
3823500 2818500  1  7  1   7.9 1009 235  1.7 8  5.8  87    0    0 334 -345  3
3823500 2818500  1  7  2   7.8 1009 240  1.5 8  5.8  88    0    0 334 -344  3
3823500 2818500  1  7  3   7.6 1010 234  1.7 8  5.9  89    0    0 334 -340  3
3823500 2818500  1  7  4   7.3 1011 229  1.9 7  5.8  89    0    0 325 -336  3
3823500 2818500  1  7  5   6.8 1011 232  1.7 6  5.6  89    0    0 307 -336  3
3823500 2818500  1  7  6   6.7 1011 236  1.7 6  5.5  89    0    0 298 -337  3
3823500 2818500  1  7  7   6.6 1012 237  2.5 7  5.5  90    0    0 303 -337  3
3823500 2818500  1  7  8   6.3 1012 234  1.9 6  5.4  90    0    0 299 -336  3
3823500 2818500  1  7  9   6.4 1013 229  1.9 6  5.4  90    0    0 290 -336  3
3823500 2818500  1  7 10   6.6 1013 232  1.8 7  5.4  89    6   33 294 -335  3
3823500 2818500  1  7 11   7.1 1014 231  2.5 7  5.4  87    5   61 302 -335  3
3823500 2818500  1  7 12   7.1 1014 227  2.6 8  5.2  83    0   33 310 -338  3
3823500 2818500  1  7 13   7.1 1013 231  3.6 8  5.1  81    0   36 317 -341  3
3823500 2818500  1  7 14   7.2 1013 230  3.7 7  5.0  80    0   50 310 -343  3
3823500 2818500  1  7 15   7.3 1012 222  2.9 7  5.0  78   41   65 302 -344  3
3823500 2818500  1  7 16   7.0 1012 222  2.7 6  4.9  78   16   30 293 -343  3
3823500 2818500  1  7 17   6.5 1012 224  3.1 7  4.8  78    0    6 289 -340  3
3823500 2818500  1  7 18   6.3 1012 213  2.1 6  4.7  78    0    0 287 -336  3
3823500 2818500  1  7 19   5.8 1012 211  2.2 4  4.7  80    0    0 271 -333  3
3823500 2818500  1  7 20   5.7 1011 215  1.9 3  4.6  81    0    0 255 -332  3
3823500 2818500  1  7 21   5.5 1011 213  1.9 3  4.6  81    0    0 250 -331  3
3823500 2818500  1  7 22   5.8 1011 241  2.1 5  4.5  80    0    0 260 -330  3
3823500 2818500  1  7 23   5.8 1011 234  4.0 6  4.5  78    0    0 275 -328  3
3823500 2818500  1  7 24   5.9 1011 216  4.0 5  4.5  78    0    0 275 -327  3
3823500 2818500  1  8  1   5.6 1010 210  3.7 4  4.4  77    0    0 266 -326  3
3823500 2818500  1  8  2   5.6 1010 206  3.4 4  4.4  77    0    0 263 -326  3
3823500 2818500  1  8  3   5.2 1009 210  3.6 3  4.3  77    0    0 260 -326  3
3823500 2818500  1  8  4   5.5 1009 205  4.1 5  4.3  78    0    0 268 -327  3
3823500 2818500  1  8  5   5.6 1009 212  3.3 6  4.4  77    0    0 287 -330  3
3823500 2818500  1  8  6   5.8 1008 201  3.8 7  4.3  76    0    0 300 -333  3
3823500 2818500  1  8  7   6.0 1008 209  4.8 7  4.3  74    0    0 309 -335  3
3823500 2818500  1  8  8   6.0 1008 210  4.2 7  4.3  74    0    0 311 -337  3
3823500 2818500  1  8  9   6.1 1008 218  4.1 7  4.4  75    0    0 313 -339  3
3823500 2818500  1  8 10   6.2 1008 216  4.2 7  4.5  76    0   29 314 -341  3
3823500 2818500  1  8 11   6.5 1008 219  4.5 6  4.6  77    2   63 310 -343  3
3823500 2818500  1  8 12   6.7 1008 221  4.8 6  4.7  77    1   81 305 -346  3
3823500 2818500  1  8 13   6.5 1008 225  4.5 7  4.8  79    0   74 311 -349  3
3823500 2818500  1  8 14   6.2 1008 223  3.9 7  5.0  84    0   63 317 -352  3
3823500 2818500  1  8 15   6.3 1008 218  3.5 7  5.3  88    0   41 317 -352  3
3823500 2818500  1  8 16   6.2 1008 226  3.0 8  5.4  91    0   13 324 -351  3
3823500 2818500  1  8 17   6.2 1009 225  3.3 8  5.5  93    0    0 329 -351  3
3823500 2818500  1  8 18   6.4 1009 229  2.6 7  5.6  94    0    0 323 -350  3
3823500 2818500  1  8 19   6.5 1010 238  2.6 8  5.7  95    0    0 324 -350  3
3823500 2818500  1  8 20   6.6 1010 231  2.2 7  5.7  94    0    0 324 -349  3
3823500 2818500  1  8 21   6.3 1010 239  2.1 7  5.6  92    0    0 317 -349  3
3823500 2818500  1  8 22   6.3 1010 249  1.6 6  5.4  91    0    0 310 -348  3
3823500 2818500  1  8 23   5.5 1011 239  1.6 6  5.2  90    0    0 301 -348  3
3823500 2818500  1  8 24   4.8 1011 254  1.2 5  5.0  91    0    0 293 -347  3
3823500 2818500  1  9  1   4.0 1011 257  0.6 3  4.8  92    0    0 273 -347  3
3823500 2818500  1  9  2   3.1 1011 207  0.8 3  4.6  94    0    0 259 -346  3
3823500 2818500  1  9  3   2.7 1011 208  0.9 3  4.4  94    0    0 255 -344  3
3823500 2818500  1  9  4   2.4 1012 216  1.2 4  4.4  97    0    0 258 -343  3
3823500 2818500  1  9  5   2.2 1012 206  1.8 5  4.5 100    0    0 268 -341  3
3823500 2818500  1  9  6   1.7 1012 188  1.1 6  4.3  99    0    0 276 -339  3
3823500 2818500  1  9  7   1.3 1012 181  0.8 2  4.2  99    0    0 256 -337  3
3823500 2818500  1  9  8   0.6 1012 213  0.6 3  4.0  98    0    0 236 -334  3
3823500 2818500  1  9  9   0.2 1013 185  0.9 4  3.8  98    0    0 243 -332  3
3823500 2818500  1  9 10   0.7 1014 202  0.6 5  3.9  99    4   42 253 -330  3
3823500 2818500  1  9 11   0.3 1015 208  0.1 4  3.9  99   44  100 251 -331  3
3823500 2818500  1  9 12   1.7 1015 237  0.4 4  4.1 100   44  137 245 -334  3
3823500 2818500  1  9 13   1.6 1015 251  0.7 6  4.3 100   29  140 259 -339  3
3823500 2818500  1  9 14   2.9 1016 281  0.6 7  4.5 100   22  124 280 -341  3
3823500 2818500  1  9 15   3.3 1016 291  0.8 5  4.7 100   32  100 278 -341  3
3823500 2818500  1  9 16   3.1 1016 291  0.6 6  4.6  97   17   51 273 -339  3
3823500 2818500  1  9 17   2.5 1017 253  0.4 5  4.4  94    1    8 272 -335  3
3823500 2818500  1  9 18   1.8 1018 201  0.4 6  4.3  96    0    0 269 -330  3
3823500 2818500  1  9 19   1.7 1018 201  0.5 7  4.3  99    0    0 277 -326  3
3823500 2818500  1  9 20   1.3 1019 225  0.5 7  4.2 100    0    0 280 -324  3
3823500 2818500  1  9 21   0.8 1020 229  0.5 6  4.1 100    0    0 274 -321  3
3823500 2818500  1  9 22   0.8 1021 226  0.3 6  3.9  99    0    0 270 -320  3
3823500 2818500  1  9 23   0.0 1021 227  0.3 6  3.8  99    0    0 271 -319  3
3823500 2818500  1  9 24  -0.1 1022 236  0.1 7  3.7 100    0    0 276 -319  3
3823500 2818500  1 10  1  -0.4 1023 225  0.4 8  3.7 100    0    0 286 -317  3
3823500 2818500  1 10  2  -0.7 1023 239  0.3 8  3.6 100    0    0 291 -315  3
3823500 2818500  1 10  3  -0.5 1023 216  0.6 8  3.6 100    0    0 291 -315  3
3823500 2818500  1 10  4  -0.7 1024 210  0.1 7  3.6 100    0    0 287 -314  3
3823500 2818500  1 10  5  -0.7 1024 195  0.6 8  3.6 100    0    0 284 -314  3
3823500 2818500  1 10  6  -0.9 1025 179  0.7 7  3.5 100    0    0 282 -314  3
3823500 2818500  1 10  7  -0.7 1025 186  1.0 6  3.5 100    0    0 271 -314  3
3823500 2818500  1 10  8  -0.7 1025 176  0.8 7  3.5  99    0    0 270 -314  3
3823500 2818500  1 10  9  -0.8 1026 195  1.4 7  3.5  99    0    0 275 -313  3
3823500 2818500  1 10 10  -0.5 1027 195  1.0 8  3.6 100    1   37 281 -312  3
3823500 2818500  1 10 11  -0.5 1027 194  1.5 6  3.6 100    4   72 276 -313  3
3823500 2818500  1 10 12  -0.2 1027 196  1.2 7  3.6  99    0   47 274 -316  3
3823500 2818500  1 10 13   0.6 1028 205  1.1 8  3.8  99    0   48 288 -318  3
3823500 2818500  1 10 14   1.0 1028 214  1.1 8  3.9  99    0   46 298 -319  3
3823500 2818500  1 10 15   1.5 1028 210  1.0 7  4.0  98    1   65 298 -319  3
3823500 2818500  1 10 16   1.6 1028 194  1.3 8  4.1  98    1   33 299 -319  3
3823500 2818500  1 10 17   1.4 1028 203  1.1 6  4.1  99    0    2 291 -319  3
3823500 2818500  1 10 18   1.4 1028 203  1.3 7  4.0  98    0    0 280 -317  3
3823500 2818500  1 10 19   1.5 1028 193  2.2 6  4.0  97    0    0 276 -314  3
3823500 2818500  1 10 20   0.5 1028 208  2.5 7  3.9  98    0    0 270 -313  3
3823500 2818500  1 10 21   0.3 1028 231  1.6 7  3.8  99    0    0 268 -311  3
3823500 2818500  1 10 22   0.9 1028 209  1.7 7  3.8  96    0    0 265 -310  3
3823500 2818500  1 10 23   1.1 1028 218  1.6 5  3.9  96    0    0 256 -309  3
3823500 2818500  1 10 24   0.9 1029 229  1.8 8  3.9  98    0    0 259 -309  3
3823500 2818500  1 11  1   0.5 1029 214  2.0 8  3.8  97    0    0 270 -309  3
3823500 2818500  1 11  2   0.1 1028 221  1.4 8  3.7  96    0    0 267 -310  3
3823500 2818500  1 11  3   0.0 1029 226  1.9 8  3.6  97    0    0 267 -311  3
3823500 2818500  1 11  4  -0.2 1029 221  1.7 8  3.6  97    0    0 266 -311  3
3823500 2818500  1 11  5  -0.1 1028 212  1.6 8  3.6  97    0    0 266 -311  3
3823500 2818500  1 11  6   0.0 1028 210  2.2 8  3.6  96    0    0 267 -312  3
3823500 2818500  1 11  7   0.0 1028 224  2.5 8  3.6  95    0    0 268 -312  3
3823500 2818500  1 11  8   0.0 1028 210  2.1 7  3.5  94    0    0 264 -312  3
3823500 2818500  1 11  9   0.0 1028 211  2.5 7  3.5  93    0    0 262 -311  3
3823500 2818500  1 11 10   0.1 1028 217  2.4 7  3.5  93    2   37 265 -312  3
3823500 2818500  1 11 11   0.7 1029 212  2.9 6  3.5  92   32   79 265 -314  3
3823500 2818500  1 11 12   1.7 1029 209  2.6 4  3.6  89  103  102 257 -317  3
3823500 2818500  1 11 13   2.5 1028 224  2.9 3  3.7  85  145  102 248 -319  3
3823500 2818500  1 11 14   3.3 1028 220  2.6 3  3.7  81  135   94 248 -320  3
3823500 2818500  1 11 15   3.7 1028 210  3.0 3  3.7  77  105   75 252 -321  3
3823500 2818500  1 11 16   3.2 1027 211  2.9 2  3.6  76   45   45 248 -321  3
3823500 2818500  1 11 17   2.3 1027 207  2.8 3  3.6  78    3    8 248 -320  3
3823500 2818500  1 11 18   1.4 1027 195  2.5 3  3.5  81    0    0 253 -320  3
3823500 2818500  1 11 19   1.2 1027 201  2.5 3  3.5  84    0    0 252 -320  3
3823500 2818500  1 11 20   1.0 1027 199  2.3 3  3.4  84    0    0 252 -320  3
3823500 2818500  1 11 21   0.6 1027 192  1.8 2  3.3  84    0    0 247 -320  3
3823500 2818500  1 11 22   0.4 1027 194  1.6 1  3.2  84    0    0 236 -320  3
3823500 2818500  1 11 23   0.3 1027 199  1.7 0  3.2  83    0    0 226 -320  3
3823500 2818500  1 11 24   0.0 1026 203  1.5 1  3.2  84    0    0 224 -319  3
3823500 2818500  1 12  1  -0.1 1026 204  2.3 1  3.1  84    0    0 227 -317  3
3823500 2818500  1 12  2   0.4 1025 200  2.2 1  3.1  82    0    0 225 -315  3
3823500 2818500  1 12  3  -0.2 1025 190  2.1 1  3.0  81    0    0 224 -313  3
3823500 2818500  1 12  4   0.0 1025 202  2.3 0  3.0  81    0    0 217 -311  3
3823500 2818500  1 12  5  -0.4 1024 192  1.4 1  3.0  81    0    0 216 -310  3
3823500 2818500  1 12  6  -0.7 1024 194  1.7 1  3.0  84    0    0 217 -309  3
3823500 2818500  1 12  7  -0.5 1023 205  2.0 1  3.1  85    0    0 215 -308  3
3823500 2818500  1 12  8  -0.6 1023 186  2.0 2  3.1  86    0    0 218 -308  3
3823500 2818500  1 12  9   0.0 1023 187  1.7 4  3.2  87    0    0 231 -308  3
3823500 2818500  1 12 10   0.1 1022 184  2.6 5  3.3  87   12   43 243 -308  3
3823500 2818500  1 12 11   1.5 1022 201  3.5 5  3.4  85   55   86 248 -310  3
3823500 2818500  1 12 12   2.6 1022 210  3.7 5  3.4  79   63  115 248 -314  3
3823500 2818500  1 12 13   3.5 1021 201  3.5 5  3.4  73  135  109 247 -317  3
3823500 2818500  1 12 14   4.3 1020 205  3.3 5  3.4  68  136   99 247 -318  3
3823500 2818500  1 12 15   4.4 1019 203  3.4 5  3.3  65   90   80 247 -319  3
3823500 2818500  1 12 16   4.0 1019 196  2.8 6  3.3  64   37   47 249 -319  3
3823500 2818500  1 12 17   3.2 1018 200  2.4 7  3.2  66    1    8 254 -317  3
3823500 2818500  1 12 18   2.8 1018 200  2.3 7  3.2  69    0    0 255 -314  3
3823500 2818500  1 12 19   2.6 1018 190  2.3 6  3.3  72    0    0 250 -312  3
3823500 2818500  1 12 20   2.2 1018 199  2.9 7  3.3  74    0    0 248 -311  3
3823500 2818500  1 12 21   1.8 1017 198  1.8 7  3.3  76    0    0 250 -310  3
3823500 2818500  1 12 22   1.5 1017 202  1.9 6  3.3  77    0    0 246 -309  3
3823500 2818500  1 12 23   1.2 1016 209  1.3 6  3.3  78    0    0 242 -307  3
3823500 2818500  1 12 24   0.8 1016 202  1.5 8  3.3  81    0    0 246 -306  3
3823500 2818500  1 13  1   1.2 1016 200  1.9 7  3.3  81    0    0 248 -305  3
3823500 2818500  1 13  2   1.7 1015 215  2.2 7  3.3  78    0    0 246 -305  3
3823500 2818500  1 13  3   1.8 1015 217  2.3 7  3.3  76    0    0 248 -303  3
3823500 2818500  1 13  4   1.8 1014 216  2.1 7  3.3  76    0    0 249 -303  3
3823500 2818500  1 13  5   1.7 1013 214  2.4 7  3.3  76    0    0 249 -302  3
3823500 2818500  1 13  6   1.5 1013 210  1.8 7  3.2  76    0    0 250 -302  3
3823500 2818500  1 13  7   1.4 1012 198  2.2 7  3.2  77    0    0 250 -301  3
3823500 2818500  1 13  8   1.4 1012 199  2.1 8  3.2  76    0    0 252 -300  3
3823500 2818500  1 13  9   1.4 1012 195  2.6 8  3.2  77    0    0 255 -300  3
3823500 2818500  1 13 10   1.6 1011 183  2.4 8  3.2  76    0   10 255 -301  3
3823500 2818500  1 13 11   1.7 1011 181  1.8 6  3.2  75    5   52 248 -303  3
3823500 2818500  1 13 12   1.7 1011 184  2.7 6  3.2  75    5   70 241 -307  3
3823500 2818500  1 13 13   1.9 1010 180  2.3 6  3.2  74    0   68 240 -312  3
3823500 2818500  1 13 14   1.9 1010 179  2.8 7  3.2  74    0   54 245 -315  3
3823500 2818500  1 13 15   2.0 1009 183  2.4 7  3.3  74    0   42 250 -316  3
3823500 2818500  1 13 16   1.9 1008 181  1.5 7  3.2  74    0   18 252 -315  3
3823500 2818500  1 13 17   1.5 1008 175  2.0 7  3.2  75    0    1 252 -312  3
3823500 2818500  1 13 18   1.1 1008 174  1.6 7  3.2  77    0    0 252 -309  3
3823500 2818500  1 13 19   1.0 1008 157  1.3 6  3.2  77    0    0 249 -307  3
3823500 2818500  1 13 20   0.5 1008 164  1.2 5  3.2  78    0    0 243 -305  3
3823500 2818500  1 13 21   0.0 1008 162  1.3 5  3.2  81    0    0 240 -304  3
3823500 2818500  1 13 22   0.3 1008 175  1.4 6  3.2  83    0    0 245 -304  3
3823500 2818500  1 13 23   0.5 1008 170  1.4 6  3.3  84    0    0 250 -304  3
3823500 2818500  1 13 24   0.9 1008 187  1.6 7  3.3  83    0    0 256 -303  3
3823500 2818500  1 14  1   0.6 1008 189  1.1 7  3.3  82    0    0 260 -302  3
3823500 2818500  1 14  2  -0.3 1009 189  1.2 6  3.3  85    0    0 256 -302  3
3823500 2818500  1 14  3   0.1 1009 181  0.9 7  3.3  88    0    0 258 -301  3
3823500 2818500  1 14  4   0.6 1009 160  0.9 8  3.4  87    0    0 266 -300  3
3823500 2818500  1 14  5   0.7 1009 159  1.2 8  3.4  86    0    0 271 -299  3
3823500 2818500  1 14  6   0.9 1009 166  0.9 8  3.5  86    0    0 271 -298  3
3823500 2818500  1 14  7   0.8 1009 160  1.5 8  3.5  87    0    0 269 -297  3
3823500 2818500  1 14  8   1.0 1010 160  1.7 8  3.6  88    0    0 267 -297  3
3823500 2818500  1 14  9   1.0 1010 160  1.1 8  3.6  88    0    0 265 -296  3
3823500 2818500  1 14 10   1.1 1011 161  1.5 8  3.6  88    0   13 263 -297  3
3823500 2818500  1 14 11   1.5 1011 160  1.4 8  3.7  88    0   33 263 -300  3
3823500 2818500  1 14 12   1.8 1012 162  1.9 7  3.7  87    0   44 259 -306  3
3823500 2818500  1 14 13   2.2 1012 161  1.5 7  3.8  87    0   48 256 -312  3
3823500 2818500  1 14 14   2.4 1012 157  1.3 7  3.9  86    0   45 255 -316  3
3823500 2818500  1 14 15   2.6 1012 144  1.1 8  3.9  86    0   26 258 -317  3
3823500 2818500  1 14 16   2.6 1013 141  1.2 8  4.0  86    0   13 260 -316  3
3823500 2818500  1 14 17   2.5 1013 136  1.0 8  3.9  87    0    3 260 -312  3
3823500 2818500  1 14 18   2.4 1014 161  0.2 8  3.9  87    0    0 258 -307  3
3823500 2818500  1 14 19   2.3 1015 143  0.1 8  3.9  87    0    0 258 -304  3
3823500 2818500  1 14 20   2.3 1015  98  0.1 7  3.9  87    0    0 255 -303  3
3823500 2818500  1 14 21   2.2 1016  48  0.1 8  3.9  88    0    0 255 -301  3
3823500 2818500  1 14 22   2.0 1017  38  0.1 8  4.0  90    0    0 257 -300  3
3823500 2818500  1 14 23   2.1 1018  64  0.1 8  4.0  92    0    0 256 -299  3
3823500 2818500  1 14 24   2.1 1018  66  0.1 8  4.1  93    0    0 255 -297  3
3823500 2818500  1 15  1   2.0 1019  38  0.1 8  4.1  95    0    0 254 -296  3
3823500 2818500  1 15  2   2.0 1019  12  0.3 8  4.2  96    0    0 253 -296  3
3823500 2818500  1 15  3   2.0 1020  24  0.1 7  4.2  96    0    0 251 -295  3
3823500 2818500  1 15  4   1.9 1021 360  0.8 8  4.2  97    0    0 250 -294  3
3823500 2818500  1 15  5   2.0 1021   8  0.4 8  4.2  97    0    0 253 -294  3
3823500 2818500  1 15  6   2.1 1021  24  0.2 8  4.2  96    0    0 254 -294  3
3823500 2818500  1 15  7   2.1 1022  26  0.9 8  4.2  96    0    0 256 -294  3
3823500 2818500  1 15  8   1.9 1022  33  1.5 8  4.1  94    0    0 259 -294  3
3823500 2818500  1 15  9   1.7 1023  17  1.6 8  4.0  93    0    0 262 -294  3
3823500 2818500  1 15 10   1.8 1024  16  1.6 8  3.9  91    0   34 265 -295  3
3823500 2818500  1 15 11   2.7 1025   9  1.2 4  4.0  90   31   88 256 -298  3
3823500 2818500  1 15 12   3.6 1025  18  2.8 2  4.0  85  108  107 241 -304  3
3823500 2818500  1 15 13   3.3 1026  32  3.8 4  3.4  71   81  126 239 -310  3
3823500 2818500  1 15 14   3.1 1026  38  3.2 6  3.0  65    4   90 251 -314  3
3823500 2818500  1 15 15   3.1 1026  22  2.7 4  2.9  62   25   89 251 -316  3
3823500 2818500  1 15 16   2.9 1026  17  2.1 8  2.8  61    2   38 257 -314  3
3823500 2818500  1 15 17   2.3 1026 359  1.6 8  2.9  65    0    4 270 -311  3
3823500 2818500  1 15 18   1.7 1027 360  1.8 8  2.9  68    0    0 270 -311  3
3823500 2818500  1 15 19   0.3 1027 336  1.0 6  2.9  73    0    0 262 -313  3
3823500 2818500  1 15 20   0.5 1027 270  1.3 7  3.0  78    0    0 259 -314  3
3823500 2818500  1 15 21   0.7 1027 262  1.3 7  3.2  82    0    0 266 -315  3
3823500 2818500  1 15 22   0.5 1028 247  0.8 7  3.3  84    0    0 269 -314  3
3823500 2818500  1 15 23   0.7 1028 262  0.8 8  3.3  86    0    0 275 -312  3
3823500 2818500  1 15 24   0.7 1028 281  1.2 6  3.4  87    0    0 274 -310  3
3823500 2818500  1 16  1   1.2 1028 270  1.3 6  3.5  87    0    0 269 -309  3
3823500 2818500  1 16  2   1.8 1028 255  1.0 7  3.6  87    0    0 276 -310  3
3823500 2818500  1 16  3   1.9 1027 249  1.1 7  3.8  88    0    0 283 -311  3
3823500 2818500  1 16  4   2.0 1027 249  1.8 7  3.8  88    0    0 284 -313  3
3823500 2818500  1 16  5   2.0 1027 248  1.6 7  3.9  90    0    0 286 -315  3
3823500 2818500  1 16  6   2.3 1026 254  1.3 8  4.0  92    0    0 294 -316  3
3823500 2818500  1 16  7   2.7 1026 256  1.7 8  4.2  94    0    0 303 -318  3
3823500 2818500  1 16  8   2.9 1025 279  1.4 8  4.4  96    0    0 307 -318  3
3823500 2818500  1 16  9   3.5 1026 264  1.7 8  4.5  96    0    0 310 -319  3
3823500 2818500  1 16 10   3.6 1026 288  1.7 8  4.7  97    0   33 314 -319  3
3823500 2818500  1 16 11   4.3 1026 284  1.7 6  4.9  98    5   71 310 -320  3
3823500 2818500  1 16 12   5.1 1026 276  1.9 6  5.1  97    1   83 307 -321  3
3823500 2818500  1 16 13   5.4 1026 280  1.8 5  5.3  97   27  120 306 -323  3
3823500 2818500  1 16 14   5.8 1025 281  1.5 7  5.3  94    0   71 313 -323  3
3823500 2818500  1 16 15   5.7 1025 278  2.2 8  5.3  94    0   28 328 -324  3
3823500 2818500  1 16 16   5.8 1024 294  2.1 8  5.4  96    0   20 333 -324  3
3823500 2818500  1 16 17   5.8 1024 298  2.2 8  5.4  96    0    3 333 -325  3
3823500 2818500  1 16 18   5.8 1024 296  1.9 8  5.4  96    0    0 333 -327  3
3823500 2818500  1 16 19   5.9 1024 298  2.8 8  5.4  95    0    0 333 -329  3
3823500 2818500  1 16 20   5.7 1024 307  2.9 7  5.4  94    0    0 328 -330  3
3823500 2818500  1 16 21   5.6 1024 303  3.1 7  5.2  93    0    0 324 -331  3
3823500 2818500  1 16 22   5.5 1024 301  3.3 8  5.1  92    0    0 329 -331  3
3823500 2818500  1 16 23   5.6 1023 300  3.8 8  5.1  91    0    0 334 -330  3
3823500 2818500  1 16 24   5.7 1023 289  3.9 8  5.1  90    0    0 335 -330  3
3823500 2818500  1 17  1   5.6 1022 302  3.5 8  5.1  91    0    0 335 -330  3
3823500 2818500  1 17  2   5.7 1022 304  3.2 8  5.3  93    0    0 336 -331  3
3823500 2818500  1 17  3   5.8 1022 302  3.3 8  5.3  94    0    0 337 -332  3
3823500 2818500  1 17  4   5.9 1021 292  3.3 8  5.3  94    0    0 338 -332  3
3823500 2818500  1 17  5   5.9 1020 300  3.2 8  5.3  93    0    0 338 -333  3
3823500 2818500  1 17  6   6.2 1020 299  3.7 8  5.3  92    0    0 338 -334  3
3823500 2818500  1 17  7   6.3 1019 304  2.5 8  5.3  90    0    0 338 -335  3
3823500 2818500  1 17  8   6.0 1019 307  3.1 8  5.3  91    0    0 337 -337  3
3823500 2818500  1 17  9   6.1 1019 302  3.1 8  5.4  93    0    0 337 -338  3
3823500 2818500  1 17 10   6.1 1019 313  3.2 8  5.4  93    0   17 337 -339  3
3823500 2818500  1 17 11   6.2 1019 320  3.2 8  5.4  93    0   35 338 -340  3
3823500 2818500  1 17 12   6.3 1019 320  3.3 8  5.5  93    0   25 339 -340  3
3823500 2818500  1 17 13   6.5 1019 317  4.1 8  5.5  92    0   27 339 -341  3
3823500 2818500  1 17 14   6.7 1018 322  3.8 8  5.5  91    0   24 340 -341  3
3823500 2818500  1 17 15   6.9 1018 312  5.0 7  5.6  91    0   19 334 -342  3
3823500 2818500  1 17 16   7.1 1017 324  4.7 8  5.6  90    0   10 334 -342  3
3823500 2818500  1 17 17   7.0 1017 320  4.7 8  5.5  89    0    1 342 -342  3
3823500 2818500  1 17 18   6.9 1017 322  4.9 8  5.5  88    0    0 341 -343  3
3823500 2818500  1 17 19   6.6 1017 315  3.9 8  5.5  90    0    0 339 -343  3
3823500 2818500  1 17 20   6.7 1017 319  4.5 8  5.5  90    0    0 339 -343  3
3823500 2818500  1 17 21   6.6 1017 319  4.5 8  5.5  91    0    0 339 -343  3
3823500 2818500  1 17 22   6.5 1017 320  4.6 8  5.5  91    0    0 339 -343  3
3823500 2818500  1 17 23   6.6 1017 307  4.4 8  5.5  90    0    0 337 -343  3
3823500 2818500  1 17 24   6.8 1016 285  4.1 8  5.5  89    0    0 337 -344  3
3823500 2818500  1 18  1   7.1  998 258  3.6 8  5.6  88    0    0 331 -354  3
3823500 2818500  1 18  2   7.3  997 236  3.3 8  5.7  88    0    0 336 -352  3
3823500 2818500  1 18  3   7.5  996 217  2.9 8  5.8  89    0    0 335 -350  3
3823500 2818500  1 18  4   7.4  995 210  2.8 8  5.9  91    0    0 335 -348  3
3823500 2818500  1 18  5   7.4  994 207  2.8 8  6.0  91    0    0 334 -347  3
3823500 2818500  1 18  6   7.3  992 190  2.6 8  6.1  94    0    0 334 -347  3
3823500 2818500  1 18  7   7.5  990 189  2.9 8  6.2  94    0    0 335 -347  3
3823500 2818500  1 18  8   8.0  988 190  3.2 8  6.3  94    0    0 339 -347  3
3823500 2818500  1 18  9   9.1  986 201  4.1 8  6.7  94    0    0 344 -350  3
3823500 2818500  1 18 10  10.7  984 215  5.6 8  7.3  93    0    8 351 -356  3
3823500 2818500  1 18 11  11.8  981 214  7.2 8  7.8  91    0   25 359 -363  3
3823500 2818500  1 18 12  12.4  979 227  7.3 8  8.1  89    0   43 364 -367  3
3823500 2818500  1 18 13  13.0  977 231  9.7 7  8.2  87    0   63 357 -369  3
3823500 2818500  1 18 14  12.7  977 231  9.1 8  8.3  87    0   29 358 -370  3
3823500 2818500  1 18 15  12.7  975 230  8.7 8  8.5  89    0   32 370 -371  3
3823500 2818500  1 18 16  13.1  974 236  9.0 8  8.6  89    0   22 371 -372  3
3823500 2818500  1 18 17  11.3  972 263 12.5 8  7.4  80    0    0 366 -372  3
3823500 2818500  1 18 18  10.3  973 266  9.5 7  6.0  71    0    0 349 -371  3
3823500 2818500  1 18 19  11.4  974 259 10.5 7  5.7  68    0    0 339 -368  3
3823500 2818500  1 18 20  11.0  976 259 12.5 7  5.5  64    0    0 337 -365  3
3823500 2818500  1 18 21   8.8  978 270  9.5 7  5.3  68    0    0 332 -361  3
3823500 2818500  1 18 22   9.4  980 269  9.1 8  5.3  71    0    0 337 -357  3
3823500 2818500  1 18 23   9.0  983 273 10.0 8  4.9  65    0    0 344 -354  3
3823500 2818500  1 18 24   8.5  985 276 10.3 8  4.8  66    0    0 342 -351  3
3823500 2818500  1 19  1   8.2  988 282  7.0 8  4.9  70    0    0 340 -351  3
3823500 2818500  1 19  2   7.8  991 271  4.0 8  5.0  73    0    0 336 -350  3
3823500 2818500  1 19  3   7.5  993 255  3.0 7  5.0  76    0    0 327 -350  3
3823500 2818500  1 19  4   7.6  993 242  2.8 6  5.2  78    0    0 314 -348  3
3823500 2818500  1 19  5   8.2  993 239  3.1 8  5.4  80    0    0 322 -346  3
3823500 2818500  1 19  6   8.4  993 243  3.6 8  5.7  82    0    0 336 -345  3
3823500 2818500  1 19  7   8.4  993 250  3.1 8  6.0  85    0    0 337 -344  3
3823500 2818500  1 19  8   8.4  993 254  4.5 7  6.1  87    0    0 331 -343  3
3823500 2818500  1 19  9   9.1  994 265  5.0 6  5.9  83    0    7 322 -342  3
3823500 2818500  1 19 10   9.5  995 276  5.8 3  5.6  75   39   51 302 -342  3
3823500 2818500  1 19 11   9.8  997 274  6.3 2  5.3  70   97   81 283 -345  3
3823500 2818500  1 19 12  10.2  999 272  6.4 4  5.2  67   31  112 288 -349  3
3823500 2818500  1 19 13  10.1 1000 271  7.1 6  5.1  65    0   82 310 -353  3
3823500 2818500  1 19 14  10.0 1001 268  7.7 7  5.0  65    0   39 325 -356  3
3823500 2818500  1 19 15  10.0 1003 272  6.7 8  5.0  64    0   46 334 -357  3
3823500 2818500  1 19 16   9.8 1004 268  6.6 8  4.9  65    0   27 336 -355  3
3823500 2818500  1 19 17   9.5 1006 267  5.6 8  5.0  66    0    8 334 -351  3
3823500 2818500  1 19 18   9.1 1007 256  5.2 8  5.0  68    0    0 332 -346  3
3823500 2818500  1 19 19   9.1 1008 262  4.6 7  5.0  69    0    0 323 -343  3
3823500 2818500  1 19 20   8.8 1009 251  3.8 7  5.0  70    0    0 314 -341  3
3823500 2818500  1 19 21   8.2 1009 242  3.0 6  5.0  73    0    0 307 -340  3
3823500 2818500  1 19 22   7.9 1009 232  2.1 5  5.1  76    0    0 297 -340  3
3823500 2818500  1 19 23   8.0 1009 213  1.9 5  5.3  79    0    0 292 -341  3
3823500 2818500  1 19 24   8.6 1008 214  2.5 8  5.6  82    0    0 313 -345  3
3823500 2818500  1 20  1   9.4 1007 201  2.5 8  6.3  87    0    0 337 -352  3
3823500 2818500  1 20  2   9.9 1006 206  3.2 8  6.9  92    0    0 345 -360  3
3823500 2818500  1 20  3  11.1 1005 220  4.1 8  7.4  93    0    0 353 -366  3
3823500 2818500  1 20  4  12.1 1004 224  5.0 8  7.8  91    0    0 359 -369  3
3823500 2818500  1 20  5  12.6 1003 229  4.7 8  7.8  87    0    0 363 -370  3
3823500 2818500  1 20  6  12.7 1002 233  5.0 8  7.7  84    0    0 365 -370  3
3823500 2818500  1 20  7  12.3 1001 234  5.3 8  7.8  85    0    0 365 -370  3
3823500 2818500  1 20  8  12.3 1001 228  5.1 8  7.8  86    0    0 366 -370  3
3823500 2818500  1 20  9  12.8 1000 233  5.9 8  7.6  82    0    0 366 -370  3
3823500 2818500  1 20 10  12.9 1000 233  6.3 8  7.1  76    0   22 366 -370  3
3823500 2818500  1 20 11  12.6 1000 232  6.7 7  6.8  74    0   55 359 -370  3
3823500 2818500  1 20 12  11.6  999 231  7.1 7  6.9  77    0   41 351 -371  3
3823500 2818500  1 20 13  10.9  998 239  6.0 7  7.1  85    0   64 348 -372  3
3823500 2818500  1 20 14   9.0  998 248  4.7 7  6.9  89    0   54 344 -371  3
3823500 2818500  1 20 15   8.7  998 254  5.4 7  6.1  86    0   45 339 -369  3
3823500 2818500  1 20 16   8.9  999 260  3.3 7  5.7  80   10   32 336 -367  3
3823500 2818500  1 20 17   9.1  999 258  4.9 6  5.7  79    5    7 329 -362  3
3823500 2818500  1 20 18   8.9 1000 251  4.5 6  5.5  76    0    0 319 -355  3
3823500 2818500  1 20 19   8.3 1000 250  4.5 5  5.2  74    0    0 307 -348  3
3823500 2818500  1 20 20   8.0 1001 241  4.4 3  5.1  74    0    0 283 -344  3
3823500 2818500  1 20 21   7.8 1001 236  3.9 3  5.1  76    0    0 266 -344  3
3823500 2818500  1 20 22   7.5 1001 239  4.1 2  5.0  76    0    0 259 -346  3
3823500 2818500  1 20 23   6.9 1001 229  3.5 0  4.9  76    0    0 241 -346  3
3823500 2818500  1 20 24   6.8 1001 229  3.5 2  4.8  78    0    0 240 -344  3
3823500 2818500  1 21  1   6.6 1000 233  4.0 2  4.9  79    0    0 249 -341  3
3823500 2818500  1 21  2   6.4 1000 227  3.7 3  4.8  79    0    0 254 -337  3
3823500 2818500  1 21  3   6.0 1000 219  4.0 4  4.8  80    0    0 264 -335  3
3823500 2818500  1 21  4   6.3  999 221  4.0 6  4.8  80    0    0 279 -334  3
3823500 2818500  1 21  5   6.3  998 220  4.8 7  4.8  80    0    0 295 -333  3
3823500 2818500  1 21  6   6.2  997 220  4.7 8  4.9  82    0    0 307 -334  3
3823500 2818500  1 21  7   6.6  996 214  5.5 8  4.9  81    0    0 313 -336  3
3823500 2818500  1 21  8   6.7  994 213  6.6 7  4.8  78    0    0 308 -338  3
3823500 2818500  1 21  9   6.3  993 230  8.5 7  4.7  77    0   10 303 -338  3
3823500 2818500  1 21 10   5.0  992 240  6.7 6  4.7  82    0   36 297 -339  3
3823500 2818500  1 21 11   5.1  993 248 10.0 8  4.8  86    0   32 302 -340  3
3823500 2818500  1 21 12   5.0  994 270  8.6 7  4.6  84    0   80 305 -342  3
3823500 2818500  1 21 13   6.5  997 258  8.3 5  4.5  77   53  135 289 -344  3
3823500 2818500  1 21 14   7.1  998 260  7.4 5  4.3  68   63  129 278 -346  3
3823500 2818500  1 21 15   6.6  999 245  6.2 6  4.3  69   16   89 280 -347  3
3823500 2818500  1 21 16   6.7 1000 236  5.2 5  4.5  72   19   56 278 -346  3
3823500 2818500  1 21 17   5.7 1000 240  3.9 4  4.5  75    6   13 265 -342  3
3823500 2818500  1 21 18   5.2 1000 241  2.7 4  4.5  80    0    0 256 -337  3
3823500 2818500  1 21 19   4.4 1000 234  3.6 4  4.5  83    0    0 250 -334  3
3823500 2818500  1 21 20   4.2 1001 224  3.6 5  4.5  86    0    0 252 -332  3
3823500 2818500  1 21 21   4.4 1001 234  3.6 7  4.6  88    0    0 264 -330  3
3823500 2818500  1 21 22   4.3 1002 230  3.3 6  4.6  88    0    0 268 -329  3
3823500 2818500  1 21 23   4.1 1002 229  3.1 4  4.5  88    0    0 250 -329  3
3823500 2818500  1 21 24   4.0 1002 220  3.4 2  4.5  87    0    0 224 -330  3
3823500 2818500  1 22  1   4.0 1003 230  4.4 2  4.4  86    0    0 214 -332  3
3823500 2818500  1 22  2   3.6 1003 224  4.3 4  4.4  86    0    0 227 -333  3
3823500 2818500  1 22  3   3.6 1003 227  3.6 5  4.3  86    0    0 247 -334  3
3823500 2818500  1 22  4   3.4 1003 238  3.9 4  4.2  86    0    0 250 -335  3
3823500 2818500  1 22  5   3.5 1003 232  3.6 3  4.2  86    0    0 242 -334  3
3823500 2818500  1 22  6   3.4 1003 228  4.0 4  4.3  88    0    0 243 -334  3
3823500 2818500  1 22  7   3.3 1003 237  3.3 6  4.4  90    0    0 261 -333  3
3823500 2818500  1 22  8   3.3 1003 238  3.0 7  4.5  92    0    0 282 -332  3
3823500 2818500  1 22  9   3.3 1004 243  2.8 7  4.5  93    0    6 289 -332  3
3823500 2818500  1 22 10   3.3 1004 243  3.1 6  4.5  94    5   51 283 -332  3
3823500 2818500  1 22 11   3.6 1005 278  3.0 6  4.6  93    4   78 277 -333  3
3823500 2818500  1 22 12   3.5 1006 337  3.5 7  4.4  90    2   90 283 -334  3
3823500 2818500  1 22 13   4.2 1007 344  2.9 5  4.4  86   24  132 276 -337  3
3823500 2818500  1 22 14   3.4 1007 353  4.6 6  4.1  82   32  132 268 -340  3
3823500 2818500  1 22 15   2.7 1008 357  5.1 3  3.6  75   60  113 251 -341  3
3823500 2818500  1 22 16   1.6 1009  17  4.4 4  3.1  70   41   68 237 -340  3
3823500 2818500  1 22 17   0.6 1010   9  3.2 3  2.7  66    5   14 235 -336  3
3823500 2818500  1 22 18  -0.1 1011   7  2.1 2  2.6  67    0    0 224 -331  3
3823500 2818500  1 22 19  -1.3 1012   9  0.9 1  2.6  71    0    0 213 -330  3
3823500 2818500  1 22 20  -2.5 1012 331  0.4 0  2.6  80    0    0 199 -329  3
3823500 2818500  1 22 21  -3.4 1013 352  0.0 0  2.7  87    0    0 188 -329  3
3823500 2818500  1 22 22  -3.9 1013   9  0.1 0  2.6  91    0    0 184 -329  3
3823500 2818500  1 22 23  -4.1 1014 156  0.1 0  2.6  92    0    0 183 -327  3
3823500 2818500  1 22 24  -4.7 1014  62  0.1 2  2.5  93    0    0 194 -322  3
3823500 2818500  1 23  1  -4.5 1014  82  0.1 2  2.5  93    0    0 205 -320  3
3823500 2818500  1 23  2  -5.1 1014 149  0.1 2  2.4  92    0    0 204 -319  3
3823500 2818500  1 23  3  -5.3 1013  64  0.0 1  2.4  92    0    0 197 -317  3
3823500 2818500  1 23  4  -5.6 1013  30  0.0 0  2.3  92    0    0 184 -316  3
3823500 2818500  1 23  5  -6.5 1013  20  0.1 0  2.3  94    0    0 175 -314  3
3823500 2818500  1 23  6  -6.8 1013  60  0.1 0  2.2  96    0    0 171 -312  3
3823500 2818500  1 23  7  -7.3 1011 333  0.1 0  2.1  96    0    0 168 -310  3
3823500 2818500  1 23  8  -7.5 1011  95  0.0 1  2.1  96    0    0 171 -309  3
3823500 2818500  1 23  9  -7.5 1011  12  0.1 2  2.1  96    0   12 182 -307  3
3823500 2818500  1 23 10  -4.7 1011  12  0.0 3  2.2  90   27   64 199 -304  3
3823500 2818500  1 23 11  -4.3 1011  10  0.1 4  2.4  89   59  112 215 -304  3
3823500 2818500  1 23 12  -2.6 1011  66  0.2 4  2.5  85  113  135 223 -308  3
3823500 2818500  1 23 13  -1.3 1010 337  1.0 4  2.4  73  138  142 225 -312  3
3823500 2818500  1 23 14  -0.9 1009  21  1.3 4  2.2  64  140  129 226 -315  3
3823500 2818500  1 23 15  -1.3 1008  20  1.4 5  2.2  62   77  110 231 -316  3
3823500 2818500  1 23 16  -1.2 1006  12  1.6 7  2.1  62   39   66 245 -314  3
3823500 2818500  1 23 17  -1.5 1006  47  1.4 7  2.1  62    4   14 253 -311  3
3823500 2818500  1 23 18  -3.0 1005  38  1.3 5  2.2  67    0    0 237 -307  3
3823500 2818500  1 23 19  -4.0 1004   2  1.0 3  2.2  76    0    0 209 -307  3
3823500 2818500  1 23 20  -4.9 1004   9  0.9 2  2.2  81    0    0 185 -310  3
3823500 2818500  1 23 21  -5.1 1003  16  1.0 1  2.2  84    0    0 167 -312  3
3823500 2818500  1 23 22  -5.5 1003  37  0.4 2  2.2  86    0    0 166 -312  3
3823500 2818500  1 23 23  -6.2 1002  24  0.1 2  2.2  87    0    0 170 -311  3
3823500 2818500  1 23 24  -6.8 1002 265  0.1 2  2.1  89    0    0 170 -310  3
3823500 2818500  1 24  1  -6.8 1001 353  0.0 1  2.1  89    0    0 163 -309  3
3823500 2818500  1 24  2  -6.6 1001 357  0.0 1  2.1  88    0    0 157 -310  3
3823500 2818500  1 24  3  -7.1 1000 342  0.1 2  2.1  89    0    0 162 -311  3
3823500 2818500  1 24  4  -7.0 1000 296  0.1 3  2.0  90    0    0 173 -311  3
3823500 2818500  1 24  5  -6.5  999 270  0.4 4  2.1  90    0    0 186 -310  3
3823500 2818500  1 24  6  -6.3  999  70  0.2 5  2.1  90    0    0 199 -310  3
3823500 2818500  1 24  7  -6.0  999 191  0.3 5  2.2  90    0    0 206 -310  3
3823500 2818500  1 24  8  -5.3  999 243  0.1 5  2.3  92    0    0 206 -310  3
3823500 2818500  1 24  9  -4.8  999 244  0.1 5  2.5  93    2   12 207 -311  3
3823500 2818500  1 24 10  -4.0 1000 332  0.1 5  2.6  95   38   51 208 -311  3
3823500 2818500  1 24 11  -3.4 1000  83  0.1 5  2.8  96   58   91 209 -313  3
3823500 2818500  1 24 12  -3.0 1000 336  0.5 6  2.9  96   59  115 217 -316  3
3823500 2818500  1 24 13  -2.6 1001 313  0.3 7  3.0  95   35  122 234 -317  3
3823500 2818500  1 24 14  -2.4 1001 349  1.1 8  3.1  96   22  110 253 -317  3
3823500 2818500  1 24 15  -2.3 1001 345  1.6 8  3.1  96    8   79 261 -316  3
3823500 2818500  1 24 16  -2.1 1001   3  1.5 6  3.1  95    8   52 249 -315  3
3823500 2818500  1 24 17  -2.4 1002  12  1.8 6  3.0  93    1   12 236 -313  3
3823500 2818500  1 24 18  -2.7 1003  25  1.7 7  3.0  93    0    0 237 -309  3
3823500 2818500  1 24 19  -2.5 1004  41  1.5 7  3.0  94    0    0 239 -306  3
3823500 2818500  1 24 20  -2.8 1005   2  1.8 7  3.0  94    0    0 235 -304  3
3823500 2818500  1 24 21  -2.7 1006   6  0.5 6  2.9  93    0    0 229 -304  3
3823500 2818500  1 24 22  -2.9 1006   2  1.2 5  2.9  92    0    0 219 -304  3
3823500 2818500  1 24 23  -3.7 1007  22  0.7 3  2.7  91    0    0 205 -304  3
3823500 2818500  1 24 24  -3.6 1008   0  0.7 4  2.7  91    0    0 203 -305  3
3823500 2818500  1 25  1  -3.3 1009   1  0.5 8  2.8  94    0    0 223 -304  3
3823500 2818500  1 25  2  -2.0 1009  12  1.2 7  2.9  94    0    0 236 -303  3
3823500 2818500  1 25  3  -1.8 1010   9  1.2 8  3.1  93    0    0 238 -302  3
3823500 2818500  1 25  4  -1.6 1011  18  1.7 8  3.1  92    0    0 239 -300  3
3823500 2818500  1 25  5  -1.8 1011  21  1.6 7  3.0  90    0    0 235 -298  3
3823500 2818500  1 25  6  -1.8 1012  17  1.8 8  3.0  90    0    0 235 -296  3
3823500 2818500  1 25  7  -2.1 1012   9  1.5 8  2.9  90    0    0 236 -295  3
3823500 2818500  1 25  8  -2.2 1013  15  2.1 8  2.9  88    0    0 236 -294  3
3823500 2818500  1 25  9  -2.4 1014  24  2.5 8  2.8  86    0    6 238 -293  3
3823500 2818500  1 25 10  -2.2 1015  28  2.7 7  2.7  86    0   33 235 -294  3
3823500 2818500  1 25 11  -2.0 1016  16  3.8 8  2.7  82    0   44 237 -299  3
3823500 2818500  1 25 12  -1.8 1017  29  2.7 8  2.6  78    0   61 243 -306  3
3823500 2818500  1 25 13  -0.9 1017  34  2.6 5  2.6  75   26  118 235 -312  3
3823500 2818500  1 25 14  -0.8 1017  30  2.3 3  2.4  69  120   96 220 -315  3
3823500 2818500  1 25 15  -1.1 1017 360  2.7 3  2.3  65   67   85 212 -317  3
3823500 2818500  1 25 16  -0.9 1016   0  2.0 6  2.2  63   17   54 220 -315  3
3823500 2818500  1 25 17  -1.7 1017  17  2.0 5  2.1  63    0   11 222 -311  3
3823500 2818500  1 25 18  -2.7 1017 344  0.8 4  2.1  64    0    0 213 -306  3
3823500 2818500  1 25 19  -4.5 1017 227  0.2 4  2.0  70    0    0 205 -303  3
3823500 2818500  1 25 20  -5.7 1017 234  0.4 4  2.0  78    0    0 203 -301  3
3823500 2818500  1 25 21  -5.1 1017 234  0.3 5  2.1  82    0    0 206 -299  3
3823500 2818500  1 25 22  -4.2 1017 234  0.6 6  2.2  82    0    0 216 -299  3
3823500 2818500  1 25 23  -4.1 1017 226  0.6 5  2.3  81    0    0 218 -298  3
3823500 2818500  1 25 24  -3.8 1017 222  0.8 5  2.2  80    0    0 216 -297  3
3823500 2818500  1 26  1  -3.5 1016 227  0.8 7  2.3  78    0    0 225 -297  3
3823500 2818500  1 26  2  -3.1 1016 234  1.3 7  2.3  77    0    0 235 -297  3
3823500 2818500  1 26  3  -2.9 1015 221  1.6 7  2.3  76    0    0 239 -298  3
3823500 2818500  1 26  4  -2.7 1015 222  1.9 7  2.3  75    0    0 242 -298  3
3823500 2818500  1 26  5  -2.4 1014 224  2.3 7  2.3  74    0    0 245 -299  3
3823500 2818500  1 26  6  -2.4 1013 215  2.6 7  2.3  73    0    0 248 -299  3
3823500 2818500  1 26  7  -2.2 1012 216  3.2 7  2.3  73    0    0 253 -300  3
3823500 2818500  1 26  8  -2.1 1012 217  3.3 8  2.4  75    0    0 260 -301  3
3823500 2818500  1 26  9  -1.9 1011 215  4.5 7  2.5  77    0    2 266 -302  3
3823500 2818500  1 26 10  -1.7 1011 220  4.3 7  2.6  79    0   21 267 -303  3
3823500 2818500  1 26 11  -1.2 1011 216  4.1 7  2.7  80    0   54 270 -306  3
3823500 2818500  1 26 12  -0.7 1010 223  4.0 8  2.8  80    0   61 279 -310  3
3823500 2818500  1 26 13   0.0 1010 222  4.9 7  2.9  80    0   74 281 -313  3
3823500 2818500  1 26 14   0.2 1009 227  4.6 7  3.2  83    0   55 278 -315  3
3823500 2818500  1 26 15   0.4 1008 227  4.5 7  3.4  88    0   58 277 -317  3
3823500 2818500  1 26 16   0.8 1007 225  4.9 8  3.6  91    0   44 283 -317  3
3823500 2818500  1 26 17   0.8 1007 233  4.1 7  3.8  93    0    9 284 -318  3
3823500 2818500  1 26 18   0.9 1006 240  4.0 8  3.9  96    0    0 286 -319  3
3823500 2818500  1 26 19   1.4 1007 244  3.3 7  4.0  97    0    0 289 -319  3
3823500 2818500  1 26 20   2.0 1007 254  2.7 7  4.1  96    0    0 287 -319  3
3823500 2818500  1 26 21   2.2 1007 259  2.4 6  4.2  94    0    0 285 -319  3
3823500 2818500  1 26 22   2.2 1007 265  2.6 6  4.1  91    0    0 281 -318  3
3823500 2818500  1 26 23   2.3 1007 269  2.7 6  4.0  90    0    0 281 -316  3
3823500 2818500  1 26 24   2.2 1008 281  2.7 6  4.0  88    0    0 282 -316  3
3823500 2818500  1 27  1   2.0 1008 285  2.3 6  3.9  88    0    0 281 -316  3
3823500 2818500  1 27  2   1.6 1009 275  3.0 3  3.8  88    0    0 263 -318  3
3823500 2818500  1 27  3   1.4 1009 288  2.5 2  3.8  89    0    0 239 -318  3
3823500 2818500  1 27  4   1.2 1010 270  2.7 4  3.8  90    0    0 242 -318  3
3823500 2818500  1 27  5   1.2 1011 279  2.7 3  3.7  90    0    0 247 -318  3
3823500 2818500  1 27  6   1.2 1011 292  2.8 3  3.7  88    0    0 240 -318  3
3823500 2818500  1 27  7   1.3 1012 276  2.3 3  3.6  87    0    0 240 -318  3
3823500 2818500  1 27  8   1.5 1012 269  2.3 5  3.6  87    0    0 251 -316  3
3823500 2818500  1 27  9   1.7 1013 274  2.7 6  3.7  87    0    9 267 -314  3
3823500 2818500  1 27 10   2.0 1014 284  2.7 6  3.8  88    6   55 271 -312  3
3823500 2818500  1 27 11   2.2 1015 292  2.6 6  4.0  90   26   99 270 -314  3
3823500 2818500  1 27 12   3.1 1016 287  2.7 7  4.0  88   49  127 274 -317  3
3823500 2818500  1 27 13   3.4 1016 279  2.8 8  4.0  84   17  125 284 -319  3
3823500 2818500  1 27 14   3.7 1016 287  2.4 7  4.0  82    6  104 284 -319  3
3823500 2818500  1 27 15   3.7 1017 280  2.2 7  4.1  82    0   65 278 -321  3
3823500 2818500  1 27 16   3.1 1017 280  2.9 7  4.0  83    8   57 277 -322  3
3823500 2818500  1 27 17   3.0 1017 277  2.3 7  4.0  85   16   16 275 -320  3
3823500 2818500  1 27 18   2.8 1018 264  3.1 7  4.0  86    0    0 275 -319  3
3823500 2818500  1 27 19   2.7 1018 246  3.2 8  4.0  87    0    0 277 -319  3
3823500 2818500  1 27 20   3.0 1019 256  2.8 8  4.0  87    0    0 282 -319  3
3823500 2818500  1 27 21   2.8 1019 256  2.5 7  4.1  88    0    0 280 -318  3
3823500 2818500  1 27 22   2.7 1020 258  2.1 5  4.0  88    0    0 271 -318  3
3823500 2818500  1 27 23   2.4 1020 255  2.5 4  4.0  88    0    0 260 -319  3
3823500 2818500  1 27 24   2.2 1020 248  1.9 5  4.0  90    0    0 262 -319  3
3823500 2818500  1 28  1   2.4 1020 239  2.5 5  4.0  91    0    0 270 -318  3
3823500 2818500  1 28  2   3.2 1020 242  2.8 6  4.1  90    0    0 277 -318  3
3823500 2818500  1 28  3   3.7 1019 234  2.8 7  4.3  90    0    0 290 -318  3
3823500 2818500  1 28  4   4.3 1018 233  2.9 8  4.6  91    0    0 303 -319  3
3823500 2818500  1 28  5   4.7 1017 240  3.7 8  4.8  91    0    0 312 -319  3
3823500 2818500  1 28  6   4.9 1017 246  4.4 8  4.8  90    0    0 316 -320  3
3823500 2818500  1 28  7   4.7 1016 247  4.5 8  4.6  87    0    0 318 -320  3
3823500 2818500  1 28  8   4.4 1015 243  4.6 8  4.5  85    0    0 318 -320  3
3823500 2818500  1 28  9   4.6 1014 240  4.4 7  4.3  83    0    0 314 -320  3
3823500 2818500  1 28 10   4.5 1014 236  4.7 8  4.3  83    0   18 315 -321  3
3823500 2818500  1 28 11   4.7 1013 239  4.5 7  4.4  84    0   39 317 -322  3
3823500 2818500  1 28 12   4.9 1012 238  5.4 7  4.5  85    0   52 313 -324  3
3823500 2818500  1 28 13   4.9 1011 246  6.0 6  4.7  88    0   95 311 -326  3
3823500 2818500  1 28 14   5.1 1010 243  5.5 6  5.0  92    0   86 308 -328  3
3823500 2818500  1 28 15   5.4 1009 257  7.3 6  5.2  93    0   55 310 -331  3
3823500 2818500  1 28 16   5.7 1008 257  6.5 8  5.3  94    0   28 322 -336  3
3823500 2818500  1 28 17   6.3 1008 270  5.6 8  5.5  94    0    9 334 -338  3
3823500 2818500  1 28 18   6.7 1008 266  5.4 8  5.6  93    0    0 337 -338  3
3823500 2818500  1 28 19   7.1 1008 267  4.4 8  5.6  90    0    0 339 -337  3
3823500 2818500  1 28 20   7.2 1009 268  4.7 8  5.6  88    0    0 340 -338  3
3823500 2818500  1 28 21   7.2 1009 278  4.2 7  5.5  86    0    0 335 -339  3
3823500 2818500  1 28 22   6.9 1009 272  4.5 7  5.3  85    0    0 330 -339  3
3823500 2818500  1 28 23   7.0 1009 275  4.4 7  5.3  84    0    0 329 -341  3
3823500 2818500  1 28 24   7.1 1009 284  4.4 7  5.2  83    0    0 330 -343  3
3823500 2818500  1 29  1   7.2 1009 281  4.1 8  5.3  83    0    0 335 -345  3
3823500 2818500  1 29  2   7.1 1009 284  3.0 8  5.3  84    0    0 340 -345  3
3823500 2818500  1 29  3   7.0 1009 278  3.3 8  5.3  84    0    0 339 -345  3
3823500 2818500  1 29  4   7.0 1010 275  3.1 8  5.2  84    0    0 338 -344  3
3823500 2818500  1 29  5   6.8 1010 287  3.4 8  5.2  84    0    0 338 -343  3
3823500 2818500  1 29  6   6.7 1010 280  3.2 8  5.2  85    0    0 337 -342  3
3823500 2818500  1 29  7   6.7 1010 286  3.3 8  5.2  86    0    0 335 -341  3
3823500 2818500  1 29  8   6.8 1010 284  3.3 8  5.3  87    0    0 336 -340  3
3823500 2818500  1 29  9   7.0 1011 283  2.6 8  5.4  88    1   13 336 -340  3
3823500 2818500  1 29 10   7.3 1011 288  2.8 5  5.5  87   20   55 318 -339  3
3823500 2818500  1 29 11   7.7 1012 288  2.8 6  5.4  84    6   80 305 -339  3
3823500 2818500  1 29 12   8.1 1012 296  3.2 7  5.4  82    8  106 317 -341  3
3823500 2818500  1 29 13   8.0 1013 307  2.9 6  5.4  81   15  118 317 -345  3
3823500 2818500  1 29 14   8.0 1013 320  3.4 7  5.2  78   24  114 315 -346  3
3823500 2818500  1 29 15   7.9 1013 301  3.4 7  5.1  76    7   79 318 -345  3
3823500 2818500  1 29 16   7.8 1013 308  2.4 6  5.0  76   15   55 310 -342  3
3823500 2818500  1 29 17   7.4 1014 293  2.0 6  4.9  76    0    7 301 -337  3
3823500 2818500  1 29 18   6.7 1014 280  1.5 6  4.9  78    0    0 296 -330  3
3823500 2818500  1 29 19   5.9 1014 278  1.2 5  4.8  80    0    0 287 -325  3
3823500 2818500  1 29 20   5.6 1015 276  1.6 6  4.7  83    0    0 285 -321  3
3823500 2818500  1 29 21   5.9 1015 273  1.2 7  4.8  84    0    0 294 -320  3
3823500 2818500  1 29 22   5.5 1015 250  1.1 7  4.8  85    0    0 300 -319  3
3823500 2818500  1 29 23   5.4 1015 255  1.4 7  4.8  86    0    0 300 -319  3
3823500 2818500  1 29 24   5.9 1015 254  1.5 6  4.9  86    0    0 299 -319  3
3823500 2818500  1 30  1   6.0 1015 261  1.3 7  5.0  86    0    0 302 -318  3
3823500 2818500  1 30  2   6.1 1015 256  1.6 7  5.2  88    0    0 310 -317  3
3823500 2818500  1 30  3   6.3 1015 266  2.0 8  5.4  92    0    0 317 -317  3
3823500 2818500  1 30  4   6.5 1015 272  2.0 8  5.6  94    0    0 323 -318  3
3823500 2818500  1 30  5   6.7 1014 260  1.8 8  5.8  95    0    0 322 -318  3
3823500 2818500  1 30  6   6.6 1014 270  1.7 8  5.8  95    0    0 322 -319  3
3823500 2818500  1 30  7   6.6 1014 289  1.9 8  5.7  93    0    0 319 -319  3
3823500 2818500  1 30  8   6.5 1015 266  1.7 8  5.6  92    0    0 318 -323  3
3823500 2818500  1 30  9   6.5 1015 260  1.5 8  5.5  92    0    9 318 -329  3
3823500 2818500  1 30 10   6.6 1016 260  1.7 7  5.5  91    2   49 312 -333  3
3823500 2818500  1 30 11   7.2 1016 260  2.5 8  5.6  90    1   65 313 -336  3
3823500 2818500  1 30 12   7.8 1016 260  2.5 7  5.6  86    0   75 314 -342  3
3823500 2818500  1 30 13   8.4 1016 269  2.7 7  5.6  84    1   95 308 -346  3
3823500 2818500  1 30 14   8.5 1016 267  2.9 7  5.7  83    2   89 309 -349  3
3823500 2818500  1 30 15   8.5 1015 274  2.1 8  5.7  83    0   28 313 -350  3
3823500 2818500  1 30 16   8.6 1015 270  1.7 6  5.7  82    0   26 305 -351  3
3823500 2818500  1 30 17   8.3 1015 257  0.6 7  5.6  81    0    8 297 -349  3
3823500 2818500  1 30 18   7.8 1015 245  1.1 7  5.5  83    0    0 302 -344  3
3823500 2818500  1 30 19   7.4 1015 244  1.0 7  5.5  84    0    0 302 -338  3
3823500 2818500  1 30 20   7.5 1015 239  1.2 7  5.5  85    0    0 302 -335  3
3823500 2818500  1 30 21   7.4 1015 244  1.3 8  5.6  87    0    0 308 -332  3
3823500 2818500  1 30 22   7.3 1015 243  1.7 8  5.7  89    0    0 313 -331  3
3823500 2818500  1 30 23   7.1 1014 249  2.1 8  5.7  90    0    0 312 -331  3
3823500 2818500  1 30 24   7.1 1014 249  2.0 8  5.6  90    0    0 312 -332  3
3823500 2818500  1 31  1   7.0 1014 252  1.7 8  5.5  87    0    0 312 -332  3
3823500 2818500  1 31  2   6.7 1013 262  2.3 8  5.2  85    0    0 312 -332  3
3823500 2818500  1 31  3   6.5 1013 269  2.4 8  5.0  82    0    0 312 -332  3
3823500 2818500  1 31  4   6.1 1013 264  2.5 8  4.7  79    0    0 312 -332  3
3823500 2818500  1 31  5   5.9 1012 258  2.9 8  4.5  77    0    0 312 -331  3
3823500 2818500  1 31  6   5.7 1012 254  2.4 8  4.4  76    0    0 311 -329  3
3823500 2818500  1 31  7   5.3 1011 251  3.0 6  4.4  78    0    0 299 -327  3
3823500 2818500  1 31  8   5.5 1011 256  3.4 6  4.3  78    0    0 289 -327  3
3823500 2818500  1 31  9   5.6 1011 262  4.0 7  4.3  76    0   10 295 -328  3
3823500 2818500  1 31 10   5.4 1011 250  4.6 7  4.2  75    3   52 299 -331  3
3823500 2818500  1 31 11   5.6 1010 249  5.1 7  4.2  75    6   88 301 -333  3
3823500 2818500  1 31 12   6.3 1010 245  5.6 7  4.4  75   13  119 304 -336  3
3823500 2818500  1 31 13   6.6 1010 244  5.7 5  4.5  75  144  134 298 -338  3
3823500 2818500  1 31 14   7.0 1009 243  6.0 4  4.6  75  154  119 287 -341  3
3823500 2818500  1 31 15   7.0 1009 247  5.7 7  4.7  75   16   99 296 -343  3
3823500 2818500  1 31 16   6.8 1008 255  5.3 8  4.8  78    0   44 311 -343  3
3823500 2818500  1 31 17   6.8 1009 256  5.1 7  4.9  80    0    9 311 -343  3
3823500 2818500  1 31 18   6.4 1009 251  5.0 8  5.0  83    0    0 312 -343  3
3823500 2818500  1 31 19   6.0 1009 251  4.7 8  5.2  88    0    0 316 -343  3
3823500 2818500  1 31 20   6.0 1009 257  4.2 8  5.5  93    0    0 317 -343  3
3823500 2818500  1 31 21   6.2 1010 246  3.9 8  5.6  95    0    0 320 -344  3
3823500 2818500  1 31 22   6.5 1010 253  4.2 8  5.7  96    0    0 322 -344  3
3823500 2818500  1 31 23   7.0 1010 272  3.8 8  5.9  96    0    0 324 -345  3
3823500 2818500  1 31 24   7.3 1011 269  2.8 7  6.2  98    0    0 321 -345  3
3823500 2818500  2  1  1   7.4 1012 268  1.8 7  6.3  98    0    0 315 -345  3
3823500 2818500  2  1  2   7.2 1012 289  1.7 7  6.2  98    0    0 314 -346  3
3823500 2818500  2  1  3   6.2 1013 291  1.7 6  5.9  97    0    0 305 -346  3
3823500 2818500  2  1  4   6.0 1013 302  1.3 6  5.6  96    0    0 297 -347  3
3823500 2818500  2  1  5   6.2 1014 307  0.8 6  5.6  95    0    0 297 -348  3
3823500 2818500  2  1  6   6.1 1015 317  1.6 7  5.6  95    0    0 304 -349  3
3823500 2818500  2  1  7   5.8 1016 322  0.9 7  5.5  95    0    0 310 -350  3
3823500 2818500  2  1  8   5.6 1016 283  0.8 7  5.3  94    0    0 309 -350  3
3823500 2818500  2  1  9   5.6 1017 272  0.2 7  5.4  95    0    9 310 -351  3
3823500 2818500  2  1 10   5.9 1018 269  0.7 7  5.5  97    0   40 313 -351  3
3823500 2818500  2  1 11   6.3 1018 260  0.8 7  5.6  96    0   80 316 -352  3
3823500 2818500  2  1 12   6.7 1019 239  1.8 7  5.7  95    0  101 320 -354  3
3823500 2818500  2  1 13   7.2 1019 245  1.6 7  5.8  93    0   91 324 -356  3
3823500 2818500  2  1 14   7.9 1019 237  1.8 8  5.9  91    0   72 332 -358  3
3823500 2818500  2  1 15   8.1 1019 228  1.9 8  5.9  89    0   60 341 -359  3
3823500 2818500  2  1 16   8.1 1019 252  1.6 7  5.9  89    0   43 335 -358  3
3823500 2818500  2  1 17   7.9 1019 253  1.8 8  5.9  89    0    9 335 -358  3
3823500 2818500  2  1 18   7.8 1019 244  1.9 8  6.1  92    0    0 341 -357  3
3823500 2818500  2  1 19   8.3 1019 252  2.0 8  6.3  94    0    0 342 -356  3
3823500 2818500  2  1 20   8.4 1019 271  2.1 8  6.5  95    0    0 343 -356  3
3823500 2818500  2  1 21   8.5 1019 264  2.1 7  6.6  97    0    0 339 -357  3
3823500 2818500  2  1 22   8.2 1020 254  2.0 8  6.6  97    0    0 337 -357  3
3823500 2818500  2  1 23   8.2 1020 265  2.3 8  6.5  97    0    0 342 -357  3
3823500 2818500  2  1 24   8.2 1020 275  2.7 8  6.5  96    0    0 340 -357  3
3823500 2818500  2  2  1   7.8 1020 287  2.3 7  6.4  96    0    0 333 -357  3
3823500 2818500  2  2  2   7.6 1020 279  2.9 8  6.3  97    0    0 331 -357  3
3823500 2818500  2  2  3   7.1 1020 273  2.7 7  6.2  98    0    0 331 -357  3
3823500 2818500  2  2  4   7.0 1020 269  2.2 5  6.1  98    0    0 315 -357  3
3823500 2818500  2  2  5   6.6 1020 265  2.5 8  6.0  98    0    0 320 -357  3
3823500 2818500  2  2  6   6.7 1020 266  2.6 8  5.9  98    0    0 334 -357  3
3823500 2818500  2  2  7   6.5 1020 249  2.6 8  5.9  98    0    0 334 -356  3
3823500 2818500  2  2  8   6.3 1020 255  2.7 7  5.8  98    0    0 327 -356  3
3823500 2818500  2  2  9   6.4 1020 242  2.7 8  5.8  98    0    9 326 -356  3
3823500 2818500  2  2 10   6.6 1020 239  3.0 6  5.9  98    0   35 322 -356  3
3823500 2818500  2  2 11   7.2 1020 246  3.6 5  6.1  98    0   49 306 -358  3
3823500 2818500  2  2 12   7.7 1021 250  3.5 8  6.2  98    0   32 319 -362  3
3823500 2818500  2  2 13   8.1 1021 262  4.0 8  6.3  96    0   50 338 -365  3
3823500 2818500  2  2 14   8.3 1020 266  3.7 8  6.3  94    0   38 338 -368  3
3823500 2818500  2  2 15   8.5 1020 254  3.9 8  6.3  92    0   27 341 -370  3
3823500 2818500  2  2 16   8.7 1020 265  4.3 7  6.2  90    0   21 337 -369  3
3823500 2818500  2  2 17   8.4 1020 297  4.6 7  6.2  89    0    5 332 -365  3
3823500 2818500  2  2 18   8.2 1020 309  3.6 8  6.1  91    0    0 336 -361  3
3823500 2818500  2  2 19   8.1 1021 318  4.2 7  6.0  90    0    0 335 -357  3
3823500 2818500  2  2 20   7.2 1022 321  4.6 6  5.6  86    0    0 321 -355  3
3823500 2818500  2  2 21   6.1 1023 311  2.9 5  5.1  84    0    0 306 -354  3
3823500 2818500  2  2 22   5.8 1023 298  2.3 6  4.9  86    0    0 304 -349  3
3823500 2818500  2  2 23   5.7 1024 294  1.9 7  4.9  87    0    0 314 -343  3
3823500 2818500  2  2 24   4.9 1025 290  1.7 5  4.8  88    0    0 307 -338  3
3823500 2818500  2  3  1   4.2 1025 290  2.3 2  4.7  91    0    0 276 -333  3
3823500 2818500  2  3  2   3.9 1025 289  1.9 1  4.6  92    0    0 251 -329  3
3823500 2818500  2  3  3   3.9 1025 300  1.9 2  4.6  92    0    0 249 -327  3
3823500 2818500  2  3  4   3.5 1026 286  2.2 5  4.6  94    0    0 272 -325  3
3823500 2818500  2  3  5   3.9 1026 281  2.2 7  4.7  96    0    0 299 -324  3
3823500 2818500  2  3  6   3.7 1026 281  2.3 7  4.7  95    0    0 309 -322  3
3823500 2818500  2  3  7   3.8 1026 284  2.3 6  4.7  96    0    0 303 -321  3
3823500 2818500  2  3  8   3.5 1026 285  1.9 6  4.7  96    0    0 296 -320  3
3823500 2818500  2  3  9   4.2 1026 283  2.2 6  4.7  96    0   12 295 -320  3
3823500 2818500  2  3 10   4.9 1027 281  2.2 7  4.9  94    0   49 300 -321  3
3823500 2818500  2  3 11   5.6 1027 295  2.2 7  5.1  93    0   54 306 -327  3
3823500 2818500  2  3 12   6.7 1028 317  2.3 7  5.2  90    1  113 307 -336  3
3823500 2818500  2  3 13   7.7 1027 311  2.6 6  5.4  86    1  121 304 -345  3
3823500 2818500  2  3 14   8.3 1027 302  2.9 6  5.4  83    5  118 304 -350  3
3823500 2818500  2  3 15   8.2 1026 300  2.9 6  5.4  81   11  107 307 -353  3
3823500 2818500  2  3 16   8.7 1026 293  2.4 4  5.3  78   46   69 300 -352  3
3823500 2818500  2  3 17   8.2 1026 307  1.9 6  5.2  76    0   20 300 -347  3
3823500 2818500  2  3 18   7.6 1026 297  1.1 7  5.2  79    0    0 314 -341  3
3823500 2818500  2  3 19   7.5 1026 298  0.9 6  5.1  80    0    0 313 -336  3
3823500 2818500  2  3 20   7.2 1026 306  1.6 7  5.0  79    0    0 312 -333  3
3823500 2818500  2  3 21   7.2 1026 316  1.5 7  5.0  80    0    0 315 -331  3
3823500 2818500  2  3 22   7.0 1026 317  1.7 7  5.1  82    0    0 314 -332  3
3823500 2818500  2  3 23   6.9 1026 318  1.4 7  5.2  85    0    0 314 -335  3
3823500 2818500  2  3 24   6.6 1026 321  0.6 7  5.3  87    0    0 314 -337  3
3823500 2818500  2  4  1   6.5 1026 302  1.1 7  5.3  89    0    0 314 -338  3
3823500 2818500  2  4  2   6.4 1026 300  1.1 7  5.3  90    0    0 314 -338  3
3823500 2818500  2  4  3   6.4 1026 306  1.3 6  5.4  91    0    0 310 -336  3
3823500 2818500  2  4  4   6.3 1026 323  1.5 7  5.3  90    0    0 311 -332  3
3823500 2818500  2  4  5   6.0 1026 305  1.4 7  5.2  90    0    0 316 -327  3
3823500 2818500  2  4  6   5.7 1025 281  1.7 8  5.2  91    0    0 320 -324  3
3823500 2818500  2  4  7   5.5 1025 288  1.3 8  5.2  93    0    0 322 -322  3
3823500 2818500  2  4  8   5.4 1025 298  1.3 8  5.2  94    0    0 319 -321  3
3823500 2818500  2  4  9   5.5 1025 295  1.3 8  5.2  94    0   14 317 -321  3
3823500 2818500  2  4 10   5.6 1025 298  1.7 6  5.0  90    0   57 304 -325  3
3823500 2818500  2  4 11   5.9 1025 301  1.3 7  4.9  87    0   67 298 -332  3
3823500 2818500  2  4 12   6.1 1025 249  1.2 6  4.8  83    0   92 297 -340  3
3823500 2818500  2  4 13   6.3 1025 239  1.8 6  4.6  80    3  128 292 -346  3
3823500 2818500  2  4 14   6.5 1024 244  1.9 5  4.7  80   40  154 285 -349  3
3823500 2818500  2  4 15   6.8 1022 234  2.0 4  4.7  79  118  114 274 -350  3
3823500 2818500  2  4 16   6.5 1022 252  1.8 4  4.7  78   86   76 267 -349  3
3823500 2818500  2  4 17   6.0 1021 256  1.6 4  4.6  78   14   32 264 -347  3
3823500 2818500  2  4 18   3.5 1021 231  0.9 4  4.4  82    0    0 256 -340  3
3823500 2818500  2  4 19   1.9 1020 207  0.2 3  4.0  87    0    0 242 -331  3
3823500 2818500  2  4 20   0.6 1019 292  0.3 2  3.7  90    0    0 228 -326  3
3823500 2818500  2  4 21  -0.6 1018 176  0.1 2  3.5  92    0    0 219 -324  3
3823500 2818500  2  4 22  -0.7 1018 357  0.1 2  3.3  92    0    0 214 -322  3
3823500 2818500  2  4 23  -1.4 1017  97  0.1 2  3.2  93    0    0 206 -321  3
3823500 2818500  2  4 24  -1.7 1016 171  0.1 5  3.2  94    0    0 216 -320  3
3823500 2818500  2  5  1  -2.1 1015  13  0.1 5  3.1  96    0    0 230 -320  3
3823500 2818500  2  5  2  -2.5 1014 154  0.3 4  3.1  97    0    0 221 -320  3
3823500 2818500  2  5  3  -2.2 1012 160  0.9 4  3.1  98    0    0 215 -320  3
3823500 2818500  2  5  4  -1.7 1011  10  0.8 4  3.2  98    0    0 220 -319  3
3823500 2818500  2  5  5  -0.8 1010 114  0.1 2  3.4  97    0    0 217 -320  3
3823500 2818500  2  5  6  -0.5 1009 356  0.7 7  3.5  98    0    0 243 -320  3
3823500 2818500  2  5  7   0.2 1008   0  0.1 8  3.7  97    0    0 286 -320  3
3823500 2818500  2  5  8   0.2 1008 211  0.1 8  3.8  98    0    0 298 -321  3
3823500 2818500  2  5  9   0.4 1007 202  0.1 8  3.9  99    0    8 302 -324  3
3823500 2818500  2  5 10   0.8 1007 246  0.6 7  3.9  99    0   63 296 -326  3
3823500 2818500  2  5 11   1.1 1006 225  1.1 6  4.0  98    8  111 279 -329  3
3823500 2818500  2  5 12   1.5 1006 253  1.5 6  4.1  98    3  125 267 -333  3
3823500 2818500  2  5 13   2.0 1005 262  1.9 8  4.3  99    0   55 286 -336  3
3823500 2818500  2  5 14   2.1 1005 254  2.5 7  4.4  99    0   35 297 -340  3
3823500 2818500  2  5 15   2.6 1004 254  2.4 8  4.4  98    0   43 299 -343  3
3823500 2818500  2  5 16   3.1 1004 264  2.1 8  4.6  97    0   17 309 -340  3
3823500 2818500  2  5 17   3.1 1003 260  1.8 8  4.7  97    0   12 310 -335  3
3823500 2818500  2  5 18   3.2 1003 251  1.6 7  4.7  98    0    0 300 -330  3
3823500 2818500  2  5 19   3.0 1002 264  1.5 7  4.7  98    0    0 292 -326  3
3823500 2818500  2  5 20   2.2 1002 257  1.3 6  4.5  98    0    0 282 -322  3
3823500 2818500  2  5 21   1.5 1002 254  1.2 5  4.3  99    0    0 265 -320  3
3823500 2818500  2  5 22   0.9 1002 250  1.1 4  4.2  99    0    0 241 -319  3
3823500 2818500  2  5 23   0.1 1002 216  0.9 4  3.9  99    0    0 220 -319  3
3823500 2818500  2  5 24  -0.7 1002 183  0.8 4  3.6  99    0    0 211 -317  3
3823500 2818500  2  6  1  -1.5 1020 169  0.5 5  3.4  99    0    0 288 -319  3
3823500 2818500  2  6  2  -2.1 1020 152  0.3 6  3.2  98    0    0 284 -319  3
3823500 2818500  2  6  3  -2.5 1020 151  0.2 7  3.1  98    0    0 285 -318  3
3823500 2818500  2  6  4  -2.5 1020 165  0.1 7  3.1  98    0    0 285 -318  3
3823500 2818500  2  6  5  -2.3 1020 171  0.1 7  3.1  98    0    0 286 -319  3
3823500 2818500  2  6  6  -2.0 1020 167  0.1 7  3.1  97    0    0 288 -320  3
3823500 2818500  2  6  7  -2.0 1019 170  0.2 8  3.2  98    0    0 295 -320  3
3823500 2818500  2  6  8  -1.6 1019 172  0.2 6  3.2  98    0    0 292 -320  3
3823500 2818500  2  6  9  -1.5 1019 164  0.2 7  3.3  98    0    9 286 -321  3
3823500 2818500  2  6 10  -1.1 1019 185  0.5 8  3.4 100    0   37 298 -324  3
3823500 2818500  2  6 11   0.0 1019 190  0.8 8  3.6  99    0   45 305 -329  3
3823500 2818500  2  6 12   0.6 1018 188  0.9 7  3.8  99    0   59 300 -336  3
3823500 2818500  2  6 13   1.3 1018 191  0.6 7  4.0 100    0   77 294 -342  3
3823500 2818500  2  6 14   1.7 1018 200  0.5 7  4.2 100    0   58 295 -346  3
3823500 2818500  2  6 15   2.0 1017 207  0.6 8  4.3 100    0   48 302 -348  3
3823500 2818500  2  6 16   3.0 1016 218  0.5 7  4.5 100    0   33 305 -347  3
3823500 2818500  2  6 17   3.3 1016 232  1.1 8  4.7  99    0   11 309 -345  3
3823500 2818500  2  6 18   3.3 1015 228  1.5 8  4.7  97    0    0 316 -341  3
3823500 2818500  2  6 19   3.1 1015 249  2.1 8  4.7  98    0    0 315 -337  3
3823500 2818500  2  6 20   3.2 1015 245  2.2 8  4.7  98    0    0 313 -334  3
3823500 2818500  2  6 21   3.2 1014 243  2.8 8  4.7  98    0    0 313 -331  3
3823500 2818500  2  6 22   3.2 1014 248  3.2 8  4.6  97    0    0 311 -329  3
3823500 2818500  2  6 23   3.0 1014 249  3.8 8  4.6  98    0    0 310 -326  3
3823500 2818500  2  6 24   2.9 1013 240  3.9 8  4.6  98    0    0 311 -324  3
3823500 2818500  2  7  1   3.0 1013 241  3.6 8  4.6  98    0    0 311 -323  3
3823500 2818500  2  7  2   3.2 1012 237  3.2 8  4.7  98    0    0 312 -321  3
3823500 2818500  2  7  3   3.5 1011 240  3.3 8  4.7  98    0    0 313 -320  3
3823500 2818500  2  7  4   3.8 1011 246  3.5 8  4.8  97    0    0 314 -320  3
3823500 2818500  2  7  5   3.9 1010 254  4.1 8  4.9  98    0    0 316 -321  3
3823500 2818500  2  7  6   4.4 1009 252  3.6 8  5.0  98    0    0 317 -322  3
3823500 2818500  2  7  7   4.4 1009 253  3.3 8  5.1  97    0    0 318 -322  3
3823500 2818500  2  7  8   4.9 1008 259  3.4 8  5.1  97    0    0 319 -322  3
3823500 2818500  2  7  9   5.2 1008 263  4.1 8  5.2  96    0    5 319 -323  3
3823500 2818500  2  7 10   5.3 1008 260  4.6 8  5.3  95    0   30 320 -325  3
3823500 2818500  2  7 11   5.4 1008 259  3.9 8  5.4  96    0   42 320 -330  3
3823500 2818500  2  7 12   5.5 1008 257  4.2 7  5.4  96    0   64 313 -336  3
3823500 2818500  2  7 13   5.5 1008 249  4.3 8  5.4  95    0   46 313 -343  3
3823500 2818500  2  7 14   5.7 1007 250  4.4 7  5.5  96    0   65 314 -348  3
3823500 2818500  2  7 15   5.7 1007 259  3.9 7  5.6  97    0   60 310 -350  3
3823500 2818500  2  7 16   5.8 1006 264  3.7 7  5.6  97    0   43 312 -348  3
3823500 2818500  2  7 17   5.8 1006 262  3.8 8  5.6  97    0   23 317 -344  3
3823500 2818500  2  7 18   5.5 1006 261  4.1 8  5.5  97    0    0 319 -338  3
3823500 2818500  2  7 19   5.6 1006 257  3.5 8  5.5  97    0    0 318 -332  3
3823500 2818500  2  7 20   5.6 1005 241  3.5 8  5.5  96    0    0 316 -328  3
3823500 2818500  2  7 21   5.4 1005 237  3.0 8  5.3  94    0    0 311 -325  3
3823500 2818500  2  7 22   5.2 1004 236  3.0 8  5.2  93    0    0 309 -323  3
3823500 2818500  2  7 23   5.2 1003 223  2.7 7  5.1  91    0    0 306 -322  3
3823500 2818500  2  7 24   5.1 1002 224  3.6 7  4.9  89    0    0 302 -322  3
3823500 2818500  2  8  1   5.0 1001 217  3.5 8  4.8  88    0    0 306 -324  3
3823500 2818500  2  8  2   5.0 1000 225  3.9 8  4.8  88    0    0 315 -325  3
3823500 2818500  2  8  3   5.3  999 221  3.8 8  4.9  88    0    0 321 -328  3
3823500 2818500  2  8  4   5.1  997 214  4.1 8  4.9  88    0    0 325 -330  3
3823500 2818500  2  8  5   5.0  995 228  4.6 7  5.0  90    0    0 321 -332  3
3823500 2818500  2  8  6   4.9  993 233  5.0 8  5.1  92    0    0 320 -333  3
3823500 2818500  2  8  7   4.6  992 228  5.2 8  5.0  92    0    0 323 -332  3
3823500 2818500  2  8  8   4.3  991 232  4.5 8  4.9  92    0    0 322 -330  3
3823500 2818500  2  8  9   4.2  990 255  3.6 8  4.9  92    0   12 323 -329  3
3823500 2818500  2  8 10   4.0  990 262  2.0 8  4.8  92    0   21 323 -330  3
3823500 2818500  2  8 11   4.0  990 276  2.5 7  4.8  93    1   91 318 -333  3
3823500 2818500  2  8 12   4.6  990 273  3.0 7  4.9  92    0   92 314 -333  3
3823500 2818500  2  8 13   5.2  990 271  3.5 5  4.9  88   29  167 303 -333  3
3823500 2818500  2  8 14   5.3  990 280  3.9 6  4.7  83   19  148 296 -334  3
3823500 2818500  2  8 15   5.1  990 269  4.2 6  4.5  80   18  125 301 -334  3
3823500 2818500  2  8 16   3.7  990 268  4.9 5  4.4  84   28   91 295 -333  3
3823500 2818500  2  8 17   4.0  991 278  3.7 7  4.4  86   13   40 300 -332  3
3823500 2818500  2  8 18   4.0  991 272  3.3 7  4.3  83    0    0 309 -332  3
3823500 2818500  2  8 19   3.4  992 269  3.1 8  4.3  84    0    0 312 -331  3
3823500 2818500  2  8 20   3.4  993 266  3.3 7  4.1  84    0    0 311 -330  3
3823500 2818500  2  8 21   3.2  993 269  4.0 5  4.0  82    0    0 296 -329  3
3823500 2818500  2  8 22   3.4  994 268  4.6 6  4.0  81    0    0 290 -328  3
3823500 2818500  2  8 23   3.1  994 267  4.8 6  3.9  81    0    0 293 -328  3
3823500 2818500  2  8 24   2.7  994 262  4.6 6  3.9  82    0    0 292 -327  3
3823500 2818500  2  9  1   2.8  994 271  4.3 7  3.9  83    0    0 296 -326  3
3823500 2818500  2  9  2   2.8  994 266  6.4 6  4.0  84    0    0 294 -325  3
3823500 2818500  2  9  3   2.5  994 264  4.5 5  4.0  84    0    0 283 -324  3
3823500 2818500  2  9  4   1.6  994 272  4.0 7  3.9  87    0    0 285 -322  3
3823500 2818500  2  9  5   1.1  994 262  3.9 7  3.9  91    0    0 293 -320  3
3823500 2818500  2  9  6   0.9  994 268  3.3 7  3.9  94    0    0 291 -319  3
3823500 2818500  2  9  7   0.7  994 266  3.8 7  3.8  94    0    0 291 -317  3
3823500 2818500  2  9  8   0.5  994 286  4.5 7  3.7  93    0    0 290 -315  3
3823500 2818500  2  9  9   0.5  994 275  4.6 5  3.6  90    7   30 279 -314  3
3823500 2818500  2  9 10   1.2  994 264  3.7 5  3.5  86   40   81 271 -315  3
3823500 2818500  2  9 11   1.7  994 271  5.0 4  3.5  82   97  117 267 -317  3
3823500 2818500  2  9 12   2.5  994 264  5.6 4  3.5  79   58  150 264 -319  3
3823500 2818500  2  9 13   1.8  994 255  6.3 7  3.7  81    0   91 277 -322  3
3823500 2818500  2  9 14   1.2  993 262  5.3 8  3.9  91    0   75 293 -325  3
3823500 2818500  2  9 15   2.5  992 281  5.6 7  4.2  94    0   71 294 -326  3
3823500 2818500  2  9 16   1.8  992 304  4.2 5  4.2  92    6   71 283 -325  3
3823500 2818500  2  9 17   2.3  993 304  3.3 8  4.0  90    0   10 287 -325  3
3823500 2818500  2  9 18   2.0  994 298  3.8 7  4.0  88    0    0 295 -324  3
3823500 2818500  2  9 19   1.7  995 303  3.8 7  4.0  90    0    0 291 -322  3
3823500 2818500  2  9 20   1.6  996 295  3.3 7  4.0  92    0    0 291 -321  3
3823500 2818500  2  9 21   1.6  997 292  3.7 7  4.0  93    0    0 291 -320  3
3823500 2818500  2  9 22   1.8  997 294  3.7 7  4.0  92    0    0 292 -319  3
3823500 2818500  2  9 23   1.8  998 288  4.0 7  4.1  92    0    0 293 -317  3
3823500 2818500  2  9 24   1.8  999 292  3.1 7  4.1  93    0    0 294 -316  3
3823500 2818500  2 10  1   2.0  999 293  3.4 7  4.1  92    0    0 294 -315  3
3823500 2818500  2 10  2   1.9 1000 300  4.3 8  4.1  92    0    0 298 -315  3
3823500 2818500  2 10  3   2.0 1000 300  3.5 8  4.0  91    0    0 302 -315  3
3823500 2818500  2 10  4   1.7 1001 310  3.6 8  4.0  91    0    0 301 -315  3
3823500 2818500  2 10  5   1.7 1001 313  2.9 8  4.0  92    0    0 300 -314  3
3823500 2818500  2 10  6   1.8 1002 315  2.8 8  4.0  92    0    0 299 -313  3
3823500 2818500  2 10  7   2.0 1003 312  2.8 8  4.0  91    0    0 298 -312  3
3823500 2818500  2 10  8   2.1 1004 321  2.0 8  4.0  90    0    0 296 -311  3
3823500 2818500  2 10  9   2.2 1005 318  2.0 8  4.0  88    0    5 296 -310  3
3823500 2818500  2 10 10   2.0 1005 318  2.2 8  3.9  88    3   68 296 -311  3
3823500 2818500  2 10 11   1.9 1006 329  2.1 7  3.9  89    0   63 291 -315  3
3823500 2818500  2 10 12   2.2 1007 341  2.9 7  4.0  90    0   52 286 -318  3
3823500 2818500  2 10 13   2.4 1008 340  3.1 8  3.9  88    0   49 291 -321  3
3823500 2818500  2 10 14   2.6 1009 337  3.1 7  3.9  86    0   67 291 -325  3
3823500 2818500  2 10 15   2.8 1009 330  2.9 7  3.9  84    0   62 285 -325  3
3823500 2818500  2 10 16   2.4 1010 345  2.5 7  3.8  83    0   28 284 -323  3
3823500 2818500  2 10 17   2.2 1011 343  1.2 8  3.7  83    0    8 287 -321  3
3823500 2818500  2 10 18   2.0 1012 333  1.0 7  3.7  84    0    0 284 -319  3
3823500 2818500  2 10 19   1.7 1012 334  0.4 7  3.7  85    0    0 276 -316  3
3823500 2818500  2 10 20   0.7 1013   9  0.1 7  3.6  87    0    0 274 -314  3
3823500 2818500  2 10 21   1.0 1014 323  0.1 6  3.6  89    0    0 269 -313  3
3823500 2818500  2 10 22   1.1 1014 313  0.1 7  3.6  87    0    0 272 -312  3
3823500 2818500  2 10 23   0.6 1015 293  0.1 7  3.6  88    0    0 276 -310  3
3823500 2818500  2 10 24   0.2 1015 299  0.0 7  3.5  90    0    0 276 -307  3
3823500 2818500  2 11  1  -0.2 1016 293  0.0 7  3.4  90    0    0 275 -306  3
3823500 2818500  2 11  2  -0.8 1016 307  0.1 7  3.3  92    0    0 272 -304  3
3823500 2818500  2 11  3  -0.7 1016 286  0.0 7  3.4  94    0    0 272 -303  3
3823500 2818500  2 11  4  -0.7 1017 314  0.0 7  3.5  96    0    0 273 -302  3
3823500 2818500  2 11  5  -0.6 1017 268  0.0 7  3.5  97    0    0 273 -301  3
3823500 2818500  2 11  6  -0.6 1017 254  0.1 8  3.5  98    0    0 279 -301  3
3823500 2818500  2 11  7  -0.5 1018 238  0.1 7  3.6  98    0    0 278 -299  3
3823500 2818500  2 11  8  -0.5 1018 264  0.0 7  3.6  98    0    0 272 -298  3
3823500 2818500  2 11  9  -0.5 1019 312  0.0 7  3.6  99    0   13 270 -297  3
3823500 2818500  2 11 10   0.0 1019 169  0.1 7  3.7  99    0   39 271 -298  3
3823500 2818500  2 11 11   0.5 1019 290  0.0 7  3.7  98    0   44 273 -305  3
3823500 2818500  2 11 12   0.9 1020  53  0.4 7  3.8  96    0   51 276 -313  3
3823500 2818500  2 11 13   1.1 1020 173  0.6 8  3.9  96    0   58 280 -318  3
3823500 2818500  2 11 14   1.6 1019 192  1.0 8  3.9  94    0   57 283 -321  3
3823500 2818500  2 11 15   2.1 1019 202  0.9 7  3.9  91    0   59 277 -323  3
3823500 2818500  2 11 16   2.1 1019 215  1.0 8  3.8  87    0   40 274 -322  3
3823500 2818500  2 11 17   1.8 1019 191  0.5 8  3.7  85    0   20 275 -320  3
3823500 2818500  2 11 18   1.5 1019 178  0.3 8  3.7  86    0    0 272 -318  3
3823500 2818500  2 11 19   0.9 1019 171  0.5 8  3.6  87    0    0 269 -314  3
3823500 2818500  2 11 20   0.6 1020 148  0.2 8  3.5  89    0    0 269 -310  3
3823500 2818500  2 11 21   0.4 1020 166  0.4 8  3.5  90    0    0 268 -307  3
3823500 2818500  2 11 22   0.2 1020 172  0.6 8  3.5  92    0    0 269 -305  3
3823500 2818500  2 11 23   0.4 1020 177  0.6 8  3.5  92    0    0 268 -303  3
3823500 2818500  2 11 24   0.1 1020 183  0.5 8  3.5  92    0    0 269 -303  3
3823500 2818500  2 12  1   0.1 1020 178  0.4 6  3.6  95    0    0 262 -303  3
3823500 2818500  2 12  2   0.3 1020 195  0.3 7  3.6  94    0    0 260 -305  3
3823500 2818500  2 12  3   0.6 1019 181  0.3 8  3.6  92    0    0 269 -307  3
3823500 2818500  2 12  4   0.5 1019 212  0.3 8  3.6  92    0    0 275 -309  3
3823500 2818500  2 12  5   0.5 1019 196  0.3 7  3.6  92    0    0 272 -311  3
3823500 2818500  2 12  6   0.3 1018 255  0.1 8  3.6  93    0    0 273 -312  3
3823500 2818500  2 12  7   0.2 1018 203  0.4 8  3.6  93    0    0 280 -313  3
3823500 2818500  2 12  8  -0.1 1018 204  0.4 8  3.5  93    0    0 281 -315  3
3823500 2818500  2 12  9   0.1 1018 205  1.2 7  3.5  93    4   36 280 -316  3
3823500 2818500  2 12 10   1.1 1018 219  1.8 6  3.6  92   30  103 275 -317  3
3823500 2818500  2 12 11   2.1 1018 221  1.9 6  3.6  85   44  152 274 -318  3
3823500 2818500  2 12 12   3.5 1018 217  2.3 6  3.6  77   46  181 279 -319  3
3823500 2818500  2 12 13   3.9 1017 223  3.2 7  3.5  70   54  200 288 -319  3
3823500 2818500  2 12 14   4.3 1017 227  2.7 5  3.3  66   62  194 287 -320  3
3823500 2818500  2 12 15   4.7 1016 239  3.2 4  3.3  64  139  154 276 -320  3
3823500 2818500  2 12 16   4.3 1016 232  2.6 4  3.3  63   77  112 273 -321  3
3823500 2818500  2 12 17   3.5 1015 231  2.0 7  3.3  66   36   57 290 -321  3
3823500 2818500  2 12 18   2.8 1015 214  1.2 7  3.4  72    0    5 306 -320  3
3823500 2818500  2 12 19   2.3 1015 212  1.0 8  3.5  76    0    0 310 -320  3
3823500 2818500  2 12 20   1.9 1015 195  0.5 8  3.4  78    0    0 315 -320  3
3823500 2818500  2 12 21   1.5 1015 204  1.2 8  3.4  79    0    0 315 -320  3
3823500 2818500  2 12 22   1.0 1015 159  0.8 7  3.4  82    0    0 309 -320  3
3823500 2818500  2 12 23   0.4 1015 171  0.9 7  3.4  85    0    0 302 -320  3
3823500 2818500  2 12 24   0.2 1015 155  0.8 6  3.3  86    0    0 295 -320  3
3823500 2818500  2 13  1  -0.7 1015 155  1.4 5  3.2  86    0    0 283 -320  3
3823500 2818500  2 13  2  -1.0 1015 138  1.1 2  3.1  87    0    0 263 -320  3
3823500 2818500  2 13  3  -1.3 1014 143  1.2 0  3.0  87    0    0 239 -320  3
3823500 2818500  2 13  4  -1.5 1015 134  1.4 0  3.0  88    0    0 229 -320  3
3823500 2818500  2 13  5  -1.9 1014 142  1.1 0  2.9  88    0    0 227 -320  3
3823500 2818500  2 13  6  -1.9 1014 132  1.8 1  2.9  88    0    0 230 -319  3
3823500 2818500  2 13  7  -2.2 1014 130  1.6 2  2.8  88    0    0 239 -319  3
3823500 2818500  2 13  8  -2.2 1014 129  1.4 2  2.8  88    0    0 243 -319  3
3823500 2818500  2 13  9  -1.3 1014 136  1.6 4  2.9  87    0   16 251 -318  3
3823500 2818500  2 13 10  -0.4 1014 144  2.5 7  3.0  83   30   93 273 -318  3
3823500 2818500  2 13 11   0.5 1014 147  3.6 5  3.0  78  173  103 278 -319  3
3823500 2818500  2 13 12   2.4 1014 167  3.8 3  3.1  73  262   99 263 -320  3
3823500 2818500  2 13 13   3.5 1014 181  3.1 1  3.1  67  322   84 246 -326  3
3823500 2818500  2 13 14   4.4 1013 175  3.3 1  3.2  63  311   81 239 -330  3
3823500 2818500  2 13 15   5.1 1013 182  3.2 1  3.3  61  252   78 242 -333  3
3823500 2818500  2 13 16   4.7 1012 167  2.8 1  3.3  61  164   67 243 -335  3
3823500 2818500  2 13 17   3.8 1012 162  2.0 3  3.2  61   58   44 250 -329  3
3823500 2818500  2 13 18   2.0 1012 143  0.9 4  3.0  64    0    6 260 -322  3
3823500 2818500  2 13 19   0.8 1012 134  1.0 3  2.8  67    0    0 256 -319  3
3823500 2818500  2 13 20  -0.1 1012 144  0.9 3  2.7  71    0    0 249 -320  3
3823500 2818500  2 13 21  -0.3 1012 151  1.2 2  2.8  75    0    0 245 -320  3
3823500 2818500  2 13 22   0.4 1012 146  1.0 2  3.0  78    0    0 242 -320  3
3823500 2818500  2 13 23   0.3 1012 132  0.8 3  3.1  79    0    0 248 -320  3
3823500 2818500  2 13 24   0.1 1012 142  0.5 7  3.1  81    0    0 269 -320  3
3823500 2818500  2 14  1   0.7 1012 149  0.9 6  3.2  82    0    0 281 -320  3
3823500 2818500  2 14  2   0.5 1012 142  0.6 6  3.2  81    0    0 276 -320  3
3823500 2818500  2 14  3   0.5 1012 136  0.4 8  3.2  82    0    0 284 -320  3
3823500 2818500  2 14  4   0.6 1011 136  0.4 8  3.3  83    0    0 291 -319  3
3823500 2818500  2 14  5   0.5 1011 148  0.4 8  3.3  83    0    0 291 -318  3
3823500 2818500  2 14  6   0.4 1011 127  0.4 8  3.3  84    0    0 291 -317  3
3823500 2818500  2 14  7   0.3 1011 132  0.5 6  3.3  85    0    0 283 -316  3
3823500 2818500  2 14  8   0.6 1010 135  0.6 6  3.3  84    0    0 275 -316  3
3823500 2818500  2 14  9   1.0 1010 145  0.2 7  3.4  84    0    9 280 -316  3
3823500 2818500  2 14 10   1.8 1010 146  0.5 8  3.5  83    0   53 289 -318  3
3823500 2818500  2 14 11   2.7 1010 152  0.9 7  3.7  82    1  102 288 -319  3
3823500 2818500  2 14 12   3.6 1010 156  1.0 8  3.9  81    0   89 287 -324  3
3823500 2818500  2 14 13   4.4 1010 155  1.2 8  4.1  80    0   76 292 -328  3
3823500 2818500  2 14 14   4.3 1009 150  1.0 7  4.2  82    0   85 288 -329  3
3823500 2818500  2 14 15   4.6 1008 156  1.5 7  4.4  84    2  114 285 -330  3
3823500 2818500  2 14 16   5.0 1008 148  1.3 7  4.5  84    4   88 288 -329  3
3823500 2818500  2 14 17   5.1 1007 154  1.2 8  4.6  84    7   53 295 -329  3
3823500 2818500  2 14 18   4.5 1006 162  1.4 8  4.6  85    0    1 299 -328  3
3823500 2818500  2 14 19   4.4 1006 158  1.3 8  4.5  86    0    0 300 -327  3
3823500 2818500  2 14 20   4.4 1006 166  2.2 8  4.5  86    0    0 301 -326  3
3823500 2818500  2 14 21   4.7 1006 174  2.5 7  4.6  87    0    0 301 -326  3
3823500 2818500  2 14 22   4.4 1005 185  1.8 8  4.7  89    0    0 304 -326  3
3823500 2818500  2 14 23   4.7 1005 187  1.4 8  4.9  93    0    0 312 -326  3
3823500 2818500  2 14 24   4.9 1004 193  1.8 8  5.1  94    0    0 318 -326  3
3823500 2818500  2 15  1   5.3 1004 191  1.7 6  5.1  93    0    0 316 -326  3
3823500 2818500  2 15  2   5.0 1003 199  2.1 7  5.1  93    0    0 314 -327  3
3823500 2818500  2 15  3   5.3 1003 195  2.0 7  5.1  92    0    0 319 -328  3
3823500 2818500  2 15  4   5.2 1002 170  2.3 6  5.0  90    0    0 315 -329  3
3823500 2818500  2 15  5   4.7 1001 176  3.1 6  4.9  90    0    0 308 -330  3
3823500 2818500  2 15  6   4.9  999 161  3.5 6  4.8  89    0    0 307 -330  3
3823500 2818500  2 15  7   4.2  997 157  3.8 8  4.7  88    0    0 316 -329  3
3823500 2818500  2 15  8   4.2  996 168  3.9 7  4.6  89    0    0 320 -329  3
3823500 2818500  2 15  9   4.9  995 164  3.0 7  4.7  88    0    8 316 -328  3
3823500 2818500  2 15 10   5.4  994 169  4.4 8  4.9  88    0   26 323 -329  3
3823500 2818500  2 15 11   5.2  991 161  5.0 8  5.0  89    0   43 330 -332  3
3823500 2818500  2 15 12   5.1  989 170  4.8 8  5.1  90    0   50 330 -335  3
3823500 2818500  2 15 13   5.3  988 170  5.3 8  5.1  90    0   44 330 -338  3
3823500 2818500  2 15 14   5.4  986 189  4.7 8  5.2  90    0   43 330 -339  3
3823500 2818500  2 15 15   5.8  985 207  4.6 8  5.3  92    0   37 331 -339  3
3823500 2818500  2 15 16   6.8  984 215  4.2 8  5.7  93    0   36 335 -339  3
3823500 2818500  2 15 17   7.8  984 226  2.6 8  6.1  92    0   32 339 -338  3
3823500 2818500  2 15 18   7.4  985 235  2.3 6  6.1  91    0    9 330 -339  3
3823500 2818500  2 15 19   6.6  985 212  1.5 6  5.8  91    0    0 314 -341  3
3823500 2818500  2 15 20   6.3  985 206  1.5 5  5.7  92    0    0 304 -342  3
3823500 2818500  2 15 21   6.4  985 221  2.9 5  5.6  91    0    0 295 -343  3
3823500 2818500  2 15 22   6.3  985 223  1.1 6  5.6  91    0    0 297 -343  3
3823500 2818500  2 15 23   6.0  985 199  1.8 6  5.6  92    0    0 300 -343  3
3823500 2818500  2 15 24   5.9  985 177  1.2 6  5.5  92    0    0 297 -343  3
3823500 2818500  2 16  1   5.3  984 181  1.5 5  5.4  93    0    0 286 -343  3
3823500 2818500  2 16  2   5.6  984 187  1.1 5  5.4  94    0    0 280 -343  3
3823500 2818500  2 16  3   5.6  983 175  1.4 6  5.6  96    0    0 288 -343  3
3823500 2818500  2 16  4   5.9  982 182  2.1 7  5.6  96    0    0 308 -343  3
3823500 2818500  2 16  5   6.0  981 172  1.5 7  5.7  95    0    0 320 -343  3
3823500 2818500  2 16  6   6.2  981 193  2.0 8  5.7  94    0    0 328 -343  3
3823500 2818500  2 16  7   6.0  981 189  1.9 8  5.7  94    0    0 335 -342  3
3823500 2818500  2 16  8   5.8  981 172  1.5 8  5.6  95    0    0 334 -342  3
3823500 2818500  2 16  9   5.8  981 171  1.4 7  5.6  95    0   16 327 -342  3
3823500 2818500  2 16 10   5.9  981 181  1.8 6  5.6  95    0   55 316 -343  3
3823500 2818500  2 16 11   6.5  981 193  2.1 7  5.7  94    0   66 316 -345  3
3823500 2818500  2 16 12   7.3  981 212  2.5 6  6.0  93   18  168 318 -349  3
3823500 2818500  2 16 13   8.1  981 219  3.4 6  6.0  88   35  190 316 -353  3
3823500 2818500  2 16 14   9.2  980 201  2.8 5  5.8  80   43  185 312 -355  3
3823500 2818500  2 16 15   9.3  980 216  4.0 5  5.7  75   50  162 307 -354  3
3823500 2818500  2 16 16   9.1  979 198  3.0 6  5.5  73   27  110 312 -355  3
3823500 2818500  2 16 17   7.9  979 198  2.6 7  5.4  75    0   36 318 -353  3
3823500 2818500  2 16 18   6.3  979 186  2.1 7  5.4  83    0    0 318 -349  3
3823500 2818500  2 16 19   5.8  979 207  1.5 7  5.4  89    0    0 314 -346  3
3823500 2818500  2 16 20   5.5  979 285  1.2 6  5.3  90    0    0 304 -343  3
3823500 2818500  2 16 21   5.1  979 179  1.7 6  5.2  90    0    0 297 -341  3
3823500 2818500  2 16 22   4.5  979 198  0.8 4  5.1  92    0    0 284 -340  3
3823500 2818500  2 16 23   4.5  979 191  1.2 4  5.1  93    0    0 273 -339  3
3823500 2818500  2 16 24   3.9  979 184  1.0 5  4.9  92    0    0 276 -339  3
3823500 2818500  2 17  1   4.6  979 194  1.3 6  4.8  90    0    0 289 -339  3
3823500 2818500  2 17  2   4.3  979 184  1.5 7  4.8  90    0    0 302 -339  3
3823500 2818500  2 17  3   4.5  979 201  2.2 7  4.9  91    0    0 307 -339  3
3823500 2818500  2 17  4   4.1  979 202  1.7 7  4.9  91    0    0 307 -338  3
3823500 2818500  2 17  5   4.5  980 203  1.8 6  4.8  90    0    0 301 -338  3
3823500 2818500  2 17  6   4.6  980 199  2.2 6  4.9  90    0    0 296 -338  3
3823500 2818500  2 17  7   4.8  980 212  1.9 8  4.9  90    0    0 310 -337  3
3823500 2818500  2 17  8   4.5  980 189  2.1 7  4.8  88    0    4 316 -337  3
3823500 2818500  2 17  9   4.5  981 196  1.5 6  4.7  88    0   35 304 -336  3
3823500 2818500  2 17 10   5.3  981 187  2.1 8  4.8  86    0   52 311 -337  3
3823500 2818500  2 17 11   5.3  981 187  3.4 8  4.8  84    0   73 323 -338  3
3823500 2818500  2 17 12   4.9  981 196  3.8 8  4.8  84    0   67 321 -341  3
3823500 2818500  2 17 13   5.1  981 192  3.2 7  4.8  86    0   98 314 -343  3
3823500 2818500  2 17 14   5.1  981 193  3.3 8  4.9  88    0   63 316 -344  3
3823500 2818500  2 17 15   5.0  981 195  3.4 7  5.0  89    0   65 316 -345  3
3823500 2818500  2 17 16   5.3  981 206  2.2 8  5.1  91    0   36 315 -346  3
3823500 2818500  2 17 17   5.5  981 203  2.4 8  5.2  90    0   29 318 -346  3
3823500 2818500  2 17 18   5.6  981 194  2.1 8  5.2  89    0    6 318 -345  3
3823500 2818500  2 17 19   5.7  982 185  2.0 7  5.3  90    0    0 312 -344  3
3823500 2818500  2 17 20   5.8  982 219  2.3 8  5.3  90    0    0 311 -343  3
3823500 2818500  2 17 21   5.8  982 227  0.5 7  5.3  89    0    0 310 -342  3
3823500 2818500  2 17 22   5.6  983 210  0.1 7  5.2  88    0    0 302 -340  3
3823500 2818500  2 17 23   5.3  983 197  3.4 7  5.2  90    0    0 301 -339  3
3823500 2818500  2 17 24   5.6  983 217  5.3 7  5.1  89    0    0 301 -339  3
3823500 2818500  2 18  1   5.5  984 220  4.7 7  5.1  88    0    0 304 -338  3
3823500 2818500  2 18  2   5.4  984 216  3.1 8  5.2  89    0    0 309 -336  3
3823500 2818500  2 18  3   5.2  984 209  2.2 7  5.1  89    0    0 310 -335  3
3823500 2818500  2 18  4   4.7  985 206  1.9 7  5.0  89    0    0 304 -333  3
3823500 2818500  2 18  5   4.4  985 202  3.1 7  4.9  91    0    0 303 -327  3
3823500 2818500  2 18  6   4.2  985 196  2.7 7  4.8  91    0    0 303 -322  3
3823500 2818500  2 18  7   4.2  985 183  2.1 7  4.8  92    0    0 303 -320  3
3823500 2818500  2 18  8   4.5  985 178  1.6 7  4.8  90    0    5 305 -319  3
3823500 2818500  2 18  9   4.6  985 154  0.9 4  4.7  88   13   45 289 -319  3
3823500 2818500  2 18 10   5.5  986 156  1.5 5  4.7  84   38  101 278 -322  3
3823500 2818500  2 18 11   6.1  986 180  2.3 6  4.7  80   50  147 291 -328  3
3823500 2818500  2 18 12   6.6  986 147  2.2 7  4.8  78   12  156 304 -337  3
3823500 2818500  2 18 13   6.6  986 158  2.1 7  4.8  76    2  137 310 -342  3
3823500 2818500  2 18 14   6.7  986 139  1.8 8  4.8  76    0   79 315 -346  3
3823500 2818500  2 18 15   6.0  985 155  2.2 7  4.8  78    0   75 314 -352  3
3823500 2818500  2 18 16   5.7  985 183  0.7 6  4.8  81    5   90 301 -352  3
3823500 2818500  2 18 17   5.4  985 183  0.3 7  4.8  84   17   48 297 -349  3
3823500 2818500  2 18 18   4.9  986 187  0.2 8  4.8  85    0    3 304 -347  3
3823500 2818500  2 18 19   4.6  986 157  0.1 8  4.7  86    0    0 307 -344  3
3823500 2818500  2 18 20   4.1  987 116  0.1 8  4.7  89    0    0 304 -342  3
3823500 2818500  2 18 21   4.1  987 315  0.1 7  4.8  91    0    0 299 -340  3
3823500 2818500  2 18 22   4.0  988 164  0.1 8  4.8  92    0    0 298 -340  3
3823500 2818500  2 18 23   3.9  989 291  0.2 8  4.8  94    0    0 302 -340  3
3823500 2818500  2 18 24   3.8  989 274  0.1 8  4.8  94    0    0 301 -340  3
3823500 2818500  2 19  1   3.7  990 248  0.3 7  4.8  95    0    0 298 -340  3
3823500 2818500  2 19  2   3.4  991 240  0.6 7  4.8  96    0    0 294 -338  3
3823500 2818500  2 19  3   3.0  992 236  1.3 7  4.7  96    0    0 291 -335  3
3823500 2818500  2 19  4   2.5  993 227  1.3 7  4.6  98    0    0 289 -331  3
3823500 2818500  2 19  5   2.3  993 226  0.1 7  4.5  99    0    0 288 -326  3
3823500 2818500  2 19  6   2.2  994 180  0.1 6  4.5  99    0    0 283 -322  3
3823500 2818500  2 19  7   2.3  994 149  0.4 7  4.5  99    0    0 285 -320  3
3823500 2818500  2 19  8   2.1  994 120  0.1 6  4.5 100    0    4 286 -320  3
3823500 2818500  2 19  9   2.2  994 105  0.1 7  4.5  99    0   29 287 -322  3
3823500 2818500  2 19 10   2.6  994 108  0.1 8  4.5  99    0   70 298 -328  3
3823500 2818500  2 19 11   3.4  995 115  0.6 4  4.7  98    9  133 284 -335  3
3823500 2818500  2 19 12   4.3  995  80  0.7 6  5.0  98   48  198 279 -341  3
3823500 2818500  2 19 13   5.5  995  94  0.4 6  5.1  93   95  219 295 -345  3
3823500 2818500  2 19 14   6.9  995  85  1.7 5  5.0  84  187  188 296 -349  3
3823500 2818500  2 19 15   6.8  995  67  1.7 5  4.9  79  130  168 294 -353  3
3823500 2818500  2 19 16   6.6  994  74  2.2 5  4.8  78   96  127 291 -355  3
3823500 2818500  2 19 17   6.0  994  77  2.0 7  4.7  78   25   63 295 -353  3
3823500 2818500  2 19 18   5.0  994  73  0.8 7  4.7  82    0    9 299 -349  3
3823500 2818500  2 19 19   4.3  994  57  1.2 5  4.6  85    0    0 286 -346  3
3823500 2818500  2 19 20   4.0  994  60  1.7 6  4.5  86    0    0 277 -344  3
3823500 2818500  2 19 21   3.6  994  57  1.9 7  4.5  88    0    0 292 -343  3
3823500 2818500  2 19 22   3.3  995  55  2.0 7  4.4  89    0    0 296 -341  3
3823500 2818500  2 19 23   3.6  995  80  2.3 7  4.5  90    0    0 284 -339  3
3823500 2818500  2 19 24   4.1  996 115  2.9 7  4.7  91    0    0 283 -338  3
3823500 2818500  2 20  1   4.9  998 160  3.8 7  5.0  92    0    0 311 -334  3
3823500 2818500  2 20  2   5.7  995 198  4.7 7  5.3  92    0    0 312 -339  3
3823500 2818500  2 20  3   6.6  992 227  5.6 8  5.6  92    0    0 320 -343  3
3823500 2818500  2 20  4   7.0  989 232  6.0 8  5.8  92    0    0 329 -344  3
3823500 2818500  2 20  5   7.2  987 237  5.8 8  5.8  92    0    0 334 -345  3
3823500 2818500  2 20  6   8.0  985 248  5.9 8  6.2  92    0    0 340 -346  3
3823500 2818500  2 20  7   8.4  984 269  5.9 8  6.4  92    0    0 342 -347  3
3823500 2818500  2 20  8   8.1  984 269  3.8 7  6.3  90    0    0 338 -348  3
3823500 2818500  2 20  9   7.7  983 272  4.6 7  6.0  88    0   12 330 -348  3
3823500 2818500  2 20 10   7.7  983 281  5.1 7  5.8  86   18  101 329 -348  3
3823500 2818500  2 20 11   8.6  983 288  6.0 4  5.4  78  162  125 306 -350  3
3823500 2818500  2 20 12   8.7  983 277  6.1 4  5.0  69  115  174 283 -353  3
3823500 2818500  2 20 13   8.9  982 259  6.6 5  4.7  65   67  181 290 -353  3
3823500 2818500  2 20 14   8.9  981 255  4.8 7  4.6  63    0   82 308 -350  3
3823500 2818500  2 20 15   8.7  981 262  5.7 4  4.4  61   60  145 299 -346  3
3823500 2818500  2 20 16   7.1  980 270  5.2 5  4.5  66   66  107 280 -344  3
3823500 2818500  2 20 17   5.2  980 284  2.1 8  4.7  77    0   39 303 -344  3
3823500 2818500  2 20 18   5.1  980 282  1.5 5  4.6  82    9   13 300 -340  3
3823500 2818500  2 20 19   4.0  980 259  1.3 5  4.5  83    0    0 282 -336  3
3823500 2818500  2 20 20   3.6  980 261  0.3 5  4.5  86    0    0 280 -333  3
3823500 2818500  2 20 21   2.9  981 248  0.8 6  4.4  89    0    0 284 -331  3
3823500 2818500  2 20 22   3.4  982 261  0.2 7  4.4  90    0    0 294 -331  3
3823500 2818500  2 20 23   3.6  982 329  1.2 8  4.4  88    0    0 305 -330  3
3823500 2818500  2 20 24   3.1  984 343  3.5 8  4.0  81    0    0 309 -328  3
3823500 2818500  2 21  1   2.6  986 340  3.9 7  3.5  73    0    0 299 -326  3
3823500 2818500  2 21  2   2.5  987 337  6.0 6  3.2  69    0    0 285 -322  3
3823500 2818500  2 21  3   2.1  989 340  5.7 7  3.1  67    0    0 284 -320  3
3823500 2818500  2 21  4   1.6  991 345  6.6 6  3.0  67    0    0 281 -320  3
3823500 2818500  2 21  5   1.5  994 343  6.8 6  2.9  66    0    0 274 -320  3
3823500 2818500  2 21  6   1.3  996 350  6.8 7  2.8  66    0    0 279 -319  3
3823500 2818500  2 21  7   0.9  998 340  4.9 6  2.8  66    0    0 278 -317  3
3823500 2818500  2 21  8   0.8 1001 340  3.5 2  2.7  66    0    0 251 -315  3
3823500 2818500  2 21  9   1.3 1003 344  2.5 1  2.7  64   40   41 224 -314  3
3823500 2818500  2 21 10   2.5 1005 350  4.2 1  2.5  58  168   56 219 -315  3
3823500 2818500  2 21 11   3.5 1007   7  4.1 1  2.3  49  286   67 219 -317  3
3823500 2818500  2 21 12   4.0 1008 356  3.2 1  2.2  44  371   64 219 -318  3
3823500 2818500  2 21 13   4.6 1009   2  2.9 2  2.3  44  342   78 225 -321  3
3823500 2818500  2 21 14   5.1 1009 345  2.6 2  2.4  45  217  143 231 -324  3
3823500 2818500  2 21 15   4.5 1009 318  2.3 3  2.4  46  238   90 233 -325  3
3823500 2818500  2 21 16   4.9 1010 285  1.9 3  2.4  45  164   72 232 -326  3
3823500 2818500  2 21 17   4.6 1010 193  2.2 2  2.3  42  111   41 222 -324  3
3823500 2818500  2 21 18   2.9 1009 246  2.3 2  2.2  45   17   15 214 -321  3
3823500 2818500  2 21 19   1.2 1009 225  1.9 3  2.3  51    0    0 214 -318  3
3823500 2818500  2 21 20   1.3 1010 207  2.0 3  2.3  55    0    0 216 -315  3
3823500 2818500  2 21 21   1.7 1009 201  2.3 3  2.4  57    0    0 219 -313  3
3823500 2818500  2 21 22   1.9 1008 193  2.9 4  2.5  58    0    0 225 -315  3
3823500 2818500  2 21 23   2.6 1007 196  3.7 6  2.5  57    0    0 242 -315  3
3823500 2818500  2 21 24   2.8 1006 197  4.7 8  2.6  56    0    0 263 -316  3
3823500 2818500  2 22  1   2.9 1005 198  4.4 8  2.7  59    0    0 277 -316  3
3823500 2818500  2 22  2   2.9 1003 211  5.7 8  3.0  63    0    0 283 -316  3
3823500 2818500  2 22  3   1.4 1001 214  7.1 8  3.3  74    0    0 287 -317  3
3823500 2818500  2 22  4   0.9  999 208  6.7 8  3.7  88    0    0 289 -317  3
3823500 2818500  2 22  5   0.8  997 209  6.5 8  3.8  93    0    0 293 -318  3
3823500 2818500  2 22  6   1.6  995 215  7.1 8  3.9  92    0    0 301 -318  3
3823500 2818500  2 22  7   2.1  992 220  6.8 8  4.0  91    0    0 309 -319  3
3823500 2818500  2 22  8   2.7  991 221  7.4 8  4.3  92    0    0 316 -320  3
3823500 2818500  2 22  9   3.4  990 219  6.8 8  4.5  93    0   15 322 -320  3
3823500 2818500  2 22 10   4.2  989 220  6.3 7  4.7  92    0   32 324 -320  3
3823500 2818500  2 22 11   5.0  988 226  5.6 8  4.9  92    0   66 328 -320  3
3823500 2818500  2 22 12   6.0  988 232  6.1 7  5.3  92    0   84 332 -322  3
3823500 2818500  2 22 13   7.0  987 234  6.5 8  5.6  91    0   58 337 -326  3
3823500 2818500  2 22 14   7.8  986 230  5.7 7  6.0  92    0   41 341 -329  3
3823500 2818500  2 22 15   8.6  986 254  6.0 7  6.4  92    0   40 337 -335  3
3823500 2818500  2 22 16   8.0  986 275  7.1 7  6.2  89    0   28 333 -344  3
3823500 2818500  2 22 17   8.0  986 276  4.3 7  5.5  80    0   35 325 -350  3
3823500 2818500  2 22 18   7.8  986 284  4.3 7  4.8  70    0    5 323 -348  3
3823500 2818500  2 22 19   7.1  987 265  1.7 6  4.4  67    0    0 313 -342  3
3823500 2818500  2 22 20   7.1  987 261  2.8 7  4.3  67    0    0 310 -337  3
3823500 2818500  2 22 21   6.7  987 259  5.4 6  4.1  65    0    0 305 -334  3
3823500 2818500  2 22 22   6.4  988 257  4.9 6  3.9  63    0    0 292 -332  3
3823500 2818500  2 22 23   6.0  988 254  5.4 7  3.8  64    0    0 295 -330  3
3823500 2818500  2 22 24   5.6  988 259  4.2 7  3.9  67    0    0 298 -328  3
3823500 2818500  2 23  1   4.3  987 244  7.3 4  4.1  74    0    0 275 -326  3
3823500 2818500  2 23  2   3.7  987 255  4.7 7  4.2  80    0    0 272 -325  3
3823500 2818500  2 23  3   4.6  987 250  5.9 6  4.0  75    0    0 284 -325  3
3823500 2818500  2 23  4   3.9  987 275  6.6 6  3.8  72    0    0 275 -324  3
3823500 2818500  2 23  5   3.8  987 244  6.5 5  3.8  74    0    0 265 -324  3
3823500 2818500  2 23  6   2.9  987 252  4.8 5  3.8  77    0    0 253 -323  3
3823500 2818500  2 23  7   2.6  987 252  4.9 5  3.8  81    0    0 251 -323  3
3823500 2818500  2 23  8   3.2  987 255  6.7 7  3.9  81    0    0 265 -322  3
3823500 2818500  2 23  9   2.6  987 263  5.1 7  3.8  80    0   46 278 -321  3
3823500 2818500  2 23 10   2.1  987 263  4.9 6  3.9  85    4  102 269 -321  3
3823500 2818500  2 23 11   2.3  987 256  5.1 8  4.0  88    0   63 275 -325  3
3823500 2818500  2 23 12   2.4  987 265  4.6 7  4.1  88    4  151 281 -329  3
3823500 2818500  2 23 13   3.3  986 266  4.7 5  4.0  84   33  217 262 -333  3
3823500 2818500  2 23 14   1.9  985 271  6.6 7  3.9  83    0  108 263 -334  3
3823500 2818500  2 23 15   1.3  984 253  3.9 8  3.9  90    0   68 277 -334  3
3823500 2818500  2 23 16   1.2  985 278  4.0 7  3.9  91    7  108 274 -331  3
3823500 2818500  2 23 17   1.7  984 269  4.1 7  3.8  88    6   63 269 -326  3
3823500 2818500  2 23 18   1.9  984 253  3.4 6  3.8  85    8   28 266 -321  3
3823500 2818500  2 23 19   2.7  984 266  4.3 6  3.6  79    0    0 262 -321  3
3823500 2818500  2 23 20   0.7  984 262  5.3 7  3.7  84    0    0 266 -321  3
3823500 2818500  2 23 21   1.3  985 287  6.4 7  3.9  92    0    0 269 -320  3
3823500 2818500  2 23 22   1.4  986 280  5.0 7  3.9  91    0    0 270 -320  3
3823500 2818500  2 23 23   1.5  988 284  3.9 6  4.0  92    0    0 266 -320  3
3823500 2818500  2 23 24   1.5  989 269  3.9 5  3.9  90    0    0 255 -319  3
3823500 2818500  2 24  1   0.9  990 269  1.3 5  3.8  91    0    0 248 -317  3
3823500 2818500  2 24  2   0.6  991 219  2.1 4  3.8  92    0    0 238 -316  3
3823500 2818500  2 24  3   1.1  991 219  2.6 4  3.7  91    0    0 232 -316  3
3823500 2818500  2 24  4   1.2  991 220  2.7 5  3.7  89    0    0 236 -317  3
3823500 2818500  2 24  5   0.9  991 224  2.7 7  3.8  91    0    0 249 -317  3
3823500 2818500  2 24  6   0.8  991 256  2.7 6  3.8  93    0    0 254 -317  3
3823500 2818500  2 24  7   0.6  992 289  3.2 7  3.8  94    0    0 255 -317  3
3823500 2818500  2 24  8   0.7  994 289  2.4 7  3.8  94    0    0 263 -316  3
3823500 2818500  2 24  9   1.4  996 293  1.5 6  3.8  92   37   54 260 -315  3
3823500 2818500  2 24 10   1.6  997 295  5.4 4  3.8  89   95  112 248 -317  3
3823500 2818500  2 24 11   2.2  998 289  3.4 5  3.8  86   87  163 242 -319  3
3823500 2818500  2 24 12   3.7  999 274  4.0 5  3.9  81   75  184 248 -320  3
3823500 2818500  2 24 13   4.4 1000 279  4.5 4  3.8  73  155  200 245 -323  3
3823500 2818500  2 24 14   5.3 1000 283  4.3 3  3.5  65  163  178 239 -328  3
3823500 2818500  2 24 15   5.3 1001 282  5.5 5  3.3  59  139  161 246 -328  3
3823500 2818500  2 24 16   5.3 1001 290  4.3 5  3.1  56   96  117 255 -330  3
3823500 2818500  2 24 17   4.7 1001 275  2.6 6  3.2  59   57   68 260 -329  3
3823500 2818500  2 24 18   4.3 1001 252  4.7 7  3.4  64   13   18 270 -325  3
3823500 2818500  2 24 19   3.8 1001 234  3.8 7  3.3  64    0    0 274 -321  3
3823500 2818500  2 24 20   3.3 1000 225  2.3 7  3.2  64    0    0 276 -319  3
3823500 2818500  2 24 21   3.1 1000 223  3.1 7  3.2  67    0    0 276 -318  3
3823500 2818500  2 24 22   2.3  999 223  3.7 7  3.5  75    0    0 278 -317  3
3823500 2818500  2 24 23   1.9  999 206  2.6 8  3.9  86    0    0 285 -318  3
3823500 2818500  2 24 24   1.7  998 205  2.8 8  4.0  91    0    0 294 -318  3
3823500 2818500  2 25  1   1.8  996 207  1.5 8  4.1  93    0    0 297 -319  3
3823500 2818500  2 25  2   2.0  995 221  1.3 8  4.1  93    0    0 300 -319  3
3823500 2818500  2 25  3   2.1  995 197  0.6 8  4.2  94    0    0 305 -319  3
3823500 2818500  2 25  4   2.3  994 196  0.1 8  4.3  95    0    0 309 -320  3
3823500 2818500  2 25  5   2.3  994 208  0.6 8  4.4  96    0    0 311 -320  3
3823500 2818500  2 25  6   2.3  993 199  0.7 8  4.4  96    0    0 311 -320  3
3823500 2818500  2 25  7   2.2  994 215  0.1 8  4.4  96    0    0 311 -320  3
3823500 2818500  2 25  8   2.4  994 199  0.1 8  4.5  98    0    0 311 -320  3
3823500 2818500  2 25  9   2.9  994 154  0.2 8  4.6  98    1   45 313 -320  3
3823500 2818500  2 25 10   3.3  995 152  0.1 7  4.7  96    4  101 308 -320  3
3823500 2818500  2 25 11   3.8  995 123  0.8 7  4.6  93    0  107 304 -320  3
3823500 2818500  2 25 12   4.1  995 121  1.0 7  4.6  89    0  127 304 -322  3
3823500 2818500  2 25 13   4.4  995 124  1.3 7  4.6  88    1  135 303 -327  3
3823500 2818500  2 25 14   4.4  994 150  1.5 7  4.7  88    0   80 303 -332  3
3823500 2818500  2 25 15   4.6  994 162  1.6 7  4.8  91    0   67 302 -333  3
3823500 2818500  2 25 16   4.7  994 188  1.4 7  5.0  93    0   61 303 -334  3
3823500 2818500  2 25 17   4.9  993 225  2.4 7  5.2  94    0   44 306 -337  3
3823500 2818500  2 25 18   5.7  992 163  2.2 8  5.3  94    0    9 316 -344  3
3823500 2818500  2 25 19   6.8  991 184  2.2 8  5.6  93    0    0 328 -350  3
3823500 2818500  2 25 20   9.4  991 210  4.2 8  6.4  93    0    0 336 -354  3
3823500 2818500  2 25 21   9.9  990 223  5.2 8  6.9  90    0    0 343 -356  3
3823500 2818500  2 25 22  10.1  989 217  6.2 8  6.9  88    0    0 346 -357  3
3823500 2818500  2 25 23  10.4  988 225  6.8 8  6.9  86    0    0 349 -357  3
3823500 2818500  2 25 24  10.2  987 231  6.7 7  6.9  86    0    0 341 -357  3
3823500 2818500  2 26  1  10.2  987 227  5.9 8  7.0  88    0    0 343 -357  3
3823500 2818500  2 26  2  10.4  986 234  5.6 8  7.0  88    0    0 353 -358  3
3823500 2818500  2 26  3  10.4  986 229  5.3 8  7.1  88    0    0 355 -359  3
3823500 2818500  2 26  4   9.9  985 227  5.0 8  7.1  90    0    0 355 -359  3
3823500 2818500  2 26  5   9.9  984 219  5.4 8  7.1  91    0    0 355 -360  3
3823500 2818500  2 26  6   9.9  983 220  5.5 8  7.1  91    0    0 356 -361  3
3823500 2818500  2 26  7   9.8  982 209  5.8 8  7.0  90    0    0 356 -361  3
3823500 2818500  2 26  8  10.0  981 210  6.7 8  7.0  90    0    0 356 -362  3
3823500 2818500  2 26  9  10.1  980 214  7.0 8  7.1  90    0   18 357 -362  3
3823500 2818500  2 26 10  10.3  979 216  7.9 7  7.2  89   17   85 348 -363  3
3823500 2818500  2 26 11  10.7  978 227  8.3 7  7.3  89    0   84 342 -364  3
3823500 2818500  2 26 12  11.9  978 234  9.1 7  7.0  81   15  131 346 -364  3
3823500 2818500  2 26 13  12.3  978 237 11.2 5  6.1  67   60  131 333 -365  3
3823500 2818500  2 26 14  12.1  979 243 10.5 5  5.4  59   20  127 319 -365  3
3823500 2818500  2 26 15  11.0  979 249 10.6 6  5.4  62   15  111 325 -363  3
3823500 2818500  2 26 16  10.6  979 253 10.8 5  5.3  64  101   44 325 -361  3
3823500 2818500  2 26 17  10.7  981 255 10.8 6  5.1  61    2   42 323 -361  3
3823500 2818500  2 26 18  10.5  982 251  6.6 6  4.9  60    7    9 325 -359  3
3823500 2818500  2 26 19  10.2  983 256  7.4 7  4.9  60    0    0 327 -357  3
3823500 2818500  2 26 20  10.0  984 242  6.1 7  5.0  63    0    0 331 -355  3
3823500 2818500  2 26 21   9.9  984 249  5.6 7  5.1  65    0    0 329 -354  3
3823500 2818500  2 26 22   9.5  984 237  5.2 7  5.2  67    0    0 327 -353  3
3823500 2818500  2 26 23   8.2  984 239  5.7 7  5.1  70    0    0 324 -352  3
3823500 2818500  2 26 24   7.2  984 233  6.0 7  5.1  76    0    0 318 -352  3
3823500 2818500  2 27  1   7.3  984 236  4.4 7  5.2  80    0    0 315 -351  3
3823500 2818500  2 27  2   7.8  984 245  4.9 7  5.3  80    0    0 314 -350  3
3823500 2818500  2 27  3   7.7  984 252  6.1 7  5.3  78    0    0 311 -348  3
3823500 2818500  2 27  4   5.7  984 244  4.7 7  4.9  78    0    0 304 -344  3
3823500 2818500  2 27  5   4.6  984 245  5.0 6  4.6  81    0    0 292 -339  3
3823500 2818500  2 27  6   4.4  984 237  4.3 6  4.4  81    0    0 284 -334  3
3823500 2818500  2 27  7   4.7  985 241  4.8 5  4.4  82    0    0 276 -330  3
3823500 2818500  2 27  8   5.0  985 242  5.7 4  4.5  82    0    0 264 -326  3
3823500 2818500  2 27  9   5.6  986 239  6.0 5  4.5  79   10   50 265 -326  3
3823500 2818500  2 27 10   5.8  986 243  7.2 6  4.4  75   40  100 275 -329  3
3823500 2818500  2 27 11   6.5  987 248  7.9 4  4.3  71  121  127 269 -336  3
3823500 2818500  2 27 12   6.9  988 249  7.6 4  4.2  66  110  152 259 -342  3
3823500 2818500  2 27 13   6.9  989 243  8.2 4  4.0  63  146  151 259 -347  3
3823500 2818500  2 27 14   8.2  989 252  8.7 4  3.6  55   90  145 261 -350  3
3823500 2818500  2 27 15   8.1  989 248  8.5 5  3.4  49  161  112 266 -351  3
3823500 2818500  2 27 16   8.4  989 235  7.2 5  3.4  49  126   79 272 -349  3
3823500 2818500  2 27 17   5.7  989 243  7.9 5  3.7  58   61   47 268 -346  3
3823500 2818500  2 27 18   5.9  989 244  5.5 6  4.1  71   26   13 270 -341  3
3823500 2818500  2 27 19   5.3  989 233  3.9 6  4.3  74    0    0 272 -336  3
3823500 2818500  2 27 20   4.2  989 220  2.3 6  4.4  81    0    0 270 -335  3
3823500 2818500  2 27 21   4.4  989 227  1.9 7  4.5  86    0    0 273 -334  3
3823500 2818500  2 27 22   4.2  988 205  1.7 7  4.6  87    0    0 278 -332  3
3823500 2818500  2 27 23   4.2  988 235  1.2 7  4.6  87    0    0 279 -330  3
3823500 2818500  2 27 24   4.3  987 230  3.6 6  4.6  87    0    0 274 -330  3
3823500 2818500  2 28  1   5.0  987 239  5.1 6  4.6  85    0    0 271 -333  3
3823500 2818500  2 28  2   5.0  987 239  5.6 6  4.5  82    0    0 273 -334  3
3823500 2818500  2 28  3   4.9  988 240  5.6 5  4.4  79    0    0 268 -335  3
3823500 2818500  2 28  4   4.5  988 231  4.8 5  4.3  79    0    0 263 -336  3
3823500 2818500  2 28  5   4.6  988 228  6.2 5  4.3  79    0    0 262 -335  3
3823500 2818500  2 28  6   3.4  988 221  4.2 6  4.3  82    0    0 267 -335  3
3823500 2818500  2 28  7   4.2  988 225  5.5 5  4.2  83    0    0 266 -335  3
3823500 2818500  2 28  8   4.5  988 226  6.0 7  4.2  79    0    0 274 -334  3
3823500 2818500  2 28  9   4.9  988 230  5.9 6  4.2  77    7   51 281 -335  3
3823500 2818500  2 28 10   5.4  988 231  6.6 7  4.1  73   27  108 281 -336  3
3823500 2818500  2 28 11   6.1  989 230  6.2 6  4.1  71   72  153 284 -338  3
3823500 2818500  2 28 12   6.4  989 234  6.4 7  4.2  70   11  149 285 -339  3
3823500 2818500  2 28 13   6.7  989 230  6.4 6  4.3  69    6  148 286 -340  3
3823500 2818500  2 28 14   5.8  990 235  5.9 7  4.4  72    0   76 286 -344  3
3823500 2818500  2 28 15   5.6  990 241  6.4 7  4.6  79    0   48 290 -345  3
3823500 2818500  2 28 16   6.5  991 225  5.6 6  4.7  79   29  102 284 -343  3
3823500 2818500  2 28 17   6.6  991 233  6.1 5  4.6  75   39   60 273 -345  3
3823500 2818500  2 28 18   5.7  991 234  3.7 5  4.6  76   20   19 264 -344  3
3823500 2818500  2 28 19   5.2  992 229  2.6 4  4.5  79    0    0 255 -341  3
3823500 2818500  2 28 20   4.8  992 216  1.9 2  4.4  80    0    0 235 -340  3
3823500 2818500  2 28 21   4.3  992 213  3.2 3  4.5  84    0    0 228 -340  3
3823500 2818500  2 28 22   4.3  993 225  3.0 5  4.5  86    0    0 244 -340  3
3823500 2818500  2 28 23   4.4  993 228  3.5 5  4.5  85    0    0 255 -340  3
3823500 2818500  2 28 24   4.7  994 231  3.0 6  4.6  85    0    0 262 -339  3
3823500 2818500  3  1  1   4.9  994 232  2.4 5  4.6  84    0    0 262 -337  3
3823500 2818500  3  1  2   4.9  994 241  2.2 6  4.6  84    0    0 265 -337  3
3823500 2818500  3  1  3   5.0  994 240  2.5 7  4.7  84    0    0 276 -336  3
3823500 2818500  3  1  4   5.0  994 228  2.7 7  4.7  85    0    0 284 -335  3
3823500 2818500  3  1  5   4.4  994 240  2.9 7  4.7  88    0    0 285 -335  3
3823500 2818500  3  1  6   3.7  995 250  2.1 8  4.7  90    0    0 293 -334  3
3823500 2818500  3  1  7   3.2  995 244  2.5 8  4.5  92    0    0 299 -334  3
3823500 2818500  3  1  8   3.5  996 250  2.7 7  4.6  93    0   13 293 -335  3
3823500 2818500  3  1  9   3.9  996 254  2.6 7  4.7  92    1   62 289 -336  3
3823500 2818500  3  1 10   4.7  997 261  3.2 7  4.8  91    0   93 291 -338  3
3823500 2818500  3  1 11   5.1  998 269  3.6 7  4.8  88    0   97 292 -341  3
3823500 2818500  3  1 12   5.7  999 285  3.8 6  4.8  85    6  173 288 -344  3
3823500 2818500  3  1 13   6.2 1000 299  3.6 7  4.7  80    0  138 290 -347  3
3823500 2818500  3  1 14   7.3 1001 315  3.1 5  4.3  70   61  184 286 -348  3
3823500 2818500  3  1 15   7.7 1001 296  3.3 3  4.0  62  269  102 265 -349  3
3823500 2818500  3  1 16   7.4 1002 340  4.5 5  4.0  61   61  118 268 -348  3
3823500 2818500  3  1 17   6.2 1002 338  4.2 2  3.7  60  113   69 261 -347  3
3823500 2818500  3  1 18   4.2 1003 345  3.2 2  3.4  62   24   29 243 -345  3
3823500 2818500  3  1 19   2.7 1004 358  1.3 2  3.3  68    0    0 237 -343  3
3823500 2818500  3  1 20   1.4 1005 347  1.4 3  3.2  72    0    0 236 -340  3
3823500 2818500  3  1 21   0.6 1006 275  0.7 3  3.1  76    0    0 237 -338  3
3823500 2818500  3  1 22  -1.4 1007  20  0.6 2  2.9  80    0    0 229 -337  3
3823500 2818500  3  1 23  -1.5 1008 324  0.7 2  2.8  82    0    0 222 -335  3
3823500 2818500  3  1 24  -2.2 1008  12  0.0 4  2.8  83    0    0 229 -330  3
3823500 2818500  3  2  1  -2.6 1008  56  0.5 6  2.7  86    0    0 243 -327  3
3823500 2818500  3  2  2  -3.2 1008 142  0.4 5  2.7  89    0    0 246 -325  3
3823500 2818500  3  2  3  -3.5 1008 174  0.4 5  2.7  89    0    0 241 -322  3
3823500 2818500  3  2  4  -3.8 1008 119  0.3 4  2.6  88    0    0 235 -320  3
3823500 2818500  3  2  5  -4.6 1008 223  0.3 4  2.5  89    0    0 230 -319  3
3823500 2818500  3  2  6  -4.4 1008 183  0.1 2  2.4  89    0    0 221 -318  3
3823500 2818500  3  2  7  -4.5 1008 188  0.2 2  2.4  88    0    0 212 -315  3
3823500 2818500  3  2  8  -4.4 1008 176  0.4 2  2.5  91    0   13 211 -314  3
3823500 2818500  3  2  9  -2.0 1007 155  0.3 2  2.8  94   37   81 215 -315  3
3823500 2818500  3  2 10  -0.2 1007 181  1.5 3  3.3  93  138  118 225 -317  3
3823500 2818500  3  2 11   2.6 1007 218  2.4 2  3.6  86  248  129 230 -320  3
3823500 2818500  3  2 12   3.5 1007 219  2.3 2  3.4  72  358  115 229 -328  3
3823500 2818500  3  2 13   4.8 1007 256  2.3 1  3.1  60  376  132 226 -341  3
3823500 2818500  3  2 14   5.6 1006 250  2.7 2  3.1  56  333  146 228 -348  3
3823500 2818500  3  2 15   6.2 1005 253  3.2 1  3.1  54  307  124 232 -349  3
3823500 2818500  3  2 16   5.9 1004 260  4.1 1  3.1  53  223   90 227 -347  3
3823500 2818500  3  2 17   5.6 1004 256  3.8 2  3.1  54  108   71 230 -344  3
3823500 2818500  3  2 18   4.8 1004 262  3.0 3  3.1  56   25   30 239 -337  3
3823500 2818500  3  2 19   4.1 1003 250  2.3 4  3.2  60    0    1 246 -328  3
3823500 2818500  3  2 20   3.9 1003 258  2.5 5  3.3  64    0    0 254 -323  3
3823500 2818500  3  2 21   2.8 1004 272  2.6 6  3.5  73    0    0 262 -320  3
3823500 2818500  3  2 22   2.4 1004 274  2.6 6  3.9  84    0    0 267 -319  3
3823500 2818500  3  2 23   1.8 1004 278  2.2 6  4.0  89    0    0 268 -319  3
3823500 2818500  3  2 24   1.3 1004 267  2.1 5  3.9  91    0    0 261 -318  3
3823500 2818500  3  3  1   0.9 1005 273  2.3 2  3.8  92    0    0 240 -317  3
3823500 2818500  3  3  2   0.1 1005 265  2.1 0  3.6  92    0    0 213 -317  3
3823500 2818500  3  3  3   0.0 1006 256  2.0 1  3.5  92    0    0 207 -317  3
3823500 2818500  3  3  4   0.6 1006 259  1.7 3  3.6  93    0    0 223 -318  3
3823500 2818500  3  3  5   0.9 1007 253  1.8 5  3.7  92    0    0 243 -318  3
3823500 2818500  3  3  6   0.8 1007 247  1.5 3  3.7  92    0    0 244 -319  3
3823500 2818500  3  3  7   0.3 1007 244  1.6 5  3.6  91    0    0 243 -319  3
3823500 2818500  3  3  8   0.6 1008 241  1.5 5  3.6  91    0   12 252 -319  3
3823500 2818500  3  3  9   1.3 1008 237  1.8 4  3.8  93   16   91 248 -319  3
3823500 2818500  3  3 10   3.1 1009 245  2.2 5  4.1  91   70  171 250 -322  3
3823500 2818500  3  3 11   4.6 1009 239  2.3 5  4.3  85   81  228 260 -330  3
3823500 2818500  3  3 12   6.1 1010 244  3.4 5  4.3  77   85  261 264 -342  3
3823500 2818500  3  3 13   7.1 1010 241  4.3 6  4.2  69   69  266 272 -351  3
3823500 2818500  3  3 14   7.3 1010 244  4.2 7  4.0  64    8  189 285 -356  3
3823500 2818500  3  3 15   8.1 1009 239  3.6 5  4.0  61   57  220 282 -358  3
3823500 2818500  3  3 16   7.3 1009 243  4.0 6  4.0  60   18  145 279 -356  3
3823500 2818500  3  3 17   7.1 1009 246  3.0 7  3.9  62    3   76 295 -353  3
3823500 2818500  3  3 18   6.8 1009 226  2.8 7  4.0  64    2   28 304 -350  3
3823500 2818500  3  3 19   6.4 1009 221  2.2 7  4.1  67    0    0 303 -345  3
3823500 2818500  3  3 20   6.2 1010 227  2.1 6  4.2  70    0    0 298 -342  3
3823500 2818500  3  3 21   6.2 1010 243  2.8 7  4.3  72    0    0 298 -340  3
3823500 2818500  3  3 22   6.1 1010 237  3.2 7  4.4  74    0    0 305 -339  3
3823500 2818500  3  3 23   6.1 1010 241  3.1 7  4.4  75    0    0 306 -337  3
3823500 2818500  3  3 24   6.1 1010 248  2.9 8  4.5  76    0    0 314 -335  3
3823500 2818500  3  4  1   5.7 1010 243  3.2 7  4.6  79    0    0 317 -334  3
3823500 2818500  3  4  2   5.7 1010 247  3.1 7  4.7  82    0    0 312 -333  3
3823500 2818500  3  4  3   5.6 1010 241  2.9 7  4.8  84    0    0 313 -332  3
3823500 2818500  3  4  4   5.6 1010 239  2.3 7  4.8  85    0    0 314 -331  3
3823500 2818500  3  4  5   5.6 1010 240  2.6 7  4.9  86    0    0 314 -330  3
3823500 2818500  3  4  6   5.5 1010 236  2.4 8  4.9  87    0    0 320 -329  3
3823500 2818500  3  4  7   5.6 1010 239  2.4 8  4.9  87    0    0 327 -330  3
3823500 2818500  3  4  8   5.6 1010 238  2.3 8  5.0  88    0   10 327 -331  3
3823500 2818500  3  4  9   5.8 1011 234  2.6 7  5.1  88    0   59 322 -333  3
3823500 2818500  3  4 10   6.2 1011 225  2.6 8  5.2  88    0   82 323 -338  3
3823500 2818500  3  4 11   6.5 1012 229  2.5 8  5.3  88    0   99 330 -346  3
3823500 2818500  3  4 12   7.3 1011 237  2.8 7  5.4  87   22  160 325 -355  3
3823500 2818500  3  4 13   8.1 1011 233  2.6 7  5.5  84   45  160 321 -362  3
3823500 2818500  3  4 14   8.7 1011 238  2.2 7  5.6  82    4  145 322 -367  3
3823500 2818500  3  4 15   8.7 1010 231  2.3 7  5.6  80    0  111 323 -369  3
3823500 2818500  3  4 16   8.7 1010 225  2.4 7  5.5  79    0   80 323 -367  3
3823500 2818500  3  4 17   8.6 1009 240  1.7 8  5.5  79    0   36 329 -363  3
3823500 2818500  3  4 18   8.4 1009 223  1.6 7  5.4  78    0   18 328 -359  3
3823500 2818500  3  4 19   8.1 1009 214  1.5 8  5.4  79    0    0 325 -355  3
3823500 2818500  3  4 20   7.9 1009 217  1.4 8  5.4  80    0    0 325 -351  3
3823500 2818500  3  4 21   7.8 1009 244  1.8 8  5.3  80    0    0 322 -349  3
3823500 2818500  3  4 22   7.8 1009 241  1.6 7  5.2  79    0    0 315 -348  3
3823500 2818500  3  4 23   7.6 1008 268  1.3 7  5.1  78    0    0 309 -347  3
3823500 2818500  3  4 24   7.3 1008 201  1.3 7  5.1  78    0    0 308 -345  3
3823500 2818500  3  5  1   6.6 1007 203  0.9 7  5.0  81    0    0 307 -343  3
3823500 2818500  3  5  2   6.6 1007 220  1.2 8  5.1  83    0    0 309 -342  3
3823500 2818500  3  5  3   6.4 1006 208  1.0 8  5.1  83    0    0 311 -342  3
3823500 2818500  3  5  4   6.3 1006 285  0.4 8  5.0  84    0    0 309 -340  3
3823500 2818500  3  5  5   5.8 1006 251  0.8 8  5.0  85    0    0 306 -340  3
3823500 2818500  3  5  6   5.5 1005 167  1.0 8  5.0  87    0    0 304 -340  3
3823500 2818500  3  5  7   5.5 1004 168  0.6 8  5.0  88    0    0 302 -340  3
3823500 2818500  3  5  8   5.8 1004 190  0.7 8  4.9  86    0    9 303 -339  3
3823500 2818500  3  5  9   6.1 1004 233  0.3 7  5.0  85    0   58 299 -341  3
3823500 2818500  3  5 10   6.4 1004 217  0.9 7  5.1  86    0   89 295 -346  3
3823500 2818500  3  5 11   6.9 1005 220  1.1 8  5.2  84    0   75 299 -354  3
3823500 2818500  3  5 12   7.3 1005 230  1.8 8  5.2  82    0   85 304 -363  3
3823500 2818500  3  5 13   7.9 1005 258  1.8 8  5.2  79    0   95 307 -369  3
3823500 2818500  3  5 14   8.2 1005 258  2.4 8  5.0  74    0  109 309 -371  3
3823500 2818500  3  5 15   8.3 1004 291  2.7 7  4.8  70    0  119 307 -370  3
3823500 2818500  3  5 16   8.2 1003 271  2.7 8  4.7  68    0   68 309 -368  3
3823500 2818500  3  5 17   8.4 1003 248  1.8 7  4.6  68    1   72 310 -365  3
3823500 2818500  3  5 18   7.7 1004 236  1.7 6  4.6  68   11   46 299 -360  3
3823500 2818500  3  5 19   7.2 1004 220  1.4 7  4.5  70    0    4 296 -355  3
3823500 2818500  3  5 20   7.1 1004 226  1.6 8  4.6  72    0    0 302 -351  3
3823500 2818500  3  5 21   6.7 1004 224  1.7 8  4.7  75    0    0 301 -349  3
3823500 2818500  3  5 22   6.5 1004 227  1.6 7  4.7  76    0    0 293 -347  3
3823500 2818500  3  5 23   6.4 1004 230  2.0 7  4.7  77    0    0 286 -343  3
3823500 2818500  3  5 24   5.7 1004 227  2.2 6  4.6  79    0    0 282 -338  3
3823500 2818500  3  6  1   4.8 1003 233  2.2 5  4.5  81    0    0 272 -333  3
3823500 2818500  3  6  2   5.0 1002 221  2.2 3  4.5  84    0    0 260 -332  3
3823500 2818500  3  6  3   4.9 1002 225  2.3 4  4.6  85    0    0 256 -333  3
3823500 2818500  3  6  4   4.9 1001 226  2.7 5  4.6  84    0    0 265 -335  3
3823500 2818500  3  6  5   5.0 1000 228  3.8 5  4.5  83    0    0 271 -336  3
3823500 2818500  3  6  6   4.9  999 221  3.1 7  4.5  82    0    0 282 -332  3
3823500 2818500  3  6  7   5.1  998 220  3.3 7  4.5  82    0    0 293 -329  3
3823500 2818500  3  6  8   5.3  998 220  3.6 8  4.5  81    0    7 299 -329  3
3823500 2818500  3  6  9   5.9  997 232  4.6 7  4.5  79    0   41 301 -331  3
3823500 2818500  3  6 10   6.4  997 222  5.6 7  4.5  76    0   93 299 -337  3
3823500 2818500  3  6 11   6.8  996 236  5.9 7  4.5  73    0  137 302 -343  3
3823500 2818500  3  6 12   7.0  996 235  5.6 7  4.6  74    0  115 304 -349  3
3823500 2818500  3  6 13   6.8  995 241  5.2 8  4.8  76    0   80 313 -353  3
3823500 2818500  3  6 14   7.1  995 239  5.8 7  4.9  78    0  109 315 -354  3
3823500 2818500  3  6 15   6.5  994 241  4.8 7  5.2  84    0   81 312 -353  3
3823500 2818500  3  6 16   6.7  994 241  4.8 7  5.6  91    0   61 316 -353  3
3823500 2818500  3  6 17   7.3  994 237  5.2 7  5.8  91    0   54 318 -353  3
3823500 2818500  3  6 18   7.7  994 243  5.0 8  6.0  91    0   20 328 -354  3
3823500 2818500  3  6 19   8.3  994 238  4.5 8  6.1  89    0    1 337 -354  3
3823500 2818500  3  6 20   8.5  994 238  5.0 8  6.1  88    0    0 340 -354  3
3823500 2818500  3  6 21   8.6  994 245  5.6 8  6.2  88    0    0 343 -355  3
3823500 2818500  3  6 22   8.9  994 244  5.3 8  6.3  88    0    0 345 -355  3
3823500 2818500  3  6 23   9.3  994 247  5.7 8  6.4  87    0    0 349 -356  3
3823500 2818500  3  6 24   9.7  994 246  6.2 8  6.5  86    0    0 351 -357  3
3823500 2818500  3  7  1  10.0  993 244  6.4 8  6.5  84    0    0 353 -358  3
3823500 2818500  3  7  2  10.2  993 244  5.9 8  6.5  83    0    0 354 -359  3
3823500 2818500  3  7  3  10.4  993 244  6.1 8  6.5  81    0    0 354 -360  3
3823500 2818500  3  7  4  10.5  992 246  6.8 8  6.4  80    0    0 354 -360  3
3823500 2818500  3  7  5  10.5  992 256  8.1 8  6.4  80    0    0 352 -360  3
3823500 2818500  3  7  6  10.8  992 255  8.8 7  6.3  77    0    0 343 -357  3
3823500 2818500  3  7  7   9.9  993 275  7.6 7  6.2  78    0    0 333 -354  3
3823500 2818500  3  7  8   7.4  994 278  7.9 8  5.8  81    0    5 332 -352  3
3823500 2818500  3  7  9   8.0  995 278  5.3 7  5.4  81    4   66 327 -352  3
3823500 2818500  3  7 10   9.3  996 290  6.7 6  5.1  72   66  116 316 -353  3
3823500 2818500  3  7 11   9.4  998 292  6.7 5  4.7  64  130  133 304 -353  3
3823500 2818500  3  7 12  10.0  999 285  7.0 5  4.6  60  128  159 298 -352  3
3823500 2818500  3  7 13  10.0 1000 288  7.6 3  4.4  57  300   84 286 -353  3
3823500 2818500  3  7 14   9.7 1001 293  6.9 5  4.4  58    6  162 287 -354  3
3823500 2818500  3  7 15   9.7 1002 294  6.1 6  4.5  60   16  154 302 -354  3
3823500 2818500  3  7 16   9.5 1003 291  6.6 6  4.5  60   54  115 305 -353  3
3823500 2818500  3  7 17   8.8 1005 285  7.1 4  4.5  62   38   72 296 -351  3
3823500 2818500  3  7 18   8.4 1006 291  5.5 3  4.3  62   38   21 280 -350  3
3823500 2818500  3  7 19   7.4 1007 286  4.0 2  4.2  64    0    2 267 -346  3
3823500 2818500  3  7 20   6.8 1009 278  2.9 0  4.2  67    0    0 251 -341  3
3823500 2818500  3  7 21   6.2 1010 275  2.6 0  4.2  69    0    0 239 -338  3
3823500 2818500  3  7 22   5.4 1011 273  2.0 0  4.2  72    0    0 238 -335  3
3823500 2818500  3  7 23   4.7 1012 264  1.7 0  4.2  77    0    0 236 -332  3
3823500 2818500  3  7 24   4.6 1013 258  1.6 0  4.2  80    0    0 234 -330  3
3823500 2818500  3  8  1   4.4 1014 251  2.0 0  4.2  81    0    0 233 -329  3
3823500 2818500  3  8  2   4.1 1014 252  1.5 0  4.3  83    0    0 231 -327  3
3823500 2818500  3  8  3   4.1 1015 255  1.4 0  4.3  85    0    0 230 -325  3
3823500 2818500  3  8  4   3.3 1015 239  1.6 0  4.3  87    0    0 229 -323  3
3823500 2818500  3  8  5   2.9 1016 238  1.5 0  4.2  89    0    0 226 -321  3
3823500 2818500  3  8  6   2.2 1016 238  1.4 0  4.1  90    0    0 224 -320  3
3823500 2818500  3  8  7   2.3 1016 221  1.7 2  4.1  92    0    0 232 -319  3
3823500 2818500  3  8  8   2.9 1017 224  1.5 4  4.3  94    0   23 250 -319  3
3823500 2818500  3  8  9   4.9 1017 238  1.6 4  4.6  92   54  100 262 -320  3
3823500 2818500  3  8 10   6.8 1018 244  2.2 4  4.9  85  151  150 265 -327  3
3823500 2818500  3  8 11   8.9 1018 241  3.4 5  5.1  77  187  204 272 -339  3
3823500 2818500  3  8 12  10.2 1018 234  4.1 5  5.1  69  210  237 278 -350  3
3823500 2818500  3  8 13  10.8 1017 232  3.9 5  4.9  63  193  258 278 -358  3
3823500 2818500  3  8 14  11.3 1017 244  4.0 6  4.8  58  108  261 283 -363  3
3823500 2818500  3  8 15  11.3 1016 241  4.1 6  4.6  56   67  221 290 -365  3
3823500 2818500  3  8 16  11.3 1015 241  3.4 6  4.6  56  114  170 291 -365  3
3823500 2818500  3  8 17  11.4 1014 231  2.3 6  4.6  56   29  105 291 -361  3
3823500 2818500  3  8 18  10.7 1013 231  1.8 7  4.5  56    7   36 294 -356  3
3823500 2818500  3  8 19   8.6 1013 204  0.8 6  4.5  60    0    4 289 -351  3
3823500 2818500  3  8 20   8.0 1012 195  0.8 5  4.4  65    0    0 278 -347  3
3823500 2818500  3  8 21   8.1 1012 193  0.8 4  4.5  67    0    0 269 -346  3
3823500 2818500  3  8 22   8.2 1011 193  0.7 4  4.5  66    0    0 271 -345  3
3823500 2818500  3  8 23   8.5 1010 199  1.6 4  4.5  66    0    0 281 -345  3
3823500 2818500  3  8 24   8.2 1009 196  1.3 4  4.5  66    0    0 288 -344  3
3823500 2818500  3  9  1   8.3 1008 204  2.1 6  4.6  67    0    0 297 -345  3
3823500 2818500  3  9  2   8.1 1007 204  2.5 7  4.7  68    0    0 307 -345  3
3823500 2818500  3  9  3   7.9 1006 207  2.2 7  4.7  71    0    0 312 -346  3
3823500 2818500  3  9  4   8.2 1005 213  2.1 7  4.9  72    0    0 315 -346  3
3823500 2818500  3  9  5   9.0 1004 226  3.6 7  5.0  72    0    0 319 -346  3
3823500 2818500  3  9  6   8.8 1004 238  3.8 7  5.1  72    0    0 322 -347  3
3823500 2818500  3  9  7   8.7 1003 246  3.8 8  5.3  74    0    0 326 -348  3
3823500 2818500  3  9  8   8.3 1003 242  3.5 8  5.4  78    0    5 331 -349  3
3823500 2818500  3  9  9   7.6 1003 243  3.5 8  5.7  84    0   18 332 -351  3
3823500 2818500  3  9 10   7.7 1003 253  2.9 8  5.8  88    0   48 333 -353  3
3823500 2818500  3  9 11   8.6 1003 253  2.5 7  5.5  80    0  107 331 -356  3
3823500 2818500  3  9 12   9.4 1003 234  1.6 6  5.2  72   51  188 322 -360  3
3823500 2818500  3  9 13   9.5 1002 244  2.3 6  5.2  70   51  198 317 -365  3
3823500 2818500  3  9 14   9.0 1002 238  2.8 7  5.4  73    0  102 322 -370  3
3823500 2818500  3  9 15   9.5 1001 243  2.1 7  5.6  77    0  106 324 -370  3
3823500 2818500  3  9 16   9.2 1000 203  3.2 6  5.8  78    2  107 316 -367  3
3823500 2818500  3  9 17   9.4  999 221  4.1 3  5.9  80  114   51 297 -364  3
3823500 2818500  3  9 18   9.2  998 219  3.5 4  5.8  79   50   32 288 -360  3
3823500 2818500  3  9 19   7.6  997 242  3.4 6  5.4  77    3    5 298 -356  3
3823500 2818500  3  9 20   4.9  997 253  6.0 8  4.6  77    0    0 309 -350  3
3823500 2818500  3  9 21   6.3  997 229  5.9 5  4.3  75    0    0 303 -348  3
3823500 2818500  3  9 22   6.5  997 249 10.3 5  4.1  67    0    0 290 -346  3
3823500 2818500  3  9 23   6.1  997 250 10.2 6  3.9  65    0    0 295 -343  3
3823500 2818500  3  9 24   4.4  997 260 10.5 7  4.2  74    0    0 303 -338  3
3823500 2818500  3 10  1   4.5  999 269  9.4 7  4.4  83    0    0 307 -333  3
3823500 2818500  3 10  2   3.3 1001 268  7.8 7  4.3  85    0    0 302 -330  3
3823500 2818500  3 10  3   2.9 1003 282  3.9 6  4.3  89    0    0 290 -326  3
3823500 2818500  3 10  4   3.5 1004 259  4.1 4  4.3  89    0    0 272 -324  3
3823500 2818500  3 10  5   3.2 1005 247  3.3 3  4.2  86    0    0 258 -322  3
3823500 2818500  3 10  6   3.0 1006 244  3.0 4  4.0  84    0    0 256 -321  3
3823500 2818500  3 10  7   2.6 1006 235  2.9 2  3.9  84    0    0 249 -320  3
3823500 2818500  3 10  8   3.1 1007 241  3.4 2  4.0  84    4   34 240 -319  3
3823500 2818500  3 10  9   4.5 1007 238  3.7 2  4.1  82   67  101 241 -320  3
3823500 2818500  3 10 10   5.7 1008 242  4.0 2  4.2  76  158  149 242 -326  3
3823500 2818500  3 10 11   6.7 1008 238  5.4 3  4.2  71  225  191 245 -335  3
3823500 2818500  3 10 12   7.7 1009 235  5.2 4  4.1  64  291  206 251 -345  3
3823500 2818500  3 10 13   8.9 1009 238  5.3 3  3.8  56  328  207 254 -353  3
3823500 2818500  3 10 14   9.5 1008 213  5.5 2  3.6  49  303  210 251 -358  3
3823500 2818500  3 10 15  10.1 1007 211  5.5 2  3.6  47  288  175 252 -360  3
3823500 2818500  3 10 16  10.4 1007 202  5.2 2  3.6  46  227  137 253 -359  3
3823500 2818500  3 10 17  10.6 1006 210  4.8 1  3.6  45  132   98 250 -355  3
3823500 2818500  3 10 18   9.9 1005 203  3.2 1  3.6  46   40   47 247 -350  3
3823500 2818500  3 10 19   9.1 1004 196  3.0 0  3.6  49    1    7 242 -343  3
3823500 2818500  3 10 20   8.7 1005 200  2.3 0  3.7  52    0    0 238 -339  3
3823500 2818500  3 10 21   8.1 1005 203  2.0 1  3.7  54    0    0 239 -336  3
3823500 2818500  3 10 22   7.6 1005 202  2.6 1  3.8  56    0    0 241 -335  3
3823500 2818500  3 10 23   7.7 1005 207  3.0 1  3.8  58    0    0 241 -333  3
3823500 2818500  3 10 24   7.9 1006 201  3.2 1  3.8  58    0    0 240 -332  3
3823500 2818500  3 11  1   7.9 1005 204  2.9 1  3.8  56    0    0 238 -331  3
3823500 2818500  3 11  2   7.3 1005 206  2.3 1  3.7  56    0    0 235 -330  3
3823500 2818500  3 11  3   7.0 1005 194  2.1 1  3.6  57    0    0 233 -330  3
3823500 2818500  3 11  4   6.9 1005 196  2.0 1  3.6  57    0    0 234 -330  3
3823500 2818500  3 11  5   6.0 1005 194  1.7 3  3.6  59    0    0 243 -330  3
3823500 2818500  3 11  6   6.5 1005 195  1.6 4  3.6  61    0    0 255 -330  3
3823500 2818500  3 11  7   6.1 1005 202  1.8 7  3.7  62    0    0 269 -329  3
3823500 2818500  3 11  8   6.6 1006 199  1.7 7  3.8  64    0   27 279 -329  3
3823500 2818500  3 11  9   8.0 1006 214  1.8 6  4.0  63   29  108 279 -332  3
3823500 2818500  3 11 10   9.3 1006 219  3.9 6  4.2  60   94  174 279 -339  3
3823500 2818500  3 11 11  10.5 1007 217  4.7 6  4.4  58  217  197 282 -349  3
3823500 2818500  3 11 12  11.9 1006 216  4.4 5  4.6  56  337  190 282 -359  3
3823500 2818500  3 11 13  13.1 1006 215  4.1 5  4.7  51  351  203 282 -368  3
3823500 2818500  3 11 14  13.8 1006 204  3.7 5  4.5  47  336  200 283 -374  3
3823500 2818500  3 11 15  14.4 1005 211  3.5 4  4.3  43  309  172 280 -377  3
3823500 2818500  3 11 16  14.7 1005 220  3.5 4  4.0  38  236  143 276 -377  3
3823500 2818500  3 11 17  14.4 1005 225  2.9 6  3.8  36  128  105 280 -373  3
3823500 2818500  3 11 18  12.9 1005 224  1.2 7  3.8  39   38   50 285 -366  3
3823500 2818500  3 11 19   9.7 1005 231  0.2 6  3.7  45    1    8 279 -358  3
3823500 2818500  3 11 20   7.4 1005 117  0.2 6  3.7  53    0    0 268 -351  3
3823500 2818500  3 11 21   5.7 1006 157  0.2 5  3.7  61    0    0 260 -347  3
3823500 2818500  3 11 22   5.2 1006 178  0.4 1  3.7  66    0    0 244 -344  3
3823500 2818500  3 11 23   5.0 1006 192  0.9 1  3.8  70    0    0 231 -342  3
3823500 2818500  3 11 24   3.9 1006 203  0.4 3  3.8  73    0    0 237 -340  3
3823500 2818500  3 12  1   4.1 1007 195  0.4 3  3.8  76    0    0 244 -339  3
3823500 2818500  3 12  2   3.7 1007 202  0.7 4  3.9  78    0    0 249 -338  3
3823500 2818500  3 12  3   5.1 1007 204  0.6 6  4.1  78    0    0 263 -337  3
3823500 2818500  3 12  4   4.5 1007 202  0.6 7  4.2  78    0    0 275 -337  3
3823500 2818500  3 12  5   5.0 1007 197  0.9 7  4.2  79    0    0 280 -336  3
3823500 2818500  3 12  6   5.3 1007 181  1.0 7  4.3  78    0    0 284 -335  3
3823500 2818500  3 12  7   5.1 1007 164  0.8 7  4.3  78    0    0 286 -335  3
3823500 2818500  3 12  8   5.8 1007 181  0.8 7  4.3  77    0   29 288 -334  3
3823500 2818500  3 12  9   7.4 1007  31  0.7 8  4.7  76    0   61 294 -339  3
3823500 2818500  3 12 10   9.0 1008 160  1.0 8  4.9  72    0   88 301 -349  3
3823500 2818500  3 12 11   9.3 1008 132  1.4 8  5.0  68    0  110 303 -362  3
3823500 2818500  3 12 12  10.8 1008 113  0.9 8  5.1  66    0  107 307 -375  3
3823500 2818500  3 12 13  10.4 1007 179  1.0 8  5.3  67    0   82 312 -385  3
3823500 2818500  3 12 14   9.6 1007 146  1.1 8  5.6  72    0   78 313 -390  3
3823500 2818500  3 12 15   9.5 1007 104  1.7 8  5.8  78    0  119 315 -389  3
3823500 2818500  3 12 16   9.9 1006  84  1.7 8  6.2  82   10  124 319 -384  3
3823500 2818500  3 12 17   9.7 1006  66  1.6 7  6.3  83   32   83 319 -378  3
3823500 2818500  3 12 18   9.3 1005  49  1.2 7  6.1  82    8   32 316 -373  3
3823500 2818500  3 12 19   8.9 1005  46  1.1 7  6.0  83    0    4 317 -367  3
3823500 2818500  3 12 20   8.8 1005  61  1.2 8  5.9  83    0    0 323 -362  3
3823500 2818500  3 12 21   8.5 1006 338  0.6 8  5.9  84    0    0 329 -359  3
3823500 2818500  3 12 22   8.2 1006   2  1.4 8  6.0  87    0    0 330 -358  3
3823500 2818500  3 12 23   8.1 1006  11  1.4 8  6.0  89    0    0 330 -356  3
3823500 2818500  3 12 24   7.9 1006  39  1.8 8  6.1  90    0    0 332 -355  3
3823500 2818500  3 13  1   7.8 1006  34  0.7 8  6.1  92    0    0 333 -354  3
3823500 2818500  3 13  2   7.6 1005  27  0.3 8  6.1  92    0    0 334 -353  3
3823500 2818500  3 13  3   7.5 1005 351  0.7 8  6.1  93    0    0 334 -353  3
3823500 2818500  3 13  4   7.5 1005  10  0.9 8  6.1  93    0    0 335 -352  3
3823500 2818500  3 13  5   7.5 1005   6  1.2 8  6.1  93    0    0 334 -350  3
3823500 2818500  3 13  6   7.2 1005   6  1.5 7  6.0  93    0    0 328 -348  3
3823500 2818500  3 13  7   6.5 1006  22  1.8 8  5.7  92    0    0 325 -347  3
3823500 2818500  3 13  8   5.9 1006  20  2.3 8  5.5  92    0   14 326 -345  3
3823500 2818500  3 13  9   5.1 1006  15  2.0 7  5.1  90    0   70 317 -344  3
3823500 2818500  3 13 10   5.1 1007  17  3.2 8  4.8  88    0   58 315 -344  3
3823500 2818500  3 13 11   5.2 1007  24  2.7 7  4.9  88    0   66 314 -346  3
3823500 2818500  3 13 12   5.2 1008  25  2.7 8  4.8  88    0   61 312 -347  3
3823500 2818500  3 13 13   5.4 1008  18  3.1 8  4.7  85    0   58 315 -349  3
3823500 2818500  3 13 14   5.6 1008  30  2.7 7  4.7  83    0   61 310 -352  3
3823500 2818500  3 13 15   5.5 1008  19  2.5 7  4.7  82    0   65 304 -353  3
3823500 2818500  3 13 16   4.9 1008  19  3.3 7  4.7  84    0   51 302 -352  3
3823500 2818500  3 13 17   4.2 1009  26  3.2 8  4.5  86    0   49 303 -351  3
3823500 2818500  3 13 18   3.5 1009  25  2.3 8  4.3  86    0   36 304 -348  3
3823500 2818500  3 13 19   3.1 1009  23  2.6 8  4.2  88    0    4 302 -345  3
3823500 2818500  3 13 20   3.1 1010  45  2.0 8  4.2  88    0    0 301 -341  3
3823500 2818500  3 13 21   3.0 1010  36  1.6 8  4.1  87    0    0 301 -337  3
3823500 2818500  3 13 22   2.6 1010  43  1.3 8  4.1  87    0    0 300 -333  3
3823500 2818500  3 13 23   1.4 1010 353  0.9 6  3.9  90    0    0 287 -331  3
3823500 2818500  3 13 24   0.3 1010 347  0.2 2  3.7  91    0    0 254 -329  3
3823500 2818500  3 14  1  -0.6 1010 342  0.1 0  3.4  91    0    0 220 -326  3
3823500 2818500  3 14  2  -1.0 1010 338  0.1 0  3.3  92    0    0 208 -322  3
3823500 2818500  3 14  3  -1.7 1010 241  0.1 0  3.2  92    0    0 206 -320  3
3823500 2818500  3 14  4  -1.8 1009   4  0.2 0  3.1  92    0    0 204 -319  3
3823500 2818500  3 14  5  -2.0 1009  55  0.1 0  3.1  92    0    0 203 -318  3
3823500 2818500  3 14  6  -1.3 1009  41  0.1 2  3.1  93    0    0 213 -316  3
3823500 2818500  3 14  7  -0.9 1008  66  0.1 2  3.3  93    0    0 226 -315  3
3823500 2818500  3 14  8  -0.2 1008  83  0.2 4  3.5  96    4   39 241 -315  3
3823500 2818500  3 14  9   0.6 1008  82  0.2 6  3.8  98   10  107 266 -316  3
3823500 2818500  3 14 10   1.6 1008  72  2.4 6  4.0  96   13  163 280 -318  3
3823500 2818500  3 14 11   2.7 1008  76  2.5 6  4.1  92   31  220 282 -324  3
3823500 2818500  3 14 12   3.4 1008  77  4.1 5  4.1  85  106  273 277 -335  3
3823500 2818500  3 14 13   4.4 1008  78  4.5 5  4.0  78  109  283 273 -344  3
3823500 2818500  3 14 14   5.0 1008  81  3.8 5  3.9  74   69  259 275 -349  3
3823500 2818500  3 14 15   5.3 1007  92  4.4 7  3.9  71    6  179 286 -353  3
3823500 2818500  3 14 16   5.4 1007  90  4.5 7  3.7  67    5  139 294 -352  3
3823500 2818500  3 14 17   5.6 1007  91  4.0 7  3.6  63    9  102 292 -349  3
3823500 2818500  3 14 18   5.6 1006  85  4.5 7  3.6  63    1   40 291 -344  3
3823500 2818500  3 14 19   5.1 1007  85  2.6 8  3.7  67    0    4 295 -338  3
3823500 2818500  3 14 20   4.6 1007  84  2.8 7  3.8  70    0    0 294 -334  3
3823500 2818500  3 14 21   4.2 1007  84  3.0 7  3.7  70    0    0 290 -330  3
3823500 2818500  3 14 22   3.7 1007  80  3.4 7  3.6  71    0    0 290 -326  3
3823500 2818500  3 14 23   3.3 1007  84  4.0 8  3.5  72    0    0 297 -323  3
3823500 2818500  3 14 24   3.0 1007  84  3.4 7  3.5  73    0    0 298 -321  3
3823500 2818500  3 15  1   2.6 1007  82  3.2 7  3.5  75    0    0 292 -320  3
3823500 2818500  3 15  2   2.1 1007  82  3.0 6  3.5  77    0    0 286 -319  3
3823500 2818500  3 15  3   0.8 1007  83  3.6 7  3.6  84    0    0 283 -319  3
3823500 2818500  3 15  4   0.9 1007  82  2.8 8  3.6  90    0    0 292 -317  3
3823500 2818500  3 15  5   0.9 1007  87  3.2 8  3.7  91    0    0 297 -315  3
3823500 2818500  3 15  6   0.8 1007  85  2.7 7  3.7  92    0    0 290 -314  3
3823500 2818500  3 15  7   1.1 1007  84  3.4 8  3.7  90    0    0 289 -314  3
3823500 2818500  3 15  8   1.3 1007  88  3.6 8  3.7  88    2   41 293 -314  3
3823500 2818500  3 15  9   1.4 1007  85  3.7 7  3.6  86    3  101 289 -315  3
3823500 2818500  3 15 10   1.9 1007  89  3.7 8  3.7  85    2  140 289 -318  3
3823500 2818500  3 15 11   2.6 1007  93  3.2 8  3.7  82    0  158 297 -322  3
3823500 2818500  3 15 12   3.0 1007  97  5.1 7  3.7  79    1  179 293 -328  3
3823500 2818500  3 15 13   3.5 1007  92  2.6 8  3.7  78    0  160 295 -335  3
3823500 2818500  3 15 14   4.2 1006 103  3.8 8  3.8  76    1  174 303 -342  3
3823500 2818500  3 15 15   4.3 1006 103  2.6 7  3.9  76    2  171 299 -345  3
3823500 2818500  3 15 16   5.3 1006 110  2.0 6  4.0  74   27  201 290 -345  3
3823500 2818500  3 15 17   5.7 1005 104  2.1 6  4.1  72   57  156 286 -343  3
3823500 2818500  3 15 18   5.4 1005 107  2.2 6  4.1  72   24   72 286 -338  3
3823500 2818500  3 15 19   5.1 1005 110  1.8 6  4.1  74    0    4 285 -332  3
3823500 2818500  3 15 20   4.7 1006 111  1.6 7  4.2  77    0    0 288 -326  3
3823500 2818500  3 15 21   4.3 1006 108  1.4 6  4.2  79    0    0 287 -323  3
3823500 2818500  3 15 22   4.2 1006 106  1.1 5  4.2  81    0    0 278 -322  3
3823500 2818500  3 15 23   4.2 1006 106  1.2 5  4.2  82    0    0 273 -322  3
3823500 2818500  3 15 24   3.8 1007 112  1.4 6  4.2  83    0    0 278 -323  3
3823500 2818500  3 16  1   3.7 1007 113  1.7 5  4.3  86    0    0 278 -323  3
3823500 2818500  3 16  2   4.4 1007 116  1.4 5  4.4  86    0    0 274 -323  3
3823500 2818500  3 16  3   4.7 1007 120  1.6 7  4.5  86    0    0 287 -322  3
3823500 2818500  3 16  4   4.5 1007 120  1.6 7  4.6  88    0    0 298 -322  3
3823500 2818500  3 16  5   3.9 1007 120  1.3 5  4.6  88    0    0 286 -322  3
3823500 2818500  3 16  6   3.6 1006 122  1.3 3  4.5  90    0    0 260 -321  3
3823500 2818500  3 16  7   3.3 1007 129  1.0 2  4.4  90    0    0 242 -320  3
3823500 2818500  3 16  8   3.8 1007 125  1.2 3  4.4  90   20   49 242 -320  3
3823500 2818500  3 16  9   5.7 1007 125  1.2 3  4.7  87  106  106 251 -323  3
3823500 2818500  3 16 10   7.7 1008 116  1.6 2  5.0  81  220  142 252 -330  3
3823500 2818500  3 16 11   9.8 1008 134  1.6 2  5.3  76  326  160 253 -340  3
3823500 2818500  3 16 12  11.6 1008 142  1.5 2  5.8  72  403  166 260 -349  3
3823500 2818500  3 16 13  13.0 1007 134  1.6 2  6.1  68  432  169 265 -357  3
3823500 2818500  3 16 14  14.2 1007 134  1.4 4  6.2  64  225  244 278 -364  3
3823500 2818500  3 16 15  15.1 1006 124  1.4 3  6.3  61  220  210 284 -367  3
3823500 2818500  3 16 16  15.3 1006 140  1.1 2  6.4  59  252  134 280 -369  3
3823500 2818500  3 16 17  14.6 1006 112  0.6 3  6.3  59  145  103 280 -367  3
3823500 2818500  3 16 18  13.7 1005 108  0.1 4  6.2  61   52   54 285 -362  3
3823500 2818500  3 16 19  10.8 1005  89  0.2 4  6.0  66    4   10 283 -355  3
3823500 2818500  3 16 20  10.4 1006  93  0.1 4  5.9  73    0    0 278 -349  3
3823500 2818500  3 16 21   9.6 1006  95  0.1 3  5.9  77    0    0 274 -344  3
3823500 2818500  3 16 22   8.2 1006 104  0.3 1  5.7  80    0    0 262 -341  3
3823500 2818500  3 16 23   7.6 1006 111  0.6 1  5.6  83    0    0 252 -339  3
3823500 2818500  3 16 24   7.6 1006 113  0.8 1  5.5  84    0    0 249 -338  3
3823500 2818500  3 17  1   6.6 1005 111  0.5 2  5.4  86    0    0 249 -338  3
3823500 2818500  3 17  2   5.9 1005 112  0.4 3  5.2  87    0    0 253 -339  3
3823500 2818500  3 17  3   5.9 1005 126  1.0 2  5.1  88    0    0 251 -341  3
3823500 2818500  3 17  4   5.7 1004 112  1.2 3  5.1  88    0    0 252 -343  3
3823500 2818500  3 17  5   5.4 1004 130  1.2 2  5.1  89    0    0 253 -344  3
3823500 2818500  3 17  6   5.2 1004 104  1.6 4  5.0  89    0    0 258 -346  3
3823500 2818500  3 17  7   5.0 1003 133  1.5 5  5.0  90    0    0 274 -347  3
3823500 2818500  3 17  8   5.7 1003 129  1.9 6  5.1  90    2   45 286 -348  3
3823500 2818500  3 17  9   7.4 1003 127  2.1 6  5.3  86   10  117 297 -351  3
3823500 2818500  3 17 10   9.6 1003 156  2.9 6  5.6  80   62  204 305 -354  3
3823500 2818500  3 17 11  12.3 1002 157  3.2 5  5.9  72  159  259 307 -363  3
3823500 2818500  3 17 12  14.2 1002 198  3.7 5  6.2  65  224  287 309 -374  3
3823500 2818500  3 17 13  15.9 1001 192  3.6 5  6.4  60  228  297 315 -382  3
3823500 2818500  3 17 14  16.9 1001 209  3.9 6  6.5  55  188  294 326 -390  3
3823500 2818500  3 17 15  17.4 1000 209  4.0 6  6.3  51   97  262 332 -394  3
3823500 2818500  3 17 16  17.0 1000 209  3.8 5  6.1  49   66  206 326 -391  3
3823500 2818500  3 17 17  15.7  999 217  3.3 6  6.1  52    4  100 322 -384  3
3823500 2818500  3 17 18  14.8  999 232  1.6 7  6.4  58    0   29 331 -377  3
3823500 2818500  3 17 19  12.7 1000 237  3.2 8  6.8  68    0    4 337 -368  3
3823500 2818500  3 17 20  11.6 1000 242  3.0 8  7.2  80    0    0 338 -359  3
3823500 2818500  3 17 21  11.0 1000 198  1.2 7  7.2  85    0    0 329 -354  3
3823500 2818500  3 17 22  10.7 1000 190  0.8 8  7.1  87    0    0 328 -352  3
3823500 2818500  3 17 23  10.4 1000 191  0.9 8  7.1  89    0    0 334 -352  3
3823500 2818500  3 17 24  10.6 1000 170  0.2 8  7.2  90    0    0 333 -351  3
3823500 2818500  3 18  1  10.3 1000 156  0.4 7  7.2  90    0    0 327 -350  3
3823500 2818500  3 18  2  10.2 1000 152  1.2 6  7.1  90    0    0 318 -348  3
3823500 2818500  3 18  3   9.6 1000 166  0.9 4  6.9  90    0    0 300 -348  3
3823500 2818500  3 18  4   9.5  999 179  0.7 3  6.8  90    0    0 283 -349  3
3823500 2818500  3 18  5   8.8  999 180  0.6 2  6.6  90    0    0 271 -350  3
3823500 2818500  3 18  6   8.1  999 183  0.7 2  6.3  90    0    0 264 -350  3
3823500 2818500  3 18  7   7.5  998 190  1.3 3  6.0  90    0    0 268 -353  3
3823500 2818500  3 18  8   8.6  998 167  1.8 3  6.2  91   22   58 277 -357  3
3823500 2818500  3 18  9  10.7  997 180  2.6 3  6.6  87   91  135 284 -360  3
3823500 2818500  3 18 10  13.3  997 174  3.4 3  6.8  77  197  190 291 -363  3
3823500 2818500  3 18 11  14.9  996 183  3.7 5  6.9  68   62  254 308 -369  3
3823500 2818500  3 18 12  14.7  996 197  3.4 8  6.7  63    0  139 338 -375  3
3823500 2818500  3 18 13  12.7  995 221  4.7 7  6.6  67    5  215 346 -378  3
3823500 2818500  3 18 14  13.9  994 197  4.8 6  6.6  68   40  261 334 -379  3
3823500 2818500  3 18 15  14.9  994 208  5.2 6  6.5  62   41  235 331 -383  3
3823500 2818500  3 18 16  14.9  993 191  5.2 6  6.0  56   31  185 329 -384  3
3823500 2818500  3 18 17  14.5  992 188  4.8 7  5.7  54    8  113 330 -380  3
3823500 2818500  3 18 18  13.1  990 184  4.8 8  5.8  58    0   25 336 -374  3
3823500 2818500  3 18 19  11.2  989 186  4.1 8  6.3  70    0    5 337 -367  3
3823500 2818500  3 18 20  10.5  989 179  6.1 8  6.9  83    0    0 336 -363  3
3823500 2818500  3 18 21  10.0  988 192  4.6 7  6.7  84    0    0 330 -362  3
3823500 2818500  3 18 22   9.8  987 209  2.6 4  6.3  81    0    0 312 -363  3
3823500 2818500  3 18 23   9.5  987 211  3.8 2  6.1  80    0    0 292 -364  3
3823500 2818500  3 18 24   9.3  986 202  2.8 2  6.1  81    0    0 287 -365  3
3823500 2818500  3 19  1  10.1  985 227  5.3 4  6.0  77    0    0 300 -366  3
3823500 2818500  3 19  2  10.1  985 227  5.6 7  5.6  71    0    0 324 -366  3
3823500 2818500  3 19  3   8.9  984 234  7.7 8  5.6  73    0    0 340 -366  3
3823500 2818500  3 19  4   7.9  984 247  7.2 8  5.8  82    0    0 342 -361  3
3823500 2818500  3 19  5   8.1  984 243  7.0 8  5.9  85    0    0 342 -358  3
3823500 2818500  3 19  6   7.7  984 247  7.0 8  5.6  82    0    0 342 -357  3
3823500 2818500  3 19  7   7.1  985 258  7.6 8  5.6  84    0    0 343 -356  3
3823500 2818500  3 19  8   7.2  986 269  7.4 8  5.7  87    0   24 343 -355  3
3823500 2818500  3 19  9   7.5  987 274  7.4 7  5.6  85    3  107 339 -355  3
3823500 2818500  3 19 10   7.9  988 271  5.9 6  5.5  81   10  175 327 -356  3
3823500 2818500  3 19 11   8.0  990 270  6.8 6  5.3  78   13  212 320 -361  3
3823500 2818500  3 19 12   8.7  990 279  5.1 6  5.2  75   37  264 319 -368  3
3823500 2818500  3 19 13  10.1  991 273  5.6 5  5.3  71   93  301 315 -374  3
3823500 2818500  3 19 14  10.6  992 285  4.9 6  5.3  66    3  187 316 -378  3
3823500 2818500  3 19 15  10.8  992 269  4.2 7  5.1  63    0  146 328 -378  3
3823500 2818500  3 19 16  10.7  993 287  4.2 4  5.1  63   44  195 315 -376  3
3823500 2818500  3 19 17  10.8  994 289  3.7 3  5.1  63   92  138 288 -373  3
3823500 2818500  3 19 18  10.1  995 285  2.4 4  5.2  64   54   73 285 -367  3
3823500 2818500  3 19 19   8.8  996 272  1.8 3  5.1  68    6   14 280 -360  3
3823500 2818500  3 19 20   8.1  997 269  2.0 5  5.1  73    0    0 281 -355  3
3823500 2818500  3 19 21   7.2  998 258  1.9 6  5.2  78    0    0 301 -353  3
3823500 2818500  3 19 22   7.4  999 253  1.7 7  5.3  82    0    0 315 -352  3
3823500 2818500  3 19 23   7.6  999 217  1.6 8  5.5  84    0    0 331 -352  3
3823500 2818500  3 19 24   7.4  999 215  1.8 8  5.5  85    0    0 340 -354  3
3823500 2818500  3 20  1   7.7  998 213  1.7 8  5.6  85    0    0 342 -355  3
3823500 2818500  3 20  2   8.0  998 218  1.8 8  5.6  84    0    0 344 -355  3
3823500 2818500  3 20  3   7.8  998 224  2.0 8  5.6  83    0    0 346 -355  3
3823500 2818500  3 20  4   7.3  998 222  1.5 8  5.6  86    0    0 348 -355  3
3823500 2818500  3 20  5   7.1  997 205  1.1 8  5.8  90    0    0 347 -357  3
3823500 2818500  3 20  6   7.2  997 203  1.3 8  5.9  93    0    0 347 -359  3
3823500 2818500  3 20  7   7.3  996 204  0.6 8  6.0  94    0    0 347 -363  3
3823500 2818500  3 20  8   7.6  997 188  0.7 8  6.2  95    0   20 348 -365  3
3823500 2818500  3 20  9   9.5  997 266  2.7 8  6.7  94    0   73 351 -366  3
3823500 2818500  3 20 10  10.6  997 270  4.4 7  7.0  90   10  151 349 -368  3
3823500 2818500  3 20 11  10.8  998 272  4.9 6  6.8  83   25  189 335 -372  3
3823500 2818500  3 20 12  10.8  999 290  3.9 5  6.6  80   58  214 320 -373  3
3823500 2818500  3 20 13  10.0 1001 296  4.4 7  6.4  80    2  184 325 -375  3
3823500 2818500  3 20 14  10.2 1002 287  4.8 8  6.2  80    0  122 342 -379  3
3823500 2818500  3 20 15  10.2 1002 288  3.7 7  6.1  77    0  118 340 -379  3
3823500 2818500  3 20 16   9.9 1003 285  3.8 6  6.0  77    4  124 326 -375  3
3823500 2818500  3 20 17  10.0 1004 284  3.6 6  5.9  77   52   95 320 -373  3
3823500 2818500  3 20 18  10.0 1004 283  2.3 7  5.9  77   18   46 326 -373  3
3823500 2818500  3 20 19   9.7 1005 282  1.0 8  5.9  78    4    7 338 -370  3
3823500 2818500  3 20 20   9.2 1005 273  0.8 8  5.9  79    0    0 344 -366  3
3823500 2818500  3 20 21   8.9 1006 257  0.5 8  5.8  80    0    0 343 -363  3
3823500 2818500  3 20 22   8.6 1006 240  0.3 8  5.8  82    0    0 342 -362  3
3823500 2818500  3 20 23   7.9 1005 230  0.6 8  5.7  84    0    0 340 -361  3
3823500 2818500  3 20 24   7.1 1005 228  1.0 7  5.5  86    0    0 335 -359  3
3823500 2818500  3 21  1   6.2 1010 234  1.5 7  5.3  89    0    0 298 -329  3
3823500 2818500  3 21  2   5.4 1010 237  1.7 7  5.1  90    0    0 290 -330  3
3823500 2818500  3 21  3   4.9 1009 237  1.9 7  4.9  92    0    0 293 -330  3
3823500 2818500  3 21  4   4.9 1008 229  1.8 7  4.9  92    0    0 300 -330  3
3823500 2818500  3 21  5   4.9 1006 226  2.0 7  4.9  91    0    0 303 -330  3
3823500 2818500  3 21  6   4.9 1006 213  2.0 7  4.9  91    0    0 306 -331  3
3823500 2818500  3 21  7   5.0 1005 211  1.9 8  5.0  92    0    0 312 -331  3
3823500 2818500  3 21  8   5.2 1004 215  2.4 8  5.1  92    6   43 319 -332  3
3823500 2818500  3 21  9   5.8 1003 214  3.0 7  5.1  89   15   96 316 -335  3
3823500 2818500  3 21 10   6.2 1002 215  3.4 7  5.1  87    0  125 313 -340  3
3823500 2818500  3 21 11   6.8 1001 206  4.5 7  5.2  86    0  154 317 -345  3
3823500 2818500  3 21 12   7.2 1000 205  4.2 7  5.2  82    0  131 321 -349  3
3823500 2818500  3 21 13   6.8  999 218  3.9 7  5.1  81    0  108 324 -350  3
3823500 2818500  3 21 14   6.7  998 208  4.1 7  5.1  82    0   85 325 -350  3
3823500 2818500  3 21 15   6.5  997 230  5.1 7  5.1  83    0  106 326 -350  3
3823500 2818500  3 21 16   5.7  996 211  5.0 7  5.1  85    0  105 324 -351  3
3823500 2818500  3 21 17   5.1  995 205  4.2 7  5.1  89    0   62 322 -351  3
3823500 2818500  3 21 18   4.9  994 199  3.6 8  5.1  92    3   41 326 -351  3
3823500 2818500  3 21 19   4.8  993 188  3.4 8  5.0  92    0    1 331 -350  3
3823500 2818500  3 21 20   4.8  993 193  3.2 8  5.1  93    0    0 332 -349  3
3823500 2818500  3 21 21   4.9  992 175  3.2 8  5.1  93    0    0 332 -348  3
3823500 2818500  3 21 22   4.8  991 184  2.5 8  5.1  93    0    0 332 -348  3
3823500 2818500  3 21 23   5.1  990 186  2.4 8  5.1  93    0    0 332 -347  3
3823500 2818500  3 21 24   4.9  990 214  2.5 8  5.1  92    0    0 332 -347  3
3823500 2818500  3 22  1   4.9  990 221  1.8 8  5.1  92    0    0 331 -347  3
3823500 2818500  3 22  2   4.9  990 237  2.2 8  5.1  93    0    0 330 -347  3
3823500 2818500  3 22  3   5.0  990 223  1.5 8  5.2  94    0    0 329 -347  3
3823500 2818500  3 22  4   5.0  990 210  1.3 8  5.2  94    0    0 329 -347  3
3823500 2818500  3 22  5   5.0  990 244  1.3 8  5.2  94    0    0 330 -347  3
3823500 2818500  3 22  6   5.1  990 266  1.5 8  5.2  94    0    0 330 -347  3
3823500 2818500  3 22  7   5.1  990 260  1.9 8  5.2  94    0    0 330 -347  3
3823500 2818500  3 22  8   5.4  991 253  1.8 8  5.3  94    0    8 330 -348  3
3823500 2818500  3 22  9   5.5  991 286  3.5 8  5.4  94    0   31 330 -350  3
3823500 2818500  3 22 10   5.6  992 320  3.3 8  5.4  93    0   63 329 -354  3
3823500 2818500  3 22 11   5.7  993 333  5.3 7  5.4  93    0  107 325 -355  3
3823500 2818500  3 22 12   5.8  993 336  4.5 7  5.3  92    0  140 321 -359  3
3823500 2818500  3 22 13   5.4  994 349  4.6 8  5.2  90    0  153 326 -361  3
3823500 2818500  3 22 14   5.1  995 346  7.6 7  5.0  88    7  202 325 -360  3
3823500 2818500  3 22 15   5.2  996 347  4.8 6  4.7  84   20  203 312 -360  3
3823500 2818500  3 22 16   4.9  997 346  5.6 7  4.4  80    0  113 309 -360  3
3823500 2818500  3 22 17   4.7  998 347  4.2 8  4.2  77    2   93 319 -360  3
3823500 2818500  3 22 18   4.6  999 324  3.0 8  4.0  75    1   47 325 -358  3
3823500 2818500  3 22 19   4.3 1000 308  0.5 7  3.9  74    0    3 318 -355  3
3823500 2818500  3 22 20   4.0 1001 310  1.8 7  3.9  75    0    0 312 -353  3
3823500 2818500  3 22 21   3.9 1001 307  2.4 7  3.8  75    0    0 312 -352  3
3823500 2818500  3 22 22   3.7 1002 270  2.3 7  3.8  75    0    0 311 -350  3
3823500 2818500  3 22 23   3.5 1002 258  2.3 7  3.8  78    0    0 311 -348  3
3823500 2818500  3 22 24   3.6 1002 248  1.9 7  3.9  79    0    0 311 -346  3
3823500 2818500  3 23  1   3.5 1002 243  2.7 8  4.0  81    0    0 318 -344  3
3823500 2818500  3 23  2   3.4 1001 234  2.6 8  4.1  83    0    0 324 -342  3
3823500 2818500  3 23  3   2.6 1001 236  3.6 8  4.1  87    0    0 321 -341  3
3823500 2818500  3 23  4   2.3 1000 211  3.5 8  4.2  92    0    0 316 -339  3
3823500 2818500  3 23  5   2.3  999 202  3.9 8  4.3  94    0    0 313 -336  3
3823500 2818500  3 23  6   2.3  997 205  4.2 8  4.3  94    0    0 311 -330  3
3823500 2818500  3 23  7   2.9  996 216  5.0 7  4.4  95    0    0 304 -326  3
3823500 2818500  3 23  8   4.0  995 232  4.7 8  4.7  94    0   18 307 -326  3
3823500 2818500  3 23  9   4.9  995 247  4.2 8  5.0  95    0   46 319 -330  3
3823500 2818500  3 23 10   6.4  995 266  3.7 7  5.5  94    0   94 317 -336  3
3823500 2818500  3 23 11   7.9  996 283  4.6 7  5.8  90    3  177 318 -343  3
3823500 2818500  3 23 12   8.4  996 297  5.6 6  5.7  82   74  247 315 -349  3
3823500 2818500  3 23 13   9.3  997 300  5.5 6  5.5  76   39  241 312 -354  3
3823500 2818500  3 23 14   8.9  998 296  4.8 7  5.4  74   14  211 320 -355  3
3823500 2818500  3 23 15   8.9  998 308  4.3 7  5.4  75   22  197 328 -353  3
3823500 2818500  3 23 16   9.1  999 302  4.2 7  5.3  73   49  173 330 -352  3
3823500 2818500  3 23 17   9.3  999 310  2.9 6  5.0  68   74  119 326 -352  3
3823500 2818500  3 23 18   8.5 1000 313  2.4 6  4.8  67   58   49 319 -352  3
3823500 2818500  3 23 19   7.0 1000 306  1.5 6  4.8  72    1   11 316 -352  3
3823500 2818500  3 23 20   5.5 1001 272  0.9 5  4.7  79    0    0 307 -352  3
3823500 2818500  3 23 21   5.1 1002 279  0.4 6  4.7  84    0    0 304 -352  3
3823500 2818500  3 23 22   5.7 1002 289  0.4 7  5.0  88    0    0 315 -352  3
3823500 2818500  3 23 23   6.1 1003 222  0.1 7  5.2  90    0    0 322 -353  3
3823500 2818500  3 23 24   6.3 1003 193  0.2 8  5.3  89    0    0 327 -353  3
3823500 2818500  3 24  1   6.9 1003 209  0.7 8  5.4  89    0    0 334 -353  3
3823500 2818500  3 24  2   7.1 1003 192  1.1 8  5.6  90    0    0 335 -354  3
3823500 2818500  3 24  3   8.3 1003 216  1.6 8  6.0  91    0    0 339 -354  3
3823500 2818500  3 24  4   8.6 1003 233  2.4 8  6.5  93    0    0 342 -354  3
3823500 2818500  3 24  5   8.8 1003 239  3.5 8  6.6  94    0    0 343 -354  3
3823500 2818500  3 24  6   8.5 1002 233  4.4 7  6.6  93    0    0 338 -353  3
3823500 2818500  3 24  7   8.2 1003 238  4.2 8  6.4  92    0    0 337 -352  3
3823500 2818500  3 24  8   8.2 1003 237  4.5 7  6.2  91    0   41 336 -351  3
3823500 2818500  3 24  9   8.6 1003 237  4.6 5  6.0  87   29  161 319 -353  3
3823500 2818500  3 24 10   9.0 1003 236  4.5 6  5.8  81   12  197 314 -355  3
3823500 2818500  3 24 11   8.9 1004 234  3.8 7  5.7  79    0  127 324 -357  3
3823500 2818500  3 24 12   9.2 1004 225  4.4 7  5.6  78    0  103 328 -360  3
3823500 2818500  3 24 13   9.4 1004 225  5.1 7  5.5  75    0  151 328 -364  3
3823500 2818500  3 24 14  10.0 1004 232  5.4 7  5.5  73    0  148 327 -366  3
3823500 2818500  3 24 15   9.7 1003 239  5.8 7  5.4  70    0  105 327 -366  3
3823500 2818500  3 24 16   9.6 1003 227  4.5 7  5.2  69    0   91 325 -368  3
3823500 2818500  3 24 17   9.3 1003 232  2.9 7  5.2  70    4  115 322 -367  3
3823500 2818500  3 24 18   9.2 1002 227  3.0 7  5.3  72    2   61 320 -364  3
3823500 2818500  3 24 19   8.9 1002 223  1.8 8  5.2  72    0    5 321 -361  3
3823500 2818500  3 24 20   8.7 1001 214  1.0 7  5.1  72    0    0 317 -358  3
3823500 2818500  3 24 21   7.6 1001 182  0.1 6  5.1  75    0    0 304 -357  3
3823500 2818500  3 24 22   6.3 1001 128  0.3 4  5.0  80    0    0 285 -356  3
3823500 2818500  3 24 23   4.1 1000 134  0.6 2  4.8  86    0    0 261 -355  3
3823500 2818500  3 24 24   4.1 1000 124  0.6 0  4.7  91    0    0 240 -355  3
3823500 2818500  3 25  1   3.6 1000  68  1.7 0  4.6  91    0    0 232 -354  3
3823500 2818500  3 25  2   3.3  999  44  0.9 0  4.4  90    0    0 230 -352  3
3823500 2818500  3 25  3   2.4  999  77  0.9 1  4.3  92    0    0 233 -347  3
3823500 2818500  3 25  4   3.2  998 104  1.3 1  4.3  92    0    0 236 -343  3
3823500 2818500  3 25  5   2.6  997 108  1.4 1  4.3  92    0    0 236 -339  3
3823500 2818500  3 25  6   2.5  996 110  1.2 1  4.4  95    0    0 234 -337  3
3823500 2818500  3 25  7   2.8  995  97  0.4 1  4.4  95    0    2 232 -334  3
3823500 2818500  3 25  8   5.1  995 108  0.3 2  4.8  93   34   74 238 -334  3
3823500 2818500  3 25  9   9.1  995 152  0.6 1  5.5  86  130  137 247 -340  3
3823500 2818500  3 25 10  11.5  994 185  1.4 2  5.9  74  234  180 257 -351  3
3823500 2818500  3 25 11  14.1  994 216  3.8 2  6.0  64  291  224 266 -365  3
3823500 2818500  3 25 12  14.6  994 217  3.7 4  5.9  57  328  252 274 -377  3
3823500 2818500  3 25 13  15.9  993 195  4.4 4  5.9  54  394  232 280 -386  3
3823500 2818500  3 25 14  16.6  993 213  3.6 4  6.0  51  432  191 282 -392  3
3823500 2818500  3 25 15  17.6  992 204  3.8 4  6.0  48  352  189 284 -395  3
3823500 2818500  3 25 16  17.8  992 204  3.5 4  6.0  46  264  162 287 -395  3
3823500 2818500  3 25 17  16.8  991 207  3.6 6  5.6  45   96  142 288 -392  3
3823500 2818500  3 25 18  16.0  991 208  3.7 7  5.4  46   15   69 289 -386  3
3823500 2818500  3 25 19  14.8  990 201  3.8 6  5.4  49    2   14 287 -378  3
3823500 2818500  3 25 20  13.5  991 193  1.9 6  5.5  54    0    0 282 -370  3
3823500 2818500  3 25 21  13.4  991 185  1.5 7  5.7  58    0    0 282 -364  3
3823500 2818500  3 25 22  13.8  991 199  2.9 7  5.9  59    0    0 287 -361  3
3823500 2818500  3 25 23  12.8  991 213  3.9 7  6.1  63    0    0 290 -359  3
3823500 2818500  3 25 24  12.2  991 205  1.5 7  6.4  69    0    0 292 -357  3
3823500 2818500  3 26  1  12.1  990 188  0.9 8  6.6  73    0    0 299 -355  3
3823500 2818500  3 26  2  12.5  990 194  2.1 8  6.7  73    0    0 308 -353  3
3823500 2818500  3 26  3  12.0  990 188  0.8 8  6.7  73    0    0 313 -351  3
3823500 2818500  3 26  4  11.4  989 197  1.5 7  6.6  75    0    0 311 -350  3
3823500 2818500  3 26  5  11.1  989 186  1.5 7  6.6  77    0    0 306 -349  3
3823500 2818500  3 26  6  11.3  989 196  2.1 8  6.7  79    0    0 313 -347  3
3823500 2818500  3 26  7  10.6  989 200  1.3 8  6.9  82    0    0 319 -344  3
3823500 2818500  3 26  8  10.5  989 201  1.5 7  7.1  87    0   38 313 -344  3
3823500 2818500  3 26  9  10.6  990 214  1.8 8  7.3  90    0   88 314 -351  3
3823500 2818500  3 26 10  10.9  990 219  1.8 8  7.4  89    0  133 318 -361  3
3823500 2818500  3 26 11  11.6  990 225  2.6 6  7.3  86   52  245 314 -370  3
3823500 2818500  3 26 12  12.0  991 239  3.2 5  7.2  81   74  277 308 -378  3
3823500 2818500  3 26 13  13.7  991 247  3.7 5  6.9  73  176  289 312 -382  3
3823500 2818500  3 26 14  13.6  991 236  2.7 5  6.6  66   96  276 316 -386  3
3823500 2818500  3 26 15  13.6  991 225  1.6 7  6.4  65    2  169 323 -386  3
3823500 2818500  3 26 16  13.0  991 244  0.0 7  6.4  66    0  106 328 -384  3
3823500 2818500  3 26 17  12.5  991 233  0.2 5  6.6  70   28  134 321 -382  3
3823500 2818500  3 26 18  12.7  991 183  0.1 6  6.7  72   13   65 314 -376  3
3823500 2818500  3 26 19  11.7  991  93  0.0 7  6.7  74    0   11 318 -369  3
3823500 2818500  3 26 20  11.2  991  93  0.0 7  6.7  78    0    0 319 -362  3
3823500 2818500  3 26 21   9.9  991 225  0.2 8  6.9  84    0    0 323 -354  3
3823500 2818500  3 26 22   9.3  992 308  0.2 8  6.9  91    0    0 326 -349  3
3823500 2818500  3 26 23   8.9  991 174  0.1 8  6.8  92    0    0 326 -346  3
3823500 2818500  3 26 24   8.9  992 208  0.3 8  6.7  93    0    0 327 -342  3
3823500 2818500  3 27  1   8.7  992 227  1.3 6  6.7  92    0    0 315 -339  3
3823500 2818500  3 27  2   8.4  992 237  0.8 7  6.6  93    0    0 308 -339  3
3823500 2818500  3 27  3   8.3  992 246  1.4 8  6.5  93    0    0 318 -339  3
3823500 2818500  3 27  4   8.2  992 255  0.8 8  6.4  92    0    0 322 -337  3
3823500 2818500  3 27  5   7.1  992 282  1.0 8  6.1  92    0    0 321 -334  3
3823500 2818500  3 27  6   7.0  993 283  0.8 8  5.9  92    0    0 320 -332  3
3823500 2818500  3 27  7   6.6  993 313  0.8 7  5.8  93    0    2 313 -331  3
3823500 2818500  3 27  8   6.7  994 322  1.1 6  5.7  91   11   72 300 -332  3
3823500 2818500  3 27  9   6.6  995 324  1.1 6  5.5  89   14  134 295 -336  3
3823500 2818500  3 27 10   6.8  995 328  1.6 8  5.3  85    5  168 304 -343  3
3823500 2818500  3 27 11   8.0  996 332  1.8 7  5.3  81   34  248 312 -350  3
3823500 2818500  3 27 12   9.0  996 346  2.1 5  5.2  74  171  302 298 -357  3
3823500 2818500  3 27 13   9.3  996 343  2.2 5  4.7  64  259  295 287 -365  3
3823500 2818500  3 27 14  10.2  997 359  2.0 5  4.2  56  282  272 288 -369  3
3823500 2818500  3 27 15  10.7  997 356  3.4 4  4.1  52  288  225 284 -372  3
3823500 2818500  3 27 16  10.7  997   5  3.4 4  4.0  50  232  179 280 -371  3
3823500 2818500  3 27 17  10.1  997  31  3.6 5  3.9  49  176  122 283 -368  3
3823500 2818500  3 27 18   9.5  997  38  3.6 6  3.9  51   54   72 291 -363  3
3823500 2818500  3 27 19   8.0  997  26  2.1 7  3.9  55    3   15 298 -355  3
3823500 2818500  3 27 20   6.4  998  33  2.3 6  3.9  61    0    0 293 -348  3
3823500 2818500  3 27 21   5.9  999  38  2.0 4  4.0  67    0    0 274 -345  3
3823500 2818500  3 27 22   4.4  999  35  1.6 5  4.0  72    0    0 265 -345  3
3823500 2818500  3 27 23   4.1  999 342  1.7 6  4.0  77    0    0 272 -344  3
3823500 2818500  3 27 24   3.8 1000  52  1.6 4  4.1  80    0    0 265 -341  3
3823500 2818500  3 28  1   3.8 1000 347  1.5 5  4.1  82    0    0 258 -340  3
3823500 2818500  3 28  2   3.4 1000  23  1.5 4  4.1  83    0    0 258 -340  3
3823500 2818500  3 28  3   3.3 1000  25  1.9 5  4.2  86    0    0 257 -340  3
3823500 2818500  3 28  4   3.0 1001  21  1.8 5  4.3  90    0    0 261 -340  3
3823500 2818500  3 28  5   2.6 1001  19  1.8 4  4.3  92    0    0 256 -340  3
3823500 2818500  3 28  6   2.9 1002  21  1.3 5  4.2  90    0    0 258 -339  3
3823500 2818500  3 28  7   3.0 1003  40  2.0 6  4.3  92    0    5 273 -338  3
3823500 2818500  3 28  8   3.6 1003  32  2.4 7  4.4  90   20   75 286 -338  3
3823500 2818500  3 28  9   4.6 1004 350  2.5 6  4.4  86   32  144 292 -344  3
3823500 2818500  3 28 10   5.1 1005  56  4.3 6  4.4  81   58  207 294 -357  3
3823500 2818500  3 28 11   6.8 1006  34  3.7 5  4.5  77  150  254 296 -372  3
3823500 2818500  3 28 12   6.9 1006  30  3.3 4  4.4  71  204  277 290 -386  3
3823500 2818500  3 28 13   8.1 1006  29  2.8 5  4.3  66  178  299 292 -398  3
3823500 2818500  3 28 14   9.7 1006  11  2.5 4  4.4  62  198  281 295 -404  3
3823500 2818500  3 28 15  10.1 1007 359  2.3 2  4.3  56  389  149 279 -400  3
3823500 2818500  3 28 16  10.5 1006  23  1.9 1  4.1  52  375   92 265 -391  3
3823500 2818500  3 28 17  10.8 1007 349  2.5 1  4.1  51  262   74 261 -386  3
3823500 2818500  3 28 18  10.1 1007  25  2.5 1  4.1  52  115   58 260 -380  3
3823500 2818500  3 28 19   9.2 1007 352  1.1 2  4.0  54   13   14 263 -370  3
3823500 2818500  3 28 20   6.0 1008  89  0.6 2  3.9  60    0    0 264 -359  3
3823500 2818500  3 28 21   4.0 1009 109  0.4 2  3.8  70    0    0 259 -352  3
3823500 2818500  3 28 22   2.9 1009 111  0.3 2  3.9  79    0    0 257 -349  3
3823500 2818500  3 28 23   1.9 1010 175  0.9 2  3.8  85    0    0 253 -347  3
3823500 2818500  3 28 24   1.4 1010 236  0.3 1  3.7  87    0    0 245 -345  3
3823500 2818500  3 29  1   0.7 1010 179  0.5 1  3.7  90    0    0 236 -343  3
3823500 2818500  3 29  2   0.2 1010 166  0.1 1  3.6  92    0    0 233 -341  3
3823500 2818500  3 29  3  -0.2 1011 163  0.3 1  3.5  92    0    0 230 -340  3
3823500 2818500  3 29  4  -0.8 1011 137  0.3 1  3.4  92    0    0 227 -339  3
3823500 2818500  3 29  5  -1.0 1010 147  0.4 2  3.3  93    0    0 229 -338  3
3823500 2818500  3 29  6  -0.9 1010 168  0.4 2  3.3  93    0    0 233 -336  3
3823500 2818500  3 29  7   0.4 1011 167  0.9 1  3.5  94    0    4 229 -335  3
3823500 2818500  3 29  8   2.7 1011 167  1.4 2  4.1  96   56   70 235 -336  3
3823500 2818500  3 29  9   5.0 1011 167  1.3 1  4.5  90  183  112 240 -343  3
3823500 2818500  3 29 10   7.9 1011 179  2.6 1  4.8  79  323  126 240 -355  3
3823500 2818500  3 29 11  10.3 1011 186  2.6 1  4.9  68  433  135 246 -369  3
3823500 2818500  3 29 12  11.4 1011 197  2.6 0  4.9  60  510  135 244 -380  3
3823500 2818500  3 29 13  13.1 1011 197  2.1 0  4.6  52  541  131 242 -389  3
3823500 2818500  3 29 14  13.5 1011 194  1.9 0  4.3  45  533  120 246 -394  3
3823500 2818500  3 29 15  14.1 1010 196  2.0 0  4.2  42  479  109 250 -396  3
3823500 2818500  3 29 16  14.5 1010 201  2.2 0  4.2  41  383   97 254 -394  3
3823500 2818500  3 29 17  14.5 1009 198  2.1 0  4.0  39  257   82 256 -389  3
3823500 2818500  3 29 18  13.9 1009 181  1.2 0  4.1  40  114   62 257 -382  3
3823500 2818500  3 29 19  12.3 1009 175  1.0 1  4.1  43   14   14 261 -373  3
3823500 2818500  3 29 20   7.7 1009 169  0.4 2  4.0  52    0    0 262 -364  3
3823500 2818500  3 29 21   7.0 1010 159  0.3 2  4.0  63    0    0 260 -358  3
3823500 2818500  3 29 22   5.6 1010 166  0.1 1  4.2  70    0    0 254 -355  3
3823500 2818500  3 29 23   5.4 1010 148  0.4 1  4.2  74    0    0 249 -352  3
3823500 2818500  3 29 24   5.7 1010 171  0.5 1  4.2  75    0    0 249 -350  3
3823500 2818500  3 30  1   6.1 1010 173  2.0 2  4.3  75    0    0 255 -348  3
3823500 2818500  3 30  2   5.4 1010 186  1.8 3  4.5  78    0    0 264 -347  3
3823500 2818500  3 30  3   5.2 1010 175  1.7 5  4.7  84    0    0 275 -347  3
3823500 2818500  3 30  4   5.0 1010 181  1.6 7  4.7  86    0    0 290 -349  3
3823500 2818500  3 30  5   4.8 1010 166  0.6 6  4.7  87    0    0 294 -351  3
3823500 2818500  3 30  6   4.8 1010 162  1.4 6  4.8  89    0    0 290 -351  3
3823500 2818500  3 30  7   5.0 1010 162  1.7 5  4.8  89    0    5 287 -352  3
3823500 2818500  3 30  8   6.6 1010 160  1.1 4  4.9  86   50   74 281 -354  3
3823500 2818500  3 30  9   8.8 1010 171  1.9 1  5.2  79  171  123 271 -356  3
3823500 2818500  3 30 10  11.3 1010 182  2.6 1  5.4  71  289  151 266 -364  3
3823500 2818500  3 30 11  13.3 1011 184  3.5 1  5.6  62  383  171 273 -375  3
3823500 2818500  3 30 12  15.4 1010 180  3.6 1  5.5  54  450  179 279 -384  3
3823500 2818500  3 30 13  16.1 1010 200  3.5 1  5.4  49  487  172 284 -391  3
3823500 2818500  3 30 14  17.1 1010 199  3.6 2  5.5  46  490  154 293 -399  3
3823500 2818500  3 30 15  17.3 1010 214  3.1 2  5.4  44  444  137 300 -403  3
3823500 2818500  3 30 16  17.7 1009 215  3.0 1  5.4  43  350  122 299 -403  3
3823500 2818500  3 30 17  17.7 1009 201  2.3 1  5.4  42  226  100 297 -400  3
3823500 2818500  3 30 18  17.0 1009 225  1.7 2  5.3  43   88   66 298 -393  3
3823500 2818500  3 30 19  15.2 1009 203  1.1 3  5.3  46   11   15 299 -382  3
3823500 2818500  3 30 20  12.7 1009 182  1.1 4  5.3  55    0    0 297 -371  3
3823500 2818500  3 30 21  11.2 1010 166  1.1 4  5.3  62    0    0 295 -364  3
3823500 2818500  3 30 22  10.2 1010 161  1.2 4  5.4  67    0    0 288 -360  3
3823500 2818500  3 30 23   9.4 1010 156  1.1 5  5.3  71    0    0 282 -356  3
3823500 2818500  3 30 24   8.7 1011 157  1.0 6  5.1  73    0    0 291 -354  3
3823500 2818500  3 31  1   8.0 1012 154  0.9 6  4.9  74    0    0 305 -356  3
3823500 2818500  3 31  2   7.3 1012 148  0.7 7  4.7  74    0    0 301 -357  3
3823500 2818500  3 31  3   6.8 1011 137  0.7 7  4.6  74    0    0 301 -357  3
3823500 2818500  3 31  4   6.6 1011 129  0.8 7  4.5  74    0    0 302 -358  3
3823500 2818500  3 31  5   6.4 1011 135  0.7 7  4.5  75    0    0 302 -358  3
3823500 2818500  3 31  6   5.9 1010 120  0.7 7  4.5  76    0    0 302 -357  3
3823500 2818500  3 31  7   5.2 1010 149  0.8 7  4.5  79    0   14 299 -357  3
3823500 2818500  3 31  8   7.5 1010 148  1.0 4  4.6  77    8   73 285 -357  3
3823500 2818500  3 31  9   9.1 1010 156  1.7 5  4.9  72  114  148 281 -360  3
3823500 2818500  3 31 10  11.9 1010 186  2.8 6  5.0  63  154  219 299 -365  3
3823500 2818500  3 31 11  14.3 1010 231  2.0 6  4.8  51  221  266 312 -372  3
3823500 2818500  3 31 12  15.5 1010 193  2.1 5  4.4  42  323  271 314 -379  3
3823500 2818500  3 31 13  16.4 1009 194  2.6 5  4.0  36  272  305 313 -384  3
3823500 2818500  3 31 14  17.1 1009 203  2.8 5  3.9  33  263  294 314 -385  3
3823500 2818500  3 31 15  17.3 1008 230  2.5 4  4.0  32  244  260 312 -383  3
3823500 2818500  3 31 16  16.1 1008 216  4.0 7  4.2  36   22  186 318 -385  3
3823500 2818500  3 31 17  14.9 1007 226  3.9 6  4.7  43   53  152 322 -386  3
3823500 2818500  3 31 18  14.5 1008 279  2.4 6  4.9  47   59   78 316 -381  3
3823500 2818500  3 31 19  13.4 1008 218  2.5 8  5.0  50    7   15 319 -374  3
3823500 2818500  3 31 20  12.3 1008 187  2.1 7  5.0  54    0    0 319 -364  3
3823500 2818500  3 31 21  10.9 1008 182  1.1 7  5.1  60    0    0 314 -356  3
3823500 2818500  3 31 22  10.2 1008 169  0.8 6  5.2  65    0    0 309 -353  3
3823500 2818500  3 31 23   9.6 1008 241  1.5 6  5.1  67    0    0 306 -351  3
3823500 2818500  3 31 24   9.4 1008 172  1.0 7  5.2  70    0    0 311 -348  3
3823500 2818500  4  1  1   8.8 1008 170  0.6 6  5.2  74    0    0 305 -344  3
3823500 2818500  4  1  2   7.5 1008 224  0.6 6  5.2  77    0    0 305 -344  3
3823500 2818500  4  1  3   7.3 1008 185  0.6 8  5.2  81    0    0 311 -343  3
3823500 2818500  4  1  4   7.5 1008 349  0.4 8  5.3  82    0    0 319 -341  3
3823500 2818500  4  1  5   7.3 1008 171  0.2 8  5.3  82    0    0 318 -340  3
3823500 2818500  4  1  6   7.8 1008 159  0.6 8  5.3  82    0    0 317 -337  3
3823500 2818500  4  1  7   7.9 1009 147  0.8 8  5.4  81    0   14 316 -336  3
3823500 2818500  4  1  8   8.8 1008 144  0.5 7  5.6  82    1   84 312 -338  3
3823500 2818500  4  1  9  10.6 1009 165  1.0 8  5.9  79    5  153 316 -347  3
3823500 2818500  4  1 10  12.7 1009 188  1.8 7  6.0  70   15  225 320 -362  3
3823500 2818500  4  1 11  13.8 1009 184  1.7 6  6.0  63   68  290 315 -378  3
3823500 2818500  4  1 12  16.1 1009 170  1.7 5  5.7  54  194  326 309 -393  3
3823500 2818500  4  1 13  16.7 1009 166  2.1 4  5.5  47  199  338 305 -404  3
3823500 2818500  4  1 14  17.1 1009 179  2.5 5  5.4  45  137  332 307 -408  3
3823500 2818500  4  1 15  17.2 1008 177  1.7 5  5.4  44   99  298 311 -406  3
3823500 2818500  4  1 16  17.7 1008 125  1.5 5  5.5  44   78  244 313 -402  3
3823500 2818500  4  1 17  17.4 1008 126  1.0 4  5.5  44  122  162 310 -396  3
3823500 2818500  4  1 18  16.5 1008 151  0.6 3  5.5  45   67   92 300 -389  3
3823500 2818500  4  1 19  14.8 1007 104  0.3 5  5.4  48   13   27 296 -379  3
3823500 2818500  4  1 20  12.4 1008 105  0.5 5  5.4  55    0    0 292 -369  3
3823500 2818500  4  1 21  11.1 1008  92  0.1 5  5.4  63    0    0 287 -362  3
3823500 2818500  4  1 22  10.5 1009  99  0.2 3  5.2  64    0    0 279 -359  3
3823500 2818500  4  1 23   9.6 1009  99  0.3 3  5.0  65    0    0 271 -356  3
3823500 2818500  4  1 24   8.5 1009  85  0.8 4  5.0  69    0    0 271 -353  3
3823500 2818500  4  2  1   7.9 1009 100  1.0 3  4.8  71    0    0 268 -352  3
3823500 2818500  4  2  2   8.0 1009  98  1.0 4  4.8  72    0    0 269 -350  3
3823500 2818500  4  2  3   7.1 1009 115  0.5 4  4.9  75    0    0 271 -348  3
3823500 2818500  4  2  4   7.6 1009 120  0.9 3  4.8  74    0    0 268 -345  3
3823500 2818500  4  2  5   7.4 1009 128  1.0 3  4.7  73    0    0 266 -344  3
3823500 2818500  4  2  6   6.5 1009 138  0.4 3  4.6  75    0    0 265 -342  3
3823500 2818500  4  2  7   6.7 1009  91  0.6 5  4.6  76    1   23 270 -341  3
3823500 2818500  4  2  8  10.0 1010 123  1.0 3  4.8  70   49  103 275 -343  3
3823500 2818500  4  2  9  13.2 1010 128  1.6 2  4.9  58  155  153 273 -351  3
3823500 2818500  4  2 10  15.9 1009 138  2.0 2  5.0  48  272  178 279 -364  3
3823500 2818500  4  2 11  18.1 1009 141  2.6 1  5.0  41  379  188 284 -378  3
3823500 2818500  4  2 12  19.3 1009 134  3.5 1  4.7  35  469  178 287 -391  3
3823500 2818500  4  2 13  19.6 1009 138  3.9 1  4.4  31  508  166 290 -400  3
3823500 2818500  4  2 14  20.1 1008 140  3.7 1  4.2  29  491  156 292 -405  3
3823500 2818500  4  2 15  20.2 1008 128  3.8 1  4.1  28  440  139 293 -407  3
3823500 2818500  4  2 16  20.0 1007 102  3.4 1  4.1  28  355  118 294 -405  3
3823500 2818500  4  2 17  19.5 1006 116  3.3 2  4.1  29  238   98 295 -400  3
3823500 2818500  4  2 18  18.7 1006 116  2.8 2  4.2  30  115   70 295 -392  3
3823500 2818500  4  2 19  17.2 1006 103  1.8 5  4.1  32   14   25 299 -383  3
3823500 2818500  4  2 20  15.0 1006 103  0.7 5  4.2  37    0    0 301 -374  3
3823500 2818500  4  2 21  14.3 1007 102  0.7 5  4.3  41    0    0 295 -367  3
3823500 2818500  4  2 22  13.6 1007 113  1.1 3  4.4  44    0    0 287 -362  3
3823500 2818500  4  2 23  13.2 1007 112  0.6 3  4.5  46    0    0 280 -357  3
3823500 2818500  4  2 24  12.6 1007 118  0.3 4  4.4  47    0    0 281 -353  3
3823500 2818500  4  3  1  11.7 1007  94  0.4 3  4.3  49    0    0 280 -351  3
3823500 2818500  4  3  2  11.6 1006 111  2.0 3  4.3  51    0    0 276 -348  3
3823500 2818500  4  3  3  10.9 1006 107  0.8 4  4.4  52    0    0 279 -346  3
3823500 2818500  4  3  4  10.7 1006 104  1.2 4  4.4  54    0    0 282 -344  3
3823500 2818500  4  3  5  10.1 1006 100  1.6 4  4.4  56    0    0 282 -341  3
3823500 2818500  4  3  6   9.0 1006 103  1.7 4  4.4  60    0    0 281 -340  3
3823500 2818500  4  3  7   9.6 1006  98  2.2 4  4.5  61    1   25 280 -339  3
3823500 2818500  4  3  8  10.7 1006  93  2.5 3  4.6  59   53  102 280 -341  3
3823500 2818500  4  3  9  13.0 1005 103  3.1 2  4.6  53  163  150 275 -348  3
3823500 2818500  4  3 10  14.4 1005 105  4.9 1  4.5  45  281  176 271 -360  3
3823500 2818500  4  3 11  15.6 1005 101  4.5 1  4.2  40  394  182 269 -372  3
3823500 2818500  4  3 12  17.1 1004 118  5.2 1  4.0  34  479  175 273 -382  3
3823500 2818500  4  3 13  18.0 1004 106  5.0 1  3.8  30  515  166 277 -389  3
3823500 2818500  4  3 14  18.6 1003 101  5.3 1  3.7  28  509  149 281 -395  3
3823500 2818500  4  3 15  18.8 1003  95  4.8 0  3.6  27  454  135 280 -397  3
3823500 2818500  4  3 16  18.7 1002  95  5.5 0  3.7  27  364  118 277 -396  3
3823500 2818500  4  3 17  18.3 1002  98  4.2 0  3.9  29  247   97 278 -390  3
3823500 2818500  4  3 18  17.3 1002 100  2.9 0  3.9  30  114   72 277 -384  3
3823500 2818500  4  3 19  15.6 1002  90  2.7 1  4.1  35   23   25 277 -375  3
3823500 2818500  4  3 20  14.0 1002  86  2.4 1  4.2  40    0    0 275 -365  3
3823500 2818500  4  3 21  13.0 1003  90  2.2 1  4.3  44    0    0 273 -359  3
3823500 2818500  4  3 22  12.4 1003  94  1.5 1  4.3  46    0    0 270 -355  3
3823500 2818500  4  3 23  11.3 1003  89  1.3 1  4.2  48    0    0 269 -352  3
3823500 2818500  4  3 24  10.1 1003  84  0.7 1  4.1  51    0    0 265 -350  3
3823500 2818500  4  4  1   9.6 1003  85  1.3 0  4.0  53    0    0 257 -348  3
3823500 2818500  4  4  2   8.7 1003  82  1.6 0  3.9  54    0    0 250 -345  3
3823500 2818500  4  4  3   7.4 1003  86  1.4 1  3.8  56    0    0 250 -343  3
3823500 2818500  4  4  4   6.6 1003  79  1.0 1  3.7  59    0    0 252 -341  3
3823500 2818500  4  4  5   5.8 1003  67  1.1 2  3.7  62    0    0 254 -340  3
3823500 2818500  4  4  6   4.7 1003  76  0.4 2  3.6  65    0    0 257 -342  3
3823500 2818500  4  4  7   4.8 1003  77  1.7 3  3.6  67    6   33 259 -345  3
3823500 2818500  4  4  8   6.5 1003  76  1.8 2  3.6  63   74  101 264 -348  3
3823500 2818500  4  4  9   8.5 1003  82  2.3 2  3.6  55  174  155 267 -352  3
3823500 2818500  4  4 10  10.1 1003  82  2.4 4  3.5  48  251  210 284 -357  3
3823500 2818500  4  4 11  11.7 1003  89  2.4 5  3.5  43  336  238 304 -361  3
3823500 2818500  4  4 12  13.4 1003  90  3.0 5  3.6  40  378  259 313 -367  3
3823500 2818500  4  4 13  15.0 1002  90  3.1 6  3.7  36  409  254 321 -374  3
3823500 2818500  4  4 14  15.3 1002  83  2.9 6  3.7  34  348  268 325 -379  3
3823500 2818500  4  4 15  14.5 1001  77  3.0 5  3.7  35  194  289 316 -382  3
3823500 2818500  4  4 16  14.2 1001  71  3.5 5  3.7  36  148  240 305 -382  3
3823500 2818500  4  4 17  14.2 1001  74  3.3 6  3.6  36  103  170 304 -378  3
3823500 2818500  4  4 18  13.6 1000  78  2.1 6  3.5  35   38   96 305 -371  3
3823500 2818500  4  4 19  12.6 1000  78  1.5 6  3.4  36   16   28 302 -364  3
3823500 2818500  4  4 20  10.6 1000  79  1.2 5  3.2  38    0    0 293 -357  3
3823500 2818500  4  4 21  10.0 1001  86  1.3 5  3.1  39    0    0 285 -353  3
3823500 2818500  4  4 22   8.4 1001  76  1.2 3  3.0  42    0    0 275 -350  3
3823500 2818500  4  4 23   7.8 1002  79  1.0 2  3.1  45    0    0 261 -348  3
3823500 2818500  4  4 24   7.1 1001  93  0.6 2  3.0  47    0    0 255 -345  3
3823500 2818500  4  5  1   6.7 1001  89  1.4 2  3.0  47    0    0 253 -342  3
3823500 2818500  4  5  2   5.7 1002  76  1.1 2  2.9  49    0    0 251 -340  3
3823500 2818500  4  5  3   4.7 1002  79  0.9 2  2.9  52    0    0 250 -338  3
3823500 2818500  4  5  4   3.4 1002  74  0.7 2  2.9  57    0    0 247 -335  3
3823500 2818500  4  5  5   2.6 1002  66  0.8 2  2.9  61    0    0 241 -333  3
3823500 2818500  4  5  6   2.5 1002  68  0.7 2  2.9  63    0    0 238 -332  3
3823500 2818500  4  5  7   3.1 1003  68  1.6 1  3.0  64    9   33 232 -331  3
3823500 2818500  4  5  8   4.5 1003  74  2.6 0  3.1  62   95   87 225 -332  3
3823500 2818500  4  5  9   6.8 1003  77  2.8 0  3.2  56  223  118 224 -335  3
3823500 2818500  4  5 10   8.4 1003  81  3.3 0  3.1  48  351  135 229 -340  3
3823500 2818500  4  5 11   9.7 1004  83  3.8 0  3.0  42  460  141 233 -346  3
3823500 2818500  4  5 12  10.8 1004  90  3.8 0  3.0  38  553  129 239 -352  3
3823500 2818500  4  5 13  11.9 1003  73  4.3 0  3.1  37  592  122 243 -359  3
3823500 2818500  4  5 14  11.8 1004  74  4.2 0  3.3  37  575  117 247 -368  3
3823500 2818500  4  5 15  12.1 1003  71  4.2 0  3.4  38  510  110 249 -373  3
3823500 2818500  4  5 16  12.0 1003  66  3.8 0  3.3  38  412   99 249 -374  3
3823500 2818500  4  5 17  11.4 1003  77  4.7 0  3.3  38  277   88 248 -369  3
3823500 2818500  4  5 18  10.8 1004  76  4.0 0  3.1  38  134   68 245 -360  3
3823500 2818500  4  5 19   9.6 1004  80  3.7 0  2.9  38   29   28 240 -351  3
3823500 2818500  4  5 20   8.1 1005  78  2.0 0  2.8  39    0    0 234 -342  3
3823500 2818500  4  5 21   7.3 1006  78  3.2 1  2.7  42    0    0 232 -334  3
3823500 2818500  4  5 22   6.1 1006  72  2.3 0  2.8  46    0    0 229 -329  3
3823500 2818500  4  5 23   4.7 1007  70  2.9 0  2.8  50    0    0 222 -325  3
3823500 2818500  4  5 24   3.3 1008  70  2.9 0  2.7  54    0    0 218 -321  3
3823500 2818500  4  6  1   2.1 1008  79  1.9 0  2.7  58    0    0 212 -318  3
3823500 2818500  4  6  2   0.9 1009  81  1.4 0  2.7  63    0    0 207 -316  3
3823500 2818500  4  6  3   0.1 1009  66  2.5 0  2.6  65    0    0 203 -315  3
3823500 2818500  4  6  4  -1.0 1010  74  1.8 1  2.5  68    0    0 205 -314  3
3823500 2818500  4  6  5  -1.4 1010  70  0.9 0  2.5  72    0    0 204 -313  3
3823500 2818500  4  6  6  -1.9 1011  65  1.1 0  2.5  75    0    0 199 -312  3
3823500 2818500  4  6  7  -1.3 1011  68  1.9 0  2.6  76   12   34 199 -311  3
3823500 2818500  4  6  8   0.5 1012  67  2.0 0  2.7  73   99   89 201 -312  3
3823500 2818500  4  6  9   2.2 1012  79  3.5 0  2.8  67  224  122 205 -317  3
3823500 2818500  4  6 10   4.1 1013  86  3.4 0  2.8  60  352  140 208 -326  3
3823500 2818500  4  6 11   5.6 1013  64  3.7 0  2.7  51  465  144 213 -338  3
3823500 2818500  4  6 12   6.2 1013  69  3.7 0  2.6  45  547  140 216 -350  3
3823500 2818500  4  6 13   7.3 1013  64  3.6 0  2.6  42  577  137 219 -359  3
3823500 2818500  4  6 14   8.1 1012  55  3.9 0  2.7  41  565  130 222 -366  3
3823500 2818500  4  6 15   8.8 1012  54  3.7 0  2.8  40  502  122 226 -370  3
3823500 2818500  4  6 16   9.4 1012  60  3.4 0  2.8  40  409  107 228 -370  3
3823500 2818500  4  6 17   9.4 1012  52  2.8 0  2.9  40  282   91 229 -364  3
3823500 2818500  4  6 18   9.2 1011  56  2.9 0  3.0  41  142   70 229 -355  3
3823500 2818500  4  6 19   9.1 1012  68  1.1 0  2.9  41   32   32 228 -344  3
3823500 2818500  4  6 20   7.0 1012  38  0.2 1  2.9  43    0    1 229 -334  3
3823500 2818500  4  6 21   5.6 1012  46  0.3 2  3.0  50    0    0 233 -327  3
3823500 2818500  4  6 22   4.5 1013  51  0.2 1  3.1  58    0    0 230 -323  3
3823500 2818500  4  6 23   4.3 1013  50  0.1 0  3.3  63    0    0 220 -320  3
3823500 2818500  4  6 24   3.8 1014  25  1.3 0  3.4  67    0    0 215 -317  3
3823500 2818500  4  7  1   2.8 1014  21  0.2 1  3.4  71    0    0 217 -315  3
3823500 2818500  4  7  2   0.4 1014 301  0.1 1  3.3  77    0    0 216 -314  3
3823500 2818500  4  7  3  -0.6 1014   0  0.1 1  3.1  83    0    0 211 -313  3
3823500 2818500  4  7  4  -1.0 1014 253  0.1 0  3.0  85    0    0 204 -312  3
3823500 2818500  4  7  5  -1.4 1014 358  0.1 1  3.0  88    0    0 203 -310  3
3823500 2818500  4  7  6  -2.4 1014 265  0.1 1  2.9  88    0    0 206 -308  3
3823500 2818500  4  7  7  -1.4 1014   8  0.1 1  2.9  90   16   36 206 -307  3
3823500 2818500  4  7  8   2.4 1014  18  0.2 1  3.6  92  107   87 212 -309  3
3823500 2818500  4  7  9   5.7 1015  23  0.4 1  4.3  85  237  116 223 -316  3
3823500 2818500  4  7 10   7.5 1015  44  1.1 1  4.3  71  359  135 230 -327  3
3823500 2818500  4  7 11   9.1 1014  49  2.1 1  4.0  59  480  133 235 -341  3
3823500 2818500  4  7 12  10.1 1014  67  1.9 2  3.8  51  543  137 247 -356  3
3823500 2818500  4  7 13  11.2 1014  97  1.9 3  3.7  46  524  163 263 -369  3
3823500 2818500  4  7 14  11.9 1014 126  1.9 3  3.5  41  509  153 271 -377  3
3823500 2818500  4  7 15  12.4 1013 110  1.6 2  3.4  38  451  140 269 -381  3
3823500 2818500  4  7 16  11.6 1013  74  2.3 2  3.3  38  359  122 264 -381  3
3823500 2818500  4  7 17  11.8 1012  54  2.7 1  3.2  38  262   94 258 -377  3
3823500 2818500  4  7 18  11.4 1012  76  1.8 1  3.2  38  143   68 253 -368  3
3823500 2818500  4  7 19  10.4 1012  68  1.5 1  3.2  40   34   32 253 -357  3
3823500 2818500  4  7 20   8.4 1012  76  1.6 0  3.3  45    0    1 245 -345  3
3823500 2818500  4  7 21   6.7 1012  68  0.6 1  3.2  50    0    0 237 -337  3
3823500 2818500  4  7 22   6.1 1013  73  0.5 1  3.2  53    0    0 235 -333  3
3823500 2818500  4  7 23   5.1 1013  64  1.0 0  3.1  55    0    0 226 -329  3
3823500 2818500  4  7 24   4.0 1013  64  1.1 0  3.0  57    0    0 217 -325  3
3823500 2818500  4  8  1   3.2 1013  69  0.8 0  2.9  59    0    0 214 -323  3
3823500 2818500  4  8  2   2.9 1014  61  0.7 0  2.8  59    0    0 212 -320  3
3823500 2818500  4  8  3   1.2 1014  56  0.8 1  2.7  61    0    0 213 -319  3
3823500 2818500  4  8  4   0.2 1014  69  0.5 1  2.6  65    0    0 214 -317  3
3823500 2818500  4  8  5   0.5 1014  81  1.0 0  2.6  66    0    0 207 -315  3
3823500 2818500  4  8  6   0.0 1014  58  1.0 0  2.6  67    0    0 202 -314  3
3823500 2818500  4  8  7   1.1 1014  41  0.7 0  2.8  70   20   38 202 -314  3
3823500 2818500  4  8  8   4.5 1014  46  0.8 0  3.1  67  116   85 209 -316  3
3823500 2818500  4  8  9   7.8 1014  59  2.7 0  3.3  56  246  113 218 -323  3
3823500 2818500  4  8 10   9.1 1015  72  3.7 0  3.1  45  378  127 223 -336  3
3823500 2818500  4  8 11  10.2 1015  93  3.5 0  3.0  41  496  126 228 -351  3
3823500 2818500  4  8 12  10.8 1015  73  3.9 0  3.1  39  576  124 235 -365  3
3823500 2818500  4  8 13  11.3 1015  67  3.8 1  3.0  37  608  119 245 -377  3
3823500 2818500  4  8 14  11.5 1014  63  3.9 0  3.0  36  591  113 248 -385  3
3823500 2818500  4  8 15  11.8 1014  51  3.8 1  3.0  36  531  104 251 -389  3
3823500 2818500  4  8 16  11.7 1014  52  3.2 1  3.0  36  429   93 256 -388  3
3823500 2818500  4  8 17  11.6 1014  56  2.9 0  3.0  36  297   82 252 -383  3
3823500 2818500  4  8 18  11.3 1014  53  2.9 0  3.0  36  152   67 246 -375  3
3823500 2818500  4  8 19  10.4 1014  58  1.7 0  2.9  36   37   32 243 -364  3
3823500 2818500  4  8 20   8.2 1014  69  0.5 0  2.8  38    0    2 237 -352  3
3823500 2818500  4  8 21   6.3 1014  72  0.6 1  2.7  44    0    0 235 -342  3
3823500 2818500  4  8 22   5.0 1015  49  0.1 0  2.7  48    0    0 230 -337  3
3823500 2818500  4  8 23   3.2 1015  39  0.3 0  2.7  53    0    0 221 -333  3
3823500 2818500  4  8 24   0.7 1015   0  0.1 0  2.6  60    0    0 214 -330  3
3823500 2818500  4  9  1   0.9 1015  56  0.6 0  2.5  62    0    0 215 -328  3
3823500 2818500  4  9  2   0.8 1015  38  0.1 1  2.5  63    0    0 213 -326  3
3823500 2818500  4  9  3  -0.3 1015  42  0.3 0  2.6  68    0    0 211 -324  3
3823500 2818500  4  9  4  -0.4 1015  80  0.0 0  2.6  71    0    0 212 -322  3
3823500 2818500  4  9  5  -1.2 1015  15  0.0 1  2.6  72    0    0 210 -320  3
3823500 2818500  4  9  6  -1.7 1014  34  0.1 2  2.5  74    0    0 216 -319  3
3823500 2818500  4  9  7  -0.3 1014  36  0.2 4  2.7  77    0   30 230 -318  3
3823500 2818500  4  9  8   4.0 1014  33  0.5 4  3.1  73   22  121 247 -322  3
3823500 2818500  4  9  9   6.4 1014  16  1.2 3  3.5  63  107  197 251 -332  3
3823500 2818500  4  9 10   8.7 1014  44  2.0 6  3.4  53   83  266 266 -347  3
3823500 2818500  4  9 11  10.1 1014  60  2.6 7  3.2  43  101  310 290 -362  3
3823500 2818500  4  9 12  10.8 1013  50  2.6 6  3.0  38  202  339 293 -377  3
3823500 2818500  4  9 13  11.4 1013  51  2.2 6  2.8  35  231  346 290 -387  3
3823500 2818500  4  9 14  11.4 1012  50  2.8 6  2.8  33  206  337 291 -393  3
3823500 2818500  4  9 15  11.5 1012  59  2.0 6  2.7  32   92  310 291 -400  3
3823500 2818500  4  9 16  11.1 1011  85  2.1 7  2.7  33   32  233 294 -401  3
3823500 2818500  4  9 17  10.7 1010  73  2.0 7  2.7  34   20  167 297 -390  3
3823500 2818500  4  9 18  10.1 1010  87  2.8 6  2.7  35   23  104 290 -376  3
3823500 2818500  4  9 19   9.4 1010  18  2.6 7  2.8  37    3   28 288 -364  3
3823500 2818500  4  9 20   8.5 1010  63  2.8 7  2.8  39    0    1 290 -356  3
3823500 2818500  4  9 21   7.3 1011  50  2.0 7  2.8  43    0    0 288 -351  3
3823500 2818500  4  9 22   6.2 1011  64  2.3 3  2.9  48    0    0 269 -348  3
3823500 2818500  4  9 23   5.5 1011  59  2.3 2  2.9  51    0    0 249 -345  3
3823500 2818500  4  9 24   4.8 1012  58  1.7 3  2.9  54    0    0 249 -342  3
3823500 2818500  4 10  1   4.1 1012  52  2.0 1  2.9  56    0    0 244 -338  3
3823500 2818500  4 10  2   3.9 1012  51  2.3 1  3.0  59    0    0 235 -334  3
3823500 2818500  4 10  3   3.0 1012  53  2.1 1  3.0  62    0    0 232 -330  3
3823500 2818500  4 10  4   2.5 1012  57  1.7 1  3.0  64    0    0 228 -327  3
3823500 2818500  4 10  5   2.2 1012  43  1.8 1  2.9  65    0    0 226 -324  3
3823500 2818500  4 10  6   1.9 1012  40  2.4 1  2.9  65    0    0 224 -321  3
3823500 2818500  4 10  7   2.2 1013  33  1.9 0  2.9  66   26   36 221 -319  3
3823500 2818500  4 10  8   3.5 1013  41  3.3 2  3.0  66  116   77 225 -321  3
3823500 2818500  4 10  9   5.0 1013  52  4.1 3  3.3  65  120  165 239 -328  3
3823500 2818500  4 10 10   6.5 1012  63  3.7 2  3.6  63  292  158 243 -339  3
3823500 2818500  4 10 11   8.1 1012  68  4.8 1  3.8  59  557   62 242 -352  3
3823500 2818500  4 10 12   8.5 1012  77  5.0 2  3.7  55  320  237 246 -365  3
3823500 2818500  4 10 13   8.5 1011  77  5.2 3  3.5  51  126  312 256 -376  3
3823500 2818500  4 10 14   9.2 1011  88  4.4 4  3.4  48  143  297 268 -383  3
3823500 2818500  4 10 15  10.0 1010  93  4.5 6  3.4  45   20  240 284 -386  3
3823500 2818500  4 10 16   9.9 1010  76  4.1 6  3.3  44   42  217 295 -385  3
3823500 2818500  4 10 17   9.9 1010  79  4.6 5  3.2  42   45  161 292 -380  3
3823500 2818500  4 10 18   9.4 1009  83  3.8 4  3.1  42   46   92 282 -371  3
3823500 2818500  4 10 19   8.6 1009  89  3.4 2  3.1  44   26   24 267 -359  3
3823500 2818500  4 10 20   7.0 1009  65  1.4 2  3.1  46    0    3 253 -347  3
3823500 2818500  4 10 21   5.4 1009  52  0.7 2  3.0  50    0    0 247 -338  3
3823500 2818500  4 10 22   5.0 1009  60  0.9 1  3.0  54    0    0 239 -333  3
3823500 2818500  4 10 23   4.4 1009  48  1.0 1  3.1  57    0    0 233 -329  3
3823500 2818500  4 10 24   3.5 1008  40  0.6 0  3.0  60    0    0 227 -327  3
3823500 2818500  4 11  1   4.0 1008  54  1.1 2  3.1  62    0    0 230 -327  3
3823500 2818500  4 11  2   4.7 1008  45  1.2 4  3.2  62    0    0 249 -329  3
3823500 2818500  4 11  3   4.6 1007  44  0.8 4  3.4  65    0    0 259 -329  3
3823500 2818500  4 11  4   5.3 1006  58  1.2 5  3.7  67    0    0 266 -329  3
3823500 2818500  4 11  5   5.5 1006  49  1.4 5  3.8  67    0    0 273 -328  3
3823500 2818500  4 11  6   5.2 1005  54  1.1 4  3.8  68    0    0 268 -326  3
3823500 2818500  4 11  7   4.9 1005  57  2.6 6  3.8  70   14   43 271 -327  3
3823500 2818500  4 11  8   5.6 1005  55  3.0 3  3.9  70   61  121 263 -331  3
3823500 2818500  4 11  9   6.6 1004  68  3.6 3  4.0  68  161  179 246 -338  3
3823500 2818500  4 11 10   8.4 1004  76  4.2 2  4.1  63  262  219 244 -346  3
3823500 2818500  4 11 11  10.2 1003  65  4.0 1  4.2  57  425  197 239 -357  3
3823500 2818500  4 11 12  11.0 1003  81  3.5 2  4.2  52  181  337 241 -369  3
3823500 2818500  4 11 13  11.3 1002  92  3.7 4  4.0  48   37  316 262 -380  3
3823500 2818500  4 11 14  11.2 1001  84  3.4 5  4.1  48   37  299 281 -387  3
3823500 2818500  4 11 15  11.6 1000  82  3.2 6  4.1  48   17  253 296 -392  3
3823500 2818500  4 11 16  11.3  999  68  3.9 7  4.1  48   12  202 310 -392  3
3823500 2818500  4 11 17  11.1  999  86  3.5 7  4.2  50    0  128 317 -387  3
3823500 2818500  4 11 18  10.7  998  86  2.2 7  4.2  51    0   75 317 -379  3
3823500 2818500  4 11 19  10.2  998  76  1.6 6  4.2  52    7   31 311 -371  3
3823500 2818500  4 11 20   8.7  998  59  1.4 6  4.2  56    0    2 302 -365  3
3823500 2818500  4 11 21   7.1  998  28  0.6 5  4.1  61    0    0 290 -360  3
3823500 2818500  4 11 22   5.9  998  36  0.5 3  4.0  66    0    0 268 -358  3
3823500 2818500  4 11 23   5.4  998  43  0.7 3  4.1  71    0    0 253 -356  3
3823500 2818500  4 11 24   4.6  998  14  0.4 4  4.1  74    0    0 256 -353  3
3823500 2818500  4 12  1   4.5  998  34  0.5 5  4.1  77    0    0 266 -351  3
3823500 2818500  4 12  2   4.0  997  35  0.5 4  4.2  80    0    0 266 -350  3
3823500 2818500  4 12  3   3.8  997  21  0.5 4  4.2  82    0    0 260 -350  3
3823500 2818500  4 12  4   2.8  996  11  0.4 5  4.1  85    0    0 264 -350  3
3823500 2818500  4 12  5   2.9  996  12  0.4 5  4.1  87    0    0 269 -350  3
3823500 2818500  4 12  6   2.5  996  25  0.6 5  4.0  85    0    0 268 -351  3
3823500 2818500  4 12  7   3.2  996   6  0.2 4  4.2  88   14   47 264 -352  3
3823500 2818500  4 12  8   5.8  996  27  1.3 4  4.7  88   65  129 265 -354  3
3823500 2818500  4 12  9   8.8  995   5  2.4 4  5.3  81  156  199 275 -358  3
3823500 2818500  4 12 10  10.3  995  20  3.3 3  5.3  71  255  247 278 -363  3
3823500 2818500  4 12 11  11.2  995  31  4.6 3  5.0  61  180  329 279 -370  3
3823500 2818500  4 12 12  11.6  995  23  4.3 5  4.7  55   82  355 292 -380  3
3823500 2818500  4 12 13  12.6  994  15  3.7 5  4.5  51  140  381 305 -391  3
3823500 2818500  4 12 14  13.5  994  22  4.2 4  4.5  47  195  360 306 -397  3
3823500 2818500  4 12 15  13.3  994  31  4.1 3  4.5  46  169  325 300 -398  3
3823500 2818500  4 12 16  12.8  993  24  4.7 4  4.5  47   87  267 299 -395  3
3823500 2818500  4 12 17  12.6  993  20  4.4 4  4.5  49   88  196 301 -392  3
3823500 2818500  4 12 18  11.8  993  17  4.4 6  4.6  51    7   99 307 -387  3
3823500 2818500  4 12 19  11.4  994  17  3.3 7  4.6  53    0   25 318 -379  3
3823500 2818500  4 12 20  10.2  994 355  3.1 7  4.6  56    0    1 321 -370  3
3823500 2818500  4 12 21   9.4  994 358  2.6 7  4.7  61    0    0 318 -365  3
3823500 2818500  4 12 22   8.6  995 356  2.0 7  4.9  67    0    0 318 -362  3
3823500 2818500  4 12 23   8.0  995 357  2.3 7  5.0  72    0    0 316 -361  3
3823500 2818500  4 12 24   7.5  995 343  2.7 8  5.1  76    0    0 321 -360  3
3823500 2818500  4 13  1   7.1  995 345  2.8 8  5.1  79    0    0 327 -360  3
3823500 2818500  4 13  2   6.5  995 344  2.1 7  5.2  83    0    0 319 -360  3
3823500 2818500  4 13  3   6.5  995 342  1.2 6  5.3  86    0    0 307 -360  3
3823500 2818500  4 13  4   6.6  995 348  2.4 7  5.3  87    0    0 307 -361  3
3823500 2818500  4 13  5   6.6  995 354  1.9 8  5.3  86    0    0 322 -360  3
3823500 2818500  4 13  6   6.5  995 347  1.8 8  5.3  86    0    0 329 -359  3
3823500 2818500  4 13  7   6.6  995 344  1.6 8  5.3  87    0   16 329 -358  3
3823500 2818500  4 13  8   6.6  995 349  1.9 8  5.3  86    0   42 329 -359  3
3823500 2818500  4 13  9   6.8  995 346  2.9 8  5.4  86    0   64 330 -364  3
3823500 2818500  4 13 10   7.1  995 332  3.2 8  5.4  85    0   80 330 -371  3
3823500 2818500  4 13 11   7.5  996 359  3.1 8  5.3  82    0   92 331 -376  3
3823500 2818500  4 13 12   7.9  996 354  3.3 8  5.3  80    0  103 332 -377  3
3823500 2818500  4 13 13   8.1  996 340  3.4 8  5.2  77    0  112 333 -380  3
3823500 2818500  4 13 14   8.7  996 350  3.4 8  5.1  72    0  116 333 -381  3
3823500 2818500  4 13 15   9.2  996 345  3.2 7  4.9  68    0  167 329 -378  3
3823500 2818500  4 13 16   9.8  996 348  3.0 6  4.8  64   21  210 319 -382  3
3823500 2818500  4 13 17   9.8  996 349  2.7 4  4.7  61  153  147 304 -386  3
3823500 2818500  4 13 18   9.2  996 338  3.2 4  4.4  59   76   93 292 -384  3
3823500 2818500  4 13 19   8.8  996 351  2.2 7  4.3  60   14   34 301 -380  3
3823500 2818500  4 13 20   7.6  996   9  3.0 7  4.3  63    0    4 313 -373  3
3823500 2818500  4 13 21   7.1  997 337  2.2 7  4.3  66    0    0 310 -368  3
3823500 2818500  4 13 22   6.8  997 342  1.3 6  4.3  69    0    0 304 -365  3
3823500 2818500  4 13 23   6.3  997 352  0.7 6  4.4  71    0    0 296 -363  3
3823500 2818500  4 13 24   6.1  997 315  0.1 7  4.4  73    0    0 301 -363  3
3823500 2818500  4 14  1   5.0  998 304  0.4 7  4.3  76    0    0 307 -363  3
3823500 2818500  4 14  2   4.9  998 298  0.7 7  4.3  79    0    0 305 -363  3
3823500 2818500  4 14  3   4.4  998 297  1.1 8  4.4  81    0    0 311 -362  3
3823500 2818500  4 14  4   4.5  998 302  1.4 7  4.4  83    0    0 311 -362  3
3823500 2818500  4 14  5   4.2  998 275  1.3 7  4.4  84    0    0 305 -362  3
3823500 2818500  4 14  6   4.1  998 273  1.4 8  4.5  86    0    0 312 -362  3
3823500 2818500  4 14  7   4.7  999 265  1.7 8  4.6  87    0   21 320 -362  3
3823500 2818500  4 14  8   5.6  999 270  2.2 7  4.9  88    4  101 317 -365  3
3823500 2818500  4 14  9   6.6  999 280  2.6 8  5.1  86   13  171 321 -369  3
3823500 2818500  4 14 10   8.0  999 278  3.0 7  5.2  80   75  252 325 -377  3
3823500 2818500  4 14 11   8.6 1000 291  2.6 7  5.0  72   34  271 321 -385  3
3823500 2818500  4 14 12   9.2 1000 288  3.6 7  4.7  66    0  188 323 -393  3
3823500 2818500  4 14 13   9.6 1000 289  2.6 8  4.6  62    1  223 331 -397  3
3823500 2818500  4 14 14   9.9 1000 287  3.2 7  4.6  60    0  199 331 -398  3
3823500 2818500  4 14 15   9.7 1000 261  1.8 7  4.8  63    3  208 326 -399  3
3823500 2818500  4 14 16   9.1 1000 281  2.7 6  4.9  66    8  185 319 -402  3
3823500 2818500  4 14 17   9.2 1000 199  2.3 7  4.9  67    0  108 317 -400  3
3823500 2818500  4 14 18   8.4 1001 194  3.2 8  5.1  71    0   46 327 -395  3
3823500 2818500  4 14 19   8.0 1001 200  3.1 8  5.2  77    0   26 330 -388  3
3823500 2818500  4 14 20   7.4 1001 207  2.0 8  5.3  81    0    2 329 -381  3
3823500 2818500  4 14 21   6.9 1002 221  1.8 8  5.4  84    0    0 328 -375  3
3823500 2818500  4 14 22   6.4 1002 232  1.6 8  5.3  87    0    0 327 -371  3
3823500 2818500  4 14 23   6.6 1003 225  1.5 7  5.4  87    0    0 318 -369  3
3823500 2818500  4 14 24   7.2 1003 208  1.4 7  5.5  86    0    0 301 -367  3
3823500 2818500  4 15  1   8.1  996 177  1.1 7  5.7  83    0    0 324 -377  3
3823500 2818500  4 15  2   8.8  996 181  0.9 6  5.8  81    0    0 324 -375  3
3823500 2818500  4 15  3   9.3  996 177  0.8 6  5.9  79    0    0 318 -375  3
3823500 2818500  4 15  4   9.2  995 174  0.9 6  5.8  79    0    0 309 -374  3
3823500 2818500  4 15  5   9.4  995 113  1.2 6  5.9  79    0    0 308 -373  3
3823500 2818500  4 15  6   9.1  995  63  1.7 7  5.8  79    0    0 313 -372  3
3823500 2818500  4 15  7  10.8  995  66  1.6 5  6.0  77    0   32 309 -372  3
3823500 2818500  4 15  8  13.1  995  91  2.0 5  6.2  70   66  131 302 -375  3
3823500 2818500  4 15  9  15.1  995  84  2.0 4  6.4  62  234  170 302 -383  3
3823500 2818500  4 15 10  16.8  994 108  3.1 5  6.6  57  348  200 309 -392  3
3823500 2818500  4 15 11  18.9  994 142  3.3 6  6.6  51  430  225 328 -403  3
3823500 2818500  4 15 12  19.8  995 131  3.3 6  6.5  45  490  237 342 -419  3
3823500 2818500  4 15 13  20.5  995 120  2.5 5  6.0  40  500  242 341 -430  3
3823500 2818500  4 15 14  20.5  995 129  2.7 5  5.7  38  339  306 338 -437  3
3823500 2818500  4 15 15  18.5  995 242  1.5 8  5.7  40    0  192 346 -435  3
3823500 2818500  4 15 16  14.4  994 233  4.4 8  6.4  54    0   64 349 -425  3
3823500 2818500  4 15 17  13.3  995 220  2.2 8  7.3  72    0   69 341 -415  3
3823500 2818500  4 15 18  13.8  995 257  0.8 8  7.7  78    0   44 338 -399  3
3823500 2818500  4 15 19  13.7  996 233  2.8 7  7.7  77    0   15 334 -384  3
3823500 2818500  4 15 20  12.5  996 230  1.2 7  7.4  77    0    5 325 -374  3
3823500 2818500  4 15 21  11.5  997 270  2.1 7  6.8  77    0    0 320 -369  3
3823500 2818500  4 15 22  10.6  998 295  2.1 8  6.3  75    0    0 321 -367  3
3823500 2818500  4 15 23   9.4  998 285  3.1 7  6.0  77    0    0 318 -366  3
3823500 2818500  4 15 24   8.6  999 291  2.5 6  5.7  79    0    0 308 -365  3
3823500 2818500  4 16  1   8.5  999 328  1.8 5  5.8  82    0    0 300 -364  3
3823500 2818500  4 16  2   8.4  999 354  2.1 5  5.8  84    0    0 296 -362  3
3823500 2818500  4 16  3   8.1  999 358  1.9 6  5.8  84    0    0 300 -361  3
3823500 2818500  4 16  4   7.3  999 349  1.4 5  5.7  85    0    0 299 -360  3
3823500 2818500  4 16  5   6.9  999 335  1.8 6  5.6  88    0    0 299 -360  3
3823500 2818500  4 16  6   7.1  999 326  1.7 8  5.6  88    0    0 313 -360  3
3823500 2818500  4 16  7   7.3  999 345  2.2 7  5.7  88    0   24 320 -360  3
3823500 2818500  4 16  8   8.5  998 336  2.1 5  5.8  86   26  125 307 -363  3
3823500 2818500  4 16  9   8.8  998 330  2.4 6  6.0  85   15  167 306 -369  3
3823500 2818500  4 16 10   9.7  998 340  2.2 8  6.2  84    3  181 321 -377  3
3823500 2818500  4 16 11  10.4  998  11  2.3 6  6.5  83   17  266 324 -387  3
3823500 2818500  4 16 12  12.5  997   2  2.6 7  6.8  80   17  276 324 -399  3
3823500 2818500  4 16 13  14.3  997 350  3.1 7  7.3  75   25  319 335 -413  3
3823500 2818500  4 16 14  16.7  996 353  2.5 7  7.6  68   78  396 342 -425  3
3823500 2818500  4 16 15  18.6  995   5  1.2 5  7.4  58  183  376 340 -434  3
3823500 2818500  4 16 16  19.0  996  54  1.0 6  7.1  51  140  313 338 -436  3
3823500 2818500  4 16 17  19.1  995  48  3.1 6  6.7  48   48  215 341 -433  3
3823500 2818500  4 16 18  18.6  994  44  1.7 5  6.5  47   60  142 334 -429  3
3823500 2818500  4 16 19  17.1  993  47  1.5 6  6.8  53   19   54 331 -419  3
3823500 2818500  4 16 20  16.0  993  36  1.1 6  7.1  60    0    5 330 -409  3
3823500 2818500  4 16 21  15.2  993  49  2.0 6  7.2  64    0    0 326 -402  3
3823500 2818500  4 16 22  15.0  994  50  1.4 5  7.4  67    0    0 318 -397  3
3823500 2818500  4 16 23  14.1  993  41  1.9 5  7.4  70    0    0 311 -393  3
3823500 2818500  4 16 24  13.3  993  56  1.9 7  7.3  73    0    0 320 -388  3
3823500 2818500  4 17  1  12.4  993  51  1.6 6  7.1  76    0    0 323 -384  3
3823500 2818500  4 17  2  11.5  993  54  1.1 5  6.9  78    0    0 310 -381  3
3823500 2818500  4 17  3  10.5  993  50  1.7 4  6.6  79    0    0 295 -379  3
3823500 2818500  4 17  4   9.8  993  50  1.9 5  6.4  81    0    0 294 -378  3
3823500 2818500  4 17  5   9.3  992  49  1.5 4  6.2  82    0    0 294 -379  3
3823500 2818500  4 17  6   9.5  992  52  2.6 6  6.3  84    0    0 302 -379  3
3823500 2818500  4 17  7   9.5  993  25  3.2 7  6.5  86    1   39 324 -378  3
3823500 2818500  4 17  8   9.4  993 345  3.5 7  6.6  88    5   93 331 -374  3
3823500 2818500  4 17  9   9.5  993  26  3.8 7  6.7  89    8  150 331 -371  3
3823500 2818500  4 17 10   9.9  993 344  3.6 7  6.8  89    5  185 332 -372  3
3823500 2818500  4 17 11  10.4  993 346  2.6 8  6.9  88    5  210 340 -376  3
3823500 2818500  4 17 12  10.8  993 354  2.7 8  7.0  86    2  217 346 -380  3
3823500 2818500  4 17 13  11.5  993  21  2.5 7  7.1  84    5  248 341 -382  3
3823500 2818500  4 17 14  12.3  992 357  2.3 7  7.2  81   24  321 337 -380  3
3823500 2818500  4 17 15  13.9  992 324  1.6 6  7.4  77   82  334 335 -379  3
3823500 2818500  4 17 16  15.2  992 331  1.6 5  7.5  71   85  280 329 -378  3
3823500 2818500  4 17 17  16.2  991   5  1.9 3  7.7  68  129  207 317 -378  3
3823500 2818500  4 17 18  15.5  991   8  2.1 3  7.8  68   65  128 305 -379  3
3823500 2818500  4 17 19  15.0  992 343  0.7 4  7.8  70   24   52 307 -380  3
3823500 2818500  4 17 20  12.7  992  46  0.2 4  7.7  76    0    7 304 -379  3
3823500 2818500  4 17 21  10.4  992  81  0.4 1  7.2  83    0    0 275 -378  3
3823500 2818500  4 17 22   9.2  992 240  0.3 1  6.6  85    0    0 248 -378  3
3823500 2818500  4 17 23   9.1  992 214  0.3 1  6.4  87    0    0 244 -378  3
3823500 2818500  4 17 24   9.0  992 301  0.1 3  6.5  89    0    0 255 -378  3
3823500 2818500  4 18  1   8.8  992 331  0.1 3  6.5  89    0    0 265 -378  3
3823500 2818500  4 18  2   9.5  992 196  0.1 5  6.7  91    0    0 279 -378  3
3823500 2818500  4 18  3   9.4  992 172  0.1 6  7.0  92    0    0 303 -377  3
3823500 2818500  4 18  4   9.5  992 327  0.1 6  7.0  94    0    0 309 -375  3
3823500 2818500  4 18  5   9.6  991 314  0.1 7  7.1  94    0    0 317 -373  3
3823500 2818500  4 18  6   9.7  991 336  0.1 7  7.2  94    0    0 326 -372  3
3823500 2818500  4 18  7   9.7  992 183  0.1 7  7.3  95    0    8 328 -371  3
3823500 2818500  4 18  8  10.5  992 170  0.3 8  7.6  96    0   25 338 -372  3
3823500 2818500  4 18  9  11.5  992 208  0.6 8  8.0  95    0   58 349 -375  3
3823500 2818500  4 18 10  12.7  992 190  0.4 7  8.2  91    0   90 347 -380  3
3823500 2818500  4 18 11  13.6  991 166  1.1 7  8.2  85    0  125 344 -387  3
3823500 2818500  4 18 12  13.6  991 191  1.3 8  8.1  82    0  139 352 -393  3
3823500 2818500  4 18 13  14.1  991 167  1.4 8  8.1  80    0  141 359 -397  3
3823500 2818500  4 18 14  14.0  991 213  1.8 8  8.1  79    0  207 361 -402  3
3823500 2818500  4 18 15  14.1  992 249  1.3 7  8.0  78    2  212 354 -407  3
3823500 2818500  4 18 16  15.2  991 176  0.4 6  7.9  75   63  264 344 -406  3
3823500 2818500  4 18 17  15.6  991 224  1.2 5  7.9  70  102  204 332 -399  3
3823500 2818500  4 18 18  16.0  991 206  0.8 4  7.7  67   95  121 319 -394  3
3823500 2818500  4 18 19  15.1  991 153  0.1 6  7.5  66   37   54 323 -389  3
3823500 2818500  4 18 20  13.7  992 127  0.1 7  7.5  71    0    8 336 -385  3
3823500 2818500  4 18 21  13.3  993 257  0.1 7  7.6  77    0    0 339 -382  3
3823500 2818500  4 18 22  12.8  993 248  0.1 7  7.6  80    0    0 336 -380  3
3823500 2818500  4 18 23  12.2  993 289  1.5 8  7.5  81    0    0 341 -379  3
3823500 2818500  4 18 24  11.2  994 300  1.5 7  7.4  85    0    0 339 -379  3
3823500 2818500  4 19  1  10.5  994 289  1.1 7  7.2  87    0    0 328 -378  3
3823500 2818500  4 19  2  10.1  994 266  1.4 7  6.8  86    0    0 328 -378  3
3823500 2818500  4 19  3   9.4  994 282  1.0 7  6.4  84    0    0 327 -377  3
3823500 2818500  4 19  4   9.2  994 264  1.0 7  6.3  84    0    0 326 -374  3
3823500 2818500  4 19  5   9.2  994 283  1.5 7  6.3  85    0    0 327 -372  3
3823500 2818500  4 19  6   9.0  994 277  1.3 7  6.3  86    0    1 327 -371  3
3823500 2818500  4 19  7   9.3  994 286  1.6 8  6.5  88    2   41 335 -371  3
3823500 2818500  4 19  8   9.3  994 305  2.2 7  6.7  90    1   77 336 -372  3
3823500 2818500  4 19  9   9.7  995 309  2.3 6  6.9  91    0  102 323 -375  3
3823500 2818500  4 19 10   9.3  995 314  3.5 6  6.9  91    0  143 316 -378  3
3823500 2818500  4 19 11   8.5  995 329  3.0 8  6.5  90    0  129 325 -379  3
3823500 2818500  4 19 12   8.3  995  42  2.1 8  6.2  89    0  107 335 -379  3
3823500 2818500  4 19 13   8.1  995  50  2.5 8  6.2  89    0  103 335 -380  3
3823500 2818500  4 19 14   8.0  996  52  2.9 8  6.2  91    0  121 335 -381  3
3823500 2818500  4 19 15   7.8  996  51  3.7 7  6.2  92    0  119 329 -380  3
3823500 2818500  4 19 16   7.4  996  55  2.7 8  6.1  92    0   65 328 -377  3
3823500 2818500  4 19 17   7.3  996  45  2.8 8  6.0  93    0   46 334 -373  3
3823500 2818500  4 19 18   7.4  996  59  1.5 8  6.0  93    0   34 334 -369  3
3823500 2818500  4 19 19   7.5  996  41  2.3 8  6.1  93    0   22 334 -366  3
3823500 2818500  4 19 20   7.6  997  44  1.6 8  6.1  93    0    1 335 -365  3
3823500 2818500  4 19 21   7.6  997  46  1.4 8  6.1  92    0    0 334 -364  3
3823500 2818500  4 19 22   7.8  997  42  0.3 8  6.1  92    0    0 334 -362  3
3823500 2818500  4 19 23   7.7  998  62  0.5 8  6.2  92    0    0 334 -360  3
3823500 2818500  4 19 24   8.0  998  75  1.7 8  5.9  88    0    0 335 -356  3
3823500 2818500  4 20  1   7.5  998  64  0.6 8  5.6  83    0    0 335 -349  3
3823500 2818500  4 20  2   6.8  998  66  0.7 8  5.3  82    0    0 333 -342  3
3823500 2818500  4 20  3   6.3  999  62  1.1 7  4.9  79    0    0 324 -336  3
3823500 2818500  4 20  4   5.9  999  67  0.8 7  4.6  77    0    0 315 -331  3
3823500 2818500  4 20  5   5.6  999  69  1.1 8  4.4  77    0    0 318 -327  3
3823500 2818500  4 20  6   5.1  999  66  1.5 7  4.3  76    0    2 314 -323  3
3823500 2818500  4 20  7   5.0 1000  67  1.6 8  4.2  76    0   30 313 -322  3
3823500 2818500  4 20  8   5.1 1001  75  2.1 6  4.2  76   43  108 309 -325  3
3823500 2818500  4 20  9   6.0 1002  75  1.8 5  4.3  75   96  181 293 -333  3
3823500 2818500  4 20 10   6.7 1002  66  3.1 6  4.5  74   94  221 296 -344  3
3823500 2818500  4 20 11   8.4 1003  65  4.0 7  4.6  70  122  261 310 -354  3
3823500 2818500  4 20 12   9.7 1003  60  4.4 7  4.6  64  190  328 315 -363  3
3823500 2818500  4 20 13  11.1 1004  68  3.8 6  4.2  53  261  327 310 -369  3
3823500 2818500  4 20 14  12.0 1004  56  5.1 5  3.6  42  512  219 300 -374  3
3823500 2818500  4 20 15  12.6 1004  67  4.2 4  3.3  37  478  192 290 -376  3
3823500 2818500  4 20 16  12.8 1004  76  4.2 4  3.1  34  406  160 285 -374  3
3823500 2818500  4 20 17  12.5 1005  48  4.6 4  3.0  32  291  132 282 -371  3
3823500 2818500  4 20 18  11.9 1005  81  2.6 3  2.8  32  171   98 274 -365  3
3823500 2818500  4 20 19  11.1 1006  63  2.5 2  2.7  32   60   56 262 -358  3
3823500 2818500  4 20 20   9.0 1006  58  1.3 1  2.8  36    3    9 247 -348  3
3823500 2818500  4 20 21   7.9 1007  49  1.6 1  3.1  44    0    0 237 -337  3
3823500 2818500  4 20 22   7.5 1008  44  1.9 1  3.4  51    0    0 234 -332  3
3823500 2818500  4 20 23   6.8 1009  68  1.9 1  3.5  55    0    0 231 -328  3
3823500 2818500  4 20 24   5.9 1009  63  0.7 1  3.5  58    0    0 228 -325  3
3823500 2818500  4 21  1   5.1 1010  79  1.0 0  3.5  62    0    0 221 -323  3
3823500 2818500  4 21  2   4.1 1010  70  1.4 1  3.6  68    0    0 218 -321  3
3823500 2818500  4 21  3   3.3 1011  55  1.0 1  3.6  72    0    0 220 -322  3
3823500 2818500  4 21  4   1.6 1011  64  1.1 0  3.5  76    0    0 212 -324  3
3823500 2818500  4 21  5   1.4 1011  49  0.6 0  3.4  81    0    0 206 -325  3
3823500 2818500  4 21  6   0.9 1012  76  0.3 0  3.4  82    0    6 205 -326  3
3823500 2818500  4 21  7   3.0 1012  60  0.5 1  3.6  82   38   61 211 -329  3
3823500 2818500  4 21  8   6.6 1012 204  1.3 0  3.9  73  153  112 217 -336  3
3823500 2818500  4 21  9   8.3 1012 186  2.1 0  3.7  57  302  130 219 -346  3
3823500 2818500  4 21 10   9.5 1013 165  1.7 0  3.4  48  451  131 223 -358  3
3823500 2818500  4 21 11  10.1 1013 276  1.4 0  3.4  45  562  132 230 -372  3
3823500 2818500  4 21 12  11.0 1012  36  2.2 1  3.4  44  623  134 242 -377  3
3823500 2818500  4 21 13  12.5 1012  72  2.5 2  3.6  42  578  168 258 -381  3
3823500 2818500  4 21 14  12.2 1012   5  2.6 3  3.6  41  469  218 269 -389  3
3823500 2818500  4 21 15  12.9 1011 310  0.5 3  3.5  39  373  222 273 -392  3
3823500 2818500  4 21 16  12.6 1011 355  2.2 2  3.6  39  393  138 270 -392  3
3823500 2818500  4 21 17  13.4 1010 295  2.6 2  3.7  40  304  104 267 -384  3
3823500 2818500  4 21 18  12.2 1010 321  2.2 2  3.7  40  170   79 267 -373  3
3823500 2818500  4 21 19  11.7 1010   2  1.0 2  3.7  42   58   46 264 -363  3
3823500 2818500  4 21 20   9.2 1010 297  0.6 2  3.8  48    2    8 259 -356  3
3823500 2818500  4 21 21   7.7 1010 353  1.7 1  3.9  57    0    0 250 -346  3
3823500 2818500  4 21 22   6.9 1010 353  0.9 1  4.0  63    0    0 243 -338  3
3823500 2818500  4 21 23   5.8 1011 352  1.1 0  3.9  66    0    0 238 -333  3
3823500 2818500  4 21 24   4.0 1011  15  0.7 0  3.8  71    0    0 232 -328  3
3823500 2818500  4 22  1   2.5 1011  24  0.3 0  3.5  73    0    0 227 -324  3
3823500 2818500  4 22  2   1.4 1011  10  0.3 0  3.3  75    0    0 224 -321  3
3823500 2818500  4 22  3   0.5 1010  47  0.1 0  3.2  79    0    0 221 -319  3
3823500 2818500  4 22  4  -0.1 1010 277  0.1 0  3.2  82    0    0 220 -318  3
3823500 2818500  4 22  5  -0.8 1010   5  0.0 0  3.1  83    0    0 220 -316  3
3823500 2818500  4 22  6  -0.6 1009   0  0.0 0  3.1  85    0   11 221 -315  3
3823500 2818500  4 22  7   2.7 1009 337  0.0 0  3.7  89   54   63 227 -316  3
3823500 2818500  4 22  8   7.2 1010 360  0.0 0  4.5  82  184   97 239 -320  3
3823500 2818500  4 22  9   9.2 1010 344  0.5 0  4.4  65  334  108 246 -333  3
3823500 2818500  4 22 10  10.7 1010 358  0.7 0  4.1  54  475  111 250 -352  3
3823500 2818500  4 22 11  11.9 1010 351  0.6 0  4.0  48  571  119 254 -368  3
3823500 2818500  4 22 12  12.5 1009 340  1.1 1  3.9  44  668  101 261 -380  3
3823500 2818500  4 22 13  13.1 1009 300  1.4 1  3.8  41  735   71 268 -388  3
3823500 2818500  4 22 14  13.8 1008 272  0.7 1  3.8  39  715   63 271 -389  3
3823500 2818500  4 22 15  15.0 1008 312  1.3 0  3.7  36  628   69 269 -388  3
3823500 2818500  4 22 16  15.3 1007  36  0.9 0  3.5  32  515   69 267 -387  3
3823500 2818500  4 22 17  15.0 1007   1  1.4 0  3.3  30  370   72 267 -385  3
3823500 2818500  4 22 18  14.9 1006  37  0.7 0  3.2  30  212   67 265 -378  3
3823500 2818500  4 22 19  13.5 1006  33  1.2 0  3.3  33   76   45 263 -370  3
3823500 2818500  4 22 20  11.2 1006  40  0.5 0  3.4  38    5    9 257 -362  3
3823500 2818500  4 22 21   8.6 1006  63  0.3 0  3.4  44    0    0 248 -354  3
3823500 2818500  4 22 22   8.2 1006  54  0.4 0  3.5  51    0    0 243 -347  3
3823500 2818500  4 22 23   7.1 1007  89  0.1 0  3.8  59    0    0 241 -341  3
3823500 2818500  4 22 24   5.8 1007  51  0.5 0  4.1  68    0    0 237 -337  3
3823500 2818500  4 23  1   5.2 1006  60  1.1 0  4.1  73    0    0 234 -334  3
3823500 2818500  4 23  2   3.8 1006  73  1.0 0  4.0  77    0    0 230 -331  3
3823500 2818500  4 23  3   3.1 1006  73  1.0 0  3.9  80    0    0 226 -329  3
3823500 2818500  4 23  4   1.9 1005  62  0.8 0  3.7  82    0    0 221 -327  3
3823500 2818500  4 23  5   1.5 1005  61  0.5 0  3.6  83    0    0 216 -326  3
3823500 2818500  4 23  6   1.8 1005  62  0.3 0  3.6  84    0   11 214 -324  3
3823500 2818500  4 23  7   4.3 1005  69  0.8 0  4.0  84   41   67 216 -325  3
3823500 2818500  4 23  8   7.8 1005  84  1.5 0  4.3  74  155  121 221 -332  3
3823500 2818500  4 23  9   9.9 1004  82  2.2 0  4.4  61  281  156 227 -346  3
3823500 2818500  4 23 10  12.4 1004  93  2.6 0  4.5  55  409  175 235 -364  3
3823500 2818500  4 23 11  14.0 1004  88  2.6 0  4.6  48  514  185 244 -382  3
3823500 2818500  4 23 12  15.5 1004 122  2.2 0  4.7  44  596  178 253 -398  3
3823500 2818500  4 23 13  16.4 1003  92  2.6 0  4.5  39  654  156 261 -412  3
3823500 2818500  4 23 14  17.1 1003 117  2.4 0  4.1  34  643  143 266 -421  3
3823500 2818500  4 23 15  17.7 1003 251  2.0 1  4.1  33  557  144 274 -425  3
3823500 2818500  4 23 16  17.6 1002 354  1.7 1  4.1  32  454  132 279 -422  3
3823500 2818500  4 23 17  17.8 1002 110  2.5 1  4.1  32  321  118 279 -413  3
3823500 2818500  4 23 18  17.1 1001  59  1.6 1  4.0  32  183   94 277 -399  3
3823500 2818500  4 23 19  16.2 1001  77  1.9 1  4.0  34   65   54 274 -384  3
3823500 2818500  4 23 20  13.2 1002  84  2.2 1  4.4  42    4   10 269 -370  3
3823500 2818500  4 23 21  12.3 1002 113  1.5 1  4.8  51    0    0 264 -360  3
3823500 2818500  4 23 22  11.3 1002  71  0.8 1  4.7  54    0    0 262 -356  3
3823500 2818500  4 23 23   9.9 1002  73  0.3 1  4.6  58    0    0 260 -351  3
3823500 2818500  4 23 24   9.8 1002  95  0.4 1  4.6  60    0    0 258 -344  3
3823500 2818500  4 24  1   8.9 1003 106  0.3 2  4.5  60    0    0 261 -339  3
3823500 2818500  4 24  2   7.8 1003  94  0.1 2  4.3  63    0    0 261 -335  3
3823500 2818500  4 24  3   7.4 1003 100  0.5 2  4.2  64    0    0 259 -332  3
3823500 2818500  4 24  4   6.3 1003 101  0.2 3  4.2  67    0    0 259 -331  3
3823500 2818500  4 24  5   5.3 1003  75  0.7 2  4.1  71    0    0 256 -329  3
3823500 2818500  4 24  6   4.9 1003  90  0.7 2  4.1  74    0   10 250 -327  3
3823500 2818500  4 24  7   6.7 1003  89  0.5 1  4.2  72   40   69 246 -328  3
3823500 2818500  4 24  8   8.7 1003 103  1.3 0  4.4  67  160  114 242 -334  3
3823500 2818500  4 24  9  11.9 1003  98  2.1 0  4.8  62  313  128 244 -346  3
3823500 2818500  4 24 10  14.3 1003 110  2.5 0  5.3  56  452  134 254 -361  3
3823500 2818500  4 24 11  15.4 1003  83  2.6 0  5.6  52  560  135 260 -377  3
3823500 2818500  4 24 12  15.8 1003  92  2.7 2  5.5  50  362  292 270 -392  3
3823500 2818500  4 24 13  16.5 1002  86  3.2 2  5.5  48  388  289 281 -402  3
3823500 2818500  4 24 14  17.4 1002  90  2.7 2  5.7  47  329  299 286 -408  3
3823500 2818500  4 24 15  17.5 1001  96  2.7 2  5.7  45  262  281 290 -410  3
3823500 2818500  4 24 16  17.3 1001  79  2.7 4  5.6  44   68  249 297 -408  3
3823500 2818500  4 24 17  16.8 1001  98  2.4 7  5.5  45   10  165 317 -403  3
3823500 2818500  4 24 18  16.6 1000  82  2.3 6  5.5  46   42  125 323 -395  3
3823500 2818500  4 24 19  15.8 1000  81  2.6 5  5.5  47   69   47 312 -384  3
3823500 2818500  4 24 20  14.4 1000  76  1.1 5  5.4  50    3    9 305 -370  3
3823500 2818500  4 24 21  13.3 1000  82  0.6 6  5.2  52    0    0 303 -360  3
3823500 2818500  4 24 22  12.6 1001  77  0.9 5  5.1  54    0    0 298 -353  3
3823500 2818500  4 24 23  12.8 1001  76  1.4 6  5.0  54    0    0 299 -347  3
3823500 2818500  4 24 24  12.3 1001  74  0.2 7  4.9  54    0    0 306 -343  3
3823500 2818500  4 25  1  10.6 1001  76  0.4 6  4.8  56    0    0 301 -338  3
3823500 2818500  4 25  2   9.3 1000  69  0.6 6  4.5  58    0    0 292 -334  3
3823500 2818500  4 25  3   8.5 1000  66  1.0 6  4.2  59    0    0 287 -332  3
3823500 2818500  4 25  4   7.9 1000  76  0.6 5  4.1  60    0    0 282 -330  3
3823500 2818500  4 25  5   7.2 1000  71  0.2 6  4.0  61    0    0 280 -329  3
3823500 2818500  4 25  6   7.3 1000  75  0.8 5  4.0  62    0    8 280 -327  3
3823500 2818500  4 25  7   7.4 1000  72  0.7 6  4.1  64    0   46 280 -327  3
3823500 2818500  4 25  8   7.8 1000  78  1.4 7  4.4  67    2  114 290 -333  3
3823500 2818500  4 25  9   9.0 1000  74  2.2 5  4.7  68   44  248 289 -344  3
3823500 2818500  4 25 10  10.4 1000  78  2.9 5  5.0  66  166  335 284 -358  3
3823500 2818500  4 25 11  10.4 1000  60  3.2 4  5.0  63  188  392 283 -373  3
3823500 2818500  4 25 12  10.9 1000  77  3.5 5  4.9  60  195  428 285 -387  3
3823500 2818500  4 25 13  11.1 1000  62  2.8 4  4.9  59  354  390 286 -397  3
3823500 2818500  4 25 14  12.8 1000  75  3.0 3  5.0  57  408  340 281 -403  3
3823500 2818500  4 25 15  13.4 1000  56  3.7 2  5.1  54  361  311 277 -406  3
3823500 2818500  4 25 16  13.3 1000  83  2.6 2  5.1  52  341  256 273 -406  3
3823500 2818500  4 25 17  13.2 1000  62  3.0 2  5.1  53  248  209 273 -402  3
3823500 2818500  4 25 18  12.8 1000  75  2.8 1  5.2  55  145  147 267 -395  3
3823500 2818500  4 25 19  11.8 1000  74  1.9 4  5.2  57   45   73 273 -385  3
3823500 2818500  4 25 20  10.6 1001  74  0.5 4  5.2  62    2   10 283 -374  3
3823500 2818500  4 25 21   9.2 1001  69  0.5 3  5.1  66    0    0 273 -363  3
3823500 2818500  4 25 22   8.8 1002  65  0.4 4  5.1  71    0    0 269 -355  3
3823500 2818500  4 25 23   9.0 1002  56  0.5 6  5.3  73    0    0 283 -348  3
3823500 2818500  4 25 24   9.2 1002  45  0.8 7  5.3  73    0    0 299 -342  3
3823500 2818500  4 26  1   9.3 1003  54  1.0 6  5.2  71    0    0 300 -338  3
3823500 2818500  4 26  2   9.2 1003  58  1.6 5  5.1  69    0    0 292 -334  3
3823500 2818500  4 26  3   9.0 1003  59  1.3 5  5.0  69    0    0 288 -330  3
3823500 2818500  4 26  4   8.5 1003  68  0.8 4  5.0  70    0    0 284 -326  3
3823500 2818500  4 26  5   7.7 1003  63  1.1 4  4.9  73    0    0 279 -323  3
3823500 2818500  4 26  6   7.5 1003  72  0.8 4  5.0  76    1   13 278 -321  3
3823500 2818500  4 26  7   8.2 1004  81  0.8 5  5.1  77   14   74 283 -322  3
3823500 2818500  4 26  8   9.4 1004  87  0.9 5  5.4  76   46  153 291 -329  3
3823500 2818500  4 26  9  10.7 1004  86  1.2 5  5.6  72   53  225 295 -341  3
3823500 2818500  4 26 10  12.4 1005 110  2.0 6  5.9  69   46  280 307 -359  3
3823500 2818500  4 26 11  13.1 1005 113  1.8 6  6.1  66   45  314 318 -378  3
3823500 2818500  4 26 12  13.4 1005 149  2.2 7  6.4  67    3  242 324 -396  3
3823500 2818500  4 26 13  13.2 1005 173  2.4 7  6.6  69    0  206 327 -410  3
3823500 2818500  4 26 14  13.5 1005 190  2.2 7  6.8  70    6  254 324 -419  3
3823500 2818500  4 26 15  13.9 1005 189  2.4 7  6.9  70    0  178 322 -423  3
3823500 2818500  4 26 16  12.4 1005 214  3.1 7  7.0  74    0  117 320 -423  3
3823500 2818500  4 26 17  12.6 1005  26  1.4 6  7.3  81   14  175 314 -417  3
3823500 2818500  4 26 18  13.1 1005 156  2.2 6  7.5  81   44  130 310 -406  3
3823500 2818500  4 26 19  12.5 1005 165  1.4 8  7.4  80    0   35 319 -392  3
3823500 2818500  4 26 20  11.9 1005 138  1.3 8  7.3  82    0    2 327 -379  3
3823500 2818500  4 26 21  11.6 1005 153  1.1 8  7.4  86    0    0 327 -369  3
3823500 2818500  4 26 22  11.2 1005 161  1.1 8  7.4  88    0    0 326 -361  3
3823500 2818500  4 26 23  10.8 1005 166  0.9 8  7.4  90    0    0 324 -357  3
3823500 2818500  4 26 24  10.4 1004 166  0.9 7  7.4  92    0    0 318 -355  3
3823500 2818500  4 27  1  10.6 1004 170  0.7 6  7.4  93    0    0 311 -355  3
3823500 2818500  4 27  2  10.6 1004 166  0.8 7  7.5  93    0    0 313 -355  3
3823500 2818500  4 27  3  10.6 1003 173  1.1 7  7.6  94    0    0 318 -355  3
3823500 2818500  4 27  4  10.3 1003 148  0.9 8  7.5  94    0    0 324 -355  3
3823500 2818500  4 27  5  10.3 1003 175  1.3 8  7.4  94    0    0 329 -356  3
3823500 2818500  4 27  6  10.5 1002 217  3.3 8  7.4  93    0    3 332 -358  3
3823500 2818500  4 27  7  10.1 1002 255  3.3 8  7.3  92    2   55 331 -361  3
3823500 2818500  4 27  8  10.5 1002 224  3.1 8  7.3  93    0   95 331 -365  3
3823500 2818500  4 27  9  10.7 1003 235  3.8 6  7.4  92    4  171 323 -369  3
3823500 2818500  4 27 10  11.1 1003 260  4.7 6  7.3  89   21  257 315 -372  3
3823500 2818500  4 27 11  11.1 1004 267  5.9 7  7.0  84    1  220 320 -378  3
3823500 2818500  4 27 12  12.6 1005 281  6.0 6  6.8  78   78  345 321 -385  3
3823500 2818500  4 27 13  14.4 1005 274  7.2 4  6.4  66  279  339 310 -391  3
3823500 2818500  4 27 14  14.9 1005 300  6.1 5  5.6  54  155  344 305 -395  3
3823500 2818500  4 27 15  14.9 1006 271  5.3 5  5.2  49  230  295 307 -402  3
3823500 2818500  4 27 16  15.1 1006 271  5.1 3  5.1  48  514   79 297 -408  3
3823500 2818500  4 27 17  14.8 1007 290  4.6 2  5.0  47  392   73 283 -399  3
3823500 2818500  4 27 18  14.4 1007 286  5.1 2  4.9  47  205   74 277 -390  3
3823500 2818500  4 27 19  13.4 1008 291  3.5 3  4.9  49   88   48 278 -383  3
3823500 2818500  4 27 20  11.6 1008 285  1.4 3  4.9  54    8   10 277 -371  3
3823500 2818500  4 27 21   9.1 1009 272  1.1 1  4.7  60    0    0 259 -362  3
3823500 2818500  4 27 22   7.4 1010 234  1.2 0  4.5  66    0    0 240 -356  3
3823500 2818500  4 27 23   6.5 1010 216  1.2 0  4.5  72    0    0 232 -352  3
3823500 2818500  4 27 24   7.1 1011 218  1.3 0  4.8  77    0    0 233 -349  3
3823500 2818500  4 28  1   7.0 1011 203  1.2 0  5.0  80    0    0 238 -347  3
3823500 2818500  4 28  2   6.4 1011 203  1.3 0  5.1  83    0    0 239 -345  3
3823500 2818500  4 28  3   6.2 1011 219  1.5 1  5.0  84    0    0 243 -344  3
3823500 2818500  4 28  4   7.0 1011 209  1.5 2  5.1  84    0    0 253 -343  3
3823500 2818500  4 28  5   5.4 1011 193  1.4 2  4.9  84    0    0 255 -342  3
3823500 2818500  4 28  6   5.5 1012 190  1.6 2  4.8  85    4   17 252 -341  3
3823500 2818500  4 28  7   8.2 1012 206  1.6 1  5.3  86   66   82 253 -342  3
3823500 2818500  4 28  8  10.4 1012 227  2.0 2  5.9  80  137  143 261 -350  3
3823500 2818500  4 28  9  12.5 1013 238  2.4 4  6.1  72  227  204 280 -363  3
3823500 2818500  4 28 10  13.8 1013 222  2.9 6  6.1  65  310  254 303 -378  3
3823500 2818500  4 28 11  15.0 1013 237  3.3 6  5.9  58  346  306 313 -394  3
3823500 2818500  4 28 12  15.6 1013 235  2.8 7  5.8  54  260  374 319 -409  3
3823500 2818500  4 28 13  15.9 1013 251  2.7 6  5.7  52  261  383 320 -422  3
3823500 2818500  4 28 14  17.2 1012 237  2.7 6  5.8  49  343  334 320 -429  3
3823500 2818500  4 28 15  16.9 1012 183  2.1 5  5.9  48  294  308 321 -428  3
3823500 2818500  4 28 16  18.1 1012 215  1.6 5  5.8  47  219  266 320 -423  3
3823500 2818500  4 28 17  18.1 1012 166  1.5 7  5.8  45   92  215 331 -412  3
3823500 2818500  4 28 18  18.0 1011 158  2.3 6  5.8  45  111  126 336 -399  3
3823500 2818500  4 28 19  16.3 1011 142  1.1 5  5.9  48   66   63 330 -392  3
3823500 2818500  4 28 20  14.7 1011 144  1.1 7  5.9  54    7   13 331 -387  3
3823500 2818500  4 28 21  14.2 1011 111  1.8 7  6.0  58    0    0 337 -382  3
3823500 2818500  4 28 22  13.9 1011 118  1.0 7  6.0  60    0    0 338 -380  3
3823500 2818500  4 28 23  13.9 1011 130  1.4 7  6.0  60    0    0 340 -378  3
3823500 2818500  4 28 24  13.5 1011 150  1.2 7  6.1  62    0    0 342 -377  3
3823500 2818500  4 29  1  13.5 1011 186  1.1 7  6.2  64    0    0 342 -376  3
3823500 2818500  4 29  2  13.2 1011 188  1.0 7  6.3  66    0    0 344 -376  3
3823500 2818500  4 29  3  13.1 1011 148  1.2 7  6.4  67    0    0 345 -376  3
3823500 2818500  4 29  4  12.9 1010 159  1.3 7  6.4  68    0    0 344 -376  3
3823500 2818500  4 29  5  12.2 1010 188  1.7 7  6.4  71    0    0 344 -376  3
3823500 2818500  4 29  6  11.6 1010 196  1.1 7  6.5  75    0    1 343 -376  3
3823500 2818500  4 29  7  11.2 1010 167  1.3 8  6.8  81    0   16 349 -377  3
3823500 2818500  4 29  8  11.4 1010 156  1.5 8  7.2  86    0   32 358 -378  3
3823500 2818500  4 29  9  11.6 1010 156  1.3 8  7.6  90    0   88 360 -380  3
3823500 2818500  4 29 10  11.9 1010 174  1.8 8  8.0  93    0  160 362 -382  3
3823500 2818500  4 29 11  12.7 1010 177  1.9 8  8.4  94    0  145 364 -385  3
3823500 2818500  4 29 12  13.5 1010 217  1.9 7  8.9  94    0  162 362 -388  3
3823500 2818500  4 29 13  14.6 1010 258  1.9 8  9.4  93    0  161 366 -391  3
3823500 2818500  4 29 14  14.8 1010 229  1.6 8  9.6  91    0  161 373 -395  3
3823500 2818500  4 29 15  15.3 1010 285  1.5 8  9.5  88    0  132 371 -410  3
3823500 2818500  4 29 16  15.9 1010 227  1.2 8  9.5  85    0  166 370 -422  3
3823500 2818500  4 29 17  16.8 1010 244  1.7 5  9.2  79  103  198 352 -420  3
3823500 2818500  4 29 18  16.5 1011 256  1.4 5  8.9  74   42  130 333 -414  3
3823500 2818500  4 29 19  16.1 1011 227  0.8 7  8.8  75    4   48 342 -404  3
3823500 2818500  4 29 20  15.0 1011 223  0.8 6  8.7  79    0    7 343 -394  3
3823500 2818500  4 29 21  13.2 1011 144  0.4 7  8.3  82    0    0 336 -386  3
3823500 2818500  4 29 22  11.8 1011 264  0.3 7  7.7  85    0    0 336 -378  3
3823500 2818500  4 29 23  11.0 1011 233  0.5 7  7.3  87    0    0 330 -371  3
3823500 2818500  4 29 24   9.9 1011 341  0.1 3  6.9  87    0    0 307 -366  3
3823500 2818500  4 30  1   9.8 1011 348  0.4 5  6.8  90    0    0 294 -362  3
3823500 2818500  4 30  2  10.2 1011 328  0.0 5  7.3  95    0    0 304 -357  3
3823500 2818500  4 30  3  10.2 1011 123  0.0 7  7.7  99    0    0 315 -352  3
3823500 2818500  4 30  4  12.2 1011 107  0.4 8  8.0  96    0    0 333 -348  3
3823500 2818500  4 30  5  10.4 1010 119  0.7 6  8.0  96    0    0 326 -349  3
3823500 2818500  4 30  6  10.9 1010 128  0.7 8  7.7  96    3   14 321 -353  3
3823500 2818500  4 30  7  11.6 1010 142  0.7 6  8.0  96    4   63 321 -357  3
3823500 2818500  4 30  8  12.4 1010 163  1.3 7  8.6  97    4  117 319 -368  3
3823500 2818500  4 30  9  13.5 1010 145  1.5 7  9.2  98    8  181 326 -382  3
3823500 2818500  4 30 10  15.0 1009 135  1.5 7  9.6  94   28  257 330 -399  3
3823500 2818500  4 30 11  16.3 1009 165  1.3 7  9.6  86   41  296 333 -418  3
3823500 2818500  4 30 12  16.9 1009 207  1.1 8  9.4  79    7  261 340 -434  3
3823500 2818500  4 30 13  17.3 1008 193  1.3 7  9.3  76   13  278 342 -447  3
3823500 2818500  4 30 14  17.6 1008 173  1.3 7  9.2  74    8  256 341 -454  3
3823500 2818500  4 30 15  17.4 1007 156  1.5 8  9.1  72    0  181 345 -454  3
3823500 2818500  4 30 16  18.1 1007 140  1.0 7  9.2  72    4  192 348 -453  3
3823500 2818500  4 30 17  18.1 1007 169  1.1 6  9.2  70   43  187 343 -448  3
3823500 2818500  4 30 18  18.0 1006 165  0.6 6  9.1  70   64  120 340 -436  3
3823500 2818500  4 30 19  17.7 1006 167  0.1 6  9.3  72   29   51 341 -423  3
3823500 2818500  4 30 20  15.7 1005 298  0.2 8  9.1  76    7    9 345 -412  3
3823500 2818500  4 30 21  14.2 1005  72  0.6 7  8.8  82    0    0 345 -401  3
3823500 2818500  4 30 22  13.0 1005  58  0.1 5  8.3  85    0    0 330 -393  3
3823500 2818500  4 30 23  12.3 1005 133  0.4 5  7.9  86    0    0 320 -390  3
3823500 2818500  4 30 24  11.4 1005  47  0.2 6  7.7  88    0    0 325 -389  3
3823500 2818500  5  1  1  10.5 1004 313  0.0 3  7.2  90    0    0 312 -389  3
3823500 2818500  5  1  2   9.9 1004  44  0.1 3  7.0  90    0    0 307 -389  3
3823500 2818500  5  1  3   9.5 1004 131  0.0 3  6.9  91    0    0 304 -389  3
3823500 2818500  5  1  4   8.5 1004  94  0.1 3  6.7  93    0    0 301 -388  3
3823500 2818500  5  1  5   7.9 1004  86  0.1 5  6.5  95    0    0 308 -388  3
3823500 2818500  5  1  6   8.5 1004 195  0.3 3  6.6  97    0   18 311 -389  3
3823500 2818500  5  1  7  11.9 1004 143  0.1 4  7.4  95   23   97 315 -391  3
3823500 2818500  5  1  8  15.5 1004 111  0.1 4  9.0  91   98  181 329 -395  3
3823500 2818500  5  1  9  18.1 1004 124  0.9 3 10.0  82  224  229 335 -397  3
3823500 2818500  5  1 10  19.7 1003 158  1.2 3  9.8  71  346  253 339 -401  3
3823500 2818500  5  1 11  21.1 1003 158  2.2 2  9.7  64  447  266 346 -413  3
3823500 2818500  5  1 12  22.6 1004 149  1.9 1  9.6  58  504  275 350 -425  3
3823500 2818500  5  1 13  23.7 1004 144  1.6 1  9.3  52  527  272 352 -432  3
3823500 2818500  5  1 14  24.6 1003 142  1.6 1  9.5  50  527  251 356 -435  3
3823500 2818500  5  1 15  25.5 1003 168  1.0 3  9.6  48  456  240 363 -441  3
3823500 2818500  5  1 16  26.2 1002 138  1.3 4  9.8  46  375  208 374 -445  3
3823500 2818500  5  1 17  26.3 1002 158  1.6 6 10.1  47  183  200 385 -444  3
3823500 2818500  5  1 18  25.8 1002 130  0.9 7 10.3  48   53  142 395 -441  3
3823500 2818500  5  1 19  24.6 1001  64  0.2 6 10.5  52   26   72 389 -433  3
3823500 2818500  5  1 20  22.6 1001 111  0.7 7 10.4  56    2   17 383 -425  3
3823500 2818500  5  1 21  21.7 1001 104  1.0 5 10.3  61    0    0 374 -418  3
3823500 2818500  5  1 22  20.5 1002 125  1.4 4 10.4  66    0    0 357 -411  3
3823500 2818500  5  1 23  20.3 1002 149  1.9 4 10.1  67    0    0 349 -402  3
3823500 2818500  5  1 24  19.8 1002 154  1.5 5  9.7  65    0    0 352 -395  3
3823500 2818500  5  2  1  18.6 1001 171  1.7 6  9.4  66    0    0 357 -391  3
3823500 2818500  5  2  2  17.9 1001 170  2.2 6  9.2  69    0    0 358 -389  3
3823500 2818500  5  2  3  17.0 1001 179  1.5 6  8.9  71    0    0 355 -388  3
3823500 2818500  5  2  4  16.1 1001 185  2.1 6  8.6  72    0    0 352 -387  3
3823500 2818500  5  2  5  16.3 1001 199  0.7 6  8.5  73    0    0 353 -388  3
3823500 2818500  5  2  6  16.8 1001 149  2.1 6  8.5  72    0    4 355 -388  3
3823500 2818500  5  2  7  18.3 1001 223  1.4 8  8.8  69    0   31 366 -390  3
3823500 2818500  5  2  8  19.0 1001 199  1.3 6  9.0  66   21  156 367 -394  3
3823500 2818500  5  2  9  19.7 1002 199  2.3 6  9.0  63    2  171 360 -399  3
3823500 2818500  5  2 10  19.4 1002 282  2.7 8  9.1  64    0  156 367 -403  3
3823500 2818500  5  2 11  20.4 1002 182  0.8 7  9.6  65    6  245 374 -408  3
3823500 2818500  5  2 12  22.2 1003 219  2.5 7 10.2  63  206  351 380 -415  3
3823500 2818500  5  2 13  23.1 1003 255  3.4 6 10.1  58  463  283 383 -420  3
3823500 2818500  5  2 14  24.4 1003 281  2.4 6  9.8  53  473  258 384 -421  3
3823500 2818500  5  2 15  23.4 1003 289  2.7 5  9.8  52  154  305 382 -419  3
3823500 2818500  5  2 16  21.7 1003 262  2.8 6  9.7  56    5  184 377 -415  3
3823500 2818500  5  2 17  20.7 1004 303  1.3 8 10.2  64    0   87 385 -413  3
3823500 2818500  5  2 18  20.0 1004 273  2.2 6 10.3  68   42  132 383 -412  3
3823500 2818500  5  2 19  19.0 1003 290  1.9 6 10.0  70   28   69 369 -409  3
3823500 2818500  5  2 20  16.5 1004 308  1.6 7  9.9  77   10   22 365 -400  3
3823500 2818500  5  2 21  16.0 1004 266  0.3 7  9.7  83    0    0 363 -392  3
3823500 2818500  5  2 22  15.3 1005  11  0.4 6  9.5  85    0    0 356 -386  3
3823500 2818500  5  2 23  14.4 1005 281  1.1 6  9.2  87    0    0 347 -382  3
3823500 2818500  5  2 24  14.0 1005 239  0.4 8  9.2  90    0    0 355 -378  3
3823500 2818500  5  3  1  13.7 1006 309  0.1 5  9.0  90    0    0 348 -373  3
3823500 2818500  5  3  2  12.4 1006 331  0.2 3  8.5  90    0    0 319 -367  3
3823500 2818500  5  3  3  12.3 1006  96  0.3 3  8.3  92    0    0 306 -364  3
3823500 2818500  5  3  4  12.5 1005  33  0.0 4  8.3  92    0    0 309 -365  3
3823500 2818500  5  3  5  12.9 1005  76  0.1 8  8.4  91    0    0 333 -365  3
3823500 2818500  5  3  6  12.9 1005 101  0.0 8  8.7  92    0   18 353 -366  3
3823500 2818500  5  3  7  13.5 1004  78  0.3 8  9.1  95    0   45 355 -371  3
3823500 2818500  5  3  8  14.0 1004 102  0.7 8  9.6  96    0   74 356 -379  3
3823500 2818500  5  3  9  15.4 1004  63  0.7 6 10.1  96   34  189 349 -390  3
3823500 2818500  5  3 10  16.4 1004  82  1.6 6 10.3  90    0  184 344 -397  3
3823500 2818500  5  3 11  15.6 1003 150  3.1 7  9.9  86    0   95 349 -403  3
3823500 2818500  5  3 12  15.1 1003 247  1.2 6  9.9  90    0  198 348 -406  3
3823500 2818500  5  3 13  16.5 1003 136  1.0 8 10.4  91    4  225 355 -414  3
3823500 2818500  5  3 14  16.5 1003 252  0.6 8 10.3  87    0  146 366 -429  3
3823500 2818500  5  3 15  16.6 1002 179  0.9 8 10.1  85    0  165 366 -434  3
3823500 2818500  5  3 16  16.3 1002 255  2.6 7 10.0  84    6  166 359 -430  3
3823500 2818500  5  3 17  16.3 1002 257  1.8 7  9.7  82   14  145 352 -421  3
3823500 2818500  5  3 18  16.4 1002 241  4.0 7  9.4  80   20   99 348 -416  3
3823500 2818500  5  3 19  15.0 1002 286  1.3 6  9.3  82    4   46 341 -407  3
3823500 2818500  5  3 20  14.4 1002 248  1.5 7  9.3  88   12   13 337 -399  3
3823500 2818500  5  3 21  13.5 1003 253  1.4 6  8.9  89    0    0 334 -392  3
3823500 2818500  5  3 22  12.0 1003 227  1.3 5  8.2  88    0    0 321 -386  3
3823500 2818500  5  3 23  11.1 1003 285  0.7 5  7.6  88    0    0 313 -386  3
3823500 2818500  5  3 24   9.6 1003 195  1.2 3  7.1  90    0    0 300 -387  3
3823500 2818500  5  4  1  10.6 1003 197  1.3 4  7.1  92    0    0 295 -386  3
3823500 2818500  5  4  2  11.4 1003 180  1.0 7  7.8  94    0    0 320 -384  3
3823500 2818500  5  4  3  11.8 1002 227  2.5 7  8.0  93    0    0 338 -383  3
3823500 2818500  5  4  4  11.1 1003 211  1.8 6  7.9  92    0    0 334 -383  3
3823500 2818500  5  4  5  11.4 1002 252  1.7 7  7.7  92    0    0 333 -381  3
3823500 2818500  5  4  6  11.1 1002 221  0.9 7  7.8  92    0   20 338 -381  3
3823500 2818500  5  4  7  11.9 1002 206  1.4 7  8.0  93    0   66 339 -382  3
3823500 2818500  5  4  8  12.1 1002 236  1.7 7  8.2  92    0   68 342 -385  3
3823500 2818500  5  4  9  12.7 1003 254  2.6 7  8.1  89    2  168 345 -391  3
3823500 2818500  5  4 10  13.4 1003 280  1.8 6  7.9  83    6  234 343 -396  3
3823500 2818500  5  4 11  14.0 1003 271  1.6 6  7.7  78   19  290 342 -400  3
3823500 2818500  5  4 12  14.5 1003 290  2.2 5  7.6  74   84  361 340 -405  3
3823500 2818500  5  4 13  15.2 1003 282  1.5 4  7.4  69  206  418 336 -409  3
3823500 2818500  5  4 14  15.4 1003 306  3.3 4  7.4  67  234  403 333 -407  3
3823500 2818500  5  4 15  16.5 1003 317  1.6 4  7.5  66  154  356 334 -404  3
3823500 2818500  5  4 16  15.6 1003 338  1.7 4  7.5  65  159  305 331 -402  3
3823500 2818500  5  4 17  15.1 1003 351  2.4 6  7.7  70   29  197 335 -397  3
3823500 2818500  5  4 18  14.5 1004 343  1.9 6  7.9  74   11  119 342 -388  3
3823500 2818500  5  4 19  14.1 1004 353  0.8 5  7.8  76   34   83 335 -377  3
3823500 2818500  5  4 20  12.8 1004 349  2.2 7  7.7  79    8   25 337 -367  3
3823500 2818500  5  4 21  12.2 1005 348  2.1 7  7.4  81    0    0 346 -359  3
3823500 2818500  5  4 22  11.0 1006 337  2.2 8  7.1  82    0    0 347 -354  3
3823500 2818500  5  4 23  10.1 1007 357  3.3 8  6.7  83    0    0 350 -350  3
3823500 2818500  5  4 24   9.2 1007 340  2.9 8  6.3  84    0    0 346 -347  3
3823500 2818500  5  5  1   8.5 1007 341  2.7 8  6.0  84    0    0 342 -344  3
3823500 2818500  5  5  2   7.2 1008 346  3.0 8  5.4  81    0    0 336 -341  3
3823500 2818500  5  5  3   5.9 1008 324  1.3 6  4.9  80    0    0 317 -339  3
3823500 2818500  5  5  4   4.6 1008 309  0.5 3  4.7  84    0    0 281 -337  3
3823500 2818500  5  5  5   3.9 1009 306  0.7 2  4.6  88    0    0 252 -335  3
3823500 2818500  5  5  6   4.5 1009 288  0.6 1  4.7  91    8   31 239 -334  3
3823500 2818500  5  5  7   6.2 1009 296  1.5 1  4.9  88   94   81 234 -336  3
3823500 2818500  5  5  8   7.8 1009 314  3.1 2  5.1  82  233  106 242 -344  3
3823500 2818500  5  5  9   9.6 1009 286  2.0 3  5.2  74  401  100 257 -356  3
3823500 2818500  5  5 10  10.8 1009 292  3.0 5  5.0  65  440  159 277 -369  3
3823500 2818500  5  5 11  11.7 1009 293  3.0 7  4.8  57  248  304 301 -380  3
3823500 2818500  5  5 12  12.3 1009 280  3.4 6  4.6  53  327  305 310 -387  3
3823500 2818500  5  5 13  12.8 1009 273  3.5 7  4.7  52  219  328 313 -391  3
3823500 2818500  5  5 14  12.6 1009 302  2.7 8  4.5  49   57  291 325 -389  3
3823500 2818500  5  5 15  13.0 1009 290  2.3 7  4.1  44   87  274 326 -383  3
3823500 2818500  5  5 16  13.3 1009 276  3.1 7  3.9  41   68  232 325 -379  3
3823500 2818500  5  5 17  13.1 1008 277  3.8 7  3.7  40   53  184 328 -378  3
3823500 2818500  5  5 18  11.9 1008 267  1.7 6  3.7  41   27  121 325 -376  3
3823500 2818500  5  5 19  11.1 1007 298  2.4 6  3.9  46    3   51 321 -375  3
3823500 2818500  5  5 20  10.9 1007 265  2.2 7  4.3  52    3   15 327 -374  3
3823500 2818500  5  5 21  10.8 1007 256  1.2 7  4.6  57    0    0 332 -372  3
3823500 2818500  5  5 22  10.5 1007 252  1.9 7  5.1  63    0    0 334 -371  3
3823500 2818500  5  5 23  10.2 1006 248  2.1 7  5.5  70    0    0 335 -369  3
3823500 2818500  5  5 24   9.9 1006 230  2.1 7  5.8  75    0    0 336 -368  3
3823500 2818500  5  6  1   9.9 1005 232  2.5 8  6.2  80    0    0 342 -366  3
3823500 2818500  5  6  2   9.6 1004 234  2.3 8  6.5  85    0    0 348 -366  3
3823500 2818500  5  6  3   9.4 1004 251  2.4 8  6.7  89    0    0 348 -367  3
3823500 2818500  5  6  4   9.6 1003 237  3.1 8  6.8  91    0    0 350 -367  3
3823500 2818500  5  6  5   9.8 1003 260  2.9 8  6.9  90    0    0 350 -366  3
3823500 2818500  5  6  6   9.9 1002 261  2.8 7  6.9  90    0   12 345 -366  3
3823500 2818500  5  6  7  10.4 1002 267  3.3 6  7.0  90    8   73 333 -365  3
3823500 2818500  5  6  8  10.9 1002 260  4.2 6  7.0  86  123  117 326 -367  3
3823500 2818500  5  6  9  11.4 1002 272  4.2 6  6.6  79  174  164 326 -370  3
3823500 2818500  5  6 10  10.4 1002 278  4.9 8  6.0  73    5  200 334 -375  3
3823500 2818500  5  6 11   8.9 1002 279  4.6 6  5.8  77   86  263 330 -376  3
3823500 2818500  5  6 12  10.1 1003 264  4.0 8  6.0  80    0  129 327 -375  3
3823500 2818500  5  6 13   7.7 1003 288  3.3 8  6.0  83    0  164 327 -381  3
3823500 2818500  5  6 14   9.4 1003 298  2.7 6  5.9  84   28  247 317 -384  3
3823500 2818500  5  6 15  10.6 1003 290  4.5 6  6.0  77   47  231 313 -384  3
3823500 2818500  5  6 16  10.1 1003 283  5.3 5  5.8  73   58  198 308 -380  3
3823500 2818500  5  6 17  11.8 1004 293  2.8 4  5.3  65  204  108 299 -376  3
3823500 2818500  5  6 18  10.7 1004 299  3.8 3  5.0  60  177   73 291 -376  3
3823500 2818500  5  6 19  10.5 1004 293  3.4 3  4.9  61  103   42 281 -371  3
3823500 2818500  5  6 20   9.1 1004 269  2.5 4  4.9  65   10   15 280 -364  3
3823500 2818500  5  6 21   7.7 1005 273  2.2 0  5.0  72    0    0 262 -356  3
3823500 2818500  5  6 22   6.7 1005 246  0.4 2  4.9  77    0    0 248 -351  3
3823500 2818500  5  6 23   6.3 1005 239  1.3 3  4.9  81    0    0 255 -348  3
3823500 2818500  5  6 24   6.9 1004 230  1.6 4  5.0  82    0    0 262 -346  3
3823500 2818500  5  7  1   6.9 1004 241  1.9 7  5.1  81    0    0 279 -346  3
3823500 2818500  5  7  2   6.6 1003 215  1.2 7  5.1  83    0    0 291 -346  3
3823500 2818500  5  7  3   6.4 1002 196  1.2 8  5.3  87    0    0 296 -348  3
3823500 2818500  5  7  4   6.4 1001 173  0.4 8  5.4  90    0    0 303 -348  3
3823500 2818500  5  7  5   6.6 1001 200  1.3 8  5.6  91    0    0 308 -347  3
3823500 2818500  5  7  6   6.9  999 202  1.1 8  5.7  92    0    5 312 -348  3
3823500 2818500  5  7  7   7.3  999 238  1.1 8  5.9  93    0   26 316 -351  3
3823500 2818500  5  7  8   8.2  998 220  2.6 8  6.1  92    0   72 320 -356  3
3823500 2818500  5  7  9   8.6  997 250  1.4 7  6.2  89    0  159 319 -364  3
3823500 2818500  5  7 10   8.9  996 215  1.1 8  6.2  87    0  159 324 -376  3
3823500 2818500  5  7 11   8.9  996 208  1.2 8  6.1  85    0  138 333 -382  3
3823500 2818500  5  7 12   8.7  995 234  1.4 8  6.0  84    0  102 333 -387  3
3823500 2818500  5  7 13   7.9  995 229  1.3 7  5.9  85    0  146 325 -389  3
3823500 2818500  5  7 14   8.0  994 278  1.8 7  5.8  86    0  214 317 -389  3
3823500 2818500  5  7 15   6.9  994 304  2.8 8  5.7  86    0   87 317 -390  3
3823500 2818500  5  7 16   6.3  994 306  3.4 8  5.5  90    0  114 317 -388  3
3823500 2818500  5  7 17   7.3  995 293  3.7 7  5.5  88    0  115 311 -384  3
3823500 2818500  5  7 18   6.9  996 292  3.2 5  5.5  86   15  134 297 -378  3
3823500 2818500  5  7 19   7.2  997 294  1.6 3  5.3  83   48  105 277 -369  3
3823500 2818500  5  7 20   6.3  997 297  0.7 3  5.1  81    5   25 265 -361  3
3823500 2818500  5  7 21   5.4  998 284  1.9 3  4.9  83    0    0 260 -355  3
3823500 2818500  5  7 22   5.0  999 266  1.3 3  4.8  85    0    0 256 -351  3
3823500 2818500  5  7 23   4.7  999 264  2.1 2  4.8  88    0    0 250 -346  3
3823500 2818500  5  7 24   4.2 1000 263  2.2 0  4.8  90    0    0 237 -343  3
3823500 2818500  5  8  1   4.0 1000 255  1.2 1  4.6  90    0    0 234 -343  3
3823500 2818500  5  8  2   3.7 1000 253  1.5 1  4.6  90    0    0 239 -344  3
3823500 2818500  5  8  3   3.4 1000 250  1.5 2  4.6  92    0    0 243 -344  3
3823500 2818500  5  8  4   3.4 1001 250  1.5 1  4.5  92    0    0 243 -344  3
3823500 2818500  5  8  5   3.4 1001 239  0.6 3  4.5  91    0    0 246 -345  3
3823500 2818500  5  8  6   4.1 1001 247  2.5 4  4.6  91   30   29 261 -346  3
3823500 2818500  5  8  7   5.2 1001 234  1.1 3  4.9  92  161   49 263 -347  3
3823500 2818500  5  8  8   7.3 1001 243  1.7 4  5.2  87  279   52 268 -350  3
3823500 2818500  5  8  9   8.3 1001 240  2.3 4  5.2  78  405   60 277 -357  3
3823500 2818500  5  8 10   9.0 1001 249  3.1 5  5.1  72  179  238 287 -366  3
3823500 2818500  5  8 11   8.9 1001 235  2.6 8  5.2  72    3  227 308 -372  3
3823500 2818500  5  8 12   6.6 1000 226  3.1 8  5.2  79    3  230 313 -373  3
3823500 2818500  5  8 13   9.0 1001 258  1.5 6  5.3  80  350  236 304 -379  3
3823500 2818500  5  8 14   9.2 1000 248  3.1 8  5.1  71   69  276 304 -382  3
3823500 2818500  5  8 15   7.8 1000 264  2.0 6  4.8  69    7  207 299 -381  3
3823500 2818500  5  8 16   8.5 1000 258  0.4 5  4.8  71  148  203 289 -386  3
3823500 2818500  5  8 17   7.5 1000 243  2.2 7  5.0  74   28  167 291 -383  3
3823500 2818500  5  8 18   6.6 1000 284  2.4 8  5.1  80    4   94 298 -374  3
3823500 2818500  5  8 19   6.4 1000 221  0.9 8  5.0  83   34   58 299 -365  3
3823500 2818500  5  8 20   6.0 1000 250  0.7 6  5.0  84    0   13 294 -359  3
3823500 2818500  5  8 21   5.7 1001 242  0.3 6  5.0  85    0    0 284 -356  3
3823500 2818500  5  8 22   5.4 1001 242  0.2 4  5.0  87    0    0 272 -354  3
3823500 2818500  5  8 23   6.2 1001 205  0.2 4  5.3  87    0    0 269 -352  3
3823500 2818500  5  8 24   7.3 1001 160  0.2 3  5.7  87    0    0 262 -351  3
3823500 2818500  5  9  1   8.7 1016 106  0.2 3  6.2  86    0    0 288 -361  3
3823500 2818500  5  9  2   9.6 1016  63  0.1 2  6.6  87    0    0 293 -356  3
3823500 2818500  5  9  3  10.2 1016  32  0.1 2  6.9  87    0    0 286 -352  3
3823500 2818500  5  9  4   9.9 1015  38  0.1 2  6.8  89    0    0 273 -350  3
3823500 2818500  5  9  5  10.3 1015  42  0.2 1  6.9  89    0    0 265 -348  3
3823500 2818500  5  9  6  10.0 1015  60  0.1 1  6.8  92    6   34 267 -348  3
3823500 2818500  5  9  7  11.9 1015  61  0.5 0  7.2  89   70   99 266 -351  3
3823500 2818500  5  9  8  13.7 1015  66  1.7 0  7.4  81  198  139 265 -358  3
3823500 2818500  5  9  9  15.8 1015  52  2.4 0  7.6  72  346  156 271 -370  3
3823500 2818500  5  9 10  17.7 1015  59  2.6 0  7.8  66  487  160 280 -383  3
3823500 2818500  5  9 11  18.8 1014  47  3.2 0  7.9  61  607  155 287 -396  3
3823500 2818500  5  9 12  19.8 1014  52  3.7 0  7.9  56  667  158 292 -406  3
3823500 2818500  5  9 13  20.7 1013  63  3.5 0  7.7  52  695  150 298 -413  3
3823500 2818500  5  9 14  21.2 1013  62  3.3 1  7.6  49  683  138 308 -416  3
3823500 2818500  5  9 15  22.0 1013  62  3.1 1  7.8  48  621  127 317 -417  3
3823500 2818500  5  9 16  22.0 1012  78  2.3 1  8.0  48  514  120 320 -416  3
3823500 2818500  5  9 17  21.9 1011  78  2.3 1  8.2  50  345  125 320 -413  3
3823500 2818500  5  9 18  21.8 1011  74  2.9 1  8.2  50  232   94 319 -409  3
3823500 2818500  5  9 19  21.2 1011  87  1.9 1  7.7  48  105   66 317 -401  3
3823500 2818500  5  9 20  19.7 1011  68  1.6 2  7.0  47   17   23 317 -390  3
3823500 2818500  5  9 21  18.2 1011  74  1.0 2  6.7  49    0    0 315 -381  3
3823500 2818500  5  9 22  16.9 1011  75  1.1 1  6.6  52    0    0 304 -375  3
3823500 2818500  5  9 23  16.0 1012  77  1.0 1  6.4  55    0    0 296 -370  3
3823500 2818500  5  9 24  15.0 1012  73  0.7 1  6.3  58    0    0 293 -366  3
3823500 2818500  5 10  1  13.9 1012  66  0.6 0  6.2  61    0    0 284 -362  3
3823500 2818500  5 10  2  13.1 1012  69  0.5 0  6.2  65    0    0 277 -359  3
3823500 2818500  5 10  3  12.4 1012  76  0.5 0  6.2  68    0    0 274 -355  3
3823500 2818500  5 10  4  12.1 1012  78  0.9 0  6.2  70    0    0 272 -352  3
3823500 2818500  5 10  5  12.0 1012  77  1.0 1  6.2  70    0    0 274 -350  3
3823500 2818500  5 10  6  12.9 1012  75  1.2 1  6.3  70   13   37 278 -348  3
3823500 2818500  5 10  7  14.8 1012  76  1.3 1  6.6  67  101   88 281 -351  3
3823500 2818500  5 10  8  17.2 1012  94  1.8 0  6.9  61  241  114 283 -360  3
3823500 2818500  5 10  9  19.4 1012  92  2.7 0  7.1  54  387  126 284 -374  3
3823500 2818500  5 10 10  20.8 1012  89  3.1 0  7.2  49  520  131 290 -388  3
3823500 2818500  5 10 11  21.8 1012  83  3.6 0  7.1  44  633  128 295 -400  3
3823500 2818500  5 10 12  22.5 1012  91  3.2 0  7.0  42  709  121 299 -410  3
3823500 2818500  5 10 13  23.4 1012  82  3.3 0  6.9  40  744  109 304 -416  3
3823500 2818500  5 10 14  23.4 1012  68  3.7 0  6.5  36  723  102 305 -419  3
3823500 2818500  5 10 15  23.9 1012  76  3.5 0  6.3  34  659   96 306 -420  3
3823500 2818500  5 10 16  23.8 1012  88  2.9 0  6.3  34  554   89 309 -417  3
3823500 2818500  5 10 17  23.8 1012  89  2.2 0  6.1  33  417   86 309 -414  3
3823500 2818500  5 10 18  23.5 1012  76  2.4 0  6.1  34  268   77 310 -409  3
3823500 2818500  5 10 19  22.9 1011  72  1.9 0  6.2  35  123   62 309 -402  3
3823500 2818500  5 10 20  21.2 1011  77  0.9 1  6.3  38   21   24 308 -392  3
3823500 2818500  5 10 21  18.9 1011  56  0.1 0  6.4  43    0    0 301 -384  3
3823500 2818500  5 10 22  15.7 1011  20  0.1 1  6.4  52    0    0 291 -378  3
3823500 2818500  5 10 23  13.8 1012  38  0.1 1  6.4  61    0    0 285 -374  3
3823500 2818500  5 10 24  13.4 1012  64  0.1 1  6.5  67    0    0 282 -370  3
3823500 2818500  5 11  1  12.3 1012  52  0.1 2  6.8  73    0    0 284 -367  3
3823500 2818500  5 11  2  12.1 1012  56  0.1 2  6.9  78    0    0 286 -364  3
3823500 2818500  5 11  3  11.1 1012  49  0.0 3  7.0  82    0    0 287 -360  3
3823500 2818500  5 11  4  11.4 1012  23  0.1 4  7.1  85    0    0 294 -356  3
3823500 2818500  5 11  5  10.6 1012  33  0.1 4  7.1  87    0    0 296 -353  3
3823500 2818500  5 11  6  12.2 1012  39  0.1 3  7.3  87   20   40 294 -350  3
3823500 2818500  5 11  7  15.1 1013  49  0.2 1  7.7  78  113   88 291 -352  3
3823500 2818500  5 11  8  17.3 1013  56  0.8 0  7.8  68  252  112 287 -360  3
3823500 2818500  5 11  9  19.5 1013  34  1.2 0  7.8  59  398  124 291 -372  3
3823500 2818500  5 11 10  21.2 1013  19  2.3 0  7.8  52  535  127 298 -385  3
3823500 2818500  5 11 11  22.4 1013  32  3.0 0  7.3  45  643  126 303 -397  3
3823500 2818500  5 11 12  23.3 1013  32  3.1 0  6.4  37  719  118 306 -406  3
3823500 2818500  5 11 13  23.7 1012  23  2.8 1  5.7  32  743  113 310 -414  3
3823500 2818500  5 11 14  24.0 1012  35  3.1 1  5.5  30  730  102 315 -421  3
3823500 2818500  5 11 15  24.2 1013  14  3.6 1  5.6  30  669   93 317 -424  3
3823500 2818500  5 11 16  24.3 1012  34  3.1 1  5.9  32  571   84 318 -422  3
3823500 2818500  5 11 17  24.2 1012  41  2.7 2  6.4  34  425   85 323 -417  3
3823500 2818500  5 11 18  23.3 1012  54  2.5 2  6.8  37  265   80 325 -409  3
3823500 2818500  5 11 19  22.3 1011  27  2.4 2  6.8  39  120   63 323 -401  3
3823500 2818500  5 11 20  20.3 1011  32  1.4 3  6.9  44   20   25 321 -392  3
3823500 2818500  5 11 21  17.5 1011  34  0.5 4  7.1  52    0    0 321 -383  3
3823500 2818500  5 11 22  16.7 1012  44  0.3 3  7.3  60    0    0 315 -375  3
3823500 2818500  5 11 23  16.0 1012  52  0.2 3  7.2  62    0    0 309 -370  3
3823500 2818500  5 11 24  15.1 1012  52  0.3 3  7.1  64    0    0 307 -367  3
3823500 2818500  5 12  1  13.9 1012  66  0.7 3  6.8  66    0    0 304 -363  3
3823500 2818500  5 12  2  13.8 1013  70  1.2 3  6.5  66    0    0 302 -361  3
3823500 2818500  5 12  3  13.0 1013  73  1.0 3  6.4  66    0    0 300 -359  3
3823500 2818500  5 12  4  11.9 1013  92  0.8 4  6.4  70    0    0 302 -357  3
3823500 2818500  5 12  5  11.4 1013  81  1.2 4  6.3  73    0    0 304 -356  3
3823500 2818500  5 12  6  12.6 1013  78  1.2 4  6.4  73   18   38 305 -355  3
3823500 2818500  5 12  7  15.6 1013  93  1.9 3  6.4  64  105   86 307 -358  3
3823500 2818500  5 12  8  17.9 1013  96  2.8 3  6.1  52  236  113 308 -369  3
3823500 2818500  5 12  9  18.9 1013 117  3.8 3  5.8  44  338  153 312 -384  3
3823500 2818500  5 12 10  19.6 1013  81  3.8 4  5.5  40  474  157 320 -401  3
3823500 2818500  5 12 11  20.9 1013  96  3.3 3  5.6  38  591  148 324 -417  3
3823500 2818500  5 12 12  21.5 1013 118  3.8 3  5.6  36  677  130 324 -432  3
3823500 2818500  5 12 13  22.3 1013 105  3.9 3  5.6  34  690  131 326 -444  3
3823500 2818500  5 12 14  22.7 1012 102  4.0 3  5.5  33  692  106 329 -451  3
3823500 2818500  5 12 15  23.0 1012 148  3.6 2  5.6  32  651   83 327 -454  3
3823500 2818500  5 12 16  23.0 1011  94  3.4 1  5.8  33  561   70 321 -451  3
3823500 2818500  5 12 17  23.1 1010  97  2.7 2  5.9  33  430   66 320 -440  3
3823500 2818500  5 12 18  22.7 1010  86  2.7 2  6.0  34  272   67 321 -426  3
3823500 2818500  5 12 19  22.0 1010  90  2.5 1  6.1  36  131   54 315 -413  3
3823500 2818500  5 12 20  20.3 1009  87  2.2 1  6.2  40   25   24 307 -402  3
3823500 2818500  5 12 21  18.2 1009  89  1.4 2  6.3  45    0    0 302 -392  3
3823500 2818500  5 12 22  17.1 1009  85  1.3 1  6.3  50    0    0 295 -385  3
3823500 2818500  5 12 23  16.1 1009  86  1.0 1  6.2  52    0    0 287 -381  3
3823500 2818500  5 12 24  14.7 1009  82  1.1 1  6.2  57    0    0 280 -377  3
3823500 2818500  5 13  1  13.7 1009 113  1.2 0  6.1  61    0    0 269 -373  3
3823500 2818500  5 13  2  12.5 1008  94  1.1 0  6.0  64    0    0 259 -370  3
3823500 2818500  5 13  3  10.6 1008  91  1.5 0  5.8  68    0    0 249 -367  3
3823500 2818500  5 13  4  11.1 1008  70  1.6 1  5.7  70    0    0 248 -365  3
3823500 2818500  5 13  5  10.3 1007  90  1.7 3  5.7  71    0    0 259 -362  3
3823500 2818500  5 13  6  12.3 1007  96  1.8 5  6.0  72   15   39 277 -362  3
3823500 2818500  5 13  7  15.0 1006 123  2.3 5  6.3  64   61  102 292 -367  3
3823500 2818500  5 13  8  17.1 1006 121  2.9 6  6.2  54   83  175 302 -379  3
3823500 2818500  5 13  9  18.1 1006 147  2.9 6  6.1  49  123  242 309 -395  3
3823500 2818500  5 13 10  19.3 1006 148  3.2 6  6.2  46  284  265 312 -413  3
3823500 2818500  5 13 11  19.9 1005 155  3.4 6  6.3  44  505  214 315 -430  3
3823500 2818500  5 13 12  21.1 1005 135  2.9 6  6.4  42  465  272 317 -445  3
3823500 2818500  5 13 13  21.8 1005 164  2.8 6  6.5  40  418  303 322 -456  3
3823500 2818500  5 13 14  23.5 1004 159  2.8 5  6.3  36  642  151 324 -463  3
3823500 2818500  5 13 15  24.1 1004  87  2.8 4  6.2  33  670   89 322 -467  3
3823500 2818500  5 13 16  24.2 1003  79  2.5 4  6.2  33  523  102 322 -466  3
3823500 2818500  5 13 17  24.4 1002  94  2.7 5  6.2  32  410   88 326 -458  3
3823500 2818500  5 13 18  24.4 1002 109  2.3 6  6.3  33  260   80 334 -445  3
3823500 2818500  5 13 19  23.2 1001 114  2.0 6  6.4  35   96   65 336 -430  3
3823500 2818500  5 13 20  21.5 1001 140  2.2 5  6.6  39   24   25 330 -415  3
3823500 2818500  5 13 21  18.1 1000 121  2.0 5  6.7  46    0    1 319 -403  3
3823500 2818500  5 13 22  16.4 1000 140  1.9 5  6.7  54    0    0 312 -395  3
3823500 2818500  5 13 23  15.1 1000 148  1.8 5  6.5  58    0    0 307 -390  3
3823500 2818500  5 13 24  14.4  999 129  1.6 5  6.5  62    0    0 304 -386  3
3823500 2818500  5 14  1  13.2  999  63  0.7 8  6.8  68    0    0 319 -385  3
3823500 2818500  5 14  2  13.1  999  79  0.6 8  6.8  71    0    0 335 -383  3
3823500 2818500  5 14  3  12.0  999  88  0.7 8  6.6  72    0    0 332 -381  3
3823500 2818500  5 14  4  11.8  998 165  0.8 8  6.5  74    0    0 330 -380  3
3823500 2818500  5 14  5  11.8  998 163  0.9 8  6.7  77    0    0 329 -378  3
3823500 2818500  5 14  6  14.1  998 151  1.1 7  7.1  75    0    6 326 -376  3
3823500 2818500  5 14  7  14.7  998 140  1.5 8  7.2  70    0   18 330 -378  3
3823500 2818500  5 14  8  15.6  998 140  1.4 8  7.3  67    0   80 337 -387  3
3823500 2818500  5 14  9  17.2  998 177  2.0 7  7.5  63   12  215 338 -400  3
3823500 2818500  5 14 10  19.1  998 184  1.5 6  8.0  60  113  328 335 -416  3
3823500 2818500  5 14 11  21.2  999 218  1.5 6  8.4  56  295  357 340 -433  3
3823500 2818500  5 14 12  22.3  999 166  1.6 6  8.4  51  323  382 348 -448  3
3823500 2818500  5 14 13  23.7  998 198  1.5 6  8.6  48  315  391 355 -459  3
3823500 2818500  5 14 14  24.1  998 135  1.5 6  8.9  47  372  350 361 -463  3
3823500 2818500  5 14 15  25.0  997 218  1.1 5  8.9  45  265  345 361 -465  3
3823500 2818500  5 14 16  24.9  997 197  1.2 5  8.9  44  239  288 359 -465  3
3823500 2818500  5 14 17  24.7  996  96  0.1 6  8.9  45  109  240 362 -460  3
3823500 2818500  5 14 18  22.7  996 173  1.9 6  9.2  49    6  121 362 -452  3
3823500 2818500  5 14 19  20.6  996 159  1.7 7  9.6  58    0   34 360 -441  3
3823500 2818500  5 14 20  17.5  996 201  0.0 7  9.6  68    4   23 356 -428  3
3823500 2818500  5 14 21  16.1  995 308  1.2 6  9.5  78    0    1 345 -416  3
3823500 2818500  5 14 22  15.6  996 251  2.6 8  9.7  84    0    0 348 -406  3
3823500 2818500  5 14 23  15.0  996 217  0.7 8  9.7  87    0    0 357 -398  3
3823500 2818500  5 14 24  14.7  996 195  1.1 6  9.7  90    0    0 347 -393  3
3823500 2818500  5 15  1  14.2  996 166  0.6 7  9.6  92    0    0 340 -390  3
3823500 2818500  5 15  2  14.2  996 175  1.7 8  9.6  93    0    0 348 -384  3
3823500 2818500  5 15  3  13.1  996 222  3.9 8  9.5  96    0    0 350 -380  3
3823500 2818500  5 15  4  12.5  996 231  4.7 7  8.8  94    0    0 341 -377  3
3823500 2818500  5 15  5  11.7  996 235  3.7 6  8.0  89    0    0 328 -375  3
3823500 2818500  5 15  6  11.6  997 224  2.6 7  7.5  86    0   15 325 -374  3
3823500 2818500  5 15  7  11.7  997 220  3.2 7  7.3  84    5   88 330 -377  3
3823500 2818500  5 15  8  12.9  997 223  4.5 5  7.1  79   67  188 321 -386  3
3823500 2818500  5 15  9  14.4  997 214  3.7 4  7.1  72  194  248 310 -397  3
3823500 2818500  5 15 10  15.4  997 212  4.2 4  7.0  65  187  318 311 -409  3
3823500 2818500  5 15 11  16.5  997 212  4.6 4  6.8  59  213  363 317 -422  3
3823500 2818500  5 15 12  17.9  997 211  4.8 4  6.6  53  341  359 324 -435  3
3823500 2818500  5 15 13  18.5  997 207  4.9 3  6.5  49  384  347 325 -446  3
3823500 2818500  5 15 14  18.7  997 214  4.8 4  6.3  46  368  334 330 -453  3
3823500 2818500  5 15 15  19.4  997 222  4.1 4  6.1  44  294  320 336 -454  3
3823500 2818500  5 15 16  19.6  998 297  3.6 4  6.0  42  227  280 335 -450  3
3823500 2818500  5 15 17  19.5  997 273  3.7 5  5.9  41  126  231 337 -446  3
3823500 2818500  5 15 18  18.9  997 276  1.8 6  5.8  41   34  153 342 -437  3
3823500 2818500  5 15 19  18.4  996 227  0.6 7  5.9  43    0   44 346 -425  3
3823500 2818500  5 15 20  17.3  996 226  0.2 6  6.1  47    0    9 344 -412  3
3823500 2818500  5 15 21  13.7  996 134  0.0 6  6.3  56    0    1 334 -400  3
3823500 2818500  5 15 22  12.2  996 123  0.4 6  6.4  67    0    0 329 -396  3
3823500 2818500  5 15 23  11.6  997 156  0.1 5  6.4  72    0    0 323 -396  3
3823500 2818500  5 15 24  13.3  997 137  0.5 7  6.7  73    0    0 330 -395  3
3823500 2818500  5 16  1  12.9  996 189  1.5 6  7.1  75    0    0 338 -392  3
3823500 2818500  5 16  2  12.1  996 162  1.2 5  7.5  82    0    0 330 -387  3
3823500 2818500  5 16  3  12.1  996 169  1.6 4  7.8  87    0    0 321 -383  3
3823500 2818500  5 16  4  12.7  996 172  2.1 4  7.9  86    0    0 319 -382  3
3823500 2818500  5 16  5  13.0  995 188  1.8 6  7.9  84    0    0 331 -382  3
3823500 2818500  5 16  6  14.0  995 205  3.7 6  7.7  79    0   17 342 -382  3
3823500 2818500  5 16  7  14.2  996 206  2.9 6  7.7  75    3   81 343 -383  3
3823500 2818500  5 16  8  15.3  996 204  3.5 4  7.7  73  135  171 335 -383  3
3823500 2818500  5 16  9  15.9  996 215  4.3 4  7.6  68  202  229 328 -384  3
3823500 2818500  5 16 10  17.0  996 199  3.6 5  7.4  62  163  302 335 -387  3
3823500 2818500  5 16 11  17.6  996 207  4.0 6  7.3  58   68  326 345 -393  3
3823500 2818500  5 16 12  18.0  996 198  4.2 7  7.1  55   16  285 354 -399  3
3823500 2818500  5 16 13  16.3  996 194  4.2 5  7.0  56   99  352 349 -406  3
3823500 2818500  5 16 14  17.2  996 192  6.6 6  7.0  58   70  322 346 -417  3
3823500 2818500  5 16 15  15.8  995 192  3.9 6  6.9  58    8  233 348 -424  3
3823500 2818500  5 16 16  15.6  995 168  3.2 6  6.9  60    9  205 341 -420  3
3823500 2818500  5 16 17  16.5  995 169  5.0 4  7.2  62  166  209 334 -414  3
3823500 2818500  5 16 18  16.3  994 183  3.9 3  7.5  64  259   82 323 -406  3
3823500 2818500  5 16 19  11.7  994 171  3.1 6  7.3  72   30   82 319 -401  3
3823500 2818500  5 16 20  13.8  995 167  1.6 7  7.7  82    0   12 330 -396  3
3823500 2818500  5 16 21  12.6  995 204  2.5 5  7.9  82    0    0 327 -390  3
3823500 2818500  5 16 22  12.3  996 189  2.1 4  7.6  83    0    0 312 -386  3
3823500 2818500  5 16 23  12.0  997 191  1.9 3  7.6  85    0    0 304 -385  3
3823500 2818500  5 16 24  11.5  997 197  2.4 1  7.5  85    0    0 289 -385  3
3823500 2818500  5 17  1  11.4  997 196  1.8 0  7.4  86    0    0 271 -385  3
3823500 2818500  5 17  2  10.9  997 178  1.0 2  7.4  88    0    0 273 -386  3
3823500 2818500  5 17  3  10.6  997 171  2.1 2  7.3  89    0    0 282 -385  3
3823500 2818500  5 17  4  10.3  997 177  1.9 3  7.3  90    0    0 289 -384  3
3823500 2818500  5 17  5  10.5  997 179  0.9 6  7.2  90    0    0 313 -384  3
3823500 2818500  5 17  6  10.9  997 166  0.9 6  7.3  90    0   30 331 -384  3
3823500 2818500  5 17  7  11.9  997 172  0.7 7  7.5  88    0   64 340 -385  3
3823500 2818500  5 17  8  14.1  997 182  2.3 5  7.8  82  118  180 341 -388  3
3823500 2818500  5 17  9  16.0  997 198  2.8 5  8.1  75  157  247 339 -393  3
3823500 2818500  5 17 10  16.6  997 204  3.5 4  8.1  69  197  302 339 -394  3
3823500 2818500  5 17 11  18.3  997 193  5.2 4  7.9  63  227  345 339 -395  3
3823500 2818500  5 17 12  17.5  997 194  4.0 6  7.6  58   22  304 351 -397  3
3823500 2818500  5 17 13  15.2  996 195  1.9 6  7.9  67   27  309 355 -398  3
3823500 2818500  5 17 14  15.3  997 221  3.3 4  7.9  72  153  358 341 -393  3
3823500 2818500  5 17 15  13.7  998 249  5.6 5  7.2  69  120  324 331 -387  3
3823500 2818500  5 17 16  14.6  998 243  4.4 7  6.7  66   77  271 338 -389  3
3823500 2818500  5 17 17  15.9  998 233  3.7 6  6.1  56  139  220 342 -385  3
3823500 2818500  5 17 18  16.0  998 223  2.6 5  5.6  49  109  150 333 -378  3
3823500 2818500  5 17 19  14.7  998 232  4.2 4  5.1  46   57   83 322 -375  3
3823500 2818500  5 17 20  13.9  998 215  3.2 5  4.8  46   25   30 316 -371  3
3823500 2818500  5 17 21  12.8  999 230  2.6 4  4.5  46    0    0 311 -368  3
3823500 2818500  5 17 22  11.3  999 218  0.9 3  4.4  49    0    0 297 -365  3
3823500 2818500  5 17 23  11.2  999 213  3.1 3  4.5  54    0    0 290 -362  3
3823500 2818500  5 17 24  10.8  999 208  3.9 2  4.6  56    0    0 284 -357  3
3823500 2818500  5 18  1  10.3  999 217  4.2 1  4.6  57    0    0 271 -351  3
3823500 2818500  5 18  2   9.6  999 225  4.6 3  4.6  60    0    0 272 -348  3
3823500 2818500  5 18  3   9.5  999 218  4.7 6  4.7  63    0    0 295 -346  3
3823500 2818500  5 18  4   9.4 1000 219  3.8 6  4.9  66    0    0 310 -345  3
3823500 2818500  5 18  5   9.3 1000 222  3.7 7  5.1  69    0    0 315 -344  3
3823500 2818500  5 18  6   9.4 1000 233  2.6 7  5.4  72    0   11 322 -347  3
3823500 2818500  5 18  7   9.7 1001 229  2.8 8  5.7  76    0   67 329 -351  3
3823500 2818500  5 18  8  10.2 1001 226  2.6 8  6.0  78    0  100 338 -356  3
3823500 2818500  5 18  9  10.6 1002 234  2.8 7  6.2  78    0  131 335 -361  3
3823500 2818500  5 18 10  11.4 1003 232  3.2 6  6.4  78   20  241 327 -363  3
3823500 2818500  5 18 11  12.3 1004 223  3.5 6  6.8  78   27  268 326 -363  3
3823500 2818500  5 18 12  13.8 1004 238  4.0 7  7.3  77    0  166 335 -365  3
3823500 2818500  5 18 13  13.7 1005 243  3.2 6  7.6  76   44  287 337 -368  3
3823500 2818500  5 18 14  13.9 1005 255  3.2 5  7.4  75  135  273 324 -370  3
3823500 2818500  5 18 15  13.5 1006 268  3.8 6  7.1  72   18  233 322 -372  3
3823500 2818500  5 18 16  13.2 1006 273  2.6 7  7.4  76    7  183 329 -372  3
3823500 2818500  5 18 17  13.7 1007 296  3.0 5  7.4  76  210  131 325 -375  3
3823500 2818500  5 18 18  13.1 1007 288  3.1 5  6.8  70  128   98 315 -376  3
3823500 2818500  5 18 19  11.9 1008 304  2.4 8  6.7  74    0   45 327 -372  3
3823500 2818500  5 18 20  11.5 1009 299  2.4 7  6.7  78    3   21 336 -368  3
3823500 2818500  5 18 21  11.1 1009 292  1.3 7  6.2  74    0    0 330 -362  3
3823500 2818500  5 18 22  10.2 1011 273  1.1 8  6.0  74    0    0 332 -355  3
3823500 2818500  5 18 23   9.9 1011 264  1.4 8  6.1  79    0    0 335 -352  3
3823500 2818500  5 18 24   9.4 1011 257  1.4 8  6.1  82    0    0 334 -349  3
3823500 2818500  5 19  1   9.2 1011 255  1.4 6  6.2  84    0    0 324 -349  3
3823500 2818500  5 19  2   9.0 1012 252  1.6 6  6.2  86    0    0 315 -351  3
3823500 2818500  5 19  3   8.9 1012 241  1.4 5  6.1  86    0    0 311 -354  3
3823500 2818500  5 19  4   8.3 1012 222  1.4 4  6.0  86    0    0 301 -354  3
3823500 2818500  5 19  5   8.1 1012 234  1.1 3  5.9  87    0    0 290 -354  3
3823500 2818500  5 19  6   9.2 1012 223  1.2 2  6.2  88   26   42 282 -352  3
3823500 2818500  5 19  7  10.7 1012 237  2.2 1  6.6  86  148   65 277 -352  3
3823500 2818500  5 19  8  12.4 1012 253  3.6 2  6.8  80  342   70 282 -358  3
3823500 2818500  5 19  9  13.7 1013 267  4.5 2  6.7  72  468   95 291 -368  3
3823500 2818500  5 19 10  14.5 1013 268  4.7 4  6.4  64  419  165 304 -379  3
3823500 2818500  5 19 11  14.1 1013 259  4.7 5  6.1  60   63  306 318 -389  3
3823500 2818500  5 19 12  14.3 1013 277  3.2 7  6.0  59    4  239 330 -398  3
3823500 2818500  5 19 13  14.7 1014 291  4.1 6  5.9  58   49  312 334 -406  3
3823500 2818500  5 19 14  15.0 1014 322  3.5 7  5.9  56   75  305 336 -412  3
3823500 2818500  5 19 15  16.1 1014 312  3.7 6  5.9  54   67  277 340 -413  3
3823500 2818500  5 19 16  16.0 1014 320  2.9 6  5.9  52   56  240 337 -412  3
3823500 2818500  5 19 17  15.9 1014 281  2.6 6  5.8  52  131  195 337 -408  3
3823500 2818500  5 19 18  16.0 1014 321  2.0 5  5.7  51  171  108 331 -401  3
3823500 2818500  5 19 19  16.1 1014 312  2.0 4  5.7  50  138   46 323 -392  3
3823500 2818500  5 19 20  13.9 1014 328  1.2 5  5.6  53   37   24 319 -381  3
3823500 2818500  5 19 21  11.9 1015  11  1.3 4  5.6  61    0    2 310 -372  3
3823500 2818500  5 19 22  10.8 1015  39  0.9 2  5.5  66    0    0 289 -364  3
3823500 2818500  5 19 23   9.0 1016  35  1.2 1  5.3  70    0    0 270 -359  3
3823500 2818500  5 19 24   7.0 1016  37  0.4 1  5.2  78    0    0 259 -354  3
3823500 2818500  5 20  1   6.0 1016  10  0.0 2  4.9  81    0    0 257 -350  3
3823500 2818500  5 20  2   5.7 1016  13  0.0 2  4.8  83    0    0 257 -346  3
3823500 2818500  5 20  3   5.6 1016  14  0.0 5  5.0  88    0    0 266 -343  3
3823500 2818500  5 20  4   6.5 1016  57  0.1 7  5.1  87    0    0 284 -340  3
3823500 2818500  5 20  5   5.9 1016 128  0.2 5  5.2  88    0    1 288 -338  3
3823500 2818500  5 20  6   6.9 1017  51  0.2 5  5.3  90    2   40 284 -338  3
3823500 2818500  5 20  7   8.0 1017  25  0.2 5  5.7  88   23  111 288 -344  3
3823500 2818500  5 20  8  12.1 1017 145  0.7 4  5.8  75  184  157 291 -357  3
3823500 2818500  5 20  9  14.3 1017  63  1.0 4  5.5  59  321  202 296 -375  3
3823500 2818500  5 20 10  14.3 1017   2  1.4 4  5.4  54  306  285 300 -391  3
3823500 2818500  5 20 11  15.1 1017 269  2.0 4  5.5  53  238  360 300 -405  3
3823500 2818500  5 20 12  15.9 1017 244  1.9 3  5.5  51  390  343 300 -418  3
3823500 2818500  5 20 13  16.9 1017 301  1.7 3  5.4  47  510  293 301 -430  3
3823500 2818500  5 20 14  17.0 1017 305  2.0 2  5.3  44  553  249 300 -437  3
3823500 2818500  5 20 15  17.9 1017 319  2.3 2  5.5  44  482  240 300 -436  3
3823500 2818500  5 20 16  18.6 1017 296  2.3 3  5.6  43  389  218 307 -431  3
3823500 2818500  5 20 17  17.7 1017 311  3.3 2  5.6  44  292  180 307 -425  3
3823500 2818500  5 20 18  17.3 1017 341  3.4 2  5.7  46  204  131 301 -417  3
3823500 2818500  5 20 19  15.7 1016 351  3.8 3  5.8  50   95   88 300 -407  3
3823500 2818500  5 20 20  14.6 1017 344  1.5 3  5.8  54   32   37 297 -395  3
3823500 2818500  5 20 21  11.5 1017 332  1.0 1  5.6  60    0    5 283 -382  3
3823500 2818500  5 20 22   9.6 1017   3  0.1 3  5.6  71    0    0 272 -372  3
3823500 2818500  5 20 23   9.6 1017 349  0.1 3  5.8  79    0    0 274 -366  3
3823500 2818500  5 20 24   8.7 1017 359  0.5 0  6.2  86    0    0 264 -362  3
3823500 2818500  5 21  1   8.5 1018  12  0.5 1  6.1  88    0    0 255 -358  3
3823500 2818500  5 21  2   8.1 1018   5  0.6 0  6.0  88    0    0 253 -355  3
3823500 2818500  5 21  3   7.4 1018  14  0.9 1  5.9  90    0    0 249 -353  3
3823500 2818500  5 21  4   7.6 1018  26  1.7 2  5.8  90    0    0 253 -351  3
3823500 2818500  5 21  5   7.3 1017  25  1.8 4  5.7  89    0    1 262 -349  3
3823500 2818500  5 21  6   8.3 1017  31  1.8 4  5.9  90   19   49 269 -349  3
3823500 2818500  5 21  7   9.9 1017  40  2.2 3  6.2  87  106  102 269 -354  3
3823500 2818500  5 21  8  12.2 1017  31  3.9 4  5.9  72  225  131 272 -366  3
3823500 2818500  5 21  9  12.9 1018  29  4.7 4  5.3  59  372  158 278 -380  3
3823500 2818500  5 21 10  13.6 1018  21  4.3 5  5.1  55  412  218 285 -394  3
3823500 2818500  5 21 11  14.1 1018  25  3.6 6  5.3  54  295  322 296 -407  3
3823500 2818500  5 21 12  15.0 1017  46  2.8 6  5.3  52  217  370 302 -419  3
3823500 2818500  5 21 13  15.1 1017  14  2.5 6  5.3  50  247  366 307 -427  3
3823500 2818500  5 21 14  15.1 1016 352  4.0 6  5.4  51  222  351 310 -432  3
3823500 2818500  5 21 15  15.0 1016   5  3.6 6  5.4  51  122  316 313 -434  3
3823500 2818500  5 21 16  15.5 1016   9  3.4 7  5.4  50   82  266 318 -432  3
3823500 2818500  5 21 17  15.5 1015  18  2.4 7  5.3  48  151  222 323 -425  3
3823500 2818500  5 21 18  15.9 1015  12  2.8 6  5.2  47  159  139 320 -415  3
3823500 2818500  5 21 19  15.3 1014  20  2.4 5  5.2  47  111   75 311 -405  3
3823500 2818500  5 21 20  13.6 1014  22  2.0 4  5.2  51   43   36 297 -394  3
3823500 2818500  5 21 21  12.1 1014  29  1.2 5  5.2  56    1    5 290 -381  3
3823500 2818500  5 21 22  10.7 1015  31  0.9 5  5.1  60    0    0 286 -372  3
3823500 2818500  5 21 23   9.7 1015  13  0.9 5  4.9  64    0    0 280 -366  3
3823500 2818500  5 21 24   8.6 1015  32  0.3 5  5.0  69    0    0 278 -362  3
3823500 2818500  5 22  1   7.2 1015  28  1.0 5  5.0  76    0    0 274 -358  3
3823500 2818500  5 22  2   6.9 1015  17  1.5 5  5.1  82    0    0 272 -355  3
3823500 2818500  5 22  3   6.7 1015  24  0.9 6  5.2  86    0    0 276 -352  3
3823500 2818500  5 22  4   5.7 1015  43  0.2 7  5.1  87    0    0 280 -350  3
3823500 2818500  5 22  5   5.0 1014 348  0.1 7  4.8  87    0    0 280 -348  3
3823500 2818500  5 22  6   5.9 1015   3  1.3 7  5.0  90   26   55 282 -348  3
3823500 2818500  5 22  7   9.1 1015  31  2.6 5  5.8  90  112  113 282 -353  3
3823500 2818500  5 22  8  11.9 1015  41  2.7 3  6.1  78  239  148 278 -364  3
3823500 2818500  5 22  9  13.4 1015  34  3.4 3  6.0  66  352  188 279 -378  3
3823500 2818500  5 22 10  14.2 1015  37  3.3 4  5.9  60  454  217 288 -394  3
3823500 2818500  5 22 11  15.7 1015  52  3.1 3  5.7  54  552  225 292 -410  3
3823500 2818500  5 22 12  16.6 1015  66  2.9 2  5.6  49  620  225 294 -422  3
3823500 2818500  5 22 13  17.5 1015  69  3.0 2  5.5  46  638  224 296 -431  3
3823500 2818500  5 22 14  18.1 1015  57  3.1 2  5.4  43  628  208 301 -436  3
3823500 2818500  5 22 15  18.8 1014  59  3.7 1  5.4  41  573  191 302 -439  3
3823500 2818500  5 22 16  18.7 1014  67  2.9 1  5.4  40  484  171 300 -438  3
3823500 2818500  5 22 17  19.0 1014  82  4.4 2  5.4  40  371  147 305 -432  3
3823500 2818500  5 22 18  18.7 1014  29  3.0 1  5.4  40  252  117 306 -426  3
3823500 2818500  5 22 19  18.5 1014  68  3.2 1  5.4  40  132   83 301 -416  3
3823500 2818500  5 22 20  16.8 1014  82  1.0 0  5.5  44   36   41 294 -404  3
3823500 2818500  5 22 21  14.1 1014  60  0.4 0  5.6  51    0    5 283 -393  3
3823500 2818500  5 22 22  13.2 1015  58  0.7 0  5.7  58    0    0 276 -383  3
3823500 2818500  5 22 23  12.8 1015  42  1.2 0  6.0  64    0    0 275 -376  3
3823500 2818500  5 22 24  11.7 1016  49  1.7 0  6.4  72    0    0 274 -371  3
3823500 2818500  5 23  1  10.9 1016  52  1.0 0  6.7  81    0    0 272 -367  3
3823500 2818500  5 23  2  10.1 1016  50  1.1 0  6.9  87    0    0 269 -364  3
3823500 2818500  5 23  3   9.7 1016  52  0.8 0  6.8  90    0    0 266 -361  3
3823500 2818500  5 23  4   9.2 1015  52  0.8 0  6.6  90    0    0 263 -359  3
3823500 2818500  5 23  5   8.9 1016  54  0.3 0  6.5  90    0    1 262 -358  3
3823500 2818500  5 23  6  10.7 1016  64  0.9 0  6.6  87   34   52 262 -358  3
3823500 2818500  5 23  7  13.2 1016  71  0.9 0  6.5  75   37  113 267 -364  3
3823500 2818500  5 23  8  16.0 1016  73  1.7 0  6.2  60  134  180 273 -376  3
3823500 2818500  5 23  9  18.0 1016  86  2.8 0  6.0  50  418  132 279 -392  3
3823500 2818500  5 23 10  19.4 1016  94  3.2 0  5.8  44  544  140 286 -410  3
3823500 2818500  5 23 11  20.0 1016  71  2.8 0  5.7  40  661  133 291 -427  3
3823500 2818500  5 23 12  20.7 1016  69  2.6 0  5.6  38  732  128 297 -442  3
3823500 2818500  5 23 13  21.1 1016  57  2.4 0  5.4  35  758  121 300 -452  3
3823500 2818500  5 23 14  21.6 1015  49  2.2 0  5.5  35  747  108 305 -458  3
3823500 2818500  5 23 15  22.5 1015  71  2.2 0  5.5  34  686  100 308 -460  3
3823500 2818500  5 23 16  22.7 1015  43  2.3 0  5.5  32  585   94 310 -458  3
3823500 2818500  5 23 17  22.5 1014  47  2.3 0  5.5  32  451   88 310 -454  3
3823500 2818500  5 23 18  22.3 1014  74  2.1 0  5.5  33  300   83 309 -446  3
3823500 2818500  5 23 19  21.8 1014  58  2.0 0  5.6  34  159   65 308 -436  3
3823500 2818500  5 23 20  20.1 1014  57  1.4 1  5.8  37   41   37 308 -424  3
3823500 2818500  5 23 21  16.8 1014  58  0.4 1  6.0  45    1    5 304 -412  3
3823500 2818500  5 23 22  13.3 1014  40  0.1 1  6.1  57    0    0 295 -403  3
3823500 2818500  5 23 23  12.2 1014  41  0.3 1  6.3  69    0    0 288 -396  3
3823500 2818500  5 23 24  13.0 1014  21  0.3 1  6.7  74    0    0 289 -391  3
3823500 2818500  5 24  1  12.0 1014  13  0.6 0  7.0  77    0    0 286 -386  3
3823500 2818500  5 24  2  10.7 1014  13  0.3 0  7.1  85    0    0 281 -383  3
3823500 2818500  5 24  3  10.5 1014  20  0.2 0  7.1  89    0    0 280 -380  3
3823500 2818500  5 24  4   9.8 1014  11  0.1 1  7.1  92    0    0 281 -377  3
3823500 2818500  5 24  5   9.1 1013  21  0.1 0  6.9  94    0    0 279 -374  3
3823500 2818500  5 24  6  11.3 1013   4  0.0 0  7.2  93   29   54 279 -374  3
3823500 2818500  5 24  7  13.7 1013   8  0.9 0  7.7  86  132  100 285 -377  3
3823500 2818500  5 24  8  16.1 1013  10  1.4 0  7.9  74  267  124 292 -389  3
3823500 2818500  5 24  9  18.3 1013   8  2.3 0  7.9  64  401  146 300 -406  3
3823500 2818500  5 24 10  20.1 1013   4  3.2 0  7.7  56  523  158 309 -427  3
3823500 2818500  5 24 11  21.4 1013   8  3.5 0  7.4  49  629  158 317 -446  3
3823500 2818500  5 24 12  22.3 1013 345  3.4 0  7.0  43  706  150 322 -464  3
3823500 2818500  5 24 13  22.7 1013 355  2.5 0  6.8  40  725  148 326 -478  3
3823500 2818500  5 24 14  22.9 1013  15  2.9 1  6.8  39  724  129 333 -487  3
3823500 2818500  5 24 15  24.0 1012   1  2.6 1  6.9  38  661  121 341 -488  3
3823500 2818500  5 24 16  23.7 1013 352  3.3 1  6.9  37  556  115 343 -482  3
3823500 2818500  5 24 17  23.6 1013  23  3.9 1  6.8  37  437  101 340 -472  3
3823500 2818500  5 24 18  22.0 1011   0  4.1 1  6.8  39  291   91 336 -460  3
3823500 2818500  5 24 19  21.0 1011  13  4.3 1  6.8  42  153   72 330 -448  3
3823500 2818500  5 24 20  17.8 1012   3  4.0 1  6.9  49   48   38 323 -435  3
3823500 2818500  5 24 21  16.3 1012 336  2.5 1  7.2  59    2    6 317 -422  3
3823500 2818500  5 24 22  13.8 1012 355  2.6 2  7.4  69    0    0 314 -413  3
3823500 2818500  5 24 23  12.2 1013  14  2.9 3  7.3  78    0    0 311 -407  3
3823500 2818500  5 24 24  11.5 1013  29  3.4 4  7.1  82    0    0 313 -403  3
3823500 2818500  5 25  1  10.0 1014  22  2.0 4  6.7  83    0    0 312 -399  3
3823500 2818500  5 25  2   9.2 1013   7  0.5 2  6.4  86    0    0 303 -396  3
3823500 2818500  5 25  3   8.2 1013   2  1.3 2  6.2  89    0    0 294 -394  3
3823500 2818500  5 25  4   7.3 1013 348  0.1 2  6.1  93    0    0 290 -394  3
3823500 2818500  5 25  5   6.7 1013   2  0.1 2  5.9  94    0    1 288 -393  3
3823500 2818500  5 25  6   8.7 1013 341  0.1 2  6.1  92   32   54 288 -392  3
3823500 2818500  5 25  7  12.0 1013  24  1.3 1  6.6  84  141   98 292 -393  3
3823500 2818500  5 25  8  12.8 1013  32  1.9 1  6.7  75  276  121 293 -396  3
3823500 2818500  5 25  9  14.7 1013   5  1.2 1  6.5  66  413  141 295 -406  3
3823500 2818500  5 25 10  16.7 1013 348  1.6 1  6.1  54  545  145 300 -421  3
3823500 2818500  5 25 11  18.2 1013   6  1.8 1  5.3  43  654  144 303 -435  3
3823500 2818500  5 25 12  19.5 1013 358  1.8 1  4.8  35  725  139 307 -448  3
3823500 2818500  5 25 13  21.1 1013 349  2.4 1  4.6  31  758  129 310 -457  3
3823500 2818500  5 25 14  21.6 1013   4  2.5 1  4.5  28  743  119 313 -462  3
3823500 2818500  5 25 15  22.3 1012 326  2.1 0  4.6  28  682  110 311 -462  3
3823500 2818500  5 25 16  22.6 1012 360  2.1 0  4.8  28  576  106 308 -459  3
3823500 2818500  5 25 17  22.3 1011 353  2.5 0  4.8  28  448   98 307 -453  3
3823500 2818500  5 25 18  22.5 1011  10  2.9 0  4.9  29  304   87 306 -446  3
3823500 2818500  5 25 19  21.9 1011  31  2.1 0  5.2  31  161   71 305 -433  3
3823500 2818500  5 25 20  19.6 1011  25  1.3 0  5.4  35   48   39 300 -420  3
3823500 2818500  5 25 21  16.8 1011  23  0.2 0  5.7  44    2    6 292 -408  3
3823500 2818500  5 25 22  14.1 1012 348  0.1 1  5.9  54    0    0 289 -397  3
3823500 2818500  5 25 23  12.9 1012   3  0.0 1  6.0  62    0    0 289 -390  3
3823500 2818500  5 25 24  11.1 1012  51  0.1 1  6.0  69    0    0 283 -386  3
3823500 2818500  5 26  1   8.8 1012  82  0.2 0  5.7  75    0    0 271 -384  3
3823500 2818500  5 26  2   7.8 1012  72  0.1 0  5.4  79    0    0 260 -381  3
3823500 2818500  5 26  3   7.7 1012  74  0.1 1  5.2  80    0    0 260 -377  3
3823500 2818500  5 26  4   7.0 1012  87  0.1 2  4.9  77    0    0 264 -373  3
3823500 2818500  5 26  5   6.9 1012  98  0.1 5  4.8  77    0    1 277 -369  3
3823500 2818500  5 26  6  10.2 1011 104  0.1 6  5.5  79    3   46 297 -367  3
3823500 2818500  5 26  7  12.9 1011 145  0.1 5  6.7  78   39  122 307 -370  3
3823500 2818500  5 26  8  16.2 1011 155  0.5 5  6.8  66  135  195 308 -380  3
3823500 2818500  5 26  9  18.9 1011 161  0.8 5  6.7  53  222  265 314 -396  3
3823500 2818500  5 26 10  22.0 1011 189  0.8 5  6.7  44  438  242 322 -414  3
3823500 2818500  5 26 11  22.7 1011 188  1.1 5  6.1  36  527  258 327 -432  3
3823500 2818500  5 26 12  23.8 1010 157  2.0 5  5.6  31  495  318 329 -447  3
3823500 2818500  5 26 13  24.5 1011 221  2.4 5  5.4  29  410  368 332 -460  3
3823500 2818500  5 26 14  25.1 1011 239  3.0 6  5.4  28  302  389 337 -469  3
3823500 2818500  5 26 15  25.1 1011 274  3.0 5  5.6  28  344  331 337 -472  3
3823500 2818500  5 26 16  25.2 1010 267  3.9 6  5.6  28  211  312 336 -470  3
3823500 2818500  5 26 17  24.7 1010 253  4.3 7  5.7  29   67  248 340 -463  3
3823500 2818500  5 26 18  23.8 1010 235  3.9 6  5.9  31   26  168 337 -453  3
3823500 2818500  5 26 19  22.7 1010 254  3.3 6  6.2  35   26  104 332 -441  3
3823500 2818500  5 26 20  20.3 1009 287  3.1 6  6.4  40    5   34 327 -429  3
3823500 2818500  5 26 21  18.0 1010 284  1.7 6  6.3  45    1    8 321 -417  3
3823500 2818500  5 26 22  16.0 1010 298  1.3 5  6.2  51    0    0 312 -409  3
3823500 2818500  5 26 23  13.5 1010 310  0.6 5  6.0  58    0    0 304 -404  3
3823500 2818500  5 26 24  12.1 1011 349  0.1 5  6.0  66    0    0 300 -400  3
3823500 2818500  5 27  1  10.7 1011 221  0.2 6  6.1  73    0    0 301 -396  3
3823500 2818500  5 27  2  10.3 1011 226  0.4 7  6.1  77    0    0 306 -394  3
3823500 2818500  5 27  3   9.8 1011 210  0.3 6  6.1  79    0    0 311 -393  3
3823500 2818500  5 27  4  10.0 1011 188  0.7 6  6.2  82    0    0 317 -392  3
3823500 2818500  5 27  5  10.0 1011 222  0.2 7  6.6  86    0    0 324 -392  3
3823500 2818500  5 27  6  11.7 1011 211  0.1 8  7.1  88    0   24 331 -392  3
3823500 2818500  5 27  7  15.1 1011 197  0.4 7  7.9  83    0   75 343 -395  3
3823500 2818500  5 27  8  16.7 1012 211  0.8 5  8.4  74   95  208 350 -402  3
3823500 2818500  5 27  9  18.9 1012 220  2.3 6  8.5  67  126  282 355 -411  3
3823500 2818500  5 27 10  20.2 1012 223  2.9 6  8.6  61   78  332 361 -423  3
3823500 2818500  5 27 11  20.1 1012 231  3.0 7  9.1  61    7  270 366 -434  3
3823500 2818500  5 27 12  18.8 1012 233  3.8 8  9.1  64    0  225 372 -444  3
3823500 2818500  5 27 13  17.4 1012 234  2.7 7  9.2  71    5  281 370 -451  3
3823500 2818500  5 27 14  18.4 1012 231  4.0 8  9.6  74    7  281 373 -456  3
3823500 2818500  5 27 15  18.6 1012 240  3.5 8  9.4  70    3  238 380 -459  3
3823500 2818500  5 27 16  18.7 1012 252  3.4 8  9.2  68    2  205 382 -457  3
3823500 2818500  5 27 17  18.7 1012 248  3.3 8  9.0  66    0  136 383 -453  3
3823500 2818500  5 27 18  18.7 1012 240  3.2 8  8.8  66    0   78 383 -446  3
3823500 2818500  5 27 19  18.5 1011 258  4.2 7  8.8  65    0   73 377 -441  3
3823500 2818500  5 27 20  18.3 1012 241  3.1 8  8.7  65    9   37 378 -434  3
3823500 2818500  5 27 21  18.0 1011 239  2.1 7  8.6  66    0    5 378 -427  3
3823500 2818500  5 27 22  18.0 1011 243  2.2 8  8.7  67    0    0 378 -421  3
3823500 2818500  5 27 23  17.9 1011 257  2.4 8  8.6  67    0    0 382 -415  3
3823500 2818500  5 27 24  17.8 1011 246  2.7 7  8.7  68    0    0 376 -412  3
3823500 2818500  5 28  1  17.6 1011 246  2.8 7  9.0  71    0    0 371 -410  3
3823500 2818500  5 28  2  17.6 1011 241  2.5 7  9.2  73    0    0 370 -408  3
3823500 2818500  5 28  3  17.7 1011 242  3.2 6  9.1  72    0    0 366 -406  3
3823500 2818500  5 28  4  17.3 1011 237  3.2 7  9.0  72    0    0 364 -404  3
3823500 2818500  5 28  5  16.6 1010 234  2.9 8  8.9  74    0    1 367 -402  3
3823500 2818500  5 28  6  16.4 1010 236  3.7 8  8.9  76    0    9 367 -402  3
3823500 2818500  5 28  7  15.5 1010 241  3.1 8  9.1  80    0   24 363 -405  3
3823500 2818500  5 28  8  15.5 1011 226  3.5 7  9.6  87    0   76 356 -412  3
3823500 2818500  5 28  9  16.5 1011 234  3.7 8  9.9  87    0  130 357 -421  3
3823500 2818500  5 28 10  16.7 1011 240  4.3 8  9.9  84    0  117 362 -431  3
3823500 2818500  5 28 11  16.5 1011 240  4.8 8 10.1  85    0  132 362 -442  3
3823500 2818500  5 28 12  16.5 1011 237  4.5 7 10.5  89    0  153 360 -452  3
3823500 2818500  5 28 13  16.5 1011 232  4.9 8 10.7  90    0  124 361 -460  3
3823500 2818500  5 28 14  16.8 1011 228  4.6 8 10.7  90    0   95 365 -468  3
3823500 2818500  5 28 15  17.5 1011 236  4.6 8 10.7  87    0  126 368 -473  3
3823500 2818500  5 28 16  18.5 1010 225  3.4 7 10.7  83    0  183 368 -472  3
3823500 2818500  5 28 17  20.0 1010 253  3.2 7 11.0  78    4  164 368 -467  3
3823500 2818500  5 28 18  20.3 1010 258  4.1 7 11.1  75   16  137 371 -459  3
3823500 2818500  5 28 19  20.6 1010 263  2.8 5 10.8  71   80   69 363 -450  3
3823500 2818500  5 28 20  19.7 1009 261  1.7 4 10.6  71   50   26 351 -441  3
3823500 2818500  5 28 21  18.3 1009 269  1.2 4 10.5  76    4    6 344 -431  3
3823500 2818500  5 28 22  17.0 1010 239  0.8 4 10.2  80    0    0 339 -423  3
3823500 2818500  5 28 23  16.6 1010 228  0.8 4 10.0  83    0    0 336 -418  3
3823500 2818500  5 28 24  16.4 1009 229  1.3 3  9.8  83    0    0 331 -414  3
3823500 2818500  5 29  1  16.4 1009 231  2.0 4  9.5  81    0    0 332 -411  3
3823500 2818500  5 29  2  17.2 1009 236  2.6 7  9.4  78    0    0 348 -410  3
3823500 2818500  5 29  3  17.3 1008 238  2.9 7  9.4  76    0    0 360 -406  3
3823500 2818500  5 29  4  17.0 1008 250  3.2 6  9.5  77    0    0 356 -400  3
3823500 2818500  5 29  5  16.9 1008 259  3.3 7  9.5  78    0    1 355 -396  3
3823500 2818500  5 29  6  16.4 1008 261  3.2 7  9.4  79    1   37 359 -394  3
3823500 2818500  5 29  7  16.8 1008 265  4.4 5  9.1  77   77  109 350 -397  3
3823500 2818500  5 29  8  17.1 1009 276  4.3 3  8.6  71  221  137 335 -402  3
3823500 2818500  5 29  9  17.8 1009 265  4.8 4  8.0  64  227  239 334 -407  3
3823500 2818500  5 29 10  18.3 1009 271  5.2 4  7.6  58  272  294 341 -411  3
3823500 2818500  5 29 11  19.1 1009 276  5.4 4  7.3  54  360  312 343 -420  3
3823500 2818500  5 29 12  19.5 1009 301  4.7 4  6.8  49  457  300 342 -422  3
3823500 2818500  5 29 13  20.4 1009 298  4.5 4  6.4  44  539  264 339 -420  3
3823500 2818500  5 29 14  21.0 1009 288  4.4 4  6.2  41  645  179 339 -421  3
3823500 2818500  5 29 15  21.1 1009 267  4.8 3  6.3  40  664  120 336 -424  3
3823500 2818500  5 29 16  20.7 1009 277  6.6 3  6.3  40  548  119 331 -431  3
3823500 2818500  5 29 17  19.7 1009 293  5.4 2  6.5  44  441  102 326 -432  3
3823500 2818500  5 29 18  18.5 1009 287  4.5 2  6.6  48  276   96 317 -428  3
3823500 2818500  5 29 19  17.8 1010 312  3.8 3  6.6  51  122   78 316 -420  3
3823500 2818500  5 29 20  16.8 1010 299  2.2 4  6.6  54   33   37 319 -411  3
3823500 2818500  5 29 21  16.0 1010 292  1.8 6  6.6  57    0    6 324 -401  3
3823500 2818500  5 29 22  15.1 1011 280  1.2 6  6.8  62    0    0 328 -391  3
3823500 2818500  5 29 23  14.0 1011 282  1.1 6  6.9  67    0    0 325 -385  3
3823500 2818500  5 29 24  12.3 1011 247  1.1 5  6.9  73    0    0 318 -380  3
3823500 2818500  5 30  1  11.5 1011 238  1.3 4  6.9  80    0    0 307 -376  3
3823500 2818500  5 30  2  10.6 1011 256  1.3 4  6.9  84    0    0 302 -373  3
3823500 2818500  5 30  3   9.9 1011 246  1.3 3  6.9  88    0    0 297 -372  3
3823500 2818500  5 30  4   9.8 1010 249  1.1 1  7.1  93    0    0 284 -371  3
3823500 2818500  5 30  5   9.0 1010 261  0.1 1  7.2  97    0    1 274 -371  3
3823500 2818500  5 30  6  11.3 1010 242  0.1 0  7.6  97   40   56 273 -373  3
3823500 2818500  5 30  7  13.5 1010 252  0.7 0  8.1  89  160  100 275 -381  3
3823500 2818500  5 30  8  16.2 1010 266  2.4 0  8.0  75  312  120 281 -394  3
3823500 2818500  5 30  9  17.8 1010 269  2.9 0  7.5  62  476  122 286 -409  3
3823500 2818500  5 30 10  19.1 1010 272  2.6 1  6.8  51  595  133 295 -425  3
3823500 2818500  5 30 11  19.9 1010 263  2.7 2  6.3  44  608  183 309 -441  3
3823500 2818500  5 30 12  20.4 1009 262  1.9 3  6.1  41  462  307 323 -454  3
3823500 2818500  5 30 13  21.2 1009 250  1.8 3  6.0  39  543  273 330 -462  3
3823500 2818500  5 30 14  21.0 1008 215  2.0 2  5.7  37  540  254 328 -465  3
3823500 2818500  5 30 15  21.5 1008 267  1.8 4  5.6  36  157  351 334 -465  3
3823500 2818500  5 30 16  22.1 1007 253  2.7 5  5.8  35   93  296 345 -461  3
3823500 2818500  5 30 17  21.3 1007 271  1.8 6  5.9  36   44  227 349 -454  3
3823500 2818500  5 30 18  20.6 1007 282  0.7 7  6.1  39   13  149 352 -444  3
3823500 2818500  5 30 19  19.8 1006  17  0.4 6  6.4  43   17   98 349 -433  3
3823500 2818500  5 30 20  17.9 1006  41  0.9 6  7.2  52    8   36 344 -423  3
3823500 2818500  5 30 21  17.1 1006  58  0.9 6  7.8  62    0    5 341 -413  3
3823500 2818500  5 30 22  16.1 1006  56  1.1 5  7.9  66    0    0 334 -402  3
3823500 2818500  5 30 23  15.4 1006  73  1.0 5  7.8  69    0    0 327 -393  3
3823500 2818500  5 30 24  15.4 1005 114  0.7 5  7.7  70    0    0 324 -386  3
3823500 2818500  5 31  1  14.4 1005  62  1.5 6  7.7  72    0    0 325 -380  3
3823500 2818500  5 31  2  14.1 1004  67  1.6 6  7.8  76    0    0 324 -377  3
3823500 2818500  5 31  3  13.5 1004  42  2.4 6  7.8  79    0    0 321 -375  3
3823500 2818500  5 31  4  13.0 1003  33  1.6 6  8.0  83    0    0 318 -375  3
3823500 2818500  5 31  5  13.2 1003  66  1.3 6  8.2  86    0    1 318 -376  3
3823500 2818500  5 31  6  13.4 1003 312  0.9 6  8.3  86   13   50 318 -378  3
3823500 2818500  5 31  7  15.0 1002 256  1.2 3  8.6  84  114   95 305 -384  3
3823500 2818500  5 31  8  15.2 1002 230  2.0 5  8.6  80   57  190 303 -393  3
3823500 2818500  5 31  9  14.1 1002 287  4.6 7  8.5  81    0  130 320 -401  3
3823500 2818500  5 31 10  14.5 1003 294  2.6 4  8.9  86  297  265 317 -408  3
3823500 2818500  5 31 11  17.5 1003 288  2.7 2  8.9  77  805   71 306 -418  3
3823500 2818500  5 31 12  17.2 1003 302  4.5 5  8.2  65  207  373 316 -431  3
3823500 2818500  5 31 13  16.0 1003 292  2.7 8  8.1  68    3  263 333 -438  3
3823500 2818500  5 31 14  14.8 1004 325  5.2 6  8.3  75   49  337 331 -437  3
3823500 2818500  5 31 15  15.3 1004 299  3.6 6  8.1  75   90  324 324 -433  3
3823500 2818500  5 31 16  15.5 1005 310  2.8 7  7.9  72   33  258 326 -431  3
3823500 2818500  5 31 17  14.0 1005 298  2.9 4  7.7  72   94  225 317 -427  3
3823500 2818500  5 31 18  12.6 1006 302  2.6 5  7.3  76  129  150 306 -419  3
3823500 2818500  5 31 19  13.3 1006 287  2.5 6  7.3  78   34   97 312 -409  3
3823500 2818500  5 31 20  12.6 1007 286  1.8 6  7.1  76   33   31 320 -400  3
3823500 2818500  5 31 21  12.1 1008 282  1.5 5  6.9  77    4    7 315 -392  3
3823500 2818500  5 31 22  11.5 1008 279  1.4 5  6.8  78    0    0 302 -385  3
3823500 2818500  5 31 23  11.9 1009 267  1.4 5  7.4  82    0    0 296 -379  3
3823500 2818500  5 31 24  12.7 1009 263  1.5 5  8.3  87    0    0 294 -372  3
3823500 2818500  6  1  1  13.9 1002 260  1.3 6  9.5  91    0    0 366 -429  3
3823500 2818500  6  1  2  14.7 1003 270  1.2 7 10.3  94    0    0 366 -426  3
3823500 2818500  6  1  3  15.2 1004 277  1.1 7 10.7  96    0    0 361 -422  3
3823500 2818500  6  1  4  14.7 1004 287  1.1 6 10.4  96    0    0 355 -419  3
3823500 2818500  6  1  5  14.8 1004 270  1.2 6 10.4  97    0    2 350 -416  3
3823500 2818500  6  1  6  14.0 1004 270  1.4 6  9.9  98    8   52 348 -416  3
3823500 2818500  6  1  7  14.3 1005 296  1.7 5 10.0  98   45  126 344 -421  3
3823500 2818500  6  1  8  15.2 1005 306  1.2 5 10.0  95  107  192 342 -433  3
3823500 2818500  6  1  9  16.3 1005 285  1.3 4 10.3  91  210  237 342 -449  3
3823500 2818500  6  1 10  17.9 1005 284  1.4 5 10.7  87  262  284 347 -464  3
3823500 2818500  6  1 11  18.5 1005 313  1.6 5 11.1  84  218  347 355 -474  3
3823500 2818500  6  1 12  18.6 1005 314  1.8 6 11.1  82   99  380 361 -481  3
3823500 2818500  6  1 13  19.0 1005 297  1.8 5 11.1  81  166  392 365 -488  3
3823500 2818500  6  1 14  19.2 1005 281  2.6 5 11.3  81  176  374 365 -493  3
3823500 2818500  6  1 15  20.0 1005 276  3.1 5 11.6  80   80  335 368 -496  3
3823500 2818500  6  1 16  19.2 1006 245  3.2 6 11.5  80   57  279 371 -500  3
3823500 2818500  6  1 17  18.9 1006 315  3.3 7 11.2  81   26  215 372 -500  3
3823500 2818500  6  1 18  19.0 1005 357  2.3 7 11.1  80    3  125 372 -490  3
3823500 2818500  6  1 19  18.3 1005 307  1.5 6 11.1  82    2   70 368 -475  3
3823500 2818500  6  1 20  18.0 1005 290  0.7 8 11.1  84    5   30 370 -462  3
3823500 2818500  6  1 21  17.4 1005 236  1.0 7 11.1  86    0    0 370 -451  3
3823500 2818500  6  1 22  16.8 1006 272  1.6 7 11.0  89    0    0 365 -441  3
3823500 2818500  6  1 23  16.1 1006 281  2.1 8 10.7  90    0    0 366 -433  3
3823500 2818500  6  1 24  15.4 1006 301  1.9 8 10.4  92    0    0 365 -428  3
3823500 2818500  6  2  1  14.9 1006 310  1.3 5 10.0  94    0    0 344 -420  3
3823500 2818500  6  2  2  14.3 1006 310  0.8 6  9.9  95    0    0 345 -417  3
3823500 2818500  6  2  3  14.5 1006  45  0.3 6  9.8  94    0    0 346 -413  3
3823500 2818500  6  2  4  13.7 1006 337  0.1 8  9.7  95    0    0 349 -410  3
3823500 2818500  6  2  5  13.7 1006 206  0.1 8  9.6  97    0    0 351 -409  3
3823500 2818500  6  2  6  14.1 1006 140  0.1 6  9.7  97    5   58 345 -410  3
3823500 2818500  6  2  7  15.3 1006 109  0.4 7 10.1  96   29  135 344 -415  3
3823500 2818500  6  2  8  16.8 1006 149  1.1 6 10.7  93  140  208 349 -425  3
3823500 2818500  6  2  9  19.0 1007 164  2.4 5 11.2  87  152  284 350 -439  3
3823500 2818500  6  2 10  19.4 1006 150  2.3 5 11.4  81   96  357 353 -454  3
3823500 2818500  6  2 11  20.8 1006 176  1.9 5 11.4  76  189  394 357 -468  3
3823500 2818500  6  2 12  21.6 1007 136  2.1 4 11.2  71  192  421 359 -481  3
3823500 2818500  6  2 13  22.3 1007 167  2.5 4 11.1  66  272  416 361 -492  3
3823500 2818500  6  2 14  22.8 1007 186  1.6 4 10.9  63  348  373 363 -500  3
3823500 2818500  6  2 15  23.8 1007 165  1.7 4 10.6  59  323  341 366 -501  3
3823500 2818500  6  2 16  24.4 1007 159  1.8 2 10.5  55  422  227 366 -498  3
3823500 2818500  6  2 17  24.1 1006 147  1.1 2 10.3  54  333  190 363 -494  3
3823500 2818500  6  2 18  24.6 1006 234  0.7 2 10.1  52  249  143 363 -486  3
3823500 2818500  6  2 19  24.5 1006 296  0.5 4 10.1  52   88  114 366 -475  3
3823500 2818500  6  2 20  22.2 1006 345  0.1 3 10.8  59   10   43 366 -466  3
3823500 2818500  6  2 21  19.8 1006  16  0.1 2 11.4  73    0    5 358 -457  3
3823500 2818500  6  2 22  18.3 1005  25  0.1 2 11.4  82    0    0 349 -451  3
3823500 2818500  6  2 23  17.1 1006   2  0.0 2 11.2  88    0    0 343 -446  3
3823500 2818500  6  2 24  16.5 1006 340  0.0 3 11.1  91    0    0 340 -440  3
3823500 2818500  6  3  1  15.8 1006  75  0.1 2 10.8  93    0    0 335 -435  3
3823500 2818500  6  3  2  15.6 1006  67  0.1 2 10.5  94    0    0 327 -431  3
3823500 2818500  6  3  3  15.4 1005  38  0.0 2 10.4  94    0    0 324 -429  3
3823500 2818500  6  3  4  14.9 1005  86  0.1 2 10.2  94    0    0 322 -428  3
3823500 2818500  6  3  5  14.6 1005  19  0.0 3 10.1  95    0    6 322 -428  3
3823500 2818500  6  3  6  17.2 1005 102  0.1 4 10.5  92    0   42 331 -429  3
3823500 2818500  6  3  7  19.4 1005  97  0.2 4 11.4  85    4  109 341 -435  3
3823500 2818500  6  3  8  21.4 1005  87  0.2 4 12.0  79   57  213 346 -444  3
3823500 2818500  6  3  9  23.2 1006  89  1.1 5 12.6  74  157  289 355 -457  3
3823500 2818500  6  3 10  24.8 1005  83  1.4 4 13.0  68  324  312 360 -474  3
3823500 2818500  6  3 11  26.3 1005  83  1.5 4 12.6  61  462  308 361 -491  3
3823500 2818500  6  3 12  27.2 1005  74  2.2 4 11.6  52  519  316 365 -504  3
3823500 2818500  6  3 13  28.2 1005 101  1.9 3 10.8  46  546  311 366 -513  3
3823500 2818500  6  3 14  28.6 1004  66  1.9 2 10.6  43  540  293 367 -517  3
3823500 2818500  6  3 15  29.0 1003  45  2.1 2 10.7  42  471  282 366 -518  3
3823500 2818500  6  3 16  29.1 1003  45  2.7 4 10.6  42  242  316 369 -515  3
3823500 2818500  6  3 17  28.4 1002  65  1.7 4 10.8  43  152  263 372 -506  3
3823500 2818500  6  3 18  27.7 1002  62  1.9 4 10.8  45  107  192 368 -496  3
3823500 2818500  6  3 19  26.9 1001  81  0.8 5 10.5  46   46  119 367 -484  3
3823500 2818500  6  3 20  25.6 1001  51  0.8 7 10.8  50   15   47 374 -472  3
3823500 2818500  6  3 21  24.2 1001  50  0.6 7 11.2  56    0    4 376 -461  3
3823500 2818500  6  3 22  23.0 1001  63  0.7 8 11.4  61    0    0 376 -453  3
3823500 2818500  6  3 23  21.5 1001  63  0.7 8 11.6  68    0    0 376 -446  3
3823500 2818500  6  3 24  20.9 1001  52  0.5 7 11.8  74    0    0 371 -440  3
3823500 2818500  6  4  1  20.0 1001  79  0.4 6 11.9  78    0    0 360 -435  3
3823500 2818500  6  4  2  19.1 1001   6  0.7 6 12.0  83    0    0 354 -429  3
3823500 2818500  6  4  3  17.6 1000 346  0.9 6 11.9  89    0    0 348 -424  3
3823500 2818500  6  4  4  17.0 1000 207  2.1 6 11.7  93    0    0 345 -419  3
3823500 2818500  6  4  5  17.8 1000 227  1.5 6 11.8  94    0    4 346 -416  3
3823500 2818500  6  4  6  18.3 1000 233  0.8 6 12.1  92    0   24 349 -413  3
3823500 2818500  6  4  7  18.7 1000 223  2.2 7 12.2  90    0   81 353 -415  3
3823500 2818500  6  4  8  18.7 1000 216  1.7 7 12.4  90    0  134 358 -425  3
3823500 2818500  6  4  9  18.9 1001 209  2.0 8 12.4  89    0  142 363 -441  3
3823500 2818500  6  4 10  19.3 1002 235  2.4 8 12.2  87    0  189 369 -457  3
3823500 2818500  6  4 11  19.3 1002 241  2.6 8 12.1  85    0  165 372 -472  3
3823500 2818500  6  4 12  19.7 1003 256  3.6 8 11.8  82    0  138 374 -485  3
3823500 2818500  6  4 13  19.8 1003 268  3.2 5 11.7  80  212  457 366 -496  3
3823500 2818500  6  4 14  20.9 1004 261  1.9 5 11.7  77  269  430 359 -502  3
3823500 2818500  6  4 15  22.3 1004 282  2.2 6 11.5  70  237  396 368 -502  3
3823500 2818500  6  4 16  22.5 1004 251  2.6 4 11.2  65  196  343 366 -492  3
3823500 2818500  6  4 17  22.7 1004 236  1.5 6 11.1  64   73  266 366 -478  3
3823500 2818500  6  4 18  22.7 1004 263  0.6 6 11.1  63   33  183 375 -461  3
3823500 2818500  6  4 19  22.6 1004 208  0.2 5 11.2  64   46  124 371 -446  3
3823500 2818500  6  4 20  21.6 1004 311  0.3 5 11.4  68    0   14 365 -434  3
3823500 2818500  6  4 21  19.2 1004 298  0.1 6 11.6  76    0    2 364 -424  3
3823500 2818500  6  4 22  17.9 1004  31  0.1 7 11.6  86    0    0 367 -417  3
3823500 2818500  6  4 23  18.4 1004 322  0.1 7 11.7  89    0    0 370 -412  3
3823500 2818500  6  4 24  18.0 1005 257  0.2 6 11.9  90    0    0 365 -408  3
3823500 2818500  6  5  1  17.7 1005 300  0.1 7 12.1  93    0    0 363 -406  3
3823500 2818500  6  5  2  17.1 1005 340  0.1 6 12.0  95    0    0 361 -404  3
3823500 2818500  6  5  3  16.9 1005 324  0.1 6 11.8  96    0    0 353 -403  3
3823500 2818500  6  5  4  16.4 1005 287  0.1 7 11.5  96    0    0 355 -401  3
3823500 2818500  6  5  5  16.3 1005 305  0.1 6 11.2  95    2   20 353 -400  3
3823500 2818500  6  5  6  16.2 1005 325  0.1 6 11.0  94    0   47 345 -400  3
3823500 2818500  6  5  7  16.3 1005 308  0.6 7 11.3  96    0   87 351 -400  3
3823500 2818500  6  5  8  16.5 1005 332  0.6 7 11.6  98    0  124 357 -401  3
3823500 2818500  6  5  9  16.8 1006 321  0.6 7 11.7  98    0  153 357 -404  3
3823500 2818500  6  5 10  16.9 1006 325  1.0 6 11.9  98    0  181 352 -407  3
3823500 2818500  6  5 11  17.5 1006 321  1.0 6 12.0  97    0  228 348 -411  3
3823500 2818500  6  5 12  18.2 1006 320  0.9 7 11.9  92    0  159 357 -415  3
3823500 2818500  6  5 13  18.3 1007 351  1.1 7 12.0  90    0  251 364 -419  3
3823500 2818500  6  5 14  19.1 1006   2  1.5 7 12.2  89   15  310 366 -423  3
3823500 2818500  6  5 15  19.8 1006   8  1.4 6 12.2  86   40  337 365 -421  3
3823500 2818500  6  5 16  20.0 1006   2  1.0 6 12.1  82   75  337 361 -419  3
3823500 2818500  6  5 17  19.3 1006   0  0.8 5 12.0  83   42  255 355 -420  3
3823500 2818500  6  5 18  18.7 1006 337  1.3 5 11.8  85   45  197 347 -419  3
3823500 2818500  6  5 19  18.5 1006 341  0.4 5 12.0  88   20  118 344 -416  3
3823500 2818500  6  5 20  18.1 1006   5  0.3 8 12.0  90    0   29 357 -413  3
3823500 2818500  6  5 21  17.6 1006 344  0.7 7 11.8  92    0    1 366 -409  3
3823500 2818500  6  5 22  17.5 1007 335  0.1 8 11.8  93    0    0 365 -405  3
3823500 2818500  6  5 23  17.0 1007 338  0.6 7 11.6  93    0    0 364 -402  3
3823500 2818500  6  5 24  16.6 1007 338  0.9 8 11.3  94    0    0 362 -400  3
3823500 2818500  6  6  1  16.3 1007 347  0.8 8 11.2  94    0    0 366 -398  3
3823500 2818500  6  6  2  16.1 1007 340  0.8 8 11.1  95    0    0 365 -396  3
3823500 2818500  6  6  3  15.7 1007 335  1.3 7 10.8  95    0    0 359 -394  3
3823500 2818500  6  6  4  15.1 1006 342  1.0 8 10.4  94    0    0 357 -392  3
3823500 2818500  6  6  5  14.6 1006 343  1.0 8 10.1  94    0    2 360 -390  3
3823500 2818500  6  6  6  14.7 1006 351  0.9 6  9.9  94    0   12 348 -388  3
3823500 2818500  6  6  7  14.9 1006 347  1.2 7  9.9  93    0   66 341 -390  3
3823500 2818500  6  6  8  15.1 1006   6  1.2 6 10.0  92    0  127 340 -393  3
3823500 2818500  6  6  9  15.9 1006  41  1.0 8 10.1  90    0  172 348 -398  3
3823500 2818500  6  6 10  17.4 1006   7  1.3 8 10.4  87    2  251 364 -407  3
3823500 2818500  6  6 11  19.4 1006  54  1.6 7 10.8  81   61  362 367 -417  3
3823500 2818500  6  6 12  21.5 1006  53  2.2 4 11.2  74  429  332 355 -425  3
3823500 2818500  6  6 13  22.6 1007  70  2.1 4 11.3  67  448  332 350 -433  3
3823500 2818500  6  6 14  23.7 1006  87  3.4 5 10.2  57  382  344 359 -443  3
3823500 2818500  6  6 15  23.4 1006  68  2.8 7  8.9  48  179  361 372 -452  3
3823500 2818500  6  6 16  23.8 1006  74  2.3 5  8.0  44  452  197 368 -451  3
3823500 2818500  6  6 17  23.5 1005  78  2.7 5  7.5  41  298  194 354 -444  3
3823500 2818500  6  6 18  23.1 1005  90  2.4 6  7.1  39  193  154 357 -437  3
3823500 2818500  6  6 19  22.3 1005  77  2.3 5  6.9  40   88  109 352 -431  3
3823500 2818500  6  6 20  20.9 1005  78  0.8 6  7.1  44   44   53 347 -425  3
3823500 2818500  6  6 21  18.9 1005  46  0.8 7  7.6  52    0   10 355 -419  3
3823500 2818500  6  6 22  16.7 1005  26  1.0 6  8.0  62    0    0 348 -413  3
3823500 2818500  6  6 23  15.1 1005  32  0.7 5  8.2  72    0    0 326 -408  3
3823500 2818500  6  6 24  14.1 1005  46  2.2 5  8.3  79    0    0 312 -405  3
3823500 2818500  6  7  1  13.9 1005  62  0.9 4  8.3  82    0    0 298 -402  3
3823500 2818500  6  7  2  14.8 1005  67  0.8 4  8.2  80    0    0 292 -400  3
3823500 2818500  6  7  3  14.3 1005  56  1.4 5  8.1  77    0    0 304 -399  3
3823500 2818500  6  7  4  14.2 1005  58  1.4 6  8.0  78    0    0 321 -396  3
3823500 2818500  6  7  5  13.7 1005  71  0.9 5  7.9  79    0   11 319 -395  3
3823500 2818500  6  7  6  15.2 1005  63  0.7 3  8.1  78   29   70 291 -395  3
3823500 2818500  6  7  7  17.0 1005  68  1.4 2  8.3  72  120  127 260 -397  3
3823500 2818500  6  7  8  19.4 1005  87  2.0 2  8.3  63  236  166 250 -402  3
3823500 2818500  6  7  9  20.9 1005  75  2.5 3  8.2  55  365  191 265 -410  3
3823500 2818500  6  7 10  21.6 1005  86  3.3 3  7.6  48  478  212 279 -418  3
3823500 2818500  6  7 11  22.1 1005  96  3.9 3  6.9  42  536  243 287 -427  3
3823500 2818500  6  7 12  23.0 1005  98  3.0 3  7.0  41  505  296 295 -434  3
3823500 2818500  6  7 13  23.9 1005  83  3.9 2  7.2  40  476  320 294 -436  3
3823500 2818500  6  7 14  23.3 1005  92  0.6 3  7.1  38  397  339 293 -436  3
3823500 2818500  6  7 15  23.5 1005  80  1.5 3  7.0  39  244  353 295 -431  3
3823500 2818500  6  7 16  23.4 1005  77  3.7 2  7.1  39  336  261 282 -427  3
3823500 2818500  6  7 17  23.6 1004  85  2.6 2  6.8  38  386  153 271 -425  3
3823500 2818500  6  7 18  23.3 1004  81  2.6 1  6.8  37  261  128 258 -420  3
3823500 2818500  6  7 19  22.6 1004  84  1.8 1  6.8  38  130   98 258 -416  3
3823500 2818500  6  7 20  21.6 1004  75  0.6 1  7.0  42   32   52 256 -413  3
3823500 2818500  6  7 21  19.7 1003  70  0.6 1  7.4  48    0    6 258 -407  3
3823500 2818500  6  7 22  17.6 1004  60  0.5 0  7.6  56    0    0 266 -400  3
3823500 2818500  6  7 23  16.7 1004  58  0.6 1  7.7  63    0    0 266 -394  3
3823500 2818500  6  7 24  15.3 1004  63  0.1 1  7.7  67    0    0 259 -389  3
3823500 2818500  6  8  1  14.6 1004  64  0.1 3  7.7  72    0    0 262 -385  3
3823500 2818500  6  8  2  13.4 1004  76  0.1 2  7.7  77    0    0 273 -383  3
3823500 2818500  6  8  3  12.4 1004  57  0.1 2  7.6  81    0    0 265 -382  3
3823500 2818500  6  8  4  11.6 1004 211  0.1 3  7.5  85    0    0 274 -380  3
3823500 2818500  6  8  5  12.0 1005 302  0.1 3  7.8  89    0   16 282 -377  3
3823500 2818500  6  8  6  13.8 1005  32  0.1 5  8.5  91    6   56 300 -377  3
3823500 2818500  6  8  7  16.5 1005 341  0.3 3  8.8  81   79  134 308 -381  3
3823500 2818500  6  8  8  18.6 1005   3  0.7 3  8.7  68  144  199 303 -390  3
3823500 2818500  6  8  9  20.2 1005 312  0.5 3  8.8  62  232  254 310 -401  3
3823500 2818500  6  8 10  21.1 1005  37  1.0 3  9.0  58  386  262 315 -414  3
3823500 2818500  6  8 11  22.5 1007 243  1.2 3  9.3  56  426  300 321 -426  3
3823500 2818500  6  8 12  23.7 1007 294  1.2 4  9.6  54  378  355 332 -437  3
3823500 2818500  6  8 13  23.4 1007 163  1.4 4  9.7  53  432  340 339 -445  3
3823500 2818500  6  8 14  23.7 1007  76  1.5 4  9.1  50  333  365 340 -448  3
3823500 2818500  6  8 15  23.7 1006 159  1.0 4  8.3  45  238  354 340 -449  3
3823500 2818500  6  8 16  22.6 1006 287  1.0 3  8.0  45  380  239 332 -449  3
3823500 2818500  6  8 17  22.6 1006 244  2.0 2  8.0  46  340  175 320 -445  3
3823500 2818500  6  8 18  22.2 1007 313  0.8 1  8.0  47  265  127 311 -435  3
3823500 2818500  6  8 19  22.5 1007 300  1.1 2  8.3  49  108  104 312 -425  3
3823500 2818500  6  8 20  20.6 1007 244  0.9 5  9.1  56   16   45 332 -416  3
3823500 2818500  6  8 21  18.7 1007 240  0.4 4 10.0  69    0    1 336 -407  3
3823500 2818500  6  8 22  18.1 1008 274  1.0 6 10.1  76    0    0 337 -398  3
3823500 2818500  6  8 23  16.6 1008 290  0.4 5 10.1  81    0    0 337 -392  3
3823500 2818500  6  8 24  15.3 1008 235  0.6 3 10.0  88    0    0 319 -388  3
3823500 2818500  6  9  1  14.5 1008 255  0.6 2  9.9  92    0    0 303 -384  3
3823500 2818500  6  9  2  13.9 1009 234  0.5 3  9.6  94    0    0 299 -380  3
3823500 2818500  6  9  3  13.0 1009 283  0.3 4  9.1  94    0    0 304 -375  3
3823500 2818500  6  9  4  12.2 1009 253  0.2 4  8.8  96    0    0 304 -369  3
3823500 2818500  6  9  5  12.4 1010 242  0.3 2  8.7  97    0    6 293 -366  3
3823500 2818500  6  9  6  13.8 1010 280  0.6 3  9.1  96    1   46 290 -366  3
3823500 2818500  6  9  7  14.2 1010 302  0.4 5  9.7  97    1   93 305 -373  3
3823500 2818500  6  9  8  14.6 1011 188  0.7 5 10.1  98    8  167 313 -385  3
3823500 2818500  6  9  9  16.1 1011 359  0.9 5 10.2  94   66  272 317 -402  3
3823500 2818500  6  9 10  18.2 1012 326  0.8 2 10.4  84  405  238 311 -419  3
3823500 2818500  6  9 11  21.4 1012  22  1.0 0 10.7  74  688  131 304 -435  3
3823500 2818500  6  9 12  23.4 1012  10  1.3 0 10.4  61  750  131 308 -448  3
3823500 2818500  6  9 13  25.0 1013  38  1.7 2  9.3  49  777  124 321 -458  3
3823500 2818500  6  9 14  25.7 1012  20  2.1 3  8.7  43  560  237 337 -464  3
3823500 2818500  6  9 15  26.2 1012  38  2.5 2  8.1  39  529  210 341 -467  3
3823500 2818500  6  9 16  26.5 1012 327  3.7 2  7.4  34  558  123 337 -463  3
3823500 2818500  6  9 17  26.0 1012  21  1.2 1  6.9  32  466   99 333 -457  3
3823500 2818500  6  9 18  25.9 1011  25  2.7 1  6.7  32  319   93 326 -452  3
3823500 2818500  6  9 19  24.9 1011  27  1.3 1  6.7  33  168   80 324 -438  3
3823500 2818500  6  9 20  23.5 1012  23  0.6 1  7.1  38   52   50 320 -428  3
3823500 2818500  6  9 21  21.2 1011   5  1.2 1  7.5  44    1    8 315 -420  3
3823500 2818500  6  9 22  20.1 1011  14  1.0 1  7.6  50    0    0 310 -412  3
3823500 2818500  6  9 23  19.0 1012  24  1.1 0  7.5  52    0    0 301 -407  3
3823500 2818500  6  9 24  16.1 1012 349  0.1 0  7.5  60    0    0 291 -401  3
3823500 2818500  6 10  1  14.1 1013 354  0.1 1  7.7  71    0    0 287 -395  3
3823500 2818500  6 10  2  13.5 1013 327  0.1 1  7.6  78    0    0 288 -394  3
3823500 2818500  6 10  3  12.8 1013 352  0.3 0  7.6  81    0    0 281 -393  3
3823500 2818500  6 10  4  12.6 1013 356  0.1 0  7.6  83    0    0 274 -392  3
3823500 2818500  6 10  5  12.9 1013 333  0.1 0  7.6  82    0   17 274 -388  3
3823500 2818500  6 10  6  14.3 1013 318  0.1 1  8.0  82   40   69 280 -382  3
3823500 2818500  6 10  7  16.7 1013 325  0.3 0  8.6  78  115  128 285 -384  3
3823500 2818500  6 10  8  19.2 1013   7  0.7 0  9.0  70  259  155 288 -392  3
3823500 2818500  6 10  9  21.5 1014 352  1.1 1  9.0  60  353  200 300 -404  3
3823500 2818500  6 10 10  23.0 1014 359  1.6 1  9.0  54  534  180 311 -419  3
3823500 2818500  6 10 11  24.8 1015  16  1.9 1  8.7  47  604  203 318 -434  3
3823500 2818500  6 10 12  25.3 1015   7  2.6 1  7.6  38  639  222 321 -448  3
3823500 2818500  6 10 13  26.0 1015 359  2.0 2  6.9  34  630  237 327 -458  3
3823500 2818500  6 10 14  26.2 1015 338  2.2 2  6.7  32  621  222 331 -464  3
3823500 2818500  6 10 15  26.2 1014 338  2.3 2  6.9  32  590  194 332 -463  3
3823500 2818500  6 10 16  26.1 1014 356  2.1 3  6.9  33  522  165 334 -461  3
3823500 2818500  6 10 17  26.0 1014 357  3.1 3  7.1  34  422  140 337 -459  3
3823500 2818500  6 10 18  25.2 1013 353  2.7 3  7.0  34  274  125 337 -451  3
3823500 2818500  6 10 19  24.3 1013   3  1.6 4  7.1  36  105  106 338 -441  3
3823500 2818500  6 10 20  23.8 1013   3  0.7 4  7.6  41   12   46 341 -431  3
3823500 2818500  6 10 21  20.9 1012 360  1.0 3  8.0  48    0    3 335 -419  3
3823500 2818500  6 10 22  19.1 1013 354  0.8 1  8.1  55    0    0 319 -408  3
3823500 2818500  6 10 23  17.3 1013   1  0.5 1  8.0  61    0    0 305 -400  3
3823500 2818500  6 10 24  15.0 1014  18  0.2 1  8.0  70    0    0 297 -393  3
3823500 2818500  6 11  1  12.6 1014 241  0.0 2  7.9  80    0    0 294 -390  3
3823500 2818500  6 11  2  11.6 1014 280  0.0 2  7.9  89    0    0 293 -388  3
3823500 2818500  6 11  3  10.7 1013 293  0.1 2  7.7  93    0    0 289 -387  3
3823500 2818500  6 11  4  10.2 1013  75  0.1 2  7.5  95    0    0 286 -385  3
3823500 2818500  6 11  5  10.8 1013 356  0.0 1  7.6  96    3   20 282 -384  3
3823500 2818500  6 11  6  13.8 1012   5  0.0 1  8.1  90   32   67 281 -385  3
3823500 2818500  6 11  7  17.2 1012 231  0.1 0  8.8  80  157  110 284 -390  3
3823500 2818500  6 11  8  20.4 1012 253  0.5 0  8.8  65  296  135 291 -399  3
3823500 2818500  6 11  9  21.5 1012 272  1.3 1  8.4  54  390  173 309 -407  3
3823500 2818500  6 11 10  22.7 1012 278  1.8 1  8.4  51  595  143 325 -416  3
3823500 2818500  6 11 11  23.3 1012 265  2.6 1  8.6  49  663  162 333 -424  3
3823500 2818500  6 11 12  23.8 1012 272  2.8 1  8.6  48  725  163 340 -432  3
3823500 2818500  6 11 13  24.0 1012 264  2.9 3  8.8  47  345  371 352 -439  3
3823500 2818500  6 11 14  24.0 1012 281  3.7 3  9.3  50  220  385 355 -443  3
3823500 2818500  6 11 15  23.1 1011 307  3.6 4  9.7  53  239  343 351 -442  3
3823500 2818500  6 11 16  22.9 1011 307  3.7 5  9.9  56  127  299 350 -438  3
3823500 2818500  6 11 17  22.4 1011 309  3.7 5  9.7  56  204  231 348 -431  3
3823500 2818500  6 11 18  20.1 1009 308  3.9 4  9.2  58  179  158 340 -422  3
3823500 2818500  6 11 19  18.8 1009 324  3.1 5  8.8  62   22  107 331 -412  3
3823500 2818500  6 11 20  17.0 1009 306  3.2 4  8.2  63    4   39 324 -403  3
3823500 2818500  6 11 21  15.6 1010 324  2.2 2  7.8  67    1   10 307 -394  3
3823500 2818500  6 11 22  14.8 1010 300  0.9 2  7.7  72    0    0 295 -386  3
3823500 2818500  6 11 23  13.4 1011 299  0.7 2  7.8  77    0    0 289 -381  3
3823500 2818500  6 11 24  13.0 1011 300  0.6 3  7.7  82    0    0 290 -377  3
3823500 2818500  6 12  1  11.9 1011 298  0.6 1  7.6  84    0    0 283 -373  3
3823500 2818500  6 12  2  11.0 1011 273  0.4 1  7.5  89    0    0 271 -372  3
3823500 2818500  6 12  3  10.8 1010 277  0.5 2  7.4  91    0    0 272 -374  3
3823500 2818500  6 12  4  10.0 1010 278  0.7 0  7.2  91    0    0 265 -375  3
3823500 2818500  6 12  5  10.3 1010 277  0.5 1  7.1  91    2   17 258 -376  3
3823500 2818500  6 12  6  12.1 1010 272  1.2 2  7.3  88   61   59 270 -378  3
3823500 2818500  6 12  7  14.2 1010 292  1.9 2  7.7  81  180   87 280 -383  3
3823500 2818500  6 12  8  14.8 1010 275  2.5 4  7.5  72   56  196 293 -390  3
3823500 2818500  6 12  9  15.4 1010 281  1.9 7  7.2  67   24  241 319 -398  3
3823500 2818500  6 12 10  16.6 1010 259  2.9 4  7.2  63  334  259 324 -405  3
3823500 2818500  6 12 11  16.2 1010 260  3.2 8  7.0  60    0  131 331 -409  3
3823500 2818500  6 12 12  16.8 1010 262  3.2 7  6.9  58    0  121 344 -414  3
3823500 2818500  6 12 13  17.4 1010 275  2.8 6  6.7  55   12  297 338 -414  3
3823500 2818500  6 12 14  17.8 1010 298  4.2 5  6.4  51   69  341 330 -417  3
3823500 2818500  6 12 15  17.5 1009 316  3.5 8  6.2  49    9  251 339 -421  3
3823500 2818500  6 12 16  17.2 1009 306  3.8 6  6.4  51   84  275 344 -419  3
3823500 2818500  6 12 17  16.9 1008 316  3.3 5  6.6  54  230  204 333 -416  3
3823500 2818500  6 12 18  16.0 1008 325  2.7 6  6.6  56  156  155 333 -411  3
3823500 2818500  6 12 19  15.7 1008 315  2.8 6  6.3  56   47  107 337 -405  3
3823500 2818500  6 12 20  14.9 1008 301  2.6 7  6.1  56   44   47 340 -400  3
3823500 2818500  6 12 21  14.2 1008 311  1.3 6  6.1  59    3   10 338 -395  3
3823500 2818500  6 12 22  13.5 1008 300  1.4 6  6.2  62    0    0 331 -390  3
3823500 2818500  6 12 23  12.2 1009 278  1.2 6  6.1  66    0    0 327 -384  3
3823500 2818500  6 12 24  10.9 1008 278  0.7 3  6.2  73    0    0 308 -378  3
3823500 2818500  6 13  1  11.2 1008 254  0.8 1  6.5  79    0    0 283 -374  3
3823500 2818500  6 13  2  10.8 1008 247  0.7 4  6.7  82    0    0 288 -372  3
3823500 2818500  6 13  3  10.4 1008 242  0.7 4  6.8  85    0    0 303 -373  3
3823500 2818500  6 13  4  10.0 1007 247  0.7 3  6.8  87    0    0 297 -373  3
3823500 2818500  6 13  5   9.7 1007 227  0.7 5  6.8  89    0    2 301 -370  3
3823500 2818500  6 13  6  10.2 1007 232  1.1 4  7.0  91   58   46 306 -368  3
3823500 2818500  6 13  7  11.3 1006 250  1.1 4  7.2  89  121   89 304 -373  3
3823500 2818500  6 13  8  12.3 1006 254  1.4 4  7.3  84  281   84 307 -382  3
3823500 2818500  6 13  9  13.1 1006 291  1.2 5  7.0  76  196  203 316 -393  3
3823500 2818500  6 13 10  13.4 1005 286  1.1 6  6.7  70   32  274 327 -403  3
3823500 2818500  6 13 11  13.7 1005 261  1.4 7  6.5  67    0  195 337 -409  3
3823500 2818500  6 13 12  14.4 1005 250  1.1 8  6.3  62    0  172 347 -415  3
3823500 2818500  6 13 13  14.4 1004 260  1.0 6  6.1  59    9  282 340 -424  3
3823500 2818500  6 13 14  13.2 1004 234  2.1 6  6.3  64    9  270 327 -429  3
3823500 2818500  6 13 15  12.1 1004 340  1.4 7  6.8  73    0  185 331 -428  3
3823500 2818500  6 13 16  12.8 1003 230  0.9 7  7.0  77    0  169 335 -426  3
3823500 2818500  6 13 17  12.5 1003 293  0.9 7  7.1  77    4  162 335 -423  3
3823500 2818500  6 13 18  13.7 1002 254  1.4 6  7.1  74   23  147 331 -415  3
3823500 2818500  6 13 19  13.1 1002 287  0.3 8  6.9  72    0   33 334 -405  3
3823500 2818500  6 13 20  12.8 1002 261  1.0 7  6.8  73    0   12 337 -398  3
3823500 2818500  6 13 21  11.5 1002 327  1.2 7  6.7  76    0    1 329 -392  3
3823500 2818500  6 13 22   9.9 1003 300  1.0 7  6.7  83    0    0 323 -386  3
3823500 2818500  6 13 23   9.6 1003 274  1.0 5  6.6  87    0    0 310 -382  3
3823500 2818500  6 13 24   8.5 1003 290  0.8 5  6.4  88    0    0 297 -379  3
3823500 2818500  6 14  1   7.7 1003 286  0.9 4  6.2  92    0    0 288 -377  3
3823500 2818500  6 14  2   7.3 1003 282  1.2 4  6.1  93    0    0 282 -375  3
3823500 2818500  6 14  3   7.0 1004 243  0.9 3  6.0  94    0    0 276 -373  3
3823500 2818500  6 14  4   6.7 1004 259  1.0 4  5.9  95    0    0 275 -370  3
3823500 2818500  6 14  5   6.8 1004 268  1.3 4  6.0  96    2   16 278 -369  3
3823500 2818500  6 14  6   8.6 1004 259  1.0 2  6.2  94   42   59 270 -370  3
3823500 2818500  6 14  7  10.3 1004 257  1.8 3  6.7  90   58  124 270 -373  3
3823500 2818500  6 14  8  11.7 1004 267  3.4 5  7.1  85   39  188 289 -379  3
3823500 2818500  6 14  9  12.3 1005 268  2.9 7  7.0  79   45  250 312 -389  3
3823500 2818500  6 14 10  12.2 1005 272  4.7 5  6.8  76  126  309 313 -397  3
3823500 2818500  6 14 11  12.0 1005 291  2.5 7  7.0  79   58  326 315 -396  3
3823500 2818500  6 14 12  14.0 1005 290  3.2 6  7.2  76  131  358 323 -398  3
3823500 2818500  6 14 13  12.4 1005 270  2.9 8  6.9  72    0  183 327 -409  3
3823500 2818500  6 14 14  14.0 1005 270  2.6 5  6.8  71   95  349 322 -417  3
3823500 2818500  6 14 15  14.5 1005 289  5.5 5  6.6  65   54  296 313 -417  3
3823500 2818500  6 14 16  14.9 1005 265  2.5 6  6.4  61   78  270 317 -416  3
3823500 2818500  6 14 17  14.2 1005 302  2.5 7  6.5  62   13  191 324 -414  3
3823500 2818500  6 14 18  13.5 1005 292  2.3 5  6.4  64   71  170 319 -407  3
3823500 2818500  6 14 19  12.6 1005 289  2.7 4  6.3  67   94   96 305 -401  3
3823500 2818500  6 14 20  12.0 1006 273  1.8 6  6.4  71    0   30 312 -394  3
3823500 2818500  6 14 21  11.4 1006 262  1.4 6  6.4  74    0    0 319 -386  3
3823500 2818500  6 14 22  10.8 1007 250  1.1 7  6.4  77    0    0 313 -378  3
3823500 2818500  6 14 23  11.1 1007 208  1.0 7  6.9  81    0    0 315 -371  3
3823500 2818500  6 14 24  11.7 1007 158  1.1 7  7.5  84    0    0 320 -365  3
3823500 2818500  6 15  1  12.6 1010 103  1.2 7  8.2  88    0    0 345 -374  3
3823500 2818500  6 15  2  13.3 1010  62  1.4 7  8.8  90    0    0 340 -369  3
3823500 2818500  6 15  3  13.9 1009  32  1.5 7  9.3  92    0    0 340 -365  3
3823500 2818500  6 15  4  13.9 1009  34  1.4 7  9.3  93    0    0 340 -362  3
3823500 2818500  6 15  5  14.0 1009  32  1.1 7  9.4  93    9    9 344 -359  3
3823500 2818500  6 15  6  14.0 1008  34  0.5 7  9.5  95    0   30 344 -359  3
3823500 2818500  6 15  7  14.3 1008  27  1.0 8  9.8  96    0   39 345 -365  3
3823500 2818500  6 15  8  15.1 1008  72  1.0 8 10.0  95    0   51 351 -376  3
3823500 2818500  6 15  9  15.4 1008  93  0.8 8 10.2  94    0   59 353 -390  3
3823500 2818500  6 15 10  15.9 1009  83  0.4 8 10.4  93    0  105 355 -405  3
3823500 2818500  6 15 11  16.7 1008  93  0.8 8 11.1  95    0  203 359 -420  3
3823500 2818500  6 15 12  17.0 1008 222  1.0 8 11.9  98   10  254 363 -433  3
3823500 2818500  6 15 13  17.8 1008 273  2.5 8 11.9  94    0  228 364 -443  3
3823500 2818500  6 15 14  18.4 1008 264  2.4 7 11.5  88    0  181 362 -452  3
3823500 2818500  6 15 15  18.2 1008 241  2.1 7 11.3  85    0  159 359 -456  3
3823500 2818500  6 15 16  17.6 1009 271  2.6 7 11.0  85    0  171 358 -457  3
3823500 2818500  6 15 17  17.9 1009 252  2.3 7 10.9  85    0  144 356 -452  3
3823500 2818500  6 15 18  17.3 1009 251  2.6 7 10.7  85   10  111 353 -445  3
3823500 2818500  6 15 19  16.9 1009 236  2.1 7 10.4  85   15   69 348 -436  3
3823500 2818500  6 15 20  16.1 1009 242  2.2 8 10.1  85    0   30 348 -424  3
3823500 2818500  6 15 21  15.7 1009 249  2.9 8  9.7  86    0    2 346 -414  3
3823500 2818500  6 15 22  15.6 1010 265  2.1 8  9.6  86    0    0 343 -404  3
3823500 2818500  6 15 23  14.9 1010 276  2.1 8  9.5  87    0    0 340 -396  3
3823500 2818500  6 15 24  14.5 1010 274  1.7 7  9.3  89    0    0 333 -389  3
3823500 2818500  6 16  1  14.3 1010 283  2.0 8  9.2  89    0    0 331 -384  3
3823500 2818500  6 16  2  13.7 1010 281  2.0 8  9.0  90    0    0 333 -378  3
3823500 2818500  6 16  3  13.6 1010 290  2.2 8  8.8  90    0    0 333 -374  3
3823500 2818500  6 16  4  13.1 1010 276  2.4 8  8.6  89    0    0 333 -371  3
3823500 2818500  6 16  5  12.6 1010 286  2.8 8  8.3  89    0    1 331 -368  3
3823500 2818500  6 16  6  12.7 1010 290  1.7 8  8.0  88    0   14 330 -369  3
3823500 2818500  6 16  7  13.1 1010 324  1.5 8  8.0  86    0   32 329 -376  3
3823500 2818500  6 16  8  13.6 1010 278  1.5 8  8.0  83    0   76 330 -389  3
3823500 2818500  6 16  9  14.6 1010 268  1.7 8  7.9  78    1  171 332 -408  3
3823500 2818500  6 16 10  14.5 1010 262  2.0 7  7.6  74    6  234 330 -427  3
3823500 2818500  6 16 11  14.0 1010 269  1.3 7  7.6  75    0  183 326 -444  3
3823500 2818500  6 16 12  13.6 1010 253  2.9 7  7.6  77    0  163 325 -458  3
3823500 2818500  6 16 13  13.6 1010 257  2.4 8  7.5  77    0  218 329 -468  3
3823500 2818500  6 16 14  14.2 1010 273  3.0 7  7.4  74   45  312 329 -474  3
3823500 2818500  6 16 15  14.6 1010 292  2.8 6  7.3  71   46  282 323 -474  3
3823500 2818500  6 16 16  14.4 1010 294  2.9 6  7.2  69   45  249 319 -471  3
3823500 2818500  6 16 17  14.1 1010 301  2.1 5  7.1  70  170  202 315 -468  3
3823500 2818500  6 16 18  14.4 1010 303  1.5 6  7.0  69  140  144 313 -462  3
3823500 2818500  6 16 19  14.2 1010 317  0.8 6  6.8  67   63   97 316 -453  3
3823500 2818500  6 16 20  14.1 1010 276  0.2 8  7.0  69    7   41 322 -442  3
3823500 2818500  6 16 21  13.4 1010 188  0.2 8  7.2  73    0    3 327 -433  3
3823500 2818500  6 16 22  12.6 1010 314  0.1 8  7.3  78    0    0 325 -424  3
3823500 2818500  6 16 23  12.2 1010 295  0.3 7  7.3  81    0    0 320 -417  3
3823500 2818500  6 16 24  10.9 1010 283  0.1 6  7.2  85    0    0 312 -412  3
3823500 2818500  6 17  1   9.4 1010 256  0.2 1  6.8  87    0    0 290 -408  3
3823500 2818500  6 17  2   9.1 1010 215  0.1 0  6.5  88    0    0 269 -405  3
3823500 2818500  6 17  3   8.5 1010 255  0.3 1  6.4  90    0    0 267 -402  3
3823500 2818500  6 17  4   8.7 1010 212  0.1 5  6.4  92    0    0 281 -400  3
3823500 2818500  6 17  5   9.5 1010 205  0.1 6  6.8  95    0    4 297 -397  3
3823500 2818500  6 17  6  10.4 1011 229  0.3 7  7.3  96    0   25 304 -396  3
3823500 2818500  6 17  7  11.7 1011 221  0.7 7  7.8  95    3   95 307 -402  3
3823500 2818500  6 17  8  13.4 1011 251  1.9 5  8.0  88   75  222 304 -414  3
3823500 2818500  6 17  9  14.8 1011 263  2.2 6  8.0  79  117  297 307 -430  3
3823500 2818500  6 17 10  16.1 1011 249  2.5 5  7.9  72  257  345 312 -448  3
3823500 2818500  6 17 11  17.1 1011 256  3.0 4  7.6  64  427  342 314 -465  3
3823500 2818500  6 17 12  18.4 1011 261  3.1 3  7.4  58  512  338 316 -479  3
3823500 2818500  6 17 13  19.5 1011 267  3.4 2  7.5  55  610  299 321 -488  3
3823500 2818500  6 17 14  20.4 1011 313  3.0 2  7.4  51  603  285 325 -492  3
3823500 2818500  6 17 15  21.4 1010 296  1.9 2  7.3  47  531  275 329 -493  3
3823500 2818500  6 17 16  22.4 1010 310  2.6 1  7.2  44  430  255 330 -496  3
3823500 2818500  6 17 17  22.6 1010 313  3.2 1  7.2  42  352  213 330 -494  3
3823500 2818500  6 17 18  22.2 1009 327  2.5 1  7.3  43  252  169 329 -484  3
3823500 2818500  6 17 19  22.1 1009 320  1.6 0  7.4  44  145  121 325 -471  3
3823500 2818500  6 17 20  21.2 1009 312  1.2 0  7.6  47   46   66 321 -459  3
3823500 2818500  6 17 21  17.4 1009 318  0.1 0  7.7  55    2   10 314 -447  3
3823500 2818500  6 17 22  15.0 1009 333  0.4 0  7.6  66    0    0 303 -437  3
3823500 2818500  6 17 23  14.3 1010  33  0.3 0  7.7  74    0    0 297 -428  3
3823500 2818500  6 17 24  13.1 1010   4  0.0 0  7.7  78    0    0 295 -421  3
3823500 2818500  6 18  1  11.4 1010  71  0.5 0  7.3  82    0    0 290 -416  3
3823500 2818500  6 18  2  11.0 1010 333  0.5 1  7.2  86    0    0 288 -410  3
3823500 2818500  6 18  3  10.4 1010  11  0.1 1  7.2  90    0    0 288 -405  3
3823500 2818500  6 18  4   9.6 1009 314  0.2 1  6.9  90    0    0 285 -399  3
3823500 2818500  6 18  5  10.6 1009  44  0.4 1  7.0  90    0   12 285 -397  3
3823500 2818500  6 18  6  13.9 1009 148  0.7 3  8.1  90   25   65 297 -399  3
3823500 2818500  6 18  7  16.2 1009 125  0.9 3  9.0  84   83  134 311 -408  3
3823500 2818500  6 18  8  18.5 1008 155  1.6 4  9.0  72  101  207 320 -423  3
3823500 2818500  6 18  9  19.9 1008 161  1.4 4  9.2  66  173  270 330 -441  3
3823500 2818500  6 18 10  20.9 1008 171  2.1 6  9.2  61  106  333 340 -459  3
3823500 2818500  6 18 11  22.5 1008 160  2.0 6  9.2  56  146  375 349 -475  3
3823500 2818500  6 18 12  23.2 1009 145  2.3 7  8.9  51  350  366 356 -490  3
3823500 2818500  6 18 13  24.1 1008 158  2.5 5  8.3  45  343  377 358 -500  3
3823500 2818500  6 18 14  25.2 1008 151  2.5 5  8.2  42  489  300 361 -506  3
3823500 2818500  6 18 15  25.5 1007 161  2.0 5  8.6  42  504  247 366 -507  3
3823500 2818500  6 18 16  26.1 1007 165  1.8 4  9.0  43  452  207 367 -505  3
3823500 2818500  6 18 17  26.6 1006 162  1.4 5  9.5  44  230  232 370 -497  3
3823500 2818500  6 18 18  26.6 1005 142  1.6 6  9.7  44  125  184 374 -486  3
3823500 2818500  6 18 19  26.1 1005 129  1.1 4  9.9  46  126  103 369 -474  3
3823500 2818500  6 18 20  24.7 1004  98  1.7 4 10.2  50   53   58 363 -462  3
3823500 2818500  6 18 21  21.9 1004 180  2.1 5 10.4  57    4   12 359 -452  3
3823500 2818500  6 18 22  20.4 1004 201  0.9 5 10.3  65    0    0 355 -443  3
3823500 2818500  6 18 23  19.0 1003  97  0.9 5 10.3  71    0    0 352 -437  3
3823500 2818500  6 18 24  19.1 1003 139  1.2 6 10.6  76    0    0 355 -435  3
3823500 2818500  6 19  1  19.3 1003 139  0.5 8 10.9  77    0    0 368 -434  3
3823500 2818500  6 19  2  18.1 1003 170  0.1 8 11.0  80    0    0 374 -434  3
3823500 2818500  6 19  3  18.2 1002 169  1.0 7 11.0  83    0    0 369 -435  3
3823500 2818500  6 19  4  17.9 1002 176  0.3 5 11.0  84    0    0 359 -435  3
3823500 2818500  6 19  5  17.3 1002 162  0.1 4 10.9  86    3   16 347 -433  3
3823500 2818500  6 19  6  19.3 1002 181  0.2 2 11.7  88   37   60 340 -432  3
3823500 2818500  6 19  7  21.3 1003 174  0.4 1 12.8  84  105  117 337 -436  3
3823500 2818500  6 19  8  22.9 1003 197  1.4 4 13.0  77   23  178 348 -444  3
3823500 2818500  6 19  9  23.4 1003 199  1.9 6 13.2  73   43  247 370 -449  3
3823500 2818500  6 19 10  24.0 1003 226  3.2 6 13.3  71   71  306 381 -462  3
3823500 2818500  6 19 11  23.1 1003 238  3.0 7 13.3  72   30  311 386 -484  3
3823500 2818500  6 19 12  23.5 1003 224  3.6 4 13.7  75  485  264 382 -499  3
3823500 2818500  6 19 13  25.2 1003 240  4.3 4 13.9  71  272  361 379 -508  3
3823500 2818500  6 19 14  24.7 1003 261  3.1 6 13.5  67    1  227 389 -514  3
3823500 2818500  6 19 15  23.9 1003 246  2.3 7 13.4  69    0  167 397 -512  3
3823500 2818500  6 19 16  23.5 1004 242  1.7 5 13.3  71  145  289 391 -503  3
3823500 2818500  6 19 17  24.4 1004 260  0.5 5 13.0  69  202  216 386 -493  3
3823500 2818500  6 19 18  24.2 1003 276  2.5 5 12.4  64  109  170 385 -485  3
3823500 2818500  6 19 19  24.1 1004 266  1.2 6 11.7  61   13  100 387 -474  3
3823500 2818500  6 19 20  22.6 1004 269  1.1 5 11.1  61    0   32 383 -460  3
3823500 2818500  6 19 21  21.0 1005 314  0.8 5 10.6  64    0    2 374 -449  3
3823500 2818500  6 19 22  19.7 1004 319  0.7 7 10.4  69    0    0 376 -440  3
3823500 2818500  6 19 23  19.5 1005 317  1.2 7 10.2  71    0    0 381 -435  3
3823500 2818500  6 19 24  17.1 1006 310  0.9 8  9.7  73    0    0 380 -430  3
3823500 2818500  6 20  1  15.7 1006 262  0.5 6  9.2  78    0    0 367 -426  3
3823500 2818500  6 20  2  14.8 1006 180  0.7 4  8.9  82    0    0 346 -424  3
3823500 2818500  6 20  3  14.3 1006 163  0.7 5  8.9  85    0    0 340 -419  3
3823500 2818500  6 20  4  14.8 1006 155  0.7 6  9.3  89    0    0 348 -415  3
3823500 2818500  6 20  5  15.5 1006 179  0.8 7  9.6  88    0    2 360 -413  3
3823500 2818500  6 20  6  16.8 1006 180  0.8 7 10.2  88    0   43 368 -414  3
3823500 2818500  6 20  7  18.8 1006 181  1.5 5 10.7  83   24  125 365 -418  3
3823500 2818500  6 20  8  20.5 1006 197  2.2 4 10.5  72  125  211 358 -423  3
3823500 2818500  6 20  9  21.1 1006 203  2.3 3 10.3  66  233  262 352 -429  3
3823500 2818500  6 20 10  22.4 1007 214  3.1 4 10.5  64  282  316 357 -438  3
3823500 2818500  6 20 11  22.6 1007 235  3.7 4 10.6  62  183  386 366 -452  3
3823500 2818500  6 20 12  23.1 1007 252  3.4 3 10.1  58  345  381 367 -464  3
3823500 2818500  6 20 13  23.2 1007 237  5.1 5  9.7  54  216  419 375 -476  3
3823500 2818500  6 20 14  23.8 1007 214  4.3 4  9.4  51  213  405 382 -486  3
3823500 2818500  6 20 15  23.6 1007 233  3.7 4  9.2  50  222  371 378 -487  3
3823500 2818500  6 20 16  24.0 1007 294  3.2 5  9.2  50  260  304 381 -484  3
3823500 2818500  6 20 17  24.0 1007 293  2.3 4  9.3  50  312  208 381 -479  3
3823500 2818500  6 20 18  24.1 1006 257  2.7 3  9.4  50  271  142 374 -472  3
3823500 2818500  6 20 19  23.5 1006 221  1.7 4  9.4  51   83  120 372 -465  3
3823500 2818500  6 20 20  23.0 1005 200  1.5 4  9.6  53    0   30 371 -455  3
3823500 2818500  6 20 21  21.5 1005 259  1.2 7  9.8  58    0    1 378 -445  3
3823500 2818500  6 20 22  19.4 1004 320  0.4 7 10.1  66    0    0 383 -436  3
3823500 2818500  6 20 23  19.0 1004 200  0.8 7 10.5  74    0    0 378 -428  3
3823500 2818500  6 20 24  18.7 1004 267  0.6 7 10.8  78    0    0 375 -420  3
3823500 2818500  6 21  1  18.8 1004 281  0.3 7 10.6  77    0    0 373 -417  3
3823500 2818500  6 21  2  18.3 1003 237  1.0 7 10.3  76    0    0 370 -417  3
3823500 2818500  6 21  3  18.0 1003 249  1.1 7 10.1  76    0    0 366 -417  3
3823500 2818500  6 21  4  17.4 1003 239  1.2 7  9.8  76    0    0 364 -416  3
3823500 2818500  6 21  5  16.7 1003 227  1.2 7  9.4  76    3   14 362 -415  3
3823500 2818500  6 21  6  16.9 1003 226  1.7 6  8.9  74    0   29 358 -415  3
3823500 2818500  6 21  7  17.3 1003 219  2.3 6  8.5  69   36  106 355 -418  3
3823500 2818500  6 21  8  17.8 1003 212  3.5 6  8.2  65   18  160 357 -422  3
3823500 2818500  6 21  9  18.1 1003 221  4.5 7  8.3  64    9  198 363 -427  3
3823500 2818500  6 21 10  17.9 1003 222  4.3 8  8.5  66    1  211 371 -434  3
3823500 2818500  6 21 11  17.3 1003 231  5.1 8  8.9  70    0  194 375 -440  3
3823500 2818500  6 21 12  16.9 1003 229  4.3 7  9.0  73    0  199 372 -444  3
3823500 2818500  6 21 13  18.0 1003 251  3.8 8  9.1  72    0  181 374 -448  3
3823500 2818500  6 21 14  18.3 1003 216  4.0 7  9.4  71    7  262 378 -456  3
3823500 2818500  6 21 15  18.7 1003 274  3.2 7  9.2  68    0  187 375 -460  3
3823500 2818500  6 21 16  19.6 1002 240  4.2 7  9.0  64    3  191 376 -457  3
3823500 2818500  6 21 17  18.7 1002 233  5.2 7  8.8  63   18  187 373 -452  3
3823500 2818500  6 21 18  18.5 1002 224  4.8 7  8.8  65   46  151 370 -447  3
3823500 2818500  6 21 19  18.6 1001 191  5.0 6  9.0  67   84   85 366 -441  3
3823500 2818500  6 21 20  18.1 1001 238  3.4 5  9.2  69   67   30 354 -436  3
3823500 2818500  6 21 21  17.2 1001 204  2.2 4  9.2  72    6    8 342 -430  3
3823500 2818500  6 21 22  17.0 1001 197  3.2 4  9.2  74    0    0 336 -424  3
3823500 2818500  6 21 23  16.8 1001 199  3.3 5  9.4  77    0    0 344 -419  3
3823500 2818500  6 21 24  16.7 1001 208  3.3 7  9.5  78    0    0 360 -414  3
3823500 2818500  6 22  1  15.2 1001 251  3.2 7  8.8  77    0    0 365 -412  3
3823500 2818500  6 22  2  14.8 1001 240  3.5 6  8.2  76    0    0 356 -408  3
3823500 2818500  6 22  3  12.7 1001 216  2.7 5  7.7  77    0    0 343 -402  3
3823500 2818500  6 22  4  12.2 1001 218  3.8 5  7.2  78    0    0 333 -394  3
3823500 2818500  6 22  5  11.6 1001 212  3.4 4  7.0  79    0    2 326 -387  3
3823500 2818500  6 22  6  11.9 1002 215  4.0 6  7.1  81    0   25 331 -384  3
3823500 2818500  6 22  7  12.6 1002 225  4.3 6  7.3  81   11  112 343 -386  3
3823500 2818500  6 22  8  13.5 1002 215  4.4 6  7.5  79   72  211 346 -394  3
3823500 2818500  6 22  9  15.0 1002 217  4.2 5  7.6  74  210  271 345 -405  3
3823500 2818500  6 22 10  15.8 1002 233  4.3 4  7.4  67  231  334 339 -418  3
3823500 2818500  6 22 11  16.3 1002 224  4.7 6  6.9  60   23  318 344 -430  3
3823500 2818500  6 22 12  16.2 1003 217  4.2 8  6.7  58    0  155 362 -440  3
3823500 2818500  6 22 13  16.2 1003 242  3.5 6  6.6  57   10  301 359 -448  3
3823500 2818500  6 22 14  16.4 1004 241  4.1 7  6.7  58    4  258 355 -453  3
3823500 2818500  6 22 15  16.5 1004 214  4.0 7  6.8  58   20  286 359 -454  3
3823500 2818500  6 22 16  16.7 1004 234  3.4 6  6.8  57   68  301 356 -454  3
3823500 2818500  6 22 17  16.8 1004 251  4.4 6  7.0  58   34  232 353 -450  3
3823500 2818500  6 22 18  17.2 1004 261  4.0 6  7.0  57   43  182 354 -439  3
3823500 2818500  6 22 19  17.0 1005 245  3.4 3  6.6  54  140  111 340 -427  3
3823500 2818500  6 22 20  16.2 1005 232  2.6 3  6.4  54   41   60 325 -416  3
3823500 2818500  6 22 21  14.1 1005 226  1.2 1  6.3  58    1   10 310 -406  3
3823500 2818500  6 22 22  12.5 1006 201  1.1 2  6.2  65    0    0 300 -396  3
3823500 2818500  6 22 23  12.7 1007 215  1.5 4  6.4  70    0    0 310 -389  3
3823500 2818500  6 22 24  13.0 1007 210  1.6 6  6.8  73    0    0 328 -384  3
3823500 2818500  6 23  1  13.2 1007 208  2.1 7  7.0  74    0    0 340 -381  3
3823500 2818500  6 23  2  13.0 1007 210  2.1 7  7.1  75    0    0 341 -379  3
3823500 2818500  6 23  3  13.0 1008 214  1.9 7  7.2  76    0    0 339 -378  3
3823500 2818500  6 23  4  12.9 1008 213  1.9 8  7.1  76    0    0 343 -378  3
3823500 2818500  6 23  5  12.7 1008 219  1.6 8  7.1  77    0    1 346 -378  3
3823500 2818500  6 23  6  12.6 1008 214  1.3 7  7.2  78    0   14 341 -380  3
3823500 2818500  6 23  7  13.3 1009 214  1.8 5  7.3  78    9  118 327 -385  3
3823500 2818500  6 23  8  14.4 1009 216  2.4 4  7.6  76  110  245 315 -394  3
3823500 2818500  6 23  9  16.1 1010 208  2.3 4  8.0  74  160  324 315 -406  3
3823500 2818500  6 23 10  17.1 1010 201  2.5 4  8.1  68  180  391 321 -420  3
3823500 2818500  6 23 11  18.0 1010 218  2.3 5  7.9  63   47  380 328 -433  3
3823500 2818500  6 23 12  17.9 1010 218  2.6 6  7.5  58    0  201 339 -445  3
3823500 2818500  6 23 13  18.5 1010 225  2.0 6  7.3  56    5  292 344 -457  3
3823500 2818500  6 23 14  18.9 1011 253  1.9 6  7.2  54    5  283 347 -451  3
3823500 2818500  6 23 15  18.8 1010 257  2.4 6  7.1  52    4  251 347 -447  3
3823500 2818500  6 23 16  18.6 1010 281  2.0 7  7.2  53    9  247 350 -456  3
3823500 2818500  6 23 17  18.8 1010 253  1.0 8  7.2  53    1  173 358 -455  3
3823500 2818500  6 23 18  19.0 1010 288  1.3 6  7.1  52   23  186 353 -451  3
3823500 2818500  6 23 19  18.7 1010 286  0.3 5  7.1  52   43  137 340 -440  3
3823500 2818500  6 23 20  18.1 1010 186  0.1 7  7.4  56    1   42 339 -428  3
3823500 2818500  6 23 21  16.2 1010  90  0.1 7  7.6  62    0    2 340 -418  3
3823500 2818500  6 23 22  14.0 1010 102  0.1 4  7.4  69    0    0 320 -408  3
3823500 2818500  6 23 23  12.1 1011  83  0.1 2  6.9  73    0    0 294 -402  3
3823500 2818500  6 23 24  11.8 1011  35  0.1 2  6.9  79    0    0 286 -398  3
3823500 2818500  6 24  1  10.4 1010  94  0.1 3  6.9  84    0    0 288 -396  3
3823500 2818500  6 24  2   9.9 1010  53  0.1 3  6.8  88    0    0 289 -394  3
3823500 2818500  6 24  3   9.7 1010  59  0.1 2  6.7  89    0    0 286 -392  3
3823500 2818500  6 24  4   9.0 1010  51  0.1 3  6.6  90    0    0 283 -391  3
3823500 2818500  6 24  5   9.2 1009  53  0.1 4  6.7  92    0    2 287 -390  3
3823500 2818500  6 24  6  11.9 1010  71  0.1 5  7.4  93    5   49 298 -391  3
3823500 2818500  6 24  7  14.6 1009  99  0.8 4  8.1  85   91  126 307 -397  3
3823500 2818500  6 24  8  17.3 1009 136  1.7 3  8.1  72  259  143 309 -405  3
3823500 2818500  6 24  9  19.2 1009 134  1.4 4  7.9  60  332  195 319 -417  3
3823500 2818500  6 24 10  20.6 1009 132  1.5 6  7.5  52  455  208 334 -431  3
3823500 2818500  6 24 11  21.4 1009 149  1.7 6  7.0  45  579  197 344 -443  3
3823500 2818500  6 24 12  22.4 1008 150  1.7 6  6.9  42  614  215 350 -455  3
3823500 2818500  6 24 13  23.1 1009 155  2.5 5  7.0  40  512  283 354 -471  3
3823500 2818500  6 24 14  22.9 1009 113  2.0 6  7.1  40  201  379 358 -482  3
3823500 2818500  6 24 15  23.1 1008 114  2.0 6  7.3  42   77  334 363 -485  3
3823500 2818500  6 24 16  23.2 1008 115  1.3 5  7.5  42  197  297 362 -483  3
3823500 2818500  6 24 17  23.8 1007  40  1.2 6  7.4  41  356  163 363 -480  3
3823500 2818500  6 24 18  23.9 1007  96  1.4 5  7.3  40  284  114 363 -472  3
3823500 2818500  6 24 19  23.1 1007  66  1.2 3  7.5  41  185   80 352 -461  3
3823500 2818500  6 24 20  20.8 1007  18  1.0 3  8.0  48   69   54 343 -450  3
3823500 2818500  6 24 21  19.0 1006  57  0.8 4  8.2  56    5   11 339 -438  3
3823500 2818500  6 24 22  17.4 1006  18  0.4 4  8.2  62    0    0 336 -428  3
3823500 2818500  6 24 23  16.9 1006  10  0.4 4  8.5  69    0    0 333 -421  3
3823500 2818500  6 24 24  15.9 1006  10  0.3 4  8.7  74    0    0 332 -416  3
3823500 2818500  6 25  1  15.0 1006 358  0.6 5  8.6  78    0    0 333 -411  3
3823500 2818500  6 25  2  15.9 1005  42  0.6 7  8.7  79    0    0 342 -406  3
3823500 2818500  6 25  3  15.9 1005  67  0.0 8  9.0  79    0    0 353 -402  3
3823500 2818500  6 25  4  15.2 1004 354  0.9 8  9.0  81    0    0 356 -397  3
3823500 2818500  6 25  5  14.8 1004  32  0.5 7  9.1  84    1   15 353 -396  3
3823500 2818500  6 25  6  16.8 1004  44  0.2 4  9.6  85   22   61 345 -398  3
3823500 2818500  6 25  7  19.3 1004  74  0.7 3 10.5  80  122  114 341 -405  3
3823500 2818500  6 25  8  22.7 1005  73  0.8 2 11.1  70  279  127 345 -416  3
3823500 2818500  6 25  9  23.7 1005  54  1.0 3 11.3  62  338  186 354 -431  3
3823500 2818500  6 25 10  25.2 1004  64  1.1 6 11.4  59  164  316 373 -447  3
3823500 2818500  6 25 11  26.6 1004  85  2.1 6 11.6  55  191  357 391 -462  3
3823500 2818500  6 25 12  26.5 1004  55  1.6 4 11.6  53  400  322 389 -475  3
3823500 2818500  6 25 13  28.2 1004  59  1.8 7 11.5  50  133  390 396 -486  3
3823500 2818500  6 25 14  27.3 1003  75  1.4 8 11.2  48    0  215 407 -493  3
3823500 2818500  6 25 15  27.6 1003  32  1.6 8 11.5  50    0  159 407 -496  3
3823500 2818500  6 25 16  27.7 1002  35  1.8 7 12.1  52   30  266 405 -495  3
3823500 2818500  6 25 17  27.5 1002  17  2.7 5 12.4  53  295  188 397 -487  3
3823500 2818500  6 25 18  24.7 1001 314  3.6 6 12.4  58   54  179 388 -478  3
3823500 2818500  6 25 19  23.6 1000  27  3.3 7 12.7  66    0   40 387 -469  3
3823500 2818500  6 25 20  21.9 1000 198  3.3 7 13.0  74    0   11 386 -456  3
3823500 2818500  6 25 21  17.7 1001 207  1.4 7 12.3  83    0    2 375 -442  3
3823500 2818500  6 25 22  17.3 1000 137  1.5 8 11.7  92    0    0 368 -430  3
3823500 2818500  6 25 23  17.3 1001 113  0.7 8 11.9  94    0    0 372 -422  3
3823500 2818500  6 25 24  17.2 1001 120  0.5 8 11.9  95    0    0 373 -415  3
3823500 2818500  6 26  1  17.0 1001 112  0.6 7 11.8  95    0    0 369 -410  3
3823500 2818500  6 26  2  17.0 1001 157  1.0 7 11.8  95    0    0 367 -407  3
3823500 2818500  6 26  3  17.3 1000 173  1.7 8 11.9  95    0    0 371 -405  3
3823500 2818500  6 26  4  17.2 1000 194  2.4 8 11.8  94    0    0 374 -405  3
3823500 2818500  6 26  5  17.0 1000 196  0.7 8 11.7  94    0    7 370 -404  3
3823500 2818500  6 26  6  17.3 1001 202  1.1 8 11.6  93    0    9 367 -404  3
3823500 2818500  6 26  7  17.4 1001 205  1.5 8 11.6  92    0   46 366 -407  3
3823500 2818500  6 26  8  18.8 1001 194  2.3 7 12.1  92   10  168 365 -410  3
3823500 2818500  6 26  9  19.5 1001 200  3.6 7 12.4  88    0  172 365 -417  3
3823500 2818500  6 26 10  19.4 1002 215  4.1 7 12.1  84    6  255 365 -430  3
3823500 2818500  6 26 11  20.2 1003 215  3.5 5 11.7  80   60  353 361 -450  3
3823500 2818500  6 26 12  20.3 1003 202  3.8 6 11.4  76   57  367 361 -471  3
3823500 2818500  6 26 13  19.6 1003 214  4.3 6 11.3  76   48  363 364 -486  3
3823500 2818500  6 26 14  19.9 1003 215  4.2 5 11.2  76   97  382 362 -496  3
3823500 2818500  6 26 15  19.9 1003 220  4.8 6 10.9  74    7  255 363 -499  3
3823500 2818500  6 26 16  19.3 1004 224  4.0 7 10.5  73    2  207 366 -496  3
3823500 2818500  6 26 17  19.9 1004 138  3.6 7 10.3  71   17  211 369 -481  3
3823500 2818500  6 26 18  19.3 1004 231  4.3 5 10.2  70   55  184 362 -471  3
3823500 2818500  6 26 19  19.1 1004 227  4.5 5 10.0  71   87  112 352 -470  3
3823500 2818500  6 26 20  17.6 1005 235  3.8 6  9.7  74   50   55 357 -463  3
3823500 2818500  6 26 21  16.7 1006 237  3.7 7  9.5  77    0   10 360 -456  3
3823500 2818500  6 26 22  15.8 1006 238  3.5 7  9.2  79    0    0 358 -451  3
3823500 2818500  6 26 23  15.8 1007 216  3.1 7  9.1  80    0    0 360 -448  3
3823500 2818500  6 26 24  15.9 1008 189  2.5 7  9.1  79    0    0 363 -446  3
3823500 2818500  6 27  1  16.4 1005 155  1.8 6  9.2  78    0    0 340 -415  3
3823500 2818500  6 27  2  16.7 1005 126  1.1 6  9.2  76    0    0 342 -412  3
3823500 2818500  6 27  3  16.9 1004 108  0.7 6  9.3  76    0    0 345 -409  3
3823500 2818500  6 27  4  17.0 1004 114  0.6 6  9.3  76    0    0 346 -406  3
3823500 2818500  6 27  5  17.7 1003 123  0.7 6  9.4  75    0    0 347 -404  3
3823500 2818500  6 27  6  18.4 1003 143  0.3 8  9.4  74    0   31 355 -405  3
3823500 2818500  6 27  7  19.6 1003 140  0.8 6  9.7  70    2   97 355 -411  3
3823500 2818500  6 27  8  20.8 1003 161  0.9 7 10.2  68    4  156 356 -422  3
3823500 2818500  6 27  9  23.0 1004 247  2.4 7 10.7  64   44  267 365 -436  3
3823500 2818500  6 27 10  24.0 1004 247  2.0 6 11.1  61  111  338 370 -456  3
3823500 2818500  6 27 11  25.5 1004 231  1.2 5 11.2  57  246  378 371 -474  3
3823500 2818500  6 27 12  25.5 1003 152  1.1 7 11.4  55   47  350 379 -487  3
3823500 2818500  6 27 13  26.0 1003 233  2.1 8 11.6  55    8  284 390 -496  3
3823500 2818500  6 27 14  27.0 1004 244  1.9 6 11.9  54  156  397 392 -501  3
3823500 2818500  6 27 15  27.4 1003 285  1.3 6 11.8  52  350  336 390 -501  3
3823500 2818500  6 27 16  27.3 1003 263  1.5 6 11.7  51  170  322 391 -497  3
3823500 2818500  6 27 17  27.0 1003 287  1.1 5 11.8  52   81  257 385 -491  3
3823500 2818500  6 27 18  23.9 1003 231  1.2 7 12.0  58    0  117 384 -482  3
3823500 2818500  6 27 19  18.1 1003 255  3.5 8 12.5  79    0   24 383 -468  3
3823500 2818500  6 27 20  17.7 1004 269  1.1 8 12.8  98    0   11 379 -455  3
3823500 2818500  6 27 21  17.7 1004 262  0.1 8 12.8  99    0    2 379 -445  3
3823500 2818500  6 27 22  17.7 1004 227  0.4 8 12.7  98    0    0 380 -437  3
3823500 2818500  6 27 23  17.5 1005 222  1.0 7 12.6  99    0    0 376 -431  3
3823500 2818500  6 27 24  16.6 1005 209  1.5 6 12.3 100    0    0 364 -427  3
3823500 2818500  6 28  1  16.3 1005 205  1.1 6 11.8 100    0    0 357 -423  3
3823500 2818500  6 28  2  16.4 1005 216  0.8 7 11.6  98    0    0 361 -420  3
3823500 2818500  6 28  3  15.9 1005 208  1.1 8 11.3  97    0    0 371 -416  3
3823500 2818500  6 28  4  15.7 1005 195  0.6 8 11.1  98    0    0 374 -412  3
3823500 2818500  6 28  5  15.5 1006 196  0.7 8 11.0  98    1   13 374 -408  3
3823500 2818500  6 28  6  15.9 1006 196  1.4 7 11.1  98    6   52 370 -405  3
3823500 2818500  6 28  7  16.4 1006 202  1.5 8 11.3  98    0   61 372 -406  3
3823500 2818500  6 28  8  17.5 1007 223  1.7 7 11.3  92    6  160 373 -411  3
3823500 2818500  6 28  9  18.3 1007 223  2.6 6 11.1  86   98  271 366 -419  3
3823500 2818500  6 28 10  19.3 1007 234  2.8 7 10.7  78  120  324 368 -431  3
3823500 2818500  6 28 11  20.0 1007 231  3.7 7 10.3  71  125  363 375 -443  3
3823500 2818500  6 28 12  21.2 1008 242  2.5 6 10.3  67  234  387 374 -453  3
3823500 2818500  6 28 13  22.8 1009 233  3.2 6 10.5  63  284  383 374 -460  3
3823500 2818500  6 28 14  22.7 1009 281  2.5 6 10.6  61  149  372 376 -464  3
3823500 2818500  6 28 15  23.2 1009 278  2.7 7 10.5  59  139  341 379 -466  3
3823500 2818500  6 28 16  24.2 1009 258  1.5 6 10.2  55  129  300 379 -466  3
3823500 2818500  6 28 17  22.9 1010 250  2.8 3 10.0  55  234  224 362 -463  3
3823500 2818500  6 28 18  22.8 1010 286  2.7 4  9.8  56  126  172 351 -456  3
3823500 2818500  6 28 19  23.1 1010 277  2.5 3  9.7  55   78  102 350 -447  3
3823500 2818500  6 28 20  21.1 1009 272  1.5 2  9.5  57   42   55 339 -436  3
3823500 2818500  6 28 21  19.5 1010 246  1.2 4  9.4  63    5   13 336 -425  3
3823500 2818500  6 28 22  18.8 1010 195  0.1 6  9.7  69    0    0 347 -415  3
3823500 2818500  6 28 23  18.2 1011 247  1.0 7  9.8  73    0    0 355 -407  3
3823500 2818500  6 28 24  17.6 1011 243  0.5 8  9.7  75    0    0 362 -403  3
3823500 2818500  6 29  1  16.5 1011 212  1.0 6  9.7  79    0    0 358 -400  3
3823500 2818500  6 29  2  15.6 1011 187  0.7 5  9.7  84    0    0 346 -399  3
3823500 2818500  6 29  3  16.6 1011 231  1.3 5  9.7  85    0    0 344 -398  3
3823500 2818500  6 29  4  16.5 1011 224  1.6 7  9.7  82    0    0 354 -398  3
3823500 2818500  6 29  5  15.9 1012 235  1.7 6  9.5  82    0    8 357 -397  3
3823500 2818500  6 29  6  16.4 1012 217  1.5 5  9.3  81   17   62 350 -398  3
3823500 2818500  6 29  7  17.1 1012 228  2.5 2  9.4  79   94  126 336 -402  3
3823500 2818500  6 29  8  18.8 1012 238  3.2 2  9.7  75  241  154 328 -411  3
3823500 2818500  6 29  9  19.9 1013 224  2.8 1 10.1  72  386  170 329 -423  3
3823500 2818500  6 29 10  21.0 1013 223  2.4 2 10.4  69  409  238 335 -437  3
3823500 2818500  6 29 11  22.1 1013 221  2.5 3 10.4  64  422  291 348 -451  3
3823500 2818500  6 29 12  22.5 1013 241  2.7 3 10.1  60  450  312 355 -462  3
3823500 2818500  6 29 13  22.7 1013 250  2.4 5  9.9  58  200  395 365 -471  3
3823500 2818500  6 29 14  22.4 1013 258  3.1 6  9.6  56   56  338 375 -476  3
3823500 2818500  6 29 15  23.3 1013 219  1.7 6  9.7  55   35  292 379 -475  3
3823500 2818500  6 29 16  23.4 1014 208  1.2 6  9.9  55   25  251 380 -474  3
3823500 2818500  6 29 17  23.0 1013 260  1.4 6 10.1  57   63  239 379 -471  3
3823500 2818500  6 29 18  23.7 1014 258  1.9 5 10.3  57  131  176 373 -462  3
3823500 2818500  6 29 19  22.5 1013 249  1.6 3 10.3  58  182   84 360 -455  3
3823500 2818500  6 29 20  22.5 1012 204  0.7 5 10.5  61   43   55 356 -447  3
3823500 2818500  6 29 21  19.5 1012 158  0.5 6 10.7  69    0   11 358 -438  3
3823500 2818500  6 29 22  18.1 1012 118  0.8 5 10.8  79    0    0 349 -432  3
3823500 2818500  6 29 23  16.8 1012 119  0.8 5 10.7  86    0    0 343 -428  3
3823500 2818500  6 29 24  15.9 1012 115  0.9 6 10.5  90    0    0 343 -425  3
3823500 2818500  6 30  1  15.9 1012  92  0.9 6 10.4  91    0    0 345 -423  3
3823500 2818500  6 30  2  15.9 1012 174  0.9 6 10.4  92    0    0 348 -421  3
3823500 2818500  6 30  3  16.6 1012 151  0.9 6 10.6  91    0    0 350 -420  3
3823500 2818500  6 30  4  16.1 1012 162  1.3 8 10.6  91    0    0 359 -419  3
3823500 2818500  6 30  5  15.8 1011 143  1.5 8 10.4  91    0    1 367 -418  3
3823500 2818500  6 30  6  17.1 1011 169  1.0 7 10.4  89    0   11 365 -418  3
3823500 2818500  6 30  7  18.2 1011 166  1.5 6 10.8  85    9  106 365 -420  3
3823500 2818500  6 30  8  20.0 1011 200  2.3 7 11.0  79   14  174 372 -422  3
3823500 2818500  6 30  9  21.3 1011 163  2.2 6 11.2  73   89  262 379 -425  3
3823500 2818500  6 30 10  23.1 1011 226  2.6 5 11.4  68  295  273 382 -430  3
3823500 2818500  6 30 11  24.0 1011 267  2.2 5 11.7  64  263  333 388 -432  3
3823500 2818500  6 30 12  23.7 1011 293  1.6 5 11.9  64  120  366 391 -439  3
3823500 2818500  6 30 13  17.1 1010 251  1.4 6 11.5  76    0  134 382 -450  3
3823500 2818500  6 30 14  18.5 1010  67  1.1 7 11.6  91    0  192 378 -448  3
3823500 2818500  6 30 15  19.0 1010 214  0.0 6 12.3  90   61  301 380 -437  3
3823500 2818500  6 30 16  20.3 1010 214  0.8 6 12.6  87    7  214 379 -433  3
3823500 2818500  6 30 17  18.8 1010 185  0.9 8 12.5  87    0   71 381 -439  3
3823500 2818500  6 30 18  17.2 1010 111  0.5 6 12.0  92    0  100 373 -442  3
3823500 2818500  6 30 19  17.2 1010 196  0.7 6 11.8  96    0   58 363 -436  3
3823500 2818500  6 30 20  16.9 1010 224  0.4 7 11.7  95    0   14 365 -428  3
3823500 2818500  6 30 21  16.4 1011 222  1.3 6 11.3  95    0    2 363 -422  3
3823500 2818500  6 30 22  15.6 1011 240  0.1 6 11.0  96    0    0 356 -413  3
3823500 2818500  6 30 23  14.7 1012 258  0.6 5 10.6  98    0    0 347 -406  3
3823500 2818500  6 30 24  13.9 1012 251  0.7 1 10.1  99    0    0 326 -402  3
3823500 2818500  7  1  1  13.4 1012 215  0.2 6  9.6 100    0    0 342 -401  3
3823500 2818500  7  1  2  14.0 1012 219  0.3 5  9.7  98    0    0 339 -399  3
3823500 2818500  7  1  3  13.3 1013 243  0.1 4  9.5  97    0    0 331 -396  3
3823500 2818500  7  1  4  12.8 1013 212  0.1 3  9.2  97    0    0 321 -393  3
3823500 2818500  7  1  5  13.2 1013 229  0.3 6  9.2  98    0    0 328 -391  3
3823500 2818500  7  1  6  13.9 1014 227  0.2 7  9.5  98    0   31 346 -391  3
3823500 2818500  7  1  7  15.3 1014 236  0.8 5 10.1  97   44  125 346 -396  3
3823500 2818500  7  1  8  17.4 1014 262  1.4 3 10.6  91  230  164 337 -405  3
3823500 2818500  7  1  9  18.7 1015 264  2.0 2 10.8  83  332  209 335 -414  3
3823500 2818500  7  1 10  19.8 1015 266  2.5 4 10.4  74  246  320 343 -419  3
3823500 2818500  7  1 11  19.7 1015 269  3.0 7 10.0  69   19  317 362 -425  3
3823500 2818500  7  1 12  20.6 1015 273  4.3 7  9.6  65   62  373 373 -434  3
3823500 2818500  7  1 13  21.5 1016 286  4.1 6  9.2  59  142  410 373 -442  3
3823500 2818500  7  1 14  20.9 1016 288  4.2 5  8.9  57  232  401 368 -448  3
3823500 2818500  7  1 15  21.9 1016 299  4.3 3  8.7  55  318  343 362 -445  3
3823500 2818500  7  1 16  21.5 1016 289  4.0 3  8.7  54  358  266 358 -436  3
3823500 2818500  7  1 17  21.4 1016 302  3.6 2  8.5  53  349  191 355 -428  3
3823500 2818500  7  1 18  20.9 1017 302  3.1 2  8.5  54  241  153 350 -423  3
3823500 2818500  7  1 19  19.9 1017 309  3.8 1  8.4  56  161  104 344 -420  3
3823500 2818500  7  1 20  18.9 1017 296  2.6 2  8.0  57   62   61 339 -417  3
3823500 2818500  7  1 21  16.8 1018 311  0.9 2  7.9  62    6   15 335 -413  3
3823500 2818500  7  1 22  14.7 1018 288  0.4 1  7.8  70    0    0 323 -406  3
3823500 2818500  7  1 23  13.7 1019 292  0.1 1  7.7  77    0    0 311 -399  3
3823500 2818500  7  1 24  12.2 1019 279  0.1 2  7.8  84    0    0 310 -393  3
3823500 2818500  7  2  1  11.8 1019 252  0.1 0  7.7  88    0    0 302 -387  3
3823500 2818500  7  2  2  11.1 1019 267  0.0 1  7.6  90    0    0 295 -383  3
3823500 2818500  7  2  3  10.7 1019 237  0.0 1  7.5  93    0    0 298 -379  3
3823500 2818500  7  2  4  10.8 1019 253  0.0 1  7.4  93    0    0 296 -376  3
3823500 2818500  7  2  5  11.3 1019 297  0.0 4  7.5  92    0    2 310 -374  3
3823500 2818500  7  2  6  12.9 1020 309  0.1 6  8.2  93    1   37 338 -374  3
3823500 2818500  7  2  7  14.0 1020 310  0.1 6  8.9  93    2   94 354 -380  3
3823500 2818500  7  2  8  15.9 1020 322  0.9 6  9.3  88   36  209 359 -392  3
3823500 2818500  7  2  9  17.6 1020 337  1.1 6  9.1  77   88  304 365 -406  3
3823500 2818500  7  2 10  18.7 1020 342  1.2 5  8.9  69  128  377 365 -421  3
3823500 2818500  7  2 11  20.3 1020 351  1.1 4  9.0  64  307  414 361 -435  3
3823500 2818500  7  2 12  21.0 1020 333  1.3 2  9.0  59  365  433 354 -448  3
3823500 2818500  7  2 13  21.2 1020 333  1.7 4  9.0  58  229  473 357 -458  3
3823500 2818500  7  2 14  20.9 1019 356  2.0 6  9.2  59   52  382 376 -465  3
3823500 2818500  7  2 15  21.1 1019 315  1.1 7  9.4  61   12  290 391 -468  3
3823500 2818500  7  2 16  21.2 1019 344  1.4 7  9.5  61   18  275 396 -467  3
3823500 2818500  7  2 17  21.2 1019 350  1.8 7  9.6  61   30  250 397 -463  3
3823500 2818500  7  2 18  21.0 1018 357  0.9 7  9.7  62   40  200 396 -457  3
3823500 2818500  7  2 19  20.8 1018  13  0.6 6  9.7  63   28  127 391 -447  3
3823500 2818500  7  2 20  20.4 1018   7  0.4 8  9.8  65   10   58 393 -437  3
3823500 2818500  7  2 21  19.3 1018   5  0.1 8 10.1  70    0    9 399 -427  3
3823500 2818500  7  2 22  17.8 1018  18  0.1 6 10.1  76    0    0 386 -418  3
3823500 2818500  7  2 23  15.3 1018  33  0.1 4  9.8  83    0    0 361 -410  3
3823500 2818500  7  2 24  14.5 1018  55  0.0 1  9.6  90    0    0 333 -404  3
3823500 2818500  7  3  1  13.8 1018  50  0.2 1  9.3  93    0    0 316 -399  3
3823500 2818500  7  3  2  13.6 1017  53  0.3 1  9.1  93    0    0 314 -395  3
3823500 2818500  7  3  3  13.3 1017  62  0.6 0  9.0  94    0    0 307 -391  3
3823500 2818500  7  3  4  12.8 1017  55  0.3 0  8.9  95    0    0 300 -389  3
3823500 2818500  7  3  5  12.1 1016  69  0.5 0  8.7  96    1   10 297 -388  3
3823500 2818500  7  3  6  14.7 1016  79  0.8 1  9.5  99   46   54 303 -390  3
3823500 2818500  7  3  7  15.9 1016  74  0.8 2 10.3  95   89  106 317 -397  3
3823500 2818500  7  3  8  16.5 1016  67  1.3 6 10.0  87   26  173 338 -409  3
3823500 2818500  7  3  9  16.9 1016  74  2.5 6  9.8  82   18  225 355 -424  3
3823500 2818500  7  3 10  18.0 1015  71  2.6 6  9.7  78   38  292 356 -441  3
3823500 2818500  7  3 11  18.4 1015  69  2.8 6  9.6  73  109  340 359 -458  3
3823500 2818500  7  3 12  20.1 1014  64  2.6 4  9.5  68  344  322 355 -472  3
3823500 2818500  7  3 13  21.5 1014  85  2.5 3  9.7  63  589  204 351 -482  3
3823500 2818500  7  3 14  22.8 1013  81  2.7 3  9.7  58  604  179 354 -489  3
3823500 2818500  7  3 15  23.6 1013  73  3.0 2  9.4  53  671   95 355 -491  3
3823500 2818500  7  3 16  24.3 1012  59  3.2 2  9.0  48  642   62 354 -487  3
3823500 2818500  7  3 17  24.2 1012 100  2.7 1  8.7  46  509   62 351 -481  3
3823500 2818500  7  3 18  23.7 1011  84  2.9 1  8.6  46  356   64 346 -472  3
3823500 2818500  7  3 19  23.6 1010  69  2.6 0  8.5  46  208   61 341 -461  3
3823500 2818500  7  3 20  22.4 1010 101  2.0 1  8.6  49   78   43 338 -451  3
3823500 2818500  7  3 21  20.5 1009  89  1.4 0  8.5  53    6   13 331 -439  3
3823500 2818500  7  3 22  18.9 1008  92  0.8 0  8.3  58    0    0 321 -430  3
3823500 2818500  7  3 23  18.6 1008 107  0.9 0  8.2  60    0    0 317 -423  3
3823500 2818500  7  3 24  17.8 1008 107  0.9 0  8.1  62    0    0 314 -418  3
3823500 2818500  7  4  1  16.6 1008 103  0.6 0  8.1  65    0    0 310 -413  3
3823500 2818500  7  4  2  15.7 1008 110  0.4 0  8.0  69    0    0 306 -409  3
3823500 2818500  7  4  3  15.1 1008  93  1.1 0  7.8  71    0    0 303 -405  3
3823500 2818500  7  4  4  14.3 1007 102  0.6 0  7.7  73    0    0 301 -401  3
3823500 2818500  7  4  5  13.5 1007 100  1.1 0  7.7  77    0   10 300 -397  3
3823500 2818500  7  4  6  16.4 1007 111  1.2 0  7.9  74   36   59 302 -396  3
3823500 2818500  7  4  7  18.0 1007 109  1.5 0  8.1  66  136  101 309 -400  3
3823500 2818500  7  4  8  19.9 1007 112  2.4 0  8.1  59  271  124 314 -409  3
3823500 2818500  7  4  9  21.8 1007 121  2.5 0  8.3  53  402  144 321 -423  3
3823500 2818500  7  4 10  22.9 1008 111  3.0 0  8.5  50  521  157 327 -439  3
3823500 2818500  7  4 11  23.3 1007 107  3.6 0  8.6  48  626  157 333 -453  3
3823500 2818500  7  4 12  24.3 1007 105  3.4 0  8.7  47  695  155 338 -465  3
3823500 2818500  7  4 13  25.2 1007 138  3.7 1  9.2  47  717  154 349 -474  3
3823500 2818500  7  4 14  25.8 1006 140  3.7 1  9.7  47  610  203 359 -481  3
3823500 2818500  7  4 15  26.2 1006 140  4.1 2  9.9  46  481  235 365 -485  3
3823500 2818500  7  4 16  26.6 1005 136  3.5 2  9.9  46  517  150 369 -485  3
3823500 2818500  7  4 17  26.5 1005 107  3.4 1 10.0  45  441  114 364 -481  3
3823500 2818500  7  4 18  27.1 1005 124  2.3 1 10.0  45  305  101 360 -475  3
3823500 2818500  7  4 19  26.8 1005  95  1.4 1 10.0  44  180   80 361 -465  3
3823500 2818500  7  4 20  25.6 1005  97  1.4 1 10.1  47   65   52 358 -454  3
3823500 2818500  7  4 21  23.6 1005  88  1.0 0 10.3  52    5   13 350 -443  3
3823500 2818500  7  4 22  22.8 1005  86  0.1 0 10.3  58    0    0 342 -434  3
3823500 2818500  7  4 23  21.9 1006 104  0.6 0 10.4  61    0    0 339 -427  3
3823500 2818500  7  4 24  21.1 1006 100  0.4 0 10.4  64    0    0 337 -421  3
3823500 2818500  7  5  1  20.1 1005  84  0.5 0 10.4  68    0    0 334 -416  3
3823500 2818500  7  5  2  19.5 1005  83  0.4 0 10.3  70    0    0 331 -412  3
3823500 2818500  7  5  3  18.3 1005  84  0.8 0 10.2  74    0    0 328 -409  3
3823500 2818500  7  5  4  18.3 1005  91  0.6 0 10.2  76    0    0 326 -407  3
3823500 2818500  7  5  5  18.2 1005  74  0.5 0 10.1  76    0    8 326 -405  3
3823500 2818500  7  5  6  19.1 1005  81  0.3 0 10.4  76   29   57 327 -405  3
3823500 2818500  7  5  7  20.9 1005  98  1.1 0 10.9  73  129  103 332 -409  3
3823500 2818500  7  5  8  23.0 1006  85  1.8 0 11.2  67  275  122 339 -421  3
3823500 2818500  7  5  9  24.4 1006  86  1.8 0 11.3  61  426  129 347 -437  3
3823500 2818500  7  5 10  25.8 1006 107  2.6 0 11.3  56  543  141 353 -455  3
3823500 2818500  7  5 11  27.2 1006 115  2.6 0 11.2  51  643  145 358 -472  3
3823500 2818500  7  5 12  27.5 1006 121  2.9 0 11.0  48  709  145 361 -486  3
3823500 2818500  7  5 13  28.0 1005 116  2.9 0 10.6  45  762  125 363 -497  3
3823500 2818500  7  5 14  28.8 1005 120  3.0 0 10.3  42  769  106 369 -504  3
3823500 2818500  7  5 15  29.1 1005 123  3.5 1 10.2  40  691  111 378 -508  3
3823500 2818500  7  5 16  29.4 1005 141  2.7 1 10.0  39  596  105 382 -506  3
3823500 2818500  7  5 17  29.4 1004 121  3.2 1 10.0  39  474   97 382 -500  3
3823500 2818500  7  5 18  29.1 1004 113  2.9 1 10.1  39  329   91 381 -492  3
3823500 2818500  7  5 19  28.9 1004 103  1.3 1 10.3  40  190   76 379 -483  3
3823500 2818500  7  5 20  27.3 1004 108  0.3 1 10.6  44   65   52 376 -472  3
3823500 2818500  7  5 21  26.1 1004  82  0.1 1 10.7  48    4   12 371 -463  3
3823500 2818500  7  5 22  23.2 1005 104  0.2 1 10.7  54    0    0 362 -454  3
3823500 2818500  7  5 23  21.9 1005  82  0.1 2 10.8  62    0    0 358 -447  3
3823500 2818500  7  5 24  21.0 1005  89  0.1 3 10.8  67    0    0 358 -441  3
3823500 2818500  7  6  1  20.9 1005 104  0.3 3 10.8  69    0    0 358 -437  3
3823500 2818500  7  6  2  19.4 1004 103  0.3 2 10.7  72    0    0 353 -433  3
3823500 2818500  7  6  3  19.2 1003  88  0.1 3 10.7  75    0    0 349 -428  3
3823500 2818500  7  6  4  18.5 1003 111  0.1 4 10.6  77    0    0 351 -424  3
3823500 2818500  7  6  5  18.2 1003  75  0.4 5 10.5  78    0    0 353 -420  3
3823500 2818500  7  6  6  20.6 1003 100  0.6 6 10.4  73    0   12 361 -421  3
3823500 2818500  7  6  7  21.3 1004  90  0.8 6 10.6  67   10  103 367 -425  3
3823500 2818500  7  6  8  22.8 1004 123  1.9 6 11.1  66   68  187 372 -434  3
3823500 2818500  7  6  9  25.6 1004 140  1.8 6 11.6  61  202  232 380 -446  3
3823500 2818500  7  6 10  26.6 1004 149  2.5 5 11.8  55  395  219 386 -459  3
3823500 2818500  7  6 11  27.4 1004 119  2.4 4 11.5  51  437  257 385 -468  3
3823500 2818500  7  6 12  27.9 1004 126  2.9 6 10.8  46  150  375 391 -483  3
3823500 2818500  7  6 13  28.1 1003 167  2.9 7 10.0  42  168  377 397 -507  3
3823500 2818500  7  6 14  27.7 1003 105  2.2 6  9.5  40  240  358 397 -525  3
3823500 2818500  7  6 15  28.6 1002  80  2.6 4  9.1  38  440  246 392 -534  3
3823500 2818500  7  6 16  28.9 1002 100  3.7 3  9.1  36  522  136 388 -529  3
3823500 2818500  7  6 17  28.9 1001 101  5.0 3  9.2  36  373  142 386 -515  3
3823500 2818500  7  6 18  28.6 1000 102  1.0 4  9.2  37  173  152 387 -493  3
3823500 2818500  7  6 19  27.5 1000  75  0.4 6  9.4  39   46  110 392 -463  3
3823500 2818500  7  6 20  25.9  999  77  1.7 6  9.9  44   19   52 393 -448  3
3823500 2818500  7  6 21  24.3  999  85  0.9 6 10.2  50    1   10 389 -443  3
3823500 2818500  7  6 22  22.8  998  76  0.1 6 10.4  56    0    0 385 -438  3
3823500 2818500  7  6 23  21.6  998  92  1.2 6 10.7  62    0    0 380 -432  3
3823500 2818500  7  6 24  20.8  998  34  1.2 8 10.6  66    0    0 384 -426  3
3823500 2818500  7  7  1  20.8  998  29  2.1 7 10.7  68    0    0 388 -424  3
3823500 2818500  7  7  2  20.5  997 239  1.7 7 10.7  69    0    0 385 -423  3
3823500 2818500  7  7  3  20.5  996  83  2.4 7 10.5  68    0    0 385 -423  3
3823500 2818500  7  7  4  20.3  995 114  1.6 7 10.2  67    0    0 387 -424  3
3823500 2818500  7  7  5  20.0  994 189  2.2 7 10.4  69    0    0 387 -424  3
3823500 2818500  7  7  6  19.1  995 160  3.1 7 10.9  75    1   37 386 -423  3
3823500 2818500  7  7  7  19.4  995 228  3.6 7 11.8  83    0   41 386 -424  3
3823500 2818500  7  7  8  20.3  995 244  3.8 6 12.6  85   13  167 385 -423  3
3823500 2818500  7  7  9  22.1  995 207  3.4 4 12.9  80  195  235 380 -423  3
3823500 2818500  7  7 10  23.4  996 167  5.6 4 13.0  73  242  288 381 -435  3
3823500 2818500  7  7 11  24.4  996 213  4.0 4 12.6  67  352  299 385 -458  3
3823500 2818500  7  7 12  24.5  996 231  3.7 4 12.5  64  259  363 387 -455  3
3823500 2818500  7  7 13  25.4  996 234  3.8 4 12.5  62  249  372 391 -447  3
3823500 2818500  7  7 14  25.8  996 222  3.8 5 12.2  58  113  360 396 -448  3
3823500 2818500  7  7 15  26.4  997 207  4.6 4 11.6  54  223  328 397 -439  3
3823500 2818500  7  7 16  26.0  997 205  3.9 4 11.0  51  205  281 394 -438  3
3823500 2818500  7  7 17  24.4  997 202  4.1 4 10.3  50  189  220 388 -440  3
3823500 2818500  7  7 18  23.8  997 190  6.5 4  9.9  52  183  148 380 -439  3
3823500 2818500  7  7 19  22.4  997 226  3.9 5  9.8  54  107   99 379 -432  3
3823500 2818500  7  7 20  21.1  998 200  4.4 6  9.9  60   52   50 384 -424  3
3823500 2818500  7  7 21  19.9  998 198  3.7 6 10.0  66    7   14 383 -419  3
3823500 2818500  7  7 22  18.9  999 192  3.2 6 10.2  72    0    0 376 -416  3
3823500 2818500  7  7 23  18.4  998 183  2.4 7 10.0  73    0    0 377 -414  3
3823500 2818500  7  7 24  18.0  998 176  1.5 7  9.6  72    0    0 380 -413  3
3823500 2818500  7  8  1  17.6 1011 161  0.8 8  9.0  69    0    0 374 -425  3
3823500 2818500  7  8  2  17.1 1011 147  0.5 8  8.5  68    0    0 373 -423  3
3823500 2818500  7  8  3  16.7 1011 137  0.2 7  8.1  67    0    0 366 -422  3
3823500 2818500  7  8  4  16.5 1011 139  0.2 7  8.2  69    0    0 362 -420  3
3823500 2818500  7  8  5  17.4 1011 145  0.2 7  8.3  67    0    3 362 -418  3
3823500 2818500  7  8  6  18.0 1010 170  0.3 7  8.4  69    3   44 365 -417  3
3823500 2818500  7  8  7  19.7 1010 165  0.1 5  8.6  63   87  123 364 -420  3
3823500 2818500  7  8  8  21.9 1010 190  1.1 3  8.8  57  221  163 356 -430  3
3823500 2818500  7  8  9  24.8 1011 188  1.7 2  9.0  50  327  202 354 -445  3
3823500 2818500  7  8 10  26.5 1011 217  1.8 2  8.9  43  437  226 359 -463  3
3823500 2818500  7  8 11  27.8 1011 230  2.1 3  8.1  36  535  236 368 -482  3
3823500 2818500  7  8 12  28.7 1011 234  2.3 3  7.5  31  585  249 375 -501  3
3823500 2818500  7  8 13  29.6 1011 239  2.3 3  7.5  30  603  251 380 -517  3
3823500 2818500  7  8 14  30.0 1011 231  2.4 3  7.4  28  578  249 383 -527  3
3823500 2818500  7  8 15  30.0 1011 200  2.5 3  7.3  27  485  258 384 -528  3
3823500 2818500  7  8 16  30.5 1010 198  1.7 4  7.2  27  416  228 386 -527  3
3823500 2818500  7  8 17  29.9 1010 201  2.2 4  7.2  27  341  186 387 -524  3
3823500 2818500  7  8 18  29.4 1010 181  2.4 3  7.4  28  259  139 381 -515  3
3823500 2818500  7  8 19  29.3 1010 264  1.1 4  7.9  31  124  109 380 -502  3
3823500 2818500  7  8 20  27.2 1010 343  0.3 5  9.0  37   27   57 381 -490  3
3823500 2818500  7  8 21  24.3 1010 343  0.7 3 10.1  48    0    8 372 -478  3
3823500 2818500  7  8 22  22.1 1010  17  0.1 2 10.2  57    0    0 355 -466  3
3823500 2818500  7  8 23  21.9 1010  30  0.9 3 10.2  61    0    0 352 -455  3
3823500 2818500  7  8 24  20.4 1009  24  0.3 3 10.4  66    0    0 352 -447  3
3823500 2818500  7  9  1  18.7 1010  26  0.3 3 10.3  72    0    0 348 -440  3
3823500 2818500  7  9  2  17.3 1010  23  0.1 3 10.1  78    0    0 344 -433  3
3823500 2818500  7  9  3  17.0 1010  36  0.1 3 10.0  81    0    0 341 -429  3
3823500 2818500  7  9  4  17.5 1009  64  0.5 4 10.1  81    0    0 344 -426  3
3823500 2818500  7  9  5  17.0 1009  70  0.8 3 10.3  83    0    9 346 -425  3
3823500 2818500  7  9  6  19.6 1009 105  0.6 1 10.5  79   32   55 342 -426  3
3823500 2818500  7  9  7  21.7 1009 111  1.1 0 10.8  70  130   98 341 -433  3
3823500 2818500  7  9  8  24.5 1010 123  1.5 0 11.0  62  265  120 347 -446  3
3823500 2818500  7  9  9  27.1 1010 177  1.5 0 10.9  52  414  126 356 -464  3
3823500 2818500  7  9 10  29.0 1010 147  2.7 1 10.4  44  498  158 368 -485  3
3823500 2818500  7  9 11  30.8 1010 136  2.3 1  9.9  37  647  129 380 -506  3
3823500 2818500  7  9 12  32.3 1009 163  2.3 1  9.4  32  768   97 389 -527  3
3823500 2818500  7  9 13  33.1 1009 147  2.6 1  8.5  28  812   82 395 -545  3
3823500 2818500  7  9 14  33.4 1008 208  3.0 4  7.9  25  259  353 405 -560  3
3823500 2818500  7  9 15  33.3 1008 167  3.4 7  7.9  24    3  216 416 -570  3
3823500 2818500  7  9 16  33.0 1008   5  4.5 5  7.9  25  211  281 416 -573  3
3823500 2818500  7  9 17  32.8 1008 131  2.5 5  7.9  25  213  216 411 -567  3
3823500 2818500  7  9 18  32.5 1008 244  2.4 5  8.2  26  132  166 409 -555  3
3823500 2818500  7  9 19  31.2 1008 102  1.5 5  8.9  30   90  102 407 -538  3
3823500 2818500  7  9 20  28.7 1008 134  1.2 6 10.2  38   46   53 406 -518  3
3823500 2818500  7  9 21  25.8 1008 293  0.1 6 11.2  49    0    8 402 -504  3
3823500 2818500  7  9 22  24.5 1008 294  0.6 3 11.2  56    0    0 391 -493  3
3823500 2818500  7  9 23  22.7 1009 350  0.1 1 11.0  60    0    0 379 -483  3
3823500 2818500  7  9 24  21.0 1009 301  0.1 3 11.1  67    0    0 374 -476  3
3823500 2818500  7 10  1  21.1 1009 285  0.2 5 11.1  71    0    0 378 -472  3
3823500 2818500  7 10  2  19.5 1009 289  0.1 5 11.1  74    0    0 381 -468  3
3823500 2818500  7 10  3  18.9 1009 225  0.1 4 11.3  81    0    0 378 -463  3
3823500 2818500  7 10  4  19.3 1009 216  0.0 3 11.3  81    0    0 374 -458  3
3823500 2818500  7 10  5  18.5 1009 284  0.1 3 11.1  81    0    5 368 -454  3
3823500 2818500  7 10  6  20.0 1010 296  0.1 1 11.3  80   19   52 363 -453  3
3823500 2818500  7 10  7  23.1 1010 323  0.2 0 11.6  72   93  113 361 -455  3
3823500 2818500  7 10  8  25.7 1011 317  0.2 0 11.8  61  193  162 366 -460  3
3823500 2818500  7 10  9  27.8 1011 251  0.5 0 11.1  50  310  198 372 -471  3
3823500 2818500  7 10 10  29.5 1011 294  1.0 0 10.7  43  448  204 380 -486  3
3823500 2818500  7 10 11  30.9 1011 262  1.1 0 10.6  39  567  198 389 -503  3
3823500 2818500  7 10 12  32.1 1011 242  1.7 0 10.8  37  641  194 399 -522  3
3823500 2818500  7 10 13  32.9 1011 201  1.2 1 10.9  36  583  243 408 -536  3
3823500 2818500  7 10 14  33.1 1011 245  2.3 2 10.9  34  454  297 414 -540  3
3823500 2818500  7 10 15  33.5 1010 312  0.9 3 10.7  33  481  242 417 -537  3
3823500 2818500  7 10 16  34.1 1010  27  0.8 2 10.7  32  507  162 416 -535  3
3823500 2818500  7 10 17  33.4 1009 115  1.3 1 10.8  33  397  143 409 -536  3
3823500 2818500  7 10 18  32.6 1009 120  1.2 2 11.3  36  232  137 404 -531  3
3823500 2818500  7 10 19  31.6 1008 130  1.1 3 12.0  40   97  107 404 -521  3
3823500 2818500  7 10 20  30.1 1008  86  0.7 2 12.1  43   38   54 397 -509  3
3823500 2818500  7 10 21  28.6 1007  90  0.7 3 12.2  47    1   11 391 -496  3
3823500 2818500  7 10 22  28.3 1007  84  0.6 5 12.4  50    0    0 395 -485  3
3823500 2818500  7 10 23  28.3 1007  92  1.4 6 12.0  49    0    0 401 -478  3
3823500 2818500  7 10 24  24.5 1006 107  0.6 7 12.4  57    0    0 400 -472  3
3823500 2818500  7 11  1  24.0 1006  18  1.6 8 13.3  69    0    0 397 -467  3
3823500 2818500  7 11  2  21.5 1007 301  2.3 8 13.3  76    0    0 395 -462  3
3823500 2818500  7 11  3  20.9 1008 298  2.5 8 13.4  84    0    0 391 -459  3
3823500 2818500  7 11  4  20.2 1007 151  1.1 8 13.6  89    0    0 390 -456  3
3823500 2818500  7 11  5  20.2 1007 203  0.3 7 13.9  93    0    1 387 -454  3
3823500 2818500  7 11  6  20.5 1006 195  0.2 7 14.2  93    0   13 385 -453  3
3823500 2818500  7 11  7  20.9 1007 169  0.4 8 14.4  93    0   49 387 -457  3
3823500 2818500  7 11  8  21.6 1007 178  1.2 6 14.7  91   50  177 388 -466  3
3823500 2818500  7 11  9  22.3 1008 206  1.7 5 14.8  88  172  245 386 -481  3
3823500 2818500  7 11 10  24.6 1008 190  1.9 4 14.7  80  377  242 388 -501  3
3823500 2818500  7 11 11  26.2 1008 174  2.3 2 14.2  69  522  227 392 -523  3
3823500 2818500  7 11 12  27.8 1008 159  2.0 1 13.2  58  613  213 393 -544  3
3823500 2818500  7 11 13  29.6 1008 152  1.7 3 13.2  53  597  237 404 -561  3
3823500 2818500  7 11 14  29.6 1008 207  1.9 3 13.4  51  468  292 413 -568  3
3823500 2818500  7 11 15  30.1 1008 216  1.8 3 13.0  49  418  277 412 -567  3
3823500 2818500  7 11 16  31.2 1008 221  1.1 2 13.1  47  338  253 410 -556  3
3823500 2818500  7 11 17  31.2 1007 217  1.2 2 12.8  44  377  154 405 -540  3
3823500 2818500  7 11 18  31.6 1007 214  0.6 1 12.5  43  271  123 396 -527  3
3823500 2818500  7 11 19  30.9 1007 243  0.3 2 12.6  44  136   98 390 -510  3
3823500 2818500  7 11 20  28.7 1007 105  0.2 2 13.5  51   36   55 387 -495  3
3823500 2818500  7 11 21  26.2 1007  25  1.6 1 14.4  62    0    6 374 -481  3
3823500 2818500  7 11 22  24.1 1007  24  1.4 2 14.3  70    0    0 364 -470  3
3823500 2818500  7 11 23  22.9 1008 305  0.7 3 14.1  77    0    0 364 -462  3
3823500 2818500  7 11 24  22.1 1008 332  0.7 4 13.9  80    0    0 369 -456  3
3823500 2818500  7 12  1  21.7 1008 320  0.9 5 13.7  82    0    0 376 -452  3
3823500 2818500  7 12  2  20.4 1008 339  0.9 7 13.2  84    0    0 383 -450  3
3823500 2818500  7 12  3  19.3 1006   4  0.4 7 12.6  86    0    0 384 -448  3
3823500 2818500  7 12  4  19.2 1005 346  0.1 7 12.4  87    0    0 381 -444  3
3823500 2818500  7 12  5  18.8 1005  15  0.1 6 12.3  88    0    4 375 -440  3
3823500 2818500  7 12  6  19.8 1005 358  0.6 4 12.7  89    9   48 366 -439  3
3823500 2818500  7 12  7  21.9 1005  58  0.2 3 13.1  84   70  118 363 -442  3
3823500 2818500  7 12  8  23.8 1005  87  0.9 1 13.5  76  204  165 366 -448  3
3823500 2818500  7 12  9  26.6 1004 149  1.6 2 14.2  70  332  195 375 -457  3
3823500 2818500  7 12 10  28.3 1004 162  0.8 4 14.9  64  460  209 393 -475  3
3823500 2818500  7 12 11  28.8 1004 160  2.2 4 15.0  60  484  263 404 -494  3
3823500 2818500  7 12 12  26.6 1003 149  3.4 5 14.7  62  120  377 405 -509  3
3823500 2818500  7 12 13  21.7 1003 231  4.1 7 13.6  71    0   92 401 -517  3
3823500 2818500  7 12 14  21.9 1004 227  1.8 6 13.2  80   39  316 396 -500  3
3823500 2818500  7 12 15  22.9 1004 196  1.5 5 13.8  80  517  238 394 -476  3
3823500 2818500  7 12 16  25.8 1003 213  3.3 5 13.1  68  492  189 396 -472  3
3823500 2818500  7 12 17  26.0 1002 201  4.0 3 12.2  57  418  152 394 -476  3
3823500 2818500  7 12 18  25.7 1002 196  4.0 4 11.8  56  144  176 389 -476  3
3823500 2818500  7 12 19  25.5 1002 228  1.4 6 11.6  55    2   78 394 -473  3
3823500 2818500  7 12 20  23.5 1002 258  3.5 7 11.9  61    0   24 398 -469  3
3823500 2818500  7 12 21  22.6 1002 234  2.1 7 12.2  68    0    0 395 -456  3
3823500 2818500  7 12 22  21.7 1003 244  2.7 5 11.8  70    0    0 386 -440  3
3823500 2818500  7 12 23  20.9 1003 246  2.6 3 11.5  71    0    0 371 -430  3
3823500 2818500  7 12 24  19.5 1004 254  2.9 5 11.0  73    0    0 364 -426  3
3823500 2818500  7 13  1  17.9 1003 259  2.8 7 10.7  78    0    0 370 -424  3
3823500 2818500  7 13  2  16.7 1003 223  1.8 5 10.3  82    0    0 363 -419  3
3823500 2818500  7 13  3  17.1 1003 207  1.3 2  9.9  81    0    0 343 -413  3
3823500 2818500  7 13  4  15.4 1003 209  1.1 2  9.7  83    0    0 329 -408  3
3823500 2818500  7 13  5  14.9 1003 212  0.8 1  9.5  88    0    7 319 -404  3
3823500 2818500  7 13  6  17.8 1002 197  0.8 1  9.7  82    8   46 314 -403  3
3823500 2818500  7 13  7  18.7 1002 210  1.3 3 10.0  75   71  116 323 -408  3
3823500 2818500  7 13  8  19.8 1002 215  2.4 5 10.0  71   76  183 340 -418  3
3823500 2818500  7 13  9  21.0 1004 211  2.9 6 10.2  67  153  249 355 -433  3
3823500 2818500  7 13 10  22.5 1004 236  3.5 6  9.8  59  357  255 363 -453  3
3823500 2818500  7 13 11  23.5 1004 222  3.0 5  9.2  52  468  263 366 -474  3
3823500 2818500  7 13 12  24.5 1004 221  2.4 6  8.9  47  238  384 373 -494  3
3823500 2818500  7 13 13  25.7 1004 205  2.3 5  8.9  44  309  379 380 -510  3
3823500 2818500  7 13 14  27.1 1003 113  2.6 3  9.0  41  261  379 375 -512  3
3823500 2818500  7 13 15  27.3 1003 143  1.3 3  8.8  39  281  339 370 -498  3
3823500 2818500  7 13 16  27.3 1002 132  2.4 4  8.6  37  192  305 372 -495  3
3823500 2818500  7 13 17  25.7 1002 250  2.0 7  9.1  41    3  158 383 -501  3
3823500 2818500  7 13 18  25.5 1002 150  0.4 6  9.6  46    3  117 385 -491  3
3823500 2818500  7 13 19  25.7 1002 177  1.4 6  9.8  47   10   92 382 -479  3
3823500 2818500  7 13 20  24.5 1001 145  0.1 6 10.4  51   16   49 381 -466  3
3823500 2818500  7 13 21  22.1 1001 108  0.2 6 11.0  61    0    1 377 -451  3
3823500 2818500  7 13 22  21.4 1001 114  0.1 6 11.2  67    0    0 373 -441  3
3823500 2818500  7 13 23  20.6 1001 132  0.1 5 10.9  69    0    0 369 -436  3
3823500 2818500  7 13 24  20.5 1001 126  0.2 6 10.7  70    0    0 370 -434  3
3823500 2818500  7 14  1  20.3 1001 156  0.5 6 10.5  69    0    0 373 -433  3
3823500 2818500  7 14  2  20.1 1001 152  0.1 6 10.4  69    0    0 371 -430  3
3823500 2818500  7 14  3  19.0 1001 162  0.1 6 10.4  72    0    0 367 -427  3
3823500 2818500  7 14  4  18.0 1000 156  0.4 3 10.5  78    0    0 354 -427  3
3823500 2818500  7 14  5  18.0 1000 152  0.2 2 10.7  81    1    9 340 -429  3
3823500 2818500  7 14  6  19.6 1000 157  0.4 0 11.0  80   36   51 334 -430  3
3823500 2818500  7 14  7  22.0 1001 158  0.9 1 11.3  72  130   93 337 -434  3
3823500 2818500  7 14  8  24.1 1001 179  1.6 1 11.3  63  261  116 347 -441  3
3823500 2818500  7 14  9  26.0 1001 199  2.4 0 11.0  54  405  127 353 -452  3
3823500 2818500  7 14 10  27.4 1001 190  2.9 0 10.5  47  527  137 360 -470  3
3823500 2818500  7 14 11  27.8 1001 194  3.6 2 10.0  43  388  277 370 -490  3
3823500 2818500  7 14 12  28.8 1000 183  3.8 4  9.9  40  256  357 382 -508  3
3823500 2818500  7 14 13  29.0 1000 212  3.6 3  9.7  38  315  353 389 -521  3
3823500 2818500  7 14 14  30.0  999 158  3.1 3  9.4  36  464  275 390 -531  3
3823500 2818500  7 14 15  30.9  998 154  3.7 2  9.4  34  676  110 392 -533  3
3823500 2818500  7 14 16  31.8  997 169  4.0 1  9.2  32  586  101 391 -531  3
3823500 2818500  7 14 17  32.2  995 167  4.3 1  9.0  30  435  109 389 -530  3
3823500 2818500  7 14 18  30.8  995 132  4.3 3  8.9  30   43  159 389 -523  3
3823500 2818500  7 14 19  23.7  993 201  5.6 6  9.8  42    0   29 386 -512  3
3823500 2818500  7 14 20  19.9  996 223  2.3 7 11.9  71    0   13 382 -500  3
3823500 2818500  7 14 21  19.4  997 245  0.9 6 13.2  90    0    1 376 -487  3
3823500 2818500  7 14 22  19.9  996 197  2.6 6 13.3  91    0    0 372 -471  3
3823500 2818500  7 14 23  20.0  997 200  1.9 7 13.4  90    0    0 375 -451  3
3823500 2818500  7 14 24  19.7  998 209  2.0 6 13.2  89    0    0 372 -438  3
3823500 2818500  7 15  1  19.2  999 174  2.3 4 12.7  88    0    0 360 -434  3
3823500 2818500  7 15  2  18.9  999 194  3.0 3 12.3  87    0    0 348 -435  3
3823500 2818500  7 15  3  17.5  999 213  3.6 3 11.7  88    0    0 341 -435  3
3823500 2818500  7 15  4  17.0  999 181  2.6 2 11.1  89    0    0 334 -434  3
3823500 2818500  7 15  5  17.2  999 189  2.9 4 10.9  88    0    0 336 -427  3
3823500 2818500  7 15  6  17.9 1000 197  3.3 5 10.9  85    5   42 346 -421  3
3823500 2818500  7 15  7  18.4 1000 199  4.2 6 10.7  81   31  106 352 -420  3
3823500 2818500  7 15  8  19.1 1001 211  5.2 4 10.3  75  134  173 348 -426  3
3823500 2818500  7 15  9  20.5 1001 220  6.3 3  9.7  66  243  215 341 -434  3
3823500 2818500  7 15 10  21.4 1003 209  5.5 3  9.1  58  262  277 339 -444  3
3823500 2818500  7 15 11  21.8 1003 210  5.6 4  8.4  52  215  342 342 -456  3
3823500 2818500  7 15 12  21.5 1004 201  6.1 4  7.9  48  207  372 345 -467  3
3823500 2818500  7 15 13  22.2 1004 196  8.2 3  7.4  45  378  337 344 -476  3
3823500 2818500  7 15 14  23.5 1005 212  6.3 4  6.9  40  445  293 347 -482  3
3823500 2818500  7 15 15  23.7 1005 228  5.0 3  6.7  37  559  186 351 -487  3
3823500 2818500  7 15 16  23.7 1005 225  5.2 3  6.4  34  498  156 350 -489  3
3823500 2818500  7 15 17  23.6 1005 240  4.3 3  6.1  33  360  153 350 -488  3
3823500 2818500  7 15 18  23.2 1005 204  4.7 3  6.0  33  283  110 350 -484  3
3823500 2818500  7 15 19  22.8 1005 229  3.5 2  6.1  35  151   87 347 -475  3
3823500 2818500  7 15 20  21.6 1006 212  2.1 1  6.5  38   45   53 339 -465  3
3823500 2818500  7 15 21  19.4 1005 181  1.1 0  6.9  46    0    6 329 -452  3
3823500 2818500  7 15 22  15.2 1006 134  0.2 0  7.6  61    0    0 316 -439  3
3823500 2818500  7 15 23  14.9 1006 169  0.5 0  8.0  74    0    0 311 -429  3
3823500 2818500  7 15 24  14.4 1006 130  0.7 0  7.9  75    0    0 310 -422  3
3823500 2818500  7 16  1  14.4 1006 113  0.9 1  7.9  76    0    0 313 -418  3
3823500 2818500  7 16  2  14.5 1006 121  1.0 1  7.9  76    0    0 317 -415  3
3823500 2818500  7 16  3  14.5 1006 127  1.5 1  7.9  76    0    0 317 -411  3
3823500 2818500  7 16  4  13.9 1006 156  1.6 1  7.9  77    0    0 316 -409  3
3823500 2818500  7 16  5  14.0 1006 164  1.5 1  7.9  79    0    7 315 -409  3
3823500 2818500  7 16  6  15.4 1005 151  1.5 0  7.9  75   28   50 314 -410  3
3823500 2818500  7 16  7  17.8 1005 155  2.2 0  8.1  68  113  100 315 -414  3
3823500 2818500  7 16  8  20.8 1005 172  3.2 0  8.2  58  232  135 323 -426  3
3823500 2818500  7 16  9  23.5 1006 175  4.7 0  8.0  48  362  158 331 -442  3
3823500 2818500  7 16 10  24.7 1006 194  5.9 0  7.6  40  472  181 339 -460  3
3823500 2818500  7 16 11  25.7 1006 201  5.4 0  7.4  37  570  189 344 -476  3
3823500 2818500  7 16 12  26.9 1006 204  4.3 0  7.4  34  633  192 352 -489  3
3823500 2818500  7 16 13  27.6 1006 165  5.4 1  7.3  32  672  181 360 -501  3
3823500 2818500  7 16 14  28.0 1006 224  3.9 1  7.3  31  670  168 368 -509  3
3823500 2818500  7 16 15  28.6 1005 216  4.2 2  7.5  31  514  217 374 -512  3
3823500 2818500  7 16 16  28.6 1006 204  4.3 4  8.0  32  318  256 383 -512  3
3823500 2818500  7 16 17  28.6 1006 198  3.3 3  8.5  35  399  137 386 -508  3
3823500 2818500  7 16 18  28.8 1005 212  2.9 2  8.7  35  268  118 380 -500  3
3823500 2818500  7 16 19  27.2 1005 221  2.0 2  9.1  38  143   92 375 -491  3
3823500 2818500  7 16 20  26.4 1006 316  1.7 4  9.5  42   45   53 374 -476  3
3823500 2818500  7 16 21  24.5 1006 301  0.1 7 10.0  48    0    6 380 -456  3
3823500 2818500  7 16 22  19.8 1007 312  1.7 8 11.1  66    0    0 379 -445  3
3823500 2818500  7 16 23  17.7 1007 330  1.1 7 11.9  87    0    0 370 -441  3
3823500 2818500  7 16 24  17.8 1008 111  1.0 7 12.0  94    0    0 365 -437  3
3823500 2818500  7 17  1  16.8 1008  44  1.0 7 12.0  96    0    0 362 -434  3
3823500 2818500  7 17  2  16.2 1008 116  1.3 6 11.7  98    0    0 356 -431  3
3823500 2818500  7 17  3  16.1 1008 131  0.4 6 11.4  98    0    0 352 -429  3
3823500 2818500  7 17  4  16.4 1008 174  1.0 6 11.3  97    0    0 352 -427  3
3823500 2818500  7 17  5  16.4 1008 180  0.9 7 11.3  96    0    7 356 -424  3
3823500 2818500  7 17  6  16.9 1008 173  0.9 7 11.3  94    0   30 358 -420  3
3823500 2818500  7 17  7  17.3 1008 189  1.3 4 11.4  92   20   95 348 -422  3
3823500 2818500  7 17  8  18.6 1008 185  1.2 4 11.7  90  121  162 338 -430  3
3823500 2818500  7 17  9  19.5 1009 214  2.0 5 11.9  85   86  228 343 -438  3
3823500 2818500  7 17 10  20.2 1009 202  2.3 5 11.5  79  161  280 348 -449  3
3823500 2818500  7 17 11  21.6 1009 232  2.8 5 10.7  68  114  329 352 -461  3
3823500 2818500  7 17 12  21.3 1009 242  3.5 6 10.0  62  224  350 359 -471  3
3823500 2818500  7 17 13  22.1 1009 273  4.0 6  9.4  58   94  348 365 -479  3
3823500 2818500  7 17 14  21.5 1010 265  4.3 4  9.0  55  291  332 360 -483  3
3823500 2818500  7 17 15  21.8 1010 227  4.3 4  8.4  52  471  214 354 -485  3
3823500 2818500  7 17 16  22.5 1010 272  4.4 4  7.6  46  449  163 354 -483  3
3823500 2818500  7 17 17  22.2 1011 278  3.8 5  7.2  42  334  147 357 -469  3
3823500 2818500  7 17 18  21.4 1011 275  3.1 6  7.3  44   99  159 364 -456  3
3823500 2818500  7 17 19  20.7 1011 284  3.4 6  7.4  47    8   84 365 -450  3
3823500 2818500  7 17 20  20.0 1012 273  2.3 4  7.0  47   25   42 353 -441  3
3823500 2818500  7 17 21  17.6 1013 290  2.0 2  7.0  51    0    6 332 -432  3
3823500 2818500  7 17 22  15.7 1014 292  1.4 1  7.3  62    0    0 314 -422  3
3823500 2818500  7 17 23  13.6 1015 242  0.8 2  7.6  73    0    0 309 -411  3
3823500 2818500  7 17 24  12.4 1015 214  0.1 1  7.6  82    0    0 303 -404  3
3823500 2818500  7 18  1  11.8 1016 194  0.6 1  7.5  86    0    0 295 -398  3
3823500 2818500  7 18  2  11.5 1016 212  0.6 1  7.4  87    0    0 294 -393  3
3823500 2818500  7 18  3  11.8 1017 199  1.0 1  7.5  88    0    0 293 -389  3
3823500 2818500  7 18  4  11.0 1017 187  0.8 1  7.4  88    0    0 291 -386  3
3823500 2818500  7 18  5  11.0 1017 196  0.9 1  7.3  90    0    6 288 -383  3
3823500 2818500  7 18  6  12.6 1018 187  0.8 0  7.7  90   31   47 287 -383  3
3823500 2818500  7 18  7  15.4 1018 213  1.0 1  8.3  84  131   86 293 -389  3
3823500 2818500  7 18  8  17.0 1018 283  1.4 1  8.6  75  261  109 303 -402  3
3823500 2818500  7 18  9  18.7 1018 257  1.4 1  8.3  66  396  125 306 -421  3
3823500 2818500  7 18 10  19.7 1018 255  2.2 1  7.4  54  527  131 310 -441  3
3823500 2818500  7 18 11  20.8 1019 255  2.0 2  6.7  46  494  217 318 -459  3
3823500 2818500  7 18 12  21.7 1019 245  2.2 2  6.3  40  410  300 324 -476  3
3823500 2818500  7 18 13  22.0 1019 317  1.9 2  6.2  38  436  299 327 -486  3
3823500 2818500  7 18 14  22.1 1018 309  1.7 4  6.4  39  289  345 337 -490  3
3823500 2818500  7 18 15  23.2 1018 238  1.5 3  6.3  37  313  303 343 -493  3
3823500 2818500  7 18 16  22.8 1018  75  0.7 2  6.2  36  455  170 338 -501  3
3823500 2818500  7 18 17  23.1 1018 156  1.0 3  6.2  36  431  105 338 -503  3
3823500 2818500  7 18 18  23.0 1017 152  1.1 3  6.1  35  274  102 341 -489  3
3823500 2818500  7 18 19  22.7 1017 213  0.7 2  6.1  35  158   79 336 -473  3
3823500 2818500  7 18 20  21.2 1016 164  0.1 2  6.5  40   46   48 330 -460  3
3823500 2818500  7 18 21  17.1 1017 284  0.1 0  7.6  55    0    4 315 -446  3
3823500 2818500  7 18 22  14.9 1017  34  0.0 0  8.3  73    0    0 298 -434  3
3823500 2818500  7 18 23  13.5 1017 121  0.1 0  8.1  81    0    0 293 -425  3
3823500 2818500  7 18 24  12.4 1017 148  0.0 0  8.0  86    0    0 289 -419  3
3823500 2818500  7 19  1  12.1 1017  99  0.0 1  7.8  88    0    0 291 -413  3
3823500 2818500  7 19  2  11.8 1017  49  0.1 1  7.6  88    0    0 295 -409  3
3823500 2818500  7 19  3  11.0 1017  95  0.1 1  7.5  90    0    0 293 -405  3
3823500 2818500  7 19  4  10.7 1016 117  0.1 0  7.5  92    0    0 287 -402  3
3823500 2818500  7 19  5  10.3 1016 146  0.1 1  7.3  93    0    5 286 -399  3
3823500 2818500  7 19  6  13.0 1016  28  0.1 1  7.7  90   26   46 294 -398  3
3823500 2818500  7 19  7  17.4 1016  85  0.2 0  8.2  76  117   91 299 -403  3
3823500 2818500  7 19  8  19.7 1016 126  1.0 0  8.1  61  239  123 302 -415  3
3823500 2818500  7 19  9  21.8 1016 156  1.4 1  7.7  50  373  142 311 -435  3
3823500 2818500  7 19 10  24.0 1016 151  1.8 1  7.2  41  491  158 322 -459  3
3823500 2818500  7 19 11  25.0 1016 155  2.2 1  6.8  36  601  157 328 -484  3
3823500 2818500  7 19 12  25.4 1016 161  1.5 1  6.6  33  673  154 332 -506  3
3823500 2818500  7 19 13  26.6 1016 160  1.3 1  6.3  30  711  144 336 -521  3
3823500 2818500  7 19 14  26.9 1015 130  0.8 0  6.0  27  723  125 337 -527  3
3823500 2818500  7 19 15  27.4 1014 200  1.2 1  6.0  27  680  111 338 -532  3
3823500 2818500  7 19 16  27.6 1014 179  1.3 1  5.9  26  574  111 341 -535  3
3823500 2818500  7 19 17  27.7 1013 159  0.4 0  6.0  26  449  102 339 -527  3
3823500 2818500  7 19 18  27.5 1013 156  0.3 0  6.2  27  300   96 336 -517  3
3823500 2818500  7 19 19  27.3 1012  95  0.4 1  6.4  28  127   88 336 -504  3
3823500 2818500  7 19 20  24.3 1012  99  0.1 2  6.9  33   40   46 337 -488  3
3823500 2818500  7 19 21  20.1 1011  51  0.1 2  7.8  47    0    6 329 -473  3
3823500 2818500  7 19 22  17.7 1011 121  0.1 2  8.7  64    0    0 319 -461  3
3823500 2818500  7 19 23  16.8 1011  47  0.0 1  9.0  73    0    0 311 -452  3
3823500 2818500  7 19 24  16.2 1011 134  0.1 1  8.9  75    0    0 306 -445  3
3823500 2818500  7 20  1  15.2 1010 110  0.1 1  8.7  78    0    0 303 -439  3
3823500 2818500  7 20  2  15.2 1010 104  0.3 1  8.5  79    0    0 301 -434  3
3823500 2818500  7 20  3  16.5 1009 117  0.5 1  8.1  72    0    0 303 -430  3
3823500 2818500  7 20  4  15.8 1009 126  0.4 1  7.9  69    0    0 302 -425  3
3823500 2818500  7 20  5  16.4 1009 143  0.5 2  7.8  68    0    3 304 -421  3
3823500 2818500  7 20  6  17.5 1009 153  0.4 5  7.9  66   20   46 315 -419  3
3823500 2818500  7 20  7  19.8 1009 152  0.5 3  8.3  62   91  108 321 -422  3
3823500 2818500  7 20  8  22.1 1009 153  1.8 3  8.7  56  180  162 324 -433  3
3823500 2818500  7 20  9  24.3 1009 158  2.2 5  8.8  49  264  215 335 -450  3
3823500 2818500  7 20 10  25.8 1009 156  1.8 5  8.9  45  381  240 348 -474  3
3823500 2818500  7 20 11  27.7 1008 143  2.3 6  8.6  39  513  234 357 -500  3
3823500 2818500  7 20 12  28.5 1008 137  2.6 5  7.9  33  570  243 363 -528  3
3823500 2818500  7 20 13  29.1 1007 131  2.7 4  7.7  31  608  234 363 -550  3
3823500 2818500  7 20 14  29.7 1006 151  2.7 4  7.7  30  635  207 365 -562  3
3823500 2818500  7 20 15  29.7 1006  95  2.7 6  7.5  29  458  259 371 -566  3
3823500 2818500  7 20 16  29.5 1005  45  2.9 6  7.3  28  422  212 375 -560  3
3823500 2818500  7 20 17  29.3 1004  96  2.0 6  7.1  28  311  188 375 -552  3
3823500 2818500  7 20 18  29.3 1004 117  2.4 6  7.2  28  124  177 374 -541  3
3823500 2818500  7 20 19  28.1 1003 102  0.7 6  7.1  29   73  109 372 -527  3
3823500 2818500  7 20 20  26.3 1003 114  0.2 6  7.2  32   34   51 367 -514  3
3823500 2818500  7 20 21  24.3 1002 116  0.2 5  7.5  37    0    5 358 -502  3
3823500 2818500  7 20 22  22.5 1002 109  0.4 3  7.8  43    0    0 345 -489  3
3823500 2818500  7 20 23  21.9 1002 115  0.6 4  8.0  47    0    0 339 -479  3
3823500 2818500  7 20 24  21.2 1002 117  0.9 5  8.0  49    0    0 342 -472  3
3823500 2818500  7 21  1  21.3 1001 127  1.6 5  8.0  50    0    0 343 -468  3
3823500 2818500  7 21  2  20.0 1001 120  1.1 4  8.1  52    0    0 340 -464  3
3823500 2818500  7 21  3  19.4 1000 126  1.1 3  8.2  57    0    0 334 -460  3
3823500 2818500  7 21  4  19.1  999 150  1.7 4  8.3  59    0    0 331 -454  3
3823500 2818500  7 21  5  18.3  999 111  1.3 4  8.4  62    0    6 332 -446  3
3823500 2818500  7 21  6  18.9  998 117  0.9 4  8.7  64   27   44 331 -441  3
3823500 2818500  7 21  7  21.0  999 100  1.2 2  9.2  62  114   92 332 -441  3
3823500 2818500  7 21  8  23.6  999 141  1.7 2  9.3  54  227  129 336 -449  3
3823500 2818500  7 21  9  25.6  999 155  2.0 3  9.3  48  347  158 347 -463  3
3823500 2818500  7 21 10  27.5  999 161  1.9 4  9.4  42  413  204 360 -480  3
3823500 2818500  7 21 11  29.2  998 162  2.0 4  9.5  38  546  193 371 -499  3
3823500 2818500  7 21 12  30.2  998 202  2.2 5  9.1  34  569  220 381 -514  3
3823500 2818500  7 21 13  31.1  998 221  3.0 5  8.6  31  457  295 390 -527  3
3823500 2818500  7 21 14  30.9  998 255  3.2 3  8.9  31  578  212 391 -535  3
3823500 2818500  7 21 15  30.7  998 222  4.6 5  9.1  32  165  344 392 -536  3
3823500 2818500  7 21 16  28.5  999 241  4.1 8  8.8  33    0  153 398 -533  3
3823500 2818500  7 21 17  27.0  999 274  3.2 7  8.8  37    6  174 394 -525  3
3823500 2818500  7 21 18  25.8 1000 303  3.1 7  9.5  44    1  110 389 -513  3
3823500 2818500  7 21 19  24.6 1000 286  1.4 6 10.1  50    2   70 384 -498  3
3823500 2818500  7 21 20  23.7 1001 257  0.7 6 10.4  54    2   30 378 -482  3
3823500 2818500  7 21 21  22.8 1001 224  1.2 7 10.9  60    0    0 380 -468  3
3823500 2818500  7 21 22  20.0 1001 195  1.2 7 11.7  72    0    0 379 -458  3
3823500 2818500  7 21 23  19.5 1002 169  2.4 7 12.5  85    0    0 376 -452  3
3823500 2818500  7 21 24  19.2 1002 148  0.5 7 12.7  88    0    0 375 -444  3
3823500 2818500  7 22  1  19.4 1002 181  1.4 6 12.7  89    0    0 371 -434  3
3823500 2818500  7 22  2  19.3 1002 167  1.9 6 12.8  90    0    0 368 -427  3
3823500 2818500  7 22  3  19.3 1002 198  2.2 7 12.8  90    0    0 372 -424  3
3823500 2818500  7 22  4  19.3 1001 229  2.7 7 12.5  88    0    0 376 -425  3
3823500 2818500  7 22  5  18.8 1002 229  2.2 8 12.0  85    0    0 379 -423  3
3823500 2818500  7 22  6  18.8 1002 232  1.9 8 11.6  84    0    7 382 -421  3
3823500 2818500  7 22  7  18.5 1002 255  1.9 8 11.4  84    0   32 381 -423  3
3823500 2818500  7 22  8  18.8 1003 258  2.2 6 11.1  82  106  112 371 -432  3
3823500 2818500  7 22  9  19.8 1004 251  1.8 6 10.8  76  190  136 366 -445  3
3823500 2818500  7 22 10  20.5 1004 194  1.7 7 10.0  67   88  231 372 -460  3
3823500 2818500  7 22 11  20.4 1005 186  2.0 7  9.3  61   20  251 375 -476  3
3823500 2818500  7 22 12  20.4 1005 223  1.8 7  9.0  60    0  203 375 -492  3
3823500 2818500  7 22 13  20.5 1005 213  1.5 7  8.7  57    0  153 376 -501  3
3823500 2818500  7 22 14  20.3 1005 228  2.0 7  8.2  54    0  179 376 -502  3
3823500 2818500  7 22 15  19.8 1005 216  1.9 7  8.2  55    9  229 375 -507  3
3823500 2818500  7 22 16  20.7 1005 133  0.4 7  8.2  55   69  220 375 -504  3
3823500 2818500  7 22 17  20.9 1005 151  0.5 6  8.4  54   97  168 373 -492  3
3823500 2818500  7 22 18  20.3 1005 108  0.2 7  8.9  58   34  127 372 -482  3
3823500 2818500  7 22 19  20.6 1005 173  0.1 5  9.1  60  117   46 368 -470  3
3823500 2818500  7 22 20  19.7 1005 139  0.4 7  9.4  63   23   25 367 -459  3
3823500 2818500  7 22 21  17.9 1006 134  0.2 6  9.7  71    0    0 370 -449  3
3823500 2818500  7 22 22  16.6 1006 105  0.1 6  9.8  79    0    0 362 -441  3
3823500 2818500  7 22 23  16.0 1006 131  0.1 5  9.7  83    0    0 356 -437  3
3823500 2818500  7 22 24  14.9 1007  80  0.0 5  9.6  86    0    0 349 -434  3
3823500 2818500  7 23  1  15.2 1007 102  0.1 5  9.5  88    0    0 347 -430  3
3823500 2818500  7 23  2  14.0 1007 160  0.1 4  9.4  90    0    0 341 -426  3
3823500 2818500  7 23  3  13.1 1007 130  0.1 4  9.0  92    0    0 332 -422  3
3823500 2818500  7 23  4  13.4 1007 203  0.1 3  9.1  95    0    0 327 -418  3
3823500 2818500  7 23  5  12.0 1007 182  0.1 2  8.8  96    0    4 315 -413  3
3823500 2818500  7 23  6  12.4 1007 188  0.1 1  8.5  95   15   44 303 -410  3
3823500 2818500  7 23  7  15.6 1007 179  0.1 1  9.5  94   92  101 304 -409  3
3823500 2818500  7 23  8  17.2 1008 237  0.6 1 10.5  89  217  136 312 -411  3
3823500 2818500  7 23  9  19.5 1008 266  0.9 1 10.5  79  360  154 319 -417  3
3823500 2818500  7 23 10  22.1 1008 276  1.5 0  9.7  63  493  164 324 -429  3
3823500 2818500  7 23 11  22.9 1009 283  2.4 1  8.4  49  605  164 328 -444  3
3823500 2818500  7 23 12  23.5 1009 316  2.5 1  7.8  44  649  179 336 -461  3
3823500 2818500  7 23 13  24.0 1009  40  1.7 2  7.7  42  649  192 342 -473  3
3823500 2818500  7 23 14  24.6 1008 292  2.6 2  7.2  38  591  210 347 -481  3
3823500 2818500  7 23 15  25.0 1008 313  2.5 2  6.8  35  429  258 347 -481  3
3823500 2818500  7 23 16  25.1 1007 315  3.3 3  6.8  34  188  292 349 -473  3
3823500 2818500  7 23 17  24.7 1008 305  3.4 4  6.8  34  128  236 353 -469  3
3823500 2818500  7 23 18  23.9 1008 323  3.3 6  7.0  37    6  135 360 -459  3
3823500 2818500  7 23 19  22.7 1008 338  2.1 6  7.9  44    0   68 365 -444  3
3823500 2818500  7 23 20  20.2 1008 325  1.4 6  9.1  56    1   29 360 -429  3
3823500 2818500  7 23 21  19.5 1008 340  0.5 6  9.5  65    0    0 355 -416  3
3823500 2818500  7 23 22  18.5 1009 320  0.3 6  9.6  69    0    0 351 -406  3
3823500 2818500  7 23 23  17.9 1009 317  0.6 6  9.5  72    0    0 344 -399  3
3823500 2818500  7 23 24  16.9 1010 339  1.4 6  9.4  75    0    0 339 -393  3
3823500 2818500  7 24  1  16.7 1010 333  1.6 7  9.4  78    0    0 341 -388  3
3823500 2818500  7 24  2  16.5 1010 330  1.3 7  9.5  80    0    0 343 -383  3
3823500 2818500  7 24  3  15.4 1010 317  1.0 7  9.6  84    0    0 339 -379  3
3823500 2818500  7 24  4  14.6 1010 301  1.2 6  9.4  88    0    0 330 -375  3
3823500 2818500  7 24  5  14.5 1011 327  1.3 6  9.2  89    0    0 322 -371  3
3823500 2818500  7 24  6  14.7 1011 311  1.6 7  9.1  87    0   10 326 -370  3
3823500 2818500  7 24  7  14.9 1011 322  2.1 7  8.9  84    0   42 331 -374  3
3823500 2818500  7 24  8  15.9 1012 309  2.6 7  8.6  78    6  133 332 -385  3
3823500 2818500  7 24  9  16.7 1012 318  3.8 5  7.7  66  177  218 326 -401  3
3823500 2818500  7 24 10  17.6 1012 315  4.5 4  6.6  54  300  242 314 -419  3
3823500 2818500  7 24 11  17.7 1012 298  4.9 4  5.9  47  202  326 311 -437  3
3823500 2818500  7 24 12  18.3 1012 308  4.7 5  5.7  45   58  331 316 -453  3
3823500 2818500  7 24 13  18.4 1012 357  4.5 5  5.9  45   35  322 321 -468  3
3823500 2818500  7 24 14  19.4 1012 326  5.6 5  5.9  43  233  345 325 -478  3
3823500 2818500  7 24 15  19.7 1012 323  4.4 4  5.4  38  379  258 324 -482  3
3823500 2818500  7 24 16  19.6 1012 340  5.1 2  5.1  36  524  116 313 -484  3
3823500 2818500  7 24 17  19.8 1011 305  4.5 2  5.1  36  485   69 306 -480  3
3823500 2818500  7 24 18  18.9 1011 325  4.3 1  5.2  37  338   67 301 -467  3
3823500 2818500  7 24 19  18.3 1011 321  3.3 2  5.4  40  181   66 299 -452  3
3823500 2818500  7 24 20  17.0 1011 337  2.0 2  5.5  44   45   44 299 -437  3
3823500 2818500  7 24 21  15.0 1011 317  0.9 0  5.8  51    0    2 287 -422  3
3823500 2818500  7 24 22  13.7 1011 316  1.0 0  6.0  59    0    0 274 -411  3
3823500 2818500  7 24 23  10.8 1011 296  0.5 0  6.1  68    0    0 266 -402  3
3823500 2818500  7 24 24   9.1 1011 290  0.2 1  6.0  79    0    0 262 -396  3
3823500 2818500  7 25  1   8.0 1011 306  0.4 0  5.8  84    0    0 258 -390  3
3823500 2818500  7 25  2   7.5 1011 218  0.5 1  5.8  88    0    0 256 -385  3
3823500 2818500  7 25  3   7.0 1010 223  0.2 2  5.8  90    0    0 260 -382  3
3823500 2818500  7 25  4   6.3 1010 168  0.5 2  5.7  93    0    0 261 -379  3
3823500 2818500  7 25  5   7.3 1010 173  0.3 3  5.6  91    0    0 265 -376  3
3823500 2818500  7 25  6   9.8 1010 199  0.5 4  5.9  85    0   22 275 -376  3
3823500 2818500  7 25  7  12.3 1009 202  1.0 4  6.6  80   31   99 286 -381  3
3823500 2818500  7 25  8  14.6 1009 201  1.6 5  7.0  72   97  170 298 -392  3
3823500 2818500  7 25  9  16.2 1009 204  1.7 6  7.1  65  124  239 312 -407  3
3823500 2818500  7 25 10  17.4 1008 239  1.8 8  7.0  58   68  294 328 -424  3
3823500 2818500  7 25 11  18.7 1008 235  2.1 6  6.5  50  140  341 334 -441  3
3823500 2818500  7 25 12  19.8 1007 220  2.9 6  6.3  45  305  341 335 -456  3
3823500 2818500  7 25 13  20.4 1007 249  2.1 5  6.4  44  332  342 339 -467  3
3823500 2818500  7 25 14  21.2 1006 255  2.3 4  6.7  44  232  357 338 -475  3
3823500 2818500  7 25 15  21.3 1006 252  2.2 5  7.2  45   93  323 343 -478  3
3823500 2818500  7 25 16  21.4 1006 274  1.4 4  7.5  47  112  285 345 -475  3
3823500 2818500  7 25 17  20.5 1006 257  1.8 5  7.7  49   47  219 344 -471  3
3823500 2818500  7 25 18  19.7 1005 299  2.0 7  8.6  58   27  154 350 -466  3
3823500 2818500  7 25 19  18.8 1005 233  1.9 8  9.7  69    8   82 357 -455  3
3823500 2818500  7 25 20  18.2 1005 260  1.7 8 10.0  74    0   21 358 -441  3
3823500 2818500  7 25 21  17.6 1005 245  0.9 8 10.1  78    0    0 356 -429  3
3823500 2818500  7 25 22  17.1 1005 235  1.3 8 10.2  81    0    0 356 -421  3
3823500 2818500  7 25 23  16.4 1005 246  1.1 7 10.1  84    0    0 352 -418  3
3823500 2818500  7 25 24  16.4 1005 234  1.1 7 10.1  86    0    0 349 -414  3
3823500 2818500  7 26  1  16.5 1005 241  1.3 7 10.3  87    0    0 350 -408  3
3823500 2818500  7 26  2  16.4 1005 228  1.2 7 10.4  88    0    0 352 -405  3
3823500 2818500  7 26  3  16.3 1005 241  1.2 7 10.5  89    0    0 354 -405  3
3823500 2818500  7 26  4  16.3 1004 228  1.3 7 10.5  90    0    0 357 -405  3
3823500 2818500  7 26  5  16.0 1004 224  1.4 6 10.6  91    0    0 355 -405  3
3823500 2818500  7 26  6  16.1 1004 227  1.3 7 10.6  92    0   26 355 -405  3
3823500 2818500  7 26  7  16.6 1004 244  0.8 6 10.7  90    8   92 357 -404  3
3823500 2818500  7 26  8  17.4 1004 253  1.1 8 10.7  87    1  120 364 -405  3
3823500 2818500  7 26  9  17.8 1004 252  1.0 7 10.5  82    1  167 371 -410  3
3823500 2818500  7 26 10  17.5 1003 244  1.4 5 10.4  82    6  238 363 -418  3
3823500 2818500  7 26 11  17.6 1003 241  1.4 6 10.6  83    0  171 362 -424  3
3823500 2818500  7 26 12  16.8 1003 246  2.3 5 10.6  85   26  329 362 -424  3
3823500 2818500  7 26 13  17.1 1003 242  1.8 6 10.5  86   20  322 362 -423  3
3823500 2818500  7 26 14  17.0 1003 333  2.0 7 10.7  87    0  226 370 -427  3
3823500 2818500  7 26 15  17.0 1003 308  1.9 8 11.1  90    0  110 377 -437  3
3823500 2818500  7 26 16  16.9 1003 286  2.0 7 11.1  91    0  136 376 -436  3
3823500 2818500  7 26 17  16.3 1003 302  2.4 5 10.9  91   25  221 361 -432  3
3823500 2818500  7 26 18  16.2 1003 347  1.0 5 10.7  91   47  182 351 -432  3
3823500 2818500  7 26 19  16.5 1003 348  1.1 7 10.5  89    4   81 357 -433  3
3823500 2818500  7 26 20  16.3 1004 349  1.1 6 10.4  88   12   42 359 -431  3
3823500 2818500  7 26 21  15.6 1004 286  0.1 5 10.4  90    0    0 349 -424  3
3823500 2818500  7 26 22  15.5 1005 310  1.1 6 10.3  92    0    0 345 -415  3
3823500 2818500  7 26 23  15.3 1005 305  0.6 6 10.3  94    0    0 347 -408  3
3823500 2818500  7 26 24  15.0 1005 309  0.2 4 10.3  95    0    0 337 -401  3
3823500 2818500  7 27  1  14.4 1006 281  0.4 7 10.0  95    0    0 338 -393  3
3823500 2818500  7 27  2  14.6 1006 315  0.3 7 10.0  96    0    0 350 -387  3
3823500 2818500  7 27  3  14.7 1006 299  0.8 7 10.1  96    0    0 352 -383  3
3823500 2818500  7 27  4  14.4 1006 310  1.3 8 10.0  96    0    0 356 -380  3
3823500 2818500  7 27  5  14.2 1006 317  0.5 7  9.9  96    0    0 353 -378  3
3823500 2818500  7 27  6  14.3 1007 260  0.7 8  9.9  97    0   11 352 -378  3
3823500 2818500  7 27  7  14.3 1007 268  0.9 6  9.9  96    1   70 347 -383  3
3823500 2818500  7 27  8  14.4 1008 268  1.1 5 10.0  97    7  142 334 -394  3
3823500 2818500  7 27  9  15.5 1008 306  0.5 7 10.4  97   30  227 342 -410  3
3823500 2818500  7 27 10  16.7 1009 266  0.7 6 10.6  92  133  302 351 -426  3
3823500 2818500  7 27 11  18.7 1009 206  0.4 4 10.3  81  138  344 345 -441  3
3823500 2818500  7 27 12  20.6 1009 255  0.8 3 10.0  69  201  371 341 -456  3
3823500 2818500  7 27 13  20.4 1009 281  0.7 3  9.9  65  297  359 341 -470  3
3823500 2818500  7 27 14  20.7 1009 230  1.4 6  9.7  64  141  368 355 -474  3
3823500 2818500  7 27 15  21.6 1008 277  0.9 6  9.4  60   72  320 370 -464  3
3823500 2818500  7 27 16  21.9 1008 269  1.8 5  9.2  56  215  280 369 -454  3
3823500 2818500  7 27 17  22.3 1009 264  1.0 6  9.0  54   92  232 370 -450  3
3823500 2818500  7 27 18  22.1 1009 252  2.1 5  8.8  52  129  158 371 -442  3
3823500 2818500  7 27 19  20.8 1008 271  2.1 5  9.0  56   76   96 367 -437  3
3823500 2818500  7 27 20  19.8 1008 271  0.9 6  9.4  63    2   31 370 -434  3
3823500 2818500  7 27 21  18.4 1008 238  1.0 8  9.8  71    0    0 379 -429  3
3823500 2818500  7 27 22  17.2 1008 206  0.4 8 10.1  78    0    0 383 -425  3
3823500 2818500  7 27 23  16.6 1008 194  0.1 8 10.1  83    0    0 380 -423  3
3823500 2818500  7 27 24  16.5 1008 183  1.5 7 10.1  85    0    0 376 -422  3
3823500 2818500  7 28  1  17.3 1008 194  1.4 8 10.1  84    0    0 378 -421  3
3823500 2818500  7 28  2  17.2 1008 180  1.0 8 10.2  82    0    0 386 -418  3
3823500 2818500  7 28  3  17.1 1007 181  1.7 8 10.4  84    0    0 387 -415  3
3823500 2818500  7 28  4  16.8 1006 182  1.6 8 10.6  87    0    0 389 -413  3
3823500 2818500  7 28  5  16.5 1006 184  1.6 8 11.0  91    0    0 390 -412  3
3823500 2818500  7 28  6  16.8 1005 204  1.5 8 11.3  94    0   11 391 -411  3
3823500 2818500  7 28  7  16.5 1005 265  1.4 8 11.4  95    0   33 392 -412  3
3823500 2818500  7 28  8  16.5 1005 310  0.6 6 11.3  95    5  135 380 -413  3
3823500 2818500  7 28  9  16.7 1005 290  1.8 7 11.3  94    0  163 374 -414  3
3823500 2818500  7 28 10  17.7 1006 296  2.2 6 11.0  89   69  309 376 -416  3
3823500 2818500  7 28 11  19.1 1006 307  2.1 6 10.7  80  150  368 372 -421  3
3823500 2818500  7 28 12  20.1 1006 307  2.1 6 10.6  74  150  396 378 -424  3
3823500 2818500  7 28 13  21.5 1006 282  2.1 6 10.2  66   79  378 383 -425  3
3823500 2818500  7 28 14  21.9 1006 288  3.3 4  9.8  60  327  367 379 -425  3
3823500 2818500  7 28 15  22.9 1006 299  4.8 3  8.9  52  352  319 372 -425  3
3823500 2818500  7 28 16  22.3 1005 281  3.6 3  8.4  48  324  269 368 -429  3
3823500 2818500  7 28 17  22.7 1005 260  4.6 2  8.4  49  312  195 361 -434  3
3823500 2818500  7 28 18  21.9 1005 296  2.8 3  8.2  48  185  159 356 -429  3
3823500 2818500  7 28 19  21.0 1005 327  1.4 4  8.1  50   89  105 356 -421  3
3823500 2818500  7 28 20  19.6 1003 314  1.0 6  8.5  56   15   40 362 -415  3
3823500 2818500  7 28 21  17.6 1004 323  0.6 5  9.2  68    0    0 361 -410  3
3823500 2818500  7 28 22  16.7 1004 302  0.0 6  9.7  78    0    0 356 -405  3
3823500 2818500  7 28 23  15.9 1004 304  0.2 7  9.9  84    0    0 361 -403  3
3823500 2818500  7 28 24  15.9 1004 309  1.0 7  9.9  87    0    0 363 -401  3
3823500 2818500  7 29  1  14.8 1004 306  0.0 6  9.9  90    0    0 356 -401  3
3823500 2818500  7 29  2  14.5 1003 298  0.5 6  9.8  92    0    0 349 -399  3
3823500 2818500  7 29  3  13.6 1003 272  0.1 6  9.4  93    0    0 348 -397  3
3823500 2818500  7 29  4  14.0 1003 273  0.2 7  9.5  95    0    0 353 -397  3
3823500 2818500  7 29  5  13.9 1002 277  0.4 7  9.6  96    0    0 360 -397  3
3823500 2818500  7 29  6  14.0 1002 258  0.7 8  9.6  95    0    8 364 -399  3
3823500 2818500  7 29  7  14.2 1002 270  1.2 8  9.6  94    0   28 368 -402  3
3823500 2818500  7 29  8  14.8 1002 291  1.4 7  9.7  93    0   75 363 -404  3
3823500 2818500  7 29  9  15.6 1002 284  2.0 8  9.8  90    7  190 364 -406  3
3823500 2818500  7 29 10  16.8 1002 305  2.2 6  9.6  82  123  292 361 -415  3
3823500 2818500  7 29 11  16.9 1002 285  1.6 5  9.3  76  158  332 351 -427  3
3823500 2818500  7 29 12  17.0 1002 290  2.4 6  9.3  76   20  294 353 -438  3
3823500 2818500  7 29 13  16.7 1002 285  2.1 6  9.4  77   24  309 357 -443  3
3823500 2818500  7 29 14  17.3 1002 287  3.0 5  9.4  77   41  318 353 -441  3
3823500 2818500  7 29 15  17.4 1002 301  2.6 7  9.4  75    9  248 356 -444  3
3823500 2818500  7 29 16  16.9 1002 268  2.5 6  9.6  78    5  205 358 -445  3
3823500 2818500  7 29 17  16.2 1002 271  2.4 6  9.6  81   27  206 353 -434  3
3823500 2818500  7 29 18  15.6 1002 278  1.5 6  9.4  82    4  122 351 -427  3
3823500 2818500  7 29 19  14.9 1002 252  1.2 8  9.5  87   13   88 357 -422  3
3823500 2818500  7 29 20  14.5 1003 234  0.9 7  9.6  90    2   27 359 -416  3
3823500 2818500  7 29 21  14.4 1003 248  1.5 6  9.5  91    0    0 350 -413  3
3823500 2818500  7 29 22  14.5 1003 260  2.1 7  9.4  91    0    0 350 -410  3
3823500 2818500  7 29 23  14.4 1003 276  0.3 7  9.5  92    0    0 354 -408  3
3823500 2818500  7 29 24  14.4 1003 263  0.9 7  9.5  92    0    0 354 -406  3
3823500 2818500  7 30  1  14.2 1003 261  1.0 7  9.5  92    0    0 354 -404  3
3823500 2818500  7 30  2  13.9 1003 252  1.3 7  9.4  93    0    0 353 -402  3
3823500 2818500  7 30  3  14.0 1003 252  1.3 7  9.4  93    0    0 353 -397  3
3823500 2818500  7 30  4  14.0 1003 236  0.9 7  9.4  93    0    0 354 -394  3
3823500 2818500  7 30  5  14.0 1004 244  0.7 7  9.4  93    0    0 353 -393  3
3823500 2818500  7 30  6  14.1 1004 240  1.5 7  9.4  93    0   25 353 -394  3
3823500 2818500  7 30  7  14.9 1004 247  1.3 6  9.5  91   19   91 350 -397  3
3823500 2818500  7 30  8  15.8 1005 252  1.8 5  9.5  86   99  160 344 -402  3
3823500 2818500  7 30  9  16.7 1005 264  2.1 4  9.3  80  169  214 339 -407  3
3823500 2818500  7 30 10  17.8 1005 261  2.4 4  8.8  71  196  271 338 -411  3
3823500 2818500  7 30 11  18.3 1005 257  3.4 3  8.4  64  251  303 337 -414  3
3823500 2818500  7 30 12  19.5 1005 248  3.4 3  8.1  59  179  348 336 -425  3
3823500 2818500  7 30 13  20.4 1005 264  3.5 4  8.0  55  101  349 346 -433  3
3823500 2818500  7 30 14  20.1 1005 248  3.5 3  7.9  53  205  342 348 -437  3
3823500 2818500  7 30 15  21.6 1006 298  4.2 3  7.8  50  350  261 346 -448  3
3823500 2818500  7 30 16  21.2 1006 315  4.2 3  7.5  47  399  177 345 -458  3
3823500 2818500  7 30 17  21.9 1006 297  3.5 1  7.2  44  449   92 335 -463  3
3823500 2818500  7 30 18  21.7 1007 283  2.6 1  7.2  44  322   64 325 -461  3
3823500 2818500  7 30 19  21.4 1006 319  2.0 1  7.3  45  155   64 322 -452  3
3823500 2818500  7 30 20  19.1 1006  23  0.3 1  7.9  53   29   36 316 -439  3
3823500 2818500  7 30 21  16.1 1006 202  0.3 1  8.5  67    0    0 307 -426  3
3823500 2818500  7 30 22  14.5 1006 265  0.3 1  8.5  78    0    0 300 -416  3
3823500 2818500  7 30 23  13.6 1006   9  0.7 0  8.4  83    0    0 292 -409  3
3823500 2818500  7 30 24  14.7 1006 131  1.3 0  8.2  80    0    0 289 -403  3
3823500 2818500  7 31  1  15.2 1006 153  1.9 1  8.1  75    0    0 295 -399  3
3823500 2818500  7 31  2  15.7 1006 158  1.6 2  8.1  73    0    0 302 -396  3
3823500 2818500  7 31  3  14.9 1006 166  2.1 5  8.2  75    0    0 315 -396  3
3823500 2818500  7 31  4  15.1 1005 163  1.8 7  8.2  77    0    0 332 -397  3
3823500 2818500  7 31  5  15.3 1005 168  1.6 7  8.3  76    0    0 342 -396  3
3823500 2818500  7 31  6  15.6 1005 164  1.7 7  8.4  76    0   28 345 -397  3
3823500 2818500  7 31  7  16.6 1005 186  1.9 7  8.5  73    0   60 348 -400  3
3823500 2818500  7 31  8  17.8 1005 207  2.1 7  8.6  70    3  131 353 -406  3
3823500 2818500  7 31  9  19.0 1005 211  3.2 7  8.6  64    7  192 358 -417  3
3823500 2818500  7 31 10  19.6 1005 205  3.2 6  8.6  61   27  276 360 -432  3
3823500 2818500  7 31 11  20.1 1005 187  3.4 7  8.7  59   24  297 364 -444  3
3823500 2818500  7 31 12  20.0 1005 187  3.9 7  8.7  59    0  215 371 -449  3
3823500 2818500  7 31 13  22.2 1005 199  4.2 6  8.9  56   48  353 373 -453  3
3823500 2818500  7 31 14  22.7 1006 196  3.4 6  8.9  52  140  386 376 -462  3
3823500 2818500  7 31 15  23.8 1005 214  4.3 7  8.9  49  138  354 383 -475  3
3823500 2818500  7 31 16  23.6 1005 219  3.3 8  8.7  47   39  269 391 -477  3
3823500 2818500  7 31 17  23.6 1005 214  3.0 7  8.5  46   22  208 389 -474  3
3823500 2818500  7 31 18  22.4 1005 198  2.1 8  8.6  49   12  146 388 -472  3
3823500 2818500  7 31 19  21.3 1005 259  2.7 6  9.4  57    2   73 381 -465  3
3823500 2818500  7 31 20  20.4 1005 188  0.8 6 10.3  66   19   41 371 -454  3
3823500 2818500  7 31 21  20.1 1004 191  1.1 6 10.7  71    0    0 370 -442  3
3823500 2818500  7 31 22  19.3 1004 187  0.7 7 10.8  74    0    0 372 -435  3
3823500 2818500  7 31 23  19.0 1004 182  1.5 7 10.8  77    0    0 376 -430  3
3823500 2818500  7 31 24  18.2 1004 176  1.5 7 10.9  80    0    0 373 -427  3
3823500 2818500  8  1  1  18.1 1004 181  1.4 8 10.9  83    0    0 377 -425  3
3823500 2818500  8  1  2  18.0 1004 176  1.4 8 10.8  82    0    0 378 -424  3
3823500 2818500  8  1  3  17.3 1004 157  1.0 7 10.7  83    0    0 371 -423  3
3823500 2818500  8  1  4  17.3 1003 200  0.9 6 10.6  85    0    0 361 -422  3
3823500 2818500  8  1  5  17.1 1003 198  1.4 7 10.6  85    0    0 361 -420  3
3823500 2818500  8  1  6  17.4 1003 215  1.4 6 10.6  85    1   24 359 -419  3
3823500 2818500  8  1  7  18.3 1004 207  1.8 7 10.8  83   20   85 359 -420  3
3823500 2818500  8  1  8  18.9 1004 212  2.1 6 10.9  80   33  158 359 -422  3
3823500 2818500  8  1  9  20.1 1004 243  2.4 6 11.0  76   59  232 358 -427  3
3823500 2818500  8  1 10  20.3 1004 243  2.8 6 11.0  73  104  299 361 -434  3
3823500 2818500  8  1 11  21.4 1005 236  2.5 8 10.9  70   31  298 372 -444  3
3823500 2818500  8  1 12  22.2 1005 250  2.7 8 10.9  66    7  262 385 -457  3
3823500 2818500  8  1 13  22.5 1005 262  2.6 6 10.8  63   51  342 382 -468  3
3823500 2818500  8  1 14  22.7 1005 267  2.7 4 10.7  62  223  361 374 -483  3
3823500 2818500  8  1 15  23.3 1005 273  3.3 5 10.7  60  195  332 374 -483  3
3823500 2818500  8  1 16  23.2 1005 290  2.6 5 10.7  59  135  286 378 -472  3
3823500 2818500  8  1 17  23.2 1005 263  1.7 7 10.7  60   62  220 383 -467  3
3823500 2818500  8  1 18  22.6 1004 323  3.6 7 10.6  60   11  131 386 -464  3
3823500 2818500  8  1 19  21.9 1005 290  1.3 8 10.5  62    7   72 385 -455  3
3823500 2818500  8  1 20  20.8 1005 299  0.7 8 10.4  65    1   19 384 -444  3
3823500 2818500  8  1 21  20.2 1004 266  0.9 8 10.5  69    0    0 382 -438  3
3823500 2818500  8  1 22  18.9 1005 277  1.8 8 10.3  72    0    0 378 -433  3
3823500 2818500  8  1 23  17.8 1005 283  1.5 7 10.0  75    0    0 372 -429  3
3823500 2818500  8  1 24  17.5 1005 248  1.2 7  9.9  78    0    0 367 -426  3
3823500 2818500  8  2  1  16.2 1006 275  1.1 6  9.9  81    0    0 362 -424  3
3823500 2818500  8  2  2  15.1 1005 233  1.0 4  9.5  85    0    0 349 -421  3
3823500 2818500  8  2  3  14.6 1006 234  1.1 2  9.4  88    0    0 334 -416  3
3823500 2818500  8  2  4  14.1 1006 241  0.9 3  9.3  90    0    0 327 -410  3
3823500 2818500  8  2  5  13.8 1006 245  0.4 5  9.3  92    0    0 335 -407  3
3823500 2818500  8  2  6  14.8 1006 229  0.7 7  9.5  93    0   20 351 -406  3
3823500 2818500  8  2  7  15.4 1006 221  0.8 7 10.0  92    0   37 361 -408  3
3823500 2818500  8  2  8  16.2 1006 229  0.8 7 10.3  91    0   73 365 -417  3
3823500 2818500  8  2  9  16.5 1006 243  1.4 8 10.5  89    0  118 372 -429  3
3823500 2818500  8  2 10  16.9 1007 228  1.7 7 10.4  87    0  115 374 -443  3
3823500 2818500  8  2 11  16.3 1007 219  2.3 8 10.3  87    0  105 376 -456  3
3823500 2818500  8  2 12  16.9 1007 227  1.4 8 10.2  86    0  116 380 -466  3
3823500 2818500  8  2 13  17.4 1007 199  1.1 8 10.2  82    0  136 385 -474  3
3823500 2818500  8  2 14  18.0 1006 242  1.2 8 10.2  80    0  193 389 -476  3
3823500 2818500  8  2 15  18.5 1006 232  1.2 7 10.2  77   34  297 387 -472  3
3823500 2818500  8  2 16  18.4 1006 187  0.9 7 10.2  76   24  243 382 -469  3
3823500 2818500  8  2 17  17.6 1006 301  1.4 5 10.2  78   79  230 373 -464  3
3823500 2818500  8  2 18  16.6 1006 327  1.4 4 10.1  82  158  148 358 -455  3
3823500 2818500  8  2 19  16.4 1006 315  1.3 8 10.2  86   69   91 365 -448  3
3823500 2818500  8  2 20  15.7 1006 298  0.8 7 10.2  89   11   25 376 -439  3
3823500 2818500  8  2 21  15.2 1006 282  0.5 8 10.2  91    0    0 374 -431  3
3823500 2818500  8  2 22  14.9 1006 271  0.4 8 10.1  93    0    0 374 -425  3
3823500 2818500  8  2 23  14.9 1006 222  0.3 7 10.1  93    0    0 370 -418  3
3823500 2818500  8  2 24  15.0 1006 168  0.3 6 10.2  93    0    0 365 -413  3
3823500 2818500  8  3  1  15.2 1009 104  0.4 5 10.2  92    0    0 336 -393  3
3823500 2818500  8  3  2  15.3 1009  53  0.4 4 10.2  92    0    0 327 -390  3
3823500 2818500  8  3  3  15.3 1009  18  0.4 4 10.2  92    0    0 329 -388  3
3823500 2818500  8  3  4  15.2 1009  24  0.5 5 10.1  93    0    0 328 -386  3
3823500 2818500  8  3  5  15.4 1009  25  0.7 6 10.4  93    0    0 342 -384  3
3823500 2818500  8  3  6  15.5 1009  35  0.6 6 10.5  96    0    3 353 -385  3
3823500 2818500  8  3  7  15.9 1009  27  1.4 7 10.7  96    0   33 354 -391  3
3823500 2818500  8  3  8  16.3 1009  31  2.1 8 10.8  94    0   54 365 -400  3
3823500 2818500  8  3  9  17.0 1009  16  2.0 8 10.8  91    0   73 371 -412  3
3823500 2818500  8  3 10  17.6 1009  25  2.1 8 10.9  88    0  138 373 -425  3
3823500 2818500  8  3 11  17.8 1010  42  2.2 8 10.9  86    0  181 373 -440  3
3823500 2818500  8  3 12  17.9 1010 317  1.9 7 10.8  84   15  288 367 -454  3
3823500 2818500  8  3 13  19.3 1010  31  3.4 6 11.2  83  138  368 361 -466  3
3823500 2818500  8  3 14  20.2 1009 307  0.0 6 11.3  78  180  356 362 -475  3
3823500 2818500  8  3 15  21.8 1009  35  1.0 6 11.2  72  214  319 366 -481  3
3823500 2818500  8  3 16  22.1 1010 352  1.6 5 11.2  67  171  273 365 -478  3
3823500 2818500  8  3 17  21.7 1009  18  1.4 6 10.9  66  112  221 364 -467  3
3823500 2818500  8  3 18  21.8 1009 344  1.8 6 10.8  66   32  149 365 -458  3
3823500 2818500  8  3 19  20.5 1009 333  2.0 8 10.5  66    3   68 367 -449  3
3823500 2818500  8  3 20  19.9 1009 355  0.2 8 10.4  70    1   17 370 -438  3
3823500 2818500  8  3 21  18.9 1009   7  0.1 8 10.4  73    0    0 369 -427  3
3823500 2818500  8  3 22  18.1 1009  27  0.3 8 10.5  78    0    0 366 -419  3
3823500 2818500  8  3 23  17.7 1009  35  0.1 8 10.9  84    0    0 365 -414  3
3823500 2818500  8  3 24  17.3 1010  30  0.6 8 10.9  86    0    0 364 -408  3
3823500 2818500  8  4  1  16.9 1010  10  0.3 8 10.8  88    0    0 365 -404  3
3823500 2818500  8  4  2  16.3 1010  20  1.0 8 10.7  90    0    0 365 -401  3
3823500 2818500  8  4  3  15.8 1010  12  0.9 8 10.5  91    0    0 365 -397  3
3823500 2818500  8  4  4  15.3 1010   6  0.4 7 10.2  91    0    0 360 -394  3
3823500 2818500  8  4  5  15.4 1009   5  0.2 7  9.9  90    0    0 357 -390  3
3823500 2818500  8  4  6  15.3 1010   8  0.1 7  9.9  90    0   18 357 -387  3
3823500 2818500  8  4  7  15.8 1010   4  0.1 8 10.1  90    0   58 360 -388  3
3823500 2818500  8  4  8  17.2 1010  29  1.9 7 10.0  85   12  165 361 -396  3
3823500 2818500  8  4  9  18.8 1010  27  2.3 4  9.9  76   82  295 348 -409  3
3823500 2818500  8  4 10  19.8 1010  21  2.2 4 10.0  71  121  375 342 -424  3
3823500 2818500  8  4 11  20.4 1011  25  2.7 4 10.2  69  214  435 346 -438  3
3823500 2818500  8  4 12  21.0 1011  20  2.9 3 10.3  67  255  468 345 -450  3
3823500 2818500  8  4 13  22.5 1011  37  2.4 4 10.1  62  129  473 349 -461  3
3823500 2818500  8  4 14  22.1 1011  22  1.0 6 10.1  60   31  354 361 -469  3
3823500 2818500  8  4 15  22.2 1011   3  3.3 7 10.1  60   17  296 368 -477  3
3823500 2818500  8  4 16  22.2 1010 301  1.1 5 10.1  60   76  344 363 -475  3
3823500 2818500  8  4 17  22.3 1010  15  3.2 4 10.2  60  126  291 354 -466  3
3823500 2818500  8  4 18  22.2 1010   9  2.6 3  9.7  57   96  201 347 -455  3
3823500 2818500  8  4 19  21.5 1010  12  1.9 2  9.4  57   50  115 338 -442  3
3823500 2818500  8  4 20  19.7 1011  23  1.2 2  9.3  61    9   35 331 -431  3
3823500 2818500  8  4 21  17.7 1011   7  1.4 1  8.9  66    0    0 320 -421  3
3823500 2818500  8  4 22  15.9 1011  20  0.5 1  8.6  72    0    0 309 -413  3
3823500 2818500  8  4 23  14.5 1012  37  1.1 1  8.4  77    0    0 303 -406  3
3823500 2818500  8  4 24  13.2 1012  38  1.2 0  8.1  82    0    0 295 -400  3
3823500 2818500  8  5  1  12.9 1012  41  1.8 0  7.9  84    0    0 289 -395  3
3823500 2818500  8  5  2  12.2 1012  21  1.1 0  7.7  85    0    0 287 -390  3
3823500 2818500  8  5  3  11.0 1012   9  0.6 0  7.4  87    0    0 281 -386  3
3823500 2818500  8  5  4  11.1 1012  15  0.7 0  7.5  91    0    0 279 -383  3
3823500 2818500  8  5  5  10.3 1012  16  0.8 2  7.4  92    0    0 285 -381  3
3823500 2818500  8  5  6  11.3 1012  37  1.0 3  7.5  93    0   17 295 -379  3
3823500 2818500  8  5  7  13.8 1012  41  0.8 4  8.4  93   10   85 308 -382  3
3823500 2818500  8  5  8  16.3 1012  64  1.4 5  9.0  84   43  168 324 -392  3
3823500 2818500  8  5  9  17.8 1012  65  2.5 6  8.9  73   67  243 338 -407  3
3823500 2818500  8  5 10  19.8 1012  63  3.3 5  9.1  67  193  291 344 -424  3
3823500 2818500  8  5 11  20.9 1011  65  3.4 5  9.3  62  356  285 347 -441  3
3823500 2818500  8  5 12  22.1 1011  90  3.5 4  9.4  59  540  222 349 -457  3
3823500 2818500  8  5 13  23.3 1011  90  2.7 4  9.4  54  655  167 350 -470  3
3823500 2818500  8  5 14  23.9 1011  70  3.2 4  9.4  51  566  205 354 -479  3
3823500 2818500  8  5 15  24.7 1011  88  2.6 4  9.0  47  493  203 358 -482  3
3823500 2818500  8  5 16  25.3 1011  69  3.0 4  8.5  43  447  160 360 -476  3
3823500 2818500  8  5 17  25.3 1011  96  2.2 3  8.4  42  336  138 358 -469  3
3823500 2818500  8  5 18  25.2 1010  72  2.7 4  8.6  42  162  132 359 -465  3
3823500 2818500  8  5 19  24.4 1010  75  2.2 3  8.7  44   81   78 358 -455  3
3823500 2818500  8  5 20  22.2 1010  66  1.1 2  8.6  48   13   27 344 -444  3
3823500 2818500  8  5 21  20.0 1009  54  0.5 2  8.5  54    0    0 332 -433  3
3823500 2818500  8  5 22  18.5 1009  50  0.4 1  8.6  61    0    0 321 -425  3
3823500 2818500  8  5 23  17.3 1010  42  0.2 1  8.9  69    0    0 314 -418  3
3823500 2818500  8  5 24  17.3 1010  64  0.6 1  9.0  73    0    0 313 -412  3
3823500 2818500  8  6  1  16.9 1010  70  0.6 1  9.1  75    0    0 312 -408  3
3823500 2818500  8  6  2  16.5 1010  71  0.3 0  9.1  76    0    0 306 -404  3
3823500 2818500  8  6  3  16.1 1009  71  0.1 0  9.0  77    0    0 300 -400  3
3823500 2818500  8  6  4  15.3 1009  76  0.6 0  8.9  80    0    0 296 -396  3
3823500 2818500  8  6  5  14.9 1009  72  0.1 0  8.8  81    0    0 294 -393  3
3823500 2818500  8  6  6  14.5 1009  52  0.0 0  8.8  84    2   18 293 -390  3
3823500 2818500  8  6  7  16.5 1009  73  0.1 0  9.1  83   55   82 295 -391  3
3823500 2818500  8  6  8  19.0 1009  75  0.5 0  9.6  75  190  113 301 -399  3
3823500 2818500  8  6  9  21.2 1009  76  1.9 0 10.0  68  338  125 309 -413  3
3823500 2818500  8  6 10  22.9 1009  71  3.0 0 10.3  62  475  129 317 -431  3
3823500 2818500  8  6 11  24.0 1010  95  3.5 0 10.3  56  598  121 324 -448  3
3823500 2818500  8  6 12  24.4 1010  95  4.3 1  9.6  51  613  154 333 -462  3
3823500 2818500  8  6 13  25.4 1009  95  4.0 1  9.0  46  560  203 341 -473  3
3823500 2818500  8  6 14  25.5 1009  85  3.3 2  9.0  44  626  145 349 -479  3
3823500 2818500  8  6 15  25.2 1009  67  4.4 2  9.0  44  630   96 352 -481  3
3823500 2818500  8  6 16  25.7 1009  94  2.8 2  8.9  44  552   83 352 -481  3
3823500 2818500  8  6 17  25.6 1008 111  1.8 2  8.9  43  410   87 353 -477  3
3823500 2818500  8  6 18  25.0 1008  93  2.9 1  9.0  44  259   82 349 -471  3
3823500 2818500  8  6 19  24.4 1008  93  1.6 1  9.1  46  111   67 343 -461  3
3823500 2818500  8  6 20  22.2 1008  77  0.9 0  9.1  51   16   27 337 -451  3
3823500 2818500  8  6 21  20.9 1007  80  0.2 0  9.2  57    0    0 327 -441  3
3823500 2818500  8  6 22  18.6 1008  80  0.1 0  9.2  63    0    0 321 -434  3
3823500 2818500  8  6 23  18.0 1009  78  0.4 0  9.1  69    0    0 316 -427  3
3823500 2818500  8  6 24  17.6 1009  68  0.8 0  9.2  72    0    0 315 -421  3
3823500 2818500  8  7  1  17.3 1009  77  0.7 0  9.4  75    0    0 313 -416  3
3823500 2818500  8  7  2  16.9 1009  64  1.1 0  9.6  78    0    0 312 -413  3
3823500 2818500  8  7  3  16.6 1009  71  0.6 0  9.8  82    0    0 310 -408  3
3823500 2818500  8  7  4  16.6 1009  70  1.1 0 10.0  84    0    0 310 -404  3
3823500 2818500  8  7  5  16.2 1009  70  0.3 1 10.1  86    0    0 313 -400  3
3823500 2818500  8  7  6  16.3 1009  68  0.6 0 10.1  87    1   17 312 -397  3
3823500 2818500  8  7  7  17.8 1010  81  0.7 0 10.5  86   50   80 309 -397  3
3823500 2818500  8  7  8  19.6 1010  77  2.3 0 10.8  80  198  102 313 -404  3
3823500 2818500  8  7  9  21.3 1010  73  2.0 0 11.0  72  360  103 319 -417  3
3823500 2818500  8  7 10  23.1 1010  92  2.4 0 11.1  66  503  100 326 -433  3
3823500 2818500  8  7 11  24.0 1011  88  2.8 0 11.1  60  581  117 333 -449  3
3823500 2818500  8  7 12  25.1 1010  92  3.5 1 10.8  56  527  199 341 -465  3
3823500 2818500  8  7 13  25.5 1010  87  4.2 2 10.5  52  454  254 352 -478  3
3823500 2818500  8  7 14  26.3 1010  78  3.7 3 10.2  49  419  258 360 -487  3
3823500 2818500  8  7 15  26.5 1009 108  3.4 2 10.0  46  419  216 363 -491  3
3823500 2818500  8  7 16  26.7 1009  73  3.0 1  9.5  43  485  107 357 -491  3
3823500 2818500  8  7 17  26.4 1009  75  3.3 1  9.1  42  356  101 353 -488  3
3823500 2818500  8  7 18  26.0 1009  93  2.9 0  8.7  41  249   75 347 -480  3
3823500 2818500  8  7 19  25.4 1008  86  1.3 1  8.4  40  109   62 344 -470  3
3823500 2818500  8  7 20  23.3 1009  69  0.3 0  8.4  44   16   24 341 -458  3
3823500 2818500  8  7 21  21.5 1009  67  0.1 1  8.4  49    0    0 334 -447  3
3823500 2818500  8  7 22  20.1 1008  63  0.1 2  8.5  55    0    0 336 -439  3
3823500 2818500  8  7 23  19.7 1009  60  0.1 2  8.7  60    0    0 337 -433  3
3823500 2818500  8  7 24  18.7 1009  67  0.2 2  8.8  63    0    0 335 -429  3
3823500 2818500  8  8  1  18.4 1009  91  0.2 2  8.9  66    0    0 333 -423  3
3823500 2818500  8  8  2  17.4 1009  72  0.3 1  9.1  71    0    0 328 -419  3
3823500 2818500  8  8  3  16.1 1009  78  0.1 1  9.0  76    0    0 321 -414  3
3823500 2818500  8  8  4  15.1 1009  90  0.1 1  9.0  81    0    0 318 -411  3
3823500 2818500  8  8  5  14.6 1009  61  0.1 0  9.0  85    0    0 313 -410  3
3823500 2818500  8  8  6  14.8 1009  93  0.1 0  9.1  87    0   16 310 -409  3
3823500 2818500  8  8  7  17.0 1010  74  0.2 0  9.8  86   47   80 315 -410  3
3823500 2818500  8  8  8  19.4 1010  72  0.3 0 10.5  80  184  110 321 -417  3
3823500 2818500  8  8  9  21.5 1010  77  0.9 0 10.7  71  347  114 330 -430  3
3823500 2818500  8  8 10  23.7 1011  80  0.8 0 11.0  64  480  119 339 -447  3
3823500 2818500  8  8 11  25.3 1011  60  1.3 0 11.1  57  611  106 348 -465  3
3823500 2818500  8  8 12  26.1 1011  65  2.1 0 10.6  51  684  101 354 -480  3
3823500 2818500  8  8 13  27.0 1011 104  1.7 1 10.0  46  668  124 361 -491  3
3823500 2818500  8  8 14  27.5 1011  86  1.4 1  9.9  44  651  119 369 -498  3
3823500 2818500  8  8 15  27.9 1010 120  1.3 1  9.5  41  431  214 369 -502  3
3823500 2818500  8  8 16  28.4 1010  83  2.4 2  9.2  38  302  218 373 -502  3
3823500 2818500  8  8 17  27.7 1010  97  1.2 1  9.5  40  297  138 372 -498  3
3823500 2818500  8  8 18  26.5 1010  74  1.1 1  9.7  43  220   89 364 -490  3
3823500 2818500  8  8 19  26.8 1010  83  0.7 2  9.9  45   91   65 364 -479  3
3823500 2818500  8  8 20  23.9 1010  75  0.1 2 10.0  49   15   24 364 -467  3
3823500 2818500  8  8 21  22.8 1010  88  0.1 2  9.9  55    0    0 357 -457  3
3823500 2818500  8  8 22  20.7 1010  78  0.1 1 10.0  61    0    0 349 -448  3
3823500 2818500  8  8 23  18.8 1010  66  0.1 1  9.9  68    0    0 339 -442  3
3823500 2818500  8  8 24  16.8 1010   6  0.0 1  9.7  75    0    0 332 -437  3
3823500 2818500  8  9  1  16.1 1010  58  0.1 0  9.5  81    0    0 324 -432  3
3823500 2818500  8  9  2  15.5 1010  21  0.1 1  9.5  84    0    0 323 -428  3
3823500 2818500  8  9  3  14.8 1011   9  0.1 0  9.5  88    0    0 321 -426  3
3823500 2818500  8  9  4  14.3 1011  41  0.1 0  9.5  91    0    0 315 -423  3
3823500 2818500  8  9  5  14.0 1011  76  0.1 0  9.5  93    0    0 313 -420  3
3823500 2818500  8  9  6  14.3 1011 117  0.1 0  9.4  92    0   14 310 -417  3
3823500 2818500  8  9  7  17.1 1011 102  0.1 0 10.4  93   30   85 315 -418  3
3823500 2818500  8  9  8  20.7 1011  35  0.1 0 11.5  84  134  141 325 -425  3
3823500 2818500  8  9  9  22.9 1012 136  0.2 0 11.3  69  251  181 334 -437  3
3823500 2818500  8  9 10  25.2 1013 138  1.0 0 11.1  59  361  210 343 -454  3
3823500 2818500  8  9 11  26.4 1013 124  2.2 0 10.8  52  461  223 351 -472  3
3823500 2818500  8  9 12  27.3 1012 147  2.2 0 10.1  46  522  231 357 -488  3
3823500 2818500  8  9 13  28.5 1012 148  1.9 1  9.6  41  554  226 365 -502  3
3823500 2818500  8  9 14  29.0 1012 155  0.1 1  8.8  36  483  253 373 -513  3
3823500 2818500  8  9 15  29.5 1012 200  0.9 2  8.4  33  402  254 378 -517  3
3823500 2818500  8  9 16  29.5 1012 162  0.4 2  8.6  33  340  219 381 -503  3
3823500 2818500  8  9 17  29.2 1011 119  1.3 1  8.4  33  291  158 375 -496  3
3823500 2818500  8  9 18  29.2 1011 163  0.3 1  8.1  32  187  118 368 -497  3
3823500 2818500  8  9 19  29.5 1011 133  0.1 2  8.7  34   76   76 372 -487  3
3823500 2818500  8  9 20  24.5 1011  64  0.0 2  9.7  43    9   23 368 -475  3
3823500 2818500  8  9 21  21.6 1011  91  0.1 2  9.7  54    0    0 354 -464  3
3823500 2818500  8  9 22  19.4 1011  83  0.1 1  9.7  64    0    0 341 -456  3
3823500 2818500  8  9 23  18.9 1011 103  0.2 0 10.1  72    0    0 330 -450  3
3823500 2818500  8  9 24  18.0 1011  86  0.2 0 10.0  75    0    0 325 -445  3
3823500 2818500  8 10  1  17.4 1011  91  0.6 1  9.8  77    0    0 325 -440  3
3823500 2818500  8 10  2  17.4 1011  35  0.5 1  9.9  79    0    0 326 -436  3
3823500 2818500  8 10  3  17.7 1011  85  0.3 0  9.8  78    0    0 323 -432  3
3823500 2818500  8 10  4  17.5 1011  33  0.1 1  9.7  77    0    0 322 -428  3
3823500 2818500  8 10  5  16.9 1011  62  0.1 1  9.6  78    0    0 323 -425  3
3823500 2818500  8 10  6  17.5 1011 103  0.1 1  9.5  77    0   11 321 -422  3
3823500 2818500  8 10  7  19.8 1011  84  0.3 1  9.8  73   22   79 323 -423  3
3823500 2818500  8 10  8  21.6 1012 126  0.6 1 10.3  67  118  139 328 -430  3
3823500 2818500  8 10  9  24.0 1012 131  1.2 0 10.5  60  260  162 332 -445  3
3823500 2818500  8 10 10  26.2 1013 130  2.0 0 10.7  54  376  183 341 -464  3
3823500 2818500  8 10 11  27.8 1013 137  2.5 0 10.5  47  490  185 351 -485  3
3823500 2818500  8 10 12  28.7 1012 120  2.7 1  9.8  41  561  184 359 -504  3
3823500 2818500  8 10 13  29.3 1012 117  3.4 1  9.2  37  607  168 365 -517  3
3823500 2818500  8 10 14  29.8 1012 103  2.9 1  9.2  36  614  148 369 -525  3
3823500 2818500  8 10 15  30.1 1012 118  1.9 2  9.0  34  574  127 373 -523  3
3823500 2818500  8 10 16  30.0 1012 129  1.0 1  8.7  32  482  116 372 -520  3
3823500 2818500  8 10 17  29.9 1011 119  1.9 1  8.4  32  365  103 367 -517  3
3823500 2818500  8 10 18  29.6 1011 116  2.4 1  8.3  32  227   90 365 -506  3
3823500 2818500  8 10 19  28.6 1011 100  1.3 1  8.4  33   71   65 363 -493  3
3823500 2818500  8 10 20  25.6 1010  97  1.5 1  8.7  39    2   13 357 -480  3
3823500 2818500  8 10 21  23.9 1010  96  1.4 1  8.7  45    0    0 348 -469  3
3823500 2818500  8 10 22  22.3 1011  97  1.2 1  8.7  49    0    0 342 -459  3
3823500 2818500  8 10 23  20.3 1010  84  1.0 0  8.8  56    0    0 332 -451  3
3823500 2818500  8 10 24  20.9 1011  91  1.2 1  8.7  57    0    0 329 -444  3
3823500 2818500  8 11  1  21.2 1011 103  1.1 0  8.4  54    0    0 329 -438  3
3823500 2818500  8 11  2  20.0 1011  87  1.5 0  8.1  53    0    0 324 -433  3
3823500 2818500  8 11  3  20.1 1011 102  1.3 0  7.8  53    0    0 320 -428  3
3823500 2818500  8 11  4  19.7 1011 119  1.6 0  7.6  52    0    0 318 -425  3
3823500 2818500  8 11  5  18.9 1011 113  1.9 0  7.5  54    0    0 315 -421  3
3823500 2818500  8 11  6  18.6 1011 105  1.7 1  7.5  56    0   14 315 -419  3
3823500 2818500  8 11  7  20.3 1011  98  2.2 1  8.0  56   43   76 320 -419  3
3823500 2818500  8 11  8  22.9 1011 115  2.7 0  8.6  53  167  113 321 -426  3
3823500 2818500  8 11  9  24.8 1012 112  3.5 0  8.7  47  314  125 324 -441  3
3823500 2818500  8 11 10  26.6 1012 106  3.1 1  8.8  42  438  137 334 -460  3
3823500 2818500  8 11 11  27.7 1012 117  4.4 1  8.8  39  554  135 345 -479  3
3823500 2818500  8 11 12  28.4 1012 129  5.1 1  8.4  35  617  139 350 -497  3
3823500 2818500  8 11 13  29.2 1012 113  4.5 0  7.7  31  654  129 350 -512  3
3823500 2818500  8 11 14  30.0 1012 120  4.8 0  7.2  28  663  107 351 -521  3
3823500 2818500  8 11 15  30.4 1012 129  5.0 0  7.4  28  626   87 355 -524  3
3823500 2818500  8 11 16  30.6 1011 121  4.9 0  7.5  27  532   80 356 -520  3
3823500 2818500  8 11 17  30.3 1011  96  4.4 0  7.7  28  394   83 354 -513  3
3823500 2818500  8 11 18  29.7 1011 134  3.6 0  7.9  30  239   80 352 -504  3
3823500 2818500  8 11 19  28.8 1011 133  2.3 1  8.0  31   93   63 352 -490  3
3823500 2818500  8 11 20  26.7 1011 107  1.5 1  8.1  35   10   21 351 -476  3
3823500 2818500  8 11 21  23.8 1012  80  1.4 1  8.2  41    0    0 341 -464  3
3823500 2818500  8 11 22  22.7 1012  70  1.5 1  8.4  47    0    0 335 -454  3
3823500 2818500  8 11 23  21.6 1012  79  1.3 1  8.5  51    0    0 331 -447  3
3823500 2818500  8 11 24  21.1 1012  84  1.6 0  8.6  54    0    0 327 -441  3
3823500 2818500  8 12  1  19.9 1012 104  2.0 1  8.6  57    0    0 323 -436  3
3823500 2818500  8 12  2  18.9 1012  96  1.3 1  8.6  61    0    0 322 -431  3
3823500 2818500  8 12  3  19.1 1013  86  1.6 0  8.6  62    0    0 316 -427  3
3823500 2818500  8 12  4  17.7 1013  44  1.6 0  8.4  63    0    0 311 -423  3
3823500 2818500  8 12  5  17.2 1013  85  1.2 1  8.2  66    0    0 310 -420  3
3823500 2818500  8 12  6  18.6 1013  96  1.4 1  8.2  64    0   12 314 -416  3
3823500 2818500  8 12  7  20.4 1013  93  1.5 1  8.5  60   34   76 321 -416  3
3823500 2818500  8 12  8  22.7 1014 116  1.5 1  8.8  55  148  121 329 -424  3
3823500 2818500  8 12  9  25.0 1015 109  2.0 1  9.0  49  287  140 341 -438  3
3823500 2818500  8 12 10  27.6 1015 129  2.6 2  8.9  42  409  152 355 -456  3
3823500 2818500  8 12 11  28.6 1015 142  2.4 2  8.5  36  513  158 364 -476  3
3823500 2818500  8 12 12  29.3 1015 127  3.2 3  7.9  32  589  156 370 -493  3
3823500 2818500  8 12 13  29.9 1015 141  2.9 3  7.6  30  618  152 373 -509  3
3823500 2818500  8 12 14  30.4 1014 109  2.9 3  7.5  28  617  137 376 -517  3
3823500 2818500  8 12 15  30.7 1014 106  2.7 2  7.4  27  568  124 377 -518  3
3823500 2818500  8 12 16  30.7 1014 115  1.9 1  7.3  26  480  110 374 -517  3
3823500 2818500  8 12 17  30.8 1014  97  1.9 3  7.2  26  355  101 374 -513  3
3823500 2818500  8 12 18  30.2 1013 102  1.5 3  7.3  27  221   86 374 -504  3
3823500 2818500  8 12 19  27.7 1013  85  0.7 4  7.6  30   92   63 368 -493  3
3823500 2818500  8 12 20  24.1 1013  79  0.8 6  7.9  38   12   22 359 -480  3
3823500 2818500  8 12 21  21.1 1012  73  0.8 5  8.2  48    0    0 348 -469  3
3823500 2818500  8 12 22  19.9 1013  76  0.8 3  8.4  55    0    0 339 -461  3
3823500 2818500  8 12 23  17.5 1013  87  0.7 3  8.5  63    0    0 330 -454  3
3823500 2818500  8 12 24  18.0 1013  78  1.0 3  8.5  67    0    0 326 -446  3
3823500 2818500  8 13  1  18.0 1013  81  0.3 3  8.5  66    0    0 327 -441  3
3823500 2818500  8 13  2  17.4 1013  90  1.1 3  8.5  67    0    0 325 -437  3
3823500 2818500  8 13  3  15.9 1012  40  1.1 3  8.3  70    0    0 320 -434  3
3823500 2818500  8 13  4  15.4 1012  78  0.6 3  8.1  73    0    0 317 -431  3
3823500 2818500  8 13  5  15.5 1012 108  0.9 4  7.9  72    0    0 317 -427  3
3823500 2818500  8 13  6  15.3 1012  67  0.5 5  8.1  74    0   10 319 -424  3
3823500 2818500  8 13  7  19.2 1012  84  0.4 4  9.0  73   26   76 327 -426  3
3823500 2818500  8 13  8  22.1 1012 138  1.0 2  9.4  62  121  136 333 -434  3
3823500 2818500  8 13  9  24.7 1013 139  1.4 2  9.4  52  236  173 340 -447  3
3823500 2818500  8 13 10  27.3 1013 158  1.4 3  9.7  46  346  198 353 -466  3
3823500 2818500  8 13 11  29.3 1013 137  1.6 2  9.8  40  445  209 362 -490  3
3823500 2818500  8 13 12  30.7 1013 140  1.8 2  9.0  34  501  221 369 -512  3
3823500 2818500  8 13 13  31.3 1013 156  2.8 3  8.1  29  525  222 373 -529  3
3823500 2818500  8 13 14  31.9 1012 154  1.5 3  7.6  26  544  195 378 -540  3
3823500 2818500  8 13 15  31.9 1012 116  2.1 3  7.3  25  503  176 380 -545  3
3823500 2818500  8 13 16  32.2 1011 127  1.5 3  7.1  24  402  167 380 -545  3
3823500 2818500  8 13 17  31.8 1012  53  2.2 4  7.3  24  283  146 381 -537  3
3823500 2818500  8 13 18  31.0 1012 110  2.0 4  7.7  27  168  111 380 -523  3
3823500 2818500  8 13 19  28.5 1011 320  1.1 4  8.2  32   79   68 374 -506  3
3823500 2818500  8 13 20  23.3 1011 214  1.0 4  8.9  42   12   24 363 -487  3
3823500 2818500  8 13 21  20.8 1011 205  0.4 4  9.1  54    0    0 350 -472  3
3823500 2818500  8 13 22  19.8 1011 202  0.4 4  9.3  62    0    0 345 -462  3
3823500 2818500  8 13 23  19.6 1011 211  1.0 4  9.7  67    0    0 343 -455  3
3823500 2818500  8 13 24  20.5 1011 215  0.8 5 10.0  68    0    0 345 -450  3
3823500 2818500  8 14  1  20.1 1012 263  1.4 6 10.5  70    0    0 349 -447  3
3823500 2818500  8 14  2  20.1 1012 261  2.2 6 10.5  71    0    0 349 -444  3
3823500 2818500  8 14  3  19.7 1012 272  2.4 5 10.4  72    0    0 346 -441  3
3823500 2818500  8 14  4  18.2 1012 256  1.7 4 10.5  76    0    0 341 -438  3
3823500 2818500  8 14  5  18.2 1012 236  1.7 3 10.6  81    0    0 336 -436  3
3823500 2818500  8 14  6  17.1 1012 221  1.2 2 10.8  85    0    7 331 -435  3
3823500 2818500  8 14  7  18.4 1012 220  2.2 2 11.1  87   22   73 329 -436  3
3823500 2818500  8 14  8  19.7 1012 239  2.8 1 11.3  82  136  126 330 -442  3
3823500 2818500  8 14  9  21.4 1012 256  2.9 0 11.3  74  298  135 332 -456  3
3823500 2818500  8 14 10  23.4 1012 270  4.0 1 11.1  65  420  150 340 -474  3
3823500 2818500  8 14 11  24.3 1013 268  3.6 2 10.9  59  458  194 352 -493  3
3823500 2818500  8 14 12  24.4 1013 264  3.5 4 11.3  59  231  337 362 -512  3
3823500 2818500  8 14 13  24.8 1013 275  4.7 4 11.5  59  320  315 369 -527  3
3823500 2818500  8 14 14  23.7 1013 260  5.5 3 11.5  61  409  260 369 -536  3
3823500 2818500  8 14 15  24.2 1013 282  4.9 3 11.3  60  320  263 369 -539  3
3823500 2818500  8 14 16  24.7 1013 284  4.7 5 11.3  58   79  252 373 -535  3
3823500 2818500  8 14 17  24.4 1012 281  4.6 3 11.3  58  132  196 374 -525  3
3823500 2818500  8 14 18  23.7 1012 274  4.2 2 11.1  59  182  102 368 -513  3
3823500 2818500  8 14 19  22.8 1012 286  2.9 2 11.1  62   67   65 365 -500  3
3823500 2818500  8 14 20  21.4 1011 293  2.4 2 11.2  67    6   17 360 -486  3
3823500 2818500  8 14 21  20.3 1011 301  2.8 4 11.3  73    0    0 358 -473  3
3823500 2818500  8 14 22  19.7 1012 290  1.9 5 11.3  77    0    0 360 -464  3
3823500 2818500  8 14 23  19.1 1012 281  1.0 6 11.2  79    0    0 362 -458  3
3823500 2818500  8 14 24  19.1 1012 274  1.0 8 11.3  81    0    0 368 -453  3
3823500 2818500  8 15  1  18.5 1012 273  1.2 8 11.4  83    0    0 373 -448  3
3823500 2818500  8 15  2  18.7 1012 269  1.4 8 11.4  85    0    0 375 -445  3
3823500 2818500  8 15  3  18.5 1012 271  2.2 8 11.4  85    0    0 376 -441  3
3823500 2818500  8 15  4  18.4 1012 273  1.9 8 11.4  85    0    0 376 -438  3
3823500 2818500  8 15  5  18.3 1011 257  1.3 7 11.3  85    0    0 374 -435  3
3823500 2818500  8 15  6  18.0 1012 258  1.1 8 11.0  84    0    3 373 -432  3
3823500 2818500  8 15  7  17.9 1012 264  2.0 8 10.8  83    0   34 376 -431  3
3823500 2818500  8 15  8  17.7 1012 264  2.9 8 10.9  85    0   75 374 -435  3
3823500 2818500  8 15  9  18.0 1012 268  2.7 7 11.0  86    0  136 372 -443  3
3823500 2818500  8 15 10  18.5 1012 278  2.4 7 11.2  85   10  202 370 -452  3
3823500 2818500  8 15 11  19.7 1012 273  2.6 7 11.3  81   43  257 375 -461  3
3823500 2818500  8 15 12  20.2 1013 293  2.9 7 11.2  76   30  273 380 -479  3
3823500 2818500  8 15 13  21.0 1013 289  2.9 8 11.2  73    0  193 388 -499  3
3823500 2818500  8 15 14  20.9 1013 302  2.4 8 11.1  71    0  134 395 -508  3
3823500 2818500  8 15 15  21.7 1012 291  3.1 8 10.9  69    0  139 397 -511  3
3823500 2818500  8 15 16  21.7 1012 299  2.3 7 10.9  67    4  156 394 -508  3
3823500 2818500  8 15 17  21.5 1012 318  1.9 7 10.9  67   20  147 388 -502  3
3823500 2818500  8 15 18  21.6 1012 312  1.4 7 10.8  67   39  101 386 -490  3
3823500 2818500  8 15 19  21.2 1012 321  0.2 7 10.9  68   43   44 384 -474  3
3823500 2818500  8 15 20  20.4 1012 342  0.1 8 11.1  72    4   11 385 -459  3
3823500 2818500  8 15 21  19.2 1012 336  0.1 8 11.1  76    0    0 387 -445  3
3823500 2818500  8 15 22  17.5 1013 332  0.1 5 10.7  81    0    0 370 -434  3
3823500 2818500  8 15 23  16.9 1013 325  0.1 3 10.3  83    0    0 345 -426  3
3823500 2818500  8 15 24  15.6 1013 326  0.1 2  9.7  84    0    0 331 -420  3
3823500 2818500  8 16  1  14.9 1013 347  0.0 6  9.6  88    0    0 343 -414  3
3823500 2818500  8 16  2  15.2 1013 351  0.0 7  9.9  92    0    0 368 -410  3
3823500 2818500  8 16  3  15.4 1013   9  0.0 6 10.1  92    0    0 370 -406  3
3823500 2818500  8 16  4  15.5 1013  19  0.0 7 10.2  93    0    0 370 -403  3
3823500 2818500  8 16  5  15.8 1013 356  0.0 6 10.5  94    0    0 371 -400  3
3823500 2818500  8 16  6  16.4 1013   5  0.1 5 10.8  94    0    7 363 -397  3
3823500 2818500  8 16  7  16.8 1013  38  0.1 5 11.1  94   16   68 360 -398  3
3823500 2818500  8 16  8  17.6 1013  47  0.6 4 11.5  94   52  138 357 -405  3
3823500 2818500  8 16  9  18.4 1013 102  0.7 6 11.9  92   30  201 365 -420  3
3823500 2818500  8 16 10  19.0 1013  96  0.6 6 12.0  88  128  262 379 -436  3
3823500 2818500  8 16 11  19.8 1013  93  0.7 6 11.9  84   73  304 382 -454  3
3823500 2818500  8 16 12  22.1 1013  93  1.3 7 11.5  74   14  277 392 -470  3
3823500 2818500  8 16 13  22.8 1013  84  1.2 6 11.0  64   49  319 396 -483  3
3823500 2818500  8 16 14  23.1 1013  78  1.0 7 10.7  61   52  303 395 -493  3
3823500 2818500  8 16 15  23.7 1013  57  1.0 5 10.7  59  234  268 390 -500  3
3823500 2818500  8 16 16  24.3 1013  55  0.5 5 10.7  57  203  224 383 -502  3
3823500 2818500  8 16 17  24.5 1012  52  1.5 3 10.5  54  175  165 375 -499  3
3823500 2818500  8 16 18  24.0 1012  59  1.7 2 10.4  54  156   93 364 -490  3
3823500 2818500  8 16 19  22.8 1012  37  0.6 3 10.5  58   55   58 359 -475  3
3823500 2818500  8 16 20  21.0 1011  66  0.8 3 10.3  62    3   14 357 -460  3
3823500 2818500  8 16 21  19.5 1011  46  0.5 1 10.2  68    0    0 343 -447  3
3823500 2818500  8 16 22  18.3 1011  62  0.2 2 10.2  74    0    0 336 -438  3
3823500 2818500  8 16 23  17.9 1011  63  0.1 1 10.1  78    0    0 333 -431  3
3823500 2818500  8 16 24  16.2 1011  68  1.0 0  9.9  81    0    0 322 -425  3
3823500 2818500  8 17  1  16.6 1011  63  0.3 1  9.8  84    0    0 320 -418  3
3823500 2818500  8 17  2  15.9 1011  75  0.2 2  9.9  86    0    0 326 -414  3
3823500 2818500  8 17  3  16.5 1011  69  1.0 2 10.0  86    0    0 329 -411  3
3823500 2818500  8 17  4  17.5 1011  82  0.4 5 10.2  84    0    0 342 -408  3
3823500 2818500  8 17  5  16.2 1011  73  0.8 5  9.8  81    0    0 351 -406  3
3823500 2818500  8 17  6  16.1 1010  76  1.3 5  9.5  82    0    0 347 -404  3
3823500 2818500  8 17  7  17.7 1010  81  0.4 6  9.9  82    0   51 353 -406  3
3823500 2818500  8 17  8  20.8 1010  91  0.9 3 10.7  76   45  161 354 -416  3
3823500 2818500  8 17  9  22.5 1011 116  1.5 2 11.1  68  128  242 347 -434  3
3823500 2818500  8 17 10  24.4 1011 139  1.7 1 11.3  62  209  301 346 -457  3
3823500 2818500  8 17 11  25.8 1012 149  1.3 1 11.4  57  297  334 351 -480  3
3823500 2818500  8 17 12  27.1 1011 119  1.8 1 11.1  51  342  357 358 -500  3
3823500 2818500  8 17 13  27.6 1011 134  1.3 2 10.9  48  242  400 366 -519  3
3823500 2818500  8 17 14  28.0 1011 136  1.7 2 10.6  45  228  389 370 -536  3
3823500 2818500  8 17 15  28.5 1011  94  2.0 2 10.1  42  257  342 369 -539  3
3823500 2818500  8 17 16  26.4 1010 283  2.4 1 10.5  46  225  287 361 -533  3
3823500 2818500  8 17 17  25.7 1010 327  1.3 2 11.2  52  120  232 355 -521  3
3823500 2818500  8 17 18  22.0 1010 352  0.6 4 11.8  64   43  147 354 -506  3
3823500 2818500  8 17 19  22.1 1010  46  2.9 5 12.5  74   11   64 356 -494  3
3823500 2818500  8 17 20  19.8 1009  13  0.0 5 12.5  80    0    9 356 -478  3
3823500 2818500  8 17 21  18.8 1009 164  0.1 3 11.8  84    0    0 344 -466  3
3823500 2818500  8 17 22  17.6 1010  26  0.1 2 11.0  83    0    0 330 -460  3
3823500 2818500  8 17 23  17.3 1010 102  0.1 1 10.9  87    0    0 320 -455  3
3823500 2818500  8 17 24  16.1 1010  52  0.0 0 10.7  89    0    0 308 -450  3
3823500 2818500  8 18  1  15.4 1010 161  0.1 0 10.2  90    0    0 299 -444  3
3823500 2818500  8 18  2  15.4 1010 129  0.1 0 10.1  92    0    0 294 -440  3
3823500 2818500  8 18  3  15.2 1010  95  0.1 0 10.1  92    0    0 292 -436  3
3823500 2818500  8 18  4  15.9 1010 118  0.2 0 10.0  90    0    0 292 -433  3
3823500 2818500  8 18  5  14.5 1010  57  0.7 0  9.6  89    0    0 287 -430  3
3823500 2818500  8 18  6  13.1 1010  98  0.4 1  9.0  91    0    8 284 -427  3
3823500 2818500  8 18  7  16.3 1010  90  0.1 1  9.3  88   25   72 288 -424  3
3823500 2818500  8 18  8  20.6 1010  94  0.4 0  9.9  74  124  132 294 -430  3
3823500 2818500  8 18  9  23.0 1010 137  0.4 0  9.9  60  258  161 300 -442  3
3823500 2818500  8 18 10  24.9 1011 151  0.9 0  9.5  51  368  186 308 -461  3
3823500 2818500  8 18 11  26.4 1012  93  2.1 0  8.9  43  475  191 316 -481  3
3823500 2818500  8 18 12  26.6 1012 105  1.8 1  8.7  40  533  199 326 -500  3
3823500 2818500  8 18 13  26.9 1011  92  2.3 1  8.5  39  556  199 333 -515  3
3823500 2818500  8 18 14  27.6 1011  82  1.3 1  8.2  36  558  181 337 -524  3
3823500 2818500  8 18 15  27.3 1011 101  2.0 1  8.2  36  518  165 340 -527  3
3823500 2818500  8 18 16  27.9 1011  90  2.5 1  8.4  36  425  153 342 -524  3
3823500 2818500  8 18 17  27.7 1010  75  2.8 1  8.1  34  310  133 343 -517  3
3823500 2818500  8 18 18  26.6 1010  72  2.0 2  7.8  35  187  105 344 -505  3
3823500 2818500  8 18 19  25.6 1010  79  1.1 2  7.7  36   67   67 343 -491  3
3823500 2818500  8 18 20  23.4 1011  83  0.8 3  7.4  38    3   17 340 -474  3
3823500 2818500  8 18 21  19.7 1010  60  0.1 4  7.4  46    0    0 334 -460  3
3823500 2818500  8 18 22  17.7 1010  71  0.8 3  7.7  57    0    0 327 -449  3
3823500 2818500  8 18 23  16.5 1011  54  0.7 3  8.0  65    0    0 320 -441  3
3823500 2818500  8 18 24  14.6 1011  66  0.3 4  7.9  71    0    0 317 -435  3
3823500 2818500  8 19  1  13.2 1011  52  0.1 1  7.6  77    0    0 309 -430  3
3823500 2818500  8 19  2  13.6 1011  66  0.5 0  7.5  78    0    0 302 -424  3
3823500 2818500  8 19  3  13.0 1010  21  0.1 0  7.3  77    0    0 300 -420  3
3823500 2818500  8 19  4  12.5 1010  83  0.1 1  7.2  78    0    0 298 -416  3
3823500 2818500  8 19  5  11.8 1010  65  0.2 1  7.1  80    0    0 296 -412  3
3823500 2818500  8 19  6  11.9 1010  74  0.1 1  7.1  82    0   11 294 -409  3
3823500 2818500  8 19  7  14.4 1010  33  0.1 2  7.7  81   13   66 299 -408  3
3823500 2818500  8 19  8  15.7 1011  70  0.1 4  8.5  80   79  133 308 -415  3
3823500 2818500  8 19  9  18.0 1011 110  1.4 4  9.2  77  126  196 316 -430  3
3823500 2818500  8 19 10  22.1 1011 108  3.8 3  9.5  64  348  172 326 -450  3
3823500 2818500  8 19 11  21.5 1011 107  3.8 2  9.0  55  444  181 330 -472  3
3823500 2818500  8 19 12  21.3 1011 104  3.5 4  8.6  54   40  314 331 -491  3
3823500 2818500  8 19 13  20.8 1011  71  3.1 6  9.2  59    5  248 336 -507  3
3823500 2818500  8 19 14  20.0 1011  59  3.0 6  9.6  64    6  238 339 -517  3
3823500 2818500  8 19 15  20.2 1011  53  3.4 8  9.4  64    0   96 341 -520  3
3823500 2818500  8 19 16  19.7 1011  63  2.8 8  9.7  66    0   90 344 -519  3
3823500 2818500  8 19 17  19.4 1011  50  2.3 8  9.9  70    0  119 344 -515  3
3823500 2818500  8 19 18  19.1 1011  69  1.2 8  9.7  70    3   89 341 -505  3
3823500 2818500  8 19 19  18.9 1010  37  0.7 8  9.7  70    1   42 340 -490  3
3823500 2818500  8 19 20  18.4 1010   9  0.3 7  9.9  73    0    3 338 -474  3
3823500 2818500  8 19 21  17.7 1010  31  0.1 7 10.2  78    0    0 334 -460  3
3823500 2818500  8 19 22  17.1 1011  38  0.2 7 10.3  82    0    0 332 -450  3
3823500 2818500  8 19 23  17.1 1011   4  1.2 7 10.3  84    0    0 331 -442  3
3823500 2818500  8 19 24  17.2 1010  25  0.3 8 10.0  82    0    0 332 -436  3
3823500 2818500  8 20  1  16.6 1010 329  0.1 8  9.9  81    0    0 332 -430  3
3823500 2818500  8 20  2  15.8 1010  25  0.0 7  9.7  84    0    0 327 -425  3
3823500 2818500  8 20  3  14.5 1010  33  0.1 5  9.3  86    0    0 319 -421  3
3823500 2818500  8 20  4  15.0 1009  39  0.6 4  9.5  90    0    0 313 -417  3
3823500 2818500  8 20  5  14.8 1009  39  0.6 5  9.7  91    0    0 314 -414  3
3823500 2818500  8 20  6  14.7 1009  38  0.8 4  9.5  90    0    4 313 -411  3
3823500 2818500  8 20  7  15.0 1009  58  0.8 4  9.7  91   15   66 311 -411  3
3823500 2818500  8 20  8  17.1 1010  72  1.9 2 10.3  89   87  134 310 -418  3
3823500 2818500  8 20  9  19.9 1010  90  2.7 1 10.8  81  201  176 311 -433  3
3823500 2818500  8 20 10  21.6 1010 102  2.6 1 11.3  73  318  198 320 -454  3
3823500 2818500  8 20 11  22.8 1011  91  2.3 1 11.5  68  377  231 327 -477  3
3823500 2818500  8 20 12  24.2 1011  97  2.4 2 11.4  63  264  319 337 -498  3
3823500 2818500  8 20 13  24.8 1011 126  1.9 2 11.3  58  337  301 345 -514  3
3823500 2818500  8 20 14  26.2 1010 128  3.1 2 11.0  54  207  331 351 -522  3
3823500 2818500  8 20 15  25.9 1010 157  2.4 3 11.0  52  192  297 356 -521  3
3823500 2818500  8 20 16  26.7 1010 129  3.0 2 10.5  49  370  158 356 -520  3
3823500 2818500  8 20 17  24.8 1010  87  2.3 3 10.3  49  240  145 353 -515  3
3823500 2818500  8 20 18  24.4 1010  81  2.3 4 10.7  55   82  120 354 -503  3
3823500 2818500  8 20 19  24.1 1010  97  1.3 4 10.6  55   44   58 355 -489  3
3823500 2818500  8 20 20  21.9 1010 108  0.6 4 10.0  57    1    9 349 -472  3
3823500 2818500  8 20 21  19.8 1009  90  0.2 5  9.8  63    0    0 343 -457  3
3823500 2818500  8 20 22  18.1 1009  76  0.1 4  9.9  72    0    0 336 -448  3
3823500 2818500  8 20 23  18.5 1009 102  0.1 3 10.0  75    0    0 328 -442  3
3823500 2818500  8 20 24  18.0 1009 129  0.3 3 10.2  77    0    0 326 -437  3
3823500 2818500  8 21  1  18.3 1009 127  0.2 4 10.4  79    0    0 327 -431  3
3823500 2818500  8 21  2  18.9 1009  99  0.4 5 10.5  78    0    0 331 -426  3
3823500 2818500  8 21  3  18.6 1009  76  0.1 3 10.3  76    0    0 330 -421  3
3823500 2818500  8 21  4  16.4 1009  86  0.1 2 10.0  79    0    0 318 -416  3
3823500 2818500  8 21  5  15.3 1009  96  0.2 1  9.7  86    0    0 307 -412  3
3823500 2818500  8 21  6  14.9 1009 201  0.1 1  9.6  89    0    4 303 -408  3
3823500 2818500  8 21  7  16.1 1010  88  0.2 1 10.1  91   12   65 303 -408  3
3823500 2818500  8 21  8  19.3 1010 146  0.1 0 10.9  85   86  135 307 -414  3
3823500 2818500  8 21  9  22.0 1010 169  0.9 0 11.4  74  198  180 314 -428  3
3823500 2818500  8 21 10  24.6 1011 190  0.5 0 11.8  65  302  210 326 -449  3
3823500 2818500  8 21 11  25.8 1011 193  0.7 0 11.7  58  396  226 334 -471  3
3823500 2818500  8 21 12  27.2 1011 192  0.7 0 11.3  52  467  226 341 -490  3
3823500 2818500  8 21 13  27.9 1010 190  1.0 0 10.9  47  484  230 346 -504  3
3823500 2818500  8 21 14  28.5 1010 207  1.8 1 10.6  44  436  239 352 -513  3
3823500 2818500  8 21 15  28.9 1010 280  1.4 3 10.6  43  325  253 361 -515  3
3823500 2818500  8 21 16  28.8 1010 231  1.7 2 10.5  42  300  199 364 -512  3
3823500 2818500  8 21 17  28.3 1010 228  0.9 1 10.2  42  253  141 358 -505  3
3823500 2818500  8 21 18  27.1 1010 269  1.4 1 10.2  43  139  106 351 -497  3
3823500 2818500  8 21 19  25.6 1010 269  0.6 1 10.5  49   46   60 346 -484  3
3823500 2818500  8 21 20  21.5 1010 216  0.1 3 10.8  59    3   13 342 -468  3
3823500 2818500  8 21 21  19.3 1009 193  0.1 4 10.8  72    0    0 340 -454  3
3823500 2818500  8 21 22  18.8 1010 190  0.1 2 10.8  78    0    0 331 -444  3
3823500 2818500  8 21 23  17.7 1009 179  0.1 2 10.8  82    0    0 322 -437  3
3823500 2818500  8 21 24  17.9 1010 169  0.3 2 10.7  84    0    0 318 -431  3
3823500 2818500  8 22  1  17.3 1010 144  0.1 4 10.8  85    0    0 320 -427  3
3823500 2818500  8 22  2  18.2 1009 157  0.4 6 10.8  84    0    0 325 -423  3
3823500 2818500  8 22  3  18.4 1009 165  0.5 7 10.9  82    0    0 329 -420  3
3823500 2818500  8 22  4  19.0 1009 169  0.1 7 10.8  79    0    0 330 -416  3
3823500 2818500  8 22  5  19.4 1009 175  0.6 7 10.7  76    0    0 331 -412  3
3823500 2818500  8 22  6  18.8 1009 179  0.7 7 10.8  77    0    0 329 -410  3
3823500 2818500  8 22  7  18.6 1009 183  0.8 7 10.9  80    0    9 327 -411  3
3823500 2818500  8 22  8  18.5 1010 164  1.2 8 11.3  84    0   50 327 -418  3
3823500 2818500  8 22  9  19.1 1010 194  1.3 8 12.0  87    0   79 329 -435  3
3823500 2818500  8 22 10  19.7 1010 211  1.6 8 12.4  87    0   89 333 -458  3
3823500 2818500  8 22 11  20.1 1010 216  1.8 7 12.9  88    0  163 336 -480  3
3823500 2818500  8 22 12  21.4 1011 222  2.7 6 13.6  88   11  289 342 -499  3
3823500 2818500  8 22 13  22.0 1011 236  2.8 7 13.8  84    0  183 349 -513  3
3823500 2818500  8 22 14  21.2 1011 282  2.6 7 13.4  82    0  142 354 -524  3
3823500 2818500  8 22 15  20.2 1011 225  2.0 8 13.2  85    0   99 355 -527  3
3823500 2818500  8 22 16  20.5 1011 242  2.6 8 12.9  86    0  103 358 -524  3
3823500 2818500  8 22 17  20.3 1011 229  3.2 7 12.7  84    7  164 355 -519  3
3823500 2818500  8 22 18  19.5 1011 199  2.7 7 12.5  85    6  109 351 -508  3
3823500 2818500  8 22 19  19.3 1011 236  1.7 8 12.5  88    6   55 352 -493  3
3823500 2818500  8 22 20  19.2 1011 239  1.5 8 12.4  88    1   10 354 -476  3
3823500 2818500  8 22 21  19.1 1011 209  0.7 7 12.5  89    0    0 352 -464  3
3823500 2818500  8 22 22  19.0 1011 202  0.7 8 12.7  91    0    0 353 -456  3
3823500 2818500  8 22 23  18.9 1011 198  0.1 8 12.8  93    0    0 357 -448  3
3823500 2818500  8 22 24  19.0 1010 187  0.1 8 12.9  93    0    0 358 -442  3
3823500 2818500  8 23  1  19.1 1010 224  0.4 8 13.0  93    0    0 359 -438  3
3823500 2818500  8 23  2  19.1 1010 224  0.7 8 13.0  93    0    0 360 -436  3
3823500 2818500  8 23  3  19.1 1010 208  0.5 8 13.2  94    0    0 363 -434  3
3823500 2818500  8 23  4  19.0 1010 188  0.5 8 13.3  96    0    0 366 -433  3
3823500 2818500  8 23  5  19.0 1009 191  0.2 8 13.3  95    0    0 367 -432  3
3823500 2818500  8 23  6  19.0 1009 164  0.5 8 13.2  95    0    0 368 -431  3
3823500 2818500  8 23  7  19.1 1009 160  0.7 8 13.3  95    0   39 370 -432  3
3823500 2818500  8 23  8  19.3 1009 139  0.7 8 13.4  95    1   80 371 -435  3
3823500 2818500  8 23  9  19.5 1009 228  1.0 7 13.5  95    2  131 372 -437  3
3823500 2818500  8 23 10  20.0 1009 152  0.9 8 13.7  94    3  182 376 -440  3
3823500 2818500  8 23 11  20.5 1009 207  1.3 7 14.2  95   10  230 379 -440  3
3823500 2818500  8 23 12  21.5 1009 190  1.3 6 14.8  94   34  286 381 -439  3
3823500 2818500  8 23 13  23.9 1010 221  1.4 6 14.9  85  154  309 387 -440  3
3823500 2818500  8 23 14  24.4 1009 278  0.7 6 14.7  77   84  298 393 -439  3
3823500 2818500  8 23 15  25.3 1009 275  0.6 6 14.7  74   48  261 396 -440  3
3823500 2818500  8 23 16  25.0 1009 243  0.9 6 14.5  71   60  220 397 -446  3
3823500 2818500  8 23 17  25.6 1008 239  1.3 6 14.2  70  145  148 397 -453  3
3823500 2818500  8 23 18  25.2 1008 250  0.8 5 14.2  69  129   78 395 -457  3
3823500 2818500  8 23 19  24.7 1008 257  0.4 6 14.1  70   60   45 393 -456  3
3823500 2818500  8 23 20  22.3 1007 158  0.4 6 14.2  77    2   10 390 -452  3
3823500 2818500  8 23 21  22.0 1008 127  0.6 7 14.4  85    0    0 386 -448  3
3823500 2818500  8 23 22  21.8 1008 131  0.9 6 14.5  87    0    0 386 -444  3
3823500 2818500  8 23 23  20.8 1007 162  0.6 5 14.1  88    0    0 378 -441  3
3823500 2818500  8 23 24  20.6 1007 145  0.5 4 13.7  89    0    0 371 -438  3
3823500 2818500  8 24  1  20.0 1006 162  1.2 2 13.7  91    0    0 362 -436  3
3823500 2818500  8 24  2  19.7 1006 159  1.0 0 13.6  92    0    0 352 -435  3
3823500 2818500  8 24  3  19.5 1006 170  1.2 0 13.7  94    0    0 345 -432  3
3823500 2818500  8 24  4  19.3 1005 167  1.0 0 13.5  94    0    0 343 -429  3
3823500 2818500  8 24  5  19.0 1005 171  1.3 1 13.0  92    0    0 344 -425  3
3823500 2818500  8 24  6  19.2 1005 174  1.5 1 12.6  90    0    0 345 -423  3
3823500 2818500  8 24  7  19.9 1005 194  1.3 2 12.7  88    0   24 349 -423  3
3823500 2818500  8 24  8  21.4 1006 185  2.0 6 13.4  87    0   43 367 -430  3
3823500 2818500  8 24  9  23.1 1006 183  2.0 4 13.9  81   34  187 380 -445  3
3823500 2818500  8 24 10  25.1 1006 184  2.6 2 13.7  72  325  182 376 -466  3
3823500 2818500  8 24 11  26.9 1006 193  2.3 2 13.7  64  423  193 380 -489  3
3823500 2818500  8 24 12  28.2 1006 188  2.7 1 14.0  60  585  136 387 -512  3
3823500 2818500  8 24 13  29.3 1006 186  3.3 1 13.8  55  669  100 392 -528  3
3823500 2818500  8 24 14  30.1 1005 210  3.5 1 13.5  51  670   83 398 -533  3
3823500 2818500  8 24 15  30.2 1005 245  3.9 1 13.1  48  550  109 399 -530  3
3823500 2818500  8 24 16  30.2 1005 251  2.8 1 12.9  47  413  123 398 -524  3
3823500 2818500  8 24 17  30.1 1005 223  2.2 1 12.8  47  280  114 397 -516  3
3823500 2818500  8 24 18  29.2 1004 257  1.8 1 13.1  49  144   92 392 -508  3
3823500 2818500  8 24 19  27.3 1004 249  1.7 1 13.5  56   49   52 386 -495  3
3823500 2818500  8 24 20  23.5 1004 302  0.1 2 13.9  67    2    9 378 -482  3
3823500 2818500  8 24 21  22.3 1004 151  0.1 2 13.9  78    0    0 371 -471  3
3823500 2818500  8 24 22  21.2 1005  34  0.1 2 13.6  82    0    0 366 -464  3
3823500 2818500  8 24 23  20.3 1004  75  0.1 1 13.1  84    0    0 358 -462  3
3823500 2818500  8 24 24  20.2 1004 100  0.1 2 13.2  87    0    0 355 -460  3
3823500 2818500  8 25  1  19.9 1004 123  0.1 3 13.5  90    0    0 360 -458  3
3823500 2818500  8 25  2  19.6 1004 135  0.2 4 13.5  92    0    0 363 -457  3
3823500 2818500  8 25  3  20.3 1003 110  0.7 5 13.4  90    0    0 370 -455  3
3823500 2818500  8 25  4  20.1 1003 261  0.5 6 13.1  87    0    0 377 -454  3
3823500 2818500  8 25  5  19.5 1003  33  0.4 7 12.8  87    0    0 382 -453  3
3823500 2818500  8 25  6  19.7 1003  73  0.8 7 12.8  88    0    3 386 -453  3
3823500 2818500  8 25  7  20.0 1003 111  0.4 7 13.0  88   15   59 386 -453  3
3823500 2818500  8 25  8  21.4 1003 148  2.3 4 12.8  82   73  130 374 -455  3
3823500 2818500  8 25  9  23.6 1002 152  1.5 3 12.6  73  178  181 363 -454  3
3823500 2818500  8 25 10  25.6 1002 246  1.8 2 12.8  65  287  213 365 -454  3
3823500 2818500  8 25 11  28.3 1002 164  2.1 1 13.2  58  394  224 369 -459  3
3823500 2818500  8 25 12  30.1 1001 214  3.0 0 13.3  52  460  229 373 -473  3
3823500 2818500  8 25 13  31.7 1001 207  2.6 0 12.7  45  492  222 378 -492  3
3823500 2818500  8 25 14  32.6 1000 162  2.1 2 12.1  40  336  284 391 -496  3
3823500 2818500  8 25 15  32.8  999 164  2.0 2 11.4  36  299  258 399 -491  3
3823500 2818500  8 25 16  32.5  999 158  2.0 2 10.9  35  312  188 394 -492  3
3823500 2818500  8 25 17  32.3  998 155  2.1 1 11.1  36  205  155 384 -493  3
3823500 2818500  8 25 18  29.4  998 163  1.6 2 11.8  41  139  103 377 -485  3
3823500 2818500  8 25 19  26.2  998  50  0.1 6 12.2  51   48   58 382 -474  3
3823500 2818500  8 25 20  23.6  998 308  2.2 7 11.9  59    0    9 392 -464  3
3823500 2818500  8 25 21  21.3  999 328  1.8 7 11.7  68    0    0 388 -452  3
3823500 2818500  8 25 22  20.1 1000 266  3.0 8 12.4  80    0    0 387 -444  3
3823500 2818500  8 25 23  19.9 1000 105  0.8 8 13.3  89    0    0 391 -440  3
3823500 2818500  8 25 24  19.6 1000   8  0.3 5 13.7  93    0    0 376 -436  3
3823500 2818500  8 26  1  18.9 1000 238  1.2 4 13.5  95    0    0 354 -433  3
3823500 2818500  8 26  2  18.8 1000 239  0.8 3 13.3  96    0    0 343 -429  3
3823500 2818500  8 26  3  18.8 1000 267  1.5 5 13.2  95    0    0 347 -425  3
3823500 2818500  8 26  4  18.9 1000 292  2.0 7 13.1  94    0    0 367 -420  3
3823500 2818500  8 26  5  19.1 1001 290  1.8 8 13.2  94    0    0 383 -416  3
3823500 2818500  8 26  6  18.8 1001 305  1.6 8 13.2  94    0    0 388 -413  3
3823500 2818500  8 26  7  18.9 1001 310  1.9 8 13.0  94    0   34 386 -411  3
3823500 2818500  8 26  8  19.4 1001 263  1.8 5 13.2  93   25  114 369 -417  3
3823500 2818500  8 26  9  19.6 1003 258  1.0 6 13.2  92    6  151 357 -431  3
3823500 2818500  8 26 10  20.4 1003 243  2.1 7 12.9  87    4  185 369 -447  3
3823500 2818500  8 26 11  21.3 1003 254  2.0 6 13.0  83   44  273 373 -457  3
3823500 2818500  8 26 12  22.9 1003 343  0.7 6 13.1  77   21  269 375 -462  3
3823500 2818500  8 26 13  21.5 1003  57  1.1 7 12.5  74    0  149 382 -468  3
3823500 2818500  8 26 14  20.9 1003 347  1.4 7 12.4  77    0  115 385 -474  3
3823500 2818500  8 26 15  21.7 1003 348  1.4 7 12.9  80    0  112 384 -479  3
3823500 2818500  8 26 16  20.3 1003 338  0.9 7 12.8  81    0  110 381 -484  3
3823500 2818500  8 26 17  19.2 1003 344  1.4 7 12.8  87    0  106 377 -481  3
3823500 2818500  8 26 18  18.7 1002  35  0.5 7 13.0  93    2   81 376 -474  3
3823500 2818500  8 26 19  18.6 1002  42  0.2 8 13.0  95    2   33 380 -467  3
3823500 2818500  8 26 20  18.2 1002  36  0.5 8 12.7  94    0    4 384 -460  3
3823500 2818500  8 26 21  17.7 1002  39  0.1 8 12.3  94    0    0 382 -453  3
3823500 2818500  8 26 22  17.4 1002  32  0.1 7 12.1  95    0    0 377 -449  3
3823500 2818500  8 26 23  17.4 1002  34  0.1 7 12.1  96    0    0 374 -448  3
3823500 2818500  8 26 24  17.2 1001  39  1.3 8 12.1  96    0    0 375 -448  3
3823500 2818500  8 27  1  17.1 1001  57  0.0 6 12.1  97    0    0 372 -441  3
3823500 2818500  8 27  2  17.2 1001 345  0.0 7 12.1  97    0    0 370 -433  3
3823500 2818500  8 27  3  17.3 1000  26  0.0 7 12.1  96    0    0 375 -433  3
3823500 2818500  8 27  4  17.4 1000  30  0.0 7 12.1  96    0    0 375 -435  3
3823500 2818500  8 27  5  17.4 1000  90  0.1 7 12.2  96    0    0 375 -435  3
3823500 2818500  8 27  6  17.6  999 165  0.1 7 12.2  96    0    0 373 -434  3
3823500 2818500  8 27  7  17.8  999 174  0.1 7 12.3  95    3   46 371 -434  3
3823500 2818500  8 27  8  18.5  999 188  0.2 5 12.6  94   34  116 367 -438  3
3823500 2818500  8 27  9  19.7 1000 169  0.1 6 12.7  90   51  183 369 -445  3
3823500 2818500  8 27 10  20.9 1000 167  0.7 7 12.4  82   57  242 377 -453  3
3823500 2818500  8 27 11  21.6  999 175  1.2 5 12.3  76  208  261 380 -462  3
3823500 2818500  8 27 12  22.7  999 150  2.1 6 12.2  72  163  302 381 -472  3
3823500 2818500  8 27 13  24.0  999 163  2.0 6 12.2  67  150  313 389 -484  3
3823500 2818500  8 27 14  24.2  998 175  2.7 5 11.9  62  229  280 391 -490  3
3823500 2818500  8 27 15  25.4  998 170  2.4 5 11.5  58  218  244 391 -494  3
3823500 2818500  8 27 16  26.0  997 189  2.4 5 11.2  53  240  179 394 -493  3
3823500 2818500  8 27 17  25.7  996 159  2.6 5 10.8  51  175  134 393 -484  3
3823500 2818500  8 27 18  24.6  996 133  1.5 7 11.0  54   11   98 396 -474  3
3823500 2818500  8 27 19  23.2  995 128  1.7 7 11.3  60    0   22 399 -466  3
3823500 2818500  8 27 20  18.2  995 266  1.8 8 11.7  75    0    1 395 -459  3
3823500 2818500  8 27 21  18.1  996 148  4.7 8 12.3  92    0    0 392 -454  3
3823500 2818500  8 27 22  18.1  996 129  1.8 7 12.4  94    0    0 388 -450  3
3823500 2818500  8 27 23  17.9  996 140  2.3 7 12.2  92    0    0 384 -443  3
3823500 2818500  8 27 24  17.9  995 154  2.3 7 11.9  91    0    0 383 -437  3
3823500 2818500  8 28  1  18.0  995 167  1.7 7 12.2  92    0    0 383 -433  3
3823500 2818500  8 28  2  18.0  995 189  0.6 8 12.3  93    0    0 386 -430  3
3823500 2818500  8 28  3  18.1  994 180  0.6 8 12.0  90    0    0 389 -429  3
3823500 2818500  8 28  4  17.9  995 202  1.4 8 11.8  89    0    0 389 -429  3
3823500 2818500  8 28  5  17.5  995 273  1.4 8 11.7  90    0    0 388 -429  3
3823500 2818500  8 28  6  17.3  994  14  2.6 8 11.6  91    0    0 386 -424  3
3823500 2818500  8 28  7  17.1  994 103  1.1 8 11.6  93    0   16 384 -417  3
3823500 2818500  8 28  8  17.4  993 131  0.1 7 11.8  94    0   44 382 -415  3
3823500 2818500  8 28  9  17.4  993 113  0.2 7 12.0  94    0   65 379 -414  3
3823500 2818500  8 28 10  17.6  993 104  0.4 8 12.0  93    0   58 383 -416  3
3823500 2818500  8 28 11  17.1  992 215  2.3 8 11.7  92    0   65 386 -423  3
3823500 2818500  8 28 12  16.7  993 272  1.7 8 11.6  94    0   76 384 -428  3
3823500 2818500  8 28 13  17.0  992 170  1.1 7 11.8  96    0  122 382 -432  3
3823500 2818500  8 28 14  17.2  993 162  1.4 7 11.9  95    0  119 380 -437  3
3823500 2818500  8 28 15  16.7  993 184  2.1 7 11.7  94    0   54 378 -436  3
3823500 2818500  8 28 16  15.5  992 216  3.0 7 10.9  93    0   43 373 -429  3
3823500 2818500  8 28 17  15.3  993 191  1.5 8 10.5  94    0   41 372 -428  3
3823500 2818500  8 28 18  15.4  993 186  1.5 8 10.4  93    0   29 373 -430  3
3823500 2818500  8 28 19  15.4  994 179  0.7 7 10.5  94    0   11 367 -428  3
3823500 2818500  8 28 20  15.3  994 189  0.9 7 10.5  94    0    0 361 -423  3
3823500 2818500  8 28 21  15.2  994 192  2.1 7 10.4  93    0    0 356 -416  3
3823500 2818500  8 28 22  15.0  994 194  1.9 7 10.1  92    0    0 352 -410  3
3823500 2818500  8 28 23  14.9  995 205  2.0 7  9.9  91    0    0 348 -406  3
3823500 2818500  8 28 24  14.4  995 192  1.3 7  9.7  91    0    0 347 -403  3
3823500 2818500  8 29  1  14.3  995 189  1.9 5  9.6  92    0    0 338 -401  3
3823500 2818500  8 29  2  13.9  996 171  2.1 4  9.4  92    0    0 326 -398  3
3823500 2818500  8 29  3  13.5  996 187  2.3 3  9.0  91    0    0 316 -396  3
3823500 2818500  8 29  4  13.4  996 169  2.1 4  8.6  88    0    0 314 -397  3
3823500 2818500  8 29  5  13.4  997 189  1.2 5  8.5  87    0    0 321 -396  3
3823500 2818500  8 29  6  13.8  997 189  1.7 5  8.5  86    0    1 325 -391  3
3823500 2818500  8 29  7  14.4  997 188  1.7 6  8.5  83   23   58 331 -389  3
3823500 2818500  8 29  8  14.9  998 212  2.7 4  8.5  80  106  119 327 -392  3
3823500 2818500  8 29  9  16.2  998 229  4.8 5  8.6  77  119  191 325 -401  3
3823500 2818500  8 29 10  16.5  998 234  4.6 6  8.7  74   20  230 340 -409  3
3823500 2818500  8 29 11  17.0  999 235  4.1 7  8.7  72   13  247 354 -415  3
3823500 2818500  8 29 12  17.7 1000 237  4.8 7  8.7  69   22  281 362 -422  3
3823500 2818500  8 29 13  18.5 1000 239  4.4 6  8.7  66   34  303 360 -428  3
3823500 2818500  8 29 14  18.6 1001 249  5.3 6  8.5  63   63  311 358 -430  3
3823500 2818500  8 29 15  19.1 1001 239  5.3 4  8.4  61  208  278 350 -425  3
3823500 2818500  8 29 16  18.2 1001 234  4.4 6  8.6  63   29  217 350 -420  3
3823500 2818500  8 29 17  16.7 1002 254  2.9 7  8.2  65    6  140 358 -419  3
3823500 2818500  8 29 18  18.0 1003 277  3.2 5  7.9  63   39  113 353 -418  3
3823500 2818500  8 29 19  17.1 1003 255  5.5 3  7.9  62   49   53 336 -416  3
3823500 2818500  8 29 20  15.4 1004 250  2.1 4  7.7  66    0    0 326 -411  3
3823500 2818500  8 29 21  14.6 1004 218  0.7 4  7.5  70    0    0 326 -404  3
3823500 2818500  8 29 22  14.5 1005 231  1.9 4  7.7  74    0    0 326 -403  3
3823500 2818500  8 29 23  13.3 1005 233  1.9 4  7.9  79    0    0 324 -403  3
3823500 2818500  8 29 24  13.2 1006 224  0.8 4  7.8  82    0    0 321 -401  3
3823500 2818500  8 30  1  12.7 1006 219  0.8 1  7.7  82    0    0 306 -399  3
3823500 2818500  8 30  2  11.5 1006 196  0.2 1  7.4  84    0    0 288 -396  3
3823500 2818500  8 30  3  11.0 1006 196  0.3 0  7.2  86    0    0 280 -393  3
3823500 2818500  8 30  4  10.4 1006 173  0.4 0  7.1  88    0    0 275 -392  3
3823500 2818500  8 30  5   9.7 1006 178  0.1 1  6.9  89    0    0 279 -389  3
3823500 2818500  8 30  6   9.3 1006 177  0.6 3  6.7  89    0    0 290 -385  3
3823500 2818500  8 30  7  12.1 1006 178  0.3 6  7.2  90    0   35 316 -383  3
3823500 2818500  8 30  8  14.2 1006 173  1.3 5  8.0  84   19  126 333 -387  3
3823500 2818500  8 30  9  16.8 1006 166  1.4 4  8.2  74  109  215 331 -397  3
3823500 2818500  8 30 10  18.3 1005 165  1.5 4  8.3  66  137  283 332 -411  3
3823500 2818500  8 30 11  18.9 1005 177  1.6 5  8.2  60   65  321 342 -426  3
3823500 2818500  8 30 12  20.0 1005 169  1.9 5  8.2  58  110  361 353 -438  3
3823500 2818500  8 30 13  20.4 1005 166  2.4 6  8.5  57   65  351 364 -449  3
3823500 2818500  8 30 14  20.3 1004 181  3.2 6  8.4  56   15  276 372 -457  3
3823500 2818500  8 30 15  21.2 1004 180  2.8 6  8.5  55   11  237 377 -460  3
3823500 2818500  8 30 16  20.7 1005 188  2.1 7  8.9  57    0  102 383 -458  3
3823500 2818500  8 30 17  20.3 1004 194  2.6 7  9.1  60    1  124 387 -455  3
3823500 2818500  8 30 18  19.5 1004 177  2.5 7  9.2  63    2   86 384 -448  3
3823500 2818500  8 30 19  18.7 1004 214  2.5 7  9.3  67    0   33 381 -438  3
3823500 2818500  8 30 20  17.8 1004 179  1.7 7  9.7  73    0    3 379 -430  3
3823500 2818500  8 30 21  16.8 1004 177  1.3 7  9.9  80    0    0 377 -423  3
3823500 2818500  8 30 22  16.7 1005 191  1.2 6 10.1  84    0    0 372 -420  3
3823500 2818500  8 30 23  16.8 1005 175  1.2 6 10.4  87    0    0 368 -417  3
3823500 2818500  8 30 24  16.6 1005 211  1.9 4 10.5  88    0    0 358 -415  3
3823500 2818500  8 31  1  16.2 1006 206  2.7 2 10.5  89    0    0 338 -415  3
3823500 2818500  8 31  2  16.7 1006 208  2.4 4 10.5  88    0    0 336 -414  3
3823500 2818500  8 31  3  17.1 1006 216  2.9 7 10.8  89    0    0 361 -414  3
3823500 2818500  8 31  4  17.2 1007 251  2.3 7 11.1  90    0    0 375 -415  3
3823500 2818500  8 31  5  17.3 1007 255  2.1 6 10.9  88    0    0 371 -416  3
3823500 2818500  8 31  6  16.8 1007 235  1.5 7 10.5  86    0    0 367 -414  3
3823500 2818500  8 31  7  16.7 1008 228  1.7 7 10.3  85    0   30 369 -413  3
3823500 2818500  8 31  8  17.0 1008 234  2.1 6 10.2  84   17  110 362 -416  3
3823500 2818500  8 31  9  17.9 1009 246  2.9 7 10.1  80   32  180 363 -425  3
3823500 2818500  8 31 10  19.2 1009 227  2.6 6  9.7  72   63  244 365 -439  3
3823500 2818500  8 31 11  19.6 1009 224  2.3 6  9.2  65  101  285 363 -454  3
3823500 2818500  8 31 12  20.3 1009 225  1.8 4  9.0  62  395  211 355 -469  3
3823500 2818500  8 31 13  21.7 1009 217  0.9 4  9.1  58  512  157 352 -480  3
3823500 2818500  8 31 14  21.9 1009 166  0.6 5  9.0  55  185  291 359 -487  3
3823500 2818500  8 31 15  22.0 1009 166  1.7 5  9.0  55   76  267 363 -490  3
3823500 2818500  8 31 16  22.8 1009 164  1.9 4  9.1  54  375  111 361 -489  3
3823500 2818500  8 31 17  22.8 1008 136  1.9 4  9.1  52  296   82 360 -485  3
3823500 2818500  8 31 18  22.2 1008 129  0.8 5  9.1  53   95   89 363 -478  3
3823500 2818500  8 31 19  21.7 1007 100  0.5 6  9.5  57    0   30 371 -468  3
3823500 2818500  8 31 20  19.6 1006 103  1.2 5  9.6  63    0    3 369 -458  3
3823500 2818500  8 31 21  18.6 1006  96  1.0 4  9.5  68    0    0 358 -450  3
3823500 2818500  8 31 22  17.3 1006  89  1.0 2  9.3  72    0    0 346 -444  3
3823500 2818500  8 31 23  17.9 1006 107  1.4 1  9.3  73    0    0 335 -439  3
3823500 2818500  8 31 24  16.3 1006 133  1.4 1  9.3  75    0    0 329 -435  3
3823500 2818500  9  1  1  16.7 1006 150  1.9 1  9.4  78    0    0 330 -428  3
3823500 2818500  9  1  2  16.9 1006 146  1.2 1  9.4  78    0    0 328 -426  3
3823500 2818500  9  1  3  16.6 1006 153  1.0 1  9.3  77    0    0 327 -421  3
3823500 2818500  9  1  4  16.6 1005 157  1.1 1  9.2  77    0    0 325 -417  3
3823500 2818500  9  1  5  16.5 1006 164  1.1 2  9.1  77    0    0 326 -412  3
3823500 2818500  9  1  6  16.1 1006 166  0.8 3  9.1  78    0    0 332 -407  3
3823500 2818500  9  1  7  17.4 1006 177  1.6 4  9.4  78   23   44 339 -404  3
3823500 2818500  9  1  8  19.1 1007 179  1.5 3 10.1  76   96  107 341 -406  3
3823500 2818500  9  1  9  20.9 1007 215  1.6 4 10.9  74  186  166 349 -414  3
3823500 2818500  9  1 10  22.2 1008 260  1.8 3 11.6  71  286  206 357 -424  3
3823500 2818500  9  1 11  23.8 1009 284  1.4 3 11.9  67  392  220 360 -435  3
3823500 2818500  9  1 12  25.0 1009 269  2.0 2 11.9  62  449  231 363 -447  3
3823500 2818500  9  1 13  24.7 1009 273  2.3 2 11.5  58  507  211 362 -457  3
3823500 2818500  9  1 14  25.7 1009 267  1.4 2 11.4  56  489  203 365 -462  3
3823500 2818500  9  1 15  25.3 1009 317  2.2 3 11.5  56  415  195 371 -462  3
3823500 2818500  9  1 16  25.6 1009 302  2.6 3 11.5  56  330  168 374 -462  3
3823500 2818500  9  1 17  24.7 1009 298  2.9 3 11.4  56  244  125 371 -458  3
3823500 2818500  9  1 18  23.4 1009 319  2.0 3 10.9  58  128   90 364 -450  3
3823500 2818500  9  1 19  21.2 1009 335  1.5 4 10.5  62   29   36 360 -440  3
3823500 2818500  9  1 20  20.0 1009 281  1.6 6 10.5  69    0    0 363 -431  3
3823500 2818500  9  1 21  19.1 1009 267  1.7 6 10.5  73    0    0 371 -428  3
3823500 2818500  9  1 22  18.6 1009 247  2.1 7 10.7  78    0    0 376 -426  3
3823500 2818500  9  1 23  18.2 1008 236  2.0 7 10.7  81    0    0 375 -423  3
3823500 2818500  9  1 24  17.5 1008 215  1.8 7 10.7  84    0    0 379 -420  3
3823500 2818500  9  2  1  16.8 1004 220  1.2 6 10.5  86    0    0 360 -395  3
3823500 2818500  9  2  2  15.9 1004 182  0.8 4 10.3  88    0    0 350 -393  3
3823500 2818500  9  2  3  15.3 1003 157  0.4 4 10.1  90    0    0 335 -395  3
3823500 2818500  9  2  4  14.9 1003 160  0.4 4 10.0  92    0    0 330 -398  3
3823500 2818500  9  2  5  15.1 1003 167  0.4 5 10.0  92    0    0 340 -398  3
3823500 2818500  9  2  6  14.7 1002 176  0.5 6  9.9  94    0    0 350 -397  3
3823500 2818500  9  2  7  15.2 1002 198  0.3 6 10.0  93    0   23 353 -397  3
3823500 2818500  9  2  8  16.4 1002 198  1.0 7 10.3  90    7  100 357 -400  3
3823500 2818500  9  2  9  18.2 1002 201  1.6 6 10.5  84  148  170 360 -402  3
3823500 2818500  9  2 10  19.8 1002 213  2.7 6 10.5  76   92  248 362 -406  3
3823500 2818500  9  2 11  19.6 1002 212  3.5 7 10.8  74   31  265 367 -414  3
3823500 2818500  9  2 12  19.8 1002 231  2.8 6 10.6  73   28  287 367 -417  3
3823500 2818500  9  2 13  20.0 1003 220  3.5 7 10.2  69   93  330 368 -428  3
3823500 2818500  9  2 14  20.6 1003 244  3.7 6 10.3  68  363  242 370 -443  3
3823500 2818500  9  2 15  21.3 1003 233  3.4 6 10.3  65  236  253 370 -444  3
3823500 2818500  9  2 16  20.6 1003 248  3.8 6 10.0  64   40  215 370 -442  3
3823500 2818500  9  2 17  20.2 1003 220  2.4 7 10.0  66    1  115 372 -438  3
3823500 2818500  9  2 18  19.6 1002 216  1.9 7  9.9  67    4   74 375 -434  3
3823500 2818500  9  2 19  19.0 1002 215  1.7 8 10.0  70    2   19 378 -429  3
3823500 2818500  9  2 20  18.7 1001 226  3.8 8  9.9  72    0    0 383 -425  3
3823500 2818500  9  2 21  18.7 1001 210  2.2 8  9.7  71    0    0 382 -421  3
3823500 2818500  9  2 22  18.5 1001 203  4.5 7  9.6  71    0    0 377 -415  3
3823500 2818500  9  2 23  19.2 1001 213  4.7 7  9.5  69    0    0 374 -410  3
3823500 2818500  9  2 24  19.5 1000 210  4.5 8  9.3  65    0    0 385 -408  3
3823500 2818500  9  3  1  19.9 1001 217  4.4 8  9.2  63    0    0 394 -407  3
3823500 2818500  9  3  2  19.4 1000 218  5.2 8  9.2  63    0    0 396 -408  3
3823500 2818500  9  3  3  18.8  999 218  4.6 7  9.3  67    0    0 391 -408  3
3823500 2818500  9  3  4  18.1  999 224  3.9 7  9.8  72    0    0 384 -410  3
3823500 2818500  9  3  5  17.0  999 217  4.0 8 10.2  80    0    0 390 -412  3
3823500 2818500  9  3  6  16.9  999 218  3.2 8 10.6  87    0    0 396 -413  3
3823500 2818500  9  3  7  17.1  999 216  2.6 8 11.0  89    0   14 398 -414  3
3823500 2818500  9  3  8  17.1 1000 214  3.4 7 11.3  91    0   58 393 -415  3
3823500 2818500  9  3  9  17.6  999 214  3.7 8 11.5  91    0   63 395 -418  3
3823500 2818500  9  3 10  18.2  999 212  3.6 8 11.7  90    0   86 403 -424  3
3823500 2818500  9  3 11  18.1  999 211  3.1 7 12.2  92    0  147 399 -430  3
3823500 2818500  9  3 12  18.6  999 208  3.8 7 12.6  94    0  163 395 -436  3
3823500 2818500  9  3 13  19.2 1000 230  3.9 8 13.1  94    0  123 402 -447  3
3823500 2818500  9  3 14  19.8 1000 231  3.8 8 13.5  93    0  110 408 -452  3
3823500 2818500  9  3 15  21.1 1000 232  3.9 8 14.1  92    0   95 411 -450  3
3823500 2818500  9  3 16  20.6 1000 239  3.4 8 14.3  91    0  111 413 -448  3
3823500 2818500  9  3 17  21.5 1000 248  3.9 6 14.1  89   71  140 405 -445  3
3823500 2818500  9  3 18  21.3 1000 272  3.8 6 13.8  85   69   65 397 -441  3
3823500 2818500  9  3 19  20.9 1001 258  5.6 5 13.0  82   25   20 390 -434  3
3823500 2818500  9  3 20  20.4 1001 252  4.6 5 12.5  80    0    0 382 -427  3
3823500 2818500  9  3 21  19.9 1003 250  2.8 5 12.3  82    0    0 379 -421  3
3823500 2818500  9  3 22  19.6 1003 241  3.7 5 12.2  83    0    0 376 -421  3
3823500 2818500  9  3 23  19.3 1003 242  4.6 5 11.9  83    0    0 374 -422  3
3823500 2818500  9  3 24  18.8 1004 249  4.6 5 11.7  84    0    0 372 -421  3
3823500 2818500  9  4  1  18.3 1005 251  4.0 6 11.6  86    0    0 375 -420  3
3823500 2818500  9  4  2  17.9 1005 262  3.0 6 11.5  87    0    0 376 -419  3
3823500 2818500  9  4  3  17.9 1006 253  2.7 7 10.9  84    0    0 378 -418  3
3823500 2818500  9  4  4  17.0 1007 271  2.5 5 10.3  82    0    0 371 -416  3
3823500 2818500  9  4  5  15.7 1008 267  1.5 3  9.9  84    0    0 348 -415  3
3823500 2818500  9  4  6  14.9 1008 252  1.4 3  9.5  87    0    0 335 -413  3
3823500 2818500  9  4  7  15.3 1009 251  1.5 3  9.5  88   22   39 334 -412  3
3823500 2818500  9  4  8  16.6 1010 256  2.8 3  9.6  84  127   90 334 -413  3
3823500 2818500  9  4  9  17.6 1010 246  4.1 3  9.6  78  242  126 336 -415  3
3823500 2818500  9  4 10  19.1 1011 250  4.1 3  9.4  71  358  149 340 -419  3
3823500 2818500  9  4 11  19.2 1011 256  4.2 3  9.0  65  334  233 343 -426  3
3823500 2818500  9  4 12  20.1 1012 275  4.6 5  8.9  62  171  324 354 -432  3
3823500 2818500  9  4 13  20.1 1012 265  4.9 5  8.8  59  135  333 363 -436  3
3823500 2818500  9  4 14  20.4 1012 263  4.3 6  8.8  59   41  297 369 -441  3
3823500 2818500  9  4 15  20.6 1012 259  4.8 6  9.0  60   61  273 376 -444  3
3823500 2818500  9  4 16  20.7 1012 252  3.8 6  9.3  61   65  224 378 -441  3
3823500 2818500  9  4 17  19.7 1012 271  3.8 7  9.3  63   37  160 382 -434  3
3823500 2818500  9  4 18  18.7 1013 274  3.0 7  9.0  64   30   89 383 -429  3
3823500 2818500  9  4 19  17.7 1013 303  1.3 6  8.8  68   11   19 374 -425  3
3823500 2818500  9  4 20  16.6 1014 285  0.9 5  8.8  72    0    0 363 -419  3
3823500 2818500  9  4 21  15.4 1014 274  1.0 3  8.9  78    0    0 345 -414  3
3823500 2818500  9  4 22  14.2 1015 270  0.2 1  8.9  84    0    0 323 -411  3
3823500 2818500  9  4 23  13.8 1015 253  0.5 1  8.7  87    0    0 310 -409  3
3823500 2818500  9  4 24  13.4 1015 264  0.4 0  8.6  89    0    0 304 -408  3
3823500 2818500  9  5  1  13.2 1016 236  1.0 1  8.6  90    0    0 302 -408  3
3823500 2818500  9  5  2  13.3 1016 243  1.1 1  8.5  90    0    0 304 -408  3
3823500 2818500  9  5  3  12.9 1016 248  1.1 1  8.4  90    0    0 303 -408  3
3823500 2818500  9  5  4  12.4 1016 228  0.7 1  8.3  91    0    0 301 -407  3
3823500 2818500  9  5  5  11.8 1016 228  0.6 1  8.2  93    0    0 300 -406  3
3823500 2818500  9  5  6  12.1 1016 213  0.7 3  8.1  93    0    0 310 -406  3
3823500 2818500  9  5  7  13.1 1016 191  0.9 4  8.5  93   20   44 325 -406  3
3823500 2818500  9  5  8  15.2 1016 243  1.5 2  9.4  94   81  117 325 -409  3
3823500 2818500  9  5  9  17.2 1016 236  2.1 5 10.2  88   48  200 335 -416  3
3823500 2818500  9  5 10  17.8 1016 236  2.7 5 10.4  83  115  272 351 -428  3
3823500 2818500  9  5 11  18.8 1016 228  2.8 7 10.6  81   41  290 361 -443  3
3823500 2818500  9  5 12  19.4 1016 225  2.8 8 10.8  78    1  213 373 -457  3
3823500 2818500  9  5 13  18.9 1015 225  3.3 7 10.8  78    0  178 372 -469  3
3823500 2818500  9  5 14  18.8 1015 234  2.6 7 10.7  78    0  129 365 -477  3
3823500 2818500  9  5 15  17.9 1015 233  2.4 7 11.0  83    0  108 362 -480  3
3823500 2818500  9  5 16  18.1 1015 218  2.5 6 11.7  91    8  185 358 -479  3
3823500 2818500  9  5 17  19.1 1014 211  1.3 7 12.3  91   21  161 359 -472  3
3823500 2818500  9  5 18  19.6 1014 230  0.8 7 12.8  90   12   87 362 -462  3
3823500 2818500  9  5 19  19.6 1013 235  2.1 8 13.0  90    4   20 362 -450  3
3823500 2818500  9  5 20  19.4 1013 221  1.7 8 12.9  90    0    0 362 -436  3
3823500 2818500  9  5 21  19.0 1013 217  1.3 8 12.9  92    0    0 359 -425  3
3823500 2818500  9  5 22  18.8 1013 206  1.6 6 12.8  93    0    0 353 -420  3
3823500 2818500  9  5 23  18.8 1013 207  1.2 5 12.8  93    0    0 346 -418  3
3823500 2818500  9  5 24  18.4 1013 205  1.1 6 12.5  93    0    0 345 -416  3
3823500 2818500  9  6  1  17.7 1012 202  1.1 5 12.2  93    0    0 343 -413  3
3823500 2818500  9  6  2  17.0 1012 196  1.2 4 11.9  95    0    0 335 -411  3
3823500 2818500  9  6  3  17.4 1012 189  1.0 6 11.7  94    0    0 338 -408  3
3823500 2818500  9  6  4  17.7 1011 195  1.0 7 11.5  91    0    0 344 -407  3
3823500 2818500  9  6  5  17.9 1011 182  1.5 7 11.6  90    0    0 347 -406  3
3823500 2818500  9  6  6  17.8 1011 220  1.5 7 11.7  91    0    0 349 -405  3
3823500 2818500  9  6  7  17.9 1010 236  1.8 8 11.7  91    0   22 353 -405  3
3823500 2818500  9  6  8  18.7 1010 201  2.0 6 11.7  88   10  108 352 -409  3
3823500 2818500  9  6  9  20.0 1010 204  2.5 5 11.8  84   37  191 348 -421  3
3823500 2818500  9  6 10  21.3 1010 207  2.7 5 12.0  78   92  263 351 -436  3
3823500 2818500  9  6 11  22.9 1011 220  2.9 4 12.4  74  249  292 357 -452  3
3823500 2818500  9  6 12  23.3 1010 223  3.1 4 12.3  69  202  339 360 -465  3
3823500 2818500  9  6 13  23.9 1010 228  3.7 3 11.9  65  332  305 362 -474  3
3823500 2818500  9  6 14  24.4 1009 242  3.4 2 11.9  63  389  247 362 -480  3
3823500 2818500  9  6 15  25.0 1009 245  3.1 2 12.0  61  351  213 364 -481  3
3823500 2818500  9  6 16  24.9 1008 260  3.3 2 12.0  60  288  178 367 -478  3
3823500 2818500  9  6 17  24.7 1008 250  2.8 1 12.1  61  185  140 365 -471  3
3823500 2818500  9  6 18  23.8 1008 261  1.7 2 12.2  64   85   93 363 -461  3
3823500 2818500  9  6 19  22.5 1008 243  0.8 4 12.5  69   13   24 363 -450  3
3823500 2818500  9  6 20  19.4 1007 214  0.1 5 12.4  79    0    0 361 -438  3
3823500 2818500  9  6 21  18.5 1006 217  0.3 3 12.2  88    0    0 351 -430  3
3823500 2818500  9  6 22  17.9 1006 204  0.1 2 12.0  91    0    0 341 -424  3
3823500 2818500  9  6 23  17.2 1006 204  0.1 2 11.6  91    0    0 335 -418  3
3823500 2818500  9  6 24  16.4 1006 179  0.1 2 11.2  93    0    0 333 -413  3
3823500 2818500  9  7  1  16.6 1006 169  0.4 2 11.0  93    0    0 332 -408  3
3823500 2818500  9  7  2  15.9 1005 161  0.1 2 10.8  92    0    0 333 -405  3
3823500 2818500  9  7  3  15.2 1005 140  0.2 2 10.6  95    0    0 332 -402  3
3823500 2818500  9  7  4  15.4 1005 148  0.2 3 10.6  96    0    0 334 -402  3
3823500 2818500  9  7  5  15.5 1004 174  0.5 5 10.8  97    0    0 341 -404  3
3823500 2818500  9  7  6  15.8 1004 177  0.2 3 10.8  96    0    0 341 -405  3
3823500 2818500  9  7  7  15.4 1004 202  0.8 4 10.9  97    9   39 337 -406  3
3823500 2818500  9  7  8  17.4 1004 201  1.0 3 11.7  99   37  119 340 -407  3
3823500 2818500  9  7  9  18.5 1004 257  1.1 5 12.3  94   26  181 348 -407  3
3823500 2818500  9  7 10  18.8 1004 288  3.2 7 12.3  90    0   87 363 -407  3
3823500 2818500  9  7 11  17.5 1004 314  3.1 7 11.8  89    0   70 368 -410  3
3823500 2818500  9  7 12  16.8 1005 322  2.7 8 11.0  89    0   78 367 -415  3
3823500 2818500  9  7 13  17.2 1006 313  3.8 8 10.9  89    0   73 372 -422  3
3823500 2818500  9  7 14  17.9 1006 303  2.7 7 10.6  84    0  144 370 -433  3
3823500 2818500  9  7 15  18.2 1007 328  2.8 4  9.5  73   57  276 355 -440  3
3823500 2818500  9  7 16  18.2 1008 331  3.6 5  8.5  65   52  223 347 -436  3
3823500 2818500  9  7 17  18.5 1008 326  3.1 5  8.1  61   97  158 349 -427  3
3823500 2818500  9  7 18  16.9 1009 310  2.5 3  7.7  60   80   83 337 -417  3
3823500 2818500  9  7 19  15.7 1009 304  2.6 3  7.3  63   15   21 322 -407  3
3823500 2818500  9  7 20  14.5 1010 290  2.7 4  7.3  68    0    0 321 -397  3
3823500 2818500  9  7 21  14.2 1011 277  2.0 4  7.5  73    0    0 323 -390  3
3823500 2818500  9  7 22  13.4 1012 276  2.0 3  7.8  79    0    0 319 -385  3
3823500 2818500  9  7 23  13.4 1013 281  1.9 3  7.9  82    0    0 314 -380  3
3823500 2818500  9  7 24  12.7 1013 280  1.3 1  7.9  84    0    0 302 -377  3
3823500 2818500  9  8  1  11.8 1014 277  1.5 1  7.7  87    0    0 288 -373  3
3823500 2818500  9  8  2  11.2 1014 280  1.4 0  7.4  88    0    0 279 -370  3
3823500 2818500  9  8  3  11.3 1015 289  1.4 0  7.3  88    0    0 272 -368  3
3823500 2818500  9  8  4  11.4 1015 279  1.4 2  7.2  87    0    0 283 -365  3
3823500 2818500  9  8  5  10.9 1016 276  1.2 3  7.2  87    0    0 299 -364  3
3823500 2818500  9  8  6  10.9 1017 278  1.6 3  7.1  87    0    0 302 -362  3
3823500 2818500  9  8  7  11.3 1017 273  1.3 3  7.2  88   15   34 300 -361  3
3823500 2818500  9  8  8  13.2 1018 295  1.2 2  7.5  84  119   78 297 -364  3
3823500 2818500  9  8  9  15.1 1019 306  2.4 2  7.6  76  265   91 296 -376  3
3823500 2818500  9  8 10  16.4 1019 335  3.8 2  7.6  69  302  157 300 -391  3
3823500 2818500  9  8 11  17.2 1020 332  3.6 3  7.3  62  216  256 309 -406  3
3823500 2818500  9  8 12  17.5 1020 337  3.3 5  7.0  57  141  305 324 -417  3
3823500 2818500  9  8 13  18.0 1020 328  3.0 4  6.9  55  221  294 328 -426  3
3823500 2818500  9  8 14  17.9 1020 351  2.5 3  6.8  53  225  275 316 -430  3
3823500 2818500  9  8 15  18.8 1021   4  2.5 4  6.7  51  198  243 316 -431  3
3823500 2818500  9  8 16  19.1 1021 322  3.1 3  6.7  50  222  170 319 -432  3
3823500 2818500  9  8 17  18.1 1021 349  2.2 3  6.9  52  150  120 316 -425  3
3823500 2818500  9  8 18  17.1 1021 358  2.0 2  7.0  56   94   64 311 -416  3
3823500 2818500  9  8 19  15.5 1021 350  1.1 2  6.9  60    9   17 305 -406  3
3823500 2818500  9  8 20  12.9 1021 341  0.1 2  6.7  67    0    0 299 -395  3
3823500 2818500  9  8 21  11.3 1021 332  0.1 0  6.6  76    0    0 282 -387  3
3823500 2818500  9  8 22  10.7 1021 347  0.3 0  6.5  80    0    0 270 -380  3
3823500 2818500  9  8 23   9.7 1021 355  0.1 0  6.3  82    0    0 268 -375  3
3823500 2818500  9  8 24   8.7 1021  44  0.0 0  6.1  85    0    0 265 -372  3
3823500 2818500  9  9  1   8.0 1021 327  0.0 0  6.2  91    0    0 262 -369  3
3823500 2818500  9  9  2   7.2 1021 330  0.1 0  6.2  96    0    0 259 -366  3
3823500 2818500  9  9  3   6.7 1021  57  0.0 0  6.0  98    0    0 258 -364  3
3823500 2818500  9  9  4   5.9 1021  60  0.0 0  5.8  99    0    0 256 -362  3
3823500 2818500  9  9  5   5.9 1021  98  0.0 0  5.7  99    0    0 255 -360  3
3823500 2818500  9  9  6   5.5 1021  51  0.0 0  5.6  99    0    0 255 -358  3
3823500 2818500  9  9  7   6.5 1021  70  0.0 0  5.7  99   19   34 256 -358  3
3823500 2818500  9  9  8  10.3 1021  53  0.2 0  6.8  99  119   78 264 -362  3
3823500 2818500  9  9  9  13.1 1021  79  0.8 0  7.8  92  248  100 275 -374  3
3823500 2818500  9  9 10  16.2 1021  88  1.5 0  8.1  78  380  106 285 -392  3
3823500 2818500  9  9 11  16.8 1021  90  1.1 1  7.9  68  356  192 296 -410  3
3823500 2818500  9  9 12  17.2 1021 102  2.0 2  7.7  64  405  202 308 -425  3
3823500 2818500  9  9 13  18.3 1021  88  2.2 1  7.7  61  605   83 312 -436  3
3823500 2818500  9  9 14  18.9 1020  72  2.1 1  7.8  59  590   79 312 -442  3
3823500 2818500  9  9 15  19.3 1019  62  2.4 0  8.0  58  510   84 311 -443  3
3823500 2818500  9  9 16  19.6 1019  66  2.3 0  8.0  57  393   87 309 -441  3
3823500 2818500  9  9 17  19.5 1018  74  2.4 1  8.0  57  257   79 312 -435  3
3823500 2818500  9  9 18  18.5 1018  58  2.2 0  8.0  58  113   64 310 -427  3
3823500 2818500  9  9 19  16.6 1018  66  1.7 0  8.0  64   14   18 303 -417  3
3823500 2818500  9  9 20  14.9 1017  67  1.3 1  8.1  73    0    0 300 -407  3
3823500 2818500  9  9 21  14.1 1017  72  1.4 0  8.1  79    0    0 295 -399  3
3823500 2818500  9  9 22  13.3 1017  71  1.4 0  8.0  82    0    0 289 -393  3
3823500 2818500  9  9 23  12.6 1017  72  1.2 0  7.8  84    0    0 285 -389  3
3823500 2818500  9  9 24  11.7 1017  78  0.9 0  7.7  87    0    0 282 -385  3
3823500 2818500  9 10  1  11.3 1017  73  0.7 0  7.5  89    0    0 279 -382  3
3823500 2818500  9 10  2  11.4 1017  80  0.5 0  7.4  88    0    0 279 -380  3
3823500 2818500  9 10  3  10.7 1016  94  0.4 0  7.4  90    0    0 277 -378  3
3823500 2818500  9 10  4  10.1 1016 101  0.7 0  7.3  93    0    0 275 -376  3
3823500 2818500  9 10  5   9.9 1016 104  0.5 1  7.2  94    0    0 275 -375  3
3823500 2818500  9 10  6   9.2 1016 102  0.7 3  7.1  96    0    0 279 -374  3
3823500 2818500  9 10  7  10.0 1016  95  0.7 2  7.1  95   17   34 279 -373  3
3823500 2818500  9 10  8  12.6 1016  97  0.9 1  7.3  88   99   83 280 -376  3
3823500 2818500  9 10  9  15.6 1016 104  1.4 2  7.8  77  231  107 288 -386  3
3823500 2818500  9 10 10  18.2 1016  98  1.9 1  8.2  68  360  116 298 -402  3
3823500 2818500  9 10 11  19.8 1015  91  2.2 1  8.4  61  476  112 305 -419  3
3823500 2818500  9 10 12  21.7 1015  95  2.1 1  8.5  56  551  105 312 -434  3
3823500 2818500  9 10 13  22.8 1015  89  2.5 0  8.4  50  577   99 317 -446  3
3823500 2818500  9 10 14  23.7 1014 100  2.3 0  8.2  46  552   97 320 -453  3
3823500 2818500  9 10 15  24.2 1014  99  2.4 1  8.1  44  476  100 324 -456  3
3823500 2818500  9 10 16  24.3 1014  98  2.3 1  8.0  42  367   97 327 -454  3
3823500 2818500  9 10 17  24.1 1014  93  1.6 1  7.8  42  236   87 326 -449  3
3823500 2818500  9 10 18  23.1 1013 105  0.7 2  7.8  43  102   66 325 -440  3
3823500 2818500  9 10 19  20.5 1013  78  0.3 2  8.2  50   11   16 322 -429  3
3823500 2818500  9 10 20  18.9 1013  81  0.1 3  8.5  59    0    0 316 -418  3
3823500 2818500  9 10 21  17.2 1013  89  0.1 3  8.4  65    0    0 312 -410  3
3823500 2818500  9 10 22  16.6 1014 109  0.1 1  8.3  69    0    0 304 -404  3
3823500 2818500  9 10 23  15.9 1014  82  0.1 1  8.1  70    0    0 299 -398  3
3823500 2818500  9 10 24  15.1 1014 105  0.2 1  8.1  73    0    0 296 -394  3
3823500 2818500  9 11  1  13.2 1014  97  0.6 0  8.1  80    0    0 290 -391  3
3823500 2818500  9 11  2  13.5 1014 112  0.3 0  8.0  83    0    0 286 -389  3
3823500 2818500  9 11  3  12.2 1014 120  0.1 1  7.8  85    0    0 285 -386  3
3823500 2818500  9 11  4  11.7 1013  95  0.1 1  7.7  88    0    0 284 -383  3
3823500 2818500  9 11  5  11.0 1013 101  0.0 0  7.7  91    0    0 280 -380  3
3823500 2818500  9 11  6  11.8 1013  90  0.0 1  7.6  90    0    0 280 -377  3
3823500 2818500  9 11  7  12.0 1013  76  0.1 0  7.7  89   13   32 282 -375  3
3823500 2818500  9 11  8  16.1 1013 111  0.1 0  8.2  82   91   86 285 -378  3
3823500 2818500  9 11  9  18.8 1013 145  0.1 0  8.8  70  204  120 295 -388  3
3823500 2818500  9 11 10  20.7 1013 142  0.6 0  9.2  64  322  139 302 -403  3
3823500 2818500  9 11 11  22.5 1013 140  0.9 0  9.7  60  440  135 310 -420  3
3823500 2818500  9 11 12  24.4 1013 139  0.9 0 10.3  57  510  133 319 -436  3
3823500 2818500  9 11 13  25.2 1013 151  1.0 0 10.7  54  548  121 327 -449  3
3823500 2818500  9 11 14  26.0 1013 155  1.0 0 10.6  51  523  118 330 -457  3
3823500 2818500  9 11 15  26.3 1012 156  0.7 1 10.6  50  438  120 335 -460  3
3823500 2818500  9 11 16  26.8 1012 150  0.2 1 10.7  49  314  118 340 -459  3
3823500 2818500  9 11 17  25.8 1011 126  0.1 1 10.5  49  202   97 338 -452  3
3823500 2818500  9 11 18  24.8 1011 100  0.5 1 10.9  54   76   68 336 -442  3
3823500 2818500  9 11 19  22.7 1011  47  0.1 1 11.5  62    7   15 330 -431  3
3823500 2818500  9 11 20  19.4 1010  28  0.1 1 11.4  73    0    0 321 -421  3
3823500 2818500  9 11 21  18.9 1010  45  0.1 1 11.2  80    0    0 313 -412  3
3823500 2818500  9 11 22  17.7 1010  56  0.1 1 10.8  82    0    0 310 -406  3
3823500 2818500  9 11 23  17.1 1010 139  0.1 1 10.6  85    0    0 307 -402  3
3823500 2818500  9 11 24  15.9 1010 100  0.1 1 10.4  88    0    0 303 -397  3
3823500 2818500  9 12  1  16.1 1010  94  0.1 0 10.2  89    0    0 298 -393  3
3823500 2818500  9 12  2  15.8 1010  95  0.1 0 10.3  90    0    0 296 -389  3
3823500 2818500  9 12  3  16.1 1010 125  0.1 0 10.3  90    0    0 295 -386  3
3823500 2818500  9 12  4  15.8 1010 115  0.1 0 10.1  88    0    0 295 -384  3
3823500 2818500  9 12  5  15.6 1009 111  0.1 0  9.9  88    0    0 294 -382  3
3823500 2818500  9 12  6  14.7 1009 118  0.1 1  9.7  90    0    0 294 -379  3
3823500 2818500  9 12  7  16.0 1009 130  0.1 1 10.0  91   10   32 297 -376  3
3823500 2818500  9 12  8  18.4 1009 128  0.1 0 10.9  88   83   90 300 -377  3
3823500 2818500  9 12  9  21.0 1009 141  0.3 0 11.5  80  188  131 304 -386  3
3823500 2818500  9 12 10  23.2 1010 135  1.1 0 11.9  71  307  152 312 -401  3
3823500 2818500  9 12 11  24.8 1010 156  1.1 0 12.4  66  419  154 319 -418  3
3823500 2818500  9 12 12  26.3 1010 146  1.4 0 12.8  62  491  153 326 -435  3
3823500 2818500  9 12 13  27.6 1010 164  1.6 0 12.6  56  523  145 332 -448  3
3823500 2818500  9 12 14  28.6 1010 174  2.0 0 12.3  51  498  141 338 -457  3
3823500 2818500  9 12 15  29.1 1009 179  1.4 0 12.0  48  423  138 341 -460  3
3823500 2818500  9 12 16  29.0 1009 158  1.2 0 11.7  46  322  125 341 -460  3
3823500 2818500  9 12 17  28.9 1009 156  0.8 0 11.5  46  200  105 341 -454  3
3823500 2818500  9 12 18  27.6 1008 127  0.1 0 11.9  49   82   71 339 -445  3
3823500 2818500  9 12 19  23.4 1008  87  0.1 0 12.2  59    7   16 329 -434  3
3823500 2818500  9 12 20  21.7 1008 114  0.1 0 11.6  67    0    0 318 -423  3
3823500 2818500  9 12 21  19.9 1007 118  0.2 0 11.4  74    0    0 311 -415  3
3823500 2818500  9 12 22  18.9 1007 124  0.2 0 11.1  78    0    0 305 -409  3
3823500 2818500  9 12 23  17.8 1007 128  0.4 1 10.7  81    0    0 302 -404  3
3823500 2818500  9 12 24  16.7 1007 119  0.5 3 10.2  84    0    0 300 -399  3
3823500 2818500  9 13  1  15.6 1007 109  0.6 4  9.7  86    0    0 339 -386  3
3823500 2818500  9 13  2  14.7 1007 106  0.5 6  9.3  87    0    0 332 -383  3
3823500 2818500  9 13  3  14.0 1007 113  0.4 7  9.0  89    0    0 333 -380  3
3823500 2818500  9 13  4  13.7 1006 153  0.3 7  9.0  90    0    0 332 -377  3
3823500 2818500  9 13  5  13.6 1006 153  0.4 7  8.9  90    0    0 331 -374  3
3823500 2818500  9 13  6  13.0 1006 344  0.3 7  8.8  92    0    0 331 -372  3
3823500 2818500  9 13  7  13.0 1006   9  0.0 7  8.8  93    0   15 331 -370  3
3823500 2818500  9 13  8  13.7 1006  68  0.4 6  9.2  95    0   71 328 -374  3
3823500 2818500  9 13  9  14.3 1006  37  0.3 6  9.4  94    2  127 323 -384  3
3823500 2818500  9 13 10  14.8 1005  31  1.4 7  9.5  91    0  116 332 -400  3
3823500 2818500  9 13 11  14.3 1005  32  1.8 8  9.6  92    0   62 347 -416  3
3823500 2818500  9 13 12  14.1 1005 349  1.4 8  9.7  95    0   77 353 -430  3
3823500 2818500  9 13 13  14.0 1005 350  1.6 7  9.6  95    0   89 346 -441  3
3823500 2818500  9 13 14  13.8 1005 360  1.7 8  9.6  95    0   58 347 -444  3
3823500 2818500  9 13 15  13.4 1004   0  1.3 8  9.4  96    0   64 356 -439  3
3823500 2818500  9 13 16  12.9 1004 360  1.6 7  9.2  96    0   82 347 -435  3
3823500 2818500  9 13 17  12.9 1003  12  0.1 8  9.1  96    0   61 347 -431  3
3823500 2818500  9 13 18  12.7 1003 347  0.6 8  9.0  97    0   16 358 -427  3
3823500 2818500  9 13 19  12.8 1003 338  0.1 8  9.0  97    0    6 358 -422  3
3823500 2818500  9 13 20  12.7 1003 302  0.4 8  9.1  97    0    0 360 -417  3
3823500 2818500  9 13 21  12.5 1003 306  0.9 8  9.1  98    0    0 359 -413  3
3823500 2818500  9 13 22  12.6 1003 283  0.7 8  9.1  99    0    0 358 -410  3
3823500 2818500  9 13 23  12.7 1002 299  0.2 8  9.1  98    0    0 359 -404  3
3823500 2818500  9 13 24  12.7 1002 286  0.5 8  9.1  98    0    0 360 -398  3
3823500 2818500  9 14  1  12.8 1002 284  0.7 8  9.1  97    0    0 362 -397  3
3823500 2818500  9 14  2  12.7 1002 272  2.3 8  9.0  96    0    0 362 -396  3
3823500 2818500  9 14  3  12.6 1002 259  1.2 8  8.9  96    0    0 363 -397  3
3823500 2818500  9 14  4  12.4 1002 265  2.0 7  8.8  96    0    0 358 -397  3
3823500 2818500  9 14  5  12.3 1002 267  2.1 7  8.6  95    0    0 354 -397  3
3823500 2818500  9 14  6  12.1 1001 257  2.6 7  8.6  96    0    0 353 -395  3
3823500 2818500  9 14  7  11.8 1002 254  1.7 7  8.5  96    1   24 353 -394  3
3823500 2818500  9 14  8  12.1 1002 236  1.8 7  8.5  96   10   90 354 -394  3
3823500 2818500  9 14  9  13.1 1002 254  2.8 8  8.8  96    7  140 363 -394  3
3823500 2818500  9 14 10  14.4 1002 260  3.1 5  9.2  92  102  229 357 -395  3
3823500 2818500  9 14 11  15.9 1002 266  3.3 4  9.2  84  163  266 340 -396  3
3823500 2818500  9 14 12  17.5 1002 240  2.7 3  8.9  74  238  273 336 -397  3
3823500 2818500  9 14 13  18.3 1002 236  3.6 2  8.3  64  243  278 330 -398  3
3823500 2818500  9 14 14  18.9 1002 239  4.0 2  7.9  59  284  242 331 -400  3
3823500 2818500  9 14 15  18.5 1002 235  3.5 2  8.0  58  395  133 333 -409  3
3823500 2818500  9 14 16  18.6 1001 215  3.6 3  7.9  58  271  133 337 -419  3
3823500 2818500  9 14 17  17.9 1001 233  3.4 2  7.5  57  185  101 336 -420  3
3823500 2818500  9 14 18  17.0 1001 217  0.8 2  7.4  59   74   66 329 -416  3
3823500 2818500  9 14 19  14.9 1001 211  1.1 4  7.5  65    9   20 332 -413  3
3823500 2818500  9 14 20  12.3 1001 183  0.4 4  7.5  76    0    0 334 -409  3
3823500 2818500  9 14 21  11.9 1001 189  0.2 5  7.5  84    0    0 333 -406  3
3823500 2818500  9 14 22  11.4 1002 185  0.4 5  7.6  87    0    0 336 -404  3
3823500 2818500  9 14 23  10.9 1002 163  0.7 4  7.5  90    0    0 328 -401  3
3823500 2818500  9 14 24  10.5 1001 162  0.5 3  7.4  91    0    0 317 -399  3
3823500 2818500  9 15  1  10.0 1001 172  0.1 3  7.2  91    0    0 311 -398  3
3823500 2818500  9 15  2   9.5 1001 167  0.8 2  7.0  91    0    0 303 -397  3
3823500 2818500  9 15  3   9.0 1001 155  0.5 2  6.8  92    0    0 297 -397  3
3823500 2818500  9 15  4   8.5 1000 155  0.6 2  6.6  92    0    0 294 -397  3
3823500 2818500  9 15  5   9.1 1000 159  0.5 3  6.6  92    0    0 298 -396  3
3823500 2818500  9 15  6   9.2 1000 165  0.9 5  6.7  92    0    0 316 -396  3
3823500 2818500  9 15  7   9.7  999 158  0.8 6  6.8  91   10   19 332 -395  3
3823500 2818500  9 15  8  10.3 1000 154  0.9 6  6.9  90   38   73 338 -394  3
3823500 2818500  9 15  9  11.3  999 142  0.9 7  7.3  89   34  136 346 -395  3
3823500 2818500  9 15 10  13.4  999 185  1.5 6  7.7  85   52  186 351 -397  3
3823500 2818500  9 15 11  14.3  999 182  1.6 7  7.9  79   26  208 357 -398  3
3823500 2818500  9 15 12  15.5  999 189  1.3 7  8.2  76   28  228 365 -397  3
3823500 2818500  9 15 13  17.3  999 204  0.6 6  8.5  72   72  236 367 -395  3
3823500 2818500  9 15 14  17.7  999 190  0.1 5  8.5  67  209  179 362 -393  3
3823500 2818500  9 15 15  18.8  998 192  0.6 6  8.2  61  102  185 364 -393  3
3823500 2818500  9 15 16  18.8  998 165  0.1 7  8.1  58   42  147 373 -391  3
3823500 2818500  9 15 17  17.4  998 113  0.3 5  8.2  63  158   50 368 -389  3
3823500 2818500  9 15 18  16.1  998 215  1.2 6  8.4  70   48   41 360 -388  3
3823500 2818500  9 15 19  15.1  998 192  0.3 7  8.4  75    8   10 361 -387  3
3823500 2818500  9 15 20  14.1  999 195  0.6 7  8.3  78    0    0 361 -386  3
3823500 2818500  9 15 21  14.0  999 197  0.4 7  8.4  82    0    0 358 -385  3
3823500 2818500  9 15 22  13.6 1000 201  0.4 8  8.5  85    0    0 363 -384  3
3823500 2818500  9 15 23  12.0 1000 187  0.2 7  8.3  89    0    0 358 -384  3
3823500 2818500  9 15 24  11.4 1000 186  0.2 2  7.8  90    0    0 325 -383  3
3823500 2818500  9 16  1  10.5 1000 176  0.1 1  7.8  94    0    0 295 -382  3
3823500 2818500  9 16  2  10.0 1000 177  0.2 2  7.9 100    0    0 293 -382  3
3823500 2818500  9 16  3  10.2 1000 142  0.1 2  7.8 100    0    0 297 -381  3
3823500 2818500  9 16  4   9.9 1000 145  0.0 3  7.8 100    0    0 302 -380  3
3823500 2818500  9 16  5  10.4 1000 155  0.2 3  7.6  97    0    0 307 -380  3
3823500 2818500  9 16  6   9.9 1000  89  0.1 4  7.6  97    0    0 313 -380  3
3823500 2818500  9 16  7  10.5 1000 140  0.1 4  7.6  96    7   20 319 -380  3
3823500 2818500  9 16  8  11.9 1000 112  0.2 4  7.7  92   51   69 323 -381  3
3823500 2818500  9 16  9  13.4 1000 166  0.6 5  8.1  87   46  138 331 -381  3
3823500 2818500  9 16 10  15.6 1001 184  1.1 5  8.3  79   68  186 342 -382  3
3823500 2818500  9 16 11  15.6 1001 164  1.1 6  8.6  76   60  219 351 -383  3
3823500 2818500  9 16 12  17.2 1001 185  1.1 5  8.7  74  444   91 355 -385  3
3823500 2818500  9 16 13  18.8 1001 194  1.4 5  8.7  67  515   59 357 -386  3
3823500 2818500  9 16 14  19.1 1000 166  2.3 6  8.7  63  229  150 364 -388  3
3823500 2818500  9 16 15  18.9 1000 154  1.9 7  8.4  60   21  173 372 -392  3
3823500 2818500  9 16 16  18.8 1000 164  2.3 7  8.5  62   21  132 377 -395  3
3823500 2818500  9 16 17  17.7 1000 160  1.2 8  8.7  65   19   92 379 -396  3
3823500 2818500  9 16 18  17.0 1000 149  1.1 6  8.5  68   59   36 372 -396  3
3823500 2818500  9 16 19  16.2 1001 128  0.5 6  8.7  73   11   12 361 -395  3
3823500 2818500  9 16 20  15.0 1001 137  0.4 5  8.7  78    0    0 353 -393  3
3823500 2818500  9 16 21  14.9 1002 119  0.5 5  8.6  80    0    0 345 -391  3
3823500 2818500  9 16 22  13.8 1002 126  0.9 6  8.6  83    0    0 349 -390  3
3823500 2818500  9 16 23  12.8 1002 166  0.4 5  8.5  88    0    0 345 -390  3
3823500 2818500  9 16 24  12.7 1003 120  0.2 3  8.4  90    0    0 328 -389  3
3823500 2818500  9 17  1  11.7 1003 144  0.1 4  8.0  89    0    0 320 -387  3
3823500 2818500  9 17  2  11.1 1004 117  0.5 4  7.5  88    0    0 322 -384  3
3823500 2818500  9 17  3  11.3 1004  93  0.5 2  7.4  88    0    0 313 -383  3
3823500 2818500  9 17  4  10.9 1004 101  0.8 1  7.5  90    0    0 302 -383  3
3823500 2818500  9 17  5  10.4 1005 136  1.0 1  7.4  91    0    0 298 -384  3
3823500 2818500  9 17  6  10.4 1005 174  1.1 2  7.2  91    0    0 301 -383  3
3823500 2818500  9 17  7  10.7 1005 130  1.4 2  7.3  91    1   22 304 -383  3
3823500 2818500  9 17  8  12.8 1006 198  1.1 3  7.7  89   54   91 309 -386  3
3823500 2818500  9 17  9  14.8 1006 167  1.1 3  8.3  83  151  143 320 -388  3
3823500 2818500  9 17 10  16.8 1007 144  1.4 2  8.6  76  250  178 323 -391  3
3823500 2818500  9 17 11  18.1 1007 177  1.8 2  8.8  70  340  199 326 -395  3
3823500 2818500  9 17 12  19.3 1007 187  1.1 2  8.7  64  364  226 329 -397  3
3823500 2818500  9 17 13  20.2 1007 193  1.1 4  8.4  58  208  274 342 -393  3
3823500 2818500  9 17 14  20.3 1007 159  1.0 4  8.2  55  194  259 356 -393  3
3823500 2818500  9 17 15  20.5 1008 151  1.3 3  8.1  54  209  213 355 -395  3
3823500 2818500  9 17 16  20.4 1008 151  1.1 4  7.9  52  137  182 355 -394  3
3823500 2818500  9 17 17  20.0 1008 147  0.7 4  7.8  53  130  113 356 -393  3
3823500 2818500  9 17 18  19.9 1008 123  1.0 6  8.0  55   46   66 360 -391  3
3823500 2818500  9 17 19  16.6 1008 106  0.4 3  8.0  60    5   15 347 -387  3
3823500 2818500  9 17 20  14.1 1009  71  0.6 3  7.5  68    0    0 322 -384  3
3823500 2818500  9 17 21  12.7 1009  64  0.1 2  7.2  75    0    0 308 -382  3
3823500 2818500  9 17 22  11.7 1009  63  0.1 2  7.3  82    0    0 297 -380  3
3823500 2818500  9 17 23  11.1 1010  60  0.1 2  7.3  87    0    0 293 -378  3
3823500 2818500  9 17 24  11.0 1010  57  0.1 0  7.4  90    0    0 283 -379  3
3823500 2818500  9 18  1  10.3 1010  70  0.1 1  7.4  92    0    0 274 -379  3
3823500 2818500  9 18  2  10.2 1010  66  0.1 1  7.2  93    0    0 277 -379  3
3823500 2818500  9 18  3  10.5 1011  81  0.1 0  7.2  91    0    0 271 -379  3
3823500 2818500  9 18  4  10.7 1010  35  0.0 1  7.3  91    0    0 272 -379  3
3823500 2818500  9 18  5  10.3 1010  46  0.1 0  7.3  92    0    0 271 -379  3
3823500 2818500  9 18  6  10.2 1010  35  0.4 1  7.3  93    0    0 270 -379  3
3823500 2818500  9 18  7  10.2 1010  36  1.0 2  7.4  95    0   16 281 -378  3
3823500 2818500  9 18  8  12.5 1010  56  0.4 3  8.0  95   52   89 296 -379  3
3823500 2818500  9 18  9  15.9 1011  69  2.2 3  8.7  85  147  141 310 -382  3
3823500 2818500  9 18 10  17.5 1011  79  3.2 3  8.8  74  247  175 320 -388  3
3823500 2818500  9 18 11  19.7 1011  67  2.7 4  9.0  67  306  210 334 -395  3
3823500 2818500  9 18 12  20.8 1011  69  3.2 5  9.2  62  387  206 351 -400  3
3823500 2818500  9 18 13  22.0 1011  87  3.5 5  9.4  59  417  195 360 -405  3
3823500 2818500  9 18 14  22.6 1011  89  3.1 6  9.2  54  337  200 367 -408  3
3823500 2818500  9 18 15  22.5 1010 119  3.2 6  8.8  51  212  201 369 -411  3
3823500 2818500  9 18 16  21.8 1010 100  3.1 7  8.6  51   45  162 370 -411  3
3823500 2818500  9 18 17  20.9 1010  83  2.5 7  9.0  56    7   97 369 -407  3
3823500 2818500  9 18 18  19.8 1010  67  2.3 8  9.5  63    0   42 368 -401  3
3823500 2818500  9 18 19  18.5 1010  61  2.4 8  9.5  68    0    5 366 -394  3
3823500 2818500  9 18 20  17.4 1010  73  2.8 8  9.4  73    0    0 360 -387  3
3823500 2818500  9 18 21  16.6 1010  66  2.8 7  9.1  75    0    0 353 -383  3
3823500 2818500  9 18 22  15.7 1011  73  2.3 5  8.8  77    0    0 340 -380  3
3823500 2818500  9 18 23  15.3 1011  83  2.6 5  8.7  79    0    0 332 -378  3
3823500 2818500  9 18 24  14.9 1011  68  2.4 6  8.7  81    0    0 335 -378  3
3823500 2818500  9 19  1  14.8 1010  64  2.6 7  8.6  81    0    0 342 -376  3
3823500 2818500  9 19  2  14.4 1010  73  2.5 7  8.5  81    0    0 345 -375  3
3823500 2818500  9 19  3  14.0 1010  77  2.5 7  8.3  82    0    0 344 -373  3
3823500 2818500  9 19  4  13.7 1009  94  2.5 5  8.1  82    0    0 335 -372  3
3823500 2818500  9 19  5  13.2 1009  73  1.8 5  8.0  83    0    0 326 -371  3
3823500 2818500  9 19  6  12.6 1009  66  1.9 6  7.9  84    0    0 328 -371  3
3823500 2818500  9 19  7  12.3 1008  76  1.7 6  7.8  86    0   11 330 -370  3
3823500 2818500  9 19  8  13.0 1008  74  3.3 5  7.9  86   11   87 326 -373  3
3823500 2818500  9 19  9  14.5 1008  68  4.0 5  8.2  83   77  169 325 -380  3
3823500 2818500  9 19 10  16.4 1008  75  4.3 6  8.5  77  165  222 334 -390  3
3823500 2818500  9 19 11  17.9 1007  67  4.8 6  8.4  68  251  252 343 -400  3
3823500 2818500  9 19 12  19.4 1007  61  5.0 5  8.1  60  305  268 344 -409  3
3823500 2818500  9 19 13  19.9 1007  63  5.9 4  7.7  53  338  253 341 -415  3
3823500 2818500  9 19 14  19.9 1006  80  5.8 4  7.4  50  332  238 338 -419  3
3823500 2818500  9 19 15  18.8 1006  67  6.1 4  7.4  53  269  212 337 -420  3
3823500 2818500  9 19 16  17.8 1005  60  5.4 5  7.7  58  107  187 336 -418  3
3823500 2818500  9 19 17  17.1 1004  60  5.4 6  7.8  62   45  123 340 -413  3
3823500 2818500  9 19 18  16.4 1004  77  5.2 6  7.9  66   26   63 341 -404  3
3823500 2818500  9 19 19  14.7 1004  62  5.1 6  7.7  70    2   11 336 -396  3
3823500 2818500  9 19 20  13.5 1004  62  4.9 6  7.4  73    0    0 330 -389  3
3823500 2818500  9 19 21  12.6 1004  47  3.4 6  7.2  76    0    0 326 -387  3
3823500 2818500  9 19 22  12.3 1004  29  3.0 5  7.3  80    0    0 320 -385  3
3823500 2818500  9 19 23  12.2 1004  30  2.7 6  7.5  84    0    0 322 -383  3
3823500 2818500  9 19 24  11.8 1004  32  3.1 6  7.6  86    0    0 328 -380  3
3823500 2818500  9 20  1  11.6 1004  30  3.5 6  7.6  87    0    0 328 -378  3
3823500 2818500  9 20  2  11.7 1003  37  4.0 7  7.4  86    0    0 331 -376  3
3823500 2818500  9 20  3  11.9 1003  38  4.1 7  7.3  84    0    0 335 -376  3
3823500 2818500  9 20  4  11.9 1002  52  3.1 7  7.3  83    0    0 336 -378  3
3823500 2818500  9 20  5  11.7 1002  19  2.4 7  7.1  82    0    0 336 -381  3
3823500 2818500  9 20  6  11.7 1002  25  3.6 6  7.1  82    0    0 333 -383  3
3823500 2818500  9 20  7  11.8 1002  25  3.2 7  7.2  83    0   16 333 -384  3
3823500 2818500  9 20  8  12.0 1002  21  3.9 7  7.3  83    7   73 340 -385  3
3823500 2818500  9 20  9  12.6 1002  18  4.5 7  7.5  84   10  130 341 -388  3
3823500 2818500  9 20 10  13.7 1002  24  5.5 6  7.6  80   31  193 339 -394  3
3823500 2818500  9 20 11  15.4 1002  15  5.1 5  7.5  72   72  235 333 -400  3
3823500 2818500  9 20 12  15.6 1002  27  5.4 5  7.4  66   43  228 332 -402  3
3823500 2818500  9 20 13  16.1 1002  23  4.5 5  7.4  65   16  203 334 -401  3
3823500 2818500  9 20 14  16.0 1002   6  4.8 3  7.3  64   53  208 326 -404  3
3823500 2818500  9 20 15  15.5 1002 359  4.2 5  7.1  63   26  180 326 -406  3
3823500 2818500  9 20 16  15.3 1002 347  6.1 3  7.0  64   91  141 326 -405  3
3823500 2818500  9 20 17  14.6 1002  10  5.1 4  7.0  65   70   95 319 -399  3
3823500 2818500  9 20 18  14.2 1003   8  4.0 6  6.8  66   30   48 329 -395  3
3823500 2818500  9 20 19  13.5 1003 351  2.4 6  6.8  68    0    7 335 -394  3
3823500 2818500  9 20 20  12.3 1004 347  3.1 5  6.7  72    0    0 328 -393  3
3823500 2818500  9 20 21  11.6 1004 339  2.7 5  6.7  76    0    0 321 -391  3
3823500 2818500  9 20 22  10.6 1005 340  1.9 4  6.7  80    0    0 312 -390  3
3823500 2818500  9 20 23  10.1 1006 331  1.1 3  6.6  84    0    0 301 -388  3
3823500 2818500  9 20 24   9.5 1006 309  0.4 2  6.6  86    0    0 289 -387  3
3823500 2818500  9 21  1   8.7 1006 315  0.1 2  6.5  90    0    0 281 -386  3
3823500 2818500  9 21  2   7.0 1007 305  0.1 1  6.1  92    0    0 271 -385  3
3823500 2818500  9 21  3   6.3 1007 286  0.2 1  5.7  93    0    0 260 -384  3
3823500 2818500  9 21  4   7.2 1007 306  0.1 0  5.7  93    0    0 256 -384  3
3823500 2818500  9 21  5   6.0 1007 307  0.5 0  5.8  96    0    0 250 -385  3
3823500 2818500  9 21  6   6.8 1008 273  0.4 1  5.9  97    0    0 254 -384  3
3823500 2818500  9 21  7   6.3 1008 270  0.1 1  5.8  95    1   15 259 -383  3
3823500 2818500  9 21  8   9.1 1009 246  0.1 1  6.3  96   69   65 263 -383  3
3823500 2818500  9 21  9  11.4 1009 303  2.7 1  7.3  94  205   76 271 -387  3
3823500 2818500  9 21 10  13.2 1009 304  1.1 4  7.5  84  236  129 293 -393  3
3823500 2818500  9 21 11  13.4 1010 305  1.8 7  7.7  81   29  215 326 -401  3
3823500 2818500  9 21 12  14.5 1010 290  3.3 7  8.2  82    0  153 344 -408  3
3823500 2818500  9 21 13  14.9 1010 301  2.1 7  8.7  82   52  218 347 -415  3
3823500 2818500  9 21 14  14.3 1010 284  2.0 7  8.8  84   49  202 347 -417  3
3823500 2818500  9 21 15  15.5 1010 283  2.8 7  9.0  85   96  179 349 -416  3
3823500 2818500  9 21 16  15.3 1010 270  2.0 7  9.2  84   30  130 351 -415  3
3823500 2818500  9 21 17  14.9 1010 273  1.6 7  9.2  85    0   61 349 -410  3
3823500 2818500  9 21 18  14.1 1010 273  1.5 7  9.2  89   30   45 346 -403  3
3823500 2818500  9 21 19  13.8 1010 275  2.0 6  9.3  93    1    8 338 -394  3
3823500 2818500  9 21 20  13.7 1010 288  0.9 7  9.3  94    0    0 334 -387  3
3823500 2818500  9 21 21  13.8 1011 304  0.8 7  9.3  94    0    0 334 -381  3
3823500 2818500  9 21 22  13.5 1011 319  1.1 8  9.2  94    0    0 335 -377  3
3823500 2818500  9 21 23  13.3 1012 311  0.9 8  9.2  95    0    0 337 -373  3
3823500 2818500  9 21 24  13.1 1012 312  0.6 8  9.1  96    0    0 337 -369  3
3823500 2818500  9 22  1  13.0 1012 309  0.4 8  9.1  97    0    0 338 -366  3
3823500 2818500  9 22  2  13.0 1012 284  0.5 8  9.1  97    0    0 339 -363  3
3823500 2818500  9 22  3  12.8 1012 270  0.4 8  9.1  97    0    0 340 -361  3
3823500 2818500  9 22  4  13.0 1012 262  0.6 7  9.1  98    0    0 338 -359  3
3823500 2818500  9 22  5  12.9 1012 264  1.3 8  9.1  98    0    0 339 -358  3
3823500 2818500  9 22  6  12.8 1012 291  1.2 8  9.0  97    0    0 344 -358  3
3823500 2818500  9 22  7  12.7 1012 294  1.3 8  9.0  97    0    9 346 -359  3
3823500 2818500  9 22  8  13.0 1012 265  0.8 4  9.2  99   55   70 331 -362  3
3823500 2818500  9 22  9  13.8 1012 244  1.0 6  9.4  97   77  135 326 -371  3
3823500 2818500  9 22 10  15.2 1012 256  1.3 7  9.5  92   43  192 344 -382  3
3823500 2818500  9 22 11  16.0 1013 270  0.9 7  9.4  84   31  220 352 -393  3
3823500 2818500  9 22 12  16.7 1013 265  2.0 6  9.0  77   38  226 351 -402  3
3823500 2818500  9 22 13  16.9 1013 267  2.4 6  8.8  73   33  216 350 -404  3
3823500 2818500  9 22 14  16.9 1013 271  2.7 7  8.6  71   13  186 356 -407  3
3823500 2818500  9 22 15  17.2 1012 239  2.4 7  8.5  70    8  158 361 -407  3
3823500 2818500  9 22 16  16.7 1012 238  3.3 7  8.6  71    0   96 361 -404  3
3823500 2818500  9 22 17  16.3 1012 269  1.6 7  8.5  72    0   66 360 -402  3
3823500 2818500  9 22 18  15.8 1012 243  1.5 7  8.6  75    2   36 359 -398  3
3823500 2818500  9 22 19  15.3 1012 227  1.6 6  8.6  78    0    4 354 -394  3
3823500 2818500  9 22 20  14.9 1012 232  1.8 7  8.7  81    0    0 352 -389  3
3823500 2818500  9 22 21  14.5 1012 237  1.9 7  8.7  83    0    0 356 -387  3
3823500 2818500  9 22 22  14.2 1012 244  2.1 7  8.8  86    0    0 355 -386  3
3823500 2818500  9 22 23  14.2 1013 219  1.8 7  8.8  86    0    0 353 -385  3
3823500 2818500  9 22 24  14.5 1013 191  1.5 7  8.9  85    0    0 352 -383  3
3823500 2818500  9 23  1  15.0 1005 152  0.9 6  9.0  83    0    0 342 -420  3
3823500 2818500  9 23  2  15.6 1005 118  0.5 6  9.2  82    0    0 340 -416  3
3823500 2818500  9 23  3  16.0 1005  79  0.2 6  9.3  81    0    0 341 -412  3
3823500 2818500  9 23  4  16.1 1005  72  0.1 6  9.4  82    0    0 345 -408  3
3823500 2818500  9 23  5  15.9 1005  61  0.1 6  9.4  82    0    0 346 -405  3
3823500 2818500  9 23  6  15.6 1005  63  0.0 7  9.4  82    0    0 345 -403  3
3823500 2818500  9 23  7  15.7 1005  82  0.1 6  9.5  84    0   13 344 -401  3
3823500 2818500  9 23  8  16.8 1005  48  0.1 5  9.7  83    3   62 337 -403  3
3823500 2818500  9 23  9  18.0 1005  70  0.1 6  9.9  79   47  134 341 -413  3
3823500 2818500  9 23 10  20.2 1005  78  1.1 8 10.2  73   37  188 359 -428  3
3823500 2818500  9 23 11  21.7 1006  69  1.0 8 10.4  67    6  186 375 -444  3
3823500 2818500  9 23 12  22.5 1005  76  1.5 7 10.5  63   50  246 375 -456  3
3823500 2818500  9 23 13  23.7 1005  84  1.4 6 10.5  59  131  253 371 -463  3
3823500 2818500  9 23 14  25.9 1005  80  1.3 5 10.3  52  182  222 371 -469  3
3823500 2818500  9 23 15  24.9 1004  84  2.0 6 10.1  49   69  204 373 -472  3
3823500 2818500  9 23 16  23.8 1004  75  1.6 6 10.2  53   55  154 374 -472  3
3823500 2818500  9 23 17  23.7 1003  95  0.9 6 10.7  58   40   96 373 -467  3
3823500 2818500  9 23 18  23.3 1003  96  1.0 7 11.0  60    0   22 376 -458  3
3823500 2818500  9 23 19  21.0 1003 134  0.2 6 10.8  64    0    0 371 -444  3
3823500 2818500  9 23 20  20.0 1003 109  0.2 5 10.6  70    0    0 357 -433  3
3823500 2818500  9 23 21  18.9 1002 127  0.5 4 10.4  72    0    0 344 -429  3
3823500 2818500  9 23 22  18.1 1002 134  0.9 3 10.0  74    0    0 330 -427  3
3823500 2818500  9 23 23  17.5 1001 131  0.8 2  9.8  76    0    0 317 -425  3
3823500 2818500  9 23 24  17.5 1001 115  1.0 4  9.7  76    0    0 319 -425  3
3823500 2818500  9 24  1  17.5 1001 112  1.2 5  9.2  72    0    0 331 -424  3
3823500 2818500  9 24  2  17.2 1001 120  0.9 6  8.6  69    0    0 339 -423  3
3823500 2818500  9 24  3  17.3 1001 124  1.0 7  8.2  66    0    0 347 -421  3
3823500 2818500  9 24  4  16.9 1001 122  0.8 7  8.1  66    0    0 350 -419  3
3823500 2818500  9 24  5  17.3 1001 126  0.9 7  8.2  66    0    0 351 -416  3
3823500 2818500  9 24  6  15.9 1000 126  1.0 7  8.1  68    0    0 350 -413  3
3823500 2818500  9 24  7  16.1 1001 137  1.4 7  8.0  70    0   11 348 -411  3
3823500 2818500  9 24  8  17.1 1001 136  1.5 6  8.2  68   19   71 347 -412  3
3823500 2818500  9 24  9  19.4 1001 139  1.4 6  8.7  66   64  138 349 -420  3
3823500 2818500  9 24 10  21.0 1002 165  1.6 4  9.3  62  115  192 349 -435  3
3823500 2818500  9 24 11  22.5 1002 168  1.8 5  9.5  57   82  240 352 -451  3
3823500 2818500  9 24 12  23.5 1002 160  1.4 6  9.7  54  163  260 363 -465  3
3823500 2818500  9 24 13  25.5 1002 172  1.3 7 10.2  52   62  262 376 -477  3
3823500 2818500  9 24 14  25.4 1002 172  1.2 6 10.5  51  188  238 380 -488  3
3823500 2818500  9 24 15  25.0 1002 227  1.4 6 10.6  52  126  210 377 -493  3
3823500 2818500  9 24 16  25.3 1001 230  1.5 4 10.8  53  193  127 371 -489  3
3823500 2818500  9 24 17  25.4 1001 251  0.7 5 11.0  54  142   82 369 -479  3
3823500 2818500  9 24 18  22.1 1001  31  0.8 6 11.1  59   28   40 370 -464  3
3823500 2818500  9 24 19  19.7 1000  22  1.6 5 11.0  70    0    0 361 -449  3
3823500 2818500  9 24 20  18.0 1000 117  0.1 5 10.8  78    0    0 351 -437  3
3823500 2818500  9 24 21  16.5 1000 113  0.0 5 10.4  83    0    0 346 -429  3
3823500 2818500  9 24 22  15.8 1000  52  0.1 3 10.1  87    0    0 335 -425  3
3823500 2818500  9 24 23  14.5  999 331  0.1 3  9.8  90    0    0 326 -421  3
3823500 2818500  9 24 24  13.8  999  23  0.2 4  9.5  92    0    0 325 -418  3
3823500 2818500  9 25  1  13.7  999  66  0.2 2  9.3  93    0    0 324 -414  3
3823500 2818500  9 25  2  12.9  999  11  0.3 3  9.1  94    0    0 322 -411  3
3823500 2818500  9 25  3  12.7  998  45  0.4 4  9.0  96    0    0 325 -409  3
3823500 2818500  9 25  4  12.6  998  87  0.3 7  8.9  96    0    0 331 -408  3
3823500 2818500  9 25  5  12.3  998 109  0.4 6  8.8  96    0    0 334 -408  3
3823500 2818500  9 25  6  12.5  998 139  0.7 5  8.6  94    0    0 331 -409  3
3823500 2818500  9 25  7  12.3  998  85  0.5 5  8.7  95    1   14 330 -409  3
3823500 2818500  9 25  8  14.2  998 121  1.1 4  9.3  96   37   71 331 -410  3
3823500 2818500  9 25  9  17.1  998 209  1.0 5 10.4  92   84  132 340 -418  3
3823500 2818500  9 25 10  18.6  998 207  1.6 6 11.4  88   37  189 352 -430  3
3823500 2818500  9 25 11  20.5  999 197  2.3 6 11.8  81   32  222 361 -442  3
3823500 2818500  9 25 12  20.4  999 179  2.4 4 11.7  77  154  258 361 -450  3
3823500 2818500  9 25 13  22.2  999 213  2.3 5 11.8  73  100  266 363 -456  3
3823500 2818500  9 25 14  22.3  999 226  3.2 5 11.5  67  116  250 370 -459  3
3823500 2818500  9 25 15  22.1  999 222  2.3 6 11.0  65   69  210 372 -455  3
3823500 2818500  9 25 16  21.3 1000 218  2.5 7 10.9  66    3  118 375 -450  3
3823500 2818500  9 25 17  20.5 1000 219  1.8 7 11.0  70    0   64 375 -446  3
3823500 2818500  9 25 18  19.8 1000 216  2.0 7 10.8  72    2   24 373 -442  3
3823500 2818500  9 25 19  18.9 1000 241  1.4 8 10.4  73    0    0 371 -437  3
3823500 2818500  9 25 20  17.9 1001 235  1.2 8 10.0  74    0    0 371 -432  3
3823500 2818500  9 25 21  17.7 1001 226  1.7 8  9.7  75    0    0 369 -428  3
3823500 2818500  9 25 22  17.3 1002 207  1.9 8  9.7  76    0    0 369 -425  3
3823500 2818500  9 25 23  16.8 1002 217  1.2 8  9.7  79    0    0 369 -423  3
3823500 2818500  9 25 24  16.7 1002 199  1.5 8  9.8  81    0    0 368 -418  3
3823500 2818500  9 26  1  16.4 1002 205  1.6 7  9.9  83    0    0 364 -413  3
3823500 2818500  9 26  2  16.3 1003 205  1.6 7 10.0  85    0    0 358 -407  3
3823500 2818500  9 26  3  16.1 1003 198  1.6 7 10.1  86    0    0 357 -401  3
3823500 2818500  9 26  4  16.0 1003 195  1.5 7 10.1  87    0    0 355 -397  3
3823500 2818500  9 26  5  16.1 1003 202  1.5 7 10.1  87    0    0 355 -393  3
3823500 2818500  9 26  6  16.0 1003 217  1.8 7 10.1  87    0    0 354 -391  3
3823500 2818500  9 26  7  16.0 1004 212  1.3 8 10.2  88    0   10 359 -389  3
3823500 2818500  9 26  8  16.3 1004 200  1.7 6 10.3  88    4   60 353 -389  3
3823500 2818500  9 26  9  16.9 1005 207  3.0 7 10.5  88    9  118 347 -395  3
3823500 2818500  9 26 10  17.4 1005 214  2.8 7 10.6  86   18  171 355 -407  3
3823500 2818500  9 26 11  17.4 1005 216  2.7 7 10.4  83    6  180 355 -420  3
3823500 2818500  9 26 12  18.0 1005 232  3.4 8 10.5  82    0  134 361 -433  3
3823500 2818500  9 26 13  18.8 1005 231  3.0 7 10.9  82    8  197 365 -442  3
3823500 2818500  9 26 14  19.0 1006 268  2.3 6 10.9  79   38  220 356 -447  3
3823500 2818500  9 26 15  17.8 1006 242  3.1 6 10.5  78   17  179 349 -449  3
3823500 2818500  9 26 16  17.9 1006 271  1.7 7 10.6  82    0   81 351 -446  3
3823500 2818500  9 26 17  17.6 1006 272  2.1 7 10.7  84    0   54 354 -438  3
3823500 2818500  9 26 18  17.1 1007 279  0.7 8 10.6  85    0   21 356 -430  3
3823500 2818500  9 26 19  16.4 1007 244  1.3 7 10.5  87    0    0 353 -419  3
3823500 2818500  9 26 20  16.3 1008 262  0.5 7 10.5  90    0    0 348 -409  3
3823500 2818500  9 26 21  15.7 1008 249  0.4 7 10.4  90    0    0 347 -401  3
3823500 2818500  9 26 22  15.4 1008 237  0.5 7 10.2  92    0    0 346 -394  3
3823500 2818500  9 26 23  14.9 1008 264  0.7 7 10.1  93    0    0 345 -388  3
3823500 2818500  9 26 24  14.7 1009 263  0.6 6 10.0  95    0    0 339 -385  3
3823500 2818500  9 27  1  14.7 1009 264  0.8 6 10.0  95    0    0 334 -383  3
3823500 2818500  9 27  2  14.3 1009 246  0.3 5  9.8  94    0    0 328 -380  3
3823500 2818500  9 27  3  14.3 1009 236  0.3 5  9.8  95    0    0 323 -375  3
3823500 2818500  9 27  4  13.6 1009 213  0.3 5  9.6  96    0    0 321 -372  3
3823500 2818500  9 27  5  12.9 1009 206  0.4 4  9.2  96    0    0 314 -370  3
3823500 2818500  9 27  6  12.7 1008 197  0.6 5  9.0  97    0    0 313 -369  3
3823500 2818500  9 27  7  12.7 1008 208  0.3 5  9.1  99    0    6 317 -368  3
3823500 2818500  9 27  8  12.8 1008 225  0.5 6  9.2 100    6   60 321 -370  3
3823500 2818500  9 27  9  13.2 1008 240  1.0 6  9.4 100    6  112 325 -377  3
3823500 2818500  9 27 10  14.0 1008 230  1.2 7  9.7  99    0  128 332 -391  3
3823500 2818500  9 27 11  14.9 1009 239  1.9 7 10.0  96    9  186 339 -407  3
3823500 2818500  9 27 12  17.0 1008 210  1.9 6 10.0  87  122  238 342 -421  3
3823500 2818500  9 27 13  18.1 1008 225  1.5 6  9.6  76  175  231 343 -433  3
3823500 2818500  9 27 14  18.6 1008 237  1.4 5  9.1  69  239  188 343 -439  3
3823500 2818500  9 27 15  18.8 1007 214  1.6 5  8.9  66  204  158 341 -441  3
3823500 2818500  9 27 16  19.2 1007 235  1.7 4  8.9  64  209   92 339 -438  3
3823500 2818500  9 27 17  18.2 1006 222  1.6 4  8.8  65  134   67 333 -432  3
3823500 2818500  9 27 18  16.9 1006 167  0.5 6  8.5  67   20   32 336 -423  3
3823500 2818500  9 27 19  14.9 1005 156  0.3 5  8.4  74    0    0 334 -415  3
3823500 2818500  9 27 20  13.6 1005 168  0.6 5  8.3  81    0    0 326 -407  3
3823500 2818500  9 27 21  12.8 1005 157  0.5 5  8.2  85    0    0 324 -403  3
3823500 2818500  9 27 22  12.5 1005 156  0.9 5  8.1  88    0    0 324 -400  3
3823500 2818500  9 27 23  13.5 1005 152  1.2 6  8.4  88    0    0 329 -399  3
3823500 2818500  9 27 24  12.8 1004 156  0.3 6  8.4  88    0    0 334 -398  3
3823500 2818500  9 28  1  12.2 1004 161  0.5 5  8.2  89    0    0 328 -397  3
3823500 2818500  9 28  2  11.3 1004 161  0.3 5  8.1  93    0    0 322 -397  3
3823500 2818500  9 28  3  11.0 1003 171  0.7 3  8.1  96    0    0 312 -397  3
3823500 2818500  9 28  4  11.4 1003 184  0.9 4  8.2  97    0    0 311 -397  3
3823500 2818500  9 28  5  10.9 1003 183  0.7 4  8.2  97    0    0 318 -396  3
3823500 2818500  9 28  6  11.4 1003 181  0.8 5  8.1  97    0    0 324 -395  3
3823500 2818500  9 28  7  11.6 1002 181  1.0 7  8.2  96    0    8 339 -395  3
3823500 2818500  9 28  8  13.1 1002 180  1.9 6  8.5  93    2   54 348 -397  3
3823500 2818500  9 28  9  15.8 1002 192  2.3 7  8.9  85    0   85 356 -400  3
3823500 2818500  9 28 10  16.7 1003 188  2.3 7  9.1  77    1  139 367 -405  3
3823500 2818500  9 28 11  17.7 1003 194  2.7 7  9.1  73   19  204 371 -409  3
3823500 2818500  9 28 12  18.4 1002 191  3.0 5  9.3  71  158  240 367 -414  3
3823500 2818500  9 28 13  19.7 1002 216  3.2 5  9.3  67  178  241 365 -420  3
3823500 2818500  9 28 14  20.1 1002 211  2.7 5  9.3  63   99  235 369 -426  3
3823500 2818500  9 28 15  20.4 1003 204  2.2 6  9.4  62   60  198 376 -429  3
3823500 2818500  9 28 16  20.7 1003 218  2.4 6  9.3  60   34  148 381 -428  3
3823500 2818500  9 28 17  20.2 1003 203  1.1 4  9.2  61   46   90 375 -426  3
3823500 2818500  9 28 18  18.8 1002 191  0.7 3  9.3  65   18   31 360 -423  3
3823500 2818500  9 28 19  15.6 1002 171  0.1 4  9.4  75    0    0 352 -419  3
3823500 2818500  9 28 20  13.8 1002 149  0.0 4  9.2  87    0    0 347 -414  3
3823500 2818500  9 28 21  12.9 1002 155  0.1 2  8.8  91    0    0 333 -410  3
3823500 2818500  9 28 22  12.8 1002 149  0.1 2  8.7  92    0    0 324 -405  3
3823500 2818500  9 28 23  11.8 1002 144  0.1 2  8.6  95    0    0 322 -399  3
3823500 2818500  9 28 24  11.8 1003 143  0.2 3  8.6  98    0    0 324 -395  3
3823500 2818500  9 29  1  12.1 1002 140  0.6 3  8.5  97    0    0 327 -394  3
3823500 2818500  9 29  2  12.1 1002 152  0.5 3  8.4  94    0    0 326 -394  3
3823500 2818500  9 29  3  11.7 1002 153  0.3 3  8.3  94    0    0 325 -393  3
3823500 2818500  9 29  4  11.6 1002 145  0.5 4  8.3  96    0    0 327 -395  3
3823500 2818500  9 29  5  11.7 1002 148  0.6 3  8.4  97    0    0 323 -397  3
3823500 2818500  9 29  6  11.4 1002 158  0.5 4  8.4  98    0    0 320 -398  3
3823500 2818500  9 29  7  11.6 1002 147  0.8 6  8.5  99    0    1 334 -398  3
3823500 2818500  9 29  8  13.1 1002 153  1.5 6  8.8  97    0   50 345 -398  3
3823500 2818500  9 29  9  14.4 1002 159  2.1 7  9.2  92    3  110 354 -403  3
3823500 2818500  9 29 10  16.9 1002 164  2.2 7  9.6  85   18  180 363 -411  3
3823500 2818500  9 29 11  19.0 1002 169  2.4 7  9.9  76   86  244 370 -419  3
3823500 2818500  9 29 12  20.4 1001 188  2.8 7 10.0  69  106  273 377 -427  3
3823500 2818500  9 29 13  21.5 1002 184  3.3 6  9.9  63  105  278 378 -433  3
3823500 2818500  9 29 14  21.9 1002 182  3.5 6  9.6  59  173  253 378 -434  3
3823500 2818500  9 29 15  22.2 1001 204  3.3 5  9.4  56  147  214 376 -434  3
3823500 2818500  9 29 16  21.9 1001 213  2.6 6  9.3  55   61  164 375 -437  3
3823500 2818500  9 29 17  21.5 1001 194  1.9 7  9.3  56   18   95 377 -437  3
3823500 2818500  9 29 18  20.1 1001 210  2.5 6  9.4  60    0   16 371 -431  3
3823500 2818500  9 29 19  18.3 1000 132  0.8 6  9.5  67    0    0 359 -422  3
3823500 2818500  9 29 20  16.6 1000 155  0.9 6  9.6  76    0    0 353 -415  3
3823500 2818500  9 29 21  16.3 1000 150  0.6 7  9.5  80    0    0 354 -412  3
3823500 2818500  9 29 22  16.9 1000 156  0.5 5  9.5  79    0    0 349 -409  3
3823500 2818500  9 29 23  17.1 1000 159  0.8 5  9.6  78    0    0 342 -406  3
3823500 2818500  9 29 24  16.5 1000 170  0.6 6  9.7  80    0    0 347 -403  3
3823500 2818500  9 30  1  16.0 1000 157  0.9 5  9.7  82    0    0 348 -400  3
3823500 2818500  9 30  2  15.7 1000 164  1.4 5  9.6  84    0    0 345 -398  3
3823500 2818500  9 30  3  15.4 1000 158  0.5 5  9.6  85    0    0 347 -398  3
3823500 2818500  9 30  4  15.5 1000 169  0.5 4  9.7  87    0    0 344 -401  3
3823500 2818500  9 30  5  15.6 1000 182  2.3 6  9.9  88    0    0 349 -404  3
3823500 2818500  9 30  6  15.3 1000 183  1.3 8 10.0  89    0    0 368 -404  3
3823500 2818500  9 30  7  15.4 1001 196  1.3 8 10.2  92    0   11 376 -405  3
3823500 2818500  9 30  8  15.9 1001 201  1.6 6 10.6  94   34   64 368 -406  3
3823500 2818500  9 30  9  16.6 1001 202  1.6 5 11.0  94   96  116 355 -409  3
3823500 2818500  9 30 10  17.8 1001 222  2.3 6 11.1  89   17  170 359 -415  3
3823500 2818500  9 30 11  18.0 1002 225  2.6 6 10.7  82    2  166 366 -423  3
3823500 2818500  9 30 12  18.1 1002 231  2.7 5 10.3  78    0  162 363 -433  3
3823500 2818500  9 30 13  19.6 1002 240  2.8 4  9.9  72  101  246 357 -442  3
3823500 2818500  9 30 14  20.1 1002 226  3.0 3  9.1  62  339  141 350 -447  3
3823500 2818500  9 30 15  20.8 1003 230  2.6 2  8.6  56  311  108 342 -447  3
3823500 2818500  9 30 16  20.9 1003 200  2.2 2  8.2  53  225   89 338 -444  3
3823500 2818500  9 30 17  20.2 1003 205  1.1 3  8.3  54   92   76 341 -436  3
3823500 2818500  9 30 18  17.7 1002 201  0.2 2  8.5  61   12   29 334 -426  3
3823500 2818500  9 30 19  13.9 1002 112  0.5 1  8.0  70    0    0 311 -413  3
3823500 2818500  9 30 20  12.2 1002 135  0.6 0  7.6  80    0    0 289 -404  3
3823500 2818500  9 30 21  11.5 1002  93  0.6 0  7.7  87    0    0 276 -399  3
3823500 2818500  9 30 22  10.5 1002 137  0.4 1  7.6  92    0    0 277 -396  3
3823500 2818500  9 30 23  10.3 1002 131  0.9 1  7.4  94    0    0 280 -394  3
3823500 2818500  9 30 24  11.1 1002 115  0.8 1  7.5  93    0    0 281 -393  3
3823500 2818500 10  1  1  11.1 1002 125  0.8 1  7.9  94    0    0 286 -391  3
3823500 2818500 10  1  2  10.4 1002 138  0.6 1  7.8  96    0    0 282 -391  3
3823500 2818500 10  1  3  10.4 1002 119  0.3 1  7.8  98    0    0 282 -393  3
3823500 2818500 10  1  4  11.2 1001 138  0.5 1  7.8  95    0    0 286 -395  3
3823500 2818500 10  1  5  11.8 1001 151  0.1 3  8.1  94    0    0 299 -395  3
3823500 2818500 10  1  6  12.0 1001 147  0.2 4  8.3  94    0    0 316 -396  3
3823500 2818500 10  1  7  12.3 1001 152  0.6 5  8.3  93    0    0 325 -397  3
3823500 2818500 10  1  8  13.4 1001 161  0.7 7  8.7  93    3   27 343 -399  3
3823500 2818500 10  1  9  14.3 1001 195  1.7 8  9.4  94    2   55 362 -402  3
3823500 2818500 10  1 10  16.6 1001 170  2.4 7 10.1  91   58  116 368 -411  3
3823500 2818500 10  1 11  18.7 1001 195  2.9 6 10.5  82  137  254 365 -417  3
3823500 2818500 10  1 12  19.7 1001 205  3.8 6 10.2  72  148  259 366 -421  3
3823500 2818500 10  1 13  20.1 1002 193  3.6 7  9.7  66  120  226 371 -425  3
3823500 2818500 10  1 14  20.3 1001 213  3.9 7  9.1  61   88  210 375 -432  3
3823500 2818500 10  1 15  20.4 1001 193  4.8 6  9.0  60   74  171 370 -437  3
3823500 2818500 10  1 16  19.6 1001 187  3.4 6  8.9  60   48  117 364 -436  3
3823500 2818500 10  1 17  18.9 1000 189  2.9 7  8.7  62    6   48 365 -431  3
3823500 2818500 10  1 18  18.3  999 198  4.2 7  8.9  65    2   10 365 -426  3
3823500 2818500 10  1 19  17.4  999 198  3.8 6  9.0  69    0    0 356 -421  3
3823500 2818500 10  1 20  17.2  999 177  2.5 6  8.9  71    0    0 346 -415  3
3823500 2818500 10  1 21  15.0  999 199  1.8 8  8.7  75    0    0 351 -410  3
3823500 2818500 10  1 22  13.4 1000 195  0.9 8  8.4  82    0    0 356 -409  3
3823500 2818500 10  1 23  13.5  999 198  1.5 8  8.2  84    0    0 353 -407  3
3823500 2818500 10  1 24  13.7  999 178  2.1 6  8.2  83    0    0 339 -406  3
3823500 2818500 10  2  1  13.4  998 163  1.2 7  8.4  85    0    0 332 -405  3
3823500 2818500 10  2  2  13.1  998 169  1.6 6  8.4  87    0    0 330 -403  3
3823500 2818500 10  2  3  13.6  998 182  2.4 5  8.5  87    0    0 319 -400  3
3823500 2818500 10  2  4  15.0  997 196  2.6 5  8.8  85    0    0 318 -397  3
3823500 2818500 10  2  5  15.0  997 203  3.0 7  8.9  82    0    0 332 -395  3
3823500 2818500 10  2  6  15.2  997 201  3.9 6  8.7  80    0    0 338 -394  3
3823500 2818500 10  2  7  14.6  996 210  4.3 5  8.5  79    0    0 330 -394  3
3823500 2818500 10  2  8  15.0  996 210  4.9 6  8.5  80    1   21 332 -395  3
3823500 2818500 10  2  9  15.7  997 214  5.0 6  8.7  78   26   56 340 -399  3
3823500 2818500 10  2 10  16.2  997 217  6.0 6  8.7  75   54   86 343 -406  3
3823500 2818500 10  2 11  16.5  997 222  5.1 7  8.7  73   55  117 350 -413  3
3823500 2818500 10  2 12  16.8  997 217  6.5 7  8.7  72   75  161 356 -421  3
3823500 2818500 10  2 13  17.0  997 227  4.3 7  8.6  70   79  167 357 -427  3
3823500 2818500 10  2 14  17.2  997 229  4.9 7  8.6  70   61  138 359 -431  3
3823500 2818500 10  2 15  17.6  996 219  4.2 7  8.7  69   30  108 360 -431  3
3823500 2818500 10  2 16  17.4  996 217  3.2 7  8.7  68   11   69 360 -428  3
3823500 2818500 10  2 17  16.7  995 214  3.2 7  8.6  70   15   54 357 -424  3
3823500 2818500 10  2 18  15.1  995 209  2.8 7  8.6  75   15   14 352 -419  3
3823500 2818500 10  2 19  13.4  995 226  1.8 7  8.7  84    0    0 347 -414  3
3823500 2818500 10  2 20  12.8  995 200  0.3 7  8.7  91    0    0 345 -411  3
3823500 2818500 10  2 21  13.0  995 214  2.0 7  8.8  93    0    0 346 -408  3
3823500 2818500 10  2 22  14.0  995 201  2.6 6  9.1  92    0    0 345 -404  3
3823500 2818500 10  2 23  14.1  995 210  2.9 6  9.1  89    0    0 342 -401  3
3823500 2818500 10  2 24  14.0  994 205  2.8 6  8.8  86    0    0 344 -398  3
3823500 2818500 10  3  1  13.7  994 207  2.6 7  8.5  84    0    0 348 -396  3
3823500 2818500 10  3  2  13.3  994 191  2.9 7  8.3  84    0    0 352 -397  3
3823500 2818500 10  3  3  13.3  993 201  3.5 8  8.1  84    0    0 357 -399  3
3823500 2818500 10  3  4  13.5  993 203  3.5 7  8.2  83    0    0 359 -400  3
3823500 2818500 10  3  5  13.4  992 199  2.8 7  8.2  83    0    0 356 -401  3
3823500 2818500 10  3  6  13.6  992 193  3.3 6  8.2  83    0    0 352 -400  3
3823500 2818500 10  3  7  13.2  992 191  2.9 7  8.2  84    0    0 353 -400  3
3823500 2818500 10  3  8  13.1  992 190  2.6 7  8.3  86    5   27 357 -399  3
3823500 2818500 10  3  9  13.3  992 198  2.7 7  8.6  88   30   60 357 -401  3
3823500 2818500 10  3 10  13.9  992 213  3.0 8  9.0  90   53   86 364 -407  3
3823500 2818500 10  3 11  14.0  991 227  2.4 8  9.1  90   29  118 369 -415  3
3823500 2818500 10  3 12  14.1  991 224  2.1 8  9.2  90    7  130 370 -422  3
3823500 2818500 10  3 13  14.8  991 219  2.1 8  9.4  90   29  135 372 -429  3
3823500 2818500 10  3 14  15.5  991 235  1.4 7  9.5  86   62  137 369 -435  3
3823500 2818500 10  3 15  16.0  991 214  1.3 7  9.3  81   27  106 367 -435  3
3823500 2818500 10  3 16  15.6  990 227  0.9 7  9.1  79    0   37 367 -432  3
3823500 2818500 10  3 17  14.7  991 248  1.1 7  8.9  81    3   31 363 -426  3
3823500 2818500 10  3 18  13.3  991 242  0.6 8  8.6  84    9   11 362 -417  3
3823500 2818500 10  3 19  12.7  991 236  1.3 7  8.3  86    0    0 357 -408  3
3823500 2818500 10  3 20  12.7  992 235  0.9 7  8.2  88    0    0 348 -401  3
3823500 2818500 10  3 21  12.0  992 259  0.1 7  8.1  89    0    0 346 -397  3
3823500 2818500 10  3 22  11.9  993 236  1.1 6  8.0  89    0    0 339 -393  3
3823500 2818500 10  3 23  11.8  993 233  1.5 6  7.9  90    0    0 333 -392  3
3823500 2818500 10  3 24  12.0  994 238  1.8 7  7.9  89    0    0 337 -392  3
3823500 2818500 10  4  1  11.9  994 225  1.7 8  7.9  88    0    0 345 -389  3
3823500 2818500 10  4  2  12.1  995 234  2.2 8  8.0  89    0    0 348 -388  3
3823500 2818500 10  4  3  12.0  995 238  2.8 8  8.0  89    0    0 348 -387  3
3823500 2818500 10  4  4  11.8  995 222  2.2 7  8.0  90    0    0 341 -385  3
3823500 2818500 10  4  5  11.7  996 223  2.5 6  8.0  91    0    0 330 -381  3
3823500 2818500 10  4  6  11.9  996 220  2.3 7  8.0  91    0    0 329 -376  3
3823500 2818500 10  4  7  11.9  996 228  2.4 7  8.2  92    0    0 333 -374  3
3823500 2818500 10  4  8  12.1  997 236  2.6 8  8.2  92    0   13 338 -376  3
3823500 2818500 10  4  9  12.3  997 247  2.5 8  8.4  93    0   43 343 -382  3
3823500 2818500 10  4 10  13.2  998 243  2.3 7  8.6  92    0   48 337 -390  3
3823500 2818500 10  4 11  14.4  999 240  2.3 6  8.8  88    2   95 330 -400  3
3823500 2818500 10  4 12  15.6  999 251  2.9 6  8.9  82   48  117 329 -409  3
3823500 2818500 10  4 13  15.2  999 238  3.0 6  8.5  77   67  123 330 -413  3
3823500 2818500 10  4 14  14.5 1000 240  3.2 6  8.4  78  126   96 329 -417  3
3823500 2818500 10  4 15  15.4 1000 259  2.4 6  8.8  81  115  100 330 -421  3
3823500 2818500 10  4 16  14.4 1000 262  2.6 6  8.7  81  129   85 329 -420  3
3823500 2818500 10  4 17  12.8 1001 241  1.7 6  8.2  83   51   44 324 -412  3
3823500 2818500 10  4 18  12.2 1001 229  0.4 7  8.0  87   11    6 323 -400  3
3823500 2818500 10  4 19  12.2 1002 231  0.4 6  8.0  89    0    0 321 -390  3
3823500 2818500 10  4 20  11.8 1003 216  0.4 6  8.0  90    0    0 316 -382  3
3823500 2818500 10  4 21  11.4 1003 224  0.6 6  7.9  92    0    0 313 -376  3
3823500 2818500 10  4 22  11.2 1004 217  0.7 6  7.9  93    0    0 312 -372  3
3823500 2818500 10  4 23  10.9 1004 209  1.0 6  7.7  93    0    0 311 -369  3
3823500 2818500 10  4 24  10.6 1004 210  1.0 3  7.6  93    0    0 298 -367  3
3823500 2818500 10  5  1  10.6 1005 208  1.2 4  7.5  93    0    0 289 -366  3
3823500 2818500 10  5  2  10.1 1005 212  1.2 6  7.3  93    0    0 302 -366  3
3823500 2818500 10  5  3   9.3 1005 222  1.0 6  7.1  93    0    0 313 -367  3
3823500 2818500 10  5  4   9.3 1005 206  1.3 4  6.9  94    0    0 304 -368  3
3823500 2818500 10  5  5   9.5 1005 195  1.4 6  6.9  93    0    0 307 -367  3
3823500 2818500 10  5  6   9.4 1005 206  1.5 7  6.9  93    0    0 322 -365  3
3823500 2818500 10  5  7   9.6 1006 212  1.7 6  6.9  93    0    0 322 -363  3
3823500 2818500 10  5  8  10.0 1006 216  1.7 6  7.0  92    2   23 318 -362  3
3823500 2818500 10  5  9  11.0 1006 224  2.4 6  7.3  91   41   55 320 -367  3
3823500 2818500 10  5 10  12.2 1007 227  2.5 6  7.6  88  116  117 324 -377  3
3823500 2818500 10  5 11  13.1 1007 214  2.9 6  7.8  84  172  147 329 -387  3
3823500 2818500 10  5 12  15.3 1007 237  3.6 7  7.8  77   18  123 338 -395  3
3823500 2818500 10  5 13  15.3 1007 221  3.9 6  7.6  70   53  138 339 -401  3
3823500 2818500 10  5 14  15.8 1007 243  3.4 4  7.3  66  161  168 327 -407  3
3823500 2818500 10  5 15  16.3 1007 226  3.5 4  7.1  62  209  165 321 -411  3
3823500 2818500 10  5 16  15.7 1007 233  3.1 5  6.8  60  112  119 323 -410  3
3823500 2818500 10  5 17  14.9 1007 208  1.6 8  6.8  62   54   59 334 -407  3
3823500 2818500 10  5 18  14.6 1006 200  1.3 8  7.0  66    7    8 344 -402  3
3823500 2818500 10  5 19  14.5 1006 199  3.0 7  7.1  69    0    0 341 -399  3
3823500 2818500 10  5 20  14.0 1006 204  3.1 8  7.5  73    0    0 342 -395  3
3823500 2818500 10  5 21  14.4 1005 194  4.3 8  7.6  75    0    0 347 -393  3
3823500 2818500 10  5 22  15.0 1004 189  5.1 8  7.4  71    0    0 350 -392  3
3823500 2818500 10  5 23  14.6 1004 204  5.1 8  7.6  71    0    0 351 -391  3
3823500 2818500 10  5 24  13.1 1003 215  6.0 8  8.0  80    0    0 351 -391  3
3823500 2818500 10  6  1  12.8 1002 206  5.3 8  8.4  89    0    0 350 -390  3
3823500 2818500 10  6  2  13.0 1002 213  5.4 8  8.7  92    0    0 352 -388  3
3823500 2818500 10  6  3  13.5 1001 221  4.8 8  9.0  93    0    0 356 -387  3
3823500 2818500 10  6  4  14.0 1001 224  4.3 8  9.2  92    0    0 361 -387  3
3823500 2818500 10  6  5  14.2 1001 224  4.0 8  9.2  90    0    0 364 -387  3
3823500 2818500 10  6  6  14.4 1001 219  3.9 7  9.1  88    0    0 363 -387  3
3823500 2818500 10  6  7  14.4 1001 216  3.7 7  9.1  88    0    0 361 -387  3
3823500 2818500 10  6  8  14.5 1001 215  4.0 8  9.2  88    0   14 366 -388  3
3823500 2818500 10  6  9  14.5 1001 214  4.2 8  9.3  89    0   46 370 -389  3
3823500 2818500 10  6 10  14.4 1001 213  4.7 8  9.3  90    0   60 371 -392  3
3823500 2818500 10  6 11  14.7 1001 208  4.3 7  9.5  90    0   76 367 -398  3
3823500 2818500 10  6 12  14.5 1001 206  4.4 8  9.6  91    0   66 367 -407  3
3823500 2818500 10  6 13  14.7 1001 207  4.0 8  9.7  92    0   68 372 -416  3
3823500 2818500 10  6 14  15.2 1000 200  3.3 8  9.8  91    0   69 374 -418  3
3823500 2818500 10  6 15  15.7  999 195  3.9 8  9.9  89    0   47 377 -419  3
3823500 2818500 10  6 16  15.4  999 200  4.2 7 10.0  89   15   61 373 -420  3
3823500 2818500 10  6 17  15.4  998 195  4.4 8 10.0  90   55   46 373 -418  3
3823500 2818500 10  6 18  15.2  997 189  3.4 8  9.8  89   10    7 378 -413  3
3823500 2818500 10  6 19  14.9  996 185  3.3 8  9.6  88    0    0 376 -408  3
3823500 2818500 10  6 20  15.5  996 190  4.3 8  9.5  86    0    0 377 -406  3
3823500 2818500 10  6 21  15.0  995 190  3.9 8  9.4  85    0    0 377 -403  3
3823500 2818500 10  6 22  14.7  994 184  3.8 8  9.5  88    0    0 375 -402  3
3823500 2818500 10  6 23  14.7  994 192  4.6 8  9.6  90    0    0 375 -400  3
3823500 2818500 10  6 24  14.5  994 201  4.3 7  9.6  90    0    0 371 -398  3
3823500 2818500 10  7  1  14.3  993 240  3.7 8  9.4  90    0    0 370 -395  3
3823500 2818500 10  7  2  14.1  994 227  3.7 7  9.0  87    0    0 369 -394  3
3823500 2818500 10  7  3  14.0  994 205  3.8 7  8.7  86    0    0 363 -391  3
3823500 2818500 10  7  4  13.8  994 223  3.4 7  8.6  85    0    0 361 -389  3
3823500 2818500 10  7  5  13.7  994 226  3.8 7  8.6  86    0    0 361 -390  3
3823500 2818500 10  7  6  13.5  995 229  3.7 7  8.6  86    0    0 360 -390  3
3823500 2818500 10  7  7  12.9  995 235  3.4 6  8.6  89    0    0 353 -388  3
3823500 2818500 10  7  8  13.3  996 236  3.1 5  8.7  90   19   27 341 -384  3
3823500 2818500 10  7  9  13.5  997 248  3.3 5  8.5  87  104   71 336 -385  3
3823500 2818500 10  7 10  13.5  998 250  4.3 5  8.0  82  145   91 337 -389  3
3823500 2818500 10  7 11  13.8  999 250  5.3 4  7.5  76  193   97 331 -395  3
3823500 2818500 10  7 12  14.1 1000 262  4.6 6  7.2  72  119  126 335 -402  3
3823500 2818500 10  7 13  14.5 1001 261  4.5 7  7.2  70   73  125 347 -406  3
3823500 2818500 10  7 14  13.5 1002 257  2.2 6  7.4  73   83  113 343 -409  3
3823500 2818500 10  7 15  12.3 1003 269  2.5 5  7.5  80  180  123 331 -409  3
3823500 2818500 10  7 16  14.4 1004 266  3.7 2  7.4  76  191   80 313 -406  3
3823500 2818500 10  7 17  14.1 1005 279  2.6 4  7.2  71  122   41 311 -400  3
3823500 2818500 10  7 18  12.7 1007 259  1.6 4  6.8  71   20    6 315 -392  3
3823500 2818500 10  7 19  11.7 1007 248  1.4 5  6.7  75    0    0 315 -384  3
3823500 2818500 10  7 20  11.2 1008 235  1.1 4  6.7  78    0    0 313 -379  3
3823500 2818500 10  7 21  11.3 1009 224  1.1 2  6.7  80    0    0 299 -375  3
3823500 2818500 10  7 22  11.1 1010 231  1.8 1  6.7  80    0    0 285 -371  3
3823500 2818500 10  7 23  10.7 1011 217  1.7 2  6.7  82    0    0 284 -368  3
3823500 2818500 10  7 24  10.6 1011 219  2.0 3  6.7  84    0    0 292 -366  3
3823500 2818500 10  8  1  10.2 1011 211  2.4 5  6.7  85    0    0 306 -364  3
3823500 2818500 10  8  2  10.0 1012 217  3.3 6  6.6  85    0    0 317 -364  3
3823500 2818500 10  8  3   9.6 1012 219  2.3 6  6.5  86    0    0 317 -365  3
3823500 2818500 10  8  4   9.1 1012 210  2.2 6  6.4  87    0    0 313 -364  3
3823500 2818500 10  8  5   8.9 1012 218  2.2 5  6.3  88    0    0 306 -362  3
3823500 2818500 10  8  6   8.5 1012 211  2.3 3  6.2  89    0    0 290 -360  3
3823500 2818500 10  8  7   8.2 1012 216  2.2 2  6.2  91    0    0 275 -358  3
3823500 2818500 10  8  8   9.5 1012 215  2.1 3  6.5  92   32   32 276 -357  3
3823500 2818500 10  8  9  11.1 1012 223  2.4 3  6.9  88  119   93 282 -361  3
3823500 2818500 10  8 10  12.3 1013 224  3.4 3  7.2  84  222  125 286 -371  3
3823500 2818500 10  8 11  14.2 1013 219  3.1 3  7.5  79  299  144 290 -384  3
3823500 2818500 10  8 12  15.3 1013 232  2.8 3  7.7  73  286  182 295 -397  3
3823500 2818500 10  8 13  15.6 1013 242  2.9 5  7.6  70   65  150 303 -407  3
3823500 2818500 10  8 14  15.9 1013 234  1.9 6  7.6  68   51  142 311 -413  3
3823500 2818500 10  8 15  16.3 1013 232  2.1 6  7.3  64   77  129 314 -415  3
3823500 2818500 10  8 16  16.2 1012 213  1.5 6  7.3  63   79  104 313 -412  3
3823500 2818500 10  8 17  16.1 1012 189  0.8 7  7.5  65   63   57 314 -406  3
3823500 2818500 10  8 18  12.7 1012 148  0.5 7  7.1  69    7    9 308 -396  3
3823500 2818500 10  8 19  11.1 1012 131  0.5 5  6.8  78    0    0 292 -386  3
3823500 2818500 10  8 20  10.8 1012 129  0.3 5  6.8  83    0    0 284 -379  3
3823500 2818500 10  8 21   9.9 1012 131  0.2 6  6.7  85    0    0 283 -376  3
3823500 2818500 10  8 22   9.7 1011 123  0.3 6  6.7  88    0    0 282 -374  3
3823500 2818500 10  8 23  10.0 1011 129  0.2 6  6.8  89    0    0 282 -371  3
3823500 2818500 10  8 24   9.8 1011 128  0.3 5  6.8  90    0    0 280 -368  3
3823500 2818500 10  9  1   9.2 1010 140  0.1 6  6.8  91    0    0 279 -366  3
3823500 2818500 10  9  2   8.5 1010 134  0.1 5  6.6  93    0    0 277 -365  3
3823500 2818500 10  9  3   8.1 1010 130  0.3 4  6.5  94    0    0 274 -364  3
3823500 2818500 10  9  4   8.0 1010 129  0.1 4  6.3  94    0    0 273 -363  3
3823500 2818500 10  9  5   7.6 1009 134  0.1 5  6.2  94    0    0 274 -362  3
3823500 2818500 10  9  6   7.5 1009 148  0.1 4  6.2  95    0    0 275 -362  3
3823500 2818500 10  9  7   7.8 1009 145  0.1 5  6.2  94    0    0 276 -361  3
3823500 2818500 10  9  8   8.8 1009 144  0.1 4  6.3  92   31   36 278 -362  3
3823500 2818500 10  9  9   9.9 1009 156  0.1 5  6.6  90  109   98 282 -366  3
3823500 2818500 10  9 10  12.7 1009 170  0.9 6  7.1  85  170  141 292 -376  3
3823500 2818500 10  9 11  14.4 1010 186  2.0 6  7.6  78  248  166 303 -390  3
3823500 2818500 10  9 12  16.0 1010 198  2.1 5  7.9  73  325  169 309 -404  3
3823500 2818500 10  9 13  17.0 1010 204  2.7 4  8.0  68  328  170 310 -415  3
3823500 2818500 10  9 14  17.8 1010 194  2.8 4  8.0  64  312  153 313 -423  3
3823500 2818500 10  9 15  17.7 1009 216  2.3 5  8.1  64  172  164 319 -426  3
3823500 2818500 10  9 16  17.6 1009 198  1.6 5  8.2  65   71  115 324 -423  3
3823500 2818500 10  9 17  17.3 1010 193  0.7 6  8.4  67   48   61 329 -416  3
3823500 2818500 10  9 18  16.5 1010 186  1.1 6  8.5  71    4   11 333 -406  3
3823500 2818500 10  9 19  16.0 1010 165  1.0 6  8.7  75    0    0 334 -398  3
3823500 2818500 10  9 20  14.9 1011 166  0.5 7  8.8  80    0    0 336 -393  3
3823500 2818500 10  9 21  14.7 1011 180  0.4 8  8.8  84    0    0 341 -391  3
3823500 2818500 10  9 22  15.0 1011 172  0.8 8  8.9  84    0    0 345 -390  3
3823500 2818500 10  9 23  14.9 1012 199  0.6 8  9.1  85    0    0 347 -390  3
3823500 2818500 10  9 24  15.2 1012 223  0.8 6  9.2  86    0    0 346 -390  3
3823500 2818500 10 10  1  14.7 1012 194  0.6 8  9.2  86    0    0 347 -388  3
3823500 2818500 10 10  2  14.5 1012 357  0.5 8  9.2  89    0    0 351 -385  3
3823500 2818500 10 10  3  14.4 1012 138  0.6 8  9.3  90    0    0 350 -382  3
3823500 2818500 10 10  4  14.3 1013  94  0.7 8  9.4  91    0    0 350 -379  3
3823500 2818500 10 10  5  14.3 1013 135  0.6 8  9.4  92    0    0 350 -379  3
3823500 2818500 10 10  6  14.2 1013 113  0.6 7  9.4  92    0    0 349 -379  3
3823500 2818500 10 10  7  14.1 1013  74  0.5 7  9.3  92    0    0 346 -380  3
3823500 2818500 10 10  8  14.3 1013  50  0.4 8  9.3  92    0   19 349 -383  3
3823500 2818500 10 10  9  15.2 1013  92  0.4 8  9.6  91    0   81 353 -389  3
3823500 2818500 10 10 10  16.3 1013 130  0.4 7  9.8  87    4  139 354 -398  3
3823500 2818500 10 10 11  16.6 1013 118  0.8 8  9.8  84    0   74 357 -409  3
3823500 2818500 10 10 12  16.1 1013 115  0.7 8 10.0  86    0   59 360 -418  3
3823500 2818500 10 10 13  16.8 1013 101  0.5 8  9.9  84    0   57 360 -425  3
3823500 2818500 10 10 14  16.8 1013  89  0.8 8  9.8  82    0   60 361 -431  3
3823500 2818500 10 10 15  16.7 1013  83  1.1 8 10.2  85    1  126 361 -434  3
3823500 2818500 10 10 16  16.5 1012  41  1.2 8 10.6  89   11  125 360 -433  3
3823500 2818500 10 10 17  17.0 1012  65  1.1 7 10.7  89   37   93 357 -428  3
3823500 2818500 10 10 18  16.4 1011  66  0.7 7 10.5  88    3   18 352 -420  3
3823500 2818500 10 10 19  16.0 1011  55  0.5 7 10.3  89    0    0 349 -413  3
3823500 2818500 10 10 20  15.4 1011  77  0.5 7 10.1  90    0    0 346 -407  3
3823500 2818500 10 10 21  15.2 1011  72  0.4 6 10.1  92    0    0 342 -404  3
3823500 2818500 10 10 22  14.9 1011  89  0.3 6  9.9  92    0    0 338 -402  3
3823500 2818500 10 10 23  14.9 1011 105  0.3 5  9.8  92    0    0 335 -401  3
3823500 2818500 10 10 24  14.8 1010 105  0.5 3  9.7  92    0    0 327 -402  3
3823500 2818500 10 11  1  13.5 1010  93  0.5 2  9.3  92    0    0 316 -402  3
3823500 2818500 10 11  2  12.9 1010  92  0.3 1  8.9  93    0    0 306 -402  3
3823500 2818500 10 11  3  12.8 1009  97  0.2 0  8.6  92    0    0 297 -402  3
3823500 2818500 10 11  4  12.3 1009  94  0.1 2  8.4  92    0    0 296 -401  3
3823500 2818500 10 11  5  11.7 1008  95  0.1 4  8.3  94    0    0 304 -400  3
3823500 2818500 10 11  6  11.4 1008  94  0.1 3  8.2  96    0    0 304 -397  3
3823500 2818500 10 11  7  11.2 1007 105  0.1 3  8.0  95    0    0 300 -394  3
3823500 2818500 10 11  8  11.3 1007 100  0.1 2  7.9  94   14   42 296 -392  3
3823500 2818500 10 11  9  12.8 1007  99  0.6 2  8.1  91   94   95 295 -395  3
3823500 2818500 10 11 10  15.0 1007 105  0.4 3  8.5  85  193  124 302 -400  3
3823500 2818500 10 11 11  16.5 1006 100  1.7 3  8.7  77  270  140 311 -406  3
3823500 2818500 10 11 12  17.7 1006  82  1.4 3  8.9  73  326  144 317 -418  3
3823500 2818500 10 11 13  19.1 1005 100  1.5 3  9.2  69  364  129 322 -431  3
3823500 2818500 10 11 14  19.5 1005  99  1.7 2  9.3  66  346  117 323 -439  3
3823500 2818500 10 11 15  20.3 1004 109  1.6 2  9.3  64  273  108 323 -443  3
3823500 2818500 10 11 16  19.9 1004 107  1.3 1  9.3  63  172   92 320 -441  3
3823500 2818500 10 11 17  18.8 1004  93  0.6 2  9.3  65   60   58 318 -435  3
3823500 2818500 10 11 18  17.0 1004  78  0.4 3  9.2  71    2   13 321 -426  3
3823500 2818500 10 11 19  16.0 1004  91  0.1 4  9.0  76    0    0 323 -417  3
3823500 2818500 10 11 20  15.3 1004  99  0.6 4  8.7  77    0    0 324 -411  3
3823500 2818500 10 11 21  14.3 1004 112  0.7 4  8.5  80    0    0 323 -406  3
3823500 2818500 10 11 22  13.2 1004 117  0.9 4  8.4  84    0    0 319 -403  3
3823500 2818500 10 11 23  12.7 1005 125  0.8 5  8.2  87    0    0 322 -400  3
3823500 2818500 10 11 24  12.5 1005 113  0.4 5  8.1  88    0    0 324 -397  3
3823500 2818500 10 12  1  12.8 1005 136  0.3 4  8.2  89    0    0 323 -394  3
3823500 2818500 10 12  2  12.6 1005 125  0.2 4  8.3  90    0    0 322 -392  3
3823500 2818500 10 12  3  11.6 1006 147  0.1 2  8.0  90    0    0 316 -391  3
3823500 2818500 10 12  4  11.3 1006 165  0.6 1  7.7  90    0    0 305 -389  3
3823500 2818500 10 12  5  11.5 1006 176  1.0 1  7.8  92    0    0 301 -389  3
3823500 2818500 10 12  6  12.2 1006 100  1.0 3  8.1  93    0    0 306 -389  3
3823500 2818500 10 12  7  13.0 1007 171  0.9 6  8.3  91    0    0 324 -391  3
3823500 2818500 10 12  8  13.0 1008 142  1.2 7  8.5  90    0   16 338 -395  3
3823500 2818500 10 12  9  14.8 1008 158  0.7 5  8.9  90   19  119 337 -400  3
3823500 2818500 10 12 10  16.7 1009 185  1.4 4  9.7  86   90  193 330 -408  3
3823500 2818500 10 12 11  18.4 1009 230  1.4 4 10.3  82  121  242 333 -413  3
3823500 2818500 10 12 12  19.8 1010 237  1.3 5 10.7  77  119  269 342 -414  3
3823500 2818500 10 12 13  20.3 1011 232  1.5 5 10.9  74  151  270 349 -415  3
3823500 2818500 10 12 14  20.5 1011 253  1.6 5 11.1  74   94  245 350 -419  3
3823500 2818500 10 12 15  20.5 1012 257  1.4 5 11.3  74   52  199 351 -422  3
3823500 2818500 10 12 16  20.3 1012 271  0.8 5 11.3  75   70  141 350 -422  3
3823500 2818500 10 12 17  19.1 1013 255  0.7 5 11.2  78   26   68 347 -420  3
3823500 2818500 10 12 18  18.0 1013 242  0.4 6 11.1  82    0   11 347 -413  3
3823500 2818500 10 12 19  17.3 1014 292  0.1 7 11.0  86    0    0 352 -405  3
3823500 2818500 10 12 20  16.6 1015 281  0.1 7 10.8  89    0    0 355 -397  3
3823500 2818500 10 12 21  16.8 1016 276  0.5 8 10.8  91    0    0 358 -393  3
3823500 2818500 10 12 22  16.4 1016 281  1.0 8 10.8  92    0    0 363 -389  3
3823500 2818500 10 12 23  15.8 1017 288  1.3 8 10.8  94    0    0 364 -384  3
3823500 2818500 10 12 24  15.8 1018 287  1.2 8 10.6  94    0    0 364 -380  3
3823500 2818500 10 13  1  15.3 1018 290  1.5 7 10.4  94    0    0 359 -375  3
3823500 2818500 10 13  2  15.2 1019 293  1.2 8 10.1  93    0    0 359 -372  3
3823500 2818500 10 13  3  14.6 1019 290  1.2 8  9.9  93    0    0 363 -368  3
3823500 2818500 10 13  4  14.4 1019 283  1.3 8  9.7  94    0    0 362 -364  3
3823500 2818500 10 13  5  14.1 1020 292  1.0 8  9.5  94    0    0 361 -361  3
3823500 2818500 10 13  6  13.9 1020 286  0.8 8  9.5  96    0    0 361 -359  3
3823500 2818500 10 13  7  13.7 1020 276  0.8 8  9.6  98    0    0 363 -357  3
3823500 2818500 10 13  8  13.8 1020 305  0.7 8  9.7  99    0   31 364 -355  3
3823500 2818500 10 13  9  14.2 1021 311  0.9 8  9.9  99    1   79 366 -359  3
3823500 2818500 10 13 10  14.7 1021 334  1.0 8 10.0  98    0  103 368 -370  3
3823500 2818500 10 13 11  15.2 1022 349  1.0 8 10.2  97    0   85 369 -385  3
3823500 2818500 10 13 12  15.9 1022 358  1.1 8 10.5  95    0   95 372 -401  3
3823500 2818500 10 13 13  16.5 1022  24  1.1 8 10.5  92    0   73 373 -414  3
3823500 2818500 10 13 14  16.2 1022   8  1.6 8 10.3  89    0   61 372 -420  3
3823500 2818500 10 13 15  16.0 1022 360  1.7 7 10.2  89    0   71 366 -421  3
3823500 2818500 10 13 16  15.7 1022  19  1.5 7 10.1  90    0   63 360 -417  3
3823500 2818500 10 13 17  15.1 1022 355  1.9 8 10.0  92    3   43 360 -410  3
3823500 2818500 10 13 18  14.6 1022 206  2.5 8  9.8  94    0    5 360 -399  3
3823500 2818500 10 13 19  14.3 1022  35  2.2 8  9.7  95    0    0 357 -392  3
3823500 2818500 10 13 20  14.2 1022  76  2.0 8  9.5  94    0    0 356 -392  3
3823500 2818500 10 13 21  14.0 1022  58  1.7 7  9.4  94    0    0 351 -389  3
3823500 2818500 10 13 22  13.8 1023  65  1.5 7  9.2  93    0    0 348 -386  3
3823500 2818500 10 13 23  13.3 1023  93  1.7 7  8.8  92    0    0 345 -383  3
3823500 2818500 10 13 24  12.6 1023 125  2.1 8  8.4  92    0    0 346 -379  3
3823500 2818500 10 14  1  11.9 1005 166  2.7 8  8.1  92    0    0 357 -368  3
3823500 2818500 10 14  2  11.5 1005 196  3.1 8  7.9  93    0    0 360 -369  3
3823500 2818500 10 14  3  11.4 1004 221  3.4 8  7.8  93    0    0 364 -370  3
3823500 2818500 10 14  4  11.7 1003 223  3.4 8  8.0  93    0    0 367 -372  3
3823500 2818500 10 14  5  12.0 1003 223  3.7 8  8.2  94    0    0 370 -373  3
3823500 2818500 10 14  6  12.6 1003 228  3.9 8  8.5  94    0    0 373 -375  3
3823500 2818500 10 14  7  13.0 1002 226  3.9 8  8.8  94    0    0 374 -376  3
3823500 2818500 10 14  8  13.7 1002 228  3.5 8  9.1  94    0   14 376 -378  3
3823500 2818500 10 14  9  14.3 1002 223  3.8 7  9.5  93    0   38 374 -380  3
3823500 2818500 10 14 10  14.9 1002 230  4.4 7  9.8  93    0   56 370 -383  3
3823500 2818500 10 14 11  15.5 1002 234  4.7 8 10.0  91    0   43 378 -385  3
3823500 2818500 10 14 12  15.4 1002 233  4.2 8 10.0  90    0   56 384 -387  3
3823500 2818500 10 14 13  15.3 1003 232  4.6 8 10.1  92    0   48 384 -388  3
3823500 2818500 10 14 14  15.4 1003 238  5.0 8 10.3  93    0   44 384 -389  3
3823500 2818500 10 14 15  15.4 1002 238  4.4 8 10.4  94    0   65 386 -388  3
3823500 2818500 10 14 16  15.5 1003 241  3.8 6 10.5  94    0   60 375 -387  3
3823500 2818500 10 14 17  15.4 1003 247  3.5 8 10.4  94   21   36 375 -386  3
3823500 2818500 10 14 18  14.4 1004 296  3.5 8  9.9  92    0    4 383 -386  3
3823500 2818500 10 14 19  13.0 1005 303  2.3 7  9.0  91    0    0 372 -386  3
3823500 2818500 10 14 20  12.4 1007 290  1.9 6  8.4  91    0    0 357 -386  3
3823500 2818500 10 14 21  11.5 1008 270  1.6 5  8.0  91    0    0 342 -384  3
3823500 2818500 10 14 22  10.6 1008 282  1.3 2  7.5  91    0    0 315 -381  3
3823500 2818500 10 14 23  10.0 1009 241  1.0 2  7.2  91    0    0 292 -377  3
3823500 2818500 10 14 24   9.8 1010 240  0.6 3  7.2  94    0    0 295 -373  3
3823500 2818500 10 15  1   9.7 1010 229  1.4 3  7.2  95    0    0 299 -371  3
3823500 2818500 10 15  2   9.2 1010 204  2.1 3  7.1  96    0    0 296 -370  3
3823500 2818500 10 15  3   8.7 1010 212  1.8 4  7.0  98    0    0 296 -369  3
3823500 2818500 10 15  4   9.0 1010 225  2.0 6  7.0  98    0    0 309 -367  3
3823500 2818500 10 15  5   8.8 1010 233  1.8 6  7.1  99    0    0 320 -364  3
3823500 2818500 10 15  6   9.1 1010 216  1.4 6  7.1 100    0    0 318 -360  3
3823500 2818500 10 15  7   9.4 1010 220  1.3 6  7.2  99    0    0 317 -354  3
3823500 2818500 10 15  8   9.7 1010 220  1.4 6  7.2  97    0   29 318 -350  3
3823500 2818500 10 15  9  10.5 1010 226  2.2 5  7.3  94   12   92 312 -351  3
3823500 2818500 10 15 10  12.4 1010 242  2.8 4  7.5  89   51  157 302 -357  3
3823500 2818500 10 15 11  13.1 1010 244  3.6 5  7.5  81  105  202 307 -366  3
3823500 2818500 10 15 12  13.6 1010 257  4.9 5  7.1  74   88  221 316 -374  3
3823500 2818500 10 15 13  14.0 1010 260  4.8 7  6.7  68   31  191 330 -380  3
3823500 2818500 10 15 14  14.3 1010 265  5.4 6  6.3  63   96  199 337 -382  3
3823500 2818500 10 15 15  13.7 1010 267  4.6 7  6.1  61   17  140 337 -382  3
3823500 2818500 10 15 16  13.3 1010 265  3.7 7  6.1  63    5   87 340 -378  3
3823500 2818500 10 15 17  12.8 1010 269  2.8 6  6.1  65   14   50 333 -372  3
3823500 2818500 10 15 18  11.9 1010 266  2.1 6  6.0  67    1   10 322 -364  3
3823500 2818500 10 15 19  10.9 1011 257  2.0 5  6.1  73    0    0 311 -357  3
3823500 2818500 10 15 20   9.5 1011 249  1.4 1  6.1  79    0    0 277 -353  3
3823500 2818500 10 15 21   9.6 1012 257  1.5 2  6.0  81    0    0 256 -350  3
3823500 2818500 10 15 22   9.3 1012 253  2.4 3  6.1  83    0    0 265 -348  3
3823500 2818500 10 15 23   8.8 1013 255  2.0 4  6.2  86    0    0 275 -345  3
3823500 2818500 10 15 24   8.1 1013 245  1.7 6  6.2  89    0    0 291 -344  3
3823500 2818500 10 16  1   7.7 1013 248  1.0 4  6.1  92    0    0 288 -343  3
3823500 2818500 10 16  2   6.9 1013 226  0.2 5  5.8  91    0    0 278 -342  3
3823500 2818500 10 16  3   5.9 1013 213  0.8 4  5.5  92    0    0 272 -342  3
3823500 2818500 10 16  4   5.7 1013 182  0.6 5  5.4  94    0    0 269 -342  3
3823500 2818500 10 16  5   6.1 1013 179  0.7 3  5.4  94    0    0 263 -343  3
3823500 2818500 10 16  6   6.3 1013 189  0.5 4  5.4  92    0    0 256 -343  3
3823500 2818500 10 16  7   6.5 1013 169  0.4 6  5.5  92    0    0 272 -343  3
3823500 2818500 10 16  8   7.7 1013 175  0.5 7  5.8  92    0   17 294 -344  3
3823500 2818500 10 16  9   8.1 1012 161  0.3 6  6.2  93   25   86 298 -348  3
3823500 2818500 10 16 10  10.3 1012 181  1.1 5  6.8  93   91  129 291 -355  3
3823500 2818500 10 16 11  12.3 1012 185  2.3 6  7.1  84  108  161 299 -363  3
3823500 2818500 10 16 12  13.4 1011 186  2.8 7  6.8  73  102  182 316 -370  3
3823500 2818500 10 16 13  12.9 1010 195  2.6 7  6.3  67   76  180 323 -375  3
3823500 2818500 10 16 14  14.0 1008 184  3.1 6  6.2  64  200  134 318 -379  3
3823500 2818500 10 16 15  14.5 1007 192  3.3 5  6.2  61  207   88 309 -382  3
3823500 2818500 10 16 16  13.9 1006 193  2.3 5  6.0  59   91   80 306 -383  3
3823500 2818500 10 16 17  13.5 1005 193  1.6 7  6.1  62    8   42 320 -382  3
3823500 2818500 10 16 18  13.4 1003 186  1.7 8  6.6  68    0    1 339 -379  3
3823500 2818500 10 16 19  13.5 1002 196  1.8 7  7.2  74    0    0 342 -377  3
3823500 2818500 10 16 20  13.7 1002 197  2.3 7  7.9  80    0    0 340 -376  3
3823500 2818500 10 16 21  14.2 1001 201  3.6 8  8.4  83    0    0 348 -377  3
3823500 2818500 10 16 22  14.0 1000 213  3.0 7  8.9  87    0    0 350 -378  3
3823500 2818500 10 16 23  14.7 1000 211  3.4 7  9.0  87    0    0 346 -379  3
3823500 2818500 10 16 24  15.0  999 210  3.7 8  8.9  83    0    0 354 -380  3
3823500 2818500 10 17  1  15.2  998 215  3.1 8  8.9  82    0    0 360 -379  3
3823500 2818500 10 17  2  15.5  998 214  3.2 8  8.8  80    0    0 361 -377  3
3823500 2818500 10 17  3  15.4  997 209  3.2 8  8.8  79    0    0 362 -377  3
3823500 2818500 10 17  4  15.7  997 213  3.4 8  8.7  78    0    0 363 -376  3
3823500 2818500 10 17  5  15.6  996 210  3.0 7  8.6  76    0    0 362 -376  3
3823500 2818500 10 17  6  15.2  995 204  2.5 7  8.7  79    0    0 358 -377  3
3823500 2818500 10 17  7  15.0  994 192  2.5 5  8.9  81    0    0 348 -378  3
3823500 2818500 10 17  8  15.1  993 198  3.0 6  8.8  81    2   26 345 -380  3
3823500 2818500 10 17  9  15.5  993 206  4.1 5  9.0  81   46   79 347 -383  3
3823500 2818500 10 17 10  15.9  993 207  4.1 5  9.2  81   56  125 344 -387  3
3823500 2818500 10 17 11  16.2  992 224  6.0 6  9.1  78   44  155 351 -391  3
3823500 2818500 10 17 12  16.5  991 222  6.0 6  8.7  73   48  171 358 -392  3
3823500 2818500 10 17 13  16.7  991 231  4.2 6  8.3  69   48  167 358 -390  3
3823500 2818500 10 17 14  16.4  991 219  6.0 7  8.1  68    0  106 363 -383  3
3823500 2818500 10 17 15  14.9  990 225  5.0 8  8.3  73    0   51 373 -375  3
3823500 2818500 10 17 16  13.9  990 227  5.0 7  8.8  84    0   60 370 -372  3
3823500 2818500 10 17 17  12.7  990 273  6.0 8  8.6  88    2   34 366 -368  3
3823500 2818500 10 17 18  11.6  991 250  3.5 6  7.7  85    1    8 356 -362  3
3823500 2818500 10 17 19  10.8  992 246  2.9 4  7.1  83    0    0 328 -356  3
3823500 2818500 10 17 20  10.7  993 217  2.6 3  7.0  84    0    0 305 -352  3
3823500 2818500 10 17 21  10.6  994 225  3.5 3  7.0  85    0    0 296 -349  3
3823500 2818500 10 17 22  10.0  994 227  4.0 3  6.7  85    0    0 295 -348  3
3823500 2818500 10 17 23   9.9  995 226  3.9 3  6.6  84    0    0 292 -348  3
3823500 2818500 10 17 24  10.4  995 226  4.4 3  6.4  82    0    0 293 -345  3
3823500 2818500 10 18  1  10.4  995 241  4.4 5  6.4  80    0    0 301 -341  3
3823500 2818500 10 18  2   9.6  996 251  4.0 6  6.5  84    0    0 311 -339  3
3823500 2818500 10 18  3   9.4  997 280  3.7 7  6.6  87    0    0 316 -337  3
3823500 2818500 10 18  4   8.6  999 310  3.1 6  6.5  90    0    0 311 -335  3
3823500 2818500 10 18  5   8.2 1001 302  3.2 6  6.4  92    0    0 301 -332  3
3823500 2818500 10 18  6   6.6 1002 278  2.0 5  5.9  91    0    0 291 -331  3
3823500 2818500 10 18  7   5.7 1004 271  1.4 3  5.4  90    0    0 267 -330  3
3823500 2818500 10 18  8   5.6 1005 268  1.8 3  5.1  89    1   25 250 -331  3
3823500 2818500 10 18  9   7.2 1006 260  2.0 3  5.0  84   34   95 250 -334  3
3823500 2818500 10 18 10   8.6 1008 270  2.9 3  5.1  76  139  134 253 -340  3
3823500 2818500 10 18 11   9.8 1008 273  3.1 3  5.0  69  220  151 257 -348  3
3823500 2818500 10 18 12  10.2 1009 282  3.0 6  4.8  63   44  201 272 -355  3
3823500 2818500 10 18 13  10.6 1009 274  4.2 7  4.7  60    7  152 292 -360  3
3823500 2818500 10 18 14   9.4 1010 281  3.0 4  4.6  61   91  184 279 -362  3
3823500 2818500 10 18 15  10.0 1010 291  3.5 4  4.6  62  103  149 262 -362  3
3823500 2818500 10 18 16   9.9 1010 279  2.1 3  4.6  61   92   97 258 -359  3
3823500 2818500 10 18 17   9.0 1010 281  1.3 4  4.6  63   32   48 256 -353  3
3823500 2818500 10 18 18   6.2 1010 269  0.1 2  4.4  68    0    8 245 -346  3
3823500 2818500 10 18 19   3.9 1010 209  0.1 2  4.2  77    0    0 228 -340  3
3823500 2818500 10 18 20   3.6 1010 195  0.1 1  4.3  86    0    0 220 -336  3
3823500 2818500 10 18 21   4.1 1011 199  0.1 2  4.4  87    0    0 220 -333  3
3823500 2818500 10 18 22   3.6 1010 189  0.1 2  4.2  84    0    0 223 -330  3
3823500 2818500 10 18 23   2.8 1011 187  0.1 1  4.1  86    0    0 217 -328  3
3823500 2818500 10 18 24   2.4 1010 182  0.1 0  4.0  88    0    0 208 -327  3
3823500 2818500 10 19  1   1.9 1010 171  0.4 0  4.0  91    0    0 203 -326  3
3823500 2818500 10 19  2   1.8 1010 189  0.5 1  4.1  94    0    0 207 -325  3
3823500 2818500 10 19  3   1.8 1010 191  0.8 1  4.1  95    0    0 212 -323  3
3823500 2818500 10 19  4   1.1 1009 184  1.0 1  4.1  96    0    0 212 -322  3
3823500 2818500 10 19  5   1.5 1009 180  0.3 1  4.0  95    0    0 212 -321  3
3823500 2818500 10 19  6   0.6 1009 176  0.4 2  3.9  95    0    0 214 -320  3
3823500 2818500 10 19  7   0.8 1008 199  0.7 2  3.9  96    0    0 217 -320  3
3823500 2818500 10 19  8   1.1 1008 194  0.9 2  3.9  96    5   28 218 -320  3
3823500 2818500 10 19  9   2.7 1008 193  0.2 1  4.3  97   48   87 216 -322  3
3823500 2818500 10 19 10   6.1 1008 200  1.5 0  4.7  90  159  114 213 -328  3
3823500 2818500 10 19 11   8.3 1008 199  2.5 1  4.8  76  266  115 221 -336  3
3823500 2818500 10 19 12   9.9 1007 218  2.7 1  4.7  65  319  118 232 -344  3
3823500 2818500 10 19 13  10.4 1007 230  3.7 1  4.6  60  328  118 236 -351  3
3823500 2818500 10 19 14  11.0 1007 219  3.1 2  4.8  59  313  103 246 -354  3
3823500 2818500 10 19 15  11.1 1006 212  3.2 5  5.0  60  109  135 271 -355  3
3823500 2818500 10 19 16  10.8 1005 219  2.3 3  5.1  63   98   86 278 -352  3
3823500 2818500 10 19 17  10.3 1005 226  1.3 6  5.2  66   21   43 284 -349  3
3823500 2818500 10 19 18   9.1 1005 239  1.8 7  5.5  73    0    2 303 -346  3
3823500 2818500 10 19 19   7.9 1006 230  2.2 7  5.7  82    0    0 305 -342  3
3823500 2818500 10 19 20   6.6 1006 244  2.2 5  5.6  88    0    0 292 -340  3
3823500 2818500 10 19 21   6.1 1007 231  1.4 3  5.4  91    0    0 268 -339  3
3823500 2818500 10 19 22   6.1 1007 232  1.1 2  5.4  91    0    0 252 -340  3
3823500 2818500 10 19 23   6.2 1007 231  1.5 3  5.4  92    0    0 252 -342  3
3823500 2818500 10 19 24   5.9 1007 228  2.4 2  5.3  91    0    0 253 -342  3
3823500 2818500 10 20  1   5.9 1007 228  2.2 4  5.3  90    0    0 257 -341  3
3823500 2818500 10 20  2   6.0 1007 233  1.5 4  5.3  91    0    0 268 -339  3
3823500 2818500 10 20  3   6.2 1007 231  1.8 3  5.2  89    0    0 263 -336  3
3823500 2818500 10 20  4   6.3 1006 229  2.8 5  5.1  86    0    0 269 -335  3
3823500 2818500 10 20  5   6.4 1006 232  2.6 6  5.1  86    0    0 286 -336  3
3823500 2818500 10 20  6   6.0 1006 230  4.1 7  5.2  87    0    0 298 -337  3
3823500 2818500 10 20  7   5.1 1007 249  2.3 7  5.1  90    0    0 301 -337  3
3823500 2818500 10 20  8   5.2 1007 252  2.1 6  5.0  91    0   11 296 -335  3
3823500 2818500 10 20  9   5.9 1008 262  1.8 5  5.2  91   18   77 287 -334  3
3823500 2818500 10 20 10   7.1 1009 261  2.7 1  5.3  88  133  111 267 -337  3
3823500 2818500 10 20 11   8.2 1009 275  4.1 3  5.4  82  136  150 260 -345  3
3823500 2818500 10 20 12   9.3 1010 275  3.7 2  5.2  74  300  106 269 -353  3
3823500 2818500 10 20 13   9.7 1011 276  3.3 2  4.9  66  232  138 267 -359  3
3823500 2818500 10 20 14   9.8 1011 283  2.7 2  4.6  61  198  130 267 -361  3
3823500 2818500 10 20 15   9.7 1011 284  1.4 4  4.3  58  117  118 273 -361  3
3823500 2818500 10 20 16   9.3 1011 269  1.5 2  4.3  58  159   51 272 -357  3
3823500 2818500 10 20 17   9.3 1012 274  1.5 3  4.3  59   48   35 267 -351  3
3823500 2818500 10 20 18   7.2 1012 222  1.3 4  4.3  63    1    6 270 -345  3
3823500 2818500 10 20 19   6.2 1013 190  1.4 3  4.4  72    0    0 265 -344  3
3823500 2818500 10 20 20   5.8 1013 204  1.1 4  4.5  77    0    0 262 -344  3
3823500 2818500 10 20 21   5.3 1013 205  1.1 3  4.5  80    0    0 258 -344  3
3823500 2818500 10 20 22   5.4 1013 201  1.2 2  4.6  84    0    0 246 -345  3
3823500 2818500 10 20 23   5.2 1013 189  0.9 3  4.8  86    0    0 242 -346  3
3823500 2818500 10 20 24   5.6 1013 184  0.6 7  4.9  88    0    0 264 -346  3
3823500 2818500 10 21  1   6.5 1012 179  1.5 8  5.1  88    0    0 287 -346  3
3823500 2818500 10 21  2   6.5 1012 176  1.2 7  5.2  87    0    0 291 -346  3
3823500 2818500 10 21  3   6.8 1011 183  1.8 7  5.3  87    0    0 290 -346  3
3823500 2818500 10 21  4   7.2 1010 190  2.5 8  5.4  87    0    0 298 -345  3
3823500 2818500 10 21  5   8.1 1009 185  3.2 7  5.5  85    0    0 302 -344  3
3823500 2818500 10 21  6   8.3 1008 192  3.1 6  5.6  82    0    0 296 -343  3
3823500 2818500 10 21  7   9.0 1007 199  3.5 6  5.6  79    0    0 294 -342  3
3823500 2818500 10 21  8   9.5 1007 199  4.3 7  5.5  76    3   22 299 -342  3
3823500 2818500 10 21  9  10.0 1006 208  4.4 7  5.5  72    4   61 307 -343  3
3823500 2818500 10 21 10  10.9 1006 200  4.7 8  5.4  69    7  105 315 -347  3
3823500 2818500 10 21 11  10.3 1005 211  4.9 7  5.6  70    3  118 317 -353  3
3823500 2818500 10 21 12  10.6 1005 208  5.7 8  5.9  74    0   76 318 -359  3
3823500 2818500 10 21 13  11.7 1004 213  5.4 8  6.1  73    0   81 331 -363  3
3823500 2818500 10 21 14  11.0 1004 218  5.0 7  6.3  74    0   77 328 -367  3
3823500 2818500 10 21 15  10.9 1004 220  3.9 8  6.7  81    0   66 333 -369  3
3823500 2818500 10 21 16  10.5 1003 211  4.2 8  7.1  88    0   36 343 -369  3
3823500 2818500 10 21 17  11.0 1003 209  4.4 8  7.5  92    0   22 347 -366  3
3823500 2818500 10 21 18  11.5 1003 217  4.1 8  7.8  93    0    1 351 -363  3
3823500 2818500 10 21 19  12.0 1004 226  4.0 8  8.0  92    0    0 354 -362  3
3823500 2818500 10 21 20  12.5 1004 218  4.2 8  8.1  90    0    0 357 -362  3
3823500 2818500 10 21 21  12.8 1005 233  4.2 8  8.2  89    0    0 360 -363  3
3823500 2818500 10 21 22  13.2 1005 239  4.9 8  8.4  88    0    0 363 -365  3
3823500 2818500 10 21 23  13.3 1006 232  5.1 8  8.4  88    0    0 365 -366  3
3823500 2818500 10 21 24  13.4 1006 231  4.6 8  8.4  87    0    0 366 -367  3
3823500 2818500 10 22  1  13.4 1007 223  4.4 8  8.4  87    0    0 367 -367  3
3823500 2818500 10 22  2  13.6 1007 229  4.1 8  8.5  87    0    0 368 -367  3
3823500 2818500 10 22  3  13.3 1007 216  3.4 8  8.3  86    0    0 368 -368  3
3823500 2818500 10 22  4  13.1 1007 220  3.0 8  8.2  86    0    0 368 -368  3
3823500 2818500 10 22  5  13.3 1008 210  3.3 8  8.3  87    0    0 368 -369  3
3823500 2818500 10 22  6  13.4 1008 215  3.3 8  8.3  86    0    0 369 -369  3
3823500 2818500 10 22  7  13.1 1008 219  3.3 7  8.3  86    0    0 363 -369  3
3823500 2818500 10 22  8  12.8 1008 211  3.5 8  8.3  88    3   15 362 -370  3
3823500 2818500 10 22  9  13.1 1009 209  4.0 8  8.4  90    0   38 369 -371  3
3823500 2818500 10 22 10  13.6 1009 216  3.9 8  8.6  89    0   50 371 -372  3
3823500 2818500 10 22 11  14.2 1009 217  3.6 8  8.7  87    0   94 371 -374  3
3823500 2818500 10 22 12  14.6 1010 216  4.2 7  8.8  85    3  125 368 -377  3
3823500 2818500 10 22 13  14.5 1010 217  4.3 7  8.7  84    0   79 363 -383  3
3823500 2818500 10 22 14  15.6 1010 211  4.2 7  8.9  83    0   96 364 -386  3
3823500 2818500 10 22 15  15.1 1010 219  3.5 6  9.0  82   14   91 361 -386  3
3823500 2818500 10 22 16  15.3 1010 211  3.1 7  8.9  82   21   57 362 -386  3
3823500 2818500 10 22 17  14.9 1009 208  2.9 7  8.8  82   10   21 365 -385  3
3823500 2818500 10 22 18  14.9 1009 208  3.0 7  8.7  82    0    1 363 -381  3
3823500 2818500 10 22 19  14.9 1010 210  3.0 7  8.6  81    0    0 359 -377  3
3823500 2818500 10 22 20  14.7 1010 204  2.7 6  8.6  81    0    0 352 -374  3
3823500 2818500 10 22 21  14.8 1011 199  2.8 6  8.5  81    0    0 347 -373  3
3823500 2818500 10 22 22  14.5 1010 203  3.9 7  8.4  81    0    0 348 -372  3
3823500 2818500 10 22 23  14.4 1010 208  3.1 7  8.3  80    0    0 348 -372  3
3823500 2818500 10 22 24  14.4 1009 208  3.4 7  8.1  78    0    0 347 -371  3
3823500 2818500 10 23  1  14.4 1009 207  3.9 7  7.9  77    0    0 345 -370  3
3823500 2818500 10 23  2  13.9 1008 202  3.0 5  7.8  77    0    0 336 -370  3
3823500 2818500 10 23  3  14.1 1007 197  3.1 5  7.6  76    0    0 327 -371  3
3823500 2818500 10 23  4  14.3 1006 198  3.6 6  7.4  73    0    0 330 -371  3
3823500 2818500 10 23  5  14.5 1005 202  4.0 7  7.4  71    0    0 337 -372  3
3823500 2818500 10 23  6  14.7 1004 206  4.8 8  7.4  71    0    0 346 -372  3
3823500 2818500 10 23  7  14.8 1003 204  5.2 7  7.5  71    0    0 349 -373  3
3823500 2818500 10 23  8  15.0 1002 206  4.9 8  7.6  71    0    4 351 -373  3
3823500 2818500 10 23  9  15.1 1002 210  5.1 7  7.8  72    0   39 354 -375  3
3823500 2818500 10 23 10  14.8 1002 217  5.7 6  8.1  76    0   63 350 -380  3
3823500 2818500 10 23 11  13.9 1002 210  5.1 7  8.6  84    0   74 351 -385  3
3823500 2818500 10 23 12  13.9 1002 212  4.6 8  9.1  91    0   36 357 -388  3
3823500 2818500 10 23 13  14.2 1002 218  4.3 8  9.4  92    0   36 362 -388  3
3823500 2818500 10 23 14  14.5 1001 222  3.7 8  9.5  92    0   36 365 -387  3
3823500 2818500 10 23 15  14.4 1001 223  4.2 8  9.6  92    0   36 368 -386  3
3823500 2818500 10 23 16  13.9 1000 227  3.6 7  9.5  93    0   31 366 -386  3
3823500 2818500 10 23 17  13.6 1000 228  4.0 8  9.1  92    0   10 366 -385  3
3823500 2818500 10 23 18  13.4 1000 234  2.3 8  9.0  92    0    0 368 -384  3
3823500 2818500 10 23 19  13.3 1001 244  2.7 8  9.0  93    0    0 368 -383  3
3823500 2818500 10 23 20  13.5 1001 236  3.4 8  8.9  92    0    0 369 -383  3
3823500 2818500 10 23 21  13.4 1001 234  2.1 7  8.9  91    0    0 365 -382  3
3823500 2818500 10 23 22  13.3 1001 236  1.4 7  8.7  90    0    0 360 -381  3
3823500 2818500 10 23 23  13.0 1001 227  1.4 6  8.6  90    0    0 353 -379  3
3823500 2818500 10 23 24  13.0 1001 220  1.3 5  8.6  91    0    0 339 -377  3
3823500 2818500 10 24  1  12.8 1001 216  1.4 5  8.7  92    0    0 329 -376  3
3823500 2818500 10 24  2  12.4 1001 241  2.3 4  8.4  91    0    0 322 -374  3
3823500 2818500 10 24  3  11.8 1001 244  2.1 3  8.1  90    0    0 311 -372  3
3823500 2818500 10 24  4  11.1 1001 245  2.9 4  7.7  90    0    0 309 -369  3
3823500 2818500 10 24  5  10.5 1002 233  2.6 4  7.5  91    0    0 314 -367  3
3823500 2818500 10 24  6  10.4 1002 239  2.4 5  7.4  93    0    0 317 -363  3
3823500 2818500 10 24  7  10.9 1003 227  2.9 7  7.4  92    0    0 329 -357  3
3823500 2818500 10 24  8  10.9 1003 207  2.3 7  7.4  90    0    7 335 -354  3
3823500 2818500 10 24  9  11.2 1003 228  2.9 7  7.3  88    0   45 331 -354  3
3823500 2818500 10 24 10  11.1 1004 231  3.5 6  7.2  86    5  115 322 -359  3
3823500 2818500 10 24 11  12.0 1003 222  4.3 6  7.2  84    5  141 316 -367  3
3823500 2818500 10 24 12  11.9 1003 223  4.4 7  7.3  82    0  108 320 -374  3
3823500 2818500 10 24 13  11.5 1002 217  4.0 7  7.1  82    3  142 323 -377  3
3823500 2818500 10 24 14  11.8 1000 209  4.0 7  6.9  80    3  128 322 -378  3
3823500 2818500 10 24 15  11.8  999 193  3.7 8  6.8  78    0   87 328 -376  3
3823500 2818500 10 24 16  11.7  997 183  3.5 7  6.6  76    0   59 330 -373  3
3823500 2818500 10 24 17  11.5  994 174  4.7 8  6.3  73    0   20 331 -369  3
3823500 2818500 10 24 18  11.0  992 180  4.9 7  6.1  72    0    0 333 -365  3
3823500 2818500 10 24 19   9.8  989 185  5.6 8  6.2  78    0    0 336 -364  3
3823500 2818500 10 24 20   9.2  986 175  6.4 8  6.5  86    0    0 343 -366  3
3823500 2818500 10 24 21   9.6  982 171  5.4 8  6.8  90    0    0 347 -367  3
3823500 2818500 10 24 22  10.5  979 177  5.5 8  7.2  91    0    0 353 -369  3
3823500 2818500 10 24 23  11.5  977 190  5.0 8  7.7  90    0    0 360 -370  3
3823500 2818500 10 24 24  11.8  974 204  5.2 7  8.1  91    0    0 359 -371  3
3823500 2818500 10 25  1  12.3  974 239  4.6 6  8.3  91    0    0 352 -373  3
3823500 2818500 10 25  2  12.2  974 220  4.8 3  8.1  87    0    0 329 -374  3
3823500 2818500 10 25  3  12.1  973 218  5.6 4  7.6  83    0    0 312 -374  3
3823500 2818500 10 25  4  11.8  972 243  4.6 5  7.4  82    0    0 324 -372  3
3823500 2818500 10 25  5  11.0  971 231  5.4 6  7.3  83    0    0 334 -371  3
3823500 2818500 10 25  6  10.5  971 232  6.2 8  7.3  87    0    0 347 -369  3
3823500 2818500 10 25  7  10.9  971 236  6.8 8  7.4  89    0    0 356 -367  3
3823500 2818500 10 25  8  10.7  972 248  7.0 8  7.4  88    0    8 355 -365  3
3823500 2818500 10 25  9   9.9  974 253  7.4 8  7.3  90    0   40 352 -363  3
3823500 2818500 10 25 10   9.9  975 258  6.5 8  7.2  91    0   62 348 -362  3
3823500 2818500 10 25 11   9.8  977 262  7.8 8  7.1  90    0   47 347 -361  3
3823500 2818500 10 25 12   9.9  979 261  8.6 8  6.9  88    0   48 345 -361  3
3823500 2818500 10 25 13  10.7  980 263  6.4 8  6.8  84    0   64 343 -362  3
3823500 2818500 10 25 14  11.2  982 265  5.4 6  6.4  76    0  100 333 -362  3
3823500 2818500 10 25 15  10.9  983 258  5.7 7  6.1  72    0   51 325 -360  3
3823500 2818500 10 25 16  10.7  984 256  4.5 6  6.0  72    0   49 321 -360  3
3823500 2818500 10 25 17  10.2  985 258  3.6 6  5.9  72    7   38 313 -358  3
3823500 2818500 10 25 18   9.9  985 255  2.7 5  5.7  72    0    2 305 -354  3
3823500 2818500 10 25 19   9.0  986 253  2.4 5  5.5  73    0    0 297 -352  3
3823500 2818500 10 25 20   8.4  987 252  2.9 4  5.5  77    0    0 288 -352  3
3823500 2818500 10 25 21   8.5  988 248  3.2 2  5.5  78    0    0 273 -350  3
3823500 2818500 10 25 22   7.5  988 250  2.9 5  5.5  80    0    0 277 -349  3
3823500 2818500 10 25 23   6.6  989 276  3.1 5  5.5  86    0    0 290 -349  3
3823500 2818500 10 25 24   6.7  990 256  3.0 6  5.5  89    0    0 296 -348  3
3823500 2818500 10 26  1   6.6  990 263  2.6 7  5.5  89    0    0 307 -348  3
3823500 2818500 10 26  2   6.6  991 245  3.4 5  5.3  86    0    0 303 -346  3
3823500 2818500 10 26  3   6.8  992 242  3.1 5  5.1  82    0    0 295 -345  3
3823500 2818500 10 26  4   6.6  992 248  3.8 4  5.0  80    0    0 291 -344  3
3823500 2818500 10 26  5   6.3  993 253  3.7 3  4.9  79    0    0 280 -344  3
3823500 2818500 10 26  6   6.1  994 248  3.6 2  4.8  80    0    0 270 -344  3
3823500 2818500 10 26  7   6.0  995 246  3.4 2  4.8  81    0    0 265 -344  3
3823500 2818500 10 26  8   5.8  995 239  3.6 3  4.8  82    1   16 268 -345  3
3823500 2818500 10 26  9   6.8  996 240  3.4 4  4.9  81   16   61 276 -345  3
3823500 2818500 10 26 10   8.1  997 243  3.3 5  5.1  78   62   97 287 -347  3
3823500 2818500 10 26 11   8.3  997 227  3.5 7  5.2  76   41  127 299 -349  3
3823500 2818500 10 26 12   8.5  997 229  4.1 8  5.3  76    3  119 310 -353  3
3823500 2818500 10 26 13   7.3  997 239  4.0 7  5.4  81    0   80 310 -358  3
3823500 2818500 10 26 14   7.1  997 253  2.5 8  5.5  86    0   47 311 -360  3
3823500 2818500 10 26 15   6.9  997 235  2.9 6  5.6  88    3   84 309 -360  3
3823500 2818500 10 26 16   7.3  996 240  3.1 5  5.7  90   26   63 299 -358  3
3823500 2818500 10 26 17   6.2  997 264  3.4 7  5.5  89    9   22 301 -355  3
3823500 2818500 10 26 18   5.2  997 252  2.7 7  5.2  89    0    1 305 -351  3
3823500 2818500 10 26 19   5.3  997 268  2.1 7  5.1  92    0    0 303 -348  3
3823500 2818500 10 26 20   4.6  999 247  1.3 5  5.1  93    0    0 291 -347  3
3823500 2818500 10 26 21   5.0  999 242  2.1 3  5.1  93    0    0 271 -344  3
3823500 2818500 10 26 22   5.2 1000 241  1.8 2  5.1  92    0    0 258 -341  3
3823500 2818500 10 26 23   4.8 1001 243  1.7 2  5.0  92    0    0 252 -339  3
3823500 2818500 10 26 24   4.8 1001 243  2.2 1  5.0  92    0    0 247 -337  3
3823500 2818500 10 27  1   5.2 1002 238  1.7 4  5.0  92    0    0 255 -336  3
3823500 2818500 10 27  2   5.0 1003 237  2.9 5  5.1  92    0    0 274 -338  3
3823500 2818500 10 27  3   5.2 1003 237  3.0 2  5.0  91    0    0 263 -339  3
3823500 2818500 10 27  4   4.7 1003 218  2.7 1  4.9  90    0    0 243 -338  3
3823500 2818500 10 27  5   4.9 1003 216  3.4 1  4.9  91    0    0 238 -338  3
3823500 2818500 10 27  6   5.1 1003 217  3.4 3  5.0  92    0    0 249 -338  3
3823500 2818500 10 27  7   5.7 1002 204  3.4 5  5.2  92    0    0 269 -339  3
3823500 2818500 10 27  8   6.1 1001 217  4.3 8  5.3  91    0    1 294 -340  3
3823500 2818500 10 27  9   6.4 1000 198  4.3 7  5.4  90    0   25 307 -344  3
3823500 2818500 10 27 10   6.9  999 206  4.6 7  5.6  91    0   32 306 -349  3
3823500 2818500 10 27 11   8.3  998 211  4.6 8  6.1  92    0   32 319 -354  3
3823500 2818500 10 27 12  10.1  997 220  5.1 8  6.7  91    0   33 334 -358  3
3823500 2818500 10 27 13  11.4  996 233  6.6 7  7.3  90    0   49 336 -361  3
3823500 2818500 10 27 14  11.8  995 233  8.8 6  7.5  87    0   60 331 -364  3
3823500 2818500 10 27 15  12.2  995 229  7.7 7  7.5  84    0   53 334 -367  3
3823500 2818500 10 27 16  12.1  994 230  7.7 8  7.3  82    0   25 347 -368  3
3823500 2818500 10 27 17  11.9  994 229  6.6 8  7.3  82    0   11 351 -368  3
3823500 2818500 10 27 18  11.5  993 225  5.6 8  7.5  85    0    0 350 -368  3
3823500 2818500 10 27 19  11.9  992 231  6.1 8  7.6  87    0    0 352 -367  3
3823500 2818500 10 27 20  11.9  992 230  6.8 8  7.8  88    0    0 355 -367  3
3823500 2818500 10 27 21  12.2  991 230  7.8 8  7.9  88    0    0 358 -367  3
3823500 2818500 10 27 22  12.7  990 236  8.8 8  8.1  87    0    0 364 -367  3
3823500 2818500 10 27 23  12.9  990 230 10.3 8  8.3  88    0    0 368 -367  3
3823500 2818500 10 27 24  12.5  990 278  4.6 8  8.5  90    0    0 368 -368  3
3823500 2818500 10 28  1  12.0  989 275  2.7 7  8.2  90    0    0 357 -369  3
3823500 2818500 10 28  2  12.2  989 252  6.0 7  8.3  91    0    0 349 -369  3
3823500 2818500 10 28  3  13.0  987 272  7.9 7  8.6  92    0    0 350 -368  3
3823500 2818500 10 28  4  13.3  986 255 10.6 7  8.8  90    0    0 353 -366  3
3823500 2818500 10 28  5  13.4  984 262  8.7 8  8.8  89    0    0 365 -365  3
3823500 2818500 10 28  6  13.4  983 244  9.8 8  8.8  89    0    0 373 -369  3
3823500 2818500 10 28  7  13.7  982 259  8.6 8  8.9  89    0    0 373 -372  3
3823500 2818500 10 28  8  12.6  982 269  8.1 8  8.7  89    0    3 371 -371  3
3823500 2818500 10 28  9  12.0  983 285  5.9 7  8.2  88    0   27 358 -369  3
3823500 2818500 10 28 10  11.2  983 269  4.7 7  7.7  88    0   33 346 -369  3
3823500 2818500 10 28 11  10.9  983 274  4.9 7  7.4  87    0   46 342 -368  3
3823500 2818500 10 28 12  11.3  983 277  7.0 6  7.2  85    0   87 335 -366  3
3823500 2818500 10 28 13  11.8  984 275  8.2 7  6.7  76    0   77 334 -367  3
3823500 2818500 10 28 14  12.6  984 276  6.7 5  6.0  66   35  164 328 -367  3
3823500 2818500 10 28 15  12.4  985 279  6.5 5  5.6  60   32  133 315 -365  3
3823500 2818500 10 28 16  11.9  986 286  5.9 6  5.3  59    6   73 319 -362  3
3823500 2818500 10 28 17  11.1  987 265  4.4 7  5.2  60    0   19 326 -358  3
3823500 2818500 10 28 18  10.2  987 267  5.9 6  5.3  64    0    0 321 -353  3
3823500 2818500 10 28 19   9.7  988 252  3.4 5  5.3  68    0    0 306 -351  3
3823500 2818500 10 28 20   9.3  988 265  4.2 5  5.4  71    0    0 299 -349  3
3823500 2818500 10 28 21   9.1  989 271  3.9 5  5.4  73    0    0 299 -349  3
3823500 2818500 10 28 22   9.0  990 249  3.9 4  5.5  76    0    0 293 -349  3
3823500 2818500 10 28 23   9.5  990 249  4.6 4  5.7  76    0    0 287 -348  3
3823500 2818500 10 28 24  10.5  990 250  5.0 5  5.6  72    0    0 296 -348  3
3823500 2818500 10 29  1  10.7  990 250  5.7 7  5.6  68    0    0 316 -348  3
3823500 2818500 10 29  2  10.2  990 250  5.7 8  5.7  70    0    0 334 -349  3
3823500 2818500 10 29  3   9.5  990 252  4.5 7  5.7  74    0    0 334 -350  3
3823500 2818500 10 29  4   9.6  990 244  3.4 7  5.8  77    0    0 329 -351  3
3823500 2818500 10 29  5   9.8  989 238  4.5 7  5.9  77    0    0 329 -352  3
3823500 2818500 10 29  6   8.8  989 256  4.6 8  5.9  79    0    0 333 -353  3
3823500 2818500 10 29  7   8.6  989 251  4.2 8  6.0  84    0    0 337 -353  3
3823500 2818500 10 29  8   8.4  989 259  3.3 7  6.1  86    0    6 328 -353  3
3823500 2818500 10 29  9   8.7  989 259  4.0 5  6.1  85   26   78 309 -352  3
3823500 2818500 10 29 10   9.2  990 266  5.0 2  6.0  82   81  132 281 -352  3
3823500 2818500 10 29 11   9.2  991 266  5.0 2  5.8  78  121  172 266 -352  3
3823500 2818500 10 29 12   9.6  992 271  6.2 3  5.7  76   77  188 274 -354  3
3823500 2818500 10 29 13   8.6  993 262  5.2 4  5.7  78   41  173 284 -358  3
3823500 2818500 10 29 14   9.0  994 269  5.4 8  5.8  81    0   50 310 -358  3
3823500 2818500 10 29 15   8.7  994 262  6.4 4  5.9  81   33  123 310 -357  3
3823500 2818500 10 29 16   9.1  995 267  5.9 4  5.8  80   56   85 289 -355  3
3823500 2818500 10 29 17   8.4  996 263  5.2 6  5.7  80    9   29 297 -353  3
3823500 2818500 10 29 18   7.2  997 268  5.6 7  5.5  83    0    0 307 -352  3
3823500 2818500 10 29 19   7.8  999 270  5.5 4  5.5  84    0    0 293 -350  3
3823500 2818500 10 29 20   7.5 1000 253  6.4 4  5.5  83    0    0 276 -349  3
3823500 2818500 10 29 21   7.1 1000 247  5.0 4  5.3  83    0    0 275 -348  3
3823500 2818500 10 29 22   5.9 1001 250  5.7 7  5.2  85    0    0 287 -346  3
3823500 2818500 10 29 23   5.6 1001 271  3.2 7  5.1  89    0    0 298 -347  3
3823500 2818500 10 29 24   5.7 1001 242  3.2 6  5.2  90    0    0 294 -347  3
3823500 2818500 10 30  1   5.6 1001 265  3.8 6  5.1  88    0    0 292 -345  3
3823500 2818500 10 30  2   5.7 1001 251  3.7 5  5.0  87    0    0 289 -344  3
3823500 2818500 10 30  3   6.1 1001 238  5.2 5  5.0  86    0    0 287 -347  3
3823500 2818500 10 30  4   6.4 1001 243  3.7 4  5.1  85    0    0 282 -348  3
3823500 2818500 10 30  5   6.4 1000 234  4.0 4  5.1  84    0    0 279 -348  3
3823500 2818500 10 30  6   6.7  999 233  4.2 6  5.1  84    0    0 294 -348  3
3823500 2818500 10 30  7   6.3  998 230  4.5 7  5.2  85    0    0 311 -347  3
3823500 2818500 10 30  8   5.6  997 232  2.2 8  5.2  89    0    1 321 -347  3
3823500 2818500 10 30  9   5.8  996 258  2.6 8  5.3  91    0   27 327 -348  3
3823500 2818500 10 30 10   5.8  996 290  2.1 8  5.3  91    0   57 325 -349  3
3823500 2818500 10 30 11   6.2  997 290  3.8 7  5.3  90    8  126 318 -352  3
3823500 2818500 10 30 12   6.8  997 298  5.8 6  5.3  87    9  142 306 -355  3
3823500 2818500 10 30 13   6.4  998 289  5.4 7  5.1  83    0  100 306 -357  3
3823500 2818500 10 30 14   7.7  998 287  5.2 4  5.0  79  114  157 297 -360  3
3823500 2818500 10 30 15   7.5  999 276  5.1 3  4.9  75   99  125 280 -361  3
3823500 2818500 10 30 16   7.2  999 292  3.8 3  4.8  74   49   80 276 -358  3
3823500 2818500 10 30 17   6.0 1000 287  2.9 6  4.7  77   11   29 288 -352  3
3823500 2818500 10 30 18   5.4 1001 288  4.5 5  4.8  83    0    0 295 -347  3
3823500 2818500 10 30 19   5.3 1001 250  2.3 3  4.8  86    0    0 279 -345  3
3823500 2818500 10 30 20   5.4 1002 266  3.6 3  4.8  86    0    0 256 -345  3
3823500 2818500 10 30 21   5.3 1003 261  3.2 2  4.8  86    0    0 249 -345  3
3823500 2818500 10 30 22   5.2 1003 260  3.3 2  4.8  86    0    0 258 -345  3
3823500 2818500 10 30 23   5.3 1004 236  2.6 2  5.0  89    0    0 259 -345  3
3823500 2818500 10 30 24   5.5 1004 208  2.1 1  5.2  91    0    0 244 -343  3
3823500 2818500 10 31  1   5.7  996 172  1.2 1  5.5  94    0    0 259 -364  3
3823500 2818500 10 31  2   5.8  996 138  0.8 0  5.7  96    0    0 253 -364  3
3823500 2818500 10 31  3   5.9  995 111  0.3 0  5.8  98    0    0 252 -365  3
3823500 2818500 10 31  4   5.9  995 101  0.2 1  5.7  98    0    0 253 -364  3
3823500 2818500 10 31  5   6.3  995 102  0.1 2  5.8  97    0    0 253 -364  3
3823500 2818500 10 31  6   6.8  994  88  0.1 4  5.8  96    0    0 273 -363  3
3823500 2818500 10 31  7   7.3  994  90  0.1 6  6.1  95    0    0 303 -363  3
3823500 2818500 10 31  8   7.6  994 111  0.1 7  6.2  94    0   13 319 -362  3
3823500 2818500 10 31  9   8.0  994  91  0.1 7  6.4  95    0   39 325 -363  3
3823500 2818500 10 31 10   8.5  995 109  0.7 8  6.6  95    0   42 332 -366  3
3823500 2818500 10 31 11   9.0  995 131  0.7 7  6.9  96    0   50 334 -371  3
3823500 2818500 10 31 12   9.5  995 112  0.7 7  7.1  96    0   61 330 -377  3
3823500 2818500 10 31 13  10.4  995 100  0.9 7  7.3  94    0  100 331 -384  3
3823500 2818500 10 31 14  11.0  995  43  1.4 8  7.6  93    0   90 338 -388  3
3823500 2818500 10 31 15  11.5  994  57  1.5 8  7.8  92    0   33 345 -389  3
3823500 2818500 10 31 16  11.1  994  56  1.7 7  7.7  91    7   82 340 -386  3
3823500 2818500 10 31 17  10.7  994  58  1.3 7  7.6  92    3   31 333 -382  3
3823500 2818500 10 31 18  10.4  994  58  1.3 5  7.5  92    0    0 322 -377  3
3823500 2818500 10 31 19   9.4  995  54  0.8 3  7.3  94    0    0 297 -374  3
3823500 2818500 10 31 20   8.4  996  46  1.0 2  7.0  96    0    0 273 -373  3
3823500 2818500 10 31 21   9.3  996  80  0.9 3  6.9  95    0    0 273 -372  3
3823500 2818500 10 31 22   8.9  996 105  0.3 5  6.9  93    0    0 294 -371  3
3823500 2818500 10 31 23   8.5  997  86  0.8 6  6.8  95    0    0 310 -371  3
3823500 2818500 10 31 24   8.1  997 121  0.2 7  6.7  96    0    0 320 -370  3
3823500 2818500 11  1  1   7.6  998  78  0.5 8  6.5  99    0    0 337 -368  3
3823500 2818500 11  1  2   8.3  998   6  0.8 7  6.5  96    0    0 332 -368  3
3823500 2818500 11  1  3   8.3  997 356  0.9 6  6.5  93    0    0 319 -368  3
3823500 2818500 11  1  4   8.0  998  26  1.3 8  6.4  94    0    0 326 -367  3
3823500 2818500 11  1  5   7.7  998   9  1.1 8  6.4  95    0    0 338 -367  3
3823500 2818500 11  1  6   7.8  999 360  0.6 8  6.3  95    0    0 338 -366  3
3823500 2818500 11  1  7   7.7  999  32  0.1 7  6.3  94    0    0 331 -365  3
3823500 2818500 11  1  8   7.6 1000 347  0.1 8  6.2  94    0    9 329 -364  3
3823500 2818500 11  1  9   7.7 1000 337  1.0 8  6.3  95    4   47 335 -364  3
3823500 2818500 11  1 10   7.7 1001  31  1.4 8  6.3  95    6   90 335 -367  3
3823500 2818500 11  1 11   8.1 1002 342  1.3 8  6.3  94    0   76 334 -372  3
3823500 2818500 11  1 12   8.3 1002   6  0.8 8  6.4  93    0   48 334 -377  3
3823500 2818500 11  1 13   8.3 1002   6  0.7 8  6.4  92    0   48 333 -380  3
3823500 2818500 11  1 14   8.2 1002 342  1.0 7  6.4  93    0   50 327 -383  3
3823500 2818500 11  1 15   8.3 1002 356  1.0 7  6.4  93    0   38 320 -384  3
3823500 2818500 11  1 16   8.3 1003 358  0.7 8  6.3  92    0   30 325 -382  3
3823500 2818500 11  1 17   8.3 1003 292  0.2 8  6.3  92    0   12 330 -377  3
3823500 2818500 11  1 18   8.1 1004 297  0.2 8  6.3  92    0    0 330 -371  3
3823500 2818500 11  1 19   8.2 1004 301  0.1 8  6.3  92    0    0 330 -367  3
3823500 2818500 11  1 20   8.1 1005 231  0.1 8  6.3  93    0    0 329 -363  3
3823500 2818500 11  1 21   8.1 1005 219  0.1 8  6.3  93    0    0 329 -362  3
3823500 2818500 11  1 22   7.9 1005 230  0.2 8  6.3  93    0    0 328 -361  3
3823500 2818500 11  1 23   8.1 1005 213  0.6 8  6.3  93    0    0 328 -359  3
3823500 2818500 11  1 24   7.8 1005 233  0.8 8  6.3  94    0    0 329 -356  3
3823500 2818500 11  2  1   7.7 1005 213  1.0 7  6.3  94    0    0 323 -354  3
3823500 2818500 11  2  2   7.8 1005 201  0.6 7  6.2  93    0    0 317 -353  3
3823500 2818500 11  2  3   7.7 1005 216  1.5 8  6.1  92    0    0 323 -352  3
3823500 2818500 11  2  4   7.6 1005 224  1.8 8  6.0  92    0    0 329 -354  3
3823500 2818500 11  2  5   7.4 1005 213  2.2 8  5.9  91    0    0 327 -357  3
3823500 2818500 11  2  6   7.0 1005 196  2.1 8  5.9  92    0    0 326 -359  3
3823500 2818500 11  2  7   7.1 1005 181  2.4 8  5.9  93    0    0 328 -360  3
3823500 2818500 11  2  8   7.3 1005 185  2.8 8  6.0  95    0    0 332 -361  3
3823500 2818500 11  2  9   8.0 1005 205  3.0 7  6.3  96    0   21 326 -362  3
3823500 2818500 11  2 10   9.1 1005 220  3.4 7  6.6  94    2   81 324 -365  3
3823500 2818500 11  2 11  10.1 1004 204  3.7 6  6.8  90   23  146 321 -370  3
3823500 2818500 11  2 12  10.8 1004 199  4.0 6  6.9  86    1  114 318 -377  3
3823500 2818500 11  2 13  11.4 1003 199  3.4 6  7.0  84    3  127 320 -382  3
3823500 2818500 11  2 14  11.8 1003 208  3.6 8  7.0  81    0   61 333 -383  3
3823500 2818500 11  2 15  11.1 1002 216  4.5 8  7.0  83    0   28 343 -384  3
3823500 2818500 11  2 16  11.0 1002 217  3.6 8  7.2  87    0   21 344 -382  3
3823500 2818500 11  2 17  11.1 1002 215  3.9 8  7.4  89    0    6 347 -376  3
3823500 2818500 11  2 18  11.3 1002 211  2.8 8  7.5  90    0    0 348 -370  3
3823500 2818500 11  2 19  11.7 1002 216  3.3 8  7.5  88    0    0 350 -369  3
3823500 2818500 11  2 20  11.7 1003 222  4.0 7  7.5  86    0    0 346 -369  3
3823500 2818500 11  2 21  11.8 1003 218  2.9 7  7.4  86    0    0 341 -370  3
3823500 2818500 11  2 22  11.7 1002 209  3.6 7  7.5  86    0    0 341 -370  3
3823500 2818500 11  2 23  11.8 1002 217  4.0 7  7.5  86    0    0 342 -371  3
3823500 2818500 11  2 24  11.8 1002 210  4.1 7  7.4  85    0    0 342 -370  3
3823500 2818500 11  3  1  12.0 1001 219  4.5 8  7.4  84    0    0 349 -369  3
3823500 2818500 11  3  2  12.2 1001 221  4.9 8  7.4  82    0    0 355 -367  3
3823500 2818500 11  3  3  12.3 1000 219  4.4 8  7.3  81    0    0 357 -366  3
3823500 2818500 11  3  4  12.2 1000 221  4.6 8  7.3  81    0    0 359 -368  3
3823500 2818500 11  3  5  12.3  999 227  4.9 8  7.3  81    0    0 360 -371  3
3823500 2818500 11  3  6  12.2  999 225  5.3 8  7.3  81    0    0 360 -373  3
3823500 2818500 11  3  7  11.7  999 222  4.7 8  7.5  84    0    0 360 -373  3
3823500 2818500 11  3  8  11.5  999 227  4.9 8  7.7  89    0    7 360 -374  3
3823500 2818500 11  3  9  11.6  999 228  4.0 7  7.9  91    0   19 355 -374  3
3823500 2818500 11  3 10  11.9 1000 231  3.9 7  8.0  92    0   26 351 -374  3
3823500 2818500 11  3 11  12.2 1000 244  4.7 8  8.2  92    0   26 358 -375  3
3823500 2818500 11  3 12  11.8 1001 246  4.0 8  8.0  90    0   64 363 -375  3
3823500 2818500 11  3 13  12.0 1001 254  3.4 5  7.6  86   42  189 345 -376  3
3823500 2818500 11  3 14  13.2 1002 259  3.2 5  7.4  80   66  179 330 -376  3
3823500 2818500 11  3 15  13.3 1002 257  2.9 4  7.1  74   71  143 325 -376  3
3823500 2818500 11  3 16  13.0 1003 261  3.0 6  6.8  71   46   92 331 -377  3
3823500 2818500 11  3 17  12.4 1004 272  1.8 7  6.7  72    4   17 345 -377  3
3823500 2818500 11  3 18  11.9 1004 249  2.2 7  6.6  74    0    0 348 -377  3
3823500 2818500 11  3 19  11.9 1005 276  2.3 7  6.7  76    0    0 347 -375  3
3823500 2818500 11  3 20  11.2 1005 242  2.8 8  6.9  81    0    0 353 -372  3
3823500 2818500 11  3 21  10.7 1006 245  2.6 8  7.2  87    0    0 358 -369  3
3823500 2818500 11  3 22  10.2 1006 217  1.9 8  7.3  91    0    0 356 -369  3
3823500 2818500 11  3 23  10.0 1006 206  1.1 7  7.3  94    0    0 350 -368  3
3823500 2818500 11  3 24  10.4 1005 229  1.8 7  7.5  96    0    0 342 -370  3
3823500 2818500 11  4  1  12.3 1004 224  3.5 8  8.2  97    0    0 352 -377  3
3823500 2818500 11  4  2  13.7 1004 235  4.5 8  9.1  96    0    0 364 -384  3
3823500 2818500 11  4  3  14.4 1004 241  4.8 8  9.4  92    0    0 369 -386  3
3823500 2818500 11  4  4  15.1 1004 245  4.4 8  9.4  89    0    0 372 -387  3
3823500 2818500 11  4  5  15.2 1004 242  4.0 8  9.4  86    0    0 375 -387  3
3823500 2818500 11  4  6  15.4 1004 237  3.8 8  9.3  85    0    0 377 -388  3
3823500 2818500 11  4  7  15.1 1004 239  4.3 8  9.3  85    0    0 377 -388  3
3823500 2818500 11  4  8  15.2 1004 238  4.7 8  9.4  86    0    1 377 -387  3
3823500 2818500 11  4  9  15.1 1005 238  4.6 8  9.3  86    0   15 378 -386  3
3823500 2818500 11  4 10  14.8 1005 240  4.5 7  9.3  86    0   35 373 -386  3
3823500 2818500 11  4 11  15.2 1006 238  4.7 7  9.3  86    0   38 367 -389  3
3823500 2818500 11  4 12  14.6 1007 240  4.7 7  9.4  88    0   36 367 -392  3
3823500 2818500 11  4 13  14.6 1007 242  4.4 8  9.5  90    0   33 371 -393  3
3823500 2818500 11  4 14  14.4 1008 241  3.9 7  9.5  91    0   43 371 -392  3
3823500 2818500 11  4 15  14.3 1008 237  3.3 6  9.6  93    0   55 358 -392  3
3823500 2818500 11  4 16  14.6 1008 238  3.4 8  9.6  93    6   58 365 -391  3
3823500 2818500 11  4 17  14.3 1008 241  3.5 8  9.6  93    5   19 376 -390  3
3823500 2818500 11  4 18  14.0 1008 235  4.1 8  9.6  94    0    0 375 -389  3
3823500 2818500 11  4 19  13.8 1008 235  4.5 8  9.4  94    0    0 374 -389  3
3823500 2818500 11  4 20  14.0 1009 232  5.3 8  9.1  92    0    0 373 -389  3
3823500 2818500 11  4 21  14.3 1009 227  5.0 8  8.9  88    0    0 374 -387  3
3823500 2818500 11  4 22  14.3 1009 229  5.1 8  8.7  85    0    0 374 -385  3
3823500 2818500 11  4 23  14.2 1009 232  5.0 8  8.6  84    0    0 373 -384  3
3823500 2818500 11  4 24  14.6 1008 232  5.7 8  8.5  82    0    0 374 -383  3
3823500 2818500 11  5  1  14.7 1008 232  6.6 8  8.3  79    0    0 375 -383  3
3823500 2818500 11  5  2  14.8 1008 235  5.7 8  8.2  77    0    0 375 -383  3
3823500 2818500 11  5  3  14.8 1008 235  5.9 8  8.1  77    0    0 375 -382  3
3823500 2818500 11  5  4  14.1 1008 235  5.1 8  8.1  79    0    0 374 -381  3
3823500 2818500 11  5  5  13.3 1008 236  4.8 8  8.2  84    0    0 372 -381  3
3823500 2818500 11  5  6  13.2 1008 233  4.8 8  8.4  87    0    0 371 -379  3
3823500 2818500 11  5  7  12.8 1008 233  4.1 8  8.5  90    0    0 370 -378  3
3823500 2818500 11  5  8  12.6 1008 235  4.4 8  8.6  93    0    3 371 -378  3
3823500 2818500 11  5  9  12.7 1008 232  4.7 8  8.6  94    0   16 370 -377  3
3823500 2818500 11  5 10  12.9 1009 238  4.7 8  8.7  94    0   48 370 -377  3
3823500 2818500 11  5 11  13.0 1009 244  4.4 8  8.7  93    0   66 370 -378  3
3823500 2818500 11  5 12  12.9 1010 259  3.5 8  8.7  93    0   50 370 -378  3
3823500 2818500 11  5 13  12.8 1010 267  2.8 8  8.7  93    0   45 368 -378  3
3823500 2818500 11  5 14  13.0 1010 240  2.4 8  8.6  92    0   29 367 -378  3
3823500 2818500 11  5 15  12.8 1010 239  1.3 8  8.5  91    0   25 367 -378  3
3823500 2818500 11  5 16  12.0 1010 241  0.8 8  8.3  92    0   22 365 -378  3
3823500 2818500 11  5 17  11.3 1010 222  0.5 8  8.1  94    0    4 362 -378  3
3823500 2818500 11  5 18  11.6 1010 211  0.3 8  8.1  96    0    0 361 -379  3
3823500 2818500 11  5 19  11.9 1009 226  0.8 8  8.2  95    0    0 362 -379  3
3823500 2818500 11  5 20  12.4 1008 225  2.5 8  8.5  96    0    0 364 -379  3
3823500 2818500 11  5 21  13.0 1008 224  3.6 8  8.8  96    0    0 366 -378  3
3823500 2818500 11  5 22  13.4 1006 220  4.5 8  9.1  96    0    0 369 -378  3
3823500 2818500 11  5 23  13.6 1005 228  4.6 8  9.2  95    0    0 370 -378  3
3823500 2818500 11  5 24  11.9 1004 238  4.9 8  8.6  92    0    0 367 -377  3
3823500 2818500 11  6  1  10.1 1004 311  1.7 8  7.7  93    0    0 360 -377  3
3823500 2818500 11  6  2   9.7 1005 281  1.6 8  7.4  96    0    0 355 -377  3
3823500 2818500 11  6  3   9.2 1004 313  1.5 8  7.1  96    0    0 353 -375  3
3823500 2818500 11  6  4   9.2 1004 247  0.3 7  7.0  95    0    0 345 -372  3
3823500 2818500 11  6  5   9.1 1003 269  0.6 8  6.9  95    0    0 345 -370  3
3823500 2818500 11  6  6   9.3 1003 262  0.8 8  6.9  95    0    0 350 -367  3
3823500 2818500 11  6  7   9.3 1003 260  1.3 8  6.9  94    0    0 349 -364  3
3823500 2818500 11  6  8   9.3 1003 256  0.8 8  6.9  93    0    3 347 -361  3
3823500 2818500 11  6  9   9.2 1003 246  1.6 7  6.8  92    0   25 340 -359  3
3823500 2818500 11  6 10   9.5 1004 253  1.9 8  6.9  92    0   55 339 -358  3
3823500 2818500 11  6 11  10.2 1004 249  2.3 7  7.0  91   12  114 338 -359  3
3823500 2818500 11  6 12   9.9 1004 256  2.6 8  7.0  90    0   68 337 -362  3
3823500 2818500 11  6 13   9.9 1004 301  1.7 7  6.9  90    2  110 333 -362  3
3823500 2818500 11  6 14  10.1 1004 278  1.1 5  6.8  88   16  125 310 -361  3
3823500 2818500 11  6 15  10.1 1004 259  0.7 4  6.7  86   69   97 287 -360  3
3823500 2818500 11  6 16   9.8 1004 273  0.5 6  6.6  85   26   54 294 -359  3
3823500 2818500 11  6 17   8.6 1004 240  0.4 6  6.5  88    4   13 304 -357  3
3823500 2818500 11  6 18   7.7 1004 299  0.1 6  6.2  92    0    0 300 -351  3
3823500 2818500 11  6 19   7.5 1004 204  0.1 7  6.1  92    0    0 304 -344  3
3823500 2818500 11  6 20   7.5 1003 242  0.1 7  6.1  93    0    0 310 -340  3
3823500 2818500 11  6 21   6.6 1003 209  0.1 8  6.0  95    0    0 313 -338  3
3823500 2818500 11  6 22   6.2 1003 205  0.1 7  5.9  97    0    0 310 -336  3
3823500 2818500 11  6 23   5.6 1003  57  0.1 6  5.7  98    0    0 296 -334  3
3823500 2818500 11  6 24   5.6 1002  69  0.1 5  5.6  98    0    0 281 -332  3
3823500 2818500 11  7  1   4.5 1001  48  0.2 5  5.3  97    0    0 271 -330  3
3823500 2818500 11  7  2   4.8 1001  64  0.1 5  5.2  97    0    0 269 -328  3
3823500 2818500 11  7  3   5.2 1000  29  0.6 5  5.2  95    0    0 270 -327  3
3823500 2818500 11  7  4   4.8 1000  26  1.1 5  5.2  94    0    0 270 -325  3
3823500 2818500 11  7  5   4.7  999  29  1.7 5  5.1  95    0    0 269 -324  3
3823500 2818500 11  7  6   4.3  998  44  1.8 5  5.1  97    0    0 268 -323  3
3823500 2818500 11  7  7   4.3  998  35  1.8 6  5.1  98    0    0 272 -322  3
3823500 2818500 11  7  8   4.3  998  42  1.8 5  5.1  97    0    8 271 -320  3
3823500 2818500 11  7  9   4.5  998  56  1.9 4  5.1  96    0   36 261 -321  3
3823500 2818500 11  7 10   4.8  998  79  2.3 8  5.2  96    3   82 277 -327  3
3823500 2818500 11  7 11   6.0  998  58  2.8 6  5.3  94   18  141 289 -336  3
3823500 2818500 11  7 12   7.1  998  47  3.1 5  5.5  89   82  204 274 -345  3
3823500 2818500 11  7 13   7.3  997  60  3.4 5  5.4  84   81  211 270 -351  3
3823500 2818500 11  7 14   7.5  996  50  3.7 4  5.2  80   51  177 266 -354  3
3823500 2818500 11  7 15   7.2  996  66  2.8 4  5.1  78   49  140 262 -353  3
3823500 2818500 11  7 16   6.9  995  55  2.3 5  4.8  76   22   76 266 -349  3
3823500 2818500 11  7 17   5.9  995  62  1.6 6  4.6  76    3   15 273 -342  3
3823500 2818500 11  7 18   4.6  995  47  0.9 6  4.5  80    0    0 273 -334  3
3823500 2818500 11  7 19   4.2  995  55  0.7 6  4.4  84    0    0 270 -329  3
3823500 2818500 11  7 20   3.6  994  55  1.2 6  4.4  86    0    0 268 -325  3
3823500 2818500 11  7 21   3.3  994  78  0.6 6  4.4  88    0    0 267 -323  3
3823500 2818500 11  7 22   2.9  993  78  1.2 6  4.3  89    0    0 267 -321  3
3823500 2818500 11  7 23   2.5  992  68  0.7 5  4.2  89    0    0 262 -320  3
3823500 2818500 11  7 24   2.8  992  82  1.2 5  4.1  87    0    0 257 -319  3
3823500 2818500 11  8  1   2.2  990  88  1.2 5  4.0  87    0    0 257 -319  3
3823500 2818500 11  8  2   2.6  989  99  1.1 5  4.0  87    0    0 257 -318  3
3823500 2818500 11  8  3   2.8  988  86  1.0 6  4.0  86    0    0 263 -316  3
3823500 2818500 11  8  4   2.5  986 108  1.3 6  4.0  86    0    0 267 -315  3
3823500 2818500 11  8  5   2.9  985 113  1.3 5  4.0  85    0    0 260 -314  3
3823500 2818500 11  8  6   3.0  984 113  1.5 6  4.0  83    0    0 259 -314  3
3823500 2818500 11  8  7   3.2  982 112  1.3 7  4.1  84    0    0 269 -314  3
3823500 2818500 11  8  8   3.2  981 122  1.3 7  4.2  85    0    6 276 -314  3
3823500 2818500 11  8  9   3.6  980 120  1.5 5  4.3  86    0   31 268 -314  3
3823500 2818500 11  8 10   4.2  979 113  1.6 8  4.5  86    0   40 274 -316  3
3823500 2818500 11  8 11   5.0  978 119  1.9 7  4.7  86    0   62 286 -318  3
3823500 2818500 11  8 12   5.1  977 114  2.2 8  4.8  86    0   50 285 -321  3
3823500 2818500 11  8 13   5.6  976 114  1.5 7  4.9  86    0   86 288 -325  3
3823500 2818500 11  8 14   6.1  975 116  2.4 7  5.1  84    0   81 284 -330  3
3823500 2818500 11  8 15   6.6  974 114  1.8 7  5.1  82    3   82 288 -334  3
3823500 2818500 11  8 16   6.3  973 103  2.0 8  5.1  81   12   62 299 -332  3
3823500 2818500 11  8 17   5.9  972 101  1.9 7  5.0  82    1   13 299 -328  3
3823500 2818500 11  8 18   5.4  972 102  1.5 7  4.9  83    0    0 287 -322  3
3823500 2818500 11  8 19   5.4  972  97  1.5 8  4.8  83    0    0 297 -320  3
3823500 2818500 11  8 20   5.1  971 100  2.1 7  4.8  84    0    0 300 -319  3
3823500 2818500 11  8 21   4.8  971  94  2.3 5  4.7  84    0    0 263 -318  3
3823500 2818500 11  8 22   4.4  971  97  2.0 5  4.6  84    0    0 230 -317  3
3823500 2818500 11  8 23   3.9  971  93  2.3 5  4.6  86    0    0 227 -316  3
3823500 2818500 11  8 24   3.9  971  97  2.6 6  4.5  86    0    0 243 -315  3
3823500 2818500 11  9  1   4.0  970  90  2.4 7  4.5  85    0    0 273 -315  3
3823500 2818500 11  9  2   4.1  970  88  2.4 7  4.5  84    0    0 289 -315  3
3823500 2818500 11  9  3   4.1  970  87  2.5 8  4.5  84    0    0 303 -315  3
3823500 2818500 11  9  4   3.8  970  87  2.2 8  4.5  85    0    0 312 -316  3
3823500 2818500 11  9  5   3.5  969  81  1.9 8  4.5  87    0    0 312 -316  3
3823500 2818500 11  9  6   3.4  969  78  1.9 8  4.6  90    0    0 312 -316  3
3823500 2818500 11  9  7   3.4  969  73  1.7 8  4.6  92    0    0 313 -316  3
3823500 2818500 11  9  8   3.5  970  67  1.7 8  4.7  92    0    0 316 -315  3
3823500 2818500 11  9  9   3.7  970  68  1.4 8  4.7  92    0   23 317 -316  3
3823500 2818500 11  9 10   4.3  970  65  1.6 6  4.8  91    0   51 303 -317  3
3823500 2818500 11  9 11   4.8  971  71  1.6 8  4.9  90    0   36 303 -319  3
3823500 2818500 11  9 12   5.3  971  73  1.5 8  5.0  88    0   53 320 -323  3
3823500 2818500 11  9 13   5.5  971  55  1.7 8  5.1  87    0   72 321 -326  3
3823500 2818500 11  9 14   5.9  971  61  1.7 8  5.2  87    0   47 321 -329  3
3823500 2818500 11  9 15   6.1  971  63  1.9 8  5.3  88    0   32 322 -332  3
3823500 2818500 11  9 16   5.9  972  53  2.2 7  5.4  88    0   20 314 -332  3
3823500 2818500 11  9 17   5.6  972  55  1.6 7  5.4  90    0    5 306 -328  3
3823500 2818500 11  9 18   5.4  972  38  1.8 7  5.4  92    0    0 305 -325  3
3823500 2818500 11  9 19   5.4  972  51  1.7 8  5.4  92    0    0 313 -323  3
3823500 2818500 11  9 20   5.5  973  59  1.7 8  5.3  91    0    0 320 -321  3
3823500 2818500 11  9 21   5.4  973  51  1.0 8  5.3  91    0    0 319 -319  3
3823500 2818500 11  9 22   5.4  973  53  1.0 7  5.3  92    0    0 313 -319  3
3823500 2818500 11  9 23   5.3  974  52  1.4 7  5.4  94    0    0 307 -317  3
3823500 2818500 11  9 24   5.1  974  39  1.2 7  5.4  95    0    0 306 -316  3
3823500 2818500 11 10  1   5.3  974  44  1.0 8  5.4  95    0    0 312 -315  3
3823500 2818500 11 10  2   5.4  974  34  1.4 8  5.5  95    0    0 319 -315  3
3823500 2818500 11 10  3   5.4  974  34  1.6 8  5.5  95    0    0 320 -314  3
3823500 2818500 11 10  4   5.2  975  38  1.5 8  5.5  96    0    0 321 -314  3
3823500 2818500 11 10  5   5.1  975  34  1.1 8  5.5  97    0    0 321 -313  3
3823500 2818500 11 10  6   5.3  975  36  1.7 8  5.5  96    0    0 322 -313  3
3823500 2818500 11 10  7   5.3  975  32  2.2 8  5.5  96    0    0 322 -313  3
3823500 2818500 11 10  8   5.4  976  28  2.3 8  5.5  96    0    0 321 -312  3
3823500 2818500 11 10  9   5.3  977  20  2.2 8  5.5  95    0   11 321 -312  3
3823500 2818500 11 10 10   5.5  977  25  2.2 8  5.5  95    0   28 321 -314  3
3823500 2818500 11 10 11   5.9  978   5  1.9 8  5.5  93    0   28 321 -318  3
3823500 2818500 11 10 12   6.0  979 360  2.2 8  5.6  93    0   32 321 -322  3
3823500 2818500 11 10 13   6.0  980 340  2.4 8  5.6  93    0   34 322 -325  3
3823500 2818500 11 10 14   6.0  980 330  3.2 8  5.6  92    0   32 322 -329  3
3823500 2818500 11 10 15   5.8  981 316  2.5 8  5.5  91    0   31 321 -333  3
3823500 2818500 11 10 16   5.8  982 337  3.0 8  5.4  90    1   40 321 -334  3
3823500 2818500 11 10 17   5.6  984 311  1.4 8  5.3  90    2   13 320 -332  3
3823500 2818500 11 10 18   5.3  985 294  2.1 8  5.2  91    0    0 320 -327  3
3823500 2818500 11 10 19   5.3  987 283  1.0 7  5.2  91    0    0 311 -324  3
3823500 2818500 11 10 20   5.3  988 274  0.6 7  5.2  91    0    0 304 -323  3
3823500 2818500 11 10 21   4.7  990 272  1.0 7  5.0  90    0    0 303 -322  3
3823500 2818500 11 10 22   4.1  991 245  1.2 6  4.8  91    0    0 295 -320  3
3823500 2818500 11 10 23   3.9  992 255  1.3 7  4.7  92    0    0 293 -319  3
3823500 2818500 11 10 24   3.8  993 235  1.4 6  4.7  92    0    0 291 -318  3
3823500 2818500 11 11  1   3.3  993 231  1.6 5  4.6  92    0    0 278 -316  3
3823500 2818500 11 11  2   3.4  994 234  1.5 6  4.6  92    0    0 277 -315  3
3823500 2818500 11 11  3   3.6  995 232  2.0 7  4.6  92    0    0 287 -315  3
3823500 2818500 11 11  4   3.7  996 223  1.7 6  4.6  92    0    0 286 -315  3
3823500 2818500 11 11  5   3.8  996 227  2.0 4  4.6  92    0    0 273 -316  3
3823500 2818500 11 11  6   4.2  997 209  2.1 5  4.7  92    0    0 268 -316  3
3823500 2818500 11 11  7   3.9  997 218  2.6 5  4.8  92    0    0 268 -315  3
3823500 2818500 11 11  8   3.9  997 213  2.6 3  4.7  92    0    4 254 -315  3
3823500 2818500 11 11  9   3.6  997 207  2.9 4  4.6  91   18   33 246 -315  3
3823500 2818500 11 11 10   4.6  997 192  3.2 4  4.5  87  145   31 248 -316  3
3823500 2818500 11 11 11   5.5  996 193  4.7 5  4.4  80   50  107 254 -318  3
3823500 2818500 11 11 12   5.8  995 195  5.2 7  4.3  74    0   79 268 -322  3
3823500 2818500 11 11 13   5.7  993 191  5.6 7  4.1  70    0   66 278 -326  3
3823500 2818500 11 11 14   5.9  991 183  5.6 7  4.0  69    0   55 282 -331  3
3823500 2818500 11 11 15   5.5  990 182  5.8 7  4.2  72    0   42 287 -335  3
3823500 2818500 11 11 16   4.6  987 176  6.2 7  4.5  81    1   32 289 -334  3
3823500 2818500 11 11 17   5.0  985 178  6.7 8  4.8  88    0    4 298 -332  3
3823500 2818500 11 11 18   5.3  982 180  7.4 8  5.0  89    0    0 309 -331  3
3823500 2818500 11 11 19   6.2  980 190  5.5 8  5.4  91    0    0 318 -332  3
3823500 2818500 11 11 20   7.1  978 201  6.0 8  5.7  91    0    0 326 -335  3
3823500 2818500 11 11 21   7.7  976 198  5.6 7  6.0  90    0    0 329 -339  3
3823500 2818500 11 11 22   7.9  975 245  2.5 7  6.2  90    0    0 329 -344  3
3823500 2818500 11 11 23   8.1  975 233  2.2 5  6.2  89    0    0 323 -346  3
3823500 2818500 11 11 24   8.7  976 230  3.2 3  6.2  87    0    0 302 -348  3
3823500 2818500 11 12  1   9.0  976 235  4.2 2  6.0  82    0    0 278 -349  3
3823500 2818500 11 12  2   9.2  977 231  4.8 4  5.8  77    0    0 277 -349  3
3823500 2818500 11 12  3   9.3  977 232  5.2 5  5.8  76    0    0 298 -349  3
3823500 2818500 11 12  4   9.3  977 239  5.9 4  5.7  76    0    0 300 -348  3
3823500 2818500 11 12  5   9.5  977 234  5.8 4  5.8  76    0    0 298 -348  3
3823500 2818500 11 12  6  10.1  978 239  6.0 6  5.9  75    0    0 311 -346  3
3823500 2818500 11 12  7  10.4  978 240  7.2 7  5.8  72    0    0 326 -345  3
3823500 2818500 11 12  8  10.6  979 241  7.2 7  5.7  70    0    0 330 -343  3
3823500 2818500 11 12  9  10.6  980 244  6.5 6  5.7  70    0   17 323 -342  3
3823500 2818500 11 12 10  10.4  981 246  6.1 7  5.8  71    0   41 323 -343  3
3823500 2818500 11 12 11  10.5  981 244  7.0 7  5.9  72    0   44 331 -346  3
3823500 2818500 11 12 12  11.3  982 245  7.2 5  5.8  69   10  121 322 -350  3
3823500 2818500 11 12 13  11.8  983 251  7.5 3  5.7  65  104  127 302 -354  3
3823500 2818500 11 12 14  11.8  983 251  6.9 6  5.7  64   18  115 309 -356  3
3823500 2818500 11 12 15  11.8  983 252  6.4 7  5.7  64    3   70 332 -356  3
3823500 2818500 11 12 16  11.5  984 250  7.1 7  5.7  65    9   41 338 -355  3
3823500 2818500 11 12 17  11.5  984 243  5.7 7  5.8  67    0    0 339 -353  3
3823500 2818500 11 12 18  11.5  984 242  5.5 7  6.0  68    0    0 340 -352  3
3823500 2818500 11 12 19  11.0  984 235  5.3 8  6.1  72    0    0 346 -351  3
3823500 2818500 11 12 20   9.9  984 231  4.3 8  6.4  79    0    0 349 -353  3
3823500 2818500 11 12 21   9.8  984 228  3.1 8  6.8  87    0    0 349 -354  3
3823500 2818500 11 12 22   9.7  983 216  1.1 8  7.2  92    0    0 350 -356  3
3823500 2818500 11 12 23   9.8  983 239  1.4 8  7.3  94    0    0 350 -357  3
3823500 2818500 11 12 24   9.9  982 251  1.7 8  7.3  94    0    0 351 -358  3
3823500 2818500 11 13  1  10.1  983 257  1.3 8  7.4  93    0    0 352 -360  3
3823500 2818500 11 13  2  10.2  983 257  1.2 8  7.4  93    0    0 356 -362  3
3823500 2818500 11 13  3  10.5  983 229  1.4 7  7.6  94    0    0 351 -363  3
3823500 2818500 11 13  4  10.9  983 244  1.8 7  7.9  95    0    0 345 -364  3
3823500 2818500 11 13  5  11.0  983 240  2.0 7  7.9  94    0    0 345 -363  3
3823500 2818500 11 13  6  10.8  983 239  3.0 7  7.7  92    0    0 344 -363  3
3823500 2818500 11 13  7  10.6  983 242  2.7 7  7.6  91    0    0 342 -363  3
3823500 2818500 11 13  8  10.5  983 232  2.4 7  7.5  92    0    0 341 -363  3
3823500 2818500 11 13  9  10.7  984 229  2.8 8  7.6  92    0   25 347 -363  3
3823500 2818500 11 13 10  11.0  984 235  3.2 6  7.6  91    0   54 339 -364  3
3823500 2818500 11 13 11  11.3  985 243  3.3 8  7.6  89    0   41 338 -366  3
3823500 2818500 11 13 12  11.0  986 240  2.9 7  7.5  88    0   66 344 -369  3
3823500 2818500 11 13 13  10.8  986 222  2.6 7  7.3  87    0   60 335 -369  3
3823500 2818500 11 13 14  10.6  986 222  3.2 7  7.2  87    0   47 334 -369  3
3823500 2818500 11 13 15  10.5  986 239  3.1 7  7.3  89    0   36 334 -367  3
3823500 2818500 11 13 16  10.4  987 220  2.4 7  7.3  90    0   29 334 -365  3
3823500 2818500 11 13 17  10.4  987 200  3.1 8  7.2  90    0    0 341 -363  3
3823500 2818500 11 13 18  10.3  987 219  2.1 8  7.2  89    0    0 348 -362  3
3823500 2818500 11 13 19   9.9  987 227  2.0 8  7.1  90    0    0 348 -362  3
3823500 2818500 11 13 20   9.5  988 214  1.6 8  7.0  91    0    0 346 -361  3
3823500 2818500 11 13 21   9.0  988 202  0.7 8  6.9  92    0    0 346 -361  3
3823500 2818500 11 13 22   8.9  988 183  0.6 8  6.9  94    0    0 345 -361  3
3823500 2818500 11 13 23   8.8  988 155  0.5 8  6.9  95    0    0 345 -361  3
3823500 2818500 11 13 24   8.9  988 145  0.2 8  7.0  96    0    0 346 -361  3
3823500 2818500 11 14  1   9.1  988 144  0.7 8  7.1  96    0    0 346 -362  3
3823500 2818500 11 14  2   9.6  987 146  1.0 8  7.3  97    0    0 347 -362  3
3823500 2818500 11 14  3  10.0  987 135  1.6 8  7.6  97    0    0 349 -363  3
3823500 2818500 11 14  4  11.0  987 187  2.7 8  7.9  97    0    0 352 -363  3
3823500 2818500 11 14  5  11.9  986 179  3.1 7  8.3  96    0    0 350 -364  3
3823500 2818500 11 14  6  12.7  986 185  3.2 7  8.7  94    0    0 347 -364  3
3823500 2818500 11 14  7  12.8  985 202  3.3 8  8.8  93    0    0 354 -364  3
3823500 2818500 11 14  8  12.8  985 204  3.3 8  8.8  92    0    0 359 -364  3
3823500 2818500 11 14  9  12.9  985 203  4.1 7  8.7  91    0    3 353 -364  3
3823500 2818500 11 14 10  13.1  986 206  4.5 8  8.7  90    0   19 353 -364  3
3823500 2818500 11 14 11  12.8  986 222  2.6 6  8.6  90    0   72 347 -365  3
3823500 2818500 11 14 12  12.3  986 236  1.8 6  8.5  91    0   66 336 -366  3
3823500 2818500 11 14 13  11.5  986 226  3.0 7  8.3  92    0   48 338 -367  3
3823500 2818500 11 14 14  12.2  987 225  2.8 7  8.2  92    0   68 343 -367  3
3823500 2818500 11 14 15  11.8  987 203  4.0 7  8.3  92    0   33 343 -367  3
3823500 2818500 11 14 16  12.6  987 210  3.9 8  8.4  92    0   19 347 -367  3
3823500 2818500 11 14 17  12.9  987 208  4.4 8  8.4  89    0    6 355 -366  3
3823500 2818500 11 14 18  13.3  988 208  4.1 8  8.3  86    0    0 356 -366  3
3823500 2818500 11 14 19  13.4  988 204  4.3 7  8.2  83    0    0 351 -366  3
3823500 2818500 11 14 20  13.2  989 209  4.6 7  8.0  82    0    0 344 -366  3
3823500 2818500 11 14 21  13.2  989 214  5.3 7  7.8  80    0    0 343 -367  3
3823500 2818500 11 14 22  13.4  990 216  4.8 7  7.5  77    0    0 342 -367  3
3823500 2818500 11 14 23  12.4  991 222  6.9 7  6.8  71    0    0 338 -366  3
3823500 2818500 11 14 24  11.6  992 238  7.0 7  6.0  67    0    0 333 -365  3
3823500 2818500 11 15  1  10.2  994 252  6.0 7  5.7  69    0    0 327 -365  3
3823500 2818500 11 15  2   9.5  996 246  4.2 7  5.7  74    0    0 324 -363  3
3823500 2818500 11 15  3   9.1  997 254  4.8 7  5.8  78    0    0 323 -361  3
3823500 2818500 11 15  4   8.2  999 246  2.8 7  5.7  81    0    0 320 -361  3
3823500 2818500 11 15  5   7.7 1000 234  1.5 7  5.6  84    0    0 318 -360  3
3823500 2818500 11 15  6   7.5 1000 226  1.9 7  5.6  84    0    0 317 -359  3
3823500 2818500 11 15  7   7.2 1001 236  1.5 7  5.5  85    0    0 315 -358  3
3823500 2818500 11 15  8   6.7 1001 217  1.6 7  5.5  87    0    0 313 -357  3
3823500 2818500 11 15  9   6.3 1002 226  0.9 7  5.5  90    3   33 309 -356  3
3823500 2818500 11 15 10   7.3 1003 224  1.2 7  5.5  89   18   88 309 -355  3
3823500 2818500 11 15 11   7.9 1004 214  1.4 6  5.6  85   39  129 306 -357  3
3823500 2818500 11 15 12   8.5 1005 232  1.2 6  5.6  82   55  153 301 -360  3
3823500 2818500 11 15 13   8.7 1005 250  1.5 6  5.7  81   42  154 302 -363  3
3823500 2818500 11 15 14   9.0 1006 263  1.1 5  5.6  79   58  135 295 -364  3
3823500 2818500 11 15 15   8.8 1006 274  0.9 6  5.5  77   29   96 294 -364  3
3823500 2818500 11 15 16   8.2 1006 283  0.6 7  5.4  78    3   35 303 -361  3
3823500 2818500 11 15 17   6.7 1006 315  0.2 7  5.4  83    0    4 303 -356  3
3823500 2818500 11 15 18   5.9 1007 315  0.1 7  5.4  90    0    0 299 -350  3
3823500 2818500 11 15 19   5.1 1008 271  0.1 7  5.2  92    0    0 294 -346  3
3823500 2818500 11 15 20   4.6 1008 312  0.1 7  5.0  94    0    0 290 -343  3
3823500 2818500 11 15 21   4.4 1009  76  0.1 7  5.0  94    0    0 289 -341  3
3823500 2818500 11 15 22   3.9 1009 348  0.0 7  4.9  94    0    0 288 -338  3
3823500 2818500 11 15 23   3.4 1009  79  0.7 7  4.7  96    0    0 287 -335  3
3823500 2818500 11 15 24   2.8 1010 170  0.6 7  4.6  97    0    0 287 -333  3
3823500 2818500 11 16  1   2.2 1011 304  0.0 6  4.5  98    0    0 280 -332  3
3823500 2818500 11 16  2   1.6 1011 105  0.9 4  4.3  98    0    0 259 -331  3
3823500 2818500 11 16  3   1.0 1011 337  1.1 3  4.1  99    0    0 241 -329  3
3823500 2818500 11 16  4   0.6 1011   7  0.0 4  4.0  99    0    0 240 -328  3
3823500 2818500 11 16  5   1.2 1012 343  0.0 6  4.0  98    0    0 258 -325  3
3823500 2818500 11 16  6   1.2 1012 227  0.0 6  4.1  99    0    0 270 -322  3
3823500 2818500 11 16  7   1.3 1012 229  0.4 7  4.1  99    0    0 275 -321  3
3823500 2818500 11 16  8   1.1 1012 228  0.1 7  4.1  98    0    0 280 -320  3
3823500 2818500 11 16  9   1.1 1013 271  0.0 6  4.0  98   10   34 273 -320  3
3823500 2818500 11 16 10   2.8 1014 310  0.1 4  4.2  97   68   78 260 -323  3
3823500 2818500 11 16 11   5.8 1014 296  0.1 3  4.9  96  133  103 253 -330  3
3823500 2818500 11 16 12   7.7 1014  13  0.9 3  5.5  90  183  110 256 -338  3
3823500 2818500 11 16 13   8.6 1014 334  0.3 3  5.3  78  186  112 261 -345  3
3823500 2818500 11 16 14   9.1 1014 310  0.9 2  4.8  69  141  109 258 -348  3
3823500 2818500 11 16 15   8.7 1014  15  1.1 1  4.7  66   78   88 252 -349  3
3823500 2818500 11 16 16   8.1 1014  40  1.2 4  4.7  68   50   46 261 -346  3
3823500 2818500 11 16 17   6.1 1014  11  0.5 4  4.7  75    0    8 270 -339  3
3823500 2818500 11 16 18   5.7 1014  63  0.1 5  4.7  81    0    0 271 -332  3
3823500 2818500 11 16 19   5.5 1014  48  0.3 6  4.8  84    0    0 279 -329  3
3823500 2818500 11 16 20   5.1 1014  60  0.9 6  4.8  88    0    0 285 -326  3
3823500 2818500 11 16 21   5.1 1014  37  0.2 6  4.9  91    0    0 285 -324  3
3823500 2818500 11 16 22   5.0 1013  67  0.3 6  5.0  91    0    0 286 -322  3
3823500 2818500 11 16 23   4.7 1013  71  0.7 5  4.9  91    0    0 283 -320  3
3823500 2818500 11 16 24   4.2 1013  69  0.8 3  4.7  91    0    0 267 -319  3
3823500 2818500 11 17  1   3.7 1012  71  1.0 3  4.6  92    0    0 256 -319  3
3823500 2818500 11 17  2   3.8 1012  71  1.2 5  4.6  93    0    0 265 -319  3
3823500 2818500 11 17  3   4.5 1011  61  1.7 6  4.6  91    0    0 282 -317  3
3823500 2818500 11 17  4   4.6 1010  70  1.8 7  4.6  88    0    0 294 -315  3
3823500 2818500 11 17  5   4.7 1010  65  1.6 7  4.6  86    0    0 300 -314  3
3823500 2818500 11 17  6   4.6 1009  63  1.8 8  4.5  86    0    0 306 -314  3
3823500 2818500 11 17  7   4.6 1009  70  1.7 8  4.5  85    0    0 312 -314  3
3823500 2818500 11 17  8   4.4 1008  69  2.1 8  4.5  85    0    0 311 -314  3
3823500 2818500 11 17  9   4.4 1008  71  1.8 7  4.5  86    0   11 307 -314  3
3823500 2818500 11 17 10   4.4 1008  79  1.8 7  4.6  87    0   44 302 -316  3
3823500 2818500 11 17 11   4.9 1007  87  1.4 6  4.7  88   13   77 297 -318  3
3823500 2818500 11 17 12   5.3 1007  86  1.9 7  4.6  84   18   91 299 -319  3
3823500 2818500 11 17 13   5.4 1006  90  2.1 7  4.5  80    0   69 306 -322  3
3823500 2818500 11 17 14   5.3 1005  84  2.6 7  4.4  79    0   35 305 -325  3
3823500 2818500 11 17 15   5.2 1004  84  1.3 7  4.4  79    0   23 305 -325  3
3823500 2818500 11 17 16   4.8 1003  80  1.6 7  4.4  81    0   10 304 -326  3
3823500 2818500 11 17 17   4.6 1003  69  0.8 7  4.4  83    0    0 304 -327  3
3823500 2818500 11 17 18   4.4 1003  84  0.6 7  4.5  84    0    0 304 -327  3
3823500 2818500 11 17 19   4.3 1002  76  0.4 7  4.5  86    0    0 305 -327  3
3823500 2818500 11 17 20   4.3 1002  72  0.5 8  4.5  86    0    0 313 -329  3
3823500 2818500 11 17 21   4.2 1002  70  0.5 8  4.5  87    0    0 321 -331  3
3823500 2818500 11 17 22   4.2 1002  71  0.5 8  4.6  88    0    0 315 -333  3
3823500 2818500 11 17 23   4.5 1002 104  0.5 7  4.7  89    0    0 316 -334  3
3823500 2818500 11 17 24   4.9 1001 145  0.5 7  5.0  91    0    0 317 -335  3
3823500 2818500 11 18  1   5.4 1021 204  0.6 7  5.2  93    0    0 320 -341  3
3823500 2818500 11 18  2   5.9 1020 258  0.6 7  5.5  95    0    0 316 -344  3
3823500 2818500 11 18  3   6.2 1020 267  0.7 7  5.7  96    0    0 306 -345  3
3823500 2818500 11 18  4   6.2 1019 271  0.7 7  5.7  97    0    0 312 -345  3
3823500 2818500 11 18  5   6.2 1019 246  0.8 7  5.7  96    0    0 322 -345  3
3823500 2818500 11 18  6   6.2 1018 334  0.9 8  5.7  97    0    0 322 -345  3
3823500 2818500 11 18  7   5.9 1018 282  0.5 8  5.6  96    0    0 327 -345  3
3823500 2818500 11 18  8   5.9 1017 258  0.5 8  5.5  96    0    0 326 -345  3
3823500 2818500 11 18  9   6.0 1017 252  0.1 8  5.6  97    0   13 326 -344  3
3823500 2818500 11 18 10   6.3 1017 311  0.2 8  5.7  98    1   59 326 -345  3
3823500 2818500 11 18 11   6.7 1017 261  0.3 7  5.9  98    1   89 321 -347  3
3823500 2818500 11 18 12   7.3 1017 248  0.3 5  6.0  97    0   96 306 -348  3
3823500 2818500 11 18 13   7.5 1016   7  0.4 8  6.1  96    0   54 311 -349  3
3823500 2818500 11 18 14   7.6 1016  40  0.7 7  6.1  94    0   66 320 -351  3
3823500 2818500 11 18 15   7.9 1015  78  1.1 7  6.1  93    0   51 316 -353  3
3823500 2818500 11 18 16   7.5 1015  88  0.4 8  6.1  93    0   23 320 -352  3
3823500 2818500 11 18 17   6.3 1014  22  0.0 7  5.7  93    0    6 317 -350  3
3823500 2818500 11 18 18   4.7 1014 358  0.0 8  5.2  92    0    0 313 -347  3
3823500 2818500 11 18 19   4.2 1014  15  0.0 7  4.9  94    0    0 309 -346  3
3823500 2818500 11 18 20   4.5 1014  19  0.1 8  4.9  94    0    0 310 -345  3
3823500 2818500 11 18 21   4.6 1014 346  0.0 7  5.0  96    0    0 311 -344  3
3823500 2818500 11 18 22   4.3 1014  10  0.0 6  5.1  97    0    0 301 -344  3
3823500 2818500 11 18 23   4.4 1014  37  0.3 6  5.0  96    0    0 296 -344  3
3823500 2818500 11 18 24   5.1 1014 312  0.0 5  5.1  96    0    0 292 -344  3
3823500 2818500 11 19  1   4.5 1014 336  0.9 7  5.2  97    0    0 298 -344  3
3823500 2818500 11 19  2   4.3 1014 315  0.3 8  5.1  98    0    0 315 -344  3
3823500 2818500 11 19  3   3.9 1014 331  0.3 6  5.0  98    0    0 308 -344  3
3823500 2818500 11 19  4   3.7 1014  19  0.1 6  4.9  98    0    0 296 -344  3
3823500 2818500 11 19  5   4.0 1014 275  0.1 5  4.9  99    0    0 291 -344  3
3823500 2818500 11 19  6   4.1 1014 308  0.7 8  5.0  99    0    0 304 -344  3
3823500 2818500 11 19  7   4.2 1014 255  0.6 8  5.0  98    0    0 321 -344  3
3823500 2818500 11 19  8   4.5 1014 246  0.6 8  5.1  98    0    0 322 -341  3
3823500 2818500 11 19  9   4.7 1014 253  0.4 7  5.1  97    0   14 316 -338  3
3823500 2818500 11 19 10   5.1 1015 281  0.4 7  5.3  98    0   40 313 -338  3
3823500 2818500 11 19 11   5.8 1015 249  0.7 6  5.4  97    0   37 310 -342  3
3823500 2818500 11 19 12   6.5 1016 280  1.0 8  5.7  97    0   57 319 -347  3
3823500 2818500 11 19 13   7.0 1016 298  1.3 7  5.9  97    0   72 327 -353  3
3823500 2818500 11 19 14   7.4 1015 282  1.4 7  6.1  96    0   60 323 -355  3
3823500 2818500 11 19 15   7.5 1015 262  1.5 7  6.1  94    0   48 324 -355  3
3823500 2818500 11 19 16   7.2 1015 261  1.1 8  5.9  93    0   12 328 -350  3
3823500 2818500 11 19 17   7.1 1016 274  1.1 7  5.9  94    0    1 325 -344  3
3823500 2818500 11 19 18   7.1 1016 283  1.1 8  5.9  95    0    0 323 -338  3
3823500 2818500 11 19 19   7.2 1016 281  1.3 8  5.9  95    0    0 326 -334  3
3823500 2818500 11 19 20   7.3 1016 297  0.8 8  6.0  95    0    0 326 -331  3
3823500 2818500 11 19 21   7.3 1017 312  1.1 8  6.1  96    0    0 324 -327  3
3823500 2818500 11 19 22   7.3 1017 286  1.1 8  6.1  96    0    0 323 -324  3
3823500 2818500 11 19 23   7.1 1017 279  1.0 8  6.1  96    0    0 323 -321  3
3823500 2818500 11 19 24   7.1 1018 258  0.9 8  6.0  96    0    0 321 -320  3
3823500 2818500 11 20  1   6.9 1018 265  1.3 8  6.0  96    0    0 319 -319  3
3823500 2818500 11 20  2   6.9 1018 257  1.4 8  5.9  96    0    0 318 -319  3
3823500 2818500 11 20  3   7.0 1018 270  1.3 8  5.9  96    0    0 317 -318  3
3823500 2818500 11 20  4   6.5 1018 305  1.2 7  5.8  96    0    0 310 -316  3
3823500 2818500 11 20  5   6.0 1018 275  1.3 7  5.7  97    0    0 304 -314  3
3823500 2818500 11 20  6   5.8 1018 267  1.4 6  5.6  97    0    0 300 -314  3
3823500 2818500 11 20  7   5.4 1019 263  1.6 6  5.4  97    0    0 296 -314  3
3823500 2818500 11 20  8   5.8 1019 259  1.8 7  5.4  97    0    0 301 -314  3
3823500 2818500 11 20  9   6.4 1019 257  1.2 8  5.6  96    0   10 313 -314  3
3823500 2818500 11 20 10   6.9 1020 259  1.7 6  5.8  96    0   38 310 -316  3
3823500 2818500 11 20 11   7.7 1020 269  1.1 7  5.9  93    0   42 308 -318  3
3823500 2818500 11 20 12   8.4 1020 255  1.8 7  6.0  91    0   47 314 -320  3
3823500 2818500 11 20 13   8.9 1020 258  1.8 7  6.1  88    0   62 312 -324  3
3823500 2818500 11 20 14   8.9 1020 255  2.5 6  6.1  86    3   91 305 -328  3
3823500 2818500 11 20 15   8.6 1020 250  2.1 6  6.0  86    4   71 298 -331  3
3823500 2818500 11 20 16   8.3 1020 239  2.2 8  5.9  86    4   37 306 -329  3
3823500 2818500 11 20 17   8.0 1020 239  2.2 8  5.8  87    0    7 316 -324  3
3823500 2818500 11 20 18   7.6 1020 249  2.2 8  5.8  89    0    0 317 -321  3
3823500 2818500 11 20 19   7.3 1020 243  2.5 8  5.7  90    0    0 317 -319  3
3823500 2818500 11 20 20   7.2 1020 249  2.8 8  5.6  88    0    0 318 -319  3
3823500 2818500 11 20 21   7.2 1021 247  2.5 7  5.4  86    0    0 312 -319  3
3823500 2818500 11 20 22   7.3 1020 243  2.4 7  5.4  86    0    0 308 -319  3
3823500 2818500 11 20 23   7.3 1020 241  2.5 8  5.4  86    0    0 316 -319  3
3823500 2818500 11 20 24   7.4 1020 250  2.6 7  5.5  87    0    0 317 -320  3
3823500 2818500 11 21  1   7.4 1020 252  3.2 8  5.4  85    0    0 316 -323  3
3823500 2818500 11 21  2   7.7 1020 253  3.3 8  5.3  83    0    0 320 -326  3
3823500 2818500 11 21  3   7.8 1020 247  3.4 7  5.3  82    0    0 314 -326  3
3823500 2818500 11 21  4   7.9 1019 253  3.2 7  5.4  82    0    0 306 -324  3
3823500 2818500 11 21  5   7.7 1019 247  3.5 7  5.5  83    0    0 304 -321  3
3823500 2818500 11 21  6   7.5 1019 238  3.3 7  5.5  85    0    0 303 -320  3
3823500 2818500 11 21  7   7.5 1019 231  3.0 7  5.5  86    0    0 301 -319  3
3823500 2818500 11 21  8   7.5 1019 228  3.4 7  5.5  86    0    0 300 -319  3
3823500 2818500 11 21  9   7.6 1018 231  3.5 7  5.5  86    2   22 300 -319  3
3823500 2818500 11 21 10   8.0 1019 234  3.7 7  5.6  85    8   54 299 -320  3
3823500 2818500 11 21 11   8.3 1018 237  3.8 7  5.6  84    0   56 297 -323  3
3823500 2818500 11 21 12   8.7 1018 240  4.5 7  5.6  81    0   77 294 -329  3
3823500 2818500 11 21 13   9.3 1018 233  5.3 6  5.6  78    8   94 288 -333  3
3823500 2818500 11 21 14   9.1 1017 240  5.4 7  5.5  77    5   82 286 -337  3
3823500 2818500 11 21 15   8.9 1016 243  5.3 8  5.5  77    0   52 292 -338  3
3823500 2818500 11 21 16   8.9 1015 233  4.8 7  5.5  78    0   21 291 -336  3
3823500 2818500 11 21 17   8.9 1015 230  5.2 8  5.5  78    0    0 291 -333  3
3823500 2818500 11 21 18   8.5 1014 235  5.4 8  5.5  78    0    0 292 -330  3
3823500 2818500 11 21 19   8.1 1014 233  5.9 8  5.4  80    0    0 290 -329  3
3823500 2818500 11 21 20   8.0 1013 231  5.9 8  5.3  80    0    0 291 -329  3
3823500 2818500 11 21 21   7.7 1012 230  6.6 7  5.2  78    0    0 293 -328  3
3823500 2818500 11 21 22   7.8 1011 229  7.4 8  5.1  78    0    0 297 -328  3
3823500 2818500 11 21 23   7.9 1011 238  7.3 8  5.1  77    0    0 302 -328  3
3823500 2818500 11 21 24   7.7 1010 238  6.7 8  5.2  79    0    0 305 -329  3
3823500 2818500 11 22  1   7.3 1009 237  6.2 8  5.4  84    0    0 307 -330  3
3823500 2818500 11 22  2   7.4 1008 235  6.2 8  5.7  89    0    0 309 -331  3
3823500 2818500 11 22  3   7.3 1007 236  6.3 8  5.9  91    0    0 311 -331  3
3823500 2818500 11 22  4   7.7 1006 243  6.4 8  6.0  93    0    0 312 -331  3
3823500 2818500 11 22  5   7.7 1005 243  5.1 8  6.2  94    0    0 315 -331  3
3823500 2818500 11 22  6   8.4 1005 251  4.4 7  6.4  95    0    0 317 -331  3
3823500 2818500 11 22  7   8.8 1004 249  2.9 8  6.6  94    0    0 321 -332  3
3823500 2818500 11 22  8   8.9 1003 256  2.6 8  6.7  93    0    0 328 -333  3
3823500 2818500 11 22  9   9.1 1003 267  3.5 8  6.5  90    0    8 330 -335  3
3823500 2818500 11 22 10   9.0 1003 273  4.5 6  6.1  85    0   46 322 -336  3
3823500 2818500 11 22 11   8.8 1002 284  3.8 6  5.7  79    0   57 312 -339  3
3823500 2818500 11 22 12   8.5 1002 292  6.7 7  5.4  76    0   55 314 -344  3
3823500 2818500 11 22 13   7.3 1001 301  5.3 6  5.2  78    0   80 312 -350  3
3823500 2818500 11 22 14   5.2 1000 314  5.6 6  5.0  84    3   81 301 -352  3
3823500 2818500 11 22 15   4.6 1001 299  3.7 7  4.8  88    0   35 302 -351  3
3823500 2818500 11 22 16   4.6 1001 293  3.1 7  4.7  88    0   13 305 -346  3
3823500 2818500 11 22 17   4.6 1001 300  5.2 7  4.4  82    0    1 302 -340  3
3823500 2818500 11 22 18   3.9 1002 303  2.2 6  4.0  77    0    0 292 -335  3
3823500 2818500 11 22 19   3.5 1002 302  4.4 3  3.7  74    0    0 264 -331  3
3823500 2818500 11 22 20   3.0 1003 297  4.7 2  3.6  75    0    0 233 -326  3
3823500 2818500 11 22 21   2.7 1004 306  4.5 3  3.8  81    0    0 227 -322  3
3823500 2818500 11 22 22   1.8 1004 312  2.7 6  4.0  88    0    0 248 -319  3
3823500 2818500 11 22 23   1.5 1005 318  2.8 6  4.0  92    0    0 262 -319  3
3823500 2818500 11 22 24   1.5 1005 307  3.3 6  3.9  92    0    0 261 -318  3
3823500 2818500 11 23  1   1.8 1006 276  1.9 4  4.0  92    0    0 250 -316  3
3823500 2818500 11 23  2   1.5 1006 301  1.3 3  3.9  91    0    0 237 -316  3
3823500 2818500 11 23  3   1.8 1007 338  0.6 5  3.9  90    0    0 243 -317  3
3823500 2818500 11 23  4   0.9 1007 302  1.6 6  3.9  92    0    0 257 -318  3
3823500 2818500 11 23  5   0.8 1008 298  1.9 6  3.9  96    0    0 261 -319  3
3823500 2818500 11 23  6   1.3 1008 298  1.2 6  3.9  96    0    0 263 -319  3
3823500 2818500 11 23  7   1.7 1008 307  1.2 6  4.0  94    0    0 264 -319  3
3823500 2818500 11 23  8   1.5 1009 316  0.8 6  4.0  94    0    0 264 -319  3
3823500 2818500 11 23  9   1.6 1010 304  1.3 6  4.1  96    0   20 264 -319  3
3823500 2818500 11 23 10   2.0 1010 293  0.5 3  4.2  96   21   86 249 -319  3
3823500 2818500 11 23 11   2.9 1011 289  1.9 2  4.2  93   44  139 232 -320  3
3823500 2818500 11 23 12   3.5 1012 287  2.5 5  4.3  90    8  123 245 -322  3
3823500 2818500 11 23 13   3.9 1012 317  2.5 8  4.3  87    0   66 273 -329  3
3823500 2818500 11 23 14   4.2 1012 292  2.2 7  4.3  85    0   34 283 -333  3
3823500 2818500 11 23 15   4.2 1012 301  2.6 6  4.4  85    1   63 275 -334  3
3823500 2818500 11 23 16   4.0 1012 255  1.6 7  4.4  87    1   32 275 -332  3
3823500 2818500 11 23 17   3.9 1012 263  2.0 7  4.4  88    0    2 279 -328  3
3823500 2818500 11 23 18   4.3 1012 268  2.2 7  4.4  87    0    0 279 -324  3
3823500 2818500 11 23 19   4.1 1013 273  1.8 7  4.4  86    0    0 281 -321  3
3823500 2818500 11 23 20   4.1 1013 259  2.2 7  4.4  87    0    0 281 -320  3
3823500 2818500 11 23 21   4.1 1013 264  2.7 8  4.4  86    0    0 287 -320  3
3823500 2818500 11 23 22   3.8 1013 258  2.4 8  4.4  86    0    0 294 -320  3
3823500 2818500 11 23 23   3.6 1013 260  2.1 8  4.4  88    0    0 296 -321  3
3823500 2818500 11 23 24   3.7 1013 261  1.9 8  4.4  89    0    0 298 -324  3
3823500 2818500 11 24  1   3.9 1012 258  1.7 6  4.4  89    0    0 292 -325  3
3823500 2818500 11 24  2   4.0 1012 257  1.6 7  4.5  89    0    0 289 -325  3
3823500 2818500 11 24  3   4.3 1012 251  2.2 7  4.6  89    0    0 297 -327  3
3823500 2818500 11 24  4   4.4 1012 255  2.9 7  4.7  90    0    0 301 -328  3
3823500 2818500 11 24  5   4.5 1012 254  2.5 8  4.8  91    0    0 310 -330  3
3823500 2818500 11 24  6   4.6 1012 254  2.9 8  4.9  92    0    0 318 -330  3
3823500 2818500 11 24  7   4.3 1012 247  2.4 7  4.8  93    0    0 314 -329  3
3823500 2818500 11 24  8   4.3 1012 234  2.4 8  4.8  92    0    0 316 -329  3
3823500 2818500 11 24  9   4.4 1012 241  2.5 8  4.7  91    0    9 324 -328  3
3823500 2818500 11 24 10   4.3 1012 236  2.4 7  4.7  90    0   26 320 -329  3
3823500 2818500 11 24 11   4.1 1012 230  2.1 7  4.7  91    0   32 314 -330  3
3823500 2818500 11 24 12   4.1 1012 226  2.1 8  4.8  93    0   37 321 -332  3
3823500 2818500 11 24 13   4.2 1012 230  2.1 7  4.8  94    0   52 322 -334  3
3823500 2818500 11 24 14   4.3 1011 225  2.0 7  4.9  95    0   47 318 -335  3
3823500 2818500 11 24 15   4.6 1011 220  1.7 7  5.0  96    0   26 321 -337  3
3823500 2818500 11 24 16   5.0 1011 197  0.6 8  5.1  96    0   11 329 -339  3
3823500 2818500 11 24 17   5.2 1011 182  0.2 8  5.3  96    0    0 337 -341  3
3823500 2818500 11 24 18   5.2 1011 177  0.2 8  5.3  96    0    0 339 -343  3
3823500 2818500 11 24 19   5.4 1011 184  0.8 7  5.4  97    0    0 334 -345  3
3823500 2818500 11 24 20   5.5 1011 184  0.8 7  5.5  98    0    0 329 -348  3
3823500 2818500 11 24 21   5.7 1011 169  0.3 6  5.5  97    0    0 324 -351  3
3823500 2818500 11 24 22   5.8 1011 179  0.3 6  5.6  97    0    0 319 -353  3
3823500 2818500 11 24 23   6.0 1011 169  0.1 8  5.7  98    0    0 331 -355  3
3823500 2818500 11 24 24   5.9 1011 172  0.2 7  5.7  98    0    0 338 -357  3
3823500 2818500 11 25  1   6.3 1011 175  0.4 8  5.8  98    0    0 338 -359  3
3823500 2818500 11 25  2   6.1 1011 174  0.2 8  5.8  99    0    0 344 -360  3
3823500 2818500 11 25  3   6.2 1011 168  0.7 8  5.9 100    0    0 344 -360  3
3823500 2818500 11 25  4   6.6 1010 186  0.5 8  5.9  99    0    0 343 -361  3
3823500 2818500 11 25  5   6.9 1010 183  0.6 8  6.0  98    0    0 345 -362  3
3823500 2818500 11 25  6   7.0 1009 173  0.6 7  6.2  99    0    0 338 -363  3
3823500 2818500 11 25  7   7.5 1009 193  0.8 6  6.4 100    0    0 325 -363  3
3823500 2818500 11 25  8   7.6 1009 196  0.5 8  6.5  99    0    0 334 -363  3
3823500 2818500 11 25  9   8.2 1009 196  0.4 8  6.5  98    0    5 350 -363  3
3823500 2818500 11 25 10   8.4 1009 186  0.2 6  6.7  98    0   44 335 -363  3
3823500 2818500 11 25 11   8.8 1009 209  0.7 6  6.9  98    0   44 320 -364  3
3823500 2818500 11 25 12   9.6 1008 209  0.5 6  7.1  98    0   49 324 -366  3
3823500 2818500 11 25 13  10.2 1008 237  1.0 7  7.4  96    0   48 334 -367  3
3823500 2818500 11 25 14  10.4 1007 239  1.3 5  7.6  96    0   51 329 -369  3
3823500 2818500 11 25 15  10.5 1007 226  1.6 7  7.7  97    0   41 330 -370  3
3823500 2818500 11 25 16  10.5 1006 227  1.2 8  7.7  96    0   20 352 -370  3
3823500 2818500 11 25 17  10.4 1006 211  1.3 8  7.5  95    0    0 360 -369  3
3823500 2818500 11 25 18  10.4 1006 211  1.4 8  7.5  94    0    0 360 -368  3
3823500 2818500 11 25 19  10.3 1005 210  1.8 7  7.4  94    0    0 353 -368  3
3823500 2818500 11 25 20  10.2 1005 205  2.0 7  7.4  94    0    0 347 -368  3
3823500 2818500 11 25 21  10.2 1004 199  2.1 8  7.3  94    0    0 354 -367  3
3823500 2818500 11 25 22  10.2 1004 210  2.3 8  7.3  94    0    0 360 -367  3
3823500 2818500 11 25 23  10.1 1003 210  2.3 8  7.4  94    0    0 361 -367  3
3823500 2818500 11 25 24  10.0 1002 219  2.6 8  7.4  96    0    0 361 -366  3
3823500 2818500 11 26  1  10.0 1002 245  2.8 8  7.5  97    0    0 361 -366  3
3823500 2818500 11 26  2  10.1 1002 256  3.0 8  7.5  97    0    0 360 -366  3
3823500 2818500 11 26  3   9.5 1001 259  3.0 8  7.4  97    0    0 359 -366  3
3823500 2818500 11 26  4   8.6 1002 333  1.9 8  7.1  98    0    0 355 -365  3
3823500 2818500 11 26  5   7.8 1002 304  1.9 7  6.6  96    0    0 344 -362  3
3823500 2818500 11 26  6   7.7 1002 313  1.8 7  6.3  95    0    0 334 -359  3
3823500 2818500 11 26  7   7.4 1002 302  0.8 7  6.3  96    0    0 330 -358  3
3823500 2818500 11 26  8   7.2 1002 297  0.8 8  6.2  96    0    0 334 -356  3
3823500 2818500 11 26  9   7.3 1003 297  0.5 8  6.1  96    0    9 339 -354  3
3823500 2818500 11 26 10   7.4 1003 302  1.3 6  6.2  96    0   39 325 -354  3
3823500 2818500 11 26 11   7.6 1003 305  1.0 7  6.2  95    0   61 317 -355  3
3823500 2818500 11 26 12   7.9 1004 319  1.2 7  6.1  92    1   89 322 -356  3
3823500 2818500 11 26 13   8.5 1004 332  1.1 6  6.1  89   26  124 315 -357  3
3823500 2818500 11 26 14   8.3 1003 329  0.9 6  5.9  85   30  113 308 -357  3
3823500 2818500 11 26 15   7.8 1003 315  0.8 6  5.7  84   23   79 306 -354  3
3823500 2818500 11 26 16   6.9 1003 311  0.2 7  5.5  86    6   33 308 -348  3
3823500 2818500 11 26 17   5.6 1003 305  0.4 7  5.3  89    0    3 308 -341  3
3823500 2818500 11 26 18   4.3 1003 316  0.1 7  5.0  92    0    0 301 -336  3
3823500 2818500 11 26 19   3.3 1004 351  0.1 6  4.8  94    0    0 290 -333  3
3823500 2818500 11 26 20   3.0 1004 316  0.1 6  4.6  96    0    0 282 -331  3
3823500 2818500 11 26 21   2.4 1004 193  0.1 6  4.4  95    0    0 279 -327  3
3823500 2818500 11 26 22   2.3 1004 257  0.3 6  4.3  95    0    0 278 -324  3
3823500 2818500 11 26 23   1.8 1004 328  0.1 6  4.3  96    0    0 277 -322  3
3823500 2818500 11 26 24   1.4 1004  57  0.1 5  4.2  98    0    0 271 -320  3
3823500 2818500 11 27  1   0.5 1004   6  0.1 2  4.1  99    0    0 250 -319  3
3823500 2818500 11 27  2   0.1 1004   4  0.0 1  3.8  98    0    0 229 -319  3
3823500 2818500 11 27  3  -0.2 1003 320  0.3 1  3.7  98    0    0 222 -319  3
3823500 2818500 11 27  4  -0.6 1003 329  0.1 1  3.6  98    0    0 221 -319  3
3823500 2818500 11 27  5  -0.8 1003  67  0.1 2  3.5  97    0    0 225 -319  3
3823500 2818500 11 27  6  -0.6 1003 352  0.0 4  3.5  96    0    0 240 -319  3
3823500 2818500 11 27  7  -0.8 1003  59  0.1 4  3.5  96    0    0 249 -319  3
3823500 2818500 11 27  8  -1.7 1003  91  0.1 4  3.4  98    0    0 245 -318  3
3823500 2818500 11 27  9  -0.9 1003 312  0.1 5  3.5  99    0    9 248 -317  3
3823500 2818500 11 27 10  -0.2 1003 140  0.1 5  3.6  98   10   59 254 -317  3
3823500 2818500 11 27 11   0.7 1003 222  0.1 6  3.9  99    9   87 260 -318  3
3823500 2818500 11 27 12   2.7 1003 224  0.1 7  4.3  99    1   83 270 -320  3
3823500 2818500 11 27 13   4.6 1003 183  0.1 5  4.8  96   53  115 269 -325  3
3823500 2818500 11 27 14   5.2 1002 190  0.3 4  5.2  95   99   90 255 -329  3
3823500 2818500 11 27 15   5.3 1001 201  0.8 5  5.2  93   45   69 252 -329  3
3823500 2818500 11 27 16   4.6 1001 188  1.0 3  5.0  91   27   32 244 -327  3
3823500 2818500 11 27 17   3.8 1001 183  0.5 5  4.7  91    0    6 240 -325  3
3823500 2818500 11 27 18   3.2 1001 178  0.8 3  4.5  91    0    0 238 -324  3
3823500 2818500 11 27 19   3.7 1001 189  1.6 6  4.5  90    0    0 243 -324  3
3823500 2818500 11 27 20   3.7 1000 188  2.3 7  4.5  90    0    0 267 -325  3
3823500 2818500 11 27 21   4.3 1000 186  2.8 7  4.5  88    0    0 277 -326  3
3823500 2818500 11 27 22   4.5  999 187  3.5 7  4.5  86    0    0 281 -328  3
3823500 2818500 11 27 23   4.7  998 188  3.5 7  4.7  87    0    0 284 -329  3
3823500 2818500 11 27 24   5.1  997 213  3.3 8  4.9  90    0    0 294 -330  3
3823500 2818500 11 28  1   5.6  997 219  3.4 8  5.2  92    0    0 306 -331  3
3823500 2818500 11 28  2   5.9  998 232  2.8 8  5.4  92    0    0 311 -333  3
3823500 2818500 11 28  3   5.8  998 241  1.9 8  5.4  93    0    0 314 -334  3
3823500 2818500 11 28  4   5.5  999 240  2.4 8  5.3  92    0    0 316 -334  3
3823500 2818500 11 28  5   5.2  999 247  2.5 7  5.1  90    0    0 310 -333  3
3823500 2818500 11 28  6   5.1 1000 241  2.1 7  5.0  89    0    0 305 -331  3
3823500 2818500 11 28  7   4.8 1000 242  1.9 7  4.9  90    0    0 306 -329  3
3823500 2818500 11 28  8   4.4 1001 234  1.3 7  4.8  90    0    0 303 -327  3
3823500 2818500 11 28  9   4.2 1001 233  1.2 7  4.7  91    0   10 304 -325  3
3823500 2818500 11 28 10   4.8 1002 229  1.1 5  4.8  90    7   58 288 -324  3
3823500 2818500 11 28 11   5.9 1003 238  1.9 4  5.0  88   40   95 263 -327  3
3823500 2818500 11 28 12   6.9 1004 246  2.7 5  5.1  84   52  114 265 -332  3
3823500 2818500 11 28 13   7.5 1004 243  2.8 4  5.1  80   92  110 267 -336  3
3823500 2818500 11 28 14   7.7 1004 239  2.8 6  5.2  79   42  101 277 -339  3
3823500 2818500 11 28 15   6.9 1004 241  3.2 6  5.1  79    0   50 292 -339  3
3823500 2818500 11 28 16   7.1 1005 249  2.6 5  5.0  80   15   30 285 -338  3
3823500 2818500 11 28 17   5.7 1006 247  2.0 3  4.9  80    0    5 263 -335  3
3823500 2818500 11 28 18   5.2 1006 255  1.9 2  4.7  83    0    0 243 -332  3
3823500 2818500 11 28 19   4.5 1007 243  1.9 1  4.5  84    0    0 231 -331  3
3823500 2818500 11 28 20   4.9 1008 242  2.1 2  4.5  84    0    0 231 -329  3
3823500 2818500 11 28 21   4.6 1008 244  2.1 2  4.6  85    0    0 240 -328  3
3823500 2818500 11 28 22   4.4 1009 239  1.9 2  4.6  88    0    0 243 -328  3
3823500 2818500 11 28 23   4.5 1010 244  1.8 3  4.7  89    0    0 251 -328  3
3823500 2818500 11 28 24   4.8 1010 228  1.8 6  4.7  89    0    0 275 -330  3
3823500 2818500 11 29  1   5.1 1010 220  1.4 6  4.8  88    0    0 293 -331  3
3823500 2818500 11 29  2   5.2 1010 222  1.9 6  4.8  87    0    0 298 -333  3
3823500 2818500 11 29  3   5.5 1010 218  1.6 7  4.9  88    0    0 307 -334  3
3823500 2818500 11 29  4   5.7 1010 217  1.9 7  4.9  87    0    0 316 -335  3
3823500 2818500 11 29  5   5.8 1010 220  2.6 6  4.9  86    0    0 313 -336  3
3823500 2818500 11 29  6   6.0 1009 223  2.7 6  4.9  85    0    0 310 -336  3
3823500 2818500 11 29  7   5.9 1009 217  3.1 6  4.9  85    0    0 313 -337  3
3823500 2818500 11 29  8   6.0 1009 211  2.4 7  4.9  85    0    0 319 -338  3
3823500 2818500 11 29  9   6.7 1009 206  2.5 7  5.1  85    0    6 326 -339  3
3823500 2818500 11 29 10   7.2 1008 204  3.4 7  5.2  84    0   26 328 -340  3
3823500 2818500 11 29 11   7.3 1008 204  3.4 7  5.4  85    0   55 329 -341  3
3823500 2818500 11 29 12   7.7 1008 206  2.9 7  5.7  87    0   83 330 -344  3
3823500 2818500 11 29 13   7.9 1007 208  2.8 7  5.8  87    0   75 330 -346  3
3823500 2818500 11 29 14   8.0 1006 212  3.1 8  5.9  88    0   38 336 -348  3
3823500 2818500 11 29 15   8.1 1005 212  3.0 8  6.0  89    0   23 343 -350  3
3823500 2818500 11 29 16   8.0 1004 194  3.2 8  6.0  89    0   11 344 -351  3
3823500 2818500 11 29 17   7.9 1004 192  2.5 8  6.1  90    0    0 346 -352  3
3823500 2818500 11 29 18   7.7 1003 187  2.7 8  6.1  92    0    0 347 -352  3
3823500 2818500 11 29 19   8.0 1002 181  2.3 8  6.1  92    0    0 350 -352  3
3823500 2818500 11 29 20   8.0 1002 179  2.0 8  6.1  91    0    0 351 -353  3
3823500 2818500 11 29 21   8.0 1001 169  1.8 8  6.2  91    0    0 352 -353  3
3823500 2818500 11 29 22   8.0 1001 165  1.3 8  6.2  92    0    0 352 -354  3
3823500 2818500 11 29 23   8.1 1001 167  0.8 8  6.3  93    0    0 354 -354  3
3823500 2818500 11 29 24   8.1 1001 152  0.8 8  6.4  94    0    0 354 -354  3
3823500 2818500 11 30  1   8.4 1001 149  0.9 8  6.4  93    0    0 355 -355  3
3823500 2818500 11 30  2   8.2 1001 155  0.6 8  6.5  94    0    0 356 -355  3
3823500 2818500 11 30  3   8.4 1001 160  0.4 6  6.5  94    0    0 341 -356  3
3823500 2818500 11 30  4   8.4 1001 147  0.4 7  6.6  95    0    0 333 -356  3
3823500 2818500 11 30  5   8.5 1001 138  0.7 8  6.6  95    0    0 348 -357  3
3823500 2818500 11 30  6   8.5 1001 163  0.7 8  6.7  95    0    0 357 -358  3
3823500 2818500 11 30  7   8.4 1001 137  1.0 8  6.7  96    0    0 357 -359  3
3823500 2818500 11 30  8   8.5 1002 139  1.1 8  6.7  96    0    0 356 -361  3
3823500 2818500 11 30  9   8.4 1002 148  1.0 8  6.7  96    0    2 357 -363  3
3823500 2818500 11 30 10   8.8 1003 139  1.1 7  6.9  98    0   36 348 -364  3
3823500 2818500 11 30 11   9.2 1003 147  1.1 7  7.1  98    0   51 342 -366  3
3823500 2818500 11 30 12   9.5 1003 144  1.3 7  7.2  98    0   48 342 -368  3
3823500 2818500 11 30 13   9.9 1003 142  1.4 6  7.4  98    0   64 333 -370  3
3823500 2818500 11 30 14  10.0 1003 145  1.5 7  7.5  97    0   36 331 -371  3
3823500 2818500 11 30 15   9.9 1003 143  1.4 7  7.5  97    0   44 342 -372  3
3823500 2818500 11 30 16  10.0 1003 143  1.8 8  7.4  96    0   20 352 -372  3
3823500 2818500 11 30 17   9.7 1003 139  1.9 6  7.3  95    0    0 344 -372  3
3823500 2818500 11 30 18   9.4 1003 146  1.8 8  7.2  95    0    0 344 -372  3
3823500 2818500 11 30 19   9.5 1004 145  1.8 8  7.1  95    0    0 359 -372  3
3823500 2818500 11 30 20   9.7 1004 150  2.2 8  7.2  95    0    0 360 -372  3
3823500 2818500 11 30 21   9.9 1004 153  2.4 8  7.2  95    0    0 361 -372  3
3823500 2818500 11 30 22  10.1 1004 156  2.5 8  7.3  95    0    0 361 -372  3
3823500 2818500 11 30 23   9.9 1004 166  2.8 8  7.3  95    0    0 355 -372  3
3823500 2818500 11 30 24   9.5 1004 177  3.0 8  7.1  95    0    0 355 -372  3
3823500 2818500 12  1  1   9.0  994 188  3.5 8  6.9  95    0    0 342 -344  3
3823500 2818500 12  1  2   8.6  994 198  3.9 8  6.7  94    0    0 342 -343  3
3823500 2818500 12  1  3   8.3  993 204  4.3 8  6.5  94    0    0 343 -344  3
3823500 2818500 12  1  4   8.4  992 203  4.6 8  6.5  94    0    0 344 -346  3
3823500 2818500 12  1  5   8.5  991 205  4.7 8  6.5  93    0    0 345 -349  3
3823500 2818500 12  1  6   8.7  991 204  5.8 8  6.6  92    0    0 345 -352  3
3823500 2818500 12  1  7   8.8  990 215  4.5 7  6.6  92    0    0 341 -354  3
3823500 2818500 12  1  8   9.1  990 220  4.9 7  6.6  91    0    0 336 -356  3
3823500 2818500 12  1  9   9.3  990 227  5.6 7  6.5  87    0    6 336 -358  3
3823500 2818500 12  1 10   8.8  991 244  6.8 6  6.0  82   33   51 331 -359  3
3823500 2818500 12  1 11   9.2  992 246  6.1 4  5.5  76  100   78 314 -359  3
3823500 2818500 12  1 12   9.2  993 247  7.1 3  5.3  71  110   97 297 -359  3
3823500 2818500 12  1 13   9.5  994 244  5.3 3  5.1  68  122  102 288 -358  3
3823500 2818500 12  1 14   9.5  994 241  5.6 2  5.0  67  128   87 278 -356  3
3823500 2818500 12  1 15   9.4  995 244  4.9 1  4.9  65   83   65 262 -354  3
3823500 2818500 12  1 16   8.6  995 226  3.6 1  4.7  65   27   29 250 -352  3
3823500 2818500 12  1 17   8.0  995 221  3.6 1  4.7  68    0    0 247 -349  3
3823500 2818500 12  1 18   7.8  995 216  3.8 1  4.8  71    0    0 246 -345  3
3823500 2818500 12  1 19   7.8  996 212  4.6 2  4.9  74    0    0 251 -344  3
3823500 2818500 12  1 20   7.7  996 216  5.3 2  5.1  76    0    0 255 -345  3
3823500 2818500 12  1 21   7.7  996 212  4.7 2  5.1  77    0    0 253 -348  3
3823500 2818500 12  1 22   7.7  995 210  5.0 4  5.1  77    0    0 265 -349  3
3823500 2818500 12  1 23   7.8  994 205  5.5 6  5.1  77    0    0 290 -349  3
3823500 2818500 12  1 24   7.6  994 203  5.5 6  5.2  77    0    0 303 -348  3
3823500 2818500 12  2  1   7.8  993 212  5.8 6  5.3  80    0    0 305 -348  3
3823500 2818500 12  2  2   7.8  993 220  4.6 7  5.3  79    0    0 313 -349  3
3823500 2818500 12  2  3   7.1  992 224  5.0 6  5.2  79    0    0 314 -350  3
3823500 2818500 12  2  4   6.9  993 223  4.3 6  5.2  82    0    0 307 -350  3
3823500 2818500 12  2  5   6.9  993 221  4.9 7  5.3  84    0    0 314 -351  3
3823500 2818500 12  2  6   7.0  992 216  5.4 7  5.4  85    0    0 322 -350  3
3823500 2818500 12  2  7   7.3  992 221  5.8 7  5.4  85    0    0 325 -350  3
3823500 2818500 12  2  8   7.7  992 225  5.1 7  5.5  83    0    0 329 -350  3
3823500 2818500 12  2  9   7.7  992 221  5.5 7  5.5  82    0   11 331 -351  3
3823500 2818500 12  2 10   8.1  992 223  5.3 5  5.5  82    5   50 321 -352  3
3823500 2818500 12  2 11   8.7  992 217  4.8 6  5.7  81    5   78 318 -354  3
3823500 2818500 12  2 12   8.9  991 208  5.0 8  5.8  81    0   40 336 -355  3
3823500 2818500 12  2 13   8.2  989 203  4.3 7  5.9  82    0   45 342 -356  3
3823500 2818500 12  2 14   7.6  988 185  4.6 7  5.9  88    0   38 334 -357  3
3823500 2818500 12  2 15   8.2  985 188  4.5 7  6.3  92    0   25 334 -358  3
3823500 2818500 12  2 16   9.0  982 194  5.5 7  6.7  93    0   11 337 -358  3
3823500 2818500 12  2 17   9.4  979 206  6.0 8  6.9  92    0    0 345 -357  3
3823500 2818500 12  2 18  10.1  977 215  7.4 8  7.1  91    0    0 353 -357  3
3823500 2818500 12  2 19  10.2  975 233  4.8 7  7.2  89    0    0 350 -358  3
3823500 2818500 12  2 20  10.4  974 228  5.8 7  7.0  86    0    0 346 -358  3
3823500 2818500 12  2 21   9.2  974 237  4.9 7  6.5  83    0    0 343 -357  3
3823500 2818500 12  2 22   9.2  974 233  5.5 7  6.0  80    0    0 339 -356  3
3823500 2818500 12  2 23   9.0  973 236  5.1 7  5.7  76    0    0 335 -355  3
3823500 2818500 12  2 24   9.0  973 234  5.2 6  5.5  74    0    0 324 -354  3
3823500 2818500 12  3  1   8.8  972 236  5.8 6  5.5  75    0    0 314 -352  3
3823500 2818500 12  3  2   8.3  972 248  5.5 7  5.5  76    0    0 321 -350  3
3823500 2818500 12  3  3   7.4  972 246  5.5 7  5.4  79    0    0 326 -349  3
3823500 2818500 12  3  4   6.7  973 247  4.4 7  5.6  86    0    0 323 -346  3
3823500 2818500 12  3  5   6.4  974 266  2.7 8  5.8  91    0    0 327 -343  3
3823500 2818500 12  3  6   6.4  975 263  2.6 8  5.7  92    0    0 332 -342  3
3823500 2818500 12  3  7   6.3  977 263  2.7 8  5.7  93    0    0 331 -342  3
3823500 2818500 12  3  8   6.3  978 262  3.6 7  5.7  92    0    0 324 -339  3
3823500 2818500 12  3  9   6.2  979 263  3.5 6  5.6  91    1   12 311 -337  3
3823500 2818500 12  3 10   6.5  981 260  4.1 4  5.5  90   14   52 291 -338  3
3823500 2818500 12  3 11   6.6  982 262  4.9 5  5.4  87    2   68 282 -340  3
3823500 2818500 12  3 12   6.4  983 271  6.1 8  5.3  86    0   58 305 -342  3
3823500 2818500 12  3 13   7.5  984 281  6.3 7  5.3  83   14  103 317 -345  3
3823500 2818500 12  3 14   7.7  984 302  7.0 4  5.0  74   50  108 296 -347  3
3823500 2818500 12  3 15   6.7  985 284  6.4 7  4.6  71    8   58 295 -345  3
3823500 2818500 12  3 16   6.5  986 276  6.4 5  4.7  75   16   31 299 -343  3
3823500 2818500 12  3 17   6.3  988 271  5.5 5  4.6  76    0    0 289 -341  3
3823500 2818500 12  3 18   5.8  989 249  5.4 6  4.5  75    0    0 292 -342  3
3823500 2818500 12  3 19   5.6  990 242  4.6 6  4.3  74    0    0 295 -342  3
3823500 2818500 12  3 20   5.4  990 237  3.4 6  4.3  74    0    0 293 -342  3
3823500 2818500 12  3 21   4.8  990 234  2.8 6  4.4  78    0    0 291 -342  3
3823500 2818500 12  3 22   5.0  990 233  2.8 7  4.6  83    0    0 296 -342  3
3823500 2818500 12  3 23   5.4  991 241  3.0 7  4.7  84    0    0 304 -342  3
3823500 2818500 12  3 24   5.1  991 243  3.3 7  4.8  85    0    0 304 -342  3
3823500 2818500 12  4  1   4.3  992 245  2.4 6  4.7  88    0    0 295 -342  3
3823500 2818500 12  4  2   3.7  993 253  2.5 5  4.7  90    0    0 283 -342  3
3823500 2818500 12  4  3   3.5  994 249  1.4 4  4.6  92    0    0 274 -342  3
3823500 2818500 12  4  4   3.7  995 260  1.4 4  4.6  92    0    0 272 -341  3
3823500 2818500 12  4  5   3.5  996 255  2.0 3  4.6  92    0    0 267 -338  3
3823500 2818500 12  4  6   3.6  997 258  2.4 3  4.6  92    0    0 260 -336  3
3823500 2818500 12  4  7   3.9  999 252  1.9 4  4.6  91    0    0 264 -335  3
3823500 2818500 12  4  8   3.5 1000 253  2.0 4  4.6  92    0    0 267 -337  3
3823500 2818500 12  4  9   3.7 1001 253  2.2 6  4.7  94    0    9 274 -339  3
3823500 2818500 12  4 10   5.0 1003 244  2.6 6  4.8  92    5   48 285 -344  3
3823500 2818500 12  4 11   5.7 1003 252  2.7 6  5.0  89    7   82 287 -347  3
3823500 2818500 12  4 12   6.6 1005 248  3.2 6  5.1  86   32  123 289 -350  3
3823500 2818500 12  4 13   7.7 1005 260  2.7 5  5.2  82   70  144 285 -352  3
3823500 2818500 12  4 14   7.9 1006 255  2.8 5  5.2  79   42  122 280 -352  3
3823500 2818500 12  4 15   7.3 1006 247  2.0 7  5.3  81    3   56 291 -352  3
3823500 2818500 12  4 16   7.2 1007 235  2.3 7  5.4  84    0   10 302 -349  3
3823500 2818500 12  4 17   6.9 1007 225  2.2 8  5.4  86    0    0 311 -346  3
3823500 2818500 12  4 18   7.1 1008 226  2.8 8  5.4  86    0    0 322 -345  3
3823500 2818500 12  4 19   7.0 1008 225  2.9 8  5.3  85    0    0 326 -346  3
3823500 2818500 12  4 20   7.0 1008 214  3.0 8  5.3  85    0    0 329 -346  3
3823500 2818500 12  4 21   7.1 1008 218  3.1 8  5.3  85    0    0 333 -346  3
3823500 2818500 12  4 22   7.2 1008 212  4.3 7  5.4  86    0    0 331 -346  3
3823500 2818500 12  4 23   7.4 1008 212  3.4 8  5.7  88    0    0 335 -346  3
3823500 2818500 12  4 24   7.7 1007 210  3.4 8  5.9  91    0    0 344 -348  3
3823500 2818500 12  5  1   8.3 1007 213  3.6 8  6.2  93    0    0 348 -350  3
3823500 2818500 12  5  2   8.7 1007 222  3.3 8  6.6  95    0    0 353 -352  3
3823500 2818500 12  5  3   9.2 1006 222  3.6 8  6.9  96    0    0 356 -354  3
3823500 2818500 12  5  4   9.8 1006 228  2.6 8  7.1  95    0    0 359 -357  3
3823500 2818500 12  5  5  10.2 1006 220  3.4 8  7.2  94    0    0 362 -359  3
3823500 2818500 12  5  6  10.3 1006 218  3.3 8  7.2  92    0    0 363 -360  3
3823500 2818500 12  5  7  10.3 1006 203  3.5 8  7.1  90    0    0 363 -362  3
3823500 2818500 12  5  8  10.7 1005 206  4.0 8  7.0  88    0    0 363 -363  3
3823500 2818500 12  5  9  10.8 1005 204  3.8 7  6.9  85    0    6 358 -364  3
3823500 2818500 12  5 10  11.3 1005 204  4.2 7  6.8  82    0   33 353 -365  3
3823500 2818500 12  5 11  11.8 1004 207  4.6 6  6.7  78    0   43 349 -367  3
3823500 2818500 12  5 12  12.1 1004 207  4.9 6  6.6  75    0   56 344 -368  3
3823500 2818500 12  5 13  12.4 1003 202  5.8 6  6.6  73    0   65 344 -369  3
3823500 2818500 12  5 14  12.6 1002 206  5.2 7  6.5  72    3   79 350 -370  3
3823500 2818500 12  5 15  12.4 1001 207  5.5 6  6.6  72   13   72 349 -371  3
3823500 2818500 12  5 16  12.2 1000 212  5.7 7  6.7  74    4   25 348 -371  3
3823500 2818500 12  5 17  11.6 1000 209  4.9 7  6.8  77    0    0 352 -371  3
3823500 2818500 12  5 18  10.7 1000 219  4.7 7  7.0  84    0    0 348 -370  3
3823500 2818500 12  5 19  10.6 1000 213  4.5 8  7.3  90    0    0 351 -370  3
3823500 2818500 12  5 20  10.9 1000 212  4.8 7  7.4  91    0    0 351 -368  3
3823500 2818500 12  5 21  11.1 1000 218  4.7 8  7.4  89    0    0 352 -367  3
3823500 2818500 12  5 22  10.0  999 228  4.5 7  6.9  86    0    0 350 -367  3
3823500 2818500 12  5 23   9.9  999 225  4.0 7  6.6  85    0    0 342 -366  3
3823500 2818500 12  5 24   9.8  999 242  4.9 7  6.6  86    0    0 340 -364  3
3823500 2818500 12  6  1  10.2 1000 241  3.7 6  6.7  86    0    0 333 -363  3
3823500 2818500 12  6  2  10.2 1001 250  4.1 6  6.6  84    0    0 326 -362  3
3823500 2818500 12  6  3   9.9 1001 242  4.0 5  6.4  82    0    0 316 -360  3
3823500 2818500 12  6  4   9.4 1002 243  4.9 6  6.2  82    0    0 313 -359  3
3823500 2818500 12  6  5   8.8 1002 239  3.8 5  6.0  83    0    0 312 -358  3
3823500 2818500 12  6  6   8.7 1002 234  4.1 6  6.0  84    0    0 312 -356  3
3823500 2818500 12  6  7   9.0 1003 233  4.5 8  6.0  84    0    0 328 -351  3
3823500 2818500 12  6  8   9.0 1003 237  4.5 8  6.0  83    0    0 339 -346  3
3823500 2818500 12  6  9   8.8 1004 236  4.0 6  5.9  83    0    0 326 -343  3
3823500 2818500 12  6 10   8.7 1004 233  4.2 8  5.9  83    0   36 327 -345  3
3823500 2818500 12  6 11   9.0 1004 226  4.3 7  6.0  83    9   73 334 -349  3
3823500 2818500 12  6 12   8.9 1004 220  3.1 8  6.1  85    0   48 337 -353  3
3823500 2818500 12  6 13   8.8 1003 207  3.0 7  6.3  88    0   44 338 -356  3
3823500 2818500 12  6 14   8.8 1002 193  3.2 8  6.6  92    0   36 339 -358  3
3823500 2818500 12  6 15   8.9 1000 197  3.8 7  6.7  94    0   22 341 -359  3
3823500 2818500 12  6 16   9.2  999 203  4.4 8  6.8  94    1   19 342 -360  3
3823500 2818500 12  6 17   9.7  998 217  5.0 8  7.0  94    0    0 351 -361  3
3823500 2818500 12  6 18   9.5  997 214  4.4 8  7.2  94    0    0 355 -362  3
3823500 2818500 12  6 19   9.6  996 212  4.5 8  7.2  95    0    0 357 -363  3
3823500 2818500 12  6 20  10.2  994 217  4.2 8  7.3  94    0    0 360 -365  3
3823500 2818500 12  6 21  10.7  994 222  4.5 8  7.6  94    0    0 363 -366  3
3823500 2818500 12  6 22  11.2  993 215  4.0 8  7.9  95    0    0 366 -368  3
3823500 2818500 12  6 23  11.8  992 219  4.5 8  8.3  96    0    0 369 -370  3
3823500 2818500 12  6 24  12.0  991 216  4.7 8  8.5  95    0    0 371 -372  3
3823500 2818500 12  7  1  12.2  989 205  5.3 8  8.5  94    0    0 371 -374  3
3823500 2818500 12  7  2  12.4  987 208  4.0 8  8.6  94    0    0 372 -375  3
3823500 2818500 12  7  3  12.6  985 217  4.8 8  8.7  94    0    0 373 -376  3
3823500 2818500 12  7  4  12.8  983 225  5.8 8  8.8  93    0    0 374 -376  3
3823500 2818500 12  7  5  12.8  982 237  6.3 8  8.8  92    0    0 374 -377  3
3823500 2818500 12  7  6  13.1  981 237  6.4 8  8.6  89    0    0 373 -377  3
3823500 2818500 12  7  7  12.9  980 247  7.0 8  8.3  86    0    0 373 -376  3
3823500 2818500 12  7  8  12.2  979 256  7.5 8  7.8  83    0    0 368 -373  3
3823500 2818500 12  7  9  11.1  980 258  8.9 7  7.0  79    0   11 355 -369  3
3823500 2818500 12  7 10   9.2  980 260  8.1 5  6.3  79    9   45 328 -366  3
3823500 2818500 12  7 11   9.1  981 243  7.2 6  6.1  82   10   75 316 -363  3
3823500 2818500 12  7 12   9.0  982 251  8.3 3  6.0  81   26   99 299 -362  3
3823500 2818500 12  7 13   9.1  982 231  8.2 6  5.9  80    0   74 294 -362  3
3823500 2818500 12  7 14   6.9  982 271  5.6 8  5.8  84    0   64 317 -361  3
3823500 2818500 12  7 15   7.6  984 262  5.2 4  5.7  87   48   64 301 -361  3
3823500 2818500 12  7 16   7.6  985 278  6.6 6  5.5  82    9   22 289 -360  3
3823500 2818500 12  7 17   7.5  986 264  6.6 5  5.2  78    0    0 292 -358  3
3823500 2818500 12  7 18   6.7  987 260  6.0 5  5.0  78    0    0 284 -355  3
3823500 2818500 12  7 19   7.1  988 272  4.9 6  5.0  80    0    0 286 -352  3
3823500 2818500 12  7 20   6.7  988 258  6.1 7  5.1  80    0    0 294 -349  3
3823500 2818500 12  7 21   6.6  989 250  4.9 6  5.1  82    0    0 293 -347  3
3823500 2818500 12  7 22   6.7  990 246  5.0 5  5.1  82    0    0 283 -346  3
3823500 2818500 12  7 23   6.7  990 243  5.2 5  5.1  81    0    0 277 -344  3
3823500 2818500 12  7 24   5.8  991 258  4.9 6  5.1  83    0    0 280 -343  3
3823500 2818500 12  8  1   5.6  992 263  4.0 6  5.1  87    0    0 283 -342  3
3823500 2818500 12  8  2   5.2  993 247  4.1 7  5.1  90    0    0 287 -342  3
3823500 2818500 12  8  3   5.3  994 255  4.5 7  5.1  91    0    0 293 -340  3
3823500 2818500 12  8  4   5.2  995 251  4.9 6  5.0  90    0    0 290 -337  3
3823500 2818500 12  8  5   5.1  995 259  3.8 6  5.0  90    0    0 285 -333  3
3823500 2818500 12  8  6   5.0  996 247  3.3 6  5.0  90    0    0 286 -330  3
3823500 2818500 12  8  7   5.3  996 244  3.4 6  5.0  89    0    0 285 -328  3
3823500 2818500 12  8  8   5.2  997 238  3.6 6  5.0  89    0    0 285 -331  3
3823500 2818500 12  8  9   5.4  997 238  2.8 5  5.0  89    0    5 278 -334  3
3823500 2818500 12  8 10   5.5  998 231  3.0 7  5.0  88    0   27 283 -334  3
3823500 2818500 12  8 11   6.0  998 231  3.8 6  5.0  85    0   52 288 -336  3
3823500 2818500 12  8 12   6.5  998 227  5.0 5  4.9  81   26  132 278 -339  3
3823500 2818500 12  8 13   6.4  998 218  4.2 6  4.7  78   22  133 277 -341  3
3823500 2818500 12  8 14   6.2  997 222  4.2 8  4.7  77    1   71 289 -342  3
3823500 2818500 12  8 15   6.1  996 216  4.6 7  4.7  78    3   59 292 -341  3
3823500 2818500 12  8 16   5.7  995 204  4.1 7  4.5  77    2   22 286 -337  3
3823500 2818500 12  8 17   5.7  994 191  3.6 7  4.4  76    0    0 284 -332  3
3823500 2818500 12  8 18   5.8  993 181  3.4 8  4.4  75    0    0 290 -329  3
3823500 2818500 12  8 19   5.6  991 175  4.2 7  4.3  74    0    0 293 -327  3
3823500 2818500 12  8 20   5.5  989 172  5.2 7  4.3  75    0    0 291 -326  3
3823500 2818500 12  8 21   5.0  987 165  4.8 8  4.5  79    0    0 296 -327  3
3823500 2818500 12  8 22   4.6  985 163  5.1 8  4.6  84    0    0 301 -327  3
3823500 2818500 12  8 23   3.5  983 167  6.1 8  4.7  89    0    0 301 -328  3
3823500 2818500 12  8 24   3.7  982 168  4.9 8  4.7  93    0    0 304 -330  3
3823500 2818500 12  9  1   4.7  980 180  4.9 8  5.0  94    0    0 311 -331  3
3823500 2818500 12  9  2   5.7  979 190  4.7 8  5.3  94    0    0 317 -332  3
3823500 2818500 12  9  3   6.4  978 198  4.5 8  5.6  93    0    0 322 -333  3
3823500 2818500 12  9  4   7.0  977 201  4.0 8  5.9  93    0    0 328 -332  3
3823500 2818500 12  9  5   7.5  977 213  3.4 8  6.2  94    0    0 332 -333  3
3823500 2818500 12  9  6   7.8  976 219  3.0 8  6.4  95    0    0 336 -335  3
3823500 2818500 12  9  7   8.0  977 219  2.5 7  6.5  94    0    0 334 -337  3
3823500 2818500 12  9  8   7.3  977 244  2.0 7  6.2  92    0    0 327 -341  3
3823500 2818500 12  9  9   6.9  978 235  2.7 5  5.8  90    0    4 314 -345  3
3823500 2818500 12  9 10   7.4  978 233  3.8 4  5.8  90   30   36 294 -349  3
3823500 2818500 12  9 11   8.1  979 219  3.6 3  6.0  88   82   50 280 -351  3
3823500 2818500 12  9 12   8.2  980 226  4.4 6  5.9  84    5   80 290 -354  3
3823500 2818500 12  9 13   8.7  980 219  3.8 5  5.9  82   38   87 301 -354  3
3823500 2818500 12  9 14   8.7  980 208  3.2 3  5.8  80   50   72 283 -354  3
3823500 2818500 12  9 15   8.8  980 199  2.7 6  5.6  76   16   51 291 -351  3
3823500 2818500 12  9 16   8.1  980 195  2.6 7  5.4  75    0   10 312 -349  3
3823500 2818500 12  9 17   7.2  980 182  1.8 4  5.2  77    0    0 297 -347  3
3823500 2818500 12  9 18   6.4  980 170  1.2 3  5.1  81    0    0 267 -345  3
3823500 2818500 12  9 19   6.2  980 169  1.9 4  5.1  82    0    0 262 -344  3
3823500 2818500 12  9 20   6.2  980 156  2.8 4  5.0  82    0    0 270 -344  3
3823500 2818500 12  9 21   5.9  980 146  2.2 6  5.0  82    0    0 283 -343  3
3823500 2818500 12  9 22   6.1  979 146  2.7 7  5.0  82    0    0 302 -343  3
3823500 2818500 12  9 23   5.9  979 140  2.2 7  5.0  83    0    0 309 -342  3
3823500 2818500 12  9 24   6.1  979 142  2.3 7  5.0  83    0    0 310 -342  3
3823500 2818500 12 10  1   5.9  979 128  2.3 8  5.1  86    0    0 318 -341  3
3823500 2818500 12 10  2   5.7  979 121  1.8 8  5.3  89    0    0 325 -339  3
3823500 2818500 12 10  3   5.7  979 130  1.8 8  5.4  91    0    0 325 -338  3
3823500 2818500 12 10  4   5.9  980 124  0.5 8  5.3  90    0    0 325 -338  3
3823500 2818500 12 10  5   5.8  980 103  0.8 7  5.3  89    0    0 319 -339  3
3823500 2818500 12 10  6   5.8  980 108  0.7 7  5.3  90    0    0 314 -339  3
3823500 2818500 12 10  7   5.7  981  97  0.4 7  5.4  91    0    0 314 -340  3
3823500 2818500 12 10  8   5.5  982  65  0.5 8  5.4  92    0    0 320 -340  3
3823500 2818500 12 10  9   5.3  983  56  0.8 7  5.4  93    0    5 321 -340  3
3823500 2818500 12 10 10   5.5  985  28  0.8 8  5.4  94    0   23 321 -341  3
3823500 2818500 12 10 11   5.5  986   2  1.6 8  5.4  94    0   28 327 -343  3
3823500 2818500 12 10 12   5.7  988   7  1.7 8  5.5  94    0   40 328 -344  3
3823500 2818500 12 10 13   6.0  989 342  2.1 8  5.5  93    0   24 327 -344  3
3823500 2818500 12 10 14   6.1  990 343  2.5 7  5.5  93    0   64 320 -346  3
3823500 2818500 12 10 15   6.3  991 343  3.0 5  5.5  92   10   69 300 -348  3
3823500 2818500 12 10 16   6.2  993 343  3.1 8  5.5  90    0    4 308 -348  3
3823500 2818500 12 10 17   5.8  994 332  3.0 8  5.4  90    0    0 329 -346  3
3823500 2818500 12 10 18   5.7  996 330  2.8 7  5.3  91    0    0 321 -344  3
3823500 2818500 12 10 19   5.7  997 321  2.4 7  5.3  92    0    0 314 -342  3
3823500 2818500 12 10 20   5.7  998 327  2.4 8  5.3  92    0    0 322 -342  3
3823500 2818500 12 10 21   5.5  999 332  2.6 7  5.3  93    0    0 322 -342  3
3823500 2818500 12 10 22   5.5 1000 325  2.1 7  5.3  93    0    0 314 -341  3
3823500 2818500 12 10 23   5.5 1002 327  2.3 7  5.3  92    0    0 314 -339  3
3823500 2818500 12 10 24   5.6 1003 332  2.4 7  5.2  92    0    0 315 -337  3
3823500 2818500 12 11  1   5.3 1004 323  1.6 8  5.2  92    0    0 322 -335  3
3823500 2818500 12 11  2   5.5 1005 325  2.5 8  5.2  92    0    0 329 -334  3
3823500 2818500 12 11  3   5.6 1005 336  2.5 8  5.3  93    0    0 330 -334  3
3823500 2818500 12 11  4   6.0 1006 320  2.2 8  5.3  92    0    0 331 -331  3
3823500 2818500 12 11  5   6.0 1007 331  3.7 8  5.2  90    0    0 330 -328  3
3823500 2818500 12 11  6   5.8 1008 321  3.4 7  5.1  88    0    0 323 -326  3
3823500 2818500 12 11  7   5.6 1008 318  3.5 7  5.0  87    0    0 315 -324  3
3823500 2818500 12 11  8   5.3 1009 328  3.5 7  4.9  86    0    0 315 -324  3
3823500 2818500 12 11  9   5.1 1011 326  3.5 7  4.7  86    0    3 315 -326  3
3823500 2818500 12 11 10   4.9 1012 344  3.4 6  4.7  87    3   40 308 -330  3
3823500 2818500 12 11 11   4.7 1012 322  3.4 7  4.7  88    1   62 309 -334  3
3823500 2818500 12 11 12   5.4 1014 318  3.2 6  4.8  87   35   96 310 -339  3
3823500 2818500 12 11 13   6.0 1014 336  3.5 7  4.9  86   23   98 311 -343  3
3823500 2818500 12 11 14   6.0 1014 334  3.4 7  4.9  84    7   78 317 -344  3
3823500 2818500 12 11 15   6.4 1015 333  3.6 4  4.8  81   36   61 295 -343  3
3823500 2818500 12 11 16   5.9 1015 333  2.7 5  4.7  80   21   24 282 -338  3
3823500 2818500 12 11 17   5.0 1016 326  2.0 5  4.6  82    0    0 285 -333  3
3823500 2818500 12 11 18   4.7 1017 322  1.4 4  4.5  84    0    0 279 -329  3
3823500 2818500 12 11 19   3.8 1018 321  1.7 4  4.4  86    0    0 272 -325  3
3823500 2818500 12 11 20   3.0 1019 316  1.5 4  4.2  88    0    0 269 -322  3
3823500 2818500 12 11 21   2.6 1019 328  1.4 4  4.2  90    0    0 267 -320  3
3823500 2818500 12 11 22   3.2 1020 336  0.6 6  4.3  92    0    0 279 -319  3
3823500 2818500 12 11 23   3.1 1021 349  0.3 6  4.4  94    0    0 292 -319  3
3823500 2818500 12 11 24   2.7 1021 315  0.1 6  4.4  94    0    0 293 -319  3
3823500 2818500 12 12  1   2.9 1022 351  0.5 7  4.4  94    0    0 299 -318  3
3823500 2818500 12 12  2   2.6 1023 347  0.4 7  4.3  94    0    0 305 -316  3
3823500 2818500 12 12  3   2.3 1023 331  0.3 5  4.2  94    0    0 292 -316  3
3823500 2818500 12 12  4   1.9 1024 350  0.1 4  4.2  96    0    0 276 -316  3
3823500 2818500 12 12  5   2.0 1024 345  0.1 5  4.2  98    0    0 275 -316  3
3823500 2818500 12 12  6   1.9 1025   6  0.3 7  4.2  97    0    0 291 -316  3
3823500 2818500 12 12  7   2.2 1025 353  0.5 8  4.2  97    0    0 307 -316  3
3823500 2818500 12 12  8   2.3 1026 325  0.1 8  4.3  98    0    0 314 -316  3
3823500 2818500 12 12  9   2.5 1026 322  0.4 8  4.3  98    0    0 317 -316  3
3823500 2818500 12 12 10   2.9 1027 347  0.5 8  4.4  97    0   21 319 -317  3
3823500 2818500 12 12 11   3.4 1028 350  0.8 8  4.5  96    0   29 321 -318  3
3823500 2818500 12 12 12   3.8 1028 332  0.4 8  4.6  96    0   35 323 -319  3
3823500 2818500 12 12 13   4.4 1029 338  0.5 8  4.7  94    0   44 323 -320  3
3823500 2818500 12 12 14   4.8 1029 348  0.6 8  4.8  93    0   42 325 -322  3
3823500 2818500 12 12 15   5.2 1029 348  1.1 7  4.8  90    0   40 319 -324  3
3823500 2818500 12 12 16   5.1 1029   7  0.7 8  4.7  87    0   14 318 -324  3
3823500 2818500 12 12 17   4.6 1029  13  0.7 7  4.6  88    0    0 317 -325  3
3823500 2818500 12 12 18   4.1 1030   4  0.7 7  4.5  88    0    0 311 -326  3
3823500 2818500 12 12 19   3.1 1030   1  0.7 7  4.3  89    0    0 310 -328  3
3823500 2818500 12 12 20   3.5 1030  23  1.3 7  4.2  89    0    0 309 -329  3
3823500 2818500 12 12 21   3.0 1031   5  1.6 6  4.2  88    0    0 301 -330  3
3823500 2818500 12 12 22   2.1 1031  24  0.8 5  4.0  88    0    0 287 -331  3
3823500 2818500 12 12 23   1.3 1032  13  0.6 4  3.7  88    0    0 272 -332  3
3823500 2818500 12 12 24   0.4 1032 357  0.6 5  3.5  89    0    0 268 -332  3
3823500 2818500 12 13  1   0.1 1032 358  0.8 4  3.6  94    0    0 267 -332  3
3823500 2818500 12 13  2   0.8 1032  11  0.8 4  3.7  97    0    0 263 -332  3
3823500 2818500 12 13  3   0.3 1033  27  0.5 4  3.7  95    0    0 263 -332  3
3823500 2818500 12 13  4   1.3 1033  47  1.2 6  3.6  92    0    0 274 -331  3
3823500 2818500 12 13  5   1.6 1033  53  1.2 7  3.8  92    0    0 290 -331  3
3823500 2818500 12 13  6   1.4 1033  65  1.2 6  3.9  94    0    0 289 -330  3
3823500 2818500 12 13  7   1.1 1033  38  1.2 7  3.8  94    0    0 287 -329  3
3823500 2818500 12 13  8   2.1 1033  85  0.9 8  4.0  95    0    0 298 -326  3
3823500 2818500 12 13  9   2.3 1033 100  0.9 8  4.1  94    0    2 304 -324  3
3823500 2818500 12 13 10   2.8 1033  93  0.9 8  4.2  93    0   30 305 -324  3
3823500 2818500 12 13 11   3.6 1034  57  0.7 6  4.3  92   19   82 296 -328  3
3823500 2818500 12 13 12   3.9 1034  64  1.2 5  4.4  91   69  109 283 -333  3
3823500 2818500 12 13 13   5.0 1034 104  1.2 4  4.4  86  109  107 274 -337  3
3823500 2818500 12 13 14   5.1 1033  77  1.8 4  4.2  78   80   98 270 -338  3
3823500 2818500 12 13 15   4.5 1033  57  1.5 5  3.9  74   10   61 272 -338  3
3823500 2818500 12 13 16   3.8 1033  20  1.6 2  3.8  76    0    7 258 -336  3
3823500 2818500 12 13 17   2.7 1033  29  1.4 3  3.8  81    0    0 245 -332  3
3823500 2818500 12 13 18   1.8 1034  47  1.3 3  3.9  88    0    0 245 -327  3
3823500 2818500 12 13 19   1.5 1034  53  1.3 6  3.8  91    0    0 254 -323  3
3823500 2818500 12 13 20   1.9 1034  63  0.6 6  3.7  88    0    0 264 -320  3
3823500 2818500 12 13 21   0.7 1034  49  0.6 5  3.6  88    0    0 260 -319  3
3823500 2818500 12 13 22   1.1 1034  78  0.2 6  3.6  91    0    0 261 -319  3
3823500 2818500 12 13 23  -0.6 1034  33  0.5 6  3.5  93    0    0 266 -319  3
3823500 2818500 12 13 24  -1.5 1033  72  0.4 5  3.3  97    0    0 260 -318  3
3823500 2818500 12 14  1  -0.4 1033  38  0.2 5  3.4  97    0    0 256 -317  3
3823500 2818500 12 14  2   0.1 1033  20  0.3 6  3.5  95    0    0 262 -316  3
3823500 2818500 12 14  3   0.7 1033  13  0.1 7  3.6  94    0    0 270 -316  3
3823500 2818500 12 14  4   0.5 1033  11  0.3 7  3.6  94    0    0 274 -316  3
3823500 2818500 12 14  5   0.8 1033  39  0.2 8  3.7  95    0    0 278 -316  3
3823500 2818500 12 14  6   1.1 1033   8  0.4 7  3.8  94    0    0 279 -316  3
3823500 2818500 12 14  7   1.1 1032  44  0.7 8  3.8  93    0    0 281 -317  3
3823500 2818500 12 14  8   1.1 1032  49  0.6 8  3.8  93    0    0 286 -318  3
3823500 2818500 12 14  9   1.2 1032  60  0.8 8  3.8  93    0    0 286 -319  3
3823500 2818500 12 14 10   1.5 1032  71  1.0 7  3.8  93    0   17 284 -319  3
3823500 2818500 12 14 11   2.3 1032  54  1.4 7  3.8  90    0   47 282 -320  3
3823500 2818500 12 14 12   2.5 1032  59  1.4 7  3.8  85    0   62 284 -321  3
3823500 2818500 12 14 13   2.6 1032  57  1.8 8  3.6  80    0   53 288 -324  3
3823500 2818500 12 14 14   2.8 1032  69  1.8 8  3.4  74    0   59 292 -326  3
3823500 2818500 12 14 15   2.7 1031  91  1.7 4  3.2  71   41   80 270 -328  3
3823500 2818500 12 14 16   2.0 1030  50  1.0 5  3.1  70   17   34 251 -328  3
3823500 2818500 12 14 17  -0.4 1031  20  0.8 5  2.9  73    0    0 250 -323  3
3823500 2818500 12 14 18  -1.2 1030  29  0.8 5  2.8  79    0    0 244 -320  3
3823500 2818500 12 14 19  -0.8 1031  28  0.6 6  2.9  84    0    0 248 -320  3
3823500 2818500 12 14 20   0.3 1030  32  1.0 7  3.1  86    0    0 258 -320  3
3823500 2818500 12 14 21   1.0 1030  43  1.2 7  3.3  86    0    0 264 -320  3
3823500 2818500 12 14 22   1.3 1030  47  1.7 7  3.5  85    0    0 266 -320  3
3823500 2818500 12 14 23   1.3 1030  57  1.8 7  3.5  86    0    0 267 -319  3
3823500 2818500 12 14 24   1.5 1030  64  1.4 7  3.5  86    0    0 269 -319  3
3823500 2818500 12 15  1   1.5 1030  60  1.2 6  3.5  85    0    0 265 -320  3
3823500 2818500 12 15  2   1.5 1030  59  1.4 6  3.5  85    0    0 261 -320  3
3823500 2818500 12 15  3   1.6 1030  45  1.3 7  3.6  86    0    0 268 -320  3
3823500 2818500 12 15  4   1.6 1030  50  1.1 8  3.6  86    0    0 280 -322  3
3823500 2818500 12 15  5   1.7 1030  38  0.9 8  3.6  86    0    0 286 -324  3
3823500 2818500 12 15  6   1.7 1029  57  1.0 8  3.6  86    0    0 287 -325  3
3823500 2818500 12 15  7   1.7 1029  48  1.7 7  3.7  86    0    0 285 -326  3
3823500 2818500 12 15  8   1.7 1029  59  1.3 8  3.7  87    0    0 287 -326  3
3823500 2818500 12 15  9   1.7 1030  63  1.2 6  3.7  87    0    1 284 -325  3
3823500 2818500 12 15 10   1.9 1030  64  1.3 7  3.7  88    0   30 281 -324  3
3823500 2818500 12 15 11   2.4 1030  71  1.3 6  3.8  88   18   81 283 -325  3
3823500 2818500 12 15 12   3.1 1030  84  2.1 4  3.8  83   88  102 268 -326  3
3823500 2818500 12 15 13   2.6 1030  86  2.5 4  3.5  77   40  113 256 -327  3
3823500 2818500 12 15 14   2.7 1030  74  2.9 4  3.2  71   28   96 254 -327  3
3823500 2818500 12 15 15   2.6 1030  87  3.1 7  2.9  64    0   23 265 -326  3
3823500 2818500 12 15 16   2.1 1030  80  2.5 6  2.8  64    0    6 273 -322  3
3823500 2818500 12 15 17   1.3 1029  93  2.1 4  2.8  67    0    0 256 -320  3
3823500 2818500 12 15 18   0.4 1029  84  1.6 2  2.7  69    0    0 235 -318  3
3823500 2818500 12 15 19  -0.3 1029  82  1.4 2  2.7  72    0    0 225 -316  3
3823500 2818500 12 15 20  -0.8 1030  78  1.2 2  2.7  75    0    0 225 -314  3
3823500 2818500 12 15 21  -0.9 1030  82  1.1 1  2.7  76    0    0 221 -314  3
3823500 2818500 12 15 22  -1.4 1030  83  1.0 0  2.7  78    0    0 211 -314  3
3823500 2818500 12 15 23  -1.6 1030  84  1.0 0  2.7  80    0    0 205 -313  3
3823500 2818500 12 15 24  -1.9 1030  78  0.9 1  2.7  82    0    0 208 -313  3
3823500 2818500 12 16  1  -2.2 1031  71  0.5 0  2.7  83    0    0 205 -311  3
3823500 2818500 12 16  2  -2.4 1030  81  0.4 0  2.7  85    0    0 199 -310  3
3823500 2818500 12 16  3  -2.7 1030  76  0.7 0  2.7  87    0    0 199 -308  3
3823500 2818500 12 16  4  -3.0 1030  71  0.6 0  2.7  89    0    0 197 -306  3
3823500 2818500 12 16  5  -3.0 1030  70  0.8 0  2.7  90    0    0 196 -305  3
3823500 2818500 12 16  6  -3.3 1030  65  0.8 1  2.7  90    0    0 196 -304  3
3823500 2818500 12 16  7  -3.7 1030  66  1.0 1  2.6  92    0    0 197 -304  3
3823500 2818500 12 16  8  -3.5 1030  72  1.4 1  2.6  93    0    0 196 -304  3
3823500 2818500 12 16  9  -3.6 1030  75  0.9 1  2.7  93    0    4 195 -304  3
3823500 2818500 12 16 10  -2.7 1030  68  0.5 2  2.7  91   10   42 198 -305  3
3823500 2818500 12 16 11  -1.5 1031  82  1.0 1  2.8  88   80   63 200 -308  3
3823500 2818500 12 16 12  -0.8 1032  80  1.5 1  2.9  83  147   63 199 -312  3
3823500 2818500 12 16 13   0.2 1032  69  1.7 2  2.9  80  174   56 205 -315  3
3823500 2818500 12 16 14   0.6 1032  52  2.0 1  2.9  76  142   56 208 -317  3
3823500 2818500 12 16 15   0.1 1031  59  1.7 2  2.9  75   75   49 208 -318  3
3823500 2818500 12 16 16  -1.0 1031  66  2.3 1  2.8  77   16   21 207 -317  3
3823500 2818500 12 16 17  -1.4 1031  67  1.7 3  2.7  81    0    0 213 -315  3
3823500 2818500 12 16 18  -1.4 1031  71  1.2 5  2.7  82    0    0 230 -313  3
3823500 2818500 12 16 19  -1.1 1031  68  1.5 6  2.8  82    0    0 243 -312  3
3823500 2818500 12 16 20  -1.1 1031  70  1.8 6  2.9  84    0    0 251 -312  3
3823500 2818500 12 16 21  -1.3 1031  69  2.3 8  2.9  85    0    0 262 -313  3
3823500 2818500 12 16 22  -1.5 1031  82  1.3 7  2.9  86    0    0 268 -313  3
3823500 2818500 12 16 23  -1.7 1031  79  0.9 5  2.9  86    0    0 259 -313  3
3823500 2818500 12 16 24  -2.0 1031  76  1.5 4  2.9  88    0    0 249 -313  3
3823500 2818500 12 17  1  -2.3 1031  71  1.6 2  2.8  89    0    0 238 -312  3
3823500 2818500 12 17  2  -2.6 1030  66  1.3 2  2.8  90    0    0 231 -311  3
3823500 2818500 12 17  3  -2.3 1030  79  1.4 4  2.8  91    0    0 240 -310  3
3823500 2818500 12 17  4  -1.8 1031  85  2.2 5  2.9  90    0    0 253 -310  3
3823500 2818500 12 17  5  -1.4 1031  80  2.1 5  2.9  88    0    0 259 -310  3
3823500 2818500 12 17  6  -1.5 1031  73  1.7 4  2.8  85    0    0 255 -310  3
3823500 2818500 12 17  7  -0.8 1031  61  1.3 7  2.8  83    0    0 265 -309  3
3823500 2818500 12 17  8  -0.5 1031  70  1.9 7  2.9  82    0    0 280 -308  3
3823500 2818500 12 17  9  -0.4 1031  64  1.8 7  3.0  82    0    0 281 -307  3
3823500 2818500 12 17 10  -0.4 1031  84  2.8 6  3.0  83    0   15 276 -307  3
3823500 2818500 12 17 11   0.0 1030  82  2.2 7  3.1  84    0   30 276 -309  3
3823500 2818500 12 17 12   0.4 1031  77  2.5 7  3.1  83    0   52 281 -313  3
3823500 2818500 12 17 13   0.8 1030  87  2.6 7  3.1  80    0   65 281 -316  3
3823500 2818500 12 17 14   1.2 1030  93  2.6 5  3.0  76   99   65 271 -318  3
3823500 2818500 12 17 15   1.3 1029  77  2.8 2  3.0  74  110   29 249 -318  3
3823500 2818500 12 17 16   1.1 1029  72  2.9 0  3.0  74   26   18 227 -317  3
3823500 2818500 12 17 17   0.7 1029  77  2.6 0  3.0  75    0    0 218 -315  3
3823500 2818500 12 17 18   0.5 1028  77  2.3 0  3.0  77    0    0 218 -312  3
3823500 2818500 12 17 19   0.4 1029  78  2.3 1  3.0  78    0    0 220 -310  3
3823500 2818500 12 17 20   0.2 1029  83  2.0 1  3.0  79    0    0 223 -309  3
3823500 2818500 12 17 21   0.1 1029  85  1.8 2  3.0  79    0    0 222 -308  3
3823500 2818500 12 17 22  -0.1 1029  86  1.6 4  3.0  80    0    0 226 -308  3
3823500 2818500 12 17 23   0.1 1029 108  1.4 5  3.2  83    0    0 241 -307  3
3823500 2818500 12 17 24   0.5 1030 140  1.3 6  3.4  85    0    0 253 -307  3
3823500 2818500 12 18  1   1.2  995 182  1.3 7  3.8  88    0    0 299 -320  3
3823500 2818500 12 18  2   1.8  995 218  1.5 8  4.0  90    0    0 298 -320  3
3823500 2818500 12 18  3   2.2  995 249  1.7 8  4.2  92    0    0 292 -320  3
3823500 2818500 12 18  4   2.1  995 258  1.9 7  4.2  92    0    0 288 -320  3
3823500 2818500 12 18  5   1.8  996 257  1.5 7  4.1  92    0    0 293 -320  3
3823500 2818500 12 18  6   1.7  996 270  2.0 7  4.1  93    0    0 293 -320  3
3823500 2818500 12 18  7   1.4  996 258  1.0 5  4.0  94    0    0 278 -320  3
3823500 2818500 12 18  8   0.9  997 254  1.4 4  3.9  94    0    0 262 -320  3
3823500 2818500 12 18  9   0.8  997 258  1.2 3  3.8  93    0    5 249 -319  3
3823500 2818500 12 18 10   0.9  998 261  1.7 2  3.7  91   15   45 236 -320  3
3823500 2818500 12 18 11   2.0  999 264  2.1 3  3.8  89   39   83 236 -320  3
3823500 2818500 12 18 12   3.3  999 268  2.3 2  3.9  84   95  108 238 -320  3
3823500 2818500 12 18 13   4.1 1000 270  2.9 2  4.0  79  108  113 234 -323  3
3823500 2818500 12 18 14   4.3 1000 272  3.7 2  4.0  76   78  100 235 -325  3
3823500 2818500 12 18 15   4.0 1000 280  2.3 2  3.9  76   29   67 237 -322  3
3823500 2818500 12 18 16   2.8 1000 261  1.7 4  3.9  79    3   20 247 -320  3
3823500 2818500 12 18 17   2.1 1001 243  2.0 4  3.8  84    0    0 252 -320  3
3823500 2818500 12 18 18   1.9 1001 267  1.7 4  3.8  87    0    0 248 -320  3
3823500 2818500 12 18 19   1.5 1002 294  1.6 5  3.8  88    0    0 251 -320  3
3823500 2818500 12 18 20   1.5 1002 249  2.7 5  3.8  89    0    0 256 -320  3
3823500 2818500 12 18 21   1.6 1003 238  3.3 7  3.8  89    0    0 268 -320  3
3823500 2818500 12 18 22   1.7 1003 233  2.9 7  3.8  89    0    0 279 -320  3
3823500 2818500 12 18 23   1.6 1003 239  2.5 6  3.8  88    0    0 273 -319  3
3823500 2818500 12 18 24   1.7 1003 240  3.1 6  3.8  89    0    0 266 -319  3
3823500 2818500 12 19  1   1.6 1004 236  3.3 8  3.9  89    0    0 275 -319  3
3823500 2818500 12 19  2   1.4 1004 243  3.1 8  3.9  90    0    0 286 -319  3
3823500 2818500 12 19  3   1.2 1004 241  3.2 8  3.9  92    0    0 286 -319  3
3823500 2818500 12 19  4   1.3 1004 243  3.0 8  3.9  92    0    0 287 -319  3
3823500 2818500 12 19  5   1.2 1004 248  2.6 8  3.9  93    0    0 290 -319  3
3823500 2818500 12 19  6   1.3 1005 244  2.1 8  3.9  93    0    0 293 -319  3
3823500 2818500 12 19  7   1.4 1005 249  2.6 7  3.9  93    0    0 290 -320  3
3823500 2818500 12 19  8   1.3 1006 239  1.9 7  3.9  93    0    0 286 -320  3
3823500 2818500 12 19  9   1.2 1006 243  1.9 7  3.9  94    0    1 286 -320  3
3823500 2818500 12 19 10   1.2 1007 248  2.0 7  3.9  94    0   23 288 -320  3
3823500 2818500 12 19 11   1.4 1007 234  2.4 6  3.9  93   18   60 282 -321  3
3823500 2818500 12 19 12   1.9 1008 236  2.7 6  3.9  91   18   79 275 -325  3
3823500 2818500 12 19 13   2.4 1008 233  2.3 5  4.0  89   53   76 270 -330  3
3823500 2818500 12 19 14   2.9 1008 220  2.8 5  4.0  87   14   70 265 -331  3
3823500 2818500 12 19 15   3.0 1007 212  2.6 3  4.0  85   59   35 255 -329  3
3823500 2818500 12 19 16   2.3 1007 210  2.9 4  4.0  86   36   11 248 -325  3
3823500 2818500 12 19 17   2.0 1007 206  1.8 4  3.9  87    0    0 251 -321  3
3823500 2818500 12 19 18   1.9 1007 198  3.0 6  3.8  87    0    0 262 -319  3
3823500 2818500 12 19 19   1.6 1006 194  3.1 7  3.8  87    0    0 277 -318  3
3823500 2818500 12 19 20   1.7 1006 197  3.5 7  3.7  87    0    0 283 -317  3
3823500 2818500 12 19 21   1.7 1006 198  3.8 8  3.7  86    0    0 291 -317  3
3823500 2818500 12 19 22   1.5 1005 197  3.1 8  3.7  86    0    0 298 -318  3
3823500 2818500 12 19 23   1.5 1004 195  4.3 8  3.6  85    0    0 301 -319  3
3823500 2818500 12 19 24   0.7 1003 193  3.7 8  3.6  87    0    0 303 -319  3
3823500 2818500 12 20  1   0.3 1003 185  4.0 8  3.7  93    0    0 305 -320  3
3823500 2818500 12 20  2   0.2 1001 177  3.6 8  3.7  96    0    0 306 -320  3
3823500 2818500 12 20  3   0.2 1000 178  3.7 8  3.8  96    0    0 308 -320  3
3823500 2818500 12 20  4   0.1  999 188  3.8 8  3.8  97    0    0 310 -320  3
3823500 2818500 12 20  5   0.1  998 189  3.1 8  3.8  98    0    0 312 -320  3
3823500 2818500 12 20  6   0.3  997 188  2.9 8  3.8  98    0    0 313 -320  3
3823500 2818500 12 20  7   0.6  996 206  2.6 7  3.9  99    0    0 311 -320  3
3823500 2818500 12 20  8   0.9  996 193  2.0 7  4.0  99    0    0 309 -322  3
3823500 2818500 12 20  9   1.2  996 207  1.4 7  4.1  99    0    1 311 -327  3
3823500 2818500 12 20 10   1.5  996 201  1.4 7  4.2  99    4   33 312 -332  3
3823500 2818500 12 20 11   2.2  996 218  0.6 5  4.4  99   29   65 302 -336  3
3823500 2818500 12 20 12   3.3  996 229  0.4 7  4.7  99    3   74 300 -339  3
3823500 2818500 12 20 13   4.8  996 237  0.9 7  5.0  96    0   63 311 -341  3
3823500 2818500 12 20 14   5.7  996 250  1.5 7  5.2  93    1   62 311 -341  3
3823500 2818500 12 20 15   6.1  997 250  2.6 8  5.2  89    0   27 317 -340  3
3823500 2818500 12 20 16   6.1  997 267  3.6 8  5.1  86    0   10 323 -336  3
3823500 2818500 12 20 17   5.9  998 266  3.6 7  5.1  86    0    0 312 -332  3
3823500 2818500 12 20 18   5.7  998 290  4.9 7  5.2  90    0    0 300 -329  3
3823500 2818500 12 20 19   5.7  999 290  2.9 8  5.3  91    0    0 305 -329  3
3823500 2818500 12 20 20   5.8 1000 286  3.5 8  5.3  91    0    0 310 -329  3
3823500 2818500 12 20 21   5.8 1001 291  3.9 8  5.2  89    0    0 308 -328  3
3823500 2818500 12 20 22   5.2 1002 277  3.5 7  5.0  88    0    0 299 -327  3
3823500 2818500 12 20 23   5.0 1003 274  3.5 6  4.9  88    0    0 286 -326  3
3823500 2818500 12 20 24   4.7 1004 267  3.3 7  4.7  87    0    0 286 -323  3
3823500 2818500 12 21  1   4.7 1004 273  2.9 7  4.6  86    0    0 293 -322  3
3823500 2818500 12 21  2   4.3 1005 270  2.5 7  4.5  86    0    0 293 -322  3
3823500 2818500 12 21  3   4.1 1005 258  2.2 8  4.5  86    0    0 302 -323  3
3823500 2818500 12 21  4   4.4 1006 256  1.9 8  4.4  85    0    0 311 -323  3
3823500 2818500 12 21  5   4.2 1006 249  2.4 8  4.4  85    0    0 312 -324  3
3823500 2818500 12 21  6   4.2 1006 255  2.0 8  4.4  85    0    0 312 -325  3
3823500 2818500 12 21  7   4.0 1006 243  2.1 7  4.4  86    0    0 305 -325  3
3823500 2818500 12 21  8   4.0 1006 245  1.9 7  4.4  87    0    0 300 -326  3
3823500 2818500 12 21  9   3.9 1006 240  2.0 8  4.5  88    0    2 308 -328  3
3823500 2818500 12 21 10   4.3 1006 248  2.0 8  4.6  89    0   21 318 -329  3
3823500 2818500 12 21 11   4.5 1007 236  2.1 6  4.6  89    0   45 308 -330  3
3823500 2818500 12 21 12   4.7 1007 256  2.3 7  4.7  89    0   61 304 -333  3
3823500 2818500 12 21 13   5.2 1007 256  2.3 6  4.9  90    1   75 306 -337  3
3823500 2818500 12 21 14   5.3 1007 258  2.1 6  5.0  90    0   63 301 -339  3
3823500 2818500 12 21 15   5.5 1007 253  1.5 6  5.1  90    2   49 301 -339  3
3823500 2818500 12 21 16   5.4 1007 254  1.0 7  5.1  90    1   19 307 -336  3
3823500 2818500 12 21 17   5.4 1008 248  0.6 7  5.1  91    0    0 314 -332  3
3823500 2818500 12 21 18   5.2 1008 250  0.3 7  5.1  92    0    0 313 -330  3
3823500 2818500 12 21 19   5.0 1009 234  0.9 7  5.2  94    0    0 312 -328  3
3823500 2818500 12 21 20   5.1 1009 238  0.5 7  5.2  95    0    0 309 -328  3
3823500 2818500 12 21 21   5.2 1010 253  0.4 7  5.3  96    0    0 308 -327  3
3823500 2818500 12 21 22   5.4 1010 236  0.3 8  5.3  96    0    0 315 -328  3
3823500 2818500 12 21 23   5.4 1010 228  0.2 7  5.4  97    0    0 316 -328  3
3823500 2818500 12 21 24   5.4 1011 219  0.6 7  5.4  97    0    0 311 -329  3
3823500 2818500 12 22  1   5.2 1011 215  1.1 8  5.3  96    0    0 318 -331  3
3823500 2818500 12 22  2   5.1 1011 210  1.3 8  5.3  97    0    0 323 -333  3
3823500 2818500 12 22  3   5.1 1011 211  2.0 8  5.3  97    0    0 324 -334  3
3823500 2818500 12 22  4   5.2 1011 201  2.5 8  5.3  96    0    0 326 -335  3
3823500 2818500 12 22  5   5.2 1011 196  2.2 8  5.3  95    0    0 328 -336  3
3823500 2818500 12 22  6   5.2 1011 213  2.6 8  5.3  96    0    0 330 -338  3
3823500 2818500 12 22  7   5.5 1010 215  2.6 8  5.4  97    0    0 333 -340  3
3823500 2818500 12 22  8   5.8 1010 213  2.7 8  5.5  97    0    0 336 -343  3
3823500 2818500 12 22  9   6.2 1010 217  1.9 8  5.6  97    0    0 339 -347  3
3823500 2818500 12 22 10   6.7 1009 227  0.8 8  5.8  97    0    9 342 -351  3
3823500 2818500 12 22 11   7.4 1010 245  1.1 8  6.1  97    0   15 345 -354  3
3823500 2818500 12 22 12   8.2 1010 257  1.4 7  6.5  98    0   37 343 -355  3
3823500 2818500 12 22 13   8.9 1010 273  1.7 7  6.8  98    0   44 341 -356  3
3823500 2818500 12 22 14   9.2 1010 276  2.2 8  7.0  97    0   28 349 -357  3
3823500 2818500 12 22 15   9.2 1010 278  2.6 7  7.1  97    0   26 350 -358  3
3823500 2818500 12 22 16   9.1 1011 283  2.3 8  7.1  97    0   16 348 -358  3
3823500 2818500 12 22 17   8.9 1011 282  2.1 8  7.0  98    0    0 354 -358  3
3823500 2818500 12 22 18   9.0 1012 277  1.4 8  7.0  98    0    0 353 -358  3
3823500 2818500 12 22 19   8.9 1012 269  1.8 8  7.0  98    0    0 353 -358  3
3823500 2818500 12 22 20   9.1 1013 269  1.8 8  7.0  98    0    0 353 -358  3
3823500 2818500 12 22 21   9.1 1013 258  1.7 8  7.0  97    0    0 353 -357  3
3823500 2818500 12 22 22   9.1 1014 261  1.9 8  6.9  96    0    0 352 -357  3
3823500 2818500 12 22 23   9.1 1014 245  1.8 8  6.9  96    0    0 352 -356  3
3823500 2818500 12 22 24   9.1 1014 242  1.7 8  6.9  96    0    0 352 -356  3
3823500 2818500 12 23  1   9.0 1014 236  2.3 8  7.0  97    0    0 352 -355  3
3823500 2818500 12 23  2   8.9 1014 233  2.1 8  7.0  98    0    0 352 -355  3
3823500 2818500 12 23  3   9.0 1013 236  2.4 8  7.0  98    0    0 352 -354  3
3823500 2818500 12 23  4   9.0 1014 237  2.3 8  7.0  98    0    0 352 -353  3
3823500 2818500 12 23  5   9.1 1013 236  2.8 8  6.9  97    0    0 353 -353  3
3823500 2818500 12 23  6   9.0 1013 238  2.7 8  6.8  95    0    0 353 -352  3
3823500 2818500 12 23  7   9.1 1013 233  2.6 8  6.8  94    0    0 353 -353  3
3823500 2818500 12 23  8   9.1 1012 230  2.8 8  6.7  93    0    0 353 -354  3
3823500 2818500 12 23  9   8.8 1012 226  2.4 8  6.6  93    0    0 352 -354  3
3823500 2818500 12 23 10   9.0 1012 222  2.8 8  6.6  93    0   11 352 -355  3
3823500 2818500 12 23 11   9.1 1012 224  3.1 8  6.7  93    0   22 352 -356  3
3823500 2818500 12 23 12   9.3 1012 227  3.1 8  6.7  93    0   30 353 -358  3
3823500 2818500 12 23 13   9.4 1011 217  2.9 7  6.8  93    0   38 347 -359  3
3823500 2818500 12 23 14   9.4 1010 215  2.9 7  6.9  94    0   36 343 -360  3
3823500 2818500 12 23 15   9.3 1009 221  2.9 8  6.9  94    0   16 348 -361  3
3823500 2818500 12 23 16   9.3 1008 224  2.9 7  6.8  93    0    5 348 -361  3
3823500 2818500 12 23 17   9.1 1008 224  1.8 7  6.7  91    0    0 343 -361  3
3823500 2818500 12 23 18   9.0 1007 213  2.5 7  6.5  90    0    0 342 -361  3
3823500 2818500 12 23 19   8.6 1006 218  2.4 7  6.4  91    0    0 341 -361  3
3823500 2818500 12 23 20   8.5 1005 208  3.1 8  6.4  91    0    0 344 -360  3
3823500 2818500 12 23 21   8.2 1004 204  3.8 8  6.2  90    0    0 348 -359  3
3823500 2818500 12 23 22   7.8 1003 199  3.5 8  6.1  90    0    0 346 -356  3
3823500 2818500 12 23 23   7.2 1002 200  3.8 8  6.0  92    0    0 341 -351  3
3823500 2818500 12 23 24   6.9 1001 200  4.1 8  6.0  94    0    0 336 -347  3
3823500 2818500 12 24  1   7.0 1000 199  4.0 8  5.9  94    0    0 332 -344  3
3823500 2818500 12 24  2   7.1  999 200  3.4 8  6.0  94    0    0 328 -342  3
3823500 2818500 12 24  3   7.2  998 209  3.5 8  5.9  93    0    0 326 -338  3
3823500 2818500 12 24  4   5.3  998 238  3.5 8  5.5  91    0    0 323 -335  3
3823500 2818500 12 24  5   4.4  998 298  7.4 8  5.0  91    0    0 317 -334  3
3823500 2818500 12 24  6   4.3 1001 317  7.4 7  4.8  92    0    0 307 -335  3
3823500 2818500 12 24  7   4.6 1004 318  6.2 7  4.7  89    0    0 298 -335  3
3823500 2818500 12 24  8   4.5 1006 299  4.2 8  4.7  88    0    0 300 -335  3
3823500 2818500 12 24  9   4.4 1008 279  4.2 6  4.6  87    0    4 293 -333  3
3823500 2818500 12 24 10   4.8 1010 287  4.7 5  4.6  86    3   34 277 -332  3
3823500 2818500 12 24 11   5.4 1012 290  4.4 4  4.6  84   42   72 269 -335  3
3823500 2818500 12 24 12   6.0 1014 293  4.1 2  4.6  81  105   84 257 -338  3
3823500 2818500 12 24 13   6.4 1015 287  4.5 2  4.6  78  105   89 249 -340  3
3823500 2818500 12 24 14   6.8 1016 285  4.5 3  4.6  77   46   88 256 -341  3
3823500 2818500 12 24 15   6.3 1016 281  3.5 4  4.5  76   24   60 262 -340  3
3823500 2818500 12 24 16   5.7 1017 272  2.8 4  4.4  76   16   25 263 -338  3
3823500 2818500 12 24 17   4.8 1017 261  2.0 3  4.3  78    0    0 256 -334  3
3823500 2818500 12 24 18   4.5 1018 245  1.9 3  4.3  81    0    0 249 -331  3
3823500 2818500 12 24 19   4.0 1019 225  1.8 4  4.3  83    0    0 252 -330  3
3823500 2818500 12 24 20   4.2 1019 224  1.7 5  4.3  86    0    0 262 -330  3
3823500 2818500 12 24 21   4.6 1019 227  2.5 8  4.5  88    0    0 282 -330  3
3823500 2818500 12 24 22   4.8 1019 229  3.4 8  4.7  88    0    0 300 -330  3
3823500 2818500 12 24 23   4.7 1019 229  3.6 8  4.7  88    0    0 303 -329  3
3823500 2818500 12 24 24   4.5 1019 219  3.5 6  4.6  88    0    0 296 -329  3
3823500 2818500 12 25  1   4.5 1019 221  2.9 6  4.6  88    0    0 290 -329  3
3823500 2818500 12 25  2   5.0 1018 220  3.0 8  4.7  88    0    0 303 -329  3
3823500 2818500 12 25  3   5.3 1018 226  3.2 8  4.8  88    0    0 315 -331  3
3823500 2818500 12 25  4   5.6 1018 223  3.7 8  4.9  87    0    0 319 -332  3
3823500 2818500 12 25  5   5.9 1017 224  3.2 8  5.0  87    0    0 322 -334  3
3823500 2818500 12 25  6   6.1 1017 223  3.2 8  5.1  89    0    0 325 -336  3
3823500 2818500 12 25  7   6.0 1017 226  2.9 8  5.3  91    0    0 329 -336  3
3823500 2818500 12 25  8   6.2 1017 225  2.6 8  5.4  92    0    0 330 -337  3
3823500 2818500 12 25  9   6.2 1018 221  2.4 8  5.5  94    0    0 333 -338  3
3823500 2818500 12 25 10   6.5 1018 223  3.1 8  5.7  96    0   11 334 -339  3
3823500 2818500 12 25 11   6.8 1019 225  3.4 7  5.8  96    0   24 332 -341  3
3823500 2818500 12 25 12   7.1 1019 235  3.6 7  5.9  96    0   29 330 -344  3
3823500 2818500 12 25 13   7.4 1019 230  3.2 8  6.1  96    0   27 334 -346  3
3823500 2818500 12 25 14   7.7 1019 224  3.0 7  6.2  96    0   32 334 -349  3
3823500 2818500 12 25 15   7.9 1019 231  3.4 7  6.2  95    0   25 330 -350  3
3823500 2818500 12 25 16   8.3 1019 225  3.2 8  6.3  94    0    6 334 -350  3
3823500 2818500 12 25 17   8.7 1019 226  3.4 8  6.4  92    0    0 338 -349  3
3823500 2818500 12 25 18   8.7 1020 220  3.5 8  6.4  92    0    0 338 -348  3
3823500 2818500 12 25 19   8.9 1020 228  3.8 8  6.4  91    0    0 338 -347  3
3823500 2818500 12 25 20   9.2 1020 231  3.9 8  6.4  90    0    0 339 -347  3
3823500 2818500 12 25 21   9.4 1021 232  4.3 7  6.4  89    0    0 337 -347  3
3823500 2818500 12 25 22   9.5 1021 232  4.4 8  6.4  87    0    0 338 -346  3
3823500 2818500 12 25 23   9.3 1021 234  4.0 7  6.4  88    0    0 339 -346  3
3823500 2818500 12 25 24   9.1 1021 233  3.9 8  6.5  91    0    0 339 -346  3
3823500 2818500 12 26  1   9.1 1022 231  4.0 8  6.6  92    0    0 345 -347  3
3823500 2818500 12 26  2   9.0 1022 229  4.0 8  6.7  93    0    0 345 -347  3
3823500 2818500 12 26  3   9.0 1022 228  3.9 8  6.7  94    0    0 347 -347  3
3823500 2818500 12 26  4   9.0 1022 231  3.6 8  6.7  95    0    0 348 -348  3
3823500 2818500 12 26  5   8.9 1022 226  3.3 8  6.7  95    0    0 349 -348  3
3823500 2818500 12 26  6   8.9 1022 226  3.2 8  6.8  96    0    0 349 -348  3
3823500 2818500 12 26  7   8.8 1022 225  3.4 8  6.8  96    0    0 350 -348  3
3823500 2818500 12 26  8   8.8 1023 222  3.3 8  6.8  97    0    0 350 -348  3
3823500 2818500 12 26  9   8.9 1023 222  3.2 8  6.8  96    0    0 351 -348  3
3823500 2818500 12 26 10   9.1 1023 228  2.9 8  6.8  96    0    8 352 -348  3
3823500 2818500 12 26 11   9.3 1024 223  3.0 8  6.9  97    0   25 352 -348  3
3823500 2818500 12 26 12   9.4 1025 227  2.8 7  7.0  97    0   40 347 -349  3
3823500 2818500 12 26 13   9.5 1025 220  3.3 8  7.0  96    0   32 346 -350  3
3823500 2818500 12 26 14   9.8 1024 223  3.0 8  7.1  96    0   21 351 -350  3
3823500 2818500 12 26 15   9.8 1024 228  2.8 8  7.2  96    0   13 352 -349  3
3823500 2818500 12 26 16   9.9 1024 228  2.9 8  7.2  96    0    5 352 -348  3
3823500 2818500 12 26 17   9.9 1025 233  2.8 8  7.2  95    0    0 352 -347  3
3823500 2818500 12 26 18   9.8 1025 228  2.7 8  7.2  96    0    0 352 -346  3
3823500 2818500 12 26 19   9.9 1025 231  2.3 8  7.2  96    0    0 351 -343  3
3823500 2818500 12 26 20  10.0 1025 229  2.3 8  7.2  95    0    0 350 -339  3
3823500 2818500 12 26 21   9.9 1026 228  2.1 8  7.2  95    0    0 348 -335  3
3823500 2818500 12 26 22  10.0 1026 233  2.3 8  7.1  95    0    0 346 -332  3
3823500 2818500 12 26 23   9.8 1026 227  2.3 8  7.1  95    0    0 344 -329  3
3823500 2818500 12 26 24   9.7 1026 229  2.2 8  7.1  95    0    0 340 -327  3
3823500 2818500 12 27  1   9.7 1026 233  2.3 8  7.0  95    0    0 339 -324  3
3823500 2818500 12 27  2   9.6 1025 240  2.6 8  7.0  94    0    0 338 -322  3
3823500 2818500 12 27  3   9.4 1025 242  3.2 8  6.8  94    0    0 336 -321  3
3823500 2818500 12 27  4   9.3 1025 245  3.3 8  6.5  90    0    0 334 -320  3
3823500 2818500 12 27  5   8.9 1025 257  2.9 8  6.3  88    0    0 332 -320  3
3823500 2818500 12 27  6   8.7 1025 257  2.8 8  6.3  90    0    0 330 -319  3
3823500 2818500 12 27  7   8.8 1025 251  2.7 7  6.1  88    0    0 323 -319  3
3823500 2818500 12 27  8   8.6 1025 259  2.7 7  5.9  86    0    0 318 -319  3
3823500 2818500 12 27  9   8.5 1026 266  2.8 7  5.7  83    0    0 317 -319  3
3823500 2818500 12 27 10   8.3 1026 265  2.1 7  5.5  81    0   15 316 -319  3
3823500 2818500 12 27 11   8.3 1026 254  1.8 7  5.4  81    0   26 316 -319  3
3823500 2818500 12 27 12   8.6 1027 248  2.0 7  5.4  80    0   32 315 -319  3
3823500 2818500 12 27 13   8.6 1026 252  1.5 7  5.4  79    0   31 313 -322  3
3823500 2818500 12 27 14   8.5 1026 247  1.3 8  5.4  79    0   27 319 -325  3
3823500 2818500 12 27 15   8.5 1026 240  1.3 7  5.5  80    0   41 319 -326  3
3823500 2818500 12 27 16   8.4 1026 228  1.3 7  5.5  81    0    7 314 -324  3
3823500 2818500 12 27 17   8.1 1026 226  1.6 7  5.5  82    0    0 315 -321  3
3823500 2818500 12 27 18   8.1 1026 225  1.1 8  5.5  82    0    0 321 -319  3
3823500 2818500 12 27 19   8.0 1026 215  1.2 7  5.5  83    0    0 320 -319  3
3823500 2818500 12 27 20   7.9 1026 217  1.2 7  5.4  83    0    0 313 -318  3
3823500 2818500 12 27 21   7.8 1025 214  1.2 7  5.4  82    0    0 311 -317  3
3823500 2818500 12 27 22   7.7 1025 211  1.1 7  5.3  82    0    0 307 -316  3
3823500 2818500 12 27 23   8.0 1025 200  1.1 7  5.6  83    0    0 302 -316  3
3823500 2818500 12 27 24   8.4 1024 190  1.2 7  6.0  85    0    0 297 -316  3
3823500 2818500 12 28  1   9.1  985 178  1.3 8  6.5  88    0    0 348 -367  3
3823500 2818500 12 28  2   9.6  985 172  1.5 8  6.9  90    0    0 348 -366  3
3823500 2818500 12 28  3  10.0  984 170  1.9 8  7.3  92    0    0 336 -366  3
3823500 2818500 12 28  4  10.1  984 178  2.3 8  7.3  92    0    0 336 -366  3
3823500 2818500 12 28  5  10.2  984 184  2.4 8  7.3  91    0    0 347 -365  3
3823500 2818500 12 28  6  10.4  984 194  2.7 8  7.3  91    0    0 348 -363  3
3823500 2818500 12 28  7  11.0  984 224  3.2 8  7.3  88    0    0 350 -363  3
3823500 2818500 12 28  8  10.6  985 254  4.0 7  7.2  86    0    0 338 -363  3
3823500 2818500 12 28  9  10.1  986 249  3.8 8  7.0  86    0    0 336 -363  3
3823500 2818500 12 28 10   9.8  987 236  2.7 8  6.9  88    0   28 349 -363  3
3823500 2818500 12 28 11   9.7  988 227  2.0 7  6.9  89    2   62 336 -363  3
3823500 2818500 12 28 12  10.0  988 247  2.6 7  6.9  89    0   65 328 -364  3
3823500 2818500 12 28 13  10.2  989 234  2.3 8  7.0  89    0   35 339 -365  3
3823500 2818500 12 28 14  10.3  989 241  2.3 7  7.0  88    0   58 339 -366  3
3823500 2818500 12 28 15  10.2  989 259  2.6 4  6.8  85    2   57 301 -366  3
3823500 2818500 12 28 16   9.7  989 250  2.1 7  6.5  83    0   13 296 -365  3
3823500 2818500 12 28 17   9.2  990 248  2.8 8  6.3  83    0    0 333 -363  3
3823500 2818500 12 28 18   9.0  991 234  2.7 8  6.1  83    0    0 344 -361  3
3823500 2818500 12 28 19   8.9  991 228  2.5 7  6.1  84    0    0 332 -360  3
3823500 2818500 12 28 20   8.8  992 233  2.5 7  6.2  85    0    0 320 -360  3
3823500 2818500 12 28 21   8.6  992 243  2.8 7  6.1  85    0    0 324 -360  3
3823500 2818500 12 28 22   8.4  993 243  3.7 7  6.0  85    0    0 327 -360  3
3823500 2818500 12 28 23   8.1  994 260  3.3 7  5.9  85    0    0 328 -361  3
3823500 2818500 12 28 24   7.6  994 246  3.1 7  5.8  86    0    0 330 -361  3
3823500 2818500 12 29  1   7.3  995 255  3.4 8  5.8  89    0    0 336 -361  3
3823500 2818500 12 29  2   7.2  995 249  3.4 7  5.7  89    0    0 334 -359  3
3823500 2818500 12 29  3   6.9  995 248  3.5 8  5.6  88    0    0 333 -358  3
3823500 2818500 12 29  4   6.9  996 232  2.2 7  5.6  89    0    0 332 -357  3
3823500 2818500 12 29  5   7.2  996 227  3.2 7  5.7  89    0    0 325 -355  3
3823500 2818500 12 29  6   7.4  996 227  3.4 7  5.6  87    0    0 325 -354  3
3823500 2818500 12 29  7   7.2  996 234  3.7 7  5.5  85    0    0 323 -352  3
3823500 2818500 12 29  8   7.1  996 237  3.6 6  5.4  85    0    0 314 -350  3
3823500 2818500 12 29  9   7.1  996 234  3.4 7  5.4  85    0    0 313 -348  3
3823500 2818500 12 29 10   7.0  996 218  3.4 7  5.4  84    0   13 320 -347  3
3823500 2818500 12 29 11   7.1  996 223  3.4 7  5.3  84    0   44 320 -346  3
3823500 2818500 12 29 12   7.4  996 228  3.2 6  5.4  84    6   78 315 -347  3
3823500 2818500 12 29 13   7.6  995 227  3.2 7  5.5  84    0   67 316 -349  3
3823500 2818500 12 29 14   7.7  994 224  3.0 8  5.6  84    0   32 331 -351  3
3823500 2818500 12 29 15   7.5  994 205  2.2 8  5.7  86    0   21 337 -352  3
3823500 2818500 12 29 16   7.2  993 163  1.8 8  5.8  89    0   12 337 -351  3
3823500 2818500 12 29 17   7.0  993 159  2.1 8  5.8  91    0    0 338 -349  3
3823500 2818500 12 29 18   6.6  992 154  1.1 8  5.7  91    0    0 338 -349  3
3823500 2818500 12 29 19   6.4  991 125  0.6 8  5.7  93    0    0 338 -349  3
3823500 2818500 12 29 20   6.3  991 120  0.5 8  5.7  93    0    0 337 -349  3
3823500 2818500 12 29 21   6.4  990 129  0.7 7  5.7  94    0    0 330 -349  3
3823500 2818500 12 29 22   6.5  989 110  0.7 8  5.7  93    0    0 331 -349  3
3823500 2818500 12 29 23   6.4  989  92  0.7 8  5.7  93    0    0 339 -348  3
3823500 2818500 12 29 24   6.3  988  91  1.0 8  5.7  93    0    0 338 -348  3
3823500 2818500 12 30  1   6.3  988  91  1.5 8  5.6  93    0    0 338 -347  3
3823500 2818500 12 30  2   6.2  987 114  1.6 8  5.6  93    0    0 338 -347  3
3823500 2818500 12 30  3   6.2  986 103  1.7 8  5.6  93    0    0 338 -347  3
3823500 2818500 12 30  4   6.2  986  83  1.7 8  5.7  93    0    0 338 -346  3
3823500 2818500 12 30  5   6.1  985  66  2.4 8  5.7  94    0    0 337 -345  3
3823500 2818500 12 30  6   6.0  985  64  2.7 8  5.6  94    0    0 334 -345  3
3823500 2818500 12 30  7   5.8  985  70  3.1 8  5.5  93    0    0 333 -344  3
3823500 2818500 12 30  8   5.4  986  79  2.8 8  5.4  93    0    0 331 -344  3
3823500 2818500 12 30  9   5.5  987  76  2.2 8  5.3  92    0    0 329 -343  3
3823500 2818500 12 30 10   4.7  988  57  2.3 8  5.2  93    3   37 328 -343  3
3823500 2818500 12 30 11   4.5  989  68  2.4 6  5.1  94    0   46 311 -343  3
3823500 2818500 12 30 12   4.2  989  73  1.9 8  5.0  94    0   16 310 -343  3
3823500 2818500 12 30 13   4.1  990  74  1.7 8  4.9  94    0   24 323 -343  3
3823500 2818500 12 30 14   3.5  990  80  1.9 6  4.8  94    0   64 308 -343  3
3823500 2818500 12 30 15   3.0  990  65  1.7 7  4.6  94    0   36 299 -343  3
3823500 2818500 12 30 16   2.5  990  78  2.9 8  4.5  94    2   26 312 -343  3
3823500 2818500 12 30 17   2.1  991  82  3.5 8  4.3  93    0    2 317 -343  3
3823500 2818500 12 30 18   2.0  991 303  2.6 8  4.1  92    0    0 316 -344  3
3823500 2818500 12 30 19   1.9  991 282  4.0 8  4.1  91    0    0 316 -351  3
3823500 2818500 12 30 20   1.7  992 334  4.0 8  4.0  91    0    0 316 -359  3
3823500 2818500 12 30 21   1.6  992  42  3.8 8  3.9  90    0    0 315 -361  3
3823500 2818500 12 30 22   1.5  993  39  3.9 8  3.9  90    0    0 314 -362  3
3823500 2818500 12 30 23   1.5  994  59  3.6 8  3.9  90    0    0 314 -362  3
3823500 2818500 12 30 24   1.0  995 336  4.4 8  3.8  90    0    0 312 -362  3
3823500 2818500 12 31  1   0.7  996 339  4.7 8  3.7  89    0    0 310 -362  3
3823500 2818500 12 31  2   0.5  997   3  5.3 8  3.6  88    0    0 309 -362  3
3823500 2818500 12 31  3   0.1  998  46  4.8 8  3.4  87    0    0 308 -362  3
3823500 2818500 12 31  4   0.1  999 349  4.5 8  3.3  86    0    0 308 -362  3
3823500 2818500 12 31  5  -0.1 1000   8  5.5 8  3.2  84    0    0 308 -362  3
3823500 2818500 12 31  6  -0.3 1000  64  5.1 8  3.1  81    0    0 308 -362  3
3823500 2818500 12 31  7  -0.6 1001  64  4.5 8  2.9  79    0    0 307 -359  3
3823500 2818500 12 31  8  -0.7 1002  57  5.3 7  2.8  77    0    0 301 -355  3
3823500 2818500 12 31  9  -0.9 1002  64  4.5 7  2.7  75    0    0 294 -351  3
3823500 2818500 12 31 10  -1.0 1003  65  4.3 7  2.6  74    8   36 294 -348  3
3823500 2818500 12 31 11  -1.1 1004  62  3.9 4  2.6  72   66   68 276 -346  3
3823500 2818500 12 31 12  -0.6 1005  59  3.6 1  2.5  70  140   72 239 -344  3
3823500 2818500 12 31 13  -0.6 1006  76  3.4 1  2.5  69  111   89 220 -341  3
3823500 2818500 12 31 14  -0.9 1006  84  4.1 4  2.5  70    7   81 238 -338  3
3823500 2818500 12 31 15  -1.1 1007  81  3.0 4  2.5  71    7   58 256 -337  3
3823500 2818500 12 31 16  -1.6 1007  86  2.7 3  2.4  71   22   30 249 -335  3
3823500 2818500 12 31 17  -2.5 1007  72  2.5 1  2.3  70    0    5 228 -334  3
3823500 2818500 12 31 18  -3.1 1008  80  2.5 1  2.2  70    0    0 212 -332  3
3823500 2818500 12 31 19  -3.7 1008  86  1.9 0  2.1  70    0    0 203 -331  3
3823500 2818500 12 31 20  -4.1 1008  87  2.2 0  2.1  74    0    0 195 -330  3
3823500 2818500 12 31 21  -4.5 1008  90  2.0 0  2.1  76    0    0 194 -330  3
3823500 2818500 12 31 22  -4.6 1008  92  1.9 0  2.1  79    0    0 199 -330  3
3823500 2818500 12 31 23  -3.4 1008 110  1.7 2  2.6  82    0    0 206 -330  3
3823500 2818500 12 31 24  -1.6 1008 133  1.5 3  3.1  86    0    0 198 -330  3
