jahresstunden,0
1,1.4583333333333335
2,1.4583333333333335
3,1.4583333333333335
4,1.4583333333333335
5,1.4583333333333335
6,1.4583333333333335
7,1.4583333333333335
8,1.4583333333333335
9,1.4583333333333335
10,1.4583333333333335
11,1.4583333333333335
12,1.4583333333333335
13,1.4583333333333335
14,1.4583333333333335
15,1.4583333333333335
16,1.4583333333333335
17,1.4583333333333335
18,1.4583333333333335
19,1.4583333333333335
20,1.4583333333333335
21,1.4583333333333335
22,1.4583333333333335
23,1.4583333333333335
24,1.4583333333333335
25,1.4583333333333335
26,1.4583333333333335
27,1.4583333333333335
28,1.4583333333333335
29,1.4583333333333335
30,1.4583333333333335
31,1.4583333333333335
32,1.4583333333333335
33,1.4583333333333335
34,1.4583333333333335
35,1.4583333333333335
36,1.4583333333333335
37,1.4583333333333335
38,1.4583333333333335
39,1.4583333333333335
40,1.4583333333333335
41,1.4583333333333335
42,1.4583333333333335
43,1.4583333333333335
44,1.4583333333333335
45,1.4583333333333335
46,1.4583333333333335
47,1.4583333333333335
48,1.4583333333333335
49,1.4583333333333335
50,1.4583333333333335
51,1.4583333333333335
52,1.4583333333333335
53,1.4583333333333335
54,1.4583333333333335
55,1.4583333333333335
56,1.4583333333333335
57,1.4583333333333335
58,1.4583333333333335
59,1.4583333333333335
60,1.4583333333333335
61,1.4583333333333335
62,1.4583333333333335
63,1.4583333333333335
64,1.4583333333333335
65,1.4583333333333335
66,1.4583333333333335
67,1.4583333333333335
68,1.4583333333333335
69,1.4583333333333335
70,1.4583333333333335
71,1.4583333333333335
72,1.4583333333333335
73,1.4583333333333335
74,1.4583333333333335
75,1.4583333333333335
76,1.4583333333333335
77,1.4583333333333335
78,1.4583333333333335
79,1.4583333333333335
80,1.4583333333333335
81,1.4583333333333335
82,1.4583333333333335
83,1.4583333333333335
84,1.4583333333333335
85,1.4583333333333335
86,1.4583333333333335
87,1.4583333333333335
88,1.4583333333333335
89,1.4583333333333335
90,1.4583333333333335
91,1.4583333333333335
92,1.4583333333333335
93,1.4583333333333335
94,1.4583333333333335
95,1.4583333333333335
96,1.4583333333333335
97,1.4583333333333335
98,1.4583333333333335
99,1.4583333333333335
100,1.4583333333333335
101,1.4583333333333335
102,1.4583333333333335
103,1.4583333333333335
104,1.4583333333333335
105,1.4583333333333335
106,1.4583333333333335
107,1.4583333333333335
108,1.4583333333333335
109,1.4583333333333335
110,1.4583333333333335
111,1.4583333333333335
112,1.4583333333333335
113,1.4583333333333335
114,1.4583333333333335
115,1.4583333333333335
116,1.4583333333333335
117,1.4583333333333335
118,1.4583333333333335
119,1.4583333333333335
120,1.4583333333333335
121,1.4583333333333335
122,1.4583333333333335
123,1.4583333333333335
124,1.4583333333333335
125,1.4583333333333335
126,1.4583333333333335
127,1.4583333333333335
128,1.4583333333333335
129,1.4583333333333335
130,1.4583333333333335
131,1.4583333333333335
132,1.4583333333333335
133,1.4583333333333335
134,1.4583333333333335
135,1.4583333333333335
136,1.4583333333333335
137,1.4583333333333335
138,1.4583333333333335
139,1.4583333333333335
140,1.4583333333333335
141,1.4583333333333335
142,1.4583333333333335
143,1.4583333333333335
144,1.4583333333333335
145,1.4583333333333335
146,1.4583333333333335
147,1.4583333333333335
148,1.4583333333333335
149,1.4583333333333335
150,1.4583333333333335
151,1.4583333333333335
152,1.4583333333333335
153,1.4583333333333335
154,1.4583333333333335
155,1.4583333333333335
156,1.4583333333333335
157,1.4583333333333335
158,1.4583333333333335
159,1.4583333333333335
160,1.4583333333333335
161,1.4583333333333335
162,1.4583333333333335
163,1.4583333333333335
164,1.4583333333333335
165,1.4583333333333335
166,1.4583333333333335
167,1.4583333333333335
168,1.4583333333333335
169,1.4583333333333335
170,1.4583333333333335
171,1.4583333333333335
172,1.4583333333333335
173,1.4583333333333335
174,1.4583333333333335
175,1.4583333333333335
176,1.4583333333333335
177,1.4583333333333335
178,1.4583333333333335
179,1.4583333333333335
180,1.4583333333333335
181,1.4583333333333335
182,1.4583333333333335
183,1.4583333333333335
184,1.4583333333333335
185,1.4583333333333335
186,1.4583333333333335
187,1.4583333333333335
188,1.4583333333333335
189,1.4583333333333335
190,1.4583333333333335
191,1.4583333333333335
192,1.4583333333333335
193,1.4583333333333335
194,1.4583333333333335
195,1.4583333333333335
196,1.4583333333333335
197,1.4583333333333335
198,1.4583333333333335
199,1.4583333333333335
200,1.4583333333333335
201,1.4583333333333335
202,1.4583333333333335
203,1.4583333333333335
204,1.4583333333333335
205,1.4583333333333335
206,1.4583333333333335
207,1.4583333333333335
208,1.4583333333333335
209,1.4583333333333335
210,1.4583333333333335
211,1.4583333333333335
212,1.4583333333333335
213,1.4583333333333335
214,1.4583333333333335
215,1.4583333333333335
216,1.4583333333333335
217,1.4583333333333335
218,1.4583333333333335
219,1.4583333333333335
220,1.4583333333333335
221,1.4583333333333335
222,1.4583333333333335
223,1.4583333333333335
224,1.4583333333333335
225,1.4583333333333335
226,1.4583333333333335
227,1.4583333333333335
228,1.4583333333333335
229,1.4583333333333335
230,1.4583333333333335
231,1.4583333333333335
232,1.4583333333333335
233,1.4583333333333335
234,1.4583333333333335
235,1.4583333333333335
236,1.4583333333333335
237,1.4583333333333335
238,1.4583333333333335
239,1.4583333333333335
240,1.4583333333333335
241,1.4583333333333335
242,1.4583333333333335
243,1.4583333333333335
244,1.4583333333333335
245,1.4583333333333335
246,1.4583333333333335
247,1.4583333333333335
248,1.4583333333333335
249,1.4583333333333335
250,1.4583333333333335
251,1.4583333333333335
252,1.4583333333333335
253,1.4583333333333335
254,1.4583333333333335
255,1.4583333333333335
256,1.4583333333333335
257,1.4583333333333335
258,1.4583333333333335
259,1.4583333333333335
260,1.4583333333333335
261,1.4583333333333335
262,1.4583333333333335
263,1.4583333333333335
264,1.4583333333333335
265,1.4583333333333335
266,1.4583333333333335
267,1.4583333333333335
268,1.4583333333333335
269,1.4583333333333335
270,1.4583333333333335
271,1.4583333333333335
272,1.4583333333333335
273,1.4583333333333335
274,1.4583333333333335
275,1.4583333333333335
276,1.4583333333333335
277,1.4583333333333335
278,1.4583333333333335
279,1.4583333333333335
280,1.4583333333333335
281,1.4583333333333335
282,1.4583333333333335
283,1.4583333333333335
284,1.4583333333333335
285,1.4583333333333335
286,1.4583333333333335
287,1.4583333333333335
288,1.4583333333333335
289,1.4583333333333335
290,1.4583333333333335
291,1.4583333333333335
292,1.4583333333333335
293,1.4583333333333335
294,1.4583333333333335
295,1.4583333333333335
296,1.4583333333333335
297,1.4583333333333335
298,1.4583333333333335
299,1.4583333333333335
300,1.4583333333333335
301,1.4583333333333335
302,1.4583333333333335
303,1.4583333333333335
304,1.4583333333333335
305,1.4583333333333335
306,1.4583333333333335
307,1.4583333333333335
308,1.4583333333333335
309,1.4583333333333335
310,1.4583333333333335
311,1.4583333333333335
312,1.4583333333333335
313,1.4583333333333335
314,1.4583333333333335
315,1.4583333333333335
316,1.4583333333333335
317,1.4583333333333335
318,1.4583333333333335
319,1.4583333333333335
320,1.4583333333333335
321,1.4583333333333335
322,1.4583333333333335
323,1.4583333333333335
324,1.4583333333333335
325,1.4583333333333335
326,1.4583333333333335
327,1.4583333333333335
328,1.4583333333333335
329,1.4583333333333335
330,1.4583333333333335
331,1.4583333333333335
332,1.4583333333333335
333,1.4583333333333335
334,1.4583333333333335
335,1.4583333333333335
336,1.4583333333333335
337,1.4583333333333335
338,1.4583333333333335
339,1.4583333333333335
340,1.4583333333333335
341,1.4583333333333335
342,1.4583333333333335
343,1.4583333333333335
344,1.4583333333333335
345,1.4583333333333335
346,1.4583333333333335
347,1.4583333333333335
348,1.4583333333333335
349,1.4583333333333335
350,1.4583333333333335
351,1.4583333333333335
352,1.4583333333333335
353,1.4583333333333335
354,1.4583333333333335
355,1.4583333333333335
356,1.4583333333333335
357,1.4583333333333335
358,1.4583333333333335
359,1.4583333333333335
360,1.4583333333333335
361,1.4583333333333335
362,1.4583333333333335
363,1.4583333333333335
364,1.4583333333333335
365,1.4583333333333335
366,1.4583333333333335
367,1.4583333333333335
368,1.4583333333333335
369,1.4583333333333335
370,1.4583333333333335
371,1.4583333333333335
372,1.4583333333333335
373,1.4583333333333335
374,1.4583333333333335
375,1.4583333333333335
376,1.4583333333333335
377,1.4583333333333335
378,1.4583333333333335
379,1.4583333333333335
380,1.4583333333333335
381,1.4583333333333335
382,1.4583333333333335
383,1.4583333333333335
384,1.4583333333333335
385,1.4583333333333335
386,1.4583333333333335
387,1.4583333333333335
388,1.4583333333333335
389,1.4583333333333335
390,1.4583333333333335
391,1.4583333333333335
392,1.4583333333333335
393,1.4583333333333335
394,1.4583333333333335
395,1.4583333333333335
396,1.4583333333333335
397,1.4583333333333335
398,1.4583333333333335
399,1.4583333333333335
400,1.4583333333333335
401,1.4583333333333335
402,1.4583333333333335
403,1.4583333333333335
404,1.4583333333333335
405,1.4583333333333335
406,1.4583333333333335
407,1.4583333333333335
408,1.4583333333333335
409,1.4583333333333335
410,1.4583333333333335
411,1.4583333333333335
412,1.4583333333333335
413,1.4583333333333335
414,1.4583333333333335
415,1.4583333333333335
416,1.4583333333333335
417,1.4583333333333335
418,1.4583333333333335
419,1.4583333333333335
420,1.4583333333333335
421,1.4583333333333335
422,1.4583333333333335
423,1.4583333333333335
424,1.4583333333333335
425,1.4583333333333335
426,1.4583333333333335
427,1.4583333333333335
428,1.4583333333333335
429,1.4583333333333335
430,1.4583333333333335
431,1.4583333333333335
432,1.4583333333333335
433,1.4583333333333335
434,1.4583333333333335
435,1.4583333333333335
436,1.4583333333333335
437,1.4583333333333335
438,1.4583333333333335
439,1.4583333333333335
440,1.4583333333333335
441,1.4583333333333335
442,1.4583333333333335
443,1.4583333333333335
444,1.4583333333333335
445,1.4583333333333335
446,1.4583333333333335
447,1.4583333333333335
448,1.4583333333333335
449,1.4583333333333335
450,1.4583333333333335
451,1.4583333333333335
452,1.4583333333333335
453,1.4583333333333335
454,1.4583333333333335
455,1.4583333333333335
456,1.4583333333333335
457,1.4583333333333335
458,1.4583333333333335
459,1.4583333333333335
460,1.4583333333333335
461,1.4583333333333335
462,1.4583333333333335
463,1.4583333333333335
464,1.4583333333333335
465,1.4583333333333335
466,1.4583333333333335
467,1.4583333333333335
468,1.4583333333333335
469,1.4583333333333335
470,1.4583333333333335
471,1.4583333333333335
472,1.4583333333333335
473,1.4583333333333335
474,1.4583333333333335
475,1.4583333333333335
476,1.4583333333333335
477,1.4583333333333335
478,1.4583333333333335
479,1.4583333333333335
480,1.4583333333333335
481,1.4583333333333335
482,1.4583333333333335
483,1.4583333333333335
484,1.4583333333333335
485,1.4583333333333335
486,1.4583333333333335
487,1.4583333333333335
488,1.4583333333333335
489,1.4583333333333335
490,1.4583333333333335
491,1.4583333333333335
492,1.4583333333333335
493,1.4583333333333335
494,1.4583333333333335
495,1.4583333333333335
496,1.4583333333333335
497,1.4583333333333335
498,1.4583333333333335
499,1.4583333333333335
500,1.4583333333333335
501,1.4583333333333335
502,1.4583333333333335
503,1.4583333333333335
504,1.4583333333333335
505,1.4583333333333335
506,1.4583333333333335
507,1.4583333333333335
508,1.4583333333333335
509,1.4583333333333335
510,1.4583333333333335
511,1.4583333333333335
512,1.4583333333333335
513,1.4583333333333335
514,1.4583333333333335
515,1.4583333333333335
516,1.4583333333333335
517,1.4583333333333335
518,1.4583333333333335
519,1.4583333333333335
520,1.4583333333333335
521,1.4583333333333335
522,1.4583333333333335
523,1.4583333333333335
524,1.4583333333333335
525,1.4583333333333335
526,1.4583333333333335
527,1.4583333333333335
528,1.4583333333333335
529,1.4583333333333335
530,1.4583333333333335
531,1.4583333333333335
532,1.4583333333333335
533,1.4583333333333335
534,1.4583333333333335
535,1.4583333333333335
536,1.4583333333333335
537,1.4583333333333335
538,1.4583333333333335
539,1.4583333333333335
540,1.4583333333333335
541,1.4583333333333335
542,1.4583333333333335
543,1.4583333333333335
544,1.4583333333333335
545,1.4583333333333335
546,1.4583333333333335
547,1.4583333333333335
548,1.4583333333333335
549,1.4583333333333335
550,1.4583333333333335
551,1.4583333333333335
552,1.4583333333333335
553,1.4583333333333335
554,1.4583333333333335
555,1.4583333333333335
556,1.4583333333333335
557,1.4583333333333335
558,1.4583333333333335
559,1.4583333333333335
560,1.4583333333333335
561,1.4583333333333335
562,1.4583333333333335
563,1.4583333333333335
564,1.4583333333333335
565,1.4583333333333335
566,1.4583333333333335
567,1.4583333333333335
568,1.4583333333333335
569,1.4583333333333335
570,1.4583333333333335
571,1.4583333333333335
572,1.4583333333333335
573,1.4583333333333335
574,1.4583333333333335
575,1.4583333333333335
576,1.4583333333333335
577,1.4583333333333335
578,1.4583333333333335
579,1.4583333333333335
580,1.4583333333333335
581,1.4583333333333335
582,1.4583333333333335
583,1.4583333333333335
584,1.4583333333333335
585,1.4583333333333335
586,1.4583333333333335
587,1.4583333333333335
588,1.4583333333333335
589,1.4583333333333335
590,1.4583333333333335
591,1.4583333333333335
592,1.4583333333333335
593,1.4583333333333335
594,1.4583333333333335
595,1.4583333333333335
596,1.4583333333333335
597,1.4583333333333335
598,1.4583333333333335
599,1.4583333333333335
600,1.4583333333333335
601,1.4583333333333335
602,1.4583333333333335
603,1.4583333333333335
604,1.4583333333333335
605,1.4583333333333335
606,1.4583333333333335
607,1.4583333333333335
608,1.4583333333333335
609,1.4583333333333335
610,1.4583333333333335
611,1.4583333333333335
612,1.4583333333333335
613,1.4583333333333335
614,1.4583333333333335
615,1.4583333333333335
616,1.4583333333333335
617,1.4583333333333335
618,1.4583333333333335
619,1.4583333333333335
620,1.4583333333333335
621,1.4583333333333335
622,1.4583333333333335
623,1.4583333333333335
624,1.4583333333333335
625,1.4583333333333335
626,1.4583333333333335
627,1.4583333333333335
628,1.4583333333333335
629,1.4583333333333335
630,1.4583333333333335
631,1.4583333333333335
632,1.4583333333333335
633,1.4583333333333335
634,1.4583333333333335
635,1.4583333333333335
636,1.4583333333333335
637,1.4583333333333335
638,1.4583333333333335
639,1.4583333333333335
640,1.4583333333333335
641,1.4583333333333335
642,1.4583333333333335
643,1.4583333333333335
644,1.4583333333333335
645,1.4583333333333335
646,1.4583333333333335
647,1.4583333333333335
648,1.4583333333333335
649,1.4583333333333335
650,1.4583333333333335
651,1.4583333333333335
652,1.4583333333333335
653,1.4583333333333335
654,1.4583333333333335
655,1.4583333333333335
656,1.4583333333333335
657,1.4583333333333335
658,1.4583333333333335
659,1.4583333333333335
660,1.4583333333333335
661,1.4583333333333335
662,1.4583333333333335
663,1.4583333333333335
664,1.4583333333333335
665,1.4583333333333335
666,1.4583333333333335
667,1.4583333333333335
668,1.4583333333333335
669,1.4583333333333335
670,1.4583333333333335
671,1.4583333333333335
672,1.4583333333333335
673,1.4583333333333335
674,1.4583333333333335
675,1.4583333333333335
676,1.4583333333333335
677,1.4583333333333335
678,1.4583333333333335
679,1.4583333333333335
680,1.4583333333333335
681,1.4583333333333335
682,1.4583333333333335
683,1.4583333333333335
684,1.4583333333333335
685,1.4583333333333335
686,1.4583333333333335
687,1.4583333333333335
688,1.4583333333333335
689,1.4583333333333335
690,1.4583333333333335
691,1.4583333333333335
692,1.4583333333333335
693,1.4583333333333335
694,1.4583333333333335
695,1.4583333333333335
696,1.4583333333333335
697,1.4583333333333335
698,1.4583333333333335
699,1.4583333333333335
700,1.4583333333333335
701,1.4583333333333335
702,1.4583333333333335
703,1.4583333333333335
704,1.4583333333333335
705,1.4583333333333335
706,1.4583333333333335
707,1.4583333333333335
708,1.4583333333333335
709,1.4583333333333335
710,1.4583333333333335
711,1.4583333333333335
712,1.4583333333333335
713,1.4583333333333335
714,1.4583333333333335
715,1.4583333333333335
716,1.4583333333333335
717,1.4583333333333335
718,1.4583333333333335
719,1.4583333333333335
720,1.4583333333333335
721,1.4583333333333335
722,1.4583333333333335
723,1.4583333333333335
724,1.4583333333333335
725,1.4583333333333335
726,1.4583333333333335
727,1.4583333333333335
728,1.4583333333333335
729,1.4583333333333335
730,1.4583333333333335
731,1.4583333333333335
732,1.4583333333333335
733,1.4583333333333335
734,1.4583333333333335
735,1.4583333333333335
736,1.4583333333333335
737,1.4583333333333335
738,1.4583333333333335
739,1.4583333333333335
740,1.4583333333333335
741,1.4583333333333335
742,1.4583333333333335
743,1.4583333333333335
744,1.4583333333333335
745,1.4583333333333335
746,1.4583333333333335
747,1.4583333333333335
748,1.4583333333333335
749,1.4583333333333335
750,1.4583333333333335
751,1.4583333333333335
752,1.4583333333333335
753,1.4583333333333335
754,1.4583333333333335
755,1.4583333333333335
756,1.4583333333333335
757,1.4583333333333335
758,1.4583333333333335
759,1.4583333333333335
760,1.4583333333333335
761,1.4583333333333335
762,1.4583333333333335
763,1.4583333333333335
764,1.4583333333333335
765,1.4583333333333335
766,1.4583333333333335
767,1.4583333333333335
768,1.4583333333333335
769,1.4583333333333335
770,1.4583333333333335
771,1.4583333333333335
772,1.4583333333333335
773,1.4583333333333335
774,1.4583333333333335
775,1.4583333333333335
776,1.4583333333333335
777,1.4583333333333335
778,1.4583333333333335
779,1.4583333333333335
780,1.4583333333333335
781,1.4583333333333335
782,1.4583333333333335
783,1.4583333333333335
784,1.4583333333333335
785,1.4583333333333335
786,1.4583333333333335
787,1.4583333333333335
788,1.4583333333333335
789,1.4583333333333335
790,1.4583333333333335
791,1.4583333333333335
792,1.4583333333333335
793,1.4583333333333335
794,1.4583333333333335
795,1.4583333333333335
796,1.4583333333333335
797,1.4583333333333335
798,1.4583333333333335
799,1.4583333333333335
800,1.4583333333333335
801,1.4583333333333335
802,1.4583333333333335
803,1.4583333333333335
804,1.4583333333333335
805,1.4583333333333335
806,1.4583333333333335
807,1.4583333333333335
808,1.4583333333333335
809,1.4583333333333335
810,1.4583333333333335
811,1.4583333333333335
812,1.4583333333333335
813,1.4583333333333335
814,1.4583333333333335
815,1.4583333333333335
816,1.4583333333333335
817,1.4583333333333335
818,1.4583333333333335
819,1.4583333333333335
820,1.4583333333333335
821,1.4583333333333335
822,1.4583333333333335
823,1.4583333333333335
824,1.4583333333333335
825,1.4583333333333335
826,1.4583333333333335
827,1.4583333333333335
828,1.4583333333333335
829,1.4583333333333335
830,1.4583333333333335
831,1.4583333333333335
832,1.4583333333333335
833,1.4583333333333335
834,1.4583333333333335
835,1.4583333333333335
836,1.4583333333333335
837,1.4583333333333335
838,1.4583333333333335
839,1.4583333333333335
840,1.4583333333333335
841,1.4583333333333335
842,1.4583333333333335
843,1.4583333333333335
844,1.4583333333333335
845,1.4583333333333335
846,1.4583333333333335
847,1.4583333333333335
848,1.4583333333333335
849,1.4583333333333335
850,1.4583333333333335
851,1.4583333333333335
852,1.4583333333333335
853,1.4583333333333335
854,1.4583333333333335
855,1.4583333333333335
856,1.4583333333333335
857,1.4583333333333335
858,1.4583333333333335
859,1.4583333333333335
860,1.4583333333333335
861,1.4583333333333335
862,1.4583333333333335
863,1.4583333333333335
864,1.4583333333333335
865,1.4583333333333335
866,1.4583333333333335
867,1.4583333333333335
868,1.4583333333333335
869,1.4583333333333335
870,1.4583333333333335
871,1.4583333333333335
872,1.4583333333333335
873,1.4583333333333335
874,1.4583333333333335
875,1.4583333333333335
876,1.4583333333333335
877,1.4583333333333335
878,1.4583333333333335
879,1.4583333333333335
880,1.4583333333333335
881,1.4583333333333335
882,1.4583333333333335
883,1.4583333333333335
884,1.4583333333333335
885,1.4583333333333335
886,1.4583333333333335
887,1.4583333333333335
888,1.4583333333333335
889,1.4583333333333335
890,1.4583333333333335
891,1.4583333333333335
892,1.4583333333333335
893,1.4583333333333335
894,1.4583333333333335
895,1.4583333333333335
896,1.4583333333333335
897,1.4583333333333335
898,1.4583333333333335
899,1.4583333333333335
900,1.4583333333333335
901,1.4583333333333335
902,1.4583333333333335
903,1.4583333333333335
904,1.4583333333333335
905,1.4583333333333335
906,1.4583333333333335
907,1.4583333333333335
908,1.4583333333333335
909,1.4583333333333335
910,1.4583333333333335
911,1.4583333333333335
912,1.4583333333333335
913,1.4583333333333335
914,1.4583333333333335
915,1.4583333333333335
916,1.4583333333333335
917,1.4583333333333335
918,1.4583333333333335
919,1.4583333333333335
920,1.4583333333333335
921,1.4583333333333335
922,1.4583333333333335
923,1.4583333333333335
924,1.4583333333333335
925,1.4583333333333335
926,1.4583333333333335
927,1.4583333333333335
928,1.4583333333333335
929,1.4583333333333335
930,1.4583333333333335
931,1.4583333333333335
932,1.4583333333333335
933,1.4583333333333335
934,1.4583333333333335
935,1.4583333333333335
936,1.4583333333333335
937,1.4583333333333335
938,1.4583333333333335
939,1.4583333333333335
940,1.4583333333333335
941,1.4583333333333335
942,1.4583333333333335
943,1.4583333333333335
944,1.4583333333333335
945,1.4583333333333335
946,1.4583333333333335
947,1.4583333333333335
948,1.4583333333333335
949,1.4583333333333335
950,1.4583333333333335
951,1.4583333333333335
952,1.4583333333333335
953,1.4583333333333335
954,1.4583333333333335
955,1.4583333333333335
956,1.4583333333333335
957,1.4583333333333335
958,1.4583333333333335
959,1.4583333333333335
960,1.4583333333333335
961,1.4583333333333335
962,1.4583333333333335
963,1.4583333333333335
964,1.4583333333333335
965,1.4583333333333335
966,1.4583333333333335
967,1.4583333333333335
968,1.4583333333333335
969,1.4583333333333335
970,1.4583333333333335
971,1.4583333333333335
972,1.4583333333333335
973,1.4583333333333335
974,1.4583333333333335
975,1.4583333333333335
976,1.4583333333333335
977,1.4583333333333335
978,1.4583333333333335
979,1.4583333333333335
980,1.4583333333333335
981,1.4583333333333335
982,1.4583333333333335
983,1.4583333333333335
984,1.4583333333333335
985,1.4583333333333335
986,1.4583333333333335
987,1.4583333333333335
988,1.4583333333333335
989,1.4583333333333335
990,1.4583333333333335
991,1.4583333333333335
992,1.4583333333333335
993,1.4583333333333335
994,1.4583333333333335
995,1.4583333333333335
996,1.4583333333333335
997,1.4583333333333335
998,1.4583333333333335
999,1.4583333333333335
1000,1.4583333333333335
1001,1.4583333333333335
1002,1.4583333333333335
1003,1.4583333333333335
1004,1.4583333333333335
1005,1.4583333333333335
1006,1.4583333333333335
1007,1.4583333333333335
1008,1.4583333333333335
1009,1.4583333333333335
1010,1.4583333333333335
1011,1.4583333333333335
1012,1.4583333333333335
1013,1.4583333333333335
1014,1.4583333333333335
1015,1.4583333333333335
1016,1.4583333333333335
1017,1.4583333333333335
1018,1.4583333333333335
1019,1.4583333333333335
1020,1.4583333333333335
1021,1.4583333333333335
1022,1.4583333333333335
1023,1.4583333333333335
1024,1.4583333333333335
1025,1.4583333333333335
1026,1.4583333333333335
1027,1.4583333333333335
1028,1.4583333333333335
1029,1.4583333333333335
1030,1.4583333333333335
1031,1.4583333333333335
1032,1.4583333333333335
1033,1.4583333333333335
1034,1.4583333333333335
1035,1.4583333333333335
1036,1.4583333333333335
1037,1.4583333333333335
1038,1.4583333333333335
1039,1.4583333333333335
1040,1.4583333333333335
1041,1.4583333333333335
1042,1.4583333333333335
1043,1.4583333333333335
1044,1.4583333333333335
1045,1.4583333333333335
1046,1.4583333333333335
1047,1.4583333333333335
1048,1.4583333333333335
1049,1.4583333333333335
1050,1.4583333333333335
1051,1.4583333333333335
1052,1.4583333333333335
1053,1.4583333333333335
1054,1.4583333333333335
1055,1.4583333333333335
1056,1.4583333333333335
1057,1.4583333333333335
1058,1.4583333333333335
1059,1.4583333333333335
1060,1.4583333333333335
1061,1.4583333333333335
1062,1.4583333333333335
1063,1.4583333333333335
1064,1.4583333333333335
1065,1.4583333333333335
1066,1.4583333333333335
1067,1.4583333333333335
1068,1.4583333333333335
1069,1.4583333333333335
1070,1.4583333333333335
1071,1.4583333333333335
1072,1.4583333333333335
1073,1.4583333333333335
1074,1.4583333333333335
1075,1.4583333333333335
1076,1.4583333333333335
1077,1.4583333333333335
1078,1.4583333333333335
1079,1.4583333333333335
1080,1.4583333333333335
1081,1.4583333333333335
1082,1.4583333333333335
1083,1.4583333333333335
1084,1.4583333333333335
1085,1.4583333333333335
1086,1.4583333333333335
1087,1.4583333333333335
1088,1.4583333333333335
1089,1.4583333333333335
1090,1.4583333333333335
1091,1.4583333333333335
1092,1.4583333333333335
1093,1.4583333333333335
1094,1.4583333333333335
1095,1.4583333333333335
1096,1.4583333333333335
1097,1.4583333333333335
1098,1.4583333333333335
1099,1.4583333333333335
1100,1.4583333333333335
1101,1.4583333333333335
1102,1.4583333333333335
1103,1.4583333333333335
1104,1.4583333333333335
1105,1.4583333333333335
1106,1.4583333333333335
1107,1.4583333333333335
1108,1.4583333333333335
1109,1.4583333333333335
1110,1.4583333333333335
1111,1.4583333333333335
1112,1.4583333333333335
1113,1.4583333333333335
1114,1.4583333333333335
1115,1.4583333333333335
1116,1.4583333333333335
1117,1.4583333333333335
1118,1.4583333333333335
1119,1.4583333333333335
1120,1.4583333333333335
1121,1.4583333333333335
1122,1.4583333333333335
1123,1.4583333333333335
1124,1.4583333333333335
1125,1.4583333333333335
1126,1.4583333333333335
1127,1.4583333333333335
1128,1.4583333333333335
1129,1.4583333333333335
1130,1.4583333333333335
1131,1.4583333333333335
1132,1.4583333333333335
1133,1.4583333333333335
1134,1.4583333333333335
1135,1.4583333333333335
1136,1.4583333333333335
1137,1.4583333333333335
1138,1.4583333333333335
1139,1.4583333333333335
1140,1.4583333333333335
1141,1.4583333333333335
1142,1.4583333333333335
1143,1.4583333333333335
1144,1.4583333333333335
1145,1.4583333333333335
1146,1.4583333333333335
1147,1.4583333333333335
1148,1.4583333333333335
1149,1.4583333333333335
1150,1.4583333333333335
1151,1.4583333333333335
1152,1.4583333333333335
1153,1.4583333333333335
1154,1.4583333333333335
1155,1.4583333333333335
1156,1.4583333333333335
1157,1.4583333333333335
1158,1.4583333333333335
1159,1.4583333333333335
1160,1.4583333333333335
1161,1.4583333333333335
1162,1.4583333333333335
1163,1.4583333333333335
1164,1.4583333333333335
1165,1.4583333333333335
1166,1.4583333333333335
1167,1.4583333333333335
1168,1.4583333333333335
1169,1.4583333333333335
1170,1.4583333333333335
1171,1.4583333333333335
1172,1.4583333333333335
1173,1.4583333333333335
1174,1.4583333333333335
1175,1.4583333333333335
1176,1.4583333333333335
1177,1.4583333333333335
1178,1.4583333333333335
1179,1.4583333333333335
1180,1.4583333333333335
1181,1.4583333333333335
1182,1.4583333333333335
1183,1.4583333333333335
1184,1.4583333333333335
1185,1.4583333333333335
1186,1.4583333333333335
1187,1.4583333333333335
1188,1.4583333333333335
1189,1.4583333333333335
1190,1.4583333333333335
1191,1.4583333333333335
1192,1.4583333333333335
1193,1.4583333333333335
1194,1.4583333333333335
1195,1.4583333333333335
1196,1.4583333333333335
1197,1.4583333333333335
1198,1.4583333333333335
1199,1.4583333333333335
1200,1.4583333333333335
1201,1.4583333333333335
1202,1.4583333333333335
1203,1.4583333333333335
1204,1.4583333333333335
1205,1.4583333333333335
1206,1.4583333333333335
1207,1.4583333333333335
1208,1.4583333333333335
1209,1.4583333333333335
1210,1.4583333333333335
1211,1.4583333333333335
1212,1.4583333333333335
1213,1.4583333333333335
1214,1.4583333333333335
1215,1.4583333333333335
1216,1.4583333333333335
1217,1.4583333333333335
1218,1.4583333333333335
1219,1.4583333333333335
1220,1.4583333333333335
1221,1.4583333333333335
1222,1.4583333333333335
1223,1.4583333333333335
1224,1.4583333333333335
1225,1.4583333333333335
1226,1.4583333333333335
1227,1.4583333333333335
1228,1.4583333333333335
1229,1.4583333333333335
1230,1.4583333333333335
1231,1.4583333333333335
1232,1.4583333333333335
1233,1.4583333333333335
1234,1.4583333333333335
1235,1.4583333333333335
1236,1.4583333333333335
1237,1.4583333333333335
1238,1.4583333333333335
1239,1.4583333333333335
1240,1.4583333333333335
1241,1.4583333333333335
1242,1.4583333333333335
1243,1.4583333333333335
1244,1.4583333333333335
1245,1.4583333333333335
1246,1.4583333333333335
1247,1.4583333333333335
1248,1.4583333333333335
1249,1.4583333333333335
1250,1.4583333333333335
1251,1.4583333333333335
1252,1.4583333333333335
1253,1.4583333333333335
1254,1.4583333333333335
1255,1.4583333333333335
1256,1.4583333333333335
1257,1.4583333333333335
1258,1.4583333333333335
1259,1.4583333333333335
1260,1.4583333333333335
1261,1.4583333333333335
1262,1.4583333333333335
1263,1.4583333333333335
1264,1.4583333333333335
1265,1.4583333333333335
1266,1.4583333333333335
1267,1.4583333333333335
1268,1.4583333333333335
1269,1.4583333333333335
1270,1.4583333333333335
1271,1.4583333333333335
1272,1.4583333333333335
1273,1.4583333333333335
1274,1.4583333333333335
1275,1.4583333333333335
1276,1.4583333333333335
1277,1.4583333333333335
1278,1.4583333333333335
1279,1.4583333333333335
1280,1.4583333333333335
1281,1.4583333333333335
1282,1.4583333333333335
1283,1.4583333333333335
1284,1.4583333333333335
1285,1.4583333333333335
1286,1.4583333333333335
1287,1.4583333333333335
1288,1.4583333333333335
1289,1.4583333333333335
1290,1.4583333333333335
1291,1.4583333333333335
1292,1.4583333333333335
1293,1.4583333333333335
1294,1.4583333333333335
1295,1.4583333333333335
1296,1.4583333333333335
1297,1.4583333333333335
1298,1.4583333333333335
1299,1.4583333333333335
1300,1.4583333333333335
1301,1.4583333333333335
1302,1.4583333333333335
1303,1.4583333333333335
1304,1.4583333333333335
1305,1.4583333333333335
1306,1.4583333333333335
1307,1.4583333333333335
1308,1.4583333333333335
1309,1.4583333333333335
1310,1.4583333333333335
1311,1.4583333333333335
1312,1.4583333333333335
1313,1.4583333333333335
1314,1.4583333333333335
1315,1.4583333333333335
1316,1.4583333333333335
1317,1.4583333333333335
1318,1.4583333333333335
1319,1.4583333333333335
1320,1.4583333333333335
1321,1.4583333333333335
1322,1.4583333333333335
1323,1.4583333333333335
1324,1.4583333333333335
1325,1.4583333333333335
1326,1.4583333333333335
1327,1.4583333333333335
1328,1.4583333333333335
1329,1.4583333333333335
1330,1.4583333333333335
1331,1.4583333333333335
1332,1.4583333333333335
1333,1.4583333333333335
1334,1.4583333333333335
1335,1.4583333333333335
1336,1.4583333333333335
1337,1.4583333333333335
1338,1.4583333333333335
1339,1.4583333333333335
1340,1.4583333333333335
1341,1.4583333333333335
1342,1.4583333333333335
1343,1.4583333333333335
1344,1.4583333333333335
1345,1.4583333333333335
1346,1.4583333333333335
1347,1.4583333333333335
1348,1.4583333333333335
1349,1.4583333333333335
1350,1.4583333333333335
1351,1.4583333333333335
1352,1.4583333333333335
1353,1.4583333333333335
1354,1.4583333333333335
1355,1.4583333333333335
1356,1.4583333333333335
1357,1.4583333333333335
1358,1.4583333333333335
1359,1.4583333333333335
1360,1.4583333333333335
1361,1.4583333333333335
1362,1.4583333333333335
1363,1.4583333333333335
1364,1.4583333333333335
1365,1.4583333333333335
1366,1.4583333333333335
1367,1.4583333333333335
1368,1.4583333333333335
1369,1.4583333333333335
1370,1.4583333333333335
1371,1.4583333333333335
1372,1.4583333333333335
1373,1.4583333333333335
1374,1.4583333333333335
1375,1.4583333333333335
1376,1.4583333333333335
1377,1.4583333333333335
1378,1.4583333333333335
1379,1.4583333333333335
1380,1.4583333333333335
1381,1.4583333333333335
1382,1.4583333333333335
1383,1.4583333333333335
1384,1.4583333333333335
1385,1.4583333333333335
1386,1.4583333333333335
1387,1.4583333333333335
1388,1.4583333333333335
1389,1.4583333333333335
1390,1.4583333333333335
1391,1.4583333333333335
1392,1.4583333333333335
1393,1.4583333333333335
1394,1.4583333333333335
1395,1.4583333333333335
1396,1.4583333333333335
1397,1.4583333333333335
1398,1.4583333333333335
1399,1.4583333333333335
1400,1.4583333333333335
1401,1.4583333333333335
1402,1.4583333333333335
1403,1.4583333333333335
1404,1.4583333333333335
1405,1.4583333333333335
1406,1.4583333333333335
1407,1.4583333333333335
1408,1.4583333333333335
1409,1.4583333333333335
1410,1.4583333333333335
1411,1.4583333333333335
1412,1.4583333333333335
1413,1.4583333333333335
1414,1.4583333333333335
1415,1.4583333333333335
1416,1.4583333333333335
1417,1.4583333333333335
1418,1.4583333333333335
1419,1.4583333333333335
1420,1.4583333333333335
1421,1.4583333333333335
1422,1.4583333333333335
1423,1.4583333333333335
1424,1.4583333333333335
1425,1.4583333333333335
1426,1.4583333333333335
1427,1.4583333333333335
1428,1.4583333333333335
1429,1.4583333333333335
1430,1.4583333333333335
1431,1.4583333333333335
1432,1.4583333333333335
1433,1.4583333333333335
1434,1.4583333333333335
1435,1.4583333333333335
1436,1.4583333333333335
1437,1.4583333333333335
1438,1.4583333333333335
1439,1.4583333333333335
1440,1.4583333333333335
1441,1.4583333333333335
1442,1.4583333333333335
1443,1.4583333333333335
1444,1.4583333333333335
1445,1.4583333333333335
1446,1.4583333333333335
1447,1.4583333333333335
1448,1.4583333333333335
1449,1.4583333333333335
1450,1.4583333333333335
1451,1.4583333333333335
1452,1.4583333333333335
1453,1.4583333333333335
1454,1.4583333333333335
1455,1.4583333333333335
1456,1.4583333333333335
1457,1.4583333333333335
1458,1.4583333333333335
1459,1.4583333333333335
1460,1.4583333333333335
1461,1.4583333333333335
1462,1.4583333333333335
1463,1.4583333333333335
1464,1.4583333333333335
1465,1.4583333333333335
1466,1.4583333333333335
1467,1.4583333333333335
1468,1.4583333333333335
1469,1.4583333333333335
1470,1.4583333333333335
1471,1.4583333333333335
1472,1.4583333333333335
1473,1.4583333333333335
1474,1.4583333333333335
1475,1.4583333333333335
1476,1.4583333333333335
1477,1.4583333333333335
1478,1.4583333333333335
1479,1.4583333333333335
1480,1.4583333333333335
1481,1.4583333333333335
1482,1.4583333333333335
1483,1.4583333333333335
1484,1.4583333333333335
1485,1.4583333333333335
1486,1.4583333333333335
1487,1.4583333333333335
1488,1.4583333333333335
1489,1.4583333333333335
1490,1.4583333333333335
1491,1.4583333333333335
1492,1.4583333333333335
1493,1.4583333333333335
1494,1.4583333333333335
1495,1.4583333333333335
1496,1.4583333333333335
1497,1.4583333333333335
1498,1.4583333333333335
1499,1.4583333333333335
1500,1.4583333333333335
1501,1.4583333333333335
1502,1.4583333333333335
1503,1.4583333333333335
1504,1.4583333333333335
1505,1.4583333333333335
1506,1.4583333333333335
1507,1.4583333333333335
1508,1.4583333333333335
1509,1.4583333333333335
1510,1.4583333333333335
1511,1.4583333333333335
1512,1.4583333333333335
1513,1.4583333333333335
1514,1.4583333333333335
1515,1.4583333333333335
1516,1.4583333333333335
1517,1.4583333333333335
1518,1.4583333333333335
1519,1.4583333333333335
1520,1.4583333333333335
1521,1.4583333333333335
1522,1.4583333333333335
1523,1.4583333333333335
1524,1.4583333333333335
1525,1.4583333333333335
1526,1.4583333333333335
1527,1.4583333333333335
1528,1.4583333333333335
1529,1.4583333333333335
1530,1.4583333333333335
1531,1.4583333333333335
1532,1.4583333333333335
1533,1.4583333333333335
1534,1.4583333333333335
1535,1.4583333333333335
1536,1.4583333333333335
1537,1.4583333333333335
1538,1.4583333333333335
1539,1.4583333333333335
1540,1.4583333333333335
1541,1.4583333333333335
1542,1.4583333333333335
1543,1.4583333333333335
1544,1.4583333333333335
1545,1.4583333333333335
1546,1.4583333333333335
1547,1.4583333333333335
1548,1.4583333333333335
1549,1.4583333333333335
1550,1.4583333333333335
1551,1.4583333333333335
1552,1.4583333333333335
1553,1.4583333333333335
1554,1.4583333333333335
1555,1.4583333333333335
1556,1.4583333333333335
1557,1.4583333333333335
1558,1.4583333333333335
1559,1.4583333333333335
1560,1.4583333333333335
1561,1.4583333333333335
1562,1.4583333333333335
1563,1.4583333333333335
1564,1.4583333333333335
1565,1.4583333333333335
1566,1.4583333333333335
1567,1.4583333333333335
1568,1.4583333333333335
1569,1.4583333333333335
1570,1.4583333333333335
1571,1.4583333333333335
1572,1.4583333333333335
1573,1.4583333333333335
1574,1.4583333333333335
1575,1.4583333333333335
1576,1.4583333333333335
1577,1.4583333333333335
1578,1.4583333333333335
1579,1.4583333333333335
1580,1.4583333333333335
1581,1.4583333333333335
1582,1.4583333333333335
1583,1.4583333333333335
1584,1.4583333333333335
1585,1.4583333333333335
1586,1.4583333333333335
1587,1.4583333333333335
1588,1.4583333333333335
1589,1.4583333333333335
1590,1.4583333333333335
1591,1.4583333333333335
1592,1.4583333333333335
1593,1.4583333333333335
1594,1.4583333333333335
1595,1.4583333333333335
1596,1.4583333333333335
1597,1.4583333333333335
1598,1.4583333333333335
1599,1.4583333333333335
1600,1.4583333333333335
1601,1.4583333333333335
1602,1.4583333333333335
1603,1.4583333333333335
1604,1.4583333333333335
1605,1.4583333333333335
1606,1.4583333333333335
1607,1.4583333333333335
1608,1.4583333333333335
1609,1.4583333333333335
1610,1.4583333333333335
1611,1.4583333333333335
1612,1.4583333333333335
1613,1.4583333333333335
1614,1.4583333333333335
1615,1.4583333333333335
1616,1.4583333333333335
1617,1.4583333333333335
1618,1.4583333333333335
1619,1.4583333333333335
1620,1.4583333333333335
1621,1.4583333333333335
1622,1.4583333333333335
1623,1.4583333333333335
1624,1.4583333333333335
1625,1.4583333333333335
1626,1.4583333333333335
1627,1.4583333333333335
1628,1.4583333333333335
1629,1.4583333333333335
1630,1.4583333333333335
1631,1.4583333333333335
1632,1.4583333333333335
1633,1.4583333333333335
1634,1.4583333333333335
1635,1.4583333333333335
1636,1.4583333333333335
1637,1.4583333333333335
1638,1.4583333333333335
1639,1.4583333333333335
1640,1.4583333333333335
1641,1.4583333333333335
1642,1.4583333333333335
1643,1.4583333333333335
1644,1.4583333333333335
1645,1.4583333333333335
1646,1.4583333333333335
1647,1.4583333333333335
1648,1.4583333333333335
1649,1.4583333333333335
1650,1.4583333333333335
1651,1.4583333333333335
1652,1.4583333333333335
1653,1.4583333333333335
1654,1.4583333333333335
1655,1.4583333333333335
1656,1.4583333333333335
1657,1.4583333333333335
1658,1.4583333333333335
1659,1.4583333333333335
1660,1.4583333333333335
1661,1.4583333333333335
1662,1.4583333333333335
1663,1.4583333333333335
1664,1.4583333333333335
1665,1.4583333333333335
1666,1.4583333333333335
1667,1.4583333333333335
1668,1.4583333333333335
1669,1.4583333333333335
1670,1.4583333333333335
1671,1.4583333333333335
1672,1.4583333333333335
1673,1.4583333333333335
1674,1.4583333333333335
1675,1.4583333333333335
1676,1.4583333333333335
1677,1.4583333333333335
1678,1.4583333333333335
1679,1.4583333333333335
1680,1.4583333333333335
1681,1.4583333333333335
1682,1.4583333333333335
1683,1.4583333333333335
1684,1.4583333333333335
1685,1.4583333333333335
1686,1.4583333333333335
1687,1.4583333333333335
1688,1.4583333333333335
1689,1.4583333333333335
1690,1.4583333333333335
1691,1.4583333333333335
1692,1.4583333333333335
1693,1.4583333333333335
1694,1.4583333333333335
1695,1.4583333333333335
1696,1.4583333333333335
1697,1.4583333333333335
1698,1.4583333333333335
1699,1.4583333333333335
1700,1.4583333333333335
1701,1.4583333333333335
1702,1.4583333333333335
1703,1.4583333333333335
1704,1.4583333333333335
1705,1.4583333333333335
1706,1.4583333333333335
1707,1.4583333333333335
1708,1.4583333333333335
1709,1.4583333333333335
1710,1.4583333333333335
1711,1.4583333333333335
1712,1.4583333333333335
1713,1.4583333333333335
1714,1.4583333333333335
1715,1.4583333333333335
1716,1.4583333333333335
1717,1.4583333333333335
1718,1.4583333333333335
1719,1.4583333333333335
1720,1.4583333333333335
1721,1.4583333333333335
1722,1.4583333333333335
1723,1.4583333333333335
1724,1.4583333333333335
1725,1.4583333333333335
1726,1.4583333333333335
1727,1.4583333333333335
1728,1.4583333333333335
1729,1.4583333333333335
1730,1.4583333333333335
1731,1.4583333333333335
1732,1.4583333333333335
1733,1.4583333333333335
1734,1.4583333333333335
1735,1.4583333333333335
1736,1.4583333333333335
1737,1.4583333333333335
1738,1.4583333333333335
1739,1.4583333333333335
1740,1.4583333333333335
1741,1.4583333333333335
1742,1.4583333333333335
1743,1.4583333333333335
1744,1.4583333333333335
1745,1.4583333333333335
1746,1.4583333333333335
1747,1.4583333333333335
1748,1.4583333333333335
1749,1.4583333333333335
1750,1.4583333333333335
1751,1.4583333333333335
1752,1.4583333333333335
1753,1.4583333333333335
1754,1.4583333333333335
1755,1.4583333333333335
1756,1.4583333333333335
1757,1.4583333333333335
1758,1.4583333333333335
1759,1.4583333333333335
1760,1.4583333333333335
1761,1.4583333333333335
1762,1.4583333333333335
1763,1.4583333333333335
1764,1.4583333333333335
1765,1.4583333333333335
1766,1.4583333333333335
1767,1.4583333333333335
1768,1.4583333333333335
1769,1.4583333333333335
1770,1.4583333333333335
1771,1.4583333333333335
1772,1.4583333333333335
1773,1.4583333333333335
1774,1.4583333333333335
1775,1.4583333333333335
1776,1.4583333333333335
1777,1.4583333333333335
1778,1.4583333333333335
1779,1.4583333333333335
1780,1.4583333333333335
1781,1.4583333333333335
1782,1.4583333333333335
1783,1.4583333333333335
1784,1.4583333333333335
1785,1.4583333333333335
1786,1.4583333333333335
1787,1.4583333333333335
1788,1.4583333333333335
1789,1.4583333333333335
1790,1.4583333333333335
1791,1.4583333333333335
1792,1.4583333333333335
1793,1.4583333333333335
1794,1.4583333333333335
1795,1.4583333333333335
1796,1.4583333333333335
1797,1.4583333333333335
1798,1.4583333333333335
1799,1.4583333333333335
1800,1.4583333333333335
1801,1.4583333333333335
1802,1.4583333333333335
1803,1.4583333333333335
1804,1.4583333333333335
1805,1.4583333333333335
1806,1.4583333333333335
1807,1.4583333333333335
1808,1.4583333333333335
1809,1.4583333333333335
1810,1.4583333333333335
1811,1.4583333333333335
1812,1.4583333333333335
1813,1.4583333333333335
1814,1.4583333333333335
1815,1.4583333333333335
1816,1.4583333333333335
1817,1.4583333333333335
1818,1.4583333333333335
1819,1.4583333333333335
1820,1.4583333333333335
1821,1.4583333333333335
1822,1.4583333333333335
1823,1.4583333333333335
1824,1.4583333333333335
1825,1.4583333333333335
1826,1.4583333333333335
1827,1.4583333333333335
1828,1.4583333333333335
1829,1.4583333333333335
1830,1.4583333333333335
1831,1.4583333333333335
1832,1.4583333333333335
1833,1.4583333333333335
1834,1.4583333333333335
1835,1.4583333333333335
1836,1.4583333333333335
1837,1.4583333333333335
1838,1.4583333333333335
1839,1.4583333333333335
1840,1.4583333333333335
1841,1.4583333333333335
1842,1.4583333333333335
1843,1.4583333333333335
1844,1.4583333333333335
1845,1.4583333333333335
1846,1.4583333333333335
1847,1.4583333333333335
1848,1.4583333333333335
1849,1.4583333333333335
1850,1.4583333333333335
1851,1.4583333333333335
1852,1.4583333333333335
1853,1.4583333333333335
1854,1.4583333333333335
1855,1.4583333333333335
1856,1.4583333333333335
1857,1.4583333333333335
1858,1.4583333333333335
1859,1.4583333333333335
1860,1.4583333333333335
1861,1.4583333333333335
1862,1.4583333333333335
1863,1.4583333333333335
1864,1.4583333333333335
1865,1.4583333333333335
1866,1.4583333333333335
1867,1.4583333333333335
1868,1.4583333333333335
1869,1.4583333333333335
1870,1.4583333333333335
1871,1.4583333333333335
1872,1.4583333333333335
1873,1.4583333333333335
1874,1.4583333333333335
1875,1.4583333333333335
1876,1.4583333333333335
1877,1.4583333333333335
1878,1.4583333333333335
1879,1.4583333333333335
1880,1.4583333333333335
1881,1.4583333333333335
1882,1.4583333333333335
1883,1.4583333333333335
1884,1.4583333333333335
1885,1.4583333333333335
1886,1.4583333333333335
1887,1.4583333333333335
1888,1.4583333333333335
1889,1.4583333333333335
1890,1.4583333333333335
1891,1.4583333333333335
1892,1.4583333333333335
1893,1.4583333333333335
1894,1.4583333333333335
1895,1.4583333333333335
1896,1.4583333333333335
1897,1.4583333333333335
1898,1.4583333333333335
1899,1.4583333333333335
1900,1.4583333333333335
1901,1.4583333333333335
1902,1.4583333333333335
1903,1.4583333333333335
1904,1.4583333333333335
1905,1.4583333333333335
1906,1.4583333333333335
1907,1.4583333333333335
1908,1.4583333333333335
1909,1.4583333333333335
1910,1.4583333333333335
1911,1.4583333333333335
1912,1.4583333333333335
1913,1.4583333333333335
1914,1.4583333333333335
1915,1.4583333333333335
1916,1.4583333333333335
1917,1.4583333333333335
1918,1.4583333333333335
1919,1.4583333333333335
1920,1.4583333333333335
1921,1.4583333333333335
1922,1.4583333333333335
1923,1.4583333333333335
1924,1.4583333333333335
1925,1.4583333333333335
1926,1.4583333333333335
1927,1.4583333333333335
1928,1.4583333333333335
1929,1.4583333333333335
1930,1.4583333333333335
1931,1.4583333333333335
1932,1.4583333333333335
1933,1.4583333333333335
1934,1.4583333333333335
1935,1.4583333333333335
1936,1.4583333333333335
1937,1.4583333333333335
1938,1.4583333333333335
1939,1.4583333333333335
1940,1.4583333333333335
1941,1.4583333333333335
1942,1.4583333333333335
1943,1.4583333333333335
1944,1.4583333333333335
1945,1.4583333333333335
1946,1.4583333333333335
1947,1.4583333333333335
1948,1.4583333333333335
1949,1.4583333333333335
1950,1.4583333333333335
1951,1.4583333333333335
1952,1.4583333333333335
1953,1.4583333333333335
1954,1.4583333333333335
1955,1.4583333333333335
1956,1.4583333333333335
1957,1.4583333333333335
1958,1.4583333333333335
1959,1.4583333333333335
1960,1.4583333333333335
1961,1.4583333333333335
1962,1.4583333333333335
1963,1.4583333333333335
1964,1.4583333333333335
1965,1.4583333333333335
1966,1.4583333333333335
1967,1.4583333333333335
1968,1.4583333333333335
1969,1.4583333333333335
1970,1.4583333333333335
1971,1.4583333333333335
1972,1.4583333333333335
1973,1.4583333333333335
1974,1.4583333333333335
1975,1.4583333333333335
1976,1.4583333333333335
1977,1.4583333333333335
1978,1.4583333333333335
1979,1.4583333333333335
1980,1.4583333333333335
1981,1.4583333333333335
1982,1.4583333333333335
1983,1.4583333333333335
1984,1.4583333333333335
1985,1.4583333333333335
1986,1.4583333333333335
1987,1.4583333333333335
1988,1.4583333333333335
1989,1.4583333333333335
1990,1.4583333333333335
1991,1.4583333333333335
1992,1.4583333333333335
1993,1.4583333333333335
1994,1.4583333333333335
1995,1.4583333333333335
1996,1.4583333333333335
1997,1.4583333333333335
1998,1.4583333333333335
1999,1.4583333333333335
2000,1.4583333333333335
2001,1.4583333333333335
2002,1.4583333333333335
2003,1.4583333333333335
2004,1.4583333333333335
2005,1.4583333333333335
2006,1.4583333333333335
2007,1.4583333333333335
2008,1.4583333333333335
2009,1.4583333333333335
2010,1.4583333333333335
2011,1.4583333333333335
2012,1.4583333333333335
2013,1.4583333333333335
2014,1.4583333333333335
2015,1.4583333333333335
2016,1.4583333333333335
2017,1.4583333333333335
2018,1.4583333333333335
2019,1.4583333333333335
2020,1.4583333333333335
2021,1.4583333333333335
2022,1.4583333333333335
2023,1.4583333333333335
2024,1.4583333333333335
2025,1.4583333333333335
2026,1.4583333333333335
2027,1.4583333333333335
2028,1.4583333333333335
2029,1.4583333333333335
2030,1.4583333333333335
2031,1.4583333333333335
2032,1.4583333333333335
2033,1.4583333333333335
2034,1.4583333333333335
2035,1.4583333333333335
2036,1.4583333333333335
2037,1.4583333333333335
2038,1.4583333333333335
2039,1.4583333333333335
2040,1.4583333333333335
2041,1.4583333333333335
2042,1.4583333333333335
2043,1.4583333333333335
2044,1.4583333333333335
2045,1.4583333333333335
2046,1.4583333333333335
2047,1.4583333333333335
2048,1.4583333333333335
2049,1.4583333333333335
2050,1.4583333333333335
2051,1.4583333333333335
2052,1.4583333333333335
2053,1.4583333333333335
2054,1.4583333333333335
2055,1.4583333333333335
2056,1.4583333333333335
2057,1.4583333333333335
2058,1.4583333333333335
2059,1.4583333333333335
2060,1.4583333333333335
2061,1.4583333333333335
2062,1.4583333333333335
2063,1.4583333333333335
2064,1.4583333333333335
2065,1.4583333333333335
2066,1.4583333333333335
2067,1.4583333333333335
2068,1.4583333333333335
2069,1.4583333333333335
2070,1.4583333333333335
2071,1.4583333333333335
2072,1.4583333333333335
2073,1.4583333333333335
2074,1.4583333333333335
2075,1.4583333333333335
2076,1.4583333333333335
2077,1.4583333333333335
2078,1.4583333333333335
2079,1.4583333333333335
2080,1.4583333333333335
2081,1.4583333333333335
2082,1.4583333333333335
2083,1.4583333333333335
2084,1.4583333333333335
2085,1.4583333333333335
2086,1.4583333333333335
2087,1.4583333333333335
2088,1.4583333333333335
2089,1.4583333333333335
2090,1.4583333333333335
2091,1.4583333333333335
2092,1.4583333333333335
2093,1.4583333333333335
2094,1.4583333333333335
2095,1.4583333333333335
2096,1.4583333333333335
2097,1.4583333333333335
2098,1.4583333333333335
2099,1.4583333333333335
2100,1.4583333333333335
2101,1.4583333333333335
2102,1.4583333333333335
2103,1.4583333333333335
2104,1.4583333333333335
2105,1.4583333333333335
2106,1.4583333333333335
2107,1.4583333333333335
2108,1.4583333333333335
2109,1.4583333333333335
2110,1.4583333333333335
2111,1.4583333333333335
2112,1.4583333333333335
2113,1.4583333333333335
2114,1.4583333333333335
2115,1.4583333333333335
2116,1.4583333333333335
2117,1.4583333333333335
2118,1.4583333333333335
2119,1.4583333333333335
2120,1.4583333333333335
2121,1.4583333333333335
2122,1.4583333333333335
2123,1.4583333333333335
2124,1.4583333333333335
2125,1.4583333333333335
2126,1.4583333333333335
2127,1.4583333333333335
2128,1.4583333333333335
2129,1.4583333333333335
2130,1.4583333333333335
2131,1.4583333333333335
2132,1.4583333333333335
2133,1.4583333333333335
2134,1.4583333333333335
2135,1.4583333333333335
2136,1.4583333333333335
2137,1.4583333333333335
2138,1.4583333333333335
2139,1.4583333333333335
2140,1.4583333333333335
2141,1.4583333333333335
2142,1.4583333333333335
2143,1.4583333333333335
2144,1.4583333333333335
2145,1.4583333333333335
2146,1.4583333333333335
2147,1.4583333333333335
2148,1.4583333333333335
2149,1.4583333333333335
2150,1.4583333333333335
2151,1.4583333333333335
2152,1.4583333333333335
2153,1.4583333333333335
2154,1.4583333333333335
2155,1.4583333333333335
2156,1.4583333333333335
2157,1.4583333333333335
2158,1.4583333333333335
2159,1.4583333333333335
2160,1.4583333333333335
2161,1.4583333333333335
2162,1.4583333333333335
2163,1.4583333333333335
2164,1.4583333333333335
2165,1.4583333333333335
2166,1.4583333333333335
2167,1.4583333333333335
2168,1.4583333333333335
2169,1.4583333333333335
2170,1.4583333333333335
2171,1.4583333333333335
2172,1.4583333333333335
2173,1.4583333333333335
2174,1.4583333333333335
2175,1.4583333333333335
2176,1.4583333333333335
2177,1.4583333333333335
2178,1.4583333333333335
2179,1.4583333333333335
2180,1.4583333333333335
2181,1.4583333333333335
2182,1.4583333333333335
2183,1.4583333333333335
2184,1.4583333333333335
2185,1.4583333333333335
2186,1.4583333333333335
2187,1.4583333333333335
2188,1.4583333333333335
2189,1.4583333333333335
2190,1.4583333333333335
2191,1.4583333333333335
2192,1.4583333333333335
2193,1.4583333333333335
2194,1.4583333333333335
2195,1.4583333333333335
2196,1.4583333333333335
2197,1.4583333333333335
2198,1.4583333333333335
2199,1.4583333333333335
2200,1.4583333333333335
2201,1.4583333333333335
2202,1.4583333333333335
2203,1.4583333333333335
2204,1.4583333333333335
2205,1.4583333333333335
2206,1.4583333333333335
2207,1.4583333333333335
2208,1.4583333333333335
2209,1.4583333333333335
2210,1.4583333333333335
2211,1.4583333333333335
2212,1.4583333333333335
2213,1.4583333333333335
2214,1.4583333333333335
2215,1.4583333333333335
2216,1.4583333333333335
2217,1.4583333333333335
2218,1.4583333333333335
2219,1.4583333333333335
2220,1.4583333333333335
2221,1.4583333333333335
2222,1.4583333333333335
2223,1.4583333333333335
2224,1.4583333333333335
2225,1.4583333333333335
2226,1.4583333333333335
2227,1.4583333333333335
2228,1.4583333333333335
2229,1.4583333333333335
2230,1.4583333333333335
2231,1.4583333333333335
2232,1.4583333333333335
2233,1.4583333333333335
2234,1.4583333333333335
2235,1.4583333333333335
2236,1.4583333333333335
2237,1.4583333333333335
2238,1.4583333333333335
2239,1.4583333333333335
2240,1.4583333333333335
2241,1.4583333333333335
2242,1.4583333333333335
2243,1.4583333333333335
2244,1.4583333333333335
2245,1.4583333333333335
2246,1.4583333333333335
2247,1.4583333333333335
2248,1.4583333333333335
2249,1.4583333333333335
2250,1.4583333333333335
2251,1.4583333333333335
2252,1.4583333333333335
2253,1.4583333333333335
2254,1.4583333333333335
2255,1.4583333333333335
2256,1.4583333333333335
2257,1.4583333333333335
2258,1.4583333333333335
2259,1.4583333333333335
2260,1.4583333333333335
2261,1.4583333333333335
2262,1.4583333333333335
2263,1.4583333333333335
2264,1.4583333333333335
2265,1.4583333333333335
2266,1.4583333333333335
2267,1.4583333333333335
2268,1.4583333333333335
2269,1.4583333333333335
2270,1.4583333333333335
2271,1.4583333333333335
2272,1.4583333333333335
2273,1.4583333333333335
2274,1.4583333333333335
2275,1.4583333333333335
2276,1.4583333333333335
2277,1.4583333333333335
2278,1.4583333333333335
2279,1.4583333333333335
2280,1.4583333333333335
2281,1.4583333333333335
2282,1.4583333333333335
2283,1.4583333333333335
2284,1.4583333333333335
2285,1.4583333333333335
2286,1.4583333333333335
2287,1.4583333333333335
2288,1.4583333333333335
2289,1.4583333333333335
2290,1.4583333333333335
2291,1.4583333333333335
2292,1.4583333333333335
2293,1.4583333333333335
2294,1.4583333333333335
2295,1.4583333333333335
2296,1.4583333333333335
2297,1.4583333333333335
2298,1.4583333333333335
2299,1.4583333333333335
2300,1.4583333333333335
2301,1.4583333333333335
2302,1.4583333333333335
2303,1.4583333333333335
2304,1.4583333333333335
2305,1.4583333333333335
2306,1.4583333333333335
2307,1.4583333333333335
2308,1.4583333333333335
2309,1.4583333333333335
2310,1.4583333333333335
2311,1.4583333333333335
2312,1.4583333333333335
2313,1.4583333333333335
2314,1.4583333333333335
2315,1.4583333333333335
2316,1.4583333333333335
2317,1.4583333333333335
2318,1.4583333333333335
2319,1.4583333333333335
2320,1.4583333333333335
2321,1.4583333333333335
2322,1.4583333333333335
2323,1.4583333333333335
2324,1.4583333333333335
2325,1.4583333333333335
2326,1.4583333333333335
2327,1.4583333333333335
2328,1.4583333333333335
2329,1.4583333333333335
2330,1.4583333333333335
2331,1.4583333333333335
2332,1.4583333333333335
2333,1.4583333333333335
2334,1.4583333333333335
2335,1.4583333333333335
2336,1.4583333333333335
2337,1.4583333333333335
2338,1.4583333333333335
2339,1.4583333333333335
2340,1.4583333333333335
2341,1.4583333333333335
2342,1.4583333333333335
2343,1.4583333333333335
2344,1.4583333333333335
2345,1.4583333333333335
2346,1.4583333333333335
2347,1.4583333333333335
2348,1.4583333333333335
2349,1.4583333333333335
2350,1.4583333333333335
2351,1.4583333333333335
2352,1.4583333333333335
2353,1.4583333333333335
2354,1.4583333333333335
2355,1.4583333333333335
2356,1.4583333333333335
2357,1.4583333333333335
2358,1.4583333333333335
2359,1.4583333333333335
2360,1.4583333333333335
2361,1.4583333333333335
2362,1.4583333333333335
2363,1.4583333333333335
2364,1.4583333333333335
2365,1.4583333333333335
2366,1.4583333333333335
2367,1.4583333333333335
2368,1.4583333333333335
2369,1.4583333333333335
2370,1.4583333333333335
2371,1.4583333333333335
2372,1.4583333333333335
2373,1.4583333333333335
2374,1.4583333333333335
2375,1.4583333333333335
2376,1.4583333333333335
2377,1.4583333333333335
2378,1.4583333333333335
2379,1.4583333333333335
2380,1.4583333333333335
2381,1.4583333333333335
2382,1.4583333333333335
2383,1.4583333333333335
2384,1.4583333333333335
2385,1.4583333333333335
2386,1.4583333333333335
2387,1.4583333333333335
2388,1.4583333333333335
2389,1.4583333333333335
2390,1.4583333333333335
2391,1.4583333333333335
2392,1.4583333333333335
2393,1.4583333333333335
2394,1.4583333333333335
2395,1.4583333333333335
2396,1.4583333333333335
2397,1.4583333333333335
2398,1.4583333333333335
2399,1.4583333333333335
2400,1.4583333333333335
2401,1.4583333333333335
2402,1.4583333333333335
2403,1.4583333333333335
2404,1.4583333333333335
2405,1.4583333333333335
2406,1.4583333333333335
2407,1.4583333333333335
2408,1.4583333333333335
2409,1.4583333333333335
2410,1.4583333333333335
2411,1.4583333333333335
2412,1.4583333333333335
2413,1.4583333333333335
2414,1.4583333333333335
2415,1.4583333333333335
2416,1.4583333333333335
2417,1.4583333333333335
2418,1.4583333333333335
2419,1.4583333333333335
2420,1.4583333333333335
2421,1.4583333333333335
2422,1.4583333333333335
2423,1.4583333333333335
2424,1.4583333333333335
2425,1.4583333333333335
2426,1.4583333333333335
2427,1.4583333333333335
2428,1.4583333333333335
2429,1.4583333333333335
2430,1.4583333333333335
2431,1.4583333333333335
2432,1.4583333333333335
2433,1.4583333333333335
2434,1.4583333333333335
2435,1.4583333333333335
2436,1.4583333333333335
2437,1.4583333333333335
2438,1.4583333333333335
2439,1.4583333333333335
2440,1.4583333333333335
2441,1.4583333333333335
2442,1.4583333333333335
2443,1.4583333333333335
2444,1.4583333333333335
2445,1.4583333333333335
2446,1.4583333333333335
2447,1.4583333333333335
2448,1.4583333333333335
2449,1.4583333333333335
2450,1.4583333333333335
2451,1.4583333333333335
2452,1.4583333333333335
2453,1.4583333333333335
2454,1.4583333333333335
2455,1.4583333333333335
2456,1.4583333333333335
2457,1.4583333333333335
2458,1.4583333333333335
2459,1.4583333333333335
2460,1.4583333333333335
2461,1.4583333333333335
2462,1.4583333333333335
2463,1.4583333333333335
2464,1.4583333333333335
2465,1.4583333333333335
2466,1.4583333333333335
2467,1.4583333333333335
2468,1.4583333333333335
2469,1.4583333333333335
2470,1.4583333333333335
2471,1.4583333333333335
2472,1.4583333333333335
2473,1.4583333333333335
2474,1.4583333333333335
2475,1.4583333333333335
2476,1.4583333333333335
2477,1.4583333333333335
2478,1.4583333333333335
2479,1.4583333333333335
2480,1.4583333333333335
2481,1.4583333333333335
2482,1.4583333333333335
2483,1.4583333333333335
2484,1.4583333333333335
2485,1.4583333333333335
2486,1.4583333333333335
2487,1.4583333333333335
2488,1.4583333333333335
2489,1.4583333333333335
2490,1.4583333333333335
2491,1.4583333333333335
2492,1.4583333333333335
2493,1.4583333333333335
2494,1.4583333333333335
2495,1.4583333333333335
2496,1.4583333333333335
2497,1.4583333333333335
2498,1.4583333333333335
2499,1.4583333333333335
2500,1.4583333333333335
2501,1.4583333333333335
2502,1.4583333333333335
2503,1.4583333333333335
2504,1.4583333333333335
2505,1.4583333333333335
2506,1.4583333333333335
2507,1.4583333333333335
2508,1.4583333333333335
2509,1.4583333333333335
2510,1.4583333333333335
2511,1.4583333333333335
2512,1.4583333333333335
2513,1.4583333333333335
2514,1.4583333333333335
2515,1.4583333333333335
2516,1.4583333333333335
2517,1.4583333333333335
2518,1.4583333333333335
2519,1.4583333333333335
2520,1.4583333333333335
2521,1.4583333333333335
2522,1.4583333333333335
2523,1.4583333333333335
2524,1.4583333333333335
2525,1.4583333333333335
2526,1.4583333333333335
2527,1.4583333333333335
2528,1.4583333333333335
2529,1.4583333333333335
2530,1.4583333333333335
2531,1.4583333333333335
2532,1.4583333333333335
2533,1.4583333333333335
2534,1.4583333333333335
2535,1.4583333333333335
2536,1.4583333333333335
2537,1.4583333333333335
2538,1.4583333333333335
2539,1.4583333333333335
2540,1.4583333333333335
2541,1.4583333333333335
2542,1.4583333333333335
2543,1.4583333333333335
2544,1.4583333333333335
2545,1.4583333333333335
2546,1.4583333333333335
2547,1.4583333333333335
2548,1.4583333333333335
2549,1.4583333333333335
2550,1.4583333333333335
2551,1.4583333333333335
2552,1.4583333333333335
2553,1.4583333333333335
2554,1.4583333333333335
2555,1.4583333333333335
2556,1.4583333333333335
2557,1.4583333333333335
2558,1.4583333333333335
2559,1.4583333333333335
2560,1.4583333333333335
2561,1.4583333333333335
2562,1.4583333333333335
2563,1.4583333333333335
2564,1.4583333333333335
2565,1.4583333333333335
2566,1.4583333333333335
2567,1.4583333333333335
2568,1.4583333333333335
2569,1.4583333333333335
2570,1.4583333333333335
2571,1.4583333333333335
2572,1.4583333333333335
2573,1.4583333333333335
2574,1.4583333333333335
2575,1.4583333333333335
2576,1.4583333333333335
2577,1.4583333333333335
2578,1.4583333333333335
2579,1.4583333333333335
2580,1.4583333333333335
2581,1.4583333333333335
2582,1.4583333333333335
2583,1.4583333333333335
2584,1.4583333333333335
2585,1.4583333333333335
2586,1.4583333333333335
2587,1.4583333333333335
2588,1.4583333333333335
2589,1.4583333333333335
2590,1.4583333333333335
2591,1.4583333333333335
2592,1.4583333333333335
2593,1.4583333333333335
2594,1.4583333333333335
2595,1.4583333333333335
2596,1.4583333333333335
2597,1.4583333333333335
2598,1.4583333333333335
2599,1.4583333333333335
2600,1.4583333333333335
2601,1.4583333333333335
2602,1.4583333333333335
2603,1.4583333333333335
2604,1.4583333333333335
2605,1.4583333333333335
2606,1.4583333333333335
2607,1.4583333333333335
2608,1.4583333333333335
2609,1.4583333333333335
2610,1.4583333333333335
2611,1.4583333333333335
2612,1.4583333333333335
2613,1.4583333333333335
2614,1.4583333333333335
2615,1.4583333333333335
2616,1.4583333333333335
2617,1.4583333333333335
2618,1.4583333333333335
2619,1.4583333333333335
2620,1.4583333333333335
2621,1.4583333333333335
2622,1.4583333333333335
2623,1.4583333333333335
2624,1.4583333333333335
2625,1.4583333333333335
2626,1.4583333333333335
2627,1.4583333333333335
2628,1.4583333333333335
2629,1.4583333333333335
2630,1.4583333333333335
2631,1.4583333333333335
2632,1.4583333333333335
2633,1.4583333333333335
2634,1.4583333333333335
2635,1.4583333333333335
2636,1.4583333333333335
2637,1.4583333333333335
2638,1.4583333333333335
2639,1.4583333333333335
2640,1.4583333333333335
2641,1.4583333333333335
2642,1.4583333333333335
2643,1.4583333333333335
2644,1.4583333333333335
2645,1.4583333333333335
2646,1.4583333333333335
2647,1.4583333333333335
2648,1.4583333333333335
2649,1.4583333333333335
2650,1.4583333333333335
2651,1.4583333333333335
2652,1.4583333333333335
2653,1.4583333333333335
2654,1.4583333333333335
2655,1.4583333333333335
2656,1.4583333333333335
2657,1.4583333333333335
2658,1.4583333333333335
2659,1.4583333333333335
2660,1.4583333333333335
2661,1.4583333333333335
2662,1.4583333333333335
2663,1.4583333333333335
2664,1.4583333333333335
2665,1.4583333333333335
2666,1.4583333333333335
2667,1.4583333333333335
2668,1.4583333333333335
2669,1.4583333333333335
2670,1.4583333333333335
2671,1.4583333333333335
2672,1.4583333333333335
2673,1.4583333333333335
2674,1.4583333333333335
2675,1.4583333333333335
2676,1.4583333333333335
2677,1.4583333333333335
2678,1.4583333333333335
2679,1.4583333333333335
2680,1.4583333333333335
2681,1.4583333333333335
2682,1.4583333333333335
2683,1.4583333333333335
2684,1.4583333333333335
2685,1.4583333333333335
2686,1.4583333333333335
2687,1.4583333333333335
2688,1.4583333333333335
2689,1.4583333333333335
2690,1.4583333333333335
2691,1.4583333333333335
2692,1.4583333333333335
2693,1.4583333333333335
2694,1.4583333333333335
2695,1.4583333333333335
2696,1.4583333333333335
2697,1.4583333333333335
2698,1.4583333333333335
2699,1.4583333333333335
2700,1.4583333333333335
2701,1.4583333333333335
2702,1.4583333333333335
2703,1.4583333333333335
2704,1.4583333333333335
2705,1.4583333333333335
2706,1.4583333333333335
2707,1.4583333333333335
2708,1.4583333333333335
2709,1.4583333333333335
2710,1.4583333333333335
2711,1.4583333333333335
2712,1.4583333333333335
2713,1.4583333333333335
2714,1.4583333333333335
2715,1.4583333333333335
2716,1.4583333333333335
2717,1.4583333333333335
2718,1.4583333333333335
2719,1.4583333333333335
2720,1.4583333333333335
2721,1.4583333333333335
2722,1.4583333333333335
2723,1.4583333333333335
2724,1.4583333333333335
2725,1.4583333333333335
2726,1.4583333333333335
2727,1.4583333333333335
2728,1.4583333333333335
2729,1.4583333333333335
2730,1.4583333333333335
2731,1.4583333333333335
2732,1.4583333333333335
2733,1.4583333333333335
2734,1.4583333333333335
2735,1.4583333333333335
2736,1.4583333333333335
2737,1.4583333333333335
2738,1.4583333333333335
2739,1.4583333333333335
2740,1.4583333333333335
2741,1.4583333333333335
2742,1.4583333333333335
2743,1.4583333333333335
2744,1.4583333333333335
2745,1.4583333333333335
2746,1.4583333333333335
2747,1.4583333333333335
2748,1.4583333333333335
2749,1.4583333333333335
2750,1.4583333333333335
2751,1.4583333333333335
2752,1.4583333333333335
2753,1.4583333333333335
2754,1.4583333333333335
2755,1.4583333333333335
2756,1.4583333333333335
2757,1.4583333333333335
2758,1.4583333333333335
2759,1.4583333333333335
2760,1.4583333333333335
2761,1.4583333333333335
2762,1.4583333333333335
2763,1.4583333333333335
2764,1.4583333333333335
2765,1.4583333333333335
2766,1.4583333333333335
2767,1.4583333333333335
2768,1.4583333333333335
2769,1.4583333333333335
2770,1.4583333333333335
2771,1.4583333333333335
2772,1.4583333333333335
2773,1.4583333333333335
2774,1.4583333333333335
2775,1.4583333333333335
2776,1.4583333333333335
2777,1.4583333333333335
2778,1.4583333333333335
2779,1.4583333333333335
2780,1.4583333333333335
2781,1.4583333333333335
2782,1.4583333333333335
2783,1.4583333333333335
2784,1.4583333333333335
2785,1.4583333333333335
2786,1.4583333333333335
2787,1.4583333333333335
2788,1.4583333333333335
2789,1.4583333333333335
2790,1.4583333333333335
2791,1.4583333333333335
2792,1.4583333333333335
2793,1.4583333333333335
2794,1.4583333333333335
2795,1.4583333333333335
2796,1.4583333333333335
2797,1.4583333333333335
2798,1.4583333333333335
2799,1.4583333333333335
2800,1.4583333333333335
2801,1.4583333333333335
2802,1.4583333333333335
2803,1.4583333333333335
2804,1.4583333333333335
2805,1.4583333333333335
2806,1.4583333333333335
2807,1.4583333333333335
2808,1.4583333333333335
2809,1.4583333333333335
2810,1.4583333333333335
2811,1.4583333333333335
2812,1.4583333333333335
2813,1.4583333333333335
2814,1.4583333333333335
2815,1.4583333333333335
2816,1.4583333333333335
2817,1.4583333333333335
2818,1.4583333333333335
2819,1.4583333333333335
2820,1.4583333333333335
2821,1.4583333333333335
2822,1.4583333333333335
2823,1.4583333333333335
2824,1.4583333333333335
2825,1.4583333333333335
2826,1.4583333333333335
2827,1.4583333333333335
2828,1.4583333333333335
2829,1.4583333333333335
2830,1.4583333333333335
2831,1.4583333333333335
2832,1.4583333333333335
2833,1.4583333333333335
2834,1.4583333333333335
2835,1.4583333333333335
2836,1.4583333333333335
2837,1.4583333333333335
2838,1.4583333333333335
2839,1.4583333333333335
2840,1.4583333333333335
2841,1.4583333333333335
2842,1.4583333333333335
2843,1.4583333333333335
2844,1.4583333333333335
2845,1.4583333333333335
2846,1.4583333333333335
2847,1.4583333333333335
2848,1.4583333333333335
2849,1.4583333333333335
2850,1.4583333333333335
2851,1.4583333333333335
2852,1.4583333333333335
2853,1.4583333333333335
2854,1.4583333333333335
2855,1.4583333333333335
2856,1.4583333333333335
2857,1.4583333333333335
2858,1.4583333333333335
2859,1.4583333333333335
2860,1.4583333333333335
2861,1.4583333333333335
2862,1.4583333333333335
2863,1.4583333333333335
2864,1.4583333333333335
2865,1.4583333333333335
2866,1.4583333333333335
2867,1.4583333333333335
2868,1.4583333333333335
2869,1.4583333333333335
2870,1.4583333333333335
2871,1.4583333333333335
2872,0.0
2873,0.0
2874,0.0
2875,0.0
2876,0.0
2877,0.0
2878,0.0
2879,0.0
2880,0.0
2881,0.0
2882,0.0
2883,0.0
2884,0.0
2885,0.0
2886,0.0
2887,0.0
2888,0.0
2889,0.0
2890,0.0
2891,0.0
2892,0.0
2893,0.0
2894,0.0
2895,0.0
2896,0.0
2897,0.0
2898,0.0
2899,0.0
2900,0.0
2901,0.0
2902,0.0
2903,0.0
2904,0.0
2905,0.0
2906,0.0
2907,0.0
2908,0.0
2909,0.0
2910,0.0
2911,0.0
2912,0.0
2913,0.0
2914,0.0
2915,0.0
2916,0.0
2917,0.0
2918,0.0
2919,0.0
2920,0.0
2921,0.0
2922,0.0
2923,0.0
2924,0.0
2925,0.0
2926,0.0
2927,0.0
2928,0.0
2929,0.0
2930,0.0
2931,0.0
2932,0.0
2933,0.0
2934,0.0
2935,0.0
2936,0.0
2937,0.0
2938,0.0
2939,0.0
2940,0.0
2941,0.0
2942,0.0
2943,0.0
2944,0.0
2945,0.0
2946,0.0
2947,0.0
2948,0.0
2949,0.0
2950,0.0
2951,0.0
2952,0.0
2953,0.0
2954,0.0
2955,0.0
2956,0.0
2957,0.0
2958,0.0
2959,0.0
2960,0.0
2961,0.0
2962,0.0
2963,0.0
2964,0.0
2965,0.0
2966,0.0
2967,0.0
2968,0.0
2969,0.0
2970,0.0
2971,0.0
2972,0.0
2973,0.0
2974,0.0
2975,0.0
2976,0.0
2977,0.0
2978,0.0
2979,0.0
2980,0.0
2981,0.0
2982,0.0
2983,0.0
2984,0.0
2985,0.0
2986,0.0
2987,0.0
2988,0.0
2989,0.0
2990,0.0
2991,0.0
2992,0.0
2993,0.0
2994,0.0
2995,0.0
2996,0.0
2997,0.0
2998,0.0
2999,0.0
3000,0.0
3001,0.0
3002,0.0
3003,0.0
3004,0.0
3005,0.0
3006,0.0
3007,0.0
3008,0.0
3009,0.0
3010,0.0
3011,0.0
3012,0.0
3013,0.0
3014,0.0
3015,0.0
3016,0.0
3017,0.0
3018,0.0
3019,0.0
3020,0.0
3021,0.0
3022,0.0
3023,0.0
3024,0.0
3025,0.0
3026,0.0
3027,0.0
3028,0.0
3029,0.0
3030,0.0
3031,0.0
3032,0.0
3033,0.0
3034,0.0
3035,0.0
3036,0.0
3037,0.0
3038,0.0
3039,0.0
3040,0.0
3041,0.0
3042,0.0
3043,0.0
3044,0.0
3045,0.0
3046,0.0
3047,0.0
3048,0.0
3049,0.0
3050,0.0
3051,0.0
3052,0.0
3053,0.0
3054,0.0
3055,0.0
3056,0.0
3057,0.0
3058,0.0
3059,0.0
3060,0.0
3061,0.0
3062,0.0
3063,0.0
3064,0.0
3065,0.0
3066,0.0
3067,0.0
3068,0.0
3069,0.0
3070,0.0
3071,0.0
3072,0.0
3073,0.0
3074,0.0
3075,0.0
3076,0.0
3077,0.0
3078,0.0
3079,0.0
3080,0.0
3081,0.0
3082,0.0
3083,0.0
3084,0.0
3085,0.0
3086,0.0
3087,0.0
3088,0.0
3089,0.0
3090,0.0
3091,0.0
3092,0.0
3093,0.0
3094,0.0
3095,0.0
3096,0.0
3097,0.0
3098,0.0
3099,0.0
3100,0.0
3101,0.0
3102,0.0
3103,0.0
3104,0.0
3105,0.0
3106,0.0
3107,0.0
3108,0.0
3109,0.0
3110,0.0
3111,0.0
3112,0.0
3113,0.0
3114,0.0
3115,0.0
3116,0.0
3117,0.0
3118,0.0
3119,0.0
3120,0.0
3121,0.0
3122,0.0
3123,0.0
3124,0.0
3125,0.0
3126,0.0
3127,0.0
3128,0.0
3129,0.0
3130,0.0
3131,0.0
3132,0.0
3133,0.0
3134,0.0
3135,0.0
3136,0.0
3137,0.0
3138,0.0
3139,0.0
3140,0.0
3141,0.0
3142,0.0
3143,0.0
3144,0.0
3145,0.0
3146,0.0
3147,0.0
3148,0.0
3149,0.0
3150,0.0
3151,0.0
3152,0.0
3153,0.0
3154,0.0
3155,0.0
3156,0.0
3157,0.0
3158,0.0
3159,0.0
3160,0.0
3161,0.0
3162,0.0
3163,0.0
3164,0.0
3165,0.0
3166,0.0
3167,0.0
3168,0.0
3169,0.0
3170,0.0
3171,0.0
3172,0.0
3173,0.0
3174,0.0
3175,0.0
3176,0.0
3177,0.0
3178,0.0
3179,0.0
3180,0.0
3181,0.0
3182,0.0
3183,0.0
3184,0.0
3185,0.0
3186,0.0
3187,0.0
3188,0.0
3189,0.0
3190,0.0
3191,0.0
3192,0.0
3193,0.0
3194,0.0
3195,0.0
3196,0.0
3197,0.0
3198,0.0
3199,0.0
3200,0.0
3201,0.0
3202,0.0
3203,0.0
3204,0.0
3205,0.0
3206,0.0
3207,0.0
3208,0.0
3209,0.0
3210,0.0
3211,0.0
3212,0.0
3213,0.0
3214,0.0
3215,0.0
3216,0.0
3217,0.0
3218,0.0
3219,0.0
3220,0.0
3221,0.0
3222,0.0
3223,0.0
3224,0.0
3225,0.0
3226,0.0
3227,0.0
3228,0.0
3229,0.0
3230,0.0
3231,0.0
3232,0.0
3233,0.0
3234,0.0
3235,0.0
3236,0.0
3237,0.0
3238,0.0
3239,0.0
3240,0.0
3241,0.0
3242,0.0
3243,0.0
3244,0.0
3245,0.0
3246,0.0
3247,0.0
3248,0.0
3249,0.0
3250,0.0
3251,0.0
3252,0.0
3253,0.0
3254,0.0
3255,0.0
3256,0.0
3257,0.0
3258,0.0
3259,0.0
3260,0.0
3261,0.0
3262,0.0
3263,0.0
3264,0.0
3265,0.0
3266,0.0
3267,0.0
3268,0.0
3269,0.0
3270,0.0
3271,0.0
3272,0.0
3273,0.0
3274,0.0
3275,0.0
3276,0.0
3277,0.0
3278,0.0
3279,0.0
3280,0.0
3281,0.0
3282,0.0
3283,0.0
3284,0.0
3285,0.0
3286,0.0
3287,0.0
3288,0.0
3289,0.0
3290,0.0
3291,0.0
3292,0.0
3293,0.0
3294,0.0
3295,0.0
3296,0.0
3297,0.0
3298,0.0
3299,0.0
3300,0.0
3301,0.0
3302,0.0
3303,0.0
3304,0.0
3305,0.0
3306,0.0
3307,0.0
3308,0.0
3309,0.0
3310,0.0
3311,0.0
3312,0.0
3313,0.0
3314,0.0
3315,0.0
3316,0.0
3317,0.0
3318,0.0
3319,0.0
3320,0.0
3321,0.0
3322,0.0
3323,0.0
3324,0.0
3325,0.0
3326,0.0
3327,0.0
3328,0.0
3329,0.0
3330,0.0
3331,0.0
3332,0.0
3333,0.0
3334,0.0
3335,0.0
3336,0.0
3337,0.0
3338,0.0
3339,0.0
3340,0.0
3341,0.0
3342,0.0
3343,0.0
3344,0.0
3345,0.0
3346,0.0
3347,0.0
3348,0.0
3349,0.0
3350,0.0
3351,0.0
3352,0.0
3353,0.0
3354,0.0
3355,0.0
3356,0.0
3357,0.0
3358,0.0
3359,0.0
3360,0.0
3361,0.0
3362,0.0
3363,0.0
3364,0.0
3365,0.0
3366,0.0
3367,0.0
3368,0.0
3369,0.0
3370,0.0
3371,0.0
3372,0.0
3373,0.0
3374,0.0
3375,0.0
3376,0.0
3377,0.0
3378,0.0
3379,0.0
3380,0.0
3381,0.0
3382,0.0
3383,0.0
3384,0.0
3385,0.0
3386,0.0
3387,0.0
3388,0.0
3389,0.0
3390,0.0
3391,0.0
3392,0.0
3393,0.0
3394,0.0
3395,0.0
3396,0.0
3397,0.0
3398,0.0
3399,0.0
3400,0.0
3401,0.0
3402,0.0
3403,0.0
3404,0.0
3405,0.0
3406,0.0
3407,0.0
3408,0.0
3409,0.0
3410,0.0
3411,0.0
3412,0.0
3413,0.0
3414,0.0
3415,0.0
3416,0.0
3417,0.0
3418,0.0
3419,0.0
3420,0.0
3421,0.0
3422,0.0
3423,0.0
3424,0.0
3425,0.0
3426,0.0
3427,0.0
3428,0.0
3429,0.0
3430,0.0
3431,0.0
3432,0.0
3433,0.0
3434,0.0
3435,0.0
3436,0.0
3437,0.0
3438,0.0
3439,0.0
3440,0.0
3441,0.0
3442,0.0
3443,0.0
3444,0.0
3445,0.0
3446,0.0
3447,0.0
3448,0.0
3449,0.0
3450,0.0
3451,0.0
3452,0.0
3453,0.0
3454,0.0
3455,0.0
3456,0.0
3457,0.0
3458,0.0
3459,0.0
3460,0.0
3461,0.0
3462,0.0
3463,0.0
3464,0.0
3465,0.0
3466,0.0
3467,0.0
3468,0.0
3469,0.0
3470,0.0
3471,0.0
3472,0.0
3473,0.0
3474,0.0
3475,0.0
3476,0.0
3477,0.0
3478,0.0
3479,0.0
3480,0.0
3481,0.0
3482,0.0
3483,0.0
3484,0.0
3485,0.0
3486,0.0
3487,0.0
3488,0.0
3489,0.0
3490,0.0
3491,0.0
3492,0.0
3493,0.0
3494,0.0
3495,0.0
3496,0.0
3497,0.0
3498,0.0
3499,0.0
3500,0.0
3501,0.0
3502,0.0
3503,0.0
3504,0.0
3505,0.0
3506,0.0
3507,0.0
3508,0.0
3509,0.0
3510,0.0
3511,0.0
3512,0.0
3513,0.0
3514,0.0
3515,0.0
3516,0.0
3517,0.0
3518,0.0
3519,0.0
3520,0.0
3521,0.0
3522,0.0
3523,0.0
3524,0.0
3525,0.0
3526,0.0
3527,0.0
3528,0.0
3529,0.0
3530,0.0
3531,0.0
3532,0.0
3533,0.0
3534,0.0
3535,0.0
3536,0.0
3537,0.0
3538,0.0
3539,0.0
3540,0.0
3541,0.0
3542,0.0
3543,0.0
3544,0.0
3545,0.0
3546,0.0
3547,0.0
3548,0.0
3549,0.0
3550,0.0
3551,0.0
3552,0.0
3553,0.0
3554,0.0
3555,0.0
3556,0.0
3557,0.0
3558,0.0
3559,0.0
3560,0.0
3561,0.0
3562,0.0
3563,0.0
3564,0.0
3565,0.0
3566,0.0
3567,0.0
3568,0.0
3569,0.0
3570,0.0
3571,0.0
3572,0.0
3573,0.0
3574,0.0
3575,0.0
3576,0.0
3577,0.0
3578,0.0
3579,0.0
3580,0.0
3581,0.0
3582,0.0
3583,0.0
3584,0.0
3585,0.0
3586,0.0
3587,0.0
3588,0.0
3589,0.0
3590,0.0
3591,0.0
3592,0.0
3593,0.0
3594,0.0
3595,0.0
3596,0.0
3597,0.0
3598,0.0
3599,0.0
3600,0.0
3601,0.0
3602,0.0
3603,0.0
3604,0.0
3605,0.0
3606,0.0
3607,0.0
3608,0.0
3609,0.0
3610,0.0
3611,0.0
3612,0.0
3613,0.0
3614,0.0
3615,0.0
3616,0.0
3617,0.0
3618,0.0
3619,0.0
3620,0.0
3621,0.0
3622,0.0
3623,0.0
3624,0.0
3625,0.0
3626,0.0
3627,0.0
3628,0.0
3629,0.0
3630,0.0
3631,0.0
3632,0.0
3633,0.0
3634,0.0
3635,0.0
3636,0.0
3637,0.0
3638,0.0
3639,0.0
3640,0.0
3641,0.0
3642,0.0
3643,0.0
3644,0.0
3645,0.0
3646,0.0
3647,0.0
3648,0.0
3649,0.0
3650,0.0
3651,0.0
3652,0.0
3653,0.0
3654,0.0
3655,0.0
3656,0.0
3657,0.0
3658,0.0
3659,0.0
3660,0.0
3661,0.0
3662,0.0
3663,0.0
3664,0.0
3665,0.0
3666,0.0
3667,0.0
3668,0.0
3669,0.0
3670,0.0
3671,0.0
3672,0.0
3673,0.0
3674,0.0
3675,0.0
3676,0.0
3677,0.0
3678,0.0
3679,0.0
3680,0.0
3681,0.0
3682,0.0
3683,0.0
3684,0.0
3685,0.0
3686,0.0
3687,0.0
3688,0.0
3689,0.0
3690,0.0
3691,0.0
3692,0.0
3693,0.0
3694,0.0
3695,0.0
3696,0.0
3697,0.0
3698,0.0
3699,0.0
3700,0.0
3701,0.0
3702,0.0
3703,0.0
3704,0.0
3705,0.0
3706,0.0
3707,0.0
3708,0.0
3709,0.0
3710,0.0
3711,0.0
3712,0.0
3713,0.0
3714,0.0
3715,0.0
3716,0.0
3717,0.0
3718,0.0
3719,0.0
3720,0.0
3721,0.0
3722,0.0
3723,0.0
3724,0.0
3725,0.0
3726,0.0
3727,0.0
3728,0.0
3729,0.0
3730,0.0
3731,0.0
3732,0.0
3733,0.0
3734,0.0
3735,0.0
3736,0.0
3737,0.0
3738,0.0
3739,0.0
3740,0.0
3741,0.0
3742,0.0
3743,0.0
3744,0.0
3745,0.0
3746,0.0
3747,0.0
3748,0.0
3749,0.0
3750,0.0
3751,0.0
3752,0.0
3753,0.0
3754,0.0
3755,0.0
3756,0.0
3757,0.0
3758,0.0
3759,0.0
3760,0.0
3761,0.0
3762,0.0
3763,0.0
3764,0.0
3765,0.0
3766,0.0
3767,0.0
3768,0.0
3769,0.0
3770,0.0
3771,0.0
3772,0.0
3773,0.0
3774,0.0
3775,0.0
3776,0.0
3777,0.0
3778,0.0
3779,0.0
3780,0.0
3781,0.0
3782,0.0
3783,0.0
3784,0.0
3785,0.0
3786,0.0
3787,0.0
3788,0.0
3789,0.0
3790,0.0
3791,0.0
3792,0.0
3793,0.0
3794,0.0
3795,0.0
3796,0.0
3797,0.0
3798,0.0
3799,0.0
3800,0.0
3801,0.0
3802,0.0
3803,0.0
3804,0.0
3805,0.0
3806,0.0
3807,0.0
3808,0.0
3809,0.0
3810,0.0
3811,0.0
3812,0.0
3813,0.0
3814,0.0
3815,0.0
3816,0.0
3817,0.0
3818,0.0
3819,0.0
3820,0.0
3821,0.0
3822,0.0
3823,0.0
3824,0.0
3825,0.0
3826,0.0
3827,0.0
3828,0.0
3829,0.0
3830,0.0
3831,0.0
3832,0.0
3833,0.0
3834,0.0
3835,0.0
3836,0.0
3837,0.0
3838,0.0
3839,0.0
3840,0.0
3841,0.0
3842,0.0
3843,0.0
3844,0.0
3845,0.0
3846,0.0
3847,0.0
3848,0.0
3849,0.0
3850,0.0
3851,0.0
3852,0.0
3853,0.0
3854,0.0
3855,0.0
3856,0.0
3857,0.0
3858,0.0
3859,0.0
3860,0.0
3861,0.0
3862,0.0
3863,0.0
3864,0.0
3865,0.0
3866,0.0
3867,0.0
3868,0.0
3869,0.0
3870,0.0
3871,0.0
3872,0.0
3873,0.0
3874,0.0
3875,0.0
3876,0.0
3877,0.0
3878,0.0
3879,0.0
3880,0.0
3881,0.0
3882,0.0
3883,0.0
3884,0.0
3885,0.0
3886,0.0
3887,0.0
3888,0.0
3889,0.0
3890,0.0
3891,0.0
3892,0.0
3893,0.0
3894,0.0
3895,0.0
3896,0.0
3897,0.0
3898,0.0
3899,0.0
3900,0.0
3901,0.0
3902,0.0
3903,0.0
3904,0.0
3905,0.0
3906,0.0
3907,0.0
3908,0.0
3909,0.0
3910,0.0
3911,0.0
3912,0.0
3913,0.0
3914,0.0
3915,0.0
3916,0.0
3917,0.0
3918,0.0
3919,0.0
3920,0.0
3921,0.0
3922,0.0
3923,0.0
3924,0.0
3925,0.0
3926,0.0
3927,0.0
3928,0.0
3929,0.0
3930,0.0
3931,0.0
3932,0.0
3933,0.0
3934,0.0
3935,0.0
3936,0.0
3937,0.0
3938,0.0
3939,0.0
3940,0.0
3941,0.0
3942,0.0
3943,0.0
3944,0.0
3945,0.0
3946,0.0
3947,0.0
3948,0.0
3949,0.0
3950,0.0
3951,0.0
3952,0.0
3953,0.0
3954,0.0
3955,0.0
3956,0.0
3957,0.0
3958,0.0
3959,0.0
3960,0.0
3961,0.0
3962,0.0
3963,0.0
3964,0.0
3965,0.0
3966,0.0
3967,0.0
3968,0.0
3969,0.0
3970,0.0
3971,0.0
3972,0.0
3973,0.0
3974,0.0
3975,0.0
3976,0.0
3977,0.0
3978,0.0
3979,0.0
3980,0.0
3981,0.0
3982,0.0
3983,0.0
3984,0.0
3985,0.0
3986,0.0
3987,0.0
3988,0.0
3989,0.0
3990,0.0
3991,0.0
3992,0.0
3993,0.0
3994,0.0
3995,0.0
3996,0.0
3997,0.0
3998,0.0
3999,0.0
4000,0.0
4001,0.0
4002,0.0
4003,0.0
4004,0.0
4005,0.0
4006,0.0
4007,0.0
4008,0.0
4009,0.0
4010,0.0
4011,0.0
4012,0.0
4013,0.0
4014,0.0
4015,0.0
4016,0.0
4017,0.0
4018,0.0
4019,0.0
4020,0.0
4021,0.0
4022,0.0
4023,0.0
4024,0.0
4025,0.0
4026,0.0
4027,0.0
4028,0.0
4029,0.0
4030,0.0
4031,0.0
4032,0.0
4033,0.0
4034,0.0
4035,0.0
4036,0.0
4037,0.0
4038,0.0
4039,0.0
4040,0.0
4041,0.0
4042,0.0
4043,0.0
4044,0.0
4045,0.0
4046,0.0
4047,0.0
4048,0.0
4049,0.0
4050,0.0
4051,0.0
4052,0.0
4053,0.0
4054,0.0
4055,0.0
4056,0.0
4057,0.0
4058,0.0
4059,0.0
4060,0.0
4061,0.0
4062,0.0
4063,0.0
4064,0.0
4065,0.0
4066,0.0
4067,0.0
4068,0.0
4069,0.0
4070,0.0
4071,0.0
4072,0.0
4073,0.0
4074,0.0
4075,0.0
4076,0.0
4077,0.0
4078,0.0
4079,0.0
4080,0.0
4081,0.0
4082,0.0
4083,0.0
4084,0.0
4085,0.0
4086,0.0
4087,0.0
4088,0.0
4089,0.0
4090,0.0
4091,0.0
4092,0.0
4093,0.0
4094,0.0
4095,0.0
4096,0.0
4097,0.0
4098,0.0
4099,0.0
4100,0.0
4101,0.0
4102,0.0
4103,0.0
4104,0.0
4105,0.0
4106,0.0
4107,0.0
4108,0.0
4109,0.0
4110,0.0
4111,0.0
4112,0.0
4113,0.0
4114,0.0
4115,0.0
4116,0.0
4117,0.0
4118,0.0
4119,0.0
4120,0.0
4121,0.0
4122,0.0
4123,0.0
4124,0.0
4125,0.0
4126,0.0
4127,0.0
4128,0.0
4129,0.0
4130,0.0
4131,0.0
4132,0.0
4133,0.0
4134,0.0
4135,0.0
4136,0.0
4137,0.0
4138,0.0
4139,0.0
4140,0.0
4141,0.0
4142,0.0
4143,0.0
4144,0.0
4145,0.0
4146,0.0
4147,0.0
4148,0.0
4149,0.0
4150,0.0
4151,0.0
4152,0.0
4153,0.0
4154,0.0
4155,0.0
4156,0.0
4157,0.0
4158,0.0
4159,0.0
4160,0.0
4161,0.0
4162,0.0
4163,0.0
4164,0.0
4165,0.0
4166,0.0
4167,0.0
4168,0.0
4169,0.0
4170,0.0
4171,0.0
4172,0.0
4173,0.0
4174,0.0
4175,0.0
4176,0.0
4177,0.0
4178,0.0
4179,0.0
4180,0.0
4181,0.0
4182,0.0
4183,0.0
4184,0.0
4185,0.0
4186,0.0
4187,0.0
4188,0.0
4189,0.0
4190,0.0
4191,0.0
4192,0.0
4193,0.0
4194,0.0
4195,0.0
4196,0.0
4197,0.0
4198,0.0
4199,0.0
4200,0.0
4201,0.0
4202,0.0
4203,0.0
4204,0.0
4205,0.0
4206,0.0
4207,0.0
4208,0.0
4209,0.0
4210,0.0
4211,0.0
4212,0.0
4213,0.0
4214,0.0
4215,0.0
4216,0.0
4217,0.0
4218,0.0
4219,0.0
4220,0.0
4221,0.0
4222,0.0
4223,0.0
4224,0.0
4225,0.0
4226,0.0
4227,0.0
4228,0.0
4229,0.0
4230,0.0
4231,0.0
4232,0.0
4233,0.0
4234,0.0
4235,0.0
4236,0.0
4237,0.0
4238,0.0
4239,0.0
4240,0.0
4241,0.0
4242,0.0
4243,0.0
4244,0.0
4245,0.0
4246,0.0
4247,0.0
4248,0.0
4249,0.0
4250,0.0
4251,0.0
4252,0.0
4253,0.0
4254,0.0
4255,0.0
4256,0.0
4257,0.0
4258,0.0
4259,0.0
4260,0.0
4261,0.0
4262,0.0
4263,0.0
4264,0.0
4265,0.0
4266,0.0
4267,0.0
4268,0.0
4269,0.0
4270,0.0
4271,0.0
4272,0.0
4273,0.0
4274,0.0
4275,0.0
4276,0.0
4277,0.0
4278,0.0
4279,0.0
4280,0.0
4281,0.0
4282,0.0
4283,0.0
4284,0.0
4285,0.0
4286,0.0
4287,0.0
4288,0.0
4289,0.0
4290,0.0
4291,0.0
4292,0.0
4293,0.0
4294,0.0
4295,0.0
4296,0.0
4297,0.0
4298,0.0
4299,0.0
4300,0.0
4301,0.0
4302,0.0
4303,0.0
4304,0.0
4305,0.0
4306,0.0
4307,0.0
4308,0.0
4309,0.0
4310,0.0
4311,0.0
4312,0.0
4313,0.0
4314,0.0
4315,0.0
4316,0.0
4317,0.0
4318,0.0
4319,0.0
4320,0.0
4321,0.0
4322,0.0
4323,0.0
4324,0.0
4325,0.0
4326,0.0
4327,0.0
4328,0.0
4329,0.0
4330,0.0
4331,0.0
4332,0.0
4333,0.0
4334,0.0
4335,0.0
4336,0.0
4337,0.0
4338,0.0
4339,0.0
4340,0.0
4341,0.0
4342,0.0
4343,0.0
4344,0.0
4345,0.0
4346,0.0
4347,0.0
4348,0.0
4349,0.0
4350,0.0
4351,0.0
4352,0.0
4353,0.0
4354,0.0
4355,0.0
4356,0.0
4357,0.0
4358,0.0
4359,0.0
4360,0.0
4361,0.0
4362,0.0
4363,0.0
4364,0.0
4365,0.0
4366,0.0
4367,0.0
4368,0.0
4369,0.0
4370,0.0
4371,0.0
4372,0.0
4373,0.0
4374,0.0
4375,0.0
4376,0.0
4377,0.0
4378,0.0
4379,0.0
4380,0.0
4381,0.0
4382,0.0
4383,0.0
4384,0.0
4385,0.0
4386,0.0
4387,0.0
4388,0.0
4389,0.0
4390,0.0
4391,0.0
4392,0.0
4393,0.0
4394,0.0
4395,0.0
4396,0.0
4397,0.0
4398,0.0
4399,0.0
4400,0.0
4401,0.0
4402,0.0
4403,0.0
4404,0.0
4405,0.0
4406,0.0
4407,0.0
4408,0.0
4409,0.0
4410,0.0
4411,0.0
4412,0.0
4413,0.0
4414,0.0
4415,0.0
4416,0.0
4417,0.0
4418,0.0
4419,0.0
4420,0.0
4421,0.0
4422,0.0
4423,0.0
4424,0.0
4425,0.0
4426,0.0
4427,0.0
4428,0.0
4429,0.0
4430,0.0
4431,0.0
4432,0.0
4433,0.0
4434,0.0
4435,0.0
4436,0.0
4437,0.0
4438,0.0
4439,0.0
4440,0.0
4441,0.0
4442,0.0
4443,0.0
4444,0.0
4445,0.0
4446,0.0
4447,0.0
4448,0.0
4449,0.0
4450,0.0
4451,0.0
4452,0.0
4453,0.0
4454,0.0
4455,0.0
4456,0.0
4457,0.0
4458,0.0
4459,0.0
4460,0.0
4461,0.0
4462,0.0
4463,0.0
4464,0.0
4465,0.0
4466,0.0
4467,0.0
4468,0.0
4469,0.0
4470,0.0
4471,0.0
4472,0.0
4473,0.0
4474,0.0
4475,0.0
4476,0.0
4477,0.0
4478,0.0
4479,0.0
4480,0.0
4481,0.0
4482,0.0
4483,0.0
4484,0.0
4485,0.0
4486,0.0
4487,0.0
4488,0.0
4489,0.0
4490,0.0
4491,0.0
4492,0.0
4493,0.0
4494,0.0
4495,0.0
4496,0.0
4497,0.0
4498,0.0
4499,0.0
4500,0.0
4501,0.0
4502,0.0
4503,0.0
4504,0.0
4505,0.0
4506,0.0
4507,0.0
4508,0.0
4509,0.0
4510,0.0
4511,0.0
4512,0.0
4513,0.0
4514,0.0
4515,0.0
4516,0.0
4517,0.0
4518,0.0
4519,0.0
4520,0.0
4521,0.0
4522,0.0
4523,0.0
4524,0.0
4525,0.0
4526,0.0
4527,0.0
4528,0.0
4529,0.0
4530,0.0
4531,0.0
4532,0.0
4533,0.0
4534,0.0
4535,0.0
4536,0.0
4537,0.0
4538,0.0
4539,0.0
4540,0.0
4541,0.0
4542,0.0
4543,0.0
4544,0.0
4545,0.0
4546,0.0
4547,0.0
4548,0.0
4549,0.0
4550,0.0
4551,0.0
4552,0.0
4553,0.0
4554,0.0
4555,0.0
4556,0.0
4557,0.0
4558,0.0
4559,0.0
4560,0.0
4561,0.0
4562,0.0
4563,0.0
4564,0.0
4565,0.0
4566,0.0
4567,0.0
4568,0.0
4569,0.0
4570,0.0
4571,0.0
4572,0.0
4573,0.0
4574,0.0
4575,0.0
4576,0.0
4577,0.0
4578,0.0
4579,0.0
4580,0.0
4581,0.0
4582,0.0
4583,0.0
4584,0.0
4585,0.0
4586,0.0
4587,0.0
4588,0.0
4589,0.0
4590,0.0
4591,0.0
4592,0.0
4593,0.0
4594,0.0
4595,0.0
4596,0.0
4597,0.0
4598,0.0
4599,0.0
4600,0.0
4601,0.0
4602,0.0
4603,0.0
4604,0.0
4605,0.0
4606,0.0
4607,0.0
4608,0.0
4609,0.0
4610,0.0
4611,0.0
4612,0.0
4613,0.0
4614,0.0
4615,0.0
4616,0.0
4617,0.0
4618,0.0
4619,0.0
4620,0.0
4621,0.0
4622,0.0
4623,0.0
4624,0.0
4625,0.0
4626,0.0
4627,0.0
4628,0.0
4629,0.0
4630,0.0
4631,0.0
4632,0.0
4633,0.0
4634,0.0
4635,0.0
4636,0.0
4637,0.0
4638,0.0
4639,0.0
4640,0.0
4641,0.0
4642,0.0
4643,0.0
4644,0.0
4645,0.0
4646,0.0
4647,0.0
4648,0.0
4649,0.0
4650,0.0
4651,0.0
4652,0.0
4653,0.0
4654,0.0
4655,0.0
4656,0.0
4657,0.0
4658,0.0
4659,0.0
4660,0.0
4661,0.0
4662,0.0
4663,0.0
4664,0.0
4665,0.0
4666,0.0
4667,0.0
4668,0.0
4669,0.0
4670,0.0
4671,0.0
4672,0.0
4673,0.0
4674,0.0
4675,0.0
4676,0.0
4677,0.0
4678,0.0
4679,0.0
4680,0.0
4681,0.0
4682,0.0
4683,0.0
4684,0.0
4685,0.0
4686,0.0
4687,0.0
4688,0.0
4689,0.0
4690,0.0
4691,0.0
4692,0.0
4693,0.0
4694,0.0
4695,0.0
4696,0.0
4697,0.0
4698,0.0
4699,0.0
4700,0.0
4701,0.0
4702,0.0
4703,0.0
4704,0.0
4705,0.0
4706,0.0
4707,0.0
4708,0.0
4709,0.0
4710,0.0
4711,0.0
4712,0.0
4713,0.0
4714,0.0
4715,0.0
4716,0.0
4717,0.0
4718,0.0
4719,0.0
4720,0.0
4721,0.0
4722,0.0
4723,0.0
4724,0.0
4725,0.0
4726,0.0
4727,0.0
4728,0.0
4729,0.0
4730,0.0
4731,0.0
4732,0.0
4733,0.0
4734,0.0
4735,0.0
4736,0.0
4737,0.0
4738,0.0
4739,0.0
4740,0.0
4741,0.0
4742,0.0
4743,0.0
4744,0.0
4745,0.0
4746,0.0
4747,0.0
4748,0.0
4749,0.0
4750,0.0
4751,0.0
4752,0.0
4753,0.0
4754,0.0
4755,0.0
4756,0.0
4757,0.0
4758,0.0
4759,0.0
4760,0.0
4761,0.0
4762,0.0
4763,0.0
4764,0.0
4765,0.0
4766,0.0
4767,0.0
4768,0.0
4769,0.0
4770,0.0
4771,0.0
4772,0.0
4773,0.0
4774,0.0
4775,0.0
4776,0.0
4777,0.0
4778,0.0
4779,0.0
4780,0.0
4781,0.0
4782,0.0
4783,0.0
4784,0.0
4785,0.0
4786,0.0
4787,0.0
4788,0.0
4789,0.0
4790,0.0
4791,0.0
4792,0.0
4793,0.0
4794,0.0
4795,0.0
4796,0.0
4797,0.0
4798,0.0
4799,0.0
4800,0.0
4801,0.0
4802,0.0
4803,0.0
4804,0.0
4805,0.0
4806,0.0
4807,0.0
4808,0.0
4809,0.0
4810,0.0
4811,0.0
4812,0.0
4813,0.0
4814,0.0
4815,0.0
4816,0.0
4817,0.0
4818,0.0
4819,0.0
4820,0.0
4821,0.0
4822,0.0
4823,0.0
4824,0.0
4825,0.0
4826,0.0
4827,0.0
4828,0.0
4829,0.0
4830,0.0
4831,0.0
4832,0.0
4833,0.0
4834,0.0
4835,0.0
4836,0.0
4837,0.0
4838,0.0
4839,0.0
4840,0.0
4841,0.0
4842,0.0
4843,0.0
4844,0.0
4845,0.0
4846,0.0
4847,0.0
4848,0.0
4849,0.0
4850,0.0
4851,0.0
4852,0.0
4853,0.0
4854,0.0
4855,0.0
4856,0.0
4857,0.0
4858,0.0
4859,0.0
4860,0.0
4861,0.0
4862,0.0
4863,0.0
4864,0.0
4865,0.0
4866,0.0
4867,0.0
4868,0.0
4869,0.0
4870,0.0
4871,0.0
4872,0.0
4873,0.0
4874,0.0
4875,0.0
4876,0.0
4877,0.0
4878,0.0
4879,0.0
4880,0.0
4881,0.0
4882,0.0
4883,0.0
4884,0.0
4885,0.0
4886,0.0
4887,0.0
4888,0.0
4889,0.0
4890,0.0
4891,0.0
4892,0.0
4893,0.0
4894,0.0
4895,0.0
4896,0.0
4897,0.0
4898,0.0
4899,0.0
4900,0.0
4901,0.0
4902,0.0
4903,0.0
4904,0.0
4905,0.0
4906,0.0
4907,0.0
4908,0.0
4909,0.0
4910,0.0
4911,0.0
4912,0.0
4913,0.0
4914,0.0
4915,0.0
4916,0.0
4917,0.0
4918,0.0
4919,0.0
4920,0.0
4921,0.0
4922,0.0
4923,0.0
4924,0.0
4925,0.0
4926,0.0
4927,0.0
4928,0.0
4929,0.0
4930,0.0
4931,0.0
4932,0.0
4933,0.0
4934,0.0
4935,0.0
4936,0.0
4937,0.0
4938,0.0
4939,0.0
4940,0.0
4941,0.0
4942,0.0
4943,0.0
4944,0.0
4945,0.0
4946,0.0
4947,0.0
4948,0.0
4949,0.0
4950,0.0
4951,0.0
4952,0.0
4953,0.0
4954,0.0
4955,0.0
4956,0.0
4957,0.0
4958,0.0
4959,0.0
4960,0.0
4961,0.0
4962,0.0
4963,0.0
4964,0.0
4965,0.0
4966,0.0
4967,0.0
4968,0.0
4969,0.0
4970,0.0
4971,0.0
4972,0.0
4973,0.0
4974,0.0
4975,0.0
4976,0.0
4977,0.0
4978,0.0
4979,0.0
4980,0.0
4981,0.0
4982,0.0
4983,0.0
4984,0.0
4985,0.0
4986,0.0
4987,0.0
4988,0.0
4989,0.0
4990,0.0
4991,0.0
4992,0.0
4993,0.0
4994,0.0
4995,0.0
4996,0.0
4997,0.0
4998,0.0
4999,0.0
5000,0.0
5001,0.0
5002,0.0
5003,0.0
5004,0.0
5005,0.0
5006,0.0
5007,0.0
5008,0.0
5009,0.0
5010,0.0
5011,0.0
5012,0.0
5013,0.0
5014,0.0
5015,0.0
5016,0.0
5017,0.0
5018,0.0
5019,0.0
5020,0.0
5021,0.0
5022,0.0
5023,0.0
5024,0.0
5025,0.0
5026,0.0
5027,0.0
5028,0.0
5029,0.0
5030,0.0
5031,0.0
5032,0.0
5033,0.0
5034,0.0
5035,0.0
5036,0.0
5037,0.0
5038,0.0
5039,0.0
5040,0.0
5041,0.0
5042,0.0
5043,0.0
5044,0.0
5045,0.0
5046,0.0
5047,0.0
5048,0.0
5049,0.0
5050,0.0
5051,0.0
5052,0.0
5053,0.0
5054,0.0
5055,0.0
5056,0.0
5057,0.0
5058,0.0
5059,0.0
5060,0.0
5061,0.0
5062,0.0
5063,0.0
5064,0.0
5065,0.0
5066,0.0
5067,0.0
5068,0.0
5069,0.0
5070,0.0
5071,0.0
5072,0.0
5073,0.0
5074,0.0
5075,0.0
5076,0.0
5077,0.0
5078,0.0
5079,0.0
5080,0.0
5081,0.0
5082,0.0
5083,0.0
5084,0.0
5085,0.0
5086,0.0
5087,0.0
5088,0.0
5089,0.0
5090,0.0
5091,0.0
5092,0.0
5093,0.0
5094,0.0
5095,0.0
5096,0.0
5097,0.0
5098,0.0
5099,0.0
5100,0.0
5101,0.0
5102,0.0
5103,0.0
5104,0.0
5105,0.0
5106,0.0
5107,0.0
5108,0.0
5109,0.0
5110,0.0
5111,0.0
5112,0.0
5113,0.0
5114,0.0
5115,0.0
5116,0.0
5117,0.0
5118,0.0
5119,0.0
5120,0.0
5121,0.0
5122,0.0
5123,0.0
5124,0.0
5125,0.0
5126,0.0
5127,0.0
5128,0.0
5129,0.0
5130,0.0
5131,0.0
5132,0.0
5133,0.0
5134,0.0
5135,0.0
5136,0.0
5137,0.0
5138,0.0
5139,0.0
5140,0.0
5141,0.0
5142,0.0
5143,0.0
5144,0.0
5145,0.0
5146,0.0
5147,0.0
5148,0.0
5149,0.0
5150,0.0
5151,0.0
5152,0.0
5153,0.0
5154,0.0
5155,0.0
5156,0.0
5157,0.0
5158,0.0
5159,0.0
5160,0.0
5161,0.0
5162,0.0
5163,0.0
5164,0.0
5165,0.0
5166,0.0
5167,0.0
5168,0.0
5169,0.0
5170,0.0
5171,0.0
5172,0.0
5173,0.0
5174,0.0
5175,0.0
5176,0.0
5177,0.0
5178,0.0
5179,0.0
5180,0.0
5181,0.0
5182,0.0
5183,0.0
5184,0.0
5185,0.0
5186,0.0
5187,0.0
5188,0.0
5189,0.0
5190,0.0
5191,0.0
5192,0.0
5193,0.0
5194,0.0
5195,0.0
5196,0.0
5197,0.0
5198,0.0
5199,0.0
5200,0.0
5201,0.0
5202,0.0
5203,0.0
5204,0.0
5205,0.0
5206,0.0
5207,0.0
5208,0.0
5209,0.0
5210,0.0
5211,0.0
5212,0.0
5213,0.0
5214,0.0
5215,0.0
5216,0.0
5217,0.0
5218,0.0
5219,0.0
5220,0.0
5221,0.0
5222,0.0
5223,0.0
5224,0.0
5225,0.0
5226,0.0
5227,0.0
5228,0.0
5229,0.0
5230,0.0
5231,0.0
5232,0.0
5233,0.0
5234,0.0
5235,0.0
5236,0.0
5237,0.0
5238,0.0
5239,0.0
5240,0.0
5241,0.0
5242,0.0
5243,0.0
5244,0.0
5245,0.0
5246,0.0
5247,0.0
5248,0.0
5249,0.0
5250,0.0
5251,0.0
5252,0.0
5253,0.0
5254,0.0
5255,0.0
5256,0.0
5257,0.0
5258,0.0
5259,0.0
5260,0.0
5261,0.0
5262,0.0
5263,0.0
5264,0.0
5265,0.0
5266,0.0
5267,0.0
5268,0.0
5269,0.0
5270,0.0
5271,0.0
5272,0.0
5273,0.0
5274,0.0
5275,0.0
5276,0.0
5277,0.0
5278,0.0
5279,0.0
5280,0.0
5281,0.0
5282,0.0
5283,0.0
5284,0.0
5285,0.0
5286,0.0
5287,0.0
5288,0.0
5289,0.0
5290,0.0
5291,0.0
5292,0.0
5293,0.0
5294,0.0
5295,0.0
5296,0.0
5297,0.0
5298,0.0
5299,0.0
5300,0.0
5301,0.0
5302,0.0
5303,0.0
5304,0.0
5305,0.0
5306,0.0
5307,0.0
5308,0.0
5309,0.0
5310,0.0
5311,0.0
5312,0.0
5313,0.0
5314,0.0
5315,0.0
5316,0.0
5317,0.0
5318,0.0
5319,0.0
5320,0.0
5321,0.0
5322,0.0
5323,0.0
5324,0.0
5325,0.0
5326,0.0
5327,0.0
5328,0.0
5329,0.0
5330,0.0
5331,0.0
5332,0.0
5333,0.0
5334,0.0
5335,0.0
5336,0.0
5337,0.0
5338,0.0
5339,0.0
5340,0.0
5341,0.0
5342,0.0
5343,0.0
5344,0.0
5345,0.0
5346,0.0
5347,0.0
5348,0.0
5349,0.0
5350,0.0
5351,0.0
5352,0.0
5353,0.0
5354,0.0
5355,0.0
5356,0.0
5357,0.0
5358,0.0
5359,0.0
5360,0.0
5361,0.0
5362,0.0
5363,0.0
5364,0.0
5365,0.0
5366,0.0
5367,0.0
5368,0.0
5369,0.0
5370,0.0
5371,0.0
5372,0.0
5373,0.0
5374,0.0
5375,0.0
5376,0.0
5377,0.0
5378,0.0
5379,0.0
5380,0.0
5381,0.0
5382,0.0
5383,0.0
5384,0.0
5385,0.0
5386,0.0
5387,0.0
5388,0.0
5389,0.0
5390,0.0
5391,0.0
5392,0.0
5393,0.0
5394,0.0
5395,0.0
5396,0.0
5397,0.0
5398,0.0
5399,0.0
5400,0.0
5401,0.0
5402,0.0
5403,0.0
5404,0.0
5405,0.0
5406,0.0
5407,0.0
5408,0.0
5409,0.0
5410,0.0
5411,0.0
5412,0.0
5413,0.0
5414,0.0
5415,0.0
5416,0.0
5417,0.0
5418,0.0
5419,0.0
5420,0.0
5421,0.0
5422,0.0
5423,0.0
5424,0.0
5425,0.0
5426,0.0
5427,0.0
5428,0.0
5429,0.0
5430,0.0
5431,0.0
5432,0.0
5433,0.0
5434,0.0
5435,0.0
5436,0.0
5437,0.0
5438,0.0
5439,0.0
5440,0.0
5441,0.0
5442,0.0
5443,0.0
5444,0.0
5445,0.0
5446,0.0
5447,0.0
5448,0.0
5449,0.0
5450,0.0
5451,0.0
5452,0.0
5453,0.0
5454,0.0
5455,0.0
5456,0.0
5457,0.0
5458,0.0
5459,0.0
5460,0.0
5461,0.0
5462,0.0
5463,0.0
5464,0.0
5465,0.0
5466,0.0
5467,0.0
5468,0.0
5469,0.0
5470,0.0
5471,0.0
5472,0.0
5473,0.0
5474,0.0
5475,0.0
5476,0.0
5477,0.0
5478,0.0
5479,0.0
5480,0.0
5481,0.0
5482,0.0
5483,0.0
5484,0.0
5485,0.0
5486,0.0
5487,0.0
5488,0.0
5489,0.0
5490,0.0
5491,0.0
5492,0.0
5493,0.0
5494,0.0
5495,0.0
5496,0.0
5497,0.0
5498,0.0
5499,0.0
5500,0.0
5501,0.0
5502,0.0
5503,0.0
5504,0.0
5505,0.0
5506,0.0
5507,0.0
5508,0.0
5509,0.0
5510,0.0
5511,0.0
5512,0.0
5513,0.0
5514,0.0
5515,0.0
5516,0.0
5517,0.0
5518,0.0
5519,0.0
5520,0.0
5521,0.0
5522,0.0
5523,0.0
5524,0.0
5525,0.0
5526,0.0
5527,0.0
5528,0.0
5529,0.0
5530,0.0
5531,0.0
5532,0.0
5533,0.0
5534,0.0
5535,0.0
5536,0.0
5537,0.0
5538,0.0
5539,0.0
5540,0.0
5541,0.0
5542,0.0
5543,0.0
5544,0.0
5545,0.0
5546,0.0
5547,0.0
5548,0.0
5549,0.0
5550,0.0
5551,0.0
5552,0.0
5553,0.0
5554,0.0
5555,0.0
5556,0.0
5557,0.0
5558,0.0
5559,0.0
5560,0.0
5561,0.0
5562,0.0
5563,0.0
5564,0.0
5565,0.0
5566,0.0
5567,0.0
5568,0.0
5569,0.0
5570,0.0
5571,0.0
5572,0.0
5573,0.0
5574,0.0
5575,0.0
5576,0.0
5577,0.0
5578,0.0
5579,0.0
5580,0.0
5581,0.0
5582,0.0
5583,0.0
5584,0.0
5585,0.0
5586,0.0
5587,0.0
5588,0.0
5589,0.0
5590,0.0
5591,0.0
5592,0.0
5593,0.0
5594,0.0
5595,0.0
5596,0.0
5597,0.0
5598,0.0
5599,0.0
5600,0.0
5601,0.0
5602,0.0
5603,0.0
5604,0.0
5605,0.0
5606,0.0
5607,0.0
5608,0.0
5609,0.0
5610,0.0
5611,0.0
5612,0.0
5613,0.0
5614,0.0
5615,0.0
5616,0.0
5617,0.0
5618,0.0
5619,0.0
5620,0.0
5621,0.0
5622,0.0
5623,0.0
5624,0.0
5625,0.0
5626,0.0
5627,0.0
5628,0.0
5629,0.0
5630,0.0
5631,0.0
5632,0.0
5633,0.0
5634,0.0
5635,0.0
5636,0.0
5637,0.0
5638,0.0
5639,0.0
5640,0.0
5641,0.0
5642,0.0
5643,0.0
5644,0.0
5645,0.0
5646,0.0
5647,0.0
5648,0.0
5649,0.0
5650,0.0
5651,0.0
5652,0.0
5653,0.0
5654,0.0
5655,0.0
5656,0.0
5657,0.0
5658,0.0
5659,0.0
5660,0.0
5661,0.0
5662,0.0
5663,0.0
5664,0.0
5665,0.0
5666,0.0
5667,0.0
5668,0.0
5669,0.0
5670,0.0
5671,0.0
5672,0.0
5673,0.0
5674,0.0
5675,0.0
5676,0.0
5677,0.0
5678,0.0
5679,0.0
5680,0.0
5681,0.0
5682,0.0
5683,0.0
5684,0.0
5685,0.0
5686,0.0
5687,0.0
5688,0.0
5689,0.0
5690,0.0
5691,0.0
5692,0.0
5693,0.0
5694,0.0
5695,0.0
5696,0.0
5697,0.0
5698,0.0
5699,0.0
5700,0.0
5701,0.0
5702,0.0
5703,0.0
5704,0.0
5705,0.0
5706,0.0
5707,0.0
5708,0.0
5709,0.0
5710,0.0
5711,0.0
5712,0.0
5713,0.0
5714,0.0
5715,0.0
5716,0.0
5717,0.0
5718,0.0
5719,0.0
5720,0.0
5721,0.0
5722,0.0
5723,0.0
5724,0.0
5725,0.0
5726,0.0
5727,0.0
5728,0.0
5729,0.0
5730,0.0
5731,0.0
5732,0.0
5733,0.0
5734,0.0
5735,0.0
5736,0.0
5737,0.0
5738,0.0
5739,0.0
5740,0.0
5741,0.0
5742,0.0
5743,0.0
5744,0.0
5745,0.0
5746,0.0
5747,0.0
5748,0.0
5749,0.0
5750,0.0
5751,0.0
5752,0.0
5753,0.0
5754,0.0
5755,0.0
5756,0.0
5757,0.0
5758,0.0
5759,0.0
5760,0.0
5761,0.0
5762,0.0
5763,0.0
5764,0.0
5765,0.0
5766,0.0
5767,0.0
5768,0.0
5769,0.0
5770,0.0
5771,0.0
5772,0.0
5773,0.0
5774,0.0
5775,0.0
5776,0.0
5777,0.0
5778,0.0
5779,0.0
5780,0.0
5781,0.0
5782,0.0
5783,0.0
5784,0.0
5785,0.0
5786,0.0
5787,0.0
5788,0.0
5789,0.0
5790,0.0
5791,0.0
5792,0.0
5793,0.0
5794,0.0
5795,0.0
5796,0.0
5797,0.0
5798,0.0
5799,0.0
5800,0.0
5801,0.0
5802,0.0
5803,0.0
5804,0.0
5805,0.0
5806,0.0
5807,0.0
5808,0.0
5809,0.0
5810,0.0
5811,0.0
5812,0.0
5813,0.0
5814,0.0
5815,0.0
5816,0.0
5817,0.0
5818,0.0
5819,0.0
5820,0.0
5821,0.0
5822,0.0
5823,0.0
5824,0.0
5825,0.0
5826,0.0
5827,0.0
5828,0.0
5829,0.0
5830,0.0
5831,0.0
5832,0.0
5833,0.0
5834,0.0
5835,0.0
5836,0.0
5837,0.0
5838,0.0
5839,0.0
5840,0.0
5841,0.0
5842,0.0
5843,0.0
5844,0.0
5845,0.0
5846,0.0
5847,0.0
5848,0.0
5849,0.0
5850,0.0
5851,0.0
5852,0.0
5853,0.0
5854,0.0
5855,0.0
5856,0.0
5857,0.0
5858,0.0
5859,0.0
5860,0.0
5861,0.0
5862,0.0
5863,0.0
5864,0.0
5865,0.0
5866,0.0
5867,0.0
5868,0.0
5869,0.0
5870,0.0
5871,0.0
5872,0.0
5873,0.0
5874,0.0
5875,0.0
5876,0.0
5877,0.0
5878,0.0
5879,0.0
5880,0.0
5881,0.0
5882,0.0
5883,0.0
5884,0.0
5885,0.0
5886,0.0
5887,0.0
5888,0.0
5889,0.0
5890,0.0
5891,0.0
5892,0.0
5893,0.0
5894,0.0
5895,0.0
5896,0.0
5897,0.0
5898,0.0
5899,0.0
5900,0.0
5901,0.0
5902,0.0
5903,0.0
5904,0.0
5905,0.0
5906,0.0
5907,0.0
5908,0.0
5909,0.0
5910,0.0
5911,0.0
5912,0.0
5913,0.0
5914,0.0
5915,0.0
5916,0.0
5917,0.0
5918,0.0
5919,0.0
5920,0.0
5921,0.0
5922,0.0
5923,0.0
5924,0.0
5925,0.0
5926,0.0
5927,0.0
5928,0.0
5929,0.0
5930,0.0
5931,0.0
5932,0.0
5933,0.0
5934,0.0
5935,0.0
5936,0.0
5937,0.0
5938,0.0
5939,0.0
5940,0.0
5941,0.0
5942,0.0
5943,0.0
5944,0.0
5945,0.0
5946,0.0
5947,0.0
5948,0.0
5949,0.0
5950,0.0
5951,0.0
5952,0.0
5953,0.0
5954,0.0
5955,0.0
5956,0.0
5957,0.0
5958,0.0
5959,0.0
5960,0.0
5961,0.0
5962,0.0
5963,0.0
5964,0.0
5965,0.0
5966,0.0
5967,0.0
5968,0.0
5969,0.0
5970,0.0
5971,0.0
5972,0.0
5973,0.0
5974,0.0
5975,0.0
5976,0.0
5977,0.0
5978,0.0
5979,0.0
5980,0.0
5981,0.0
5982,0.0
5983,0.0
5984,0.0
5985,0.0
5986,0.0
5987,0.0
5988,0.0
5989,0.0
5990,0.0
5991,0.0
5992,0.0
5993,0.0
5994,0.0
5995,0.0
5996,0.0
5997,0.0
5998,0.0
5999,0.0
6000,0.0
6001,0.0
6002,0.0
6003,0.0
6004,0.0
6005,0.0
6006,0.0
6007,0.0
6008,0.0
6009,0.0
6010,0.0
6011,0.0
6012,0.0
6013,0.0
6014,0.0
6015,0.0
6016,0.0
6017,0.0
6018,0.0
6019,0.0
6020,0.0
6021,0.0
6022,0.0
6023,0.0
6024,0.0
6025,0.0
6026,0.0
6027,0.0
6028,0.0
6029,0.0
6030,0.0
6031,0.0
6032,0.0
6033,0.0
6034,0.0
6035,0.0
6036,0.0
6037,0.0
6038,0.0
6039,0.0
6040,0.0
6041,0.0
6042,0.0
6043,0.0
6044,0.0
6045,0.0
6046,0.0
6047,0.0
6048,0.0
6049,0.0
6050,0.0
6051,0.0
6052,0.0
6053,0.0
6054,0.0
6055,0.0
6056,0.0
6057,0.0
6058,0.0
6059,0.0
6060,0.0
6061,0.0
6062,0.0
6063,0.0
6064,0.0
6065,0.0
6066,0.0
6067,0.0
6068,0.0
6069,0.0
6070,0.0
6071,0.0
6072,0.0
6073,0.0
6074,0.0
6075,0.0
6076,0.0
6077,0.0
6078,0.0
6079,0.0
6080,0.0
6081,0.0
6082,0.0
6083,0.0
6084,0.0
6085,0.0
6086,0.0
6087,0.0
6088,0.0
6089,0.0
6090,0.0
6091,0.0
6092,0.0
6093,0.0
6094,0.0
6095,0.0
6096,0.0
6097,0.0
6098,0.0
6099,0.0
6100,0.0
6101,0.0
6102,0.0
6103,0.0
6104,0.0
6105,0.0
6106,0.0
6107,0.0
6108,0.0
6109,0.0
6110,0.0
6111,0.0
6112,0.0
6113,0.0
6114,0.0
6115,0.0
6116,0.0
6117,0.0
6118,0.0
6119,0.0
6120,0.0
6121,0.0
6122,0.0
6123,0.0
6124,0.0
6125,0.0
6126,0.0
6127,0.0
6128,0.0
6129,0.0
6130,0.0
6131,0.0
6132,0.0
6133,0.0
6134,0.0
6135,0.0
6136,0.0
6137,0.0
6138,0.0
6139,0.0
6140,0.0
6141,0.0
6142,0.0
6143,0.0
6144,0.0
6145,0.0
6146,0.0
6147,0.0
6148,0.0
6149,0.0
6150,0.0
6151,0.0
6152,0.0
6153,0.0
6154,0.0
6155,0.0
6156,0.0
6157,0.0
6158,0.0
6159,0.0
6160,0.0
6161,0.0
6162,0.0
6163,0.0
6164,0.0
6165,0.0
6166,0.0
6167,0.0
6168,0.0
6169,0.0
6170,0.0
6171,0.0
6172,0.0
6173,0.0
6174,0.0
6175,0.0
6176,0.0
6177,0.0
6178,0.0
6179,0.0
6180,0.0
6181,0.0
6182,0.0
6183,0.0
6184,0.0
6185,0.0
6186,0.0
6187,0.0
6188,0.0
6189,0.0
6190,0.0
6191,0.0
6192,0.0
6193,0.0
6194,0.0
6195,0.0
6196,0.0
6197,0.0
6198,0.0
6199,0.0
6200,0.0
6201,0.0
6202,0.0
6203,0.0
6204,0.0
6205,0.0
6206,0.0
6207,0.0
6208,0.0
6209,0.0
6210,0.0
6211,0.0
6212,0.0
6213,0.0
6214,0.0
6215,0.0
6216,0.0
6217,0.0
6218,0.0
6219,0.0
6220,0.0
6221,0.0
6222,0.0
6223,0.0
6224,0.0
6225,0.0
6226,0.0
6227,0.0
6228,0.0
6229,0.0
6230,0.0
6231,0.0
6232,0.0
6233,0.0
6234,0.0
6235,0.0
6236,0.0
6237,0.0
6238,0.0
6239,0.0
6240,0.0
6241,0.0
6242,0.0
6243,0.0
6244,0.0
6245,0.0
6246,0.0
6247,0.0
6248,0.0
6249,0.0
6250,0.0
6251,0.0
6252,0.0
6253,0.0
6254,0.0
6255,0.0
6256,0.0
6257,0.0
6258,0.0
6259,0.0
6260,0.0
6261,0.0
6262,0.0
6263,0.0
6264,0.0
6265,0.0
6266,0.0
6267,0.0
6268,0.0
6269,0.0
6270,0.0
6271,0.0
6272,0.0
6273,0.0
6274,0.0
6275,0.0
6276,0.0
6277,0.0
6278,0.0
6279,0.0
6280,0.0
6281,0.0
6282,0.0
6283,0.0
6284,0.0
6285,0.0
6286,0.0
6287,0.0
6288,0.0
6289,0.0
6290,0.0
6291,0.0
6292,0.0
6293,0.0
6294,0.0
6295,0.0
6296,0.0
6297,0.0
6298,0.0
6299,0.0
6300,0.0
6301,0.0
6302,0.0
6303,0.0
6304,0.0
6305,0.0
6306,0.0
6307,0.0
6308,0.0
6309,0.0
6310,0.0
6311,0.0
6312,0.0
6313,0.0
6314,0.0
6315,0.0
6316,0.0
6317,0.0
6318,0.0
6319,0.0
6320,0.0
6321,0.0
6322,0.0
6323,0.0
6324,0.0
6325,0.0
6326,0.0
6327,0.0
6328,0.0
6329,0.0
6330,0.0
6331,0.0
6332,0.0
6333,0.0
6334,0.0
6335,0.0
6336,0.0
6337,0.0
6338,0.0
6339,0.0
6340,0.0
6341,0.0
6342,0.0
6343,0.0
6344,0.0
6345,0.0
6346,0.0
6347,0.0
6348,0.0
6349,0.0
6350,0.0
6351,0.0
6352,0.0
6353,0.0
6354,0.0
6355,0.0
6356,0.0
6357,0.0
6358,0.0
6359,0.0
6360,0.0
6361,0.0
6362,0.0
6363,0.0
6364,0.0
6365,0.0
6366,0.0
6367,0.0
6368,0.0
6369,0.0
6370,0.0
6371,0.0
6372,0.0
6373,0.0
6374,0.0
6375,0.0
6376,0.0
6377,0.0
6378,0.0
6379,0.0
6380,0.0
6381,0.0
6382,0.0
6383,0.0
6384,0.0
6385,0.0
6386,0.0
6387,0.0
6388,0.0
6389,0.0
6390,0.0
6391,0.0
6392,0.0
6393,0.0
6394,0.0
6395,0.0
6396,0.0
6397,0.0
6398,0.0
6399,0.0
6400,0.0
6401,0.0
6402,0.0
6403,0.0
6404,0.0
6405,0.0
6406,0.0
6407,0.0
6408,0.0
6409,0.0
6410,0.0
6411,0.0
6412,0.0
6413,0.0
6414,0.0
6415,0.0
6416,0.0
6417,0.0
6418,0.0
6419,0.0
6420,0.0
6421,0.0
6422,0.0
6423,0.0
6424,0.0
6425,0.0
6426,0.0
6427,0.0
6428,0.0
6429,0.0
6430,0.0
6431,0.0
6432,0.0
6433,0.0
6434,0.0
6435,0.0
6436,0.0
6437,0.0
6438,0.0
6439,0.0
6440,0.0
6441,0.0
6442,0.0
6443,0.0
6444,0.0
6445,0.0
6446,0.0
6447,0.0
6448,0.0
6449,0.0
6450,0.0
6451,0.0
6452,0.0
6453,0.0
6454,0.0
6455,0.0
6456,0.0
6457,0.0
6458,0.0
6459,0.0
6460,0.0
6461,0.0
6462,0.0
6463,0.0
6464,0.0
6465,0.0
6466,0.0
6467,0.0
6468,0.0
6469,0.0
6470,0.0
6471,0.0
6472,0.0
6473,0.0
6474,0.0
6475,0.0
6476,0.0
6477,0.0
6478,0.0
6479,0.0
6480,0.0
6481,0.0
6482,0.0
6483,0.0
6484,0.0
6485,0.0
6486,0.0
6487,0.0
6488,0.0
6489,0.0
6490,0.0
6491,0.0
6492,0.0
6493,0.0
6494,0.0
6495,0.0
6496,0.0
6497,0.0
6498,0.0
6499,0.0
6500,0.0
6501,0.0
6502,0.0
6503,0.0
6504,0.0
6505,0.0
6506,0.0
6507,0.0
6508,0.0
6509,0.0
6510,0.0
6511,0.0
6512,0.0
6513,0.0
6514,0.0
6515,0.0
6516,0.0
6517,0.0
6518,0.0
6519,0.0
6520,0.0
6521,0.0
6522,0.0
6523,0.0
6524,0.0
6525,0.0
6526,0.0
6527,0.0
6528,0.0
6529,0.0
6530,0.0
6531,0.0
6532,0.0
6533,0.0
6534,0.0
6535,0.0
6536,0.0
6537,0.0
6538,0.0
6539,0.0
6540,0.0
6541,0.0
6542,0.0
6543,0.0
6544,0.0
6545,0.0
6546,0.0
6547,0.0
6548,0.0
6549,0.0
6550,0.0
6551,0.0
6552,0.0
6553,0.0
6554,0.0
6555,0.0
6556,0.0
6557,0.0
6558,0.0
6559,0.0
6560,0.0
6561,0.0
6562,0.0
6563,0.0
6564,0.0
6565,0.0
6566,0.0
6567,0.0
6568,0.0
6569,0.0
6570,0.0
6571,0.0
6572,0.0
6573,0.0
6574,0.0
6575,0.0
6576,0.0
6577,0.0
6578,0.0
6579,0.0
6580,0.0
6581,0.0
6582,0.0
6583,0.0
6584,0.0
6585,0.0
6586,0.0
6587,0.0
6588,0.0
6589,0.0
6590,0.0
6591,0.0
6592,0.0
6593,0.0
6594,0.0
6595,0.0
6596,0.0
6597,0.0
6598,0.0
6599,0.0
6600,0.0
6601,0.0
6602,0.0
6603,0.0
6604,0.0
6605,0.0
6606,0.0
6607,0.0
6608,0.0
6609,0.0
6610,0.0
6611,0.0
6612,0.0
6613,0.0
6614,0.0
6615,0.0
6616,0.0
6617,0.0
6618,0.0
6619,0.0
6620,0.0
6621,0.0
6622,0.0
6623,0.0
6624,0.0
6625,0.0
6626,0.0
6627,0.0
6628,0.0
6629,0.0
6630,0.0
6631,0.0
6632,0.0
6633,0.0
6634,0.0
6635,0.0
6636,0.0
6637,0.0
6638,0.0
6639,0.0
6640,0.0
6641,0.0
6642,0.0
6643,0.0
6644,0.0
6645,0.0
6646,0.0
6647,0.0
6648,0.0
6649,0.0
6650,0.0
6651,0.0
6652,0.0
6653,0.0
6654,0.0
6655,0.0
6656,0.0
6657,0.0
6658,0.0
6659,0.0
6660,0.0
6661,0.0
6662,0.0
6663,0.0
6664,0.0
6665,0.0
6666,0.0
6667,0.0
6668,0.0
6669,0.0
6670,0.0
6671,0.0
6672,0.0
6673,0.0
6674,0.0
6675,0.0
6676,0.0
6677,0.0
6678,0.0
6679,0.0
6680,0.0
6681,0.0
6682,0.0
6683,0.0
6684,0.0
6685,0.0
6686,0.0
6687,0.0
6688,0.0
6689,0.0
6690,0.0
6691,0.0
6692,0.0
6693,0.0
6694,0.0
6695,0.0
6696,0.0
6697,0.0
6698,0.0
6699,0.0
6700,0.0
6701,0.0
6702,0.0
6703,0.0
6704,0.0
6705,0.0
6706,0.0
6707,0.0
6708,0.0
6709,0.0
6710,0.0
6711,0.0
6712,0.0
6713,0.0
6714,0.0
6715,0.0
6716,0.0
6717,0.0
6718,0.0
6719,0.0
6720,0.0
6721,0.0
6722,0.0
6723,0.0
6724,0.0
6725,0.0
6726,0.0
6727,0.0
6728,0.0
6729,0.0
6730,0.0
6731,0.0
6732,0.0
6733,0.0
6734,0.0
6735,0.0
6736,0.0
6737,0.0
6738,0.0
6739,0.0
6740,0.0
6741,0.0
6742,0.0
6743,0.0
6744,0.0
6745,0.0
6746,0.0
6747,0.0
6748,0.0
6749,0.0
6750,0.0
6751,0.0
6752,0.0
6753,0.0
6754,0.0
6755,0.0
6756,0.0
6757,0.0
6758,0.0
6759,0.0
6760,0.0
6761,0.0
6762,0.0
6763,0.0
6764,0.0
6765,0.0
6766,0.0
6767,0.0
6768,0.0
6769,0.0
6770,0.0
6771,0.0
6772,0.0
6773,0.0
6774,0.0
6775,0.0
6776,0.0
6777,0.0
6778,0.0
6779,0.0
6780,0.0
6781,0.0
6782,0.0
6783,0.0
6784,0.0
6785,0.0
6786,0.0
6787,0.0
6788,0.0
6789,0.0
6790,0.0
6791,0.0
6792,0.0
6793,0.0
6794,0.0
6795,0.0
6796,0.0
6797,0.0
6798,0.0
6799,0.0
6800,0.0
6801,0.0
6802,0.0
6803,0.0
6804,0.0
6805,0.0
6806,0.0
6807,0.0
6808,0.0
6809,0.0
6810,0.0
6811,0.0
6812,0.0
6813,0.0
6814,0.0
6815,0.0
6816,0.0
6817,0.0
6818,0.0
6819,0.0
6820,0.0
6821,0.0
6822,0.0
6823,0.0
6824,0.0
6825,0.0
6826,0.0
6827,0.0
6828,0.0
6829,0.0
6830,0.0
6831,0.0
6832,0.0
6833,0.0
6834,0.0
6835,0.0
6836,0.0
6837,0.0
6838,0.0
6839,0.0
6840,0.0
6841,0.0
6842,0.0
6843,0.0
6844,0.0
6845,0.0
6846,0.0
6847,0.0
6848,0.0
6849,0.0
6850,0.0
6851,0.0
6852,0.0
6853,0.0
6854,0.0
6855,0.0
6856,0.0
6857,0.0
6858,0.0
6859,0.0
6860,0.0
6861,0.0
6862,0.0
6863,0.0
6864,0.0
6865,0.0
6866,0.0
6867,0.0
6868,0.0
6869,0.0
6870,0.0
6871,0.0
6872,0.0
6873,0.0
6874,0.0
6875,0.0
6876,0.0
6877,0.0
6878,0.0
6879,0.0
6880,0.0
6881,0.0
6882,0.0
6883,0.0
6884,0.0
6885,0.0
6886,0.0
6887,0.0
6888,0.0
6889,0.0
6890,0.0
6891,0.0
6892,0.0
6893,0.0
6894,0.0
6895,0.0
6896,0.0
6897,0.0
6898,0.0
6899,0.0
6900,0.0
6901,0.0
6902,0.0
6903,0.0
6904,0.0
6905,0.0
6906,0.0
6907,0.0
6908,0.0
6909,0.0
6910,0.0
6911,0.0
6912,0.0
6913,0.0
6914,0.0
6915,0.0
6916,0.0
6917,0.0
6918,0.0
6919,0.0
6920,0.0
6921,0.0
6922,0.0
6923,0.0
6924,0.0
6925,0.0
6926,0.0
6927,0.0
6928,0.0
6929,0.0
6930,0.0
6931,0.0
6932,0.0
6933,0.0
6934,0.0
6935,0.0
6936,0.0
6937,0.0
6938,0.0
6939,0.0
6940,0.0
6941,0.0
6942,0.0
6943,0.0
6944,0.0
6945,0.0
6946,0.0
6947,0.0
6948,0.0
6949,0.0
6950,0.0
6951,0.0
6952,0.0
6953,0.0
6954,0.0
6955,0.0
6956,0.0
6957,0.0
6958,0.0
6959,0.0
6960,0.0
6961,0.0
6962,0.0
6963,0.0
6964,0.0
6965,0.0
6966,0.0
6967,0.0
6968,0.0
6969,0.0
6970,0.0
6971,0.0
6972,0.0
6973,0.0
6974,0.0
6975,0.0
6976,0.0
6977,0.0
6978,0.0
6979,0.0
6980,0.0
6981,0.0
6982,0.0
6983,0.0
6984,0.0
6985,0.0
6986,0.0
6987,0.0
6988,0.0
6989,0.0
6990,0.0
6991,0.0
6992,0.0
6993,0.0
6994,0.0
6995,0.0
6996,0.0
6997,0.0
6998,0.0
6999,0.0
7000,0.0
7001,0.0
7002,0.0
7003,0.0
7004,0.0
7005,0.0
7006,0.0
7007,0.0
7008,0.0
7009,0.0
7010,0.0
7011,0.0
7012,0.0
7013,0.0
7014,0.0
7015,0.0
7016,0.0
7017,0.0
7018,0.0
7019,0.0
7020,0.0
7021,0.0
7022,0.0
7023,0.0
7024,0.0
7025,0.0
7026,0.0
7027,0.0
7028,0.0
7029,0.0
7030,0.0
7031,0.0
7032,0.0
7033,0.0
7034,0.0
7035,0.0
7036,0.0
7037,0.0
7038,0.0
7039,0.0
7040,0.0
7041,0.0
7042,0.0
7043,0.0
7044,0.0
7045,0.0
7046,0.0
7047,0.0
7048,0.0
7049,0.0
7050,0.0
7051,0.0
7052,0.0
7053,0.0
7054,0.0
7055,0.0
7056,0.0
7057,0.0
7058,0.0
7059,0.0
7060,0.0
7061,0.0
7062,0.0
7063,0.0
7064,0.0
7065,0.0
7066,0.0
7067,0.0
7068,0.0
7069,0.0
7070,0.0
7071,0.0
7072,0.0
7073,0.0
7074,0.0
7075,0.0
7076,0.0
7077,0.0
7078,0.0
7079,0.0
7080,0.0
7081,0.0
7082,0.0
7083,0.0
7084,0.0
7085,0.0
7086,0.0
7087,0.0
7088,0.0
7089,0.0
7090,0.0
7091,0.0
7092,0.0
7093,0.0
7094,0.0
7095,0.0
7096,0.0
7097,0.0
7098,0.0
7099,0.0
7100,0.0
7101,0.0
7102,0.0
7103,0.0
7104,0.0
7105,0.0
7106,0.0
7107,0.0
7108,0.0
7109,0.0
7110,0.0
7111,0.0
7112,0.0
7113,0.0
7114,0.0
7115,0.0
7116,0.0
7117,0.0
7118,0.0
7119,0.0
7120,0.0
7121,0.0
7122,0.0
7123,0.0
7124,0.0
7125,0.0
7126,0.0
7127,0.0
7128,0.0
7129,0.0
7130,0.0
7131,0.0
7132,0.0
7133,0.0
7134,0.0
7135,0.0
7136,0.0
7137,0.0
7138,0.0
7139,0.0
7140,0.0
7141,0.0
7142,0.0
7143,0.0
7144,0.0
7145,0.0
7146,0.0
7147,0.0
7148,0.0
7149,0.0
7150,0.0
7151,0.0
7152,0.0
7153,0.0
7154,0.0
7155,0.0
7156,0.0
7157,0.0
7158,0.0
7159,0.0
7160,0.0
7161,0.0
7162,0.0
7163,0.0
7164,0.0
7165,0.0
7166,0.0
7167,0.0
7168,0.0
7169,0.0
7170,0.0
7171,0.0
7172,0.0
7173,0.0
7174,0.0
7175,0.0
7176,0.0
7177,0.0
7178,0.0
7179,0.0
7180,0.0
7181,0.0
7182,0.0
7183,0.0
7184,0.0
7185,0.0
7186,0.0
7187,0.0
7188,0.0
7189,0.0
7190,0.0
7191,0.0
7192,0.0
7193,0.0
7194,0.0
7195,0.0
7196,0.0
7197,0.0
7198,0.0
7199,0.0
7200,0.0
7201,0.0
7202,0.0
7203,0.0
7204,0.0
7205,0.0
7206,0.0
7207,0.0
7208,0.0
7209,0.0
7210,0.0
7211,0.0
7212,0.0
7213,0.0
7214,0.0
7215,0.0
7216,0.0
7217,0.0
7218,0.0
7219,0.0
7220,0.0
7221,0.0
7222,0.0
7223,0.0
7224,0.0
7225,0.0
7226,0.0
7227,0.0
7228,0.0
7229,0.0
7230,0.0
7231,0.0
7232,0.0
7233,0.0
7234,0.0
7235,0.0
7236,0.0
7237,0.0
7238,0.0
7239,0.0
7240,0.0
7241,0.0
7242,0.0
7243,0.0
7244,0.0
7245,0.0
7246,0.0
7247,0.0
7248,0.0
7249,0.0
7250,0.0
7251,0.0
7252,0.0
7253,0.0
7254,0.0
7255,0.0
7256,0.0
7257,0.0
7258,0.0
7259,0.0
7260,0.0
7261,0.0
7262,0.0
7263,0.0
7264,0.0
7265,0.0
7266,0.0
7267,0.0
7268,0.0
7269,0.0
7270,0.0
7271,0.0
7272,0.0
7273,0.0
7274,0.0
7275,0.0
7276,0.0
7277,0.0
7278,0.0
7279,0.0
7280,0.0
7281,0.0
7282,0.0
7283,0.0
7284,0.0
7285,0.0
7286,0.0
7287,0.0
7288,0.0
7289,0.0
7290,0.0
7291,0.0
7292,0.0
7293,0.0
7294,0.0
7295,0.0
7296,0.0
7297,0.0
7298,0.0
7299,0.0
7300,0.0
7301,0.0
7302,0.0
7303,0.0
7304,0.0
7305,0.0
7306,0.0
7307,0.0
7308,0.0
7309,0.0
7310,0.0
7311,0.0
7312,0.0
7313,0.0
7314,0.0
7315,0.0
7316,0.0
7317,0.0
7318,0.0
7319,0.0
7320,0.0
7321,0.0
7322,0.0
7323,0.0
7324,0.0
7325,0.0
7326,0.0
7327,0.0
7328,0.0
7329,0.0
7330,0.0
7331,0.0
7332,0.0
7333,0.0
7334,0.0
7335,0.0
7336,0.0
7337,0.0
7338,0.0
7339,0.0
7340,0.0
7341,0.0
7342,0.0
7343,0.0
7344,0.0
7345,0.0
7346,0.0
7347,0.0
7348,0.0
7349,0.0
7350,0.0
7351,0.0
7352,0.0
7353,0.0
7354,0.0
7355,0.0
7356,0.0
7357,0.0
7358,0.0
7359,0.0
7360,0.0
7361,0.0
7362,0.0
7363,0.0
7364,0.0
7365,0.0
7366,0.0
7367,0.0
7368,0.0
7369,0.0
7370,0.0
7371,0.0
7372,0.0
7373,0.0
7374,0.0
7375,0.0
7376,0.0
7377,0.0
7378,0.0
7379,0.0
7380,0.0
7381,0.0
7382,0.0
7383,0.0
7384,0.0
7385,0.0
7386,0.0
7387,0.0
7388,0.0
7389,0.0
7390,0.0
7391,0.0
7392,0.0
7393,0.0
7394,0.0
7395,0.0
7396,0.0
7397,0.0
7398,0.0
7399,0.0
7400,0.0
7401,0.0
7402,0.0
7403,0.0
7404,0.0
7405,0.0
7406,0.0
7407,0.0
7408,0.0
7409,0.0
7410,0.0
7411,0.0
7412,0.0
7413,0.0
7414,0.0
7415,0.0
7416,0.0
7417,0.0
7418,0.0
7419,0.0
7420,0.0
7421,0.0
7422,0.0
7423,0.0
7424,0.0
7425,0.0
7426,0.0
7427,0.0
7428,0.0
7429,0.0
7430,0.0
7431,0.0
7432,0.0
7433,0.0
7434,0.0
7435,0.0
7436,0.0
7437,0.0
7438,0.0
7439,0.0
7440,0.0
7441,0.0
7442,0.0
7443,0.0
7444,0.0
7445,0.0
7446,0.0
7447,0.0
7448,0.0
7449,0.0
7450,0.0
7451,0.0
7452,0.0
7453,0.0
7454,0.0
7455,0.0
7456,0.0
7457,0.0
7458,0.0
7459,0.0
7460,0.0
7461,0.0
7462,0.0
7463,0.0
7464,0.0
7465,0.0
7466,0.0
7467,0.0
7468,0.0
7469,0.0
7470,0.0
7471,0.0
7472,0.0
7473,0.0
7474,0.0
7475,0.0
7476,0.0
7477,0.0
7478,0.0
7479,0.0
7480,0.0
7481,0.0
7482,0.0
7483,0.0
7484,0.0
7485,0.0
7486,0.0
7487,0.0
7488,0.0
7489,0.0
7490,0.0
7491,0.0
7492,0.0
7493,0.0
7494,0.0
7495,0.0
7496,0.0
7497,0.0
7498,0.0
7499,0.0
7500,0.0
7501,0.0
7502,0.0
7503,0.0
7504,0.0
7505,0.0
7506,0.0
7507,0.0
7508,0.0
7509,0.0
7510,0.0
7511,0.0
7512,0.0
7513,0.0
7514,0.0
7515,0.0
7516,0.0
7517,0.0
7518,0.0
7519,0.0
7520,0.0
7521,0.0
7522,0.0
7523,0.0
7524,0.0
7525,0.0
7526,0.0
7527,0.0
7528,0.0
7529,0.0
7530,0.0
7531,0.0
7532,0.0
7533,0.0
7534,0.0
7535,0.0
7536,0.0
7537,0.0
7538,0.0
7539,0.0
7540,0.0
7541,0.0
7542,0.0
7543,0.0
7544,0.0
7545,0.0
7546,0.0
7547,0.0
7548,0.0
7549,0.0
7550,0.0
7551,0.0
7552,0.0
7553,0.0
7554,0.0
7555,0.0
7556,0.0
7557,0.0
7558,0.0
7559,0.0
7560,0.0
7561,0.0
7562,0.0
7563,0.0
7564,0.0
7565,0.0
7566,0.0
7567,0.0
7568,0.0
7569,0.0
7570,0.0
7571,0.0
7572,0.0
7573,0.0
7574,0.0
7575,0.0
7576,0.0
7577,0.0
7578,0.0
7579,0.0
7580,0.0
7581,0.0
7582,0.0
7583,0.0
7584,0.0
7585,0.0
7586,0.0
7587,0.0
7588,0.0
7589,0.0
7590,0.0
7591,0.0
7592,0.0
7593,0.0
7594,0.0
7595,0.0
7596,0.0
7597,0.0
7598,0.0
7599,0.0
7600,0.0
7601,0.0
7602,0.0
7603,0.0
7604,0.0
7605,0.0
7606,0.0
7607,0.0
7608,0.0
7609,0.0
7610,0.0
7611,0.0
7612,0.0
7613,0.0
7614,0.0
7615,0.0
7616,0.0
7617,0.0
7618,0.0
7619,0.0
7620,0.0
7621,0.0
7622,0.0
7623,0.0
7624,0.0
7625,0.0
7626,0.0
7627,0.0
7628,0.0
7629,0.0
7630,0.0
7631,0.0
7632,0.0
7633,0.0
7634,0.0
7635,0.0
7636,0.0
7637,0.0
7638,0.0
7639,0.0
7640,0.0
7641,0.0
7642,0.0
7643,0.0
7644,0.0
7645,0.0
7646,0.0
7647,0.0
7648,0.0
7649,0.0
7650,0.0
7651,0.0
7652,0.0
7653,0.0
7654,0.0
7655,0.0
7656,0.0
7657,0.0
7658,0.0
7659,0.0
7660,0.0
7661,0.0
7662,0.0
7663,0.0
7664,0.0
7665,0.0
7666,0.0
7667,0.0
7668,0.0
7669,0.0
7670,0.0
7671,0.0
7672,0.0
7673,0.0
7674,0.0
7675,0.0
7676,0.0
7677,0.0
7678,0.0
7679,0.0
7680,0.0
7681,0.0
7682,0.0
7683,0.0
7684,0.0
7685,0.0
7686,0.0
7687,0.0
7688,0.0
7689,0.0
7690,0.0
7691,0.0
7692,0.0
7693,0.0
7694,0.0
7695,0.0
7696,0.0
7697,0.0
7698,0.0
7699,0.0
7700,0.0
7701,0.0
7702,0.0
7703,0.0
7704,0.0
7705,0.0
7706,0.0
7707,0.0
7708,0.0
7709,0.0
7710,0.0
7711,0.0
7712,0.0
7713,0.0
7714,0.0
7715,0.0
7716,0.0
7717,0.0
7718,0.0
7719,0.0
7720,0.0
7721,0.0
7722,0.0
7723,0.0
7724,0.0
7725,0.0
7726,0.0
7727,0.0
7728,0.0
7729,0.0
7730,0.0
7731,0.0
7732,0.0
7733,0.0
7734,0.0
7735,0.0
7736,0.0
7737,0.0
7738,0.0
7739,0.0
7740,0.0
7741,0.0
7742,0.0
7743,0.0
7744,0.0
7745,0.0
7746,0.0
7747,0.0
7748,0.0
7749,0.0
7750,0.0
7751,0.0
7752,0.0
7753,0.0
7754,0.0
7755,0.0
7756,0.0
7757,0.0
7758,0.0
7759,0.0
7760,0.0
7761,0.0
7762,0.0
7763,0.0
7764,0.0
7765,0.0
7766,0.0
7767,0.0
7768,0.0
7769,0.0
7770,0.0
7771,0.0
7772,0.0
7773,0.0
7774,0.0
7775,0.0
7776,0.0
7777,0.0
7778,0.0
7779,0.0
7780,0.0
7781,0.0
7782,0.0
7783,0.0
7784,0.0
7785,0.0
7786,0.0
7787,0.0
7788,0.0
7789,0.0
7790,0.0
7791,0.0
7792,0.0
7793,0.0
7794,0.0
7795,0.0
7796,0.0
7797,0.0
7798,0.0
7799,0.0
7800,0.0
7801,0.0
7802,0.0
7803,0.0
7804,0.0
7805,0.0
7806,0.0
7807,0.0
7808,0.0
7809,0.0
7810,0.0
7811,0.0
7812,0.0
7813,0.0
7814,0.0
7815,0.0
7816,0.0
7817,0.0
7818,0.0
7819,0.0
7820,0.0
7821,0.0
7822,0.0
7823,0.0
7824,0.0
7825,0.0
7826,0.0
7827,0.0
7828,0.0
7829,0.0
7830,0.0
7831,0.0
7832,0.0
7833,0.0
7834,0.0
7835,0.0
7836,0.0
7837,0.0
7838,0.0
7839,0.0
7840,0.0
7841,0.0
7842,0.0
7843,0.0
7844,0.0
7845,0.0
7846,0.0
7847,0.0
7848,0.0
7849,0.0
7850,0.0
7851,0.0
7852,0.0
7853,0.0
7854,0.0
7855,0.0
7856,0.0
7857,0.0
7858,0.0
7859,0.0
7860,0.0
7861,0.0
7862,0.0
7863,0.0
7864,0.0
7865,0.0
7866,0.0
7867,0.0
7868,0.0
7869,0.0
7870,0.0
7871,0.0
7872,0.0
7873,0.0
7874,0.0
7875,0.0
7876,0.0
7877,0.0
7878,0.0
7879,0.0
7880,0.0
7881,0.0
7882,0.0
7883,0.0
7884,0.0
7885,0.0
7886,0.0
7887,0.0
7888,0.0
7889,0.0
7890,0.0
7891,0.0
7892,0.0
7893,0.0
7894,0.0
7895,0.0
7896,0.0
7897,0.0
7898,0.0
7899,0.0
7900,0.0
7901,0.0
7902,0.0
7903,0.0
7904,0.0
7905,0.0
7906,0.0
7907,0.0
7908,0.0
7909,0.0
7910,0.0
7911,0.0
7912,0.0
7913,0.0
7914,0.0
7915,0.0
7916,0.0
7917,0.0
7918,0.0
7919,0.0
7920,0.0
7921,0.0
7922,0.0
7923,0.0
7924,0.0
7925,0.0
7926,0.0
7927,0.0
7928,0.0
7929,0.0
7930,0.0
7931,0.0
7932,0.0
7933,0.0
7934,0.0
7935,0.0
7936,0.0
7937,0.0
7938,0.0
7939,0.0
7940,0.0
7941,0.0
7942,0.0
7943,0.0
7944,0.0
7945,0.0
7946,0.0
7947,0.0
7948,0.0
7949,0.0
7950,0.0
7951,0.0
7952,0.0
7953,0.0
7954,0.0
7955,0.0
7956,0.0
7957,0.0
7958,0.0
7959,0.0
7960,0.0
7961,0.0
7962,0.0
7963,0.0
7964,0.0
7965,0.0
7966,0.0
7967,0.0
7968,0.0
7969,0.0
7970,0.0
7971,0.0
7972,0.0
7973,0.0
7974,0.0
7975,0.0
7976,0.0
7977,0.0
7978,0.0
7979,0.0
7980,0.0
7981,0.0
7982,0.0
7983,0.0
7984,0.0
7985,0.0
7986,0.0
7987,0.0
7988,0.0
7989,0.0
7990,0.0
7991,0.0
7992,0.0
7993,0.0
7994,0.0
7995,0.0
7996,0.0
7997,0.0
7998,0.0
7999,0.0
8000,0.0
8001,0.0
8002,0.0
8003,0.0
8004,0.0
8005,0.0
8006,0.0
8007,0.0
8008,0.0
8009,0.0
8010,0.0
8011,0.0
8012,0.0
8013,0.0
8014,0.0
8015,0.0
8016,0.0
8017,0.0
8018,0.0
8019,0.0
8020,0.0
8021,0.0
8022,0.0
8023,0.0
8024,0.0
8025,0.0
8026,0.0
8027,0.0
8028,0.0
8029,0.0
8030,0.0
8031,0.0
8032,0.0
8033,0.0
8034,0.0
8035,0.0
8036,0.0
8037,0.0
8038,0.0
8039,0.0
8040,0.0
8041,0.0
8042,0.0
8043,0.0
8044,0.0
8045,0.0
8046,0.0
8047,0.0
8048,0.0
8049,0.0
8050,0.0
8051,0.0
8052,0.0
8053,0.0
8054,0.0
8055,0.0
8056,0.0
8057,0.0
8058,0.0
8059,0.0
8060,0.0
8061,0.0
8062,0.0
8063,0.0
8064,0.0
8065,0.0
8066,0.0
8067,0.0
8068,0.0
8069,0.0
8070,0.0
8071,0.0
8072,0.0
8073,0.0
8074,0.0
8075,0.0
8076,0.0
8077,0.0
8078,0.0
8079,0.0
8080,0.0
8081,0.0
8082,0.0
8083,0.0
8084,0.0
8085,0.0
8086,0.0
8087,0.0
8088,0.0
8089,0.0
8090,0.0
8091,0.0
8092,0.0
8093,0.0
8094,0.0
8095,0.0
8096,0.0
8097,0.0
8098,0.0
8099,0.0
8100,0.0
8101,0.0
8102,0.0
8103,0.0
8104,0.0
8105,0.0
8106,0.0
8107,0.0
8108,0.0
8109,0.0
8110,0.0
8111,0.0
8112,0.0
8113,0.0
8114,0.0
8115,0.0
8116,0.0
8117,0.0
8118,0.0
8119,0.0
8120,0.0
8121,0.0
8122,0.0
8123,0.0
8124,0.0
8125,0.0
8126,0.0
8127,0.0
8128,0.0
8129,0.0
8130,0.0
8131,0.0
8132,0.0
8133,0.0
8134,0.0
8135,0.0
8136,0.0
8137,0.0
8138,0.0
8139,0.0
8140,0.0
8141,0.0
8142,0.0
8143,0.0
8144,0.0
8145,0.0
8146,0.0
8147,0.0
8148,0.0
8149,0.0
8150,0.0
8151,0.0
8152,0.0
8153,0.0
8154,0.0
8155,0.0
8156,0.0
8157,0.0
8158,0.0
8159,0.0
8160,0.0
8161,0.0
8162,0.0
8163,0.0
8164,0.0
8165,0.0
8166,0.0
8167,0.0
8168,0.0
8169,0.0
8170,0.0
8171,0.0
8172,0.0
8173,0.0
8174,0.0
8175,0.0
8176,0.0
8177,0.0
8178,0.0
8179,0.0
8180,0.0
8181,0.0
8182,0.0
8183,0.0
8184,0.0
8185,0.0
8186,0.0
8187,0.0
8188,0.0
8189,0.0
8190,0.0
8191,0.0
8192,0.0
8193,0.0
8194,0.0
8195,0.0
8196,0.0
8197,0.0
8198,0.0
8199,0.0
8200,0.0
8201,0.0
8202,0.0
8203,0.0
8204,0.0
8205,0.0
8206,0.0
8207,0.0
8208,0.0
8209,0.0
8210,0.0
8211,0.0
8212,0.0
8213,0.0
8214,0.0
8215,0.0
8216,0.0
8217,0.0
8218,0.0
8219,0.0
8220,0.0
8221,0.0
8222,0.0
8223,0.0
8224,0.0
8225,0.0
8226,0.0
8227,0.0
8228,0.0
8229,0.0
8230,0.0
8231,0.0
8232,0.0
8233,0.0
8234,0.0
8235,0.0
8236,0.0
8237,0.0
8238,0.0
8239,0.0
8240,0.0
8241,0.0
8242,0.0
8243,0.0
8244,0.0
8245,0.0
8246,0.0
8247,0.0
8248,0.0
8249,0.0
8250,0.0
8251,0.0
8252,0.0
8253,0.0
8254,0.0
8255,0.0
8256,0.0
8257,0.0
8258,0.0
8259,0.0
8260,0.0
8261,0.0
8262,0.0
8263,0.0
8264,0.0
8265,0.0
8266,0.0
8267,0.0
8268,0.0
8269,0.0
8270,0.0
8271,0.0
8272,0.0
8273,0.0
8274,0.0
8275,0.0
8276,0.0
8277,0.0
8278,0.0
8279,0.0
8280,0.0
8281,0.0
8282,0.0
8283,0.0
8284,0.0
8285,0.0
8286,0.0
8287,0.0
8288,0.0
8289,0.0
8290,0.0
8291,0.0
8292,0.0
8293,0.0
8294,0.0
8295,0.0
8296,0.0
8297,0.0
8298,0.0
8299,0.0
8300,0.0
8301,0.0
8302,0.0
8303,0.0
8304,0.0
8305,0.0
8306,0.0
8307,0.0
8308,0.0
8309,0.0
8310,0.0
8311,0.0
8312,0.0
8313,0.0
8314,0.0
8315,0.0
8316,0.0
8317,0.0
8318,0.0
8319,0.0
8320,0.0
8321,0.0
8322,0.0
8323,0.0
8324,0.0
8325,0.0
8326,0.0
8327,0.0
8328,0.0
8329,0.0
8330,0.0
8331,0.0
8332,0.0
8333,0.0
8334,0.0
8335,0.0
8336,0.0
8337,0.0
8338,0.0
8339,0.0
8340,0.0
8341,0.0
8342,0.0
8343,0.0
8344,0.0
8345,0.0
8346,0.0
8347,0.0
8348,0.0
8349,0.0
8350,0.0
8351,0.0
8352,0.0
8353,0.0
8354,0.0
8355,0.0
8356,0.0
8357,0.0
8358,0.0
8359,0.0
8360,0.0
8361,0.0
8362,0.0
8363,0.0
8364,0.0
8365,0.0
8366,0.0
8367,0.0
8368,0.0
8369,0.0
8370,0.0
8371,0.0
8372,0.0
8373,0.0
8374,0.0
8375,0.0
8376,0.0
8377,0.0
8378,0.0
8379,0.0
8380,0.0
8381,0.0
8382,0.0
8383,0.0
8384,0.0
8385,0.0
8386,0.0
8387,0.0
8388,0.0
8389,0.0
8390,0.0
8391,0.0
8392,0.0
8393,0.0
8394,0.0
8395,0.0
8396,0.0
8397,0.0
8398,0.0
8399,0.0
8400,0.0
8401,0.0
8402,0.0
8403,0.0
8404,0.0
8405,0.0
8406,0.0
8407,0.0
8408,0.0
8409,0.0
8410,0.0
8411,0.0
8412,0.0
8413,0.0
8414,0.0
8415,0.0
8416,0.0
8417,0.0
8418,0.0
8419,0.0
8420,0.0
8421,0.0
8422,0.0
8423,0.0
8424,0.0
8425,0.0
8426,0.0
8427,0.0
8428,0.0
8429,0.0
8430,0.0
8431,0.0
8432,0.0
8433,0.0
8434,0.0
8435,0.0
8436,0.0
8437,0.0
8438,0.0
8439,0.0
8440,0.0
8441,0.0
8442,0.0
8443,0.0
8444,0.0
8445,0.0
8446,0.0
8447,0.0
8448,0.0
8449,0.0
8450,0.0
8451,0.0
8452,0.0
8453,0.0
8454,0.0
8455,0.0
8456,0.0
8457,0.0
8458,0.0
8459,0.0
8460,0.0
8461,0.0
8462,0.0
8463,0.0
8464,0.0
8465,0.0
8466,0.0
8467,0.0
8468,0.0
8469,0.0
8470,0.0
8471,0.0
8472,0.0
8473,0.0
8474,0.0
8475,0.0
8476,0.0
8477,0.0
8478,0.0
8479,0.0
8480,0.0
8481,0.0
8482,0.0
8483,0.0
8484,0.0
8485,0.0
8486,0.0
8487,0.0
8488,0.0
8489,0.0
8490,0.0
8491,0.0
8492,0.0
8493,0.0
8494,0.0
8495,0.0
8496,0.0
8497,0.0
8498,0.0
8499,0.0
8500,0.0
8501,0.0
8502,0.0
8503,0.0
8504,0.0
8505,0.0
8506,0.0
8507,0.0
8508,0.0
8509,0.0
8510,0.0
8511,0.0
8512,0.0
8513,0.0
8514,0.0
8515,0.0
8516,0.0
8517,0.0
8518,0.0
8519,0.0
8520,0.0
8521,0.0
8522,0.0
8523,0.0
8524,0.0
8525,0.0
8526,0.0
8527,0.0
8528,0.0
8529,0.0
8530,0.0
8531,0.0
8532,0.0
8533,0.0
8534,0.0
8535,0.0
8536,0.0
8537,0.0
8538,0.0
8539,0.0
8540,0.0
8541,0.0
8542,0.0
8543,0.0
8544,0.0
8545,0.0
8546,0.0
8547,0.0
8548,0.0
8549,0.0
8550,0.0
8551,0.0
8552,0.0
8553,0.0
8554,0.0
8555,0.0
8556,0.0
8557,0.0
8558,0.0
8559,0.0
8560,0.0
8561,0.0
8562,0.0
8563,0.0
8564,0.0
8565,0.0
8566,0.0
8567,0.0
8568,0.0
8569,0.0
8570,0.0
8571,0.0
8572,0.0
8573,0.0
8574,0.0
8575,0.0
8576,0.0
8577,0.0
8578,0.0
8579,0.0
8580,0.0
8581,0.0
8582,0.0
8583,0.0
8584,0.0
8585,0.0
8586,0.0
8587,0.0
8588,0.0
8589,0.0
8590,0.0
8591,0.0
8592,0.0
8593,0.0
8594,0.0
8595,0.0
8596,0.0
8597,0.0
8598,0.0
8599,0.0
8600,0.0
8601,0.0
8602,0.0
8603,0.0
8604,0.0
8605,0.0
8606,0.0
8607,0.0
8608,0.0
8609,0.0
8610,0.0
8611,0.0
8612,0.0
8613,0.0
8614,0.0
8615,0.0
8616,0.0
8617,0.0
8618,0.0
8619,0.0
8620,0.0
8621,0.0
8622,0.0
8623,0.0
8624,0.0
8625,0.0
8626,0.0
8627,0.0
8628,0.0
8629,0.0
8630,0.0
8631,0.0
8632,0.0
8633,0.0
8634,0.0
8635,0.0
8636,0.0
8637,0.0
8638,0.0
8639,0.0
8640,0.0
8641,0.0
8642,0.0
8643,0.0
8644,0.0
8645,0.0
8646,0.0
8647,0.0
8648,0.0
8649,0.0
8650,0.0
8651,0.0
8652,0.0
8653,0.0
8654,0.0
8655,0.0
8656,0.0
8657,0.0
8658,0.0
8659,0.0
8660,0.0
8661,0.0
8662,0.0
8663,0.0
8664,0.0
8665,0.0
8666,0.0
8667,0.0
8668,0.0
8669,0.0
8670,0.0
8671,0.0
8672,0.0
8673,0.0
8674,0.0
8675,0.0
8676,0.0
8677,0.0
8678,0.0
8679,0.0
8680,0.0
8681,0.0
8682,0.0
8683,0.0
8684,0.0
8685,0.0
8686,0.0
8687,0.0
8688,0.0
8689,0.0
8690,0.0
8691,0.0
8692,0.0
8693,0.0
8694,0.0
8695,0.0
8696,0.0
8697,0.0
8698,0.0
8699,0.0
8700,0.0
8701,0.0
8702,0.0
8703,0.0
8704,0.0
8705,0.0
8706,0.0
8707,0.0
8708,0.0
8709,0.0
8710,0.0
8711,0.0
8712,0.0
8713,0.0
8714,0.0
8715,0.0
8716,0.0
8717,0.0
8718,0.0
8719,0.0
8720,0.0
8721,0.0
8722,0.0
8723,0.0
8724,0.0
8725,0.0
8726,0.0
8727,0.0
8728,0.0
8729,0.0
8730,0.0
8731,0.0
8732,0.0
8733,0.0
8734,0.0
8735,0.0
8736,0.0
8737,0.0
8738,0.0
8739,0.0
8740,0.0
8741,0.0
8742,0.0
8743,0.0
8744,0.0
8745,0.0
8746,0.0
8747,0.0
8748,0.0
8749,0.0
8750,0.0
8751,0.0
8752,0.0
8753,0.0
8754,0.0
8755,0.0
8756,0.0
8757,0.0
8758,0.0
8759,0.0
8760,0.0
