stunde_des_jahres,t
1,0.0
2,0.0
3,0.0
4,0.0
5,0.0
6,14.940999999999997
7,15.074999999999996
8,15.141999999999998
9,14.605999999999998
10,14.538999999999996
11,13.935999999999996
12,13.734999999999998
13,13.399999999999997
14,13.533999999999997
15,14.002999999999997
16,14.270999999999999
17,0.0
18,0.0
19,0.0
20,0.0
21,0.0
22,0.0
23,0.0
24,0.0
25,0.0
26,0.0
27,0.0
28,0.0
29,0.0
30,14.136999999999999
31,14.203999999999997
32,14.203999999999997
33,14.270999999999999
34,14.270999999999999
35,14.002999999999997
36,13.868999999999996
37,13.265999999999998
38,13.265999999999998
39,13.399999999999997
40,13.533999999999997
41,0.0
42,0.0
43,0.0
44,0.0
45,0.0
46,0.0
47,0.0
48,0.0
49,0.0
50,0.0
51,0.0
52,0.0
53,0.0
54,0.0
55,0.0
56,0.0
57,0.0
58,0.0
59,0.0
60,0.0
61,0.0
62,0.0
63,0.0
64,0.0
65,0.0
66,0.0
67,0.0
68,0.0
69,0.0
70,0.0
71,0.0
72,0.0
73,0.0
74,0.0
75,0.0
76,0.0
77,0.0
78,0.0
79,0.0
80,0.0
81,0.0
82,0.0
83,0.0
84,0.0
85,0.0
86,0.0
87,0.0
88,0.0
89,0.0
90,0.0
91,0.0
92,0.0
93,0.0
94,0.0
95,0.0
96,0.0
97,0.0
98,0.0
99,0.0
100,0.0
101,0.0
102,18.692999999999994
103,18.692999999999994
104,18.894
105,19.429999999999996
106,17.621
107,16.347999999999995
108,15.074999999999996
109,14.002999999999997
110,13.399999999999997
111,13.332999999999997
112,13.801999999999998
113,0.0
114,0.0
115,0.0
116,0.0
117,0.0
118,0.0
119,0.0
120,0.0
121,0.0
122,0.0
123,0.0
124,0.0
125,0.0
126,14.739999999999998
127,14.605999999999998
128,14.337999999999997
129,14.337999999999997
130,14.270999999999999
131,14.069999999999997
132,14.002999999999997
133,13.868999999999996
134,13.667999999999997
135,13.600999999999999
136,13.533999999999997
137,0.0
138,0.0
139,0.0
140,0.0
141,0.0
142,0.0
143,0.0
144,0.0
145,0.0
146,0.0
147,0.0
148,0.0
149,0.0
150,12.729999999999999
151,12.796999999999997
152,12.997999999999996
153,12.997999999999996
154,12.863999999999997
155,12.462
156,12.260999999999997
157,12.059999999999997
158,11.992999999999997
159,12.260999999999997
160,12.327999999999996
161,0.0
162,0.0
163,0.0
164,0.0
165,0.0
166,0.0
167,0.0
168,0.0
169,0.0
170,0.0
171,0.0
172,0.0
173,0.0
174,12.863999999999997
175,12.930999999999997
176,12.863999999999997
177,12.997999999999996
178,12.930999999999997
179,12.729999999999999
180,12.662999999999997
181,12.528999999999998
182,12.462
183,12.462
184,12.528999999999998
185,0.0
186,0.0
187,0.0
188,0.0
189,0.0
190,0.0
191,0.0
192,0.0
193,0.0
194,0.0
195,0.0
196,0.0
197,0.0
198,15.409999999999998
199,15.476999999999997
200,15.208999999999996
201,15.342999999999996
202,14.940999999999997
203,14.069999999999997
204,13.265999999999998
205,12.327999999999996
206,11.858999999999996
207,11.992999999999997
208,12.327999999999996
209,0.0
210,0.0
211,0.0
212,0.0
213,0.0
214,0.0
215,0.0
216,0.0
217,0.0
218,0.0
219,0.0
220,0.0
221,0.0
222,0.0
223,0.0
224,0.0
225,0.0
226,0.0
227,0.0
228,0.0
229,0.0
230,0.0
231,0.0
232,0.0
233,0.0
234,0.0
235,0.0
236,0.0
237,0.0
238,0.0
239,0.0
240,0.0
241,0.0
242,0.0
243,0.0
244,0.0
245,0.0
246,0.0
247,0.0
248,0.0
249,0.0
250,0.0
251,0.0
252,0.0
253,0.0
254,0.0
255,0.0
256,0.0
257,0.0
258,0.0
259,0.0
260,0.0
261,0.0
262,0.0
263,0.0
264,0.0
265,0.0
266,0.0
267,0.0
268,0.0
269,0.0
270,12.863999999999997
271,12.729999999999999
272,12.595999999999998
273,12.528999999999998
274,12.394999999999998
275,12.327999999999996
276,12.126999999999999
277,11.992999999999997
278,11.992999999999997
279,11.858999999999996
280,11.858999999999996
281,0.0
282,0.0
283,0.0
284,0.0
285,0.0
286,0.0
287,0.0
288,0.0
289,0.0
290,0.0
291,0.0
292,0.0
293,0.0
294,12.662999999999997
295,12.662999999999997
296,12.863999999999997
297,12.930999999999997
298,12.126999999999999
299,11.188999999999997
300,10.920999999999998
301,10.251
302,9.513999999999998
303,9.513999999999998
304,9.915999999999999
305,0.0
306,0.0
307,0.0
308,0.0
309,0.0
310,0.0
311,0.0
312,0.0
313,0.0
314,0.0
315,0.0
316,0.0
317,0.0
318,14.203999999999997
319,14.538999999999996
320,14.538999999999996
321,14.672999999999996
322,13.935999999999996
323,13.131999999999998
324,12.595999999999998
325,11.724999999999998
326,11.456999999999999
327,11.858999999999996
328,11.992999999999997
329,0.0
330,0.0
331,0.0
332,0.0
333,0.0
334,0.0
335,0.0
336,0.0
337,0.0
338,0.0
339,0.0
340,0.0
341,0.0
342,13.734999999999998
343,13.600999999999999
344,13.466999999999999
345,13.533999999999997
346,13.265999999999998
347,12.863999999999997
348,12.394999999999998
349,11.925999999999998
350,11.188999999999997
351,11.188999999999997
352,11.255999999999998
353,0.0
354,0.0
355,0.0
356,0.0
357,0.0
358,0.0
359,0.0
360,0.0
361,0.0
362,0.0
363,0.0
364,0.0
365,0.0
366,13.600999999999999
367,13.466999999999999
368,13.399999999999997
369,13.265999999999998
370,13.131999999999998
371,12.930999999999997
372,12.462
373,12.327999999999996
374,12.059999999999997
375,11.858999999999996
376,11.925999999999998
377,0.0
378,0.0
379,0.0
380,0.0
381,0.0
382,0.0
383,0.0
384,0.0
385,0.0
386,0.0
387,0.0
388,0.0
389,0.0
390,0.0
391,0.0
392,0.0
393,0.0
394,0.0
395,0.0
396,0.0
397,0.0
398,0.0
399,0.0
400,0.0
401,0.0
402,0.0
403,0.0
404,0.0
405,0.0
406,0.0
407,0.0
408,0.0
409,0.0
410,0.0
411,0.0
412,0.0
413,0.0
414,0.0
415,0.0
416,0.0
417,0.0
418,0.0
419,0.0
420,0.0
421,0.0
422,0.0
423,0.0
424,0.0
425,0.0
426,0.0
427,0.0
428,0.0
429,0.0
430,0.0
431,0.0
432,0.0
433,0.0
434,0.0
435,0.0
436,0.0
437,0.0
438,11.456999999999999
439,11.322999999999997
440,10.853999999999997
441,10.384999999999998
442,10.049999999999997
443,9.714999999999998
444,9.379999999999999
445,9.044999999999998
446,8.776999999999997
447,8.642999999999999
448,8.843999999999998
449,0.0
450,0.0
451,0.0
452,0.0
453,0.0
454,0.0
455,0.0
456,0.0
457,0.0
458,0.0
459,0.0
460,0.0
461,0.0
462,11.121999999999998
463,10.719999999999999
464,10.451999999999998
465,10.049999999999997
466,9.648
467,9.312999999999999
468,9.044999999999998
469,8.910999999999998
470,8.709999999999999
471,8.374999999999998
472,8.241
473,0.0
474,0.0
475,0.0
476,0.0
477,0.0
478,0.0
479,0.0
480,0.0
481,0.0
482,0.0
483,0.0
484,0.0
485,0.0
486,7.168999999999999
487,7.1019999999999985
488,7.302999999999999
489,7.235999999999999
490,7.034999999999998
491,6.766999999999999
492,6.699999999999998
493,6.565999999999999
494,6.498999999999998
495,6.297999999999999
496,6.231
497,0.0
498,0.0
499,0.0
500,0.0
501,0.0
502,0.0
503,0.0
504,0.0
505,0.0
506,0.0
507,0.0
508,0.0
509,0.0
510,10.853999999999997
511,10.719999999999999
512,10.853999999999997
513,10.384999999999998
514,9.312999999999999
515,8.843999999999998
516,8.977999999999998
517,8.508999999999999
518,8.308
519,8.575999999999999
520,8.977999999999998
521,0.0
522,0.0
523,0.0
524,0.0
525,0.0
526,0.0
527,0.0
528,0.0
529,0.0
530,0.0
531,0.0
532,0.0
533,0.0
534,9.915999999999999
535,9.848999999999997
536,10.049999999999997
537,9.915999999999999
538,9.581
539,8.843999999999998
540,8.441999999999998
541,8.374999999999998
542,8.241
543,8.308
544,9.044999999999998
545,0.0
546,0.0
547,0.0
548,0.0
549,0.0
550,0.0
551,0.0
552,0.0
553,0.0
554,0.0
555,0.0
556,0.0
557,0.0
558,0.0
559,0.0
560,0.0
561,0.0
562,0.0
563,0.0
564,0.0
565,0.0
566,0.0
567,0.0
568,0.0
569,0.0
570,0.0
571,0.0
572,0.0
573,0.0
574,0.0
575,0.0
576,0.0
577,0.0
578,0.0
579,0.0
580,0.0
581,0.0
582,0.0
583,0.0
584,0.0
585,0.0
586,0.0
587,0.0
588,0.0
589,0.0
590,0.0
591,0.0
592,0.0
593,0.0
594,0.0
595,0.0
596,0.0
597,0.0
598,0.0
599,0.0
600,0.0
601,0.0
602,0.0
603,0.0
604,0.0
605,0.0
606,11.456999999999999
607,11.456999999999999
608,11.456999999999999
609,11.456999999999999
610,10.920999999999998
611,10.585999999999999
612,9.915999999999999
613,9.714999999999998
614,9.312999999999999
615,9.714999999999998
616,10.853999999999997
617,0.0
618,0.0
619,0.0
620,0.0
621,0.0
622,0.0
623,0.0
624,0.0
625,0.0
626,0.0
627,0.0
628,0.0
629,0.0
630,11.925999999999998
631,12.059999999999997
632,11.591
633,11.791999999999998
634,11.591
635,11.657999999999998
636,11.591
637,11.591
638,11.791999999999998
639,11.791999999999998
640,12.059999999999997
641,0.0
642,0.0
643,0.0
644,0.0
645,0.0
646,0.0
647,0.0
648,0.0
649,0.0
650,0.0
651,0.0
652,0.0
653,0.0
654,11.925999999999998
655,12.126999999999999
656,12.260999999999997
657,12.394999999999998
658,12.327999999999996
659,12.193999999999997
660,11.724999999999998
661,11.188999999999997
662,10.987999999999996
663,10.987999999999996
664,10.920999999999998
665,0.0
666,0.0
667,0.0
668,0.0
669,0.0
670,0.0
671,0.0
672,0.0
673,0.0
674,0.0
675,0.0
676,0.0
677,0.0
678,13.399999999999997
679,13.064999999999998
680,13.064999999999998
681,13.332999999999997
682,12.997999999999996
683,12.462
684,11.791999999999998
685,11.591
686,11.255999999999998
687,11.389999999999999
688,11.523999999999997
689,0.0
690,0.0
691,0.0
692,0.0
693,0.0
694,0.0
695,0.0
696,0.0
697,0.0
698,0.0
699,0.0
700,0.0
701,0.0
702,13.198999999999996
703,13.198999999999996
704,13.198999999999996
705,13.265999999999998
706,13.131999999999998
707,12.997999999999996
708,12.997999999999996
709,12.729999999999999
710,12.260999999999997
711,11.591
712,12.126999999999999
713,0.0
714,0.0
715,0.0
716,0.0
717,0.0
718,0.0
719,0.0
720,0.0
721,0.0
722,0.0
723,0.0
724,0.0
725,0.0
726,0.0
727,0.0
728,0.0
729,0.0
730,0.0
731,0.0
732,0.0
733,0.0
734,0.0
735,0.0
736,0.0
737,0.0
738,0.0
739,0.0
740,0.0
741,0.0
742,0.0
743,0.0
744,0.0
745,0.0
746,0.0
747,0.0
748,0.0
749,0.0
750,0.0
751,0.0
752,0.0
753,0.0
754,0.0
755,0.0
756,0.0
757,0.0
758,0.0
759,0.0
760,0.0
761,0.0
762,0.0
763,0.0
764,0.0
765,0.0
766,0.0
767,0.0
768,0.0
769,0.0
770,0.0
771,0.0
772,0.0
773,0.0
774,15.409999999999998
775,15.476999999999997
776,15.208999999999996
777,15.074999999999996
778,15.007999999999996
779,14.873999999999997
780,14.672999999999996
781,14.605999999999998
782,14.605999999999998
783,14.672999999999996
784,14.739999999999998
785,0.0
786,0.0
787,0.0
788,0.0
789,0.0
790,0.0
791,0.0
792,0.0
793,0.0
794,0.0
795,0.0
796,0.0
797,0.0
798,15.476999999999997
799,15.610999999999997
800,15.744999999999997
801,15.744999999999997
802,15.811999999999998
803,15.610999999999997
804,15.208999999999996
805,14.739999999999998
806,14.605999999999998
807,14.538999999999996
808,14.538999999999996
809,0.0
810,0.0
811,0.0
812,0.0
813,0.0
814,0.0
815,0.0
816,0.0
817,0.0
818,0.0
819,0.0
820,0.0
821,0.0
822,15.811999999999998
823,15.811999999999998
824,15.811999999999998
825,15.811999999999998
826,15.610999999999997
827,15.342999999999996
828,15.208999999999996
829,15.007999999999996
830,14.672999999999996
831,14.404999999999996
832,14.605999999999998
833,0.0
834,0.0
835,0.0
836,0.0
837,0.0
838,0.0
839,0.0
840,0.0
841,0.0
842,0.0
843,0.0
844,0.0
845,0.0
846,9.848999999999997
847,9.781999999999998
848,9.781999999999998
849,9.513999999999998
850,9.044999999999998
851,8.776999999999997
852,8.642999999999999
853,8.508999999999999
854,8.642999999999999
855,8.308
856,8.241
857,0.0
858,0.0
859,0.0
860,0.0
861,0.0
862,0.0
863,0.0
864,0.0
865,0.0
866,0.0
867,0.0
868,0.0
869,0.0
870,7.369999999999999
871,7.4369999999999985
872,7.235999999999999
873,7.168999999999999
874,7.4369999999999985
875,7.503999999999998
876,7.302999999999999
877,6.900999999999999
878,6.632999999999999
879,6.163999999999998
880,6.096999999999999
881,0.0
882,0.0
883,0.0
884,0.0
885,0.0
886,0.0
887,0.0
888,0.0
889,0.0
890,0.0
891,0.0
892,0.0
893,0.0
894,0.0
895,0.0
896,0.0
897,0.0
898,0.0
899,0.0
900,0.0
901,0.0
902,0.0
903,0.0
904,0.0
905,0.0
906,0.0
907,0.0
908,0.0
909,0.0
910,0.0
911,0.0
912,0.0
913,0.0
914,0.0
915,0.0
916,0.0
917,0.0
918,0.0
919,0.0
920,0.0
921,0.0
922,0.0
923,0.0
924,0.0
925,0.0
926,0.0
927,0.0
928,0.0
929,0.0
930,0.0
931,0.0
932,0.0
933,0.0
934,0.0
935,0.0
936,0.0
937,0.0
938,0.0
939,0.0
940,0.0
941,0.0
942,13.399999999999997
943,13.198999999999996
944,13.198999999999996
945,12.997999999999996
946,12.729999999999999
947,12.462
948,12.059999999999997
949,11.657999999999998
950,11.389999999999999
951,11.121999999999998
952,11.591
953,0.0
954,0.0
955,0.0
956,0.0
957,0.0
958,0.0
959,0.0
960,0.0
961,0.0
962,0.0
963,0.0
964,0.0
965,0.0
966,13.131999999999998
967,12.997999999999996
968,13.131999999999998
969,13.265999999999998
970,13.064999999999998
971,12.796999999999997
972,12.528999999999998
973,12.327999999999996
974,11.992999999999997
975,12.327999999999996
976,12.126999999999999
977,0.0
978,0.0
979,0.0
980,0.0
981,0.0
982,0.0
983,0.0
984,0.0
985,0.0
986,0.0
987,0.0
988,0.0
989,0.0
990,9.714999999999998
991,9.848999999999997
992,9.915999999999999
993,9.915999999999999
994,9.781999999999998
995,9.848999999999997
996,10.049999999999997
997,10.786999999999999
998,11.255999999999998
999,11.389999999999999
1000,11.389999999999999
1001,0.0
1002,0.0
1003,0.0
1004,0.0
1005,0.0
1006,0.0
1007,0.0
1008,0.0
1009,0.0
1010,0.0
1011,0.0
1012,0.0
1013,0.0
1014,14.337999999999997
1015,14.270999999999999
1016,14.069999999999997
1017,13.935999999999996
1018,13.265999999999998
1019,12.394999999999998
1020,12.059999999999997
1021,11.791999999999998
1022,11.791999999999998
1023,12.059999999999997
1024,12.059999999999997
1025,0.0
1026,0.0
1027,0.0
1028,0.0
1029,0.0
1030,0.0
1031,0.0
1032,0.0
1033,0.0
1034,0.0
1035,0.0
1036,0.0
1037,0.0
1038,9.982999999999999
1039,9.915999999999999
1040,9.915999999999999
1041,9.781999999999998
1042,9.648
1043,9.447
1044,9.111999999999998
1045,8.977999999999998
1046,8.642999999999999
1047,8.508999999999999
1048,8.508999999999999
1049,0.0
1050,0.0
1051,0.0
1052,0.0
1053,0.0
1054,0.0
1055,0.0
1056,0.0
1057,0.0
1058,0.0
1059,0.0
1060,0.0
1061,0.0
1062,0.0
1063,0.0
1064,0.0
1065,0.0
1066,0.0
1067,0.0
1068,0.0
1069,0.0
1070,0.0
1071,0.0
1072,0.0
1073,0.0
1074,0.0
1075,0.0
1076,0.0
1077,0.0
1078,0.0
1079,0.0
1080,0.0
1081,0.0
1082,0.0
1083,0.0
1084,0.0
1085,0.0
1086,0.0
1087,0.0
1088,0.0
1089,0.0
1090,0.0
1091,0.0
1092,0.0
1093,0.0
1094,0.0
1095,0.0
1096,0.0
1097,0.0
1098,0.0
1099,0.0
1100,0.0
1101,0.0
1102,0.0
1103,0.0
1104,0.0
1105,0.0
1106,0.0
1107,0.0
1108,0.0
1109,0.0
1110,13.801999999999998
1111,13.466999999999999
1112,13.064999999999998
1113,12.796999999999997
1114,12.394999999999998
1115,12.059999999999997
1116,11.992999999999997
1117,11.724999999999998
1118,11.523999999999997
1119,11.456999999999999
1120,11.322999999999997
1121,0.0
1122,0.0
1123,0.0
1124,0.0
1125,0.0
1126,0.0
1127,0.0
1128,0.0
1129,0.0
1130,0.0
1131,0.0
1132,0.0
1133,0.0
1134,12.394999999999998
1135,12.260999999999997
1136,12.528999999999998
1137,12.528999999999998
1138,12.260999999999997
1139,12.059999999999997
1140,11.791999999999998
1141,11.255999999999998
1142,10.786999999999999
1143,10.652999999999999
1144,10.585999999999999
1145,0.0
1146,0.0
1147,0.0
1148,0.0
1149,0.0
1150,0.0
1151,0.0
1152,0.0
1153,0.0
1154,0.0
1155,0.0
1156,0.0
1157,0.0
1158,11.724999999999998
1159,11.724999999999998
1160,11.791999999999998
1161,11.925999999999998
1162,11.054999999999998
1163,10.251
1164,9.447
1165,8.709999999999999
1166,8.709999999999999
1167,8.776999999999997
1168,8.441999999999998
1169,0.0
1170,0.0
1171,0.0
1172,0.0
1173,0.0
1174,0.0
1175,0.0
1176,0.0
1177,0.0
1178,0.0
1179,0.0
1180,0.0
1181,0.0
1182,13.801999999999998
1183,14.002999999999997
1184,13.935999999999996
1185,13.734999999999998
1186,13.466999999999999
1187,13.198999999999996
1188,12.729999999999999
1189,12.729999999999999
1190,12.595999999999998
1191,12.059999999999997
1192,12.260999999999997
1193,0.0
1194,0.0
1195,0.0
1196,0.0
1197,0.0
1198,0.0
1199,0.0
1200,0.0
1201,0.0
1202,0.0
1203,0.0
1204,0.0
1205,0.0
1206,11.456999999999999
1207,11.791999999999998
1208,11.925999999999998
1209,11.456999999999999
1210,10.987999999999996
1211,10.451999999999998
1212,10.116999999999997
1213,9.714999999999998
1214,9.581
1215,9.447
1216,9.379999999999999
1217,0.0
1218,0.0
1219,0.0
1220,0.0
1221,0.0
1222,0.0
1223,0.0
1224,0.0
1225,0.0
1226,0.0
1227,0.0
1228,0.0
1229,0.0
1230,0.0
1231,0.0
1232,0.0
1233,0.0
1234,0.0
1235,0.0
1236,0.0
1237,0.0
1238,0.0
1239,0.0
1240,0.0
1241,0.0
1242,0.0
1243,0.0
1244,0.0
1245,0.0
1246,0.0
1247,0.0
1248,0.0
1249,0.0
1250,0.0
1251,0.0
1252,0.0
1253,0.0
1254,0.0
1255,0.0
1256,0.0
1257,0.0
1258,0.0
1259,0.0
1260,0.0
1261,0.0
1262,0.0
1263,0.0
1264,0.0
1265,0.0
1266,0.0
1267,0.0
1268,0.0
1269,0.0
1270,0.0
1271,0.0
1272,0.0
1273,0.0
1274,0.0
1275,0.0
1276,0.0
1277,0.0
1278,13.533999999999997
1279,14.002999999999997
1280,14.136999999999999
1281,13.734999999999998
1282,12.930999999999997
1283,12.394999999999998
1284,12.260999999999997
1285,11.657999999999998
1286,11.456999999999999
1287,11.523999999999997
1288,11.121999999999998
1289,0.0
1290,0.0
1291,0.0
1292,0.0
1293,0.0
1294,0.0
1295,0.0
1296,0.0
1297,0.0
1298,0.0
1299,0.0
1300,0.0
1301,0.0
1302,16.548999999999996
1303,17.017999999999997
1304,17.487
1305,17.017999999999997
1306,16.281
1307,15.878999999999998
1308,15.208999999999996
1309,14.471999999999998
1310,13.935999999999996
1311,13.734999999999998
1312,13.399999999999997
1313,0.0
1314,0.0
1315,0.0
1316,0.0
1317,0.0
1318,0.0
1319,0.0
1320,0.0
1321,0.0
1322,0.0
1323,0.0
1324,0.0
1325,0.0
1326,15.074999999999996
1327,15.208999999999996
1328,15.409999999999998
1329,15.141999999999998
1330,14.471999999999998
1331,13.533999999999997
1332,13.064999999999998
1333,13.064999999999998
1334,12.595999999999998
1335,12.193999999999997
1336,12.863999999999997
1337,0.0
1338,0.0
1339,0.0
1340,0.0
1341,0.0
1342,0.0
1343,0.0
1344,0.0
1345,0.0
1346,0.0
1347,0.0
1348,0.0
1349,0.0
1350,13.935999999999996
1351,14.069999999999997
1352,14.002999999999997
1353,13.801999999999998
1354,13.533999999999997
1355,13.198999999999996
1356,12.796999999999997
1357,12.528999999999998
1358,11.523999999999997
1359,11.657999999999998
1360,11.925999999999998
1361,0.0
1362,0.0
1363,0.0
1364,0.0
1365,0.0
1366,0.0
1367,0.0
1368,0.0
1369,0.0
1370,0.0
1371,0.0
1372,0.0
1373,0.0
1374,15.476999999999997
1375,15.543999999999995
1376,15.610999999999997
1377,14.873999999999997
1378,13.801999999999998
1379,12.863999999999997
1380,12.059999999999997
1381,11.456999999999999
1382,11.456999999999999
1383,11.389999999999999
1384,11.054999999999998
1385,0.0
1386,0.0
1387,0.0
1388,0.0
1389,0.0
1390,0.0
1391,0.0
1392,0.0
1393,0.0
1394,0.0
1395,0.0
1396,0.0
1397,0.0
1398,0.0
1399,0.0
1400,0.0
1401,0.0
1402,0.0
1403,0.0
1404,0.0
1405,0.0
1406,0.0
1407,0.0
1408,0.0
1409,0.0
1410,0.0
1411,0.0
1412,0.0
1413,0.0
1414,0.0
1415,0.0
1416,0.0
1417,0.0
1418,0.0
1419,0.0
1420,0.0
1421,0.0
1422,0.0
1423,0.0
1424,0.0
1425,0.0
1426,0.0
1427,0.0
1428,0.0
1429,0.0
1430,0.0
1431,0.0
1432,0.0
1433,0.0
1434,0.0
1435,0.0
1436,0.0
1437,0.0
1438,0.0
1439,0.0
1440,0.0
1441,0.0
1442,0.0
1443,0.0
1444,0.0
1445,0.0
1446,14.002999999999997
1447,14.069999999999997
1448,14.069999999999997
1449,13.734999999999998
1450,13.466999999999999
1451,13.131999999999998
1452,12.997999999999996
1453,12.126999999999999
1454,12.796999999999997
1455,13.131999999999998
1456,13.064999999999998
1457,0.0
1458,0.0
1459,0.0
1460,0.0
1461,0.0
1462,0.0
1463,0.0
1464,0.0
1465,0.0
1466,0.0
1467,0.0
1468,0.0
1469,0.0
1470,15.342999999999996
1471,15.275999999999998
1472,15.208999999999996
1473,15.141999999999998
1474,14.806999999999999
1475,14.471999999999998
1476,14.337999999999997
1477,14.069999999999997
1478,13.868999999999996
1479,14.002999999999997
1480,14.002999999999997
1481,0.0
1482,0.0
1483,0.0
1484,0.0
1485,0.0
1486,0.0
1487,0.0
1488,0.0
1489,0.0
1490,0.0
1491,0.0
1492,0.0
1493,0.0
1494,14.069999999999997
1495,14.136999999999999
1496,14.069999999999997
1497,13.935999999999996
1498,13.734999999999998
1499,13.399999999999997
1500,13.265999999999998
1501,12.930999999999997
1502,12.729999999999999
1503,12.796999999999997
1504,12.796999999999997
1505,0.0
1506,0.0
1507,0.0
1508,0.0
1509,0.0
1510,0.0
1511,0.0
1512,0.0
1513,0.0
1514,0.0
1515,0.0
1516,0.0
1517,0.0
1518,13.734999999999998
1519,13.600999999999999
1520,13.868999999999996
1521,13.332999999999997
1522,13.198999999999996
1523,12.796999999999997
1524,12.528999999999998
1525,11.657999999999998
1526,11.858999999999996
1527,10.987999999999996
1528,10.987999999999996
1529,0.0
1530,0.0
1531,0.0
1532,0.0
1533,0.0
1534,0.0
1535,0.0
1536,0.0
1537,0.0
1538,0.0
1539,0.0
1540,0.0
1541,0.0
1542,15.342999999999996
1543,15.208999999999996
1544,14.873999999999997
1545,14.002999999999997
1546,12.863999999999997
1547,11.724999999999998
1548,10.853999999999997
1549,9.982999999999999
1550,9.379999999999999
1551,9.111999999999998
1552,9.044999999999998
1553,0.0
1554,0.0
1555,0.0
1556,0.0
1557,0.0
1558,0.0
1559,0.0
1560,0.0
1561,0.0
1562,0.0
1563,0.0
1564,0.0
1565,0.0
1566,0.0
1567,0.0
1568,0.0
1569,0.0
1570,0.0
1571,0.0
1572,0.0
1573,0.0
1574,0.0
1575,0.0
1576,0.0
1577,0.0
1578,0.0
1579,0.0
1580,0.0
1581,0.0
1582,0.0
1583,0.0
1584,0.0
1585,0.0
1586,0.0
1587,0.0
1588,0.0
1589,0.0
1590,0.0
1591,0.0
1592,0.0
1593,0.0
1594,0.0
1595,0.0
1596,0.0
1597,0.0
1598,0.0
1599,0.0
1600,0.0
1601,0.0
1602,0.0
1603,0.0
1604,0.0
1605,0.0
1606,0.0
1607,0.0
1608,0.0
1609,0.0
1610,0.0
1611,0.0
1612,0.0
1613,0.0
1614,8.374999999999998
1615,8.106999999999998
1616,8.241
1617,7.637999999999999
1618,7.168999999999999
1619,6.766999999999999
1620,6.364999999999999
1621,6.565999999999999
1622,7.771999999999998
1623,7.905999999999999
1624,7.4369999999999985
1625,0.0
1626,0.0
1627,0.0
1628,0.0
1629,0.0
1630,0.0
1631,0.0
1632,0.0
1633,0.0
1634,0.0
1635,0.0
1636,0.0
1637,0.0
1638,8.173999999999998
1639,8.308
1640,8.173999999999998
1641,8.04
1642,7.570999999999999
1643,7.1019999999999985
1644,6.565999999999999
1645,6.297999999999999
1646,6.163999999999998
1647,7.034999999999998
1648,6.833999999999999
1649,0.0
1650,0.0
1651,0.0
1652,0.0
1653,0.0
1654,0.0
1655,0.0
1656,0.0
1657,0.0
1658,0.0
1659,0.0
1660,0.0
1661,0.0
1662,7.4369999999999985
1663,7.4369999999999985
1664,7.4369999999999985
1665,7.235999999999999
1666,6.967999999999998
1667,6.498999999999998
1668,5.761999999999999
1669,5.426999999999999
1670,5.226
1671,5.292999999999999
1672,5.226
1673,0.0
1674,0.0
1675,0.0
1676,0.0
1677,0.0
1678,0.0
1679,0.0
1680,0.0
1681,0.0
1682,0.0
1683,0.0
1684,0.0
1685,0.0
1686,7.503999999999998
1687,7.503999999999998
1688,7.302999999999999
1689,7.1019999999999985
1690,7.637999999999999
1691,7.905999999999999
1692,7.168999999999999
1693,7.168999999999999
1694,7.302999999999999
1695,7.369999999999999
1696,7.235999999999999
1697,0.0
1698,0.0
1699,0.0
1700,0.0
1701,0.0
1702,0.0
1703,0.0
1704,0.0
1705,0.0
1706,0.0
1707,0.0
1708,0.0
1709,0.0
1710,11.121999999999998
1711,11.591
1712,11.121999999999998
1713,10.049999999999997
1714,9.245999999999999
1715,8.441999999999998
1716,7.369999999999999
1717,7.034999999999998
1718,7.034999999999998
1719,7.034999999999998
1720,7.034999999999998
1721,0.0
1722,0.0
1723,0.0
1724,0.0
1725,0.0
1726,0.0
1727,0.0
1728,0.0
1729,0.0
1730,0.0
1731,0.0
1732,0.0
1733,0.0
1734,0.0
1735,0.0
1736,0.0
1737,0.0
1738,0.0
1739,0.0
1740,0.0
1741,0.0
1742,0.0
1743,0.0
1744,0.0
1745,0.0
1746,0.0
1747,0.0
1748,0.0
1749,0.0
1750,0.0
1751,0.0
1752,0.0
1753,0.0
1754,0.0
1755,0.0
1756,0.0
1757,0.0
1758,0.0
1759,0.0
1760,0.0
1761,0.0
1762,0.0
1763,0.0
1764,0.0
1765,0.0
1766,0.0
1767,0.0
1768,0.0
1769,0.0
1770,0.0
1771,0.0
1772,0.0
1773,0.0
1774,0.0
1775,0.0
1776,0.0
1777,0.0
1778,0.0
1779,0.0
1780,0.0
1781,0.0
1782,10.719999999999999
1783,10.786999999999999
1784,10.719999999999999
1785,10.451999999999998
1786,10.183999999999997
1787,9.781999999999998
1788,9.513999999999998
1789,9.044999999999998
1790,8.776999999999997
1791,8.575999999999999
1792,8.441999999999998
1793,0.0
1794,0.0
1795,0.0
1796,0.0
1797,0.0
1798,0.0
1799,0.0
1800,0.0
1801,0.0
1802,0.0
1803,0.0
1804,0.0
1805,0.0
1806,10.251
1807,10.317999999999998
1808,9.915999999999999
1809,9.379999999999999
1810,8.441999999999998
1811,7.838999999999998
1812,7.972999999999999
1813,7.905999999999999
1814,7.4369999999999985
1815,6.900999999999999
1816,6.766999999999999
1817,0.0
1818,0.0
1819,0.0
1820,0.0
1821,0.0
1822,0.0
1823,0.0
1824,0.0
1825,0.0
1826,0.0
1827,0.0
1828,0.0
1829,0.0
1830,12.327999999999996
1831,12.528999999999998
1832,12.528999999999998
1833,12.394999999999998
1834,11.992999999999997
1835,11.456999999999999
1836,10.451999999999998
1837,10.049999999999997
1838,9.111999999999998
1839,8.241
1840,7.838999999999998
1841,0.0
1842,0.0
1843,0.0
1844,0.0
1845,0.0
1846,0.0
1847,0.0
1848,0.0
1849,0.0
1850,0.0
1851,0.0
1852,0.0
1853,0.0
1854,13.198999999999996
1855,12.796999999999997
1856,12.126999999999999
1857,11.188999999999997
1858,10.317999999999998
1859,10.317999999999998
1860,9.379999999999999
1861,8.508999999999999
1862,7.905999999999999
1863,7.503999999999998
1864,7.168999999999999
1865,0.0
1866,0.0
1867,0.0
1868,0.0
1869,0.0
1870,0.0
1871,0.0
1872,0.0
1873,0.0
1874,0.0
1875,0.0
1876,0.0
1877,0.0
1878,15.342999999999996
1879,15.744999999999997
1880,14.471999999999998
1881,12.193999999999997
1882,10.786999999999999
1883,10.251
1884,9.648
1885,9.245999999999999
1886,8.575999999999999
1887,8.374999999999998
1888,8.441999999999998
1889,0.0
1890,0.0
1891,0.0
1892,0.0
1893,0.0
1894,0.0
1895,0.0
1896,0.0
1897,0.0
1898,0.0
1899,0.0
1900,0.0
1901,0.0
1902,0.0
1903,0.0
1904,0.0
1905,0.0
1906,0.0
1907,0.0
1908,0.0
1909,0.0
1910,0.0
1911,0.0
1912,0.0
1913,0.0
1914,0.0
1915,0.0
1916,0.0
1917,0.0
1918,0.0
1919,0.0
1920,0.0
1921,0.0
1922,0.0
1923,0.0
1924,0.0
1925,0.0
1926,0.0
1927,0.0
1928,0.0
1929,0.0
1930,0.0
1931,0.0
1932,0.0
1933,0.0
1934,0.0
1935,0.0
1936,0.0
1937,0.0
1938,0.0
1939,0.0
1940,0.0
1941,0.0
1942,0.0
1943,0.0
1944,0.0
1945,0.0
1946,0.0
1947,0.0
1948,0.0
1949,0.0
1950,9.312999999999999
1951,9.245999999999999
1952,9.178999999999998
1953,9.111999999999998
1954,8.776999999999997
1955,8.441999999999998
1956,9.044999999999998
1957,9.581
1958,9.447
1959,9.379999999999999
1960,9.714999999999998
1961,0.0
1962,0.0
1963,0.0
1964,0.0
1965,0.0
1966,0.0
1967,0.0
1968,0.0
1969,0.0
1970,0.0
1971,0.0
1972,0.0
1973,0.0
1974,12.729999999999999
1975,12.863999999999997
1976,12.394999999999998
1977,11.389999999999999
1978,10.652999999999999
1979,10.049999999999997
1980,10.251
1981,10.920999999999998
1982,10.116999999999997
1983,10.049999999999997
1984,9.982999999999999
1985,0.0
1986,0.0
1987,0.0
1988,0.0
1989,0.0
1990,0.0
1991,0.0
1992,0.0
1993,0.0
1994,0.0
1995,0.0
1996,0.0
1997,0.0
1998,11.188999999999997
1999,11.322999999999997
2000,11.322999999999997
2001,10.853999999999997
2002,10.384999999999998
2003,10.183999999999997
2004,9.648
2005,9.178999999999998
2006,8.977999999999998
2007,8.374999999999998
2008,8.508999999999999
2009,0.0
2010,0.0
2011,0.0
2012,0.0
2013,0.0
2014,0.0
2015,0.0
2016,0.0
2017,0.0
2018,0.0
2019,0.0
2020,0.0
2021,0.0
2022,11.791999999999998
2023,11.591
2024,10.920999999999998
2025,9.447
2026,8.977999999999998
2027,7.838999999999998
2028,6.900999999999999
2029,6.565999999999999
2030,6.231
2031,6.163999999999998
2032,6.231
2033,0.0
2034,0.0
2035,0.0
2036,0.0
2037,0.0
2038,0.0
2039,0.0
2040,0.0
2041,0.0
2042,0.0
2043,0.0
2044,0.0
2045,0.0
2046,8.308
2047,8.776999999999997
2048,8.642999999999999
2049,8.106999999999998
2050,7.570999999999999
2051,6.632999999999999
2052,5.694999999999999
2053,5.426999999999999
2054,5.493999999999998
2055,5.292999999999999
2056,4.756999999999999
2057,0.0
2058,0.0
2059,0.0
2060,0.0
2061,0.0
2062,0.0
2063,0.0
2064,0.0
2065,0.0
2066,0.0
2067,0.0
2068,0.0
2069,0.0
2070,0.0
2071,0.0
2072,0.0
2073,0.0
2074,0.0
2075,0.0
2076,0.0
2077,0.0
2078,0.0
2079,0.0
2080,0.0
2081,0.0
2082,0.0
2083,0.0
2084,0.0
2085,0.0
2086,0.0
2087,0.0
2088,0.0
2089,0.0
2090,0.0
2091,0.0
2092,0.0
2093,0.0
2094,0.0
2095,0.0
2096,0.0
2097,0.0
2098,0.0
2099,0.0
2100,0.0
2101,0.0
2102,0.0
2103,0.0
2104,0.0
2105,0.0
2106,0.0
2107,0.0
2108,0.0
2109,0.0
2110,0.0
2111,0.0
2112,0.0
2113,0.0
2114,0.0
2115,0.0
2116,0.0
2117,0.0
2118,9.982999999999999
2119,10.384999999999998
2120,9.781999999999998
2121,9.178999999999998
2122,8.04
2123,7.4369999999999985
2124,6.699999999999998
2125,6.0299999999999985
2126,6.163999999999998
2127,6.163999999999998
2128,6.231
2129,0.0
2130,0.0
2131,0.0
2132,0.0
2133,0.0
2134,0.0
2135,0.0
2136,0.0
2137,0.0
2138,0.0
2139,0.0
2140,0.0
2141,0.0
2142,12.528999999999998
2143,12.528999999999998
2144,11.255999999999998
2145,9.312999999999999
2146,7.704999999999999
2147,6.900999999999999
2148,6.297999999999999
2149,5.627999999999999
2150,5.158999999999999
2151,4.823999999999999
2152,4.622999999999999
2153,0.0
2154,0.0
2155,0.0
2156,0.0
2157,0.0
2158,0.0
2159,0.0
2160,0.0
2161,0.0
2162,0.0
2163,0.0
2164,0.0
2165,0.0
2166,13.198999999999996
2167,12.863999999999997
2168,9.915999999999999
2169,8.508999999999999
2170,6.833999999999999
2171,5.560999999999999
2172,4.6899999999999995
2173,3.9529999999999994
2174,3.4169999999999994
2175,2.8810000000000002
2176,2.9479999999999986
2177,0.0
2178,0.0
2179,0.0
2180,0.0
2181,0.0
2182,0.0
2183,0.0
2184,0.0
2185,0.0
2186,0.0
2187,0.0
2188,0.0
2189,0.0
2190,14.136999999999999
2191,13.131999999999998
2192,11.389999999999999
2193,8.241
2194,6.900999999999999
2195,5.962999999999999
2196,4.488999999999998
2197,4.756999999999999
2198,4.488999999999998
2199,4.421999999999999
2200,4.221
2201,0.0
2202,0.0
2203,0.0
2204,0.0
2205,0.0
2206,0.0
2207,0.0
2208,0.0
2209,0.0
2210,0.0
2211,0.0
2212,0.0
2213,0.0
2214,9.581
2215,9.714999999999998
2216,9.178999999999998
2217,8.04
2218,7.4369999999999985
2219,6.900999999999999
2220,6.833999999999999
2221,6.699999999999998
2222,7.302999999999999
2223,7.704999999999999
2224,8.308
2225,0.0
2226,0.0
2227,0.0
2228,0.0
2229,0.0
2230,0.0
2231,0.0
2232,0.0
2233,0.0
2234,0.0
2235,0.0
2236,0.0
2237,0.0
2238,0.0
2239,0.0
2240,0.0
2241,0.0
2242,0.0
2243,0.0
2244,0.0
2245,0.0
2246,0.0
2247,0.0
2248,0.0
2249,0.0
2250,0.0
2251,0.0
2252,0.0
2253,0.0
2254,0.0
2255,0.0
2256,0.0
2257,0.0
2258,0.0
2259,0.0
2260,0.0
2261,0.0
2262,0.0
2263,0.0
2264,0.0
2265,0.0
2266,0.0
2267,0.0
2268,0.0
2269,0.0
2270,0.0
2271,0.0
2272,0.0
2273,0.0
2274,0.0
2275,0.0
2276,0.0
2277,0.0
2278,0.0
2279,0.0
2280,0.0
2281,0.0
2282,0.0
2283,0.0
2284,0.0
2285,0.0
2286,11.255999999999998
2287,11.322999999999997
2288,11.322999999999997
2289,11.322999999999997
2290,10.920999999999998
2291,10.585999999999999
2292,10.384999999999998
2293,9.982999999999999
2294,10.049999999999997
2295,10.317999999999998
2296,10.251
2297,0.0
2298,0.0
2299,0.0
2300,0.0
2301,0.0
2302,0.0
2303,0.0
2304,0.0
2305,0.0
2306,0.0
2307,0.0
2308,0.0
2309,0.0
2310,15.945999999999998
2311,14.739999999999998
2312,12.528999999999998
2313,10.853999999999997
2314,10.585999999999999
2315,9.982999999999999
2316,9.178999999999998
2317,8.308
2318,7.570999999999999
2319,7.302999999999999
2320,7.034999999999998
2321,0.0
2322,0.0
2323,0.0
2324,0.0
2325,0.0
2326,0.0
2327,0.0
2328,0.0
2329,0.0
2330,0.0
2331,0.0
2332,0.0
2333,0.0
2334,13.265999999999998
2335,13.064999999999998
2336,12.462
2337,11.389999999999999
2338,9.781999999999998
2339,7.972999999999999
2340,6.900999999999999
2341,6.0299999999999985
2342,5.761999999999999
2343,5.359999999999999
2344,5.694999999999999
2345,0.0
2346,0.0
2347,0.0
2348,0.0
2349,0.0
2350,0.0
2351,0.0
2352,0.0
2353,0.0
2354,0.0
2355,0.0
2356,0.0
2357,0.0
2358,14.672999999999996
2359,14.136999999999999
2360,12.662999999999997
2361,11.121999999999998
2362,9.581
2363,8.106999999999998
2364,7.503999999999998
2365,7.302999999999999
2366,6.699999999999998
2367,6.498999999999998
2368,6.297999999999999
2369,0.0
2370,0.0
2371,0.0
2372,0.0
2373,0.0
2374,0.0
2375,0.0
2376,0.0
2377,0.0
2378,0.0
2379,0.0
2380,0.0
2381,0.0
2382,11.389999999999999
2383,11.121999999999998
2384,10.116999999999997
2385,8.508999999999999
2386,7.369999999999999
2387,6.833999999999999
2388,6.431999999999999
2389,6.498999999999998
2390,6.766999999999999
2391,6.632999999999999
2392,6.498999999999998
2393,0.0
2394,0.0
2395,0.0
2396,0.0
2397,0.0
2398,0.0
2399,0.0
2400,0.0
2401,0.0
2402,0.0
2403,0.0
2404,0.0
2405,0.0
2406,0.0
2407,0.0
2408,0.0
2409,0.0
2410,0.0
2411,0.0
2412,0.0
2413,0.0
2414,0.0
2415,0.0
2416,0.0
2417,0.0
2418,0.0
2419,0.0
2420,0.0
2421,0.0
2422,0.0
2423,0.0
2424,0.0
2425,0.0
2426,0.0
2427,0.0
2428,0.0
2429,0.0
2430,0.0
2431,0.0
2432,0.0
2433,0.0
2434,0.0
2435,0.0
2436,0.0
2437,0.0
2438,0.0
2439,0.0
2440,0.0
2441,0.0
2442,0.0
2443,0.0
2444,0.0
2445,0.0
2446,0.0
2447,0.0
2448,0.0
2449,0.0
2450,0.0
2451,0.0
2452,0.0
2453,0.0
2454,9.915999999999999
2455,9.714999999999998
2456,9.714999999999998
2457,9.581
2458,10.251
2459,10.116999999999997
2460,9.648
2461,9.111999999999998
2462,7.838999999999998
2463,7.4369999999999985
2464,7.168999999999999
2465,0.0
2466,0.0
2467,0.0
2468,0.0
2469,0.0
2470,0.0
2471,0.0
2472,0.0
2473,0.0
2474,0.0
2475,0.0
2476,0.0
2477,0.0
2478,11.389999999999999
2479,10.987999999999996
2480,10.451999999999998
2481,9.513999999999998
2482,9.245999999999999
2483,11.188999999999997
2484,10.451999999999998
2485,8.308
2486,8.441999999999998
2487,9.848999999999997
2488,9.781999999999998
2489,0.0
2490,0.0
2491,0.0
2492,0.0
2493,0.0
2494,0.0
2495,0.0
2496,0.0
2497,0.0
2498,0.0
2499,0.0
2500,0.0
2501,0.0
2502,11.121999999999998
2503,10.920999999999998
2504,10.384999999999998
2505,10.251
2506,9.648
2507,9.044999999999998
2508,8.241
2509,7.503999999999998
2510,7.235999999999999
2511,8.910999999999998
2512,9.044999999999998
2513,0.0
2514,0.0
2515,0.0
2516,0.0
2517,0.0
2518,0.0
2519,0.0
2520,0.0
2521,0.0
2522,0.0
2523,0.0
2524,0.0
2525,0.0
2526,9.915999999999999
2527,9.848999999999997
2528,9.447
2529,8.910999999999998
2530,8.374999999999998
2531,8.173999999999998
2532,7.570999999999999
2533,6.565999999999999
2534,6.231
2535,5.828999999999999
2536,5.091999999999999
2537,0.0
2538,0.0
2539,0.0
2540,0.0
2541,0.0
2542,0.0
2543,0.0
2544,0.0
2545,0.0
2546,0.0
2547,0.0
2548,0.0
2549,0.0
2550,9.781999999999998
2551,9.848999999999997
2552,9.781999999999998
2553,9.513999999999998
2554,8.374999999999998
2555,8.441999999999998
2556,7.905999999999999
2557,6.967999999999998
2558,6.766999999999999
2559,6.231
2560,5.560999999999999
2561,0.0
2562,0.0
2563,0.0
2564,0.0
2565,0.0
2566,0.0
2567,0.0
2568,0.0
2569,0.0
2570,0.0
2571,0.0
2572,0.0
2573,0.0
2574,0.0
2575,0.0
2576,0.0
2577,0.0
2578,0.0
2579,0.0
2580,0.0
2581,0.0
2582,0.0
2583,0.0
2584,0.0
2585,0.0
2586,0.0
2587,0.0
2588,0.0
2589,0.0
2590,0.0
2591,0.0
2592,0.0
2593,0.0
2594,0.0
2595,0.0
2596,0.0
2597,0.0
2598,0.0
2599,0.0
2600,0.0
2601,0.0
2602,0.0
2603,0.0
2604,0.0
2605,0.0
2606,0.0
2607,0.0
2608,0.0
2609,0.0
2610,0.0
2611,0.0
2612,0.0
2613,0.0
2614,0.0
2615,0.0
2616,0.0
2617,0.0
2618,0.0
2619,0.0
2620,0.0
2621,0.0
2622,8.173999999999998
2623,8.106999999999998
2624,7.503999999999998
2625,6.699999999999998
2626,5.895999999999999
2627,4.6899999999999995
2628,4.287999999999999
2629,3.4839999999999987
2630,3.349999999999999
2631,2.8810000000000002
2632,2.2779999999999987
2633,0.0
2634,0.0
2635,0.0
2636,0.0
2637,0.0
2638,0.0
2639,0.0
2640,0.0
2641,0.0
2642,0.0
2643,0.0
2644,0.0
2645,0.0
2646,9.447
2647,8.241
2648,6.364999999999999
2649,5.426999999999999
2650,4.3549999999999995
2651,3.4169999999999994
2652,2.5460000000000003
2653,1.6749999999999996
2654,1.2060000000000002
2655,0.6029999999999989
2656,0.6029999999999989
2657,0.0
2658,0.0
2659,0.0
2660,0.0
2661,0.0
2662,0.0
2663,0.0
2664,0.0
2665,0.0
2666,0.0
2667,0.0
2668,0.0
2669,0.0
2670,6.096999999999999
2671,5.292999999999999
2672,3.9529999999999994
2673,3.2829999999999986
2674,2.2779999999999987
2675,1.7420000000000007
2676,1.6079999999999988
2677,1.4739999999999993
2678,1.6079999999999988
2679,1.2060000000000002
2680,1.1389999999999993
2681,0.0
2682,0.0
2683,0.0
2684,0.0
2685,0.0
2686,0.0
2687,0.0
2688,0.0
2689,0.0
2690,0.0
2691,0.0
2692,0.0
2693,0.0
2694,8.575999999999999
2695,6.498999999999998
2696,5.226
2697,4.153999999999999
2698,2.2779999999999987
2699,1.4070000000000007
2700,0.7370000000000009
2701,0.0
2702,0.0
2703,0.0
2704,0.0
2705,0.0
2706,0.0
2707,0.0
2708,0.0
2709,0.0
2710,0.0
2711,0.0
2712,0.0
2713,0.0
2714,0.0
2715,0.0
2716,0.0
2717,0.0
2718,2.6799999999999997
2719,2.478999999999999
2720,1.7420000000000007
2721,1.005
2722,0.33499999999999996
2723,0.4689999999999995
2724,0.8039999999999994
2725,1.0720000000000007
2726,1.2729999999999988
2727,0.4689999999999995
2728,1.2060000000000002
2729,0.0
2730,0.0
2731,0.0
2732,0.0
2733,0.0
2734,0.0
2735,0.0
2736,0.0
2737,0.0
2738,0.0
2739,0.0
2740,0.0
2741,0.0
2742,0.0
2743,0.0
2744,0.0
2745,0.0
2746,0.0
2747,0.0
2748,0.0
2749,0.0
2750,0.0
2751,0.0
2752,0.0
2753,0.0
2754,0.0
2755,0.0
2756,0.0
2757,0.0
2758,0.0
2759,0.0
2760,0.0
2761,0.0
2762,0.0
2763,0.0
2764,0.0
2765,0.0
2766,0.0
2767,0.0
2768,0.0
2769,0.0
2770,0.0
2771,0.0
2772,0.0
2773,0.0
2774,0.0
2775,0.0
2776,0.0
2777,0.0
2778,0.0
2779,0.0
2780,0.0
2781,0.0
2782,0.0
2783,0.0
2784,0.0
2785,0.0
2786,0.0
2787,0.0
2788,0.0
2789,0.0
2790,10.116999999999997
2791,9.245999999999999
2792,7.503999999999998
2793,6.231
2794,5.359999999999999
2795,4.756999999999999
2796,4.6899999999999995
2797,4.287999999999999
2798,3.8859999999999997
2799,3.4169999999999994
2800,3.0820000000000003
2801,0.0
2802,0.0
2803,0.0
2804,0.0
2805,0.0
2806,0.0
2807,0.0
2808,0.0
2809,0.0
2810,0.0
2811,0.0
2812,0.0
2813,0.0
2814,11.188999999999997
2815,9.982999999999999
2816,8.642999999999999
2817,6.833999999999999
2818,4.287999999999999
2819,2.9479999999999986
2820,2.211
2821,1.7420000000000007
2822,1.7420000000000007
2823,1.4739999999999993
2824,1.0720000000000007
2825,0.0
2826,0.0
2827,0.0
2828,0.0
2829,0.0
2830,0.0
2831,0.0
2832,0.0
2833,0.0
2834,0.0
2835,0.0
2836,0.0
2837,0.0
2838,7.4369999999999985
2839,7.369999999999999
2840,6.967999999999998
2841,6.967999999999998
2842,6.297999999999999
2843,4.622999999999999
2844,4.02
2845,3.2829999999999986
2846,3.2829999999999986
2847,3.0149999999999992
2848,3.349999999999999
2849,0.0
2850,0.0
2851,0.0
2852,0.0
2853,0.0
2854,0.0
2855,0.0
2856,0.0
2857,0.0
2858,0.0
2859,0.0
2860,0.0
2861,0.0
2862,10.987999999999996
2863,10.317999999999998
2864,9.781999999999998
2865,9.111999999999998
2866,7.704999999999999
2867,7.771999999999998
2868,7.369999999999999
2869,6.967999999999998
2870,7.034999999999998
2871,6.431999999999999
2872,6.498999999999998
2873,0.0
2874,0.0
2875,0.0
2876,0.0
2877,0.0
2878,0.0
2879,0.0
2880,0.0
2881,0.0
2882,0.0
2883,0.0
2884,0.0
2885,0.0
2886,13.734999999999998
2887,11.657999999999998
2888,8.441999999999998
2889,7.168999999999999
2890,6.364999999999999
2891,5.560999999999999
2892,5.426999999999999
2893,4.823999999999999
2894,4.3549999999999995
2895,4.153999999999999
2896,4.02
2897,0.0
2898,0.0
2899,0.0
2900,0.0
2901,0.0
2902,0.0
2903,0.0
2904,0.0
2905,0.0
2906,0.0
2907,0.0
2908,0.0
2909,0.0
2910,0.0
2911,0.0
2912,0.0
2913,0.0
2914,0.0
2915,0.0
2916,0.0
2917,0.0
2918,0.0
2919,0.0
2920,0.0
2921,0.0
2922,0.0
2923,0.0
2924,0.0
2925,0.0
2926,0.0
2927,0.0
2928,0.0
2929,0.0
2930,0.0
2931,0.0
2932,0.0
2933,0.0
2934,0.0
2935,0.0
2936,0.0
2937,0.0
2938,0.0
2939,0.0
2940,0.0
2941,0.0
2942,0.0
2943,0.0
2944,0.0
2945,0.0
2946,0.0
2947,0.0
2948,0.0
2949,0.0
2950,0.0
2951,0.0
2952,0.0
2953,0.0
2954,0.0
2955,0.0
2956,0.0
2957,0.0
2958,8.374999999999998
2959,8.441999999999998
2960,8.508999999999999
2961,8.575999999999999
2962,8.308
2963,8.241
2964,8.241
2965,7.905999999999999
2966,7.302999999999999
2967,6.833999999999999
2968,6.766999999999999
2969,0.0
2970,0.0
2971,0.0
2972,0.0
2973,0.0
2974,0.0
2975,0.0
2976,0.0
2977,0.0
2978,0.0
2979,0.0
2980,0.0
2981,0.0
2982,11.188999999999997
2983,10.183999999999997
2984,9.447
2985,8.441999999999998
2986,7.503999999999998
2987,6.833999999999999
2988,6.364999999999999
2989,6.297999999999999
2990,5.895999999999999
2991,5.627999999999999
2992,6.096999999999999
2993,0.0
2994,0.0
2995,0.0
2996,0.0
2997,0.0
2998,0.0
2999,0.0
3000,0.0
3001,0.0
3002,0.0
3003,0.0
3004,0.0
3005,0.0
3006,10.987999999999996
3007,9.848999999999997
3008,9.044999999999998
3009,8.374999999999998
3010,6.967999999999998
3011,6.364999999999999
3012,5.292999999999999
3013,4.957999999999999
3014,5.091999999999999
3015,4.823999999999999
3016,4.622999999999999
3017,0.0
3018,0.0
3019,0.0
3020,0.0
3021,0.0
3022,0.0
3023,0.0
3024,0.0
3025,0.0
3026,0.0
3027,0.0
3028,0.0
3029,0.0
3030,9.848999999999997
3031,8.977999999999998
3032,8.173999999999998
3033,6.833999999999999
3034,6.096999999999999
3035,5.493999999999998
3036,4.622999999999999
3037,4.756999999999999
3038,4.02
3039,3.751999999999999
3040,4.3549999999999995
3041,0.0
3042,0.0
3043,0.0
3044,0.0
3045,0.0
3046,0.0
3047,0.0
3048,0.0
3049,0.0
3050,0.0
3051,0.0
3052,0.0
3053,0.0
3054,10.317999999999998
3055,9.044999999999998
3056,8.04
3057,6.632999999999999
3058,5.895999999999999
3059,5.024999999999999
3060,4.287999999999999
3061,3.6179999999999994
3062,3.4839999999999987
3063,2.6129999999999987
3064,1.9429999999999987
3065,0.0
3066,0.0
3067,0.0
3068,0.0
3069,0.0
3070,0.0
3071,0.0
3072,0.0
3073,0.0
3074,0.0
3075,0.0
3076,0.0
3077,0.0
3078,0.0
3079,0.0
3080,0.0
3081,0.0
3082,0.0
3083,0.0
3084,0.0
3085,0.0
3086,0.0
3087,0.0
3088,0.0
3089,0.0
3090,0.0
3091,0.0
3092,0.0
3093,0.0
3094,0.0
3095,0.0
3096,0.0
3097,0.0
3098,0.0
3099,0.0
3100,0.0
3101,0.0
3102,0.0
3103,0.0
3104,0.0
3105,0.0
3106,0.0
3107,0.0
3108,0.0
3109,0.0
3110,0.0
3111,0.0
3112,0.0
3113,0.0
3114,0.0
3115,0.0
3116,0.0
3117,0.0
3118,0.0
3119,0.0
3120,0.0
3121,0.0
3122,0.0
3123,0.0
3124,0.0
3125,0.0
3126,5.895999999999999
3127,3.9529999999999994
3128,2.478999999999999
3129,1.005
3130,0.0
3131,0.0
3132,0.0
3133,0.0
3134,0.0
3135,0.0
3136,0.0
3137,0.0
3138,0.0
3139,0.0
3140,0.0
3141,0.0
3142,0.0
3143,0.0
3144,0.0
3145,0.0
3146,0.0
3147,0.0
3148,0.0
3149,0.0
3150,5.627999999999999
3151,3.6179999999999994
3152,2.0770000000000004
3153,1.4070000000000007
3154,0.937999999999999
3155,0.06700000000000093
3156,0.0
3157,0.0
3158,0.0
3159,0.0
3160,0.0
3161,0.0
3162,0.0
3163,0.0
3164,0.0
3165,0.0
3166,0.0
3167,0.0
3168,0.0
3169,0.0
3170,0.0
3171,0.0
3172,0.0
3173,0.0
3174,5.828999999999999
3175,4.02
3176,2.6129999999999987
3177,1.9429999999999987
3178,1.1389999999999993
3179,0.7370000000000009
3180,0.0
3181,0.0
3182,0.0
3183,0.0
3184,0.0
3185,0.0
3186,0.0
3187,0.0
3188,0.0
3189,0.0
3190,0.0
3191,0.0
3192,0.0
3193,0.0
3194,0.0
3195,0.0
3196,0.0
3197,0.0
3198,4.622999999999999
3199,4.221
3200,3.6179999999999994
3201,2.5460000000000003
3202,1.2729999999999988
3203,0.0
3204,0.0
3205,0.0
3206,0.0
3207,0.0
3208,0.0
3209,0.0
3210,0.0
3211,0.0
3212,0.0
3213,0.0
3214,0.0
3215,0.0
3216,0.0
3217,0.0
3218,0.0
3219,0.0
3220,0.0
3221,0.0
3222,6.297999999999999
3223,6.231
3224,5.426999999999999
3225,4.421999999999999
3226,3.751999999999999
3227,3.0149999999999992
3228,2.0770000000000004
3229,1.6749999999999996
3230,1.5410000000000001
3231,1.0720000000000007
3232,0.937999999999999
3233,0.0
3234,0.0
3235,0.0
3236,0.0
3237,0.0
3238,0.0
3239,0.0
3240,0.0
3241,0.0
3242,0.0
3243,0.0
3244,0.0
3245,0.0
3246,0.0
3247,0.0
3248,0.0
3249,0.0
3250,0.0
3251,0.0
3252,0.0
3253,0.0
3254,0.0
3255,0.0
3256,0.0
3257,0.0
3258,0.0
3259,0.0
3260,0.0
3261,0.0
3262,0.0
3263,0.0
3264,0.0
3265,0.0
3266,0.0
3267,0.0
3268,0.0
3269,0.0
3270,0.0
3271,0.0
3272,0.0
3273,0.0
3274,0.0
3275,0.0
3276,0.0
3277,0.0
3278,0.0
3279,0.0
3280,0.0
3281,0.0
3282,0.0
3283,0.0
3284,0.0
3285,0.0
3286,0.0
3287,0.0
3288,0.0
3289,0.0
3290,0.0
3291,0.0
3292,0.0
3293,0.0
3294,7.771999999999998
3295,7.570999999999999
3296,7.235999999999999
3297,6.967999999999998
3298,6.431999999999999
3299,5.828999999999999
3300,4.823999999999999
3301,4.890999999999999
3302,4.756999999999999
3303,5.024999999999999
3304,5.226
3305,0.0
3306,0.0
3307,0.0
3308,0.0
3309,0.0
3310,0.0
3311,0.0
3312,0.0
3313,0.0
3314,0.0
3315,0.0
3316,0.0
3317,0.0
3318,7.905999999999999
3319,6.900999999999999
3320,5.761999999999999
3321,4.890999999999999
3322,4.3549999999999995
3323,4.622999999999999
3324,4.488999999999998
3325,4.221
3326,4.02
3327,3.2829999999999986
3328,3.349999999999999
3329,0.0
3330,0.0
3331,0.0
3332,0.0
3333,0.0
3334,0.0
3335,0.0
3336,0.0
3337,0.0
3338,0.0
3339,0.0
3340,0.0
3341,0.0
3342,9.447
3343,8.709999999999999
3344,5.962999999999999
3345,4.488999999999998
3346,4.488999999999998
3347,3.9529999999999994
3348,3.4169999999999994
3349,2.7470000000000003
3350,2.6799999999999997
3351,2.0770000000000004
3352,1.6079999999999988
3353,0.0
3354,0.0
3355,0.0
3356,0.0
3357,0.0
3358,0.0
3359,0.0
3360,0.0
3361,0.0
3362,0.0
3363,0.0
3364,0.0
3365,0.0
3366,8.508999999999999
3367,7.4369999999999985
3368,5.895999999999999
3369,5.426999999999999
3370,4.957999999999999
3371,4.622999999999999
3372,4.02
3373,3.9529999999999994
3374,3.9529999999999994
3375,4.02
3376,3.6849999999999996
3377,0.0
3378,0.0
3379,0.0
3380,0.0
3381,0.0
3382,0.0
3383,0.0
3384,0.0
3385,0.0
3386,0.0
3387,0.0
3388,0.0
3389,0.0
3390,10.116999999999997
3391,7.972999999999999
3392,6.096999999999999
3393,5.091999999999999
3394,4.556
3395,3.551
3396,2.9479999999999986
3397,2.3449999999999998
3398,1.9429999999999987
3399,1.4739999999999993
3400,1.5410000000000001
3401,0.0
3402,0.0
3403,0.0
3404,0.0
3405,0.0
3406,0.0
3407,0.0
3408,0.0
3409,0.0
3410,0.0
3411,0.0
3412,0.0
3413,0.0
3414,0.0
3415,0.0
3416,0.0
3417,0.0
3418,0.0
3419,0.0
3420,0.0
3421,0.0
3422,0.0
3423,0.0
3424,0.0
3425,0.0
3426,0.0
3427,0.0
3428,0.0
3429,0.0
3430,0.0
3431,0.0
3432,0.0
3433,0.0
3434,0.0
3435,0.0
3436,0.0
3437,0.0
3438,0.0
3439,0.0
3440,0.0
3441,0.0
3442,0.0
3443,0.0
3444,0.0
3445,0.0
3446,0.0
3447,0.0
3448,0.0
3449,0.0
3450,0.0
3451,0.0
3452,0.0
3453,0.0
3454,0.0
3455,0.0
3456,0.0
3457,0.0
3458,0.0
3459,0.0
3460,0.0
3461,0.0
3462,6.833999999999999
3463,6.364999999999999
3464,5.895999999999999
3465,5.694999999999999
3466,5.761999999999999
3467,6.431999999999999
3468,6.900999999999999
3469,4.488999999999998
3470,3.8189999999999986
3471,3.2159999999999997
3472,3.4169999999999994
3473,0.0
3474,0.0
3475,0.0
3476,0.0
3477,0.0
3478,0.0
3479,0.0
3480,0.0
3481,0.0
3482,0.0
3483,0.0
3484,0.0
3485,0.0
3486,7.1019999999999985
3487,5.962999999999999
3488,4.287999999999999
3489,3.0149999999999992
3490,2.7470000000000003
3491,3.0149999999999992
3492,3.2829999999999986
3493,3.0820000000000003
3494,3.0149999999999992
3495,4.086999999999999
3496,4.3549999999999995
3497,0.0
3498,0.0
3499,0.0
3500,0.0
3501,0.0
3502,0.0
3503,0.0
3504,0.0
3505,0.0
3506,0.0
3507,0.0
3508,0.0
3509,0.0
3510,7.034999999999998
3511,6.163999999999998
3512,5.024999999999999
3513,4.221
3514,3.551
3515,2.8810000000000002
3516,2.2779999999999987
3517,1.6749999999999996
3518,1.7420000000000007
3519,1.005
3520,1.0720000000000007
3521,0.0
3522,0.0
3523,0.0
3524,0.0
3525,0.0
3526,0.0
3527,0.0
3528,0.0
3529,0.0
3530,0.0
3531,0.0
3532,0.0
3533,0.0
3534,6.231
3535,6.096999999999999
3536,5.627999999999999
3537,5.091999999999999
3538,4.221
3539,3.751999999999999
3540,2.9479999999999986
3541,2.4120000000000004
3542,2.01
3543,1.005
3544,1.2729999999999988
3545,0.0
3546,0.0
3547,0.0
3548,0.0
3549,0.0
3550,0.0
3551,0.0
3552,0.0
3553,0.0
3554,0.0
3555,0.0
3556,0.0
3557,0.0
3558,5.962999999999999
3559,5.560999999999999
3560,5.359999999999999
3561,4.957999999999999
3562,3.551
3563,3.4169999999999994
3564,3.2159999999999997
3565,3.4169999999999994
3566,3.0820000000000003
3567,3.0149999999999992
3568,2.9479999999999986
3569,0.0
3570,0.0
3571,0.0
3572,0.0
3573,0.0
3574,0.0
3575,0.0
3576,0.0
3577,0.0
3578,0.0
3579,0.0
3580,0.0
3581,0.0
3582,0.0
3583,0.0
3584,0.0
3585,0.0
3586,0.0
3587,0.0
3588,0.0
3589,0.0
3590,0.0
3591,0.0
3592,0.0
3593,0.0
3594,0.0
3595,0.0
3596,0.0
3597,0.0
3598,0.0
3599,0.0
3600,0.0
3601,0.0
3602,0.0
3603,0.0
3604,0.0
3605,0.0
3606,0.0
3607,0.0
3608,0.0
3609,0.0
3610,0.0
3611,0.0
3612,0.0
3613,0.0
3614,0.0
3615,0.0
3616,0.0
3617,0.0
3618,0.0
3619,0.0
3620,0.0
3621,0.0
3622,0.0
3623,0.0
3624,0.0
3625,0.0
3626,0.0
3627,0.0
3628,0.0
3629,0.0
3630,9.379999999999999
3631,6.833999999999999
3632,5.359999999999999
3633,4.890999999999999
3634,4.556
3635,3.4839999999999987
3636,3.148999999999999
3637,3.0820000000000003
3638,2.4120000000000004
3639,2.01
3640,1.7420000000000007
3641,0.0
3642,0.0
3643,0.0
3644,0.0
3645,0.0
3646,0.0
3647,0.0
3648,0.0
3649,0.0
3650,0.0
3651,0.0
3652,0.0
3653,0.0
3654,7.235999999999999
3655,5.158999999999999
3656,3.551
3657,2.478999999999999
3658,1.8089999999999993
3659,0.937999999999999
3660,0.5360000000000004
3661,0.0
3662,0.0
3663,0.0
3664,0.0
3665,0.0
3666,0.0
3667,0.0
3668,0.0
3669,0.0
3670,0.0
3671,0.0
3672,0.0
3673,0.0
3674,0.0
3675,0.0
3676,0.0
3677,0.0
3678,3.6179999999999994
3679,3.0820000000000003
3680,2.0770000000000004
3681,1.0720000000000007
3682,0.7370000000000009
3683,0.0
3684,0.0
3685,0.0
3686,0.0
3687,0.0
3688,0.0
3689,0.0
3690,0.0
3691,0.0
3692,0.0
3693,0.0
3694,0.0
3695,0.0
3696,0.0
3697,0.0
3698,0.0
3699,0.0
3700,0.0
3701,0.0
3702,3.4169999999999994
3703,3.2829999999999986
3704,2.478999999999999
3705,1.9429999999999987
3706,1.005
3707,0.1339999999999995
3708,0.0
3709,0.0
3710,0.0
3711,0.0
3712,0.0
3713,0.0
3714,0.0
3715,0.0
3716,0.0
3717,0.0
3718,0.0
3719,0.0
3720,0.0
3721,0.0
3722,0.0
3723,0.0
3724,0.0
3725,0.0
3726,2.8810000000000002
3727,2.5460000000000003
3728,1.7420000000000007
3729,1.5410000000000001
3730,0.6699999999999999
3731,0.0
3732,0.0
3733,0.0
3734,0.0
3735,0.0
3736,0.0
3737,0.0
3738,0.0
3739,0.0
3740,0.0
3741,0.0
3742,0.0
3743,0.0
3744,0.0
3745,0.0
3746,0.0
3747,0.0
3748,0.0
3749,0.0
3750,0.0
3751,0.0
3752,0.0
3753,0.0
3754,0.0
3755,0.0
3756,0.0
3757,0.0
3758,0.0
3759,0.0
3760,0.0
3761,0.0
3762,0.0
3763,0.0
3764,0.0
3765,0.0
3766,0.0
3767,0.0
3768,0.0
3769,0.0
3770,0.0
3771,0.0
3772,0.0
3773,0.0
3774,0.0
3775,0.0
3776,0.0
3777,0.0
3778,0.0
3779,0.0
3780,0.0
3781,0.0
3782,0.0
3783,0.0
3784,0.0
3785,0.0
3786,0.0
3787,0.0
3788,0.0
3789,0.0
3790,0.0
3791,0.0
3792,0.0
3793,0.0
3794,0.0
3795,0.0
3796,0.0
3797,0.0
3798,4.421999999999999
3799,4.556
3800,5.226
3801,5.895999999999999
3802,5.761999999999999
3803,5.560999999999999
3804,4.957999999999999
3805,4.488999999999998
3806,3.8189999999999986
3807,3.4839999999999987
3808,3.0149999999999992
3809,0.0
3810,0.0
3811,0.0
3812,0.0
3813,0.0
3814,0.0
3815,0.0
3816,0.0
3817,0.0
3818,0.0
3819,0.0
3820,0.0
3821,0.0
3822,6.297999999999999
3823,5.694999999999999
3824,4.957999999999999
3825,4.421999999999999
3826,3.6179999999999994
3827,2.8810000000000002
3828,2.478999999999999
3829,1.8089999999999993
3830,2.0770000000000004
3831,1.5410000000000001
3832,1.8089999999999993
3833,0.0
3834,0.0
3835,0.0
3836,0.0
3837,0.0
3838,0.0
3839,0.0
3840,0.0
3841,0.0
3842,0.0
3843,0.0
3844,0.0
3845,0.0
3846,7.503999999999998
3847,4.823999999999999
3848,3.6179999999999994
3849,2.9479999999999986
3850,2.6799999999999997
3851,2.4120000000000004
3852,2.9479999999999986
3853,3.148999999999999
3854,2.8139999999999987
3855,2.2779999999999987
3856,1.6749999999999996
3857,0.0
3858,0.0
3859,0.0
3860,0.0
3861,0.0
3862,0.0
3863,0.0
3864,0.0
3865,0.0
3866,0.0
3867,0.0
3868,0.0
3869,0.0
3870,7.369999999999999
3871,6.833999999999999
3872,6.632999999999999
3873,5.627999999999999
3874,5.091999999999999
3875,3.8859999999999997
3876,3.2829999999999986
3877,2.8810000000000002
3878,2.6129999999999987
3879,2.8810000000000002
3880,3.148999999999999
3881,0.0
3882,0.0
3883,0.0
3884,0.0
3885,0.0
3886,0.0
3887,0.0
3888,0.0
3889,0.0
3890,0.0
3891,0.0
3892,0.0
3893,0.0
3894,7.637999999999999
3895,6.231
3896,5.292999999999999
3897,4.221
3898,3.6849999999999996
3899,3.2829999999999986
3900,2.5460000000000003
3901,2.211
3902,1.8089999999999993
3903,1.6079999999999988
3904,1.1389999999999993
3905,0.0
3906,0.0
3907,0.0
3908,0.0
3909,0.0
3910,0.0
3911,0.0
3912,0.0
3913,0.0
3914,0.0
3915,0.0
3916,0.0
3917,0.0
3918,0.0
3919,0.0
3920,0.0
3921,0.0
3922,0.0
3923,0.0
3924,0.0
3925,0.0
3926,0.0
3927,0.0
3928,0.0
3929,0.0
3930,0.0
3931,0.0
3932,0.0
3933,0.0
3934,0.0
3935,0.0
3936,0.0
3937,0.0
3938,0.0
3939,0.0
3940,0.0
3941,0.0
3942,0.0
3943,0.0
3944,0.0
3945,0.0
3946,0.0
3947,0.0
3948,0.0
3949,0.0
3950,0.0
3951,0.0
3952,0.0
3953,0.0
3954,0.0
3955,0.0
3956,0.0
3957,0.0
3958,0.0
3959,0.0
3960,0.0
3961,0.0
3962,0.0
3963,0.0
3964,0.0
3965,0.0
3966,5.895999999999999
3967,4.488999999999998
3968,3.4839999999999987
3969,1.4739999999999993
3970,0.0
3971,0.0
3972,0.0
3973,0.0
3974,0.0
3975,0.0
3976,0.0
3977,0.0
3978,0.0
3979,0.0
3980,0.0
3981,0.0
3982,0.0
3983,0.0
3984,0.0
3985,0.0
3986,0.0
3987,0.0
3988,0.0
3989,0.0
3990,3.751999999999999
3991,2.478999999999999
3992,1.6749999999999996
3993,0.937999999999999
3994,0.33499999999999996
3995,0.6029999999999989
3996,0.8039999999999994
3997,1.0720000000000007
3998,3.8189999999999986
3999,3.2829999999999986
4000,2.5460000000000003
4001,0.0
4002,0.0
4003,0.0
4004,0.0
4005,0.0
4006,0.0
4007,0.0
4008,0.0
4009,0.0
4010,0.0
4011,0.0
4012,0.0
4013,0.0
4014,6.699999999999998
4015,5.895999999999999
4016,5.024999999999999
4017,4.153999999999999
4018,3.4839999999999987
4019,3.0149999999999992
4020,2.478999999999999
4021,2.0770000000000004
4022,2.01
4023,1.8760000000000001
4024,1.6079999999999988
4025,0.0
4026,0.0
4027,0.0
4028,0.0
4029,0.0
4030,0.0
4031,0.0
4032,0.0
4033,0.0
4034,0.0
4035,0.0
4036,0.0
4037,0.0
4038,4.153999999999999
4039,3.751999999999999
4040,3.2829999999999986
4041,3.148999999999999
4042,3.6179999999999994
4043,3.751999999999999
4044,3.349999999999999
4045,3.0820000000000003
4046,3.6849999999999996
4047,3.8189999999999986
4048,4.3549999999999995
4049,0.0
4050,0.0
4051,0.0
4052,0.0
4053,0.0
4054,0.0
4055,0.0
4056,0.0
4057,0.0
4058,0.0
4059,0.0
4060,0.0
4061,0.0
4062,5.962999999999999
4063,5.828999999999999
4064,6.0299999999999985
4065,5.560999999999999
4066,5.560999999999999
4067,5.627999999999999
4068,5.560999999999999
4069,4.957999999999999
4070,4.6899999999999995
4071,4.556
4072,4.221
4073,0.0
4074,0.0
4075,0.0
4076,0.0
4077,0.0
4078,0.0
4079,0.0
4080,0.0
4081,0.0
4082,0.0
4083,0.0
4084,0.0
4085,0.0
4086,0.0
4087,0.0
4088,0.0
4089,0.0
4090,0.0
4091,0.0
4092,0.0
4093,0.0
4094,0.0
4095,0.0
4096,0.0
4097,0.0
4098,0.0
4099,0.0
4100,0.0
4101,0.0
4102,0.0
4103,0.0
4104,0.0
4105,0.0
4106,0.0
4107,0.0
4108,0.0
4109,0.0
4110,0.0
4111,0.0
4112,0.0
4113,0.0
4114,0.0
4115,0.0
4116,0.0
4117,0.0
4118,0.0
4119,0.0
4120,0.0
4121,0.0
4122,0.0
4123,0.0
4124,0.0
4125,0.0
4126,0.0
4127,0.0
4128,0.0
4129,0.0
4130,0.0
4131,0.0
4132,0.0
4133,0.0
4134,3.551
4135,2.6799999999999997
4136,2.01
4137,1.6079999999999988
4138,1.2060000000000002
4139,0.6699999999999999
4140,0.937999999999999
4141,1.4070000000000007
4142,2.9479999999999986
4143,2.8810000000000002
4144,2.478999999999999
4145,0.0
4146,0.0
4147,0.0
4148,0.0
4149,0.0
4150,0.0
4151,0.0
4152,0.0
4153,0.0
4154,0.0
4155,0.0
4156,0.0
4157,0.0
4158,4.756999999999999
4159,4.6899999999999995
4160,4.421999999999999
4161,3.6179999999999994
4162,3.6179999999999994
4163,3.551
4164,2.01
4165,2.1439999999999992
4166,1.6079999999999988
4167,2.3449999999999998
4168,2.211
4169,0.0
4170,0.0
4171,0.0
4172,0.0
4173,0.0
4174,0.0
4175,0.0
4176,0.0
4177,0.0
4178,0.0
4179,0.0
4180,0.0
4181,0.0
4182,6.096999999999999
4183,5.627999999999999
4184,5.226
4185,4.957999999999999
4186,4.3549999999999995
4187,3.4839999999999987
4188,3.8189999999999986
4189,4.421999999999999
4190,3.0820000000000003
4191,2.8810000000000002
4192,3.4169999999999994
4193,0.0
4194,0.0
4195,0.0
4196,0.0
4197,0.0
4198,0.0
4199,0.0
4200,0.0
4201,0.0
4202,0.0
4203,0.0
4204,0.0
4205,0.0
4206,6.0299999999999985
4207,5.493999999999998
4208,4.823999999999999
4209,4.6899999999999995
4210,4.756999999999999
4211,5.024999999999999
4212,5.493999999999998
4213,5.560999999999999
4214,5.426999999999999
4215,5.091999999999999
4216,5.024999999999999
4217,0.0
4218,0.0
4219,0.0
4220,0.0
4221,0.0
4222,0.0
4223,0.0
4224,0.0
4225,0.0
4226,0.0
4227,0.0
4228,0.0
4229,0.0
4230,2.9479999999999986
4231,2.9479999999999986
4232,2.4120000000000004
4233,2.0770000000000004
4234,1.4070000000000007
4235,0.7370000000000009
4236,0.0
4237,0.0
4238,0.0
4239,0.0
4240,0.0
4241,0.0
4242,0.0
4243,0.0
4244,0.0
4245,0.0
4246,0.0
4247,0.0
4248,0.0
4249,0.0
4250,0.0
4251,0.0
4252,0.0
4253,0.0
4254,0.0
4255,0.0
4256,0.0
4257,0.0
4258,0.0
4259,0.0
4260,0.0
4261,0.0
4262,0.0
4263,0.0
4264,0.0
4265,0.0
4266,0.0
4267,0.0
4268,0.0
4269,0.0
4270,0.0
4271,0.0
4272,0.0
4273,0.0
4274,0.0
4275,0.0
4276,0.0
4277,0.0
4278,0.0
4279,0.0
4280,0.0
4281,0.0
4282,0.0
4283,0.0
4284,0.0
4285,0.0
4286,0.0
4287,0.0
4288,0.0
4289,0.0
4290,0.0
4291,0.0
4292,0.0
4293,0.0
4294,0.0
4295,0.0
4296,0.0
4297,0.0
4298,0.0
4299,0.0
4300,0.0
4301,0.0
4302,3.4169999999999994
4303,3.4839999999999987
4304,3.349999999999999
4305,3.148999999999999
4306,2.6799999999999997
4307,1.8089999999999993
4308,1.4070000000000007
4309,1.4739999999999993
4310,1.7420000000000007
4311,0.40200000000000086
4312,0.33499999999999996
4313,0.0
4314,0.0
4315,0.0
4316,0.0
4317,0.0
4318,0.0
4319,0.0
4320,0.0
4321,0.0
4322,0.0
4323,0.0
4324,0.0
4325,0.0
4326,4.421999999999999
4327,3.9529999999999994
4328,3.2829999999999986
4329,2.6799999999999997
4330,1.9429999999999987
4331,1.6749999999999996
4332,0.937999999999999
4333,0.5360000000000004
4334,0.1339999999999995
4335,0.0
4336,0.0
4337,0.0
4338,0.0
4339,0.0
4340,0.0
4341,0.0
4342,0.0
4343,0.0
4344,0.0
4345,0.0
4346,0.0
4347,0.0
4348,0.0
4349,0.0
4350,4.556
4351,3.551
4352,2.478999999999999
4353,1.7420000000000007
4354,0.8710000000000003
4355,0.6699999999999999
4356,0.06700000000000093
4357,0.0
4358,0.0
4359,0.0
4360,0.0
4361,0.0
4362,0.0
4363,0.0
4364,0.0
4365,0.0
4366,0.0
4367,0.0
4368,0.0
4369,0.0
4370,0.0
4371,0.0
4372,0.0
4373,0.0
4374,5.226
4375,3.148999999999999
4376,1.4070000000000007
4377,0.0
4378,0.0
4379,0.0
4380,0.0
4381,0.0
4382,0.0
4383,0.0
4384,0.0
4385,0.0
4386,0.0
4387,0.0
4388,0.0
4389,0.0
4390,0.0
4391,0.0
4392,0.0
4393,0.0
4394,0.0
4395,0.0
4396,0.0
4397,0.0
4398,1.2060000000000002
4399,0.0
4400,0.0
4401,0.0
4402,0.0
4403,0.0
4404,0.0
4405,0.0
4406,0.0
4407,0.0
4408,0.0
4409,0.0
4410,0.0
4411,0.0
4412,0.0
4413,0.0
4414,0.0
4415,0.0
4416,0.0
4417,0.0
4418,0.0
4419,0.0
4420,0.0
4421,0.0
4422,0.0
4423,0.0
4424,0.0
4425,0.0
4426,0.0
4427,0.0
4428,0.0
4429,0.0
4430,0.0
4431,0.0
4432,0.0
4433,0.0
4434,0.0
4435,0.0
4436,0.0
4437,0.0
4438,0.0
4439,0.0
4440,0.0
4441,0.0
4442,0.0
4443,0.0
4444,0.0
4445,0.0
4446,0.0
4447,0.0
4448,0.0
4449,0.0
4450,0.0
4451,0.0
4452,0.0
4453,0.0
4454,0.0
4455,0.0
4456,0.0
4457,0.0
4458,0.0
4459,0.0
4460,0.0
4461,0.0
4462,0.0
4463,0.0
4464,0.0
4465,0.0
4466,0.0
4467,0.0
4468,0.0
4469,0.0
4470,7.168999999999999
4471,4.6899999999999995
4472,3.4169999999999994
4473,2.478999999999999
4474,1.2060000000000002
4475,0.33499999999999996
4476,0.0
4477,0.0
4478,0.0
4479,0.0
4480,0.0
4481,0.0
4482,0.0
4483,0.0
4484,0.0
4485,0.0
4486,0.0
4487,0.0
4488,0.0
4489,0.0
4490,0.0
4491,0.0
4492,0.0
4493,0.0
4494,2.7470000000000003
4495,2.3449999999999998
4496,1.4739999999999993
4497,1.2729999999999988
4498,0.40200000000000086
4499,0.0
4500,0.0
4501,0.0
4502,0.0
4503,0.0
4504,0.0
4505,0.0
4506,0.0
4507,0.0
4508,0.0
4509,0.0
4510,0.0
4511,0.0
4512,0.0
4513,0.0
4514,0.0
4515,0.0
4516,0.0
4517,0.0
4518,4.02
4519,3.551
4520,3.148999999999999
4521,4.221
4522,4.221
4523,3.2159999999999997
4524,2.1439999999999992
4525,2.478999999999999
4526,2.01
4527,1.6079999999999988
4528,2.211
4529,0.0
4530,0.0
4531,0.0
4532,0.0
4533,0.0
4534,0.0
4535,0.0
4536,0.0
4537,0.0
4538,0.0
4539,0.0
4540,0.0
4541,0.0
4542,4.086999999999999
4543,3.8859999999999997
4544,3.4839999999999987
4545,3.0820000000000003
4546,2.5460000000000003
4547,1.8089999999999993
4548,1.8089999999999993
4549,1.8760000000000001
4550,1.5410000000000001
4551,3.2159999999999997
4552,3.148999999999999
4553,0.0
4554,0.0
4555,0.0
4556,0.0
4557,0.0
4558,0.0
4559,0.0
4560,0.0
4561,0.0
4562,0.0
4563,0.0
4564,0.0
4565,0.0
4566,6.297999999999999
4567,5.426999999999999
4568,4.556
4569,3.8189999999999986
4570,2.8810000000000002
4571,2.211
4572,2.211
4573,1.8760000000000001
4574,1.6749999999999996
4575,1.6079999999999988
4576,1.4070000000000007
4577,0.0
4578,0.0
4579,0.0
4580,0.0
4581,0.0
4582,0.0
4583,0.0
4584,0.0
4585,0.0
4586,0.0
4587,0.0
4588,0.0
4589,0.0
4590,0.0
4591,0.0
4592,0.0
4593,0.0
4594,0.0
4595,0.0
4596,0.0
4597,0.0
4598,0.0
4599,0.0
4600,0.0
4601,0.0
4602,0.0
4603,0.0
4604,0.0
4605,0.0
4606,0.0
4607,0.0
4608,0.0
4609,0.0
4610,0.0
4611,0.0
4612,0.0
4613,0.0
4614,0.0
4615,0.0
4616,0.0
4617,0.0
4618,0.0
4619,0.0
4620,0.0
4621,0.0
4622,0.0
4623,0.0
4624,0.0
4625,0.0
4626,0.0
4627,0.0
4628,0.0
4629,0.0
4630,0.0
4631,0.0
4632,0.0
4633,0.0
4634,0.0
4635,0.0
4636,0.0
4637,0.0
4638,4.02
4639,3.751999999999999
4640,3.4839999999999987
4641,3.2829999999999986
4642,3.0820000000000003
4643,2.7470000000000003
4644,2.478999999999999
4645,2.478999999999999
4646,1.7420000000000007
4647,2.0770000000000004
4648,2.8139999999999987
4649,0.0
4650,0.0
4651,0.0
4652,0.0
4653,0.0
4654,0.0
4655,0.0
4656,0.0
4657,0.0
4658,0.0
4659,0.0
4660,0.0
4661,0.0
4662,6.699999999999998
4663,5.493999999999998
4664,4.421999999999999
4665,3.2829999999999986
4666,2.6799999999999997
4667,2.5460000000000003
4668,2.4120000000000004
4669,2.3449999999999998
4670,1.5410000000000001
4671,1.1389999999999993
4672,1.4739999999999993
4673,0.0
4674,0.0
4675,0.0
4676,0.0
4677,0.0
4678,0.0
4679,0.0
4680,0.0
4681,0.0
4682,0.0
4683,0.0
4684,0.0
4685,0.0
4686,6.632999999999999
4687,5.627999999999999
4688,4.890999999999999
4689,3.751999999999999
4690,3.349999999999999
4691,3.0149999999999992
4692,1.4070000000000007
4693,1.3399999999999999
4694,1.2060000000000002
4695,1.4070000000000007
4696,1.3399999999999999
4697,0.0
4698,0.0
4699,0.0
4700,0.0
4701,0.0
4702,0.0
4703,0.0
4704,0.0
4705,0.0
4706,0.0
4707,0.0
4708,0.0
4709,0.0
4710,3.8189999999999986
4711,3.4169999999999994
4712,3.0820000000000003
4713,2.1439999999999992
4714,1.7420000000000007
4715,1.6749999999999996
4716,1.4739999999999993
4717,1.005
4718,0.6699999999999999
4719,0.6699999999999999
4720,1.0720000000000007
4721,0.0
4722,0.0
4723,0.0
4724,0.0
4725,0.0
4726,0.0
4727,0.0
4728,0.0
4729,0.0
4730,0.0
4731,0.0
4732,0.0
4733,0.0
4734,2.478999999999999
4735,2.3449999999999998
4736,2.6129999999999987
4737,2.8139999999999987
4738,2.7470000000000003
4739,1.8760000000000001
4740,1.4070000000000007
4741,1.005
4742,0.40200000000000086
4743,0.0
4744,0.0
4745,0.0
4746,0.0
4747,0.0
4748,0.0
4749,0.0
4750,0.0
4751,0.0
4752,0.0
4753,0.0
4754,0.0
4755,0.0
4756,0.0
4757,0.0
4758,0.0
4759,0.0
4760,0.0
4761,0.0
4762,0.0
4763,0.0
4764,0.0
4765,0.0
4766,0.0
4767,0.0
4768,0.0
4769,0.0
4770,0.0
4771,0.0
4772,0.0
4773,0.0
4774,0.0
4775,0.0
4776,0.0
4777,0.0
4778,0.0
4779,0.0
4780,0.0
4781,0.0
4782,0.0
4783,0.0
4784,0.0
4785,0.0
4786,0.0
4787,0.0
4788,0.0
4789,0.0
4790,0.0
4791,0.0
4792,0.0
4793,0.0
4794,0.0
4795,0.0
4796,0.0
4797,0.0
4798,0.0
4799,0.0
4800,0.0
4801,0.0
4802,0.0
4803,0.0
4804,0.0
4805,0.0
4806,3.9529999999999994
4807,3.6849999999999996
4808,3.2829999999999986
4809,2.7470000000000003
4810,2.01
4811,1.2729999999999988
4812,0.8710000000000003
4813,0.267999999999999
4814,0.0
4815,0.0
4816,0.0
4817,0.0
4818,0.0
4819,0.0
4820,0.0
4821,0.0
4822,0.0
4823,0.0
4824,0.0
4825,0.0
4826,0.0
4827,0.0
4828,0.0
4829,0.0
4830,4.890999999999999
4831,3.8859999999999997
4832,3.2159999999999997
4833,2.5460000000000003
4834,3.0149999999999992
4835,3.0820000000000003
4836,3.0149999999999992
4837,3.0820000000000003
4838,3.148999999999999
4839,2.6129999999999987
4840,2.478999999999999
4841,0.0
4842,0.0
4843,0.0
4844,0.0
4845,0.0
4846,0.0
4847,0.0
4848,0.0
4849,0.0
4850,0.0
4851,0.0
4852,0.0
4853,0.0
4854,3.4839999999999987
4855,3.349999999999999
4856,2.478999999999999
4857,1.7420000000000007
4858,1.005
4859,0.0
4860,0.0
4861,0.0
4862,0.0
4863,0.0
4864,0.0
4865,0.0
4866,0.0
4867,0.0
4868,0.0
4869,0.0
4870,0.0
4871,0.0
4872,0.0
4873,0.0
4874,0.0
4875,0.0
4876,0.0
4877,0.0
4878,3.0149999999999992
4879,2.8139999999999987
4880,2.0770000000000004
4881,1.4070000000000007
4882,0.6029999999999989
4883,0.0
4884,0.0
4885,0.0
4886,0.0
4887,0.0
4888,0.0
4889,0.0
4890,0.0
4891,0.0
4892,0.0
4893,0.0
4894,0.0
4895,0.0
4896,0.0
4897,0.0
4898,0.0
4899,0.0
4900,0.0
4901,0.0
4902,1.8089999999999993
4903,0.937999999999999
4904,0.0
4905,0.0
4906,0.0
4907,0.0
4908,0.0
4909,0.0
4910,0.0
4911,0.0
4912,0.0
4913,0.0
4914,0.0
4915,0.0
4916,0.0
4917,0.0
4918,0.0
4919,0.0
4920,0.0
4921,0.0
4922,0.0
4923,0.0
4924,0.0
4925,0.0
4926,0.0
4927,0.0
4928,0.0
4929,0.0
4930,0.0
4931,0.0
4932,0.0
4933,0.0
4934,0.0
4935,0.0
4936,0.0
4937,0.0
4938,0.0
4939,0.0
4940,0.0
4941,0.0
4942,0.0
4943,0.0
4944,0.0
4945,0.0
4946,0.0
4947,0.0
4948,0.0
4949,0.0
4950,0.0
4951,0.0
4952,0.0
4953,0.0
4954,0.0
4955,0.0
4956,0.0
4957,0.0
4958,0.0
4959,0.0
4960,0.0
4961,0.0
4962,0.0
4963,0.0
4964,0.0
4965,0.0
4966,0.0
4967,0.0
4968,0.0
4969,0.0
4970,0.0
4971,0.0
4972,0.0
4973,0.0
4974,5.292999999999999
4975,4.957999999999999
4976,4.622999999999999
4977,4.488999999999998
4978,3.9529999999999994
4979,2.8139999999999987
4980,2.0770000000000004
4981,1.1389999999999993
4982,2.6129999999999987
4983,1.8089999999999993
4984,0.937999999999999
4985,0.0
4986,0.0
4987,0.0
4988,0.0
4989,0.0
4990,0.0
4991,0.0
4992,0.0
4993,0.0
4994,0.0
4995,0.0
4996,0.0
4997,0.0
4998,6.967999999999998
4999,6.231
5000,4.221
5001,3.0820000000000003
5002,2.211
5003,1.005
5004,0.937999999999999
5005,0.4689999999999995
5006,0.5360000000000004
5007,0.20100000000000043
5008,0.0
5009,0.0
5010,0.0
5011,0.0
5012,0.0
5013,0.0
5014,0.0
5015,0.0
5016,0.0
5017,0.0
5018,0.0
5019,0.0
5020,0.0
5021,0.0
5022,5.694999999999999
5023,4.3549999999999995
5024,3.4169999999999994
5025,2.0770000000000004
5026,1.2060000000000002
5027,0.6699999999999999
5028,0.33499999999999996
5029,0.0
5030,0.0
5031,0.0
5032,0.0
5033,0.0
5034,0.0
5035,0.0
5036,0.0
5037,0.0
5038,0.0
5039,0.0
5040,0.0
5041,0.0
5042,0.0
5043,0.0
5044,0.0
5045,0.0
5046,5.091999999999999
5047,3.6849999999999996
5048,1.9429999999999987
5049,0.5360000000000004
5050,0.0
5051,0.0
5052,0.0
5053,0.0
5054,0.0
5055,0.0
5056,0.0
5057,0.0
5058,0.0
5059,0.0
5060,0.0
5061,0.0
5062,0.0
5063,0.0
5064,0.0
5065,0.0
5066,0.0
5067,0.0
5068,0.0
5069,0.0
5070,3.4169999999999994
5071,2.211
5072,0.937999999999999
5073,0.0
5074,0.0
5075,0.0
5076,0.0
5077,0.0
5078,0.0
5079,0.0
5080,0.0
5081,0.0
5082,0.0
5083,0.0
5084,0.0
5085,0.0
5086,0.0
5087,0.0
5088,0.0
5089,0.0
5090,0.0
5091,0.0
5092,0.0
5093,0.0
5094,0.0
5095,0.0
5096,0.0
5097,0.0
5098,0.0
5099,0.0
5100,0.0
5101,0.0
5102,0.0
5103,0.0
5104,0.0
5105,0.0
5106,0.0
5107,0.0
5108,0.0
5109,0.0
5110,0.0
5111,0.0
5112,0.0
5113,0.0
5114,0.0
5115,0.0
5116,0.0
5117,0.0
5118,0.0
5119,0.0
5120,0.0
5121,0.0
5122,0.0
5123,0.0
5124,0.0
5125,0.0
5126,0.0
5127,0.0
5128,0.0
5129,0.0
5130,0.0
5131,0.0
5132,0.0
5133,0.0
5134,0.0
5135,0.0
5136,0.0
5137,0.0
5138,0.0
5139,0.0
5140,0.0
5141,0.0
5142,4.556
5143,4.221
5144,2.5460000000000003
5145,1.4739999999999993
5146,0.0
5147,0.0
5148,0.0
5149,0.0
5150,0.0
5151,0.0
5152,0.0
5153,0.0
5154,0.0
5155,0.0
5156,0.0
5157,0.0
5158,0.0
5159,0.0
5160,0.0
5161,0.0
5162,0.0
5163,0.0
5164,0.0
5165,0.0
5166,2.2779999999999987
5167,2.1439999999999992
5168,2.1439999999999992
5169,2.01
5170,1.6079999999999988
5171,0.8039999999999994
5172,0.0
5173,0.0
5174,0.0
5175,0.0
5176,1.3399999999999999
5177,0.0
5178,0.0
5179,0.0
5180,0.0
5181,0.0
5182,0.0
5183,0.0
5184,0.0
5185,0.0
5186,0.0
5187,0.0
5188,0.0
5189,0.0
5190,3.6179999999999994
5191,3.4839999999999987
5192,2.8810000000000002
5193,2.211
5194,1.6749999999999996
5195,1.6749999999999996
5196,1.005
5197,0.6029999999999989
5198,0.1339999999999995
5199,0.40200000000000086
5200,0.1339999999999995
5201,0.0
5202,0.0
5203,0.0
5204,0.0
5205,0.0
5206,0.0
5207,0.0
5208,0.0
5209,0.0
5210,0.0
5211,0.0
5212,0.0
5213,0.0
5214,3.9529999999999994
5215,3.6849999999999996
5216,3.0820000000000003
5217,2.3449999999999998
5218,1.6079999999999988
5219,1.005
5220,0.20100000000000043
5221,0.06700000000000093
5222,0.0
5223,0.0
5224,0.06700000000000093
5225,0.0
5226,0.0
5227,0.0
5228,0.0
5229,0.0
5230,0.0
5231,0.0
5232,0.0
5233,0.0
5234,0.0
5235,0.0
5236,0.0
5237,0.0
5238,2.6799999999999997
5239,2.478999999999999
5240,1.9429999999999987
5241,0.937999999999999
5242,0.0
5243,0.0
5244,0.0
5245,0.0
5246,0.0
5247,0.0
5248,0.0
5249,0.0
5250,0.0
5251,0.0
5252,0.0
5253,0.0
5254,0.0
5255,0.0
5256,0.0
5257,0.0
5258,0.0
5259,0.0
5260,0.0
5261,0.0
5262,0.0
5263,0.0
5264,0.0
5265,0.0
5266,0.0
5267,0.0
5268,0.0
5269,0.0
5270,0.0
5271,0.0
5272,0.0
5273,0.0
5274,0.0
5275,0.0
5276,0.0
5277,0.0
5278,0.0
5279,0.0
5280,0.0
5281,0.0
5282,0.0
5283,0.0
5284,0.0
5285,0.0
5286,0.0
5287,0.0
5288,0.0
5289,0.0
5290,0.0
5291,0.0
5292,0.0
5293,0.0
5294,0.0
5295,0.0
5296,0.0
5297,0.0
5298,0.0
5299,0.0
5300,0.0
5301,0.0
5302,0.0
5303,0.0
5304,0.0
5305,0.0
5306,0.0
5307,0.0
5308,0.0
5309,0.0
5310,5.091999999999999
5311,4.890999999999999
5312,4.3549999999999995
5313,3.4839999999999987
5314,3.0149999999999992
5315,2.8810000000000002
5316,2.211
5317,1.6079999999999988
5318,1.3399999999999999
5319,1.1389999999999993
5320,0.6029999999999989
5321,0.0
5322,0.0
5323,0.0
5324,0.0
5325,0.0
5326,0.0
5327,0.0
5328,0.0
5329,0.0
5330,0.0
5331,0.0
5332,0.0
5333,0.0
5334,2.2779999999999987
5335,2.01
5336,1.8089999999999993
5337,1.6749999999999996
5338,2.0770000000000004
5339,2.6799999999999997
5340,2.5460000000000003
5341,2.8139999999999987
5342,2.211
5343,1.5410000000000001
5344,1.0720000000000007
5345,0.0
5346,0.0
5347,0.0
5348,0.0
5349,0.0
5350,0.0
5351,0.0
5352,0.0
5353,0.0
5354,0.0
5355,0.0
5356,0.0
5357,0.0
5358,4.287999999999999
5359,3.9529999999999994
5360,3.2829999999999986
5361,2.4120000000000004
5362,2.0770000000000004
5363,1.5410000000000001
5364,1.0720000000000007
5365,0.7370000000000009
5366,0.20100000000000043
5367,0.06700000000000093
5368,0.267999999999999
5369,0.0
5370,0.0
5371,0.0
5372,0.0
5373,0.0
5374,0.0
5375,0.0
5376,0.0
5377,0.0
5378,0.0
5379,0.0
5380,0.0
5381,0.0
5382,4.153999999999999
5383,3.8189999999999986
5384,3.2829999999999986
5385,2.6799999999999997
5386,3.0820000000000003
5387,2.6129999999999987
5388,1.8760000000000001
5389,1.1389999999999993
5390,0.0
5391,0.0
5392,0.0
5393,0.0
5394,0.0
5395,0.0
5396,0.0
5397,0.0
5398,0.0
5399,0.0
5400,0.0
5401,0.0
5402,0.0
5403,0.0
5404,0.0
5405,0.0
5406,4.488999999999998
5407,3.8189999999999986
5408,3.4839999999999987
5409,2.478999999999999
5410,1.8760000000000001
5411,2.6129999999999987
5412,2.01
5413,3.148999999999999
5414,3.551
5415,2.6799999999999997
5416,2.6129999999999987
5417,0.0
5418,0.0
5419,0.0
5420,0.0
5421,0.0
5422,0.0
5423,0.0
5424,0.0
5425,0.0
5426,0.0
5427,0.0
5428,0.0
5429,0.0
5430,0.0
5431,0.0
5432,0.0
5433,0.0
5434,0.0
5435,0.0
5436,0.0
5437,0.0
5438,0.0
5439,0.0
5440,0.0
5441,0.0
5442,0.0
5443,0.0
5444,0.0
5445,0.0
5446,0.0
5447,0.0
5448,0.0
5449,0.0
5450,0.0
5451,0.0
5452,0.0
5453,0.0
5454,0.0
5455,0.0
5456,0.0
5457,0.0
5458,0.0
5459,0.0
5460,0.0
5461,0.0
5462,0.0
5463,0.0
5464,0.0
5465,0.0
5466,0.0
5467,0.0
5468,0.0
5469,0.0
5470,0.0
5471,0.0
5472,0.0
5473,0.0
5474,0.0
5475,0.0
5476,0.0
5477,0.0
5478,4.02
5479,3.349999999999999
5480,2.7470000000000003
5481,1.8089999999999993
5482,1.2729999999999988
5483,0.7370000000000009
5484,0.1339999999999995
5485,0.0
5486,0.0
5487,0.0
5488,0.0
5489,0.0
5490,0.0
5491,0.0
5492,0.0
5493,0.0
5494,0.0
5495,0.0
5496,0.0
5497,0.0
5498,0.0
5499,0.0
5500,0.0
5501,0.0
5502,4.488999999999998
5503,4.421999999999999
5504,3.9529999999999994
5505,3.2159999999999997
5506,2.211
5507,1.0720000000000007
5508,0.8710000000000003
5509,0.267999999999999
5510,0.0
5511,0.0
5512,0.0
5513,0.0
5514,0.0
5515,0.0
5516,0.0
5517,0.0
5518,0.0
5519,0.0
5520,0.0
5521,0.0
5522,0.0
5523,0.0
5524,0.0
5525,0.0
5526,2.9479999999999986
5527,3.2829999999999986
5528,3.6179999999999994
5529,3.6179999999999994
5530,3.8189999999999986
5531,3.6849999999999996
5532,2.2779999999999987
5533,1.8089999999999993
5534,1.8089999999999993
5535,1.2060000000000002
5536,1.6079999999999988
5537,0.0
5538,0.0
5539,0.0
5540,0.0
5541,0.0
5542,0.0
5543,0.0
5544,0.0
5545,0.0
5546,0.0
5547,0.0
5548,0.0
5549,0.0
5550,7.168999999999999
5551,5.493999999999998
5552,4.153999999999999
5553,2.4120000000000004
5554,1.005
5555,0.33499999999999996
5556,0.0
5557,0.0
5558,0.0
5559,0.0
5560,0.0
5561,0.0
5562,0.0
5563,0.0
5564,0.0
5565,0.0
5566,0.0
5567,0.0
5568,0.0
5569,0.0
5570,0.0
5571,0.0
5572,0.0
5573,0.0
5574,5.091999999999999
5575,3.9529999999999994
5576,2.7470000000000003
5577,2.2779999999999987
5578,1.6079999999999988
5579,0.4689999999999995
5580,0.0
5581,0.0
5582,0.0
5583,0.0
5584,0.0
5585,0.0
5586,0.0
5587,0.0
5588,0.0
5589,0.0
5590,0.0
5591,0.0
5592,0.0
5593,0.0
5594,0.0
5595,0.0
5596,0.0
5597,0.0
5598,0.0
5599,0.0
5600,0.0
5601,0.0
5602,0.0
5603,0.0
5604,0.0
5605,0.0
5606,0.0
5607,0.0
5608,0.0
5609,0.0
5610,0.0
5611,0.0
5612,0.0
5613,0.0
5614,0.0
5615,0.0
5616,0.0
5617,0.0
5618,0.0
5619,0.0
5620,0.0
5621,0.0
5622,0.0
5623,0.0
5624,0.0
5625,0.0
5626,0.0
5627,0.0
5628,0.0
5629,0.0
5630,0.0
5631,0.0
5632,0.0
5633,0.0
5634,0.0
5635,0.0
5636,0.0
5637,0.0
5638,0.0
5639,0.0
5640,0.0
5641,0.0
5642,0.0
5643,0.0
5644,0.0
5645,0.0
5646,2.3449999999999998
5647,1.4739999999999993
5648,0.8710000000000003
5649,0.0
5650,0.0
5651,0.0
5652,0.0
5653,0.0
5654,0.0
5655,0.0
5656,0.0
5657,0.0
5658,0.0
5659,0.0
5660,0.0
5661,0.0
5662,0.0
5663,0.0
5664,0.0
5665,0.0
5666,0.0
5667,0.0
5668,0.0
5669,0.0
5670,4.622999999999999
5671,4.421999999999999
5672,3.8859999999999997
5673,3.0820000000000003
5674,2.478999999999999
5675,1.6079999999999988
5676,0.20100000000000043
5677,0.0
5678,0.0
5679,0.0
5680,0.0
5681,0.0
5682,0.0
5683,0.0
5684,0.0
5685,0.0
5686,0.0
5687,0.0
5688,0.0
5689,0.0
5690,0.0
5691,0.0
5692,0.0
5693,0.0
5694,4.287999999999999
5695,3.6179999999999994
5696,3.0820000000000003
5697,2.478999999999999
5698,1.1389999999999993
5699,0.1339999999999995
5700,0.0
5701,0.0
5702,0.20100000000000043
5703,0.0
5704,0.0
5705,0.0
5706,0.0
5707,0.0
5708,0.0
5709,0.0
5710,0.0
5711,0.0
5712,0.0
5713,0.0
5714,0.0
5715,0.0
5716,0.0
5717,0.0
5718,4.221
5719,4.221
5720,3.6849999999999996
5721,3.4169999999999994
5722,3.2829999999999986
5723,3.0820000000000003
5724,3.0820000000000003
5725,3.6849999999999996
5726,3.6179999999999994
5727,2.9479999999999986
5728,2.6799999999999997
5729,0.0
5730,0.0
5731,0.0
5732,0.0
5733,0.0
5734,0.0
5735,0.0
5736,0.0
5737,0.0
5738,0.0
5739,0.0
5740,0.0
5741,0.0
5742,5.694999999999999
5743,5.627999999999999
5744,5.560999999999999
5745,5.024999999999999
5746,4.02
5747,2.8810000000000002
5748,1.5410000000000001
5749,1.1389999999999993
5750,0.5360000000000004
5751,0.1339999999999995
5752,0.0
5753,0.0
5754,0.0
5755,0.0
5756,0.0
5757,0.0
5758,0.0
5759,0.0
5760,0.0
5761,0.0
5762,0.0
5763,0.0
5764,0.0
5765,0.0
5766,0.0
5767,0.0
5768,0.0
5769,0.0
5770,0.0
5771,0.0
5772,0.0
5773,0.0
5774,0.0
5775,0.0
5776,0.0
5777,0.0
5778,0.0
5779,0.0
5780,0.0
5781,0.0
5782,0.0
5783,0.0
5784,0.0
5785,0.0
5786,0.0
5787,0.0
5788,0.0
5789,0.0
5790,0.0
5791,0.0
5792,0.0
5793,0.0
5794,0.0
5795,0.0
5796,0.0
5797,0.0
5798,0.0
5799,0.0
5800,0.0
5801,0.0
5802,0.0
5803,0.0
5804,0.0
5805,0.0
5806,0.0
5807,0.0
5808,0.0
5809,0.0
5810,0.0
5811,0.0
5812,0.0
5813,0.0
5814,4.622999999999999
5815,4.086999999999999
5816,3.6179999999999994
5817,3.4839999999999987
5818,3.2159999999999997
5819,3.0149999999999992
5820,2.3449999999999998
5821,1.4739999999999993
5822,0.8039999999999994
5823,0.4689999999999995
5824,0.1339999999999995
5825,0.0
5826,0.0
5827,0.0
5828,0.0
5829,0.0
5830,0.0
5831,0.0
5832,0.0
5833,0.0
5834,0.0
5835,0.0
5836,0.0
5837,0.0
5838,5.359999999999999
5839,5.024999999999999
5840,4.622999999999999
5841,4.287999999999999
5842,3.9529999999999994
5843,3.4839999999999987
5844,4.02
5845,4.6899999999999995
5846,4.622999999999999
5847,4.890999999999999
5848,5.158999999999999
5849,0.0
5850,0.0
5851,0.0
5852,0.0
5853,0.0
5854,0.0
5855,0.0
5856,0.0
5857,0.0
5858,0.0
5859,0.0
5860,0.0
5861,0.0
5862,9.447
5863,8.241
5864,6.364999999999999
5865,4.556
5866,3.2159999999999997
5867,3.0149999999999992
5868,2.6799999999999997
5869,2.211
5870,1.9429999999999987
5871,1.6079999999999988
5872,1.9429999999999987
5873,0.0
5874,0.0
5875,0.0
5876,0.0
5877,0.0
5878,0.0
5879,0.0
5880,0.0
5881,0.0
5882,0.0
5883,0.0
5884,0.0
5885,0.0
5886,7.972999999999999
5887,7.369999999999999
5888,6.231
5889,4.622999999999999
5890,3.0820000000000003
5891,2.01
5892,1.3399999999999999
5893,0.6699999999999999
5894,0.40200000000000086
5895,0.20100000000000043
5896,0.20100000000000043
5897,0.0
5898,0.0
5899,0.0
5900,0.0
5901,0.0
5902,0.0
5903,0.0
5904,0.0
5905,0.0
5906,0.0
5907,0.0
5908,0.0
5909,0.0
5910,5.962999999999999
5911,5.493999999999998
5912,4.02
5913,3.2159999999999997
5914,2.0770000000000004
5915,0.6699999999999999
5916,0.33499999999999996
5917,0.0
5918,0.0
5919,0.0
5920,0.0
5921,0.0
5922,0.0
5923,0.0
5924,0.0
5925,0.0
5926,0.0
5927,0.0
5928,0.0
5929,0.0
5930,0.0
5931,0.0
5932,0.0
5933,0.0
5934,0.0
5935,0.0
5936,0.0
5937,0.0
5938,0.0
5939,0.0
5940,0.0
5941,0.0
5942,0.0
5943,0.0
5944,0.0
5945,0.0
5946,0.0
5947,0.0
5948,0.0
5949,0.0
5950,0.0
5951,0.0
5952,0.0
5953,0.0
5954,0.0
5955,0.0
5956,0.0
5957,0.0
5958,0.0
5959,0.0
5960,0.0
5961,0.0
5962,0.0
5963,0.0
5964,0.0
5965,0.0
5966,0.0
5967,0.0
5968,0.0
5969,0.0
5970,0.0
5971,0.0
5972,0.0
5973,0.0
5974,0.0
5975,0.0
5976,0.0
5977,0.0
5978,0.0
5979,0.0
5980,0.0
5981,0.0
5982,5.761999999999999
5983,5.292999999999999
5984,4.153999999999999
5985,2.7470000000000003
5986,2.211
5987,0.33499999999999996
5988,0.0
5989,0.0
5990,0.0
5991,0.0
5992,0.0
5993,0.0
5994,0.0
5995,0.0
5996,0.0
5997,0.0
5998,0.0
5999,0.0
6000,0.0
6001,0.0
6002,0.0
6003,0.0
6004,0.0
6005,0.0
6006,5.627999999999999
6007,5.091999999999999
6008,3.4839999999999987
6009,2.01
6010,0.267999999999999
6011,0.0
6012,0.0
6013,0.0
6014,0.0
6015,0.0
6016,0.0
6017,0.0
6018,0.0
6019,0.0
6020,0.0
6021,0.0
6022,0.0
6023,0.0
6024,0.0
6025,0.0
6026,0.0
6027,0.0
6028,0.0
6029,0.0
6030,5.627999999999999
6031,4.622999999999999
6032,2.211
6033,0.6699999999999999
6034,0.0
6035,0.0
6036,0.0
6037,0.0
6038,0.0
6039,0.0
6040,0.0
6041,0.0
6042,0.0
6043,0.0
6044,0.0
6045,0.0
6046,0.0
6047,0.0
6048,0.0
6049,0.0
6050,0.0
6051,0.0
6052,0.0
6053,0.0
6054,4.890999999999999
6055,5.091999999999999
6056,5.091999999999999
6057,4.957999999999999
6058,4.756999999999999
6059,4.6899999999999995
6060,4.488999999999998
6061,4.3549999999999995
6062,4.421999999999999
6063,4.556
6064,4.622999999999999
6065,0.0
6066,0.0
6067,0.0
6068,0.0
6069,0.0
6070,0.0
6071,0.0
6072,0.0
6073,0.0
6074,0.0
6075,0.0
6076,0.0
6077,0.0
6078,4.957999999999999
6079,4.823999999999999
6080,4.6899999999999995
6081,4.421999999999999
6082,4.221
6083,3.751999999999999
6084,3.4839999999999987
6085,3.0820000000000003
6086,2.6129999999999987
6087,2.211
6088,1.8089999999999993
6089,0.0
6090,0.0
6091,0.0
6092,0.0
6093,0.0
6094,0.0
6095,0.0
6096,0.0
6097,0.0
6098,0.0
6099,0.0
6100,0.0
6101,0.0
6102,0.0
6103,0.0
6104,0.0
6105,0.0
6106,0.0
6107,0.0
6108,0.0
6109,0.0
6110,0.0
6111,0.0
6112,0.0
6113,0.0
6114,0.0
6115,0.0
6116,0.0
6117,0.0
6118,0.0
6119,0.0
6120,0.0
6121,0.0
6122,0.0
6123,0.0
6124,0.0
6125,0.0
6126,0.0
6127,0.0
6128,0.0
6129,0.0
6130,0.0
6131,0.0
6132,0.0
6133,0.0
6134,0.0
6135,0.0
6136,0.0
6137,0.0
6138,0.0
6139,0.0
6140,0.0
6141,0.0
6142,0.0
6143,0.0
6144,0.0
6145,0.0
6146,0.0
6147,0.0
6148,0.0
6149,0.0
6150,5.091999999999999
6151,5.024999999999999
6152,4.756999999999999
6153,4.02
6154,3.148999999999999
6155,3.0820000000000003
6156,2.6129999999999987
6157,2.478999999999999
6158,2.7470000000000003
6159,1.7420000000000007
6160,1.6749999999999996
6161,0.0
6162,0.0
6163,0.0
6164,0.0
6165,0.0
6166,0.0
6167,0.0
6168,0.0
6169,0.0
6170,0.0
6171,0.0
6172,0.0
6173,0.0
6174,7.034999999999998
6175,7.4369999999999985
6176,5.962999999999999
6177,4.153999999999999
6178,3.148999999999999
6179,2.0770000000000004
6180,1.8760000000000001
6181,1.5410000000000001
6182,1.4739999999999993
6183,1.8089999999999993
6184,1.6749999999999996
6185,0.0
6186,0.0
6187,0.0
6188,0.0
6189,0.0
6190,0.0
6191,0.0
6192,0.0
6193,0.0
6194,0.0
6195,0.0
6196,0.0
6197,0.0
6198,10.251
6199,10.049999999999997
6200,8.106999999999998
6201,6.163999999999998
6202,4.756999999999999
6203,3.6849999999999996
6204,2.8810000000000002
6205,1.8089999999999993
6206,2.211
6207,2.478999999999999
6208,2.6129999999999987
6209,0.0
6210,0.0
6211,0.0
6212,0.0
6213,0.0
6214,0.0
6215,0.0
6216,0.0
6217,0.0
6218,0.0
6219,0.0
6220,0.0
6221,0.0
6222,6.096999999999999
6223,5.895999999999999
6224,5.426999999999999
6225,4.756999999999999
6226,3.9529999999999994
6227,2.9479999999999986
6228,1.8760000000000001
6229,1.8760000000000001
6230,2.0770000000000004
6231,1.8760000000000001
6232,2.2779999999999987
6233,0.0
6234,0.0
6235,0.0
6236,0.0
6237,0.0
6238,0.0
6239,0.0
6240,0.0
6241,0.0
6242,0.0
6243,0.0
6244,0.0
6245,0.0
6246,6.632999999999999
6247,6.297999999999999
6248,5.895999999999999
6249,5.091999999999999
6250,4.3549999999999995
6251,3.751999999999999
6252,3.6849999999999996
6253,3.2829999999999986
6254,3.2159999999999997
6255,3.148999999999999
6256,3.2159999999999997
6257,0.0
6258,0.0
6259,0.0
6260,0.0
6261,0.0
6262,0.0
6263,0.0
6264,0.0
6265,0.0
6266,0.0
6267,0.0
6268,0.0
6269,0.0
6270,0.0
6271,0.0
6272,0.0
6273,0.0
6274,0.0
6275,0.0
6276,0.0
6277,0.0
6278,0.0
6279,0.0
6280,0.0
6281,0.0
6282,0.0
6283,0.0
6284,0.0
6285,0.0
6286,0.0
6287,0.0
6288,0.0
6289,0.0
6290,0.0
6291,0.0
6292,0.0
6293,0.0
6294,0.0
6295,0.0
6296,0.0
6297,0.0
6298,0.0
6299,0.0
6300,0.0
6301,0.0
6302,0.0
6303,0.0
6304,0.0
6305,0.0
6306,0.0
6307,0.0
6308,0.0
6309,0.0
6310,0.0
6311,0.0
6312,0.0
6313,0.0
6314,0.0
6315,0.0
6316,0.0
6317,0.0
6318,6.699999999999998
6319,6.632999999999999
6320,6.297999999999999
6321,5.627999999999999
6322,4.756999999999999
6323,4.153999999999999
6324,3.8859999999999997
6325,3.8189999999999986
6326,3.2829999999999986
6327,3.4169999999999994
6328,3.751999999999999
6329,0.0
6330,0.0
6331,0.0
6332,0.0
6333,0.0
6334,0.0
6335,0.0
6336,0.0
6337,0.0
6338,0.0
6339,0.0
6340,0.0
6341,0.0
6342,6.231
6343,6.231
6344,6.0299999999999985
6345,5.426999999999999
6346,4.488999999999998
6347,4.086999999999999
6348,4.6899999999999995
6349,5.694999999999999
6350,4.957999999999999
6351,4.556
6352,6.231
6353,0.0
6354,0.0
6355,0.0
6356,0.0
6357,0.0
6358,0.0
6359,0.0
6360,0.0
6361,0.0
6362,0.0
6363,0.0
6364,0.0
6365,0.0
6366,7.302999999999999
6367,7.570999999999999
6368,6.632999999999999
6369,6.163999999999998
6370,5.292999999999999
6371,4.823999999999999
6372,4.823999999999999
6373,4.622999999999999
6374,4.6899999999999995
6375,4.287999999999999
6376,5.158999999999999
6377,0.0
6378,0.0
6379,0.0
6380,0.0
6381,0.0
6382,0.0
6383,0.0
6384,0.0
6385,0.0
6386,0.0
6387,0.0
6388,0.0
6389,0.0
6390,5.962999999999999
6391,6.967999999999998
6392,5.761999999999999
6393,4.02
6394,3.2829999999999986
6395,2.478999999999999
6396,2.01
6397,1.5410000000000001
6398,2.01
6399,1.8089999999999993
6400,2.1439999999999992
6401,0.0
6402,0.0
6403,0.0
6404,0.0
6405,0.0
6406,0.0
6407,0.0
6408,0.0
6409,0.0
6410,0.0
6411,0.0
6412,0.0
6413,0.0
6414,10.451999999999998
6415,10.116999999999997
6416,8.642999999999999
6417,6.565999999999999
6418,4.890999999999999
6419,4.421999999999999
6420,4.287999999999999
6421,3.751999999999999
6422,3.0820000000000003
6423,2.7470000000000003
6424,2.6799999999999997
6425,0.0
6426,0.0
6427,0.0
6428,0.0
6429,0.0
6430,0.0
6431,0.0
6432,0.0
6433,0.0
6434,0.0
6435,0.0
6436,0.0
6437,0.0
6438,0.0
6439,0.0
6440,0.0
6441,0.0
6442,0.0
6443,0.0
6444,0.0
6445,0.0
6446,0.0
6447,0.0
6448,0.0
6449,0.0
6450,0.0
6451,0.0
6452,0.0
6453,0.0
6454,0.0
6455,0.0
6456,0.0
6457,0.0
6458,0.0
6459,0.0
6460,0.0
6461,0.0
6462,0.0
6463,0.0
6464,0.0
6465,0.0
6466,0.0
6467,0.0
6468,0.0
6469,0.0
6470,0.0
6471,0.0
6472,0.0
6473,0.0
6474,0.0
6475,0.0
6476,0.0
6477,0.0
6478,0.0
6479,0.0
6480,0.0
6481,0.0
6482,0.0
6483,0.0
6484,0.0
6485,0.0
6486,7.972999999999999
6487,7.838999999999998
6488,7.4369999999999985
6489,6.297999999999999
6490,5.226
6491,4.086999999999999
6492,3.148999999999999
6493,2.6129999999999987
6494,2.4120000000000004
6495,2.3449999999999998
6496,2.5460000000000003
6497,0.0
6498,0.0
6499,0.0
6500,0.0
6501,0.0
6502,0.0
6503,0.0
6504,0.0
6505,0.0
6506,0.0
6507,0.0
6508,0.0
6509,0.0
6510,4.556
6511,4.3549999999999995
6512,4.153999999999999
6513,3.8189999999999986
6514,3.4169999999999994
6515,3.0820000000000003
6516,3.148999999999999
6517,3.6849999999999996
6518,3.551
6519,3.9529999999999994
6520,3.9529999999999994
6521,0.0
6522,0.0
6523,0.0
6524,0.0
6525,0.0
6526,0.0
6527,0.0
6528,0.0
6529,0.0
6530,0.0
6531,0.0
6532,0.0
6533,0.0
6534,6.0299999999999985
6535,6.231
6536,5.962999999999999
6537,5.226
6538,4.622999999999999
6539,4.421999999999999
6540,4.086999999999999
6541,3.9529999999999994
6542,4.287999999999999
6543,4.221
6544,3.9529999999999994
6545,0.0
6546,0.0
6547,0.0
6548,0.0
6549,0.0
6550,0.0
6551,0.0
6552,0.0
6553,0.0
6554,0.0
6555,0.0
6556,0.0
6557,0.0
6558,4.421999999999999
6559,4.6899999999999995
6560,5.560999999999999
6561,5.426999999999999
6562,4.6899999999999995
6563,4.488999999999998
6564,4.221
6565,4.823999999999999
6566,4.6899999999999995
6567,4.6899999999999995
6568,4.756999999999999
6569,0.0
6570,0.0
6571,0.0
6572,0.0
6573,0.0
6574,0.0
6575,0.0
6576,0.0
6577,0.0
6578,0.0
6579,0.0
6580,0.0
6581,0.0
6582,8.508999999999999
6583,8.374999999999998
6584,8.173999999999998
6585,7.704999999999999
6586,7.704999999999999
6587,7.838999999999998
6588,7.302999999999999
6589,6.967999999999998
6590,6.297999999999999
6591,5.895999999999999
6592,6.364999999999999
6593,0.0
6594,0.0
6595,0.0
6596,0.0
6597,0.0
6598,0.0
6599,0.0
6600,0.0
6601,0.0
6602,0.0
6603,0.0
6604,0.0
6605,0.0
6606,0.0
6607,0.0
6608,0.0
6609,0.0
6610,0.0
6611,0.0
6612,0.0
6613,0.0
6614,0.0
6615,0.0
6616,0.0
6617,0.0
6618,0.0
6619,0.0
6620,0.0
6621,0.0
6622,0.0
6623,0.0
6624,0.0
6625,0.0
6626,0.0
6627,0.0
6628,0.0
6629,0.0
6630,0.0
6631,0.0
6632,0.0
6633,0.0
6634,0.0
6635,0.0
6636,0.0
6637,0.0
6638,0.0
6639,0.0
6640,0.0
6641,0.0
6642,0.0
6643,0.0
6644,0.0
6645,0.0
6646,0.0
6647,0.0
6648,0.0
6649,0.0
6650,0.0
6651,0.0
6652,0.0
6653,0.0
6654,9.982999999999999
6655,9.648
6656,9.178999999999998
6657,8.106999999999998
6658,7.302999999999999
6659,6.699999999999998
6660,6.231
6661,6.0299999999999985
6662,5.895999999999999
6663,5.828999999999999
6664,5.962999999999999
6665,0.0
6666,0.0
6667,0.0
6668,0.0
6669,0.0
6670,0.0
6671,0.0
6672,0.0
6673,0.0
6674,0.0
6675,0.0
6676,0.0
6677,0.0
6678,6.699999999999998
6679,6.632999999999999
6680,6.498999999999998
6681,6.096999999999999
6682,5.694999999999999
6683,5.359999999999999
6684,5.024999999999999
6685,5.024999999999999
6686,4.823999999999999
6687,4.421999999999999
6688,4.3549999999999995
6689,0.0
6690,0.0
6691,0.0
6692,0.0
6693,0.0
6694,0.0
6695,0.0
6696,0.0
6697,0.0
6698,0.0
6699,0.0
6700,0.0
6701,0.0
6702,1.8760000000000001
6703,1.9429999999999987
6704,1.8089999999999993
6705,1.6079999999999988
6706,1.3399999999999999
6707,0.937999999999999
6708,0.40200000000000086
6709,0.8710000000000003
6710,0.937999999999999
6711,1.5410000000000001
6712,1.7420000000000007
6713,0.0
6714,0.0
6715,0.0
6716,0.0
6717,0.0
6718,0.0
6719,0.0
6720,0.0
6721,0.0
6722,0.0
6723,0.0
6724,0.0
6725,0.0
6726,7.771999999999998
6727,7.905999999999999
6728,7.905999999999999
6729,7.905999999999999
6730,7.1019999999999985
6731,6.364999999999999
6732,5.627999999999999
6733,4.756999999999999
6734,4.622999999999999
6735,4.421999999999999
6736,4.421999999999999
6737,0.0
6738,0.0
6739,0.0
6740,0.0
6741,0.0
6742,0.0
6743,0.0
6744,0.0
6745,0.0
6746,0.0
6747,0.0
6748,0.0
6749,0.0
6750,9.044999999999998
6751,8.910999999999998
6752,8.977999999999998
6753,8.308
6754,7.302999999999999
6755,5.962999999999999
6756,5.493999999999998
6757,5.091999999999999
6758,4.957999999999999
6759,4.6899999999999995
6760,5.226
6761,0.0
6762,0.0
6763,0.0
6764,0.0
6765,0.0
6766,0.0
6767,0.0
6768,0.0
6769,0.0
6770,0.0
6771,0.0
6772,0.0
6773,0.0
6774,0.0
6775,0.0
6776,0.0
6777,0.0
6778,0.0
6779,0.0
6780,0.0
6781,0.0
6782,0.0
6783,0.0
6784,0.0
6785,0.0
6786,0.0
6787,0.0
6788,0.0
6789,0.0
6790,0.0
6791,0.0
6792,0.0
6793,0.0
6794,0.0
6795,0.0
6796,0.0
6797,0.0
6798,0.0
6799,0.0
6800,0.0
6801,0.0
6802,0.0
6803,0.0
6804,0.0
6805,0.0
6806,0.0
6807,0.0
6808,0.0
6809,0.0
6810,0.0
6811,0.0
6812,0.0
6813,0.0
6814,0.0
6815,0.0
6816,0.0
6817,0.0
6818,0.0
6819,0.0
6820,0.0
6821,0.0
6822,8.04
6823,8.241
6824,8.508999999999999
6825,7.972999999999999
6826,8.374999999999998
6827,8.575999999999999
6828,7.704999999999999
6829,7.570999999999999
6830,8.441999999999998
6831,7.503999999999998
6832,7.570999999999999
6833,0.0
6834,0.0
6835,0.0
6836,0.0
6837,0.0
6838,0.0
6839,0.0
6840,0.0
6841,0.0
6842,0.0
6843,0.0
6844,0.0
6845,0.0
6846,9.044999999999998
6847,9.111999999999998
6848,8.977999999999998
6849,7.905999999999999
6850,6.967999999999998
6851,6.163999999999998
6852,5.426999999999999
6853,5.226
6854,5.292999999999999
6855,5.292999999999999
6856,5.426999999999999
6857,0.0
6858,0.0
6859,0.0
6860,0.0
6861,0.0
6862,0.0
6863,0.0
6864,0.0
6865,0.0
6866,0.0
6867,0.0
6868,0.0
6869,0.0
6870,5.627999999999999
6871,5.359999999999999
6872,4.890999999999999
6873,4.488999999999998
6874,4.086999999999999
6875,3.6849999999999996
6876,3.751999999999999
6877,3.8189999999999986
6878,3.751999999999999
6879,3.751999999999999
6880,3.6849999999999996
6881,0.0
6882,0.0
6883,0.0
6884,0.0
6885,0.0
6886,0.0
6887,0.0
6888,0.0
6889,0.0
6890,0.0
6891,0.0
6892,0.0
6893,0.0
6894,7.972999999999999
6895,7.771999999999998
6896,7.570999999999999
6897,7.034999999999998
6898,5.761999999999999
6899,5.292999999999999
6900,4.957999999999999
6901,4.6899999999999995
6902,4.488999999999998
6903,4.890999999999999
6904,5.158999999999999
6905,0.0
6906,0.0
6907,0.0
6908,0.0
6909,0.0
6910,0.0
6911,0.0
6912,0.0
6913,0.0
6914,0.0
6915,0.0
6916,0.0
6917,0.0
6918,9.848999999999997
6919,9.714999999999998
6920,8.910999999999998
6921,8.642999999999999
6922,7.168999999999999
6923,5.828999999999999
6924,5.091999999999999
6925,5.426999999999999
6926,4.6899999999999995
6927,4.3549999999999995
6928,4.756999999999999
6929,0.0
6930,0.0
6931,0.0
6932,0.0
6933,0.0
6934,0.0
6935,0.0
6936,0.0
6937,0.0
6938,0.0
6939,0.0
6940,0.0
6941,0.0
6942,0.0
6943,0.0
6944,0.0
6945,0.0
6946,0.0
6947,0.0
6948,0.0
6949,0.0
6950,0.0
6951,0.0
6952,0.0
6953,0.0
6954,0.0
6955,0.0
6956,0.0
6957,0.0
6958,0.0
6959,0.0
6960,0.0
6961,0.0
6962,0.0
6963,0.0
6964,0.0
6965,0.0
6966,0.0
6967,0.0
6968,0.0
6969,0.0
6970,0.0
6971,0.0
6972,0.0
6973,0.0
6974,0.0
6975,0.0
6976,0.0
6977,0.0
6978,0.0
6979,0.0
6980,0.0
6981,0.0
6982,0.0
6983,0.0
6984,0.0
6985,0.0
6986,0.0
6987,0.0
6988,0.0
6989,0.0
6990,13.667999999999997
6991,13.533999999999997
6992,13.332999999999997
6993,12.260999999999997
6994,9.982999999999999
6995,8.508999999999999
6996,7.4369999999999985
6997,7.1019999999999985
6998,6.699999999999998
6999,6.632999999999999
7000,6.833999999999999
7001,0.0
7002,0.0
7003,0.0
7004,0.0
7005,0.0
7006,0.0
7007,0.0
7008,0.0
7009,0.0
7010,0.0
7011,0.0
7012,0.0
7013,0.0
7014,10.049999999999997
7015,10.652999999999999
7016,10.585999999999999
7017,10.116999999999997
7018,9.312999999999999
7019,8.575999999999999
7020,7.838999999999998
7021,7.570999999999999
7022,7.503999999999998
7023,7.570999999999999
7024,7.838999999999998
7025,0.0
7026,0.0
7027,0.0
7028,0.0
7029,0.0
7030,0.0
7031,0.0
7032,0.0
7033,0.0
7034,0.0
7035,0.0
7036,0.0
7037,0.0
7038,8.508999999999999
7039,8.04
7040,7.704999999999999
7041,7.369999999999999
7042,6.766999999999999
7043,7.168999999999999
7044,6.967999999999998
7045,6.231
7046,6.699999999999998
7047,6.766999999999999
7048,7.034999999999998
7049,0.0
7050,0.0
7051,0.0
7052,0.0
7053,0.0
7054,0.0
7055,0.0
7056,0.0
7057,0.0
7058,0.0
7059,0.0
7060,0.0
7061,0.0
7062,5.091999999999999
7063,5.292999999999999
7064,5.493999999999998
7065,5.292999999999999
7066,4.957999999999999
7067,4.556
7068,4.287999999999999
7069,4.3549999999999995
7070,3.6179999999999994
7071,3.9529999999999994
7072,3.8189999999999986
7073,0.0
7074,0.0
7075,0.0
7076,0.0
7077,0.0
7078,0.0
7079,0.0
7080,0.0
7081,0.0
7082,0.0
7083,0.0
7084,0.0
7085,0.0
7086,12.193999999999997
7087,11.925999999999998
7088,12.260999999999997
7089,10.251
7090,9.111999999999998
7091,7.235999999999999
7092,5.828999999999999
7093,4.756999999999999
7094,4.287999999999999
7095,3.8859999999999997
7096,3.6849999999999996
7097,0.0
7098,0.0
7099,0.0
7100,0.0
7101,0.0
7102,0.0
7103,0.0
7104,0.0
7105,0.0
7106,0.0
7107,0.0
7108,0.0
7109,0.0
7110,0.0
7111,0.0
7112,0.0
7113,0.0
7114,0.0
7115,0.0
7116,0.0
7117,0.0
7118,0.0
7119,0.0
7120,0.0
7121,0.0
7122,0.0
7123,0.0
7124,0.0
7125,0.0
7126,0.0
7127,0.0
7128,0.0
7129,0.0
7130,0.0
7131,0.0
7132,0.0
7133,0.0
7134,0.0
7135,0.0
7136,0.0
7137,0.0
7138,0.0
7139,0.0
7140,0.0
7141,0.0
7142,0.0
7143,0.0
7144,0.0
7145,0.0
7146,0.0
7147,0.0
7148,0.0
7149,0.0
7150,0.0
7151,0.0
7152,0.0
7153,0.0
7154,0.0
7155,0.0
7156,0.0
7157,0.0
7158,8.441999999999998
7159,8.843999999999998
7160,8.575999999999999
7161,7.838999999999998
7162,7.235999999999999
7163,6.231
7164,5.091999999999999
7165,3.8859999999999997
7166,3.2829999999999986
7167,3.0820000000000003
7168,3.0820000000000003
7169,0.0
7170,0.0
7171,0.0
7172,0.0
7173,0.0
7174,0.0
7175,0.0
7176,0.0
7177,0.0
7178,0.0
7179,0.0
7180,0.0
7181,0.0
7182,4.6899999999999995
7183,4.6899999999999995
7184,4.756999999999999
7185,4.086999999999999
7186,3.4169999999999994
7187,2.6799999999999997
7188,2.6799999999999997
7189,3.0149999999999992
7190,3.2829999999999986
7191,3.551
7192,3.6179999999999994
7193,0.0
7194,0.0
7195,0.0
7196,0.0
7197,0.0
7198,0.0
7199,0.0
7200,0.0
7201,0.0
7202,0.0
7203,0.0
7204,0.0
7205,0.0
7206,7.570999999999999
7207,7.771999999999998
7208,8.04
7209,8.374999999999998
7210,7.4369999999999985
7211,6.231
7212,5.292999999999999
7213,5.024999999999999
7214,5.226
7215,5.292999999999999
7216,5.694999999999999
7217,0.0
7218,0.0
7219,0.0
7220,0.0
7221,0.0
7222,0.0
7223,0.0
7224,0.0
7225,0.0
7226,0.0
7227,0.0
7228,0.0
7229,0.0
7230,12.528999999999998
7231,12.662999999999997
7232,12.796999999999997
7233,11.591
7234,9.982999999999999
7235,8.441999999999998
7236,7.503999999999998
7237,6.766999999999999
7238,6.565999999999999
7239,6.565999999999999
7240,6.766999999999999
7241,0.0
7242,0.0
7243,0.0
7244,0.0
7245,0.0
7246,0.0
7247,0.0
7248,0.0
7249,0.0
7250,0.0
7251,0.0
7252,0.0
7253,0.0
7254,8.776999999999997
7255,8.776999999999997
7256,8.642999999999999
7257,8.508999999999999
7258,7.972999999999999
7259,7.704999999999999
7260,7.302999999999999
7261,6.833999999999999
7262,6.632999999999999
7263,6.431999999999999
7264,6.699999999999998
7265,0.0
7266,0.0
7267,0.0
7268,0.0
7269,0.0
7270,0.0
7271,0.0
7272,0.0
7273,0.0
7274,0.0
7275,0.0
7276,0.0
7277,0.0
7278,0.0
7279,0.0
7280,0.0
7281,0.0
7282,0.0
7283,0.0
7284,0.0
7285,0.0
7286,0.0
7287,0.0
7288,0.0
7289,0.0
7290,0.0
7291,0.0
7292,0.0
7293,0.0
7294,0.0
7295,0.0
7296,0.0
7297,0.0
7298,0.0
7299,0.0
7300,0.0
7301,0.0
7302,0.0
7303,0.0
7304,0.0
7305,0.0
7306,0.0
7307,0.0
7308,0.0
7309,0.0
7310,0.0
7311,0.0
7312,0.0
7313,0.0
7314,0.0
7315,0.0
7316,0.0
7317,0.0
7318,0.0
7319,0.0
7320,0.0
7321,0.0
7322,0.0
7323,0.0
7324,0.0
7325,0.0
7326,9.044999999999998
7327,8.374999999999998
7328,8.241
7329,8.04
7330,7.168999999999999
7331,6.565999999999999
7332,6.0299999999999985
7333,5.694999999999999
7334,5.426999999999999
7335,5.091999999999999
7336,4.890999999999999
7337,0.0
7338,0.0
7339,0.0
7340,0.0
7341,0.0
7342,0.0
7343,0.0
7344,0.0
7345,0.0
7346,0.0
7347,0.0
7348,0.0
7349,0.0
7350,4.3549999999999995
7351,4.890999999999999
7352,4.556
7353,4.421999999999999
7354,3.4169999999999994
7355,2.8810000000000002
7356,2.211
7357,1.6079999999999988
7358,1.5410000000000001
7359,1.4739999999999993
7360,1.7420000000000007
7361,0.0
7362,0.0
7363,0.0
7364,0.0
7365,0.0
7366,0.0
7367,0.0
7368,0.0
7369,0.0
7370,0.0
7371,0.0
7372,0.0
7373,0.0
7374,5.226
7375,5.158999999999999
7376,4.823999999999999
7377,5.091999999999999
7378,5.359999999999999
7379,5.024999999999999
7380,4.622999999999999
7381,4.3549999999999995
7382,4.221
7383,4.153999999999999
7384,4.153999999999999
7385,0.0
7386,0.0
7387,0.0
7388,0.0
7389,0.0
7390,0.0
7391,0.0
7392,0.0
7393,0.0
7394,0.0
7395,0.0
7396,0.0
7397,0.0
7398,8.843999999999998
7399,9.044999999999998
7400,9.312999999999999
7401,8.910999999999998
7402,8.04
7403,7.369999999999999
7404,6.833999999999999
7405,6.431999999999999
7406,6.565999999999999
7407,7.168999999999999
7408,7.302999999999999
7409,0.0
7410,0.0
7411,0.0
7412,0.0
7413,0.0
7414,0.0
7415,0.0
7416,0.0
7417,0.0
7418,0.0
7419,0.0
7420,0.0
7421,0.0
7422,8.173999999999998
7423,8.106999999999998
7424,8.106999999999998
7425,7.369999999999999
7426,6.565999999999999
7427,5.761999999999999
7428,5.158999999999999
7429,4.6899999999999995
7430,4.287999999999999
7431,4.3549999999999995
7432,4.756999999999999
7433,0.0
7434,0.0
7435,0.0
7436,0.0
7437,0.0
7438,0.0
7439,0.0
7440,0.0
7441,0.0
7442,0.0
7443,0.0
7444,0.0
7445,0.0
7446,0.0
7447,0.0
7448,0.0
7449,0.0
7450,0.0
7451,0.0
7452,0.0
7453,0.0
7454,0.0
7455,0.0
7456,0.0
7457,0.0
7458,0.0
7459,0.0
7460,0.0
7461,0.0
7462,0.0
7463,0.0
7464,0.0
7465,0.0
7466,0.0
7467,0.0
7468,0.0
7469,0.0
7470,0.0
7471,0.0
7472,0.0
7473,0.0
7474,0.0
7475,0.0
7476,0.0
7477,0.0
7478,0.0
7479,0.0
7480,0.0
7481,0.0
7482,0.0
7483,0.0
7484,0.0
7485,0.0
7486,0.0
7487,0.0
7488,0.0
7489,0.0
7490,0.0
7491,0.0
7492,0.0
7493,0.0
7494,9.714999999999998
7495,9.379999999999999
7496,9.581
7497,9.111999999999998
7498,7.838999999999998
7499,6.833999999999999
7500,6.096999999999999
7501,5.091999999999999
7502,4.622999999999999
7503,4.890999999999999
7504,5.292999999999999
7505,0.0
7506,0.0
7507,0.0
7508,0.0
7509,0.0
7510,0.0
7511,0.0
7512,0.0
7513,0.0
7514,0.0
7515,0.0
7516,0.0
7517,0.0
7518,11.858999999999996
7519,11.791999999999998
7520,11.925999999999998
7521,10.384999999999998
7522,8.977999999999998
7523,7.704999999999999
7524,7.1019999999999985
7525,6.900999999999999
7526,6.632999999999999
7527,6.699999999999998
7528,7.1019999999999985
7529,0.0
7530,0.0
7531,0.0
7532,0.0
7533,0.0
7534,0.0
7535,0.0
7536,0.0
7537,0.0
7538,0.0
7539,0.0
7540,0.0
7541,0.0
7542,7.570999999999999
7543,7.369999999999999
7544,7.302999999999999
7545,7.168999999999999
7546,6.967999999999998
7547,6.699999999999998
7548,6.297999999999999
7549,6.0299999999999985
7550,5.426999999999999
7551,5.426999999999999
7552,5.493999999999998
7553,0.0
7554,0.0
7555,0.0
7556,0.0
7557,0.0
7558,0.0
7559,0.0
7560,0.0
7561,0.0
7562,0.0
7563,0.0
7564,0.0
7565,0.0
7566,7.369999999999999
7567,7.369999999999999
7568,7.4369999999999985
7569,7.704999999999999
7570,7.905999999999999
7571,8.173999999999998
7572,8.04
7573,7.905999999999999
7574,7.704999999999999
7575,7.838999999999998
7576,7.905999999999999
7577,0.0
7578,0.0
7579,0.0
7580,0.0
7581,0.0
7582,0.0
7583,0.0
7584,0.0
7585,0.0
7586,0.0
7587,0.0
7588,0.0
7589,0.0
7590,9.111999999999998
7591,9.178999999999998
7592,9.379999999999999
7593,9.245999999999999
7594,8.776999999999997
7595,8.173999999999998
7596,6.833999999999999
7597,6.632999999999999
7598,6.431999999999999
7599,6.231
7600,6.766999999999999
7601,0.0
7602,0.0
7603,0.0
7604,0.0
7605,0.0
7606,0.0
7607,0.0
7608,0.0
7609,0.0
7610,0.0
7611,0.0
7612,0.0
7613,0.0
7614,0.0
7615,0.0
7616,0.0
7617,0.0
7618,0.0
7619,0.0
7620,0.0
7621,0.0
7622,0.0
7623,0.0
7624,0.0
7625,0.0
7626,0.0
7627,0.0
7628,0.0
7629,0.0
7630,0.0
7631,0.0
7632,0.0
7633,0.0
7634,0.0
7635,0.0
7636,0.0
7637,0.0
7638,0.0
7639,0.0
7640,0.0
7641,0.0
7642,0.0
7643,0.0
7644,0.0
7645,0.0
7646,0.0
7647,0.0
7648,0.0
7649,0.0
7650,0.0
7651,0.0
7652,0.0
7653,0.0
7654,0.0
7655,0.0
7656,0.0
7657,0.0
7658,0.0
7659,0.0
7660,0.0
7661,0.0
7662,10.451999999999998
7663,10.652999999999999
7664,10.585999999999999
7665,10.652999999999999
7666,10.652999999999999
7667,10.585999999999999
7668,10.384999999999998
7669,9.982999999999999
7670,10.920999999999998
7671,11.121999999999998
7672,11.389999999999999
7673,0.0
7674,0.0
7675,0.0
7676,0.0
7677,0.0
7678,0.0
7679,0.0
7680,0.0
7681,0.0
7682,0.0
7683,0.0
7684,0.0
7685,0.0
7686,12.126999999999999
7687,11.858999999999996
7688,11.791999999999998
7689,11.657999999999998
7690,11.121999999999998
7691,10.451999999999998
7692,9.848999999999997
7693,9.581
7694,9.245999999999999
7695,9.245999999999999
7696,9.982999999999999
7697,0.0
7698,0.0
7699,0.0
7700,0.0
7701,0.0
7702,0.0
7703,0.0
7704,0.0
7705,0.0
7706,0.0
7707,0.0
7708,0.0
7709,0.0
7710,14.538999999999996
7711,14.605999999999998
7712,14.806999999999999
7713,15.074999999999996
7714,13.064999999999998
7715,12.193999999999997
7716,10.786999999999999
7717,10.317999999999998
7718,9.513999999999998
7719,9.379999999999999
7720,10.183999999999997
7721,0.0
7722,0.0
7723,0.0
7724,0.0
7725,0.0
7726,0.0
7727,0.0
7728,0.0
7729,0.0
7730,0.0
7731,0.0
7732,0.0
7733,0.0
7734,15.878999999999998
7735,15.878999999999998
7736,15.878999999999998
7737,15.610999999999997
7738,15.275999999999998
7739,14.806999999999999
7740,14.337999999999997
7741,14.002999999999997
7742,13.399999999999997
7743,13.332999999999997
7744,13.198999999999996
7745,0.0
7746,0.0
7747,0.0
7748,0.0
7749,0.0
7750,0.0
7751,0.0
7752,0.0
7753,0.0
7754,0.0
7755,0.0
7756,0.0
7757,0.0
7758,11.791999999999998
7759,11.724999999999998
7760,11.858999999999996
7761,11.657999999999998
7762,11.322999999999997
7763,10.853999999999997
7764,10.384999999999998
7765,10.116999999999997
7766,9.648
7767,9.513999999999998
7768,9.714999999999998
7769,0.0
7770,0.0
7771,0.0
7772,0.0
7773,0.0
7774,0.0
7775,0.0
7776,0.0
7777,0.0
7778,0.0
7779,0.0
7780,0.0
7781,0.0
7782,0.0
7783,0.0
7784,0.0
7785,0.0
7786,0.0
7787,0.0
7788,0.0
7789,0.0
7790,0.0
7791,0.0
7792,0.0
7793,0.0
7794,0.0
7795,0.0
7796,0.0
7797,0.0
7798,0.0
7799,0.0
7800,0.0
7801,0.0
7802,0.0
7803,0.0
7804,0.0
7805,0.0
7806,0.0
7807,0.0
7808,0.0
7809,0.0
7810,0.0
7811,0.0
7812,0.0
7813,0.0
7814,0.0
7815,0.0
7816,0.0
7817,0.0
7818,0.0
7819,0.0
7820,0.0
7821,0.0
7822,0.0
7823,0.0
7824,0.0
7825,0.0
7826,0.0
7827,0.0
7828,0.0
7829,0.0
7830,13.131999999999998
7831,13.265999999999998
7832,13.466999999999999
7833,13.399999999999997
7834,13.265999999999998
7835,12.796999999999997
7836,12.327999999999996
7837,11.456999999999999
7838,11.389999999999999
7839,11.456999999999999
7840,11.724999999999998
7841,0.0
7842,0.0
7843,0.0
7844,0.0
7845,0.0
7846,0.0
7847,0.0
7848,0.0
7849,0.0
7850,0.0
7851,0.0
7852,0.0
7853,0.0
7854,13.064999999999998
7855,13.198999999999996
7856,12.863999999999997
7857,13.064999999999998
7858,12.796999999999997
7859,12.260999999999997
7860,11.858999999999996
7861,11.791999999999998
7862,11.791999999999998
7863,12.059999999999997
7864,12.327999999999996
7865,0.0
7866,0.0
7867,0.0
7868,0.0
7869,0.0
7870,0.0
7871,0.0
7872,0.0
7873,0.0
7874,0.0
7875,0.0
7876,0.0
7877,0.0
7878,13.667999999999997
7879,13.466999999999999
7880,13.667999999999997
7881,13.801999999999998
7882,13.600999999999999
7883,13.734999999999998
7884,14.002999999999997
7885,14.002999999999997
7886,13.868999999999996
7887,13.801999999999998
7888,14.069999999999997
7889,0.0
7890,0.0
7891,0.0
7892,0.0
7893,0.0
7894,0.0
7895,0.0
7896,0.0
7897,0.0
7898,0.0
7899,0.0
7900,0.0
7901,0.0
7902,13.734999999999998
7903,13.801999999999998
7904,13.667999999999997
7905,13.801999999999998
7906,14.002999999999997
7907,13.935999999999996
7908,13.868999999999996
7909,13.868999999999996
7910,13.801999999999998
7911,13.734999999999998
7912,13.734999999999998
7913,0.0
7914,0.0
7915,0.0
7916,0.0
7917,0.0
7918,0.0
7919,0.0
7920,0.0
7921,0.0
7922,0.0
7923,0.0
7924,0.0
7925,0.0
7926,13.801999999999998
7927,13.600999999999999
7928,13.533999999999997
7929,13.399999999999997
7930,13.198999999999996
7931,13.064999999999998
7932,13.131999999999998
7933,13.131999999999998
7934,12.930999999999997
7935,12.528999999999998
7936,12.126999999999999
7937,0.0
7938,0.0
7939,0.0
7940,0.0
7941,0.0
7942,0.0
7943,0.0
7944,0.0
7945,0.0
7946,0.0
7947,0.0
7948,0.0
7949,0.0
7950,0.0
7951,0.0
7952,0.0
7953,0.0
7954,0.0
7955,0.0
7956,0.0
7957,0.0
7958,0.0
7959,0.0
7960,0.0
7961,0.0
7962,0.0
7963,0.0
7964,0.0
7965,0.0
7966,0.0
7967,0.0
7968,0.0
7969,0.0
7970,0.0
7971,0.0
7972,0.0
7973,0.0
7974,0.0
7975,0.0
7976,0.0
7977,0.0
7978,0.0
7979,0.0
7980,0.0
7981,0.0
7982,0.0
7983,0.0
7984,0.0
7985,0.0
7986,0.0
7987,0.0
7988,0.0
7989,0.0
7990,0.0
7991,0.0
7992,0.0
7993,0.0
7994,0.0
7995,0.0
7996,0.0
7997,0.0
7998,10.116999999999997
7999,10.116999999999997
8000,10.116999999999997
8001,10.049999999999997
8002,9.848999999999997
8003,9.714999999999998
8004,9.648
8005,9.447
8006,9.379999999999999
8007,9.312999999999999
8008,9.245999999999999
8009,0.0
8010,0.0
8011,0.0
8012,0.0
8013,0.0
8014,0.0
8015,0.0
8016,0.0
8017,0.0
8018,0.0
8019,0.0
8020,0.0
8021,0.0
8022,12.059999999999997
8023,12.327999999999996
8024,12.394999999999998
8025,12.662999999999997
8026,12.462
8027,11.925999999999998
8028,11.389999999999999
8029,11.523999999999997
8030,11.188999999999997
8031,11.322999999999997
8032,11.389999999999999
8033,0.0
8034,0.0
8035,0.0
8036,0.0
8037,0.0
8038,0.0
8039,0.0
8040,0.0
8041,0.0
8042,0.0
8043,0.0
8044,0.0
8045,0.0
8046,11.791999999999998
8047,11.858999999999996
8048,11.791999999999998
8049,11.791999999999998
8050,11.791999999999998
8051,11.724999999999998
8052,11.925999999999998
8053,12.327999999999996
8054,12.260999999999997
8055,12.260999999999997
8056,12.059999999999997
8057,0.0
8058,0.0
8059,0.0
8060,0.0
8061,0.0
8062,0.0
8063,0.0
8064,0.0
8065,0.0
8066,0.0
8067,0.0
8068,0.0
8069,0.0
8070,12.462
8071,12.394999999999998
8072,12.394999999999998
8073,12.327999999999996
8074,12.193999999999997
8075,11.992999999999997
8076,12.059999999999997
8077,11.992999999999997
8078,11.858999999999996
8079,11.724999999999998
8080,11.858999999999996
8081,0.0
8082,0.0
8083,0.0
8084,0.0
8085,0.0
8086,0.0
8087,0.0
8088,0.0
8089,0.0
8090,0.0
8091,0.0
8092,0.0
8093,0.0
8094,12.193999999999997
8095,12.260999999999997
8096,12.059999999999997
8097,12.059999999999997
8098,11.858999999999996
8099,11.523999999999997
8100,11.322999999999997
8101,10.987999999999996
8102,10.853999999999997
8103,10.987999999999996
8104,11.188999999999997
8105,0.0
8106,0.0
8107,0.0
8108,0.0
8109,0.0
8110,0.0
8111,0.0
8112,0.0
8113,0.0
8114,0.0
8115,0.0
8116,0.0
8117,0.0
8118,0.0
8119,0.0
8120,0.0
8121,0.0
8122,0.0
8123,0.0
8124,0.0
8125,0.0
8126,0.0
8127,0.0
8128,0.0
8129,0.0
8130,0.0
8131,0.0
8132,0.0
8133,0.0
8134,0.0
8135,0.0
8136,0.0
8137,0.0
8138,0.0
8139,0.0
8140,0.0
8141,0.0
8142,0.0
8143,0.0
8144,0.0
8145,0.0
8146,0.0
8147,0.0
8148,0.0
8149,0.0
8150,0.0
8151,0.0
8152,0.0
8153,0.0
8154,0.0
8155,0.0
8156,0.0
8157,0.0
8158,0.0
8159,0.0
8160,0.0
8161,0.0
8162,0.0
8163,0.0
8164,0.0
8165,0.0
8166,10.317999999999998
8167,10.183999999999997
8168,10.317999999999998
8169,10.049999999999997
8170,9.915999999999999
8171,9.714999999999998
8172,9.513999999999998
8173,9.245999999999999
8174,9.111999999999998
8175,8.977999999999998
8176,8.977999999999998
8177,0.0
8178,0.0
8179,0.0
8180,0.0
8181,0.0
8182,0.0
8183,0.0
8184,0.0
8185,0.0
8186,0.0
8187,0.0
8188,0.0
8189,0.0
8190,9.915999999999999
8191,10.049999999999997
8192,10.251
8193,10.518999999999998
8194,10.518999999999998
8195,10.518999999999998
8196,10.384999999999998
8197,10.317999999999998
8198,10.183999999999997
8199,9.915999999999999
8200,9.915999999999999
8201,0.0
8202,0.0
8203,0.0
8204,0.0
8205,0.0
8206,0.0
8207,0.0
8208,0.0
8209,0.0
8210,0.0
8211,0.0
8212,0.0
8213,0.0
8214,10.786999999999999
8215,10.853999999999997
8216,11.389999999999999
8217,11.523999999999997
8218,11.121999999999998
8219,9.581
8220,10.049999999999997
8221,9.111999999999998
8222,8.910999999999998
8223,9.848999999999997
8224,10.451999999999998
8225,0.0
8226,0.0
8227,0.0
8228,0.0
8229,0.0
8230,0.0
8231,0.0
8232,0.0
8233,0.0
8234,0.0
8235,0.0
8236,0.0
8237,0.0
8238,15.208999999999996
8239,14.873999999999997
8240,14.672999999999996
8241,14.672999999999996
8242,14.471999999999998
8243,14.203999999999997
8244,13.935999999999996
8245,13.935999999999996
8246,12.997999999999996
8247,12.729999999999999
8248,13.332999999999997
8249,0.0
8250,0.0
8251,0.0
8252,0.0
8253,0.0
8254,0.0
8255,0.0
8256,0.0
8257,0.0
8258,0.0
8259,0.0
8260,0.0
8261,0.0
8262,16.347999999999995
8263,16.883999999999997
8264,17.285999999999998
8265,17.553999999999995
8266,15.543999999999995
8267,13.734999999999998
8268,10.920999999999998
8269,11.255999999999998
8270,11.255999999999998
8271,10.987999999999996
8272,12.126999999999999
8273,0.0
8274,0.0
8275,0.0
8276,0.0
8277,0.0
8278,0.0
8279,0.0
8280,0.0
8281,0.0
8282,0.0
8283,0.0
8284,0.0
8285,0.0
8286,0.0
8287,0.0
8288,0.0
8289,0.0
8290,0.0
8291,0.0
8292,0.0
8293,0.0
8294,0.0
8295,0.0
8296,0.0
8297,0.0
8298,0.0
8299,0.0
8300,0.0
8301,0.0
8302,0.0
8303,0.0
8304,0.0
8305,0.0
8306,0.0
8307,0.0
8308,0.0
8309,0.0
8310,0.0
8311,0.0
8312,0.0
8313,0.0
8314,0.0
8315,0.0
8316,0.0
8317,0.0
8318,0.0
8319,0.0
8320,0.0
8321,0.0
8322,0.0
8323,0.0
8324,0.0
8325,0.0
8326,0.0
8327,0.0
8328,0.0
8329,0.0
8330,0.0
8331,0.0
8332,0.0
8333,0.0
8334,15.945999999999998
8335,16.08
8336,16.012999999999998
8337,15.811999999999998
8338,15.275999999999998
8339,14.605999999999998
8340,14.270999999999999
8341,13.935999999999996
8342,13.801999999999998
8343,13.533999999999997
8344,13.533999999999997
8345,0.0
8346,0.0
8347,0.0
8348,0.0
8349,0.0
8350,0.0
8351,0.0
8352,0.0
8353,0.0
8354,0.0
8355,0.0
8356,0.0
8357,0.0
8358,14.203999999999997
8359,13.935999999999996
8360,14.002999999999997
8361,13.935999999999996
8362,13.466999999999999
8363,12.662999999999997
8364,11.858999999999996
8365,10.987999999999996
8366,10.652999999999999
8367,10.585999999999999
8368,11.389999999999999
8369,0.0
8370,0.0
8371,0.0
8372,0.0
8373,0.0
8374,0.0
8375,0.0
8376,0.0
8377,0.0
8378,0.0
8379,0.0
8380,0.0
8381,0.0
8382,11.925999999999998
8383,11.858999999999996
8384,11.925999999999998
8385,12.059999999999997
8386,11.858999999999996
8387,11.657999999999998
8388,11.657999999999998
8389,11.657999999999998
8390,11.591
8391,11.657999999999998
8392,11.523999999999997
8393,0.0
8394,0.0
8395,0.0
8396,0.0
8397,0.0
8398,0.0
8399,0.0
8400,0.0
8401,0.0
8402,0.0
8403,0.0
8404,0.0
8405,0.0
8406,13.131999999999998
8407,13.131999999999998
8408,13.198999999999996
8409,13.533999999999997
8410,13.466999999999999
8411,13.600999999999999
8412,13.198999999999996
8413,12.796999999999997
8414,12.863999999999997
8415,12.595999999999998
8416,12.260999999999997
8417,0.0
8418,0.0
8419,0.0
8420,0.0
8421,0.0
8422,0.0
8423,0.0
8424,0.0
8425,0.0
8426,0.0
8427,0.0
8428,0.0
8429,0.0
8430,14.002999999999997
8431,13.935999999999996
8432,13.935999999999996
8433,13.935999999999996
8434,13.935999999999996
8435,13.868999999999996
8436,13.868999999999996
8437,13.734999999999998
8438,13.533999999999997
8439,13.399999999999997
8440,13.265999999999998
8441,0.0
8442,0.0
8443,0.0
8444,0.0
8445,0.0
8446,0.0
8447,0.0
8448,0.0
8449,0.0
8450,0.0
8451,0.0
8452,0.0
8453,0.0
8454,0.0
8455,0.0
8456,0.0
8457,0.0
8458,0.0
8459,0.0
8460,0.0
8461,0.0
8462,0.0
8463,0.0
8464,0.0
8465,0.0
8466,0.0
8467,0.0
8468,0.0
8469,0.0
8470,0.0
8471,0.0
8472,0.0
8473,0.0
8474,0.0
8475,0.0
8476,0.0
8477,0.0
8478,0.0
8479,0.0
8480,0.0
8481,0.0
8482,0.0
8483,0.0
8484,0.0
8485,0.0
8486,0.0
8487,0.0
8488,0.0
8489,0.0
8490,0.0
8491,0.0
8492,0.0
8493,0.0
8494,0.0
8495,0.0
8496,0.0
8497,0.0
8498,0.0
8499,0.0
8500,0.0
8501,0.0
8502,9.178999999999998
8503,8.776999999999997
8504,8.374999999999998
8505,8.04
8506,7.838999999999998
8507,7.838999999999998
8508,7.905999999999999
8509,7.905999999999999
8510,8.04
8511,8.241
8512,8.508999999999999
8513,0.0
8514,0.0
8515,0.0
8516,0.0
8517,0.0
8518,0.0
8519,0.0
8520,0.0
8521,0.0
8522,0.0
8523,0.0
8524,0.0
8525,0.0
8526,10.049999999999997
8527,9.982999999999999
8528,10.116999999999997
8529,10.116999999999997
8530,10.251
8531,9.915999999999999
8532,9.581
8533,9.312999999999999
8534,9.312999999999999
8535,9.245999999999999
8536,9.513999999999998
8537,0.0
8538,0.0
8539,0.0
8540,0.0
8541,0.0
8542,0.0
8543,0.0
8544,0.0
8545,0.0
8546,0.0
8547,0.0
8548,0.0
8549,0.0
8550,9.581
8551,9.513999999999998
8552,9.581
8553,9.513999999999998
8554,9.379999999999999
8555,9.245999999999999
8556,9.111999999999998
8557,8.910999999999998
8558,8.910999999999998
8559,8.910999999999998
8560,8.910999999999998
8561,0.0
8562,0.0
8563,0.0
8564,0.0
8565,0.0
8566,0.0
8567,0.0
8568,0.0
8569,0.0
8570,0.0
8571,0.0
8572,0.0
8573,0.0
8574,9.312999999999999
8575,9.312999999999999
8576,9.245999999999999
8577,9.178999999999998
8578,9.178999999999998
8579,8.977999999999998
8580,8.843999999999998
8581,8.776999999999997
8582,8.709999999999999
8583,8.776999999999997
8584,9.312999999999999
8585,0.0
8586,0.0
8587,0.0
8588,0.0
8589,0.0
8590,0.0
8591,0.0
8592,0.0
8593,0.0
8594,0.0
8595,0.0
8596,0.0
8597,0.0
8598,11.992999999999997
8599,12.662999999999997
8600,12.863999999999997
8601,12.997999999999996
8602,13.198999999999996
8603,11.791999999999998
8604,11.054999999999998
8605,10.251
8606,10.116999999999997
8607,10.518999999999998
8608,11.255999999999998
8609,0.0
8610,0.0
8611,0.0
8612,0.0
8613,0.0
8614,0.0
8615,0.0
8616,0.0
8617,0.0
8618,0.0
8619,0.0
8620,0.0
8621,0.0
8622,0.0
8623,0.0
8624,0.0
8625,0.0
8626,0.0
8627,0.0
8628,0.0
8629,0.0
8630,0.0
8631,0.0
8632,0.0
8633,0.0
8634,0.0
8635,0.0
8636,0.0
8637,0.0
8638,0.0
8639,0.0
8640,0.0
8641,0.0
8642,0.0
8643,0.0
8644,0.0
8645,0.0
8646,0.0
8647,0.0
8648,0.0
8649,0.0
8650,0.0
8651,0.0
8652,0.0
8653,0.0
8654,0.0
8655,0.0
8656,0.0
8657,0.0
8658,0.0
8659,0.0
8660,0.0
8661,0.0
8662,0.0
8663,0.0
8664,0.0
8665,0.0
8666,0.0
8667,0.0
8668,0.0
8669,0.0
8670,16.08
8671,16.482
8672,16.749999999999996
8673,16.749999999999996
8674,16.482
8675,15.878999999999998
8676,15.208999999999996
8677,14.940999999999997
8678,14.940999999999997
8679,14.940999999999997
8680,15.007999999999996
8681,0.0
8682,0.0
8683,0.0
8684,0.0
8685,0.0
8686,0.0
8687,0.0
8688,0.0
8689,0.0
8690,0.0
8691,0.0
8692,0.0
8693,0.0
8694,15.677999999999995
8695,15.677999999999995
8696,15.811999999999998
8697,16.08
8698,16.08
8699,16.012999999999998
8700,15.543999999999995
8701,14.940999999999997
8702,14.739999999999998
8703,15.007999999999996
8704,15.342999999999996
8705,0.0
8706,0.0
8707,0.0
8708,0.0
8709,0.0
8710,0.0
8711,0.0
8712,0.0
8713,0.0
8714,0.0
8715,0.0
8716,0.0
8717,0.0
8718,14.538999999999996
8719,14.672999999999996
8720,14.739999999999998
8721,15.074999999999996
8722,15.208999999999996
8723,14.806999999999999
8724,14.404999999999996
8725,14.270999999999999
8726,14.471999999999998
8727,14.739999999999998
8728,15.007999999999996
8729,0.0
8730,0.0
8731,0.0
8732,0.0
8733,0.0
8734,0.0
8735,0.0
8736,0.0
8737,0.0
8738,0.0
8739,0.0
8740,0.0
8741,0.0
8742,12.796999999999997
8743,12.126999999999999
8744,11.791999999999998
8745,11.456999999999999
8746,11.121999999999998
8747,10.987999999999996
8748,10.719999999999999
8749,10.786999999999999
8750,10.652999999999999
8751,10.518999999999998
8752,10.384999999999998
8753,0.0
8754,0.0
8755,0.0
8756,0.0
8757,0.0
8758,0.0
8759,0.0
8760,0.0
