jahresstunden,0
1,9.714999999999998
2,9.681499999999998
3,9.648
4,9.581
5,9.547499999999998
6,9.447
7,9.447
8,9.413499999999999
9,9.379999999999999
10,9.346499999999997
11,9.346499999999997
12,9.346499999999997
13,9.279499999999997
14,9.245999999999999
15,9.212499999999999
16,9.011499999999998
17,8.944499999999998
18,8.944499999999998
19,8.944499999999998
20,8.910999999999998
21,8.8775
22,8.843999999999998
23,8.8105
24,8.776999999999997
25,8.7435
26,8.7435
27,8.676499999999997
28,8.642999999999999
29,8.642999999999999
30,8.575999999999999
31,8.575999999999999
32,8.542499999999999
33,8.508999999999999
34,8.508999999999999
35,8.441999999999998
36,8.441999999999998
37,8.408499999999998
38,8.374999999999998
39,8.374999999999998
40,8.374999999999998
41,8.374999999999998
42,8.341499999999998
43,8.341499999999998
44,8.308
45,8.274499999999998
46,8.274499999999998
47,8.241
48,8.241
49,8.207499999999998
50,8.207499999999998
51,8.173999999999998
52,8.173999999999998
53,8.173999999999998
54,8.173999999999998
55,8.173999999999998
56,8.173999999999998
57,8.1405
58,8.1405
59,8.1405
60,8.1405
61,8.1405
62,8.106999999999998
63,8.106999999999998
64,8.106999999999998
65,8.106999999999998
66,8.0735
67,8.0735
68,8.0735
69,8.0735
70,8.0735
71,8.0735
72,8.04
73,8.04
74,8.04
75,8.04
76,8.04
77,8.04
78,8.04
79,8.04
80,8.04
81,8.04
82,8.006499999999999
83,8.006499999999999
84,8.006499999999999
85,8.006499999999999
86,8.006499999999999
87,8.006499999999999
88,8.006499999999999
89,8.006499999999999
90,7.972999999999999
91,7.972999999999999
92,7.972999999999999
93,7.972999999999999
94,7.972999999999999
95,7.972999999999999
96,7.972999999999999
97,7.972999999999999
98,7.972999999999999
99,7.972999999999999
100,7.939499999999999
101,7.939499999999999
102,7.939499999999999
103,7.939499999999999
104,7.939499999999999
105,7.939499999999999
106,7.939499999999999
107,7.939499999999999
108,7.939499999999999
109,7.939499999999999
110,7.939499999999999
111,7.939499999999999
112,7.939499999999999
113,7.905999999999999
114,7.905999999999999
115,7.905999999999999
116,7.905999999999999
117,7.905999999999999
118,7.905999999999999
119,7.905999999999999
120,7.905999999999999
121,7.905999999999999
122,7.905999999999999
123,7.905999999999999
124,7.905999999999999
125,7.905999999999999
126,7.905999999999999
127,7.905999999999999
128,7.905999999999999
129,7.872499999999999
130,7.872499999999999
131,7.872499999999999
132,7.872499999999999
133,7.872499999999999
134,7.872499999999999
135,7.872499999999999
136,7.872499999999999
137,7.872499999999999
138,7.838999999999998
139,7.838999999999998
140,7.838999999999998
141,7.838999999999998
142,7.838999999999998
143,7.838999999999998
144,7.838999999999998
145,7.838999999999998
146,7.838999999999998
147,7.838999999999998
148,7.838999999999998
149,7.838999999999998
150,7.838999999999998
151,7.838999999999998
152,7.838999999999998
153,7.8054999999999986
154,7.8054999999999986
155,7.8054999999999986
156,7.8054999999999986
157,7.8054999999999986
158,7.8054999999999986
159,7.8054999999999986
160,7.8054999999999986
161,7.8054999999999986
162,7.8054999999999986
163,7.8054999999999986
164,7.8054999999999986
165,7.8054999999999986
166,7.8054999999999986
167,7.8054999999999986
168,7.8054999999999986
169,7.8054999999999986
170,7.8054999999999986
171,7.8054999999999986
172,7.8054999999999986
173,7.771999999999998
174,7.771999999999998
175,7.771999999999998
176,7.771999999999998
177,7.771999999999998
178,7.771999999999998
179,7.771999999999998
180,7.771999999999998
181,7.771999999999998
182,7.771999999999998
183,7.771999999999998
184,7.771999999999998
185,7.771999999999998
186,7.771999999999998
187,7.771999999999998
188,7.771999999999998
189,7.738499999999998
190,7.738499999999998
191,7.738499999999998
192,7.738499999999998
193,7.738499999999998
194,7.738499999999998
195,7.738499999999998
196,7.738499999999998
197,7.738499999999998
198,7.738499999999998
199,7.738499999999998
200,7.738499999999998
201,7.738499999999998
202,7.738499999999998
203,7.704999999999999
204,7.704999999999999
205,7.704999999999999
206,7.704999999999999
207,7.704999999999999
208,7.704999999999999
209,7.704999999999999
210,7.704999999999999
211,7.704999999999999
212,7.704999999999999
213,7.704999999999999
214,7.704999999999999
215,7.704999999999999
216,7.704999999999999
217,7.704999999999999
218,7.704999999999999
219,7.704999999999999
220,7.704999999999999
221,7.704999999999999
222,7.704999999999999
223,7.671499999999998
224,7.671499999999998
225,7.671499999999998
226,7.671499999999998
227,7.671499999999998
228,7.671499999999998
229,7.671499999999998
230,7.671499999999998
231,7.671499999999998
232,7.671499999999998
233,7.671499999999998
234,7.671499999999998
235,7.671499999999998
236,7.671499999999998
237,7.671499999999998
238,7.671499999999998
239,7.671499999999998
240,7.671499999999998
241,7.671499999999998
242,7.671499999999998
243,7.671499999999998
244,7.637999999999999
245,7.637999999999999
246,7.637999999999999
247,7.637999999999999
248,7.637999999999999
249,7.637999999999999
250,7.637999999999999
251,7.637999999999999
252,7.637999999999999
253,7.637999999999999
254,7.637999999999999
255,7.637999999999999
256,7.637999999999999
257,7.637999999999999
258,7.637999999999999
259,7.637999999999999
260,7.637999999999999
261,7.637999999999999
262,7.637999999999999
263,7.637999999999999
264,7.637999999999999
265,7.637999999999999
266,7.637999999999999
267,7.604499999999998
268,7.604499999999998
269,7.604499999999998
270,7.604499999999998
271,7.604499999999998
272,7.604499999999998
273,7.604499999999998
274,7.604499999999998
275,7.604499999999998
276,7.604499999999998
277,7.604499999999998
278,7.604499999999998
279,7.604499999999998
280,7.604499999999998
281,7.604499999999998
282,7.604499999999998
283,7.604499999999998
284,7.604499999999998
285,7.604499999999998
286,7.604499999999998
287,7.604499999999998
288,7.604499999999998
289,7.604499999999998
290,7.604499999999998
291,7.604499999999998
292,7.570999999999999
293,7.570999999999999
294,7.570999999999999
295,7.570999999999999
296,7.570999999999999
297,7.570999999999999
298,7.570999999999999
299,7.570999999999999
300,7.570999999999999
301,7.570999999999999
302,7.570999999999999
303,7.570999999999999
304,7.570999999999999
305,7.570999999999999
306,7.570999999999999
307,7.570999999999999
308,7.537499999999998
309,7.537499999999998
310,7.537499999999998
311,7.537499999999998
312,7.537499999999998
313,7.537499999999998
314,7.537499999999998
315,7.537499999999998
316,7.537499999999998
317,7.537499999999998
318,7.537499999999998
319,7.537499999999998
320,7.537499999999998
321,7.537499999999998
322,7.537499999999998
323,7.537499999999998
324,7.537499999999998
325,7.537499999999998
326,7.537499999999998
327,7.537499999999998
328,7.537499999999998
329,7.537499999999998
330,7.503999999999998
331,7.503999999999998
332,7.503999999999998
333,7.503999999999998
334,7.503999999999998
335,7.503999999999998
336,7.503999999999998
337,7.503999999999998
338,7.503999999999998
339,7.503999999999998
340,7.503999999999998
341,7.503999999999998
342,7.503999999999998
343,7.503999999999998
344,7.503999999999998
345,7.503999999999998
346,7.503999999999998
347,7.503999999999998
348,7.503999999999998
349,7.503999999999998
350,7.503999999999998
351,7.470499999999999
352,7.470499999999999
353,7.470499999999999
354,7.470499999999999
355,7.470499999999999
356,7.470499999999999
357,7.470499999999999
358,7.470499999999999
359,7.470499999999999
360,7.470499999999999
361,7.470499999999999
362,7.470499999999999
363,7.470499999999999
364,7.470499999999999
365,7.470499999999999
366,7.470499999999999
367,7.470499999999999
368,7.470499999999999
369,7.470499999999999
370,7.4369999999999985
371,7.4369999999999985
372,7.4369999999999985
373,7.4369999999999985
374,7.4369999999999985
375,7.4369999999999985
376,7.4369999999999985
377,7.4369999999999985
378,7.4369999999999985
379,7.4369999999999985
380,7.4369999999999985
381,7.4369999999999985
382,7.4369999999999985
383,7.4369999999999985
384,7.4369999999999985
385,7.4369999999999985
386,7.4369999999999985
387,7.4369999999999985
388,7.403499999999999
389,7.403499999999999
390,7.403499999999999
391,7.403499999999999
392,7.403499999999999
393,7.403499999999999
394,7.403499999999999
395,7.403499999999999
396,7.403499999999999
397,7.403499999999999
398,7.403499999999999
399,7.403499999999999
400,7.403499999999999
401,7.403499999999999
402,7.403499999999999
403,7.403499999999999
404,7.369999999999999
405,7.369999999999999
406,7.369999999999999
407,7.369999999999999
408,7.369999999999999
409,7.369999999999999
410,7.369999999999999
411,7.369999999999999
412,7.369999999999999
413,7.369999999999999
414,7.369999999999999
415,7.369999999999999
416,7.369999999999999
417,7.369999999999999
418,7.369999999999999
419,7.369999999999999
420,7.369999999999999
421,7.369999999999999
422,7.369999999999999
423,7.369999999999999
424,7.369999999999999
425,7.369999999999999
426,7.369999999999999
427,7.369999999999999
428,7.369999999999999
429,7.369999999999999
430,7.369999999999999
431,7.336499999999998
432,7.336499999999998
433,7.336499999999998
434,7.336499999999998
435,7.336499999999998
436,7.336499999999998
437,7.336499999999998
438,7.336499999999998
439,7.336499999999998
440,7.336499999999998
441,7.336499999999998
442,7.336499999999998
443,7.336499999999998
444,7.336499999999998
445,7.336499999999998
446,7.336499999999998
447,7.336499999999998
448,7.336499999999998
449,7.336499999999998
450,7.336499999999998
451,7.336499999999998
452,7.336499999999998
453,7.336499999999998
454,7.336499999999998
455,7.336499999999998
456,7.302999999999999
457,7.302999999999999
458,7.302999999999999
459,7.302999999999999
460,7.302999999999999
461,7.302999999999999
462,7.302999999999999
463,7.302999999999999
464,7.302999999999999
465,7.302999999999999
466,7.302999999999999
467,7.302999999999999
468,7.302999999999999
469,7.302999999999999
470,7.302999999999999
471,7.302999999999999
472,7.302999999999999
473,7.302999999999999
474,7.269499999999998
475,7.269499999999998
476,7.269499999999998
477,7.269499999999998
478,7.269499999999998
479,7.269499999999998
480,7.269499999999998
481,7.269499999999998
482,7.269499999999998
483,7.269499999999998
484,7.269499999999998
485,7.269499999999998
486,7.269499999999998
487,7.269499999999998
488,7.269499999999998
489,7.269499999999998
490,7.269499999999998
491,7.269499999999998
492,7.269499999999998
493,7.269499999999998
494,7.235999999999999
495,7.235999999999999
496,7.235999999999999
497,7.235999999999999
498,7.235999999999999
499,7.235999999999999
500,7.235999999999999
501,7.235999999999999
502,7.235999999999999
503,7.235999999999999
504,7.235999999999999
505,7.235999999999999
506,7.235999999999999
507,7.235999999999999
508,7.235999999999999
509,7.235999999999999
510,7.235999999999999
511,7.235999999999999
512,7.235999999999999
513,7.235999999999999
514,7.235999999999999
515,7.235999999999999
516,7.202499999999998
517,7.202499999999998
518,7.202499999999998
519,7.202499999999998
520,7.202499999999998
521,7.202499999999998
522,7.202499999999998
523,7.202499999999998
524,7.202499999999998
525,7.202499999999998
526,7.202499999999998
527,7.202499999999998
528,7.202499999999998
529,7.202499999999998
530,7.202499999999998
531,7.202499999999998
532,7.202499999999998
533,7.202499999999998
534,7.202499999999998
535,7.202499999999998
536,7.202499999999998
537,7.202499999999998
538,7.202499999999998
539,7.202499999999998
540,7.202499999999998
541,7.168999999999999
542,7.168999999999999
543,7.168999999999999
544,7.168999999999999
545,7.168999999999999
546,7.168999999999999
547,7.168999999999999
548,7.168999999999999
549,7.168999999999999
550,7.168999999999999
551,7.168999999999999
552,7.168999999999999
553,7.168999999999999
554,7.168999999999999
555,7.168999999999999
556,7.168999999999999
557,7.168999999999999
558,7.168999999999999
559,7.1354999999999995
560,7.1354999999999995
561,7.1354999999999995
562,7.1354999999999995
563,7.1354999999999995
564,7.1354999999999995
565,7.1354999999999995
566,7.1354999999999995
567,7.1354999999999995
568,7.1354999999999995
569,7.1354999999999995
570,7.1354999999999995
571,7.1354999999999995
572,7.1354999999999995
573,7.1354999999999995
574,7.1354999999999995
575,7.1354999999999995
576,7.1354999999999995
577,7.1354999999999995
578,7.1354999999999995
579,7.1354999999999995
580,7.1354999999999995
581,7.1354999999999995
582,7.1354999999999995
583,7.1354999999999995
584,7.1019999999999985
585,7.1019999999999985
586,7.1019999999999985
587,7.1019999999999985
588,7.1019999999999985
589,7.1019999999999985
590,7.1019999999999985
591,7.1019999999999985
592,7.1019999999999985
593,7.1019999999999985
594,7.1019999999999985
595,7.1019999999999985
596,7.1019999999999985
597,7.1019999999999985
598,7.1019999999999985
599,7.1019999999999985
600,7.1019999999999985
601,7.1019999999999985
602,7.1019999999999985
603,7.1019999999999985
604,7.1019999999999985
605,7.1019999999999985
606,7.1019999999999985
607,7.1019999999999985
608,7.1019999999999985
609,7.1019999999999985
610,7.068499999999999
611,7.068499999999999
612,7.068499999999999
613,7.068499999999999
614,7.068499999999999
615,7.068499999999999
616,7.068499999999999
617,7.068499999999999
618,7.068499999999999
619,7.068499999999999
620,7.068499999999999
621,7.068499999999999
622,7.068499999999999
623,7.068499999999999
624,7.068499999999999
625,7.068499999999999
626,7.068499999999999
627,7.068499999999999
628,7.068499999999999
629,7.068499999999999
630,7.068499999999999
631,7.068499999999999
632,7.068499999999999
633,7.068499999999999
634,7.068499999999999
635,7.068499999999999
636,7.034999999999998
637,7.034999999999998
638,7.034999999999998
639,7.034999999999998
640,7.034999999999998
641,7.034999999999998
642,7.034999999999998
643,7.034999999999998
644,7.034999999999998
645,7.034999999999998
646,7.034999999999998
647,7.034999999999998
648,7.034999999999998
649,7.034999999999998
650,7.034999999999998
651,7.034999999999998
652,7.034999999999998
653,7.034999999999998
654,7.034999999999998
655,7.034999999999998
656,7.034999999999998
657,7.034999999999998
658,7.034999999999998
659,7.034999999999998
660,7.034999999999998
661,7.034999999999998
662,7.034999999999998
663,7.034999999999998
664,7.034999999999998
665,7.034999999999998
666,7.034999999999998
667,7.001499999999998
668,7.001499999999998
669,7.001499999999998
670,7.001499999999998
671,7.001499999999998
672,7.001499999999998
673,7.001499999999998
674,7.001499999999998
675,7.001499999999998
676,7.001499999999998
677,7.001499999999998
678,7.001499999999998
679,7.001499999999998
680,7.001499999999998
681,7.001499999999998
682,7.001499999999998
683,7.001499999999998
684,7.001499999999998
685,7.001499999999998
686,7.001499999999998
687,7.001499999999998
688,7.001499999999998
689,7.001499999999998
690,7.001499999999998
691,7.001499999999998
692,7.001499999999998
693,7.001499999999998
694,7.001499999999998
695,7.001499999999998
696,7.001499999999998
697,7.001499999999998
698,6.967999999999998
699,6.967999999999998
700,6.967999999999998
701,6.967999999999998
702,6.967999999999998
703,6.967999999999998
704,6.967999999999998
705,6.967999999999998
706,6.967999999999998
707,6.967999999999998
708,6.967999999999998
709,6.967999999999998
710,6.967999999999998
711,6.967999999999998
712,6.967999999999998
713,6.967999999999998
714,6.967999999999998
715,6.967999999999998
716,6.967999999999998
717,6.967999999999998
718,6.967999999999998
719,6.967999999999998
720,6.967999999999998
721,6.967999999999998
722,6.967999999999998
723,6.967999999999998
724,6.967999999999998
725,6.967999999999998
726,6.967999999999998
727,6.967999999999998
728,6.967999999999998
729,6.967999999999998
730,6.967999999999998
731,6.967999999999998
732,6.967999999999998
733,6.967999999999998
734,6.967999999999998
735,6.967999999999998
736,6.967999999999998
737,6.967999999999998
738,6.934499999999998
739,6.934499999999998
740,6.934499999999998
741,6.934499999999998
742,6.934499999999998
743,6.934499999999998
744,6.934499999999998
745,6.934499999999998
746,6.934499999999998
747,6.934499999999998
748,6.934499999999998
749,6.934499999999998
750,6.934499999999998
751,6.934499999999998
752,6.934499999999998
753,6.934499999999998
754,6.934499999999998
755,6.934499999999998
756,6.934499999999998
757,6.934499999999998
758,6.934499999999998
759,6.934499999999998
760,6.934499999999998
761,6.934499999999998
762,6.934499999999998
763,6.934499999999998
764,6.934499999999998
765,6.900999999999999
766,6.900999999999999
767,6.900999999999999
768,6.900999999999999
769,6.900999999999999
770,6.900999999999999
771,6.900999999999999
772,6.900999999999999
773,6.900999999999999
774,6.900999999999999
775,6.900999999999999
776,6.900999999999999
777,6.900999999999999
778,6.900999999999999
779,6.900999999999999
780,6.900999999999999
781,6.900999999999999
782,6.900999999999999
783,6.900999999999999
784,6.900999999999999
785,6.900999999999999
786,6.900999999999999
787,6.900999999999999
788,6.900999999999999
789,6.900999999999999
790,6.900999999999999
791,6.900999999999999
792,6.900999999999999
793,6.900999999999999
794,6.900999999999999
795,6.900999999999999
796,6.900999999999999
797,6.900999999999999
798,6.900999999999999
799,6.867499999999999
800,6.867499999999999
801,6.867499999999999
802,6.867499999999999
803,6.867499999999999
804,6.867499999999999
805,6.867499999999999
806,6.867499999999999
807,6.867499999999999
808,6.867499999999999
809,6.867499999999999
810,6.867499999999999
811,6.867499999999999
812,6.867499999999999
813,6.867499999999999
814,6.867499999999999
815,6.867499999999999
816,6.867499999999999
817,6.867499999999999
818,6.867499999999999
819,6.867499999999999
820,6.867499999999999
821,6.867499999999999
822,6.867499999999999
823,6.867499999999999
824,6.867499999999999
825,6.867499999999999
826,6.867499999999999
827,6.867499999999999
828,6.867499999999999
829,6.833999999999999
830,6.833999999999999
831,6.833999999999999
832,6.833999999999999
833,6.833999999999999
834,6.833999999999999
835,6.833999999999999
836,6.833999999999999
837,6.833999999999999
838,6.833999999999999
839,6.833999999999999
840,6.833999999999999
841,6.833999999999999
842,6.833999999999999
843,6.833999999999999
844,6.833999999999999
845,6.833999999999999
846,6.833999999999999
847,6.833999999999999
848,6.833999999999999
849,6.833999999999999
850,6.833999999999999
851,6.8004999999999995
852,6.8004999999999995
853,6.8004999999999995
854,6.8004999999999995
855,6.8004999999999995
856,6.8004999999999995
857,6.8004999999999995
858,6.8004999999999995
859,6.8004999999999995
860,6.8004999999999995
861,6.8004999999999995
862,6.8004999999999995
863,6.8004999999999995
864,6.8004999999999995
865,6.8004999999999995
866,6.8004999999999995
867,6.8004999999999995
868,6.8004999999999995
869,6.8004999999999995
870,6.8004999999999995
871,6.8004999999999995
872,6.8004999999999995
873,6.8004999999999995
874,6.8004999999999995
875,6.8004999999999995
876,6.8004999999999995
877,6.8004999999999995
878,6.8004999999999995
879,6.8004999999999995
880,6.766999999999999
881,6.766999999999999
882,6.766999999999999
883,6.766999999999999
884,6.766999999999999
885,6.766999999999999
886,6.766999999999999
887,6.766999999999999
888,6.766999999999999
889,6.766999999999999
890,6.766999999999999
891,6.766999999999999
892,6.766999999999999
893,6.766999999999999
894,6.766999999999999
895,6.766999999999999
896,6.766999999999999
897,6.766999999999999
898,6.766999999999999
899,6.766999999999999
900,6.766999999999999
901,6.766999999999999
902,6.766999999999999
903,6.766999999999999
904,6.766999999999999
905,6.733499999999999
906,6.733499999999999
907,6.733499999999999
908,6.733499999999999
909,6.733499999999999
910,6.733499999999999
911,6.733499999999999
912,6.733499999999999
913,6.733499999999999
914,6.733499999999999
915,6.733499999999999
916,6.733499999999999
917,6.733499999999999
918,6.733499999999999
919,6.733499999999999
920,6.733499999999999
921,6.733499999999999
922,6.733499999999999
923,6.733499999999999
924,6.733499999999999
925,6.733499999999999
926,6.733499999999999
927,6.699999999999998
928,6.699999999999998
929,6.699999999999998
930,6.699999999999998
931,6.699999999999998
932,6.699999999999998
933,6.699999999999998
934,6.699999999999998
935,6.699999999999998
936,6.699999999999998
937,6.699999999999998
938,6.699999999999998
939,6.699999999999998
940,6.699999999999998
941,6.699999999999998
942,6.699999999999998
943,6.699999999999998
944,6.699999999999998
945,6.699999999999998
946,6.699999999999998
947,6.699999999999998
948,6.699999999999998
949,6.699999999999998
950,6.699999999999998
951,6.699999999999998
952,6.699999999999998
953,6.699999999999998
954,6.699999999999998
955,6.699999999999998
956,6.699999999999998
957,6.699999999999998
958,6.699999999999998
959,6.699999999999998
960,6.699999999999998
961,6.699999999999998
962,6.666499999999998
963,6.666499999999998
964,6.666499999999998
965,6.666499999999998
966,6.666499999999998
967,6.666499999999998
968,6.666499999999998
969,6.666499999999998
970,6.666499999999998
971,6.666499999999998
972,6.666499999999998
973,6.666499999999998
974,6.666499999999998
975,6.666499999999998
976,6.666499999999998
977,6.666499999999998
978,6.666499999999998
979,6.666499999999998
980,6.666499999999998
981,6.666499999999998
982,6.666499999999998
983,6.666499999999998
984,6.666499999999998
985,6.666499999999998
986,6.666499999999998
987,6.666499999999998
988,6.666499999999998
989,6.666499999999998
990,6.666499999999998
991,6.666499999999998
992,6.666499999999998
993,6.632999999999999
994,6.632999999999999
995,6.632999999999999
996,6.632999999999999
997,6.632999999999999
998,6.632999999999999
999,6.632999999999999
1000,6.632999999999999
1001,6.632999999999999
1002,6.632999999999999
1003,6.632999999999999
1004,6.632999999999999
1005,6.632999999999999
1006,6.632999999999999
1007,6.632999999999999
1008,6.632999999999999
1009,6.632999999999999
1010,6.632999999999999
1011,6.632999999999999
1012,6.632999999999999
1013,6.632999999999999
1014,6.632999999999999
1015,6.632999999999999
1016,6.632999999999999
1017,6.632999999999999
1018,6.632999999999999
1019,6.632999999999999
1020,6.632999999999999
1021,6.632999999999999
1022,6.632999999999999
1023,6.632999999999999
1024,6.632999999999999
1025,6.632999999999999
1026,6.599499999999998
1027,6.599499999999998
1028,6.599499999999998
1029,6.599499999999998
1030,6.599499999999998
1031,6.599499999999998
1032,6.599499999999998
1033,6.599499999999998
1034,6.599499999999998
1035,6.599499999999998
1036,6.599499999999998
1037,6.599499999999998
1038,6.599499999999998
1039,6.599499999999998
1040,6.599499999999998
1041,6.599499999999998
1042,6.599499999999998
1043,6.599499999999998
1044,6.599499999999998
1045,6.599499999999998
1046,6.599499999999998
1047,6.599499999999998
1048,6.599499999999998
1049,6.599499999999998
1050,6.599499999999998
1051,6.599499999999998
1052,6.599499999999998
1053,6.599499999999998
1054,6.599499999999998
1055,6.599499999999998
1056,6.599499999999998
1057,6.599499999999998
1058,6.599499999999998
1059,6.599499999999998
1060,6.599499999999998
1061,6.565999999999999
1062,6.565999999999999
1063,6.565999999999999
1064,6.565999999999999
1065,6.565999999999999
1066,6.565999999999999
1067,6.565999999999999
1068,6.565999999999999
1069,6.565999999999999
1070,6.565999999999999
1071,6.565999999999999
1072,6.565999999999999
1073,6.565999999999999
1074,6.565999999999999
1075,6.565999999999999
1076,6.565999999999999
1077,6.565999999999999
1078,6.565999999999999
1079,6.565999999999999
1080,6.565999999999999
1081,6.565999999999999
1082,6.565999999999999
1083,6.565999999999999
1084,6.565999999999999
1085,6.565999999999999
1086,6.565999999999999
1087,6.565999999999999
1088,6.565999999999999
1089,6.565999999999999
1090,6.565999999999999
1091,6.565999999999999
1092,6.565999999999999
1093,6.565999999999999
1094,6.565999999999999
1095,6.565999999999999
1096,6.565999999999999
1097,6.565999999999999
1098,6.565999999999999
1099,6.565999999999999
1100,6.532499999999999
1101,6.532499999999999
1102,6.532499999999999
1103,6.532499999999999
1104,6.532499999999999
1105,6.532499999999999
1106,6.532499999999999
1107,6.532499999999999
1108,6.532499999999999
1109,6.532499999999999
1110,6.532499999999999
1111,6.532499999999999
1112,6.532499999999999
1113,6.532499999999999
1114,6.532499999999999
1115,6.532499999999999
1116,6.532499999999999
1117,6.532499999999999
1118,6.532499999999999
1119,6.532499999999999
1120,6.532499999999999
1121,6.532499999999999
1122,6.532499999999999
1123,6.532499999999999
1124,6.532499999999999
1125,6.532499999999999
1126,6.532499999999999
1127,6.532499999999999
1128,6.532499999999999
1129,6.532499999999999
1130,6.532499999999999
1131,6.532499999999999
1132,6.532499999999999
1133,6.532499999999999
1134,6.498999999999998
1135,6.498999999999998
1136,6.498999999999998
1137,6.498999999999998
1138,6.498999999999998
1139,6.498999999999998
1140,6.498999999999998
1141,6.498999999999998
1142,6.498999999999998
1143,6.498999999999998
1144,6.498999999999998
1145,6.498999999999998
1146,6.498999999999998
1147,6.498999999999998
1148,6.498999999999998
1149,6.498999999999998
1150,6.498999999999998
1151,6.498999999999998
1152,6.498999999999998
1153,6.498999999999998
1154,6.498999999999998
1155,6.498999999999998
1156,6.498999999999998
1157,6.498999999999998
1158,6.498999999999998
1159,6.498999999999998
1160,6.498999999999998
1161,6.498999999999998
1162,6.498999999999998
1163,6.498999999999998
1164,6.498999999999998
1165,6.498999999999998
1166,6.498999999999998
1167,6.498999999999998
1168,6.498999999999998
1169,6.498999999999998
1170,6.498999999999998
1171,6.498999999999998
1172,6.498999999999998
1173,6.498999999999998
1174,6.498999999999998
1175,6.498999999999998
1176,6.465499999999999
1177,6.465499999999999
1178,6.465499999999999
1179,6.465499999999999
1180,6.465499999999999
1181,6.465499999999999
1182,6.465499999999999
1183,6.465499999999999
1184,6.465499999999999
1185,6.465499999999999
1186,6.465499999999999
1187,6.465499999999999
1188,6.465499999999999
1189,6.465499999999999
1190,6.465499999999999
1191,6.465499999999999
1192,6.465499999999999
1193,6.465499999999999
1194,6.465499999999999
1195,6.465499999999999
1196,6.465499999999999
1197,6.465499999999999
1198,6.465499999999999
1199,6.465499999999999
1200,6.465499999999999
1201,6.465499999999999
1202,6.465499999999999
1203,6.465499999999999
1204,6.465499999999999
1205,6.431999999999999
1206,6.431999999999999
1207,6.431999999999999
1208,6.431999999999999
1209,6.431999999999999
1210,6.431999999999999
1211,6.431999999999999
1212,6.431999999999999
1213,6.431999999999999
1214,6.431999999999999
1215,6.431999999999999
1216,6.431999999999999
1217,6.431999999999999
1218,6.431999999999999
1219,6.431999999999999
1220,6.431999999999999
1221,6.431999999999999
1222,6.431999999999999
1223,6.431999999999999
1224,6.431999999999999
1225,6.431999999999999
1226,6.431999999999999
1227,6.431999999999999
1228,6.431999999999999
1229,6.431999999999999
1230,6.431999999999999
1231,6.431999999999999
1232,6.431999999999999
1233,6.431999999999999
1234,6.431999999999999
1235,6.431999999999999
1236,6.431999999999999
1237,6.431999999999999
1238,6.431999999999999
1239,6.431999999999999
1240,6.431999999999999
1241,6.431999999999999
1242,6.431999999999999
1243,6.431999999999999
1244,6.431999999999999
1245,6.431999999999999
1246,6.3984999999999985
1247,6.3984999999999985
1248,6.3984999999999985
1249,6.3984999999999985
1250,6.3984999999999985
1251,6.3984999999999985
1252,6.3984999999999985
1253,6.3984999999999985
1254,6.3984999999999985
1255,6.3984999999999985
1256,6.3984999999999985
1257,6.3984999999999985
1258,6.3984999999999985
1259,6.3984999999999985
1260,6.3984999999999985
1261,6.3984999999999985
1262,6.3984999999999985
1263,6.3984999999999985
1264,6.3984999999999985
1265,6.3984999999999985
1266,6.3984999999999985
1267,6.3984999999999985
1268,6.3984999999999985
1269,6.3984999999999985
1270,6.3984999999999985
1271,6.3984999999999985
1272,6.3984999999999985
1273,6.3984999999999985
1274,6.3984999999999985
1275,6.3984999999999985
1276,6.3984999999999985
1277,6.3984999999999985
1278,6.3984999999999985
1279,6.364999999999999
1280,6.364999999999999
1281,6.364999999999999
1282,6.364999999999999
1283,6.364999999999999
1284,6.364999999999999
1285,6.364999999999999
1286,6.364999999999999
1287,6.364999999999999
1288,6.364999999999999
1289,6.364999999999999
1290,6.364999999999999
1291,6.364999999999999
1292,6.364999999999999
1293,6.364999999999999
1294,6.364999999999999
1295,6.364999999999999
1296,6.364999999999999
1297,6.364999999999999
1298,6.364999999999999
1299,6.364999999999999
1300,6.364999999999999
1301,6.364999999999999
1302,6.364999999999999
1303,6.364999999999999
1304,6.364999999999999
1305,6.364999999999999
1306,6.364999999999999
1307,6.364999999999999
1308,6.364999999999999
1309,6.364999999999999
1310,6.364999999999999
1311,6.364999999999999
1312,6.364999999999999
1313,6.364999999999999
1314,6.331499999999998
1315,6.331499999999998
1316,6.331499999999998
1317,6.331499999999998
1318,6.331499999999998
1319,6.331499999999998
1320,6.331499999999998
1321,6.331499999999998
1322,6.331499999999998
1323,6.331499999999998
1324,6.331499999999998
1325,6.331499999999998
1326,6.331499999999998
1327,6.331499999999998
1328,6.331499999999998
1329,6.331499999999998
1330,6.331499999999998
1331,6.331499999999998
1332,6.331499999999998
1333,6.331499999999998
1334,6.331499999999998
1335,6.331499999999998
1336,6.331499999999998
1337,6.331499999999998
1338,6.331499999999998
1339,6.331499999999998
1340,6.331499999999998
1341,6.331499999999998
1342,6.331499999999998
1343,6.297999999999999
1344,6.297999999999999
1345,6.297999999999999
1346,6.297999999999999
1347,6.297999999999999
1348,6.297999999999999
1349,6.297999999999999
1350,6.297999999999999
1351,6.297999999999999
1352,6.297999999999999
1353,6.297999999999999
1354,6.297999999999999
1355,6.297999999999999
1356,6.297999999999999
1357,6.297999999999999
1358,6.297999999999999
1359,6.297999999999999
1360,6.297999999999999
1361,6.297999999999999
1362,6.297999999999999
1363,6.297999999999999
1364,6.297999999999999
1365,6.297999999999999
1366,6.297999999999999
1367,6.297999999999999
1368,6.297999999999999
1369,6.297999999999999
1370,6.297999999999999
1371,6.297999999999999
1372,6.297999999999999
1373,6.297999999999999
1374,6.297999999999999
1375,6.297999999999999
1376,6.264499999999999
1377,6.264499999999999
1378,6.264499999999999
1379,6.264499999999999
1380,6.264499999999999
1381,6.264499999999999
1382,6.264499999999999
1383,6.264499999999999
1384,6.264499999999999
1385,6.264499999999999
1386,6.264499999999999
1387,6.264499999999999
1388,6.264499999999999
1389,6.264499999999999
1390,6.264499999999999
1391,6.264499999999999
1392,6.264499999999999
1393,6.264499999999999
1394,6.264499999999999
1395,6.264499999999999
1396,6.264499999999999
1397,6.264499999999999
1398,6.264499999999999
1399,6.264499999999999
1400,6.264499999999999
1401,6.264499999999999
1402,6.264499999999999
1403,6.264499999999999
1404,6.264499999999999
1405,6.264499999999999
1406,6.264499999999999
1407,6.264499999999999
1408,6.264499999999999
1409,6.264499999999999
1410,6.264499999999999
1411,6.264499999999999
1412,6.264499999999999
1413,6.264499999999999
1414,6.231
1415,6.231
1416,6.231
1417,6.231
1418,6.231
1419,6.231
1420,6.231
1421,6.231
1422,6.231
1423,6.231
1424,6.231
1425,6.231
1426,6.231
1427,6.231
1428,6.231
1429,6.231
1430,6.231
1431,6.231
1432,6.231
1433,6.231
1434,6.231
1435,6.231
1436,6.231
1437,6.231
1438,6.231
1439,6.231
1440,6.231
1441,6.231
1442,6.231
1443,6.231
1444,6.231
1445,6.231
1446,6.231
1447,6.197499999999999
1448,6.197499999999999
1449,6.197499999999999
1450,6.197499999999999
1451,6.197499999999999
1452,6.197499999999999
1453,6.197499999999999
1454,6.197499999999999
1455,6.197499999999999
1456,6.197499999999999
1457,6.197499999999999
1458,6.197499999999999
1459,6.197499999999999
1460,6.197499999999999
1461,6.197499999999999
1462,6.197499999999999
1463,6.197499999999999
1464,6.197499999999999
1465,6.197499999999999
1466,6.197499999999999
1467,6.197499999999999
1468,6.197499999999999
1469,6.197499999999999
1470,6.197499999999999
1471,6.197499999999999
1472,6.197499999999999
1473,6.197499999999999
1474,6.197499999999999
1475,6.197499999999999
1476,6.197499999999999
1477,6.197499999999999
1478,6.197499999999999
1479,6.197499999999999
1480,6.197499999999999
1481,6.197499999999999
1482,6.197499999999999
1483,6.197499999999999
1484,6.197499999999999
1485,6.197499999999999
1486,6.197499999999999
1487,6.197499999999999
1488,6.197499999999999
1489,6.197499999999999
1490,6.197499999999999
1491,6.197499999999999
1492,6.197499999999999
1493,6.163999999999998
1494,6.163999999999998
1495,6.163999999999998
1496,6.163999999999998
1497,6.163999999999998
1498,6.163999999999998
1499,6.163999999999998
1500,6.163999999999998
1501,6.163999999999998
1502,6.163999999999998
1503,6.163999999999998
1504,6.163999999999998
1505,6.163999999999998
1506,6.163999999999998
1507,6.163999999999998
1508,6.163999999999998
1509,6.163999999999998
1510,6.163999999999998
1511,6.163999999999998
1512,6.163999999999998
1513,6.163999999999998
1514,6.163999999999998
1515,6.163999999999998
1516,6.163999999999998
1517,6.163999999999998
1518,6.163999999999998
1519,6.163999999999998
1520,6.163999999999998
1521,6.163999999999998
1522,6.163999999999998
1523,6.163999999999998
1524,6.163999999999998
1525,6.163999999999998
1526,6.163999999999998
1527,6.163999999999998
1528,6.163999999999998
1529,6.163999999999998
1530,6.163999999999998
1531,6.163999999999998
1532,6.163999999999998
1533,6.163999999999998
1534,6.163999999999998
1535,6.163999999999998
1536,6.163999999999998
1537,6.163999999999998
1538,6.130499999999999
1539,6.130499999999999
1540,6.130499999999999
1541,6.130499999999999
1542,6.130499999999999
1543,6.130499999999999
1544,6.130499999999999
1545,6.130499999999999
1546,6.130499999999999
1547,6.130499999999999
1548,6.130499999999999
1549,6.130499999999999
1550,6.130499999999999
1551,6.130499999999999
1552,6.130499999999999
1553,6.130499999999999
1554,6.130499999999999
1555,6.130499999999999
1556,6.130499999999999
1557,6.130499999999999
1558,6.130499999999999
1559,6.130499999999999
1560,6.130499999999999
1561,6.130499999999999
1562,6.130499999999999
1563,6.130499999999999
1564,6.130499999999999
1565,6.130499999999999
1566,6.130499999999999
1567,6.130499999999999
1568,6.130499999999999
1569,6.130499999999999
1570,6.130499999999999
1571,6.130499999999999
1572,6.130499999999999
1573,6.130499999999999
1574,6.130499999999999
1575,6.130499999999999
1576,6.130499999999999
1577,6.130499999999999
1578,6.130499999999999
1579,6.130499999999999
1580,6.130499999999999
1581,6.130499999999999
1582,6.130499999999999
1583,6.130499999999999
1584,6.130499999999999
1585,6.096999999999999
1586,6.096999999999999
1587,6.096999999999999
1588,6.096999999999999
1589,6.096999999999999
1590,6.096999999999999
1591,6.096999999999999
1592,6.096999999999999
1593,6.096999999999999
1594,6.096999999999999
1595,6.096999999999999
1596,6.096999999999999
1597,6.096999999999999
1598,6.096999999999999
1599,6.096999999999999
1600,6.096999999999999
1601,6.096999999999999
1602,6.096999999999999
1603,6.096999999999999
1604,6.096999999999999
1605,6.096999999999999
1606,6.096999999999999
1607,6.096999999999999
1608,6.096999999999999
1609,6.096999999999999
1610,6.096999999999999
1611,6.096999999999999
1612,6.096999999999999
1613,6.096999999999999
1614,6.0634999999999994
1615,6.0634999999999994
1616,6.0634999999999994
1617,6.0634999999999994
1618,6.0634999999999994
1619,6.0634999999999994
1620,6.0634999999999994
1621,6.0634999999999994
1622,6.0634999999999994
1623,6.0634999999999994
1624,6.0634999999999994
1625,6.0634999999999994
1626,6.0634999999999994
1627,6.0634999999999994
1628,6.0634999999999994
1629,6.0634999999999994
1630,6.0634999999999994
1631,6.0634999999999994
1632,6.0634999999999994
1633,6.0634999999999994
1634,6.0634999999999994
1635,6.0634999999999994
1636,6.0634999999999994
1637,6.0634999999999994
1638,6.0634999999999994
1639,6.0634999999999994
1640,6.0634999999999994
1641,6.0634999999999994
1642,6.0634999999999994
1643,6.0634999999999994
1644,6.0634999999999994
1645,6.0634999999999994
1646,6.0634999999999994
1647,6.0634999999999994
1648,6.0634999999999994
1649,6.0634999999999994
1650,6.0634999999999994
1651,6.0634999999999994
1652,6.0634999999999994
1653,6.0634999999999994
1654,6.0634999999999994
1655,6.0299999999999985
1656,6.0299999999999985
1657,6.0299999999999985
1658,6.0299999999999985
1659,6.0299999999999985
1660,6.0299999999999985
1661,6.0299999999999985
1662,6.0299999999999985
1663,6.0299999999999985
1664,6.0299999999999985
1665,6.0299999999999985
1666,6.0299999999999985
1667,6.0299999999999985
1668,6.0299999999999985
1669,6.0299999999999985
1670,6.0299999999999985
1671,6.0299999999999985
1672,6.0299999999999985
1673,6.0299999999999985
1674,6.0299999999999985
1675,6.0299999999999985
1676,6.0299999999999985
1677,6.0299999999999985
1678,6.0299999999999985
1679,6.0299999999999985
1680,6.0299999999999985
1681,6.0299999999999985
1682,6.0299999999999985
1683,6.0299999999999985
1684,6.0299999999999985
1685,6.0299999999999985
1686,6.0299999999999985
1687,6.0299999999999985
1688,6.0299999999999985
1689,6.0299999999999985
1690,6.0299999999999985
1691,6.0299999999999985
1692,6.0299999999999985
1693,6.0299999999999985
1694,5.996499999999998
1695,5.996499999999998
1696,5.996499999999998
1697,5.996499999999998
1698,5.996499999999998
1699,5.996499999999998
1700,5.996499999999998
1701,5.996499999999998
1702,5.996499999999998
1703,5.996499999999998
1704,5.996499999999998
1705,5.996499999999998
1706,5.996499999999998
1707,5.996499999999998
1708,5.996499999999998
1709,5.996499999999998
1710,5.996499999999998
1711,5.996499999999998
1712,5.996499999999998
1713,5.996499999999998
1714,5.996499999999998
1715,5.996499999999998
1716,5.996499999999998
1717,5.996499999999998
1718,5.996499999999998
1719,5.996499999999998
1720,5.996499999999998
1721,5.996499999999998
1722,5.996499999999998
1723,5.996499999999998
1724,5.996499999999998
1725,5.996499999999998
1726,5.996499999999998
1727,5.996499999999998
1728,5.996499999999998
1729,5.996499999999998
1730,5.962999999999999
1731,5.962999999999999
1732,5.962999999999999
1733,5.962999999999999
1734,5.962999999999999
1735,5.962999999999999
1736,5.962999999999999
1737,5.962999999999999
1738,5.962999999999999
1739,5.962999999999999
1740,5.962999999999999
1741,5.962999999999999
1742,5.962999999999999
1743,5.962999999999999
1744,5.962999999999999
1745,5.962999999999999
1746,5.962999999999999
1747,5.962999999999999
1748,5.962999999999999
1749,5.962999999999999
1750,5.962999999999999
1751,5.962999999999999
1752,5.962999999999999
1753,5.962999999999999
1754,5.962999999999999
1755,5.962999999999999
1756,5.962999999999999
1757,5.962999999999999
1758,5.962999999999999
1759,5.929499999999998
1760,5.929499999999998
1761,5.929499999999998
1762,5.929499999999998
1763,5.929499999999998
1764,5.929499999999998
1765,5.929499999999998
1766,5.929499999999998
1767,5.929499999999998
1768,5.929499999999998
1769,5.929499999999998
1770,5.929499999999998
1771,5.929499999999998
1772,5.929499999999998
1773,5.929499999999998
1774,5.929499999999998
1775,5.929499999999998
1776,5.929499999999998
1777,5.929499999999998
1778,5.929499999999998
1779,5.929499999999998
1780,5.929499999999998
1781,5.929499999999998
1782,5.929499999999998
1783,5.929499999999998
1784,5.929499999999998
1785,5.929499999999998
1786,5.929499999999998
1787,5.929499999999998
1788,5.929499999999998
1789,5.929499999999998
1790,5.929499999999998
1791,5.929499999999998
1792,5.929499999999998
1793,5.929499999999998
1794,5.929499999999998
1795,5.929499999999998
1796,5.895999999999999
1797,5.895999999999999
1798,5.895999999999999
1799,5.895999999999999
1800,5.895999999999999
1801,5.895999999999999
1802,5.895999999999999
1803,5.895999999999999
1804,5.895999999999999
1805,5.895999999999999
1806,5.895999999999999
1807,5.895999999999999
1808,5.895999999999999
1809,5.895999999999999
1810,5.895999999999999
1811,5.895999999999999
1812,5.895999999999999
1813,5.895999999999999
1814,5.895999999999999
1815,5.895999999999999
1816,5.895999999999999
1817,5.895999999999999
1818,5.895999999999999
1819,5.895999999999999
1820,5.895999999999999
1821,5.895999999999999
1822,5.895999999999999
1823,5.895999999999999
1824,5.895999999999999
1825,5.895999999999999
1826,5.895999999999999
1827,5.895999999999999
1828,5.895999999999999
1829,5.895999999999999
1830,5.895999999999999
1831,5.895999999999999
1832,5.895999999999999
1833,5.895999999999999
1834,5.895999999999999
1835,5.895999999999999
1836,5.895999999999999
1837,5.895999999999999
1838,5.895999999999999
1839,5.895999999999999
1840,5.862499999999999
1841,5.862499999999999
1842,5.862499999999999
1843,5.862499999999999
1844,5.862499999999999
1845,5.862499999999999
1846,5.862499999999999
1847,5.862499999999999
1848,5.862499999999999
1849,5.862499999999999
1850,5.862499999999999
1851,5.862499999999999
1852,5.862499999999999
1853,5.862499999999999
1854,5.862499999999999
1855,5.862499999999999
1856,5.862499999999999
1857,5.862499999999999
1858,5.862499999999999
1859,5.862499999999999
1860,5.862499999999999
1861,5.862499999999999
1862,5.862499999999999
1863,5.862499999999999
1864,5.862499999999999
1865,5.862499999999999
1866,5.862499999999999
1867,5.862499999999999
1868,5.862499999999999
1869,5.862499999999999
1870,5.862499999999999
1871,5.862499999999999
1872,5.862499999999999
1873,5.862499999999999
1874,5.862499999999999
1875,5.862499999999999
1876,5.862499999999999
1877,5.828999999999999
1878,5.828999999999999
1879,5.828999999999999
1880,5.828999999999999
1881,5.828999999999999
1882,5.828999999999999
1883,5.828999999999999
1884,5.828999999999999
1885,5.828999999999999
1886,5.828999999999999
1887,5.828999999999999
1888,5.828999999999999
1889,5.828999999999999
1890,5.828999999999999
1891,5.828999999999999
1892,5.828999999999999
1893,5.828999999999999
1894,5.828999999999999
1895,5.828999999999999
1896,5.828999999999999
1897,5.828999999999999
1898,5.828999999999999
1899,5.828999999999999
1900,5.828999999999999
1901,5.828999999999999
1902,5.828999999999999
1903,5.828999999999999
1904,5.828999999999999
1905,5.828999999999999
1906,5.828999999999999
1907,5.828999999999999
1908,5.828999999999999
1909,5.828999999999999
1910,5.828999999999999
1911,5.828999999999999
1912,5.828999999999999
1913,5.828999999999999
1914,5.828999999999999
1915,5.828999999999999
1916,5.828999999999999
1917,5.828999999999999
1918,5.828999999999999
1919,5.828999999999999
1920,5.828999999999999
1921,5.828999999999999
1922,5.828999999999999
1923,5.7955
1924,5.7955
1925,5.7955
1926,5.7955
1927,5.7955
1928,5.7955
1929,5.7955
1930,5.7955
1931,5.7955
1932,5.7955
1933,5.7955
1934,5.7955
1935,5.7955
1936,5.7955
1937,5.7955
1938,5.7955
1939,5.7955
1940,5.7955
1941,5.7955
1942,5.7955
1943,5.7955
1944,5.7955
1945,5.7955
1946,5.7955
1947,5.7955
1948,5.7955
1949,5.7955
1950,5.7955
1951,5.7955
1952,5.7955
1953,5.7955
1954,5.7955
1955,5.7955
1956,5.7955
1957,5.7955
1958,5.7955
1959,5.761999999999999
1960,5.761999999999999
1961,5.761999999999999
1962,5.761999999999999
1963,5.761999999999999
1964,5.761999999999999
1965,5.761999999999999
1966,5.761999999999999
1967,5.761999999999999
1968,5.761999999999999
1969,5.761999999999999
1970,5.761999999999999
1971,5.761999999999999
1972,5.761999999999999
1973,5.761999999999999
1974,5.761999999999999
1975,5.761999999999999
1976,5.761999999999999
1977,5.761999999999999
1978,5.761999999999999
1979,5.761999999999999
1980,5.761999999999999
1981,5.761999999999999
1982,5.761999999999999
1983,5.761999999999999
1984,5.761999999999999
1985,5.761999999999999
1986,5.761999999999999
1987,5.761999999999999
1988,5.761999999999999
1989,5.761999999999999
1990,5.761999999999999
1991,5.761999999999999
1992,5.761999999999999
1993,5.761999999999999
1994,5.761999999999999
1995,5.7284999999999995
1996,5.7284999999999995
1997,5.7284999999999995
1998,5.7284999999999995
1999,5.7284999999999995
2000,5.7284999999999995
2001,5.7284999999999995
2002,5.7284999999999995
2003,5.7284999999999995
2004,5.7284999999999995
2005,5.7284999999999995
2006,5.7284999999999995
2007,5.7284999999999995
2008,5.7284999999999995
2009,5.7284999999999995
2010,5.7284999999999995
2011,5.7284999999999995
2012,5.7284999999999995
2013,5.7284999999999995
2014,5.7284999999999995
2015,5.7284999999999995
2016,5.7284999999999995
2017,5.7284999999999995
2018,5.7284999999999995
2019,5.7284999999999995
2020,5.7284999999999995
2021,5.7284999999999995
2022,5.7284999999999995
2023,5.7284999999999995
2024,5.7284999999999995
2025,5.7284999999999995
2026,5.7284999999999995
2027,5.7284999999999995
2028,5.7284999999999995
2029,5.7284999999999995
2030,5.7284999999999995
2031,5.7284999999999995
2032,5.7284999999999995
2033,5.7284999999999995
2034,5.7284999999999995
2035,5.7284999999999995
2036,5.7284999999999995
2037,5.7284999999999995
2038,5.7284999999999995
2039,5.694999999999999
2040,5.694999999999999
2041,5.694999999999999
2042,5.694999999999999
2043,5.694999999999999
2044,5.694999999999999
2045,5.694999999999999
2046,5.694999999999999
2047,5.694999999999999
2048,5.694999999999999
2049,5.694999999999999
2050,5.694999999999999
2051,5.694999999999999
2052,5.694999999999999
2053,5.694999999999999
2054,5.694999999999999
2055,5.694999999999999
2056,5.694999999999999
2057,5.694999999999999
2058,5.694999999999999
2059,5.694999999999999
2060,5.694999999999999
2061,5.694999999999999
2062,5.694999999999999
2063,5.694999999999999
2064,5.694999999999999
2065,5.694999999999999
2066,5.694999999999999
2067,5.694999999999999
2068,5.694999999999999
2069,5.694999999999999
2070,5.694999999999999
2071,5.694999999999999
2072,5.694999999999999
2073,5.694999999999999
2074,5.694999999999999
2075,5.694999999999999
2076,5.694999999999999
2077,5.694999999999999
2078,5.694999999999999
2079,5.694999999999999
2080,5.694999999999999
2081,5.694999999999999
2082,5.694999999999999
2083,5.661499999999998
2084,5.661499999999998
2085,5.661499999999998
2086,5.661499999999998
2087,5.661499999999998
2088,5.661499999999998
2089,5.661499999999998
2090,5.661499999999998
2091,5.661499999999998
2092,5.661499999999998
2093,5.661499999999998
2094,5.661499999999998
2095,5.661499999999998
2096,5.661499999999998
2097,5.661499999999998
2098,5.661499999999998
2099,5.661499999999998
2100,5.661499999999998
2101,5.661499999999998
2102,5.661499999999998
2103,5.661499999999998
2104,5.661499999999998
2105,5.661499999999998
2106,5.661499999999998
2107,5.661499999999998
2108,5.661499999999998
2109,5.661499999999998
2110,5.661499999999998
2111,5.661499999999998
2112,5.661499999999998
2113,5.661499999999998
2114,5.661499999999998
2115,5.661499999999998
2116,5.661499999999998
2117,5.661499999999998
2118,5.661499999999998
2119,5.661499999999998
2120,5.661499999999998
2121,5.661499999999998
2122,5.661499999999998
2123,5.661499999999998
2124,5.661499999999998
2125,5.661499999999998
2126,5.661499999999998
2127,5.627999999999999
2128,5.627999999999999
2129,5.627999999999999
2130,5.627999999999999
2131,5.627999999999999
2132,5.627999999999999
2133,5.627999999999999
2134,5.627999999999999
2135,5.627999999999999
2136,5.627999999999999
2137,5.627999999999999
2138,5.627999999999999
2139,5.627999999999999
2140,5.627999999999999
2141,5.627999999999999
2142,5.627999999999999
2143,5.627999999999999
2144,5.627999999999999
2145,5.627999999999999
2146,5.627999999999999
2147,5.627999999999999
2148,5.627999999999999
2149,5.627999999999999
2150,5.627999999999999
2151,5.627999999999999
2152,5.627999999999999
2153,5.627999999999999
2154,5.627999999999999
2155,5.627999999999999
2156,5.627999999999999
2157,5.627999999999999
2158,5.627999999999999
2159,5.627999999999999
2160,5.627999999999999
2161,5.627999999999999
2162,5.594499999999998
2163,5.594499999999998
2164,5.594499999999998
2165,5.594499999999998
2166,5.594499999999998
2167,5.594499999999998
2168,5.594499999999998
2169,5.594499999999998
2170,5.594499999999998
2171,5.594499999999998
2172,5.594499999999998
2173,5.594499999999998
2174,5.594499999999998
2175,5.594499999999998
2176,5.594499999999998
2177,5.594499999999998
2178,5.594499999999998
2179,5.594499999999998
2180,5.594499999999998
2181,5.594499999999998
2182,5.594499999999998
2183,5.594499999999998
2184,5.594499999999998
2185,5.594499999999998
2186,5.594499999999998
2187,5.560999999999999
2188,5.560999999999999
2189,5.560999999999999
2190,5.560999999999999
2191,5.560999999999999
2192,5.560999999999999
2193,5.560999999999999
2194,5.560999999999999
2195,5.560999999999999
2196,5.560999999999999
2197,5.560999999999999
2198,5.560999999999999
2199,5.560999999999999
2200,5.560999999999999
2201,5.560999999999999
2202,5.560999999999999
2203,5.560999999999999
2204,5.560999999999999
2205,5.560999999999999
2206,5.560999999999999
2207,5.560999999999999
2208,5.560999999999999
2209,5.560999999999999
2210,5.560999999999999
2211,5.560999999999999
2212,5.560999999999999
2213,5.560999999999999
2214,5.560999999999999
2215,5.560999999999999
2216,5.560999999999999
2217,5.560999999999999
2218,5.560999999999999
2219,5.560999999999999
2220,5.560999999999999
2221,5.560999999999999
2222,5.527499999999999
2223,5.527499999999999
2224,5.527499999999999
2225,5.527499999999999
2226,5.527499999999999
2227,5.527499999999999
2228,5.527499999999999
2229,5.527499999999999
2230,5.527499999999999
2231,5.527499999999999
2232,5.527499999999999
2233,5.527499999999999
2234,5.527499999999999
2235,5.527499999999999
2236,5.527499999999999
2237,5.527499999999999
2238,5.527499999999999
2239,5.527499999999999
2240,5.527499999999999
2241,5.527499999999999
2242,5.527499999999999
2243,5.527499999999999
2244,5.493999999999998
2245,5.493999999999998
2246,5.493999999999998
2247,5.493999999999998
2248,5.493999999999998
2249,5.493999999999998
2250,5.493999999999998
2251,5.493999999999998
2252,5.493999999999998
2253,5.493999999999998
2254,5.493999999999998
2255,5.493999999999998
2256,5.493999999999998
2257,5.493999999999998
2258,5.493999999999998
2259,5.493999999999998
2260,5.493999999999998
2261,5.493999999999998
2262,5.493999999999998
2263,5.493999999999998
2264,5.493999999999998
2265,5.493999999999998
2266,5.493999999999998
2267,5.493999999999998
2268,5.493999999999998
2269,5.493999999999998
2270,5.493999999999998
2271,5.493999999999998
2272,5.493999999999998
2273,5.493999999999998
2274,5.493999999999998
2275,5.460499999999999
2276,5.460499999999999
2277,5.460499999999999
2278,5.460499999999999
2279,5.460499999999999
2280,5.460499999999999
2281,5.460499999999999
2282,5.460499999999999
2283,5.460499999999999
2284,5.460499999999999
2285,5.460499999999999
2286,5.460499999999999
2287,5.460499999999999
2288,5.460499999999999
2289,5.460499999999999
2290,5.460499999999999
2291,5.460499999999999
2292,5.460499999999999
2293,5.460499999999999
2294,5.460499999999999
2295,5.460499999999999
2296,5.460499999999999
2297,5.460499999999999
2298,5.460499999999999
2299,5.460499999999999
2300,5.460499999999999
2301,5.460499999999999
2302,5.460499999999999
2303,5.426999999999999
2304,5.426999999999999
2305,5.426999999999999
2306,5.426999999999999
2307,5.426999999999999
2308,5.426999999999999
2309,5.426999999999999
2310,5.426999999999999
2311,5.426999999999999
2312,5.426999999999999
2313,5.426999999999999
2314,5.426999999999999
2315,5.426999999999999
2316,5.426999999999999
2317,5.426999999999999
2318,5.426999999999999
2319,5.426999999999999
2320,5.426999999999999
2321,5.426999999999999
2322,5.426999999999999
2323,5.426999999999999
2324,5.426999999999999
2325,5.426999999999999
2326,5.426999999999999
2327,5.426999999999999
2328,5.426999999999999
2329,5.426999999999999
2330,5.426999999999999
2331,5.426999999999999
2332,5.426999999999999
2333,5.3934999999999995
2334,5.3934999999999995
2335,5.3934999999999995
2336,5.3934999999999995
2337,5.3934999999999995
2338,5.3934999999999995
2339,5.3934999999999995
2340,5.3934999999999995
2341,5.3934999999999995
2342,5.3934999999999995
2343,5.3934999999999995
2344,5.3934999999999995
2345,5.3934999999999995
2346,5.3934999999999995
2347,5.3934999999999995
2348,5.3934999999999995
2349,5.3934999999999995
2350,5.3934999999999995
2351,5.3934999999999995
2352,5.3934999999999995
2353,5.3934999999999995
2354,5.3934999999999995
2355,5.3934999999999995
2356,5.3934999999999995
2357,5.3934999999999995
2358,5.3934999999999995
2359,5.3934999999999995
2360,5.359999999999999
2361,5.359999999999999
2362,5.359999999999999
2363,5.359999999999999
2364,5.359999999999999
2365,5.359999999999999
2366,5.359999999999999
2367,5.359999999999999
2368,5.359999999999999
2369,5.359999999999999
2370,5.359999999999999
2371,5.359999999999999
2372,5.359999999999999
2373,5.359999999999999
2374,5.359999999999999
2375,5.359999999999999
2376,5.359999999999999
2377,5.359999999999999
2378,5.359999999999999
2379,5.359999999999999
2380,5.359999999999999
2381,5.359999999999999
2382,5.359999999999999
2383,5.359999999999999
2384,5.359999999999999
2385,5.359999999999999
2386,5.359999999999999
2387,5.359999999999999
2388,5.359999999999999
2389,5.359999999999999
2390,5.359999999999999
2391,5.326499999999999
2392,5.326499999999999
2393,5.326499999999999
2394,5.326499999999999
2395,5.326499999999999
2396,5.326499999999999
2397,5.326499999999999
2398,5.326499999999999
2399,5.326499999999999
2400,5.326499999999999
2401,5.326499999999999
2402,5.326499999999999
2403,5.326499999999999
2404,5.326499999999999
2405,5.326499999999999
2406,5.326499999999999
2407,5.326499999999999
2408,5.326499999999999
2409,5.326499999999999
2410,5.326499999999999
2411,5.326499999999999
2412,5.326499999999999
2413,5.326499999999999
2414,5.326499999999999
2415,5.326499999999999
2416,5.326499999999999
2417,5.326499999999999
2418,5.326499999999999
2419,5.326499999999999
2420,5.292999999999999
2421,5.292999999999999
2422,5.292999999999999
2423,5.292999999999999
2424,5.292999999999999
2425,5.292999999999999
2426,5.292999999999999
2427,5.292999999999999
2428,5.292999999999999
2429,5.292999999999999
2430,5.292999999999999
2431,5.292999999999999
2432,5.292999999999999
2433,5.292999999999999
2434,5.292999999999999
2435,5.292999999999999
2436,5.292999999999999
2437,5.292999999999999
2438,5.292999999999999
2439,5.292999999999999
2440,5.292999999999999
2441,5.292999999999999
2442,5.292999999999999
2443,5.292999999999999
2444,5.292999999999999
2445,5.292999999999999
2446,5.292999999999999
2447,5.292999999999999
2448,5.292999999999999
2449,5.292999999999999
2450,5.292999999999999
2451,5.292999999999999
2452,5.292999999999999
2453,5.292999999999999
2454,5.292999999999999
2455,5.292999999999999
2456,5.292999999999999
2457,5.292999999999999
2458,5.292999999999999
2459,5.292999999999999
2460,5.292999999999999
2461,5.259499999999999
2462,5.259499999999999
2463,5.259499999999999
2464,5.259499999999999
2465,5.259499999999999
2466,5.259499999999999
2467,5.259499999999999
2468,5.259499999999999
2469,5.259499999999999
2470,5.259499999999999
2471,5.259499999999999
2472,5.259499999999999
2473,5.259499999999999
2474,5.259499999999999
2475,5.259499999999999
2476,5.259499999999999
2477,5.259499999999999
2478,5.259499999999999
2479,5.259499999999999
2480,5.259499999999999
2481,5.259499999999999
2482,5.259499999999999
2483,5.259499999999999
2484,5.259499999999999
2485,5.259499999999999
2486,5.225999999999999
2487,5.225999999999999
2488,5.225999999999999
2489,5.225999999999999
2490,5.225999999999999
2491,5.225999999999999
2492,5.225999999999999
2493,5.225999999999999
2494,5.225999999999999
2495,5.225999999999999
2496,5.225999999999999
2497,5.225999999999999
2498,5.225999999999999
2499,5.225999999999999
2500,5.225999999999999
2501,5.225999999999999
2502,5.225999999999999
2503,5.225999999999999
2504,5.225999999999999
2505,5.225999999999999
2506,5.225999999999999
2507,5.225999999999999
2508,5.225999999999999
2509,5.225999999999999
2510,5.225999999999999
2511,5.225999999999999
2512,5.225999999999999
2513,5.225999999999999
2514,5.225999999999999
2515,5.225999999999999
2516,5.225999999999999
2517,5.225999999999999
2518,5.225999999999999
2519,5.225999999999999
2520,5.225999999999999
2521,5.225999999999999
2522,5.225999999999999
2523,5.225999999999999
2524,5.225999999999999
2525,5.225999999999999
2526,5.225999999999999
2527,5.192499999999999
2528,5.192499999999999
2529,5.192499999999999
2530,5.192499999999999
2531,5.192499999999999
2532,5.192499999999999
2533,5.192499999999999
2534,5.192499999999999
2535,5.192499999999999
2536,5.192499999999999
2537,5.192499999999999
2538,5.192499999999999
2539,5.192499999999999
2540,5.192499999999999
2541,5.192499999999999
2542,5.192499999999999
2543,5.192499999999999
2544,5.192499999999999
2545,5.192499999999999
2546,5.192499999999999
2547,5.192499999999999
2548,5.192499999999999
2549,5.192499999999999
2550,5.192499999999999
2551,5.192499999999999
2552,5.192499999999999
2553,5.192499999999999
2554,5.192499999999999
2555,5.192499999999999
2556,5.192499999999999
2557,5.192499999999999
2558,5.192499999999999
2559,5.192499999999999
2560,5.192499999999999
2561,5.158999999999999
2562,5.158999999999999
2563,5.158999999999999
2564,5.158999999999999
2565,5.158999999999999
2566,5.158999999999999
2567,5.158999999999999
2568,5.158999999999999
2569,5.158999999999999
2570,5.158999999999999
2571,5.158999999999999
2572,5.158999999999999
2573,5.158999999999999
2574,5.158999999999999
2575,5.158999999999999
2576,5.158999999999999
2577,5.158999999999999
2578,5.158999999999999
2579,5.158999999999999
2580,5.158999999999999
2581,5.158999999999999
2582,5.158999999999999
2583,5.158999999999999
2584,5.158999999999999
2585,5.158999999999999
2586,5.158999999999999
2587,5.158999999999999
2588,5.158999999999999
2589,5.158999999999999
2590,5.158999999999999
2591,5.158999999999999
2592,5.158999999999999
2593,5.158999999999999
2594,5.158999999999999
2595,5.158999999999999
2596,5.158999999999999
2597,5.158999999999999
2598,5.158999999999999
2599,5.1255
2600,5.1255
2601,5.1255
2602,5.1255
2603,5.1255
2604,5.1255
2605,5.1255
2606,5.1255
2607,5.1255
2608,5.1255
2609,5.1255
2610,5.1255
2611,5.1255
2612,5.1255
2613,5.1255
2614,5.1255
2615,5.1255
2616,5.1255
2617,5.1255
2618,5.1255
2619,5.1255
2620,5.1255
2621,5.1255
2622,5.1255
2623,5.1255
2624,5.1255
2625,5.1255
2626,5.1255
2627,5.1255
2628,5.1255
2629,5.1255
2630,5.1255
2631,5.1255
2632,5.1255
2633,5.1255
2634,5.1255
2635,5.1255
2636,5.1255
2637,5.1255
2638,5.1255
2639,5.1255
2640,5.1255
2641,5.1255
2642,5.1255
2643,5.1255
2644,5.1255
2645,5.1255
2646,5.1255
2647,5.1255
2648,5.1255
2649,5.1255
2650,5.091999999999999
2651,5.091999999999999
2652,5.091999999999999
2653,5.091999999999999
2654,5.091999999999999
2655,5.091999999999999
2656,5.091999999999999
2657,5.091999999999999
2658,5.091999999999999
2659,5.091999999999999
2660,5.091999999999999
2661,5.091999999999999
2662,5.091999999999999
2663,5.091999999999999
2664,5.091999999999999
2665,5.091999999999999
2666,5.091999999999999
2667,5.091999999999999
2668,5.091999999999999
2669,5.091999999999999
2670,5.091999999999999
2671,5.091999999999999
2672,5.091999999999999
2673,5.091999999999999
2674,5.091999999999999
2675,5.091999999999999
2676,5.091999999999999
2677,5.091999999999999
2678,5.091999999999999
2679,5.091999999999999
2680,5.091999999999999
2681,5.091999999999999
2682,5.058499999999999
2683,5.058499999999999
2684,5.058499999999999
2685,5.058499999999999
2686,5.058499999999999
2687,5.058499999999999
2688,5.058499999999999
2689,5.058499999999999
2690,5.058499999999999
2691,5.058499999999999
2692,5.058499999999999
2693,5.058499999999999
2694,5.058499999999999
2695,5.058499999999999
2696,5.058499999999999
2697,5.058499999999999
2698,5.058499999999999
2699,5.058499999999999
2700,5.058499999999999
2701,5.058499999999999
2702,5.058499999999999
2703,5.058499999999999
2704,5.058499999999999
2705,5.058499999999999
2706,5.058499999999999
2707,5.058499999999999
2708,5.058499999999999
2709,5.058499999999999
2710,5.058499999999999
2711,5.058499999999999
2712,5.058499999999999
2713,5.058499999999999
2714,5.058499999999999
2715,5.058499999999999
2716,5.058499999999999
2717,5.058499999999999
2718,5.058499999999999
2719,5.058499999999999
2720,5.058499999999999
2721,5.058499999999999
2722,5.058499999999999
2723,5.058499999999999
2724,5.058499999999999
2725,5.058499999999999
2726,5.058499999999999
2727,5.058499999999999
2728,5.058499999999999
2729,5.058499999999999
2730,5.058499999999999
2731,5.024999999999999
2732,5.024999999999999
2733,5.024999999999999
2734,5.024999999999999
2735,5.024999999999999
2736,5.024999999999999
2737,5.024999999999999
2738,5.024999999999999
2739,5.024999999999999
2740,5.024999999999999
2741,5.024999999999999
2742,5.024999999999999
2743,5.024999999999999
2744,5.024999999999999
2745,5.024999999999999
2746,5.024999999999999
2747,5.024999999999999
2748,5.024999999999999
2749,5.024999999999999
2750,5.024999999999999
2751,5.024999999999999
2752,5.024999999999999
2753,5.024999999999999
2754,5.024999999999999
2755,5.024999999999999
2756,5.024999999999999
2757,5.024999999999999
2758,5.024999999999999
2759,5.024999999999999
2760,5.024999999999999
2761,5.024999999999999
2762,5.024999999999999
2763,5.024999999999999
2764,5.024999999999999
2765,5.024999999999999
2766,5.024999999999999
2767,5.024999999999999
2768,5.024999999999999
2769,5.024999999999999
2770,5.024999999999999
2771,5.024999999999999
2772,5.024999999999999
2773,5.024999999999999
2774,5.024999999999999
2775,5.024999999999999
2776,5.024999999999999
2777,5.024999999999999
2778,5.024999999999999
2779,5.024999999999999
2780,5.024999999999999
2781,5.024999999999999
2782,5.024999999999999
2783,4.991499999999999
2784,4.991499999999999
2785,4.991499999999999
2786,4.991499999999999
2787,4.991499999999999
2788,4.991499999999999
2789,4.991499999999999
2790,4.991499999999999
2791,4.991499999999999
2792,4.991499999999999
2793,4.991499999999999
2794,4.991499999999999
2795,4.991499999999999
2796,4.991499999999999
2797,4.991499999999999
2798,4.991499999999999
2799,4.991499999999999
2800,4.991499999999999
2801,4.991499999999999
2802,4.991499999999999
2803,4.991499999999999
2804,4.991499999999999
2805,4.991499999999999
2806,4.991499999999999
2807,4.991499999999999
2808,4.991499999999999
2809,4.991499999999999
2810,4.991499999999999
2811,4.991499999999999
2812,4.991499999999999
2813,4.991499999999999
2814,4.991499999999999
2815,4.991499999999999
2816,4.991499999999999
2817,4.991499999999999
2818,4.991499999999999
2819,4.991499999999999
2820,4.957999999999999
2821,4.957999999999999
2822,4.957999999999999
2823,4.957999999999999
2824,4.957999999999999
2825,4.957999999999999
2826,4.957999999999999
2827,4.957999999999999
2828,4.957999999999999
2829,4.957999999999999
2830,4.957999999999999
2831,4.957999999999999
2832,4.957999999999999
2833,4.957999999999999
2834,4.957999999999999
2835,4.957999999999999
2836,4.957999999999999
2837,4.957999999999999
2838,4.957999999999999
2839,4.957999999999999
2840,4.957999999999999
2841,4.957999999999999
2842,4.957999999999999
2843,4.957999999999999
2844,4.957999999999999
2845,4.957999999999999
2846,4.957999999999999
2847,4.957999999999999
2848,4.957999999999999
2849,4.957999999999999
2850,4.957999999999999
2851,4.957999999999999
2852,4.957999999999999
2853,4.957999999999999
2854,4.957999999999999
2855,4.957999999999999
2856,4.957999999999999
2857,4.957999999999999
2858,4.957999999999999
2859,4.957999999999999
2860,4.957999999999999
2861,4.957999999999999
2862,4.957999999999999
2863,4.957999999999999
2864,4.957999999999999
2865,4.957999999999999
2866,4.957999999999999
2867,4.957999999999999
2868,4.957999999999999
2869,4.924499999999998
2870,4.924499999999998
2871,4.924499999999998
2872,4.924499999999998
2873,4.924499999999998
2874,4.924499999999998
2875,4.924499999999998
2876,4.924499999999998
2877,4.924499999999998
2878,4.924499999999998
2879,4.924499999999998
2880,4.924499999999998
2881,4.924499999999998
2882,4.924499999999998
2883,4.924499999999998
2884,4.924499999999998
2885,4.924499999999998
2886,4.924499999999998
2887,4.924499999999998
2888,4.924499999999998
2889,4.924499999999998
2890,4.924499999999998
2891,4.924499999999998
2892,4.924499999999998
2893,4.924499999999998
2894,4.924499999999998
2895,4.924499999999998
2896,4.924499999999998
2897,4.924499999999998
2898,4.924499999999998
2899,4.924499999999998
2900,4.924499999999998
2901,4.924499999999998
2902,4.924499999999998
2903,4.924499999999998
2904,4.924499999999998
2905,4.924499999999998
2906,4.924499999999998
2907,4.924499999999998
2908,4.924499999999998
2909,4.890999999999999
2910,4.890999999999999
2911,4.890999999999999
2912,4.890999999999999
2913,4.890999999999999
2914,4.890999999999999
2915,4.890999999999999
2916,4.890999999999999
2917,4.890999999999999
2918,4.890999999999999
2919,4.890999999999999
2920,4.890999999999999
2921,4.890999999999999
2922,4.890999999999999
2923,4.890999999999999
2924,4.890999999999999
2925,4.890999999999999
2926,4.890999999999999
2927,4.890999999999999
2928,4.890999999999999
2929,4.890999999999999
2930,4.890999999999999
2931,4.890999999999999
2932,4.890999999999999
2933,4.890999999999999
2934,4.890999999999999
2935,4.890999999999999
2936,4.890999999999999
2937,4.890999999999999
2938,4.890999999999999
2939,4.890999999999999
2940,4.890999999999999
2941,4.857499999999999
2942,4.857499999999999
2943,4.857499999999999
2944,4.857499999999999
2945,4.857499999999999
2946,4.857499999999999
2947,4.857499999999999
2948,4.857499999999999
2949,4.857499999999999
2950,4.857499999999999
2951,4.857499999999999
2952,4.857499999999999
2953,4.857499999999999
2954,4.857499999999999
2955,4.857499999999999
2956,4.857499999999999
2957,4.857499999999999
2958,4.857499999999999
2959,4.857499999999999
2960,4.857499999999999
2961,4.857499999999999
2962,4.857499999999999
2963,4.857499999999999
2964,4.857499999999999
2965,4.857499999999999
2966,4.857499999999999
2967,4.857499999999999
2968,4.824
2969,4.824
2970,4.824
2971,4.824
2972,4.824
2973,4.824
2974,4.824
2975,4.824
2976,4.824
2977,4.824
2978,4.824
2979,4.824
2980,4.824
2981,4.824
2982,4.824
2983,4.824
2984,4.824
2985,4.824
2986,4.824
2987,4.824
2988,4.824
2989,4.824
2990,4.824
2991,4.824
2992,4.824
2993,4.824
2994,4.824
2995,4.824
2996,4.7905
2997,4.7905
2998,4.7905
2999,4.7905
3000,4.7905
3001,4.7905
3002,4.7905
3003,4.7905
3004,4.7905
3005,4.7905
3006,4.7905
3007,4.7905
3008,4.7905
3009,4.7905
3010,4.7905
3011,4.7905
3012,4.7905
3013,4.7905
3014,4.7905
3015,4.7905
3016,4.7905
3017,4.7905
3018,4.7905
3019,4.7905
3020,4.7905
3021,4.7905
3022,4.7905
3023,4.7905
3024,4.7905
3025,4.7905
3026,4.7905
3027,4.7905
3028,4.7905
3029,4.7905
3030,4.7905
3031,4.7905
3032,4.7905
3033,4.7905
3034,4.7905
3035,4.7905
3036,4.7905
3037,4.7905
3038,4.7905
3039,4.756999999999999
3040,4.756999999999999
3041,4.756999999999999
3042,4.756999999999999
3043,4.756999999999999
3044,4.756999999999999
3045,4.756999999999999
3046,4.756999999999999
3047,4.756999999999999
3048,4.756999999999999
3049,4.756999999999999
3050,4.756999999999999
3051,4.756999999999999
3052,4.756999999999999
3053,4.756999999999999
3054,4.756999999999999
3055,4.756999999999999
3056,4.756999999999999
3057,4.756999999999999
3058,4.756999999999999
3059,4.756999999999999
3060,4.756999999999999
3061,4.756999999999999
3062,4.756999999999999
3063,4.756999999999999
3064,4.756999999999999
3065,4.756999999999999
3066,4.756999999999999
3067,4.756999999999999
3068,4.756999999999999
3069,4.756999999999999
3070,4.756999999999999
3071,4.756999999999999
3072,4.756999999999999
3073,4.756999999999999
3074,4.756999999999999
3075,4.756999999999999
3076,4.756999999999999
3077,4.756999999999999
3078,4.756999999999999
3079,4.756999999999999
3080,4.7235
3081,4.7235
3082,4.7235
3083,4.7235
3084,4.7235
3085,4.7235
3086,4.7235
3087,4.7235
3088,4.7235
3089,4.7235
3090,4.7235
3091,4.7235
3092,4.7235
3093,4.7235
3094,4.7235
3095,4.7235
3096,4.7235
3097,4.7235
3098,4.7235
3099,4.7235
3100,4.7235
3101,4.7235
3102,4.7235
3103,4.7235
3104,4.7235
3105,4.7235
3106,4.7235
3107,4.7235
3108,4.7235
3109,4.7235
3110,4.7235
3111,4.7235
3112,4.7235
3113,4.7235
3114,4.7235
3115,4.7235
3116,4.7235
3117,4.7235
3118,4.7235
3119,4.7235
3120,4.7235
3121,4.7235
3122,4.7235
3123,4.6899999999999995
3124,4.6899999999999995
3125,4.6899999999999995
3126,4.6899999999999995
3127,4.6899999999999995
3128,4.6899999999999995
3129,4.6899999999999995
3130,4.6899999999999995
3131,4.6899999999999995
3132,4.6899999999999995
3133,4.6899999999999995
3134,4.6899999999999995
3135,4.6899999999999995
3136,4.6899999999999995
3137,4.6899999999999995
3138,4.6899999999999995
3139,4.6899999999999995
3140,4.6899999999999995
3141,4.6899999999999995
3142,4.6899999999999995
3143,4.6899999999999995
3144,4.6899999999999995
3145,4.6899999999999995
3146,4.6899999999999995
3147,4.6899999999999995
3148,4.6899999999999995
3149,4.6899999999999995
3150,4.6899999999999995
3151,4.6899999999999995
3152,4.6899999999999995
3153,4.6899999999999995
3154,4.6899999999999995
3155,4.6899999999999995
3156,4.6899999999999995
3157,4.6899999999999995
3158,4.6899999999999995
3159,4.6899999999999995
3160,4.6899999999999995
3161,4.6899999999999995
3162,4.6899999999999995
3163,4.6899999999999995
3164,4.6899999999999995
3165,4.6899999999999995
3166,4.6899999999999995
3167,4.6899999999999995
3168,4.656499999999999
3169,4.656499999999999
3170,4.656499999999999
3171,4.656499999999999
3172,4.656499999999999
3173,4.656499999999999
3174,4.656499999999999
3175,4.656499999999999
3176,4.656499999999999
3177,4.656499999999999
3178,4.656499999999999
3179,4.656499999999999
3180,4.656499999999999
3181,4.656499999999999
3182,4.656499999999999
3183,4.656499999999999
3184,4.656499999999999
3185,4.656499999999999
3186,4.656499999999999
3187,4.656499999999999
3188,4.656499999999999
3189,4.656499999999999
3190,4.656499999999999
3191,4.656499999999999
3192,4.656499999999999
3193,4.656499999999999
3194,4.656499999999999
3195,4.656499999999999
3196,4.656499999999999
3197,4.656499999999999
3198,4.656499999999999
3199,4.656499999999999
3200,4.656499999999999
3201,4.656499999999999
3202,4.656499999999999
3203,4.656499999999999
3204,4.656499999999999
3205,4.656499999999999
3206,4.656499999999999
3207,4.656499999999999
3208,4.656499999999999
3209,4.656499999999999
3210,4.656499999999999
3211,4.656499999999999
3212,4.656499999999999
3213,4.656499999999999
3214,4.622999999999999
3215,4.622999999999999
3216,4.622999999999999
3217,4.622999999999999
3218,4.622999999999999
3219,4.622999999999999
3220,4.622999999999999
3221,4.622999999999999
3222,4.622999999999999
3223,4.622999999999999
3224,4.622999999999999
3225,4.622999999999999
3226,4.622999999999999
3227,4.622999999999999
3228,4.622999999999999
3229,4.622999999999999
3230,4.622999999999999
3231,4.622999999999999
3232,4.622999999999999
3233,4.622999999999999
3234,4.622999999999999
3235,4.622999999999999
3236,4.622999999999999
3237,4.622999999999999
3238,4.622999999999999
3239,4.622999999999999
3240,4.622999999999999
3241,4.622999999999999
3242,4.622999999999999
3243,4.622999999999999
3244,4.622999999999999
3245,4.622999999999999
3246,4.622999999999999
3247,4.622999999999999
3248,4.622999999999999
3249,4.622999999999999
3250,4.622999999999999
3251,4.622999999999999
3252,4.622999999999999
3253,4.622999999999999
3254,4.622999999999999
3255,4.622999999999999
3256,4.622999999999999
3257,4.622999999999999
3258,4.622999999999999
3259,4.622999999999999
3260,4.622999999999999
3261,4.622999999999999
3262,4.589499999999999
3263,4.589499999999999
3264,4.589499999999999
3265,4.589499999999999
3266,4.589499999999999
3267,4.589499999999999
3268,4.589499999999999
3269,4.589499999999999
3270,4.589499999999999
3271,4.589499999999999
3272,4.589499999999999
3273,4.589499999999999
3274,4.589499999999999
3275,4.589499999999999
3276,4.589499999999999
3277,4.589499999999999
3278,4.589499999999999
3279,4.589499999999999
3280,4.589499999999999
3281,4.589499999999999
3282,4.589499999999999
3283,4.589499999999999
3284,4.589499999999999
3285,4.589499999999999
3286,4.589499999999999
3287,4.589499999999999
3288,4.589499999999999
3289,4.589499999999999
3290,4.589499999999999
3291,4.589499999999999
3292,4.589499999999999
3293,4.589499999999999
3294,4.589499999999999
3295,4.589499999999999
3296,4.589499999999999
3297,4.589499999999999
3298,4.589499999999999
3299,4.589499999999999
3300,4.589499999999999
3301,4.589499999999999
3302,4.589499999999999
3303,4.589499999999999
3304,4.589499999999999
3305,4.589499999999999
3306,4.589499999999999
3307,4.589499999999999
3308,4.589499999999999
3309,4.555999999999999
3310,4.555999999999999
3311,4.555999999999999
3312,4.555999999999999
3313,4.555999999999999
3314,4.555999999999999
3315,4.555999999999999
3316,4.555999999999999
3317,4.555999999999999
3318,4.555999999999999
3319,4.555999999999999
3320,4.555999999999999
3321,4.555999999999999
3322,4.555999999999999
3323,4.555999999999999
3324,4.555999999999999
3325,4.555999999999999
3326,4.555999999999999
3327,4.555999999999999
3328,4.555999999999999
3329,4.555999999999999
3330,4.555999999999999
3331,4.555999999999999
3332,4.555999999999999
3333,4.555999999999999
3334,4.555999999999999
3335,4.555999999999999
3336,4.555999999999999
3337,4.555999999999999
3338,4.555999999999999
3339,4.555999999999999
3340,4.555999999999999
3341,4.555999999999999
3342,4.555999999999999
3343,4.555999999999999
3344,4.555999999999999
3345,4.555999999999999
3346,4.555999999999999
3347,4.555999999999999
3348,4.555999999999999
3349,4.555999999999999
3350,4.555999999999999
3351,4.555999999999999
3352,4.522499999999999
3353,4.522499999999999
3354,4.522499999999999
3355,4.522499999999999
3356,4.522499999999999
3357,4.522499999999999
3358,4.522499999999999
3359,4.522499999999999
3360,4.522499999999999
3361,4.522499999999999
3362,4.522499999999999
3363,4.522499999999999
3364,4.522499999999999
3365,4.522499999999999
3366,4.522499999999999
3367,4.522499999999999
3368,4.522499999999999
3369,4.522499999999999
3370,4.522499999999999
3371,4.522499999999999
3372,4.522499999999999
3373,4.522499999999999
3374,4.522499999999999
3375,4.522499999999999
3376,4.522499999999999
3377,4.522499999999999
3378,4.522499999999999
3379,4.522499999999999
3380,4.522499999999999
3381,4.522499999999999
3382,4.522499999999999
3383,4.522499999999999
3384,4.522499999999999
3385,4.522499999999999
3386,4.522499999999999
3387,4.522499999999999
3388,4.522499999999999
3389,4.522499999999999
3390,4.522499999999999
3391,4.522499999999999
3392,4.522499999999999
3393,4.522499999999999
3394,4.522499999999999
3395,4.522499999999999
3396,4.522499999999999
3397,4.522499999999999
3398,4.488999999999999
3399,4.488999999999999
3400,4.488999999999999
3401,4.488999999999999
3402,4.488999999999999
3403,4.488999999999999
3404,4.488999999999999
3405,4.488999999999999
3406,4.488999999999999
3407,4.488999999999999
3408,4.488999999999999
3409,4.488999999999999
3410,4.488999999999999
3411,4.488999999999999
3412,4.488999999999999
3413,4.488999999999999
3414,4.488999999999999
3415,4.488999999999999
3416,4.488999999999999
3417,4.488999999999999
3418,4.488999999999999
3419,4.488999999999999
3420,4.488999999999999
3421,4.488999999999999
3422,4.488999999999999
3423,4.488999999999999
3424,4.488999999999999
3425,4.488999999999999
3426,4.488999999999999
3427,4.488999999999999
3428,4.488999999999999
3429,4.488999999999999
3430,4.488999999999999
3431,4.488999999999999
3432,4.488999999999999
3433,4.488999999999999
3434,4.488999999999999
3435,4.488999999999999
3436,4.488999999999999
3437,4.488999999999999
3438,4.488999999999999
3439,4.455499999999999
3440,4.455499999999999
3441,4.455499999999999
3442,4.455499999999999
3443,4.455499999999999
3444,4.455499999999999
3445,4.455499999999999
3446,4.455499999999999
3447,4.455499999999999
3448,4.455499999999999
3449,4.455499999999999
3450,4.455499999999999
3451,4.455499999999999
3452,4.455499999999999
3453,4.455499999999999
3454,4.455499999999999
3455,4.455499999999999
3456,4.455499999999999
3457,4.455499999999999
3458,4.455499999999999
3459,4.455499999999999
3460,4.455499999999999
3461,4.455499999999999
3462,4.455499999999999
3463,4.455499999999999
3464,4.455499999999999
3465,4.455499999999999
3466,4.455499999999999
3467,4.455499999999999
3468,4.455499999999999
3469,4.421999999999999
3470,4.421999999999999
3471,4.421999999999999
3472,4.421999999999999
3473,4.421999999999999
3474,4.421999999999999
3475,4.421999999999999
3476,4.421999999999999
3477,4.421999999999999
3478,4.421999999999999
3479,4.421999999999999
3480,4.421999999999999
3481,4.421999999999999
3482,4.421999999999999
3483,4.421999999999999
3484,4.421999999999999
3485,4.421999999999999
3486,4.421999999999999
3487,4.421999999999999
3488,4.421999999999999
3489,4.421999999999999
3490,4.421999999999999
3491,4.421999999999999
3492,4.421999999999999
3493,4.421999999999999
3494,4.421999999999999
3495,4.421999999999999
3496,4.421999999999999
3497,4.421999999999999
3498,4.421999999999999
3499,4.388499999999999
3500,4.388499999999999
3501,4.388499999999999
3502,4.388499999999999
3503,4.388499999999999
3504,4.388499999999999
3505,4.388499999999999
3506,4.388499999999999
3507,4.388499999999999
3508,4.388499999999999
3509,4.388499999999999
3510,4.388499999999999
3511,4.388499999999999
3512,4.388499999999999
3513,4.388499999999999
3514,4.388499999999999
3515,4.388499999999999
3516,4.388499999999999
3517,4.388499999999999
3518,4.388499999999999
3519,4.388499999999999
3520,4.388499999999999
3521,4.388499999999999
3522,4.388499999999999
3523,4.388499999999999
3524,4.388499999999999
3525,4.388499999999999
3526,4.388499999999999
3527,4.388499999999999
3528,4.388499999999999
3529,4.388499999999999
3530,4.388499999999999
3531,4.388499999999999
3532,4.388499999999999
3533,4.388499999999999
3534,4.3549999999999995
3535,4.3549999999999995
3536,4.3549999999999995
3537,4.3549999999999995
3538,4.3549999999999995
3539,4.3549999999999995
3540,4.3549999999999995
3541,4.3549999999999995
3542,4.3549999999999995
3543,4.3549999999999995
3544,4.3549999999999995
3545,4.3549999999999995
3546,4.3549999999999995
3547,4.3549999999999995
3548,4.3549999999999995
3549,4.3549999999999995
3550,4.3549999999999995
3551,4.3549999999999995
3552,4.3549999999999995
3553,4.3549999999999995
3554,4.3549999999999995
3555,4.3549999999999995
3556,4.3549999999999995
3557,4.3549999999999995
3558,4.3549999999999995
3559,4.3549999999999995
3560,4.3549999999999995
3561,4.3549999999999995
3562,4.3549999999999995
3563,4.3214999999999995
3564,4.3214999999999995
3565,4.3214999999999995
3566,4.3214999999999995
3567,4.3214999999999995
3568,4.3214999999999995
3569,4.3214999999999995
3570,4.3214999999999995
3571,4.3214999999999995
3572,4.3214999999999995
3573,4.3214999999999995
3574,4.3214999999999995
3575,4.3214999999999995
3576,4.3214999999999995
3577,4.3214999999999995
3578,4.3214999999999995
3579,4.3214999999999995
3580,4.3214999999999995
3581,4.3214999999999995
3582,4.3214999999999995
3583,4.3214999999999995
3584,4.3214999999999995
3585,4.3214999999999995
3586,4.3214999999999995
3587,4.3214999999999995
3588,4.3214999999999995
3589,4.3214999999999995
3590,4.3214999999999995
3591,4.3214999999999995
3592,4.3214999999999995
3593,4.3214999999999995
3594,4.3214999999999995
3595,4.3214999999999995
3596,4.3214999999999995
3597,4.3214999999999995
3598,4.287999999999999
3599,4.287999999999999
3600,4.287999999999999
3601,4.287999999999999
3602,4.287999999999999
3603,4.287999999999999
3604,4.287999999999999
3605,4.287999999999999
3606,4.287999999999999
3607,4.287999999999999
3608,4.287999999999999
3609,4.287999999999999
3610,4.287999999999999
3611,4.287999999999999
3612,4.287999999999999
3613,4.287999999999999
3614,4.287999999999999
3615,4.287999999999999
3616,4.287999999999999
3617,4.287999999999999
3618,4.287999999999999
3619,4.287999999999999
3620,4.287999999999999
3621,4.287999999999999
3622,4.287999999999999
3623,4.287999999999999
3624,4.287999999999999
3625,4.287999999999999
3626,4.287999999999999
3627,4.287999999999999
3628,4.287999999999999
3629,4.287999999999999
3630,4.287999999999999
3631,4.287999999999999
3632,4.287999999999999
3633,4.287999999999999
3634,4.287999999999999
3635,4.254499999999999
3636,4.254499999999999
3637,4.254499999999999
3638,4.254499999999999
3639,4.254499999999999
3640,4.254499999999999
3641,4.254499999999999
3642,4.254499999999999
3643,4.254499999999999
3644,4.254499999999999
3645,4.254499999999999
3646,4.254499999999999
3647,4.254499999999999
3648,4.254499999999999
3649,4.254499999999999
3650,4.254499999999999
3651,4.254499999999999
3652,4.254499999999999
3653,4.254499999999999
3654,4.254499999999999
3655,4.254499999999999
3656,4.254499999999999
3657,4.254499999999999
3658,4.254499999999999
3659,4.254499999999999
3660,4.254499999999999
3661,4.254499999999999
3662,4.254499999999999
3663,4.254499999999999
3664,4.254499999999999
3665,4.254499999999999
3666,4.254499999999999
3667,4.254499999999999
3668,4.254499999999999
3669,4.254499999999999
3670,4.254499999999999
3671,4.254499999999999
3672,4.254499999999999
3673,4.220999999999999
3674,4.220999999999999
3675,4.220999999999999
3676,4.220999999999999
3677,4.220999999999999
3678,4.220999999999999
3679,4.220999999999999
3680,4.220999999999999
3681,4.220999999999999
3682,4.220999999999999
3683,4.220999999999999
3684,4.220999999999999
3685,4.220999999999999
3686,4.220999999999999
3687,4.220999999999999
3688,4.220999999999999
3689,4.220999999999999
3690,4.220999999999999
3691,4.220999999999999
3692,4.220999999999999
3693,4.220999999999999
3694,4.220999999999999
3695,4.220999999999999
3696,4.220999999999999
3697,4.220999999999999
3698,4.220999999999999
3699,4.220999999999999
3700,4.220999999999999
3701,4.220999999999999
3702,4.220999999999999
3703,4.220999999999999
3704,4.220999999999999
3705,4.220999999999999
3706,4.187499999999999
3707,4.187499999999999
3708,4.187499999999999
3709,4.187499999999999
3710,4.187499999999999
3711,4.187499999999999
3712,4.187499999999999
3713,4.187499999999999
3714,4.187499999999999
3715,4.187499999999999
3716,4.187499999999999
3717,4.187499999999999
3718,4.187499999999999
3719,4.187499999999999
3720,4.187499999999999
3721,4.187499999999999
3722,4.187499999999999
3723,4.187499999999999
3724,4.187499999999999
3725,4.187499999999999
3726,4.187499999999999
3727,4.187499999999999
3728,4.187499999999999
3729,4.187499999999999
3730,4.187499999999999
3731,4.187499999999999
3732,4.187499999999999
3733,4.187499999999999
3734,4.187499999999999
3735,4.187499999999999
3736,4.187499999999999
3737,4.187499999999999
3738,4.187499999999999
3739,4.187499999999999
3740,4.187499999999999
3741,4.187499999999999
3742,4.187499999999999
3743,4.187499999999999
3744,4.187499999999999
3745,4.187499999999999
3746,4.187499999999999
3747,4.187499999999999
3748,4.187499999999999
3749,4.154
3750,4.154
3751,4.154
3752,4.154
3753,4.154
3754,4.154
3755,4.154
3756,4.154
3757,4.154
3758,4.154
3759,4.154
3760,4.154
3761,4.154
3762,4.154
3763,4.154
3764,4.154
3765,4.154
3766,4.154
3767,4.154
3768,4.154
3769,4.154
3770,4.154
3771,4.154
3772,4.154
3773,4.154
3774,4.154
3775,4.154
3776,4.1205
3777,4.1205
3778,4.1205
3779,4.1205
3780,4.1205
3781,4.1205
3782,4.1205
3783,4.1205
3784,4.1205
3785,4.1205
3786,4.1205
3787,4.1205
3788,4.1205
3789,4.1205
3790,4.1205
3791,4.1205
3792,4.1205
3793,4.1205
3794,4.1205
3795,4.1205
3796,4.1205
3797,4.1205
3798,4.1205
3799,4.1205
3800,4.1205
3801,4.1205
3802,4.1205
3803,4.1205
3804,4.1205
3805,4.1205
3806,4.1205
3807,4.1205
3808,4.1205
3809,4.1205
3810,4.086999999999999
3811,4.086999999999999
3812,4.086999999999999
3813,4.086999999999999
3814,4.086999999999999
3815,4.086999999999999
3816,4.086999999999999
3817,4.086999999999999
3818,4.086999999999999
3819,4.086999999999999
3820,4.086999999999999
3821,4.086999999999999
3822,4.086999999999999
3823,4.086999999999999
3824,4.086999999999999
3825,4.086999999999999
3826,4.086999999999999
3827,4.086999999999999
3828,4.086999999999999
3829,4.086999999999999
3830,4.086999999999999
3831,4.086999999999999
3832,4.086999999999999
3833,4.086999999999999
3834,4.086999999999999
3835,4.086999999999999
3836,4.086999999999999
3837,4.086999999999999
3838,4.086999999999999
3839,4.086999999999999
3840,4.086999999999999
3841,4.053499999999999
3842,4.053499999999999
3843,4.053499999999999
3844,4.053499999999999
3845,4.053499999999999
3846,4.053499999999999
3847,4.053499999999999
3848,4.053499999999999
3849,4.053499999999999
3850,4.053499999999999
3851,4.053499999999999
3852,4.053499999999999
3853,4.053499999999999
3854,4.053499999999999
3855,4.053499999999999
3856,4.053499999999999
3857,4.053499999999999
3858,4.053499999999999
3859,4.053499999999999
3860,4.053499999999999
3861,4.053499999999999
3862,4.053499999999999
3863,4.053499999999999
3864,4.053499999999999
3865,4.053499999999999
3866,4.053499999999999
3867,4.053499999999999
3868,4.053499999999999
3869,4.053499999999999
3870,4.053499999999999
3871,4.02
3872,4.02
3873,4.02
3874,4.02
3875,4.02
3876,4.02
3877,4.02
3878,4.02
3879,4.02
3880,4.02
3881,4.02
3882,4.02
3883,4.02
3884,4.02
3885,4.02
3886,4.02
3887,4.02
3888,4.02
3889,4.02
3890,4.02
3891,4.02
3892,4.02
3893,4.02
3894,4.02
3895,4.02
3896,4.02
3897,4.02
3898,4.02
3899,4.02
3900,4.02
3901,4.02
3902,4.02
3903,4.02
3904,4.02
3905,4.02
3906,4.02
3907,4.02
3908,4.02
3909,4.02
3910,4.02
3911,4.02
3912,4.02
3913,4.02
3914,4.02
3915,3.9864999999999995
3916,3.9864999999999995
3917,3.9864999999999995
3918,3.9864999999999995
3919,3.9864999999999995
3920,3.9864999999999995
3921,3.9864999999999995
3922,3.9864999999999995
3923,3.9864999999999995
3924,3.9864999999999995
3925,3.9864999999999995
3926,3.9864999999999995
3927,3.9864999999999995
3928,3.9864999999999995
3929,3.9864999999999995
3930,3.9864999999999995
3931,3.9864999999999995
3932,3.9864999999999995
3933,3.9864999999999995
3934,3.9864999999999995
3935,3.9864999999999995
3936,3.9864999999999995
3937,3.9864999999999995
3938,3.9864999999999995
3939,3.9864999999999995
3940,3.9864999999999995
3941,3.9864999999999995
3942,3.9864999999999995
3943,3.9864999999999995
3944,3.9529999999999994
3945,3.9529999999999994
3946,3.9529999999999994
3947,3.9529999999999994
3948,3.9529999999999994
3949,3.9529999999999994
3950,3.9529999999999994
3951,3.9529999999999994
3952,3.9529999999999994
3953,3.9529999999999994
3954,3.9529999999999994
3955,3.9529999999999994
3956,3.9529999999999994
3957,3.9529999999999994
3958,3.9529999999999994
3959,3.9529999999999994
3960,3.9529999999999994
3961,3.9529999999999994
3962,3.9529999999999994
3963,3.9529999999999994
3964,3.9529999999999994
3965,3.9529999999999994
3966,3.9529999999999994
3967,3.9529999999999994
3968,3.9529999999999994
3969,3.9529999999999994
3970,3.9529999999999994
3971,3.9529999999999994
3972,3.9529999999999994
3973,3.9529999999999994
3974,3.9529999999999994
3975,3.9529999999999994
3976,3.9529999999999994
3977,3.9529999999999994
3978,3.9529999999999994
3979,3.9529999999999994
3980,3.9529999999999994
3981,3.9529999999999994
3982,3.9529999999999994
3983,3.919499999999999
3984,3.919499999999999
3985,3.919499999999999
3986,3.919499999999999
3987,3.919499999999999
3988,3.919499999999999
3989,3.919499999999999
3990,3.919499999999999
3991,3.919499999999999
3992,3.919499999999999
3993,3.919499999999999
3994,3.919499999999999
3995,3.919499999999999
3996,3.919499999999999
3997,3.919499999999999
3998,3.919499999999999
3999,3.919499999999999
4000,3.919499999999999
4001,3.919499999999999
4002,3.919499999999999
4003,3.919499999999999
4004,3.919499999999999
4005,3.919499999999999
4006,3.919499999999999
4007,3.919499999999999
4008,3.919499999999999
4009,3.919499999999999
4010,3.919499999999999
4011,3.919499999999999
4012,3.919499999999999
4013,3.919499999999999
4014,3.919499999999999
4015,3.919499999999999
4016,3.919499999999999
4017,3.885999999999999
4018,3.885999999999999
4019,3.885999999999999
4020,3.885999999999999
4021,3.885999999999999
4022,3.885999999999999
4023,3.885999999999999
4024,3.885999999999999
4025,3.885999999999999
4026,3.885999999999999
4027,3.885999999999999
4028,3.885999999999999
4029,3.885999999999999
4030,3.885999999999999
4031,3.885999999999999
4032,3.885999999999999
4033,3.885999999999999
4034,3.885999999999999
4035,3.885999999999999
4036,3.885999999999999
4037,3.885999999999999
4038,3.885999999999999
4039,3.885999999999999
4040,3.885999999999999
4041,3.885999999999999
4042,3.885999999999999
4043,3.885999999999999
4044,3.885999999999999
4045,3.885999999999999
4046,3.885999999999999
4047,3.885999999999999
4048,3.885999999999999
4049,3.885999999999999
4050,3.885999999999999
4051,3.885999999999999
4052,3.885999999999999
4053,3.885999999999999
4054,3.885999999999999
4055,3.885999999999999
4056,3.8524999999999996
4057,3.8524999999999996
4058,3.8524999999999996
4059,3.8524999999999996
4060,3.8524999999999996
4061,3.8524999999999996
4062,3.8524999999999996
4063,3.8524999999999996
4064,3.8524999999999996
4065,3.8524999999999996
4066,3.8524999999999996
4067,3.8524999999999996
4068,3.8524999999999996
4069,3.8524999999999996
4070,3.8524999999999996
4071,3.8524999999999996
4072,3.8524999999999996
4073,3.8524999999999996
4074,3.8524999999999996
4075,3.8524999999999996
4076,3.8524999999999996
4077,3.8524999999999996
4078,3.8524999999999996
4079,3.8524999999999996
4080,3.8524999999999996
4081,3.8524999999999996
4082,3.8524999999999996
4083,3.8524999999999996
4084,3.8524999999999996
4085,3.8524999999999996
4086,3.8524999999999996
4087,3.8524999999999996
4088,3.8524999999999996
4089,3.8524999999999996
4090,3.8524999999999996
4091,3.8524999999999996
4092,3.8524999999999996
4093,3.8524999999999996
4094,3.8189999999999995
4095,3.8189999999999995
4096,3.8189999999999995
4097,3.8189999999999995
4098,3.8189999999999995
4099,3.8189999999999995
4100,3.8189999999999995
4101,3.8189999999999995
4102,3.8189999999999995
4103,3.8189999999999995
4104,3.8189999999999995
4105,3.8189999999999995
4106,3.8189999999999995
4107,3.8189999999999995
4108,3.8189999999999995
4109,3.8189999999999995
4110,3.8189999999999995
4111,3.8189999999999995
4112,3.8189999999999995
4113,3.8189999999999995
4114,3.8189999999999995
4115,3.8189999999999995
4116,3.8189999999999995
4117,3.8189999999999995
4118,3.8189999999999995
4119,3.8189999999999995
4120,3.8189999999999995
4121,3.8189999999999995
4122,3.8189999999999995
4123,3.8189999999999995
4124,3.8189999999999995
4125,3.8189999999999995
4126,3.8189999999999995
4127,3.8189999999999995
4128,3.8189999999999995
4129,3.8189999999999995
4130,3.8189999999999995
4131,3.8189999999999995
4132,3.7854999999999994
4133,3.7854999999999994
4134,3.7854999999999994
4135,3.7854999999999994
4136,3.7854999999999994
4137,3.7854999999999994
4138,3.7854999999999994
4139,3.7854999999999994
4140,3.7854999999999994
4141,3.7854999999999994
4142,3.7854999999999994
4143,3.7854999999999994
4144,3.7854999999999994
4145,3.7854999999999994
4146,3.7854999999999994
4147,3.7854999999999994
4148,3.7854999999999994
4149,3.7854999999999994
4150,3.7854999999999994
4151,3.7854999999999994
4152,3.7854999999999994
4153,3.7854999999999994
4154,3.7854999999999994
4155,3.7854999999999994
4156,3.7854999999999994
4157,3.7854999999999994
4158,3.7854999999999994
4159,3.7854999999999994
4160,3.7854999999999994
4161,3.7854999999999994
4162,3.7854999999999994
4163,3.7854999999999994
4164,3.7854999999999994
4165,3.7854999999999994
4166,3.7854999999999994
4167,3.7854999999999994
4168,3.7854999999999994
4169,3.7854999999999994
4170,3.7854999999999994
4171,3.7854999999999994
4172,3.7854999999999994
4173,3.7854999999999994
4174,3.7854999999999994
4175,3.751999999999999
4176,3.751999999999999
4177,3.751999999999999
4178,3.751999999999999
4179,3.751999999999999
4180,3.751999999999999
4181,3.751999999999999
4182,3.751999999999999
4183,3.751999999999999
4184,3.751999999999999
4185,3.751999999999999
4186,3.751999999999999
4187,3.751999999999999
4188,3.751999999999999
4189,3.751999999999999
4190,3.751999999999999
4191,3.751999999999999
4192,3.751999999999999
4193,3.751999999999999
4194,3.751999999999999
4195,3.751999999999999
4196,3.751999999999999
4197,3.751999999999999
4198,3.751999999999999
4199,3.751999999999999
4200,3.751999999999999
4201,3.751999999999999
4202,3.751999999999999
4203,3.751999999999999
4204,3.751999999999999
4205,3.751999999999999
4206,3.751999999999999
4207,3.751999999999999
4208,3.751999999999999
4209,3.751999999999999
4210,3.751999999999999
4211,3.751999999999999
4212,3.751999999999999
4213,3.751999999999999
4214,3.751999999999999
4215,3.751999999999999
4216,3.751999999999999
4217,3.751999999999999
4218,3.751999999999999
4219,3.751999999999999
4220,3.7184999999999993
4221,3.7184999999999993
4222,3.7184999999999993
4223,3.7184999999999993
4224,3.7184999999999993
4225,3.7184999999999993
4226,3.7184999999999993
4227,3.7184999999999993
4228,3.7184999999999993
4229,3.7184999999999993
4230,3.7184999999999993
4231,3.7184999999999993
4232,3.7184999999999993
4233,3.7184999999999993
4234,3.7184999999999993
4235,3.7184999999999993
4236,3.7184999999999993
4237,3.7184999999999993
4238,3.7184999999999993
4239,3.7184999999999993
4240,3.7184999999999993
4241,3.7184999999999993
4242,3.7184999999999993
4243,3.7184999999999993
4244,3.7184999999999993
4245,3.7184999999999993
4246,3.7184999999999993
4247,3.7184999999999993
4248,3.7184999999999993
4249,3.7184999999999993
4250,3.7184999999999993
4251,3.7184999999999993
4252,3.7184999999999993
4253,3.7184999999999993
4254,3.7184999999999993
4255,3.7184999999999993
4256,3.7184999999999993
4257,3.7184999999999993
4258,3.7184999999999993
4259,3.7184999999999993
4260,3.7184999999999993
4261,3.7184999999999993
4262,3.7184999999999993
4263,3.7184999999999993
4264,3.7184999999999993
4265,3.6849999999999996
4266,3.6849999999999996
4267,3.6849999999999996
4268,3.6849999999999996
4269,3.6849999999999996
4270,3.6849999999999996
4271,3.6849999999999996
4272,3.6849999999999996
4273,3.6849999999999996
4274,3.6849999999999996
4275,3.6849999999999996
4276,3.6849999999999996
4277,3.6849999999999996
4278,3.6849999999999996
4279,3.6849999999999996
4280,3.6849999999999996
4281,3.6849999999999996
4282,3.6849999999999996
4283,3.6849999999999996
4284,3.6849999999999996
4285,3.6849999999999996
4286,3.6849999999999996
4287,3.6849999999999996
4288,3.6849999999999996
4289,3.6849999999999996
4290,3.6849999999999996
4291,3.6849999999999996
4292,3.6849999999999996
4293,3.6849999999999996
4294,3.6849999999999996
4295,3.6849999999999996
4296,3.6849999999999996
4297,3.6849999999999996
4298,3.6849999999999996
4299,3.6849999999999996
4300,3.6849999999999996
4301,3.6849999999999996
4302,3.6849999999999996
4303,3.6849999999999996
4304,3.6849999999999996
4305,3.6849999999999996
4306,3.6849999999999996
4307,3.6849999999999996
4308,3.6849999999999996
4309,3.6514999999999995
4310,3.6514999999999995
4311,3.6514999999999995
4312,3.6514999999999995
4313,3.6514999999999995
4314,3.6514999999999995
4315,3.6514999999999995
4316,3.6514999999999995
4317,3.6514999999999995
4318,3.6514999999999995
4319,3.6514999999999995
4320,3.6514999999999995
4321,3.6514999999999995
4322,3.6514999999999995
4323,3.6514999999999995
4324,3.6514999999999995
4325,3.6514999999999995
4326,3.6514999999999995
4327,3.6514999999999995
4328,3.6514999999999995
4329,3.6514999999999995
4330,3.6514999999999995
4331,3.6514999999999995
4332,3.6514999999999995
4333,3.6514999999999995
4334,3.6514999999999995
4335,3.6514999999999995
4336,3.6514999999999995
4337,3.6514999999999995
4338,3.6514999999999995
4339,3.6514999999999995
4340,3.6514999999999995
4341,3.6514999999999995
4342,3.6514999999999995
4343,3.6514999999999995
4344,3.6514999999999995
4345,3.6514999999999995
4346,3.6514999999999995
4347,3.6514999999999995
4348,3.6514999999999995
4349,3.6514999999999995
4350,3.6179999999999994
4351,3.6179999999999994
4352,3.6179999999999994
4353,3.6179999999999994
4354,3.6179999999999994
4355,3.6179999999999994
4356,3.6179999999999994
4357,3.6179999999999994
4358,3.6179999999999994
4359,3.6179999999999994
4360,3.6179999999999994
4361,3.6179999999999994
4362,3.6179999999999994
4363,3.6179999999999994
4364,3.6179999999999994
4365,3.6179999999999994
4366,3.6179999999999994
4367,3.6179999999999994
4368,3.6179999999999994
4369,3.6179999999999994
4370,3.6179999999999994
4371,3.6179999999999994
4372,3.6179999999999994
4373,3.6179999999999994
4374,3.6179999999999994
4375,3.6179999999999994
4376,3.6179999999999994
4377,3.6179999999999994
4378,3.6179999999999994
4379,3.6179999999999994
4380,3.6179999999999994
4381,3.6179999999999994
4382,3.6179999999999994
4383,3.6179999999999994
4384,3.6179999999999994
4385,3.5844999999999994
4386,3.5844999999999994
4387,3.5844999999999994
4388,3.5844999999999994
4389,3.5844999999999994
4390,3.5844999999999994
4391,3.5844999999999994
4392,3.5844999999999994
4393,3.5844999999999994
4394,3.5844999999999994
4395,3.5844999999999994
4396,3.5844999999999994
4397,3.5844999999999994
4398,3.5844999999999994
4399,3.5844999999999994
4400,3.5844999999999994
4401,3.5844999999999994
4402,3.5844999999999994
4403,3.5844999999999994
4404,3.5844999999999994
4405,3.5844999999999994
4406,3.5844999999999994
4407,3.5844999999999994
4408,3.5844999999999994
4409,3.5844999999999994
4410,3.5844999999999994
4411,3.5844999999999994
4412,3.5844999999999994
4413,3.5844999999999994
4414,3.5844999999999994
4415,3.5844999999999994
4416,3.5844999999999994
4417,3.5844999999999994
4418,3.5844999999999994
4419,3.5844999999999994
4420,3.5844999999999994
4421,3.5844999999999994
4422,3.5844999999999994
4423,3.5844999999999994
4424,3.5844999999999994
4425,3.5844999999999994
4426,3.5844999999999994
4427,3.5844999999999994
4428,3.5844999999999994
4429,3.5844999999999994
4430,3.5844999999999994
4431,3.5844999999999994
4432,3.5844999999999994
4433,3.5844999999999994
4434,3.5844999999999994
4435,3.5509999999999993
4436,3.5509999999999993
4437,3.5509999999999993
4438,3.5509999999999993
4439,3.5509999999999993
4440,3.5509999999999993
4441,3.5509999999999993
4442,3.5509999999999993
4443,3.5509999999999993
4444,3.5509999999999993
4445,3.5509999999999993
4446,3.5509999999999993
4447,3.5509999999999993
4448,3.5509999999999993
4449,3.5509999999999993
4450,3.5509999999999993
4451,3.5509999999999993
4452,3.5509999999999993
4453,3.5509999999999993
4454,3.5509999999999993
4455,3.5509999999999993
4456,3.5509999999999993
4457,3.5509999999999993
4458,3.5509999999999993
4459,3.5509999999999993
4460,3.5509999999999993
4461,3.5509999999999993
4462,3.5509999999999993
4463,3.5509999999999993
4464,3.5509999999999993
4465,3.5509999999999993
4466,3.5509999999999993
4467,3.5509999999999993
4468,3.5509999999999993
4469,3.5509999999999993
4470,3.5509999999999993
4471,3.5509999999999993
4472,3.5509999999999993
4473,3.5509999999999993
4474,3.5509999999999993
4475,3.5509999999999993
4476,3.5509999999999993
4477,3.5509999999999993
4478,3.5509999999999993
4479,3.5509999999999993
4480,3.5509999999999993
4481,3.5509999999999993
4482,3.5509999999999993
4483,3.5509999999999993
4484,3.517499999999999
4485,3.517499999999999
4486,3.517499999999999
4487,3.517499999999999
4488,3.517499999999999
4489,3.517499999999999
4490,3.517499999999999
4491,3.517499999999999
4492,3.517499999999999
4493,3.517499999999999
4494,3.517499999999999
4495,3.517499999999999
4496,3.517499999999999
4497,3.517499999999999
4498,3.517499999999999
4499,3.517499999999999
4500,3.517499999999999
4501,3.517499999999999
4502,3.517499999999999
4503,3.517499999999999
4504,3.517499999999999
4505,3.517499999999999
4506,3.517499999999999
4507,3.517499999999999
4508,3.517499999999999
4509,3.517499999999999
4510,3.517499999999999
4511,3.517499999999999
4512,3.517499999999999
4513,3.517499999999999
4514,3.517499999999999
4515,3.517499999999999
4516,3.517499999999999
4517,3.517499999999999
4518,3.517499999999999
4519,3.517499999999999
4520,3.517499999999999
4521,3.517499999999999
4522,3.517499999999999
4523,3.517499999999999
4524,3.517499999999999
4525,3.517499999999999
4526,3.517499999999999
4527,3.483999999999999
4528,3.483999999999999
4529,3.483999999999999
4530,3.483999999999999
4531,3.483999999999999
4532,3.483999999999999
4533,3.483999999999999
4534,3.483999999999999
4535,3.483999999999999
4536,3.483999999999999
4537,3.483999999999999
4538,3.483999999999999
4539,3.483999999999999
4540,3.483999999999999
4541,3.483999999999999
4542,3.483999999999999
4543,3.483999999999999
4544,3.483999999999999
4545,3.483999999999999
4546,3.483999999999999
4547,3.483999999999999
4548,3.483999999999999
4549,3.483999999999999
4550,3.483999999999999
4551,3.483999999999999
4552,3.483999999999999
4553,3.483999999999999
4554,3.483999999999999
4555,3.483999999999999
4556,3.483999999999999
4557,3.483999999999999
4558,3.483999999999999
4559,3.483999999999999
4560,3.483999999999999
4561,3.483999999999999
4562,3.483999999999999
4563,3.483999999999999
4564,3.483999999999999
4565,3.483999999999999
4566,3.483999999999999
4567,3.4504999999999995
4568,3.4504999999999995
4569,3.4504999999999995
4570,3.4504999999999995
4571,3.4504999999999995
4572,3.4504999999999995
4573,3.4504999999999995
4574,3.4504999999999995
4575,3.4504999999999995
4576,3.4504999999999995
4577,3.4504999999999995
4578,3.4504999999999995
4579,3.4504999999999995
4580,3.4504999999999995
4581,3.4504999999999995
4582,3.4504999999999995
4583,3.4504999999999995
4584,3.4504999999999995
4585,3.4504999999999995
4586,3.4504999999999995
4587,3.4504999999999995
4588,3.4504999999999995
4589,3.4504999999999995
4590,3.4504999999999995
4591,3.4504999999999995
4592,3.4504999999999995
4593,3.4504999999999995
4594,3.4504999999999995
4595,3.4504999999999995
4596,3.4504999999999995
4597,3.4504999999999995
4598,3.4504999999999995
4599,3.4504999999999995
4600,3.4504999999999995
4601,3.4504999999999995
4602,3.4504999999999995
4603,3.4504999999999995
4604,3.4504999999999995
4605,3.4504999999999995
4606,3.4169999999999994
4607,3.4169999999999994
4608,3.4169999999999994
4609,3.4169999999999994
4610,3.4169999999999994
4611,3.4169999999999994
4612,3.4169999999999994
4613,3.4169999999999994
4614,3.4169999999999994
4615,3.4169999999999994
4616,3.4169999999999994
4617,3.4169999999999994
4618,3.4169999999999994
4619,3.4169999999999994
4620,3.4169999999999994
4621,3.4169999999999994
4622,3.4169999999999994
4623,3.4169999999999994
4624,3.4169999999999994
4625,3.4169999999999994
4626,3.4169999999999994
4627,3.4169999999999994
4628,3.4169999999999994
4629,3.4169999999999994
4630,3.4169999999999994
4631,3.4169999999999994
4632,3.4169999999999994
4633,3.4169999999999994
4634,3.4169999999999994
4635,3.4169999999999994
4636,3.4169999999999994
4637,3.4169999999999994
4638,3.4169999999999994
4639,3.4169999999999994
4640,3.4169999999999994
4641,3.4169999999999994
4642,3.4169999999999994
4643,3.4169999999999994
4644,3.4169999999999994
4645,3.4169999999999994
4646,3.4169999999999994
4647,3.3834999999999993
4648,3.3834999999999993
4649,3.3834999999999993
4650,3.3834999999999993
4651,3.3834999999999993
4652,3.3834999999999993
4653,3.3834999999999993
4654,3.3834999999999993
4655,3.3834999999999993
4656,3.3834999999999993
4657,3.3834999999999993
4658,3.3834999999999993
4659,3.3834999999999993
4660,3.3834999999999993
4661,3.3834999999999993
4662,3.3834999999999993
4663,3.3834999999999993
4664,3.3834999999999993
4665,3.3834999999999993
4666,3.3834999999999993
4667,3.3834999999999993
4668,3.3834999999999993
4669,3.3834999999999993
4670,3.3834999999999993
4671,3.3834999999999993
4672,3.3834999999999993
4673,3.3834999999999993
4674,3.3834999999999993
4675,3.3834999999999993
4676,3.3834999999999993
4677,3.3834999999999993
4678,3.3834999999999993
4679,3.3834999999999993
4680,3.3834999999999993
4681,3.3834999999999993
4682,3.3834999999999993
4683,3.3834999999999993
4684,3.3834999999999993
4685,3.3834999999999993
4686,3.3834999999999993
4687,3.3834999999999993
4688,3.349999999999999
4689,3.349999999999999
4690,3.349999999999999
4691,3.349999999999999
4692,3.349999999999999
4693,3.349999999999999
4694,3.349999999999999
4695,3.349999999999999
4696,3.349999999999999
4697,3.349999999999999
4698,3.349999999999999
4699,3.349999999999999
4700,3.349999999999999
4701,3.349999999999999
4702,3.349999999999999
4703,3.349999999999999
4704,3.349999999999999
4705,3.349999999999999
4706,3.349999999999999
4707,3.349999999999999
4708,3.349999999999999
4709,3.349999999999999
4710,3.349999999999999
4711,3.349999999999999
4712,3.349999999999999
4713,3.349999999999999
4714,3.349999999999999
4715,3.349999999999999
4716,3.349999999999999
4717,3.349999999999999
4718,3.349999999999999
4719,3.349999999999999
4720,3.349999999999999
4721,3.349999999999999
4722,3.349999999999999
4723,3.349999999999999
4724,3.349999999999999
4725,3.349999999999999
4726,3.349999999999999
4727,3.349999999999999
4728,3.349999999999999
4729,3.349999999999999
4730,3.3164999999999996
4731,3.3164999999999996
4732,3.3164999999999996
4733,3.3164999999999996
4734,3.3164999999999996
4735,3.3164999999999996
4736,3.3164999999999996
4737,3.3164999999999996
4738,3.3164999999999996
4739,3.3164999999999996
4740,3.3164999999999996
4741,3.3164999999999996
4742,3.3164999999999996
4743,3.3164999999999996
4744,3.3164999999999996
4745,3.3164999999999996
4746,3.3164999999999996
4747,3.3164999999999996
4748,3.3164999999999996
4749,3.3164999999999996
4750,3.3164999999999996
4751,3.3164999999999996
4752,3.3164999999999996
4753,3.3164999999999996
4754,3.3164999999999996
4755,3.3164999999999996
4756,3.3164999999999996
4757,3.3164999999999996
4758,3.3164999999999996
4759,3.3164999999999996
4760,3.3164999999999996
4761,3.3164999999999996
4762,3.3164999999999996
4763,3.3164999999999996
4764,3.3164999999999996
4765,3.3164999999999996
4766,3.3164999999999996
4767,3.3164999999999996
4768,3.3164999999999996
4769,3.3164999999999996
4770,3.3164999999999996
4771,3.3164999999999996
4772,3.3164999999999996
4773,3.3164999999999996
4774,3.3164999999999996
4775,3.2829999999999995
4776,3.2829999999999995
4777,3.2829999999999995
4778,3.2829999999999995
4779,3.2829999999999995
4780,3.2829999999999995
4781,3.2829999999999995
4782,3.2829999999999995
4783,3.2829999999999995
4784,3.2829999999999995
4785,3.2829999999999995
4786,3.2829999999999995
4787,3.2829999999999995
4788,3.2829999999999995
4789,3.2829999999999995
4790,3.2829999999999995
4791,3.2829999999999995
4792,3.2829999999999995
4793,3.2829999999999995
4794,3.2829999999999995
4795,3.2829999999999995
4796,3.2829999999999995
4797,3.2829999999999995
4798,3.2829999999999995
4799,3.2829999999999995
4800,3.2829999999999995
4801,3.2829999999999995
4802,3.2829999999999995
4803,3.2829999999999995
4804,3.2829999999999995
4805,3.2829999999999995
4806,3.2829999999999995
4807,3.2829999999999995
4808,3.2829999999999995
4809,3.249499999999999
4810,3.249499999999999
4811,3.249499999999999
4812,3.249499999999999
4813,3.249499999999999
4814,3.249499999999999
4815,3.249499999999999
4816,3.249499999999999
4817,3.249499999999999
4818,3.249499999999999
4819,3.249499999999999
4820,3.249499999999999
4821,3.249499999999999
4822,3.249499999999999
4823,3.249499999999999
4824,3.249499999999999
4825,3.249499999999999
4826,3.249499999999999
4827,3.249499999999999
4828,3.249499999999999
4829,3.249499999999999
4830,3.249499999999999
4831,3.249499999999999
4832,3.249499999999999
4833,3.249499999999999
4834,3.249499999999999
4835,3.249499999999999
4836,3.249499999999999
4837,3.249499999999999
4838,3.249499999999999
4839,3.249499999999999
4840,3.249499999999999
4841,3.249499999999999
4842,3.249499999999999
4843,3.249499999999999
4844,3.249499999999999
4845,3.2159999999999993
4846,3.2159999999999993
4847,3.2159999999999993
4848,3.2159999999999993
4849,3.2159999999999993
4850,3.2159999999999993
4851,3.2159999999999993
4852,3.2159999999999993
4853,3.2159999999999993
4854,3.2159999999999993
4855,3.2159999999999993
4856,3.2159999999999993
4857,3.2159999999999993
4858,3.2159999999999993
4859,3.2159999999999993
4860,3.2159999999999993
4861,3.2159999999999993
4862,3.2159999999999993
4863,3.2159999999999993
4864,3.2159999999999993
4865,3.2159999999999993
4866,3.2159999999999993
4867,3.2159999999999993
4868,3.2159999999999993
4869,3.2159999999999993
4870,3.2159999999999993
4871,3.2159999999999993
4872,3.2159999999999993
4873,3.2159999999999993
4874,3.2159999999999993
4875,3.2159999999999993
4876,3.2159999999999993
4877,3.1824999999999997
4878,3.1824999999999997
4879,3.1824999999999997
4880,3.1824999999999997
4881,3.1824999999999997
4882,3.1824999999999997
4883,3.1824999999999997
4884,3.1824999999999997
4885,3.1824999999999997
4886,3.1824999999999997
4887,3.1824999999999997
4888,3.1824999999999997
4889,3.1824999999999997
4890,3.1824999999999997
4891,3.1824999999999997
4892,3.1824999999999997
4893,3.1824999999999997
4894,3.1824999999999997
4895,3.1824999999999997
4896,3.1824999999999997
4897,3.1824999999999997
4898,3.1824999999999997
4899,3.1824999999999997
4900,3.1824999999999997
4901,3.1824999999999997
4902,3.1824999999999997
4903,3.1824999999999997
4904,3.1489999999999996
4905,3.1489999999999996
4906,3.1489999999999996
4907,3.1489999999999996
4908,3.1489999999999996
4909,3.1489999999999996
4910,3.1489999999999996
4911,3.1489999999999996
4912,3.1489999999999996
4913,3.1489999999999996
4914,3.1489999999999996
4915,3.1489999999999996
4916,3.1489999999999996
4917,3.1489999999999996
4918,3.1489999999999996
4919,3.1489999999999996
4920,3.1489999999999996
4921,3.1489999999999996
4922,3.1489999999999996
4923,3.1489999999999996
4924,3.1489999999999996
4925,3.1489999999999996
4926,3.1489999999999996
4927,3.1489999999999996
4928,3.1489999999999996
4929,3.1489999999999996
4930,3.1489999999999996
4931,3.1489999999999996
4932,3.1489999999999996
4933,3.1489999999999996
4934,3.1489999999999996
4935,3.1489999999999996
4936,3.1489999999999996
4937,3.1489999999999996
4938,3.1489999999999996
4939,3.1489999999999996
4940,3.1489999999999996
4941,3.1155
4942,3.1155
4943,3.1155
4944,3.1155
4945,3.1155
4946,3.1155
4947,3.1155
4948,3.1155
4949,3.1155
4950,3.1155
4951,3.1155
4952,3.1155
4953,3.1155
4954,3.1155
4955,3.1155
4956,3.1155
4957,3.1155
4958,3.1155
4959,3.1155
4960,3.1155
4961,3.1155
4962,3.1155
4963,3.1155
4964,3.1155
4965,3.1155
4966,3.1155
4967,3.1155
4968,3.1155
4969,3.1155
4970,3.1155
4971,3.1155
4972,3.1155
4973,3.1155
4974,3.1155
4975,3.1155
4976,3.1155
4977,3.1155
4978,3.081999999999999
4979,3.081999999999999
4980,3.081999999999999
4981,3.081999999999999
4982,3.081999999999999
4983,3.081999999999999
4984,3.081999999999999
4985,3.081999999999999
4986,3.081999999999999
4987,3.081999999999999
4988,3.081999999999999
4989,3.081999999999999
4990,3.081999999999999
4991,3.081999999999999
4992,3.081999999999999
4993,3.081999999999999
4994,3.081999999999999
4995,3.081999999999999
4996,3.081999999999999
4997,3.081999999999999
4998,3.081999999999999
4999,3.081999999999999
5000,3.081999999999999
5001,3.081999999999999
5002,3.081999999999999
5003,3.081999999999999
5004,3.081999999999999
5005,3.081999999999999
5006,3.081999999999999
5007,3.081999999999999
5008,3.081999999999999
5009,3.081999999999999
5010,3.081999999999999
5011,3.081999999999999
5012,3.081999999999999
5013,3.081999999999999
5014,3.081999999999999
5015,3.081999999999999
5016,3.081999999999999
5017,3.081999999999999
5018,3.081999999999999
5019,3.081999999999999
5020,3.081999999999999
5021,3.081999999999999
5022,3.081999999999999
5023,3.0484999999999993
5024,3.0484999999999993
5025,3.0484999999999993
5026,3.0484999999999993
5027,3.0484999999999993
5028,3.0484999999999993
5029,3.0484999999999993
5030,3.0484999999999993
5031,3.0484999999999993
5032,3.0484999999999993
5033,3.0484999999999993
5034,3.0484999999999993
5035,3.0484999999999993
5036,3.0484999999999993
5037,3.0484999999999993
5038,3.0484999999999993
5039,3.0484999999999993
5040,3.0484999999999993
5041,3.0484999999999993
5042,3.0484999999999993
5043,3.0484999999999993
5044,3.0484999999999993
5045,3.0484999999999993
5046,3.0484999999999993
5047,3.0484999999999993
5048,3.0484999999999993
5049,3.0484999999999993
5050,3.0484999999999993
5051,3.0484999999999993
5052,3.0484999999999993
5053,3.0484999999999993
5054,3.0484999999999993
5055,3.0484999999999993
5056,3.0484999999999993
5057,3.0484999999999993
5058,3.0149999999999992
5059,3.0149999999999992
5060,3.0149999999999992
5061,3.0149999999999992
5062,3.0149999999999992
5063,3.0149999999999992
5064,3.0149999999999992
5065,3.0149999999999992
5066,3.0149999999999992
5067,3.0149999999999992
5068,3.0149999999999992
5069,3.0149999999999992
5070,3.0149999999999992
5071,3.0149999999999992
5072,3.0149999999999992
5073,3.0149999999999992
5074,3.0149999999999992
5075,3.0149999999999992
5076,3.0149999999999992
5077,3.0149999999999992
5078,3.0149999999999992
5079,3.0149999999999992
5080,3.0149999999999992
5081,3.0149999999999992
5082,3.0149999999999992
5083,3.0149999999999992
5084,3.0149999999999992
5085,3.0149999999999992
5086,3.0149999999999992
5087,3.0149999999999992
5088,3.0149999999999992
5089,3.0149999999999992
5090,3.0149999999999992
5091,3.0149999999999992
5092,3.0149999999999992
5093,3.0149999999999992
5094,3.0149999999999992
5095,3.0149999999999992
5096,3.0149999999999992
5097,3.0149999999999992
5098,3.0149999999999992
5099,3.0149999999999992
5100,3.0149999999999992
5101,3.0149999999999992
5102,2.9814999999999996
5103,2.9814999999999996
5104,2.9814999999999996
5105,2.9814999999999996
5106,2.9814999999999996
5107,2.9814999999999996
5108,2.9814999999999996
5109,2.9814999999999996
5110,2.9814999999999996
5111,2.9814999999999996
5112,2.9814999999999996
5113,2.9814999999999996
5114,2.9814999999999996
5115,2.9814999999999996
5116,2.9814999999999996
5117,2.9814999999999996
5118,2.9814999999999996
5119,2.9814999999999996
5120,2.9814999999999996
5121,2.9814999999999996
5122,2.9814999999999996
5123,2.9814999999999996
5124,2.9814999999999996
5125,2.9814999999999996
5126,2.9814999999999996
5127,2.9814999999999996
5128,2.9814999999999996
5129,2.9814999999999996
5130,2.9814999999999996
5131,2.9814999999999996
5132,2.9814999999999996
5133,2.9814999999999996
5134,2.9814999999999996
5135,2.9814999999999996
5136,2.9814999999999996
5137,2.9814999999999996
5138,2.9814999999999996
5139,2.9814999999999996
5140,2.9479999999999995
5141,2.9479999999999995
5142,2.9479999999999995
5143,2.9479999999999995
5144,2.9479999999999995
5145,2.9479999999999995
5146,2.9479999999999995
5147,2.9479999999999995
5148,2.9479999999999995
5149,2.9479999999999995
5150,2.9479999999999995
5151,2.9479999999999995
5152,2.9479999999999995
5153,2.9479999999999995
5154,2.9479999999999995
5155,2.9479999999999995
5156,2.9479999999999995
5157,2.9479999999999995
5158,2.9479999999999995
5159,2.9479999999999995
5160,2.9479999999999995
5161,2.9479999999999995
5162,2.9479999999999995
5163,2.9479999999999995
5164,2.9479999999999995
5165,2.9479999999999995
5166,2.9479999999999995
5167,2.9479999999999995
5168,2.9479999999999995
5169,2.9479999999999995
5170,2.9479999999999995
5171,2.9479999999999995
5172,2.9479999999999995
5173,2.9479999999999995
5174,2.9479999999999995
5175,2.9479999999999995
5176,2.9479999999999995
5177,2.9479999999999995
5178,2.9479999999999995
5179,2.9479999999999995
5180,2.9144999999999994
5181,2.9144999999999994
5182,2.9144999999999994
5183,2.9144999999999994
5184,2.9144999999999994
5185,2.9144999999999994
5186,2.9144999999999994
5187,2.9144999999999994
5188,2.9144999999999994
5189,2.9144999999999994
5190,2.9144999999999994
5191,2.9144999999999994
5192,2.9144999999999994
5193,2.9144999999999994
5194,2.9144999999999994
5195,2.9144999999999994
5196,2.9144999999999994
5197,2.9144999999999994
5198,2.9144999999999994
5199,2.9144999999999994
5200,2.9144999999999994
5201,2.9144999999999994
5202,2.9144999999999994
5203,2.9144999999999994
5204,2.9144999999999994
5205,2.9144999999999994
5206,2.9144999999999994
5207,2.9144999999999994
5208,2.9144999999999994
5209,2.9144999999999994
5210,2.9144999999999994
5211,2.9144999999999994
5212,2.9144999999999994
5213,2.9144999999999994
5214,2.9144999999999994
5215,2.9144999999999994
5216,2.9144999999999994
5217,2.9144999999999994
5218,2.9144999999999994
5219,2.8809999999999993
5220,2.8809999999999993
5221,2.8809999999999993
5222,2.8809999999999993
5223,2.8809999999999993
5224,2.8809999999999993
5225,2.8809999999999993
5226,2.8809999999999993
5227,2.8809999999999993
5228,2.8809999999999993
5229,2.8809999999999993
5230,2.8809999999999993
5231,2.8809999999999993
5232,2.8809999999999993
5233,2.8809999999999993
5234,2.8809999999999993
5235,2.8809999999999993
5236,2.8809999999999993
5237,2.8809999999999993
5238,2.8809999999999993
5239,2.8809999999999993
5240,2.8809999999999993
5241,2.8809999999999993
5242,2.8809999999999993
5243,2.8809999999999993
5244,2.8809999999999993
5245,2.8809999999999993
5246,2.8809999999999993
5247,2.8809999999999993
5248,2.8809999999999993
5249,2.8474999999999997
5250,2.8474999999999997
5251,2.8474999999999997
5252,2.8474999999999997
5253,2.8474999999999997
5254,2.8474999999999997
5255,2.8474999999999997
5256,2.8474999999999997
5257,2.8474999999999997
5258,2.8474999999999997
5259,2.8474999999999997
5260,2.8474999999999997
5261,2.8474999999999997
5262,2.8474999999999997
5263,2.8474999999999997
5264,2.8474999999999997
5265,2.8474999999999997
5266,2.8474999999999997
5267,2.8474999999999997
5268,2.8474999999999997
5269,2.8474999999999997
5270,2.8474999999999997
5271,2.8474999999999997
5272,2.8474999999999997
5273,2.8474999999999997
5274,2.8474999999999997
5275,2.8474999999999997
5276,2.8474999999999997
5277,2.8474999999999997
5278,2.8474999999999997
5279,2.8474999999999997
5280,2.8474999999999997
5281,2.8474999999999997
5282,2.8474999999999997
5283,2.8474999999999997
5284,2.8474999999999997
5285,2.8474999999999997
5286,2.8474999999999997
5287,2.8474999999999997
5288,2.8139999999999996
5289,2.8139999999999996
5290,2.8139999999999996
5291,2.8139999999999996
5292,2.8139999999999996
5293,2.8139999999999996
5294,2.8139999999999996
5295,2.8139999999999996
5296,2.8139999999999996
5297,2.8139999999999996
5298,2.8139999999999996
5299,2.8139999999999996
5300,2.8139999999999996
5301,2.8139999999999996
5302,2.8139999999999996
5303,2.8139999999999996
5304,2.8139999999999996
5305,2.8139999999999996
5306,2.8139999999999996
5307,2.8139999999999996
5308,2.8139999999999996
5309,2.8139999999999996
5310,2.8139999999999996
5311,2.8139999999999996
5312,2.8139999999999996
5313,2.8139999999999996
5314,2.8139999999999996
5315,2.8139999999999996
5316,2.8139999999999996
5317,2.8139999999999996
5318,2.8139999999999996
5319,2.8139999999999996
5320,2.8139999999999996
5321,2.8139999999999996
5322,2.7804999999999995
5323,2.7804999999999995
5324,2.7804999999999995
5325,2.7804999999999995
5326,2.7804999999999995
5327,2.7804999999999995
5328,2.7804999999999995
5329,2.7804999999999995
5330,2.7804999999999995
5331,2.7804999999999995
5332,2.7804999999999995
5333,2.7804999999999995
5334,2.7804999999999995
5335,2.7804999999999995
5336,2.7804999999999995
5337,2.7804999999999995
5338,2.7804999999999995
5339,2.7804999999999995
5340,2.7804999999999995
5341,2.7804999999999995
5342,2.7804999999999995
5343,2.7804999999999995
5344,2.7804999999999995
5345,2.7804999999999995
5346,2.7804999999999995
5347,2.7804999999999995
5348,2.7804999999999995
5349,2.7804999999999995
5350,2.7804999999999995
5351,2.7804999999999995
5352,2.7804999999999995
5353,2.7804999999999995
5354,2.7804999999999995
5355,2.7804999999999995
5356,2.7804999999999995
5357,2.7804999999999995
5358,2.7804999999999995
5359,2.7804999999999995
5360,2.7804999999999995
5361,2.7804999999999995
5362,2.746999999999999
5363,2.746999999999999
5364,2.746999999999999
5365,2.746999999999999
5366,2.746999999999999
5367,2.746999999999999
5368,2.746999999999999
5369,2.746999999999999
5370,2.746999999999999
5371,2.746999999999999
5372,2.746999999999999
5373,2.746999999999999
5374,2.746999999999999
5375,2.746999999999999
5376,2.746999999999999
5377,2.746999999999999
5378,2.746999999999999
5379,2.746999999999999
5380,2.746999999999999
5381,2.746999999999999
5382,2.746999999999999
5383,2.746999999999999
5384,2.746999999999999
5385,2.746999999999999
5386,2.746999999999999
5387,2.746999999999999
5388,2.746999999999999
5389,2.746999999999999
5390,2.7134999999999994
5391,2.7134999999999994
5392,2.7134999999999994
5393,2.7134999999999994
5394,2.7134999999999994
5395,2.7134999999999994
5396,2.7134999999999994
5397,2.7134999999999994
5398,2.7134999999999994
5399,2.7134999999999994
5400,2.7134999999999994
5401,2.7134999999999994
5402,2.7134999999999994
5403,2.7134999999999994
5404,2.7134999999999994
5405,2.7134999999999994
5406,2.7134999999999994
5407,2.7134999999999994
5408,2.7134999999999994
5409,2.7134999999999994
5410,2.7134999999999994
5411,2.7134999999999994
5412,2.7134999999999994
5413,2.7134999999999994
5414,2.7134999999999994
5415,2.7134999999999994
5416,2.7134999999999994
5417,2.7134999999999994
5418,2.7134999999999994
5419,2.7134999999999994
5420,2.7134999999999994
5421,2.7134999999999994
5422,2.7134999999999994
5423,2.7134999999999994
5424,2.7134999999999994
5425,2.7134999999999994
5426,2.7134999999999994
5427,2.7134999999999994
5428,2.6799999999999997
5429,2.6799999999999997
5430,2.6799999999999997
5431,2.6799999999999997
5432,2.6799999999999997
5433,2.6799999999999997
5434,2.6799999999999997
5435,2.6799999999999997
5436,2.6799999999999997
5437,2.6799999999999997
5438,2.6799999999999997
5439,2.6799999999999997
5440,2.6799999999999997
5441,2.6799999999999997
5442,2.6799999999999997
5443,2.6799999999999997
5444,2.6799999999999997
5445,2.6799999999999997
5446,2.6799999999999997
5447,2.6799999999999997
5448,2.6799999999999997
5449,2.6799999999999997
5450,2.6799999999999997
5451,2.6799999999999997
5452,2.6799999999999997
5453,2.6799999999999997
5454,2.6799999999999997
5455,2.6799999999999997
5456,2.6799999999999997
5457,2.6799999999999997
5458,2.6799999999999997
5459,2.6799999999999997
5460,2.6799999999999997
5461,2.6799999999999997
5462,2.6799999999999997
5463,2.6464999999999996
5464,2.6464999999999996
5465,2.6464999999999996
5466,2.6464999999999996
5467,2.6464999999999996
5468,2.6464999999999996
5469,2.6464999999999996
5470,2.6464999999999996
5471,2.6464999999999996
5472,2.6464999999999996
5473,2.6464999999999996
5474,2.6464999999999996
5475,2.6464999999999996
5476,2.6464999999999996
5477,2.6464999999999996
5478,2.6464999999999996
5479,2.6464999999999996
5480,2.6464999999999996
5481,2.6464999999999996
5482,2.6464999999999996
5483,2.6464999999999996
5484,2.6464999999999996
5485,2.6464999999999996
5486,2.6464999999999996
5487,2.6464999999999996
5488,2.6464999999999996
5489,2.6464999999999996
5490,2.6464999999999996
5491,2.6464999999999996
5492,2.6464999999999996
5493,2.6464999999999996
5494,2.6464999999999996
5495,2.6464999999999996
5496,2.6464999999999996
5497,2.6464999999999996
5498,2.6464999999999996
5499,2.6464999999999996
5500,2.6464999999999996
5501,2.6464999999999996
5502,2.6464999999999996
5503,2.6464999999999996
5504,2.613
5505,2.613
5506,2.613
5507,2.613
5508,2.613
5509,2.613
5510,2.613
5511,2.613
5512,2.613
5513,2.613
5514,2.613
5515,2.613
5516,2.613
5517,2.613
5518,2.613
5519,2.613
5520,2.613
5521,2.613
5522,2.613
5523,2.613
5524,2.613
5525,2.613
5526,2.613
5527,2.613
5528,2.613
5529,2.613
5530,2.613
5531,2.613
5532,2.613
5533,2.613
5534,2.613
5535,2.613
5536,2.613
5537,2.613
5538,2.613
5539,2.613
5540,2.5794999999999995
5541,2.5794999999999995
5542,2.5794999999999995
5543,2.5794999999999995
5544,2.5794999999999995
5545,2.5794999999999995
5546,2.5794999999999995
5547,2.5794999999999995
5548,2.5794999999999995
5549,2.5794999999999995
5550,2.5794999999999995
5551,2.5794999999999995
5552,2.5794999999999995
5553,2.5794999999999995
5554,2.5794999999999995
5555,2.5794999999999995
5556,2.5794999999999995
5557,2.5794999999999995
5558,2.5794999999999995
5559,2.5794999999999995
5560,2.5794999999999995
5561,2.5794999999999995
5562,2.5794999999999995
5563,2.5794999999999995
5564,2.5794999999999995
5565,2.5794999999999995
5566,2.5794999999999995
5567,2.5794999999999995
5568,2.5794999999999995
5569,2.5794999999999995
5570,2.5794999999999995
5571,2.5459999999999994
5572,2.5459999999999994
5573,2.5459999999999994
5574,2.5459999999999994
5575,2.5459999999999994
5576,2.5459999999999994
5577,2.5459999999999994
5578,2.5459999999999994
5579,2.5459999999999994
5580,2.5459999999999994
5581,2.5459999999999994
5582,2.5459999999999994
5583,2.5459999999999994
5584,2.5459999999999994
5585,2.5459999999999994
5586,2.5459999999999994
5587,2.5459999999999994
5588,2.5459999999999994
5589,2.5459999999999994
5590,2.5459999999999994
5591,2.5459999999999994
5592,2.5459999999999994
5593,2.5459999999999994
5594,2.5459999999999994
5595,2.5459999999999994
5596,2.5459999999999994
5597,2.5459999999999994
5598,2.5459999999999994
5599,2.5459999999999994
5600,2.5459999999999994
5601,2.5459999999999994
5602,2.5459999999999994
5603,2.5459999999999994
5604,2.5459999999999994
5605,2.5459999999999994
5606,2.5459999999999994
5607,2.5459999999999994
5608,2.5459999999999994
5609,2.5459999999999994
5610,2.5459999999999994
5611,2.5459999999999994
5612,2.5459999999999994
5613,2.5459999999999994
5614,2.5459999999999994
5615,2.5459999999999994
5616,2.5459999999999994
5617,2.5124999999999993
5618,2.5124999999999993
5619,2.5124999999999993
5620,2.5124999999999993
5621,2.5124999999999993
5622,2.5124999999999993
5623,2.5124999999999993
5624,2.5124999999999993
5625,2.5124999999999993
5626,2.5124999999999993
5627,2.5124999999999993
5628,2.5124999999999993
5629,2.5124999999999993
5630,2.5124999999999993
5631,2.5124999999999993
5632,2.5124999999999993
5633,2.5124999999999993
5634,2.5124999999999993
5635,2.5124999999999993
5636,2.5124999999999993
5637,2.5124999999999993
5638,2.5124999999999993
5639,2.5124999999999993
5640,2.5124999999999993
5641,2.5124999999999993
5642,2.5124999999999993
5643,2.5124999999999993
5644,2.5124999999999993
5645,2.5124999999999993
5646,2.5124999999999993
5647,2.5124999999999993
5648,2.5124999999999993
5649,2.5124999999999993
5650,2.5124999999999993
5651,2.5124999999999993
5652,2.5124999999999993
5653,2.5124999999999993
5654,2.5124999999999993
5655,2.5124999999999993
5656,2.5124999999999993
5657,2.5124999999999993
5658,2.5124999999999993
5659,2.5124999999999993
5660,2.4789999999999996
5661,2.4789999999999996
5662,2.4789999999999996
5663,2.4789999999999996
5664,2.4789999999999996
5665,2.4789999999999996
5666,2.4789999999999996
5667,2.4789999999999996
5668,2.4789999999999996
5669,2.4789999999999996
5670,2.4789999999999996
5671,2.4789999999999996
5672,2.4789999999999996
5673,2.4789999999999996
5674,2.4789999999999996
5675,2.4789999999999996
5676,2.4789999999999996
5677,2.4789999999999996
5678,2.4789999999999996
5679,2.4789999999999996
5680,2.4789999999999996
5681,2.4789999999999996
5682,2.4789999999999996
5683,2.4789999999999996
5684,2.4789999999999996
5685,2.4789999999999996
5686,2.4789999999999996
5687,2.4789999999999996
5688,2.4789999999999996
5689,2.4789999999999996
5690,2.4789999999999996
5691,2.4789999999999996
5692,2.4789999999999996
5693,2.4789999999999996
5694,2.4789999999999996
5695,2.4789999999999996
5696,2.4789999999999996
5697,2.4789999999999996
5698,2.4789999999999996
5699,2.4789999999999996
5700,2.4789999999999996
5701,2.4454999999999996
5702,2.4454999999999996
5703,2.4454999999999996
5704,2.4454999999999996
5705,2.4454999999999996
5706,2.4454999999999996
5707,2.4454999999999996
5708,2.4454999999999996
5709,2.4454999999999996
5710,2.4454999999999996
5711,2.4454999999999996
5712,2.4454999999999996
5713,2.4454999999999996
5714,2.4454999999999996
5715,2.4454999999999996
5716,2.4454999999999996
5717,2.4454999999999996
5718,2.4454999999999996
5719,2.4454999999999996
5720,2.4454999999999996
5721,2.4454999999999996
5722,2.4454999999999996
5723,2.4454999999999996
5724,2.4454999999999996
5725,2.4454999999999996
5726,2.4454999999999996
5727,2.4454999999999996
5728,2.4454999999999996
5729,2.4454999999999996
5730,2.4454999999999996
5731,2.4454999999999996
5732,2.4454999999999996
5733,2.4454999999999996
5734,2.4454999999999996
5735,2.4454999999999996
5736,2.4454999999999996
5737,2.4454999999999996
5738,2.4454999999999996
5739,2.4454999999999996
5740,2.4454999999999996
5741,2.4454999999999996
5742,2.4454999999999996
5743,2.4454999999999996
5744,2.4454999999999996
5745,2.4454999999999996
5746,2.4454999999999996
5747,2.4454999999999996
5748,2.4454999999999996
5749,2.4454999999999996
5750,2.4454999999999996
5751,2.4454999999999996
5752,2.4454999999999996
5753,2.4454999999999996
5754,2.4454999999999996
5755,2.4454999999999996
5756,2.4119999999999995
5757,2.4119999999999995
5758,2.4119999999999995
5759,2.4119999999999995
5760,2.4119999999999995
5761,2.4119999999999995
5762,2.4119999999999995
5763,2.4119999999999995
5764,2.4119999999999995
5765,2.4119999999999995
5766,2.4119999999999995
5767,2.4119999999999995
5768,2.4119999999999995
5769,2.4119999999999995
5770,2.4119999999999995
5771,2.4119999999999995
5772,2.4119999999999995
5773,2.4119999999999995
5774,2.4119999999999995
5775,2.4119999999999995
5776,2.4119999999999995
5777,2.4119999999999995
5778,2.4119999999999995
5779,2.4119999999999995
5780,2.4119999999999995
5781,2.4119999999999995
5782,2.4119999999999995
5783,2.4119999999999995
5784,2.4119999999999995
5785,2.4119999999999995
5786,2.4119999999999995
5787,2.4119999999999995
5788,2.4119999999999995
5789,2.4119999999999995
5790,2.4119999999999995
5791,2.4119999999999995
5792,2.4119999999999995
5793,2.4119999999999995
5794,2.4119999999999995
5795,2.4119999999999995
5796,2.4119999999999995
5797,2.3784999999999994
5798,2.3784999999999994
5799,2.3784999999999994
5800,2.3784999999999994
5801,2.3784999999999994
5802,2.3784999999999994
5803,2.3784999999999994
5804,2.3784999999999994
5805,2.3784999999999994
5806,2.3784999999999994
5807,2.3784999999999994
5808,2.3784999999999994
5809,2.3784999999999994
5810,2.3784999999999994
5811,2.3784999999999994
5812,2.3784999999999994
5813,2.3784999999999994
5814,2.3784999999999994
5815,2.3784999999999994
5816,2.3784999999999994
5817,2.3784999999999994
5818,2.3784999999999994
5819,2.3784999999999994
5820,2.3784999999999994
5821,2.3784999999999994
5822,2.3784999999999994
5823,2.3784999999999994
5824,2.3784999999999994
5825,2.3784999999999994
5826,2.3784999999999994
5827,2.3784999999999994
5828,2.3784999999999994
5829,2.3784999999999994
5830,2.3784999999999994
5831,2.3784999999999994
5832,2.3784999999999994
5833,2.3784999999999994
5834,2.3784999999999994
5835,2.3784999999999994
5836,2.3784999999999994
5837,2.3784999999999994
5838,2.3784999999999994
5839,2.3784999999999994
5840,2.3784999999999994
5841,2.3784999999999994
5842,2.3784999999999994
5843,2.3784999999999994
5844,2.3784999999999994
5845,2.3784999999999994
5846,2.3784999999999994
5847,2.3784999999999994
5848,2.3784999999999994
5849,2.3784999999999994
5850,2.3784999999999994
5851,2.3784999999999994
5852,2.3784999999999994
5853,2.3449999999999998
5854,2.3449999999999998
5855,2.3449999999999998
5856,2.3449999999999998
5857,2.3449999999999998
5858,2.3449999999999998
5859,2.3449999999999998
5860,2.3449999999999998
5861,2.3449999999999998
5862,2.3449999999999998
5863,2.3449999999999998
5864,2.3449999999999998
5865,2.3449999999999998
5866,2.3449999999999998
5867,2.3449999999999998
5868,2.3449999999999998
5869,2.3449999999999998
5870,2.3449999999999998
5871,2.3449999999999998
5872,2.3449999999999998
5873,2.3449999999999998
5874,2.3449999999999998
5875,2.3449999999999998
5876,2.3449999999999998
5877,2.3449999999999998
5878,2.3449999999999998
5879,2.3449999999999998
5880,2.3449999999999998
5881,2.3449999999999998
5882,2.3449999999999998
5883,2.3449999999999998
5884,2.3449999999999998
5885,2.3449999999999998
5886,2.3449999999999998
5887,2.3449999999999998
5888,2.3449999999999998
5889,2.3449999999999998
5890,2.3449999999999998
5891,2.3449999999999998
5892,2.3449999999999998
5893,2.3449999999999998
5894,2.3449999999999998
5895,2.3449999999999998
5896,2.3449999999999998
5897,2.3449999999999998
5898,2.3449999999999998
5899,2.3449999999999998
5900,2.3449999999999998
5901,2.3449999999999998
5902,2.3449999999999998
5903,2.3449999999999998
5904,2.3449999999999998
5905,2.3449999999999998
5906,2.3449999999999998
5907,2.3449999999999998
5908,2.3449999999999998
5909,2.3449999999999998
5910,2.3114999999999997
5911,2.3114999999999997
5912,2.3114999999999997
5913,2.3114999999999997
5914,2.3114999999999997
5915,2.3114999999999997
5916,2.3114999999999997
5917,2.3114999999999997
5918,2.3114999999999997
5919,2.3114999999999997
5920,2.3114999999999997
5921,2.3114999999999997
5922,2.3114999999999997
5923,2.3114999999999997
5924,2.3114999999999997
5925,2.3114999999999997
5926,2.3114999999999997
5927,2.3114999999999997
5928,2.3114999999999997
5929,2.3114999999999997
5930,2.3114999999999997
5931,2.3114999999999997
5932,2.3114999999999997
5933,2.3114999999999997
5934,2.3114999999999997
5935,2.3114999999999997
5936,2.3114999999999997
5937,2.3114999999999997
5938,2.3114999999999997
5939,2.3114999999999997
5940,2.3114999999999997
5941,2.3114999999999997
5942,2.3114999999999997
5943,2.3114999999999997
5944,2.3114999999999997
5945,2.3114999999999997
5946,2.3114999999999997
5947,2.3114999999999997
5948,2.3114999999999997
5949,2.3114999999999997
5950,2.3114999999999997
5951,2.3114999999999997
5952,2.3114999999999997
5953,2.3114999999999997
5954,2.3114999999999997
5955,2.278
5956,2.278
5957,2.278
5958,2.278
5959,2.278
5960,2.278
5961,2.278
5962,2.278
5963,2.278
5964,2.278
5965,2.278
5966,2.278
5967,2.278
5968,2.278
5969,2.278
5970,2.278
5971,2.278
5972,2.278
5973,2.278
5974,2.278
5975,2.278
5976,2.278
5977,2.278
5978,2.278
5979,2.278
5980,2.278
5981,2.278
5982,2.278
5983,2.278
5984,2.278
5985,2.278
5986,2.278
5987,2.278
5988,2.278
5989,2.278
5990,2.278
5991,2.278
5992,2.278
5993,2.278
5994,2.278
5995,2.244499999999999
5996,2.244499999999999
5997,2.244499999999999
5998,2.244499999999999
5999,2.244499999999999
6000,2.244499999999999
6001,2.244499999999999
6002,2.244499999999999
6003,2.244499999999999
6004,2.244499999999999
6005,2.244499999999999
6006,2.244499999999999
6007,2.244499999999999
6008,2.244499999999999
6009,2.244499999999999
6010,2.244499999999999
6011,2.244499999999999
6012,2.244499999999999
6013,2.244499999999999
6014,2.244499999999999
6015,2.244499999999999
6016,2.244499999999999
6017,2.244499999999999
6018,2.244499999999999
6019,2.244499999999999
6020,2.244499999999999
6021,2.244499999999999
6022,2.244499999999999
6023,2.244499999999999
6024,2.244499999999999
6025,2.244499999999999
6026,2.244499999999999
6027,2.244499999999999
6028,2.244499999999999
6029,2.244499999999999
6030,2.244499999999999
6031,2.244499999999999
6032,2.244499999999999
6033,2.244499999999999
6034,2.244499999999999
6035,2.244499999999999
6036,2.244499999999999
6037,2.244499999999999
6038,2.2109999999999994
6039,2.2109999999999994
6040,2.2109999999999994
6041,2.2109999999999994
6042,2.2109999999999994
6043,2.2109999999999994
6044,2.2109999999999994
6045,2.2109999999999994
6046,2.2109999999999994
6047,2.2109999999999994
6048,2.2109999999999994
6049,2.2109999999999994
6050,2.2109999999999994
6051,2.2109999999999994
6052,2.2109999999999994
6053,2.2109999999999994
6054,2.2109999999999994
6055,2.2109999999999994
6056,2.2109999999999994
6057,2.2109999999999994
6058,2.2109999999999994
6059,2.2109999999999994
6060,2.2109999999999994
6061,2.2109999999999994
6062,2.2109999999999994
6063,2.2109999999999994
6064,2.2109999999999994
6065,2.2109999999999994
6066,2.2109999999999994
6067,2.2109999999999994
6068,2.2109999999999994
6069,2.2109999999999994
6070,2.2109999999999994
6071,2.2109999999999994
6072,2.2109999999999994
6073,2.2109999999999994
6074,2.2109999999999994
6075,2.2109999999999994
6076,2.2109999999999994
6077,2.2109999999999994
6078,2.2109999999999994
6079,2.2109999999999994
6080,2.2109999999999994
6081,2.2109999999999994
6082,2.2109999999999994
6083,2.2109999999999994
6084,2.2109999999999994
6085,2.2109999999999994
6086,2.2109999999999994
6087,2.1774999999999998
6088,2.1774999999999998
6089,2.1774999999999998
6090,2.1774999999999998
6091,2.1774999999999998
6092,2.1774999999999998
6093,2.1774999999999998
6094,2.1774999999999998
6095,2.1774999999999998
6096,2.1774999999999998
6097,2.1774999999999998
6098,2.1774999999999998
6099,2.1774999999999998
6100,2.1774999999999998
6101,2.1774999999999998
6102,2.1774999999999998
6103,2.1774999999999998
6104,2.1774999999999998
6105,2.1774999999999998
6106,2.1774999999999998
6107,2.1774999999999998
6108,2.1774999999999998
6109,2.1774999999999998
6110,2.1774999999999998
6111,2.1774999999999998
6112,2.1774999999999998
6113,2.1774999999999998
6114,2.1774999999999998
6115,2.1774999999999998
6116,2.1774999999999998
6117,2.1774999999999998
6118,2.1774999999999998
6119,2.1774999999999998
6120,2.1774999999999998
6121,2.1774999999999998
6122,2.1774999999999998
6123,2.1774999999999998
6124,2.1774999999999998
6125,2.1774999999999998
6126,2.1774999999999998
6127,2.1774999999999998
6128,2.1774999999999998
6129,2.1774999999999998
6130,2.1774999999999998
6131,2.1774999999999998
6132,2.1774999999999998
6133,2.1774999999999998
6134,2.1774999999999998
6135,2.1774999999999998
6136,2.1774999999999998
6137,2.1774999999999998
6138,2.1439999999999997
6139,2.1439999999999997
6140,2.1439999999999997
6141,2.1439999999999997
6142,2.1439999999999997
6143,2.1439999999999997
6144,2.1439999999999997
6145,2.1439999999999997
6146,2.1439999999999997
6147,2.1439999999999997
6148,2.1439999999999997
6149,2.1439999999999997
6150,2.1439999999999997
6151,2.1439999999999997
6152,2.1439999999999997
6153,2.1439999999999997
6154,2.1439999999999997
6155,2.1439999999999997
6156,2.1439999999999997
6157,2.1439999999999997
6158,2.1439999999999997
6159,2.1439999999999997
6160,2.1439999999999997
6161,2.1439999999999997
6162,2.1439999999999997
6163,2.1439999999999997
6164,2.1439999999999997
6165,2.1439999999999997
6166,2.1439999999999997
6167,2.1439999999999997
6168,2.1439999999999997
6169,2.1439999999999997
6170,2.1439999999999997
6171,2.1439999999999997
6172,2.1439999999999997
6173,2.1439999999999997
6174,2.1439999999999997
6175,2.1439999999999997
6176,2.1439999999999997
6177,2.1439999999999997
6178,2.1439999999999997
6179,2.1439999999999997
6180,2.1439999999999997
6181,2.1439999999999997
6182,2.1439999999999997
6183,2.1439999999999997
6184,2.1105
6185,2.1105
6186,2.1105
6187,2.1105
6188,2.1105
6189,2.1105
6190,2.1105
6191,2.1105
6192,2.1105
6193,2.1105
6194,2.1105
6195,2.1105
6196,2.1105
6197,2.1105
6198,2.1105
6199,2.1105
6200,2.1105
6201,2.1105
6202,2.1105
6203,2.1105
6204,2.1105
6205,2.1105
6206,2.1105
6207,2.1105
6208,2.1105
6209,2.1105
6210,2.1105
6211,2.1105
6212,2.1105
6213,2.1105
6214,2.1105
6215,2.1105
6216,2.1105
6217,2.1105
6218,2.1105
6219,2.1105
6220,2.1105
6221,2.1105
6222,2.1105
6223,2.1105
6224,2.1105
6225,2.1105
6226,2.1105
6227,2.1105
6228,2.1105
6229,2.1105
6230,2.1105
6231,2.1105
6232,2.1105
6233,2.1105
6234,2.1105
6235,2.1105
6236,2.1105
6237,2.1105
6238,2.1105
6239,2.1105
6240,2.1105
6241,2.1105
6242,2.1105
6243,2.1105
6244,2.0769999999999995
6245,2.0769999999999995
6246,2.0769999999999995
6247,2.0769999999999995
6248,2.0769999999999995
6249,2.0769999999999995
6250,2.0769999999999995
6251,2.0769999999999995
6252,2.0769999999999995
6253,2.0769999999999995
6254,2.0769999999999995
6255,2.0769999999999995
6256,2.0769999999999995
6257,2.0769999999999995
6258,2.0769999999999995
6259,2.0769999999999995
6260,2.0769999999999995
6261,2.0769999999999995
6262,2.0769999999999995
6263,2.0769999999999995
6264,2.0769999999999995
6265,2.0769999999999995
6266,2.0769999999999995
6267,2.0769999999999995
6268,2.0769999999999995
6269,2.0769999999999995
6270,2.0769999999999995
6271,2.0769999999999995
6272,2.0769999999999995
6273,2.0769999999999995
6274,2.0769999999999995
6275,2.0769999999999995
6276,2.0769999999999995
6277,2.0769999999999995
6278,2.0769999999999995
6279,2.0769999999999995
6280,2.0769999999999995
6281,2.0769999999999995
6282,2.0769999999999995
6283,2.0769999999999995
6284,2.0769999999999995
6285,2.0769999999999995
6286,2.0769999999999995
6287,2.0769999999999995
6288,2.0769999999999995
6289,2.0434999999999994
6290,2.0434999999999994
6291,2.0434999999999994
6292,2.0434999999999994
6293,2.0434999999999994
6294,2.0434999999999994
6295,2.0434999999999994
6296,2.0434999999999994
6297,2.0434999999999994
6298,2.0434999999999994
6299,2.0434999999999994
6300,2.0434999999999994
6301,2.0434999999999994
6302,2.0434999999999994
6303,2.0434999999999994
6304,2.0434999999999994
6305,2.0434999999999994
6306,2.0434999999999994
6307,2.0434999999999994
6308,2.0434999999999994
6309,2.0434999999999994
6310,2.0434999999999994
6311,2.0434999999999994
6312,2.0434999999999994
6313,2.0434999999999994
6314,2.0434999999999994
6315,2.0434999999999994
6316,2.0434999999999994
6317,2.0434999999999994
6318,2.0434999999999994
6319,2.0434999999999994
6320,2.0434999999999994
6321,2.0434999999999994
6322,2.0434999999999994
6323,2.0434999999999994
6324,2.0434999999999994
6325,2.0434999999999994
6326,2.0434999999999994
6327,2.0434999999999994
6328,2.0434999999999994
6329,2.0434999999999994
6330,2.0434999999999994
6331,2.0434999999999994
6332,2.0434999999999994
6333,2.0434999999999994
6334,2.0434999999999994
6335,2.0434999999999994
6336,2.0434999999999994
6337,2.01
6338,2.01
6339,2.01
6340,2.01
6341,2.01
6342,2.01
6343,2.01
6344,2.01
6345,2.01
6346,2.01
6347,2.01
6348,2.01
6349,2.01
6350,2.01
6351,2.01
6352,2.01
6353,2.01
6354,2.01
6355,2.01
6356,2.01
6357,2.01
6358,2.01
6359,2.01
6360,2.01
6361,2.01
6362,2.01
6363,2.01
6364,2.01
6365,2.01
6366,2.01
6367,2.01
6368,2.01
6369,2.01
6370,2.01
6371,2.01
6372,2.01
6373,2.01
6374,2.01
6375,2.01
6376,2.01
6377,2.01
6378,2.01
6379,2.01
6380,2.01
6381,2.01
6382,2.01
6383,2.01
6384,2.01
6385,2.01
6386,1.9764999999999997
6387,1.9764999999999997
6388,1.9764999999999997
6389,1.9764999999999997
6390,1.9764999999999997
6391,1.9764999999999997
6392,1.9764999999999997
6393,1.9764999999999997
6394,1.9764999999999997
6395,1.9764999999999997
6396,1.9764999999999997
6397,1.9764999999999997
6398,1.9764999999999997
6399,1.9764999999999997
6400,1.9764999999999997
6401,1.9764999999999997
6402,1.9764999999999997
6403,1.9764999999999997
6404,1.9764999999999997
6405,1.9764999999999997
6406,1.9764999999999997
6407,1.9764999999999997
6408,1.9764999999999997
6409,1.9764999999999997
6410,1.9764999999999997
6411,1.9764999999999997
6412,1.9764999999999997
6413,1.9764999999999997
6414,1.9764999999999997
6415,1.9764999999999997
6416,1.9764999999999997
6417,1.9764999999999997
6418,1.9764999999999997
6419,1.9764999999999997
6420,1.9764999999999997
6421,1.9764999999999997
6422,1.9764999999999997
6423,1.9764999999999997
6424,1.9429999999999998
6425,1.9429999999999998
6426,1.9429999999999998
6427,1.9429999999999998
6428,1.9429999999999998
6429,1.9429999999999998
6430,1.9429999999999998
6431,1.9429999999999998
6432,1.9429999999999998
6433,1.9429999999999998
6434,1.9429999999999998
6435,1.9429999999999998
6436,1.9429999999999998
6437,1.9429999999999998
6438,1.9429999999999998
6439,1.9429999999999998
6440,1.9429999999999998
6441,1.9429999999999998
6442,1.9429999999999998
6443,1.9429999999999998
6444,1.9429999999999998
6445,1.9429999999999998
6446,1.9429999999999998
6447,1.9429999999999998
6448,1.9429999999999998
6449,1.9429999999999998
6450,1.9429999999999998
6451,1.9429999999999998
6452,1.9429999999999998
6453,1.9429999999999998
6454,1.9429999999999998
6455,1.9429999999999998
6456,1.9429999999999998
6457,1.9429999999999998
6458,1.9429999999999998
6459,1.9429999999999998
6460,1.9429999999999998
6461,1.9429999999999998
6462,1.9429999999999998
6463,1.9429999999999998
6464,1.9429999999999998
6465,1.9429999999999998
6466,1.9429999999999998
6467,1.9429999999999998
6468,1.9429999999999998
6469,1.9429999999999998
6470,1.9429999999999998
6471,1.9429999999999998
6472,1.9094999999999993
6473,1.9094999999999993
6474,1.9094999999999993
6475,1.9094999999999993
6476,1.9094999999999993
6477,1.9094999999999993
6478,1.9094999999999993
6479,1.9094999999999993
6480,1.9094999999999993
6481,1.9094999999999993
6482,1.9094999999999993
6483,1.9094999999999993
6484,1.9094999999999993
6485,1.9094999999999993
6486,1.9094999999999993
6487,1.9094999999999993
6488,1.9094999999999993
6489,1.9094999999999993
6490,1.9094999999999993
6491,1.9094999999999993
6492,1.9094999999999993
6493,1.9094999999999993
6494,1.9094999999999993
6495,1.9094999999999993
6496,1.9094999999999993
6497,1.9094999999999993
6498,1.9094999999999993
6499,1.9094999999999993
6500,1.9094999999999993
6501,1.9094999999999993
6502,1.9094999999999993
6503,1.9094999999999993
6504,1.9094999999999993
6505,1.9094999999999993
6506,1.9094999999999993
6507,1.9094999999999993
6508,1.9094999999999993
6509,1.9094999999999993
6510,1.9094999999999993
6511,1.9094999999999993
6512,1.9094999999999993
6513,1.9094999999999993
6514,1.8759999999999994
6515,1.8759999999999994
6516,1.8759999999999994
6517,1.8759999999999994
6518,1.8759999999999994
6519,1.8759999999999994
6520,1.8759999999999994
6521,1.8759999999999994
6522,1.8759999999999994
6523,1.8759999999999994
6524,1.8759999999999994
6525,1.8759999999999994
6526,1.8759999999999994
6527,1.8759999999999994
6528,1.8759999999999994
6529,1.8759999999999994
6530,1.8759999999999994
6531,1.8759999999999994
6532,1.8759999999999994
6533,1.8759999999999994
6534,1.8759999999999994
6535,1.8759999999999994
6536,1.8759999999999994
6537,1.8759999999999994
6538,1.8759999999999994
6539,1.8759999999999994
6540,1.8759999999999994
6541,1.8759999999999994
6542,1.8759999999999994
6543,1.8759999999999994
6544,1.8759999999999994
6545,1.8759999999999994
6546,1.8759999999999994
6547,1.8759999999999994
6548,1.8759999999999994
6549,1.8759999999999994
6550,1.8759999999999994
6551,1.8759999999999994
6552,1.8759999999999994
6553,1.8759999999999994
6554,1.8759999999999994
6555,1.8759999999999994
6556,1.8759999999999994
6557,1.8759999999999994
6558,1.8759999999999994
6559,1.8759999999999994
6560,1.8424999999999998
6561,1.8424999999999998
6562,1.8424999999999998
6563,1.8424999999999998
6564,1.8424999999999998
6565,1.8424999999999998
6566,1.8424999999999998
6567,1.8424999999999998
6568,1.8424999999999998
6569,1.8424999999999998
6570,1.8424999999999998
6571,1.8424999999999998
6572,1.8424999999999998
6573,1.8424999999999998
6574,1.8424999999999998
6575,1.8424999999999998
6576,1.8424999999999998
6577,1.8424999999999998
6578,1.8424999999999998
6579,1.8424999999999998
6580,1.8424999999999998
6581,1.8424999999999998
6582,1.8424999999999998
6583,1.8424999999999998
6584,1.8424999999999998
6585,1.8424999999999998
6586,1.8424999999999998
6587,1.8424999999999998
6588,1.8424999999999998
6589,1.8424999999999998
6590,1.8424999999999998
6591,1.8424999999999998
6592,1.8424999999999998
6593,1.8424999999999998
6594,1.8424999999999998
6595,1.8424999999999998
6596,1.8424999999999998
6597,1.8424999999999998
6598,1.8424999999999998
6599,1.8424999999999998
6600,1.8424999999999998
6601,1.8089999999999997
6602,1.8089999999999997
6603,1.8089999999999997
6604,1.8089999999999997
6605,1.8089999999999997
6606,1.8089999999999997
6607,1.8089999999999997
6608,1.8089999999999997
6609,1.8089999999999997
6610,1.8089999999999997
6611,1.8089999999999997
6612,1.8089999999999997
6613,1.8089999999999997
6614,1.8089999999999997
6615,1.8089999999999997
6616,1.8089999999999997
6617,1.8089999999999997
6618,1.8089999999999997
6619,1.8089999999999997
6620,1.8089999999999997
6621,1.8089999999999997
6622,1.8089999999999997
6623,1.8089999999999997
6624,1.8089999999999997
6625,1.8089999999999997
6626,1.8089999999999997
6627,1.8089999999999997
6628,1.8089999999999997
6629,1.8089999999999997
6630,1.8089999999999997
6631,1.8089999999999997
6632,1.8089999999999997
6633,1.8089999999999997
6634,1.8089999999999997
6635,1.8089999999999997
6636,1.8089999999999997
6637,1.8089999999999997
6638,1.8089999999999997
6639,1.8089999999999997
6640,1.8089999999999997
6641,1.8089999999999997
6642,1.8089999999999997
6643,1.8089999999999997
6644,1.8089999999999997
6645,1.8089999999999997
6646,1.8089999999999997
6647,1.8089999999999997
6648,1.8089999999999997
6649,1.7755
6650,1.7755
6651,1.7755
6652,1.7755
6653,1.7755
6654,1.7755
6655,1.7755
6656,1.7755
6657,1.7755
6658,1.7755
6659,1.7755
6660,1.7755
6661,1.7755
6662,1.7755
6663,1.7755
6664,1.7755
6665,1.7755
6666,1.7755
6667,1.7755
6668,1.7755
6669,1.7755
6670,1.7755
6671,1.7755
6672,1.7755
6673,1.7755
6674,1.7755
6675,1.7755
6676,1.7755
6677,1.7755
6678,1.7755
6679,1.7755
6680,1.7755
6681,1.7755
6682,1.7755
6683,1.7755
6684,1.7755
6685,1.7755
6686,1.7755
6687,1.7755
6688,1.7755
6689,1.7755
6690,1.7755
6691,1.7755
6692,1.7755
6693,1.7755
6694,1.7419999999999993
6695,1.7419999999999993
6696,1.7419999999999993
6697,1.7419999999999993
6698,1.7419999999999993
6699,1.7419999999999993
6700,1.7419999999999993
6701,1.7419999999999993
6702,1.7419999999999993
6703,1.7419999999999993
6704,1.7419999999999993
6705,1.7419999999999993
6706,1.7419999999999993
6707,1.7419999999999993
6708,1.7419999999999993
6709,1.7419999999999993
6710,1.7419999999999993
6711,1.7419999999999993
6712,1.7419999999999993
6713,1.7419999999999993
6714,1.7419999999999993
6715,1.7419999999999993
6716,1.7419999999999993
6717,1.7419999999999993
6718,1.7419999999999993
6719,1.7419999999999993
6720,1.7419999999999993
6721,1.7419999999999993
6722,1.7419999999999993
6723,1.7419999999999993
6724,1.7419999999999993
6725,1.7419999999999993
6726,1.7419999999999993
6727,1.7419999999999993
6728,1.7419999999999993
6729,1.7419999999999993
6730,1.7419999999999993
6731,1.7419999999999993
6732,1.7419999999999993
6733,1.7419999999999993
6734,1.7084999999999997
6735,1.7084999999999997
6736,1.7084999999999997
6737,1.7084999999999997
6738,1.7084999999999997
6739,1.7084999999999997
6740,1.7084999999999997
6741,1.7084999999999997
6742,1.7084999999999997
6743,1.7084999999999997
6744,1.7084999999999997
6745,1.7084999999999997
6746,1.7084999999999997
6747,1.7084999999999997
6748,1.7084999999999997
6749,1.7084999999999997
6750,1.7084999999999997
6751,1.7084999999999997
6752,1.7084999999999997
6753,1.7084999999999997
6754,1.7084999999999997
6755,1.7084999999999997
6756,1.7084999999999997
6757,1.7084999999999997
6758,1.7084999999999997
6759,1.7084999999999997
6760,1.7084999999999997
6761,1.7084999999999997
6762,1.7084999999999997
6763,1.7084999999999997
6764,1.7084999999999997
6765,1.7084999999999997
6766,1.7084999999999997
6767,1.7084999999999997
6768,1.7084999999999997
6769,1.7084999999999997
6770,1.7084999999999997
6771,1.7084999999999997
6772,1.7084999999999997
6773,1.7084999999999997
6774,1.7084999999999997
6775,1.7084999999999997
6776,1.7084999999999997
6777,1.7084999999999997
6778,1.7084999999999997
6779,1.7084999999999997
6780,1.6749999999999996
6781,1.6749999999999996
6782,1.6749999999999996
6783,1.6749999999999996
6784,1.6749999999999996
6785,1.6749999999999996
6786,1.6749999999999996
6787,1.6749999999999996
6788,1.6749999999999996
6789,1.6749999999999996
6790,1.6749999999999996
6791,1.6749999999999996
6792,1.6749999999999996
6793,1.6749999999999996
6794,1.6749999999999996
6795,1.6749999999999996
6796,1.6749999999999996
6797,1.6749999999999996
6798,1.6749999999999996
6799,1.6749999999999996
6800,1.6749999999999996
6801,1.6749999999999996
6802,1.6749999999999996
6803,1.6749999999999996
6804,1.6749999999999996
6805,1.6749999999999996
6806,1.6749999999999996
6807,1.6749999999999996
6808,1.6749999999999996
6809,1.6749999999999996
6810,1.6749999999999996
6811,1.6749999999999996
6812,1.6749999999999996
6813,1.6749999999999996
6814,1.6749999999999996
6815,1.6749999999999996
6816,1.6749999999999996
6817,1.6749999999999996
6818,1.6749999999999996
6819,1.6749999999999996
6820,1.6749999999999996
6821,1.6414999999999993
6822,1.6414999999999993
6823,1.6414999999999993
6824,1.6414999999999993
6825,1.6414999999999993
6826,1.6414999999999993
6827,1.6414999999999993
6828,1.6414999999999993
6829,1.6414999999999993
6830,1.6414999999999993
6831,1.6414999999999993
6832,1.6414999999999993
6833,1.6414999999999993
6834,1.6414999999999993
6835,1.6414999999999993
6836,1.6414999999999993
6837,1.6414999999999993
6838,1.6414999999999993
6839,1.6414999999999993
6840,1.6414999999999993
6841,1.6414999999999993
6842,1.6414999999999993
6843,1.6414999999999993
6844,1.6414999999999993
6845,1.6414999999999993
6846,1.6414999999999993
6847,1.6414999999999993
6848,1.6414999999999993
6849,1.6414999999999993
6850,1.6414999999999993
6851,1.6414999999999993
6852,1.6414999999999993
6853,1.6414999999999993
6854,1.6414999999999993
6855,1.6414999999999993
6856,1.6414999999999993
6857,1.6414999999999993
6858,1.6414999999999993
6859,1.6414999999999993
6860,1.6414999999999993
6861,1.6414999999999993
6862,1.6414999999999993
6863,1.6414999999999993
6864,1.6414999999999993
6865,1.6414999999999993
6866,1.6414999999999993
6867,1.6414999999999993
6868,1.6414999999999993
6869,1.6414999999999993
6870,1.6414999999999993
6871,1.6414999999999993
6872,1.6414999999999993
6873,1.6414999999999993
6874,1.6414999999999993
6875,1.6414999999999993
6876,1.6079999999999999
6877,1.6079999999999999
6878,1.6079999999999999
6879,1.6079999999999999
6880,1.6079999999999999
6881,1.6079999999999999
6882,1.6079999999999999
6883,1.6079999999999999
6884,1.6079999999999999
6885,1.6079999999999999
6886,1.6079999999999999
6887,1.6079999999999999
6888,1.6079999999999999
6889,1.6079999999999999
6890,1.6079999999999999
6891,1.6079999999999999
6892,1.6079999999999999
6893,1.6079999999999999
6894,1.6079999999999999
6895,1.6079999999999999
6896,1.6079999999999999
6897,1.6079999999999999
6898,1.6079999999999999
6899,1.6079999999999999
6900,1.6079999999999999
6901,1.6079999999999999
6902,1.6079999999999999
6903,1.6079999999999999
6904,1.6079999999999999
6905,1.6079999999999999
6906,1.6079999999999999
6907,1.6079999999999999
6908,1.6079999999999999
6909,1.6079999999999999
6910,1.6079999999999999
6911,1.6079999999999999
6912,1.6079999999999999
6913,1.6079999999999999
6914,1.6079999999999999
6915,1.6079999999999999
6916,1.6079999999999999
6917,1.6079999999999999
6918,1.6079999999999999
6919,1.5744999999999996
6920,1.5744999999999996
6921,1.5744999999999996
6922,1.5744999999999996
6923,1.5744999999999996
6924,1.5744999999999996
6925,1.5744999999999996
6926,1.5744999999999996
6927,1.5744999999999996
6928,1.5744999999999996
6929,1.5744999999999996
6930,1.5744999999999996
6931,1.5744999999999996
6932,1.5744999999999996
6933,1.5744999999999996
6934,1.5744999999999996
6935,1.5744999999999996
6936,1.5744999999999996
6937,1.5744999999999996
6938,1.5744999999999996
6939,1.5744999999999996
6940,1.5744999999999996
6941,1.5744999999999996
6942,1.5744999999999996
6943,1.5744999999999996
6944,1.5744999999999996
6945,1.5744999999999996
6946,1.5744999999999996
6947,1.5744999999999996
6948,1.5744999999999996
6949,1.5744999999999996
6950,1.5744999999999996
6951,1.5744999999999996
6952,1.5744999999999996
6953,1.5744999999999996
6954,1.5744999999999996
6955,1.5744999999999996
6956,1.5744999999999996
6957,1.5744999999999996
6958,1.5744999999999996
6959,1.5744999999999996
6960,1.5744999999999996
6961,1.5410000000000001
6962,1.5410000000000001
6963,1.5410000000000001
6964,1.5410000000000001
6965,1.5410000000000001
6966,1.5410000000000001
6967,1.5410000000000001
6968,1.5410000000000001
6969,1.5410000000000001
6970,1.5410000000000001
6971,1.5410000000000001
6972,1.5410000000000001
6973,1.5410000000000001
6974,1.5410000000000001
6975,1.5410000000000001
6976,1.5410000000000001
6977,1.5410000000000001
6978,1.5410000000000001
6979,1.5410000000000001
6980,1.5410000000000001
6981,1.5410000000000001
6982,1.5410000000000001
6983,1.5410000000000001
6984,1.5410000000000001
6985,1.5410000000000001
6986,1.5410000000000001
6987,1.5410000000000001
6988,1.5410000000000001
6989,1.5410000000000001
6990,1.5410000000000001
6991,1.5410000000000001
6992,1.5410000000000001
6993,1.5410000000000001
6994,1.5410000000000001
6995,1.5410000000000001
6996,1.5410000000000001
6997,1.5410000000000001
6998,1.5410000000000001
6999,1.5410000000000001
7000,1.5410000000000001
7001,1.5410000000000001
7002,1.5410000000000001
7003,1.5410000000000001
7004,1.5410000000000001
7005,1.5410000000000001
7006,1.5410000000000001
7007,1.5074999999999996
7008,1.5074999999999996
7009,1.5074999999999996
7010,1.5074999999999996
7011,1.5074999999999996
7012,1.5074999999999996
7013,1.5074999999999996
7014,1.5074999999999996
7015,1.5074999999999996
7016,1.5074999999999996
7017,1.5074999999999996
7018,1.5074999999999996
7019,1.5074999999999996
7020,1.5074999999999996
7021,1.5074999999999996
7022,1.5074999999999996
7023,1.5074999999999996
7024,1.5074999999999996
7025,1.5074999999999996
7026,1.5074999999999996
7027,1.5074999999999996
7028,1.5074999999999996
7029,1.5074999999999996
7030,1.5074999999999996
7031,1.5074999999999996
7032,1.5074999999999996
7033,1.5074999999999996
7034,1.5074999999999996
7035,1.5074999999999996
7036,1.5074999999999996
7037,1.5074999999999996
7038,1.5074999999999996
7039,1.5074999999999996
7040,1.5074999999999996
7041,1.4739999999999993
7042,1.4739999999999993
7043,1.4739999999999993
7044,1.4739999999999993
7045,1.4739999999999993
7046,1.4739999999999993
7047,1.4739999999999993
7048,1.4739999999999993
7049,1.4739999999999993
7050,1.4739999999999993
7051,1.4739999999999993
7052,1.4739999999999993
7053,1.4739999999999993
7054,1.4739999999999993
7055,1.4739999999999993
7056,1.4739999999999993
7057,1.4739999999999993
7058,1.4739999999999993
7059,1.4739999999999993
7060,1.4739999999999993
7061,1.4739999999999993
7062,1.4739999999999993
7063,1.4739999999999993
7064,1.4739999999999993
7065,1.4739999999999993
7066,1.4739999999999993
7067,1.4739999999999993
7068,1.4739999999999993
7069,1.4739999999999993
7070,1.4739999999999993
7071,1.4739999999999993
7072,1.4739999999999993
7073,1.4405000000000001
7074,1.4405000000000001
7075,1.4405000000000001
7076,1.4405000000000001
7077,1.4405000000000001
7078,1.4405000000000001
7079,1.4405000000000001
7080,1.4405000000000001
7081,1.4405000000000001
7082,1.4405000000000001
7083,1.4405000000000001
7084,1.4405000000000001
7085,1.4405000000000001
7086,1.4405000000000001
7087,1.4405000000000001
7088,1.4405000000000001
7089,1.4405000000000001
7090,1.4405000000000001
7091,1.4405000000000001
7092,1.4405000000000001
7093,1.4405000000000001
7094,1.4405000000000001
7095,1.4405000000000001
7096,1.4405000000000001
7097,1.4405000000000001
7098,1.4405000000000001
7099,1.4405000000000001
7100,1.4405000000000001
7101,1.4405000000000001
7102,1.4405000000000001
7103,1.4405000000000001
7104,1.4405000000000001
7105,1.4405000000000001
7106,1.4405000000000001
7107,1.4405000000000001
7108,1.4405000000000001
7109,1.4405000000000001
7110,1.4405000000000001
7111,1.4405000000000001
7112,1.4405000000000001
7113,1.4405000000000001
7114,1.4405000000000001
7115,1.4405000000000001
7116,1.4405000000000001
7117,1.4405000000000001
7118,1.4405000000000001
7119,1.4069999999999994
7120,1.4069999999999994
7121,1.4069999999999994
7122,1.4069999999999994
7123,1.4069999999999994
7124,1.4069999999999994
7125,1.4069999999999994
7126,1.4069999999999994
7127,1.4069999999999994
7128,1.4069999999999994
7129,1.4069999999999994
7130,1.4069999999999994
7131,1.4069999999999994
7132,1.4069999999999994
7133,1.4069999999999994
7134,1.4069999999999994
7135,1.4069999999999994
7136,1.4069999999999994
7137,1.4069999999999994
7138,1.4069999999999994
7139,1.4069999999999994
7140,1.4069999999999994
7141,1.4069999999999994
7142,1.4069999999999994
7143,1.4069999999999994
7144,1.4069999999999994
7145,1.4069999999999994
7146,1.4069999999999994
7147,1.4069999999999994
7148,1.4069999999999994
7149,1.4069999999999994
7150,1.4069999999999994
7151,1.4069999999999994
7152,1.4069999999999994
7153,1.4069999999999994
7154,1.4069999999999994
7155,1.4069999999999994
7156,1.4069999999999994
7157,1.4069999999999994
7158,1.4069999999999994
7159,1.4069999999999994
7160,1.4069999999999994
7161,1.4069999999999994
7162,1.4069999999999994
7163,1.3735000000000002
7164,1.3735000000000002
7165,1.3735000000000002
7166,1.3735000000000002
7167,1.3735000000000002
7168,1.3735000000000002
7169,1.3735000000000002
7170,1.3735000000000002
7171,1.3735000000000002
7172,1.3735000000000002
7173,1.3735000000000002
7174,1.3735000000000002
7175,1.3735000000000002
7176,1.3735000000000002
7177,1.3735000000000002
7178,1.3735000000000002
7179,1.3735000000000002
7180,1.3735000000000002
7181,1.3735000000000002
7182,1.3735000000000002
7183,1.3735000000000002
7184,1.3735000000000002
7185,1.3735000000000002
7186,1.3735000000000002
7187,1.3735000000000002
7188,1.3735000000000002
7189,1.3735000000000002
7190,1.3735000000000002
7191,1.3735000000000002
7192,1.3735000000000002
7193,1.3735000000000002
7194,1.3735000000000002
7195,1.3735000000000002
7196,1.3399999999999999
7197,1.3399999999999999
7198,1.3399999999999999
7199,1.3399999999999999
7200,1.3399999999999999
7201,1.3399999999999999
7202,1.3399999999999999
7203,1.3399999999999999
7204,1.3399999999999999
7205,1.3399999999999999
7206,1.3399999999999999
7207,1.3399999999999999
7208,1.3399999999999999
7209,1.3399999999999999
7210,1.3399999999999999
7211,1.3399999999999999
7212,1.3399999999999999
7213,1.3399999999999999
7214,1.3399999999999999
7215,1.3399999999999999
7216,1.3399999999999999
7217,1.3399999999999999
7218,1.3399999999999999
7219,1.3399999999999999
7220,1.3399999999999999
7221,1.3399999999999999
7222,1.3399999999999999
7223,1.3399999999999999
7224,1.3399999999999999
7225,1.3399999999999999
7226,1.3399999999999999
7227,1.3399999999999999
7228,1.3399999999999999
7229,1.3399999999999999
7230,1.3399999999999999
7231,1.3399999999999999
7232,1.3399999999999999
7233,1.3399999999999999
7234,1.3064999999999993
7235,1.3064999999999993
7236,1.3064999999999993
7237,1.3064999999999993
7238,1.3064999999999993
7239,1.3064999999999993
7240,1.3064999999999993
7241,1.3064999999999993
7242,1.3064999999999993
7243,1.3064999999999993
7244,1.3064999999999993
7245,1.3064999999999993
7246,1.3064999999999993
7247,1.3064999999999993
7248,1.3064999999999993
7249,1.3064999999999993
7250,1.3064999999999993
7251,1.3064999999999993
7252,1.3064999999999993
7253,1.3064999999999993
7254,1.3064999999999993
7255,1.3064999999999993
7256,1.3064999999999993
7257,1.3064999999999993
7258,1.3064999999999993
7259,1.3064999999999993
7260,1.3064999999999993
7261,1.3064999999999993
7262,1.3064999999999993
7263,1.3064999999999993
7264,1.2730000000000001
7265,1.2730000000000001
7266,1.2730000000000001
7267,1.2730000000000001
7268,1.2730000000000001
7269,1.2730000000000001
7270,1.2730000000000001
7271,1.2730000000000001
7272,1.2730000000000001
7273,1.2730000000000001
7274,1.2730000000000001
7275,1.2730000000000001
7276,1.2730000000000001
7277,1.2730000000000001
7278,1.2730000000000001
7279,1.2730000000000001
7280,1.2730000000000001
7281,1.2730000000000001
7282,1.2730000000000001
7283,1.2730000000000001
7284,1.2730000000000001
7285,1.2730000000000001
7286,1.2730000000000001
7287,1.2730000000000001
7288,1.2730000000000001
7289,1.2730000000000001
7290,1.2730000000000001
7291,1.2730000000000001
7292,1.2730000000000001
7293,1.2730000000000001
7294,1.2730000000000001
7295,1.2730000000000001
7296,1.2730000000000001
7297,1.2730000000000001
7298,1.2394999999999996
7299,1.2394999999999996
7300,1.2394999999999996
7301,1.2394999999999996
7302,1.2394999999999996
7303,1.2394999999999996
7304,1.2394999999999996
7305,1.2394999999999996
7306,1.2394999999999996
7307,1.2394999999999996
7308,1.2394999999999996
7309,1.2394999999999996
7310,1.2394999999999996
7311,1.2394999999999996
7312,1.2394999999999996
7313,1.2394999999999996
7314,1.2394999999999996
7315,1.2394999999999996
7316,1.2394999999999996
7317,1.2394999999999996
7318,1.2394999999999996
7319,1.2394999999999996
7320,1.2394999999999996
7321,1.2394999999999996
7322,1.2394999999999996
7323,1.2394999999999996
7324,1.2394999999999996
7325,1.2394999999999996
7326,1.2394999999999996
7327,1.2394999999999996
7328,1.2394999999999996
7329,1.2394999999999996
7330,1.2394999999999996
7331,1.2394999999999996
7332,1.2394999999999996
7333,1.2394999999999996
7334,1.2394999999999996
7335,1.2394999999999996
7336,1.2394999999999996
7337,1.2394999999999996
7338,1.2394999999999996
7339,1.2394999999999996
7340,1.2394999999999996
7341,1.2394999999999996
7342,1.2394999999999996
7343,1.2394999999999996
7344,1.2394999999999996
7345,1.2394999999999996
7346,1.2394999999999996
7347,1.2394999999999996
7348,1.2394999999999996
7349,1.2060000000000002
7350,1.2060000000000002
7351,1.2060000000000002
7352,1.2060000000000002
7353,1.2060000000000002
7354,1.2060000000000002
7355,1.2060000000000002
7356,1.2060000000000002
7357,1.2060000000000002
7358,1.2060000000000002
7359,1.2060000000000002
7360,1.2060000000000002
7361,1.2060000000000002
7362,1.2060000000000002
7363,1.2060000000000002
7364,1.2060000000000002
7365,1.2060000000000002
7366,1.2060000000000002
7367,1.2060000000000002
7368,1.2060000000000002
7369,1.2060000000000002
7370,1.2060000000000002
7371,1.2060000000000002
7372,1.2060000000000002
7373,1.2060000000000002
7374,1.2060000000000002
7375,1.2060000000000002
7376,1.2060000000000002
7377,1.2060000000000002
7378,1.2060000000000002
7379,1.1724999999999999
7380,1.1724999999999999
7381,1.1724999999999999
7382,1.1724999999999999
7383,1.1724999999999999
7384,1.1724999999999999
7385,1.1724999999999999
7386,1.1724999999999999
7387,1.1724999999999999
7388,1.1724999999999999
7389,1.1724999999999999
7390,1.1724999999999999
7391,1.1724999999999999
7392,1.1724999999999999
7393,1.1724999999999999
7394,1.1724999999999999
7395,1.1724999999999999
7396,1.1724999999999999
7397,1.1724999999999999
7398,1.1724999999999999
7399,1.1724999999999999
7400,1.1724999999999999
7401,1.1724999999999999
7402,1.1724999999999999
7403,1.1724999999999999
7404,1.1724999999999999
7405,1.1724999999999999
7406,1.1724999999999999
7407,1.1724999999999999
7408,1.1724999999999999
7409,1.1724999999999999
7410,1.1724999999999999
7411,1.1724999999999999
7412,1.1724999999999999
7413,1.1724999999999999
7414,1.1389999999999993
7415,1.1389999999999993
7416,1.1389999999999993
7417,1.1389999999999993
7418,1.1389999999999993
7419,1.1389999999999993
7420,1.1389999999999993
7421,1.1389999999999993
7422,1.1389999999999993
7423,1.1389999999999993
7424,1.1389999999999993
7425,1.1389999999999993
7426,1.1389999999999993
7427,1.1389999999999993
7428,1.1389999999999993
7429,1.1389999999999993
7430,1.1389999999999993
7431,1.1389999999999993
7432,1.1389999999999993
7433,1.1389999999999993
7434,1.1389999999999993
7435,1.1389999999999993
7436,1.1389999999999993
7437,1.1389999999999993
7438,1.1389999999999993
7439,1.1389999999999993
7440,1.1055
7441,1.1055
7442,1.1055
7443,1.1055
7444,1.1055
7445,1.1055
7446,1.1055
7447,1.1055
7448,1.1055
7449,1.1055
7450,1.1055
7451,1.1055
7452,1.1055
7453,1.1055
7454,1.1055
7455,1.1055
7456,1.1055
7457,1.1055
7458,1.1055
7459,1.1055
7460,1.1055
7461,1.1055
7462,1.1055
7463,1.1055
7464,1.1055
7465,1.1055
7466,1.1055
7467,1.1055
7468,1.1055
7469,1.1055
7470,1.1055
7471,1.1055
7472,1.1055
7473,1.1055
7474,1.1055
7475,1.1055
7476,1.1055
7477,1.1055
7478,1.0719999999999996
7479,1.0719999999999996
7480,1.0719999999999996
7481,1.0719999999999996
7482,1.0719999999999996
7483,1.0719999999999996
7484,1.0719999999999996
7485,1.0719999999999996
7486,1.0719999999999996
7487,1.0719999999999996
7488,1.0719999999999996
7489,1.0719999999999996
7490,1.0719999999999996
7491,1.0719999999999996
7492,1.0719999999999996
7493,1.0719999999999996
7494,1.0719999999999996
7495,1.0719999999999996
7496,1.0719999999999996
7497,1.0719999999999996
7498,1.0719999999999996
7499,1.0719999999999996
7500,1.0719999999999996
7501,1.0719999999999996
7502,1.0719999999999996
7503,1.0719999999999996
7504,1.0719999999999996
7505,1.0719999999999996
7506,1.0385000000000002
7507,1.0385000000000002
7508,1.0385000000000002
7509,1.0385000000000002
7510,1.0385000000000002
7511,1.0385000000000002
7512,1.0385000000000002
7513,1.0385000000000002
7514,1.0385000000000002
7515,1.0385000000000002
7516,1.0385000000000002
7517,1.0385000000000002
7518,1.0385000000000002
7519,1.0385000000000002
7520,1.0385000000000002
7521,1.0385000000000002
7522,1.0385000000000002
7523,1.0385000000000002
7524,1.0385000000000002
7525,1.0385000000000002
7526,1.0385000000000002
7527,1.0385000000000002
7528,1.0385000000000002
7529,1.0385000000000002
7530,1.0385000000000002
7531,1.0385000000000002
7532,1.0385000000000002
7533,1.0385000000000002
7534,1.0385000000000002
7535,1.0385000000000002
7536,1.0385000000000002
7537,1.0385000000000002
7538,1.0385000000000002
7539,1.0385000000000002
7540,1.0385000000000002
7541,1.0385000000000002
7542,1.0385000000000002
7543,1.0385000000000002
7544,1.0385000000000002
7545,1.0385000000000002
7546,1.0385000000000002
7547,1.0385000000000002
7548,1.005
7549,1.005
7550,1.005
7551,1.005
7552,1.005
7553,1.005
7554,1.005
7555,1.005
7556,1.005
7557,1.005
7558,1.005
7559,1.005
7560,1.005
7561,1.005
7562,1.005
7563,1.005
7564,1.005
7565,1.005
7566,1.005
7567,1.005
7568,1.005
7569,1.005
7570,1.005
7571,1.005
7572,1.005
7573,1.005
7574,1.005
7575,1.005
7576,1.005
7577,1.005
7578,1.005
7579,0.9714999999999994
7580,0.9714999999999994
7581,0.9714999999999994
7582,0.9714999999999994
7583,0.9714999999999994
7584,0.9714999999999994
7585,0.9714999999999994
7586,0.9714999999999994
7587,0.9714999999999994
7588,0.9714999999999994
7589,0.9714999999999994
7590,0.9714999999999994
7591,0.9714999999999994
7592,0.9714999999999994
7593,0.9714999999999994
7594,0.9714999999999994
7595,0.9714999999999994
7596,0.9714999999999994
7597,0.9714999999999994
7598,0.9714999999999994
7599,0.9714999999999994
7600,0.9714999999999994
7601,0.9714999999999994
7602,0.9714999999999994
7603,0.9714999999999994
7604,0.9714999999999994
7605,0.9714999999999994
7606,0.9714999999999994
7607,0.9714999999999994
7608,0.9714999999999994
7609,0.9714999999999994
7610,0.9714999999999994
7611,0.9380000000000001
7612,0.9380000000000001
7613,0.9380000000000001
7614,0.9380000000000001
7615,0.9380000000000001
7616,0.9380000000000001
7617,0.9380000000000001
7618,0.9380000000000001
7619,0.9380000000000001
7620,0.9380000000000001
7621,0.9380000000000001
7622,0.9380000000000001
7623,0.9380000000000001
7624,0.9380000000000001
7625,0.9380000000000001
7626,0.9380000000000001
7627,0.9380000000000001
7628,0.9380000000000001
7629,0.9380000000000001
7630,0.9380000000000001
7631,0.9380000000000001
7632,0.9380000000000001
7633,0.9380000000000001
7634,0.9380000000000001
7635,0.9380000000000001
7636,0.9380000000000001
7637,0.9380000000000001
7638,0.9380000000000001
7639,0.9380000000000001
7640,0.9380000000000001
7641,0.9380000000000001
7642,0.9380000000000001
7643,0.9044999999999996
7644,0.9044999999999996
7645,0.9044999999999996
7646,0.9044999999999996
7647,0.9044999999999996
7648,0.9044999999999996
7649,0.9044999999999996
7650,0.9044999999999996
7651,0.9044999999999996
7652,0.9044999999999996
7653,0.9044999999999996
7654,0.9044999999999996
7655,0.9044999999999996
7656,0.9044999999999996
7657,0.9044999999999996
7658,0.9044999999999996
7659,0.9044999999999996
7660,0.9044999999999996
7661,0.9044999999999996
7662,0.9044999999999996
7663,0.9044999999999996
7664,0.9044999999999996
7665,0.9044999999999996
7666,0.9044999999999996
7667,0.9044999999999996
7668,0.9044999999999996
7669,0.9044999999999996
7670,0.9044999999999996
7671,0.9044999999999996
7672,0.9044999999999996
7673,0.9044999999999996
7674,0.9044999999999996
7675,0.9044999999999996
7676,0.9044999999999996
7677,0.9044999999999996
7678,0.9044999999999996
7679,0.9044999999999996
7680,0.9044999999999996
7681,0.9044999999999996
7682,0.8710000000000003
7683,0.8710000000000003
7684,0.8710000000000003
7685,0.8710000000000003
7686,0.8710000000000003
7687,0.8710000000000003
7688,0.8710000000000003
7689,0.8710000000000003
7690,0.8710000000000003
7691,0.8710000000000003
7692,0.8710000000000003
7693,0.8710000000000003
7694,0.8710000000000003
7695,0.8710000000000003
7696,0.8710000000000003
7697,0.8710000000000003
7698,0.8710000000000003
7699,0.8710000000000003
7700,0.8710000000000003
7701,0.8710000000000003
7702,0.8710000000000003
7703,0.8710000000000003
7704,0.8710000000000003
7705,0.8710000000000003
7706,0.8710000000000003
7707,0.8710000000000003
7708,0.8710000000000003
7709,0.8710000000000003
7710,0.8710000000000003
7711,0.8710000000000003
7712,0.8710000000000003
7713,0.8710000000000003
7714,0.8710000000000003
7715,0.8374999999999998
7716,0.8374999999999998
7717,0.8374999999999998
7718,0.8374999999999998
7719,0.8374999999999998
7720,0.8374999999999998
7721,0.8374999999999998
7722,0.8374999999999998
7723,0.8374999999999998
7724,0.8374999999999998
7725,0.8374999999999998
7726,0.8374999999999998
7727,0.8374999999999998
7728,0.8374999999999998
7729,0.8374999999999998
7730,0.8374999999999998
7731,0.8374999999999998
7732,0.8374999999999998
7733,0.8374999999999998
7734,0.8374999999999998
7735,0.8374999999999998
7736,0.8374999999999998
7737,0.8374999999999998
7738,0.8374999999999998
7739,0.8374999999999998
7740,0.8374999999999998
7741,0.8374999999999998
7742,0.8374999999999998
7743,0.8374999999999998
7744,0.8374999999999998
7745,0.8374999999999998
7746,0.8374999999999998
7747,0.8039999999999994
7748,0.8039999999999994
7749,0.8039999999999994
7750,0.8039999999999994
7751,0.8039999999999994
7752,0.8039999999999994
7753,0.8039999999999994
7754,0.8039999999999994
7755,0.8039999999999994
7756,0.8039999999999994
7757,0.8039999999999994
7758,0.8039999999999994
7759,0.8039999999999994
7760,0.8039999999999994
7761,0.8039999999999994
7762,0.8039999999999994
7763,0.8039999999999994
7764,0.8039999999999994
7765,0.8039999999999994
7766,0.8039999999999994
7767,0.8039999999999994
7768,0.8039999999999994
7769,0.8039999999999994
7770,0.8039999999999994
7771,0.8039999999999994
7772,0.8039999999999994
7773,0.8039999999999994
7774,0.8039999999999994
7775,0.8039999999999994
7776,0.8039999999999994
7777,0.8039999999999994
7778,0.8039999999999994
7779,0.8039999999999994
7780,0.8039999999999994
7781,0.8039999999999994
7782,0.8039999999999994
7783,0.8039999999999994
7784,0.7705000000000001
7785,0.7705000000000001
7786,0.7705000000000001
7787,0.7705000000000001
7788,0.7705000000000001
7789,0.7705000000000001
7790,0.7705000000000001
7791,0.7705000000000001
7792,0.7705000000000001
7793,0.7705000000000001
7794,0.7705000000000001
7795,0.7705000000000001
7796,0.7705000000000001
7797,0.7705000000000001
7798,0.7705000000000001
7799,0.7705000000000001
7800,0.7705000000000001
7801,0.7705000000000001
7802,0.7705000000000001
7803,0.7705000000000001
7804,0.7705000000000001
7805,0.7705000000000001
7806,0.7705000000000001
7807,0.7705000000000001
7808,0.7705000000000001
7809,0.7705000000000001
7810,0.7705000000000001
7811,0.7705000000000001
7812,0.7705000000000001
7813,0.7705000000000001
7814,0.7705000000000001
7815,0.7705000000000001
7816,0.7705000000000001
7817,0.7705000000000001
7818,0.7705000000000001
7819,0.7705000000000001
7820,0.7705000000000001
7821,0.7705000000000001
7822,0.7369999999999997
7823,0.7369999999999997
7824,0.7369999999999997
7825,0.7369999999999997
7826,0.7369999999999997
7827,0.7369999999999997
7828,0.7369999999999997
7829,0.7369999999999997
7830,0.7369999999999997
7831,0.7369999999999997
7832,0.7369999999999997
7833,0.7369999999999997
7834,0.7369999999999997
7835,0.7369999999999997
7836,0.7369999999999997
7837,0.7369999999999997
7838,0.7369999999999997
7839,0.7369999999999997
7840,0.7369999999999997
7841,0.7369999999999997
7842,0.7369999999999997
7843,0.7369999999999997
7844,0.7369999999999997
7845,0.7369999999999997
7846,0.7369999999999997
7847,0.7369999999999997
7848,0.7369999999999997
7849,0.7369999999999997
7850,0.7369999999999997
7851,0.7369999999999997
7852,0.7035000000000003
7853,0.7035000000000003
7854,0.7035000000000003
7855,0.7035000000000003
7856,0.7035000000000003
7857,0.7035000000000003
7858,0.7035000000000003
7859,0.7035000000000003
7860,0.7035000000000003
7861,0.7035000000000003
7862,0.7035000000000003
7863,0.7035000000000003
7864,0.7035000000000003
7865,0.7035000000000003
7866,0.7035000000000003
7867,0.7035000000000003
7868,0.7035000000000003
7869,0.7035000000000003
7870,0.7035000000000003
7871,0.7035000000000003
7872,0.7035000000000003
7873,0.7035000000000003
7874,0.7035000000000003
7875,0.7035000000000003
7876,0.7035000000000003
7877,0.7035000000000003
7878,0.7035000000000003
7879,0.7035000000000003
7880,0.7035000000000003
7881,0.7035000000000003
7882,0.7035000000000003
7883,0.7035000000000003
7884,0.7035000000000003
7885,0.6699999999999999
7886,0.6699999999999999
7887,0.6699999999999999
7888,0.6699999999999999
7889,0.6699999999999999
7890,0.6699999999999999
7891,0.6699999999999999
7892,0.6699999999999999
7893,0.6699999999999999
7894,0.6699999999999999
7895,0.6699999999999999
7896,0.6699999999999999
7897,0.6699999999999999
7898,0.6699999999999999
7899,0.6699999999999999
7900,0.6699999999999999
7901,0.6699999999999999
7902,0.6699999999999999
7903,0.6364999999999994
7904,0.6364999999999994
7905,0.6364999999999994
7906,0.6364999999999994
7907,0.6364999999999994
7908,0.6364999999999994
7909,0.6364999999999994
7910,0.6364999999999994
7911,0.6364999999999994
7912,0.6364999999999994
7913,0.6364999999999994
7914,0.6364999999999994
7915,0.6364999999999994
7916,0.6364999999999994
7917,0.6364999999999994
7918,0.6364999999999994
7919,0.6364999999999994
7920,0.6364999999999994
7921,0.6364999999999994
7922,0.6364999999999994
7923,0.6364999999999994
7924,0.6364999999999994
7925,0.6364999999999994
7926,0.6364999999999994
7927,0.6030000000000001
7928,0.6030000000000001
7929,0.6030000000000001
7930,0.6030000000000001
7931,0.6030000000000001
7932,0.6030000000000001
7933,0.6030000000000001
7934,0.6030000000000001
7935,0.6030000000000001
7936,0.6030000000000001
7937,0.6030000000000001
7938,0.6030000000000001
7939,0.6030000000000001
7940,0.6030000000000001
7941,0.6030000000000001
7942,0.6030000000000001
7943,0.6030000000000001
7944,0.6030000000000001
7945,0.6030000000000001
7946,0.6030000000000001
7947,0.6030000000000001
7948,0.5694999999999997
7949,0.5694999999999997
7950,0.5694999999999997
7951,0.5694999999999997
7952,0.5694999999999997
7953,0.5694999999999997
7954,0.5694999999999997
7955,0.5694999999999997
7956,0.5694999999999997
7957,0.5694999999999997
7958,0.5694999999999997
7959,0.5694999999999997
7960,0.5694999999999997
7961,0.5694999999999997
7962,0.5694999999999997
7963,0.5694999999999997
7964,0.5694999999999997
7965,0.5694999999999997
7966,0.5694999999999997
7967,0.5694999999999997
7968,0.5694999999999997
7969,0.5694999999999997
7970,0.5694999999999997
7971,0.5694999999999997
7972,0.5360000000000004
7973,0.5360000000000004
7974,0.5360000000000004
7975,0.5360000000000004
7976,0.5360000000000004
7977,0.5360000000000004
7978,0.5360000000000004
7979,0.5360000000000004
7980,0.5360000000000004
7981,0.5360000000000004
7982,0.5360000000000004
7983,0.5360000000000004
7984,0.5360000000000004
7985,0.5360000000000004
7986,0.5360000000000004
7987,0.5360000000000004
7988,0.5360000000000004
7989,0.5360000000000004
7990,0.5025
7991,0.5025
7992,0.5025
7993,0.5025
7994,0.5025
7995,0.5025
7996,0.5025
7997,0.5025
7998,0.5025
7999,0.5025
8000,0.5025
8001,0.5025
8002,0.5025
8003,0.5025
8004,0.5025
8005,0.5025
8006,0.5025
8007,0.5025
8008,0.5025
8009,0.5025
8010,0.5025
8011,0.5025
8012,0.4689999999999995
8013,0.4689999999999995
8014,0.4689999999999995
8015,0.4689999999999995
8016,0.4689999999999995
8017,0.4689999999999995
8018,0.4689999999999995
8019,0.4689999999999995
8020,0.4689999999999995
8021,0.4689999999999995
8022,0.4689999999999995
8023,0.4689999999999995
8024,0.4689999999999995
8025,0.4689999999999995
8026,0.4689999999999995
8027,0.4689999999999995
8028,0.4689999999999995
8029,0.4689999999999995
8030,0.4689999999999995
8031,0.4689999999999995
8032,0.4689999999999995
8033,0.4689999999999995
8034,0.4689999999999995
8035,0.43550000000000016
8036,0.43550000000000016
8037,0.43550000000000016
8038,0.43550000000000016
8039,0.43550000000000016
8040,0.43550000000000016
8041,0.43550000000000016
8042,0.43550000000000016
8043,0.43550000000000016
8044,0.43550000000000016
8045,0.43550000000000016
8046,0.43550000000000016
8047,0.43550000000000016
8048,0.43550000000000016
8049,0.4019999999999997
8050,0.4019999999999997
8051,0.4019999999999997
8052,0.4019999999999997
8053,0.4019999999999997
8054,0.4019999999999997
8055,0.4019999999999997
8056,0.4019999999999997
8057,0.4019999999999997
8058,0.4019999999999997
8059,0.4019999999999997
8060,0.4019999999999997
8061,0.36850000000000044
8062,0.36850000000000044
8063,0.36850000000000044
8064,0.36850000000000044
8065,0.36850000000000044
8066,0.36850000000000044
8067,0.36850000000000044
8068,0.36850000000000044
8069,0.36850000000000044
8070,0.36850000000000044
8071,0.36850000000000044
8072,0.36850000000000044
8073,0.36850000000000044
8074,0.36850000000000044
8075,0.36850000000000044
8076,0.36850000000000044
8077,0.36850000000000044
8078,0.36850000000000044
8079,0.36850000000000044
8080,0.36850000000000044
8081,0.36850000000000044
8082,0.36850000000000044
8083,0.36850000000000044
8084,0.36850000000000044
8085,0.33499999999999996
8086,0.33499999999999996
8087,0.33499999999999996
8088,0.33499999999999996
8089,0.33499999999999996
8090,0.33499999999999996
8091,0.33499999999999996
8092,0.33499999999999996
8093,0.33499999999999996
8094,0.33499999999999996
8095,0.33499999999999996
8096,0.33499999999999996
8097,0.33499999999999996
8098,0.33499999999999996
8099,0.33499999999999996
8100,0.33499999999999996
8101,0.33499999999999996
8102,0.33499999999999996
8103,0.33499999999999996
8104,0.33499999999999996
8105,0.33499999999999996
8106,0.33499999999999996
8107,0.33499999999999996
8108,0.33499999999999996
8109,0.33499999999999996
8110,0.33499999999999996
8111,0.33499999999999996
8112,0.33499999999999996
8113,0.30149999999999944
8114,0.30149999999999944
8115,0.30149999999999944
8116,0.30149999999999944
8117,0.30149999999999944
8118,0.30149999999999944
8119,0.30149999999999944
8120,0.30149999999999944
8121,0.30149999999999944
8122,0.30149999999999944
8123,0.30149999999999944
8124,0.30149999999999944
8125,0.30149999999999944
8126,0.30149999999999944
8127,0.2680000000000002
8128,0.2680000000000002
8129,0.2680000000000002
8130,0.2680000000000002
8131,0.2680000000000002
8132,0.2680000000000002
8133,0.2680000000000002
8134,0.2680000000000002
8135,0.2680000000000002
8136,0.2680000000000002
8137,0.2680000000000002
8138,0.2680000000000002
8139,0.2680000000000002
8140,0.2680000000000002
8141,0.2680000000000002
8142,0.2680000000000002
8143,0.2680000000000002
8144,0.2680000000000002
8145,0.2680000000000002
8146,0.23449999999999974
8147,0.23449999999999974
8148,0.23449999999999974
8149,0.23449999999999974
8150,0.23449999999999974
8151,0.23449999999999974
8152,0.23449999999999974
8153,0.23449999999999974
8154,0.23449999999999974
8155,0.23449999999999974
8156,0.23449999999999974
8157,0.23449999999999974
8158,0.23449999999999974
8159,0.23449999999999974
8160,0.23449999999999974
8161,0.23449999999999974
8162,0.23449999999999974
8163,0.23449999999999974
8164,0.20100000000000043
8165,0.20100000000000043
8166,0.20100000000000043
8167,0.20100000000000043
8168,0.20100000000000043
8169,0.20100000000000043
8170,0.20100000000000043
8171,0.20100000000000043
8172,0.20100000000000043
8173,0.20100000000000043
8174,0.20100000000000043
8175,0.20100000000000043
8176,0.20100000000000043
8177,0.20100000000000043
8178,0.20100000000000043
8179,0.20100000000000043
8180,0.20100000000000043
8181,0.20100000000000043
8182,0.20100000000000043
8183,0.16749999999999998
8184,0.16749999999999998
8185,0.16749999999999998
8186,0.16749999999999998
8187,0.16749999999999998
8188,0.16749999999999998
8189,0.16749999999999998
8190,0.16749999999999998
8191,0.16749999999999998
8192,0.16749999999999998
8193,0.16749999999999998
8194,0.16749999999999998
8195,0.16749999999999998
8196,0.16749999999999998
8197,0.16749999999999998
8198,0.16749999999999998
8199,0.16749999999999998
8200,0.16749999999999998
8201,0.16749999999999998
8202,0.16749999999999998
8203,0.16749999999999998
8204,0.16749999999999998
8205,0.16749999999999998
8206,0.1339999999999995
8207,0.1339999999999995
8208,0.1339999999999995
8209,0.1339999999999995
8210,0.1339999999999995
8211,0.1339999999999995
8212,0.1339999999999995
8213,0.1339999999999995
8214,0.1339999999999995
8215,0.1339999999999995
8216,0.1339999999999995
8217,0.1339999999999995
8218,0.1339999999999995
8219,0.10050000000000021
8220,0.10050000000000021
8221,0.10050000000000021
8222,0.10050000000000021
8223,0.10050000000000021
8224,0.10050000000000021
8225,0.10050000000000021
8226,0.10050000000000021
8227,0.10050000000000021
8228,0.10050000000000021
8229,0.10050000000000021
8230,0.10050000000000021
8231,0.10050000000000021
8232,0.06699999999999975
8233,0.06699999999999975
8234,0.06699999999999975
8235,0.06699999999999975
8236,0.06699999999999975
8237,0.06699999999999975
8238,0.06699999999999975
8239,0.06699999999999975
8240,0.06699999999999975
8241,0.06699999999999975
8242,0.06699999999999975
8243,0.06699999999999975
8244,0.06699999999999975
8245,0.06699999999999975
8246,0.06699999999999975
8247,0.06699999999999975
8248,0.06699999999999975
8249,0.06699999999999975
8250,0.03350000000000047
8251,0.03350000000000047
8252,0.03350000000000047
8253,0.03350000000000047
8254,0.03350000000000047
8255,0.03350000000000047
8256,0.03350000000000047
8257,0.03350000000000047
8258,0.03350000000000047
8259,0.03350000000000047
8260,0.03350000000000047
8261,0.03350000000000047
8262,0.03350000000000047
8263,0.03350000000000047
8264,0.03350000000000047
8265,0.03350000000000047
8266,0.03350000000000047
8267,0.0
8268,0.0
8269,0.0
8270,0.0
8271,0.0
8272,0.0
8273,0.0
8274,0.0
8275,0.0
8276,0.0
8277,0.0
8278,0.0
8279,0.0
8280,0.0
8281,0.0
8282,0.0
8283,0.0
8284,0.0
8285,0.0
8286,0.0
8287,0.0
8288,0.0
8289,0.0
8290,0.0
8291,0.0
8292,0.0
8293,0.0
8294,0.0
8295,0.0
8296,0.0
8297,0.0
8298,0.0
8299,0.0
8300,0.0
8301,0.0
8302,0.0
8303,0.0
8304,0.0
8305,0.0
8306,0.0
8307,0.0
8308,0.0
8309,0.0
8310,0.0
8311,0.0
8312,0.0
8313,0.0
8314,0.0
8315,0.0
8316,0.0
8317,0.0
8318,0.0
8319,0.0
8320,0.0
8321,0.0
8322,0.0
8323,0.0
8324,0.0
8325,0.0
8326,0.0
8327,0.0
8328,0.0
8329,0.0
8330,0.0
8331,0.0
8332,0.0
8333,0.0
8334,0.0
8335,0.0
8336,0.0
8337,0.0
8338,0.0
8339,0.0
8340,0.0
8341,0.0
8342,0.0
8343,0.0
8344,0.0
8345,0.0
8346,0.0
8347,0.0
8348,0.0
8349,0.0
8350,0.0
8351,0.0
8352,0.0
8353,0.0
8354,0.0
8355,0.0
8356,0.0
8357,0.0
8358,0.0
8359,0.0
8360,0.0
8361,0.0
8362,0.0
8363,0.0
8364,0.0
8365,0.0
8366,0.0
8367,0.0
8368,0.0
8369,0.0
8370,0.0
8371,0.0
8372,0.0
8373,0.0
8374,0.0
8375,0.0
8376,0.0
8377,0.0
8378,0.0
8379,0.0
8380,0.0
8381,0.0
8382,0.0
8383,0.0
8384,0.0
8385,0.0
8386,0.0
8387,0.0
8388,0.0
8389,0.0
8390,0.0
8391,0.0
8392,0.0
8393,0.0
8394,0.0
8395,0.0
8396,0.0
8397,0.0
8398,0.0
8399,0.0
8400,0.0
8401,0.0
8402,0.0
8403,0.0
8404,0.0
8405,0.0
8406,0.0
8407,0.0
8408,0.0
8409,0.0
8410,0.0
8411,0.0
8412,0.0
8413,0.0
8414,0.0
8415,0.0
8416,0.0
8417,0.0
8418,0.0
8419,0.0
8420,0.0
8421,0.0
8422,0.0
8423,0.0
8424,0.0
8425,0.0
8426,0.0
8427,0.0
8428,0.0
8429,0.0
8430,0.0
8431,0.0
8432,0.0
8433,0.0
8434,0.0
8435,0.0
8436,0.0
8437,0.0
8438,0.0
8439,0.0
8440,0.0
8441,0.0
8442,0.0
8443,0.0
8444,0.0
8445,0.0
8446,0.0
8447,0.0
8448,0.0
8449,0.0
8450,0.0
8451,0.0
8452,0.0
8453,0.0
8454,0.0
8455,0.0
8456,0.0
8457,0.0
8458,0.0
8459,0.0
8460,0.0
8461,0.0
8462,0.0
8463,0.0
8464,0.0
8465,0.0
8466,0.0
8467,0.0
8468,0.0
8469,0.0
8470,0.0
8471,0.0
8472,0.0
8473,0.0
8474,0.0
8475,0.0
8476,0.0
8477,0.0
8478,0.0
8479,0.0
8480,0.0
8481,0.0
8482,0.0
8483,0.0
8484,0.0
8485,0.0
8486,0.0
8487,0.0
8488,0.0
8489,0.0
8490,0.0
8491,0.0
8492,0.0
8493,0.0
8494,0.0
8495,0.0
8496,0.0
8497,0.0
8498,0.0
8499,0.0
8500,0.0
8501,0.0
8502,0.0
8503,0.0
8504,0.0
8505,0.0
8506,0.0
8507,0.0
8508,0.0
8509,0.0
8510,0.0
8511,0.0
8512,0.0
8513,0.0
8514,0.0
8515,0.0
8516,0.0
8517,0.0
8518,0.0
8519,0.0
8520,0.0
8521,0.0
8522,0.0
8523,0.0
8524,0.0
8525,0.0
8526,0.0
8527,0.0
8528,0.0
8529,0.0
8530,0.0
8531,0.0
8532,0.0
8533,0.0
8534,0.0
8535,0.0
8536,0.0
8537,0.0
8538,0.0
8539,0.0
8540,0.0
8541,0.0
8542,0.0
8543,0.0
8544,0.0
8545,0.0
8546,0.0
8547,0.0
8548,0.0
8549,0.0
8550,0.0
8551,0.0
8552,0.0
8553,0.0
8554,0.0
8555,0.0
8556,0.0
8557,0.0
8558,0.0
8559,0.0
8560,0.0
8561,0.0
8562,0.0
8563,0.0
8564,0.0
8565,0.0
8566,0.0
8567,0.0
8568,0.0
8569,0.0
8570,0.0
8571,0.0
8572,0.0
8573,0.0
8574,0.0
8575,0.0
8576,0.0
8577,0.0
8578,0.0
8579,0.0
8580,0.0
8581,0.0
8582,0.0
8583,0.0
8584,0.0
8585,0.0
8586,0.0
8587,0.0
8588,0.0
8589,0.0
8590,0.0
8591,0.0
8592,0.0
8593,0.0
8594,0.0
8595,0.0
8596,0.0
8597,0.0
8598,0.0
8599,0.0
8600,0.0
8601,0.0
8602,0.0
8603,0.0
8604,0.0
8605,0.0
8606,0.0
8607,0.0
8608,0.0
8609,0.0
8610,0.0
8611,0.0
8612,0.0
8613,0.0
8614,0.0
8615,0.0
8616,0.0
8617,0.0
8618,0.0
8619,0.0
8620,0.0
8621,0.0
8622,0.0
8623,0.0
8624,0.0
8625,0.0
8626,0.0
8627,0.0
8628,0.0
8629,0.0
8630,0.0
8631,0.0
8632,0.0
8633,0.0
8634,0.0
8635,0.0
8636,0.0
8637,0.0
8638,0.0
8639,0.0
8640,0.0
8641,0.0
8642,0.0
8643,0.0
8644,0.0
8645,0.0
8646,0.0
8647,0.0
8648,0.0
8649,0.0
8650,0.0
8651,0.0
8652,0.0
8653,0.0
8654,0.0
8655,0.0
8656,0.0
8657,0.0
8658,0.0
8659,0.0
8660,0.0
8661,0.0
8662,0.0
8663,0.0
8664,0.0
8665,0.0
8666,0.0
8667,0.0
8668,0.0
8669,0.0
8670,0.0
8671,0.0
8672,0.0
8673,0.0
8674,0.0
8675,0.0
8676,0.0
8677,0.0
8678,0.0
8679,0.0
8680,0.0
8681,0.0
8682,0.0
8683,0.0
8684,0.0
8685,0.0
8686,0.0
8687,0.0
8688,0.0
8689,0.0
8690,0.0
8691,0.0
8692,0.0
8693,0.0
8694,0.0
8695,0.0
8696,0.0
8697,0.0
8698,0.0
8699,0.0
8700,0.0
8701,0.0
8702,0.0
8703,0.0
8704,0.0
8705,0.0
8706,0.0
8707,0.0
8708,0.0
8709,0.0
8710,0.0
8711,0.0
8712,0.0
8713,0.0
8714,0.0
8715,0.0
8716,0.0
8717,0.0
8718,0.0
8719,0.0
8720,0.0
8721,0.0
8722,0.0
8723,0.0
8724,0.0
8725,0.0
8726,0.0
8727,0.0
8728,0.0
8729,0.0
8730,0.0
8731,0.0
8732,0.0
8733,0.0
8734,0.0
8735,0.0
8736,0.0
8737,0.0
8738,0.0
8739,0.0
8740,0.0
8741,0.0
8742,0.0
8743,0.0
8744,0.0
8745,0.0
8746,0.0
8747,0.0
8748,0.0
8749,0.0
8750,0.0
8751,0.0
8752,0.0
8753,0.0
8754,0.0
8755,0.0
8756,0.0
8757,0.0
8758,0.0
8759,0.0
8760,0.0
