stunde_des_jahres,ventilatorleistung_kw
1,0.0
2,0.0
3,0.0
4,0.0
5,0.0
6,3.6363636363636362
7,3.6363636363636362
8,3.6363636363636362
9,3.6363636363636362
10,3.6363636363636362
11,3.6363636363636362
12,3.6363636363636362
13,3.6363636363636362
14,3.6363636363636362
15,3.6363636363636362
16,3.6363636363636362
17,3.6363636363636362
18,0.0
19,0.0
20,0.0
21,0.0
22,0.0
23,0.0
24,0.0
25,0.0
26,0.0
27,0.0
28,0.0
29,0.0
30,3.6363636363636362
31,3.6363636363636362
32,3.6363636363636362
33,3.6363636363636362
34,3.6363636363636362
35,3.6363636363636362
36,3.6363636363636362
37,3.6363636363636362
38,3.6363636363636362
39,3.6363636363636362
40,3.6363636363636362
41,3.6363636363636362
42,0.0
43,0.0
44,0.0
45,0.0
46,0.0
47,0.0
48,0.0
49,0.0
50,0.0
51,0.0
52,0.0
53,0.0
54,3.6363636363636362
55,3.6363636363636362
56,3.6363636363636362
57,3.6363636363636362
58,3.6363636363636362
59,3.6363636363636362
60,3.6363636363636362
61,3.6363636363636362
62,3.6363636363636362
63,3.6363636363636362
64,3.6363636363636362
65,3.6363636363636362
66,0.0
67,0.0
68,0.0
69,0.0
70,0.0
71,0.0
72,0.0
73,0.0
74,0.0
75,0.0
76,0.0
77,0.0
78,3.6363636363636362
79,3.6363636363636362
80,3.6363636363636362
81,3.6363636363636362
82,3.6363636363636362
83,3.6363636363636362
84,3.6363636363636362
85,3.6363636363636362
86,3.6363636363636362
87,3.6363636363636362
88,3.6363636363636362
89,3.6363636363636362
90,0.0
91,0.0
92,0.0
93,0.0
94,0.0
95,0.0
96,0.0
97,0.0
98,0.0
99,0.0
100,0.0
101,0.0
102,3.6363636363636362
103,3.6363636363636362
104,3.6363636363636362
105,3.6363636363636362
106,3.6363636363636362
107,3.6363636363636362
108,3.6363636363636362
109,3.6363636363636362
110,3.6363636363636362
111,3.6363636363636362
112,3.6363636363636362
113,3.6363636363636362
114,0.0
115,0.0
116,0.0
117,0.0
118,0.0
119,0.0
120,0.0
121,0.0
122,0.0
123,0.0
124,0.0
125,0.0
126,3.6363636363636362
127,3.6363636363636362
128,3.6363636363636362
129,3.6363636363636362
130,3.6363636363636362
131,3.6363636363636362
132,3.6363636363636362
133,3.6363636363636362
134,3.6363636363636362
135,3.6363636363636362
136,3.6363636363636362
137,3.6363636363636362
138,0.0
139,0.0
140,0.0
141,0.0
142,0.0
143,0.0
144,0.0
145,0.0
146,0.0
147,0.0
148,0.0
149,0.0
150,3.6363636363636362
151,3.6363636363636362
152,3.6363636363636362
153,3.6363636363636362
154,3.6363636363636362
155,3.6363636363636362
156,3.6363636363636362
157,3.6363636363636362
158,3.6363636363636362
159,3.6363636363636362
160,3.6363636363636362
161,3.6363636363636362
162,0.0
163,0.0
164,0.0
165,0.0
166,0.0
167,0.0
168,0.0
169,0.0
170,0.0
171,0.0
172,0.0
173,0.0
174,3.6363636363636362
175,3.6363636363636362
176,3.6363636363636362
177,3.6363636363636362
178,3.6363636363636362
179,3.6363636363636362
180,3.6363636363636362
181,3.6363636363636362
182,3.6363636363636362
183,3.6363636363636362
184,3.6363636363636362
185,3.6363636363636362
186,0.0
187,0.0
188,0.0
189,0.0
190,0.0
191,0.0
192,0.0
193,0.0
194,0.0
195,0.0
196,0.0
197,0.0
198,3.6363636363636362
199,3.6363636363636362
200,3.6363636363636362
201,3.6363636363636362
202,3.6363636363636362
203,3.6363636363636362
204,3.6363636363636362
205,3.6363636363636362
206,3.6363636363636362
207,3.6363636363636362
208,3.6363636363636362
209,3.6363636363636362
210,0.0
211,0.0
212,0.0
213,0.0
214,0.0
215,0.0
216,0.0
217,0.0
218,0.0
219,0.0
220,0.0
221,0.0
222,3.6363636363636362
223,3.6363636363636362
224,3.6363636363636362
225,3.6363636363636362
226,3.6363636363636362
227,3.6363636363636362
228,3.6363636363636362
229,3.6363636363636362
230,3.6363636363636362
231,3.6363636363636362
232,3.6363636363636362
233,3.6363636363636362
234,0.0
235,0.0
236,0.0
237,0.0
238,0.0
239,0.0
240,0.0
241,0.0
242,0.0
243,0.0
244,0.0
245,0.0
246,3.6363636363636362
247,3.6363636363636362
248,3.6363636363636362
249,3.6363636363636362
250,3.6363636363636362
251,3.6363636363636362
252,3.6363636363636362
253,3.6363636363636362
254,3.6363636363636362
255,3.6363636363636362
256,3.6363636363636362
257,3.6363636363636362
258,0.0
259,0.0
260,0.0
261,0.0
262,0.0
263,0.0
264,0.0
265,0.0
266,0.0
267,0.0
268,0.0
269,0.0
270,3.6363636363636362
271,3.6363636363636362
272,3.6363636363636362
273,3.6363636363636362
274,3.6363636363636362
275,3.6363636363636362
276,3.6363636363636362
277,3.6363636363636362
278,3.6363636363636362
279,3.6363636363636362
280,3.6363636363636362
281,3.6363636363636362
282,0.0
283,0.0
284,0.0
285,0.0
286,0.0
287,0.0
288,0.0
289,0.0
290,0.0
291,0.0
292,0.0
293,0.0
294,3.6363636363636362
295,3.6363636363636362
296,3.6363636363636362
297,3.6363636363636362
298,3.6363636363636362
299,3.6363636363636362
300,3.6363636363636362
301,3.6363636363636362
302,3.6363636363636362
303,3.6363636363636362
304,3.6363636363636362
305,3.6363636363636362
306,0.0
307,0.0
308,0.0
309,0.0
310,0.0
311,0.0
312,0.0
313,0.0
314,0.0
315,0.0
316,0.0
317,0.0
318,3.6363636363636362
319,3.6363636363636362
320,3.6363636363636362
321,3.6363636363636362
322,3.6363636363636362
323,3.6363636363636362
324,3.6363636363636362
325,3.6363636363636362
326,3.6363636363636362
327,3.6363636363636362
328,3.6363636363636362
329,3.6363636363636362
330,0.0
331,0.0
332,0.0
333,0.0
334,0.0
335,0.0
336,0.0
337,0.0
338,0.0
339,0.0
340,0.0
341,0.0
342,3.6363636363636362
343,3.6363636363636362
344,3.6363636363636362
345,3.6363636363636362
346,3.6363636363636362
347,3.6363636363636362
348,3.6363636363636362
349,3.6363636363636362
350,3.6363636363636362
351,3.6363636363636362
352,3.6363636363636362
353,3.6363636363636362
354,0.0
355,0.0
356,0.0
357,0.0
358,0.0
359,0.0
360,0.0
361,0.0
362,0.0
363,0.0
364,0.0
365,0.0
366,3.6363636363636362
367,3.6363636363636362
368,3.6363636363636362
369,3.6363636363636362
370,3.6363636363636362
371,3.6363636363636362
372,3.6363636363636362
373,3.6363636363636362
374,3.6363636363636362
375,3.6363636363636362
376,3.6363636363636362
377,3.6363636363636362
378,0.0
379,0.0
380,0.0
381,0.0
382,0.0
383,0.0
384,0.0
385,0.0
386,0.0
387,0.0
388,0.0
389,0.0
390,3.6363636363636362
391,3.6363636363636362
392,3.6363636363636362
393,3.6363636363636362
394,3.6363636363636362
395,3.6363636363636362
396,3.6363636363636362
397,3.6363636363636362
398,3.6363636363636362
399,3.6363636363636362
400,3.6363636363636362
401,3.6363636363636362
402,0.0
403,0.0
404,0.0
405,0.0
406,0.0
407,0.0
408,0.0
409,0.0
410,0.0
411,0.0
412,0.0
413,0.0
414,3.6363636363636362
415,3.6363636363636362
416,3.6363636363636362
417,3.6363636363636362
418,3.6363636363636362
419,3.6363636363636362
420,3.6363636363636362
421,3.6363636363636362
422,3.6363636363636362
423,3.6363636363636362
424,3.6363636363636362
425,3.6363636363636362
426,0.0
427,0.0
428,0.0
429,0.0
430,0.0
431,0.0
432,0.0
433,0.0
434,0.0
435,0.0
436,0.0
437,0.0
438,3.6363636363636362
439,3.6363636363636362
440,3.6363636363636362
441,3.6363636363636362
442,3.6363636363636362
443,3.6363636363636362
444,3.6363636363636362
445,3.6363636363636362
446,3.6363636363636362
447,3.6363636363636362
448,3.6363636363636362
449,3.6363636363636362
450,0.0
451,0.0
452,0.0
453,0.0
454,0.0
455,0.0
456,0.0
457,0.0
458,0.0
459,0.0
460,0.0
461,0.0
462,3.6363636363636362
463,3.6363636363636362
464,3.6363636363636362
465,3.6363636363636362
466,3.6363636363636362
467,3.6363636363636362
468,3.6363636363636362
469,3.6363636363636362
470,3.6363636363636362
471,3.6363636363636362
472,3.6363636363636362
473,3.6363636363636362
474,0.0
475,0.0
476,0.0
477,0.0
478,0.0
479,0.0
480,0.0
481,0.0
482,0.0
483,0.0
484,0.0
485,0.0
486,3.6363636363636362
487,3.6363636363636362
488,3.6363636363636362
489,3.6363636363636362
490,3.6363636363636362
491,3.6363636363636362
492,3.6363636363636362
493,3.6363636363636362
494,3.6363636363636362
495,3.6363636363636362
496,3.6363636363636362
497,3.6363636363636362
498,0.0
499,0.0
500,0.0
501,0.0
502,0.0
503,0.0
504,0.0
505,0.0
506,0.0
507,0.0
508,0.0
509,0.0
510,3.6363636363636362
511,3.6363636363636362
512,3.6363636363636362
513,3.6363636363636362
514,3.6363636363636362
515,3.6363636363636362
516,3.6363636363636362
517,3.6363636363636362
518,3.6363636363636362
519,3.6363636363636362
520,3.6363636363636362
521,3.6363636363636362
522,0.0
523,0.0
524,0.0
525,0.0
526,0.0
527,0.0
528,0.0
529,0.0
530,0.0
531,0.0
532,0.0
533,0.0
534,3.6363636363636362
535,3.6363636363636362
536,3.6363636363636362
537,3.6363636363636362
538,3.6363636363636362
539,3.6363636363636362
540,3.6363636363636362
541,3.6363636363636362
542,3.6363636363636362
543,3.6363636363636362
544,3.6363636363636362
545,3.6363636363636362
546,0.0
547,0.0
548,0.0
549,0.0
550,0.0
551,0.0
552,0.0
553,0.0
554,0.0
555,0.0
556,0.0
557,0.0
558,3.6363636363636362
559,3.6363636363636362
560,3.6363636363636362
561,3.6363636363636362
562,3.6363636363636362
563,3.6363636363636362
564,3.6363636363636362
565,3.6363636363636362
566,3.6363636363636362
567,3.6363636363636362
568,3.6363636363636362
569,3.6363636363636362
570,0.0
571,0.0
572,0.0
573,0.0
574,0.0
575,0.0
576,0.0
577,0.0
578,0.0
579,0.0
580,0.0
581,0.0
582,3.6363636363636362
583,3.6363636363636362
584,3.6363636363636362
585,3.6363636363636362
586,3.6363636363636362
587,3.6363636363636362
588,3.6363636363636362
589,3.6363636363636362
590,3.6363636363636362
591,3.6363636363636362
592,3.6363636363636362
593,3.6363636363636362
594,0.0
595,0.0
596,0.0
597,0.0
598,0.0
599,0.0
600,0.0
601,0.0
602,0.0
603,0.0
604,0.0
605,0.0
606,3.6363636363636362
607,3.6363636363636362
608,3.6363636363636362
609,3.6363636363636362
610,3.6363636363636362
611,3.6363636363636362
612,3.6363636363636362
613,3.6363636363636362
614,3.6363636363636362
615,3.6363636363636362
616,3.6363636363636362
617,3.6363636363636362
618,0.0
619,0.0
620,0.0
621,0.0
622,0.0
623,0.0
624,0.0
625,0.0
626,0.0
627,0.0
628,0.0
629,0.0
630,3.6363636363636362
631,3.6363636363636362
632,3.6363636363636362
633,3.6363636363636362
634,3.6363636363636362
635,3.6363636363636362
636,3.6363636363636362
637,3.6363636363636362
638,3.6363636363636362
639,3.6363636363636362
640,3.6363636363636362
641,3.6363636363636362
642,0.0
643,0.0
644,0.0
645,0.0
646,0.0
647,0.0
648,0.0
649,0.0
650,0.0
651,0.0
652,0.0
653,0.0
654,3.6363636363636362
655,3.6363636363636362
656,3.6363636363636362
657,3.6363636363636362
658,3.6363636363636362
659,3.6363636363636362
660,3.6363636363636362
661,3.6363636363636362
662,3.6363636363636362
663,3.6363636363636362
664,3.6363636363636362
665,3.6363636363636362
666,0.0
667,0.0
668,0.0
669,0.0
670,0.0
671,0.0
672,0.0
673,0.0
674,0.0
675,0.0
676,0.0
677,0.0
678,3.6363636363636362
679,3.6363636363636362
680,3.6363636363636362
681,3.6363636363636362
682,3.6363636363636362
683,3.6363636363636362
684,3.6363636363636362
685,3.6363636363636362
686,3.6363636363636362
687,3.6363636363636362
688,3.6363636363636362
689,3.6363636363636362
690,0.0
691,0.0
692,0.0
693,0.0
694,0.0
695,0.0
696,0.0
697,0.0
698,0.0
699,0.0
700,0.0
701,0.0
702,3.6363636363636362
703,3.6363636363636362
704,3.6363636363636362
705,3.6363636363636362
706,3.6363636363636362
707,3.6363636363636362
708,3.6363636363636362
709,3.6363636363636362
710,3.6363636363636362
711,3.6363636363636362
712,3.6363636363636362
713,3.6363636363636362
714,0.0
715,0.0
716,0.0
717,0.0
718,0.0
719,0.0
720,0.0
721,0.0
722,0.0
723,0.0
724,0.0
725,0.0
726,3.6363636363636362
727,3.6363636363636362
728,3.6363636363636362
729,3.6363636363636362
730,3.6363636363636362
731,3.6363636363636362
732,3.6363636363636362
733,3.6363636363636362
734,3.6363636363636362
735,3.6363636363636362
736,3.6363636363636362
737,3.6363636363636362
738,0.0
739,0.0
740,0.0
741,0.0
742,0.0
743,0.0
744,0.0
745,0.0
746,0.0
747,0.0
748,0.0
749,0.0
750,3.6363636363636362
751,3.6363636363636362
752,3.6363636363636362
753,3.6363636363636362
754,3.6363636363636362
755,3.6363636363636362
756,3.6363636363636362
757,3.6363636363636362
758,3.6363636363636362
759,3.6363636363636362
760,3.6363636363636362
761,3.6363636363636362
762,0.0
763,0.0
764,0.0
765,0.0
766,0.0
767,0.0
768,0.0
769,0.0
770,0.0
771,0.0
772,0.0
773,0.0
774,3.6363636363636362
775,3.6363636363636362
776,3.6363636363636362
777,3.6363636363636362
778,3.6363636363636362
779,3.6363636363636362
780,3.6363636363636362
781,3.6363636363636362
782,3.6363636363636362
783,3.6363636363636362
784,3.6363636363636362
785,3.6363636363636362
786,0.0
787,0.0
788,0.0
789,0.0
790,0.0
791,0.0
792,0.0
793,0.0
794,0.0
795,0.0
796,0.0
797,0.0
798,3.6363636363636362
799,3.6363636363636362
800,3.6363636363636362
801,3.6363636363636362
802,3.6363636363636362
803,3.6363636363636362
804,3.6363636363636362
805,3.6363636363636362
806,3.6363636363636362
807,3.6363636363636362
808,3.6363636363636362
809,3.6363636363636362
810,0.0
811,0.0
812,0.0
813,0.0
814,0.0
815,0.0
816,0.0
817,0.0
818,0.0
819,0.0
820,0.0
821,0.0
822,3.6363636363636362
823,3.6363636363636362
824,3.6363636363636362
825,3.6363636363636362
826,3.6363636363636362
827,3.6363636363636362
828,3.6363636363636362
829,3.6363636363636362
830,3.6363636363636362
831,3.6363636363636362
832,3.6363636363636362
833,3.6363636363636362
834,0.0
835,0.0
836,0.0
837,0.0
838,0.0
839,0.0
840,0.0
841,0.0
842,0.0
843,0.0
844,0.0
845,0.0
846,3.6363636363636362
847,3.6363636363636362
848,3.6363636363636362
849,3.6363636363636362
850,3.6363636363636362
851,3.6363636363636362
852,3.6363636363636362
853,3.6363636363636362
854,3.6363636363636362
855,3.6363636363636362
856,3.6363636363636362
857,3.6363636363636362
858,0.0
859,0.0
860,0.0
861,0.0
862,0.0
863,0.0
864,0.0
865,0.0
866,0.0
867,0.0
868,0.0
869,0.0
870,3.6363636363636362
871,3.6363636363636362
872,3.6363636363636362
873,3.6363636363636362
874,3.6363636363636362
875,3.6363636363636362
876,3.6363636363636362
877,3.6363636363636362
878,3.6363636363636362
879,3.6363636363636362
880,3.6363636363636362
881,3.6363636363636362
882,0.0
883,0.0
884,0.0
885,0.0
886,0.0
887,0.0
888,0.0
889,0.0
890,0.0
891,0.0
892,0.0
893,0.0
894,3.6363636363636362
895,3.6363636363636362
896,3.6363636363636362
897,3.6363636363636362
898,3.6363636363636362
899,3.6363636363636362
900,3.6363636363636362
901,3.6363636363636362
902,3.6363636363636362
903,3.6363636363636362
904,3.6363636363636362
905,3.6363636363636362
906,0.0
907,0.0
908,0.0
909,0.0
910,0.0
911,0.0
912,0.0
913,0.0
914,0.0
915,0.0
916,0.0
917,0.0
918,3.6363636363636362
919,3.6363636363636362
920,3.6363636363636362
921,3.6363636363636362
922,3.6363636363636362
923,3.6363636363636362
924,3.6363636363636362
925,3.6363636363636362
926,3.6363636363636362
927,3.6363636363636362
928,3.6363636363636362
929,3.6363636363636362
930,0.0
931,0.0
932,0.0
933,0.0
934,0.0
935,0.0
936,0.0
937,0.0
938,0.0
939,0.0
940,0.0
941,0.0
942,3.6363636363636362
943,3.6363636363636362
944,3.6363636363636362
945,3.6363636363636362
946,3.6363636363636362
947,3.6363636363636362
948,3.6363636363636362
949,3.6363636363636362
950,3.6363636363636362
951,3.6363636363636362
952,3.6363636363636362
953,3.6363636363636362
954,0.0
955,0.0
956,0.0
957,0.0
958,0.0
959,0.0
960,0.0
961,0.0
962,0.0
963,0.0
964,0.0
965,0.0
966,3.6363636363636362
967,3.6363636363636362
968,3.6363636363636362
969,3.6363636363636362
970,3.6363636363636362
971,3.6363636363636362
972,3.6363636363636362
973,3.6363636363636362
974,3.6363636363636362
975,3.6363636363636362
976,3.6363636363636362
977,3.6363636363636362
978,0.0
979,0.0
980,0.0
981,0.0
982,0.0
983,0.0
984,0.0
985,0.0
986,0.0
987,0.0
988,0.0
989,0.0
990,3.6363636363636362
991,3.6363636363636362
992,3.6363636363636362
993,3.6363636363636362
994,3.6363636363636362
995,3.6363636363636362
996,3.6363636363636362
997,3.6363636363636362
998,3.6363636363636362
999,3.6363636363636362
1000,3.6363636363636362
1001,3.6363636363636362
1002,0.0
1003,0.0
1004,0.0
1005,0.0
1006,0.0
1007,0.0
1008,0.0
1009,0.0
1010,0.0
1011,0.0
1012,0.0
1013,0.0
1014,3.6363636363636362
1015,3.6363636363636362
1016,3.6363636363636362
1017,3.6363636363636362
1018,3.6363636363636362
1019,3.6363636363636362
1020,3.6363636363636362
1021,3.6363636363636362
1022,3.6363636363636362
1023,3.6363636363636362
1024,3.6363636363636362
1025,3.6363636363636362
1026,0.0
1027,0.0
1028,0.0
1029,0.0
1030,0.0
1031,0.0
1032,0.0
1033,0.0
1034,0.0
1035,0.0
1036,0.0
1037,0.0
1038,3.6363636363636362
1039,3.6363636363636362
1040,3.6363636363636362
1041,3.6363636363636362
1042,3.6363636363636362
1043,3.6363636363636362
1044,3.6363636363636362
1045,3.6363636363636362
1046,3.6363636363636362
1047,3.6363636363636362
1048,3.6363636363636362
1049,3.6363636363636362
1050,0.0
1051,0.0
1052,0.0
1053,0.0
1054,0.0
1055,0.0
1056,0.0
1057,0.0
1058,0.0
1059,0.0
1060,0.0
1061,0.0
1062,3.6363636363636362
1063,3.6363636363636362
1064,3.6363636363636362
1065,3.6363636363636362
1066,3.6363636363636362
1067,3.6363636363636362
1068,3.6363636363636362
1069,3.6363636363636362
1070,3.6363636363636362
1071,3.6363636363636362
1072,3.6363636363636362
1073,3.6363636363636362
1074,0.0
1075,0.0
1076,0.0
1077,0.0
1078,0.0
1079,0.0
1080,0.0
1081,0.0
1082,0.0
1083,0.0
1084,0.0
1085,0.0
1086,3.6363636363636362
1087,3.6363636363636362
1088,3.6363636363636362
1089,3.6363636363636362
1090,3.6363636363636362
1091,3.6363636363636362
1092,3.6363636363636362
1093,3.6363636363636362
1094,3.6363636363636362
1095,3.6363636363636362
1096,3.6363636363636362
1097,3.6363636363636362
1098,0.0
1099,0.0
1100,0.0
1101,0.0
1102,0.0
1103,0.0
1104,0.0
1105,0.0
1106,0.0
1107,0.0
1108,0.0
1109,0.0
1110,3.6363636363636362
1111,3.6363636363636362
1112,3.6363636363636362
1113,3.6363636363636362
1114,3.6363636363636362
1115,3.6363636363636362
1116,3.6363636363636362
1117,3.6363636363636362
1118,3.6363636363636362
1119,3.6363636363636362
1120,3.6363636363636362
1121,3.6363636363636362
1122,0.0
1123,0.0
1124,0.0
1125,0.0
1126,0.0
1127,0.0
1128,0.0
1129,0.0
1130,0.0
1131,0.0
1132,0.0
1133,0.0
1134,3.6363636363636362
1135,3.6363636363636362
1136,3.6363636363636362
1137,3.6363636363636362
1138,3.6363636363636362
1139,3.6363636363636362
1140,3.6363636363636362
1141,3.6363636363636362
1142,3.6363636363636362
1143,3.6363636363636362
1144,3.6363636363636362
1145,3.6363636363636362
1146,0.0
1147,0.0
1148,0.0
1149,0.0
1150,0.0
1151,0.0
1152,0.0
1153,0.0
1154,0.0
1155,0.0
1156,0.0
1157,0.0
1158,3.6363636363636362
1159,3.6363636363636362
1160,3.6363636363636362
1161,3.6363636363636362
1162,3.6363636363636362
1163,3.6363636363636362
1164,3.6363636363636362
1165,3.6363636363636362
1166,3.6363636363636362
1167,3.6363636363636362
1168,3.6363636363636362
1169,3.6363636363636362
1170,0.0
1171,0.0
1172,0.0
1173,0.0
1174,0.0
1175,0.0
1176,0.0
1177,0.0
1178,0.0
1179,0.0
1180,0.0
1181,0.0
1182,3.6363636363636362
1183,3.6363636363636362
1184,3.6363636363636362
1185,3.6363636363636362
1186,3.6363636363636362
1187,3.6363636363636362
1188,3.6363636363636362
1189,3.6363636363636362
1190,3.6363636363636362
1191,3.6363636363636362
1192,3.6363636363636362
1193,3.6363636363636362
1194,0.0
1195,0.0
1196,0.0
1197,0.0
1198,0.0
1199,0.0
1200,0.0
1201,0.0
1202,0.0
1203,0.0
1204,0.0
1205,0.0
1206,3.6363636363636362
1207,3.6363636363636362
1208,3.6363636363636362
1209,3.6363636363636362
1210,3.6363636363636362
1211,3.6363636363636362
1212,3.6363636363636362
1213,3.6363636363636362
1214,3.6363636363636362
1215,3.6363636363636362
1216,3.6363636363636362
1217,3.6363636363636362
1218,0.0
1219,0.0
1220,0.0
1221,0.0
1222,0.0
1223,0.0
1224,0.0
1225,0.0
1226,0.0
1227,0.0
1228,0.0
1229,0.0
1230,3.6363636363636362
1231,3.6363636363636362
1232,3.6363636363636362
1233,3.6363636363636362
1234,3.6363636363636362
1235,3.6363636363636362
1236,3.6363636363636362
1237,3.6363636363636362
1238,3.6363636363636362
1239,3.6363636363636362
1240,3.6363636363636362
1241,3.6363636363636362
1242,0.0
1243,0.0
1244,0.0
1245,0.0
1246,0.0
1247,0.0
1248,0.0
1249,0.0
1250,0.0
1251,0.0
1252,0.0
1253,0.0
1254,3.6363636363636362
1255,3.6363636363636362
1256,3.6363636363636362
1257,3.6363636363636362
1258,3.6363636363636362
1259,3.6363636363636362
1260,3.6363636363636362
1261,3.6363636363636362
1262,3.6363636363636362
1263,3.6363636363636362
1264,3.6363636363636362
1265,3.6363636363636362
1266,0.0
1267,0.0
1268,0.0
1269,0.0
1270,0.0
1271,0.0
1272,0.0
1273,0.0
1274,0.0
1275,0.0
1276,0.0
1277,0.0
1278,3.6363636363636362
1279,3.6363636363636362
1280,3.6363636363636362
1281,3.6363636363636362
1282,3.6363636363636362
1283,3.6363636363636362
1284,3.6363636363636362
1285,3.6363636363636362
1286,3.6363636363636362
1287,3.6363636363636362
1288,3.6363636363636362
1289,3.6363636363636362
1290,0.0
1291,0.0
1292,0.0
1293,0.0
1294,0.0
1295,0.0
1296,0.0
1297,0.0
1298,0.0
1299,0.0
1300,0.0
1301,0.0
1302,3.6363636363636362
1303,3.6363636363636362
1304,3.6363636363636362
1305,3.6363636363636362
1306,3.6363636363636362
1307,3.6363636363636362
1308,3.6363636363636362
1309,3.6363636363636362
1310,3.6363636363636362
1311,3.6363636363636362
1312,3.6363636363636362
1313,3.6363636363636362
1314,0.0
1315,0.0
1316,0.0
1317,0.0
1318,0.0
1319,0.0
1320,0.0
1321,0.0
1322,0.0
1323,0.0
1324,0.0
1325,0.0
1326,3.6363636363636362
1327,3.6363636363636362
1328,3.6363636363636362
1329,3.6363636363636362
1330,3.6363636363636362
1331,3.6363636363636362
1332,3.6363636363636362
1333,3.6363636363636362
1334,3.6363636363636362
1335,3.6363636363636362
1336,3.6363636363636362
1337,3.6363636363636362
1338,0.0
1339,0.0
1340,0.0
1341,0.0
1342,0.0
1343,0.0
1344,0.0
1345,0.0
1346,0.0
1347,0.0
1348,0.0
1349,0.0
1350,3.6363636363636362
1351,3.6363636363636362
1352,3.6363636363636362
1353,3.6363636363636362
1354,3.6363636363636362
1355,3.6363636363636362
1356,3.6363636363636362
1357,3.6363636363636362
1358,3.6363636363636362
1359,3.6363636363636362
1360,3.6363636363636362
1361,3.6363636363636362
1362,0.0
1363,0.0
1364,0.0
1365,0.0
1366,0.0
1367,0.0
1368,0.0
1369,0.0
1370,0.0
1371,0.0
1372,0.0
1373,0.0
1374,3.6363636363636362
1375,3.6363636363636362
1376,3.6363636363636362
1377,3.6363636363636362
1378,3.6363636363636362
1379,3.6363636363636362
1380,3.6363636363636362
1381,3.6363636363636362
1382,3.6363636363636362
1383,3.6363636363636362
1384,3.6363636363636362
1385,3.6363636363636362
1386,0.0
1387,0.0
1388,0.0
1389,0.0
1390,0.0
1391,0.0
1392,0.0
1393,0.0
1394,0.0
1395,0.0
1396,0.0
1397,0.0
1398,3.6363636363636362
1399,3.6363636363636362
1400,3.6363636363636362
1401,3.6363636363636362
1402,3.6363636363636362
1403,3.6363636363636362
1404,3.6363636363636362
1405,3.6363636363636362
1406,3.6363636363636362
1407,3.6363636363636362
1408,3.6363636363636362
1409,3.6363636363636362
1410,0.0
1411,0.0
1412,0.0
1413,0.0
1414,0.0
1415,0.0
1416,0.0
1417,0.0
1418,0.0
1419,0.0
1420,0.0
1421,0.0
1422,3.6363636363636362
1423,3.6363636363636362
1424,3.6363636363636362
1425,3.6363636363636362
1426,3.6363636363636362
1427,3.6363636363636362
1428,3.6363636363636362
1429,3.6363636363636362
1430,3.6363636363636362
1431,3.6363636363636362
1432,3.6363636363636362
1433,3.6363636363636362
1434,0.0
1435,0.0
1436,0.0
1437,0.0
1438,0.0
1439,0.0
1440,0.0
1441,0.0
1442,0.0
1443,0.0
1444,0.0
1445,0.0
1446,3.6363636363636362
1447,3.6363636363636362
1448,3.6363636363636362
1449,3.6363636363636362
1450,3.6363636363636362
1451,3.6363636363636362
1452,3.6363636363636362
1453,3.6363636363636362
1454,3.6363636363636362
1455,3.6363636363636362
1456,3.6363636363636362
1457,3.6363636363636362
1458,0.0
1459,0.0
1460,0.0
1461,0.0
1462,0.0
1463,0.0
1464,0.0
1465,0.0
1466,0.0
1467,0.0
1468,0.0
1469,0.0
1470,3.6363636363636362
1471,3.6363636363636362
1472,3.6363636363636362
1473,3.6363636363636362
1474,3.6363636363636362
1475,3.6363636363636362
1476,3.6363636363636362
1477,3.6363636363636362
1478,3.6363636363636362
1479,3.6363636363636362
1480,3.6363636363636362
1481,3.6363636363636362
1482,0.0
1483,0.0
1484,0.0
1485,0.0
1486,0.0
1487,0.0
1488,0.0
1489,0.0
1490,0.0
1491,0.0
1492,0.0
1493,0.0
1494,3.6363636363636362
1495,3.6363636363636362
1496,3.6363636363636362
1497,3.6363636363636362
1498,3.6363636363636362
1499,3.6363636363636362
1500,3.6363636363636362
1501,3.6363636363636362
1502,3.6363636363636362
1503,3.6363636363636362
1504,3.6363636363636362
1505,3.6363636363636362
1506,0.0
1507,0.0
1508,0.0
1509,0.0
1510,0.0
1511,0.0
1512,0.0
1513,0.0
1514,0.0
1515,0.0
1516,0.0
1517,0.0
1518,3.6363636363636362
1519,3.6363636363636362
1520,3.6363636363636362
1521,3.6363636363636362
1522,3.6363636363636362
1523,3.6363636363636362
1524,3.6363636363636362
1525,3.6363636363636362
1526,3.6363636363636362
1527,3.6363636363636362
1528,3.6363636363636362
1529,3.6363636363636362
1530,0.0
1531,0.0
1532,0.0
1533,0.0
1534,0.0
1535,0.0
1536,0.0
1537,0.0
1538,0.0
1539,0.0
1540,0.0
1541,0.0
1542,3.6363636363636362
1543,3.6363636363636362
1544,3.6363636363636362
1545,3.6363636363636362
1546,3.6363636363636362
1547,3.6363636363636362
1548,3.6363636363636362
1549,3.6363636363636362
1550,3.6363636363636362
1551,3.6363636363636362
1552,3.6363636363636362
1553,3.6363636363636362
1554,0.0
1555,0.0
1556,0.0
1557,0.0
1558,0.0
1559,0.0
1560,0.0
1561,0.0
1562,0.0
1563,0.0
1564,0.0
1565,0.0
1566,3.6363636363636362
1567,3.6363636363636362
1568,3.6363636363636362
1569,3.6363636363636362
1570,3.6363636363636362
1571,3.6363636363636362
1572,3.6363636363636362
1573,3.6363636363636362
1574,3.6363636363636362
1575,3.6363636363636362
1576,3.6363636363636362
1577,3.6363636363636362
1578,0.0
1579,0.0
1580,0.0
1581,0.0
1582,0.0
1583,0.0
1584,0.0
1585,0.0
1586,0.0
1587,0.0
1588,0.0
1589,0.0
1590,3.6363636363636362
1591,3.6363636363636362
1592,3.6363636363636362
1593,3.6363636363636362
1594,3.6363636363636362
1595,3.6363636363636362
1596,3.6363636363636362
1597,3.6363636363636362
1598,3.6363636363636362
1599,3.6363636363636362
1600,3.6363636363636362
1601,3.6363636363636362
1602,0.0
1603,0.0
1604,0.0
1605,0.0
1606,0.0
1607,0.0
1608,0.0
1609,0.0
1610,0.0
1611,0.0
1612,0.0
1613,0.0
1614,3.6363636363636362
1615,3.6363636363636362
1616,3.6363636363636362
1617,3.6363636363636362
1618,3.6363636363636362
1619,3.6363636363636362
1620,3.6363636363636362
1621,3.6363636363636362
1622,3.6363636363636362
1623,3.6363636363636362
1624,3.6363636363636362
1625,3.6363636363636362
1626,0.0
1627,0.0
1628,0.0
1629,0.0
1630,0.0
1631,0.0
1632,0.0
1633,0.0
1634,0.0
1635,0.0
1636,0.0
1637,0.0
1638,3.6363636363636362
1639,3.6363636363636362
1640,3.6363636363636362
1641,3.6363636363636362
1642,3.6363636363636362
1643,3.6363636363636362
1644,3.6363636363636362
1645,3.6363636363636362
1646,3.6363636363636362
1647,3.6363636363636362
1648,3.6363636363636362
1649,3.6363636363636362
1650,0.0
1651,0.0
1652,0.0
1653,0.0
1654,0.0
1655,0.0
1656,0.0
1657,0.0
1658,0.0
1659,0.0
1660,0.0
1661,0.0
1662,3.6363636363636362
1663,3.6363636363636362
1664,3.6363636363636362
1665,3.6363636363636362
1666,3.6363636363636362
1667,3.6363636363636362
1668,3.6363636363636362
1669,3.6363636363636362
1670,3.6363636363636362
1671,3.6363636363636362
1672,3.6363636363636362
1673,3.6363636363636362
1674,0.0
1675,0.0
1676,0.0
1677,0.0
1678,0.0
1679,0.0
1680,0.0
1681,0.0
1682,0.0
1683,0.0
1684,0.0
1685,0.0
1686,3.6363636363636362
1687,3.6363636363636362
1688,3.6363636363636362
1689,3.6363636363636362
1690,3.6363636363636362
1691,3.6363636363636362
1692,3.6363636363636362
1693,3.6363636363636362
1694,3.6363636363636362
1695,3.6363636363636362
1696,3.6363636363636362
1697,3.6363636363636362
1698,0.0
1699,0.0
1700,0.0
1701,0.0
1702,0.0
1703,0.0
1704,0.0
1705,0.0
1706,0.0
1707,0.0
1708,0.0
1709,0.0
1710,3.6363636363636362
1711,3.6363636363636362
1712,3.6363636363636362
1713,3.6363636363636362
1714,3.6363636363636362
1715,3.6363636363636362
1716,3.6363636363636362
1717,3.6363636363636362
1718,3.6363636363636362
1719,3.6363636363636362
1720,3.6363636363636362
1721,3.6363636363636362
1722,0.0
1723,0.0
1724,0.0
1725,0.0
1726,0.0
1727,0.0
1728,0.0
1729,0.0
1730,0.0
1731,0.0
1732,0.0
1733,0.0
1734,3.6363636363636362
1735,3.6363636363636362
1736,3.6363636363636362
1737,3.6363636363636362
1738,3.6363636363636362
1739,3.6363636363636362
1740,3.6363636363636362
1741,3.6363636363636362
1742,3.6363636363636362
1743,3.6363636363636362
1744,3.6363636363636362
1745,3.6363636363636362
1746,0.0
1747,0.0
1748,0.0
1749,0.0
1750,0.0
1751,0.0
1752,0.0
1753,0.0
1754,0.0
1755,0.0
1756,0.0
1757,0.0
1758,3.6363636363636362
1759,3.6363636363636362
1760,3.6363636363636362
1761,3.6363636363636362
1762,3.6363636363636362
1763,3.6363636363636362
1764,3.6363636363636362
1765,3.6363636363636362
1766,3.6363636363636362
1767,3.6363636363636362
1768,3.6363636363636362
1769,3.6363636363636362
1770,0.0
1771,0.0
1772,0.0
1773,0.0
1774,0.0
1775,0.0
1776,0.0
1777,0.0
1778,0.0
1779,0.0
1780,0.0
1781,0.0
1782,3.6363636363636362
1783,3.6363636363636362
1784,3.6363636363636362
1785,3.6363636363636362
1786,3.6363636363636362
1787,3.6363636363636362
1788,3.6363636363636362
1789,3.6363636363636362
1790,3.6363636363636362
1791,3.6363636363636362
1792,3.6363636363636362
1793,3.6363636363636362
1794,0.0
1795,0.0
1796,0.0
1797,0.0
1798,0.0
1799,0.0
1800,0.0
1801,0.0
1802,0.0
1803,0.0
1804,0.0
1805,0.0
1806,3.6363636363636362
1807,3.6363636363636362
1808,3.6363636363636362
1809,3.6363636363636362
1810,3.6363636363636362
1811,3.6363636363636362
1812,3.6363636363636362
1813,3.6363636363636362
1814,3.6363636363636362
1815,3.6363636363636362
1816,3.6363636363636362
1817,3.6363636363636362
1818,0.0
1819,0.0
1820,0.0
1821,0.0
1822,0.0
1823,0.0
1824,0.0
1825,0.0
1826,0.0
1827,0.0
1828,0.0
1829,0.0
1830,3.6363636363636362
1831,3.6363636363636362
1832,3.6363636363636362
1833,3.6363636363636362
1834,3.6363636363636362
1835,3.6363636363636362
1836,3.6363636363636362
1837,3.6363636363636362
1838,3.6363636363636362
1839,3.6363636363636362
1840,3.6363636363636362
1841,3.6363636363636362
1842,0.0
1843,0.0
1844,0.0
1845,0.0
1846,0.0
1847,0.0
1848,0.0
1849,0.0
1850,0.0
1851,0.0
1852,0.0
1853,0.0
1854,3.6363636363636362
1855,3.6363636363636362
1856,3.6363636363636362
1857,3.6363636363636362
1858,3.6363636363636362
1859,3.6363636363636362
1860,3.6363636363636362
1861,3.6363636363636362
1862,3.6363636363636362
1863,3.6363636363636362
1864,3.6363636363636362
1865,3.6363636363636362
1866,0.0
1867,0.0
1868,0.0
1869,0.0
1870,0.0
1871,0.0
1872,0.0
1873,0.0
1874,0.0
1875,0.0
1876,0.0
1877,0.0
1878,3.6363636363636362
1879,3.6363636363636362
1880,3.6363636363636362
1881,3.6363636363636362
1882,3.6363636363636362
1883,3.6363636363636362
1884,3.6363636363636362
1885,3.6363636363636362
1886,3.6363636363636362
1887,3.6363636363636362
1888,3.6363636363636362
1889,3.6363636363636362
1890,0.0
1891,0.0
1892,0.0
1893,0.0
1894,0.0
1895,0.0
1896,0.0
1897,0.0
1898,0.0
1899,0.0
1900,0.0
1901,0.0
1902,3.6363636363636362
1903,3.6363636363636362
1904,3.6363636363636362
1905,3.6363636363636362
1906,3.6363636363636362
1907,3.6363636363636362
1908,3.6363636363636362
1909,3.6363636363636362
1910,3.6363636363636362
1911,3.6363636363636362
1912,3.6363636363636362
1913,3.6363636363636362
1914,0.0
1915,0.0
1916,0.0
1917,0.0
1918,0.0
1919,0.0
1920,0.0
1921,0.0
1922,0.0
1923,0.0
1924,0.0
1925,0.0
1926,3.6363636363636362
1927,3.6363636363636362
1928,3.6363636363636362
1929,3.6363636363636362
1930,3.6363636363636362
1931,3.6363636363636362
1932,3.6363636363636362
1933,3.6363636363636362
1934,3.6363636363636362
1935,3.6363636363636362
1936,3.6363636363636362
1937,3.6363636363636362
1938,0.0
1939,0.0
1940,0.0
1941,0.0
1942,0.0
1943,0.0
1944,0.0
1945,0.0
1946,0.0
1947,0.0
1948,0.0
1949,0.0
1950,3.6363636363636362
1951,3.6363636363636362
1952,3.6363636363636362
1953,3.6363636363636362
1954,3.6363636363636362
1955,3.6363636363636362
1956,3.6363636363636362
1957,3.6363636363636362
1958,3.6363636363636362
1959,3.6363636363636362
1960,3.6363636363636362
1961,3.6363636363636362
1962,0.0
1963,0.0
1964,0.0
1965,0.0
1966,0.0
1967,0.0
1968,0.0
1969,0.0
1970,0.0
1971,0.0
1972,0.0
1973,0.0
1974,3.6363636363636362
1975,3.6363636363636362
1976,3.6363636363636362
1977,3.6363636363636362
1978,3.6363636363636362
1979,3.6363636363636362
1980,3.6363636363636362
1981,3.6363636363636362
1982,3.6363636363636362
1983,3.6363636363636362
1984,3.6363636363636362
1985,3.6363636363636362
1986,0.0
1987,0.0
1988,0.0
1989,0.0
1990,0.0
1991,0.0
1992,0.0
1993,0.0
1994,0.0
1995,0.0
1996,0.0
1997,0.0
1998,3.6363636363636362
1999,3.6363636363636362
2000,3.6363636363636362
2001,3.6363636363636362
2002,3.6363636363636362
2003,3.6363636363636362
2004,3.6363636363636362
2005,3.6363636363636362
2006,3.6363636363636362
2007,3.6363636363636362
2008,3.6363636363636362
2009,3.6363636363636362
2010,0.0
2011,0.0
2012,0.0
2013,0.0
2014,0.0
2015,0.0
2016,0.0
2017,0.0
2018,0.0
2019,0.0
2020,0.0
2021,0.0
2022,3.6363636363636362
2023,3.6363636363636362
2024,3.6363636363636362
2025,3.6363636363636362
2026,3.6363636363636362
2027,3.6363636363636362
2028,3.6363636363636362
2029,3.6363636363636362
2030,3.6363636363636362
2031,3.6363636363636362
2032,3.6363636363636362
2033,3.6363636363636362
2034,0.0
2035,0.0
2036,0.0
2037,0.0
2038,0.0
2039,0.0
2040,0.0
2041,0.0
2042,0.0
2043,0.0
2044,0.0
2045,0.0
2046,3.6363636363636362
2047,3.6363636363636362
2048,3.6363636363636362
2049,3.6363636363636362
2050,3.6363636363636362
2051,3.6363636363636362
2052,3.6363636363636362
2053,3.6363636363636362
2054,3.6363636363636362
2055,3.6363636363636362
2056,3.6363636363636362
2057,3.6363636363636362
2058,0.0
2059,0.0
2060,0.0
2061,0.0
2062,0.0
2063,0.0
2064,0.0
2065,0.0
2066,0.0
2067,0.0
2068,0.0
2069,0.0
2070,3.6363636363636362
2071,3.6363636363636362
2072,3.6363636363636362
2073,3.6363636363636362
2074,3.6363636363636362
2075,3.6363636363636362
2076,3.6363636363636362
2077,3.6363636363636362
2078,3.6363636363636362
2079,3.6363636363636362
2080,3.6363636363636362
2081,3.6363636363636362
2082,0.0
2083,0.0
2084,0.0
2085,0.0
2086,0.0
2087,0.0
2088,0.0
2089,0.0
2090,0.0
2091,0.0
2092,0.0
2093,0.0
2094,3.6363636363636362
2095,3.6363636363636362
2096,3.6363636363636362
2097,3.6363636363636362
2098,3.6363636363636362
2099,3.6363636363636362
2100,3.6363636363636362
2101,3.6363636363636362
2102,3.6363636363636362
2103,3.6363636363636362
2104,3.6363636363636362
2105,3.6363636363636362
2106,0.0
2107,0.0
2108,0.0
2109,0.0
2110,0.0
2111,0.0
2112,0.0
2113,0.0
2114,0.0
2115,0.0
2116,0.0
2117,0.0
2118,3.6363636363636362
2119,3.6363636363636362
2120,3.6363636363636362
2121,3.6363636363636362
2122,3.6363636363636362
2123,3.6363636363636362
2124,3.6363636363636362
2125,3.6363636363636362
2126,3.6363636363636362
2127,3.6363636363636362
2128,3.6363636363636362
2129,3.6363636363636362
2130,0.0
2131,0.0
2132,0.0
2133,0.0
2134,0.0
2135,0.0
2136,0.0
2137,0.0
2138,0.0
2139,0.0
2140,0.0
2141,0.0
2142,3.6363636363636362
2143,3.6363636363636362
2144,3.6363636363636362
2145,3.6363636363636362
2146,3.6363636363636362
2147,3.6363636363636362
2148,3.6363636363636362
2149,3.6363636363636362
2150,3.6363636363636362
2151,3.6363636363636362
2152,3.6363636363636362
2153,3.6363636363636362
2154,0.0
2155,0.0
2156,0.0
2157,0.0
2158,0.0
2159,0.0
2160,0.0
2161,0.0
2162,0.0
2163,0.0
2164,0.0
2165,0.0
2166,3.6363636363636362
2167,3.6363636363636362
2168,3.6363636363636362
2169,3.6363636363636362
2170,3.6363636363636362
2171,3.6363636363636362
2172,3.6363636363636362
2173,3.6363636363636362
2174,3.6363636363636362
2175,3.6363636363636362
2176,3.6363636363636362
2177,3.6363636363636362
2178,0.0
2179,0.0
2180,0.0
2181,0.0
2182,0.0
2183,0.0
2184,0.0
2185,0.0
2186,0.0
2187,0.0
2188,0.0
2189,0.0
2190,3.6363636363636362
2191,3.6363636363636362
2192,3.6363636363636362
2193,3.6363636363636362
2194,3.6363636363636362
2195,3.6363636363636362
2196,3.6363636363636362
2197,3.6363636363636362
2198,3.6363636363636362
2199,3.6363636363636362
2200,3.6363636363636362
2201,3.6363636363636362
2202,0.0
2203,0.0
2204,0.0
2205,0.0
2206,0.0
2207,0.0
2208,0.0
2209,0.0
2210,0.0
2211,0.0
2212,0.0
2213,0.0
2214,3.6363636363636362
2215,3.6363636363636362
2216,3.6363636363636362
2217,3.6363636363636362
2218,3.6363636363636362
2219,3.6363636363636362
2220,3.6363636363636362
2221,3.6363636363636362
2222,3.6363636363636362
2223,3.6363636363636362
2224,3.6363636363636362
2225,3.6363636363636362
2226,0.0
2227,0.0
2228,0.0
2229,0.0
2230,0.0
2231,0.0
2232,0.0
2233,0.0
2234,0.0
2235,0.0
2236,0.0
2237,0.0
2238,3.6363636363636362
2239,3.6363636363636362
2240,3.6363636363636362
2241,3.6363636363636362
2242,3.6363636363636362
2243,3.6363636363636362
2244,3.6363636363636362
2245,3.6363636363636362
2246,3.6363636363636362
2247,3.6363636363636362
2248,3.6363636363636362
2249,3.6363636363636362
2250,0.0
2251,0.0
2252,0.0
2253,0.0
2254,0.0
2255,0.0
2256,0.0
2257,0.0
2258,0.0
2259,0.0
2260,0.0
2261,0.0
2262,3.6363636363636362
2263,3.6363636363636362
2264,3.6363636363636362
2265,3.6363636363636362
2266,3.6363636363636362
2267,3.6363636363636362
2268,3.6363636363636362
2269,3.6363636363636362
2270,3.6363636363636362
2271,3.6363636363636362
2272,3.6363636363636362
2273,3.6363636363636362
2274,0.0
2275,0.0
2276,0.0
2277,0.0
2278,0.0
2279,0.0
2280,0.0
2281,0.0
2282,0.0
2283,0.0
2284,0.0
2285,0.0
2286,3.6363636363636362
2287,3.6363636363636362
2288,3.6363636363636362
2289,3.6363636363636362
2290,3.6363636363636362
2291,3.6363636363636362
2292,3.6363636363636362
2293,3.6363636363636362
2294,3.6363636363636362
2295,3.6363636363636362
2296,3.6363636363636362
2297,3.6363636363636362
2298,0.0
2299,0.0
2300,0.0
2301,0.0
2302,0.0
2303,0.0
2304,0.0
2305,0.0
2306,0.0
2307,0.0
2308,0.0
2309,0.0
2310,3.6363636363636362
2311,3.6363636363636362
2312,3.6363636363636362
2313,3.6363636363636362
2314,3.6363636363636362
2315,3.6363636363636362
2316,3.6363636363636362
2317,3.6363636363636362
2318,3.6363636363636362
2319,3.6363636363636362
2320,3.6363636363636362
2321,3.6363636363636362
2322,0.0
2323,0.0
2324,0.0
2325,0.0
2326,0.0
2327,0.0
2328,0.0
2329,0.0
2330,0.0
2331,0.0
2332,0.0
2333,0.0
2334,3.6363636363636362
2335,3.6363636363636362
2336,3.6363636363636362
2337,3.6363636363636362
2338,3.6363636363636362
2339,3.6363636363636362
2340,3.6363636363636362
2341,3.6363636363636362
2342,3.6363636363636362
2343,3.6363636363636362
2344,3.6363636363636362
2345,3.6363636363636362
2346,0.0
2347,0.0
2348,0.0
2349,0.0
2350,0.0
2351,0.0
2352,0.0
2353,0.0
2354,0.0
2355,0.0
2356,0.0
2357,0.0
2358,3.6363636363636362
2359,3.6363636363636362
2360,3.6363636363636362
2361,3.6363636363636362
2362,3.6363636363636362
2363,3.6363636363636362
2364,3.6363636363636362
2365,3.6363636363636362
2366,3.6363636363636362
2367,3.6363636363636362
2368,3.6363636363636362
2369,3.6363636363636362
2370,0.0
2371,0.0
2372,0.0
2373,0.0
2374,0.0
2375,0.0
2376,0.0
2377,0.0
2378,0.0
2379,0.0
2380,0.0
2381,0.0
2382,3.6363636363636362
2383,3.6363636363636362
2384,3.6363636363636362
2385,3.6363636363636362
2386,3.6363636363636362
2387,3.6363636363636362
2388,3.6363636363636362
2389,3.6363636363636362
2390,3.6363636363636362
2391,3.6363636363636362
2392,3.6363636363636362
2393,3.6363636363636362
2394,0.0
2395,0.0
2396,0.0
2397,0.0
2398,0.0
2399,0.0
2400,0.0
2401,0.0
2402,0.0
2403,0.0
2404,0.0
2405,0.0
2406,3.6363636363636362
2407,3.6363636363636362
2408,3.6363636363636362
2409,3.6363636363636362
2410,3.6363636363636362
2411,3.6363636363636362
2412,3.6363636363636362
2413,3.6363636363636362
2414,3.6363636363636362
2415,3.6363636363636362
2416,3.6363636363636362
2417,3.6363636363636362
2418,0.0
2419,0.0
2420,0.0
2421,0.0
2422,0.0
2423,0.0
2424,0.0
2425,0.0
2426,0.0
2427,0.0
2428,0.0
2429,0.0
2430,3.6363636363636362
2431,3.6363636363636362
2432,3.6363636363636362
2433,3.6363636363636362
2434,3.6363636363636362
2435,3.6363636363636362
2436,3.6363636363636362
2437,3.6363636363636362
2438,3.6363636363636362
2439,3.6363636363636362
2440,3.6363636363636362
2441,3.6363636363636362
2442,0.0
2443,0.0
2444,0.0
2445,0.0
2446,0.0
2447,0.0
2448,0.0
2449,0.0
2450,0.0
2451,0.0
2452,0.0
2453,0.0
2454,3.6363636363636362
2455,3.6363636363636362
2456,3.6363636363636362
2457,3.6363636363636362
2458,3.6363636363636362
2459,3.6363636363636362
2460,3.6363636363636362
2461,3.6363636363636362
2462,3.6363636363636362
2463,3.6363636363636362
2464,3.6363636363636362
2465,3.6363636363636362
2466,0.0
2467,0.0
2468,0.0
2469,0.0
2470,0.0
2471,0.0
2472,0.0
2473,0.0
2474,0.0
2475,0.0
2476,0.0
2477,0.0
2478,3.6363636363636362
2479,3.6363636363636362
2480,3.6363636363636362
2481,3.6363636363636362
2482,3.6363636363636362
2483,3.6363636363636362
2484,3.6363636363636362
2485,3.6363636363636362
2486,3.6363636363636362
2487,3.6363636363636362
2488,3.6363636363636362
2489,3.6363636363636362
2490,0.0
2491,0.0
2492,0.0
2493,0.0
2494,0.0
2495,0.0
2496,0.0
2497,0.0
2498,0.0
2499,0.0
2500,0.0
2501,0.0
2502,3.6363636363636362
2503,3.6363636363636362
2504,3.6363636363636362
2505,3.6363636363636362
2506,3.6363636363636362
2507,3.6363636363636362
2508,3.6363636363636362
2509,3.6363636363636362
2510,3.6363636363636362
2511,3.6363636363636362
2512,3.6363636363636362
2513,3.6363636363636362
2514,0.0
2515,0.0
2516,0.0
2517,0.0
2518,0.0
2519,0.0
2520,0.0
2521,0.0
2522,0.0
2523,0.0
2524,0.0
2525,0.0
2526,3.6363636363636362
2527,3.6363636363636362
2528,3.6363636363636362
2529,3.6363636363636362
2530,3.6363636363636362
2531,3.6363636363636362
2532,3.6363636363636362
2533,3.6363636363636362
2534,3.6363636363636362
2535,3.6363636363636362
2536,3.6363636363636362
2537,3.6363636363636362
2538,0.0
2539,0.0
2540,0.0
2541,0.0
2542,0.0
2543,0.0
2544,0.0
2545,0.0
2546,0.0
2547,0.0
2548,0.0
2549,0.0
2550,3.6363636363636362
2551,3.6363636363636362
2552,3.6363636363636362
2553,3.6363636363636362
2554,3.6363636363636362
2555,3.6363636363636362
2556,3.6363636363636362
2557,3.6363636363636362
2558,3.6363636363636362
2559,3.6363636363636362
2560,3.6363636363636362
2561,3.6363636363636362
2562,0.0
2563,0.0
2564,0.0
2565,0.0
2566,0.0
2567,0.0
2568,0.0
2569,0.0
2570,0.0
2571,0.0
2572,0.0
2573,0.0
2574,3.6363636363636362
2575,3.6363636363636362
2576,3.6363636363636362
2577,3.6363636363636362
2578,3.6363636363636362
2579,3.6363636363636362
2580,3.6363636363636362
2581,3.6363636363636362
2582,3.6363636363636362
2583,3.6363636363636362
2584,3.6363636363636362
2585,3.6363636363636362
2586,0.0
2587,0.0
2588,0.0
2589,0.0
2590,0.0
2591,0.0
2592,0.0
2593,0.0
2594,0.0
2595,0.0
2596,0.0
2597,0.0
2598,3.6363636363636362
2599,3.6363636363636362
2600,3.6363636363636362
2601,3.6363636363636362
2602,3.6363636363636362
2603,3.6363636363636362
2604,3.6363636363636362
2605,3.6363636363636362
2606,3.6363636363636362
2607,3.6363636363636362
2608,3.6363636363636362
2609,3.6363636363636362
2610,0.0
2611,0.0
2612,0.0
2613,0.0
2614,0.0
2615,0.0
2616,0.0
2617,0.0
2618,0.0
2619,0.0
2620,0.0
2621,0.0
2622,3.6363636363636362
2623,3.6363636363636362
2624,3.6363636363636362
2625,3.6363636363636362
2626,3.6363636363636362
2627,3.6363636363636362
2628,3.6363636363636362
2629,3.6363636363636362
2630,3.6363636363636362
2631,3.6363636363636362
2632,3.6363636363636362
2633,3.6363636363636362
2634,0.0
2635,0.0
2636,0.0
2637,0.0
2638,0.0
2639,0.0
2640,0.0
2641,0.0
2642,0.0
2643,0.0
2644,0.0
2645,0.0
2646,3.6363636363636362
2647,3.6363636363636362
2648,3.6363636363636362
2649,3.6363636363636362
2650,3.6363636363636362
2651,3.6363636363636362
2652,3.6363636363636362
2653,3.6363636363636362
2654,3.6363636363636362
2655,3.6363636363636362
2656,3.6363636363636362
2657,3.6363636363636362
2658,0.0
2659,0.0
2660,0.0
2661,0.0
2662,0.0
2663,0.0
2664,0.0
2665,0.0
2666,0.0
2667,0.0
2668,0.0
2669,0.0
2670,3.6363636363636362
2671,3.6363636363636362
2672,3.6363636363636362
2673,3.6363636363636362
2674,3.6363636363636362
2675,3.6363636363636362
2676,3.6363636363636362
2677,3.6363636363636362
2678,3.6363636363636362
2679,3.6363636363636362
2680,3.6363636363636362
2681,3.6363636363636362
2682,0.0
2683,0.0
2684,0.0
2685,0.0
2686,0.0
2687,0.0
2688,0.0
2689,0.0
2690,0.0
2691,0.0
2692,0.0
2693,0.0
2694,3.6363636363636362
2695,3.6363636363636362
2696,3.6363636363636362
2697,3.6363636363636362
2698,3.6363636363636362
2699,3.6363636363636362
2700,3.6363636363636362
2701,3.6363636363636362
2702,3.6363636363636362
2703,3.6363636363636362
2704,3.6363636363636362
2705,3.6363636363636362
2706,0.0
2707,0.0
2708,0.0
2709,0.0
2710,0.0
2711,0.0
2712,0.0
2713,0.0
2714,0.0
2715,0.0
2716,0.0
2717,0.0
2718,3.6363636363636362
2719,3.6363636363636362
2720,3.6363636363636362
2721,3.6363636363636362
2722,3.6363636363636362
2723,3.6363636363636362
2724,3.6363636363636362
2725,3.6363636363636362
2726,3.6363636363636362
2727,3.6363636363636362
2728,3.6363636363636362
2729,3.6363636363636362
2730,0.0
2731,0.0
2732,0.0
2733,0.0
2734,0.0
2735,0.0
2736,0.0
2737,0.0
2738,0.0
2739,0.0
2740,0.0
2741,0.0
2742,3.6363636363636362
2743,3.6363636363636362
2744,3.6363636363636362
2745,3.6363636363636362
2746,3.6363636363636362
2747,3.6363636363636362
2748,3.6363636363636362
2749,3.6363636363636362
2750,3.6363636363636362
2751,3.6363636363636362
2752,3.6363636363636362
2753,3.6363636363636362
2754,0.0
2755,0.0
2756,0.0
2757,0.0
2758,0.0
2759,0.0
2760,0.0
2761,0.0
2762,0.0
2763,0.0
2764,0.0
2765,0.0
2766,3.6363636363636362
2767,3.6363636363636362
2768,3.6363636363636362
2769,3.6363636363636362
2770,3.6363636363636362
2771,3.6363636363636362
2772,3.6363636363636362
2773,3.6363636363636362
2774,3.6363636363636362
2775,3.6363636363636362
2776,3.6363636363636362
2777,3.6363636363636362
2778,0.0
2779,0.0
2780,0.0
2781,0.0
2782,0.0
2783,0.0
2784,0.0
2785,0.0
2786,0.0
2787,0.0
2788,0.0
2789,0.0
2790,3.6363636363636362
2791,3.6363636363636362
2792,3.6363636363636362
2793,3.6363636363636362
2794,3.6363636363636362
2795,3.6363636363636362
2796,3.6363636363636362
2797,3.6363636363636362
2798,3.6363636363636362
2799,3.6363636363636362
2800,3.6363636363636362
2801,3.6363636363636362
2802,0.0
2803,0.0
2804,0.0
2805,0.0
2806,0.0
2807,0.0
2808,0.0
2809,0.0
2810,0.0
2811,0.0
2812,0.0
2813,0.0
2814,3.6363636363636362
2815,3.6363636363636362
2816,3.6363636363636362
2817,3.6363636363636362
2818,3.6363636363636362
2819,3.6363636363636362
2820,3.6363636363636362
2821,3.6363636363636362
2822,3.6363636363636362
2823,3.6363636363636362
2824,3.6363636363636362
2825,3.6363636363636362
2826,0.0
2827,0.0
2828,0.0
2829,0.0
2830,0.0
2831,0.0
2832,0.0
2833,0.0
2834,0.0
2835,0.0
2836,0.0
2837,0.0
2838,3.6363636363636362
2839,3.6363636363636362
2840,3.6363636363636362
2841,3.6363636363636362
2842,3.6363636363636362
2843,3.6363636363636362
2844,3.6363636363636362
2845,3.6363636363636362
2846,3.6363636363636362
2847,3.6363636363636362
2848,3.6363636363636362
2849,3.6363636363636362
2850,0.0
2851,0.0
2852,0.0
2853,0.0
2854,0.0
2855,0.0
2856,0.0
2857,0.0
2858,0.0
2859,0.0
2860,0.0
2861,0.0
2862,3.6363636363636362
2863,3.6363636363636362
2864,3.6363636363636362
2865,3.6363636363636362
2866,3.6363636363636362
2867,3.6363636363636362
2868,3.6363636363636362
2869,3.6363636363636362
2870,3.6363636363636362
2871,3.6363636363636362
2872,3.6363636363636362
2873,3.6363636363636362
2874,0.0
2875,0.0
2876,0.0
2877,0.0
2878,0.0
2879,0.0
2880,0.0
2881,0.0
2882,0.0
2883,0.0
2884,0.0
2885,0.0
2886,3.6363636363636362
2887,3.6363636363636362
2888,3.6363636363636362
2889,3.6363636363636362
2890,3.6363636363636362
2891,3.6363636363636362
2892,3.6363636363636362
2893,3.6363636363636362
2894,3.6363636363636362
2895,3.6363636363636362
2896,3.6363636363636362
2897,3.6363636363636362
2898,0.0
2899,0.0
2900,0.0
2901,0.0
2902,0.0
2903,0.0
2904,0.0
2905,0.0
2906,0.0
2907,0.0
2908,0.0
2909,0.0
2910,3.6363636363636362
2911,3.6363636363636362
2912,3.6363636363636362
2913,3.6363636363636362
2914,3.6363636363636362
2915,3.6363636363636362
2916,3.6363636363636362
2917,3.6363636363636362
2918,3.6363636363636362
2919,3.6363636363636362
2920,3.6363636363636362
2921,3.6363636363636362
2922,0.0
2923,0.0
2924,0.0
2925,0.0
2926,0.0
2927,0.0
2928,0.0
2929,0.0
2930,0.0
2931,0.0
2932,0.0
2933,0.0
2934,3.6363636363636362
2935,3.6363636363636362
2936,3.6363636363636362
2937,3.6363636363636362
2938,3.6363636363636362
2939,3.6363636363636362
2940,3.6363636363636362
2941,3.6363636363636362
2942,3.6363636363636362
2943,3.6363636363636362
2944,3.6363636363636362
2945,3.6363636363636362
2946,0.0
2947,0.0
2948,0.0
2949,0.0
2950,0.0
2951,0.0
2952,0.0
2953,0.0
2954,0.0
2955,0.0
2956,0.0
2957,0.0
2958,3.6363636363636362
2959,3.6363636363636362
2960,3.6363636363636362
2961,3.6363636363636362
2962,3.6363636363636362
2963,3.6363636363636362
2964,3.6363636363636362
2965,3.6363636363636362
2966,3.6363636363636362
2967,3.6363636363636362
2968,3.6363636363636362
2969,3.6363636363636362
2970,0.0
2971,0.0
2972,0.0
2973,0.0
2974,0.0
2975,0.0
2976,0.0
2977,0.0
2978,0.0
2979,0.0
2980,0.0
2981,0.0
2982,3.6363636363636362
2983,3.6363636363636362
2984,3.6363636363636362
2985,3.6363636363636362
2986,3.6363636363636362
2987,3.6363636363636362
2988,3.6363636363636362
2989,3.6363636363636362
2990,3.6363636363636362
2991,3.6363636363636362
2992,3.6363636363636362
2993,3.6363636363636362
2994,0.0
2995,0.0
2996,0.0
2997,0.0
2998,0.0
2999,0.0
3000,0.0
3001,0.0
3002,0.0
3003,0.0
3004,0.0
3005,0.0
3006,3.6363636363636362
3007,3.6363636363636362
3008,3.6363636363636362
3009,3.6363636363636362
3010,3.6363636363636362
3011,3.6363636363636362
3012,3.6363636363636362
3013,3.6363636363636362
3014,3.6363636363636362
3015,3.6363636363636362
3016,3.6363636363636362
3017,3.6363636363636362
3018,0.0
3019,0.0
3020,0.0
3021,0.0
3022,0.0
3023,0.0
3024,0.0
3025,0.0
3026,0.0
3027,0.0
3028,0.0
3029,0.0
3030,3.6363636363636362
3031,3.6363636363636362
3032,3.6363636363636362
3033,3.6363636363636362
3034,3.6363636363636362
3035,3.6363636363636362
3036,3.6363636363636362
3037,3.6363636363636362
3038,3.6363636363636362
3039,3.6363636363636362
3040,3.6363636363636362
3041,3.6363636363636362
3042,0.0
3043,0.0
3044,0.0
3045,0.0
3046,0.0
3047,0.0
3048,0.0
3049,0.0
3050,0.0
3051,0.0
3052,0.0
3053,0.0
3054,3.6363636363636362
3055,3.6363636363636362
3056,3.6363636363636362
3057,3.6363636363636362
3058,3.6363636363636362
3059,3.6363636363636362
3060,3.6363636363636362
3061,3.6363636363636362
3062,3.6363636363636362
3063,3.6363636363636362
3064,3.6363636363636362
3065,3.6363636363636362
3066,0.0
3067,0.0
3068,0.0
3069,0.0
3070,0.0
3071,0.0
3072,0.0
3073,0.0
3074,0.0
3075,0.0
3076,0.0
3077,0.0
3078,3.6363636363636362
3079,3.6363636363636362
3080,3.6363636363636362
3081,3.6363636363636362
3082,3.6363636363636362
3083,3.6363636363636362
3084,3.6363636363636362
3085,3.6363636363636362
3086,3.6363636363636362
3087,3.6363636363636362
3088,3.6363636363636362
3089,3.6363636363636362
3090,0.0
3091,0.0
3092,0.0
3093,0.0
3094,0.0
3095,0.0
3096,0.0
3097,0.0
3098,0.0
3099,0.0
3100,0.0
3101,0.0
3102,3.6363636363636362
3103,3.6363636363636362
3104,3.6363636363636362
3105,3.6363636363636362
3106,3.6363636363636362
3107,3.6363636363636362
3108,3.6363636363636362
3109,3.6363636363636362
3110,3.6363636363636362
3111,3.6363636363636362
3112,3.6363636363636362
3113,3.6363636363636362
3114,0.0
3115,0.0
3116,0.0
3117,0.0
3118,0.0
3119,0.0
3120,0.0
3121,0.0
3122,0.0
3123,0.0
3124,0.0
3125,0.0
3126,3.6363636363636362
3127,3.6363636363636362
3128,3.6363636363636362
3129,3.6363636363636362
3130,3.6363636363636362
3131,3.6363636363636362
3132,3.6363636363636362
3133,3.6363636363636362
3134,3.6363636363636362
3135,3.6363636363636362
3136,3.6363636363636362
3137,3.6363636363636362
3138,0.0
3139,0.0
3140,0.0
3141,0.0
3142,0.0
3143,0.0
3144,0.0
3145,0.0
3146,0.0
3147,0.0
3148,0.0
3149,0.0
3150,3.6363636363636362
3151,3.6363636363636362
3152,3.6363636363636362
3153,3.6363636363636362
3154,3.6363636363636362
3155,3.6363636363636362
3156,3.6363636363636362
3157,3.6363636363636362
3158,3.6363636363636362
3159,3.6363636363636362
3160,3.6363636363636362
3161,3.6363636363636362
3162,0.0
3163,0.0
3164,0.0
3165,0.0
3166,0.0
3167,0.0
3168,0.0
3169,0.0
3170,0.0
3171,0.0
3172,0.0
3173,0.0
3174,3.6363636363636362
3175,3.6363636363636362
3176,3.6363636363636362
3177,3.6363636363636362
3178,3.6363636363636362
3179,3.6363636363636362
3180,3.6363636363636362
3181,3.6363636363636362
3182,3.6363636363636362
3183,3.6363636363636362
3184,3.6363636363636362
3185,3.6363636363636362
3186,0.0
3187,0.0
3188,0.0
3189,0.0
3190,0.0
3191,0.0
3192,0.0
3193,0.0
3194,0.0
3195,0.0
3196,0.0
3197,0.0
3198,3.6363636363636362
3199,3.6363636363636362
3200,3.6363636363636362
3201,3.6363636363636362
3202,3.6363636363636362
3203,3.6363636363636362
3204,3.6363636363636362
3205,3.6363636363636362
3206,3.6363636363636362
3207,3.6363636363636362
3208,3.6363636363636362
3209,3.6363636363636362
3210,0.0
3211,0.0
3212,0.0
3213,0.0
3214,0.0
3215,0.0
3216,0.0
3217,0.0
3218,0.0
3219,0.0
3220,0.0
3221,0.0
3222,3.6363636363636362
3223,3.6363636363636362
3224,3.6363636363636362
3225,3.6363636363636362
3226,3.6363636363636362
3227,3.6363636363636362
3228,3.6363636363636362
3229,3.6363636363636362
3230,3.6363636363636362
3231,3.6363636363636362
3232,3.6363636363636362
3233,3.6363636363636362
3234,0.0
3235,0.0
3236,0.0
3237,0.0
3238,0.0
3239,0.0
3240,0.0
3241,0.0
3242,0.0
3243,0.0
3244,0.0
3245,0.0
3246,3.6363636363636362
3247,3.6363636363636362
3248,3.6363636363636362
3249,3.6363636363636362
3250,3.6363636363636362
3251,3.6363636363636362
3252,3.6363636363636362
3253,3.6363636363636362
3254,3.6363636363636362
3255,3.6363636363636362
3256,3.6363636363636362
3257,3.6363636363636362
3258,0.0
3259,0.0
3260,0.0
3261,0.0
3262,0.0
3263,0.0
3264,0.0
3265,0.0
3266,0.0
3267,0.0
3268,0.0
3269,0.0
3270,3.6363636363636362
3271,3.6363636363636362
3272,3.6363636363636362
3273,3.6363636363636362
3274,3.6363636363636362
3275,3.6363636363636362
3276,3.6363636363636362
3277,3.6363636363636362
3278,3.6363636363636362
3279,3.6363636363636362
3280,3.6363636363636362
3281,3.6363636363636362
3282,0.0
3283,0.0
3284,0.0
3285,0.0
3286,0.0
3287,0.0
3288,0.0
3289,0.0
3290,0.0
3291,0.0
3292,0.0
3293,0.0
3294,3.6363636363636362
3295,3.6363636363636362
3296,3.6363636363636362
3297,3.6363636363636362
3298,3.6363636363636362
3299,3.6363636363636362
3300,3.6363636363636362
3301,3.6363636363636362
3302,3.6363636363636362
3303,3.6363636363636362
3304,3.6363636363636362
3305,3.6363636363636362
3306,0.0
3307,0.0
3308,0.0
3309,0.0
3310,0.0
3311,0.0
3312,0.0
3313,0.0
3314,0.0
3315,0.0
3316,0.0
3317,0.0
3318,3.6363636363636362
3319,3.6363636363636362
3320,3.6363636363636362
3321,3.6363636363636362
3322,3.6363636363636362
3323,3.6363636363636362
3324,3.6363636363636362
3325,3.6363636363636362
3326,3.6363636363636362
3327,3.6363636363636362
3328,3.6363636363636362
3329,3.6363636363636362
3330,0.0
3331,0.0
3332,0.0
3333,0.0
3334,0.0
3335,0.0
3336,0.0
3337,0.0
3338,0.0
3339,0.0
3340,0.0
3341,0.0
3342,3.6363636363636362
3343,3.6363636363636362
3344,3.6363636363636362
3345,3.6363636363636362
3346,3.6363636363636362
3347,3.6363636363636362
3348,3.6363636363636362
3349,3.6363636363636362
3350,3.6363636363636362
3351,3.6363636363636362
3352,3.6363636363636362
3353,3.6363636363636362
3354,0.0
3355,0.0
3356,0.0
3357,0.0
3358,0.0
3359,0.0
3360,0.0
3361,0.0
3362,0.0
3363,0.0
3364,0.0
3365,0.0
3366,3.6363636363636362
3367,3.6363636363636362
3368,3.6363636363636362
3369,3.6363636363636362
3370,3.6363636363636362
3371,3.6363636363636362
3372,3.6363636363636362
3373,3.6363636363636362
3374,3.6363636363636362
3375,3.6363636363636362
3376,3.6363636363636362
3377,3.6363636363636362
3378,0.0
3379,0.0
3380,0.0
3381,0.0
3382,0.0
3383,0.0
3384,0.0
3385,0.0
3386,0.0
3387,0.0
3388,0.0
3389,0.0
3390,3.6363636363636362
3391,3.6363636363636362
3392,3.6363636363636362
3393,3.6363636363636362
3394,3.6363636363636362
3395,3.6363636363636362
3396,3.6363636363636362
3397,3.6363636363636362
3398,3.6363636363636362
3399,3.6363636363636362
3400,3.6363636363636362
3401,3.6363636363636362
3402,0.0
3403,0.0
3404,0.0
3405,0.0
3406,0.0
3407,0.0
3408,0.0
3409,0.0
3410,0.0
3411,0.0
3412,0.0
3413,0.0
3414,3.6363636363636362
3415,3.6363636363636362
3416,3.6363636363636362
3417,3.6363636363636362
3418,3.6363636363636362
3419,3.6363636363636362
3420,3.6363636363636362
3421,3.6363636363636362
3422,3.6363636363636362
3423,3.6363636363636362
3424,3.6363636363636362
3425,3.6363636363636362
3426,0.0
3427,0.0
3428,0.0
3429,0.0
3430,0.0
3431,0.0
3432,0.0
3433,0.0
3434,0.0
3435,0.0
3436,0.0
3437,0.0
3438,3.6363636363636362
3439,3.6363636363636362
3440,3.6363636363636362
3441,3.6363636363636362
3442,3.6363636363636362
3443,3.6363636363636362
3444,3.6363636363636362
3445,3.6363636363636362
3446,3.6363636363636362
3447,3.6363636363636362
3448,3.6363636363636362
3449,3.6363636363636362
3450,0.0
3451,0.0
3452,0.0
3453,0.0
3454,0.0
3455,0.0
3456,0.0
3457,0.0
3458,0.0
3459,0.0
3460,0.0
3461,0.0
3462,3.6363636363636362
3463,3.6363636363636362
3464,3.6363636363636362
3465,3.6363636363636362
3466,3.6363636363636362
3467,3.6363636363636362
3468,3.6363636363636362
3469,3.6363636363636362
3470,3.6363636363636362
3471,3.6363636363636362
3472,3.6363636363636362
3473,3.6363636363636362
3474,0.0
3475,0.0
3476,0.0
3477,0.0
3478,0.0
3479,0.0
3480,0.0
3481,0.0
3482,0.0
3483,0.0
3484,0.0
3485,0.0
3486,3.6363636363636362
3487,3.6363636363636362
3488,3.6363636363636362
3489,3.6363636363636362
3490,3.6363636363636362
3491,3.6363636363636362
3492,3.6363636363636362
3493,3.6363636363636362
3494,3.6363636363636362
3495,3.6363636363636362
3496,3.6363636363636362
3497,3.6363636363636362
3498,0.0
3499,0.0
3500,0.0
3501,0.0
3502,0.0
3503,0.0
3504,0.0
3505,0.0
3506,0.0
3507,0.0
3508,0.0
3509,0.0
3510,3.6363636363636362
3511,3.6363636363636362
3512,3.6363636363636362
3513,3.6363636363636362
3514,3.6363636363636362
3515,3.6363636363636362
3516,3.6363636363636362
3517,3.6363636363636362
3518,3.6363636363636362
3519,3.6363636363636362
3520,3.6363636363636362
3521,3.6363636363636362
3522,0.0
3523,0.0
3524,0.0
3525,0.0
3526,0.0
3527,0.0
3528,0.0
3529,0.0
3530,0.0
3531,0.0
3532,0.0
3533,0.0
3534,3.6363636363636362
3535,3.6363636363636362
3536,3.6363636363636362
3537,3.6363636363636362
3538,3.6363636363636362
3539,3.6363636363636362
3540,3.6363636363636362
3541,3.6363636363636362
3542,3.6363636363636362
3543,3.6363636363636362
3544,3.6363636363636362
3545,3.6363636363636362
3546,0.0
3547,0.0
3548,0.0
3549,0.0
3550,0.0
3551,0.0
3552,0.0
3553,0.0
3554,0.0
3555,0.0
3556,0.0
3557,0.0
3558,3.6363636363636362
3559,3.6363636363636362
3560,3.6363636363636362
3561,3.6363636363636362
3562,3.6363636363636362
3563,3.6363636363636362
3564,3.6363636363636362
3565,3.6363636363636362
3566,3.6363636363636362
3567,3.6363636363636362
3568,3.6363636363636362
3569,3.6363636363636362
3570,0.0
3571,0.0
3572,0.0
3573,0.0
3574,0.0
3575,0.0
3576,0.0
3577,0.0
3578,0.0
3579,0.0
3580,0.0
3581,0.0
3582,3.6363636363636362
3583,3.6363636363636362
3584,3.6363636363636362
3585,3.6363636363636362
3586,3.6363636363636362
3587,3.6363636363636362
3588,3.6363636363636362
3589,3.6363636363636362
3590,3.6363636363636362
3591,3.6363636363636362
3592,3.6363636363636362
3593,3.6363636363636362
3594,0.0
3595,0.0
3596,0.0
3597,0.0
3598,0.0
3599,0.0
3600,0.0
3601,0.0
3602,0.0
3603,0.0
3604,0.0
3605,0.0
3606,3.6363636363636362
3607,3.6363636363636362
3608,3.6363636363636362
3609,3.6363636363636362
3610,3.6363636363636362
3611,3.6363636363636362
3612,3.6363636363636362
3613,3.6363636363636362
3614,3.6363636363636362
3615,3.6363636363636362
3616,3.6363636363636362
3617,3.6363636363636362
3618,0.0
3619,0.0
3620,0.0
3621,0.0
3622,0.0
3623,0.0
3624,0.0
3625,0.0
3626,0.0
3627,0.0
3628,0.0
3629,0.0
3630,3.6363636363636362
3631,3.6363636363636362
3632,3.6363636363636362
3633,3.6363636363636362
3634,3.6363636363636362
3635,3.6363636363636362
3636,3.6363636363636362
3637,3.6363636363636362
3638,3.6363636363636362
3639,3.6363636363636362
3640,3.6363636363636362
3641,3.6363636363636362
3642,0.0
3643,0.0
3644,0.0
3645,0.0
3646,0.0
3647,0.0
3648,0.0
3649,0.0
3650,0.0
3651,0.0
3652,0.0
3653,0.0
3654,3.6363636363636362
3655,3.6363636363636362
3656,3.6363636363636362
3657,3.6363636363636362
3658,3.6363636363636362
3659,3.6363636363636362
3660,3.6363636363636362
3661,3.6363636363636362
3662,3.6363636363636362
3663,3.6363636363636362
3664,3.6363636363636362
3665,3.6363636363636362
3666,0.0
3667,0.0
3668,0.0
3669,0.0
3670,0.0
3671,0.0
3672,0.0
3673,0.0
3674,0.0
3675,0.0
3676,0.0
3677,0.0
3678,3.6363636363636362
3679,3.6363636363636362
3680,3.6363636363636362
3681,3.6363636363636362
3682,3.6363636363636362
3683,3.6363636363636362
3684,3.6363636363636362
3685,3.6363636363636362
3686,3.6363636363636362
3687,3.6363636363636362
3688,3.6363636363636362
3689,3.6363636363636362
3690,0.0
3691,0.0
3692,0.0
3693,0.0
3694,0.0
3695,0.0
3696,0.0
3697,0.0
3698,0.0
3699,0.0
3700,0.0
3701,0.0
3702,3.6363636363636362
3703,3.6363636363636362
3704,3.6363636363636362
3705,3.6363636363636362
3706,3.6363636363636362
3707,3.6363636363636362
3708,3.6363636363636362
3709,3.6363636363636362
3710,3.6363636363636362
3711,3.6363636363636362
3712,3.6363636363636362
3713,3.6363636363636362
3714,0.0
3715,0.0
3716,0.0
3717,0.0
3718,0.0
3719,0.0
3720,0.0
3721,0.0
3722,0.0
3723,0.0
3724,0.0
3725,0.0
3726,3.6363636363636362
3727,3.6363636363636362
3728,3.6363636363636362
3729,3.6363636363636362
3730,3.6363636363636362
3731,3.6363636363636362
3732,3.6363636363636362
3733,3.6363636363636362
3734,3.6363636363636362
3735,3.6363636363636362
3736,3.6363636363636362
3737,3.6363636363636362
3738,0.0
3739,0.0
3740,0.0
3741,0.0
3742,0.0
3743,0.0
3744,0.0
3745,0.0
3746,0.0
3747,0.0
3748,0.0
3749,0.0
3750,3.6363636363636362
3751,3.6363636363636362
3752,3.6363636363636362
3753,3.6363636363636362
3754,3.6363636363636362
3755,3.6363636363636362
3756,3.6363636363636362
3757,3.6363636363636362
3758,3.6363636363636362
3759,3.6363636363636362
3760,3.6363636363636362
3761,3.6363636363636362
3762,0.0
3763,0.0
3764,0.0
3765,0.0
3766,0.0
3767,0.0
3768,0.0
3769,0.0
3770,0.0
3771,0.0
3772,0.0
3773,0.0
3774,3.6363636363636362
3775,3.6363636363636362
3776,3.6363636363636362
3777,3.6363636363636362
3778,3.6363636363636362
3779,3.6363636363636362
3780,3.6363636363636362
3781,3.6363636363636362
3782,3.6363636363636362
3783,3.6363636363636362
3784,3.6363636363636362
3785,3.6363636363636362
3786,0.0
3787,0.0
3788,0.0
3789,0.0
3790,0.0
3791,0.0
3792,0.0
3793,0.0
3794,0.0
3795,0.0
3796,0.0
3797,0.0
3798,3.6363636363636362
3799,3.6363636363636362
3800,3.6363636363636362
3801,3.6363636363636362
3802,3.6363636363636362
3803,3.6363636363636362
3804,3.6363636363636362
3805,3.6363636363636362
3806,3.6363636363636362
3807,3.6363636363636362
3808,3.6363636363636362
3809,3.6363636363636362
3810,0.0
3811,0.0
3812,0.0
3813,0.0
3814,0.0
3815,0.0
3816,0.0
3817,0.0
3818,0.0
3819,0.0
3820,0.0
3821,0.0
3822,3.6363636363636362
3823,3.6363636363636362
3824,3.6363636363636362
3825,3.6363636363636362
3826,3.6363636363636362
3827,3.6363636363636362
3828,3.6363636363636362
3829,3.6363636363636362
3830,3.6363636363636362
3831,3.6363636363636362
3832,3.6363636363636362
3833,3.6363636363636362
3834,0.0
3835,0.0
3836,0.0
3837,0.0
3838,0.0
3839,0.0
3840,0.0
3841,0.0
3842,0.0
3843,0.0
3844,0.0
3845,0.0
3846,3.6363636363636362
3847,3.6363636363636362
3848,3.6363636363636362
3849,3.6363636363636362
3850,3.6363636363636362
3851,3.6363636363636362
3852,3.6363636363636362
3853,3.6363636363636362
3854,3.6363636363636362
3855,3.6363636363636362
3856,3.6363636363636362
3857,3.6363636363636362
3858,0.0
3859,0.0
3860,0.0
3861,0.0
3862,0.0
3863,0.0
3864,0.0
3865,0.0
3866,0.0
3867,0.0
3868,0.0
3869,0.0
3870,3.6363636363636362
3871,3.6363636363636362
3872,3.6363636363636362
3873,3.6363636363636362
3874,3.6363636363636362
3875,3.6363636363636362
3876,3.6363636363636362
3877,3.6363636363636362
3878,3.6363636363636362
3879,3.6363636363636362
3880,3.6363636363636362
3881,3.6363636363636362
3882,0.0
3883,0.0
3884,0.0
3885,0.0
3886,0.0
3887,0.0
3888,0.0
3889,0.0
3890,0.0
3891,0.0
3892,0.0
3893,0.0
3894,3.6363636363636362
3895,3.6363636363636362
3896,3.6363636363636362
3897,3.6363636363636362
3898,3.6363636363636362
3899,3.6363636363636362
3900,3.6363636363636362
3901,3.6363636363636362
3902,3.6363636363636362
3903,3.6363636363636362
3904,3.6363636363636362
3905,3.6363636363636362
3906,0.0
3907,0.0
3908,0.0
3909,0.0
3910,0.0
3911,0.0
3912,0.0
3913,0.0
3914,0.0
3915,0.0
3916,0.0
3917,0.0
3918,3.6363636363636362
3919,3.6363636363636362
3920,3.6363636363636362
3921,3.6363636363636362
3922,3.6363636363636362
3923,3.6363636363636362
3924,3.6363636363636362
3925,3.6363636363636362
3926,3.6363636363636362
3927,3.6363636363636362
3928,3.6363636363636362
3929,3.6363636363636362
3930,0.0
3931,0.0
3932,0.0
3933,0.0
3934,0.0
3935,0.0
3936,0.0
3937,0.0
3938,0.0
3939,0.0
3940,0.0
3941,0.0
3942,3.6363636363636362
3943,3.6363636363636362
3944,3.6363636363636362
3945,3.6363636363636362
3946,3.6363636363636362
3947,3.6363636363636362
3948,3.6363636363636362
3949,3.6363636363636362
3950,3.6363636363636362
3951,3.6363636363636362
3952,3.6363636363636362
3953,3.6363636363636362
3954,0.0
3955,0.0
3956,0.0
3957,0.0
3958,0.0
3959,0.0
3960,0.0
3961,0.0
3962,0.0
3963,0.0
3964,0.0
3965,0.0
3966,3.6363636363636362
3967,3.6363636363636362
3968,3.6363636363636362
3969,3.6363636363636362
3970,3.6363636363636362
3971,3.6363636363636362
3972,3.6363636363636362
3973,3.6363636363636362
3974,3.6363636363636362
3975,3.6363636363636362
3976,3.6363636363636362
3977,3.6363636363636362
3978,0.0
3979,0.0
3980,0.0
3981,0.0
3982,0.0
3983,0.0
3984,0.0
3985,0.0
3986,0.0
3987,0.0
3988,0.0
3989,0.0
3990,3.6363636363636362
3991,3.6363636363636362
3992,3.6363636363636362
3993,3.6363636363636362
3994,3.6363636363636362
3995,3.6363636363636362
3996,3.6363636363636362
3997,3.6363636363636362
3998,3.6363636363636362
3999,3.6363636363636362
4000,3.6363636363636362
4001,3.6363636363636362
4002,0.0
4003,0.0
4004,0.0
4005,0.0
4006,0.0
4007,0.0
4008,0.0
4009,0.0
4010,0.0
4011,0.0
4012,0.0
4013,0.0
4014,3.6363636363636362
4015,3.6363636363636362
4016,3.6363636363636362
4017,3.6363636363636362
4018,3.6363636363636362
4019,3.6363636363636362
4020,3.6363636363636362
4021,3.6363636363636362
4022,3.6363636363636362
4023,3.6363636363636362
4024,3.6363636363636362
4025,3.6363636363636362
4026,0.0
4027,0.0
4028,0.0
4029,0.0
4030,0.0
4031,0.0
4032,0.0
4033,0.0
4034,0.0
4035,0.0
4036,0.0
4037,0.0
4038,3.6363636363636362
4039,3.6363636363636362
4040,3.6363636363636362
4041,3.6363636363636362
4042,3.6363636363636362
4043,3.6363636363636362
4044,3.6363636363636362
4045,3.6363636363636362
4046,3.6363636363636362
4047,3.6363636363636362
4048,3.6363636363636362
4049,3.6363636363636362
4050,0.0
4051,0.0
4052,0.0
4053,0.0
4054,0.0
4055,0.0
4056,0.0
4057,0.0
4058,0.0
4059,0.0
4060,0.0
4061,0.0
4062,3.6363636363636362
4063,3.6363636363636362
4064,3.6363636363636362
4065,3.6363636363636362
4066,3.6363636363636362
4067,3.6363636363636362
4068,3.6363636363636362
4069,3.6363636363636362
4070,3.6363636363636362
4071,3.6363636363636362
4072,3.6363636363636362
4073,3.6363636363636362
4074,0.0
4075,0.0
4076,0.0
4077,0.0
4078,0.0
4079,0.0
4080,0.0
4081,0.0
4082,0.0
4083,0.0
4084,0.0
4085,0.0
4086,3.6363636363636362
4087,3.6363636363636362
4088,3.6363636363636362
4089,3.6363636363636362
4090,3.6363636363636362
4091,3.6363636363636362
4092,3.6363636363636362
4093,3.6363636363636362
4094,3.6363636363636362
4095,3.6363636363636362
4096,3.6363636363636362
4097,3.6363636363636362
4098,0.0
4099,0.0
4100,0.0
4101,0.0
4102,0.0
4103,0.0
4104,0.0
4105,0.0
4106,0.0
4107,0.0
4108,0.0
4109,0.0
4110,3.6363636363636362
4111,3.6363636363636362
4112,3.6363636363636362
4113,3.6363636363636362
4114,3.6363636363636362
4115,3.6363636363636362
4116,3.6363636363636362
4117,3.6363636363636362
4118,3.6363636363636362
4119,3.6363636363636362
4120,3.6363636363636362
4121,3.6363636363636362
4122,0.0
4123,0.0
4124,0.0
4125,0.0
4126,0.0
4127,0.0
4128,0.0
4129,0.0
4130,0.0
4131,0.0
4132,0.0
4133,0.0
4134,3.6363636363636362
4135,3.6363636363636362
4136,3.6363636363636362
4137,3.6363636363636362
4138,3.6363636363636362
4139,3.6363636363636362
4140,3.6363636363636362
4141,3.6363636363636362
4142,3.6363636363636362
4143,3.6363636363636362
4144,3.6363636363636362
4145,3.6363636363636362
4146,0.0
4147,0.0
4148,0.0
4149,0.0
4150,0.0
4151,0.0
4152,0.0
4153,0.0
4154,0.0
4155,0.0
4156,0.0
4157,0.0
4158,3.6363636363636362
4159,3.6363636363636362
4160,3.6363636363636362
4161,3.6363636363636362
4162,3.6363636363636362
4163,3.6363636363636362
4164,3.6363636363636362
4165,3.6363636363636362
4166,3.6363636363636362
4167,3.6363636363636362
4168,3.6363636363636362
4169,3.6363636363636362
4170,0.0
4171,0.0
4172,0.0
4173,0.0
4174,0.0
4175,0.0
4176,0.0
4177,0.0
4178,0.0
4179,0.0
4180,0.0
4181,0.0
4182,3.6363636363636362
4183,3.6363636363636362
4184,3.6363636363636362
4185,3.6363636363636362
4186,3.6363636363636362
4187,3.6363636363636362
4188,3.6363636363636362
4189,3.6363636363636362
4190,3.6363636363636362
4191,3.6363636363636362
4192,3.6363636363636362
4193,3.6363636363636362
4194,0.0
4195,0.0
4196,0.0
4197,0.0
4198,0.0
4199,0.0
4200,0.0
4201,0.0
4202,0.0
4203,0.0
4204,0.0
4205,0.0
4206,3.6363636363636362
4207,3.6363636363636362
4208,3.6363636363636362
4209,3.6363636363636362
4210,3.6363636363636362
4211,3.6363636363636362
4212,3.6363636363636362
4213,3.6363636363636362
4214,3.6363636363636362
4215,3.6363636363636362
4216,3.6363636363636362
4217,3.6363636363636362
4218,0.0
4219,0.0
4220,0.0
4221,0.0
4222,0.0
4223,0.0
4224,0.0
4225,0.0
4226,0.0
4227,0.0
4228,0.0
4229,0.0
4230,3.6363636363636362
4231,3.6363636363636362
4232,3.6363636363636362
4233,3.6363636363636362
4234,3.6363636363636362
4235,3.6363636363636362
4236,3.6363636363636362
4237,3.6363636363636362
4238,3.6363636363636362
4239,3.6363636363636362
4240,3.6363636363636362
4241,3.6363636363636362
4242,0.0
4243,0.0
4244,0.0
4245,0.0
4246,0.0
4247,0.0
4248,0.0
4249,0.0
4250,0.0
4251,0.0
4252,0.0
4253,0.0
4254,3.6363636363636362
4255,3.6363636363636362
4256,3.6363636363636362
4257,3.6363636363636362
4258,3.6363636363636362
4259,3.6363636363636362
4260,3.6363636363636362
4261,3.6363636363636362
4262,3.6363636363636362
4263,3.6363636363636362
4264,3.6363636363636362
4265,3.6363636363636362
4266,0.0
4267,0.0
4268,0.0
4269,0.0
4270,0.0
4271,0.0
4272,0.0
4273,0.0
4274,0.0
4275,0.0
4276,0.0
4277,0.0
4278,3.6363636363636362
4279,3.6363636363636362
4280,3.6363636363636362
4281,3.6363636363636362
4282,3.6363636363636362
4283,3.6363636363636362
4284,3.6363636363636362
4285,3.6363636363636362
4286,3.6363636363636362
4287,3.6363636363636362
4288,3.6363636363636362
4289,3.6363636363636362
4290,0.0
4291,0.0
4292,0.0
4293,0.0
4294,0.0
4295,0.0
4296,0.0
4297,0.0
4298,0.0
4299,0.0
4300,0.0
4301,0.0
4302,3.6363636363636362
4303,3.6363636363636362
4304,3.6363636363636362
4305,3.6363636363636362
4306,3.6363636363636362
4307,3.6363636363636362
4308,3.6363636363636362
4309,3.6363636363636362
4310,3.6363636363636362
4311,3.6363636363636362
4312,3.6363636363636362
4313,3.6363636363636362
4314,0.0
4315,0.0
4316,0.0
4317,0.0
4318,0.0
4319,0.0
4320,0.0
4321,0.0
4322,0.0
4323,0.0
4324,0.0
4325,0.0
4326,3.6363636363636362
4327,3.6363636363636362
4328,3.6363636363636362
4329,3.6363636363636362
4330,3.6363636363636362
4331,3.6363636363636362
4332,3.6363636363636362
4333,3.6363636363636362
4334,3.6363636363636362
4335,3.6363636363636362
4336,3.6363636363636362
4337,3.6363636363636362
4338,0.0
4339,0.0
4340,0.0
4341,0.0
4342,0.0
4343,0.0
4344,0.0
4345,0.0
4346,0.0
4347,0.0
4348,0.0
4349,0.0
4350,3.6363636363636362
4351,3.6363636363636362
4352,3.6363636363636362
4353,3.6363636363636362
4354,3.6363636363636362
4355,3.6363636363636362
4356,3.6363636363636362
4357,3.6363636363636362
4358,3.6363636363636362
4359,3.6363636363636362
4360,3.6363636363636362
4361,3.6363636363636362
4362,0.0
4363,0.0
4364,0.0
4365,0.0
4366,0.0
4367,0.0
4368,0.0
4369,0.0
4370,0.0
4371,0.0
4372,0.0
4373,0.0
4374,3.6363636363636362
4375,3.6363636363636362
4376,3.6363636363636362
4377,3.6363636363636362
4378,3.6363636363636362
4379,3.6363636363636362
4380,3.6363636363636362
4381,3.6363636363636362
4382,3.6363636363636362
4383,3.6363636363636362
4384,3.6363636363636362
4385,3.6363636363636362
4386,0.0
4387,0.0
4388,0.0
4389,0.0
4390,0.0
4391,0.0
4392,0.0
4393,0.0
4394,0.0
4395,0.0
4396,0.0
4397,0.0
4398,3.6363636363636362
4399,3.6363636363636362
4400,3.6363636363636362
4401,3.6363636363636362
4402,3.6363636363636362
4403,3.6363636363636362
4404,3.6363636363636362
4405,3.6363636363636362
4406,3.6363636363636362
4407,3.6363636363636362
4408,3.6363636363636362
4409,3.6363636363636362
4410,0.0
4411,0.0
4412,0.0
4413,0.0
4414,0.0
4415,0.0
4416,0.0
4417,0.0
4418,0.0
4419,0.0
4420,0.0
4421,0.0
4422,3.6363636363636362
4423,3.6363636363636362
4424,3.6363636363636362
4425,3.6363636363636362
4426,3.6363636363636362
4427,3.6363636363636362
4428,3.6363636363636362
4429,3.6363636363636362
4430,3.6363636363636362
4431,3.6363636363636362
4432,3.6363636363636362
4433,3.6363636363636362
4434,0.0
4435,0.0
4436,0.0
4437,0.0
4438,0.0
4439,0.0
4440,0.0
4441,0.0
4442,0.0
4443,0.0
4444,0.0
4445,0.0
4446,3.6363636363636362
4447,3.6363636363636362
4448,3.6363636363636362
4449,3.6363636363636362
4450,3.6363636363636362
4451,3.6363636363636362
4452,3.6363636363636362
4453,3.6363636363636362
4454,3.6363636363636362
4455,3.6363636363636362
4456,3.6363636363636362
4457,3.6363636363636362
4458,0.0
4459,0.0
4460,0.0
4461,0.0
4462,0.0
4463,0.0
4464,0.0
4465,0.0
4466,0.0
4467,0.0
4468,0.0
4469,0.0
4470,3.6363636363636362
4471,3.6363636363636362
4472,3.6363636363636362
4473,3.6363636363636362
4474,3.6363636363636362
4475,3.6363636363636362
4476,3.6363636363636362
4477,3.6363636363636362
4478,3.6363636363636362
4479,3.6363636363636362
4480,3.6363636363636362
4481,3.6363636363636362
4482,0.0
4483,0.0
4484,0.0
4485,0.0
4486,0.0
4487,0.0
4488,0.0
4489,0.0
4490,0.0
4491,0.0
4492,0.0
4493,0.0
4494,3.6363636363636362
4495,3.6363636363636362
4496,3.6363636363636362
4497,3.6363636363636362
4498,3.6363636363636362
4499,3.6363636363636362
4500,3.6363636363636362
4501,3.6363636363636362
4502,3.6363636363636362
4503,3.6363636363636362
4504,3.6363636363636362
4505,3.6363636363636362
4506,0.0
4507,0.0
4508,0.0
4509,0.0
4510,0.0
4511,0.0
4512,0.0
4513,0.0
4514,0.0
4515,0.0
4516,0.0
4517,0.0
4518,3.6363636363636362
4519,3.6363636363636362
4520,3.6363636363636362
4521,3.6363636363636362
4522,3.6363636363636362
4523,3.6363636363636362
4524,3.6363636363636362
4525,3.6363636363636362
4526,3.6363636363636362
4527,3.6363636363636362
4528,3.6363636363636362
4529,3.6363636363636362
4530,0.0
4531,0.0
4532,0.0
4533,0.0
4534,0.0
4535,0.0
4536,0.0
4537,0.0
4538,0.0
4539,0.0
4540,0.0
4541,0.0
4542,3.6363636363636362
4543,3.6363636363636362
4544,3.6363636363636362
4545,3.6363636363636362
4546,3.6363636363636362
4547,3.6363636363636362
4548,3.6363636363636362
4549,3.6363636363636362
4550,3.6363636363636362
4551,3.6363636363636362
4552,3.6363636363636362
4553,3.6363636363636362
4554,0.0
4555,0.0
4556,0.0
4557,0.0
4558,0.0
4559,0.0
4560,0.0
4561,0.0
4562,0.0
4563,0.0
4564,0.0
4565,0.0
4566,3.6363636363636362
4567,3.6363636363636362
4568,3.6363636363636362
4569,3.6363636363636362
4570,3.6363636363636362
4571,3.6363636363636362
4572,3.6363636363636362
4573,3.6363636363636362
4574,3.6363636363636362
4575,3.6363636363636362
4576,3.6363636363636362
4577,3.6363636363636362
4578,0.0
4579,0.0
4580,0.0
4581,0.0
4582,0.0
4583,0.0
4584,0.0
4585,0.0
4586,0.0
4587,0.0
4588,0.0
4589,0.0
4590,3.6363636363636362
4591,3.6363636363636362
4592,3.6363636363636362
4593,3.6363636363636362
4594,3.6363636363636362
4595,3.6363636363636362
4596,3.6363636363636362
4597,3.6363636363636362
4598,3.6363636363636362
4599,3.6363636363636362
4600,3.6363636363636362
4601,3.6363636363636362
4602,0.0
4603,0.0
4604,0.0
4605,0.0
4606,0.0
4607,0.0
4608,0.0
4609,0.0
4610,0.0
4611,0.0
4612,0.0
4613,0.0
4614,3.6363636363636362
4615,3.6363636363636362
4616,3.6363636363636362
4617,3.6363636363636362
4618,3.6363636363636362
4619,3.6363636363636362
4620,3.6363636363636362
4621,3.6363636363636362
4622,3.6363636363636362
4623,3.6363636363636362
4624,3.6363636363636362
4625,3.6363636363636362
4626,0.0
4627,0.0
4628,0.0
4629,0.0
4630,0.0
4631,0.0
4632,0.0
4633,0.0
4634,0.0
4635,0.0
4636,0.0
4637,0.0
4638,3.6363636363636362
4639,3.6363636363636362
4640,3.6363636363636362
4641,3.6363636363636362
4642,3.6363636363636362
4643,3.6363636363636362
4644,3.6363636363636362
4645,3.6363636363636362
4646,3.6363636363636362
4647,3.6363636363636362
4648,3.6363636363636362
4649,3.6363636363636362
4650,0.0
4651,0.0
4652,0.0
4653,0.0
4654,0.0
4655,0.0
4656,0.0
4657,0.0
4658,0.0
4659,0.0
4660,0.0
4661,0.0
4662,3.6363636363636362
4663,3.6363636363636362
4664,3.6363636363636362
4665,3.6363636363636362
4666,3.6363636363636362
4667,3.6363636363636362
4668,3.6363636363636362
4669,3.6363636363636362
4670,3.6363636363636362
4671,3.6363636363636362
4672,3.6363636363636362
4673,3.6363636363636362
4674,0.0
4675,0.0
4676,0.0
4677,0.0
4678,0.0
4679,0.0
4680,0.0
4681,0.0
4682,0.0
4683,0.0
4684,0.0
4685,0.0
4686,3.6363636363636362
4687,3.6363636363636362
4688,3.6363636363636362
4689,3.6363636363636362
4690,3.6363636363636362
4691,3.6363636363636362
4692,3.6363636363636362
4693,3.6363636363636362
4694,3.6363636363636362
4695,3.6363636363636362
4696,3.6363636363636362
4697,3.6363636363636362
4698,0.0
4699,0.0
4700,0.0
4701,0.0
4702,0.0
4703,0.0
4704,0.0
4705,0.0
4706,0.0
4707,0.0
4708,0.0
4709,0.0
4710,3.6363636363636362
4711,3.6363636363636362
4712,3.6363636363636362
4713,3.6363636363636362
4714,3.6363636363636362
4715,3.6363636363636362
4716,3.6363636363636362
4717,3.6363636363636362
4718,3.6363636363636362
4719,3.6363636363636362
4720,3.6363636363636362
4721,3.6363636363636362
4722,0.0
4723,0.0
4724,0.0
4725,0.0
4726,0.0
4727,0.0
4728,0.0
4729,0.0
4730,0.0
4731,0.0
4732,0.0
4733,0.0
4734,3.6363636363636362
4735,3.6363636363636362
4736,3.6363636363636362
4737,3.6363636363636362
4738,3.6363636363636362
4739,3.6363636363636362
4740,3.6363636363636362
4741,3.6363636363636362
4742,3.6363636363636362
4743,3.6363636363636362
4744,3.6363636363636362
4745,3.6363636363636362
4746,0.0
4747,0.0
4748,0.0
4749,0.0
4750,0.0
4751,0.0
4752,0.0
4753,0.0
4754,0.0
4755,0.0
4756,0.0
4757,0.0
4758,3.6363636363636362
4759,3.6363636363636362
4760,3.6363636363636362
4761,3.6363636363636362
4762,3.6363636363636362
4763,3.6363636363636362
4764,3.6363636363636362
4765,3.6363636363636362
4766,3.6363636363636362
4767,3.6363636363636362
4768,3.6363636363636362
4769,3.6363636363636362
4770,0.0
4771,0.0
4772,0.0
4773,0.0
4774,0.0
4775,0.0
4776,0.0
4777,0.0
4778,0.0
4779,0.0
4780,0.0
4781,0.0
4782,3.6363636363636362
4783,3.6363636363636362
4784,3.6363636363636362
4785,3.6363636363636362
4786,3.6363636363636362
4787,3.6363636363636362
4788,3.6363636363636362
4789,3.6363636363636362
4790,3.6363636363636362
4791,3.6363636363636362
4792,3.6363636363636362
4793,3.6363636363636362
4794,0.0
4795,0.0
4796,0.0
4797,0.0
4798,0.0
4799,0.0
4800,0.0
4801,0.0
4802,0.0
4803,0.0
4804,0.0
4805,0.0
4806,3.6363636363636362
4807,3.6363636363636362
4808,3.6363636363636362
4809,3.6363636363636362
4810,3.6363636363636362
4811,3.6363636363636362
4812,3.6363636363636362
4813,3.6363636363636362
4814,3.6363636363636362
4815,3.6363636363636362
4816,3.6363636363636362
4817,3.6363636363636362
4818,0.0
4819,0.0
4820,0.0
4821,0.0
4822,0.0
4823,0.0
4824,0.0
4825,0.0
4826,0.0
4827,0.0
4828,0.0
4829,0.0
4830,3.6363636363636362
4831,3.6363636363636362
4832,3.6363636363636362
4833,3.6363636363636362
4834,3.6363636363636362
4835,3.6363636363636362
4836,3.6363636363636362
4837,3.6363636363636362
4838,3.6363636363636362
4839,3.6363636363636362
4840,3.6363636363636362
4841,3.6363636363636362
4842,0.0
4843,0.0
4844,0.0
4845,0.0
4846,0.0
4847,0.0
4848,0.0
4849,0.0
4850,0.0
4851,0.0
4852,0.0
4853,0.0
4854,3.6363636363636362
4855,3.6363636363636362
4856,3.6363636363636362
4857,3.6363636363636362
4858,3.6363636363636362
4859,3.6363636363636362
4860,3.6363636363636362
4861,3.6363636363636362
4862,3.6363636363636362
4863,3.6363636363636362
4864,3.6363636363636362
4865,3.6363636363636362
4866,0.0
4867,0.0
4868,0.0
4869,0.0
4870,0.0
4871,0.0
4872,0.0
4873,0.0
4874,0.0
4875,0.0
4876,0.0
4877,0.0
4878,3.6363636363636362
4879,3.6363636363636362
4880,3.6363636363636362
4881,3.6363636363636362
4882,3.6363636363636362
4883,3.6363636363636362
4884,3.6363636363636362
4885,3.6363636363636362
4886,3.6363636363636362
4887,3.6363636363636362
4888,3.6363636363636362
4889,3.6363636363636362
4890,0.0
4891,0.0
4892,0.0
4893,0.0
4894,0.0
4895,0.0
4896,0.0
4897,0.0
4898,0.0
4899,0.0
4900,0.0
4901,0.0
4902,3.6363636363636362
4903,3.6363636363636362
4904,3.6363636363636362
4905,3.6363636363636362
4906,3.6363636363636362
4907,3.6363636363636362
4908,3.6363636363636362
4909,3.6363636363636362
4910,3.6363636363636362
4911,3.6363636363636362
4912,3.6363636363636362
4913,3.6363636363636362
4914,0.0
4915,0.0
4916,0.0
4917,0.0
4918,0.0
4919,0.0
4920,0.0
4921,0.0
4922,0.0
4923,0.0
4924,0.0
4925,0.0
4926,3.6363636363636362
4927,3.6363636363636362
4928,3.6363636363636362
4929,3.6363636363636362
4930,3.6363636363636362
4931,3.6363636363636362
4932,3.6363636363636362
4933,3.6363636363636362
4934,3.6363636363636362
4935,3.6363636363636362
4936,3.6363636363636362
4937,3.6363636363636362
4938,0.0
4939,0.0
4940,0.0
4941,0.0
4942,0.0
4943,0.0
4944,0.0
4945,0.0
4946,0.0
4947,0.0
4948,0.0
4949,0.0
4950,3.6363636363636362
4951,3.6363636363636362
4952,3.6363636363636362
4953,3.6363636363636362
4954,3.6363636363636362
4955,3.6363636363636362
4956,3.6363636363636362
4957,3.6363636363636362
4958,3.6363636363636362
4959,3.6363636363636362
4960,3.6363636363636362
4961,3.6363636363636362
4962,0.0
4963,0.0
4964,0.0
4965,0.0
4966,0.0
4967,0.0
4968,0.0
4969,0.0
4970,0.0
4971,0.0
4972,0.0
4973,0.0
4974,3.6363636363636362
4975,3.6363636363636362
4976,3.6363636363636362
4977,3.6363636363636362
4978,3.6363636363636362
4979,3.6363636363636362
4980,3.6363636363636362
4981,3.6363636363636362
4982,3.6363636363636362
4983,3.6363636363636362
4984,3.6363636363636362
4985,3.6363636363636362
4986,0.0
4987,0.0
4988,0.0
4989,0.0
4990,0.0
4991,0.0
4992,0.0
4993,0.0
4994,0.0
4995,0.0
4996,0.0
4997,0.0
4998,3.6363636363636362
4999,3.6363636363636362
5000,3.6363636363636362
5001,3.6363636363636362
5002,3.6363636363636362
5003,3.6363636363636362
5004,3.6363636363636362
5005,3.6363636363636362
5006,3.6363636363636362
5007,3.6363636363636362
5008,3.6363636363636362
5009,3.6363636363636362
5010,0.0
5011,0.0
5012,0.0
5013,0.0
5014,0.0
5015,0.0
5016,0.0
5017,0.0
5018,0.0
5019,0.0
5020,0.0
5021,0.0
5022,3.6363636363636362
5023,3.6363636363636362
5024,3.6363636363636362
5025,3.6363636363636362
5026,3.6363636363636362
5027,3.6363636363636362
5028,3.6363636363636362
5029,3.6363636363636362
5030,3.6363636363636362
5031,3.6363636363636362
5032,3.6363636363636362
5033,3.6363636363636362
5034,0.0
5035,0.0
5036,0.0
5037,0.0
5038,0.0
5039,0.0
5040,0.0
5041,0.0
5042,0.0
5043,0.0
5044,0.0
5045,0.0
5046,3.6363636363636362
5047,3.6363636363636362
5048,3.6363636363636362
5049,3.6363636363636362
5050,3.6363636363636362
5051,3.6363636363636362
5052,3.6363636363636362
5053,3.6363636363636362
5054,3.6363636363636362
5055,3.6363636363636362
5056,3.6363636363636362
5057,3.6363636363636362
5058,0.0
5059,0.0
5060,0.0
5061,0.0
5062,0.0
5063,0.0
5064,0.0
5065,0.0
5066,0.0
5067,0.0
5068,0.0
5069,0.0
5070,3.6363636363636362
5071,3.6363636363636362
5072,3.6363636363636362
5073,3.6363636363636362
5074,3.6363636363636362
5075,3.6363636363636362
5076,3.6363636363636362
5077,3.6363636363636362
5078,3.6363636363636362
5079,3.6363636363636362
5080,3.6363636363636362
5081,3.6363636363636362
5082,0.0
5083,0.0
5084,0.0
5085,0.0
5086,0.0
5087,0.0
5088,0.0
5089,0.0
5090,0.0
5091,0.0
5092,0.0
5093,0.0
5094,3.6363636363636362
5095,3.6363636363636362
5096,3.6363636363636362
5097,3.6363636363636362
5098,3.6363636363636362
5099,3.6363636363636362
5100,3.6363636363636362
5101,3.6363636363636362
5102,3.6363636363636362
5103,3.6363636363636362
5104,3.6363636363636362
5105,3.6363636363636362
5106,0.0
5107,0.0
5108,0.0
5109,0.0
5110,0.0
5111,0.0
5112,0.0
5113,0.0
5114,0.0
5115,0.0
5116,0.0
5117,0.0
5118,3.6363636363636362
5119,3.6363636363636362
5120,3.6363636363636362
5121,3.6363636363636362
5122,3.6363636363636362
5123,3.6363636363636362
5124,3.6363636363636362
5125,3.6363636363636362
5126,3.6363636363636362
5127,3.6363636363636362
5128,3.6363636363636362
5129,3.6363636363636362
5130,0.0
5131,0.0
5132,0.0
5133,0.0
5134,0.0
5135,0.0
5136,0.0
5137,0.0
5138,0.0
5139,0.0
5140,0.0
5141,0.0
5142,3.6363636363636362
5143,3.6363636363636362
5144,3.6363636363636362
5145,3.6363636363636362
5146,3.6363636363636362
5147,3.6363636363636362
5148,3.6363636363636362
5149,3.6363636363636362
5150,3.6363636363636362
5151,3.6363636363636362
5152,3.6363636363636362
5153,3.6363636363636362
5154,0.0
5155,0.0
5156,0.0
5157,0.0
5158,0.0
5159,0.0
5160,0.0
5161,0.0
5162,0.0
5163,0.0
5164,0.0
5165,0.0
5166,3.6363636363636362
5167,3.6363636363636362
5168,3.6363636363636362
5169,3.6363636363636362
5170,3.6363636363636362
5171,3.6363636363636362
5172,3.6363636363636362
5173,3.6363636363636362
5174,3.6363636363636362
5175,3.6363636363636362
5176,3.6363636363636362
5177,3.6363636363636362
5178,0.0
5179,0.0
5180,0.0
5181,0.0
5182,0.0
5183,0.0
5184,0.0
5185,0.0
5186,0.0
5187,0.0
5188,0.0
5189,0.0
5190,3.6363636363636362
5191,3.6363636363636362
5192,3.6363636363636362
5193,3.6363636363636362
5194,3.6363636363636362
5195,3.6363636363636362
5196,3.6363636363636362
5197,3.6363636363636362
5198,3.6363636363636362
5199,3.6363636363636362
5200,3.6363636363636362
5201,3.6363636363636362
5202,0.0
5203,0.0
5204,0.0
5205,0.0
5206,0.0
5207,0.0
5208,0.0
5209,0.0
5210,0.0
5211,0.0
5212,0.0
5213,0.0
5214,3.6363636363636362
5215,3.6363636363636362
5216,3.6363636363636362
5217,3.6363636363636362
5218,3.6363636363636362
5219,3.6363636363636362
5220,3.6363636363636362
5221,3.6363636363636362
5222,3.6363636363636362
5223,3.6363636363636362
5224,3.6363636363636362
5225,3.6363636363636362
5226,0.0
5227,0.0
5228,0.0
5229,0.0
5230,0.0
5231,0.0
5232,0.0
5233,0.0
5234,0.0
5235,0.0
5236,0.0
5237,0.0
5238,3.6363636363636362
5239,3.6363636363636362
5240,3.6363636363636362
5241,3.6363636363636362
5242,3.6363636363636362
5243,3.6363636363636362
5244,3.6363636363636362
5245,3.6363636363636362
5246,3.6363636363636362
5247,3.6363636363636362
5248,3.6363636363636362
5249,3.6363636363636362
5250,0.0
5251,0.0
5252,0.0
5253,0.0
5254,0.0
5255,0.0
5256,0.0
5257,0.0
5258,0.0
5259,0.0
5260,0.0
5261,0.0
5262,3.6363636363636362
5263,3.6363636363636362
5264,3.6363636363636362
5265,3.6363636363636362
5266,3.6363636363636362
5267,3.6363636363636362
5268,3.6363636363636362
5269,3.6363636363636362
5270,3.6363636363636362
5271,3.6363636363636362
5272,3.6363636363636362
5273,3.6363636363636362
5274,0.0
5275,0.0
5276,0.0
5277,0.0
5278,0.0
5279,0.0
5280,0.0
5281,0.0
5282,0.0
5283,0.0
5284,0.0
5285,0.0
5286,3.6363636363636362
5287,3.6363636363636362
5288,3.6363636363636362
5289,3.6363636363636362
5290,3.6363636363636362
5291,3.6363636363636362
5292,3.6363636363636362
5293,3.6363636363636362
5294,3.6363636363636362
5295,3.6363636363636362
5296,3.6363636363636362
5297,3.6363636363636362
5298,0.0
5299,0.0
5300,0.0
5301,0.0
5302,0.0
5303,0.0
5304,0.0
5305,0.0
5306,0.0
5307,0.0
5308,0.0
5309,0.0
5310,3.6363636363636362
5311,3.6363636363636362
5312,3.6363636363636362
5313,3.6363636363636362
5314,3.6363636363636362
5315,3.6363636363636362
5316,3.6363636363636362
5317,3.6363636363636362
5318,3.6363636363636362
5319,3.6363636363636362
5320,3.6363636363636362
5321,3.6363636363636362
5322,0.0
5323,0.0
5324,0.0
5325,0.0
5326,0.0
5327,0.0
5328,0.0
5329,0.0
5330,0.0
5331,0.0
5332,0.0
5333,0.0
5334,3.6363636363636362
5335,3.6363636363636362
5336,3.6363636363636362
5337,3.6363636363636362
5338,3.6363636363636362
5339,3.6363636363636362
5340,3.6363636363636362
5341,3.6363636363636362
5342,3.6363636363636362
5343,3.6363636363636362
5344,3.6363636363636362
5345,3.6363636363636362
5346,0.0
5347,0.0
5348,0.0
5349,0.0
5350,0.0
5351,0.0
5352,0.0
5353,0.0
5354,0.0
5355,0.0
5356,0.0
5357,0.0
5358,3.6363636363636362
5359,3.6363636363636362
5360,3.6363636363636362
5361,3.6363636363636362
5362,3.6363636363636362
5363,3.6363636363636362
5364,3.6363636363636362
5365,3.6363636363636362
5366,3.6363636363636362
5367,3.6363636363636362
5368,3.6363636363636362
5369,3.6363636363636362
5370,0.0
5371,0.0
5372,0.0
5373,0.0
5374,0.0
5375,0.0
5376,0.0
5377,0.0
5378,0.0
5379,0.0
5380,0.0
5381,0.0
5382,3.6363636363636362
5383,3.6363636363636362
5384,3.6363636363636362
5385,3.6363636363636362
5386,3.6363636363636362
5387,3.6363636363636362
5388,3.6363636363636362
5389,3.6363636363636362
5390,3.6363636363636362
5391,3.6363636363636362
5392,3.6363636363636362
5393,3.6363636363636362
5394,0.0
5395,0.0
5396,0.0
5397,0.0
5398,0.0
5399,0.0
5400,0.0
5401,0.0
5402,0.0
5403,0.0
5404,0.0
5405,0.0
5406,3.6363636363636362
5407,3.6363636363636362
5408,3.6363636363636362
5409,3.6363636363636362
5410,3.6363636363636362
5411,3.6363636363636362
5412,3.6363636363636362
5413,3.6363636363636362
5414,3.6363636363636362
5415,3.6363636363636362
5416,3.6363636363636362
5417,3.6363636363636362
5418,0.0
5419,0.0
5420,0.0
5421,0.0
5422,0.0
5423,0.0
5424,0.0
5425,0.0
5426,0.0
5427,0.0
5428,0.0
5429,0.0
5430,3.6363636363636362
5431,3.6363636363636362
5432,3.6363636363636362
5433,3.6363636363636362
5434,3.6363636363636362
5435,3.6363636363636362
5436,3.6363636363636362
5437,3.6363636363636362
5438,3.6363636363636362
5439,3.6363636363636362
5440,3.6363636363636362
5441,3.6363636363636362
5442,0.0
5443,0.0
5444,0.0
5445,0.0
5446,0.0
5447,0.0
5448,0.0
5449,0.0
5450,0.0
5451,0.0
5452,0.0
5453,0.0
5454,3.6363636363636362
5455,3.6363636363636362
5456,3.6363636363636362
5457,3.6363636363636362
5458,3.6363636363636362
5459,3.6363636363636362
5460,3.6363636363636362
5461,3.6363636363636362
5462,3.6363636363636362
5463,3.6363636363636362
5464,3.6363636363636362
5465,3.6363636363636362
5466,0.0
5467,0.0
5468,0.0
5469,0.0
5470,0.0
5471,0.0
5472,0.0
5473,0.0
5474,0.0
5475,0.0
5476,0.0
5477,0.0
5478,3.6363636363636362
5479,3.6363636363636362
5480,3.6363636363636362
5481,3.6363636363636362
5482,3.6363636363636362
5483,3.6363636363636362
5484,3.6363636363636362
5485,3.6363636363636362
5486,3.6363636363636362
5487,3.6363636363636362
5488,3.6363636363636362
5489,3.6363636363636362
5490,0.0
5491,0.0
5492,0.0
5493,0.0
5494,0.0
5495,0.0
5496,0.0
5497,0.0
5498,0.0
5499,0.0
5500,0.0
5501,0.0
5502,3.6363636363636362
5503,3.6363636363636362
5504,3.6363636363636362
5505,3.6363636363636362
5506,3.6363636363636362
5507,3.6363636363636362
5508,3.6363636363636362
5509,3.6363636363636362
5510,3.6363636363636362
5511,3.6363636363636362
5512,3.6363636363636362
5513,3.6363636363636362
5514,0.0
5515,0.0
5516,0.0
5517,0.0
5518,0.0
5519,0.0
5520,0.0
5521,0.0
5522,0.0
5523,0.0
5524,0.0
5525,0.0
5526,3.6363636363636362
5527,3.6363636363636362
5528,3.6363636363636362
5529,3.6363636363636362
5530,3.6363636363636362
5531,3.6363636363636362
5532,3.6363636363636362
5533,3.6363636363636362
5534,3.6363636363636362
5535,3.6363636363636362
5536,3.6363636363636362
5537,3.6363636363636362
5538,0.0
5539,0.0
5540,0.0
5541,0.0
5542,0.0
5543,0.0
5544,0.0
5545,0.0
5546,0.0
5547,0.0
5548,0.0
5549,0.0
5550,3.6363636363636362
5551,3.6363636363636362
5552,3.6363636363636362
5553,3.6363636363636362
5554,3.6363636363636362
5555,3.6363636363636362
5556,3.6363636363636362
5557,3.6363636363636362
5558,3.6363636363636362
5559,3.6363636363636362
5560,3.6363636363636362
5561,3.6363636363636362
5562,0.0
5563,0.0
5564,0.0
5565,0.0
5566,0.0
5567,0.0
5568,0.0
5569,0.0
5570,0.0
5571,0.0
5572,0.0
5573,0.0
5574,3.6363636363636362
5575,3.6363636363636362
5576,3.6363636363636362
5577,3.6363636363636362
5578,3.6363636363636362
5579,3.6363636363636362
5580,3.6363636363636362
5581,3.6363636363636362
5582,3.6363636363636362
5583,3.6363636363636362
5584,3.6363636363636362
5585,3.6363636363636362
5586,0.0
5587,0.0
5588,0.0
5589,0.0
5590,0.0
5591,0.0
5592,0.0
5593,0.0
5594,0.0
5595,0.0
5596,0.0
5597,0.0
5598,3.6363636363636362
5599,3.6363636363636362
5600,3.6363636363636362
5601,3.6363636363636362
5602,3.6363636363636362
5603,3.6363636363636362
5604,3.6363636363636362
5605,3.6363636363636362
5606,3.6363636363636362
5607,3.6363636363636362
5608,3.6363636363636362
5609,3.6363636363636362
5610,0.0
5611,0.0
5612,0.0
5613,0.0
5614,0.0
5615,0.0
5616,0.0
5617,0.0
5618,0.0
5619,0.0
5620,0.0
5621,0.0
5622,3.6363636363636362
5623,3.6363636363636362
5624,3.6363636363636362
5625,3.6363636363636362
5626,3.6363636363636362
5627,3.6363636363636362
5628,3.6363636363636362
5629,3.6363636363636362
5630,3.6363636363636362
5631,3.6363636363636362
5632,3.6363636363636362
5633,3.6363636363636362
5634,0.0
5635,0.0
5636,0.0
5637,0.0
5638,0.0
5639,0.0
5640,0.0
5641,0.0
5642,0.0
5643,0.0
5644,0.0
5645,0.0
5646,3.6363636363636362
5647,3.6363636363636362
5648,3.6363636363636362
5649,3.6363636363636362
5650,3.6363636363636362
5651,3.6363636363636362
5652,3.6363636363636362
5653,3.6363636363636362
5654,3.6363636363636362
5655,3.6363636363636362
5656,3.6363636363636362
5657,3.6363636363636362
5658,0.0
5659,0.0
5660,0.0
5661,0.0
5662,0.0
5663,0.0
5664,0.0
5665,0.0
5666,0.0
5667,0.0
5668,0.0
5669,0.0
5670,3.6363636363636362
5671,3.6363636363636362
5672,3.6363636363636362
5673,3.6363636363636362
5674,3.6363636363636362
5675,3.6363636363636362
5676,3.6363636363636362
5677,3.6363636363636362
5678,3.6363636363636362
5679,3.6363636363636362
5680,3.6363636363636362
5681,3.6363636363636362
5682,0.0
5683,0.0
5684,0.0
5685,0.0
5686,0.0
5687,0.0
5688,0.0
5689,0.0
5690,0.0
5691,0.0
5692,0.0
5693,0.0
5694,3.6363636363636362
5695,3.6363636363636362
5696,3.6363636363636362
5697,3.6363636363636362
5698,3.6363636363636362
5699,3.6363636363636362
5700,3.6363636363636362
5701,3.6363636363636362
5702,3.6363636363636362
5703,3.6363636363636362
5704,3.6363636363636362
5705,3.6363636363636362
5706,0.0
5707,0.0
5708,0.0
5709,0.0
5710,0.0
5711,0.0
5712,0.0
5713,0.0
5714,0.0
5715,0.0
5716,0.0
5717,0.0
5718,3.6363636363636362
5719,3.6363636363636362
5720,3.6363636363636362
5721,3.6363636363636362
5722,3.6363636363636362
5723,3.6363636363636362
5724,3.6363636363636362
5725,3.6363636363636362
5726,3.6363636363636362
5727,3.6363636363636362
5728,3.6363636363636362
5729,3.6363636363636362
5730,0.0
5731,0.0
5732,0.0
5733,0.0
5734,0.0
5735,0.0
5736,0.0
5737,0.0
5738,0.0
5739,0.0
5740,0.0
5741,0.0
5742,3.6363636363636362
5743,3.6363636363636362
5744,3.6363636363636362
5745,3.6363636363636362
5746,3.6363636363636362
5747,3.6363636363636362
5748,3.6363636363636362
5749,3.6363636363636362
5750,3.6363636363636362
5751,3.6363636363636362
5752,3.6363636363636362
5753,3.6363636363636362
5754,0.0
5755,0.0
5756,0.0
5757,0.0
5758,0.0
5759,0.0
5760,0.0
5761,0.0
5762,0.0
5763,0.0
5764,0.0
5765,0.0
5766,3.6363636363636362
5767,3.6363636363636362
5768,3.6363636363636362
5769,3.6363636363636362
5770,3.6363636363636362
5771,3.6363636363636362
5772,3.6363636363636362
5773,3.6363636363636362
5774,3.6363636363636362
5775,3.6363636363636362
5776,3.6363636363636362
5777,3.6363636363636362
5778,0.0
5779,0.0
5780,0.0
5781,0.0
5782,0.0
5783,0.0
5784,0.0
5785,0.0
5786,0.0
5787,0.0
5788,0.0
5789,0.0
5790,3.6363636363636362
5791,3.6363636363636362
5792,3.6363636363636362
5793,3.6363636363636362
5794,3.6363636363636362
5795,3.6363636363636362
5796,3.6363636363636362
5797,3.6363636363636362
5798,3.6363636363636362
5799,3.6363636363636362
5800,3.6363636363636362
5801,3.6363636363636362
5802,0.0
5803,0.0
5804,0.0
5805,0.0
5806,0.0
5807,0.0
5808,0.0
5809,0.0
5810,0.0
5811,0.0
5812,0.0
5813,0.0
5814,3.6363636363636362
5815,3.6363636363636362
5816,3.6363636363636362
5817,3.6363636363636362
5818,3.6363636363636362
5819,3.6363636363636362
5820,3.6363636363636362
5821,3.6363636363636362
5822,3.6363636363636362
5823,3.6363636363636362
5824,3.6363636363636362
5825,3.6363636363636362
5826,0.0
5827,0.0
5828,0.0
5829,0.0
5830,0.0
5831,0.0
5832,0.0
5833,0.0
5834,0.0
5835,0.0
5836,0.0
5837,0.0
5838,3.6363636363636362
5839,3.6363636363636362
5840,3.6363636363636362
5841,3.6363636363636362
5842,3.6363636363636362
5843,3.6363636363636362
5844,3.6363636363636362
5845,3.6363636363636362
5846,3.6363636363636362
5847,3.6363636363636362
5848,3.6363636363636362
5849,3.6363636363636362
5850,0.0
5851,0.0
5852,0.0
5853,0.0
5854,0.0
5855,0.0
5856,0.0
5857,0.0
5858,0.0
5859,0.0
5860,0.0
5861,0.0
5862,3.6363636363636362
5863,3.6363636363636362
5864,3.6363636363636362
5865,3.6363636363636362
5866,3.6363636363636362
5867,3.6363636363636362
5868,3.6363636363636362
5869,3.6363636363636362
5870,3.6363636363636362
5871,3.6363636363636362
5872,3.6363636363636362
5873,3.6363636363636362
5874,0.0
5875,0.0
5876,0.0
5877,0.0
5878,0.0
5879,0.0
5880,0.0
5881,0.0
5882,0.0
5883,0.0
5884,0.0
5885,0.0
5886,3.6363636363636362
5887,3.6363636363636362
5888,3.6363636363636362
5889,3.6363636363636362
5890,3.6363636363636362
5891,3.6363636363636362
5892,3.6363636363636362
5893,3.6363636363636362
5894,3.6363636363636362
5895,3.6363636363636362
5896,3.6363636363636362
5897,3.6363636363636362
5898,0.0
5899,0.0
5900,0.0
5901,0.0
5902,0.0
5903,0.0
5904,0.0
5905,0.0
5906,0.0
5907,0.0
5908,0.0
5909,0.0
5910,3.6363636363636362
5911,3.6363636363636362
5912,3.6363636363636362
5913,3.6363636363636362
5914,3.6363636363636362
5915,3.6363636363636362
5916,3.6363636363636362
5917,3.6363636363636362
5918,3.6363636363636362
5919,3.6363636363636362
5920,3.6363636363636362
5921,3.6363636363636362
5922,0.0
5923,0.0
5924,0.0
5925,0.0
5926,0.0
5927,0.0
5928,0.0
5929,0.0
5930,0.0
5931,0.0
5932,0.0
5933,0.0
5934,3.6363636363636362
5935,3.6363636363636362
5936,3.6363636363636362
5937,3.6363636363636362
5938,3.6363636363636362
5939,3.6363636363636362
5940,3.6363636363636362
5941,3.6363636363636362
5942,3.6363636363636362
5943,3.6363636363636362
5944,3.6363636363636362
5945,3.6363636363636362
5946,0.0
5947,0.0
5948,0.0
5949,0.0
5950,0.0
5951,0.0
5952,0.0
5953,0.0
5954,0.0
5955,0.0
5956,0.0
5957,0.0
5958,3.6363636363636362
5959,3.6363636363636362
5960,3.6363636363636362
5961,3.6363636363636362
5962,3.6363636363636362
5963,3.6363636363636362
5964,3.6363636363636362
5965,3.6363636363636362
5966,3.6363636363636362
5967,3.6363636363636362
5968,3.6363636363636362
5969,3.6363636363636362
5970,0.0
5971,0.0
5972,0.0
5973,0.0
5974,0.0
5975,0.0
5976,0.0
5977,0.0
5978,0.0
5979,0.0
5980,0.0
5981,0.0
5982,3.6363636363636362
5983,3.6363636363636362
5984,3.6363636363636362
5985,3.6363636363636362
5986,3.6363636363636362
5987,3.6363636363636362
5988,3.6363636363636362
5989,3.6363636363636362
5990,3.6363636363636362
5991,3.6363636363636362
5992,3.6363636363636362
5993,3.6363636363636362
5994,0.0
5995,0.0
5996,0.0
5997,0.0
5998,0.0
5999,0.0
6000,0.0
6001,0.0
6002,0.0
6003,0.0
6004,0.0
6005,0.0
6006,3.6363636363636362
6007,3.6363636363636362
6008,3.6363636363636362
6009,3.6363636363636362
6010,3.6363636363636362
6011,3.6363636363636362
6012,3.6363636363636362
6013,3.6363636363636362
6014,3.6363636363636362
6015,3.6363636363636362
6016,3.6363636363636362
6017,3.6363636363636362
6018,0.0
6019,0.0
6020,0.0
6021,0.0
6022,0.0
6023,0.0
6024,0.0
6025,0.0
6026,0.0
6027,0.0
6028,0.0
6029,0.0
6030,3.6363636363636362
6031,3.6363636363636362
6032,3.6363636363636362
6033,3.6363636363636362
6034,3.6363636363636362
6035,3.6363636363636362
6036,3.6363636363636362
6037,3.6363636363636362
6038,3.6363636363636362
6039,3.6363636363636362
6040,3.6363636363636362
6041,3.6363636363636362
6042,0.0
6043,0.0
6044,0.0
6045,0.0
6046,0.0
6047,0.0
6048,0.0
6049,0.0
6050,0.0
6051,0.0
6052,0.0
6053,0.0
6054,3.6363636363636362
6055,3.6363636363636362
6056,3.6363636363636362
6057,3.6363636363636362
6058,3.6363636363636362
6059,3.6363636363636362
6060,3.6363636363636362
6061,3.6363636363636362
6062,3.6363636363636362
6063,3.6363636363636362
6064,3.6363636363636362
6065,3.6363636363636362
6066,0.0
6067,0.0
6068,0.0
6069,0.0
6070,0.0
6071,0.0
6072,0.0
6073,0.0
6074,0.0
6075,0.0
6076,0.0
6077,0.0
6078,3.6363636363636362
6079,3.6363636363636362
6080,3.6363636363636362
6081,3.6363636363636362
6082,3.6363636363636362
6083,3.6363636363636362
6084,3.6363636363636362
6085,3.6363636363636362
6086,3.6363636363636362
6087,3.6363636363636362
6088,3.6363636363636362
6089,3.6363636363636362
6090,0.0
6091,0.0
6092,0.0
6093,0.0
6094,0.0
6095,0.0
6096,0.0
6097,0.0
6098,0.0
6099,0.0
6100,0.0
6101,0.0
6102,3.6363636363636362
6103,3.6363636363636362
6104,3.6363636363636362
6105,3.6363636363636362
6106,3.6363636363636362
6107,3.6363636363636362
6108,3.6363636363636362
6109,3.6363636363636362
6110,3.6363636363636362
6111,3.6363636363636362
6112,3.6363636363636362
6113,3.6363636363636362
6114,0.0
6115,0.0
6116,0.0
6117,0.0
6118,0.0
6119,0.0
6120,0.0
6121,0.0
6122,0.0
6123,0.0
6124,0.0
6125,0.0
6126,3.6363636363636362
6127,3.6363636363636362
6128,3.6363636363636362
6129,3.6363636363636362
6130,3.6363636363636362
6131,3.6363636363636362
6132,3.6363636363636362
6133,3.6363636363636362
6134,3.6363636363636362
6135,3.6363636363636362
6136,3.6363636363636362
6137,3.6363636363636362
6138,0.0
6139,0.0
6140,0.0
6141,0.0
6142,0.0
6143,0.0
6144,0.0
6145,0.0
6146,0.0
6147,0.0
6148,0.0
6149,0.0
6150,3.6363636363636362
6151,3.6363636363636362
6152,3.6363636363636362
6153,3.6363636363636362
6154,3.6363636363636362
6155,3.6363636363636362
6156,3.6363636363636362
6157,3.6363636363636362
6158,3.6363636363636362
6159,3.6363636363636362
6160,3.6363636363636362
6161,3.6363636363636362
6162,0.0
6163,0.0
6164,0.0
6165,0.0
6166,0.0
6167,0.0
6168,0.0
6169,0.0
6170,0.0
6171,0.0
6172,0.0
6173,0.0
6174,3.6363636363636362
6175,3.6363636363636362
6176,3.6363636363636362
6177,3.6363636363636362
6178,3.6363636363636362
6179,3.6363636363636362
6180,3.6363636363636362
6181,3.6363636363636362
6182,3.6363636363636362
6183,3.6363636363636362
6184,3.6363636363636362
6185,3.6363636363636362
6186,0.0
6187,0.0
6188,0.0
6189,0.0
6190,0.0
6191,0.0
6192,0.0
6193,0.0
6194,0.0
6195,0.0
6196,0.0
6197,0.0
6198,3.6363636363636362
6199,3.6363636363636362
6200,3.6363636363636362
6201,3.6363636363636362
6202,3.6363636363636362
6203,3.6363636363636362
6204,3.6363636363636362
6205,3.6363636363636362
6206,3.6363636363636362
6207,3.6363636363636362
6208,3.6363636363636362
6209,3.6363636363636362
6210,0.0
6211,0.0
6212,0.0
6213,0.0
6214,0.0
6215,0.0
6216,0.0
6217,0.0
6218,0.0
6219,0.0
6220,0.0
6221,0.0
6222,3.6363636363636362
6223,3.6363636363636362
6224,3.6363636363636362
6225,3.6363636363636362
6226,3.6363636363636362
6227,3.6363636363636362
6228,3.6363636363636362
6229,3.6363636363636362
6230,3.6363636363636362
6231,3.6363636363636362
6232,3.6363636363636362
6233,3.6363636363636362
6234,0.0
6235,0.0
6236,0.0
6237,0.0
6238,0.0
6239,0.0
6240,0.0
6241,0.0
6242,0.0
6243,0.0
6244,0.0
6245,0.0
6246,3.6363636363636362
6247,3.6363636363636362
6248,3.6363636363636362
6249,3.6363636363636362
6250,3.6363636363636362
6251,3.6363636363636362
6252,3.6363636363636362
6253,3.6363636363636362
6254,3.6363636363636362
6255,3.6363636363636362
6256,3.6363636363636362
6257,3.6363636363636362
6258,0.0
6259,0.0
6260,0.0
6261,0.0
6262,0.0
6263,0.0
6264,0.0
6265,0.0
6266,0.0
6267,0.0
6268,0.0
6269,0.0
6270,3.6363636363636362
6271,3.6363636363636362
6272,3.6363636363636362
6273,3.6363636363636362
6274,3.6363636363636362
6275,3.6363636363636362
6276,3.6363636363636362
6277,3.6363636363636362
6278,3.6363636363636362
6279,3.6363636363636362
6280,3.6363636363636362
6281,3.6363636363636362
6282,0.0
6283,0.0
6284,0.0
6285,0.0
6286,0.0
6287,0.0
6288,0.0
6289,0.0
6290,0.0
6291,0.0
6292,0.0
6293,0.0
6294,3.6363636363636362
6295,3.6363636363636362
6296,3.6363636363636362
6297,3.6363636363636362
6298,3.6363636363636362
6299,3.6363636363636362
6300,3.6363636363636362
6301,3.6363636363636362
6302,3.6363636363636362
6303,3.6363636363636362
6304,3.6363636363636362
6305,3.6363636363636362
6306,0.0
6307,0.0
6308,0.0
6309,0.0
6310,0.0
6311,0.0
6312,0.0
6313,0.0
6314,0.0
6315,0.0
6316,0.0
6317,0.0
6318,3.6363636363636362
6319,3.6363636363636362
6320,3.6363636363636362
6321,3.6363636363636362
6322,3.6363636363636362
6323,3.6363636363636362
6324,3.6363636363636362
6325,3.6363636363636362
6326,3.6363636363636362
6327,3.6363636363636362
6328,3.6363636363636362
6329,3.6363636363636362
6330,0.0
6331,0.0
6332,0.0
6333,0.0
6334,0.0
6335,0.0
6336,0.0
6337,0.0
6338,0.0
6339,0.0
6340,0.0
6341,0.0
6342,3.6363636363636362
6343,3.6363636363636362
6344,3.6363636363636362
6345,3.6363636363636362
6346,3.6363636363636362
6347,3.6363636363636362
6348,3.6363636363636362
6349,3.6363636363636362
6350,3.6363636363636362
6351,3.6363636363636362
6352,3.6363636363636362
6353,3.6363636363636362
6354,0.0
6355,0.0
6356,0.0
6357,0.0
6358,0.0
6359,0.0
6360,0.0
6361,0.0
6362,0.0
6363,0.0
6364,0.0
6365,0.0
6366,3.6363636363636362
6367,3.6363636363636362
6368,3.6363636363636362
6369,3.6363636363636362
6370,3.6363636363636362
6371,3.6363636363636362
6372,3.6363636363636362
6373,3.6363636363636362
6374,3.6363636363636362
6375,3.6363636363636362
6376,3.6363636363636362
6377,3.6363636363636362
6378,0.0
6379,0.0
6380,0.0
6381,0.0
6382,0.0
6383,0.0
6384,0.0
6385,0.0
6386,0.0
6387,0.0
6388,0.0
6389,0.0
6390,3.6363636363636362
6391,3.6363636363636362
6392,3.6363636363636362
6393,3.6363636363636362
6394,3.6363636363636362
6395,3.6363636363636362
6396,3.6363636363636362
6397,3.6363636363636362
6398,3.6363636363636362
6399,3.6363636363636362
6400,3.6363636363636362
6401,3.6363636363636362
6402,0.0
6403,0.0
6404,0.0
6405,0.0
6406,0.0
6407,0.0
6408,0.0
6409,0.0
6410,0.0
6411,0.0
6412,0.0
6413,0.0
6414,3.6363636363636362
6415,3.6363636363636362
6416,3.6363636363636362
6417,3.6363636363636362
6418,3.6363636363636362
6419,3.6363636363636362
6420,3.6363636363636362
6421,3.6363636363636362
6422,3.6363636363636362
6423,3.6363636363636362
6424,3.6363636363636362
6425,3.6363636363636362
6426,0.0
6427,0.0
6428,0.0
6429,0.0
6430,0.0
6431,0.0
6432,0.0
6433,0.0
6434,0.0
6435,0.0
6436,0.0
6437,0.0
6438,3.6363636363636362
6439,3.6363636363636362
6440,3.6363636363636362
6441,3.6363636363636362
6442,3.6363636363636362
6443,3.6363636363636362
6444,3.6363636363636362
6445,3.6363636363636362
6446,3.6363636363636362
6447,3.6363636363636362
6448,3.6363636363636362
6449,3.6363636363636362
6450,0.0
6451,0.0
6452,0.0
6453,0.0
6454,0.0
6455,0.0
6456,0.0
6457,0.0
6458,0.0
6459,0.0
6460,0.0
6461,0.0
6462,3.6363636363636362
6463,3.6363636363636362
6464,3.6363636363636362
6465,3.6363636363636362
6466,3.6363636363636362
6467,3.6363636363636362
6468,3.6363636363636362
6469,3.6363636363636362
6470,3.6363636363636362
6471,3.6363636363636362
6472,3.6363636363636362
6473,3.6363636363636362
6474,0.0
6475,0.0
6476,0.0
6477,0.0
6478,0.0
6479,0.0
6480,0.0
6481,0.0
6482,0.0
6483,0.0
6484,0.0
6485,0.0
6486,3.6363636363636362
6487,3.6363636363636362
6488,3.6363636363636362
6489,3.6363636363636362
6490,3.6363636363636362
6491,3.6363636363636362
6492,3.6363636363636362
6493,3.6363636363636362
6494,3.6363636363636362
6495,3.6363636363636362
6496,3.6363636363636362
6497,3.6363636363636362
6498,0.0
6499,0.0
6500,0.0
6501,0.0
6502,0.0
6503,0.0
6504,0.0
6505,0.0
6506,0.0
6507,0.0
6508,0.0
6509,0.0
6510,3.6363636363636362
6511,3.6363636363636362
6512,3.6363636363636362
6513,3.6363636363636362
6514,3.6363636363636362
6515,3.6363636363636362
6516,3.6363636363636362
6517,3.6363636363636362
6518,3.6363636363636362
6519,3.6363636363636362
6520,3.6363636363636362
6521,3.6363636363636362
6522,0.0
6523,0.0
6524,0.0
6525,0.0
6526,0.0
6527,0.0
6528,0.0
6529,0.0
6530,0.0
6531,0.0
6532,0.0
6533,0.0
6534,3.6363636363636362
6535,3.6363636363636362
6536,3.6363636363636362
6537,3.6363636363636362
6538,3.6363636363636362
6539,3.6363636363636362
6540,3.6363636363636362
6541,3.6363636363636362
6542,3.6363636363636362
6543,3.6363636363636362
6544,3.6363636363636362
6545,3.6363636363636362
6546,0.0
6547,0.0
6548,0.0
6549,0.0
6550,0.0
6551,0.0
6552,0.0
6553,0.0
6554,0.0
6555,0.0
6556,0.0
6557,0.0
6558,3.6363636363636362
6559,3.6363636363636362
6560,3.6363636363636362
6561,3.6363636363636362
6562,3.6363636363636362
6563,3.6363636363636362
6564,3.6363636363636362
6565,3.6363636363636362
6566,3.6363636363636362
6567,3.6363636363636362
6568,3.6363636363636362
6569,3.6363636363636362
6570,0.0
6571,0.0
6572,0.0
6573,0.0
6574,0.0
6575,0.0
6576,0.0
6577,0.0
6578,0.0
6579,0.0
6580,0.0
6581,0.0
6582,3.6363636363636362
6583,3.6363636363636362
6584,3.6363636363636362
6585,3.6363636363636362
6586,3.6363636363636362
6587,3.6363636363636362
6588,3.6363636363636362
6589,3.6363636363636362
6590,3.6363636363636362
6591,3.6363636363636362
6592,3.6363636363636362
6593,3.6363636363636362
6594,0.0
6595,0.0
6596,0.0
6597,0.0
6598,0.0
6599,0.0
6600,0.0
6601,0.0
6602,0.0
6603,0.0
6604,0.0
6605,0.0
6606,3.6363636363636362
6607,3.6363636363636362
6608,3.6363636363636362
6609,3.6363636363636362
6610,3.6363636363636362
6611,3.6363636363636362
6612,3.6363636363636362
6613,3.6363636363636362
6614,3.6363636363636362
6615,3.6363636363636362
6616,3.6363636363636362
6617,3.6363636363636362
6618,0.0
6619,0.0
6620,0.0
6621,0.0
6622,0.0
6623,0.0
6624,0.0
6625,0.0
6626,0.0
6627,0.0
6628,0.0
6629,0.0
6630,3.6363636363636362
6631,3.6363636363636362
6632,3.6363636363636362
6633,3.6363636363636362
6634,3.6363636363636362
6635,3.6363636363636362
6636,3.6363636363636362
6637,3.6363636363636362
6638,3.6363636363636362
6639,3.6363636363636362
6640,3.6363636363636362
6641,3.6363636363636362
6642,0.0
6643,0.0
6644,0.0
6645,0.0
6646,0.0
6647,0.0
6648,0.0
6649,0.0
6650,0.0
6651,0.0
6652,0.0
6653,0.0
6654,3.6363636363636362
6655,3.6363636363636362
6656,3.6363636363636362
6657,3.6363636363636362
6658,3.6363636363636362
6659,3.6363636363636362
6660,3.6363636363636362
6661,3.6363636363636362
6662,3.6363636363636362
6663,3.6363636363636362
6664,3.6363636363636362
6665,3.6363636363636362
6666,0.0
6667,0.0
6668,0.0
6669,0.0
6670,0.0
6671,0.0
6672,0.0
6673,0.0
6674,0.0
6675,0.0
6676,0.0
6677,0.0
6678,3.6363636363636362
6679,3.6363636363636362
6680,3.6363636363636362
6681,3.6363636363636362
6682,3.6363636363636362
6683,3.6363636363636362
6684,3.6363636363636362
6685,3.6363636363636362
6686,3.6363636363636362
6687,3.6363636363636362
6688,3.6363636363636362
6689,3.6363636363636362
6690,0.0
6691,0.0
6692,0.0
6693,0.0
6694,0.0
6695,0.0
6696,0.0
6697,0.0
6698,0.0
6699,0.0
6700,0.0
6701,0.0
6702,3.6363636363636362
6703,3.6363636363636362
6704,3.6363636363636362
6705,3.6363636363636362
6706,3.6363636363636362
6707,3.6363636363636362
6708,3.6363636363636362
6709,3.6363636363636362
6710,3.6363636363636362
6711,3.6363636363636362
6712,3.6363636363636362
6713,3.6363636363636362
6714,0.0
6715,0.0
6716,0.0
6717,0.0
6718,0.0
6719,0.0
6720,0.0
6721,0.0
6722,0.0
6723,0.0
6724,0.0
6725,0.0
6726,3.6363636363636362
6727,3.6363636363636362
6728,3.6363636363636362
6729,3.6363636363636362
6730,3.6363636363636362
6731,3.6363636363636362
6732,3.6363636363636362
6733,3.6363636363636362
6734,3.6363636363636362
6735,3.6363636363636362
6736,3.6363636363636362
6737,3.6363636363636362
6738,0.0
6739,0.0
6740,0.0
6741,0.0
6742,0.0
6743,0.0
6744,0.0
6745,0.0
6746,0.0
6747,0.0
6748,0.0
6749,0.0
6750,3.6363636363636362
6751,3.6363636363636362
6752,3.6363636363636362
6753,3.6363636363636362
6754,3.6363636363636362
6755,3.6363636363636362
6756,3.6363636363636362
6757,3.6363636363636362
6758,3.6363636363636362
6759,3.6363636363636362
6760,3.6363636363636362
6761,3.6363636363636362
6762,0.0
6763,0.0
6764,0.0
6765,0.0
6766,0.0
6767,0.0
6768,0.0
6769,0.0
6770,0.0
6771,0.0
6772,0.0
6773,0.0
6774,3.6363636363636362
6775,3.6363636363636362
6776,3.6363636363636362
6777,3.6363636363636362
6778,3.6363636363636362
6779,3.6363636363636362
6780,3.6363636363636362
6781,3.6363636363636362
6782,3.6363636363636362
6783,3.6363636363636362
6784,3.6363636363636362
6785,3.6363636363636362
6786,0.0
6787,0.0
6788,0.0
6789,0.0
6790,0.0
6791,0.0
6792,0.0
6793,0.0
6794,0.0
6795,0.0
6796,0.0
6797,0.0
6798,3.6363636363636362
6799,3.6363636363636362
6800,3.6363636363636362
6801,3.6363636363636362
6802,3.6363636363636362
6803,3.6363636363636362
6804,3.6363636363636362
6805,3.6363636363636362
6806,3.6363636363636362
6807,3.6363636363636362
6808,3.6363636363636362
6809,3.6363636363636362
6810,0.0
6811,0.0
6812,0.0
6813,0.0
6814,0.0
6815,0.0
6816,0.0
6817,0.0
6818,0.0
6819,0.0
6820,0.0
6821,0.0
6822,3.6363636363636362
6823,3.6363636363636362
6824,3.6363636363636362
6825,3.6363636363636362
6826,3.6363636363636362
6827,3.6363636363636362
6828,3.6363636363636362
6829,3.6363636363636362
6830,3.6363636363636362
6831,3.6363636363636362
6832,3.6363636363636362
6833,3.6363636363636362
6834,0.0
6835,0.0
6836,0.0
6837,0.0
6838,0.0
6839,0.0
6840,0.0
6841,0.0
6842,0.0
6843,0.0
6844,0.0
6845,0.0
6846,3.6363636363636362
6847,3.6363636363636362
6848,3.6363636363636362
6849,3.6363636363636362
6850,3.6363636363636362
6851,3.6363636363636362
6852,3.6363636363636362
6853,3.6363636363636362
6854,3.6363636363636362
6855,3.6363636363636362
6856,3.6363636363636362
6857,3.6363636363636362
6858,0.0
6859,0.0
6860,0.0
6861,0.0
6862,0.0
6863,0.0
6864,0.0
6865,0.0
6866,0.0
6867,0.0
6868,0.0
6869,0.0
6870,3.6363636363636362
6871,3.6363636363636362
6872,3.6363636363636362
6873,3.6363636363636362
6874,3.6363636363636362
6875,3.6363636363636362
6876,3.6363636363636362
6877,3.6363636363636362
6878,3.6363636363636362
6879,3.6363636363636362
6880,3.6363636363636362
6881,3.6363636363636362
6882,0.0
6883,0.0
6884,0.0
6885,0.0
6886,0.0
6887,0.0
6888,0.0
6889,0.0
6890,0.0
6891,0.0
6892,0.0
6893,0.0
6894,3.6363636363636362
6895,3.6363636363636362
6896,3.6363636363636362
6897,3.6363636363636362
6898,3.6363636363636362
6899,3.6363636363636362
6900,3.6363636363636362
6901,3.6363636363636362
6902,3.6363636363636362
6903,3.6363636363636362
6904,3.6363636363636362
6905,3.6363636363636362
6906,0.0
6907,0.0
6908,0.0
6909,0.0
6910,0.0
6911,0.0
6912,0.0
6913,0.0
6914,0.0
6915,0.0
6916,0.0
6917,0.0
6918,3.6363636363636362
6919,3.6363636363636362
6920,3.6363636363636362
6921,3.6363636363636362
6922,3.6363636363636362
6923,3.6363636363636362
6924,3.6363636363636362
6925,3.6363636363636362
6926,3.6363636363636362
6927,3.6363636363636362
6928,3.6363636363636362
6929,3.6363636363636362
6930,0.0
6931,0.0
6932,0.0
6933,0.0
6934,0.0
6935,0.0
6936,0.0
6937,0.0
6938,0.0
6939,0.0
6940,0.0
6941,0.0
6942,3.6363636363636362
6943,3.6363636363636362
6944,3.6363636363636362
6945,3.6363636363636362
6946,3.6363636363636362
6947,3.6363636363636362
6948,3.6363636363636362
6949,3.6363636363636362
6950,3.6363636363636362
6951,3.6363636363636362
6952,3.6363636363636362
6953,3.6363636363636362
6954,0.0
6955,0.0
6956,0.0
6957,0.0
6958,0.0
6959,0.0
6960,0.0
6961,0.0
6962,0.0
6963,0.0
6964,0.0
6965,0.0
6966,3.6363636363636362
6967,3.6363636363636362
6968,3.6363636363636362
6969,3.6363636363636362
6970,3.6363636363636362
6971,3.6363636363636362
6972,3.6363636363636362
6973,3.6363636363636362
6974,3.6363636363636362
6975,3.6363636363636362
6976,3.6363636363636362
6977,3.6363636363636362
6978,0.0
6979,0.0
6980,0.0
6981,0.0
6982,0.0
6983,0.0
6984,0.0
6985,0.0
6986,0.0
6987,0.0
6988,0.0
6989,0.0
6990,3.6363636363636362
6991,3.6363636363636362
6992,3.6363636363636362
6993,3.6363636363636362
6994,3.6363636363636362
6995,3.6363636363636362
6996,3.6363636363636362
6997,3.6363636363636362
6998,3.6363636363636362
6999,3.6363636363636362
7000,3.6363636363636362
7001,3.6363636363636362
7002,0.0
7003,0.0
7004,0.0
7005,0.0
7006,0.0
7007,0.0
7008,0.0
7009,0.0
7010,0.0
7011,0.0
7012,0.0
7013,0.0
7014,3.6363636363636362
7015,3.6363636363636362
7016,3.6363636363636362
7017,3.6363636363636362
7018,3.6363636363636362
7019,3.6363636363636362
7020,3.6363636363636362
7021,3.6363636363636362
7022,3.6363636363636362
7023,3.6363636363636362
7024,3.6363636363636362
7025,3.6363636363636362
7026,0.0
7027,0.0
7028,0.0
7029,0.0
7030,0.0
7031,0.0
7032,0.0
7033,0.0
7034,0.0
7035,0.0
7036,0.0
7037,0.0
7038,3.6363636363636362
7039,3.6363636363636362
7040,3.6363636363636362
7041,3.6363636363636362
7042,3.6363636363636362
7043,3.6363636363636362
7044,3.6363636363636362
7045,3.6363636363636362
7046,3.6363636363636362
7047,3.6363636363636362
7048,3.6363636363636362
7049,3.6363636363636362
7050,0.0
7051,0.0
7052,0.0
7053,0.0
7054,0.0
7055,0.0
7056,0.0
7057,0.0
7058,0.0
7059,0.0
7060,0.0
7061,0.0
7062,3.6363636363636362
7063,3.6363636363636362
7064,3.6363636363636362
7065,3.6363636363636362
7066,3.6363636363636362
7067,3.6363636363636362
7068,3.6363636363636362
7069,3.6363636363636362
7070,3.6363636363636362
7071,3.6363636363636362
7072,3.6363636363636362
7073,3.6363636363636362
7074,0.0
7075,0.0
7076,0.0
7077,0.0
7078,0.0
7079,0.0
7080,0.0
7081,0.0
7082,0.0
7083,0.0
7084,0.0
7085,0.0
7086,3.6363636363636362
7087,3.6363636363636362
7088,3.6363636363636362
7089,3.6363636363636362
7090,3.6363636363636362
7091,3.6363636363636362
7092,3.6363636363636362
7093,3.6363636363636362
7094,3.6363636363636362
7095,3.6363636363636362
7096,3.6363636363636362
7097,3.6363636363636362
7098,0.0
7099,0.0
7100,0.0
7101,0.0
7102,0.0
7103,0.0
7104,0.0
7105,0.0
7106,0.0
7107,0.0
7108,0.0
7109,0.0
7110,3.6363636363636362
7111,3.6363636363636362
7112,3.6363636363636362
7113,3.6363636363636362
7114,3.6363636363636362
7115,3.6363636363636362
7116,3.6363636363636362
7117,3.6363636363636362
7118,3.6363636363636362
7119,3.6363636363636362
7120,3.6363636363636362
7121,3.6363636363636362
7122,0.0
7123,0.0
7124,0.0
7125,0.0
7126,0.0
7127,0.0
7128,0.0
7129,0.0
7130,0.0
7131,0.0
7132,0.0
7133,0.0
7134,3.6363636363636362
7135,3.6363636363636362
7136,3.6363636363636362
7137,3.6363636363636362
7138,3.6363636363636362
7139,3.6363636363636362
7140,3.6363636363636362
7141,3.6363636363636362
7142,3.6363636363636362
7143,3.6363636363636362
7144,3.6363636363636362
7145,3.6363636363636362
7146,0.0
7147,0.0
7148,0.0
7149,0.0
7150,0.0
7151,0.0
7152,0.0
7153,0.0
7154,0.0
7155,0.0
7156,0.0
7157,0.0
7158,3.6363636363636362
7159,3.6363636363636362
7160,3.6363636363636362
7161,3.6363636363636362
7162,3.6363636363636362
7163,3.6363636363636362
7164,3.6363636363636362
7165,3.6363636363636362
7166,3.6363636363636362
7167,3.6363636363636362
7168,3.6363636363636362
7169,3.6363636363636362
7170,0.0
7171,0.0
7172,0.0
7173,0.0
7174,0.0
7175,0.0
7176,0.0
7177,0.0
7178,0.0
7179,0.0
7180,0.0
7181,0.0
7182,3.6363636363636362
7183,3.6363636363636362
7184,3.6363636363636362
7185,3.6363636363636362
7186,3.6363636363636362
7187,3.6363636363636362
7188,3.6363636363636362
7189,3.6363636363636362
7190,3.6363636363636362
7191,3.6363636363636362
7192,3.6363636363636362
7193,3.6363636363636362
7194,0.0
7195,0.0
7196,0.0
7197,0.0
7198,0.0
7199,0.0
7200,0.0
7201,0.0
7202,0.0
7203,0.0
7204,0.0
7205,0.0
7206,3.6363636363636362
7207,3.6363636363636362
7208,3.6363636363636362
7209,3.6363636363636362
7210,3.6363636363636362
7211,3.6363636363636362
7212,3.6363636363636362
7213,3.6363636363636362
7214,3.6363636363636362
7215,3.6363636363636362
7216,3.6363636363636362
7217,3.6363636363636362
7218,0.0
7219,0.0
7220,0.0
7221,0.0
7222,0.0
7223,0.0
7224,0.0
7225,0.0
7226,0.0
7227,0.0
7228,0.0
7229,0.0
7230,3.6363636363636362
7231,3.6363636363636362
7232,3.6363636363636362
7233,3.6363636363636362
7234,3.6363636363636362
7235,3.6363636363636362
7236,3.6363636363636362
7237,3.6363636363636362
7238,3.6363636363636362
7239,3.6363636363636362
7240,3.6363636363636362
7241,3.6363636363636362
7242,0.0
7243,0.0
7244,0.0
7245,0.0
7246,0.0
7247,0.0
7248,0.0
7249,0.0
7250,0.0
7251,0.0
7252,0.0
7253,0.0
7254,3.6363636363636362
7255,3.6363636363636362
7256,3.6363636363636362
7257,3.6363636363636362
7258,3.6363636363636362
7259,3.6363636363636362
7260,3.6363636363636362
7261,3.6363636363636362
7262,3.6363636363636362
7263,3.6363636363636362
7264,3.6363636363636362
7265,3.6363636363636362
7266,0.0
7267,0.0
7268,0.0
7269,0.0
7270,0.0
7271,0.0
7272,0.0
7273,0.0
7274,0.0
7275,0.0
7276,0.0
7277,0.0
7278,3.6363636363636362
7279,3.6363636363636362
7280,3.6363636363636362
7281,3.6363636363636362
7282,3.6363636363636362
7283,3.6363636363636362
7284,3.6363636363636362
7285,3.6363636363636362
7286,3.6363636363636362
7287,3.6363636363636362
7288,3.6363636363636362
7289,3.6363636363636362
7290,0.0
7291,0.0
7292,0.0
7293,0.0
7294,0.0
7295,0.0
7296,0.0
7297,0.0
7298,0.0
7299,0.0
7300,0.0
7301,0.0
7302,3.6363636363636362
7303,3.6363636363636362
7304,3.6363636363636362
7305,3.6363636363636362
7306,3.6363636363636362
7307,3.6363636363636362
7308,3.6363636363636362
7309,3.6363636363636362
7310,3.6363636363636362
7311,3.6363636363636362
7312,3.6363636363636362
7313,3.6363636363636362
7314,0.0
7315,0.0
7316,0.0
7317,0.0
7318,0.0
7319,0.0
7320,0.0
7321,0.0
7322,0.0
7323,0.0
7324,0.0
7325,0.0
7326,3.6363636363636362
7327,3.6363636363636362
7328,3.6363636363636362
7329,3.6363636363636362
7330,3.6363636363636362
7331,3.6363636363636362
7332,3.6363636363636362
7333,3.6363636363636362
7334,3.6363636363636362
7335,3.6363636363636362
7336,3.6363636363636362
7337,3.6363636363636362
7338,0.0
7339,0.0
7340,0.0
7341,0.0
7342,0.0
7343,0.0
7344,0.0
7345,0.0
7346,0.0
7347,0.0
7348,0.0
7349,0.0
7350,3.6363636363636362
7351,3.6363636363636362
7352,3.6363636363636362
7353,3.6363636363636362
7354,3.6363636363636362
7355,3.6363636363636362
7356,3.6363636363636362
7357,3.6363636363636362
7358,3.6363636363636362
7359,3.6363636363636362
7360,3.6363636363636362
7361,3.6363636363636362
7362,0.0
7363,0.0
7364,0.0
7365,0.0
7366,0.0
7367,0.0
7368,0.0
7369,0.0
7370,0.0
7371,0.0
7372,0.0
7373,0.0
7374,3.6363636363636362
7375,3.6363636363636362
7376,3.6363636363636362
7377,3.6363636363636362
7378,3.6363636363636362
7379,3.6363636363636362
7380,3.6363636363636362
7381,3.6363636363636362
7382,3.6363636363636362
7383,3.6363636363636362
7384,3.6363636363636362
7385,3.6363636363636362
7386,0.0
7387,0.0
7388,0.0
7389,0.0
7390,0.0
7391,0.0
7392,0.0
7393,0.0
7394,0.0
7395,0.0
7396,0.0
7397,0.0
7398,3.6363636363636362
7399,3.6363636363636362
7400,3.6363636363636362
7401,3.6363636363636362
7402,3.6363636363636362
7403,3.6363636363636362
7404,3.6363636363636362
7405,3.6363636363636362
7406,3.6363636363636362
7407,3.6363636363636362
7408,3.6363636363636362
7409,3.6363636363636362
7410,0.0
7411,0.0
7412,0.0
7413,0.0
7414,0.0
7415,0.0
7416,0.0
7417,0.0
7418,0.0
7419,0.0
7420,0.0
7421,0.0
7422,3.6363636363636362
7423,3.6363636363636362
7424,3.6363636363636362
7425,3.6363636363636362
7426,3.6363636363636362
7427,3.6363636363636362
7428,3.6363636363636362
7429,3.6363636363636362
7430,3.6363636363636362
7431,3.6363636363636362
7432,3.6363636363636362
7433,3.6363636363636362
7434,0.0
7435,0.0
7436,0.0
7437,0.0
7438,0.0
7439,0.0
7440,0.0
7441,0.0
7442,0.0
7443,0.0
7444,0.0
7445,0.0
7446,3.6363636363636362
7447,3.6363636363636362
7448,3.6363636363636362
7449,3.6363636363636362
7450,3.6363636363636362
7451,3.6363636363636362
7452,3.6363636363636362
7453,3.6363636363636362
7454,3.6363636363636362
7455,3.6363636363636362
7456,3.6363636363636362
7457,3.6363636363636362
7458,0.0
7459,0.0
7460,0.0
7461,0.0
7462,0.0
7463,0.0
7464,0.0
7465,0.0
7466,0.0
7467,0.0
7468,0.0
7469,0.0
7470,3.6363636363636362
7471,3.6363636363636362
7472,3.6363636363636362
7473,3.6363636363636362
7474,3.6363636363636362
7475,3.6363636363636362
7476,3.6363636363636362
7477,3.6363636363636362
7478,3.6363636363636362
7479,3.6363636363636362
7480,3.6363636363636362
7481,3.6363636363636362
7482,0.0
7483,0.0
7484,0.0
7485,0.0
7486,0.0
7487,0.0
7488,0.0
7489,0.0
7490,0.0
7491,0.0
7492,0.0
7493,0.0
7494,3.6363636363636362
7495,3.6363636363636362
7496,3.6363636363636362
7497,3.6363636363636362
7498,3.6363636363636362
7499,3.6363636363636362
7500,3.6363636363636362
7501,3.6363636363636362
7502,3.6363636363636362
7503,3.6363636363636362
7504,3.6363636363636362
7505,3.6363636363636362
7506,0.0
7507,0.0
7508,0.0
7509,0.0
7510,0.0
7511,0.0
7512,0.0
7513,0.0
7514,0.0
7515,0.0
7516,0.0
7517,0.0
7518,3.6363636363636362
7519,3.6363636363636362
7520,3.6363636363636362
7521,3.6363636363636362
7522,3.6363636363636362
7523,3.6363636363636362
7524,3.6363636363636362
7525,3.6363636363636362
7526,3.6363636363636362
7527,3.6363636363636362
7528,3.6363636363636362
7529,3.6363636363636362
7530,0.0
7531,0.0
7532,0.0
7533,0.0
7534,0.0
7535,0.0
7536,0.0
7537,0.0
7538,0.0
7539,0.0
7540,0.0
7541,0.0
7542,3.6363636363636362
7543,3.6363636363636362
7544,3.6363636363636362
7545,3.6363636363636362
7546,3.6363636363636362
7547,3.6363636363636362
7548,3.6363636363636362
7549,3.6363636363636362
7550,3.6363636363636362
7551,3.6363636363636362
7552,3.6363636363636362
7553,3.6363636363636362
7554,0.0
7555,0.0
7556,0.0
7557,0.0
7558,0.0
7559,0.0
7560,0.0
7561,0.0
7562,0.0
7563,0.0
7564,0.0
7565,0.0
7566,3.6363636363636362
7567,3.6363636363636362
7568,3.6363636363636362
7569,3.6363636363636362
7570,3.6363636363636362
7571,3.6363636363636362
7572,3.6363636363636362
7573,3.6363636363636362
7574,3.6363636363636362
7575,3.6363636363636362
7576,3.6363636363636362
7577,3.6363636363636362
7578,0.0
7579,0.0
7580,0.0
7581,0.0
7582,0.0
7583,0.0
7584,0.0
7585,0.0
7586,0.0
7587,0.0
7588,0.0
7589,0.0
7590,3.6363636363636362
7591,3.6363636363636362
7592,3.6363636363636362
7593,3.6363636363636362
7594,3.6363636363636362
7595,3.6363636363636362
7596,3.6363636363636362
7597,3.6363636363636362
7598,3.6363636363636362
7599,3.6363636363636362
7600,3.6363636363636362
7601,3.6363636363636362
7602,0.0
7603,0.0
7604,0.0
7605,0.0
7606,0.0
7607,0.0
7608,0.0
7609,0.0
7610,0.0
7611,0.0
7612,0.0
7613,0.0
7614,3.6363636363636362
7615,3.6363636363636362
7616,3.6363636363636362
7617,3.6363636363636362
7618,3.6363636363636362
7619,3.6363636363636362
7620,3.6363636363636362
7621,3.6363636363636362
7622,3.6363636363636362
7623,3.6363636363636362
7624,3.6363636363636362
7625,3.6363636363636362
7626,0.0
7627,0.0
7628,0.0
7629,0.0
7630,0.0
7631,0.0
7632,0.0
7633,0.0
7634,0.0
7635,0.0
7636,0.0
7637,0.0
7638,3.6363636363636362
7639,3.6363636363636362
7640,3.6363636363636362
7641,3.6363636363636362
7642,3.6363636363636362
7643,3.6363636363636362
7644,3.6363636363636362
7645,3.6363636363636362
7646,3.6363636363636362
7647,3.6363636363636362
7648,3.6363636363636362
7649,3.6363636363636362
7650,0.0
7651,0.0
7652,0.0
7653,0.0
7654,0.0
7655,0.0
7656,0.0
7657,0.0
7658,0.0
7659,0.0
7660,0.0
7661,0.0
7662,3.6363636363636362
7663,3.6363636363636362
7664,3.6363636363636362
7665,3.6363636363636362
7666,3.6363636363636362
7667,3.6363636363636362
7668,3.6363636363636362
7669,3.6363636363636362
7670,3.6363636363636362
7671,3.6363636363636362
7672,3.6363636363636362
7673,3.6363636363636362
7674,0.0
7675,0.0
7676,0.0
7677,0.0
7678,0.0
7679,0.0
7680,0.0
7681,0.0
7682,0.0
7683,0.0
7684,0.0
7685,0.0
7686,3.6363636363636362
7687,3.6363636363636362
7688,3.6363636363636362
7689,3.6363636363636362
7690,3.6363636363636362
7691,3.6363636363636362
7692,3.6363636363636362
7693,3.6363636363636362
7694,3.6363636363636362
7695,3.6363636363636362
7696,3.6363636363636362
7697,3.6363636363636362
7698,0.0
7699,0.0
7700,0.0
7701,0.0
7702,0.0
7703,0.0
7704,0.0
7705,0.0
7706,0.0
7707,0.0
7708,0.0
7709,0.0
7710,3.6363636363636362
7711,3.6363636363636362
7712,3.6363636363636362
7713,3.6363636363636362
7714,3.6363636363636362
7715,3.6363636363636362
7716,3.6363636363636362
7717,3.6363636363636362
7718,3.6363636363636362
7719,3.6363636363636362
7720,3.6363636363636362
7721,3.6363636363636362
7722,0.0
7723,0.0
7724,0.0
7725,0.0
7726,0.0
7727,0.0
7728,0.0
7729,0.0
7730,0.0
7731,0.0
7732,0.0
7733,0.0
7734,3.6363636363636362
7735,3.6363636363636362
7736,3.6363636363636362
7737,3.6363636363636362
7738,3.6363636363636362
7739,3.6363636363636362
7740,3.6363636363636362
7741,3.6363636363636362
7742,3.6363636363636362
7743,3.6363636363636362
7744,3.6363636363636362
7745,3.6363636363636362
7746,0.0
7747,0.0
7748,0.0
7749,0.0
7750,0.0
7751,0.0
7752,0.0
7753,0.0
7754,0.0
7755,0.0
7756,0.0
7757,0.0
7758,3.6363636363636362
7759,3.6363636363636362
7760,3.6363636363636362
7761,3.6363636363636362
7762,3.6363636363636362
7763,3.6363636363636362
7764,3.6363636363636362
7765,3.6363636363636362
7766,3.6363636363636362
7767,3.6363636363636362
7768,3.6363636363636362
7769,3.6363636363636362
7770,0.0
7771,0.0
7772,0.0
7773,0.0
7774,0.0
7775,0.0
7776,0.0
7777,0.0
7778,0.0
7779,0.0
7780,0.0
7781,0.0
7782,3.6363636363636362
7783,3.6363636363636362
7784,3.6363636363636362
7785,3.6363636363636362
7786,3.6363636363636362
7787,3.6363636363636362
7788,3.6363636363636362
7789,3.6363636363636362
7790,3.6363636363636362
7791,3.6363636363636362
7792,3.6363636363636362
7793,3.6363636363636362
7794,0.0
7795,0.0
7796,0.0
7797,0.0
7798,0.0
7799,0.0
7800,0.0
7801,0.0
7802,0.0
7803,0.0
7804,0.0
7805,0.0
7806,3.6363636363636362
7807,3.6363636363636362
7808,3.6363636363636362
7809,3.6363636363636362
7810,3.6363636363636362
7811,3.6363636363636362
7812,3.6363636363636362
7813,3.6363636363636362
7814,3.6363636363636362
7815,3.6363636363636362
7816,3.6363636363636362
7817,3.6363636363636362
7818,0.0
7819,0.0
7820,0.0
7821,0.0
7822,0.0
7823,0.0
7824,0.0
7825,0.0
7826,0.0
7827,0.0
7828,0.0
7829,0.0
7830,3.6363636363636362
7831,3.6363636363636362
7832,3.6363636363636362
7833,3.6363636363636362
7834,3.6363636363636362
7835,3.6363636363636362
7836,3.6363636363636362
7837,3.6363636363636362
7838,3.6363636363636362
7839,3.6363636363636362
7840,3.6363636363636362
7841,3.6363636363636362
7842,0.0
7843,0.0
7844,0.0
7845,0.0
7846,0.0
7847,0.0
7848,0.0
7849,0.0
7850,0.0
7851,0.0
7852,0.0
7853,0.0
7854,3.6363636363636362
7855,3.6363636363636362
7856,3.6363636363636362
7857,3.6363636363636362
7858,3.6363636363636362
7859,3.6363636363636362
7860,3.6363636363636362
7861,3.6363636363636362
7862,3.6363636363636362
7863,3.6363636363636362
7864,3.6363636363636362
7865,3.6363636363636362
7866,0.0
7867,0.0
7868,0.0
7869,0.0
7870,0.0
7871,0.0
7872,0.0
7873,0.0
7874,0.0
7875,0.0
7876,0.0
7877,0.0
7878,3.6363636363636362
7879,3.6363636363636362
7880,3.6363636363636362
7881,3.6363636363636362
7882,3.6363636363636362
7883,3.6363636363636362
7884,3.6363636363636362
7885,3.6363636363636362
7886,3.6363636363636362
7887,3.6363636363636362
7888,3.6363636363636362
7889,3.6363636363636362
7890,0.0
7891,0.0
7892,0.0
7893,0.0
7894,0.0
7895,0.0
7896,0.0
7897,0.0
7898,0.0
7899,0.0
7900,0.0
7901,0.0
7902,3.6363636363636362
7903,3.6363636363636362
7904,3.6363636363636362
7905,3.6363636363636362
7906,3.6363636363636362
7907,3.6363636363636362
7908,3.6363636363636362
7909,3.6363636363636362
7910,3.6363636363636362
7911,3.6363636363636362
7912,3.6363636363636362
7913,3.6363636363636362
7914,0.0
7915,0.0
7916,0.0
7917,0.0
7918,0.0
7919,0.0
7920,0.0
7921,0.0
7922,0.0
7923,0.0
7924,0.0
7925,0.0
7926,3.6363636363636362
7927,3.6363636363636362
7928,3.6363636363636362
7929,3.6363636363636362
7930,3.6363636363636362
7931,3.6363636363636362
7932,3.6363636363636362
7933,3.6363636363636362
7934,3.6363636363636362
7935,3.6363636363636362
7936,3.6363636363636362
7937,3.6363636363636362
7938,0.0
7939,0.0
7940,0.0
7941,0.0
7942,0.0
7943,0.0
7944,0.0
7945,0.0
7946,0.0
7947,0.0
7948,0.0
7949,0.0
7950,3.6363636363636362
7951,3.6363636363636362
7952,3.6363636363636362
7953,3.6363636363636362
7954,3.6363636363636362
7955,3.6363636363636362
7956,3.6363636363636362
7957,3.6363636363636362
7958,3.6363636363636362
7959,3.6363636363636362
7960,3.6363636363636362
7961,3.6363636363636362
7962,0.0
7963,0.0
7964,0.0
7965,0.0
7966,0.0
7967,0.0
7968,0.0
7969,0.0
7970,0.0
7971,0.0
7972,0.0
7973,0.0
7974,3.6363636363636362
7975,3.6363636363636362
7976,3.6363636363636362
7977,3.6363636363636362
7978,3.6363636363636362
7979,3.6363636363636362
7980,3.6363636363636362
7981,3.6363636363636362
7982,3.6363636363636362
7983,3.6363636363636362
7984,3.6363636363636362
7985,3.6363636363636362
7986,0.0
7987,0.0
7988,0.0
7989,0.0
7990,0.0
7991,0.0
7992,0.0
7993,0.0
7994,0.0
7995,0.0
7996,0.0
7997,0.0
7998,3.6363636363636362
7999,3.6363636363636362
8000,3.6363636363636362
8001,3.6363636363636362
8002,3.6363636363636362
8003,3.6363636363636362
8004,3.6363636363636362
8005,3.6363636363636362
8006,3.6363636363636362
8007,3.6363636363636362
8008,3.6363636363636362
8009,3.6363636363636362
8010,0.0
8011,0.0
8012,0.0
8013,0.0
8014,0.0
8015,0.0
8016,0.0
8017,0.0
8018,0.0
8019,0.0
8020,0.0
8021,0.0
8022,3.6363636363636362
8023,3.6363636363636362
8024,3.6363636363636362
8025,3.6363636363636362
8026,3.6363636363636362
8027,3.6363636363636362
8028,3.6363636363636362
8029,3.6363636363636362
8030,3.6363636363636362
8031,3.6363636363636362
8032,3.6363636363636362
8033,3.6363636363636362
8034,0.0
8035,0.0
8036,0.0
8037,0.0
8038,0.0
8039,0.0
8040,0.0
8041,0.0
8042,0.0
8043,0.0
8044,0.0
8045,0.0
8046,3.6363636363636362
8047,3.6363636363636362
8048,3.6363636363636362
8049,3.6363636363636362
8050,3.6363636363636362
8051,3.6363636363636362
8052,3.6363636363636362
8053,3.6363636363636362
8054,3.6363636363636362
8055,3.6363636363636362
8056,3.6363636363636362
8057,3.6363636363636362
8058,0.0
8059,0.0
8060,0.0
8061,0.0
8062,0.0
8063,0.0
8064,0.0
8065,0.0
8066,0.0
8067,0.0
8068,0.0
8069,0.0
8070,3.6363636363636362
8071,3.6363636363636362
8072,3.6363636363636362
8073,3.6363636363636362
8074,3.6363636363636362
8075,3.6363636363636362
8076,3.6363636363636362
8077,3.6363636363636362
8078,3.6363636363636362
8079,3.6363636363636362
8080,3.6363636363636362
8081,3.6363636363636362
8082,0.0
8083,0.0
8084,0.0
8085,0.0
8086,0.0
8087,0.0
8088,0.0
8089,0.0
8090,0.0
8091,0.0
8092,0.0
8093,0.0
8094,3.6363636363636362
8095,3.6363636363636362
8096,3.6363636363636362
8097,3.6363636363636362
8098,3.6363636363636362
8099,3.6363636363636362
8100,3.6363636363636362
8101,3.6363636363636362
8102,3.6363636363636362
8103,3.6363636363636362
8104,3.6363636363636362
8105,3.6363636363636362
8106,0.0
8107,0.0
8108,0.0
8109,0.0
8110,0.0
8111,0.0
8112,0.0
8113,0.0
8114,0.0
8115,0.0
8116,0.0
8117,0.0
8118,3.6363636363636362
8119,3.6363636363636362
8120,3.6363636363636362
8121,3.6363636363636362
8122,3.6363636363636362
8123,3.6363636363636362
8124,3.6363636363636362
8125,3.6363636363636362
8126,3.6363636363636362
8127,3.6363636363636362
8128,3.6363636363636362
8129,3.6363636363636362
8130,0.0
8131,0.0
8132,0.0
8133,0.0
8134,0.0
8135,0.0
8136,0.0
8137,0.0
8138,0.0
8139,0.0
8140,0.0
8141,0.0
8142,3.6363636363636362
8143,3.6363636363636362
8144,3.6363636363636362
8145,3.6363636363636362
8146,3.6363636363636362
8147,3.6363636363636362
8148,3.6363636363636362
8149,3.6363636363636362
8150,3.6363636363636362
8151,3.6363636363636362
8152,3.6363636363636362
8153,3.6363636363636362
8154,0.0
8155,0.0
8156,0.0
8157,0.0
8158,0.0
8159,0.0
8160,0.0
8161,0.0
8162,0.0
8163,0.0
8164,0.0
8165,0.0
8166,3.6363636363636362
8167,3.6363636363636362
8168,3.6363636363636362
8169,3.6363636363636362
8170,3.6363636363636362
8171,3.6363636363636362
8172,3.6363636363636362
8173,3.6363636363636362
8174,3.6363636363636362
8175,3.6363636363636362
8176,3.6363636363636362
8177,3.6363636363636362
8178,0.0
8179,0.0
8180,0.0
8181,0.0
8182,0.0
8183,0.0
8184,0.0
8185,0.0
8186,0.0
8187,0.0
8188,0.0
8189,0.0
8190,3.6363636363636362
8191,3.6363636363636362
8192,3.6363636363636362
8193,3.6363636363636362
8194,3.6363636363636362
8195,3.6363636363636362
8196,3.6363636363636362
8197,3.6363636363636362
8198,3.6363636363636362
8199,3.6363636363636362
8200,3.6363636363636362
8201,3.6363636363636362
8202,0.0
8203,0.0
8204,0.0
8205,0.0
8206,0.0
8207,0.0
8208,0.0
8209,0.0
8210,0.0
8211,0.0
8212,0.0
8213,0.0
8214,3.6363636363636362
8215,3.6363636363636362
8216,3.6363636363636362
8217,3.6363636363636362
8218,3.6363636363636362
8219,3.6363636363636362
8220,3.6363636363636362
8221,3.6363636363636362
8222,3.6363636363636362
8223,3.6363636363636362
8224,3.6363636363636362
8225,3.6363636363636362
8226,0.0
8227,0.0
8228,0.0
8229,0.0
8230,0.0
8231,0.0
8232,0.0
8233,0.0
8234,0.0
8235,0.0
8236,0.0
8237,0.0
8238,3.6363636363636362
8239,3.6363636363636362
8240,3.6363636363636362
8241,3.6363636363636362
8242,3.6363636363636362
8243,3.6363636363636362
8244,3.6363636363636362
8245,3.6363636363636362
8246,3.6363636363636362
8247,3.6363636363636362
8248,3.6363636363636362
8249,3.6363636363636362
8250,0.0
8251,0.0
8252,0.0
8253,0.0
8254,0.0
8255,0.0
8256,0.0
8257,0.0
8258,0.0
8259,0.0
8260,0.0
8261,0.0
8262,3.6363636363636362
8263,3.6363636363636362
8264,3.6363636363636362
8265,3.6363636363636362
8266,3.6363636363636362
8267,3.6363636363636362
8268,3.6363636363636362
8269,3.6363636363636362
8270,3.6363636363636362
8271,3.6363636363636362
8272,3.6363636363636362
8273,3.6363636363636362
8274,0.0
8275,0.0
8276,0.0
8277,0.0
8278,0.0
8279,0.0
8280,0.0
8281,0.0
8282,0.0
8283,0.0
8284,0.0
8285,0.0
8286,3.6363636363636362
8287,3.6363636363636362
8288,3.6363636363636362
8289,3.6363636363636362
8290,3.6363636363636362
8291,3.6363636363636362
8292,3.6363636363636362
8293,3.6363636363636362
8294,3.6363636363636362
8295,3.6363636363636362
8296,3.6363636363636362
8297,3.6363636363636362
8298,0.0
8299,0.0
8300,0.0
8301,0.0
8302,0.0
8303,0.0
8304,0.0
8305,0.0
8306,0.0
8307,0.0
8308,0.0
8309,0.0
8310,3.6363636363636362
8311,3.6363636363636362
8312,3.6363636363636362
8313,3.6363636363636362
8314,3.6363636363636362
8315,3.6363636363636362
8316,3.6363636363636362
8317,3.6363636363636362
8318,3.6363636363636362
8319,3.6363636363636362
8320,3.6363636363636362
8321,3.6363636363636362
8322,0.0
8323,0.0
8324,0.0
8325,0.0
8326,0.0
8327,0.0
8328,0.0
8329,0.0
8330,0.0
8331,0.0
8332,0.0
8333,0.0
8334,3.6363636363636362
8335,3.6363636363636362
8336,3.6363636363636362
8337,3.6363636363636362
8338,3.6363636363636362
8339,3.6363636363636362
8340,3.6363636363636362
8341,3.6363636363636362
8342,3.6363636363636362
8343,3.6363636363636362
8344,3.6363636363636362
8345,3.6363636363636362
8346,0.0
8347,0.0
8348,0.0
8349,0.0
8350,0.0
8351,0.0
8352,0.0
8353,0.0
8354,0.0
8355,0.0
8356,0.0
8357,0.0
8358,3.6363636363636362
8359,3.6363636363636362
8360,3.6363636363636362
8361,3.6363636363636362
8362,3.6363636363636362
8363,3.6363636363636362
8364,3.6363636363636362
8365,3.6363636363636362
8366,3.6363636363636362
8367,3.6363636363636362
8368,3.6363636363636362
8369,3.6363636363636362
8370,0.0
8371,0.0
8372,0.0
8373,0.0
8374,0.0
8375,0.0
8376,0.0
8377,0.0
8378,0.0
8379,0.0
8380,0.0
8381,0.0
8382,3.6363636363636362
8383,3.6363636363636362
8384,3.6363636363636362
8385,3.6363636363636362
8386,3.6363636363636362
8387,3.6363636363636362
8388,3.6363636363636362
8389,3.6363636363636362
8390,3.6363636363636362
8391,3.6363636363636362
8392,3.6363636363636362
8393,3.6363636363636362
8394,0.0
8395,0.0
8396,0.0
8397,0.0
8398,0.0
8399,0.0
8400,0.0
8401,0.0
8402,0.0
8403,0.0
8404,0.0
8405,0.0
8406,3.6363636363636362
8407,3.6363636363636362
8408,3.6363636363636362
8409,3.6363636363636362
8410,3.6363636363636362
8411,3.6363636363636362
8412,3.6363636363636362
8413,3.6363636363636362
8414,3.6363636363636362
8415,3.6363636363636362
8416,3.6363636363636362
8417,3.6363636363636362
8418,0.0
8419,0.0
8420,0.0
8421,0.0
8422,0.0
8423,0.0
8424,0.0
8425,0.0
8426,0.0
8427,0.0
8428,0.0
8429,0.0
8430,3.6363636363636362
8431,3.6363636363636362
8432,3.6363636363636362
8433,3.6363636363636362
8434,3.6363636363636362
8435,3.6363636363636362
8436,3.6363636363636362
8437,3.6363636363636362
8438,3.6363636363636362
8439,3.6363636363636362
8440,3.6363636363636362
8441,3.6363636363636362
8442,0.0
8443,0.0
8444,0.0
8445,0.0
8446,0.0
8447,0.0
8448,0.0
8449,0.0
8450,0.0
8451,0.0
8452,0.0
8453,0.0
8454,3.6363636363636362
8455,3.6363636363636362
8456,3.6363636363636362
8457,3.6363636363636362
8458,3.6363636363636362
8459,3.6363636363636362
8460,3.6363636363636362
8461,3.6363636363636362
8462,3.6363636363636362
8463,3.6363636363636362
8464,3.6363636363636362
8465,3.6363636363636362
8466,0.0
8467,0.0
8468,0.0
8469,0.0
8470,0.0
8471,0.0
8472,0.0
8473,0.0
8474,0.0
8475,0.0
8476,0.0
8477,0.0
8478,3.6363636363636362
8479,3.6363636363636362
8480,3.6363636363636362
8481,3.6363636363636362
8482,3.6363636363636362
8483,3.6363636363636362
8484,3.6363636363636362
8485,3.6363636363636362
8486,3.6363636363636362
8487,3.6363636363636362
8488,3.6363636363636362
8489,3.6363636363636362
8490,0.0
8491,0.0
8492,0.0
8493,0.0
8494,0.0
8495,0.0
8496,0.0
8497,0.0
8498,0.0
8499,0.0
8500,0.0
8501,0.0
8502,3.6363636363636362
8503,3.6363636363636362
8504,3.6363636363636362
8505,3.6363636363636362
8506,3.6363636363636362
8507,3.6363636363636362
8508,3.6363636363636362
8509,3.6363636363636362
8510,3.6363636363636362
8511,3.6363636363636362
8512,3.6363636363636362
8513,3.6363636363636362
8514,0.0
8515,0.0
8516,0.0
8517,0.0
8518,0.0
8519,0.0
8520,0.0
8521,0.0
8522,0.0
8523,0.0
8524,0.0
8525,0.0
8526,3.6363636363636362
8527,3.6363636363636362
8528,3.6363636363636362
8529,3.6363636363636362
8530,3.6363636363636362
8531,3.6363636363636362
8532,3.6363636363636362
8533,3.6363636363636362
8534,3.6363636363636362
8535,3.6363636363636362
8536,3.6363636363636362
8537,3.6363636363636362
8538,0.0
8539,0.0
8540,0.0
8541,0.0
8542,0.0
8543,0.0
8544,0.0
8545,0.0
8546,0.0
8547,0.0
8548,0.0
8549,0.0
8550,3.6363636363636362
8551,3.6363636363636362
8552,3.6363636363636362
8553,3.6363636363636362
8554,3.6363636363636362
8555,3.6363636363636362
8556,3.6363636363636362
8557,3.6363636363636362
8558,3.6363636363636362
8559,3.6363636363636362
8560,3.6363636363636362
8561,3.6363636363636362
8562,0.0
8563,0.0
8564,0.0
8565,0.0
8566,0.0
8567,0.0
8568,0.0
8569,0.0
8570,0.0
8571,0.0
8572,0.0
8573,0.0
8574,3.6363636363636362
8575,3.6363636363636362
8576,3.6363636363636362
8577,3.6363636363636362
8578,3.6363636363636362
8579,3.6363636363636362
8580,3.6363636363636362
8581,3.6363636363636362
8582,3.6363636363636362
8583,3.6363636363636362
8584,3.6363636363636362
8585,3.6363636363636362
8586,0.0
8587,0.0
8588,0.0
8589,0.0
8590,0.0
8591,0.0
8592,0.0
8593,0.0
8594,0.0
8595,0.0
8596,0.0
8597,0.0
8598,3.6363636363636362
8599,3.6363636363636362
8600,3.6363636363636362
8601,3.6363636363636362
8602,3.6363636363636362
8603,3.6363636363636362
8604,3.6363636363636362
8605,3.6363636363636362
8606,3.6363636363636362
8607,3.6363636363636362
8608,3.6363636363636362
8609,3.6363636363636362
8610,0.0
8611,0.0
8612,0.0
8613,0.0
8614,0.0
8615,0.0
8616,0.0
8617,0.0
8618,0.0
8619,0.0
8620,0.0
8621,0.0
8622,3.6363636363636362
8623,3.6363636363636362
8624,3.6363636363636362
8625,3.6363636363636362
8626,3.6363636363636362
8627,3.6363636363636362
8628,3.6363636363636362
8629,3.6363636363636362
8630,3.6363636363636362
8631,3.6363636363636362
8632,3.6363636363636362
8633,3.6363636363636362
8634,0.0
8635,0.0
8636,0.0
8637,0.0
8638,0.0
8639,0.0
8640,0.0
8641,0.0
8642,0.0
8643,0.0
8644,0.0
8645,0.0
8646,3.6363636363636362
8647,3.6363636363636362
8648,3.6363636363636362
8649,3.6363636363636362
8650,3.6363636363636362
8651,3.6363636363636362
8652,3.6363636363636362
8653,3.6363636363636362
8654,3.6363636363636362
8655,3.6363636363636362
8656,3.6363636363636362
8657,3.6363636363636362
8658,0.0
8659,0.0
8660,0.0
8661,0.0
8662,0.0
8663,0.0
8664,0.0
8665,0.0
8666,0.0
8667,0.0
8668,0.0
8669,0.0
8670,3.6363636363636362
8671,3.6363636363636362
8672,3.6363636363636362
8673,3.6363636363636362
8674,3.6363636363636362
8675,3.6363636363636362
8676,3.6363636363636362
8677,3.6363636363636362
8678,3.6363636363636362
8679,3.6363636363636362
8680,3.6363636363636362
8681,3.6363636363636362
8682,0.0
8683,0.0
8684,0.0
8685,0.0
8686,0.0
8687,0.0
8688,0.0
8689,0.0
8690,0.0
8691,0.0
8692,0.0
8693,0.0
8694,3.6363636363636362
8695,3.6363636363636362
8696,3.6363636363636362
8697,3.6363636363636362
8698,3.6363636363636362
8699,3.6363636363636362
8700,3.6363636363636362
8701,3.6363636363636362
8702,3.6363636363636362
8703,3.6363636363636362
8704,3.6363636363636362
8705,3.6363636363636362
8706,0.0
8707,0.0
8708,0.0
8709,0.0
8710,0.0
8711,0.0
8712,0.0
8713,0.0
8714,0.0
8715,0.0
8716,0.0
8717,0.0
8718,3.6363636363636362
8719,3.6363636363636362
8720,3.6363636363636362
8721,3.6363636363636362
8722,3.6363636363636362
8723,3.6363636363636362
8724,3.6363636363636362
8725,3.6363636363636362
8726,3.6363636363636362
8727,3.6363636363636362
8728,3.6363636363636362
8729,3.6363636363636362
8730,0.0
8731,0.0
8732,0.0
8733,0.0
8734,0.0
8735,0.0
8736,0.0
8737,0.0
8738,0.0
8739,0.0
8740,0.0
8741,0.0
8742,3.6363636363636362
8743,3.6363636363636362
8744,3.6363636363636362
8745,3.6363636363636362
8746,3.6363636363636362
8747,3.6363636363636362
8748,3.6363636363636362
8749,3.6363636363636362
8750,3.6363636363636362
8751,3.6363636363636362
8752,3.6363636363636362
8753,3.6363636363636362
8754,0.0
8755,0.0
8756,0.0
8757,0.0
8758,0.0
8759,0.0
8760,0.0
