stunde_des_jahres,t
1,6.498999999999998
2,6.833999999999999
3,7.1354999999999995
4,7.202499999999998
5,7.336499999999998
6,7.470499999999999
7,7.537499999999998
8,7.570999999999999
9,7.302999999999999
10,7.269499999999998
11,6.967999999999998
12,6.867499999999999
13,6.699999999999998
14,6.766999999999999
15,7.001499999999998
16,7.1354999999999995
17,7.202499999999998
18,7.235999999999999
19,7.1354999999999995
20,7.068499999999999
21,7.034999999999998
22,7.034999999999998
23,7.1019999999999985
24,7.1019999999999985
25,7.202499999999998
26,7.202499999999998
27,7.1354999999999995
28,7.1019999999999985
29,7.034999999999998
30,7.068499999999999
31,7.1019999999999985
32,7.1019999999999985
33,7.1354999999999995
34,7.1354999999999995
35,7.001499999999998
36,6.934499999999998
37,6.632999999999999
38,6.632999999999999
39,6.699999999999998
40,6.766999999999999
41,6.934499999999998
42,6.967999999999998
43,6.967999999999998
44,7.001499999999998
45,6.833999999999999
46,6.833999999999999
47,6.867499999999999
48,6.900999999999999
49,6.967999999999998
50,7.202499999999998
51,7.503999999999998
52,7.771999999999998
53,7.905999999999999
54,8.006499999999999
55,8.173999999999998
56,8.341499999999998
57,8.374999999999998
58,8.106999999999998
59,8.006499999999999
60,7.838999999999998
61,7.704999999999999
62,7.470499999999999
63,7.503999999999998
64,7.671499999999998
65,7.939499999999999
66,8.106999999999998
67,8.207499999999998
68,8.341499999999998
69,8.441999999999998
70,8.575999999999999
71,8.642999999999999
72,8.843999999999998
73,8.7435
74,8.944499999999998
75,8.944499999999998
76,9.011499999999998
77,9.212499999999999
78,9.379999999999999
79,9.648
80,9.681499999999998
81,9.581
82,8.910999999999998
83,8.308
84,7.671499999999998
85,7.269499999999998
86,7.168999999999999
87,7.1019999999999985
88,7.369999999999999
89,7.838999999999998
90,8.173999999999998
91,8.374999999999998
92,8.542499999999999
93,8.676499999999997
94,8.8775
95,8.944499999999998
96,9.245999999999999
97,9.447
98,9.547499999999998
99,9.413499999999999
100,9.346499999999997
101,9.279499999999997
102,9.346499999999997
103,9.346499999999997
104,9.447
105,9.714999999999998
106,8.8105
107,8.173999999999998
108,7.537499999999998
109,7.001499999999998
110,6.699999999999998
111,6.666499999999998
112,6.900999999999999
113,7.604499999999998
114,7.637999999999999
115,7.738499999999998
116,7.470499999999999
117,7.503999999999998
118,7.470499999999999
119,7.403499999999999
120,7.403499999999999
121,7.269499999999998
122,7.202499999999998
123,7.168999999999999
124,7.235999999999999
125,7.369999999999999
126,7.369999999999999
127,7.302999999999999
128,7.168999999999999
129,7.168999999999999
130,7.1354999999999995
131,7.034999999999998
132,7.001499999999998
133,6.934499999999998
134,6.833999999999999
135,6.8004999999999995
136,6.766999999999999
137,6.733499999999999
138,6.733499999999999
139,6.666499999999998
140,6.666499999999998
141,6.666499999999998
142,6.599499999999998
143,6.666499999999998
144,6.565999999999999
145,6.498999999999998
146,6.431999999999999
147,6.3984999999999985
148,6.3984999999999985
149,6.3984999999999985
150,6.364999999999999
151,6.3984999999999985
152,6.498999999999998
153,6.498999999999998
154,6.431999999999999
155,6.231
156,6.130499999999999
157,6.0299999999999985
158,5.996499999999998
159,6.130499999999999
160,6.163999999999998
161,6.297999999999999
162,6.364999999999999
163,6.3984999999999985
164,6.498999999999998
165,6.532499999999999
166,6.565999999999999
167,6.431999999999999
168,6.431999999999999
169,6.431999999999999
170,6.431999999999999
171,6.431999999999999
172,6.431999999999999
173,6.3984999999999985
174,6.431999999999999
175,6.465499999999999
176,6.431999999999999
177,6.498999999999998
178,6.465499999999999
179,6.364999999999999
180,6.331499999999998
181,6.264499999999999
182,6.231
183,6.231
184,6.264499999999999
185,6.498999999999998
186,7.001499999999998
187,7.369999999999999
188,7.336499999999998
189,7.269499999999998
190,7.235999999999999
191,7.269499999999998
192,7.1354999999999995
193,7.269499999999998
194,7.336499999999998
195,7.570999999999999
196,7.905999999999999
197,7.671499999999998
198,7.704999999999999
199,7.738499999999998
200,7.604499999999998
201,7.671499999999998
202,7.470499999999999
203,7.034999999999998
204,6.632999999999999
205,6.163999999999998
206,5.929499999999998
207,5.996499999999998
208,6.163999999999998
209,6.900999999999999
210,7.235999999999999
211,7.570999999999999
212,7.8054999999999986
213,7.738499999999998
214,7.8054999999999986
215,7.905999999999999
216,7.604499999999998
217,7.704999999999999
218,7.838999999999998
219,8.0735
220,8.106999999999998
221,8.006499999999999
222,8.04
223,8.274499999999998
224,8.575999999999999
225,8.408499999999998
226,7.972999999999999
227,7.738499999999998
228,7.302999999999999
229,7.001499999999998
230,6.599499999999998
231,6.666499999999998
232,6.8004999999999995
233,7.1019999999999985
234,7.4369999999999985
235,7.537499999999998
236,7.537499999999998
237,7.503999999999998
238,7.671499999999998
239,7.838999999999998
240,7.972999999999999
241,8.04
242,7.939499999999999
243,7.8054999999999986
244,7.704999999999999
245,7.537499999999998
246,7.8054999999999986
247,7.604499999999998
248,7.637999999999999
249,7.637999999999999
250,7.503999999999998
251,7.1019999999999985
252,6.766999999999999
253,6.599499999999998
254,6.197499999999999
255,6.130499999999999
256,6.130499999999999
257,6.197499999999999
258,6.197499999999999
259,6.197499999999999
260,6.163999999999998
261,6.130499999999999
262,6.130499999999999
263,6.163999999999998
264,6.197499999999999
265,6.297999999999999
266,6.431999999999999
267,6.498999999999998
268,6.532499999999999
269,6.498999999999998
270,6.431999999999999
271,6.364999999999999
272,6.297999999999999
273,6.264499999999999
274,6.197499999999999
275,6.163999999999998
276,6.0634999999999994
277,5.996499999999998
278,5.996499999999998
279,5.929499999999998
280,5.929499999999998
281,5.929499999999998
282,5.929499999999998
283,5.996499999999998
284,5.996499999999998
285,5.962999999999999
286,5.996499999999998
287,5.962999999999999
288,5.996499999999998
289,6.096999999999999
290,6.130499999999999
291,6.130499999999999
292,6.163999999999998
293,6.197499999999999
294,6.331499999999998
295,6.331499999999998
296,6.431999999999999
297,6.465499999999999
298,6.0634999999999994
299,5.594499999999998
300,5.460499999999999
301,5.1255
302,4.756999999999999
303,4.756999999999999
304,4.957999999999999
305,5.661499999999998
306,5.929499999999998
307,6.163999999999998
308,6.331499999999998
309,6.498999999999998
310,6.532499999999999
311,6.699999999999998
312,6.8004999999999995
313,6.8004999999999995
314,6.867499999999999
315,7.034999999999998
316,7.001499999999998
317,7.1019999999999985
318,7.1019999999999985
319,7.269499999999998
320,7.269499999999998
321,7.336499999999998
322,6.967999999999998
323,6.565999999999999
324,6.297999999999999
325,5.862499999999999
326,5.7284999999999995
327,5.929499999999998
328,5.996499999999998
329,6.130499999999999
330,6.231
331,6.197499999999999
332,6.197499999999999
333,6.297999999999999
334,6.498999999999998
335,6.733499999999999
336,6.8004999999999995
337,6.900999999999999
338,6.867499999999999
339,6.934499999999998
340,6.867499999999999
341,6.934499999999998
342,6.867499999999999
343,6.8004999999999995
344,6.733499999999999
345,6.766999999999999
346,6.632999999999999
347,6.431999999999999
348,6.197499999999999
349,5.962999999999999
350,5.594499999999998
351,5.594499999999998
352,5.627999999999999
353,5.7284999999999995
354,5.929499999999998
355,6.0634999999999994
356,6.231
357,6.364999999999999
358,6.532499999999999
359,6.632999999999999
360,6.498999999999998
361,6.532499999999999
362,6.699999999999998
363,6.733499999999999
364,6.766999999999999
365,6.766999999999999
366,6.8004999999999995
367,6.733499999999999
368,6.699999999999998
369,6.632999999999999
370,6.565999999999999
371,6.465499999999999
372,6.231
373,6.163999999999998
374,6.0299999999999985
375,5.929499999999998
376,5.962999999999999
377,6.096999999999999
378,6.264499999999999
379,6.264499999999999
380,6.264499999999999
381,6.231
382,6.264499999999999
383,6.297999999999999
384,6.331499999999998
385,6.3984999999999985
386,6.498999999999998
387,6.498999999999998
388,6.565999999999999
389,6.498999999999998
390,6.431999999999999
391,6.364999999999999
392,6.264499999999999
393,6.231
394,6.163999999999998
395,6.0634999999999994
396,5.996499999999998
397,5.7955
398,5.661499999999998
399,5.560999999999999
400,5.460499999999999
401,5.627999999999999
402,5.828999999999999
403,5.862499999999999
404,5.862499999999999
405,5.7955
406,5.627999999999999
407,5.694999999999999
408,5.694999999999999
409,5.828999999999999
410,5.7284999999999995
411,5.761999999999999
412,5.7284999999999995
413,5.828999999999999
414,5.862499999999999
415,5.7955
416,5.7955
417,5.7284999999999995
418,5.627999999999999
419,5.527499999999999
420,5.359999999999999
421,5.292999999999999
422,5.225999999999999
423,5.259499999999999
424,5.359999999999999
425,5.527499999999999
426,5.761999999999999
427,5.929499999999998
428,6.0299999999999985
429,5.761999999999999
430,5.661499999999998
431,5.661499999999998
432,5.7284999999999995
433,6.0299999999999985
434,6.0299999999999985
435,6.096999999999999
436,5.895999999999999
437,5.862499999999999
438,5.7284999999999995
439,5.661499999999998
440,5.426999999999999
441,5.192499999999999
442,5.024999999999999
443,4.857499999999999
444,4.6899999999999995
445,4.522499999999999
446,4.388499999999999
447,4.3214999999999995
448,4.421999999999999
449,4.622999999999999
450,4.7905
451,4.890999999999999
452,5.024999999999999
453,4.957999999999999
454,4.991499999999999
455,5.158999999999999
456,5.225999999999999
457,5.292999999999999
458,5.460499999999999
459,5.3934999999999995
460,5.426999999999999
461,5.493999999999998
462,5.560999999999999
463,5.359999999999999
464,5.225999999999999
465,5.024999999999999
466,4.824
467,4.656499999999999
468,4.522499999999999
469,4.455499999999999
470,4.3549999999999995
471,4.187499999999999
472,4.1205
473,4.254499999999999
474,4.220999999999999
475,4.3549999999999995
476,4.3214999999999995
477,4.220999999999999
478,4.187499999999999
479,4.02
480,3.885999999999999
481,3.6849999999999996
482,3.5844999999999994
483,3.517499999999999
484,3.483999999999999
485,3.517499999999999
486,3.5844999999999994
487,3.5509999999999993
488,3.6514999999999995
489,3.6179999999999994
490,3.517499999999999
491,3.3834999999999993
492,3.349999999999999
493,3.2829999999999995
494,3.249499999999999
495,3.1489999999999996
496,3.1155
497,3.249499999999999
498,3.4504999999999995
499,3.517499999999999
500,3.6179999999999994
501,3.751999999999999
502,3.8189999999999995
503,3.919499999999999
504,3.9864999999999995
505,4.287999999999999
506,4.622999999999999
507,5.024999999999999
508,5.1255
509,5.326499999999999
510,5.426999999999999
511,5.359999999999999
512,5.426999999999999
513,5.192499999999999
514,4.656499999999999
515,4.421999999999999
516,4.488999999999999
517,4.254499999999999
518,4.154
519,4.287999999999999
520,4.488999999999999
521,4.488999999999999
522,4.522499999999999
523,4.589499999999999
524,4.589499999999999
525,4.522499999999999
526,4.522499999999999
527,4.421999999999999
528,4.522499999999999
529,4.455499999999999
530,4.488999999999999
531,4.488999999999999
532,4.656499999999999
533,4.7235
534,4.957999999999999
535,4.924499999999998
536,5.024999999999999
537,4.957999999999999
538,4.7905
539,4.421999999999999
540,4.220999999999999
541,4.187499999999999
542,4.1205
543,4.154
544,4.522499999999999
545,4.656499999999999
546,4.756999999999999
547,4.756999999999999
548,4.656499999999999
549,4.555999999999999
550,4.388499999999999
551,4.254499999999999
552,4.187499999999999
553,4.053499999999999
554,3.885999999999999
555,3.751999999999999
556,3.8189999999999995
557,3.8189999999999995
558,3.7184999999999993
559,3.6849999999999996
560,3.5844999999999994
561,3.5844999999999994
562,3.751999999999999
563,3.885999999999999
564,4.086999999999999
565,3.7854999999999994
566,3.751999999999999
567,3.919499999999999
568,4.02
569,4.053499999999999
570,4.154
571,4.622999999999999
572,4.924499999999998
573,4.957999999999999
574,5.091999999999999
575,5.192499999999999
576,5.426999999999999
577,5.460499999999999
578,5.627999999999999
579,5.694999999999999
580,5.694999999999999
581,5.962999999999999
582,6.0299999999999985
583,6.264499999999999
584,6.431999999999999
585,6.465499999999999
586,6.096999999999999
587,5.7955
588,5.460499999999999
589,5.292999999999999
590,5.225999999999999
591,5.192499999999999
592,5.192499999999999
593,5.359999999999999
594,5.460499999999999
595,5.493999999999998
596,5.594499999999998
597,5.661499999999998
598,5.594499999999998
599,5.560999999999999
600,5.493999999999998
601,5.527499999999999
602,5.627999999999999
603,5.7955
604,5.828999999999999
605,5.761999999999999
606,5.7284999999999995
607,5.7284999999999995
608,5.7284999999999995
609,5.7284999999999995
610,5.460499999999999
611,5.292999999999999
612,4.957999999999999
613,4.857499999999999
614,4.656499999999999
615,4.857499999999999
616,5.426999999999999
617,5.359999999999999
618,5.359999999999999
619,5.3934999999999995
620,5.560999999999999
621,5.694999999999999
622,5.962999999999999
623,6.0299999999999985
624,6.0634999999999994
625,6.0299999999999985
626,6.0299999999999985
627,6.163999999999998
628,6.0634999999999994
629,5.929499999999998
630,5.962999999999999
631,6.0299999999999985
632,5.7955
633,5.895999999999999
634,5.7955
635,5.828999999999999
636,5.7955
637,5.7955
638,5.895999999999999
639,5.895999999999999
640,6.0299999999999985
641,6.130499999999999
642,6.0634999999999994
643,5.962999999999999
644,5.761999999999999
645,5.694999999999999
646,5.661499999999998
647,5.694999999999999
648,5.761999999999999
649,5.761999999999999
650,5.761999999999999
651,5.828999999999999
652,5.828999999999999
653,5.828999999999999
654,5.962999999999999
655,6.0634999999999994
656,6.130499999999999
657,6.197499999999999
658,6.163999999999998
659,6.096999999999999
660,5.862499999999999
661,5.594499999999998
662,5.493999999999998
663,5.493999999999998
664,5.460499999999999
665,5.627999999999999
666,5.7284999999999995
667,5.761999999999999
668,5.761999999999999
669,5.7284999999999995
670,5.828999999999999
671,5.996499999999998
672,6.163999999999998
673,6.364999999999999
674,6.364999999999999
675,6.632999999999999
676,6.666499999999998
677,6.666499999999998
678,6.699999999999998
679,6.532499999999999
680,6.532499999999999
681,6.666499999999998
682,6.498999999999998
683,6.231
684,5.895999999999999
685,5.7955
686,5.627999999999999
687,5.694999999999999
688,5.761999999999999
689,5.895999999999999
690,6.096999999999999
691,6.3984999999999985
692,6.833999999999999
693,6.967999999999998
694,7.1354999999999995
695,6.833999999999999
696,6.666499999999998
697,6.498999999999998
698,6.331499999999998
699,6.431999999999999
700,6.465499999999999
701,6.532499999999999
702,6.599499999999998
703,6.599499999999998
704,6.599499999999998
705,6.632999999999999
706,6.565999999999999
707,6.498999999999998
708,6.498999999999998
709,6.364999999999999
710,6.130499999999999
711,5.7955
712,6.0634999999999994
713,6.264499999999999
714,6.465499999999999
715,6.599499999999998
716,6.699999999999998
717,6.8004999999999995
718,6.967999999999998
719,7.068499999999999
720,7.068499999999999
721,7.1354999999999995
722,7.202499999999998
723,7.235999999999999
724,7.403499999999999
725,7.336499999999998
726,7.235999999999999
727,7.202499999999998
728,7.202499999999998
729,7.1019999999999985
730,7.068499999999999
731,6.900999999999999
732,6.699999999999998
733,6.297999999999999
734,5.661499999999998
735,5.761999999999999
736,5.962999999999999
737,6.264499999999999
738,6.766999999999999
739,7.336499999999998
740,7.604499999999998
741,7.771999999999998
742,8.0735
743,7.972999999999999
744,8.1405
745,8.173999999999998
746,7.738499999999998
747,7.8054999999999986
748,7.838999999999998
749,7.905999999999999
750,7.838999999999998
751,7.8054999999999986
752,7.738499999999998
753,7.604499999999998
754,7.470499999999999
755,7.336499999999998
756,7.235999999999999
757,7.001499999999998
758,6.766999999999999
759,6.565999999999999
760,6.532499999999999
761,6.632999999999999
762,7.034999999999998
763,7.034999999999998
764,7.034999999999998
765,7.034999999999998
766,7.168999999999999
767,7.202499999999998
768,7.168999999999999
769,7.235999999999999
770,7.336499999999998
771,7.4369999999999985
772,7.604499999999998
773,7.671499999999998
774,7.704999999999999
775,7.738499999999998
776,7.604499999999998
777,7.537499999999998
778,7.503999999999998
779,7.4369999999999985
780,7.336499999999998
781,7.302999999999999
782,7.302999999999999
783,7.336499999999998
784,7.369999999999999
785,7.4369999999999985
786,7.503999999999998
787,7.537499999999998
788,7.570999999999999
789,7.637999999999999
790,7.637999999999999
791,7.637999999999999
792,7.704999999999999
793,7.771999999999998
794,7.671499999999998
795,7.604499999999998
796,7.637999999999999
797,7.704999999999999
798,7.738499999999998
799,7.8054999999999986
800,7.872499999999999
801,7.872499999999999
802,7.905999999999999
803,7.8054999999999986
804,7.604499999999998
805,7.369999999999999
806,7.302999999999999
807,7.269499999999998
808,7.269499999999998
809,7.269499999999998
810,7.336499999999998
811,7.369999999999999
812,7.4369999999999985
813,7.503999999999998
814,7.738499999999998
815,7.738499999999998
816,7.8054999999999986
817,7.8054999999999986
818,7.838999999999998
819,7.838999999999998
820,7.872499999999999
821,7.8054999999999986
822,7.905999999999999
823,7.905999999999999
824,7.905999999999999
825,7.905999999999999
826,7.8054999999999986
827,7.671499999999998
828,7.604499999999998
829,7.503999999999998
830,7.336499999999998
831,7.202499999999998
832,7.302999999999999
833,7.1354999999999995
834,7.068499999999999
835,7.001499999999998
836,6.733499999999999
837,6.699999999999998
838,6.565999999999999
839,6.231
840,5.493999999999998
841,5.1255
842,4.924499999999998
843,4.924499999999998
844,4.924499999999998
845,4.890999999999999
846,4.924499999999998
847,4.890999999999999
848,4.890999999999999
849,4.756999999999999
850,4.522499999999999
851,4.388499999999999
852,4.3214999999999995
853,4.254499999999999
854,4.3214999999999995
855,4.154
856,4.1205
857,4.220999999999999
858,4.254499999999999
859,4.187499999999999
860,4.3214999999999995
861,4.287999999999999
862,4.053499999999999
863,3.6179999999999994
864,3.5509999999999993
865,3.5844999999999994
866,3.7184999999999993
867,4.053499999999999
868,3.919499999999999
869,3.7854999999999994
870,3.6849999999999996
871,3.7184999999999993
872,3.6179999999999994
873,3.5844999999999994
874,3.7184999999999993
875,3.751999999999999
876,3.6514999999999995
877,3.4504999999999995
878,3.3164999999999996
879,3.081999999999999
880,3.0484999999999993
881,3.0149999999999992
882,2.9144999999999994
883,2.9144999999999994
884,3.2159999999999993
885,3.349999999999999
886,3.4169999999999994
887,3.4504999999999995
888,3.4504999999999995
889,3.5509999999999993
890,3.7184999999999993
891,3.919499999999999
892,4.086999999999999
893,4.154
894,4.3549999999999995
895,4.7235
896,4.890999999999999
897,4.957999999999999
898,4.7905
899,4.924499999999998
900,5.058499999999999
901,5.259499999999999
902,5.259499999999999
903,4.957999999999999
904,4.7905
905,4.7235
906,4.824
907,4.824
908,4.924499999999998
909,5.292999999999999
910,5.962999999999999
911,5.761999999999999
912,5.962999999999999
913,5.862499999999999
914,5.7955
915,5.862499999999999
916,5.761999999999999
917,6.264499999999999
918,6.3984999999999985
919,6.364999999999999
920,6.431999999999999
921,6.331499999999998
922,6.197499999999999
923,6.130499999999999
924,5.862499999999999
925,5.627999999999999
926,6.599499999999998
927,6.565999999999999
928,6.231
929,6.0634999999999994
930,6.130499999999999
931,6.264499999999999
932,6.264499999999999
933,6.163999999999998
934,6.130499999999999
935,6.231
936,6.130499999999999
937,6.297999999999999
938,6.331499999999998
939,6.498999999999998
940,6.666499999999998
941,6.632999999999999
942,6.699999999999998
943,6.599499999999998
944,6.599499999999998
945,6.498999999999998
946,6.364999999999999
947,6.231
948,6.0299999999999985
949,5.828999999999999
950,5.694999999999999
951,5.560999999999999
952,5.7955
953,5.996499999999998
954,6.264499999999999
955,6.465499999999999
956,6.532499999999999
957,6.599499999999998
958,6.699999999999998
959,6.632999999999999
960,6.565999999999999
961,6.498999999999998
962,6.532499999999999
963,6.599499999999998
964,6.666499999999998
965,6.699999999999998
966,6.565999999999999
967,6.498999999999998
968,6.565999999999999
969,6.632999999999999
970,6.532499999999999
971,6.3984999999999985
972,6.264499999999999
973,6.163999999999998
974,5.996499999999998
975,6.163999999999998
976,6.0634999999999994
977,5.929499999999998
978,5.962999999999999
979,6.163999999999998
980,6.297999999999999
981,6.297999999999999
982,6.096999999999999
983,5.761999999999999
984,5.426999999999999
985,5.1255
986,4.6899999999999995
987,4.622999999999999
988,4.656499999999999
989,4.756999999999999
990,4.857499999999999
991,4.924499999999998
992,4.957999999999999
993,4.957999999999999
994,4.890999999999999
995,4.924499999999998
996,5.024999999999999
997,5.3934999999999995
998,5.627999999999999
999,5.694999999999999
1000,5.694999999999999
1001,5.7955
1002,6.163999999999998
1003,6.264499999999999
1004,6.431999999999999
1005,7.068499999999999
1006,7.1354999999999995
1007,7.202499999999998
1008,7.403499999999999
1009,7.470499999999999
1010,7.369999999999999
1011,7.403499999999999
1012,7.302999999999999
1013,7.235999999999999
1014,7.168999999999999
1015,7.1354999999999995
1016,7.034999999999998
1017,6.967999999999998
1018,6.632999999999999
1019,6.197499999999999
1020,6.0299999999999985
1021,5.895999999999999
1022,5.895999999999999
1023,6.0299999999999985
1024,6.0299999999999985
1025,5.962999999999999
1026,5.862499999999999
1027,5.7955
1028,5.7284999999999995
1029,5.661499999999998
1030,5.560999999999999
1031,5.460499999999999
1032,5.326499999999999
1033,5.1255
1034,5.024999999999999
1035,5.024999999999999
1036,4.991499999999999
1037,4.991499999999999
1038,4.991499999999999
1039,4.957999999999999
1040,4.957999999999999
1041,4.890999999999999
1042,4.824
1043,4.7235
1044,4.555999999999999
1045,4.488999999999999
1046,4.3214999999999995
1047,4.254499999999999
1048,4.254499999999999
1049,4.3549999999999995
1050,4.522499999999999
1051,4.589499999999999
1052,4.656499999999999
1053,4.656499999999999
1054,4.7235
1055,4.6899999999999995
1056,4.7235
1057,4.7235
1058,4.7905
1059,4.824
1060,4.890999999999999
1061,4.924499999999998
1062,4.991499999999999
1063,5.058499999999999
1064,5.1255
1065,5.058499999999999
1066,4.824
1067,4.589499999999999
1068,4.421999999999999
1069,4.3549999999999995
1070,4.3214999999999995
1071,4.254499999999999
1072,4.3214999999999995
1073,4.421999999999999
1074,4.589499999999999
1075,4.656499999999999
1076,4.756999999999999
1077,4.756999999999999
1078,4.7235
1079,4.7905
1080,4.991499999999999
1081,5.024999999999999
1082,5.091999999999999
1083,5.1255
1084,5.326499999999999
1085,5.527499999999999
1086,5.661499999999998
1087,5.7955
1088,5.895999999999999
1089,5.7955
1090,5.493999999999998
1091,5.292999999999999
1092,5.091999999999999
1093,4.924499999999998
1094,4.7905
1095,4.7235
1096,4.7905
1097,4.890999999999999
1098,4.991499999999999
1099,5.292999999999999
1100,5.493999999999998
1101,5.7284999999999995
1102,6.096999999999999
1103,6.331499999999998
1104,6.130499999999999
1105,6.833999999999999
1106,7.202499999999998
1107,7.336499999999998
1108,6.967999999999998
1109,6.967999999999998
1110,6.900999999999999
1111,6.733499999999999
1112,6.532499999999999
1113,6.3984999999999985
1114,6.197499999999999
1115,6.0299999999999985
1116,5.996499999999998
1117,5.862499999999999
1118,5.761999999999999
1119,5.7284999999999995
1120,5.661499999999998
1121,5.661499999999998
1122,5.694999999999999
1123,5.828999999999999
1124,5.828999999999999
1125,5.828999999999999
1126,5.862499999999999
1127,5.895999999999999
1128,5.929499999999998
1129,6.0299999999999985
1130,6.096999999999999
1131,6.0634999999999994
1132,6.163999999999998
1133,6.163999999999998
1134,6.197499999999999
1135,6.130499999999999
1136,6.264499999999999
1137,6.264499999999999
1138,6.130499999999999
1139,6.0299999999999985
1140,5.895999999999999
1141,5.627999999999999
1142,5.3934999999999995
1143,5.326499999999999
1144,5.292999999999999
1145,5.359999999999999
1146,5.359999999999999
1147,5.3934999999999995
1148,5.426999999999999
1149,5.493999999999998
1150,5.661499999999998
1151,5.7284999999999995
1152,5.694999999999999
1153,5.661499999999998
1154,5.661499999999998
1155,5.7284999999999995
1156,5.761999999999999
1157,5.694999999999999
1158,5.862499999999999
1159,5.862499999999999
1160,5.895999999999999
1161,5.962999999999999
1162,5.527499999999999
1163,5.1255
1164,4.7235
1165,4.3549999999999995
1166,4.3549999999999995
1167,4.388499999999999
1168,4.220999999999999
1169,4.656499999999999
1170,5.225999999999999
1171,5.594499999999998
1172,5.828999999999999
1173,5.828999999999999
1174,5.996499999999998
1175,6.096999999999999
1176,6.364999999999999
1177,6.599499999999998
1178,6.599499999999998
1179,6.8004999999999995
1180,6.900999999999999
1181,6.766999999999999
1182,6.900999999999999
1183,7.001499999999998
1184,6.967999999999998
1185,6.867499999999999
1186,6.733499999999999
1187,6.599499999999998
1188,6.364999999999999
1189,6.364999999999999
1190,6.297999999999999
1191,6.0299999999999985
1192,6.130499999999999
1193,6.331499999999998
1194,6.498999999999998
1195,6.733499999999999
1196,6.967999999999998
1197,7.1019999999999985
1198,7.168999999999999
1199,6.934499999999998
1200,6.599499999999998
1201,6.231
1202,5.929499999999998
1203,5.661499999999998
1204,5.7284999999999995
1205,5.694999999999999
1206,5.7284999999999995
1207,5.895999999999999
1208,5.962999999999999
1209,5.7284999999999995
1210,5.493999999999998
1211,5.225999999999999
1212,5.058499999999999
1213,4.857499999999999
1214,4.7905
1215,4.7235
1216,4.6899999999999995
1217,4.824
1218,4.924499999999998
1219,5.058499999999999
1220,5.1255
1221,5.225999999999999
1222,5.292999999999999
1223,5.3934999999999995
1224,5.426999999999999
1225,5.493999999999998
1226,5.493999999999998
1227,5.560999999999999
1228,5.627999999999999
1229,5.627999999999999
1230,5.560999999999999
1231,5.527499999999999
1232,5.3934999999999995
1233,5.225999999999999
1234,5.058499999999999
1235,4.957999999999999
1236,4.756999999999999
1237,4.589499999999999
1238,4.555999999999999
1239,4.555999999999999
1240,4.488999999999999
1241,4.522499999999999
1242,4.6899999999999995
1243,4.857499999999999
1244,4.991499999999999
1245,5.024999999999999
1246,5.259499999999999
1247,5.460499999999999
1248,5.527499999999999
1249,5.7284999999999995
1250,5.895999999999999
1251,5.996499999999998
1252,5.895999999999999
1253,5.862499999999999
1254,5.761999999999999
1255,5.560999999999999
1256,5.527499999999999
1257,5.493999999999998
1258,5.359999999999999
1259,5.426999999999999
1260,5.1255
1261,5.3934999999999995
1262,5.3934999999999995
1263,5.058499999999999
1264,5.560999999999999
1265,5.996499999999998
1266,6.0634999999999994
1267,6.0634999999999994
1268,5.996499999999998
1269,5.929499999999998
1270,6.0634999999999994
1271,6.0634999999999994
1272,6.096999999999999
1273,6.096999999999999
1274,6.0634999999999994
1275,6.163999999999998
1276,6.465499999999999
1277,6.632999999999999
1278,6.766999999999999
1279,7.001499999999998
1280,7.068499999999999
1281,6.867499999999999
1282,6.465499999999999
1283,6.197499999999999
1284,6.130499999999999
1285,5.828999999999999
1286,5.7284999999999995
1287,5.761999999999999
1288,5.560999999999999
1289,5.895999999999999
1290,6.297999999999999
1291,6.498999999999998
1292,6.8004999999999995
1293,7.034999999999998
1294,7.1354999999999995
1295,7.235999999999999
1296,7.403499999999999
1297,7.604499999999998
1298,7.738499999999998
1299,7.838999999999998
1300,8.04
1301,8.1405
1302,8.274499999999998
1303,8.508999999999999
1304,8.7435
1305,8.508999999999999
1306,8.1405
1307,7.939499999999999
1308,7.604499999999998
1309,7.235999999999999
1310,6.967999999999998
1311,6.867499999999999
1312,6.699999999999998
1313,6.699999999999998
1314,7.202499999999998
1315,7.604499999999998
1316,7.637999999999999
1317,7.537499999999998
1318,7.470499999999999
1319,7.4369999999999985
1320,7.369999999999999
1321,7.403499999999999
1322,7.369999999999999
1323,7.403499999999999
1324,7.470499999999999
1325,7.637999999999999
1326,7.537499999999998
1327,7.604499999999998
1328,7.704999999999999
1329,7.570999999999999
1330,7.235999999999999
1331,6.766999999999999
1332,6.532499999999999
1333,6.532499999999999
1334,6.297999999999999
1335,6.096999999999999
1336,6.431999999999999
1337,6.431999999999999
1338,6.599499999999998
1339,7.1019999999999985
1340,7.001499999999998
1341,6.8004999999999995
1342,6.8004999999999995
1343,6.833999999999999
1344,6.934499999999998
1345,6.900999999999999
1346,6.900999999999999
1347,7.001499999999998
1348,6.934499999999998
1349,6.967999999999998
1350,6.967999999999998
1351,7.034999999999998
1352,7.001499999999998
1353,6.900999999999999
1354,6.766999999999999
1355,6.599499999999998
1356,6.3984999999999985
1357,6.264499999999999
1358,5.761999999999999
1359,5.828999999999999
1360,5.962999999999999
1361,6.197499999999999
1362,6.297999999999999
1363,6.666499999999998
1364,6.699999999999998
1365,6.967999999999998
1366,7.202499999999998
1367,7.302999999999999
1368,7.470499999999999
1369,7.537499999999998
1370,7.4369999999999985
1371,7.537499999999998
1372,7.570999999999999
1373,7.671499999999998
1374,7.738499999999998
1375,7.771999999999998
1376,7.8054999999999986
1377,7.4369999999999985
1378,6.900999999999999
1379,6.431999999999999
1380,6.0299999999999985
1381,5.7284999999999995
1382,5.7284999999999995
1383,5.694999999999999
1384,5.527499999999999
1385,5.560999999999999
1386,5.828999999999999
1387,6.231
1388,6.197499999999999
1389,6.130499999999999
1390,6.163999999999998
1391,6.130499999999999
1392,6.197499999999999
1393,6.264499999999999
1394,6.3984999999999985
1395,6.3984999999999985
1396,6.465499999999999
1397,6.532499999999999
1398,6.867499999999999
1399,7.235999999999999
1400,7.202499999999998
1401,6.699999999999998
1402,6.163999999999998
1403,5.627999999999999
1404,5.158999999999999
1405,5.192499999999999
1406,5.091999999999999
1407,5.091999999999999
1408,5.024999999999999
1409,5.091999999999999
1410,5.292999999999999
1411,5.694999999999999
1412,5.962999999999999
1413,6.197499999999999
1414,6.364999999999999
1415,6.3984999999999985
1416,6.431999999999999
1417,6.130499999999999
1418,6.0634999999999994
1419,5.962999999999999
1420,6.197499999999999
1421,6.364999999999999
1422,6.297999999999999
1423,6.364999999999999
1424,6.431999999999999
1425,6.498999999999998
1426,6.3984999999999985
1427,6.163999999999998
1428,5.929499999999998
1429,5.895999999999999
1430,5.996499999999998
1431,6.264499999999999
1432,6.565999999999999
1433,6.666499999999998
1434,6.867499999999999
1435,6.833999999999999
1436,6.867499999999999
1437,6.900999999999999
1438,6.900999999999999
1439,6.900999999999999
1440,6.900999999999999
1441,6.934499999999998
1442,6.900999999999999
1443,6.867499999999999
1444,6.900999999999999
1445,6.934499999999998
1446,7.001499999999998
1447,7.034999999999998
1448,7.034999999999998
1449,6.867499999999999
1450,6.733499999999999
1451,6.565999999999999
1452,6.498999999999998
1453,6.0634999999999994
1454,6.3984999999999985
1455,6.565999999999999
1456,6.532499999999999
1457,6.565999999999999
1458,6.699999999999998
1459,6.900999999999999
1460,7.034999999999998
1461,7.168999999999999
1462,7.269499999999998
1463,7.4369999999999985
1464,7.604499999999998
1465,7.604499999999998
1466,7.637999999999999
1467,7.671499999999998
1468,7.704999999999999
1469,7.704999999999999
1470,7.671499999999998
1471,7.637999999999999
1472,7.604499999999998
1473,7.570999999999999
1474,7.403499999999999
1475,7.235999999999999
1476,7.168999999999999
1477,7.034999999999998
1478,6.934499999999998
1479,7.001499999999998
1480,7.001499999999998
1481,6.967999999999998
1482,7.1019999999999985
1483,7.235999999999999
1484,7.302999999999999
1485,7.269499999999998
1486,7.269499999999998
1487,7.235999999999999
1488,7.1019999999999985
1489,7.001499999999998
1490,7.001499999999998
1491,6.934499999999998
1492,6.967999999999998
1493,7.001499999999998
1494,7.034999999999998
1495,7.068499999999999
1496,7.034999999999998
1497,6.967999999999998
1498,6.867499999999999
1499,6.699999999999998
1500,6.632999999999999
1501,6.465499999999999
1502,6.364999999999999
1503,6.3984999999999985
1504,6.3984999999999985
1505,6.465499999999999
1506,6.565999999999999
1507,6.599499999999998
1508,6.632999999999999
1509,6.666499999999998
1510,6.699999999999998
1511,6.666499999999998
1512,6.699999999999998
1513,6.733499999999999
1514,6.666499999999998
1515,6.666499999999998
1516,6.8004999999999995
1517,6.833999999999999
1518,6.867499999999999
1519,6.8004999999999995
1520,6.934499999999998
1521,6.666499999999998
1522,6.599499999999998
1523,6.3984999999999985
1524,6.264499999999999
1525,5.828999999999999
1526,5.929499999999998
1527,5.493999999999998
1528,5.493999999999998
1529,5.7955
1530,6.163999999999998
1531,6.766999999999999
1532,7.336499999999998
1533,7.503999999999998
1534,7.537499999999998
1535,7.369999999999999
1536,7.537499999999998
1537,7.637999999999999
1538,7.637999999999999
1539,7.8054999999999986
1540,7.704999999999999
1541,7.838999999999998
1542,7.671499999999998
1543,7.604499999999998
1544,7.4369999999999985
1545,7.001499999999998
1546,6.431999999999999
1547,5.862499999999999
1548,5.426999999999999
1549,4.991499999999999
1550,4.6899999999999995
1551,4.555999999999999
1552,4.522499999999999
1553,4.6899999999999995
1554,5.225999999999999
1555,5.661499999999998
1556,5.996499999999998
1557,6.130499999999999
1558,6.297999999999999
1559,6.565999999999999
1560,6.666499999999998
1561,6.666499999999998
1562,6.8004999999999995
1563,6.867499999999999
1564,6.934499999999998
1565,6.833999999999999
1566,6.699999999999998
1567,6.699999999999998
1568,6.364999999999999
1569,6.0634999999999994
1570,5.7284999999999995
1571,5.493999999999998
1572,5.527499999999999
1573,5.225999999999999
1574,4.6899999999999995
1575,4.388499999999999
1576,4.02
1577,4.02
1578,4.187499999999999
1579,4.421999999999999
1580,4.522499999999999
1581,4.488999999999999
1582,4.589499999999999
1583,4.7235
1584,4.756999999999999
1585,4.924499999999998
1586,5.1255
1587,5.1255
1588,5.1255
1589,5.225999999999999
1590,5.627999999999999
1591,5.560999999999999
1592,5.426999999999999
1593,4.756999999999999
1594,4.053499999999999
1595,3.9864999999999995
1596,3.7854999999999994
1597,3.4169999999999994
1598,3.5509999999999993
1599,3.5844999999999994
1600,3.4504999999999995
1601,3.5844999999999994
1602,3.8189999999999995
1603,3.9864999999999995
1604,3.9864999999999995
1605,3.8524999999999996
1606,3.6849999999999996
1607,3.4504999999999995
1608,3.4504999999999995
1609,3.5509999999999993
1610,3.6849999999999996
1611,3.9529999999999994
1612,4.3549999999999995
1613,4.3549999999999995
1614,4.187499999999999
1615,4.053499999999999
1616,4.1205
1617,3.8189999999999995
1618,3.5844999999999994
1619,3.3834999999999993
1620,3.1824999999999997
1621,3.2829999999999995
1622,3.885999999999999
1623,3.9529999999999994
1624,3.7184999999999993
1625,3.6514999999999995
1626,3.5509999999999993
1627,3.6179999999999994
1628,3.7184999999999993
1629,3.751999999999999
1630,3.8189999999999995
1631,3.8189999999999995
1632,3.8524999999999996
1633,3.8189999999999995
1634,3.885999999999999
1635,3.919499999999999
1636,3.9864999999999995
1637,4.086999999999999
1638,4.086999999999999
1639,4.154
1640,4.086999999999999
1641,4.02
1642,3.7854999999999994
1643,3.5509999999999993
1644,3.2829999999999995
1645,3.1489999999999996
1646,3.081999999999999
1647,3.517499999999999
1648,3.4169999999999994
1649,3.2829999999999995
1650,3.5509999999999993
1651,3.5509999999999993
1652,3.5509999999999993
1653,3.517499999999999
1654,3.517499999999999
1655,3.5844999999999994
1656,3.6179999999999994
1657,3.5509999999999993
1658,3.5509999999999993
1659,3.5844999999999994
1660,3.5509999999999993
1661,3.6849999999999996
1662,3.7184999999999993
1663,3.7184999999999993
1664,3.7184999999999993
1665,3.6179999999999994
1666,3.483999999999999
1667,3.249499999999999
1668,2.8809999999999993
1669,2.7134999999999994
1670,2.613
1671,2.6464999999999996
1672,2.613
1673,2.9479999999999995
1674,3.0149999999999992
1675,3.081999999999999
1676,3.1489999999999996
1677,3.3164999999999996
1678,3.2159999999999993
1679,3.1155
1680,3.081999999999999
1681,2.8139999999999996
1682,2.5459999999999994
1683,2.6464999999999996
1684,3.081999999999999
1685,3.517499999999999
1686,3.751999999999999
1687,3.751999999999999
1688,3.6514999999999995
1689,3.5509999999999993
1690,3.8189999999999995
1691,3.9529999999999994
1692,3.5844999999999994
1693,3.5844999999999994
1694,3.6514999999999995
1695,3.6849999999999996
1696,3.6179999999999994
1697,3.7184999999999993
1698,3.9529999999999994
1699,4.421999999999999
1700,4.890999999999999
1701,5.225999999999999
1702,5.460499999999999
1703,5.426999999999999
1704,5.259499999999999
1705,5.024999999999999
1706,4.924499999999998
1707,4.957999999999999
1708,5.158999999999999
1709,5.259499999999999
1710,5.560999999999999
1711,5.7955
1712,5.560999999999999
1713,5.024999999999999
1714,4.622999999999999
1715,4.220999999999999
1716,3.6849999999999996
1717,3.517499999999999
1718,3.517499999999999
1719,3.517499999999999
1720,3.517499999999999
1721,3.6179999999999994
1722,3.8524999999999996
1723,4.421999999999999
1724,4.924499999999998
1725,5.493999999999998
1726,5.594499999999998
1727,5.627999999999999
1728,5.661499999999998
1729,5.3934999999999995
1730,5.3934999999999995
1731,5.259499999999999
1732,5.225999999999999
1733,5.192499999999999
1734,5.192499999999999
1735,5.091999999999999
1736,5.1255
1737,4.7235
1738,4.154
1739,3.6849999999999996
1740,3.4169999999999994
1741,2.9479999999999995
1742,2.6799999999999997
1743,2.6464999999999996
1744,2.9479999999999995
1745,3.6849999999999996
1746,3.885999999999999
1747,4.086999999999999
1748,4.287999999999999
1749,4.388499999999999
1750,4.421999999999999
1751,4.488999999999999
1752,4.555999999999999
1753,4.522499999999999
1754,4.488999999999999
1755,4.522499999999999
1756,4.522499999999999
1757,4.488999999999999
1758,4.555999999999999
1759,4.6899999999999995
1760,4.656499999999999
1761,4.488999999999999
1762,4.522499999999999
1763,4.3549999999999995
1764,4.455499999999999
1765,4.522499999999999
1766,4.455499999999999
1767,4.388499999999999
1768,4.488999999999999
1769,4.522499999999999
1770,4.589499999999999
1771,4.6899999999999995
1772,4.756999999999999
1773,4.7235
1774,4.7905
1775,4.924499999999998
1776,5.024999999999999
1777,5.1255
1778,5.158999999999999
1779,5.192499999999999
1780,5.225999999999999
1781,5.292999999999999
1782,5.359999999999999
1783,5.3934999999999995
1784,5.359999999999999
1785,5.225999999999999
1786,5.091999999999999
1787,4.890999999999999
1788,4.756999999999999
1789,4.522499999999999
1790,4.388499999999999
1791,4.287999999999999
1792,4.220999999999999
1793,4.187499999999999
1794,4.3214999999999995
1795,4.522499999999999
1796,4.857499999999999
1797,4.756999999999999
1798,4.890999999999999
1799,4.957999999999999
1800,5.158999999999999
1801,5.158999999999999
1802,5.024999999999999
1803,5.058499999999999
1804,5.225999999999999
1805,5.225999999999999
1806,5.1255
1807,5.158999999999999
1808,4.957999999999999
1809,4.6899999999999995
1810,4.220999999999999
1811,3.919499999999999
1812,3.9864999999999995
1813,3.9529999999999994
1814,3.7184999999999993
1815,3.4504999999999995
1816,3.3834999999999993
1817,3.4504999999999995
1818,3.9529999999999994
1819,4.589499999999999
1820,5.024999999999999
1821,5.426999999999999
1822,5.7955
1823,5.962999999999999
1824,6.431999999999999
1825,7.068499999999999
1826,6.632999999999999
1827,6.197499999999999
1828,6.197499999999999
1829,6.163999999999998
1830,6.163999999999998
1831,6.264499999999999
1832,6.264499999999999
1833,6.197499999999999
1834,5.996499999999998
1835,5.7284999999999995
1836,5.225999999999999
1837,5.024999999999999
1838,4.555999999999999
1839,4.1205
1840,3.919499999999999
1841,3.919499999999999
1842,4.220999999999999
1843,4.6899999999999995
1844,5.359999999999999
1845,5.895999999999999
1846,6.0634999999999994
1847,6.465499999999999
1848,6.8004999999999995
1849,6.867499999999999
1850,7.302999999999999
1851,7.4369999999999985
1852,7.570999999999999
1853,7.1019999999999985
1854,6.599499999999998
1855,6.3984999999999985
1856,6.0634999999999994
1857,5.594499999999998
1858,5.158999999999999
1859,5.158999999999999
1860,4.6899999999999995
1861,4.254499999999999
1862,3.9529999999999994
1863,3.751999999999999
1864,3.5844999999999994
1865,3.7184999999999993
1866,3.885999999999999
1867,4.522499999999999
1868,4.957999999999999
1869,5.058499999999999
1870,5.560999999999999
1871,5.7955
1872,5.996499999999998
1873,6.364999999999999
1874,7.034999999999998
1875,7.336499999999998
1876,7.570999999999999
1877,7.570999999999999
1878,7.671499999999998
1879,7.872499999999999
1880,7.235999999999999
1881,6.096999999999999
1882,5.3934999999999995
1883,5.1255
1884,4.824
1885,4.622999999999999
1886,4.287999999999999
1887,4.187499999999999
1888,4.220999999999999
1889,4.3214999999999995
1890,4.589499999999999
1891,5.225999999999999
1892,5.694999999999999
1893,6.264499999999999
1894,6.632999999999999
1895,7.1354999999999995
1896,7.4369999999999985
1897,7.4369999999999985
1898,7.671499999999998
1899,7.671499999999998
1900,7.637999999999999
1901,7.671499999999998
1902,7.771999999999998
1903,8.006499999999999
1904,7.202499999999998
1905,6.0299999999999985
1906,5.058499999999999
1907,4.622999999999999
1908,4.154
1909,4.02
1910,3.6849999999999996
1911,3.517499999999999
1912,3.3164999999999996
1913,3.3164999999999996
1914,3.6514999999999995
1915,4.220999999999999
1916,4.7905
1917,5.091999999999999
1918,5.627999999999999
1919,5.962999999999999
1920,6.197499999999999
1921,6.096999999999999
1922,6.231
1923,5.7955
1924,5.862499999999999
1925,5.761999999999999
1926,5.627999999999999
1927,5.493999999999998
1928,5.426999999999999
1929,5.024999999999999
1930,4.522499999999999
1931,4.254499999999999
1932,4.02
1933,3.751999999999999
1934,3.7854999999999994
1935,3.5844999999999994
1936,3.6514999999999995
1937,3.7854999999999994
1938,3.885999999999999
1939,4.053499999999999
1940,4.287999999999999
1941,4.488999999999999
1942,4.6899999999999995
1943,4.6899999999999995
1944,4.6899999999999995
1945,4.656499999999999
1946,4.589499999999999
1947,4.656499999999999
1948,4.622999999999999
1949,4.589499999999999
1950,4.656499999999999
1951,4.622999999999999
1952,4.589499999999999
1953,4.555999999999999
1954,4.388499999999999
1955,4.220999999999999
1956,4.522499999999999
1957,4.7905
1958,4.7235
1959,4.6899999999999995
1960,4.857499999999999
1961,5.1255
1962,5.091999999999999
1963,5.359999999999999
1964,5.761999999999999
1965,5.862499999999999
1966,6.0299999999999985
1967,6.130499999999999
1968,6.197499999999999
1969,6.163999999999998
1970,6.096999999999999
1971,6.130499999999999
1972,6.163999999999998
1973,6.331499999999998
1974,6.364999999999999
1975,6.431999999999999
1976,6.197499999999999
1977,5.694999999999999
1978,5.326499999999999
1979,5.024999999999999
1980,5.1255
1981,5.460499999999999
1982,5.058499999999999
1983,5.024999999999999
1984,4.991499999999999
1985,5.091999999999999
1986,5.359999999999999
1987,5.895999999999999
1988,6.465499999999999
1989,6.934499999999998
1990,7.202499999999998
1991,7.068499999999999
1992,6.666499999999998
1993,6.163999999999998
1994,5.761999999999999
1995,5.493999999999998
1996,5.560999999999999
1997,5.560999999999999
1998,5.594499999999998
1999,5.661499999999998
2000,5.661499999999998
2001,5.426999999999999
2002,5.192499999999999
2003,5.091999999999999
2004,4.824
2005,4.589499999999999
2006,4.488999999999999
2007,4.187499999999999
2008,4.254499999999999
2009,4.187499999999999
2010,4.3214999999999995
2011,4.589499999999999
2012,4.991499999999999
2013,5.460499999999999
2014,5.3934999999999995
2015,5.694999999999999
2016,5.527499999999999
2017,5.560999999999999
2018,5.694999999999999
2019,5.694999999999999
2020,5.7284999999999995
2021,5.895999999999999
2022,5.895999999999999
2023,5.7955
2024,5.460499999999999
2025,4.7235
2026,4.488999999999999
2027,3.919499999999999
2028,3.4504999999999995
2029,3.2829999999999995
2030,3.1155
2031,3.081999999999999
2032,3.1155
2033,3.1155
2034,3.1155
2035,3.081999999999999
2036,2.9814999999999996
2037,3.349999999999999
2038,3.8189999999999995
2039,3.751999999999999
2040,3.7184999999999993
2041,3.6179999999999994
2042,3.5844999999999994
2043,3.6514999999999995
2044,3.8524999999999996
2045,3.9864999999999995
2046,4.154
2047,4.388499999999999
2048,4.3214999999999995
2049,4.053499999999999
2050,3.7854999999999994
2051,3.3164999999999996
2052,2.8474999999999997
2053,2.7134999999999994
2054,2.746999999999999
2055,2.6464999999999996
2056,2.3784999999999994
2057,2.6799999999999997
2058,2.7804999999999995
2059,3.081999999999999
2060,3.3834999999999993
2061,3.349999999999999
2062,3.0149999999999992
2063,3.1824999999999997
2064,3.1489999999999996
2065,3.081999999999999
2066,3.2159999999999993
2067,3.7184999999999993
2068,4.656499999999999
2069,5.1255
2070,5.292999999999999
2071,5.359999999999999
2072,5.158999999999999
2073,4.7235
2074,4.522499999999999
2075,4.3214999999999995
2076,4.421999999999999
2077,4.3214999999999995
2078,4.3214999999999995
2079,4.589499999999999
2080,4.7905
2081,4.7905
2082,4.957999999999999
2083,5.058499999999999
2084,5.1255
2085,5.058499999999999
2086,5.225999999999999
2087,5.259499999999999
2088,5.292999999999999
2089,5.3934999999999995
2090,5.460499999999999
2091,5.694999999999999
2092,5.661499999999998
2093,5.493999999999998
2094,5.460499999999999
2095,5.594499999999998
2096,5.292999999999999
2097,5.292999999999999
2098,4.824
2099,4.622999999999999
2100,4.656499999999999
2101,4.388499999999999
2102,4.388499999999999
2103,4.455499999999999
2104,4.622999999999999
2105,4.421999999999999
2106,4.890999999999999
2107,5.091999999999999
2108,5.259499999999999
2109,5.292999999999999
2110,5.326499999999999
2111,5.359999999999999
2112,5.259499999999999
2113,5.192499999999999
2114,5.225999999999999
2115,5.058499999999999
2116,5.058499999999999
2117,5.024999999999999
2118,4.991499999999999
2119,5.192499999999999
2120,4.890999999999999
2121,4.589499999999999
2122,4.02
2123,3.7184999999999993
2124,3.349999999999999
2125,3.0149999999999992
2126,3.081999999999999
2127,3.081999999999999
2128,3.1155
2129,3.1489999999999996
2130,3.2159999999999993
2131,3.3834999999999993
2132,3.9529999999999994
2133,4.388499999999999
2134,4.924499999999998
2135,5.058499999999999
2136,5.527499999999999
2137,5.862499999999999
2138,6.197499999999999
2139,6.231
2140,6.231
2141,6.231
2142,6.264499999999999
2143,6.264499999999999
2144,5.627999999999999
2145,4.656499999999999
2146,3.8524999999999996
2147,3.4504999999999995
2148,3.1489999999999996
2149,2.8139999999999996
2150,2.5794999999999995
2151,2.4119999999999995
2152,2.3114999999999997
2153,2.244499999999999
2154,2.3449999999999998
2155,2.9144999999999994
2156,3.885999999999999
2157,4.589499999999999
2158,5.259499999999999
2159,5.627999999999999
2160,5.7284999999999995
2161,6.0634999999999994
2162,5.7955
2163,5.929499999999998
2164,6.096999999999999
2165,6.130499999999999
2166,6.599499999999998
2167,6.431999999999999
2168,4.957999999999999
2169,4.254499999999999
2170,3.4169999999999994
2171,2.7804999999999995
2172,2.3449999999999998
2173,1.9764999999999997
2174,1.7084999999999997
2175,1.4405000000000001
2176,1.4739999999999993
2177,1.5074999999999996
2178,1.8424999999999998
2179,2.4119999999999995
2180,3.349999999999999
2181,3.9529999999999994
2182,4.589499999999999
2183,4.656499999999999
2184,4.7235
2185,5.7955
2186,6.197499999999999
2187,6.297999999999999
2188,6.599499999999998
2189,6.699999999999998
2190,7.068499999999999
2191,6.565999999999999
2192,5.694999999999999
2193,4.1205
2194,3.4504999999999995
2195,2.9814999999999996
2196,2.244499999999999
2197,2.3784999999999994
2198,2.244499999999999
2199,2.2109999999999994
2200,2.1105
2201,2.3114999999999997
2202,2.3449999999999998
2203,2.9479999999999995
2204,4.02
2205,4.6899999999999995
2206,5.1255
2207,5.359999999999999
2208,5.024999999999999
2209,4.824
2210,5.225999999999999
2211,5.259499999999999
2212,5.1255
2213,4.924499999999998
2214,4.7905
2215,4.857499999999999
2216,4.589499999999999
2217,4.02
2218,3.7184999999999993
2219,3.4504999999999995
2220,3.4169999999999994
2221,3.349999999999999
2222,3.6514999999999995
2223,3.8524999999999996
2224,4.154
2225,3.9529999999999994
2226,4.154
2227,4.589499999999999
2228,4.857499999999999
2229,5.1255
2230,5.359999999999999
2231,5.292999999999999
2232,5.158999999999999
2233,4.890999999999999
2234,4.6899999999999995
2235,4.555999999999999
2236,4.656499999999999
2237,4.6899999999999995
2238,4.824
2239,4.857499999999999
2240,4.187499999999999
2241,3.517499999999999
2242,2.9144999999999994
2243,2.3114999999999997
2244,1.7755
2245,1.3399999999999999
2246,0.9714999999999994
2247,0.9380000000000001
2248,1.1724999999999999
2249,1.3399999999999999
2250,1.6749999999999996
2251,1.9429999999999998
2252,2.1105
2253,2.3784999999999994
2254,2.613
2255,2.746999999999999
2256,2.9814999999999996
2257,2.5459999999999994
2258,3.1155
2259,3.081999999999999
2260,3.1824999999999997
2261,3.1824999999999997
2262,3.5509999999999993
2263,3.5509999999999993
2264,3.4504999999999995
2265,3.349999999999999
2266,3.2159999999999993
2267,2.7804999999999995
2268,2.2109999999999994
2269,2.1105
2270,1.9429999999999998
2271,1.6414999999999993
2272,1.9094999999999993
2273,2.5794999999999995
2274,2.5459999999999994
2275,3.1824999999999997
2276,3.3164999999999996
2277,3.751999999999999
2278,4.1205
2279,4.421999999999999
2280,4.7235
2281,4.957999999999999
2282,5.158999999999999
2283,5.326499999999999
2284,5.493999999999998
2285,5.594499999999998
2286,5.627999999999999
2287,5.661499999999998
2288,5.661499999999998
2289,5.661499999999998
2290,5.460499999999999
2291,5.292999999999999
2292,5.192499999999999
2293,4.991499999999999
2294,5.024999999999999
2295,5.158999999999999
2296,5.1255
2297,5.326499999999999
2298,5.359999999999999
2299,5.460499999999999
2300,5.962999999999999
2301,6.163999999999998
2302,6.331499999999998
2303,6.532499999999999
2304,6.833999999999999
2305,7.168999999999999
2306,7.637999999999999
2307,7.771999999999998
2308,8.207499999999998
2309,8.173999999999998
2310,7.972999999999999
2311,7.369999999999999
2312,6.264499999999999
2313,5.426999999999999
2314,5.292999999999999
2315,4.991499999999999
2316,4.589499999999999
2317,4.154
2318,3.7854999999999994
2319,3.6514999999999995
2320,3.517499999999999
2321,3.517499999999999
2322,3.7184999999999993
2323,4.02
2324,4.3549999999999995
2325,4.756999999999999
2326,5.225999999999999
2327,5.627999999999999
2328,6.0299999999999985
2329,6.498999999999998
2330,6.934499999999998
2331,7.202499999999998
2332,7.235999999999999
2333,7.034999999999998
2334,6.632999999999999
2335,6.532499999999999
2336,6.231
2337,5.694999999999999
2338,4.890999999999999
2339,3.9864999999999995
2340,3.4504999999999995
2341,3.0149999999999992
2342,2.8809999999999993
2343,2.6799999999999997
2344,2.8474999999999997
2345,2.8139999999999996
2346,2.9479999999999995
2347,3.4504999999999995
2348,4.287999999999999
2349,4.756999999999999
2350,4.991499999999999
2351,5.7284999999999995
2352,6.297999999999999
2353,6.599499999999998
2354,6.934499999999998
2355,7.068499999999999
2356,7.1354999999999995
2357,7.168999999999999
2358,7.336499999999998
2359,7.068499999999999
2360,6.331499999999998
2361,5.560999999999999
2362,4.7905
2363,4.053499999999999
2364,3.751999999999999
2365,3.6514999999999995
2366,3.349999999999999
2367,3.249499999999999
2368,3.1489999999999996
2369,3.349999999999999
2370,3.6179999999999994
2371,3.8524999999999996
2372,4.154
2373,4.421999999999999
2374,4.622999999999999
2375,5.024999999999999
2376,5.058499999999999
2377,5.259499999999999
2378,5.326499999999999
2379,5.359999999999999
2380,5.594499999999998
2381,5.661499999999998
2382,5.694999999999999
2383,5.560999999999999
2384,5.058499999999999
2385,4.254499999999999
2386,3.6849999999999996
2387,3.4169999999999994
2388,3.2159999999999993
2389,3.249499999999999
2390,3.3834999999999993
2391,3.3164999999999996
2392,3.249499999999999
2393,3.3834999999999993
2394,3.6514999999999995
2395,3.885999999999999
2396,4.388499999999999
2397,4.656499999999999
2398,5.058499999999999
2399,5.225999999999999
2400,5.359999999999999
2401,5.560999999999999
2402,5.929499999999998
2403,6.465499999999999
2404,6.699999999999998
2405,7.068499999999999
2406,7.369999999999999
2407,7.068499999999999
2408,6.565999999999999
2409,5.862499999999999
2410,5.225999999999999
2411,4.824
2412,4.589499999999999
2413,4.287999999999999
2414,4.086999999999999
2415,3.9529999999999994
2416,3.8189999999999995
2417,3.8524999999999996
2418,3.9864999999999995
2419,4.254499999999999
2420,4.890999999999999
2421,5.359999999999999
2422,5.627999999999999
2423,6.0299999999999985
2424,6.231
2425,6.331499999999998
2426,6.431999999999999
2427,6.297999999999999
2428,6.465499999999999
2429,6.867499999999999
2430,7.034999999999998
2431,6.8004999999999995
2432,5.594499999999998
2433,4.7905
2434,4.287999999999999
2435,3.751999999999999
2436,3.2829999999999995
2437,2.8809999999999993
2438,2.6799999999999997
2439,2.6799999999999997
2440,2.7804999999999995
2441,2.5459999999999994
2442,3.0149999999999992
2443,4.053499999999999
2444,4.1205
2445,4.421999999999999
2446,4.3549999999999995
2447,4.622999999999999
2448,4.756999999999999
2449,4.522499999999999
2450,4.522499999999999
2451,4.622999999999999
2452,4.7905
2453,4.957999999999999
2454,4.957999999999999
2455,4.857499999999999
2456,4.857499999999999
2457,4.7905
2458,5.1255
2459,5.058499999999999
2460,4.824
2461,4.555999999999999
2462,3.919499999999999
2463,3.7184999999999993
2464,3.5844999999999994
2465,3.8189999999999995
2466,4.220999999999999
2467,4.421999999999999
2468,4.857499999999999
2469,5.292999999999999
2470,5.661499999999998
2471,5.7284999999999995
2472,5.828999999999999
2473,5.962999999999999
2474,5.996499999999998
2475,6.163999999999998
2476,5.828999999999999
2477,5.996499999999998
2478,5.694999999999999
2479,5.493999999999998
2480,5.225999999999999
2481,4.756999999999999
2482,4.622999999999999
2483,5.594499999999998
2484,5.225999999999999
2485,4.154
2486,4.220999999999999
2487,4.924499999999998
2488,4.890999999999999
2489,4.924499999999998
2490,5.024999999999999
2491,5.192499999999999
2492,5.426999999999999
2493,5.460499999999999
2494,5.493999999999998
2495,5.426999999999999
2496,5.326499999999999
2497,5.292999999999999
2498,5.292999999999999
2499,5.3934999999999995
2500,5.527499999999999
2501,5.460499999999999
2502,5.560999999999999
2503,5.460499999999999
2504,5.192499999999999
2505,5.1255
2506,4.824
2507,4.522499999999999
2508,4.1205
2509,3.751999999999999
2510,3.6179999999999994
2511,4.455499999999999
2512,4.522499999999999
2513,4.086999999999999
2514,3.9864999999999995
2515,4.254499999999999
2516,5.192499999999999
2517,5.661499999999998
2518,5.862499999999999
2519,5.895999999999999
2520,5.895999999999999
2521,5.527499999999999
2522,5.527499999999999
2523,5.192499999999999
2524,5.058499999999999
2525,5.024999999999999
2526,4.957999999999999
2527,4.924499999999998
2528,4.7235
2529,4.455499999999999
2530,4.187499999999999
2531,4.086999999999999
2532,3.7854999999999994
2533,3.2829999999999995
2534,3.1155
2535,2.9144999999999994
2536,2.5459999999999994
2537,2.7134999999999994
2538,2.7804999999999995
2539,3.249499999999999
2540,3.6514999999999995
2541,3.9864999999999995
2542,4.086999999999999
2543,4.02
2544,4.086999999999999
2545,4.220999999999999
2546,4.421999999999999
2547,4.488999999999999
2548,4.589499999999999
2549,4.6899999999999995
2550,4.890999999999999
2551,4.924499999999998
2552,4.890999999999999
2553,4.756999999999999
2554,4.187499999999999
2555,4.220999999999999
2556,3.9529999999999994
2557,3.483999999999999
2558,3.3834999999999993
2559,3.1155
2560,2.7804999999999995
2561,2.5124999999999993
2562,2.6464999999999996
2563,2.8474999999999997
2564,3.4504999999999995
2565,3.5509999999999993
2566,3.6849999999999996
2567,3.751999999999999
2568,4.02
2569,4.287999999999999
2570,4.488999999999999
2571,4.1205
2572,3.9529999999999994
2573,4.086999999999999
2574,4.187499999999999
2575,3.919499999999999
2576,3.517499999999999
2577,3.483999999999999
2578,3.517499999999999
2579,3.081999999999999
2580,2.7804999999999995
2581,2.6799999999999997
2582,2.5124999999999993
2583,2.278
2584,2.278
2585,2.1774999999999998
2586,2.2109999999999994
2587,2.5794999999999995
2588,3.5509999999999993
2589,3.9864999999999995
2590,3.919499999999999
2591,3.517499999999999
2592,3.6179999999999994
2593,3.751999999999999
2594,4.053499999999999
2595,4.220999999999999
2596,4.287999999999999
2597,4.589499999999999
2598,4.455499999999999
2599,4.555999999999999
2600,4.1205
2601,3.6179999999999994
2602,3.249499999999999
2603,3.0149999999999992
2604,2.8474999999999997
2605,2.5794999999999995
2606,2.3784999999999994
2607,2.1774999999999998
2608,2.0434999999999994
2609,2.1439999999999997
2610,2.1774999999999998
2611,2.4119999999999995
2612,3.0484999999999993
2613,3.517499999999999
2614,3.4504999999999995
2615,3.5509999999999993
2616,3.5844999999999994
2617,3.5509999999999993
2618,3.6179999999999994
2619,3.5509999999999993
2620,3.6514999999999995
2621,3.885999999999999
2622,4.086999999999999
2623,4.053499999999999
2624,3.751999999999999
2625,3.349999999999999
2626,2.9479999999999995
2627,2.3449999999999998
2628,2.1439999999999997
2629,1.7419999999999993
2630,1.6749999999999996
2631,1.4405000000000001
2632,1.1389999999999993
2633,1.0719999999999996
2634,1.0719999999999996
2635,1.4405000000000001
2636,2.278
2637,2.8139999999999996
2638,2.7804999999999995
2639,3.249499999999999
2640,3.517499999999999
2641,3.7184999999999993
2642,4.220999999999999
2643,4.421999999999999
2644,4.488999999999999
2645,4.488999999999999
2646,4.7235
2647,4.1205
2648,3.1824999999999997
2649,2.7134999999999994
2650,2.1774999999999998
2651,1.7084999999999997
2652,1.2730000000000001
2653,0.8374999999999998
2654,0.6030000000000001
2655,0.30149999999999944
2656,0.30149999999999944
2657,0.16749999999999998
2658,0.5360000000000004
2659,0.7705000000000001
2660,1.9094999999999993
2661,2.8139999999999996
2662,3.1155
2663,2.6799999999999997
2664,2.6464999999999996
2665,2.5124999999999993
2666,2.5124999999999993
2667,2.5124999999999993
2668,2.613
2669,2.8474999999999997
2670,3.0484999999999993
2671,2.6464999999999996
2672,1.9764999999999997
2673,1.6414999999999993
2674,1.1389999999999993
2675,0.8710000000000003
2676,0.8039999999999994
2677,0.7369999999999997
2678,0.8039999999999994
2679,0.6030000000000001
2680,0.5694999999999997
2681,0.6364999999999994
2682,1.0719999999999996
2683,1.3399999999999999
2684,2.278
2685,3.3164999999999996
2686,3.5844999999999994
2687,3.6514999999999995
2688,4.1205
2689,4.02
2690,4.086999999999999
2691,4.154
2692,4.254499999999999
2693,4.388499999999999
2694,4.287999999999999
2695,3.249499999999999
2696,2.613
2697,2.0769999999999995
2698,1.1389999999999993
2699,0.7035000000000003
2700,0.36850000000000044
2701,0.0
2702,0.0
2703,0.0
2704,0.0
2705,0.0
2706,0.33499999999999996
2707,0.8039999999999994
2708,1.2060000000000002
2709,1.6079999999999999
2710,1.9764999999999997
2711,2.0434999999999994
2712,1.9429999999999998
2713,1.6749999999999996
2714,1.4069999999999994
2715,1.2060000000000002
2716,1.2394999999999996
2717,1.2730000000000001
2718,1.3399999999999999
2719,1.2394999999999996
2720,0.8710000000000003
2721,0.5025
2722,0.16749999999999998
2723,0.23449999999999974
2724,0.4019999999999997
2725,0.5360000000000004
2726,0.6364999999999994
2727,0.23449999999999974
2728,0.6030000000000001
2729,0.7705000000000001
2730,0.8039999999999994
2731,1.0385000000000002
2732,1.2060000000000002
2733,1.5074999999999996
2734,1.9764999999999997
2735,2.244499999999999
2736,2.746999999999999
2737,2.9814999999999996
2738,3.349999999999999
2739,3.5844999999999994
2740,3.6514999999999995
2741,3.8524999999999996
2742,4.053499999999999
2743,3.7854999999999994
2744,3.349999999999999
2745,2.8474999999999997
2746,2.4119999999999995
2747,2.0769999999999995
2748,1.8089999999999997
2749,1.4069999999999994
2750,1.8089999999999997
2751,2.4789999999999996
2752,2.4119999999999995
2753,2.3784999999999994
2754,2.7804999999999995
2755,3.3834999999999993
2756,3.517499999999999
2757,3.919499999999999
2758,3.9529999999999994
2759,4.02
2760,4.287999999999999
2761,4.187499999999999
2762,4.154
2763,4.053499999999999
2764,4.254499999999999
2765,4.254499999999999
2766,4.589499999999999
2767,4.388499999999999
2768,4.053499999999999
2769,3.6179999999999994
2770,3.249499999999999
2771,2.9814999999999996
2772,2.6464999999999996
2773,2.2109999999999994
2774,2.1105
2775,1.9764999999999997
2776,2.0434999999999994
2777,2.2109999999999994
2778,2.0434999999999994
2779,2.4789999999999996
2780,2.9479999999999995
2781,3.4169999999999994
2782,4.187499999999999
2783,4.3549999999999995
2784,5.158999999999999
2785,5.694999999999999
2786,5.661499999999998
2787,5.527499999999999
2788,5.426999999999999
2789,5.158999999999999
2790,5.058499999999999
2791,4.622999999999999
2792,3.751999999999999
2793,3.1155
2794,2.6799999999999997
2795,2.3784999999999994
2796,2.3449999999999998
2797,2.1439999999999997
2798,1.9429999999999998
2799,1.7084999999999997
2800,1.5410000000000001
2801,1.6079999999999999
2802,1.6414999999999993
2803,1.7084999999999997
2804,2.0434999999999994
2805,2.8139999999999996
2806,3.8189999999999995
2807,4.287999999999999
2808,4.622999999999999
2809,4.890999999999999
2810,5.192499999999999
2811,5.359999999999999
2812,5.594499999999998
2813,5.527499999999999
2814,5.594499999999998
2815,4.991499999999999
2816,4.3214999999999995
2817,3.4169999999999994
2818,2.1439999999999997
2819,1.4739999999999993
2820,1.1055
2821,0.8710000000000003
2822,0.8710000000000003
2823,0.7369999999999997
2824,0.5360000000000004
2825,0.4689999999999995
2826,0.5694999999999997
2827,1.005
2828,1.7755
2829,2.278
2830,3.249499999999999
2831,3.517499999999999
2832,3.3834999999999993
2833,3.3164999999999996
2834,3.2829999999999995
2835,3.4504999999999995
2836,3.5509999999999993
2837,3.751999999999999
2838,3.7184999999999993
2839,3.6849999999999996
2840,3.483999999999999
2841,3.483999999999999
2842,3.1489999999999996
2843,2.3114999999999997
2844,2.01
2845,1.6414999999999993
2846,1.6414999999999993
2847,1.5074999999999996
2848,1.6749999999999996
2849,1.5744999999999996
2850,2.0434999999999994
2851,2.2109999999999994
2852,2.7134999999999994
2853,3.3164999999999996
2854,3.919499999999999
2855,4.455499999999999
2856,4.824
2857,5.091999999999999
2858,5.192499999999999
2859,5.292999999999999
2860,5.3934999999999995
2861,5.326499999999999
2862,5.493999999999998
2863,5.158999999999999
2864,4.890999999999999
2865,4.555999999999999
2866,3.8524999999999996
2867,3.885999999999999
2868,3.6849999999999996
2869,3.483999999999999
2870,3.517499999999999
2871,3.2159999999999993
2872,3.249499999999999
2873,3.3164999999999996
2874,3.3164999999999996
2875,3.483999999999999
2876,4.053499999999999
2877,4.656499999999999
2878,4.890999999999999
2879,5.426999999999999
2880,5.627999999999999
2881,6.130499999999999
2882,6.297999999999999
2883,6.632999999999999
2884,6.699999999999998
2885,6.967999999999998
2886,6.867499999999999
2887,5.828999999999999
2888,4.220999999999999
2889,3.5844999999999994
2890,3.1824999999999997
2891,2.7804999999999995
2892,2.7134999999999994
2893,2.4119999999999995
2894,2.1774999999999998
2895,2.0769999999999995
2896,2.01
2897,1.9094999999999993
2898,1.8759999999999994
2899,2.1774999999999998
2900,3.2829999999999995
2901,3.885999999999999
2902,4.7905
2903,4.7905
2904,4.421999999999999
2905,4.287999999999999
2906,4.522499999999999
2907,4.455499999999999
2908,4.455499999999999
2909,4.488999999999999
2910,4.421999999999999
2911,4.187499999999999
2912,4.02
2913,3.751999999999999
2914,3.3834999999999993
2915,2.1439999999999997
2916,1.4739999999999993
2917,1.3064999999999993
2918,1.2730000000000001
2919,1.0385000000000002
2920,0.8374999999999998
2921,0.8374999999999998
2922,0.8374999999999998
2923,1.2394999999999996
2924,1.6079999999999999
2925,2.3449999999999998
2926,2.7804999999999995
2927,3.249499999999999
2928,3.2829999999999995
2929,3.3834999999999993
2930,3.517499999999999
2931,3.6849999999999996
2932,3.8189999999999995
2933,4.02
2934,3.9529999999999994
2935,3.885999999999999
2936,3.8524999999999996
2937,4.02
2938,4.02
2939,3.885999999999999
2940,3.751999999999999
2941,3.5844999999999994
2942,3.3834999999999993
2943,3.0484999999999993
2944,2.9144999999999994
2945,2.8474999999999997
2946,2.8474999999999997
2947,2.9144999999999994
2948,3.517499999999999
2949,3.919499999999999
2950,4.3214999999999995
2951,4.455499999999999
2952,4.455499999999999
2953,4.3214999999999995
2954,4.187499999999999
2955,4.086999999999999
2956,4.1205
2957,4.1205
2958,4.187499999999999
2959,4.220999999999999
2960,4.254499999999999
2961,4.287999999999999
2962,4.154
2963,4.1205
2964,4.1205
2965,3.9529999999999994
2966,3.6514999999999995
2967,3.4169999999999994
2968,3.3834999999999993
2969,3.483999999999999
2970,3.5509999999999993
2971,3.6514999999999995
2972,3.8524999999999996
2973,4.086999999999999
2974,4.455499999999999
2975,5.058499999999999
2976,4.991499999999999
2977,5.024999999999999
2978,5.292999999999999
2979,5.594499999999998
2980,5.7284999999999995
2981,5.761999999999999
2982,5.594499999999998
2983,5.091999999999999
2984,4.7235
2985,4.220999999999999
2986,3.751999999999999
2987,3.4169999999999994
2988,3.1824999999999997
2989,3.1489999999999996
2990,2.9479999999999995
2991,2.8139999999999996
2992,3.0484999999999993
2993,3.081999999999999
2994,3.5844999999999994
2995,3.8189999999999995
2996,4.287999999999999
2997,4.7235
2998,5.058499999999999
2999,5.058499999999999
3000,5.225999999999999
3001,5.292999999999999
3002,5.359999999999999
3003,5.359999999999999
3004,5.560999999999999
3005,5.761999999999999
3006,5.493999999999998
3007,4.924499999999998
3008,4.522499999999999
3009,4.187499999999999
3010,3.483999999999999
3011,3.1824999999999997
3012,2.6464999999999996
3013,2.4789999999999996
3014,2.5459999999999994
3015,2.4119999999999995
3016,2.3114999999999997
3017,2.278
3018,2.4454999999999996
3019,2.6464999999999996
3020,2.8809999999999993
3021,3.2159999999999993
3022,3.3164999999999996
3023,3.6179999999999994
3024,3.6514999999999995
3025,3.7854999999999994
3026,4.187499999999999
3027,4.455499999999999
3028,4.7235
3029,4.957999999999999
3030,4.924499999999998
3031,4.488999999999999
3032,4.086999999999999
3033,3.4169999999999994
3034,3.0484999999999993
3035,2.746999999999999
3036,2.3114999999999997
3037,2.3784999999999994
3038,2.01
3039,1.8759999999999994
3040,2.1774999999999998
3041,2.278
3042,2.5124999999999993
3043,2.7804999999999995
3044,3.2159999999999993
3045,3.6514999999999995
3046,4.02
3047,4.488999999999999
3048,4.622999999999999
3049,4.957999999999999
3050,5.091999999999999
3051,5.192499999999999
3052,5.3934999999999995
3053,5.560999999999999
3054,5.158999999999999
3055,4.522499999999999
3056,4.02
3057,3.3164999999999996
3058,2.9479999999999995
3059,2.5124999999999993
3060,2.1439999999999997
3061,1.8089999999999997
3062,1.7419999999999993
3063,1.3064999999999993
3064,0.9714999999999994
3065,0.9044999999999996
3066,1.005
3067,1.3399999999999999
3068,1.9764999999999997
3069,2.4789999999999996
3070,2.746999999999999
3071,2.9479999999999995
3072,3.1155
3073,3.2159999999999993
3074,3.4169999999999994
3075,3.6849999999999996
3076,3.8189999999999995
3077,3.9529999999999994
3078,3.6849999999999996
3079,3.0484999999999993
3080,2.4454999999999996
3081,1.7419999999999993
3082,1.1055
3083,0.7369999999999997
3084,0.4019999999999997
3085,0.10050000000000021
3086,0.0
3087,0.0
3088,0.0
3089,0.0
3090,0.0
3091,0.0
3092,0.43550000000000016
3093,0.9380000000000001
3094,1.3735000000000002
3095,1.6749999999999996
3096,2.01
3097,2.3784999999999994
3098,2.6464999999999996
3099,2.8809999999999993
3100,2.9814999999999996
3101,3.0149999999999992
3102,2.7134999999999994
3103,2.0769999999999995
3104,1.2730000000000001
3105,0.5360000000000004
3106,0.06699999999999975
3107,0.0
3108,0.0
3109,0.0
3110,0.0
3111,0.0
3112,0.0
3113,0.0
3114,0.0
3115,0.0
3116,0.0
3117,0.7035000000000003
3118,1.7755
3119,2.4119999999999995
3120,2.5459999999999994
3121,2.9144999999999994
3122,2.9814999999999996
3123,3.3164999999999996
3124,3.2159999999999993
3125,3.483999999999999
3126,2.9479999999999995
3127,1.9764999999999997
3128,1.2394999999999996
3129,0.5025
3130,0.0
3131,0.0
3132,0.0
3133,0.0
3134,0.0
3135,0.0
3136,0.0
3137,0.0
3138,0.0
3139,0.0
3140,0.23449999999999974
3141,1.1724999999999999
3142,1.4405000000000001
3143,1.6749999999999996
3144,1.9764999999999997
3145,2.3784999999999994
3146,2.4119999999999995
3147,2.6799999999999997
3148,3.0484999999999993
3149,3.2159999999999993
3150,2.8139999999999996
3151,1.8089999999999997
3152,1.0385000000000002
3153,0.7035000000000003
3154,0.4689999999999995
3155,0.03350000000000047
3156,0.0
3157,0.0
3158,0.0
3159,0.0
3160,0.0
3161,0.0
3162,0.0
3163,0.0
3164,0.23449999999999974
3165,0.9380000000000001
3166,1.3064999999999993
3167,1.6414999999999993
3168,2.1105
3169,2.4454999999999996
3170,2.8474999999999997
3171,3.483999999999999
3172,3.3164999999999996
3173,3.5844999999999994
3174,2.9144999999999994
3175,2.01
3176,1.3064999999999993
3177,0.9714999999999994
3178,0.5694999999999997
3179,0.36850000000000044
3180,0.0
3181,0.0
3182,0.0
3183,0.0
3184,0.0
3185,0.0
3186,0.0
3187,0.0
3188,0.0
3189,0.9714999999999994
3190,1.5410000000000001
3191,1.9764999999999997
3192,2.2109999999999994
3193,2.613
3194,2.6464999999999996
3195,3.0149999999999992
3196,3.081999999999999
3197,3.081999999999999
3198,2.3114999999999997
3199,2.1105
3200,1.8089999999999997
3201,1.2730000000000001
3202,0.6364999999999994
3203,0.0
3204,0.0
3205,0.0
3206,0.0
3207,0.0
3208,0.0
3209,0.0
3210,0.0
3211,0.1339999999999995
3212,1.1724999999999999
3213,1.6414999999999993
3214,1.8089999999999997
3215,2.01
3216,2.1105
3217,2.278
3218,2.278
3219,2.6464999999999996
3220,2.8474999999999997
3221,3.1155
3222,3.1489999999999996
3223,3.1155
3224,2.7134999999999994
3225,2.2109999999999994
3226,1.8759999999999994
3227,1.5074999999999996
3228,1.0385000000000002
3229,0.8374999999999998
3230,0.7705000000000001
3231,0.5360000000000004
3232,0.4689999999999995
3233,0.5025
3234,0.7035000000000003
3235,0.8710000000000003
3236,1.2394999999999996
3237,2.4454999999999996
3238,2.9479999999999995
3239,3.1489999999999996
3240,2.5794999999999995
3241,2.7134999999999994
3242,2.9814999999999996
3243,2.9814999999999996
3244,2.7804999999999995
3245,2.6799999999999997
3246,2.3449999999999998
3247,2.278
3248,1.9094999999999993
3249,1.7084999999999997
3250,1.3399999999999999
3251,1.1389999999999993
3252,1.005
3253,1.5744999999999996
3254,1.2730000000000001
3255,1.7419999999999993
3256,1.8089999999999997
3257,1.5074999999999996
3258,1.5744999999999996
3259,3.1155
3260,2.4119999999999995
3261,2.8139999999999996
3262,2.9144999999999994
3263,3.0149999999999992
3264,3.1824999999999997
3265,3.2159999999999993
3266,3.3834999999999993
3267,3.483999999999999
3268,3.5844999999999994
3269,3.517499999999999
3270,3.3834999999999993
3271,3.0484999999999993
3272,2.3114999999999997
3273,1.6749999999999996
3274,1.4739999999999993
3275,0.9044999999999996
3276,1.1724999999999999
3277,1.9429999999999998
3278,1.9094999999999993
3279,2.4454999999999996
3280,2.1439999999999997
3281,1.7084999999999997
3282,1.6749999999999996
3283,2.1105
3284,2.3784999999999994
3285,2.746999999999999
3286,3.249499999999999
3287,3.2829999999999995
3288,3.4169999999999994
3289,3.5844999999999994
3290,3.8189999999999995
3291,3.8524999999999996
3292,3.885999999999999
3293,3.919499999999999
3294,3.885999999999999
3295,3.7854999999999994
3296,3.6179999999999994
3297,3.483999999999999
3298,3.2159999999999993
3299,2.9144999999999994
3300,2.4119999999999995
3301,2.4454999999999996
3302,2.3784999999999994
3303,2.5124999999999993
3304,2.613
3305,2.4454999999999996
3306,2.6464999999999996
3307,3.0484999999999993
3308,3.1824999999999997
3309,3.3164999999999996
3310,3.6179999999999994
3311,3.7184999999999993
3312,3.885999999999999
3313,3.9529999999999994
3314,4.02
3315,4.053499999999999
3316,4.254499999999999
3317,4.3214999999999995
3318,3.9529999999999994
3319,3.4504999999999995
3320,2.8809999999999993
3321,2.4454999999999996
3322,2.1774999999999998
3323,2.3114999999999997
3324,2.244499999999999
3325,2.1105
3326,2.01
3327,1.6414999999999993
3328,1.6749999999999996
3329,1.7084999999999997
3330,1.6749999999999996
3331,1.6414999999999993
3332,2.3784999999999994
3333,3.0484999999999993
3334,3.4169999999999994
3335,4.02
3336,4.6899999999999995
3337,5.024999999999999
3338,5.1255
3339,5.158999999999999
3340,4.857499999999999
3341,5.058499999999999
3342,4.7235
3343,4.3549999999999995
3344,2.9814999999999996
3345,2.244499999999999
3346,2.244499999999999
3347,1.9764999999999997
3348,1.7084999999999997
3349,1.3735000000000002
3350,1.3399999999999999
3351,1.0385000000000002
3352,0.8039999999999994
3353,1.1055
3354,1.2394999999999996
3355,1.7755
3356,2.1439999999999997
3357,3.1824999999999997
3358,3.8189999999999995
3359,3.8189999999999995
3360,4.1205
3361,4.187499999999999
3362,4.3214999999999995
3363,4.555999999999999
3364,4.488999999999999
3365,4.589499999999999
3366,4.254499999999999
3367,3.7184999999999993
3368,2.9479999999999995
3369,2.7134999999999994
3370,2.4789999999999996
3371,2.3114999999999997
3372,2.01
3373,1.9764999999999997
3374,1.9764999999999997
3375,2.01
3376,1.8424999999999998
3377,1.8424999999999998
3378,1.7084999999999997
3379,1.9094999999999993
3380,2.4789999999999996
3381,2.9814999999999996
3382,3.4504999999999995
3383,3.7854999999999994
3384,4.154
3385,4.622999999999999
3386,4.7235
3387,4.7905
3388,5.1255
3389,5.359999999999999
3390,5.058499999999999
3391,3.9864999999999995
3392,3.0484999999999993
3393,2.5459999999999994
3394,2.278
3395,1.7755
3396,1.4739999999999993
3397,1.1724999999999999
3398,0.9714999999999994
3399,0.7369999999999997
3400,0.7705000000000001
3401,0.6699999999999999
3402,0.7705000000000001
3403,0.8374999999999998
3404,1.5744999999999996
3405,2.01
3406,2.4789999999999996
3407,2.5794999999999995
3408,2.5794999999999995
3409,2.4454999999999996
3410,2.3449999999999998
3411,2.244499999999999
3412,2.3114999999999997
3413,2.278
3414,2.4454999999999996
3415,2.244499999999999
3416,2.2109999999999994
3417,1.9429999999999998
3418,1.6749999999999996
3419,1.8089999999999997
3420,2.01
3421,1.9429999999999998
3422,1.8424999999999998
3423,1.5744999999999996
3424,1.2394999999999996
3425,0.8039999999999994
3426,0.7705000000000001
3427,1.2394999999999996
3428,1.6414999999999993
3429,1.8089999999999997
3430,1.8089999999999997
3431,2.3449999999999998
3432,2.8474999999999997
3433,2.8809999999999993
3434,3.1489999999999996
3435,3.4169999999999994
3436,3.6849999999999996
3437,4.053499999999999
3438,3.6849999999999996
3439,2.9479999999999995
3440,1.7755
3441,1.2060000000000002
3442,0.8039999999999994
3443,0.7035000000000003
3444,0.5694999999999997
3445,0.6699999999999999
3446,0.6699999999999999
3447,1.0719999999999996
3448,1.1055
3449,1.8424999999999998
3450,2.1774999999999998
3451,2.3449999999999998
3452,2.3114999999999997
3453,2.3784999999999994
3454,2.746999999999999
3455,2.9144999999999994
3456,2.8809999999999993
3457,3.3834999999999993
3458,3.6514999999999995
3459,3.7184999999999993
3460,3.6849999999999996
3461,3.7184999999999993
3462,3.4169999999999994
3463,3.1824999999999997
3464,2.9479999999999995
3465,2.8474999999999997
3466,2.8809999999999993
3467,3.2159999999999993
3468,3.4504999999999995
3469,2.244499999999999
3470,1.9094999999999993
3471,1.6079999999999999
3472,1.7084999999999997
3473,1.6079999999999999
3474,1.7755
3475,2.0434999999999994
3476,2.3114999999999997
3477,2.8809999999999993
3478,3.5509999999999993
3479,3.919499999999999
3480,3.885999999999999
3481,4.086999999999999
3482,3.9864999999999995
3483,3.9864999999999995
3484,3.9529999999999994
3485,4.02
3486,3.5509999999999993
3487,2.9814999999999996
3488,2.1439999999999997
3489,1.5074999999999996
3490,1.3735000000000002
3491,1.5074999999999996
3492,1.6414999999999993
3493,1.5410000000000001
3494,1.5074999999999996
3495,2.0434999999999994
3496,2.1774999999999998
3497,2.1439999999999997
3498,1.9429999999999998
3499,2.01
3500,2.3784999999999994
3501,3.0484999999999993
3502,3.2829999999999995
3503,3.7184999999999993
3504,3.8524999999999996
3505,3.8524999999999996
3506,3.9864999999999995
3507,4.053499999999999
3508,4.086999999999999
3509,4.154
3510,3.517499999999999
3511,3.081999999999999
3512,2.5124999999999993
3513,2.1105
3514,1.7755
3515,1.4405000000000001
3516,1.1389999999999993
3517,0.8374999999999998
3518,0.8710000000000003
3519,0.5025
3520,0.5360000000000004
3521,0.5360000000000004
3522,0.6030000000000001
3523,1.005
3524,1.3399999999999999
3525,1.9429999999999998
3526,2.1105
3527,2.0434999999999994
3528,2.278
3529,2.4454999999999996
3530,2.5124999999999993
3531,2.8474999999999997
3532,3.0484999999999993
3533,3.1489999999999996
3534,3.1155
3535,3.0484999999999993
3536,2.8139999999999996
3537,2.5459999999999994
3538,2.1105
3539,1.8759999999999994
3540,1.4739999999999993
3541,1.2060000000000002
3542,1.005
3543,0.5025
3544,0.6364999999999994
3545,0.6030000000000001
3546,0.6364999999999994
3547,0.8710000000000003
3548,1.1724999999999999
3549,2.0434999999999994
3550,2.5124999999999993
3551,2.9479999999999995
3552,3.349999999999999
3553,3.483999999999999
3554,3.4504999999999995
3555,3.5844999999999994
3556,3.1155
3557,3.1824999999999997
3558,2.9814999999999996
3559,2.7804999999999995
3560,2.6799999999999997
3561,2.4789999999999996
3562,1.7755
3563,1.7084999999999997
3564,1.6079999999999999
3565,1.7084999999999997
3566,1.5410000000000001
3567,1.5074999999999996
3568,1.4739999999999993
3569,2.1774999999999998
3570,2.8809999999999993
3571,2.4119999999999995
3572,2.6464999999999996
3573,3.249499999999999
3574,3.6179999999999994
3575,3.6514999999999995
3576,3.5844999999999994
3577,3.9529999999999994
3578,4.1205
3579,4.287999999999999
3580,4.287999999999999
3581,4.254499999999999
3582,3.8524999999999996
3583,3.349999999999999
3584,2.9479999999999995
3585,2.746999999999999
3586,2.278
3587,1.8089999999999997
3588,1.7084999999999997
3589,1.5074999999999996
3590,1.005
3591,0.8039999999999994
3592,0.9044999999999996
3593,1.2730000000000001
3594,1.1389999999999993
3595,1.1389999999999993
3596,1.8089999999999997
3597,2.3449999999999998
3598,2.6464999999999996
3599,2.8809999999999993
3600,3.0484999999999993
3601,3.2829999999999995
3602,3.517499999999999
3603,3.8189999999999995
3604,3.8189999999999995
3605,3.9864999999999995
3606,3.5844999999999994
3607,2.8809999999999993
3608,2.4454999999999996
3609,1.8759999999999994
3610,1.6749999999999996
3611,1.3735000000000002
3612,1.3735000000000002
3613,1.1724999999999999
3614,1.1055
3615,0.7705000000000001
3616,0.7035000000000003
3617,0.7035000000000003
3618,0.9714999999999994
3619,1.1724999999999999
3620,1.8424999999999998
3621,2.5124999999999993
3622,3.0149999999999992
3623,3.517499999999999
3624,4.053499999999999
3625,4.589499999999999
3626,4.924499999999998
3627,5.158999999999999
3628,5.225999999999999
3629,5.292999999999999
3630,4.6899999999999995
3631,3.4169999999999994
3632,2.6799999999999997
3633,2.4454999999999996
3634,2.278
3635,1.7419999999999993
3636,1.5744999999999996
3637,1.5410000000000001
3638,1.2060000000000002
3639,1.005
3640,0.8710000000000003
3641,0.8039999999999994
3642,0.9044999999999996
3643,1.0719999999999996
3644,1.5744999999999996
3645,2.3449999999999998
3646,3.2159999999999993
3647,3.751999999999999
3648,3.5509999999999993
3649,3.6849999999999996
3650,3.751999999999999
3651,3.9529999999999994
3652,4.187499999999999
3653,4.388499999999999
3654,3.6179999999999994
3655,2.5794999999999995
3656,1.7755
3657,1.2394999999999996
3658,0.9044999999999996
3659,0.4689999999999995
3660,0.2680000000000002
3661,0.0
3662,0.0
3663,0.0
3664,0.0
3665,0.0
3666,0.0
3667,0.0
3668,0.23449999999999974
3669,0.8374999999999998
3670,1.1389999999999993
3671,1.4069999999999994
3672,1.5074999999999996
3673,1.6079999999999999
3674,1.8424999999999998
3675,1.9094999999999993
3676,2.1439999999999997
3677,2.1774999999999998
3678,1.8089999999999997
3679,1.5410000000000001
3680,1.0385000000000002
3681,0.5360000000000004
3682,0.36850000000000044
3683,0.0
3684,0.0
3685,0.0
3686,0.0
3687,0.0
3688,0.0
3689,0.0
3690,0.0
3691,0.0
3692,0.4689999999999995
3693,0.8039999999999994
3694,1.0719999999999996
3695,1.2730000000000001
3696,2.01
3697,2.1774999999999998
3698,2.3114999999999997
3699,2.1105
3700,1.9094999999999993
3701,1.9094999999999993
3702,1.7084999999999997
3703,1.6414999999999993
3704,1.2394999999999996
3705,0.9714999999999994
3706,0.5025
3707,0.06699999999999975
3708,0.0
3709,0.0
3710,0.0
3711,0.0
3712,0.0
3713,0.0
3714,0.0
3715,0.0
3716,0.0
3717,0.0
3718,0.16749999999999998
3719,0.5025
3720,0.7369999999999997
3721,0.9380000000000001
3722,1.0385000000000002
3723,1.1389999999999993
3724,1.2060000000000002
3725,1.2394999999999996
3726,1.4405000000000001
3727,1.2730000000000001
3728,0.8710000000000003
3729,0.7705000000000001
3730,0.33499999999999996
3731,0.0
3732,0.0
3733,0.0
3734,0.0
3735,0.0
3736,0.0
3737,0.0
3738,0.0
3739,0.0
3740,0.0
3741,0.33499999999999996
3742,0.5025
3743,0.8039999999999994
3744,0.7035000000000003
3745,0.9044999999999996
3746,1.1724999999999999
3747,1.2060000000000002
3748,1.3064999999999993
3749,1.2060000000000002
3750,1.0385000000000002
3751,0.9380000000000001
3752,0.7035000000000003
3753,0.6030000000000001
3754,0.2680000000000002
3755,0.0
3756,0.0
3757,0.0
3758,0.0
3759,0.0
3760,0.0
3761,0.0
3762,0.0
3763,0.23449999999999974
3764,0.8710000000000003
3765,1.005
3766,1.2394999999999996
3767,1.3735000000000002
3768,1.4069999999999994
3769,1.1389999999999993
3770,1.2730000000000001
3771,1.4405000000000001
3772,1.7755
3773,2.1439999999999997
3774,2.2109999999999994
3775,2.3114999999999997
3776,2.3449999999999998
3777,2.4454999999999996
3778,2.5124999999999993
3779,2.3449999999999998
3780,2.0434999999999994
3781,1.6414999999999993
3782,1.4405000000000001
3783,1.2394999999999996
3784,0.8039999999999994
3785,0.5694999999999997
3786,0.4689999999999995
3787,0.6364999999999994
3788,1.005
3789,1.5744999999999996
3790,1.7755
3791,1.8759999999999994
3792,1.8424999999999998
3793,1.9429999999999998
3794,1.9429999999999998
3795,1.9429999999999998
3796,2.0769999999999995
3797,2.1774999999999998
3798,2.2109999999999994
3799,2.278
3800,2.613
3801,2.9479999999999995
3802,2.8809999999999993
3803,2.7804999999999995
3804,2.4789999999999996
3805,2.244499999999999
3806,1.9094999999999993
3807,1.7419999999999993
3808,1.5074999999999996
3809,1.4069999999999994
3810,1.3064999999999993
3811,1.4739999999999993
3812,1.7755
3813,2.6799999999999997
3814,3.0484999999999993
3815,3.1824999999999997
3816,3.5844999999999994
3817,3.3164999999999996
3818,3.1489999999999996
3819,3.483999999999999
3820,3.3834999999999993
3821,3.4169999999999994
3822,3.1489999999999996
3823,2.8474999999999997
3824,2.4789999999999996
3825,2.2109999999999994
3826,1.8089999999999997
3827,1.4405000000000001
3828,1.2394999999999996
3829,0.9044999999999996
3830,1.0385000000000002
3831,0.7705000000000001
3832,0.9044999999999996
3833,0.9044999999999996
3834,0.9380000000000001
3835,1.0719999999999996
3836,1.3064999999999993
3837,2.0434999999999994
3838,2.8474999999999997
3839,3.1155
3840,3.483999999999999
3841,3.6849999999999996
3842,3.919499999999999
3843,4.388499999999999
3844,4.555999999999999
3845,4.6899999999999995
3846,3.751999999999999
3847,2.4119999999999995
3848,1.8089999999999997
3849,1.4739999999999993
3850,1.3399999999999999
3851,1.2060000000000002
3852,1.4739999999999993
3853,1.5744999999999996
3854,1.4069999999999994
3855,1.1389999999999993
3856,0.8374999999999998
3857,0.8374999999999998
3858,2.1105
3859,1.9094999999999993
3860,2.278
3861,2.7804999999999995
3862,2.8474999999999997
3863,3.081999999999999
3864,3.0484999999999993
3865,3.081999999999999
3866,2.9814999999999996
3867,3.249499999999999
3868,3.3834999999999993
3869,3.6514999999999995
3870,3.6849999999999996
3871,3.4169999999999994
3872,3.3164999999999996
3873,2.8139999999999996
3874,2.5459999999999994
3875,1.9429999999999998
3876,1.6414999999999993
3877,1.4405000000000001
3878,1.3064999999999993
3879,1.4405000000000001
3880,1.5744999999999996
3881,2.01
3882,1.9764999999999997
3883,1.8759999999999994
3884,2.1439999999999997
3885,2.9144999999999994
3886,3.6179999999999994
3887,3.9529999999999994
3888,3.885999999999999
3889,4.187499999999999
3890,4.589499999999999
3891,4.589499999999999
3892,4.622999999999999
3893,4.421999999999999
3894,3.8189999999999995
3895,3.1155
3896,2.6464999999999996
3897,2.1105
3898,1.8424999999999998
3899,1.6414999999999993
3900,1.2730000000000001
3901,1.1055
3902,0.9044999999999996
3903,0.8039999999999994
3904,0.5694999999999997
3905,0.7369999999999997
3906,0.7035000000000003
3907,0.9380000000000001
3908,1.3735000000000002
3909,2.01
3910,2.4454999999999996
3911,2.3784999999999994
3912,2.613
3913,2.613
3914,2.746999999999999
3915,2.5459999999999994
3916,2.8474999999999997
3917,2.6464999999999996
3918,2.3449999999999998
3919,1.9094999999999993
3920,1.5074999999999996
3921,1.2394999999999996
3922,0.6364999999999994
3923,0.6364999999999994
3924,0.30149999999999944
3925,0.23449999999999974
3926,0.33499999999999996
3927,0.2680000000000002
3928,0.36850000000000044
3929,0.36850000000000044
3930,0.33499999999999996
3931,0.6699999999999999
3932,0.8710000000000003
3933,1.1055
3934,1.2060000000000002
3935,1.1055
3936,1.2730000000000001
3937,1.4069999999999994
3938,1.4739999999999993
3939,1.6079999999999999
3940,2.0769999999999995
3941,1.9764999999999997
3942,1.9764999999999997
3943,2.01
3944,1.9429999999999998
3945,1.9429999999999998
3946,1.7755
3947,1.7084999999999997
3948,0.9044999999999996
3949,0.5694999999999997
3950,0.6364999999999994
3951,0.2680000000000002
3952,0.20100000000000043
3953,0.1339999999999995
3954,0.06699999999999975
3955,0.2680000000000002
3956,0.7705000000000001
3957,1.6749999999999996
3958,2.4789999999999996
3959,2.8474999999999997
3960,3.1824999999999997
3961,3.349999999999999
3962,3.7184999999999993
3963,3.349999999999999
3964,3.483999999999999
3965,3.4504999999999995
3966,2.9479999999999995
3967,2.244499999999999
3968,1.7419999999999993
3969,0.7369999999999997
3970,0.0
3971,0.0
3972,0.0
3973,0.0
3974,0.0
3975,0.0
3976,0.0
3977,0.0
3978,0.0
3979,0.0
3980,0.0
3981,0.43550000000000016
3982,1.005
3983,1.4069999999999994
3984,1.7084999999999997
3985,2.01
3986,2.244499999999999
3987,2.4119999999999995
3988,2.3449999999999998
3989,2.278
3990,1.8759999999999994
3991,1.2394999999999996
3992,0.8374999999999998
3993,0.4689999999999995
3994,0.16749999999999998
3995,0.30149999999999944
3996,0.4019999999999997
3997,0.5360000000000004
3998,1.9094999999999993
3999,1.6414999999999993
4000,1.2730000000000001
4001,0.9714999999999994
4002,1.3399999999999999
4003,1.9429999999999998
4004,2.2109999999999994
4005,2.4454999999999996
4006,2.3784999999999994
4007,2.5124999999999993
4008,2.7134999999999994
4009,2.9144999999999994
4010,3.1489999999999996
4011,3.2829999999999995
4012,3.3834999999999993
4013,3.5509999999999993
4014,3.349999999999999
4015,2.9479999999999995
4016,2.5124999999999993
4017,2.0769999999999995
4018,1.7419999999999993
4019,1.5074999999999996
4020,1.2394999999999996
4021,1.0385000000000002
4022,1.005
4023,0.9380000000000001
4024,0.8039999999999994
4025,0.9380000000000001
4026,1.1055
4027,1.7419999999999993
4028,2.0434999999999994
4029,2.244499999999999
4030,2.3784999999999994
4031,2.3784999999999994
4032,2.4454999999999996
4033,2.4789999999999996
4034,2.613
4035,2.7134999999999994
4036,2.613
4037,2.3784999999999994
4038,2.0769999999999995
4039,1.8759999999999994
4040,1.6414999999999993
4041,1.5744999999999996
4042,1.8089999999999997
4043,1.8759999999999994
4044,1.6749999999999996
4045,1.5410000000000001
4046,1.8424999999999998
4047,1.9094999999999993
4048,2.1774999999999998
4049,2.4119999999999995
4050,1.9094999999999993
4051,2.1774999999999998
4052,2.5459999999999994
4053,2.8474999999999997
4054,3.0484999999999993
4055,3.081999999999999
4056,3.081999999999999
4057,2.9814999999999996
4058,3.0484999999999993
4059,3.0149999999999992
4060,3.0484999999999993
4061,3.0149999999999992
4062,2.9814999999999996
4063,2.9144999999999994
4064,3.0149999999999992
4065,2.7804999999999995
4066,2.7804999999999995
4067,2.8139999999999996
4068,2.7804999999999995
4069,2.4789999999999996
4070,2.3449999999999998
4071,2.278
4072,2.1105
4073,2.01
4074,2.0434999999999994
4075,2.3114999999999997
4076,2.4454999999999996
4077,2.5794999999999995
4078,2.746999999999999
4079,2.746999999999999
4080,2.8809999999999993
4081,2.8809999999999993
4082,2.9144999999999994
4083,2.9479999999999995
4084,2.9814999999999996
4085,3.0149999999999992
4086,3.081999999999999
4087,3.0484999999999993
4088,2.8139999999999996
4089,2.613
4090,2.0434999999999994
4091,1.7084999999999997
4092,1.1724999999999999
4093,1.0719999999999996
4094,0.9380000000000001
4095,0.7369999999999997
4096,0.8039999999999994
4097,0.7705000000000001
4098,0.8039999999999994
4099,0.9044999999999996
4100,1.2060000000000002
4101,1.6749999999999996
4102,1.9429999999999998
4103,2.244499999999999
4104,2.2109999999999994
4105,2.1774999999999998
4106,2.1105
4107,2.0769999999999995
4108,2.1105
4109,2.0434999999999994
4110,1.9429999999999998
4111,1.9094999999999993
4112,1.7084999999999997
4113,1.4739999999999993
4114,1.2730000000000001
4115,1.4739999999999993
4116,1.0385000000000002
4117,0.4689999999999995
4118,0.2680000000000002
4119,0.0
4120,0.0
4121,0.0
4122,0.0
4123,0.16749999999999998
4124,0.33499999999999996
4125,0.5694999999999997
4126,1.1055
4127,1.4405000000000001
4128,1.7755
4129,1.8759999999999994
4130,1.6749999999999996
4131,1.7084999999999997
4132,2.0434999999999994
4133,2.1774999999999998
4134,1.7755
4135,1.3399999999999999
4136,1.005
4137,0.8039999999999994
4138,0.6030000000000001
4139,0.33499999999999996
4140,0.4689999999999995
4141,0.7035000000000003
4142,1.4739999999999993
4143,1.4405000000000001
4144,1.2394999999999996
4145,1.4069999999999994
4146,1.7419999999999993
4147,1.5744999999999996
4148,1.8089999999999997
4149,2.4789999999999996
4150,2.613
4151,2.4454999999999996
4152,2.01
4153,2.01
4154,2.244499999999999
4155,2.4454999999999996
4156,2.5794999999999995
4157,2.4789999999999996
4158,2.3784999999999994
4159,2.3449999999999998
4160,2.2109999999999994
4161,1.8089999999999997
4162,1.8089999999999997
4163,1.7755
4164,1.005
4165,1.0719999999999996
4166,0.8039999999999994
4167,1.1724999999999999
4168,1.1055
4169,1.5410000000000001
4170,1.5410000000000001
4171,1.6079999999999999
4172,2.3114999999999997
4173,2.613
4174,2.9479999999999995
4175,2.9144999999999994
4176,3.1824999999999997
4177,3.1489999999999996
4178,3.3164999999999996
4179,3.3834999999999993
4180,3.4504999999999995
4181,3.349999999999999
4182,3.0484999999999993
4183,2.8139999999999996
4184,2.613
4185,2.4789999999999996
4186,2.1774999999999998
4187,1.7419999999999993
4188,1.9094999999999993
4189,2.2109999999999994
4190,1.5410000000000001
4191,1.4405000000000001
4192,1.7084999999999997
4193,1.5410000000000001
4194,1.6079999999999999
4195,1.6749999999999996
4196,1.7419999999999993
4197,2.3784999999999994
4198,2.6799999999999997
4199,2.7804999999999995
4200,3.2159999999999993
4201,3.3834999999999993
4202,3.4169999999999994
4203,3.349999999999999
4204,3.081999999999999
4205,3.081999999999999
4206,3.0149999999999992
4207,2.746999999999999
4208,2.4119999999999995
4209,2.3449999999999998
4210,2.3784999999999994
4211,2.5124999999999993
4212,2.746999999999999
4213,2.7804999999999995
4214,2.7134999999999994
4215,2.5459999999999994
4216,2.5124999999999993
4217,2.5124999999999993
4218,2.4789999999999996
4219,2.3784999999999994
4220,2.3114999999999997
4221,2.0434999999999994
4222,1.9429999999999998
4223,1.8424999999999998
4224,1.6749999999999996
4225,1.6414999999999993
4226,1.5744999999999996
4227,1.5410000000000001
4228,1.5744999999999996
4229,1.5074999999999996
4230,1.4739999999999993
4231,1.4739999999999993
4232,1.2060000000000002
4233,1.0385000000000002
4234,0.7035000000000003
4235,0.36850000000000044
4236,0.0
4237,0.0
4238,0.0
4239,0.0
4240,0.0
4241,0.0
4242,0.0
4243,0.0
4244,0.0
4245,0.43550000000000016
4246,1.0719999999999996
4247,1.5410000000000001
4248,1.8089999999999997
4249,1.9094999999999993
4250,2.01
4251,2.0769999999999995
4252,2.1774999999999998
4253,2.0769999999999995
4254,2.2109999999999994
4255,1.7755
4256,1.3399999999999999
4257,0.9714999999999994
4258,0.6364999999999994
4259,0.36850000000000044
4260,0.20100000000000043
4261,0.0
4262,0.0
4263,0.0
4264,0.0
4265,0.0
4266,0.0
4267,0.0
4268,0.16749999999999998
4269,0.9044999999999996
4270,1.3735000000000002
4271,2.0769999999999995
4272,2.3114999999999997
4273,2.0769999999999995
4274,2.01
4275,1.8759999999999994
4276,1.7755
4277,2.3114999999999997
4278,2.6799999999999997
4279,2.7134999999999994
4280,2.3784999999999994
4281,1.9094999999999993
4282,1.7755
4283,1.4069999999999994
4284,1.2730000000000001
4285,0.7035000000000003
4286,0.33499999999999996
4287,0.2680000000000002
4288,0.4019999999999997
4289,0.2680000000000002
4290,0.36850000000000044
4291,0.5025
4292,0.8710000000000003
4293,1.4405000000000001
4294,2.01
4295,1.6079999999999999
4296,1.6079999999999999
4297,1.9429999999999998
4298,1.8089999999999997
4299,1.6749999999999996
4300,1.6079999999999999
4301,1.6079999999999999
4302,1.7084999999999997
4303,1.7419999999999993
4304,1.6749999999999996
4305,1.5744999999999996
4306,1.3399999999999999
4307,0.9044999999999996
4308,0.7035000000000003
4309,0.7369999999999997
4310,0.8710000000000003
4311,0.20100000000000043
4312,0.16749999999999998
4313,0.06699999999999975
4314,0.0
4315,0.06699999999999975
4316,0.20100000000000043
4317,0.7035000000000003
4318,1.6079999999999999
4319,1.6414999999999993
4320,2.01
4321,1.8089999999999997
4322,1.9429999999999998
4323,2.01
4324,2.1105
4325,2.278
4326,2.2109999999999994
4327,1.9764999999999997
4328,1.6414999999999993
4329,1.3399999999999999
4330,0.9714999999999994
4331,0.8374999999999998
4332,0.4689999999999995
4333,0.2680000000000002
4334,0.06699999999999975
4335,0.0
4336,0.0
4337,0.0
4338,0.0
4339,0.03350000000000047
4340,0.33499999999999996
4341,0.8374999999999998
4342,1.3064999999999993
4343,1.3399999999999999
4344,1.4405000000000001
4345,1.7755
4346,1.9094999999999993
4347,2.0434999999999994
4348,2.4454999999999996
4349,2.8139999999999996
4350,2.278
4351,1.7755
4352,1.2394999999999996
4353,0.8710000000000003
4354,0.43550000000000016
4355,0.33499999999999996
4356,0.03350000000000047
4357,0.0
4358,0.0
4359,0.0
4360,0.0
4361,0.0
4362,0.0
4363,0.0
4364,0.16749999999999998
4365,1.1724999999999999
4366,1.7084999999999997
4367,2.1105
4368,2.3449999999999998
4369,2.8139999999999996
4370,3.0149999999999992
4371,3.0484999999999993
4372,3.4504999999999995
4373,3.4504999999999995
4374,2.613
4375,1.5744999999999996
4376,0.7035000000000003
4377,0.0
4378,0.0
4379,0.0
4380,0.0
4381,0.0
4382,0.0
4383,0.0
4384,0.0
4385,0.0
4386,0.0
4387,0.0
4388,0.0
4389,0.0
4390,0.7705000000000001
4391,0.8710000000000003
4392,1.0385000000000002
4393,0.9380000000000001
4394,1.6079999999999999
4395,1.4069999999999994
4396,1.3399999999999999
4397,1.2730000000000001
4398,0.6030000000000001
4399,0.0
4400,0.0
4401,0.0
4402,0.0
4403,0.0
4404,0.0
4405,0.0
4406,0.0
4407,0.0
4408,0.0
4409,0.0
4410,0.0
4411,0.0
4412,0.0
4413,0.0
4414,0.0
4415,0.0
4416,0.2680000000000002
4417,0.6699999999999999
4418,0.6030000000000001
4419,0.5360000000000004
4420,0.9380000000000001
4421,0.9044999999999996
4422,0.7035000000000003
4423,0.4689999999999995
4424,0.0
4425,0.0
4426,0.0
4427,0.0
4428,0.0
4429,0.0
4430,0.16749999999999998
4431,1.0385000000000002
4432,1.0719999999999996
4433,1.4069999999999994
4434,1.6414999999999993
4435,1.8759999999999994
4436,2.01
4437,2.0434999999999994
4438,2.1439999999999997
4439,2.244499999999999
4440,2.278
4441,2.3114999999999997
4442,2.3784999999999994
4443,2.2109999999999994
4444,2.1105
4445,2.278
4446,2.3449999999999998
4447,2.1439999999999997
4448,1.9429999999999998
4449,1.7419999999999993
4450,1.4069999999999994
4451,1.1055
4452,0.7369999999999997
4453,0.4019999999999997
4454,0.16749999999999998
4455,0.8039999999999994
4456,1.2394999999999996
4457,0.8710000000000003
4458,0.8374999999999998
4459,0.8039999999999994
4460,1.0385000000000002
4461,1.8759999999999994
4462,2.3784999999999994
4463,2.6799999999999997
4464,2.9479999999999995
4465,3.249499999999999
4466,3.517499999999999
4467,3.8189999999999995
4468,3.919499999999999
4469,4.053499999999999
4470,3.5844999999999994
4471,2.3449999999999998
4472,1.7084999999999997
4473,1.2394999999999996
4474,0.6030000000000001
4475,0.16749999999999998
4476,0.0
4477,0.0
4478,0.0
4479,0.0
4480,0.0
4481,0.0
4482,0.0
4483,0.0
4484,0.0
4485,0.20100000000000043
4486,0.36850000000000044
4487,0.9714999999999994
4488,1.3399999999999999
4489,1.4069999999999994
4490,1.4405000000000001
4491,1.4405000000000001
4492,1.4739999999999993
4493,1.5410000000000001
4494,1.3735000000000002
4495,1.1724999999999999
4496,0.7369999999999997
4497,0.6364999999999994
4498,0.20100000000000043
4499,0.0
4500,0.0
4501,0.0
4502,0.0
4503,0.0
4504,0.0
4505,0.0
4506,0.0
4507,0.0
4508,0.10050000000000021
4509,0.7705000000000001
4510,1.3399999999999999
4511,1.0385000000000002
4512,1.0719999999999996
4513,1.2730000000000001
4514,1.5744999999999996
4515,1.7419999999999993
4516,1.8759999999999994
4517,1.9429999999999998
4518,2.01
4519,1.7755
4520,1.5744999999999996
4521,2.1105
4522,2.1105
4523,1.6079999999999999
4524,1.0719999999999996
4525,1.2394999999999996
4526,1.005
4527,0.8039999999999994
4528,1.1055
4529,1.4069999999999994
4530,1.4739999999999993
4531,1.5074999999999996
4532,1.7419999999999993
4533,2.1105
4534,2.1105
4535,2.1774999999999998
4536,2.278
4537,2.1105
4538,2.0434999999999994
4539,2.01
4540,2.0434999999999994
4541,2.1105
4542,2.0434999999999994
4543,1.9429999999999998
4544,1.7419999999999993
4545,1.5410000000000001
4546,1.2730000000000001
4547,0.9044999999999996
4548,0.9044999999999996
4549,0.9380000000000001
4550,0.7705000000000001
4551,1.6079999999999999
4552,1.5744999999999996
4553,1.6749999999999996
4554,2.1105
4555,2.1105
4556,2.1439999999999997
4557,2.5124999999999993
4558,2.8474999999999997
4559,3.0484999999999993
4560,3.1824999999999997
4561,3.249499999999999
4562,3.081999999999999
4563,3.2159999999999993
4564,3.3834999999999993
4565,3.3834999999999993
4566,3.1489999999999996
4567,2.7134999999999994
4568,2.278
4569,1.9094999999999993
4570,1.4405000000000001
4571,1.1055
4572,1.1055
4573,0.9380000000000001
4574,0.8374999999999998
4575,0.8039999999999994
4576,0.7035000000000003
4577,0.7705000000000001
4578,1.005
4579,1.4069999999999994
4580,1.6749999999999996
4581,2.01
4582,2.244499999999999
4583,2.3449999999999998
4584,2.3449999999999998
4585,2.244499999999999
4586,2.1439999999999997
4587,2.01
4588,1.8759999999999994
4589,1.8089999999999997
4590,1.7419999999999993
4591,1.6414999999999993
4592,1.3064999999999993
4593,1.0385000000000002
4594,1.0385000000000002
4595,1.1724999999999999
4596,0.8374999999999998
4597,0.6364999999999994
4598,0.4019999999999997
4599,0.0
4600,0.0
4601,0.03350000000000047
4602,0.0
4603,0.16749999999999998
4604,0.5360000000000004
4605,0.8374999999999998
4606,1.0385000000000002
4607,1.0719999999999996
4608,1.1724999999999999
4609,1.4069999999999994
4610,1.7755
4611,1.9094999999999993
4612,2.0769999999999995
4613,2.1439999999999997
4614,2.01
4615,1.8759999999999994
4616,1.4405000000000001
4617,1.1724999999999999
4618,0.9380000000000001
4619,0.8710000000000003
4620,0.7369999999999997
4621,0.6030000000000001
4622,0.5360000000000004
4623,0.5694999999999997
4624,0.6364999999999994
4625,0.33499999999999996
4626,0.36850000000000044
4627,0.43550000000000016
4628,1.3064999999999993
4629,2.0434999999999994
4630,2.1439999999999997
4631,2.0769999999999995
4632,2.0769999999999995
4633,2.1774999999999998
4634,2.244499999999999
4635,2.1105
4636,2.01
4637,2.1105
4638,2.01
4639,1.8759999999999994
4640,1.7419999999999993
4641,1.6414999999999993
4642,1.5410000000000001
4643,1.3735000000000002
4644,1.2394999999999996
4645,1.2394999999999996
4646,0.8710000000000003
4647,1.0385000000000002
4648,1.4069999999999994
4649,1.2730000000000001
4650,1.3399999999999999
4651,1.5744999999999996
4652,1.6749999999999996
4653,2.01
4654,2.3784999999999994
4655,2.9144999999999994
4656,2.746999999999999
4657,3.3834999999999993
4658,3.4504999999999995
4659,3.349999999999999
4660,3.3164999999999996
4661,3.8189999999999995
4662,3.349999999999999
4663,2.746999999999999
4664,2.2109999999999994
4665,1.6414999999999993
4666,1.3399999999999999
4667,1.2730000000000001
4668,1.2060000000000002
4669,1.1724999999999999
4670,0.7705000000000001
4671,0.5694999999999997
4672,0.7369999999999997
4673,0.7369999999999997
4674,0.7369999999999997
4675,0.9044999999999996
4676,1.4739999999999993
4677,1.8759999999999994
4678,2.278
4679,2.6464999999999996
4680,2.9479999999999995
4681,3.1489999999999996
4682,3.3164999999999996
4683,3.4169999999999994
4684,3.4169999999999994
4685,3.2829999999999995
4686,3.3164999999999996
4687,2.8139999999999996
4688,2.4454999999999996
4689,1.8759999999999994
4690,1.6749999999999996
4691,1.5074999999999996
4692,0.7035000000000003
4693,0.6699999999999999
4694,0.6030000000000001
4695,0.7035000000000003
4696,0.6699999999999999
4697,1.7755
4698,2.1774999999999998
4699,2.4454999999999996
4700,2.4454999999999996
4701,2.244499999999999
4702,1.9764999999999997
4703,1.8089999999999997
4704,1.7755
4705,1.7084999999999997
4706,1.7755
4707,2.0769999999999995
4708,2.1439999999999997
4709,2.2109999999999994
4710,1.9094999999999993
4711,1.7084999999999997
4712,1.5410000000000001
4713,1.0719999999999996
4714,0.8710000000000003
4715,0.8374999999999998
4716,0.7369999999999997
4717,0.5025
4718,0.33499999999999996
4719,0.33499999999999996
4720,0.5360000000000004
4721,0.6699999999999999
4722,0.7705000000000001
4723,1.0719999999999996
4724,1.0719999999999996
4725,1.3735000000000002
4726,1.2730000000000001
4727,1.2394999999999996
4728,1.2060000000000002
4729,1.1055
4730,1.0719999999999996
4731,1.1389999999999993
4732,1.2394999999999996
4733,1.3064999999999993
4734,1.2394999999999996
4735,1.1724999999999999
4736,1.3064999999999993
4737,1.4069999999999994
4738,1.3735000000000002
4739,0.9380000000000001
4740,0.7035000000000003
4741,0.5025
4742,0.20100000000000043
4743,0.0
4744,0.0
4745,0.33499999999999996
4746,0.8374999999999998
4747,0.23449999999999974
4748,0.6364999999999994
4749,1.005
4750,1.2394999999999996
4751,1.4739999999999993
4752,1.5744999999999996
4753,1.6749999999999996
4754,1.8759999999999994
4755,2.0434999999999994
4756,2.1774999999999998
4757,2.1439999999999997
4758,2.01
4759,1.4405000000000001
4760,0.6030000000000001
4761,0.0
4762,0.0
4763,0.0
4764,0.0
4765,0.0
4766,0.0
4767,0.0
4768,0.0
4769,0.0
4770,0.0
4771,0.0
4772,0.8710000000000003
4773,1.2730000000000001
4774,1.4069999999999994
4775,1.5410000000000001
4776,1.6414999999999993
4777,1.6749999999999996
4778,1.6749999999999996
4779,1.6749999999999996
4780,1.5410000000000001
4781,1.6749999999999996
4782,1.7755
4783,1.4069999999999994
4784,1.3064999999999993
4785,1.005
4786,0.36850000000000044
4787,0.03350000000000047
4788,0.0
4789,0.0
4790,0.0
4791,0.0
4792,0.0
4793,0.0
4794,0.0
4795,0.0
4796,0.03350000000000047
4797,0.5025
4798,0.7369999999999997
4799,0.9380000000000001
4800,1.2394999999999996
4801,1.3735000000000002
4802,1.4069999999999994
4803,1.6414999999999993
4804,1.7755
4805,1.9429999999999998
4806,1.9764999999999997
4807,1.8424999999999998
4808,1.6414999999999993
4809,1.3735000000000002
4810,1.005
4811,0.6364999999999994
4812,0.43550000000000016
4813,0.1339999999999995
4814,0.0
4815,0.0
4816,0.0
4817,0.0
4818,0.0
4819,0.03350000000000047
4820,0.5025
4821,1.3064999999999993
4822,1.7755
4823,2.0434999999999994
4824,2.3114999999999997
4825,2.5794999999999995
4826,2.7134999999999994
4827,2.8474999999999997
4828,3.0149999999999992
4829,2.9814999999999996
4830,2.4454999999999996
4831,1.9429999999999998
4832,1.6079999999999999
4833,1.2730000000000001
4834,1.5074999999999996
4835,1.5410000000000001
4836,1.5074999999999996
4837,1.5410000000000001
4838,1.5744999999999996
4839,1.3064999999999993
4840,1.2394999999999996
4841,1.1389999999999993
4842,1.1724999999999999
4843,1.1724999999999999
4844,1.4739999999999993
4845,1.5410000000000001
4846,1.5744999999999996
4847,1.6414999999999993
4848,1.6749999999999996
4849,1.6414999999999993
4850,1.7084999999999997
4851,1.7755
4852,1.7755
4853,1.7755
4854,1.7419999999999993
4855,1.6749999999999996
4856,1.2394999999999996
4857,0.8710000000000003
4858,0.5025
4859,0.0
4860,0.0
4861,0.0
4862,0.0
4863,0.0
4864,0.0
4865,0.0
4866,0.6364999999999994
4867,0.8374999999999998
4868,0.7369999999999997
4869,0.7705000000000001
4870,0.9044999999999996
4871,1.0385000000000002
4872,1.2730000000000001
4873,1.3064999999999993
4874,1.4405000000000001
4875,1.5074999999999996
4876,1.5744999999999996
4877,1.5744999999999996
4878,1.5074999999999996
4879,1.4069999999999994
4880,1.0385000000000002
4881,0.7035000000000003
4882,0.30149999999999944
4883,0.0
4884,0.0
4885,0.0
4886,0.0
4887,0.0
4888,0.0
4889,0.0
4890,0.0
4891,0.0
4892,0.0
4893,0.30149999999999944
4894,0.8039999999999994
4895,1.0385000000000002
4896,1.3735000000000002
4897,1.7084999999999997
4898,1.7084999999999997
4899,2.0434999999999994
4900,1.2730000000000001
4901,0.9380000000000001
4902,0.9044999999999996
4903,0.4689999999999995
4904,0.0
4905,0.0
4906,0.0
4907,0.0
4908,0.0
4909,0.0
4910,0.0
4911,0.0
4912,0.0
4913,0.0
4914,0.0
4915,0.0
4916,0.0
4917,0.36850000000000044
4918,0.6364999999999994
4919,0.7705000000000001
4920,0.9380000000000001
4921,1.1055
4922,1.2394999999999996
4923,1.5410000000000001
4924,2.0769999999999995
4925,2.4454999999999996
4926,2.3449999999999998
4927,1.8759999999999994
4928,1.4069999999999994
4929,0.6699999999999999
4930,0.4689999999999995
4931,0.06699999999999975
4932,0.0
4933,0.0
4934,0.0
4935,0.0
4936,0.0
4937,0.0
4938,0.0
4939,0.0
4940,0.20100000000000043
4941,1.1724999999999999
4942,1.4405000000000001
4943,1.5744999999999996
4944,1.8424999999999998
4945,1.9094999999999993
4946,2.244499999999999
4947,2.3784999999999994
4948,2.3449999999999998
4949,2.278
4950,2.244499999999999
4951,1.8759999999999994
4952,1.7084999999999997
4953,1.4069999999999994
4954,1.2394999999999996
4955,0.9714999999999994
4956,1.2060000000000002
4957,1.5744999999999996
4958,1.5744999999999996
4959,2.1774999999999998
4960,2.3449999999999998
4961,2.5459999999999994
4962,2.8139999999999996
4963,2.8139999999999996
4964,2.7804999999999995
4965,2.8474999999999997
4966,2.746999999999999
4967,2.7134999999999994
4968,2.7134999999999994
4969,2.7134999999999994
4970,2.6799999999999997
4971,2.7134999999999994
4972,2.6799999999999997
4973,2.746999999999999
4974,2.6464999999999996
4975,2.4789999999999996
4976,2.3114999999999997
4977,2.244499999999999
4978,1.9764999999999997
4979,1.4069999999999994
4980,1.0385000000000002
4981,0.5694999999999997
4982,1.3064999999999993
4983,0.9044999999999996
4984,0.4689999999999995
4985,0.5025
4986,0.5694999999999997
4987,0.8374999999999998
4988,1.2394999999999996
4989,1.9764999999999997
4990,2.4789999999999996
4991,2.8809999999999993
4992,3.249499999999999
4993,3.6849999999999996
4994,3.8524999999999996
4995,4.02
4996,4.053499999999999
4997,3.7854999999999994
4998,3.483999999999999
4999,3.1155
5000,2.1105
5001,1.5410000000000001
5002,1.1055
5003,0.5025
5004,0.4689999999999995
5005,0.23449999999999974
5006,0.2680000000000002
5007,0.10050000000000021
5008,0.0
5009,0.0
5010,0.0
5011,0.1339999999999995
5012,0.7705000000000001
5013,1.6749999999999996
5014,2.0769999999999995
5015,1.9429999999999998
5016,2.5459999999999994
5017,2.9814999999999996
5018,3.249499999999999
5019,3.3834999999999993
5020,3.249499999999999
5021,2.9814999999999996
5022,2.8474999999999997
5023,2.1774999999999998
5024,1.7084999999999997
5025,1.0385000000000002
5026,0.6030000000000001
5027,0.33499999999999996
5028,0.16749999999999998
5029,0.0
5030,0.0
5031,0.0
5032,0.0
5033,0.0
5034,0.0
5035,0.0
5036,0.36850000000000044
5037,1.1055
5038,1.6079999999999999
5039,1.7755
5040,1.9094999999999993
5041,2.244499999999999
5042,2.5459999999999994
5043,2.746999999999999
5044,2.9479999999999995
5045,3.0484999999999993
5046,2.5459999999999994
5047,1.8424999999999998
5048,0.9714999999999994
5049,0.2680000000000002
5050,0.0
5051,0.0
5052,0.0
5053,0.0
5054,0.0
5055,0.0
5056,0.0
5057,0.0
5058,0.0
5059,0.0
5060,0.0
5061,0.16749999999999998
5062,0.8710000000000003
5063,1.005
5064,1.6749999999999996
5065,1.3064999999999993
5066,1.5744999999999996
5067,1.7419999999999993
5068,1.7419999999999993
5069,1.9094999999999993
5070,1.7084999999999997
5071,1.1055
5072,0.4689999999999995
5073,0.0
5074,0.0
5075,0.0
5076,0.0
5077,0.0
5078,0.0
5079,0.0
5080,0.0
5081,0.0
5082,0.0
5083,0.0
5084,0.0
5085,0.20100000000000043
5086,1.0719999999999996
5087,1.4069999999999994
5088,1.5074999999999996
5089,1.1389999999999993
5090,1.1724999999999999
5091,1.4069999999999994
5092,1.6749999999999996
5093,1.7755
5094,1.8089999999999997
5095,1.4739999999999993
5096,0.8039999999999994
5097,0.06699999999999975
5098,0.0
5099,0.0
5100,0.0
5101,0.0
5102,0.0
5103,0.0
5104,0.0
5105,0.0
5106,0.0
5107,0.0
5108,0.0
5109,0.0
5110,0.23449999999999974
5111,0.5694999999999997
5112,0.7705000000000001
5113,1.2394999999999996
5114,1.7084999999999997
5115,1.8424999999999998
5116,2.1774999999999998
5117,2.3784999999999994
5118,1.9429999999999998
5119,1.7084999999999997
5120,1.6414999999999993
5121,1.4405000000000001
5122,0.7035000000000003
5123,0.0
5124,0.0
5125,0.0
5126,0.0
5127,0.0
5128,0.0
5129,0.0
5130,0.0
5131,0.0
5132,0.0
5133,0.30149999999999944
5134,0.6030000000000001
5135,1.0385000000000002
5136,1.3399999999999999
5137,1.6414999999999993
5138,2.0769999999999995
5139,2.2109999999999994
5140,2.4119999999999995
5141,2.613
5142,2.278
5143,2.1105
5144,1.2730000000000001
5145,0.7369999999999997
5146,0.0
5147,0.0
5148,0.0
5149,0.0
5150,0.0
5151,0.0
5152,0.0
5153,0.0
5154,0.0
5155,0.0
5156,0.0
5157,0.10050000000000021
5158,0.6364999999999994
5159,0.9044999999999996
5160,0.9714999999999994
5161,0.9714999999999994
5162,0.9714999999999994
5163,0.9714999999999994
5164,1.0385000000000002
5165,1.0385000000000002
5166,1.1389999999999993
5167,1.0719999999999996
5168,1.0719999999999996
5169,1.005
5170,0.8039999999999994
5171,0.4019999999999997
5172,0.0
5173,0.0
5174,0.0
5175,0.0
5176,0.6699999999999999
5177,0.6364999999999994
5178,0.20100000000000043
5179,0.23449999999999974
5180,0.43550000000000016
5181,0.8374999999999998
5182,0.8710000000000003
5183,0.8710000000000003
5184,1.1389999999999993
5185,1.1389999999999993
5186,1.1055
5187,1.1389999999999993
5188,1.4069999999999994
5189,1.6079999999999999
5190,1.8089999999999997
5191,1.7419999999999993
5192,1.4405000000000001
5193,1.1055
5194,0.8374999999999998
5195,0.8374999999999998
5196,0.5025
5197,0.30149999999999944
5198,0.06699999999999975
5199,0.20100000000000043
5200,0.06699999999999975
5201,0.20100000000000043
5202,0.33499999999999996
5203,0.4689999999999995
5204,1.005
5205,1.4739999999999993
5206,1.6079999999999999
5207,1.7419999999999993
5208,1.8089999999999997
5209,2.01
5210,2.0769999999999995
5211,2.1774999999999998
5212,2.1774999999999998
5213,2.0769999999999995
5214,1.9764999999999997
5215,1.8424999999999998
5216,1.5410000000000001
5217,1.1724999999999999
5218,0.8039999999999994
5219,0.5025
5220,0.10050000000000021
5221,0.03350000000000047
5222,0.0
5223,0.0
5224,0.03350000000000047
5225,0.0
5226,0.0
5227,0.1339999999999995
5228,0.6030000000000001
5229,0.8710000000000003
5230,0.9714999999999994
5231,0.7705000000000001
5232,1.0385000000000002
5233,1.005
5234,1.0719999999999996
5235,1.1724999999999999
5236,1.2394999999999996
5237,1.3735000000000002
5238,1.3399999999999999
5239,1.2394999999999996
5240,0.9714999999999994
5241,0.4689999999999995
5242,0.0
5243,0.0
5244,0.0
5245,0.0
5246,0.0
5247,0.0
5248,0.0
5249,0.0
5250,0.0
5251,0.0
5252,0.0
5253,0.06699999999999975
5254,0.8710000000000003
5255,0.8710000000000003
5256,0.7705000000000001
5257,0.6699999999999999
5258,1.0385000000000002
5259,1.2060000000000002
5260,1.0719999999999996
5261,1.4069999999999994
5262,0.9714999999999994
5263,0.2680000000000002
5264,0.0
5265,0.0
5266,0.0
5267,0.0
5268,0.0
5269,0.0
5270,0.0
5271,0.0
5272,0.0
5273,0.0
5274,0.0
5275,0.0
5276,0.0
5277,0.33499999999999996
5278,0.6364999999999994
5279,0.9044999999999996
5280,0.8039999999999994
5281,1.1389999999999993
5282,1.3399999999999999
5283,1.5074999999999996
5284,1.8759999999999994
5285,1.8759999999999994
5286,1.7084999999999997
5287,1.6079999999999999
5288,1.4069999999999994
5289,1.3399999999999999
5290,1.2060000000000002
5291,0.7705000000000001
5292,0.33499999999999996
5293,0.5360000000000004
5294,1.2394999999999996
5295,0.5025
5296,0.36850000000000044
5297,0.7369999999999997
5298,1.3735000000000002
5299,1.4069999999999994
5300,1.6079999999999999
5301,1.6079999999999999
5302,1.7419999999999993
5303,1.8424999999999998
5304,2.2109999999999994
5305,2.3784999999999994
5306,2.5124999999999993
5307,2.4789999999999996
5308,2.4454999999999996
5309,2.4789999999999996
5310,2.5459999999999994
5311,2.4454999999999996
5312,2.1774999999999998
5313,1.7419999999999993
5314,1.5074999999999996
5315,1.4405000000000001
5316,1.1055
5317,0.8039999999999994
5318,0.6699999999999999
5319,0.5694999999999997
5320,0.30149999999999944
5321,0.33499999999999996
5322,0.33499999999999996
5323,0.5694999999999997
5324,0.8710000000000003
5325,1.0385000000000002
5326,0.9044999999999996
5327,0.9714999999999994
5328,1.1724999999999999
5329,1.2730000000000001
5330,1.4405000000000001
5331,1.5744999999999996
5332,1.3735000000000002
5333,1.2730000000000001
5334,1.1389999999999993
5335,1.005
5336,0.9044999999999996
5337,0.8374999999999998
5338,1.0385000000000002
5339,1.3399999999999999
5340,1.2730000000000001
5341,1.4069999999999994
5342,1.1055
5343,0.7705000000000001
5344,0.5360000000000004
5345,0.5360000000000004
5346,0.5025
5347,0.5694999999999997
5348,0.7035000000000003
5349,0.9044999999999996
5350,1.2060000000000002
5351,1.3735000000000002
5352,1.4069999999999994
5353,1.6414999999999993
5354,1.8759999999999994
5355,2.0769999999999995
5356,2.2109999999999994
5357,2.01
5358,2.1439999999999997
5359,1.9764999999999997
5360,1.6414999999999993
5361,1.2060000000000002
5362,1.0385000000000002
5363,0.7705000000000001
5364,0.5360000000000004
5365,0.36850000000000044
5366,0.10050000000000021
5367,0.03350000000000047
5368,0.1339999999999995
5369,0.03350000000000047
5370,0.03350000000000047
5371,0.20100000000000043
5372,0.8710000000000003
5373,1.6079999999999999
5374,1.7755
5375,1.7419999999999993
5376,1.6749999999999996
5377,1.8089999999999997
5378,1.8089999999999997
5379,2.1439999999999997
5380,1.9094999999999993
5381,2.1105
5382,2.0769999999999995
5383,1.9094999999999993
5384,1.6414999999999993
5385,1.3399999999999999
5386,1.5410000000000001
5387,1.3064999999999993
5388,0.9380000000000001
5389,0.5694999999999997
5390,0.0
5391,0.0
5392,0.0
5393,0.0
5394,0.0
5395,0.0
5396,0.36850000000000044
5397,1.2060000000000002
5398,1.8089999999999997
5399,1.8424999999999998
5400,2.244499999999999
5401,2.5124999999999993
5402,2.0769999999999995
5403,2.244499999999999
5404,2.1439999999999997
5405,2.2109999999999994
5406,2.244499999999999
5407,1.9094999999999993
5408,1.7419999999999993
5409,1.2394999999999996
5410,0.9380000000000001
5411,1.3064999999999993
5412,1.005
5413,1.5744999999999996
5414,1.7755
5415,1.3399999999999999
5416,1.3064999999999993
5417,1.8759999999999994
5418,1.5074999999999996
5419,1.4069999999999994
5420,1.6414999999999993
5421,1.7419999999999993
5422,1.8759999999999994
5423,1.9429999999999998
5424,2.01
5425,2.1105
5426,2.244499999999999
5427,2.3784999999999994
5428,2.5124999999999993
5429,2.4454999999999996
5430,2.6799999999999997
5431,2.3449999999999998
5432,1.9764999999999997
5433,1.3735000000000002
5434,1.005
5435,0.7035000000000003
5436,0.4689999999999995
5437,0.23449999999999974
5438,0.16749999999999998
5439,0.6030000000000001
5440,0.8374999999999998
5441,0.4019999999999997
5442,0.6030000000000001
5443,0.7369999999999997
5444,1.2730000000000001
5445,1.9764999999999997
5446,2.6799999999999997
5447,3.2829999999999995
5448,3.4504999999999995
5449,3.5509999999999993
5450,3.517499999999999
5451,3.349999999999999
5452,3.349999999999999
5453,3.249499999999999
5454,2.9479999999999995
5455,2.746999999999999
5456,2.3784999999999994
5457,1.8424999999999998
5458,1.5410000000000001
5459,1.005
5460,0.5694999999999997
5461,0.1339999999999995
5462,0.33499999999999996
5463,0.4689999999999995
5464,0.36850000000000044
5465,0.30149999999999944
5466,0.36850000000000044
5467,0.7035000000000003
5468,1.4069999999999994
5469,1.4405000000000001
5470,1.8759999999999994
5471,1.5074999999999996
5472,1.4405000000000001
5473,1.4405000000000001
5474,1.5410000000000001
5475,1.8089999999999997
5476,1.7755
5477,2.0434999999999994
5478,2.01
5479,1.6749999999999996
5480,1.3735000000000002
5481,0.9044999999999996
5482,0.6364999999999994
5483,0.36850000000000044
5484,0.06699999999999975
5485,0.0
5486,0.0
5487,0.0
5488,0.0
5489,0.0
5490,0.0
5491,0.10050000000000021
5492,0.43550000000000016
5493,1.2060000000000002
5494,1.6079999999999999
5495,1.8424999999999998
5496,2.0769999999999995
5497,2.1439999999999997
5498,2.1439999999999997
5499,2.0769999999999995
5500,2.0769999999999995
5501,2.244499999999999
5502,2.244499999999999
5503,2.2109999999999994
5504,1.9764999999999997
5505,1.6079999999999999
5506,1.1055
5507,0.5360000000000004
5508,0.43550000000000016
5509,0.1339999999999995
5510,0.0
5511,0.0
5512,0.0
5513,0.0
5514,0.0
5515,0.36850000000000044
5516,0.7369999999999997
5517,0.9380000000000001
5518,1.0385000000000002
5519,1.1055
5520,1.1389999999999993
5521,1.3735000000000002
5522,1.3064999999999993
5523,1.2060000000000002
5524,0.9380000000000001
5525,1.1055
5526,1.4739999999999993
5527,1.6414999999999993
5528,1.8089999999999997
5529,1.8089999999999997
5530,1.9094999999999993
5531,1.8424999999999998
5532,1.1389999999999993
5533,0.9044999999999996
5534,0.9044999999999996
5535,0.6030000000000001
5536,0.8039999999999994
5537,0.7035000000000003
5538,0.7705000000000001
5539,1.2060000000000002
5540,1.9094999999999993
5541,2.5794999999999995
5542,2.9144999999999994
5543,3.3164999999999996
5544,3.5844999999999994
5545,3.7854999999999994
5546,3.8524999999999996
5547,3.885999999999999
5548,4.02
5549,4.053499999999999
5550,3.5844999999999994
5551,2.746999999999999
5552,2.0769999999999995
5553,1.2060000000000002
5554,0.5025
5555,0.16749999999999998
5556,0.0
5557,0.0
5558,0.0
5559,0.0
5560,0.0
5561,0.0
5562,0.0
5563,0.0
5564,1.0385000000000002
5565,1.6079999999999999
5566,1.7084999999999997
5567,2.1774999999999998
5568,2.4119999999999995
5569,2.613
5570,2.8139999999999996
5571,2.7804999999999995
5572,2.7134999999999994
5573,2.8809999999999993
5574,2.5459999999999994
5575,1.9764999999999997
5576,1.3735000000000002
5577,1.1389999999999993
5578,0.8039999999999994
5579,0.23449999999999974
5580,0.0
5581,0.0
5582,0.0
5583,0.0
5584,0.0
5585,0.0
5586,0.0
5587,0.0
5588,0.0
5589,0.0
5590,0.0
5591,0.0
5592,0.6699999999999999
5593,0.9714999999999994
5594,1.4069999999999994
5595,1.6414999999999993
5596,1.8424999999999998
5597,2.1774999999999998
5598,2.613
5599,2.1105
5600,1.3735000000000002
5601,0.7035000000000003
5602,0.2680000000000002
5603,0.0
5604,0.0
5605,0.0
5606,0.0
5607,0.0
5608,0.0
5609,0.0
5610,0.0
5611,0.0
5612,0.20100000000000043
5613,0.7705000000000001
5614,0.9044999999999996
5615,0.9380000000000001
5616,1.1724999999999999
5617,1.4069999999999994
5618,1.3064999999999993
5619,1.0719999999999996
5620,1.1724999999999999
5621,1.2394999999999996
5622,1.3399999999999999
5623,1.3735000000000002
5624,0.8374999999999998
5625,0.4689999999999995
5626,0.0
5627,0.0
5628,0.0
5629,0.7035000000000003
5630,0.23449999999999974
5631,0.0
5632,0.0
5633,0.0
5634,0.0
5635,0.0
5636,0.0
5637,0.0
5638,0.03350000000000047
5639,0.23449999999999974
5640,0.33499999999999996
5641,0.36850000000000044
5642,0.4019999999999997
5643,0.6699999999999999
5644,0.7705000000000001
5645,0.9714999999999994
5646,1.1724999999999999
5647,0.7369999999999997
5648,0.43550000000000016
5649,0.0
5650,0.0
5651,0.0
5652,0.0
5653,0.0
5654,0.0
5655,0.0
5656,0.0
5657,0.0
5658,0.0
5659,0.20100000000000043
5660,0.5694999999999997
5661,0.8374999999999998
5662,1.0385000000000002
5663,1.2730000000000001
5664,1.4405000000000001
5665,1.6079999999999999
5666,1.7755
5667,1.9429999999999998
5668,2.0434999999999994
5669,2.1105
5670,2.3114999999999997
5671,2.2109999999999994
5672,1.9429999999999998
5673,1.5410000000000001
5674,1.2394999999999996
5675,0.8039999999999994
5676,0.10050000000000021
5677,0.0
5678,0.0
5679,0.0
5680,0.0
5681,0.0
5682,0.0
5683,0.2680000000000002
5684,1.5410000000000001
5685,1.6414999999999993
5686,1.4405000000000001
5687,1.3735000000000002
5688,1.7419999999999993
5689,1.8089999999999997
5690,1.8424999999999998
5691,1.9429999999999998
5692,2.1105
5693,2.1774999999999998
5694,2.1439999999999997
5695,1.8089999999999997
5696,1.5410000000000001
5697,1.2394999999999996
5698,0.5694999999999997
5699,0.06699999999999975
5700,0.0
5701,0.0
5702,0.10050000000000021
5703,0.0
5704,0.0
5705,0.0
5706,0.0
5707,0.0
5708,0.1339999999999995
5709,0.36850000000000044
5710,0.9044999999999996
5711,0.9380000000000001
5712,1.1724999999999999
5713,1.4405000000000001
5714,1.1724999999999999
5715,1.2394999999999996
5716,1.4405000000000001
5717,1.6749999999999996
5718,2.1105
5719,2.1105
5720,1.8424999999999998
5721,1.7084999999999997
5722,1.6414999999999993
5723,1.5410000000000001
5724,1.5410000000000001
5725,1.8424999999999998
5726,1.8089999999999997
5727,1.4739999999999993
5728,1.3399999999999999
5729,1.5744999999999996
5730,1.4405000000000001
5731,1.7419999999999993
5732,1.8759999999999994
5733,2.0769999999999995
5734,2.1439999999999997
5735,2.3114999999999997
5736,2.4789999999999996
5737,2.4119999999999995
5738,2.4454999999999996
5739,2.5124999999999993
5740,2.613
5741,2.6799999999999997
5742,2.8474999999999997
5743,2.8139999999999996
5744,2.7804999999999995
5745,2.5124999999999993
5746,2.01
5747,1.4405000000000001
5748,0.7705000000000001
5749,0.5694999999999997
5750,0.2680000000000002
5751,0.06699999999999975
5752,0.0
5753,0.0
5754,0.0
5755,0.6364999999999994
5756,1.3399999999999999
5757,1.3399999999999999
5758,1.4405000000000001
5759,1.4739999999999993
5760,1.6079999999999999
5761,1.7084999999999997
5762,1.6414999999999993
5763,1.6414999999999993
5764,1.7084999999999997
5765,2.1439999999999997
5766,2.1439999999999997
5767,2.0769999999999995
5768,1.6414999999999993
5769,1.2060000000000002
5770,0.8039999999999994
5771,0.36850000000000044
5772,0.16749999999999998
5773,0.03350000000000047
5774,0.0
5775,0.0
5776,0.0
5777,0.0
5778,0.0
5779,0.0
5780,0.5694999999999997
5781,1.4069999999999994
5782,1.9764999999999997
5783,2.278
5784,2.3784999999999994
5785,2.5124999999999993
5786,2.5459999999999994
5787,2.9479999999999995
5788,2.8474999999999997
5789,3.0149999999999992
5790,2.9814999999999996
5791,2.5794999999999995
5792,2.0769999999999995
5793,1.1724999999999999
5794,0.4019999999999997
5795,0.0
5796,0.0
5797,0.0
5798,0.0
5799,0.0
5800,0.0
5801,0.0
5802,0.0
5803,0.0
5804,0.36850000000000044
5805,0.7369999999999997
5806,1.6414999999999993
5807,1.7419999999999993
5808,1.6414999999999993
5809,1.9094999999999993
5810,1.9094999999999993
5811,1.8089999999999997
5812,1.8424999999999998
5813,2.1105
5814,2.3114999999999997
5815,2.0434999999999994
5816,1.8089999999999997
5817,1.7419999999999993
5818,1.6079999999999999
5819,1.5074999999999996
5820,1.1724999999999999
5821,0.7369999999999997
5822,0.4019999999999997
5823,0.23449999999999974
5824,0.06699999999999975
5825,0.16749999999999998
5826,0.10050000000000021
5827,0.5694999999999997
5828,1.8424999999999998
5829,2.1774999999999998
5830,2.4454999999999996
5831,2.613
5832,2.7134999999999994
5833,2.4119999999999995
5834,2.4454999999999996
5835,2.3449999999999998
5836,2.4454999999999996
5837,2.6799999999999997
5838,2.6799999999999997
5839,2.5124999999999993
5840,2.3114999999999997
5841,2.1439999999999997
5842,1.9764999999999997
5843,1.7419999999999993
5844,2.01
5845,2.3449999999999998
5846,2.3114999999999997
5847,2.4454999999999996
5848,2.5794999999999995
5849,2.8139999999999996
5850,2.7804999999999995
5851,2.7804999999999995
5852,2.7804999999999995
5853,2.7804999999999995
5854,2.8139999999999996
5855,3.1489999999999996
5856,3.4504999999999995
5857,3.517499999999999
5858,3.7184999999999993
5859,4.1205
5860,4.254499999999999
5861,4.555999999999999
5862,4.7235
5863,4.1205
5864,3.1824999999999997
5865,2.278
5866,1.6079999999999999
5867,1.5074999999999996
5868,1.3399999999999999
5869,1.1055
5870,0.9714999999999994
5871,0.8039999999999994
5872,0.9714999999999994
5873,0.8374999999999998
5874,1.005
5875,1.6414999999999993
5876,3.0149999999999992
5877,3.5844999999999994
5878,3.8524999999999996
5879,4.1205
5880,4.187499999999999
5881,4.220999999999999
5882,4.3549999999999995
5883,4.02
5884,4.254499999999999
5885,3.9864999999999995
5886,3.9864999999999995
5887,3.6849999999999996
5888,3.1155
5889,2.3114999999999997
5890,1.5410000000000001
5891,1.005
5892,0.6699999999999999
5893,0.33499999999999996
5894,0.20100000000000043
5895,0.10050000000000021
5896,0.10050000000000021
5897,0.16749999999999998
5898,0.43550000000000016
5899,1.0385000000000002
5900,1.5074999999999996
5901,1.8759999999999994
5902,2.1105
5903,2.3114999999999997
5904,2.4789999999999996
5905,2.6799999999999997
5906,2.8474999999999997
5907,2.9144999999999994
5908,2.9144999999999994
5909,2.8809999999999993
5910,2.9814999999999996
5911,2.746999999999999
5912,2.01
5913,1.6079999999999999
5914,1.0385000000000002
5915,0.33499999999999996
5916,0.16749999999999998
5917,0.0
5918,0.0
5919,0.0
5920,0.0
5921,0.0
5922,0.23449999999999974
5923,0.8039999999999994
5924,1.6414999999999993
5925,1.6749999999999996
5926,1.6079999999999999
5927,1.8424999999999998
5928,1.8759999999999994
5929,1.9094999999999993
5930,1.8424999999999998
5931,1.9764999999999997
5932,2.1105
5933,2.1105
5934,2.1774999999999998
5935,2.2109999999999994
5936,2.1774999999999998
5937,1.0719999999999996
5938,0.7705000000000001
5939,0.30149999999999944
5940,0.06699999999999975
5941,0.0
5942,0.0
5943,0.0
5944,0.0
5945,0.0
5946,0.10050000000000021
5947,1.1055
5948,2.2109999999999994
5949,2.3449999999999998
5950,2.7134999999999994
5951,2.746999999999999
5952,2.5794999999999995
5953,2.5124999999999993
5954,2.4119999999999995
5955,2.5794999999999995
5956,2.6464999999999996
5957,2.7134999999999994
5958,2.8474999999999997
5959,2.5794999999999995
5960,2.278
5961,1.9429999999999998
5962,1.3399999999999999
5963,0.7035000000000003
5964,0.43550000000000016
5965,0.2680000000000002
5966,0.20100000000000043
5967,0.1339999999999995
5968,0.23449999999999974
5969,0.16749999999999998
5970,0.30149999999999944
5971,0.6699999999999999
5972,1.2060000000000002
5973,1.1055
5974,1.4739999999999993
5975,1.5410000000000001
5976,1.6414999999999993
5977,1.9429999999999998
5978,2.1439999999999997
5979,2.4454999999999996
5980,2.5124999999999993
5981,2.7134999999999994
5982,2.8809999999999993
5983,2.6464999999999996
5984,2.0769999999999995
5985,1.3735000000000002
5986,1.1055
5987,0.16749999999999998
5988,0.0
5989,0.0
5990,0.0
5991,0.0
5992,0.0
5993,0.0
5994,0.0
5995,0.6364999999999994
5996,1.1724999999999999
5997,1.2394999999999996
5998,1.3735000000000002
5999,1.4739999999999993
6000,1.6414999999999993
6001,1.7755
6002,2.01
6003,2.4454999999999996
6004,2.6464999999999996
6005,2.6464999999999996
6006,2.8139999999999996
6007,2.5459999999999994
6008,1.7419999999999993
6009,1.005
6010,0.1339999999999995
6011,0.0
6012,0.0
6013,0.0
6014,0.0
6015,0.0
6016,0.0
6017,0.0
6018,0.0
6019,0.0
6020,0.7705000000000001
6021,1.0719999999999996
6022,1.3735000000000002
6023,1.2060000000000002
6024,1.4739999999999993
6025,2.01
6026,2.3449999999999998
6027,2.3114999999999997
6028,2.5459999999999994
6029,2.6464999999999996
6030,2.8139999999999996
6031,2.3114999999999997
6032,1.1055
6033,0.33499999999999996
6034,0.0
6035,0.0
6036,0.0
6037,0.0
6038,0.0
6039,0.0
6040,0.0
6041,0.0
6042,0.0
6043,0.5025
6044,0.7369999999999997
6045,0.7035000000000003
6046,0.8374999999999998
6047,0.9714999999999994
6048,1.6749999999999996
6049,1.9094999999999993
6050,2.0434999999999994
6051,2.1105
6052,2.3449999999999998
6053,2.4454999999999996
6054,2.4454999999999996
6055,2.5459999999999994
6056,2.5459999999999994
6057,2.4789999999999996
6058,2.3784999999999994
6059,2.3449999999999998
6060,2.244499999999999
6061,2.1774999999999998
6062,2.2109999999999994
6063,2.278
6064,2.3114999999999997
6065,2.4119999999999995
6066,2.5459999999999994
6067,2.6464999999999996
6068,2.6799999999999997
6069,2.6799999999999997
6070,2.6464999999999996
6071,2.5794999999999995
6072,2.5794999999999995
6073,2.5794999999999995
6074,2.5459999999999994
6075,2.5459999999999994
6076,2.4789999999999996
6077,2.4789999999999996
6078,2.4789999999999996
6079,2.4119999999999995
6080,2.3449999999999998
6081,2.2109999999999994
6082,2.1105
6083,1.8759999999999994
6084,1.7419999999999993
6085,1.5410000000000001
6086,1.3064999999999993
6087,1.1055
6088,0.9044999999999996
6089,0.8710000000000003
6090,1.0385000000000002
6091,1.6749999999999996
6092,2.1105
6093,2.3784999999999994
6094,2.1439999999999997
6095,2.0769999999999995
6096,2.0769999999999995
6097,2.2109999999999994
6098,2.3114999999999997
6099,2.3449999999999998
6100,2.5124999999999993
6101,2.613
6102,2.6799999999999997
6103,2.6464999999999996
6104,2.4454999999999996
6105,2.2109999999999994
6106,1.8424999999999998
6107,1.2394999999999996
6108,0.7035000000000003
6109,0.33499999999999996
6110,0.1339999999999995
6111,0.06699999999999975
6112,0.03350000000000047
6113,0.1339999999999995
6114,0.43550000000000016
6115,0.9714999999999994
6116,1.8089999999999997
6117,1.9094999999999993
6118,2.5124999999999993
6119,3.0149999999999992
6120,3.1155
6121,3.2829999999999995
6122,3.2829999999999995
6123,3.3164999999999996
6124,3.4169999999999994
6125,3.5509999999999993
6126,3.6179999999999994
6127,3.483999999999999
6128,2.6464999999999996
6129,1.7084999999999997
6130,1.1055
6131,0.7369999999999997
6132,0.6030000000000001
6133,0.4019999999999997
6134,0.20100000000000043
6135,0.03350000000000047
6136,0.06699999999999975
6137,0.03350000000000047
6138,0.2680000000000002
6139,0.8039999999999994
6140,1.5744999999999996
6141,2.0434999999999994
6142,2.3114999999999997
6143,2.5459999999999994
6144,2.9814999999999996
6145,3.1155
6146,2.9144999999999994
6147,2.9144999999999994
6148,2.6799999999999997
6149,2.5794999999999995
6150,2.5459999999999994
6151,2.5124999999999993
6152,2.3784999999999994
6153,2.01
6154,1.5744999999999996
6155,1.5410000000000001
6156,1.3064999999999993
6157,1.2394999999999996
6158,1.3735000000000002
6159,0.8710000000000003
6160,0.8374999999999998
6161,0.7035000000000003
6162,1.0719999999999996
6163,1.2730000000000001
6164,1.5074999999999996
6165,1.8089999999999997
6166,2.1774999999999998
6167,2.4119999999999995
6168,2.5794999999999995
6169,2.8474999999999997
6170,2.9814999999999996
6171,3.1824999999999997
6172,3.5509999999999993
6173,3.4169999999999994
6174,3.517499999999999
6175,3.7184999999999993
6176,2.9814999999999996
6177,2.0769999999999995
6178,1.5744999999999996
6179,1.0385000000000002
6180,0.9380000000000001
6181,0.7705000000000001
6182,0.7369999999999997
6183,0.9044999999999996
6184,0.8374999999999998
6185,0.9714999999999994
6186,1.4405000000000001
6187,2.0769999999999995
6188,2.613
6189,3.0149999999999992
6190,3.3164999999999996
6191,3.7184999999999993
6192,4.053499999999999
6193,4.421999999999999
6194,4.622999999999999
6195,4.857499999999999
6196,4.957999999999999
6197,5.1255
6198,5.1255
6199,5.024999999999999
6200,4.053499999999999
6201,3.081999999999999
6202,2.3784999999999994
6203,1.8424999999999998
6204,1.4405000000000001
6205,0.9044999999999996
6206,1.1055
6207,1.2394999999999996
6208,1.3064999999999993
6209,1.4739999999999993
6210,1.6749999999999996
6211,1.8759999999999994
6212,2.2109999999999994
6213,2.4789999999999996
6214,2.8809999999999993
6215,3.1824999999999997
6216,3.2829999999999995
6217,3.2159999999999993
6218,3.1824999999999997
6219,3.081999999999999
6220,3.081999999999999
6221,3.1489999999999996
6222,3.0484999999999993
6223,2.9479999999999995
6224,2.7134999999999994
6225,2.3784999999999994
6226,1.9764999999999997
6227,1.4739999999999993
6228,0.9380000000000001
6229,0.9380000000000001
6230,1.0385000000000002
6231,0.9380000000000001
6232,1.1389999999999993
6233,1.4405000000000001
6234,1.5744999999999996
6235,1.8089999999999997
6236,2.3114999999999997
6237,2.7804999999999995
6238,3.2829999999999995
6239,3.6514999999999995
6240,3.8189999999999995
6241,3.7854999999999994
6242,3.885999999999999
6243,3.5509999999999993
6244,3.4169999999999994
6245,3.349999999999999
6246,3.3164999999999996
6247,3.1489999999999996
6248,2.9479999999999995
6249,2.5459999999999994
6250,2.1774999999999998
6251,1.8759999999999994
6252,1.8424999999999998
6253,1.6414999999999993
6254,1.6079999999999999
6255,1.5744999999999996
6256,1.6079999999999999
6257,1.7755
6258,1.9429999999999998
6259,2.2109999999999994
6260,2.3784999999999994
6261,2.7804999999999995
6262,2.8139999999999996
6263,2.9144999999999994
6264,2.9814999999999996
6265,3.0149999999999992
6266,2.9479999999999995
6267,3.0149999999999992
6268,3.0149999999999992
6269,3.0484999999999993
6270,3.0484999999999993
6271,3.0149999999999992
6272,2.7804999999999995
6273,2.4119999999999995
6274,2.1105
6275,1.8759999999999994
6276,1.7084999999999997
6277,1.4069999999999994
6278,1.4405000000000001
6279,1.3399999999999999
6280,1.4069999999999994
6281,1.6414999999999993
6282,1.7419999999999993
6283,2.1105
6284,2.3449999999999998
6285,2.4789999999999996
6286,2.5459999999999994
6287,2.5794999999999995
6288,2.7804999999999995
6289,2.7134999999999994
6290,2.8474999999999997
6291,2.8809999999999993
6292,2.8474999999999997
6293,2.9144999999999994
6294,2.8809999999999993
6295,2.9144999999999994
6296,2.746999999999999
6297,2.2109999999999994
6298,1.8424999999999998
6299,1.2394999999999996
6300,1.1389999999999993
6301,1.1389999999999993
6302,1.2394999999999996
6303,1.4405000000000001
6304,1.6414999999999993
6305,1.9429999999999998
6306,2.1774999999999998
6307,2.4789999999999996
6308,2.613
6309,2.613
6310,2.7804999999999995
6311,2.7134999999999994
6312,2.8139999999999996
6313,2.8809999999999993
6314,2.8809999999999993
6315,2.9814999999999996
6316,3.0149999999999992
6317,3.249499999999999
6318,3.349999999999999
6319,3.3164999999999996
6320,3.1489999999999996
6321,2.8139999999999996
6322,2.3784999999999994
6323,2.0769999999999995
6324,1.9429999999999998
6325,1.9094999999999993
6326,1.6414999999999993
6327,1.7084999999999997
6328,1.8759999999999994
6329,1.9429999999999998
6330,2.2109999999999994
6331,2.4789999999999996
6332,2.6799999999999997
6333,2.9144999999999994
6334,3.0149999999999992
6335,3.1489999999999996
6336,3.2829999999999995
6337,3.4169999999999994
6338,3.4504999999999995
6339,3.249499999999999
6340,3.249499999999999
6341,3.081999999999999
6342,3.1155
6343,3.1155
6344,3.0149999999999992
6345,2.7134999999999994
6346,2.244499999999999
6347,2.0434999999999994
6348,2.3449999999999998
6349,2.8474999999999997
6350,2.4789999999999996
6351,2.278
6352,3.1155
6353,3.081999999999999
6354,3.0149999999999992
6355,3.4504999999999995
6356,3.919499999999999
6357,4.220999999999999
6358,4.187499999999999
6359,4.220999999999999
6360,4.1205
6361,3.8189999999999995
6362,3.5509999999999993
6363,3.3164999999999996
6364,3.349999999999999
6365,3.483999999999999
6366,3.6514999999999995
6367,3.7854999999999994
6368,3.3164999999999996
6369,3.081999999999999
6370,2.6464999999999996
6371,2.4119999999999995
6372,2.4119999999999995
6373,2.3114999999999997
6374,2.3449999999999998
6375,2.1439999999999997
6376,2.5794999999999995
6377,2.6799999999999997
6378,2.9144999999999994
6379,3.7184999999999993
6380,3.885999999999999
6381,4.187499999999999
6382,4.388499999999999
6383,4.187499999999999
6384,3.885999999999999
6385,3.4504999999999995
6386,3.081999999999999
6387,2.7804999999999995
6388,2.8474999999999997
6389,2.9144999999999994
6390,2.9814999999999996
6391,3.483999999999999
6392,2.8809999999999993
6393,2.01
6394,1.6414999999999993
6395,1.2394999999999996
6396,1.005
6397,0.7705000000000001
6398,1.005
6399,0.9044999999999996
6400,1.0719999999999996
6401,1.2394999999999996
6402,1.5410000000000001
6403,1.8424999999999998
6404,2.1439999999999997
6405,2.8139999999999996
6406,3.3834999999999993
6407,4.1205
6408,4.1205
6409,4.555999999999999
6410,4.756999999999999
6411,4.991499999999999
6412,5.1255
6413,5.225999999999999
6414,5.225999999999999
6415,5.058499999999999
6416,4.3214999999999995
6417,3.2829999999999995
6418,2.4454999999999996
6419,2.2109999999999994
6420,2.1439999999999997
6421,1.8759999999999994
6422,1.5410000000000001
6423,1.3735000000000002
6424,1.3399999999999999
6425,1.4739999999999993
6426,1.9429999999999998
6427,2.7804999999999995
6428,3.249499999999999
6429,3.517499999999999
6430,3.6849999999999996
6431,3.885999999999999
6432,4.220999999999999
6433,4.3549999999999995
6434,4.555999999999999
6435,4.622999999999999
6436,4.924499999999998
6437,4.890999999999999
6438,5.158999999999999
6439,5.024999999999999
6440,4.3214999999999995
6441,2.9479999999999995
6442,2.0434999999999994
6443,1.5074999999999996
6444,1.1055
6445,1.2060000000000002
6446,0.7705000000000001
6447,0.6699999999999999
6448,0.7705000000000001
6449,0.9714999999999994
6450,1.4405000000000001
6451,2.6464999999999996
6452,3.3164999999999996
6453,3.6179999999999994
6454,3.7854999999999994
6455,4.086999999999999
6456,4.421999999999999
6457,4.622999999999999
6458,4.622999999999999
6459,4.857499999999999
6460,4.991499999999999
6461,5.024999999999999
6462,5.292999999999999
6463,5.460499999999999
6464,4.522499999999999
6465,2.9814999999999996
6466,2.0434999999999994
6467,1.2730000000000001
6468,0.7369999999999997
6469,0.6030000000000001
6470,0.33499999999999996
6471,0.2680000000000002
6472,0.33499999999999996
6473,0.6364999999999994
6474,1.3064999999999993
6475,2.4119999999999995
6476,3.0149999999999992
6477,3.4169999999999994
6478,3.7184999999999993
6479,4.1205
6480,4.220999999999999
6481,4.6899999999999995
6482,4.656499999999999
6483,4.7235
6484,4.1205
6485,4.086999999999999
6486,3.9864999999999995
6487,3.919499999999999
6488,3.7184999999999993
6489,3.1489999999999996
6490,2.613
6491,2.0434999999999994
6492,1.5744999999999996
6493,1.3064999999999993
6494,1.2060000000000002
6495,1.1724999999999999
6496,1.2730000000000001
6497,1.3399999999999999
6498,1.5074999999999996
6499,1.7419999999999993
6500,1.8089999999999997
6501,1.9094999999999993
6502,2.1105
6503,2.2109999999999994
6504,2.244499999999999
6505,2.2109999999999994
6506,2.3114999999999997
6507,2.3449999999999998
6508,2.3449999999999998
6509,2.3449999999999998
6510,2.278
6511,2.1774999999999998
6512,2.0769999999999995
6513,1.9094999999999993
6514,1.7084999999999997
6515,1.5410000000000001
6516,1.5744999999999996
6517,1.8424999999999998
6518,1.7755
6519,1.9764999999999997
6520,1.9764999999999997
6521,2.0769999999999995
6522,2.1439999999999997
6523,2.1774999999999998
6524,2.2109999999999994
6525,2.2109999999999994
6526,2.244499999999999
6527,2.278
6528,2.5124999999999993
6529,2.5459999999999994
6530,2.7804999999999995
6531,2.9144999999999994
6532,3.0149999999999992
6533,3.0484999999999993
6534,3.0149999999999992
6535,3.1155
6536,2.9814999999999996
6537,2.613
6538,2.3114999999999997
6539,2.2109999999999994
6540,2.0434999999999994
6541,1.9764999999999997
6542,2.1439999999999997
6543,2.1105
6544,1.9764999999999997
6545,1.9429999999999998
6546,1.9429999999999998
6547,2.01
6548,2.1774999999999998
6549,2.244499999999999
6550,2.244499999999999
6551,2.244499999999999
6552,2.3114999999999997
6553,2.4454999999999996
6554,2.4454999999999996
6555,2.4119999999999995
6556,2.3784999999999994
6557,2.278
6558,2.2109999999999994
6559,2.3449999999999998
6560,2.7804999999999995
6561,2.7134999999999994
6562,2.3449999999999998
6563,2.244499999999999
6564,2.1105
6565,2.4119999999999995
6566,2.3449999999999998
6567,2.3449999999999998
6568,2.3784999999999994
6569,2.613
6570,3.0149999999999992
6571,3.6514999999999995
6572,3.9529999999999994
6573,4.187499999999999
6574,4.488999999999999
6575,4.3214999999999995
6576,4.388499999999999
6577,4.287999999999999
6578,4.1205
6579,4.154
6580,4.287999999999999
6581,4.3549999999999995
6582,4.254499999999999
6583,4.187499999999999
6584,4.086999999999999
6585,3.8524999999999996
6586,3.8524999999999996
6587,3.919499999999999
6588,3.6514999999999995
6589,3.483999999999999
6590,3.1489999999999996
6591,2.9479999999999995
6592,3.1824999999999997
6593,3.4169999999999994
6594,3.5509999999999993
6595,3.6514999999999995
6596,3.6849999999999996
6597,3.7854999999999994
6598,3.6179999999999994
6599,3.5509999999999993
6600,3.5509999999999993
6601,3.5844999999999994
6602,3.5509999999999993
6603,3.483999999999999
6604,3.4169999999999994
6605,3.3834999999999993
6606,3.3164999999999996
6607,3.517499999999999
6608,3.5509999999999993
6609,3.349999999999999
6610,3.081999999999999
6611,2.4789999999999996
6612,2.4119999999999995
6613,2.4119999999999995
6614,2.4789999999999996
6615,2.4454999999999996
6616,2.4119999999999995
6617,2.4119999999999995
6618,2.5124999999999993
6619,2.5124999999999993
6620,2.4454999999999996
6621,2.3449999999999998
6622,2.4454999999999996
6623,2.3784999999999994
6624,2.3784999999999994
6625,2.6464999999999996
6626,3.0149999999999992
6627,2.9814999999999996
6628,3.081999999999999
6629,3.1489999999999996
6630,3.349999999999999
6631,3.4504999999999995
6632,3.3834999999999993
6633,2.9479999999999995
6634,2.613
6635,2.4119999999999995
6636,2.3784999999999994
6637,2.4454999999999996
6638,2.4454999999999996
6639,2.1105
6640,2.3114999999999997
6641,2.5459999999999994
6642,3.081999999999999
6643,3.517499999999999
6644,4.02
6645,4.254499999999999
6646,4.555999999999999
6647,4.6899999999999995
6648,5.1255
6649,5.192499999999999
6650,5.460499999999999
6651,5.828999999999999
6652,5.862499999999999
6653,5.326499999999999
6654,4.991499999999999
6655,4.824
6656,4.589499999999999
6657,4.053499999999999
6658,3.6514999999999995
6659,3.349999999999999
6660,3.1155
6661,3.0149999999999992
6662,2.9479999999999995
6663,2.9144999999999994
6664,2.9814999999999996
6665,3.1155
6666,3.249499999999999
6667,3.483999999999999
6668,3.349999999999999
6669,3.2829999999999995
6670,3.2159999999999993
6671,3.249499999999999
6672,3.1155
6673,3.1489999999999996
6674,3.2159999999999993
6675,3.2159999999999993
6676,3.2829999999999995
6677,3.2829999999999995
6678,3.349999999999999
6679,3.3164999999999996
6680,3.249499999999999
6681,3.0484999999999993
6682,2.8474999999999997
6683,2.6799999999999997
6684,2.5124999999999993
6685,2.5124999999999993
6686,2.4119999999999995
6687,2.2109999999999994
6688,2.1774999999999998
6689,2.0769999999999995
6690,2.1105
6691,2.0434999999999994
6692,1.8089999999999997
6693,1.4069999999999994
6694,1.1724999999999999
6695,1.0385000000000002
6696,0.9380000000000001
6697,0.9044999999999996
6698,0.9714999999999994
6699,0.9044999999999996
6700,0.9714999999999994
6701,0.9044999999999996
6702,0.9380000000000001
6703,0.9714999999999994
6704,0.9044999999999996
6705,0.8039999999999994
6706,0.6699999999999999
6707,0.4689999999999995
6708,0.20100000000000043
6709,0.43550000000000016
6710,0.4689999999999995
6711,0.7705000000000001
6712,0.8710000000000003
6713,1.4069999999999994
6714,1.5410000000000001
6715,1.9764999999999997
6716,2.1439999999999997
6717,2.5459999999999994
6718,2.613
6719,2.9144999999999994
6720,3.0149999999999992
6721,2.9479999999999995
6722,2.9479999999999995
6723,3.1489999999999996
6724,3.483999999999999
6725,3.751999999999999
6726,3.885999999999999
6727,3.9529999999999994
6728,3.9529999999999994
6729,3.9529999999999994
6730,3.5509999999999993
6731,3.1824999999999997
6732,2.8139999999999996
6733,2.3784999999999994
6734,2.3114999999999997
6735,2.2109999999999994
6736,2.2109999999999994
6737,2.5124999999999993
6738,3.1155
6739,3.751999999999999
6740,3.919499999999999
6741,4.254499999999999
6742,4.488999999999999
6743,4.656499999999999
6744,4.7235
6745,4.7235
6746,4.656499999999999
6747,4.589499999999999
6748,4.522499999999999
6749,4.522499999999999
6750,4.522499999999999
6751,4.455499999999999
6752,4.488999999999999
6753,4.154
6754,3.6514999999999995
6755,2.9814999999999996
6756,2.746999999999999
6757,2.5459999999999994
6758,2.4789999999999996
6759,2.3449999999999998
6760,2.613
6761,2.9479999999999995
6762,3.3834999999999993
6763,3.3164999999999996
6764,3.483999999999999
6765,3.517499999999999
6766,3.6179999999999994
6767,3.5509999999999993
6768,3.517499999999999
6769,3.6514999999999995
6770,3.751999999999999
6771,3.7854999999999994
6772,3.8524999999999996
6773,3.8189999999999995
6774,3.9529999999999994
6775,3.885999999999999
6776,3.7854999999999994
6777,3.6849999999999996
6778,3.5844999999999994
6779,3.517499999999999
6780,3.2159999999999993
6781,2.9814999999999996
6782,3.0149999999999992
6783,3.0149999999999992
6784,2.8809999999999993
6785,3.1489999999999996
6786,3.349999999999999
6787,3.483999999999999
6788,3.5509999999999993
6789,3.5844999999999994
6790,3.751999999999999
6791,3.751999999999999
6792,3.7854999999999994
6793,3.7854999999999994
6794,3.885999999999999
6795,3.885999999999999
6796,3.8189999999999995
6797,3.8189999999999995
6798,3.751999999999999
6799,3.8189999999999995
6800,3.7854999999999994
6801,3.6514999999999995
6802,3.5844999999999994
6803,3.751999999999999
6804,3.349999999999999
6805,3.2829999999999995
6806,3.3834999999999993
6807,3.3164999999999996
6808,3.249499999999999
6809,3.1489999999999996
6810,3.0484999999999993
6811,3.081999999999999
6812,3.4169999999999994
6813,3.751999999999999
6814,3.885999999999999
6815,3.8189999999999995
6816,3.919499999999999
6817,3.8189999999999995
6818,3.7854999999999994
6819,3.7184999999999993
6820,3.751999999999999
6821,3.751999999999999
6822,4.02
6823,4.1205
6824,4.254499999999999
6825,3.9864999999999995
6826,4.187499999999999
6827,4.287999999999999
6828,3.8524999999999996
6829,3.7854999999999994
6830,4.220999999999999
6831,3.751999999999999
6832,3.7854999999999994
6833,3.9529999999999994
6834,4.086999999999999
6835,4.154
6836,4.086999999999999
6837,4.254499999999999
6838,4.287999999999999
6839,4.287999999999999
6840,4.3214999999999995
6841,4.3214999999999995
6842,4.488999999999999
6843,4.421999999999999
6844,4.455499999999999
6845,4.488999999999999
6846,4.522499999999999
6847,4.555999999999999
6848,4.488999999999999
6849,3.9529999999999994
6850,3.483999999999999
6851,3.081999999999999
6852,2.7134999999999994
6853,2.613
6854,2.6464999999999996
6855,2.6464999999999996
6856,2.7134999999999994
6857,2.9814999999999996
6858,3.0484999999999993
6859,3.081999999999999
6860,3.081999999999999
6861,3.1489999999999996
6862,3.4169999999999994
6863,3.5509999999999993
6864,3.517499999999999
6865,3.4504999999999995
6866,3.3164999999999996
6867,3.249499999999999
6868,3.1489999999999996
6869,2.9479999999999995
6870,2.8139999999999996
6871,2.6799999999999997
6872,2.4454999999999996
6873,2.244499999999999
6874,2.0434999999999994
6875,1.8424999999999998
6876,1.8759999999999994
6877,1.9094999999999993
6878,1.8759999999999994
6879,1.8759999999999994
6880,1.8424999999999998
6881,1.8759999999999994
6882,2.2109999999999994
6883,2.6799999999999997
6884,2.8809999999999993
6885,3.1824999999999997
6886,3.483999999999999
6887,3.6849999999999996
6888,3.751999999999999
6889,3.7854999999999994
6890,3.9529999999999994
6891,4.1205
6892,4.02
6893,4.086999999999999
6894,3.9864999999999995
6895,3.885999999999999
6896,3.7854999999999994
6897,3.517499999999999
6898,2.8809999999999993
6899,2.6464999999999996
6900,2.4789999999999996
6901,2.3449999999999998
6902,2.244499999999999
6903,2.4454999999999996
6904,2.5794999999999995
6905,2.746999999999999
6906,3.0484999999999993
6907,3.3834999999999993
6908,3.8524999999999996
6909,3.8189999999999995
6910,3.919499999999999
6911,4.086999999999999
6912,4.3214999999999995
6913,4.455499999999999
6914,4.7235
6915,5.058499999999999
6916,5.1255
6917,4.991499999999999
6918,4.924499999999998
6919,4.857499999999999
6920,4.455499999999999
6921,4.3214999999999995
6922,3.5844999999999994
6923,2.9144999999999994
6924,2.5459999999999994
6925,2.7134999999999994
6926,2.3449999999999998
6927,2.1774999999999998
6928,2.3784999999999994
6929,2.5124999999999993
6930,2.5459999999999994
6931,2.5124999999999993
6932,2.4454999999999996
6933,2.278
6934,2.3449999999999998
6935,2.1105
6936,2.01
6937,1.9429999999999998
6938,1.8424999999999998
6939,1.8759999999999994
6940,1.7755
6941,1.8089999999999997
6942,1.9429999999999998
6943,2.01
6944,1.9764999999999997
6945,1.8424999999999998
6946,1.7084999999999997
6947,1.6079999999999999
6948,1.5074999999999996
6949,1.4405000000000001
6950,1.5410000000000001
6951,2.0434999999999994
6952,2.3784999999999994
6953,2.7804999999999995
6954,3.1489999999999996
6955,3.4169999999999994
6956,3.4504999999999995
6957,3.483999999999999
6958,3.6849999999999996
6959,3.7184999999999993
6960,3.5509999999999993
6961,3.5509999999999993
6962,3.8189999999999995
6963,3.885999999999999
6964,4.154
6965,4.287999999999999
6966,4.824
6967,5.1255
6968,5.158999999999999
6969,4.622999999999999
6970,4.154
6971,3.751999999999999
6972,3.6179999999999994
6973,3.483999999999999
6974,3.885999999999999
6975,3.6849999999999996
6976,3.7184999999999993
6977,4.02
6978,4.957999999999999
6979,5.7284999999999995
6980,5.828999999999999
6981,5.661499999999998
6982,5.828999999999999
6983,6.096999999999999
6984,6.231
6985,6.3984999999999985
6986,6.431999999999999
6987,6.431999999999999
6988,6.666499999999998
6989,6.532499999999999
6990,6.833999999999999
6991,6.766999999999999
6992,6.666499999999998
6993,6.130499999999999
6994,4.991499999999999
6995,4.254499999999999
6996,3.7184999999999993
6997,3.5509999999999993
6998,3.349999999999999
6999,3.3164999999999996
7000,3.4169999999999994
7001,3.5844999999999994
7002,3.9864999999999995
7003,4.388499999999999
7004,4.824
7005,4.991499999999999
7006,4.991499999999999
7007,4.957999999999999
7008,5.058499999999999
7009,5.058499999999999
7010,5.024999999999999
7011,4.957999999999999
7012,4.924499999999998
7013,4.890999999999999
7014,5.024999999999999
7015,5.326499999999999
7016,5.292999999999999
7017,5.058499999999999
7018,4.656499999999999
7019,4.287999999999999
7020,3.919499999999999
7021,3.7854999999999994
7022,3.751999999999999
7023,3.7854999999999994
7024,3.919499999999999
7025,3.919499999999999
7026,4.622999999999999
7027,4.957999999999999
7028,5.091999999999999
7029,5.259499999999999
7030,5.225999999999999
7031,5.292999999999999
7032,5.158999999999999
7033,4.857499999999999
7034,4.857499999999999
7035,4.756999999999999
7036,4.622999999999999
7037,4.3214999999999995
7038,4.254499999999999
7039,4.02
7040,3.8524999999999996
7041,3.6849999999999996
7042,3.3834999999999993
7043,3.5844999999999994
7044,3.483999999999999
7045,3.1155
7046,3.349999999999999
7047,3.3834999999999993
7048,3.517499999999999
7049,3.349999999999999
7050,3.1824999999999997
7051,3.0149999999999992
7052,2.8474999999999997
7053,2.746999999999999
7054,2.613
7055,2.5794999999999995
7056,2.5459999999999994
7057,2.5459999999999994
7058,2.4789999999999996
7059,2.5794999999999995
7060,2.6464999999999996
7061,2.5794999999999995
7062,2.5459999999999994
7063,2.6464999999999996
7064,2.746999999999999
7065,2.6464999999999996
7066,2.4789999999999996
7067,2.278
7068,2.1439999999999997
7069,2.1774999999999998
7070,1.8089999999999997
7071,1.9764999999999997
7072,1.9094999999999993
7073,2.0434999999999994
7074,2.0434999999999994
7075,2.0434999999999994
7076,2.0769999999999995
7077,2.1105
7078,2.1439999999999997
7079,2.7134999999999994
7080,3.4504999999999995
7081,4.3549999999999995
7082,5.091999999999999
7083,5.694999999999999
7084,5.828999999999999
7085,5.862499999999999
7086,6.096999999999999
7087,5.962999999999999
7088,6.130499999999999
7089,5.1255
7090,4.555999999999999
7091,3.6179999999999994
7092,2.9144999999999994
7093,2.3784999999999994
7094,2.1439999999999997
7095,1.9429999999999998
7096,1.8424999999999998
7097,2.3449999999999998
7098,2.9144999999999994
7099,2.9144999999999994
7100,3.1155
7101,3.3834999999999993
7102,3.3834999999999993
7103,3.4504999999999995
7104,3.483999999999999
7105,3.7184999999999993
7106,3.6849999999999996
7107,3.7184999999999993
7108,3.7854999999999994
7109,3.885999999999999
7110,3.751999999999999
7111,3.8524999999999996
7112,3.6179999999999994
7113,3.081999999999999
7114,2.5124999999999993
7115,1.7755
7116,1.1055
7117,0.5694999999999997
7118,0.30149999999999944
7119,0.16749999999999998
7120,0.30149999999999944
7121,0.9380000000000001
7122,1.3735000000000002
7123,1.9429999999999998
7124,2.3449999999999998
7125,2.5459999999999994
7126,2.8474999999999997
7127,3.0149999999999992
7128,3.1489999999999996
7129,3.2159999999999993
7130,3.249499999999999
7131,2.7804999999999995
7132,2.9814999999999996
7133,2.6799999999999997
7134,2.8139999999999996
7135,2.4789999999999996
7136,2.278
7137,1.8759999999999994
7138,1.7419999999999993
7139,1.4405000000000001
7140,1.5744999999999996
7141,1.5410000000000001
7142,1.5744999999999996
7143,1.4069999999999994
7144,1.5744999999999996
7145,2.0434999999999994
7146,2.9814999999999996
7147,3.349999999999999
7148,3.7854999999999994
7149,3.9529999999999994
7150,4.3549999999999995
7151,4.3549999999999995
7152,4.154
7153,4.287999999999999
7154,4.287999999999999
7155,4.3549999999999995
7156,4.254499999999999
7157,4.421999999999999
7158,4.220999999999999
7159,4.421999999999999
7160,4.287999999999999
7161,3.919499999999999
7162,3.6179999999999994
7163,3.1155
7164,2.5459999999999994
7165,1.9429999999999998
7166,1.6414999999999993
7167,1.5410000000000001
7168,1.5410000000000001
7169,1.6079999999999999
7170,1.6079999999999999
7171,1.9429999999999998
7172,1.9429999999999998
7173,2.0434999999999994
7174,2.1774999999999998
7175,2.1105
7176,2.244499999999999
7177,2.3449999999999998
7178,2.4454999999999996
7179,2.4454999999999996
7180,2.5124999999999993
7181,2.3784999999999994
7182,2.3449999999999998
7183,2.3449999999999998
7184,2.3784999999999994
7185,2.0434999999999994
7186,1.7084999999999997
7187,1.3399999999999999
7188,1.3399999999999999
7189,1.5074999999999996
7190,1.6414999999999993
7191,1.7755
7192,1.8089999999999997
7193,1.8424999999999998
7194,2.0434999999999994
7195,2.5459999999999994
7196,2.8474999999999997
7197,3.081999999999999
7198,3.2829999999999995
7199,3.3164999999999996
7200,3.2829999999999995
7201,3.249499999999999
7202,3.3164999999999996
7203,3.3834999999999993
7204,3.5844999999999994
7205,3.751999999999999
7206,3.7854999999999994
7207,3.885999999999999
7208,4.02
7209,4.187499999999999
7210,3.7184999999999993
7211,3.1155
7212,2.6464999999999996
7213,2.5124999999999993
7214,2.613
7215,2.6464999999999996
7216,2.8474999999999997
7217,3.3164999999999996
7218,4.388499999999999
7219,4.7235
7220,5.058499999999999
7221,5.158999999999999
7222,5.3934999999999995
7223,5.661499999999998
7224,5.828999999999999
7225,6.163999999999998
7226,6.331499999999998
7227,6.264499999999999
7228,6.297999999999999
7229,6.532499999999999
7230,6.264499999999999
7231,6.331499999999998
7232,6.3984999999999985
7233,5.7955
7234,4.991499999999999
7235,4.220999999999999
7236,3.751999999999999
7237,3.3834999999999993
7238,3.2829999999999995
7239,3.2829999999999995
7240,3.3834999999999993
7241,3.5844999999999994
7242,3.8189999999999995
7243,3.9864999999999995
7244,4.187499999999999
7245,4.388499999999999
7246,4.421999999999999
7247,4.220999999999999
7248,4.388499999999999
7249,4.455499999999999
7250,4.388499999999999
7251,4.3549999999999995
7252,4.555999999999999
7253,4.3549999999999995
7254,4.388499999999999
7255,4.388499999999999
7256,4.3214999999999995
7257,4.254499999999999
7258,3.9864999999999995
7259,3.8524999999999996
7260,3.6514999999999995
7261,3.4169999999999994
7262,3.3164999999999996
7263,3.2159999999999993
7264,3.349999999999999
7265,3.6179999999999994
7266,4.220999999999999
7267,4.7905
7268,5.192499999999999
7269,5.7284999999999995
7270,6.0634999999999994
7271,6.297999999999999
7272,6.331499999999998
7273,6.498999999999998
7274,6.465499999999999
7275,6.599499999999998
7276,6.733499999999999
7277,6.934499999999998
7278,6.900999999999999
7279,7.001499999999998
7280,7.1019999999999985
7281,6.632999999999999
7282,6.0299999999999985
7283,5.326499999999999
7284,4.488999999999999
7285,3.483999999999999
7286,3.2159999999999993
7287,3.2159999999999993
7288,3.349999999999999
7289,3.6514999999999995
7290,3.9864999999999995
7291,4.220999999999999
7292,4.455499999999999
7293,4.3214999999999995
7294,4.053499999999999
7295,3.885999999999999
7296,3.751999999999999
7297,3.7854999999999994
7298,3.7854999999999994
7299,3.751999999999999
7300,3.8189999999999995
7301,3.9864999999999995
7302,3.9864999999999995
7303,4.02
7304,4.187499999999999
7305,4.02
7306,3.8524999999999996
7307,3.7184999999999993
7308,3.5844999999999994
7309,3.6179999999999994
7310,4.02
7311,4.287999999999999
7312,4.388499999999999
7313,4.488999999999999
7314,4.555999999999999
7315,4.622999999999999
7316,4.824
7317,4.991499999999999
7318,5.1255
7319,5.1255
7320,5.024999999999999
7321,4.890999999999999
7322,4.756999999999999
7323,4.622999999999999
7324,4.589499999999999
7325,4.522499999999999
7326,4.522499999999999
7327,4.187499999999999
7328,4.1205
7329,4.02
7330,3.5844999999999994
7331,3.2829999999999995
7332,3.0149999999999992
7333,2.8474999999999997
7334,2.7134999999999994
7335,2.5459999999999994
7336,2.4454999999999996
7337,2.4119999999999995
7338,2.4789999999999996
7339,2.4119999999999995
7340,2.3784999999999994
7341,2.4119999999999995
7342,2.3114999999999997
7343,2.1774999999999998
7344,2.1439999999999997
7345,2.1105
7346,2.1439999999999997
7347,2.1105
7348,2.1439999999999997
7349,2.0434999999999994
7350,2.1774999999999998
7351,2.4454999999999996
7352,2.278
7353,2.2109999999999994
7354,1.7084999999999997
7355,1.4405000000000001
7356,1.1055
7357,0.8039999999999994
7358,0.7705000000000001
7359,0.7369999999999997
7360,0.8710000000000003
7361,1.3064999999999993
7362,1.3735000000000002
7363,1.6079999999999999
7364,1.6079999999999999
7365,1.7084999999999997
7366,1.7419999999999993
7367,1.8089999999999997
7368,1.8759999999999994
7369,1.9764999999999997
7370,2.0769999999999995
7371,2.3784999999999994
7372,2.4789999999999996
7373,2.5794999999999995
7374,2.613
7375,2.5794999999999995
7376,2.4119999999999995
7377,2.5459999999999994
7378,2.6799999999999997
7379,2.5124999999999993
7380,2.3114999999999997
7381,2.1774999999999998
7382,2.1105
7383,2.0769999999999995
7384,2.0769999999999995
7385,2.244499999999999
7386,2.3784999999999994
7387,2.7134999999999994
7388,2.8139999999999996
7389,2.9479999999999995
7390,3.081999999999999
7391,3.1824999999999997
7392,3.249499999999999
7393,3.4169999999999994
7394,3.5844999999999994
7395,3.919499999999999
7396,4.154
7397,4.287999999999999
7398,4.421999999999999
7399,4.522499999999999
7400,4.656499999999999
7401,4.455499999999999
7402,4.02
7403,3.6849999999999996
7404,3.4169999999999994
7405,3.2159999999999993
7406,3.2829999999999995
7407,3.5844999999999994
7408,3.6514999999999995
7409,3.9529999999999994
7410,4.220999999999999
7411,4.187499999999999
7412,4.254499999999999
7413,4.589499999999999
7414,4.555999999999999
7415,4.555999999999999
7416,4.7235
7417,4.522499999999999
7418,4.3214999999999995
7419,4.287999999999999
7420,4.3214999999999995
7421,4.187499999999999
7422,4.086999999999999
7423,4.053499999999999
7424,4.053499999999999
7425,3.6849999999999996
7426,3.2829999999999995
7427,2.8809999999999993
7428,2.5794999999999995
7429,2.3449999999999998
7430,2.1439999999999997
7431,2.1774999999999998
7432,2.3784999999999994
7433,2.7804999999999995
7434,3.081999999999999
7435,3.2159999999999993
7436,3.3164999999999996
7437,3.483999999999999
7438,3.6849999999999996
7439,3.8524999999999996
7440,3.7854999999999994
7441,3.6179999999999994
7442,3.5844999999999994
7443,3.3164999999999996
7444,3.483999999999999
7445,3.249499999999999
7446,3.3834999999999993
7447,3.6514999999999995
7448,3.7184999999999993
7449,3.7854999999999994
7450,3.7854999999999994
7451,3.8189999999999995
7452,3.7854999999999994
7453,3.7854999999999994
7454,3.6514999999999995
7455,3.5509999999999993
7456,3.5509999999999993
7457,3.5844999999999994
7458,3.6849999999999996
7459,4.053499999999999
7460,4.1205
7461,4.086999999999999
7462,4.1205
7463,4.254499999999999
7464,4.287999999999999
7465,4.488999999999999
7466,4.622999999999999
7467,4.756999999999999
7468,4.7905
7469,4.991499999999999
7470,4.957999999999999
7471,4.656499999999999
7472,4.7235
7473,4.455499999999999
7474,3.8524999999999996
7475,3.081999999999999
7476,2.3784999999999994
7477,1.8759999999999994
7478,1.6079999999999999
7479,1.5410000000000001
7480,1.8089999999999997
7481,2.4119999999999995
7482,2.8139999999999996
7483,3.0149999999999992
7484,3.2159999999999993
7485,3.4169999999999994
7486,3.6514999999999995
7487,3.885999999999999
7488,4.187499999999999
7489,4.3549999999999995
7490,4.555999999999999
7491,4.6899999999999995
7492,4.756999999999999
7493,4.824
7494,4.857499999999999
7495,4.6899999999999995
7496,4.7905
7497,4.555999999999999
7498,3.919499999999999
7499,3.4169999999999994
7500,3.0484999999999993
7501,2.5459999999999994
7502,2.3114999999999997
7503,2.4454999999999996
7504,2.6464999999999996
7505,2.9479999999999995
7506,3.1489999999999996
7507,3.4169999999999994
7508,3.483999999999999
7509,3.5509999999999993
7510,3.7184999999999993
7511,3.8524999999999996
7512,4.388499999999999
7513,4.957999999999999
7514,5.024999999999999
7515,5.024999999999999
7516,5.694999999999999
7517,6.0299999999999985
7518,5.929499999999998
7519,5.895999999999999
7520,5.962999999999999
7521,5.192499999999999
7522,4.488999999999999
7523,3.8524999999999996
7524,3.5509999999999993
7525,3.4504999999999995
7526,3.3164999999999996
7527,3.349999999999999
7528,3.5509999999999993
7529,3.6514999999999995
7530,3.6849999999999996
7531,3.8524999999999996
7532,3.7184999999999993
7533,3.6849999999999996
7534,3.9529999999999994
7535,3.885999999999999
7536,3.885999999999999
7537,3.8524999999999996
7538,3.8189999999999995
7539,3.7854999999999994
7540,3.8524999999999996
7541,3.8524999999999996
7542,3.7854999999999994
7543,3.6849999999999996
7544,3.6514999999999995
7545,3.5844999999999994
7546,3.483999999999999
7547,3.349999999999999
7548,3.1489999999999996
7549,3.0149999999999992
7550,2.7134999999999994
7551,2.7134999999999994
7552,2.746999999999999
7553,2.8474999999999997
7554,2.9144999999999994
7555,2.9144999999999994
7556,2.9144999999999994
7557,2.9814999999999996
7558,3.081999999999999
7559,3.2159999999999993
7560,3.2829999999999995
7561,3.483999999999999
7562,3.6179999999999994
7563,3.6849999999999996
7564,3.6514999999999995
7565,3.6179999999999994
7566,3.6849999999999996
7567,3.6849999999999996
7568,3.7184999999999993
7569,3.8524999999999996
7570,3.9529999999999994
7571,4.086999999999999
7572,4.02
7573,3.9529999999999994
7574,3.8524999999999996
7575,3.919499999999999
7576,3.9529999999999994
7577,4.02
7578,4.187499999999999
7579,4.522499999999999
7580,4.522499999999999
7581,4.522499999999999
7582,4.7905
7583,4.756999999999999
7584,4.656499999999999
7585,4.555999999999999
7586,4.555999999999999
7587,4.522499999999999
7588,4.555999999999999
7589,4.589499999999999
7590,4.555999999999999
7591,4.589499999999999
7592,4.6899999999999995
7593,4.622999999999999
7594,4.388499999999999
7595,4.086999999999999
7596,3.4169999999999994
7597,3.3164999999999996
7598,3.2159999999999993
7599,3.1155
7600,3.3834999999999993
7601,4.287999999999999
7602,5.091999999999999
7603,5.3934999999999995
7604,5.594499999999998
7605,5.929499999999998
7606,6.130499999999999
7607,6.163999999999998
7608,6.498999999999998
7609,6.565999999999999
7610,6.565999999999999
7611,6.498999999999998
7612,6.3984999999999985
7613,6.532499999999999
7614,6.498999999999998
7615,6.498999999999998
7616,6.733499999999999
7617,6.833999999999999
7618,5.895999999999999
7619,4.957999999999999
7620,4.522499999999999
7621,4.154
7622,4.254499999999999
7623,4.3549999999999995
7624,4.555999999999999
7625,5.225999999999999
7626,5.3934999999999995
7627,5.594499999999998
7628,5.560999999999999
7629,5.426999999999999
7630,5.3934999999999995
7631,5.426999999999999
7632,5.359999999999999
7633,5.292999999999999
7634,5.292999999999999
7635,5.326499999999999
7636,5.292999999999999
7637,5.292999999999999
7638,5.259499999999999
7639,5.1255
7640,5.158999999999999
7641,5.091999999999999
7642,4.991499999999999
7643,4.924499999999998
7644,4.857499999999999
7645,4.824
7646,4.7235
7647,4.589499999999999
7648,4.555999999999999
7649,4.555999999999999
7650,4.555999999999999
7651,4.555999999999999
7652,4.656499999999999
7653,4.6899999999999995
7654,4.890999999999999
7655,4.957999999999999
7656,5.024999999999999
7657,5.225999999999999
7658,5.158999999999999
7659,5.1255
7660,5.225999999999999
7661,5.192499999999999
7662,5.225999999999999
7663,5.326499999999999
7664,5.292999999999999
7665,5.326499999999999
7666,5.326499999999999
7667,5.292999999999999
7668,5.192499999999999
7669,4.991499999999999
7670,5.460499999999999
7671,5.560999999999999
7672,5.694999999999999
7673,6.130499999999999
7674,6.096999999999999
7675,6.231
7676,6.0634999999999994
7677,6.0634999999999994
7678,6.231
7679,6.231
7680,6.264499999999999
7681,6.0634999999999994
7682,5.929499999999998
7683,5.7955
7684,5.7284999999999995
7685,5.929499999999998
7686,6.0634999999999994
7687,5.929499999999998
7688,5.895999999999999
7689,5.828999999999999
7690,5.560999999999999
7691,5.225999999999999
7692,4.924499999999998
7693,4.7905
7694,4.622999999999999
7695,4.622999999999999
7696,4.991499999999999
7697,5.460499999999999
7698,5.560999999999999
7699,5.7955
7700,6.197499999999999
7701,6.163999999999998
7702,6.297999999999999
7703,6.364999999999999
7704,6.532499999999999
7705,6.8004999999999995
7706,7.068499999999999
7707,7.034999999999998
7708,7.034999999999998
7709,7.1354999999999995
7710,7.269499999999998
7711,7.302999999999999
7712,7.403499999999999
7713,7.537499999999998
7714,6.532499999999999
7715,6.096999999999999
7716,5.3934999999999995
7717,5.158999999999999
7718,4.756999999999999
7719,4.6899999999999995
7720,5.091999999999999
7721,5.862499999999999
7722,6.498999999999998
7723,6.833999999999999
7724,7.034999999999998
7725,7.269499999999998
7726,7.604499999999998
7727,7.771999999999998
7728,7.905999999999999
7729,7.939499999999999
7730,8.0735
7731,8.106999999999998
7732,8.1405
7733,8.04
7734,7.939499999999999
7735,7.939499999999999
7736,7.939499999999999
7737,7.8054999999999986
7738,7.637999999999999
7739,7.403499999999999
7740,7.168999999999999
7741,7.001499999999998
7742,6.699999999999998
7743,6.666499999999998
7744,6.599499999999998
7745,6.565999999999999
7746,6.565999999999999
7747,6.431999999999999
7748,6.364999999999999
7749,6.231
7750,6.130499999999999
7751,6.0634999999999994
7752,6.0299999999999985
7753,6.0299999999999985
7754,6.096999999999999
7755,6.0299999999999985
7756,5.996499999999998
7757,5.929499999999998
7758,5.895999999999999
7759,5.862499999999999
7760,5.929499999999998
7761,5.828999999999999
7762,5.661499999999998
7763,5.426999999999999
7764,5.192499999999999
7765,5.058499999999999
7766,4.824
7767,4.756999999999999
7768,4.857499999999999
7769,5.058499999999999
7770,5.024999999999999
7771,5.024999999999999
7772,5.1255
7773,5.091999999999999
7774,5.058499999999999
7775,5.058499999999999
7776,5.292999999999999
7777,5.225999999999999
7778,5.091999999999999
7779,5.024999999999999
7780,4.756999999999999
7781,4.488999999999999
7782,4.421999999999999
7783,4.187499999999999
7784,3.9864999999999995
7785,4.3214999999999995
7786,4.656499999999999
7787,5.058499999999999
7788,4.924499999999998
7789,4.890999999999999
7790,4.824
7791,4.957999999999999
7792,5.259499999999999
7793,5.627999999999999
7794,5.895999999999999
7795,6.197499999999999
7796,6.3984999999999985
7797,6.565999999999999
7798,6.8004999999999995
7799,7.034999999999998
7800,7.034999999999998
7801,7.369999999999999
7802,7.637999999999999
7803,7.939499999999999
7804,8.006499999999999
7805,7.872499999999999
7806,7.939499999999999
7807,7.8054999999999986
7808,7.838999999999998
7809,7.738499999999998
7810,7.336499999999998
7811,7.034999999999998
7812,6.8004999999999995
7813,6.532499999999999
7814,6.431999999999999
7815,6.264499999999999
7816,6.364999999999999
7817,6.3984999999999985
7818,6.3984999999999985
7819,6.465499999999999
7820,6.431999999999999
7821,6.632999999999999
7822,6.565999999999999
7823,6.565999999999999
7824,6.532499999999999
7825,6.532499999999999
7826,6.532499999999999
7827,6.599499999999998
7828,6.565999999999999
7829,6.498999999999998
7830,6.565999999999999
7831,6.632999999999999
7832,6.733499999999999
7833,6.699999999999998
7834,6.632999999999999
7835,6.3984999999999985
7836,6.163999999999998
7837,5.7284999999999995
7838,5.694999999999999
7839,5.7284999999999995
7840,5.862499999999999
7841,5.929499999999998
7842,5.996499999999998
7843,5.996499999999998
7844,5.996499999999998
7845,6.130499999999999
7846,6.130499999999999
7847,6.163999999999998
7848,6.0634999999999994
7849,6.197499999999999
7850,6.163999999999998
7851,6.297999999999999
7852,6.264499999999999
7853,6.331499999999998
7854,6.532499999999999
7855,6.599499999999998
7856,6.431999999999999
7857,6.532499999999999
7858,6.3984999999999985
7859,6.130499999999999
7860,5.929499999999998
7861,5.895999999999999
7862,5.895999999999999
7863,6.0299999999999985
7864,6.163999999999998
7865,6.197499999999999
7866,6.197499999999999
7867,6.231
7868,6.297999999999999
7869,6.331499999999998
7870,6.231
7871,6.364999999999999
7872,6.364999999999999
7873,6.3984999999999985
7874,6.297999999999999
7875,6.331499999999998
7876,6.331499999999998
7877,6.532499999999999
7878,6.833999999999999
7879,6.733499999999999
7880,6.833999999999999
7881,6.900999999999999
7882,6.8004999999999995
7883,6.867499999999999
7884,7.001499999999998
7885,7.001499999999998
7886,6.934499999999998
7887,6.900999999999999
7888,7.034999999999998
7889,7.068499999999999
7890,7.1019999999999985
7891,7.1354999999999995
7892,7.1019999999999985
7893,7.1019999999999985
7894,7.068499999999999
7895,7.068499999999999
7896,6.967999999999998
7897,7.001499999999998
7898,6.967999999999998
7899,6.900999999999999
7900,6.900999999999999
7901,6.900999999999999
7902,6.867499999999999
7903,6.900999999999999
7904,6.833999999999999
7905,6.900999999999999
7906,7.001499999999998
7907,6.967999999999998
7908,6.934499999999998
7909,6.934499999999998
7910,6.900999999999999
7911,6.867499999999999
7912,6.867499999999999
7913,6.934499999999998
7914,6.967999999999998
7915,6.967999999999998
7916,6.900999999999999
7917,6.867499999999999
7918,6.833999999999999
7919,6.967999999999998
7920,7.168999999999999
7921,7.403499999999999
7922,7.470499999999999
7923,7.403499999999999
7924,7.202499999999998
7925,7.1354999999999995
7926,6.900999999999999
7927,6.8004999999999995
7928,6.766999999999999
7929,6.699999999999998
7930,6.599499999999998
7931,6.532499999999999
7932,6.565999999999999
7933,6.565999999999999
7934,6.465499999999999
7935,6.264499999999999
7936,6.0634999999999994
7937,5.895999999999999
7938,5.7955
7939,5.7955
7940,5.661499999999998
7941,5.560999999999999
7942,5.426999999999999
7943,5.326499999999999
7944,5.225999999999999
7945,5.091999999999999
7946,5.024999999999999
7947,4.924499999999998
7948,4.7905
7949,4.6899999999999995
7950,4.589499999999999
7951,4.555999999999999
7952,4.555999999999999
7953,4.656499999999999
7954,4.589499999999999
7955,4.488999999999999
7956,4.254499999999999
7957,4.02
7958,4.02
7959,4.086999999999999
7960,4.187499999999999
7961,4.287999999999999
7962,4.287999999999999
7963,4.388499999999999
7964,4.488999999999999
7965,4.656499999999999
7966,4.656499999999999
7967,4.6899999999999995
7968,4.6899999999999995
7969,4.756999999999999
7970,4.7235
7971,4.622999999999999
7972,4.6899999999999995
7973,4.6899999999999995
7974,4.7235
7975,4.589499999999999
7976,4.555999999999999
7977,4.455499999999999
7978,4.3214999999999995
7979,4.3549999999999995
7980,4.3549999999999995
7981,4.3214999999999995
7982,4.3549999999999995
7983,4.455499999999999
7984,4.488999999999999
7985,4.555999999999999
7986,4.589499999999999
7987,4.622999999999999
7988,4.656499999999999
7989,4.7235
7990,4.756999999999999
7991,4.7905
7992,4.890999999999999
7993,5.058499999999999
7994,5.259499999999999
7995,5.158999999999999
7996,5.091999999999999
7997,5.1255
7998,5.058499999999999
7999,5.058499999999999
8000,5.058499999999999
8001,5.024999999999999
8002,4.924499999999998
8003,4.857499999999999
8004,4.824
8005,4.7235
8006,4.6899999999999995
8007,4.656499999999999
8008,4.622999999999999
8009,4.656499999999999
8010,4.6899999999999995
8011,4.6899999999999995
8012,4.6899999999999995
8013,4.756999999999999
8014,4.756999999999999
8015,4.824
8016,4.890999999999999
8017,5.192499999999999
8018,5.661499999999998
8019,5.694999999999999
8020,5.527499999999999
8021,5.694999999999999
8022,6.0299999999999985
8023,6.163999999999998
8024,6.197499999999999
8025,6.331499999999998
8026,6.231
8027,5.962999999999999
8028,5.694999999999999
8029,5.761999999999999
8030,5.594499999999998
8031,5.661499999999998
8032,5.694999999999999
8033,5.828999999999999
8034,5.828999999999999
8035,5.761999999999999
8036,5.627999999999999
8037,5.7284999999999995
8038,5.761999999999999
8039,5.7955
8040,5.828999999999999
8041,5.828999999999999
8042,5.828999999999999
8043,5.929499999999998
8044,5.862499999999999
8045,5.895999999999999
8046,5.895999999999999
8047,5.929499999999998
8048,5.895999999999999
8049,5.895999999999999
8050,5.895999999999999
8051,5.862499999999999
8052,5.962999999999999
8053,6.163999999999998
8054,6.130499999999999
8055,6.130499999999999
8056,6.0299999999999985
8057,6.0634999999999994
8058,6.096999999999999
8059,6.096999999999999
8060,6.297999999999999
8061,6.197499999999999
8062,6.297999999999999
8063,6.331499999999998
8064,6.331499999999998
8065,6.364999999999999
8066,6.364999999999999
8067,6.364999999999999
8068,6.331499999999998
8069,6.264499999999999
8070,6.231
8071,6.197499999999999
8072,6.197499999999999
8073,6.163999999999998
8074,6.096999999999999
8075,5.996499999999998
8076,6.0299999999999985
8077,5.996499999999998
8078,5.929499999999998
8079,5.862499999999999
8080,5.929499999999998
8081,6.0634999999999994
8082,6.130499999999999
8083,6.163999999999998
8084,6.130499999999999
8085,6.096999999999999
8086,6.197499999999999
8087,6.163999999999998
8088,6.096999999999999
8089,6.130499999999999
8090,6.0634999999999994
8091,6.0634999999999994
8092,6.0634999999999994
8093,6.0634999999999994
8094,6.096999999999999
8095,6.130499999999999
8096,6.0299999999999985
8097,6.0299999999999985
8098,5.929499999999998
8099,5.761999999999999
8100,5.661499999999998
8101,5.493999999999998
8102,5.426999999999999
8103,5.493999999999998
8104,5.594499999999998
8105,5.661499999999998
8106,5.7284999999999995
8107,5.694999999999999
8108,5.694999999999999
8109,5.627999999999999
8110,5.761999999999999
8111,5.828999999999999
8112,5.7284999999999995
8113,5.862499999999999
8114,5.828999999999999
8115,5.7284999999999995
8116,5.828999999999999
8117,5.862499999999999
8118,6.0299999999999985
8119,6.197499999999999
8120,6.431999999999999
8121,6.465499999999999
8122,6.331499999999998
8123,6.231
8124,6.130499999999999
8125,6.130499999999999
8126,6.0299999999999985
8127,5.929499999999998
8128,5.862499999999999
8129,5.862499999999999
8130,5.862499999999999
8131,5.828999999999999
8132,5.828999999999999
8133,5.7955
8134,5.7955
8135,5.761999999999999
8136,5.7284999999999995
8137,5.661499999999998
8138,5.694999999999999
8139,5.694999999999999
8140,5.694999999999999
8141,5.627999999999999
8142,5.594499999999998
8143,5.661499999999998
8144,5.661499999999998
8145,5.661499999999998
8146,5.560999999999999
8147,5.527499999999999
8148,5.426999999999999
8149,5.359999999999999
8150,5.158999999999999
8151,5.158999999999999
8152,5.058499999999999
8153,4.957999999999999
8154,4.890999999999999
8155,4.7905
8156,4.7235
8157,4.756999999999999
8158,4.6899999999999995
8159,4.656499999999999
8160,4.857499999999999
8161,4.7235
8162,4.7905
8163,5.024999999999999
8164,4.957999999999999
8165,5.024999999999999
8166,5.158999999999999
8167,5.091999999999999
8168,5.158999999999999
8169,5.024999999999999
8170,4.957999999999999
8171,4.857499999999999
8172,4.756999999999999
8173,4.622999999999999
8174,4.555999999999999
8175,4.488999999999999
8176,4.488999999999999
8177,4.589499999999999
8178,4.656499999999999
8179,4.656499999999999
8180,4.622999999999999
8181,4.589499999999999
8182,4.589499999999999
8183,4.622999999999999
8184,4.656499999999999
8185,4.6899999999999995
8186,4.6899999999999995
8187,4.7235
8188,4.756999999999999
8189,4.7905
8190,4.957999999999999
8191,5.024999999999999
8192,5.1255
8193,5.259499999999999
8194,5.259499999999999
8195,5.259499999999999
8196,5.192499999999999
8197,5.158999999999999
8198,5.091999999999999
8199,4.957999999999999
8200,4.957999999999999
8201,4.991499999999999
8202,4.991499999999999
8203,4.957999999999999
8204,4.957999999999999
8205,4.991499999999999
8206,4.957999999999999
8207,4.991499999999999
8208,5.058499999999999
8209,5.091999999999999
8210,5.1255
8211,5.158999999999999
8212,5.292999999999999
8213,5.326499999999999
8214,5.3934999999999995
8215,5.426999999999999
8216,5.694999999999999
8217,5.761999999999999
8218,5.560999999999999
8219,4.7905
8220,5.024999999999999
8221,4.555999999999999
8222,4.455499999999999
8223,4.924499999999998
8224,5.225999999999999
8225,5.694999999999999
8226,5.895999999999999
8227,6.599499999999998
8228,6.867499999999999
8229,7.168999999999999
8230,7.168999999999999
8231,7.1019999999999985
8232,7.1019999999999985
8233,7.235999999999999
8234,7.302999999999999
8235,7.369999999999999
8236,7.369999999999999
8237,7.503999999999998
8238,7.604499999999998
8239,7.4369999999999985
8240,7.336499999999998
8241,7.336499999999998
8242,7.235999999999999
8243,7.1019999999999985
8244,6.967999999999998
8245,6.967999999999998
8246,6.498999999999998
8247,6.364999999999999
8248,6.666499999999998
8249,6.967999999999998
8250,7.202499999999998
8251,7.336499999999998
8252,7.503999999999998
8253,7.570999999999999
8254,7.671499999999998
8255,7.771999999999998
8256,7.872499999999999
8257,8.04
8258,7.838999999999998
8259,8.0735
8260,7.972999999999999
8261,8.0735
8262,8.173999999999998
8263,8.441999999999998
8264,8.642999999999999
8265,8.776999999999997
8266,7.771999999999998
8267,6.867499999999999
8268,5.460499999999999
8269,5.627999999999999
8270,5.627999999999999
8271,5.493999999999998
8272,6.0634999999999994
8273,6.967999999999998
8274,7.503999999999998
8275,7.570999999999999
8276,7.537499999999998
8277,7.503999999999998
8278,7.503999999999998
8279,7.369999999999999
8280,7.202499999999998
8281,6.967999999999998
8282,6.766999999999999
8283,6.632999999999999
8284,6.666499999999998
8285,6.733499999999999
8286,6.8004999999999995
8287,6.934499999999998
8288,7.1019999999999985
8289,7.068499999999999
8290,6.867499999999999
8291,6.766999999999999
8292,6.666499999999998
8293,6.565999999999999
8294,6.465499999999999
8295,6.364999999999999
8296,6.632999999999999
8297,6.632999999999999
8298,6.699999999999998
8299,6.766999999999999
8300,6.8004999999999995
8301,6.833999999999999
8302,6.934499999999998
8303,6.934499999999998
8304,6.967999999999998
8305,7.302999999999999
8306,7.4369999999999985
8307,7.604499999999998
8308,7.570999999999999
8309,7.537499999999998
8310,7.1019999999999985
8311,7.068499999999999
8312,7.068499999999999
8313,7.034999999999998
8314,7.034999999999998
8315,6.900999999999999
8316,6.8004999999999995
8317,6.666499999999998
8318,6.599499999999998
8319,6.666499999999998
8320,6.632999999999999
8321,6.565999999999999
8322,6.699999999999998
8323,7.068499999999999
8324,7.168999999999999
8325,7.235999999999999
8326,7.369999999999999
8327,7.4369999999999985
8328,7.503999999999998
8329,7.637999999999999
8330,7.771999999999998
8331,7.905999999999999
8332,7.905999999999999
8333,7.905999999999999
8334,7.972999999999999
8335,8.04
8336,8.006499999999999
8337,7.905999999999999
8338,7.637999999999999
8339,7.302999999999999
8340,7.1354999999999995
8341,6.967999999999998
8342,6.900999999999999
8343,6.766999999999999
8344,6.766999999999999
8345,6.733499999999999
8346,6.699999999999998
8347,6.632999999999999
8348,6.632999999999999
8349,6.565999999999999
8350,6.666499999999998
8351,7.001499999999998
8352,7.168999999999999
8353,7.068499999999999
8354,7.1354999999999995
8355,7.1354999999999995
8356,7.1354999999999995
8357,7.068499999999999
8358,7.1019999999999985
8359,6.967999999999998
8360,7.001499999999998
8361,6.967999999999998
8362,6.733499999999999
8363,6.331499999999998
8364,5.929499999999998
8365,5.493999999999998
8366,5.326499999999999
8367,5.292999999999999
8368,5.694999999999999
8369,5.996499999999998
8370,6.163999999999998
8371,6.297999999999999
8372,6.331499999999998
8373,6.364999999999999
8374,6.431999999999999
8375,6.465499999999999
8376,6.498999999999998
8377,6.498999999999998
8378,6.264499999999999
8379,6.465499999999999
8380,6.197499999999999
8381,6.197499999999999
8382,5.962999999999999
8383,5.929499999999998
8384,5.962999999999999
8385,6.0299999999999985
8386,5.929499999999998
8387,5.828999999999999
8388,5.828999999999999
8389,5.828999999999999
8390,5.7955
8391,5.828999999999999
8392,5.761999999999999
8393,5.7955
8394,5.862499999999999
8395,5.862499999999999
8396,5.895999999999999
8397,5.996499999999998
8398,6.096999999999999
8399,6.130499999999999
8400,6.197499999999999
8401,6.231
8402,6.297999999999999
8403,6.465499999999999
8404,6.465499999999999
8405,6.532499999999999
8406,6.565999999999999
8407,6.565999999999999
8408,6.599499999999998
8409,6.766999999999999
8410,6.733499999999999
8411,6.8004999999999995
8412,6.599499999999998
8413,6.3984999999999985
8414,6.431999999999999
8415,6.297999999999999
8416,6.130499999999999
8417,6.364999999999999
8418,6.632999999999999
8419,6.364999999999999
8420,6.498999999999998
8421,6.431999999999999
8422,6.465499999999999
8423,6.431999999999999
8424,6.498999999999998
8425,6.565999999999999
8426,6.699999999999998
8427,6.699999999999998
8428,6.766999999999999
8429,6.900999999999999
8430,7.001499999999998
8431,6.967999999999998
8432,6.967999999999998
8433,6.967999999999998
8434,6.967999999999998
8435,6.934499999999998
8436,6.934499999999998
8437,6.867499999999999
8438,6.766999999999999
8439,6.699999999999998
8440,6.632999999999999
8441,6.599499999999998
8442,6.498999999999998
8443,6.3984999999999985
8444,6.297999999999999
8445,6.231
8446,6.197499999999999
8447,6.197499999999999
8448,6.297999999999999
8449,6.264499999999999
8450,6.532499999999999
8451,6.565999999999999
8452,6.867499999999999
8453,6.8004999999999995
8454,6.833999999999999
8455,6.733499999999999
8456,6.8004999999999995
8457,6.632999999999999
8458,6.465499999999999
8459,6.197499999999999
8460,5.996499999999998
8461,5.761999999999999
8462,5.661499999999998
8463,5.627999999999999
8464,5.627999999999999
8465,5.627999999999999
8466,5.560999999999999
8467,5.426999999999999
8468,5.3934999999999995
8469,5.359999999999999
8470,5.3934999999999995
8471,5.326499999999999
8472,5.326499999999999
8473,5.326499999999999
8474,5.158999999999999
8475,4.991499999999999
8476,4.824
8477,4.824
8478,5.024999999999999
8479,5.158999999999999
8480,5.091999999999999
8481,5.259499999999999
8482,5.259499999999999
8483,5.024999999999999
8484,4.924499999999998
8485,4.857499999999999
8486,4.7905
8487,4.957999999999999
8488,5.259499999999999
8489,5.527499999999999
8490,5.761999999999999
8491,5.996499999999998
8492,6.0299999999999985
8493,5.828999999999999
8494,5.661499999999998
8495,5.560999999999999
8496,5.527499999999999
8497,5.460499999999999
8498,5.326499999999999
8499,5.158999999999999
8500,4.957999999999999
8501,4.7905
8502,4.589499999999999
8503,4.388499999999999
8504,4.187499999999999
8505,4.02
8506,3.919499999999999
8507,3.919499999999999
8508,3.9529999999999994
8509,3.9529999999999994
8510,4.02
8511,4.1205
8512,4.254499999999999
8513,4.388499999999999
8514,4.622999999999999
8515,4.924499999999998
8516,5.192499999999999
8517,5.426999999999999
8518,5.627999999999999
8519,5.661499999999998
8520,5.594499999999998
8521,5.460499999999999
8522,5.326499999999999
8523,5.192499999999999
8524,5.1255
8525,5.091999999999999
8526,5.024999999999999
8527,4.991499999999999
8528,5.058499999999999
8529,5.058499999999999
8530,5.1255
8531,4.957999999999999
8532,4.7905
8533,4.656499999999999
8534,4.656499999999999
8535,4.622999999999999
8536,4.756999999999999
8537,4.957999999999999
8538,4.924499999999998
8539,4.924499999999998
8540,4.924499999999998
8541,4.957999999999999
8542,5.091999999999999
8543,5.192499999999999
8544,5.1255
8545,5.024999999999999
8546,4.890999999999999
8547,4.7905
8548,4.756999999999999
8549,4.756999999999999
8550,4.7905
8551,4.756999999999999
8552,4.7905
8553,4.756999999999999
8554,4.6899999999999995
8555,4.622999999999999
8556,4.555999999999999
8557,4.455499999999999
8558,4.455499999999999
8559,4.455499999999999
8560,4.455499999999999
8561,4.522499999999999
8562,4.622999999999999
8563,4.622999999999999
8564,4.622999999999999
8565,4.622999999999999
8566,4.622999999999999
8567,4.6899999999999995
8568,4.7905
8569,4.7905
8570,4.756999999999999
8571,4.7905
8572,4.7905
8573,4.7235
8574,4.656499999999999
8575,4.656499999999999
8576,4.622999999999999
8577,4.589499999999999
8578,4.589499999999999
8579,4.488999999999999
8580,4.421999999999999
8581,4.388499999999999
8582,4.3549999999999995
8583,4.388499999999999
8584,4.656499999999999
8585,4.991499999999999
8586,5.1255
8587,5.326499999999999
8588,5.292999999999999
8589,5.326499999999999
8590,5.1255
8591,5.058499999999999
8592,5.024999999999999
8593,5.091999999999999
8594,5.192499999999999
8595,5.192499999999999
8596,5.292999999999999
8597,5.493999999999998
8598,5.996499999999998
8599,6.331499999999998
8600,6.431999999999999
8601,6.498999999999998
8602,6.599499999999998
8603,5.895999999999999
8604,5.527499999999999
8605,5.1255
8606,5.058499999999999
8607,5.259499999999999
8608,5.627999999999999
8609,5.828999999999999
8610,5.7284999999999995
8611,5.828999999999999
8612,5.761999999999999
8613,5.895999999999999
8614,5.895999999999999
8615,5.862499999999999
8616,5.895999999999999
8617,5.895999999999999
8618,5.996499999999998
8619,6.0634999999999994
8620,6.364999999999999
8621,6.565999999999999
8622,6.8004999999999995
8623,7.4369999999999985
8624,7.738499999999998
8625,7.704999999999999
8626,7.302999999999999
8627,6.733499999999999
8628,6.465499999999999
8629,6.833999999999999
8630,6.766999999999999
8631,6.900999999999999
8632,7.1354999999999995
8633,7.369999999999999
8634,7.336499999999998
8635,7.336499999999998
8636,7.570999999999999
8637,7.972999999999999
8638,7.939499999999999
8639,7.8054999999999986
8640,7.771999999999998
8641,7.872499999999999
8642,8.1405
8643,7.972999999999999
8644,8.0735
8645,8.04
8646,7.939499999999999
8647,7.939499999999999
8648,7.872499999999999
8649,7.771999999999998
8650,7.771999999999998
8651,7.637999999999999
8652,7.537499999999998
8653,7.470499999999999
8654,7.470499999999999
8655,7.369999999999999
8656,7.202499999999998
8657,7.269499999999998
8658,7.336499999999998
8659,7.369999999999999
8660,7.369999999999999
8661,7.369999999999999
8662,7.403499999999999
8663,7.4369999999999985
8664,7.470499999999999
8665,7.503999999999998
8666,7.537499999999998
8667,7.503999999999998
8668,7.570999999999999
8669,7.8054999999999986
8670,8.04
8671,8.241
8672,8.374999999999998
8673,8.374999999999998
8674,8.241
8675,7.939499999999999
8676,7.604499999999998
8677,7.470499999999999
8678,7.470499999999999
8679,7.470499999999999
8680,7.503999999999998
8681,7.570999999999999
8682,7.704999999999999
8683,7.704999999999999
8684,7.704999999999999
8685,7.671499999999998
8686,7.704999999999999
8687,7.704999999999999
8688,7.905999999999999
8689,7.972999999999999
8690,8.006499999999999
8691,7.8054999999999986
8692,7.8054999999999986
8693,7.838999999999998
8694,7.838999999999998
8695,7.838999999999998
8696,7.905999999999999
8697,8.04
8698,8.04
8699,8.006499999999999
8700,7.771999999999998
8701,7.470499999999999
8702,7.369999999999999
8703,7.503999999999998
8704,7.671499999999998
8705,7.771999999999998
8706,7.704999999999999
8707,7.537499999999998
8708,7.470499999999999
8709,7.637999999999999
8710,7.671499999999998
8711,7.537499999999998
8712,7.369999999999999
8713,7.269499999999998
8714,7.302999999999999
8715,7.302999999999999
8716,7.336499999999998
8717,7.269499999999998
8718,7.269499999999998
8719,7.336499999999998
8720,7.369999999999999
8721,7.537499999999998
8722,7.604499999999998
8723,7.403499999999999
8724,7.202499999999998
8725,7.1354999999999995
8726,7.235999999999999
8727,7.369999999999999
8728,7.503999999999998
8729,7.537499999999998
8730,7.604499999999998
8731,7.704999999999999
8732,7.637999999999999
8733,7.637999999999999
8734,7.872499999999999
8735,7.972999999999999
8736,7.771999999999998
8737,7.704999999999999
8738,7.671499999999998
8739,7.403499999999999
8740,7.202499999999998
8741,6.967999999999998
8742,6.3984999999999985
8743,6.0634999999999994
8744,5.895999999999999
8745,5.7284999999999995
8746,5.560999999999999
8747,5.493999999999998
8748,5.359999999999999
8749,5.3934999999999995
8750,5.326499999999999
8751,5.259499999999999
8752,5.192499999999999
8753,5.158999999999999
8754,5.1255
8755,5.058499999999999
8756,5.158999999999999
8757,5.225999999999999
8758,5.292999999999999
8759,5.661499999999998
8760,6.0634999999999994
