jahresstunden,0
1,3.6363636363636362
2,3.6363636363636362
3,3.6363636363636362
4,3.6363636363636362
5,3.6363636363636362
6,3.6363636363636362
7,3.6363636363636362
8,3.6363636363636362
9,3.6363636363636362
10,3.6363636363636362
11,3.6363636363636362
12,3.6363636363636362
13,3.6363636363636362
14,3.6363636363636362
15,3.6363636363636362
16,3.6363636363636362
17,3.6363636363636362
18,3.6363636363636362
19,3.6363636363636362
20,3.6363636363636362
21,3.6363636363636362
22,3.6363636363636362
23,3.6363636363636362
24,3.6363636363636362
25,3.6363636363636362
26,3.6363636363636362
27,3.6363636363636362
28,3.6363636363636362
29,3.6363636363636362
30,3.6363636363636362
31,3.6363636363636362
32,3.6363636363636362
33,3.6363636363636362
34,3.6363636363636362
35,3.6363636363636362
36,3.6363636363636362
37,3.6363636363636362
38,3.6363636363636362
39,3.6363636363636362
40,3.6363636363636362
41,3.6363636363636362
42,3.6363636363636362
43,3.6363636363636362
44,3.6363636363636362
45,3.6363636363636362
46,3.6363636363636362
47,3.6363636363636362
48,3.6363636363636362
49,3.6363636363636362
50,3.6363636363636362
51,3.6363636363636362
52,3.6363636363636362
53,3.6363636363636362
54,3.6363636363636362
55,3.6363636363636362
56,3.6363636363636362
57,3.6363636363636362
58,3.6363636363636362
59,3.6363636363636362
60,3.6363636363636362
61,3.6363636363636362
62,3.6363636363636362
63,3.6363636363636362
64,3.6363636363636362
65,3.6363636363636362
66,3.6363636363636362
67,3.6363636363636362
68,3.6363636363636362
69,3.6363636363636362
70,3.6363636363636362
71,3.6363636363636362
72,3.6363636363636362
73,3.6363636363636362
74,3.6363636363636362
75,3.6363636363636362
76,3.6363636363636362
77,3.6363636363636362
78,3.6363636363636362
79,3.6363636363636362
80,3.6363636363636362
81,3.6363636363636362
82,3.6363636363636362
83,3.6363636363636362
84,3.6363636363636362
85,3.6363636363636362
86,3.6363636363636362
87,3.6363636363636362
88,3.6363636363636362
89,3.6363636363636362
90,3.6363636363636362
91,3.6363636363636362
92,3.6363636363636362
93,3.6363636363636362
94,3.6363636363636362
95,3.6363636363636362
96,3.6363636363636362
97,3.6363636363636362
98,3.6363636363636362
99,3.6363636363636362
100,3.6363636363636362
101,3.6363636363636362
102,3.6363636363636362
103,3.6363636363636362
104,3.6363636363636362
105,3.6363636363636362
106,3.6363636363636362
107,3.6363636363636362
108,3.6363636363636362
109,3.6363636363636362
110,3.6363636363636362
111,3.6363636363636362
112,3.6363636363636362
113,3.6363636363636362
114,3.6363636363636362
115,3.6363636363636362
116,3.6363636363636362
117,3.6363636363636362
118,3.6363636363636362
119,3.6363636363636362
120,3.6363636363636362
121,3.6363636363636362
122,3.6363636363636362
123,3.6363636363636362
124,3.6363636363636362
125,3.6363636363636362
126,3.6363636363636362
127,3.6363636363636362
128,3.6363636363636362
129,3.6363636363636362
130,3.6363636363636362
131,3.6363636363636362
132,3.6363636363636362
133,3.6363636363636362
134,3.6363636363636362
135,3.6363636363636362
136,3.6363636363636362
137,3.6363636363636362
138,3.6363636363636362
139,3.6363636363636362
140,3.6363636363636362
141,3.6363636363636362
142,3.6363636363636362
143,3.6363636363636362
144,3.6363636363636362
145,3.6363636363636362
146,3.6363636363636362
147,3.6363636363636362
148,3.6363636363636362
149,3.6363636363636362
150,3.6363636363636362
151,3.6363636363636362
152,3.6363636363636362
153,3.6363636363636362
154,3.6363636363636362
155,3.6363636363636362
156,3.6363636363636362
157,3.6363636363636362
158,3.6363636363636362
159,3.6363636363636362
160,3.6363636363636362
161,3.6363636363636362
162,3.6363636363636362
163,3.6363636363636362
164,3.6363636363636362
165,3.6363636363636362
166,3.6363636363636362
167,3.6363636363636362
168,3.6363636363636362
169,3.6363636363636362
170,3.6363636363636362
171,3.6363636363636362
172,3.6363636363636362
173,3.6363636363636362
174,3.6363636363636362
175,3.6363636363636362
176,3.6363636363636362
177,3.6363636363636362
178,3.6363636363636362
179,3.6363636363636362
180,3.6363636363636362
181,3.6363636363636362
182,3.6363636363636362
183,3.6363636363636362
184,3.6363636363636362
185,3.6363636363636362
186,3.6363636363636362
187,3.6363636363636362
188,3.6363636363636362
189,3.6363636363636362
190,3.6363636363636362
191,3.6363636363636362
192,3.6363636363636362
193,3.6363636363636362
194,3.6363636363636362
195,3.6363636363636362
196,3.6363636363636362
197,3.6363636363636362
198,3.6363636363636362
199,3.6363636363636362
200,3.6363636363636362
201,3.6363636363636362
202,3.6363636363636362
203,3.6363636363636362
204,3.6363636363636362
205,3.6363636363636362
206,3.6363636363636362
207,3.6363636363636362
208,3.6363636363636362
209,3.6363636363636362
210,3.6363636363636362
211,3.6363636363636362
212,3.6363636363636362
213,3.6363636363636362
214,3.6363636363636362
215,3.6363636363636362
216,3.6363636363636362
217,3.6363636363636362
218,3.6363636363636362
219,3.6363636363636362
220,3.6363636363636362
221,3.6363636363636362
222,3.6363636363636362
223,3.6363636363636362
224,3.6363636363636362
225,3.6363636363636362
226,3.6363636363636362
227,3.6363636363636362
228,3.6363636363636362
229,3.6363636363636362
230,3.6363636363636362
231,3.6363636363636362
232,3.6363636363636362
233,3.6363636363636362
234,3.6363636363636362
235,3.6363636363636362
236,3.6363636363636362
237,3.6363636363636362
238,3.6363636363636362
239,3.6363636363636362
240,3.6363636363636362
241,3.6363636363636362
242,3.6363636363636362
243,3.6363636363636362
244,3.6363636363636362
245,3.6363636363636362
246,3.6363636363636362
247,3.6363636363636362
248,3.6363636363636362
249,3.6363636363636362
250,3.6363636363636362
251,3.6363636363636362
252,3.6363636363636362
253,3.6363636363636362
254,3.6363636363636362
255,3.6363636363636362
256,3.6363636363636362
257,3.6363636363636362
258,3.6363636363636362
259,3.6363636363636362
260,3.6363636363636362
261,3.6363636363636362
262,3.6363636363636362
263,3.6363636363636362
264,3.6363636363636362
265,3.6363636363636362
266,3.6363636363636362
267,3.6363636363636362
268,3.6363636363636362
269,3.6363636363636362
270,3.6363636363636362
271,3.6363636363636362
272,3.6363636363636362
273,3.6363636363636362
274,3.6363636363636362
275,3.6363636363636362
276,3.6363636363636362
277,3.6363636363636362
278,3.6363636363636362
279,3.6363636363636362
280,3.6363636363636362
281,3.6363636363636362
282,3.6363636363636362
283,3.6363636363636362
284,3.6363636363636362
285,3.6363636363636362
286,3.6363636363636362
287,3.6363636363636362
288,3.6363636363636362
289,3.6363636363636362
290,3.6363636363636362
291,3.6363636363636362
292,3.6363636363636362
293,3.6363636363636362
294,3.6363636363636362
295,3.6363636363636362
296,3.6363636363636362
297,3.6363636363636362
298,3.6363636363636362
299,3.6363636363636362
300,3.6363636363636362
301,3.6363636363636362
302,3.6363636363636362
303,3.6363636363636362
304,3.6363636363636362
305,3.6363636363636362
306,3.6363636363636362
307,3.6363636363636362
308,3.6363636363636362
309,3.6363636363636362
310,3.6363636363636362
311,3.6363636363636362
312,3.6363636363636362
313,3.6363636363636362
314,3.6363636363636362
315,3.6363636363636362
316,3.6363636363636362
317,3.6363636363636362
318,3.6363636363636362
319,3.6363636363636362
320,3.6363636363636362
321,3.6363636363636362
322,3.6363636363636362
323,3.6363636363636362
324,3.6363636363636362
325,3.6363636363636362
326,3.6363636363636362
327,3.6363636363636362
328,3.6363636363636362
329,3.6363636363636362
330,3.6363636363636362
331,3.6363636363636362
332,3.6363636363636362
333,3.6363636363636362
334,3.6363636363636362
335,3.6363636363636362
336,3.6363636363636362
337,3.6363636363636362
338,3.6363636363636362
339,3.6363636363636362
340,3.6363636363636362
341,3.6363636363636362
342,3.6363636363636362
343,3.6363636363636362
344,3.6363636363636362
345,3.6363636363636362
346,3.6363636363636362
347,3.6363636363636362
348,3.6363636363636362
349,3.6363636363636362
350,3.6363636363636362
351,3.6363636363636362
352,3.6363636363636362
353,3.6363636363636362
354,3.6363636363636362
355,3.6363636363636362
356,3.6363636363636362
357,3.6363636363636362
358,3.6363636363636362
359,3.6363636363636362
360,3.6363636363636362
361,3.6363636363636362
362,3.6363636363636362
363,3.6363636363636362
364,3.6363636363636362
365,3.6363636363636362
366,3.6363636363636362
367,3.6363636363636362
368,3.6363636363636362
369,3.6363636363636362
370,3.6363636363636362
371,3.6363636363636362
372,3.6363636363636362
373,3.6363636363636362
374,3.6363636363636362
375,3.6363636363636362
376,3.6363636363636362
377,3.6363636363636362
378,3.6363636363636362
379,3.6363636363636362
380,3.6363636363636362
381,3.6363636363636362
382,3.6363636363636362
383,3.6363636363636362
384,3.6363636363636362
385,3.6363636363636362
386,3.6363636363636362
387,3.6363636363636362
388,3.6363636363636362
389,3.6363636363636362
390,3.6363636363636362
391,3.6363636363636362
392,3.6363636363636362
393,3.6363636363636362
394,3.6363636363636362
395,3.6363636363636362
396,3.6363636363636362
397,3.6363636363636362
398,3.6363636363636362
399,3.6363636363636362
400,3.6363636363636362
401,3.6363636363636362
402,3.6363636363636362
403,3.6363636363636362
404,3.6363636363636362
405,3.6363636363636362
406,3.6363636363636362
407,3.6363636363636362
408,3.6363636363636362
409,3.6363636363636362
410,3.6363636363636362
411,3.6363636363636362
412,3.6363636363636362
413,3.6363636363636362
414,3.6363636363636362
415,3.6363636363636362
416,3.6363636363636362
417,3.6363636363636362
418,3.6363636363636362
419,3.6363636363636362
420,3.6363636363636362
421,3.6363636363636362
422,3.6363636363636362
423,3.6363636363636362
424,3.6363636363636362
425,3.6363636363636362
426,3.6363636363636362
427,3.6363636363636362
428,3.6363636363636362
429,3.6363636363636362
430,3.6363636363636362
431,3.6363636363636362
432,3.6363636363636362
433,3.6363636363636362
434,3.6363636363636362
435,3.6363636363636362
436,3.6363636363636362
437,3.6363636363636362
438,3.6363636363636362
439,3.6363636363636362
440,3.6363636363636362
441,3.6363636363636362
442,3.6363636363636362
443,3.6363636363636362
444,3.6363636363636362
445,3.6363636363636362
446,3.6363636363636362
447,3.6363636363636362
448,3.6363636363636362
449,3.6363636363636362
450,3.6363636363636362
451,3.6363636363636362
452,3.6363636363636362
453,3.6363636363636362
454,3.6363636363636362
455,3.6363636363636362
456,3.6363636363636362
457,3.6363636363636362
458,3.6363636363636362
459,3.6363636363636362
460,3.6363636363636362
461,3.6363636363636362
462,3.6363636363636362
463,3.6363636363636362
464,3.6363636363636362
465,3.6363636363636362
466,3.6363636363636362
467,3.6363636363636362
468,3.6363636363636362
469,3.6363636363636362
470,3.6363636363636362
471,3.6363636363636362
472,3.6363636363636362
473,3.6363636363636362
474,3.6363636363636362
475,3.6363636363636362
476,3.6363636363636362
477,3.6363636363636362
478,3.6363636363636362
479,3.6363636363636362
480,3.6363636363636362
481,3.6363636363636362
482,3.6363636363636362
483,3.6363636363636362
484,3.6363636363636362
485,3.6363636363636362
486,3.6363636363636362
487,3.6363636363636362
488,3.6363636363636362
489,3.6363636363636362
490,3.6363636363636362
491,3.6363636363636362
492,3.6363636363636362
493,3.6363636363636362
494,3.6363636363636362
495,3.6363636363636362
496,3.6363636363636362
497,3.6363636363636362
498,3.6363636363636362
499,3.6363636363636362
500,3.6363636363636362
501,3.6363636363636362
502,3.6363636363636362
503,3.6363636363636362
504,3.6363636363636362
505,3.6363636363636362
506,3.6363636363636362
507,3.6363636363636362
508,3.6363636363636362
509,3.6363636363636362
510,3.6363636363636362
511,3.6363636363636362
512,3.6363636363636362
513,3.6363636363636362
514,3.6363636363636362
515,3.6363636363636362
516,3.6363636363636362
517,3.6363636363636362
518,3.6363636363636362
519,3.6363636363636362
520,3.6363636363636362
521,3.6363636363636362
522,3.6363636363636362
523,3.6363636363636362
524,3.6363636363636362
525,3.6363636363636362
526,3.6363636363636362
527,3.6363636363636362
528,3.6363636363636362
529,3.6363636363636362
530,3.6363636363636362
531,3.6363636363636362
532,3.6363636363636362
533,3.6363636363636362
534,3.6363636363636362
535,3.6363636363636362
536,3.6363636363636362
537,3.6363636363636362
538,3.6363636363636362
539,3.6363636363636362
540,3.6363636363636362
541,3.6363636363636362
542,3.6363636363636362
543,3.6363636363636362
544,3.6363636363636362
545,3.6363636363636362
546,3.6363636363636362
547,3.6363636363636362
548,3.6363636363636362
549,3.6363636363636362
550,3.6363636363636362
551,3.6363636363636362
552,3.6363636363636362
553,3.6363636363636362
554,3.6363636363636362
555,3.6363636363636362
556,3.6363636363636362
557,3.6363636363636362
558,3.6363636363636362
559,3.6363636363636362
560,3.6363636363636362
561,3.6363636363636362
562,3.6363636363636362
563,3.6363636363636362
564,3.6363636363636362
565,3.6363636363636362
566,3.6363636363636362
567,3.6363636363636362
568,3.6363636363636362
569,3.6363636363636362
570,3.6363636363636362
571,3.6363636363636362
572,3.6363636363636362
573,3.6363636363636362
574,3.6363636363636362
575,3.6363636363636362
576,3.6363636363636362
577,3.6363636363636362
578,3.6363636363636362
579,3.6363636363636362
580,3.6363636363636362
581,3.6363636363636362
582,3.6363636363636362
583,3.6363636363636362
584,3.6363636363636362
585,3.6363636363636362
586,3.6363636363636362
587,3.6363636363636362
588,3.6363636363636362
589,3.6363636363636362
590,3.6363636363636362
591,3.6363636363636362
592,3.6363636363636362
593,3.6363636363636362
594,3.6363636363636362
595,3.6363636363636362
596,3.6363636363636362
597,3.6363636363636362
598,3.6363636363636362
599,3.6363636363636362
600,3.6363636363636362
601,3.6363636363636362
602,3.6363636363636362
603,3.6363636363636362
604,3.6363636363636362
605,3.6363636363636362
606,3.6363636363636362
607,3.6363636363636362
608,3.6363636363636362
609,3.6363636363636362
610,3.6363636363636362
611,3.6363636363636362
612,3.6363636363636362
613,3.6363636363636362
614,3.6363636363636362
615,3.6363636363636362
616,3.6363636363636362
617,3.6363636363636362
618,3.6363636363636362
619,3.6363636363636362
620,3.6363636363636362
621,3.6363636363636362
622,3.6363636363636362
623,3.6363636363636362
624,3.6363636363636362
625,3.6363636363636362
626,3.6363636363636362
627,3.6363636363636362
628,3.6363636363636362
629,3.6363636363636362
630,3.6363636363636362
631,3.6363636363636362
632,3.6363636363636362
633,3.6363636363636362
634,3.6363636363636362
635,3.6363636363636362
636,3.6363636363636362
637,3.6363636363636362
638,3.6363636363636362
639,3.6363636363636362
640,3.6363636363636362
641,3.6363636363636362
642,3.6363636363636362
643,3.6363636363636362
644,3.6363636363636362
645,3.6363636363636362
646,3.6363636363636362
647,3.6363636363636362
648,3.6363636363636362
649,3.6363636363636362
650,3.6363636363636362
651,3.6363636363636362
652,3.6363636363636362
653,3.6363636363636362
654,3.6363636363636362
655,3.6363636363636362
656,3.6363636363636362
657,3.6363636363636362
658,3.6363636363636362
659,3.6363636363636362
660,3.6363636363636362
661,3.6363636363636362
662,3.6363636363636362
663,3.6363636363636362
664,3.6363636363636362
665,3.6363636363636362
666,3.6363636363636362
667,3.6363636363636362
668,3.6363636363636362
669,3.6363636363636362
670,3.6363636363636362
671,3.6363636363636362
672,3.6363636363636362
673,3.6363636363636362
674,3.6363636363636362
675,3.6363636363636362
676,3.6363636363636362
677,3.6363636363636362
678,3.6363636363636362
679,3.6363636363636362
680,3.6363636363636362
681,3.6363636363636362
682,3.6363636363636362
683,3.6363636363636362
684,3.6363636363636362
685,3.6363636363636362
686,3.6363636363636362
687,3.6363636363636362
688,3.6363636363636362
689,3.6363636363636362
690,3.6363636363636362
691,3.6363636363636362
692,3.6363636363636362
693,3.6363636363636362
694,3.6363636363636362
695,3.6363636363636362
696,3.6363636363636362
697,3.6363636363636362
698,3.6363636363636362
699,3.6363636363636362
700,3.6363636363636362
701,3.6363636363636362
702,3.6363636363636362
703,3.6363636363636362
704,3.6363636363636362
705,3.6363636363636362
706,3.6363636363636362
707,3.6363636363636362
708,3.6363636363636362
709,3.6363636363636362
710,3.6363636363636362
711,3.6363636363636362
712,3.6363636363636362
713,3.6363636363636362
714,3.6363636363636362
715,3.6363636363636362
716,3.6363636363636362
717,3.6363636363636362
718,3.6363636363636362
719,3.6363636363636362
720,3.6363636363636362
721,3.6363636363636362
722,3.6363636363636362
723,3.6363636363636362
724,3.6363636363636362
725,3.6363636363636362
726,3.6363636363636362
727,3.6363636363636362
728,3.6363636363636362
729,3.6363636363636362
730,3.6363636363636362
731,3.6363636363636362
732,3.6363636363636362
733,3.6363636363636362
734,3.6363636363636362
735,3.6363636363636362
736,3.6363636363636362
737,3.6363636363636362
738,3.6363636363636362
739,3.6363636363636362
740,3.6363636363636362
741,3.6363636363636362
742,3.6363636363636362
743,3.6363636363636362
744,3.6363636363636362
745,3.6363636363636362
746,3.6363636363636362
747,3.6363636363636362
748,3.6363636363636362
749,3.6363636363636362
750,3.6363636363636362
751,3.6363636363636362
752,3.6363636363636362
753,3.6363636363636362
754,3.6363636363636362
755,3.6363636363636362
756,3.6363636363636362
757,3.6363636363636362
758,3.6363636363636362
759,3.6363636363636362
760,3.6363636363636362
761,3.6363636363636362
762,3.6363636363636362
763,3.6363636363636362
764,3.6363636363636362
765,3.6363636363636362
766,3.6363636363636362
767,3.6363636363636362
768,3.6363636363636362
769,3.6363636363636362
770,3.6363636363636362
771,3.6363636363636362
772,3.6363636363636362
773,3.6363636363636362
774,3.6363636363636362
775,3.6363636363636362
776,3.6363636363636362
777,3.6363636363636362
778,3.6363636363636362
779,3.6363636363636362
780,3.6363636363636362
781,3.6363636363636362
782,3.6363636363636362
783,3.6363636363636362
784,3.6363636363636362
785,3.6363636363636362
786,3.6363636363636362
787,3.6363636363636362
788,3.6363636363636362
789,3.6363636363636362
790,3.6363636363636362
791,3.6363636363636362
792,3.6363636363636362
793,3.6363636363636362
794,3.6363636363636362
795,3.6363636363636362
796,3.6363636363636362
797,3.6363636363636362
798,3.6363636363636362
799,3.6363636363636362
800,3.6363636363636362
801,3.6363636363636362
802,3.6363636363636362
803,3.6363636363636362
804,3.6363636363636362
805,3.6363636363636362
806,3.6363636363636362
807,3.6363636363636362
808,3.6363636363636362
809,3.6363636363636362
810,3.6363636363636362
811,3.6363636363636362
812,3.6363636363636362
813,3.6363636363636362
814,3.6363636363636362
815,3.6363636363636362
816,3.6363636363636362
817,3.6363636363636362
818,3.6363636363636362
819,3.6363636363636362
820,3.6363636363636362
821,3.6363636363636362
822,3.6363636363636362
823,3.6363636363636362
824,3.6363636363636362
825,3.6363636363636362
826,3.6363636363636362
827,3.6363636363636362
828,3.6363636363636362
829,3.6363636363636362
830,3.6363636363636362
831,3.6363636363636362
832,3.6363636363636362
833,3.6363636363636362
834,3.6363636363636362
835,3.6363636363636362
836,3.6363636363636362
837,3.6363636363636362
838,3.6363636363636362
839,3.6363636363636362
840,3.6363636363636362
841,3.6363636363636362
842,3.6363636363636362
843,3.6363636363636362
844,3.6363636363636362
845,3.6363636363636362
846,3.6363636363636362
847,3.6363636363636362
848,3.6363636363636362
849,3.6363636363636362
850,3.6363636363636362
851,3.6363636363636362
852,3.6363636363636362
853,3.6363636363636362
854,3.6363636363636362
855,3.6363636363636362
856,3.6363636363636362
857,3.6363636363636362
858,3.6363636363636362
859,3.6363636363636362
860,3.6363636363636362
861,3.6363636363636362
862,3.6363636363636362
863,3.6363636363636362
864,3.6363636363636362
865,3.6363636363636362
866,3.6363636363636362
867,3.6363636363636362
868,3.6363636363636362
869,3.6363636363636362
870,3.6363636363636362
871,3.6363636363636362
872,3.6363636363636362
873,3.6363636363636362
874,3.6363636363636362
875,3.6363636363636362
876,3.6363636363636362
877,3.6363636363636362
878,3.6363636363636362
879,3.6363636363636362
880,3.6363636363636362
881,3.6363636363636362
882,3.6363636363636362
883,3.6363636363636362
884,3.6363636363636362
885,3.6363636363636362
886,3.6363636363636362
887,3.6363636363636362
888,3.6363636363636362
889,3.6363636363636362
890,3.6363636363636362
891,3.6363636363636362
892,3.6363636363636362
893,3.6363636363636362
894,3.6363636363636362
895,3.6363636363636362
896,3.6363636363636362
897,3.6363636363636362
898,3.6363636363636362
899,3.6363636363636362
900,3.6363636363636362
901,3.6363636363636362
902,3.6363636363636362
903,3.6363636363636362
904,3.6363636363636362
905,3.6363636363636362
906,3.6363636363636362
907,3.6363636363636362
908,3.6363636363636362
909,3.6363636363636362
910,3.6363636363636362
911,3.6363636363636362
912,3.6363636363636362
913,3.6363636363636362
914,3.6363636363636362
915,3.6363636363636362
916,3.6363636363636362
917,3.6363636363636362
918,3.6363636363636362
919,3.6363636363636362
920,3.6363636363636362
921,3.6363636363636362
922,3.6363636363636362
923,3.6363636363636362
924,3.6363636363636362
925,3.6363636363636362
926,3.6363636363636362
927,3.6363636363636362
928,3.6363636363636362
929,3.6363636363636362
930,3.6363636363636362
931,3.6363636363636362
932,3.6363636363636362
933,3.6363636363636362
934,3.6363636363636362
935,3.6363636363636362
936,3.6363636363636362
937,3.6363636363636362
938,3.6363636363636362
939,3.6363636363636362
940,3.6363636363636362
941,3.6363636363636362
942,3.6363636363636362
943,3.6363636363636362
944,3.6363636363636362
945,3.6363636363636362
946,3.6363636363636362
947,3.6363636363636362
948,3.6363636363636362
949,3.6363636363636362
950,3.6363636363636362
951,3.6363636363636362
952,3.6363636363636362
953,3.6363636363636362
954,3.6363636363636362
955,3.6363636363636362
956,3.6363636363636362
957,3.6363636363636362
958,3.6363636363636362
959,3.6363636363636362
960,3.6363636363636362
961,3.6363636363636362
962,3.6363636363636362
963,3.6363636363636362
964,3.6363636363636362
965,3.6363636363636362
966,3.6363636363636362
967,3.6363636363636362
968,3.6363636363636362
969,3.6363636363636362
970,3.6363636363636362
971,3.6363636363636362
972,3.6363636363636362
973,3.6363636363636362
974,3.6363636363636362
975,3.6363636363636362
976,3.6363636363636362
977,3.6363636363636362
978,3.6363636363636362
979,3.6363636363636362
980,3.6363636363636362
981,3.6363636363636362
982,3.6363636363636362
983,3.6363636363636362
984,3.6363636363636362
985,3.6363636363636362
986,3.6363636363636362
987,3.6363636363636362
988,3.6363636363636362
989,3.6363636363636362
990,3.6363636363636362
991,3.6363636363636362
992,3.6363636363636362
993,3.6363636363636362
994,3.6363636363636362
995,3.6363636363636362
996,3.6363636363636362
997,3.6363636363636362
998,3.6363636363636362
999,3.6363636363636362
1000,3.6363636363636362
1001,3.6363636363636362
1002,3.6363636363636362
1003,3.6363636363636362
1004,3.6363636363636362
1005,3.6363636363636362
1006,3.6363636363636362
1007,3.6363636363636362
1008,3.6363636363636362
1009,3.6363636363636362
1010,3.6363636363636362
1011,3.6363636363636362
1012,3.6363636363636362
1013,3.6363636363636362
1014,3.6363636363636362
1015,3.6363636363636362
1016,3.6363636363636362
1017,3.6363636363636362
1018,3.6363636363636362
1019,3.6363636363636362
1020,3.6363636363636362
1021,3.6363636363636362
1022,3.6363636363636362
1023,3.6363636363636362
1024,3.6363636363636362
1025,3.6363636363636362
1026,3.6363636363636362
1027,3.6363636363636362
1028,3.6363636363636362
1029,3.6363636363636362
1030,3.6363636363636362
1031,3.6363636363636362
1032,3.6363636363636362
1033,3.6363636363636362
1034,3.6363636363636362
1035,3.6363636363636362
1036,3.6363636363636362
1037,3.6363636363636362
1038,3.6363636363636362
1039,3.6363636363636362
1040,3.6363636363636362
1041,3.6363636363636362
1042,3.6363636363636362
1043,3.6363636363636362
1044,3.6363636363636362
1045,3.6363636363636362
1046,3.6363636363636362
1047,3.6363636363636362
1048,3.6363636363636362
1049,3.6363636363636362
1050,3.6363636363636362
1051,3.6363636363636362
1052,3.6363636363636362
1053,3.6363636363636362
1054,3.6363636363636362
1055,3.6363636363636362
1056,3.6363636363636362
1057,3.6363636363636362
1058,3.6363636363636362
1059,3.6363636363636362
1060,3.6363636363636362
1061,3.6363636363636362
1062,3.6363636363636362
1063,3.6363636363636362
1064,3.6363636363636362
1065,3.6363636363636362
1066,3.6363636363636362
1067,3.6363636363636362
1068,3.6363636363636362
1069,3.6363636363636362
1070,3.6363636363636362
1071,3.6363636363636362
1072,3.6363636363636362
1073,3.6363636363636362
1074,3.6363636363636362
1075,3.6363636363636362
1076,3.6363636363636362
1077,3.6363636363636362
1078,3.6363636363636362
1079,3.6363636363636362
1080,3.6363636363636362
1081,3.6363636363636362
1082,3.6363636363636362
1083,3.6363636363636362
1084,3.6363636363636362
1085,3.6363636363636362
1086,3.6363636363636362
1087,3.6363636363636362
1088,3.6363636363636362
1089,3.6363636363636362
1090,3.6363636363636362
1091,3.6363636363636362
1092,3.6363636363636362
1093,3.6363636363636362
1094,3.6363636363636362
1095,3.6363636363636362
1096,3.6363636363636362
1097,3.6363636363636362
1098,3.6363636363636362
1099,3.6363636363636362
1100,3.6363636363636362
1101,3.6363636363636362
1102,3.6363636363636362
1103,3.6363636363636362
1104,3.6363636363636362
1105,3.6363636363636362
1106,3.6363636363636362
1107,3.6363636363636362
1108,3.6363636363636362
1109,3.6363636363636362
1110,3.6363636363636362
1111,3.6363636363636362
1112,3.6363636363636362
1113,3.6363636363636362
1114,3.6363636363636362
1115,3.6363636363636362
1116,3.6363636363636362
1117,3.6363636363636362
1118,3.6363636363636362
1119,3.6363636363636362
1120,3.6363636363636362
1121,3.6363636363636362
1122,3.6363636363636362
1123,3.6363636363636362
1124,3.6363636363636362
1125,3.6363636363636362
1126,3.6363636363636362
1127,3.6363636363636362
1128,3.6363636363636362
1129,3.6363636363636362
1130,3.6363636363636362
1131,3.6363636363636362
1132,3.6363636363636362
1133,3.6363636363636362
1134,3.6363636363636362
1135,3.6363636363636362
1136,3.6363636363636362
1137,3.6363636363636362
1138,3.6363636363636362
1139,3.6363636363636362
1140,3.6363636363636362
1141,3.6363636363636362
1142,3.6363636363636362
1143,3.6363636363636362
1144,3.6363636363636362
1145,3.6363636363636362
1146,3.6363636363636362
1147,3.6363636363636362
1148,3.6363636363636362
1149,3.6363636363636362
1150,3.6363636363636362
1151,3.6363636363636362
1152,3.6363636363636362
1153,3.6363636363636362
1154,3.6363636363636362
1155,3.6363636363636362
1156,3.6363636363636362
1157,3.6363636363636362
1158,3.6363636363636362
1159,3.6363636363636362
1160,3.6363636363636362
1161,3.6363636363636362
1162,3.6363636363636362
1163,3.6363636363636362
1164,3.6363636363636362
1165,3.6363636363636362
1166,3.6363636363636362
1167,3.6363636363636362
1168,3.6363636363636362
1169,3.6363636363636362
1170,3.6363636363636362
1171,3.6363636363636362
1172,3.6363636363636362
1173,3.6363636363636362
1174,3.6363636363636362
1175,3.6363636363636362
1176,3.6363636363636362
1177,3.6363636363636362
1178,3.6363636363636362
1179,3.6363636363636362
1180,3.6363636363636362
1181,3.6363636363636362
1182,3.6363636363636362
1183,3.6363636363636362
1184,3.6363636363636362
1185,3.6363636363636362
1186,3.6363636363636362
1187,3.6363636363636362
1188,3.6363636363636362
1189,3.6363636363636362
1190,3.6363636363636362
1191,3.6363636363636362
1192,3.6363636363636362
1193,3.6363636363636362
1194,3.6363636363636362
1195,3.6363636363636362
1196,3.6363636363636362
1197,3.6363636363636362
1198,3.6363636363636362
1199,3.6363636363636362
1200,3.6363636363636362
1201,3.6363636363636362
1202,3.6363636363636362
1203,3.6363636363636362
1204,3.6363636363636362
1205,3.6363636363636362
1206,3.6363636363636362
1207,3.6363636363636362
1208,3.6363636363636362
1209,3.6363636363636362
1210,3.6363636363636362
1211,3.6363636363636362
1212,3.6363636363636362
1213,3.6363636363636362
1214,3.6363636363636362
1215,3.6363636363636362
1216,3.6363636363636362
1217,3.6363636363636362
1218,3.6363636363636362
1219,3.6363636363636362
1220,3.6363636363636362
1221,3.6363636363636362
1222,3.6363636363636362
1223,3.6363636363636362
1224,3.6363636363636362
1225,3.6363636363636362
1226,3.6363636363636362
1227,3.6363636363636362
1228,3.6363636363636362
1229,3.6363636363636362
1230,3.6363636363636362
1231,3.6363636363636362
1232,3.6363636363636362
1233,3.6363636363636362
1234,3.6363636363636362
1235,3.6363636363636362
1236,3.6363636363636362
1237,3.6363636363636362
1238,3.6363636363636362
1239,3.6363636363636362
1240,3.6363636363636362
1241,3.6363636363636362
1242,3.6363636363636362
1243,3.6363636363636362
1244,3.6363636363636362
1245,3.6363636363636362
1246,3.6363636363636362
1247,3.6363636363636362
1248,3.6363636363636362
1249,3.6363636363636362
1250,3.6363636363636362
1251,3.6363636363636362
1252,3.6363636363636362
1253,3.6363636363636362
1254,3.6363636363636362
1255,3.6363636363636362
1256,3.6363636363636362
1257,3.6363636363636362
1258,3.6363636363636362
1259,3.6363636363636362
1260,3.6363636363636362
1261,3.6363636363636362
1262,3.6363636363636362
1263,3.6363636363636362
1264,3.6363636363636362
1265,3.6363636363636362
1266,3.6363636363636362
1267,3.6363636363636362
1268,3.6363636363636362
1269,3.6363636363636362
1270,3.6363636363636362
1271,3.6363636363636362
1272,3.6363636363636362
1273,3.6363636363636362
1274,3.6363636363636362
1275,3.6363636363636362
1276,3.6363636363636362
1277,3.6363636363636362
1278,3.6363636363636362
1279,3.6363636363636362
1280,3.6363636363636362
1281,3.6363636363636362
1282,3.6363636363636362
1283,3.6363636363636362
1284,3.6363636363636362
1285,3.6363636363636362
1286,3.6363636363636362
1287,3.6363636363636362
1288,3.6363636363636362
1289,3.6363636363636362
1290,3.6363636363636362
1291,3.6363636363636362
1292,3.6363636363636362
1293,3.6363636363636362
1294,3.6363636363636362
1295,3.6363636363636362
1296,3.6363636363636362
1297,3.6363636363636362
1298,3.6363636363636362
1299,3.6363636363636362
1300,3.6363636363636362
1301,3.6363636363636362
1302,3.6363636363636362
1303,3.6363636363636362
1304,3.6363636363636362
1305,3.6363636363636362
1306,3.6363636363636362
1307,3.6363636363636362
1308,3.6363636363636362
1309,3.6363636363636362
1310,3.6363636363636362
1311,3.6363636363636362
1312,3.6363636363636362
1313,3.6363636363636362
1314,3.6363636363636362
1315,3.6363636363636362
1316,3.6363636363636362
1317,3.6363636363636362
1318,3.6363636363636362
1319,3.6363636363636362
1320,3.6363636363636362
1321,3.6363636363636362
1322,3.6363636363636362
1323,3.6363636363636362
1324,3.6363636363636362
1325,3.6363636363636362
1326,3.6363636363636362
1327,3.6363636363636362
1328,3.6363636363636362
1329,3.6363636363636362
1330,3.6363636363636362
1331,3.6363636363636362
1332,3.6363636363636362
1333,3.6363636363636362
1334,3.6363636363636362
1335,3.6363636363636362
1336,3.6363636363636362
1337,3.6363636363636362
1338,3.6363636363636362
1339,3.6363636363636362
1340,3.6363636363636362
1341,3.6363636363636362
1342,3.6363636363636362
1343,3.6363636363636362
1344,3.6363636363636362
1345,3.6363636363636362
1346,3.6363636363636362
1347,3.6363636363636362
1348,3.6363636363636362
1349,3.6363636363636362
1350,3.6363636363636362
1351,3.6363636363636362
1352,3.6363636363636362
1353,3.6363636363636362
1354,3.6363636363636362
1355,3.6363636363636362
1356,3.6363636363636362
1357,3.6363636363636362
1358,3.6363636363636362
1359,3.6363636363636362
1360,3.6363636363636362
1361,3.6363636363636362
1362,3.6363636363636362
1363,3.6363636363636362
1364,3.6363636363636362
1365,3.6363636363636362
1366,3.6363636363636362
1367,3.6363636363636362
1368,3.6363636363636362
1369,3.6363636363636362
1370,3.6363636363636362
1371,3.6363636363636362
1372,3.6363636363636362
1373,3.6363636363636362
1374,3.6363636363636362
1375,3.6363636363636362
1376,3.6363636363636362
1377,3.6363636363636362
1378,3.6363636363636362
1379,3.6363636363636362
1380,3.6363636363636362
1381,3.6363636363636362
1382,3.6363636363636362
1383,3.6363636363636362
1384,3.6363636363636362
1385,3.6363636363636362
1386,3.6363636363636362
1387,3.6363636363636362
1388,3.6363636363636362
1389,3.6363636363636362
1390,3.6363636363636362
1391,3.6363636363636362
1392,3.6363636363636362
1393,3.6363636363636362
1394,3.6363636363636362
1395,3.6363636363636362
1396,3.6363636363636362
1397,3.6363636363636362
1398,3.6363636363636362
1399,3.6363636363636362
1400,3.6363636363636362
1401,3.6363636363636362
1402,3.6363636363636362
1403,3.6363636363636362
1404,3.6363636363636362
1405,3.6363636363636362
1406,3.6363636363636362
1407,3.6363636363636362
1408,3.6363636363636362
1409,3.6363636363636362
1410,3.6363636363636362
1411,3.6363636363636362
1412,3.6363636363636362
1413,3.6363636363636362
1414,3.6363636363636362
1415,3.6363636363636362
1416,3.6363636363636362
1417,3.6363636363636362
1418,3.6363636363636362
1419,3.6363636363636362
1420,3.6363636363636362
1421,3.6363636363636362
1422,3.6363636363636362
1423,3.6363636363636362
1424,3.6363636363636362
1425,3.6363636363636362
1426,3.6363636363636362
1427,3.6363636363636362
1428,3.6363636363636362
1429,3.6363636363636362
1430,3.6363636363636362
1431,3.6363636363636362
1432,3.6363636363636362
1433,3.6363636363636362
1434,3.6363636363636362
1435,3.6363636363636362
1436,3.6363636363636362
1437,3.6363636363636362
1438,3.6363636363636362
1439,3.6363636363636362
1440,3.6363636363636362
1441,3.6363636363636362
1442,3.6363636363636362
1443,3.6363636363636362
1444,3.6363636363636362
1445,3.6363636363636362
1446,3.6363636363636362
1447,3.6363636363636362
1448,3.6363636363636362
1449,3.6363636363636362
1450,3.6363636363636362
1451,3.6363636363636362
1452,3.6363636363636362
1453,3.6363636363636362
1454,3.6363636363636362
1455,3.6363636363636362
1456,3.6363636363636362
1457,3.6363636363636362
1458,3.6363636363636362
1459,3.6363636363636362
1460,3.6363636363636362
1461,3.6363636363636362
1462,3.6363636363636362
1463,3.6363636363636362
1464,3.6363636363636362
1465,3.6363636363636362
1466,3.6363636363636362
1467,3.6363636363636362
1468,3.6363636363636362
1469,3.6363636363636362
1470,3.6363636363636362
1471,3.6363636363636362
1472,3.6363636363636362
1473,3.6363636363636362
1474,3.6363636363636362
1475,3.6363636363636362
1476,3.6363636363636362
1477,3.6363636363636362
1478,3.6363636363636362
1479,3.6363636363636362
1480,3.6363636363636362
1481,3.6363636363636362
1482,3.6363636363636362
1483,3.6363636363636362
1484,3.6363636363636362
1485,3.6363636363636362
1486,3.6363636363636362
1487,3.6363636363636362
1488,3.6363636363636362
1489,3.6363636363636362
1490,3.6363636363636362
1491,3.6363636363636362
1492,3.6363636363636362
1493,3.6363636363636362
1494,3.6363636363636362
1495,3.6363636363636362
1496,3.6363636363636362
1497,3.6363636363636362
1498,3.6363636363636362
1499,3.6363636363636362
1500,3.6363636363636362
1501,3.6363636363636362
1502,3.6363636363636362
1503,3.6363636363636362
1504,3.6363636363636362
1505,3.6363636363636362
1506,3.6363636363636362
1507,3.6363636363636362
1508,3.6363636363636362
1509,3.6363636363636362
1510,3.6363636363636362
1511,3.6363636363636362
1512,3.6363636363636362
1513,3.6363636363636362
1514,3.6363636363636362
1515,3.6363636363636362
1516,3.6363636363636362
1517,3.6363636363636362
1518,3.6363636363636362
1519,3.6363636363636362
1520,3.6363636363636362
1521,3.6363636363636362
1522,3.6363636363636362
1523,3.6363636363636362
1524,3.6363636363636362
1525,3.6363636363636362
1526,3.6363636363636362
1527,3.6363636363636362
1528,3.6363636363636362
1529,3.6363636363636362
1530,3.6363636363636362
1531,3.6363636363636362
1532,3.6363636363636362
1533,3.6363636363636362
1534,3.6363636363636362
1535,3.6363636363636362
1536,3.6363636363636362
1537,3.6363636363636362
1538,3.6363636363636362
1539,3.6363636363636362
1540,3.6363636363636362
1541,3.6363636363636362
1542,3.6363636363636362
1543,3.6363636363636362
1544,3.6363636363636362
1545,3.6363636363636362
1546,3.6363636363636362
1547,3.6363636363636362
1548,3.6363636363636362
1549,3.6363636363636362
1550,3.6363636363636362
1551,3.6363636363636362
1552,3.6363636363636362
1553,3.6363636363636362
1554,3.6363636363636362
1555,3.6363636363636362
1556,3.6363636363636362
1557,3.6363636363636362
1558,3.6363636363636362
1559,3.6363636363636362
1560,3.6363636363636362
1561,3.6363636363636362
1562,3.6363636363636362
1563,3.6363636363636362
1564,3.6363636363636362
1565,3.6363636363636362
1566,3.6363636363636362
1567,3.6363636363636362
1568,3.6363636363636362
1569,3.6363636363636362
1570,3.6363636363636362
1571,3.6363636363636362
1572,3.6363636363636362
1573,3.6363636363636362
1574,3.6363636363636362
1575,3.6363636363636362
1576,3.6363636363636362
1577,3.6363636363636362
1578,3.6363636363636362
1579,3.6363636363636362
1580,3.6363636363636362
1581,3.6363636363636362
1582,3.6363636363636362
1583,3.6363636363636362
1584,3.6363636363636362
1585,3.6363636363636362
1586,3.6363636363636362
1587,3.6363636363636362
1588,3.6363636363636362
1589,3.6363636363636362
1590,3.6363636363636362
1591,3.6363636363636362
1592,3.6363636363636362
1593,3.6363636363636362
1594,3.6363636363636362
1595,3.6363636363636362
1596,3.6363636363636362
1597,3.6363636363636362
1598,3.6363636363636362
1599,3.6363636363636362
1600,3.6363636363636362
1601,3.6363636363636362
1602,3.6363636363636362
1603,3.6363636363636362
1604,3.6363636363636362
1605,3.6363636363636362
1606,3.6363636363636362
1607,3.6363636363636362
1608,3.6363636363636362
1609,3.6363636363636362
1610,3.6363636363636362
1611,3.6363636363636362
1612,3.6363636363636362
1613,3.6363636363636362
1614,3.6363636363636362
1615,3.6363636363636362
1616,3.6363636363636362
1617,3.6363636363636362
1618,3.6363636363636362
1619,3.6363636363636362
1620,3.6363636363636362
1621,3.6363636363636362
1622,3.6363636363636362
1623,3.6363636363636362
1624,3.6363636363636362
1625,3.6363636363636362
1626,3.6363636363636362
1627,3.6363636363636362
1628,3.6363636363636362
1629,3.6363636363636362
1630,3.6363636363636362
1631,3.6363636363636362
1632,3.6363636363636362
1633,3.6363636363636362
1634,3.6363636363636362
1635,3.6363636363636362
1636,3.6363636363636362
1637,3.6363636363636362
1638,3.6363636363636362
1639,3.6363636363636362
1640,3.6363636363636362
1641,3.6363636363636362
1642,3.6363636363636362
1643,3.6363636363636362
1644,3.6363636363636362
1645,3.6363636363636362
1646,3.6363636363636362
1647,3.6363636363636362
1648,3.6363636363636362
1649,3.6363636363636362
1650,3.6363636363636362
1651,3.6363636363636362
1652,3.6363636363636362
1653,3.6363636363636362
1654,3.6363636363636362
1655,3.6363636363636362
1656,3.6363636363636362
1657,3.6363636363636362
1658,3.6363636363636362
1659,3.6363636363636362
1660,3.6363636363636362
1661,3.6363636363636362
1662,3.6363636363636362
1663,3.6363636363636362
1664,3.6363636363636362
1665,3.6363636363636362
1666,3.6363636363636362
1667,3.6363636363636362
1668,3.6363636363636362
1669,3.6363636363636362
1670,3.6363636363636362
1671,3.6363636363636362
1672,3.6363636363636362
1673,3.6363636363636362
1674,3.6363636363636362
1675,3.6363636363636362
1676,3.6363636363636362
1677,3.6363636363636362
1678,3.6363636363636362
1679,3.6363636363636362
1680,3.6363636363636362
1681,3.6363636363636362
1682,3.6363636363636362
1683,3.6363636363636362
1684,3.6363636363636362
1685,3.6363636363636362
1686,3.6363636363636362
1687,3.6363636363636362
1688,3.6363636363636362
1689,3.6363636363636362
1690,3.6363636363636362
1691,3.6363636363636362
1692,3.6363636363636362
1693,3.6363636363636362
1694,3.6363636363636362
1695,3.6363636363636362
1696,3.6363636363636362
1697,3.6363636363636362
1698,3.6363636363636362
1699,3.6363636363636362
1700,3.6363636363636362
1701,3.6363636363636362
1702,3.6363636363636362
1703,3.6363636363636362
1704,3.6363636363636362
1705,3.6363636363636362
1706,3.6363636363636362
1707,3.6363636363636362
1708,3.6363636363636362
1709,3.6363636363636362
1710,3.6363636363636362
1711,3.6363636363636362
1712,3.6363636363636362
1713,3.6363636363636362
1714,3.6363636363636362
1715,3.6363636363636362
1716,3.6363636363636362
1717,3.6363636363636362
1718,3.6363636363636362
1719,3.6363636363636362
1720,3.6363636363636362
1721,3.6363636363636362
1722,3.6363636363636362
1723,3.6363636363636362
1724,3.6363636363636362
1725,3.6363636363636362
1726,3.6363636363636362
1727,3.6363636363636362
1728,3.6363636363636362
1729,3.6363636363636362
1730,3.6363636363636362
1731,3.6363636363636362
1732,3.6363636363636362
1733,3.6363636363636362
1734,3.6363636363636362
1735,3.6363636363636362
1736,3.6363636363636362
1737,3.6363636363636362
1738,3.6363636363636362
1739,3.6363636363636362
1740,3.6363636363636362
1741,3.6363636363636362
1742,3.6363636363636362
1743,3.6363636363636362
1744,3.6363636363636362
1745,3.6363636363636362
1746,3.6363636363636362
1747,3.6363636363636362
1748,3.6363636363636362
1749,3.6363636363636362
1750,3.6363636363636362
1751,3.6363636363636362
1752,3.6363636363636362
1753,3.6363636363636362
1754,3.6363636363636362
1755,3.6363636363636362
1756,3.6363636363636362
1757,3.6363636363636362
1758,3.6363636363636362
1759,3.6363636363636362
1760,3.6363636363636362
1761,3.6363636363636362
1762,3.6363636363636362
1763,3.6363636363636362
1764,3.6363636363636362
1765,3.6363636363636362
1766,3.6363636363636362
1767,3.6363636363636362
1768,3.6363636363636362
1769,3.6363636363636362
1770,3.6363636363636362
1771,3.6363636363636362
1772,3.6363636363636362
1773,3.6363636363636362
1774,3.6363636363636362
1775,3.6363636363636362
1776,3.6363636363636362
1777,3.6363636363636362
1778,3.6363636363636362
1779,3.6363636363636362
1780,3.6363636363636362
1781,3.6363636363636362
1782,3.6363636363636362
1783,3.6363636363636362
1784,3.6363636363636362
1785,3.6363636363636362
1786,3.6363636363636362
1787,3.6363636363636362
1788,3.6363636363636362
1789,3.6363636363636362
1790,3.6363636363636362
1791,3.6363636363636362
1792,3.6363636363636362
1793,3.6363636363636362
1794,3.6363636363636362
1795,3.6363636363636362
1796,3.6363636363636362
1797,3.6363636363636362
1798,3.6363636363636362
1799,3.6363636363636362
1800,3.6363636363636362
1801,3.6363636363636362
1802,3.6363636363636362
1803,3.6363636363636362
1804,3.6363636363636362
1805,3.6363636363636362
1806,3.6363636363636362
1807,3.6363636363636362
1808,3.6363636363636362
1809,3.6363636363636362
1810,3.6363636363636362
1811,3.6363636363636362
1812,3.6363636363636362
1813,3.6363636363636362
1814,3.6363636363636362
1815,3.6363636363636362
1816,3.6363636363636362
1817,3.6363636363636362
1818,3.6363636363636362
1819,3.6363636363636362
1820,3.6363636363636362
1821,3.6363636363636362
1822,3.6363636363636362
1823,3.6363636363636362
1824,3.6363636363636362
1825,3.6363636363636362
1826,3.6363636363636362
1827,3.6363636363636362
1828,3.6363636363636362
1829,3.6363636363636362
1830,3.6363636363636362
1831,3.6363636363636362
1832,3.6363636363636362
1833,3.6363636363636362
1834,3.6363636363636362
1835,3.6363636363636362
1836,3.6363636363636362
1837,3.6363636363636362
1838,3.6363636363636362
1839,3.6363636363636362
1840,3.6363636363636362
1841,3.6363636363636362
1842,3.6363636363636362
1843,3.6363636363636362
1844,3.6363636363636362
1845,3.6363636363636362
1846,3.6363636363636362
1847,3.6363636363636362
1848,3.6363636363636362
1849,3.6363636363636362
1850,3.6363636363636362
1851,3.6363636363636362
1852,3.6363636363636362
1853,3.6363636363636362
1854,3.6363636363636362
1855,3.6363636363636362
1856,3.6363636363636362
1857,3.6363636363636362
1858,3.6363636363636362
1859,3.6363636363636362
1860,3.6363636363636362
1861,3.6363636363636362
1862,3.6363636363636362
1863,3.6363636363636362
1864,3.6363636363636362
1865,3.6363636363636362
1866,3.6363636363636362
1867,3.6363636363636362
1868,3.6363636363636362
1869,3.6363636363636362
1870,3.6363636363636362
1871,3.6363636363636362
1872,3.6363636363636362
1873,3.6363636363636362
1874,3.6363636363636362
1875,3.6363636363636362
1876,3.6363636363636362
1877,3.6363636363636362
1878,3.6363636363636362
1879,3.6363636363636362
1880,3.6363636363636362
1881,3.6363636363636362
1882,3.6363636363636362
1883,3.6363636363636362
1884,3.6363636363636362
1885,3.6363636363636362
1886,3.6363636363636362
1887,3.6363636363636362
1888,3.6363636363636362
1889,3.6363636363636362
1890,3.6363636363636362
1891,3.6363636363636362
1892,3.6363636363636362
1893,3.6363636363636362
1894,3.6363636363636362
1895,3.6363636363636362
1896,3.6363636363636362
1897,3.6363636363636362
1898,3.6363636363636362
1899,3.6363636363636362
1900,3.6363636363636362
1901,3.6363636363636362
1902,3.6363636363636362
1903,3.6363636363636362
1904,3.6363636363636362
1905,3.6363636363636362
1906,3.6363636363636362
1907,3.6363636363636362
1908,3.6363636363636362
1909,3.6363636363636362
1910,3.6363636363636362
1911,3.6363636363636362
1912,3.6363636363636362
1913,3.6363636363636362
1914,3.6363636363636362
1915,3.6363636363636362
1916,3.6363636363636362
1917,3.6363636363636362
1918,3.6363636363636362
1919,3.6363636363636362
1920,3.6363636363636362
1921,3.6363636363636362
1922,3.6363636363636362
1923,3.6363636363636362
1924,3.6363636363636362
1925,3.6363636363636362
1926,3.6363636363636362
1927,3.6363636363636362
1928,3.6363636363636362
1929,3.6363636363636362
1930,3.6363636363636362
1931,3.6363636363636362
1932,3.6363636363636362
1933,3.6363636363636362
1934,3.6363636363636362
1935,3.6363636363636362
1936,3.6363636363636362
1937,3.6363636363636362
1938,3.6363636363636362
1939,3.6363636363636362
1940,3.6363636363636362
1941,3.6363636363636362
1942,3.6363636363636362
1943,3.6363636363636362
1944,3.6363636363636362
1945,3.6363636363636362
1946,3.6363636363636362
1947,3.6363636363636362
1948,3.6363636363636362
1949,3.6363636363636362
1950,3.6363636363636362
1951,3.6363636363636362
1952,3.6363636363636362
1953,3.6363636363636362
1954,3.6363636363636362
1955,3.6363636363636362
1956,3.6363636363636362
1957,3.6363636363636362
1958,3.6363636363636362
1959,3.6363636363636362
1960,3.6363636363636362
1961,3.6363636363636362
1962,3.6363636363636362
1963,3.6363636363636362
1964,3.6363636363636362
1965,3.6363636363636362
1966,3.6363636363636362
1967,3.6363636363636362
1968,3.6363636363636362
1969,3.6363636363636362
1970,3.6363636363636362
1971,3.6363636363636362
1972,3.6363636363636362
1973,3.6363636363636362
1974,3.6363636363636362
1975,3.6363636363636362
1976,3.6363636363636362
1977,3.6363636363636362
1978,3.6363636363636362
1979,3.6363636363636362
1980,3.6363636363636362
1981,3.6363636363636362
1982,3.6363636363636362
1983,3.6363636363636362
1984,3.6363636363636362
1985,3.6363636363636362
1986,3.6363636363636362
1987,3.6363636363636362
1988,3.6363636363636362
1989,3.6363636363636362
1990,3.6363636363636362
1991,3.6363636363636362
1992,3.6363636363636362
1993,3.6363636363636362
1994,3.6363636363636362
1995,3.6363636363636362
1996,3.6363636363636362
1997,3.6363636363636362
1998,3.6363636363636362
1999,3.6363636363636362
2000,3.6363636363636362
2001,3.6363636363636362
2002,3.6363636363636362
2003,3.6363636363636362
2004,3.6363636363636362
2005,3.6363636363636362
2006,3.6363636363636362
2007,3.6363636363636362
2008,3.6363636363636362
2009,3.6363636363636362
2010,3.6363636363636362
2011,3.6363636363636362
2012,3.6363636363636362
2013,3.6363636363636362
2014,3.6363636363636362
2015,3.6363636363636362
2016,3.6363636363636362
2017,3.6363636363636362
2018,3.6363636363636362
2019,3.6363636363636362
2020,3.6363636363636362
2021,3.6363636363636362
2022,3.6363636363636362
2023,3.6363636363636362
2024,3.6363636363636362
2025,3.6363636363636362
2026,3.6363636363636362
2027,3.6363636363636362
2028,3.6363636363636362
2029,3.6363636363636362
2030,3.6363636363636362
2031,3.6363636363636362
2032,3.6363636363636362
2033,3.6363636363636362
2034,3.6363636363636362
2035,3.6363636363636362
2036,3.6363636363636362
2037,3.6363636363636362
2038,3.6363636363636362
2039,3.6363636363636362
2040,3.6363636363636362
2041,3.6363636363636362
2042,3.6363636363636362
2043,3.6363636363636362
2044,3.6363636363636362
2045,3.6363636363636362
2046,3.6363636363636362
2047,3.6363636363636362
2048,3.6363636363636362
2049,3.6363636363636362
2050,3.6363636363636362
2051,3.6363636363636362
2052,3.6363636363636362
2053,3.6363636363636362
2054,3.6363636363636362
2055,3.6363636363636362
2056,3.6363636363636362
2057,3.6363636363636362
2058,3.6363636363636362
2059,3.6363636363636362
2060,3.6363636363636362
2061,3.6363636363636362
2062,3.6363636363636362
2063,3.6363636363636362
2064,3.6363636363636362
2065,3.6363636363636362
2066,3.6363636363636362
2067,3.6363636363636362
2068,3.6363636363636362
2069,3.6363636363636362
2070,3.6363636363636362
2071,3.6363636363636362
2072,3.6363636363636362
2073,3.6363636363636362
2074,3.6363636363636362
2075,3.6363636363636362
2076,3.6363636363636362
2077,3.6363636363636362
2078,3.6363636363636362
2079,3.6363636363636362
2080,3.6363636363636362
2081,3.6363636363636362
2082,3.6363636363636362
2083,3.6363636363636362
2084,3.6363636363636362
2085,3.6363636363636362
2086,3.6363636363636362
2087,3.6363636363636362
2088,3.6363636363636362
2089,3.6363636363636362
2090,3.6363636363636362
2091,3.6363636363636362
2092,3.6363636363636362
2093,3.6363636363636362
2094,3.6363636363636362
2095,3.6363636363636362
2096,3.6363636363636362
2097,3.6363636363636362
2098,3.6363636363636362
2099,3.6363636363636362
2100,3.6363636363636362
2101,3.6363636363636362
2102,3.6363636363636362
2103,3.6363636363636362
2104,3.6363636363636362
2105,3.6363636363636362
2106,3.6363636363636362
2107,3.6363636363636362
2108,3.6363636363636362
2109,3.6363636363636362
2110,3.6363636363636362
2111,3.6363636363636362
2112,3.6363636363636362
2113,3.6363636363636362
2114,3.6363636363636362
2115,3.6363636363636362
2116,3.6363636363636362
2117,3.6363636363636362
2118,3.6363636363636362
2119,3.6363636363636362
2120,3.6363636363636362
2121,3.6363636363636362
2122,3.6363636363636362
2123,3.6363636363636362
2124,3.6363636363636362
2125,3.6363636363636362
2126,3.6363636363636362
2127,3.6363636363636362
2128,3.6363636363636362
2129,3.6363636363636362
2130,3.6363636363636362
2131,3.6363636363636362
2132,3.6363636363636362
2133,3.6363636363636362
2134,3.6363636363636362
2135,3.6363636363636362
2136,3.6363636363636362
2137,3.6363636363636362
2138,3.6363636363636362
2139,3.6363636363636362
2140,3.6363636363636362
2141,3.6363636363636362
2142,3.6363636363636362
2143,3.6363636363636362
2144,3.6363636363636362
2145,3.6363636363636362
2146,3.6363636363636362
2147,3.6363636363636362
2148,3.6363636363636362
2149,3.6363636363636362
2150,3.6363636363636362
2151,3.6363636363636362
2152,3.6363636363636362
2153,3.6363636363636362
2154,3.6363636363636362
2155,3.6363636363636362
2156,3.6363636363636362
2157,3.6363636363636362
2158,3.6363636363636362
2159,3.6363636363636362
2160,3.6363636363636362
2161,3.6363636363636362
2162,3.6363636363636362
2163,3.6363636363636362
2164,3.6363636363636362
2165,3.6363636363636362
2166,3.6363636363636362
2167,3.6363636363636362
2168,3.6363636363636362
2169,3.6363636363636362
2170,3.6363636363636362
2171,3.6363636363636362
2172,3.6363636363636362
2173,3.6363636363636362
2174,3.6363636363636362
2175,3.6363636363636362
2176,3.6363636363636362
2177,3.6363636363636362
2178,3.6363636363636362
2179,3.6363636363636362
2180,3.6363636363636362
2181,3.6363636363636362
2182,3.6363636363636362
2183,3.6363636363636362
2184,3.6363636363636362
2185,3.6363636363636362
2186,3.6363636363636362
2187,3.6363636363636362
2188,3.6363636363636362
2189,3.6363636363636362
2190,3.6363636363636362
2191,3.6363636363636362
2192,3.6363636363636362
2193,3.6363636363636362
2194,3.6363636363636362
2195,3.6363636363636362
2196,3.6363636363636362
2197,3.6363636363636362
2198,3.6363636363636362
2199,3.6363636363636362
2200,3.6363636363636362
2201,3.6363636363636362
2202,3.6363636363636362
2203,3.6363636363636362
2204,3.6363636363636362
2205,3.6363636363636362
2206,3.6363636363636362
2207,3.6363636363636362
2208,3.6363636363636362
2209,3.6363636363636362
2210,3.6363636363636362
2211,3.6363636363636362
2212,3.6363636363636362
2213,3.6363636363636362
2214,3.6363636363636362
2215,3.6363636363636362
2216,3.6363636363636362
2217,3.6363636363636362
2218,3.6363636363636362
2219,3.6363636363636362
2220,3.6363636363636362
2221,3.6363636363636362
2222,3.6363636363636362
2223,3.6363636363636362
2224,3.6363636363636362
2225,3.6363636363636362
2226,3.6363636363636362
2227,3.6363636363636362
2228,3.6363636363636362
2229,3.6363636363636362
2230,3.6363636363636362
2231,3.6363636363636362
2232,3.6363636363636362
2233,3.6363636363636362
2234,3.6363636363636362
2235,3.6363636363636362
2236,3.6363636363636362
2237,3.6363636363636362
2238,3.6363636363636362
2239,3.6363636363636362
2240,3.6363636363636362
2241,3.6363636363636362
2242,3.6363636363636362
2243,3.6363636363636362
2244,3.6363636363636362
2245,3.6363636363636362
2246,3.6363636363636362
2247,3.6363636363636362
2248,3.6363636363636362
2249,3.6363636363636362
2250,3.6363636363636362
2251,3.6363636363636362
2252,3.6363636363636362
2253,3.6363636363636362
2254,3.6363636363636362
2255,3.6363636363636362
2256,3.6363636363636362
2257,3.6363636363636362
2258,3.6363636363636362
2259,3.6363636363636362
2260,3.6363636363636362
2261,3.6363636363636362
2262,3.6363636363636362
2263,3.6363636363636362
2264,3.6363636363636362
2265,3.6363636363636362
2266,3.6363636363636362
2267,3.6363636363636362
2268,3.6363636363636362
2269,3.6363636363636362
2270,3.6363636363636362
2271,3.6363636363636362
2272,3.6363636363636362
2273,3.6363636363636362
2274,3.6363636363636362
2275,3.6363636363636362
2276,3.6363636363636362
2277,3.6363636363636362
2278,3.6363636363636362
2279,3.6363636363636362
2280,3.6363636363636362
2281,3.6363636363636362
2282,3.6363636363636362
2283,3.6363636363636362
2284,3.6363636363636362
2285,3.6363636363636362
2286,3.6363636363636362
2287,3.6363636363636362
2288,3.6363636363636362
2289,3.6363636363636362
2290,3.6363636363636362
2291,3.6363636363636362
2292,3.6363636363636362
2293,3.6363636363636362
2294,3.6363636363636362
2295,3.6363636363636362
2296,3.6363636363636362
2297,3.6363636363636362
2298,3.6363636363636362
2299,3.6363636363636362
2300,3.6363636363636362
2301,3.6363636363636362
2302,3.6363636363636362
2303,3.6363636363636362
2304,3.6363636363636362
2305,3.6363636363636362
2306,3.6363636363636362
2307,3.6363636363636362
2308,3.6363636363636362
2309,3.6363636363636362
2310,3.6363636363636362
2311,3.6363636363636362
2312,3.6363636363636362
2313,3.6363636363636362
2314,3.6363636363636362
2315,3.6363636363636362
2316,3.6363636363636362
2317,3.6363636363636362
2318,3.6363636363636362
2319,3.6363636363636362
2320,3.6363636363636362
2321,3.6363636363636362
2322,3.6363636363636362
2323,3.6363636363636362
2324,3.6363636363636362
2325,3.6363636363636362
2326,3.6363636363636362
2327,3.6363636363636362
2328,3.6363636363636362
2329,3.6363636363636362
2330,3.6363636363636362
2331,3.6363636363636362
2332,3.6363636363636362
2333,3.6363636363636362
2334,3.6363636363636362
2335,3.6363636363636362
2336,3.6363636363636362
2337,3.6363636363636362
2338,3.6363636363636362
2339,3.6363636363636362
2340,3.6363636363636362
2341,3.6363636363636362
2342,3.6363636363636362
2343,3.6363636363636362
2344,3.6363636363636362
2345,3.6363636363636362
2346,3.6363636363636362
2347,3.6363636363636362
2348,3.6363636363636362
2349,3.6363636363636362
2350,3.6363636363636362
2351,3.6363636363636362
2352,3.6363636363636362
2353,3.6363636363636362
2354,3.6363636363636362
2355,3.6363636363636362
2356,3.6363636363636362
2357,3.6363636363636362
2358,3.6363636363636362
2359,3.6363636363636362
2360,3.6363636363636362
2361,3.6363636363636362
2362,3.6363636363636362
2363,3.6363636363636362
2364,3.6363636363636362
2365,3.6363636363636362
2366,3.6363636363636362
2367,3.6363636363636362
2368,3.6363636363636362
2369,3.6363636363636362
2370,3.6363636363636362
2371,3.6363636363636362
2372,3.6363636363636362
2373,3.6363636363636362
2374,3.6363636363636362
2375,3.6363636363636362
2376,3.6363636363636362
2377,3.6363636363636362
2378,3.6363636363636362
2379,3.6363636363636362
2380,3.6363636363636362
2381,3.6363636363636362
2382,3.6363636363636362
2383,3.6363636363636362
2384,3.6363636363636362
2385,3.6363636363636362
2386,3.6363636363636362
2387,3.6363636363636362
2388,3.6363636363636362
2389,3.6363636363636362
2390,3.6363636363636362
2391,3.6363636363636362
2392,3.6363636363636362
2393,3.6363636363636362
2394,3.6363636363636362
2395,3.6363636363636362
2396,3.6363636363636362
2397,3.6363636363636362
2398,3.6363636363636362
2399,3.6363636363636362
2400,3.6363636363636362
2401,3.6363636363636362
2402,3.6363636363636362
2403,3.6363636363636362
2404,3.6363636363636362
2405,3.6363636363636362
2406,3.6363636363636362
2407,3.6363636363636362
2408,3.6363636363636362
2409,3.6363636363636362
2410,3.6363636363636362
2411,3.6363636363636362
2412,3.6363636363636362
2413,3.6363636363636362
2414,3.6363636363636362
2415,3.6363636363636362
2416,3.6363636363636362
2417,3.6363636363636362
2418,3.6363636363636362
2419,3.6363636363636362
2420,3.6363636363636362
2421,3.6363636363636362
2422,3.6363636363636362
2423,3.6363636363636362
2424,3.6363636363636362
2425,3.6363636363636362
2426,3.6363636363636362
2427,3.6363636363636362
2428,3.6363636363636362
2429,3.6363636363636362
2430,3.6363636363636362
2431,3.6363636363636362
2432,3.6363636363636362
2433,3.6363636363636362
2434,3.6363636363636362
2435,3.6363636363636362
2436,3.6363636363636362
2437,3.6363636363636362
2438,3.6363636363636362
2439,3.6363636363636362
2440,3.6363636363636362
2441,3.6363636363636362
2442,3.6363636363636362
2443,3.6363636363636362
2444,3.6363636363636362
2445,3.6363636363636362
2446,3.6363636363636362
2447,3.6363636363636362
2448,3.6363636363636362
2449,3.6363636363636362
2450,3.6363636363636362
2451,3.6363636363636362
2452,3.6363636363636362
2453,3.6363636363636362
2454,3.6363636363636362
2455,3.6363636363636362
2456,3.6363636363636362
2457,3.6363636363636362
2458,3.6363636363636362
2459,3.6363636363636362
2460,3.6363636363636362
2461,3.6363636363636362
2462,3.6363636363636362
2463,3.6363636363636362
2464,3.6363636363636362
2465,3.6363636363636362
2466,3.6363636363636362
2467,3.6363636363636362
2468,3.6363636363636362
2469,3.6363636363636362
2470,3.6363636363636362
2471,3.6363636363636362
2472,3.6363636363636362
2473,3.6363636363636362
2474,3.6363636363636362
2475,3.6363636363636362
2476,3.6363636363636362
2477,3.6363636363636362
2478,3.6363636363636362
2479,3.6363636363636362
2480,3.6363636363636362
2481,3.6363636363636362
2482,3.6363636363636362
2483,3.6363636363636362
2484,3.6363636363636362
2485,3.6363636363636362
2486,3.6363636363636362
2487,3.6363636363636362
2488,3.6363636363636362
2489,3.6363636363636362
2490,3.6363636363636362
2491,3.6363636363636362
2492,3.6363636363636362
2493,3.6363636363636362
2494,3.6363636363636362
2495,3.6363636363636362
2496,3.6363636363636362
2497,3.6363636363636362
2498,3.6363636363636362
2499,3.6363636363636362
2500,3.6363636363636362
2501,3.6363636363636362
2502,3.6363636363636362
2503,3.6363636363636362
2504,3.6363636363636362
2505,3.6363636363636362
2506,3.6363636363636362
2507,3.6363636363636362
2508,3.6363636363636362
2509,3.6363636363636362
2510,3.6363636363636362
2511,3.6363636363636362
2512,3.6363636363636362
2513,3.6363636363636362
2514,3.6363636363636362
2515,3.6363636363636362
2516,3.6363636363636362
2517,3.6363636363636362
2518,3.6363636363636362
2519,3.6363636363636362
2520,3.6363636363636362
2521,3.6363636363636362
2522,3.6363636363636362
2523,3.6363636363636362
2524,3.6363636363636362
2525,3.6363636363636362
2526,3.6363636363636362
2527,3.6363636363636362
2528,3.6363636363636362
2529,3.6363636363636362
2530,3.6363636363636362
2531,3.6363636363636362
2532,3.6363636363636362
2533,3.6363636363636362
2534,3.6363636363636362
2535,3.6363636363636362
2536,3.6363636363636362
2537,3.6363636363636362
2538,3.6363636363636362
2539,3.6363636363636362
2540,3.6363636363636362
2541,3.6363636363636362
2542,3.6363636363636362
2543,3.6363636363636362
2544,3.6363636363636362
2545,3.6363636363636362
2546,3.6363636363636362
2547,3.6363636363636362
2548,3.6363636363636362
2549,3.6363636363636362
2550,3.6363636363636362
2551,3.6363636363636362
2552,3.6363636363636362
2553,3.6363636363636362
2554,3.6363636363636362
2555,3.6363636363636362
2556,3.6363636363636362
2557,3.6363636363636362
2558,3.6363636363636362
2559,3.6363636363636362
2560,3.6363636363636362
2561,3.6363636363636362
2562,3.6363636363636362
2563,3.6363636363636362
2564,3.6363636363636362
2565,3.6363636363636362
2566,3.6363636363636362
2567,3.6363636363636362
2568,3.6363636363636362
2569,3.6363636363636362
2570,3.6363636363636362
2571,3.6363636363636362
2572,3.6363636363636362
2573,3.6363636363636362
2574,3.6363636363636362
2575,3.6363636363636362
2576,3.6363636363636362
2577,3.6363636363636362
2578,3.6363636363636362
2579,3.6363636363636362
2580,3.6363636363636362
2581,3.6363636363636362
2582,3.6363636363636362
2583,3.6363636363636362
2584,3.6363636363636362
2585,3.6363636363636362
2586,3.6363636363636362
2587,3.6363636363636362
2588,3.6363636363636362
2589,3.6363636363636362
2590,3.6363636363636362
2591,3.6363636363636362
2592,3.6363636363636362
2593,3.6363636363636362
2594,3.6363636363636362
2595,3.6363636363636362
2596,3.6363636363636362
2597,3.6363636363636362
2598,3.6363636363636362
2599,3.6363636363636362
2600,3.6363636363636362
2601,3.6363636363636362
2602,3.6363636363636362
2603,3.6363636363636362
2604,3.6363636363636362
2605,3.6363636363636362
2606,3.6363636363636362
2607,3.6363636363636362
2608,3.6363636363636362
2609,3.6363636363636362
2610,3.6363636363636362
2611,3.6363636363636362
2612,3.6363636363636362
2613,3.6363636363636362
2614,3.6363636363636362
2615,3.6363636363636362
2616,3.6363636363636362
2617,3.6363636363636362
2618,3.6363636363636362
2619,3.6363636363636362
2620,3.6363636363636362
2621,3.6363636363636362
2622,3.6363636363636362
2623,3.6363636363636362
2624,3.6363636363636362
2625,3.6363636363636362
2626,3.6363636363636362
2627,3.6363636363636362
2628,3.6363636363636362
2629,3.6363636363636362
2630,3.6363636363636362
2631,3.6363636363636362
2632,3.6363636363636362
2633,3.6363636363636362
2634,3.6363636363636362
2635,3.6363636363636362
2636,3.6363636363636362
2637,3.6363636363636362
2638,3.6363636363636362
2639,3.6363636363636362
2640,3.6363636363636362
2641,3.6363636363636362
2642,3.6363636363636362
2643,3.6363636363636362
2644,3.6363636363636362
2645,3.6363636363636362
2646,3.6363636363636362
2647,3.6363636363636362
2648,3.6363636363636362
2649,3.6363636363636362
2650,3.6363636363636362
2651,3.6363636363636362
2652,3.6363636363636362
2653,3.6363636363636362
2654,3.6363636363636362
2655,3.6363636363636362
2656,3.6363636363636362
2657,3.6363636363636362
2658,3.6363636363636362
2659,3.6363636363636362
2660,3.6363636363636362
2661,3.6363636363636362
2662,3.6363636363636362
2663,3.6363636363636362
2664,3.6363636363636362
2665,3.6363636363636362
2666,3.6363636363636362
2667,3.6363636363636362
2668,3.6363636363636362
2669,3.6363636363636362
2670,3.6363636363636362
2671,3.6363636363636362
2672,3.6363636363636362
2673,3.6363636363636362
2674,3.6363636363636362
2675,3.6363636363636362
2676,3.6363636363636362
2677,3.6363636363636362
2678,3.6363636363636362
2679,3.6363636363636362
2680,3.6363636363636362
2681,3.6363636363636362
2682,3.6363636363636362
2683,3.6363636363636362
2684,3.6363636363636362
2685,3.6363636363636362
2686,3.6363636363636362
2687,3.6363636363636362
2688,3.6363636363636362
2689,3.6363636363636362
2690,3.6363636363636362
2691,3.6363636363636362
2692,3.6363636363636362
2693,3.6363636363636362
2694,3.6363636363636362
2695,3.6363636363636362
2696,3.6363636363636362
2697,3.6363636363636362
2698,3.6363636363636362
2699,3.6363636363636362
2700,3.6363636363636362
2701,3.6363636363636362
2702,3.6363636363636362
2703,3.6363636363636362
2704,3.6363636363636362
2705,3.6363636363636362
2706,3.6363636363636362
2707,3.6363636363636362
2708,3.6363636363636362
2709,3.6363636363636362
2710,3.6363636363636362
2711,3.6363636363636362
2712,3.6363636363636362
2713,3.6363636363636362
2714,3.6363636363636362
2715,3.6363636363636362
2716,3.6363636363636362
2717,3.6363636363636362
2718,3.6363636363636362
2719,3.6363636363636362
2720,3.6363636363636362
2721,3.6363636363636362
2722,3.6363636363636362
2723,3.6363636363636362
2724,3.6363636363636362
2725,3.6363636363636362
2726,3.6363636363636362
2727,3.6363636363636362
2728,3.6363636363636362
2729,3.6363636363636362
2730,3.6363636363636362
2731,3.6363636363636362
2732,3.6363636363636362
2733,3.6363636363636362
2734,3.6363636363636362
2735,3.6363636363636362
2736,3.6363636363636362
2737,3.6363636363636362
2738,3.6363636363636362
2739,3.6363636363636362
2740,3.6363636363636362
2741,3.6363636363636362
2742,3.6363636363636362
2743,3.6363636363636362
2744,3.6363636363636362
2745,3.6363636363636362
2746,3.6363636363636362
2747,3.6363636363636362
2748,3.6363636363636362
2749,3.6363636363636362
2750,3.6363636363636362
2751,3.6363636363636362
2752,3.6363636363636362
2753,3.6363636363636362
2754,3.6363636363636362
2755,3.6363636363636362
2756,3.6363636363636362
2757,3.6363636363636362
2758,3.6363636363636362
2759,3.6363636363636362
2760,3.6363636363636362
2761,3.6363636363636362
2762,3.6363636363636362
2763,3.6363636363636362
2764,3.6363636363636362
2765,3.6363636363636362
2766,3.6363636363636362
2767,3.6363636363636362
2768,3.6363636363636362
2769,3.6363636363636362
2770,3.6363636363636362
2771,3.6363636363636362
2772,3.6363636363636362
2773,3.6363636363636362
2774,3.6363636363636362
2775,3.6363636363636362
2776,3.6363636363636362
2777,3.6363636363636362
2778,3.6363636363636362
2779,3.6363636363636362
2780,3.6363636363636362
2781,3.6363636363636362
2782,3.6363636363636362
2783,3.6363636363636362
2784,3.6363636363636362
2785,3.6363636363636362
2786,3.6363636363636362
2787,3.6363636363636362
2788,3.6363636363636362
2789,3.6363636363636362
2790,3.6363636363636362
2791,3.6363636363636362
2792,3.6363636363636362
2793,3.6363636363636362
2794,3.6363636363636362
2795,3.6363636363636362
2796,3.6363636363636362
2797,3.6363636363636362
2798,3.6363636363636362
2799,3.6363636363636362
2800,3.6363636363636362
2801,3.6363636363636362
2802,3.6363636363636362
2803,3.6363636363636362
2804,3.6363636363636362
2805,3.6363636363636362
2806,3.6363636363636362
2807,3.6363636363636362
2808,3.6363636363636362
2809,3.6363636363636362
2810,3.6363636363636362
2811,3.6363636363636362
2812,3.6363636363636362
2813,3.6363636363636362
2814,3.6363636363636362
2815,3.6363636363636362
2816,3.6363636363636362
2817,3.6363636363636362
2818,3.6363636363636362
2819,3.6363636363636362
2820,3.6363636363636362
2821,3.6363636363636362
2822,3.6363636363636362
2823,3.6363636363636362
2824,3.6363636363636362
2825,3.6363636363636362
2826,3.6363636363636362
2827,3.6363636363636362
2828,3.6363636363636362
2829,3.6363636363636362
2830,3.6363636363636362
2831,3.6363636363636362
2832,3.6363636363636362
2833,3.6363636363636362
2834,3.6363636363636362
2835,3.6363636363636362
2836,3.6363636363636362
2837,3.6363636363636362
2838,3.6363636363636362
2839,3.6363636363636362
2840,3.6363636363636362
2841,3.6363636363636362
2842,3.6363636363636362
2843,3.6363636363636362
2844,3.6363636363636362
2845,3.6363636363636362
2846,3.6363636363636362
2847,3.6363636363636362
2848,3.6363636363636362
2849,3.6363636363636362
2850,3.6363636363636362
2851,3.6363636363636362
2852,3.6363636363636362
2853,3.6363636363636362
2854,3.6363636363636362
2855,3.6363636363636362
2856,3.6363636363636362
2857,3.6363636363636362
2858,3.6363636363636362
2859,3.6363636363636362
2860,3.6363636363636362
2861,3.6363636363636362
2862,3.6363636363636362
2863,3.6363636363636362
2864,3.6363636363636362
2865,3.6363636363636362
2866,3.6363636363636362
2867,3.6363636363636362
2868,3.6363636363636362
2869,3.6363636363636362
2870,3.6363636363636362
2871,3.6363636363636362
2872,3.6363636363636362
2873,3.6363636363636362
2874,3.6363636363636362
2875,3.6363636363636362
2876,3.6363636363636362
2877,3.6363636363636362
2878,3.6363636363636362
2879,3.6363636363636362
2880,3.6363636363636362
2881,3.6363636363636362
2882,3.6363636363636362
2883,3.6363636363636362
2884,3.6363636363636362
2885,3.6363636363636362
2886,3.6363636363636362
2887,3.6363636363636362
2888,3.6363636363636362
2889,3.6363636363636362
2890,3.6363636363636362
2891,3.6363636363636362
2892,3.6363636363636362
2893,3.6363636363636362
2894,3.6363636363636362
2895,3.6363636363636362
2896,3.6363636363636362
2897,3.6363636363636362
2898,3.6363636363636362
2899,3.6363636363636362
2900,3.6363636363636362
2901,3.6363636363636362
2902,3.6363636363636362
2903,3.6363636363636362
2904,3.6363636363636362
2905,3.6363636363636362
2906,3.6363636363636362
2907,3.6363636363636362
2908,3.6363636363636362
2909,3.6363636363636362
2910,3.6363636363636362
2911,3.6363636363636362
2912,3.6363636363636362
2913,3.6363636363636362
2914,3.6363636363636362
2915,3.6363636363636362
2916,3.6363636363636362
2917,3.6363636363636362
2918,3.6363636363636362
2919,3.6363636363636362
2920,3.6363636363636362
2921,3.6363636363636362
2922,3.6363636363636362
2923,3.6363636363636362
2924,3.6363636363636362
2925,3.6363636363636362
2926,3.6363636363636362
2927,3.6363636363636362
2928,3.6363636363636362
2929,3.6363636363636362
2930,3.6363636363636362
2931,3.6363636363636362
2932,3.6363636363636362
2933,3.6363636363636362
2934,3.6363636363636362
2935,3.6363636363636362
2936,3.6363636363636362
2937,3.6363636363636362
2938,3.6363636363636362
2939,3.6363636363636362
2940,3.6363636363636362
2941,3.6363636363636362
2942,3.6363636363636362
2943,3.6363636363636362
2944,3.6363636363636362
2945,3.6363636363636362
2946,3.6363636363636362
2947,3.6363636363636362
2948,3.6363636363636362
2949,3.6363636363636362
2950,3.6363636363636362
2951,3.6363636363636362
2952,3.6363636363636362
2953,3.6363636363636362
2954,3.6363636363636362
2955,3.6363636363636362
2956,3.6363636363636362
2957,3.6363636363636362
2958,3.6363636363636362
2959,3.6363636363636362
2960,3.6363636363636362
2961,3.6363636363636362
2962,3.6363636363636362
2963,3.6363636363636362
2964,3.6363636363636362
2965,3.6363636363636362
2966,3.6363636363636362
2967,3.6363636363636362
2968,3.6363636363636362
2969,3.6363636363636362
2970,3.6363636363636362
2971,3.6363636363636362
2972,3.6363636363636362
2973,3.6363636363636362
2974,3.6363636363636362
2975,3.6363636363636362
2976,3.6363636363636362
2977,3.6363636363636362
2978,3.6363636363636362
2979,3.6363636363636362
2980,3.6363636363636362
2981,3.6363636363636362
2982,3.6363636363636362
2983,3.6363636363636362
2984,3.6363636363636362
2985,3.6363636363636362
2986,3.6363636363636362
2987,3.6363636363636362
2988,3.6363636363636362
2989,3.6363636363636362
2990,3.6363636363636362
2991,3.6363636363636362
2992,3.6363636363636362
2993,3.6363636363636362
2994,3.6363636363636362
2995,3.6363636363636362
2996,3.6363636363636362
2997,3.6363636363636362
2998,3.6363636363636362
2999,3.6363636363636362
3000,3.6363636363636362
3001,3.6363636363636362
3002,3.6363636363636362
3003,3.6363636363636362
3004,3.6363636363636362
3005,3.6363636363636362
3006,3.6363636363636362
3007,3.6363636363636362
3008,3.6363636363636362
3009,3.6363636363636362
3010,3.6363636363636362
3011,3.6363636363636362
3012,3.6363636363636362
3013,3.6363636363636362
3014,3.6363636363636362
3015,3.6363636363636362
3016,3.6363636363636362
3017,3.6363636363636362
3018,3.6363636363636362
3019,3.6363636363636362
3020,3.6363636363636362
3021,3.6363636363636362
3022,3.6363636363636362
3023,3.6363636363636362
3024,3.6363636363636362
3025,3.6363636363636362
3026,3.6363636363636362
3027,3.6363636363636362
3028,3.6363636363636362
3029,3.6363636363636362
3030,3.6363636363636362
3031,3.6363636363636362
3032,3.6363636363636362
3033,3.6363636363636362
3034,3.6363636363636362
3035,3.6363636363636362
3036,3.6363636363636362
3037,3.6363636363636362
3038,3.6363636363636362
3039,3.6363636363636362
3040,3.6363636363636362
3041,3.6363636363636362
3042,3.6363636363636362
3043,3.6363636363636362
3044,3.6363636363636362
3045,3.6363636363636362
3046,3.6363636363636362
3047,3.6363636363636362
3048,3.6363636363636362
3049,3.6363636363636362
3050,3.6363636363636362
3051,3.6363636363636362
3052,3.6363636363636362
3053,3.6363636363636362
3054,3.6363636363636362
3055,3.6363636363636362
3056,3.6363636363636362
3057,3.6363636363636362
3058,3.6363636363636362
3059,3.6363636363636362
3060,3.6363636363636362
3061,3.6363636363636362
3062,3.6363636363636362
3063,3.6363636363636362
3064,3.6363636363636362
3065,3.6363636363636362
3066,3.6363636363636362
3067,3.6363636363636362
3068,3.6363636363636362
3069,3.6363636363636362
3070,3.6363636363636362
3071,3.6363636363636362
3072,3.6363636363636362
3073,3.6363636363636362
3074,3.6363636363636362
3075,3.6363636363636362
3076,3.6363636363636362
3077,3.6363636363636362
3078,3.6363636363636362
3079,3.6363636363636362
3080,3.6363636363636362
3081,3.6363636363636362
3082,3.6363636363636362
3083,3.6363636363636362
3084,3.6363636363636362
3085,3.6363636363636362
3086,3.6363636363636362
3087,3.6363636363636362
3088,3.6363636363636362
3089,3.6363636363636362
3090,3.6363636363636362
3091,3.6363636363636362
3092,3.6363636363636362
3093,3.6363636363636362
3094,3.6363636363636362
3095,3.6363636363636362
3096,3.6363636363636362
3097,3.6363636363636362
3098,3.6363636363636362
3099,3.6363636363636362
3100,3.6363636363636362
3101,3.6363636363636362
3102,3.6363636363636362
3103,3.6363636363636362
3104,3.6363636363636362
3105,3.6363636363636362
3106,3.6363636363636362
3107,3.6363636363636362
3108,3.6363636363636362
3109,3.6363636363636362
3110,3.6363636363636362
3111,3.6363636363636362
3112,3.6363636363636362
3113,3.6363636363636362
3114,3.6363636363636362
3115,3.6363636363636362
3116,3.6363636363636362
3117,3.6363636363636362
3118,3.6363636363636362
3119,3.6363636363636362
3120,3.6363636363636362
3121,3.6363636363636362
3122,3.6363636363636362
3123,3.6363636363636362
3124,3.6363636363636362
3125,3.6363636363636362
3126,3.6363636363636362
3127,3.6363636363636362
3128,3.6363636363636362
3129,3.6363636363636362
3130,3.6363636363636362
3131,3.6363636363636362
3132,3.6363636363636362
3133,3.6363636363636362
3134,3.6363636363636362
3135,3.6363636363636362
3136,3.6363636363636362
3137,3.6363636363636362
3138,3.6363636363636362
3139,3.6363636363636362
3140,3.6363636363636362
3141,3.6363636363636362
3142,3.6363636363636362
3143,3.6363636363636362
3144,3.6363636363636362
3145,3.6363636363636362
3146,3.6363636363636362
3147,3.6363636363636362
3148,3.6363636363636362
3149,3.6363636363636362
3150,3.6363636363636362
3151,3.6363636363636362
3152,3.6363636363636362
3153,3.6363636363636362
3154,3.6363636363636362
3155,3.6363636363636362
3156,3.6363636363636362
3157,3.6363636363636362
3158,3.6363636363636362
3159,3.6363636363636362
3160,3.6363636363636362
3161,3.6363636363636362
3162,3.6363636363636362
3163,3.6363636363636362
3164,3.6363636363636362
3165,3.6363636363636362
3166,3.6363636363636362
3167,3.6363636363636362
3168,3.6363636363636362
3169,3.6363636363636362
3170,3.6363636363636362
3171,3.6363636363636362
3172,3.6363636363636362
3173,3.6363636363636362
3174,3.6363636363636362
3175,3.6363636363636362
3176,3.6363636363636362
3177,3.6363636363636362
3178,3.6363636363636362
3179,3.6363636363636362
3180,3.6363636363636362
3181,3.6363636363636362
3182,3.6363636363636362
3183,3.6363636363636362
3184,3.6363636363636362
3185,3.6363636363636362
3186,3.6363636363636362
3187,3.6363636363636362
3188,3.6363636363636362
3189,3.6363636363636362
3190,3.6363636363636362
3191,3.6363636363636362
3192,3.6363636363636362
3193,3.6363636363636362
3194,3.6363636363636362
3195,3.6363636363636362
3196,3.6363636363636362
3197,3.6363636363636362
3198,3.6363636363636362
3199,3.6363636363636362
3200,3.6363636363636362
3201,3.6363636363636362
3202,3.6363636363636362
3203,3.6363636363636362
3204,3.6363636363636362
3205,3.6363636363636362
3206,3.6363636363636362
3207,3.6363636363636362
3208,3.6363636363636362
3209,3.6363636363636362
3210,3.6363636363636362
3211,3.6363636363636362
3212,3.6363636363636362
3213,3.6363636363636362
3214,3.6363636363636362
3215,3.6363636363636362
3216,3.6363636363636362
3217,3.6363636363636362
3218,3.6363636363636362
3219,3.6363636363636362
3220,3.6363636363636362
3221,3.6363636363636362
3222,3.6363636363636362
3223,3.6363636363636362
3224,3.6363636363636362
3225,3.6363636363636362
3226,3.6363636363636362
3227,3.6363636363636362
3228,3.6363636363636362
3229,3.6363636363636362
3230,3.6363636363636362
3231,3.6363636363636362
3232,3.6363636363636362
3233,3.6363636363636362
3234,3.6363636363636362
3235,3.6363636363636362
3236,3.6363636363636362
3237,3.6363636363636362
3238,3.6363636363636362
3239,3.6363636363636362
3240,3.6363636363636362
3241,3.6363636363636362
3242,3.6363636363636362
3243,3.6363636363636362
3244,3.6363636363636362
3245,3.6363636363636362
3246,3.6363636363636362
3247,3.6363636363636362
3248,3.6363636363636362
3249,3.6363636363636362
3250,3.6363636363636362
3251,3.6363636363636362
3252,3.6363636363636362
3253,3.6363636363636362
3254,3.6363636363636362
3255,3.6363636363636362
3256,3.6363636363636362
3257,3.6363636363636362
3258,3.6363636363636362
3259,3.6363636363636362
3260,3.6363636363636362
3261,3.6363636363636362
3262,3.6363636363636362
3263,3.6363636363636362
3264,3.6363636363636362
3265,3.6363636363636362
3266,3.6363636363636362
3267,3.6363636363636362
3268,3.6363636363636362
3269,3.6363636363636362
3270,3.6363636363636362
3271,3.6363636363636362
3272,3.6363636363636362
3273,3.6363636363636362
3274,3.6363636363636362
3275,3.6363636363636362
3276,3.6363636363636362
3277,3.6363636363636362
3278,3.6363636363636362
3279,3.6363636363636362
3280,3.6363636363636362
3281,3.6363636363636362
3282,3.6363636363636362
3283,3.6363636363636362
3284,3.6363636363636362
3285,3.6363636363636362
3286,3.6363636363636362
3287,3.6363636363636362
3288,3.6363636363636362
3289,3.6363636363636362
3290,3.6363636363636362
3291,3.6363636363636362
3292,3.6363636363636362
3293,3.6363636363636362
3294,3.6363636363636362
3295,3.6363636363636362
3296,3.6363636363636362
3297,3.6363636363636362
3298,3.6363636363636362
3299,3.6363636363636362
3300,3.6363636363636362
3301,3.6363636363636362
3302,3.6363636363636362
3303,3.6363636363636362
3304,3.6363636363636362
3305,3.6363636363636362
3306,3.6363636363636362
3307,3.6363636363636362
3308,3.6363636363636362
3309,3.6363636363636362
3310,3.6363636363636362
3311,3.6363636363636362
3312,3.6363636363636362
3313,3.6363636363636362
3314,3.6363636363636362
3315,3.6363636363636362
3316,3.6363636363636362
3317,3.6363636363636362
3318,3.6363636363636362
3319,3.6363636363636362
3320,3.6363636363636362
3321,3.6363636363636362
3322,3.6363636363636362
3323,3.6363636363636362
3324,3.6363636363636362
3325,3.6363636363636362
3326,3.6363636363636362
3327,3.6363636363636362
3328,3.6363636363636362
3329,3.6363636363636362
3330,3.6363636363636362
3331,3.6363636363636362
3332,3.6363636363636362
3333,3.6363636363636362
3334,3.6363636363636362
3335,3.6363636363636362
3336,3.6363636363636362
3337,3.6363636363636362
3338,3.6363636363636362
3339,3.6363636363636362
3340,3.6363636363636362
3341,3.6363636363636362
3342,3.6363636363636362
3343,3.6363636363636362
3344,3.6363636363636362
3345,3.6363636363636362
3346,3.6363636363636362
3347,3.6363636363636362
3348,3.6363636363636362
3349,3.6363636363636362
3350,3.6363636363636362
3351,3.6363636363636362
3352,3.6363636363636362
3353,3.6363636363636362
3354,3.6363636363636362
3355,3.6363636363636362
3356,3.6363636363636362
3357,3.6363636363636362
3358,3.6363636363636362
3359,3.6363636363636362
3360,3.6363636363636362
3361,3.6363636363636362
3362,3.6363636363636362
3363,3.6363636363636362
3364,3.6363636363636362
3365,3.6363636363636362
3366,3.6363636363636362
3367,3.6363636363636362
3368,3.6363636363636362
3369,3.6363636363636362
3370,3.6363636363636362
3371,3.6363636363636362
3372,3.6363636363636362
3373,3.6363636363636362
3374,3.6363636363636362
3375,3.6363636363636362
3376,3.6363636363636362
3377,3.6363636363636362
3378,3.6363636363636362
3379,3.6363636363636362
3380,3.6363636363636362
3381,3.6363636363636362
3382,3.6363636363636362
3383,3.6363636363636362
3384,3.6363636363636362
3385,3.6363636363636362
3386,3.6363636363636362
3387,3.6363636363636362
3388,3.6363636363636362
3389,3.6363636363636362
3390,3.6363636363636362
3391,3.6363636363636362
3392,3.6363636363636362
3393,3.6363636363636362
3394,3.6363636363636362
3395,3.6363636363636362
3396,3.6363636363636362
3397,3.6363636363636362
3398,3.6363636363636362
3399,3.6363636363636362
3400,3.6363636363636362
3401,3.6363636363636362
3402,3.6363636363636362
3403,3.6363636363636362
3404,3.6363636363636362
3405,3.6363636363636362
3406,3.6363636363636362
3407,3.6363636363636362
3408,3.6363636363636362
3409,3.6363636363636362
3410,3.6363636363636362
3411,3.6363636363636362
3412,3.6363636363636362
3413,3.6363636363636362
3414,3.6363636363636362
3415,3.6363636363636362
3416,3.6363636363636362
3417,3.6363636363636362
3418,3.6363636363636362
3419,3.6363636363636362
3420,3.6363636363636362
3421,3.6363636363636362
3422,3.6363636363636362
3423,3.6363636363636362
3424,3.6363636363636362
3425,3.6363636363636362
3426,3.6363636363636362
3427,3.6363636363636362
3428,3.6363636363636362
3429,3.6363636363636362
3430,3.6363636363636362
3431,3.6363636363636362
3432,3.6363636363636362
3433,3.6363636363636362
3434,3.6363636363636362
3435,3.6363636363636362
3436,3.6363636363636362
3437,3.6363636363636362
3438,3.6363636363636362
3439,3.6363636363636362
3440,3.6363636363636362
3441,3.6363636363636362
3442,3.6363636363636362
3443,3.6363636363636362
3444,3.6363636363636362
3445,3.6363636363636362
3446,3.6363636363636362
3447,3.6363636363636362
3448,3.6363636363636362
3449,3.6363636363636362
3450,3.6363636363636362
3451,3.6363636363636362
3452,3.6363636363636362
3453,3.6363636363636362
3454,3.6363636363636362
3455,3.6363636363636362
3456,3.6363636363636362
3457,3.6363636363636362
3458,3.6363636363636362
3459,3.6363636363636362
3460,3.6363636363636362
3461,3.6363636363636362
3462,3.6363636363636362
3463,3.6363636363636362
3464,3.6363636363636362
3465,3.6363636363636362
3466,3.6363636363636362
3467,3.6363636363636362
3468,3.6363636363636362
3469,3.6363636363636362
3470,3.6363636363636362
3471,3.6363636363636362
3472,3.6363636363636362
3473,3.6363636363636362
3474,3.6363636363636362
3475,3.6363636363636362
3476,3.6363636363636362
3477,3.6363636363636362
3478,3.6363636363636362
3479,3.6363636363636362
3480,3.6363636363636362
3481,3.6363636363636362
3482,3.6363636363636362
3483,3.6363636363636362
3484,3.6363636363636362
3485,3.6363636363636362
3486,3.6363636363636362
3487,3.6363636363636362
3488,3.6363636363636362
3489,3.6363636363636362
3490,3.6363636363636362
3491,3.6363636363636362
3492,3.6363636363636362
3493,3.6363636363636362
3494,3.6363636363636362
3495,3.6363636363636362
3496,3.6363636363636362
3497,3.6363636363636362
3498,3.6363636363636362
3499,3.6363636363636362
3500,3.6363636363636362
3501,3.6363636363636362
3502,3.6363636363636362
3503,3.6363636363636362
3504,3.6363636363636362
3505,3.6363636363636362
3506,3.6363636363636362
3507,3.6363636363636362
3508,3.6363636363636362
3509,3.6363636363636362
3510,3.6363636363636362
3511,3.6363636363636362
3512,3.6363636363636362
3513,3.6363636363636362
3514,3.6363636363636362
3515,3.6363636363636362
3516,3.6363636363636362
3517,3.6363636363636362
3518,3.6363636363636362
3519,3.6363636363636362
3520,3.6363636363636362
3521,3.6363636363636362
3522,3.6363636363636362
3523,3.6363636363636362
3524,3.6363636363636362
3525,3.6363636363636362
3526,3.6363636363636362
3527,3.6363636363636362
3528,3.6363636363636362
3529,3.6363636363636362
3530,3.6363636363636362
3531,3.6363636363636362
3532,3.6363636363636362
3533,3.6363636363636362
3534,3.6363636363636362
3535,3.6363636363636362
3536,3.6363636363636362
3537,3.6363636363636362
3538,3.6363636363636362
3539,3.6363636363636362
3540,3.6363636363636362
3541,3.6363636363636362
3542,3.6363636363636362
3543,3.6363636363636362
3544,3.6363636363636362
3545,3.6363636363636362
3546,3.6363636363636362
3547,3.6363636363636362
3548,3.6363636363636362
3549,3.6363636363636362
3550,3.6363636363636362
3551,3.6363636363636362
3552,3.6363636363636362
3553,3.6363636363636362
3554,3.6363636363636362
3555,3.6363636363636362
3556,3.6363636363636362
3557,3.6363636363636362
3558,3.6363636363636362
3559,3.6363636363636362
3560,3.6363636363636362
3561,3.6363636363636362
3562,3.6363636363636362
3563,3.6363636363636362
3564,3.6363636363636362
3565,3.6363636363636362
3566,3.6363636363636362
3567,3.6363636363636362
3568,3.6363636363636362
3569,3.6363636363636362
3570,3.6363636363636362
3571,3.6363636363636362
3572,3.6363636363636362
3573,3.6363636363636362
3574,3.6363636363636362
3575,3.6363636363636362
3576,3.6363636363636362
3577,3.6363636363636362
3578,3.6363636363636362
3579,3.6363636363636362
3580,3.6363636363636362
3581,3.6363636363636362
3582,3.6363636363636362
3583,3.6363636363636362
3584,3.6363636363636362
3585,3.6363636363636362
3586,3.6363636363636362
3587,3.6363636363636362
3588,3.6363636363636362
3589,3.6363636363636362
3590,3.6363636363636362
3591,3.6363636363636362
3592,3.6363636363636362
3593,3.6363636363636362
3594,3.6363636363636362
3595,3.6363636363636362
3596,3.6363636363636362
3597,3.6363636363636362
3598,3.6363636363636362
3599,3.6363636363636362
3600,3.6363636363636362
3601,3.6363636363636362
3602,3.6363636363636362
3603,3.6363636363636362
3604,3.6363636363636362
3605,3.6363636363636362
3606,3.6363636363636362
3607,3.6363636363636362
3608,3.6363636363636362
3609,3.6363636363636362
3610,3.6363636363636362
3611,3.6363636363636362
3612,3.6363636363636362
3613,3.6363636363636362
3614,3.6363636363636362
3615,3.6363636363636362
3616,3.6363636363636362
3617,3.6363636363636362
3618,3.6363636363636362
3619,3.6363636363636362
3620,3.6363636363636362
3621,3.6363636363636362
3622,3.6363636363636362
3623,3.6363636363636362
3624,3.6363636363636362
3625,3.6363636363636362
3626,3.6363636363636362
3627,3.6363636363636362
3628,3.6363636363636362
3629,3.6363636363636362
3630,3.6363636363636362
3631,3.6363636363636362
3632,3.6363636363636362
3633,3.6363636363636362
3634,3.6363636363636362
3635,3.6363636363636362
3636,3.6363636363636362
3637,3.6363636363636362
3638,3.6363636363636362
3639,3.6363636363636362
3640,3.6363636363636362
3641,3.6363636363636362
3642,3.6363636363636362
3643,3.6363636363636362
3644,3.6363636363636362
3645,3.6363636363636362
3646,3.6363636363636362
3647,3.6363636363636362
3648,3.6363636363636362
3649,3.6363636363636362
3650,3.6363636363636362
3651,3.6363636363636362
3652,3.6363636363636362
3653,3.6363636363636362
3654,3.6363636363636362
3655,3.6363636363636362
3656,3.6363636363636362
3657,3.6363636363636362
3658,3.6363636363636362
3659,3.6363636363636362
3660,3.6363636363636362
3661,3.6363636363636362
3662,3.6363636363636362
3663,3.6363636363636362
3664,3.6363636363636362
3665,3.6363636363636362
3666,3.6363636363636362
3667,3.6363636363636362
3668,3.6363636363636362
3669,3.6363636363636362
3670,3.6363636363636362
3671,3.6363636363636362
3672,3.6363636363636362
3673,3.6363636363636362
3674,3.6363636363636362
3675,3.6363636363636362
3676,3.6363636363636362
3677,3.6363636363636362
3678,3.6363636363636362
3679,3.6363636363636362
3680,3.6363636363636362
3681,3.6363636363636362
3682,3.6363636363636362
3683,3.6363636363636362
3684,3.6363636363636362
3685,3.6363636363636362
3686,3.6363636363636362
3687,3.6363636363636362
3688,3.6363636363636362
3689,3.6363636363636362
3690,3.6363636363636362
3691,3.6363636363636362
3692,3.6363636363636362
3693,3.6363636363636362
3694,3.6363636363636362
3695,3.6363636363636362
3696,3.6363636363636362
3697,3.6363636363636362
3698,3.6363636363636362
3699,3.6363636363636362
3700,3.6363636363636362
3701,3.6363636363636362
3702,3.6363636363636362
3703,3.6363636363636362
3704,3.6363636363636362
3705,3.6363636363636362
3706,3.6363636363636362
3707,3.6363636363636362
3708,3.6363636363636362
3709,3.6363636363636362
3710,3.6363636363636362
3711,3.6363636363636362
3712,3.6363636363636362
3713,3.6363636363636362
3714,3.6363636363636362
3715,3.6363636363636362
3716,3.6363636363636362
3717,3.6363636363636362
3718,3.6363636363636362
3719,3.6363636363636362
3720,3.6363636363636362
3721,3.6363636363636362
3722,3.6363636363636362
3723,3.6363636363636362
3724,3.6363636363636362
3725,3.6363636363636362
3726,3.6363636363636362
3727,3.6363636363636362
3728,3.6363636363636362
3729,3.6363636363636362
3730,3.6363636363636362
3731,3.6363636363636362
3732,3.6363636363636362
3733,3.6363636363636362
3734,3.6363636363636362
3735,3.6363636363636362
3736,3.6363636363636362
3737,3.6363636363636362
3738,3.6363636363636362
3739,3.6363636363636362
3740,3.6363636363636362
3741,3.6363636363636362
3742,3.6363636363636362
3743,3.6363636363636362
3744,3.6363636363636362
3745,3.6363636363636362
3746,3.6363636363636362
3747,3.6363636363636362
3748,3.6363636363636362
3749,3.6363636363636362
3750,3.6363636363636362
3751,3.6363636363636362
3752,3.6363636363636362
3753,3.6363636363636362
3754,3.6363636363636362
3755,3.6363636363636362
3756,3.6363636363636362
3757,3.6363636363636362
3758,3.6363636363636362
3759,3.6363636363636362
3760,3.6363636363636362
3761,3.6363636363636362
3762,3.6363636363636362
3763,3.6363636363636362
3764,3.6363636363636362
3765,3.6363636363636362
3766,3.6363636363636362
3767,3.6363636363636362
3768,3.6363636363636362
3769,3.6363636363636362
3770,3.6363636363636362
3771,3.6363636363636362
3772,3.6363636363636362
3773,3.6363636363636362
3774,3.6363636363636362
3775,3.6363636363636362
3776,3.6363636363636362
3777,3.6363636363636362
3778,3.6363636363636362
3779,3.6363636363636362
3780,3.6363636363636362
3781,3.6363636363636362
3782,3.6363636363636362
3783,3.6363636363636362
3784,3.6363636363636362
3785,3.6363636363636362
3786,3.6363636363636362
3787,3.6363636363636362
3788,3.6363636363636362
3789,3.6363636363636362
3790,3.6363636363636362
3791,3.6363636363636362
3792,3.6363636363636362
3793,3.6363636363636362
3794,3.6363636363636362
3795,3.6363636363636362
3796,3.6363636363636362
3797,3.6363636363636362
3798,3.6363636363636362
3799,3.6363636363636362
3800,3.6363636363636362
3801,3.6363636363636362
3802,3.6363636363636362
3803,3.6363636363636362
3804,3.6363636363636362
3805,3.6363636363636362
3806,3.6363636363636362
3807,3.6363636363636362
3808,3.6363636363636362
3809,3.6363636363636362
3810,3.6363636363636362
3811,3.6363636363636362
3812,3.6363636363636362
3813,3.6363636363636362
3814,3.6363636363636362
3815,3.6363636363636362
3816,3.6363636363636362
3817,3.6363636363636362
3818,3.6363636363636362
3819,3.6363636363636362
3820,3.6363636363636362
3821,3.6363636363636362
3822,3.6363636363636362
3823,3.6363636363636362
3824,3.6363636363636362
3825,3.6363636363636362
3826,3.6363636363636362
3827,3.6363636363636362
3828,3.6363636363636362
3829,3.6363636363636362
3830,3.6363636363636362
3831,3.6363636363636362
3832,3.6363636363636362
3833,3.6363636363636362
3834,3.6363636363636362
3835,3.6363636363636362
3836,3.6363636363636362
3837,3.6363636363636362
3838,3.6363636363636362
3839,3.6363636363636362
3840,3.6363636363636362
3841,3.6363636363636362
3842,3.6363636363636362
3843,3.6363636363636362
3844,3.6363636363636362
3845,3.6363636363636362
3846,3.6363636363636362
3847,3.6363636363636362
3848,3.6363636363636362
3849,3.6363636363636362
3850,3.6363636363636362
3851,3.6363636363636362
3852,3.6363636363636362
3853,3.6363636363636362
3854,3.6363636363636362
3855,3.6363636363636362
3856,3.6363636363636362
3857,3.6363636363636362
3858,3.6363636363636362
3859,3.6363636363636362
3860,3.6363636363636362
3861,3.6363636363636362
3862,3.6363636363636362
3863,3.6363636363636362
3864,3.6363636363636362
3865,3.6363636363636362
3866,3.6363636363636362
3867,3.6363636363636362
3868,3.6363636363636362
3869,3.6363636363636362
3870,3.6363636363636362
3871,3.6363636363636362
3872,3.6363636363636362
3873,3.6363636363636362
3874,3.6363636363636362
3875,3.6363636363636362
3876,3.6363636363636362
3877,3.6363636363636362
3878,3.6363636363636362
3879,3.6363636363636362
3880,3.6363636363636362
3881,3.6363636363636362
3882,3.6363636363636362
3883,3.6363636363636362
3884,3.6363636363636362
3885,3.6363636363636362
3886,3.6363636363636362
3887,3.6363636363636362
3888,3.6363636363636362
3889,3.6363636363636362
3890,3.6363636363636362
3891,3.6363636363636362
3892,3.6363636363636362
3893,3.6363636363636362
3894,3.6363636363636362
3895,3.6363636363636362
3896,3.6363636363636362
3897,3.6363636363636362
3898,3.6363636363636362
3899,3.6363636363636362
3900,3.6363636363636362
3901,3.6363636363636362
3902,3.6363636363636362
3903,3.6363636363636362
3904,3.6363636363636362
3905,3.6363636363636362
3906,3.6363636363636362
3907,3.6363636363636362
3908,3.6363636363636362
3909,3.6363636363636362
3910,3.6363636363636362
3911,3.6363636363636362
3912,3.6363636363636362
3913,3.6363636363636362
3914,3.6363636363636362
3915,3.6363636363636362
3916,3.6363636363636362
3917,3.6363636363636362
3918,3.6363636363636362
3919,3.6363636363636362
3920,3.6363636363636362
3921,3.6363636363636362
3922,3.6363636363636362
3923,3.6363636363636362
3924,3.6363636363636362
3925,3.6363636363636362
3926,3.6363636363636362
3927,3.6363636363636362
3928,3.6363636363636362
3929,3.6363636363636362
3930,3.6363636363636362
3931,3.6363636363636362
3932,3.6363636363636362
3933,3.6363636363636362
3934,3.6363636363636362
3935,3.6363636363636362
3936,3.6363636363636362
3937,3.6363636363636362
3938,3.6363636363636362
3939,3.6363636363636362
3940,3.6363636363636362
3941,3.6363636363636362
3942,3.6363636363636362
3943,3.6363636363636362
3944,3.6363636363636362
3945,3.6363636363636362
3946,3.6363636363636362
3947,3.6363636363636362
3948,3.6363636363636362
3949,3.6363636363636362
3950,3.6363636363636362
3951,3.6363636363636362
3952,3.6363636363636362
3953,3.6363636363636362
3954,3.6363636363636362
3955,3.6363636363636362
3956,3.6363636363636362
3957,3.6363636363636362
3958,3.6363636363636362
3959,3.6363636363636362
3960,3.6363636363636362
3961,3.6363636363636362
3962,3.6363636363636362
3963,3.6363636363636362
3964,3.6363636363636362
3965,3.6363636363636362
3966,3.6363636363636362
3967,3.6363636363636362
3968,3.6363636363636362
3969,3.6363636363636362
3970,3.6363636363636362
3971,3.6363636363636362
3972,3.6363636363636362
3973,3.6363636363636362
3974,3.6363636363636362
3975,3.6363636363636362
3976,3.6363636363636362
3977,3.6363636363636362
3978,3.6363636363636362
3979,3.6363636363636362
3980,3.6363636363636362
3981,3.6363636363636362
3982,3.6363636363636362
3983,3.6363636363636362
3984,3.6363636363636362
3985,3.6363636363636362
3986,3.6363636363636362
3987,3.6363636363636362
3988,3.6363636363636362
3989,3.6363636363636362
3990,3.6363636363636362
3991,3.6363636363636362
3992,3.6363636363636362
3993,3.6363636363636362
3994,3.6363636363636362
3995,3.6363636363636362
3996,3.6363636363636362
3997,3.6363636363636362
3998,3.6363636363636362
3999,3.6363636363636362
4000,3.6363636363636362
4001,3.6363636363636362
4002,3.6363636363636362
4003,3.6363636363636362
4004,3.6363636363636362
4005,3.6363636363636362
4006,3.6363636363636362
4007,3.6363636363636362
4008,3.6363636363636362
4009,3.6363636363636362
4010,3.6363636363636362
4011,3.6363636363636362
4012,3.6363636363636362
4013,3.6363636363636362
4014,3.6363636363636362
4015,3.6363636363636362
4016,3.6363636363636362
4017,3.6363636363636362
4018,3.6363636363636362
4019,3.6363636363636362
4020,3.6363636363636362
4021,3.6363636363636362
4022,3.6363636363636362
4023,3.6363636363636362
4024,3.6363636363636362
4025,3.6363636363636362
4026,3.6363636363636362
4027,3.6363636363636362
4028,3.6363636363636362
4029,3.6363636363636362
4030,3.6363636363636362
4031,3.6363636363636362
4032,3.6363636363636362
4033,3.6363636363636362
4034,3.6363636363636362
4035,3.6363636363636362
4036,3.6363636363636362
4037,3.6363636363636362
4038,3.6363636363636362
4039,3.6363636363636362
4040,3.6363636363636362
4041,3.6363636363636362
4042,3.6363636363636362
4043,3.6363636363636362
4044,3.6363636363636362
4045,3.6363636363636362
4046,3.6363636363636362
4047,3.6363636363636362
4048,3.6363636363636362
4049,3.6363636363636362
4050,3.6363636363636362
4051,3.6363636363636362
4052,3.6363636363636362
4053,3.6363636363636362
4054,3.6363636363636362
4055,3.6363636363636362
4056,3.6363636363636362
4057,3.6363636363636362
4058,3.6363636363636362
4059,3.6363636363636362
4060,3.6363636363636362
4061,3.6363636363636362
4062,3.6363636363636362
4063,3.6363636363636362
4064,3.6363636363636362
4065,3.6363636363636362
4066,3.6363636363636362
4067,3.6363636363636362
4068,3.6363636363636362
4069,3.6363636363636362
4070,3.6363636363636362
4071,3.6363636363636362
4072,3.6363636363636362
4073,3.6363636363636362
4074,3.6363636363636362
4075,3.6363636363636362
4076,3.6363636363636362
4077,3.6363636363636362
4078,3.6363636363636362
4079,3.6363636363636362
4080,3.6363636363636362
4081,3.6363636363636362
4082,3.6363636363636362
4083,3.6363636363636362
4084,3.6363636363636362
4085,3.6363636363636362
4086,3.6363636363636362
4087,3.6363636363636362
4088,3.6363636363636362
4089,3.6363636363636362
4090,3.6363636363636362
4091,3.6363636363636362
4092,3.6363636363636362
4093,3.6363636363636362
4094,3.6363636363636362
4095,3.6363636363636362
4096,3.6363636363636362
4097,3.6363636363636362
4098,3.6363636363636362
4099,3.6363636363636362
4100,3.6363636363636362
4101,3.6363636363636362
4102,3.6363636363636362
4103,3.6363636363636362
4104,3.6363636363636362
4105,3.6363636363636362
4106,3.6363636363636362
4107,3.6363636363636362
4108,3.6363636363636362
4109,3.6363636363636362
4110,3.6363636363636362
4111,3.6363636363636362
4112,3.6363636363636362
4113,3.6363636363636362
4114,3.6363636363636362
4115,3.6363636363636362
4116,3.6363636363636362
4117,3.6363636363636362
4118,3.6363636363636362
4119,3.6363636363636362
4120,3.6363636363636362
4121,3.6363636363636362
4122,3.6363636363636362
4123,3.6363636363636362
4124,3.6363636363636362
4125,3.6363636363636362
4126,3.6363636363636362
4127,3.6363636363636362
4128,3.6363636363636362
4129,3.6363636363636362
4130,3.6363636363636362
4131,3.6363636363636362
4132,3.6363636363636362
4133,3.6363636363636362
4134,3.6363636363636362
4135,3.6363636363636362
4136,3.6363636363636362
4137,3.6363636363636362
4138,3.6363636363636362
4139,3.6363636363636362
4140,3.6363636363636362
4141,3.6363636363636362
4142,3.6363636363636362
4143,3.6363636363636362
4144,3.6363636363636362
4145,3.6363636363636362
4146,3.6363636363636362
4147,3.6363636363636362
4148,3.6363636363636362
4149,3.6363636363636362
4150,3.6363636363636362
4151,3.6363636363636362
4152,3.6363636363636362
4153,3.6363636363636362
4154,3.6363636363636362
4155,3.6363636363636362
4156,3.6363636363636362
4157,3.6363636363636362
4158,3.6363636363636362
4159,3.6363636363636362
4160,3.6363636363636362
4161,3.6363636363636362
4162,3.6363636363636362
4163,3.6363636363636362
4164,3.6363636363636362
4165,3.6363636363636362
4166,3.6363636363636362
4167,3.6363636363636362
4168,3.6363636363636362
4169,3.6363636363636362
4170,3.6363636363636362
4171,3.6363636363636362
4172,3.6363636363636362
4173,3.6363636363636362
4174,3.6363636363636362
4175,3.6363636363636362
4176,3.6363636363636362
4177,3.6363636363636362
4178,3.6363636363636362
4179,3.6363636363636362
4180,3.6363636363636362
4181,3.6363636363636362
4182,3.6363636363636362
4183,3.6363636363636362
4184,3.6363636363636362
4185,3.6363636363636362
4186,3.6363636363636362
4187,3.6363636363636362
4188,3.6363636363636362
4189,3.6363636363636362
4190,3.6363636363636362
4191,3.6363636363636362
4192,3.6363636363636362
4193,3.6363636363636362
4194,3.6363636363636362
4195,3.6363636363636362
4196,3.6363636363636362
4197,3.6363636363636362
4198,3.6363636363636362
4199,3.6363636363636362
4200,3.6363636363636362
4201,3.6363636363636362
4202,3.6363636363636362
4203,3.6363636363636362
4204,3.6363636363636362
4205,3.6363636363636362
4206,3.6363636363636362
4207,3.6363636363636362
4208,3.6363636363636362
4209,3.6363636363636362
4210,3.6363636363636362
4211,3.6363636363636362
4212,3.6363636363636362
4213,3.6363636363636362
4214,3.6363636363636362
4215,3.6363636363636362
4216,3.6363636363636362
4217,3.6363636363636362
4218,3.6363636363636362
4219,3.6363636363636362
4220,3.6363636363636362
4221,3.6363636363636362
4222,3.6363636363636362
4223,3.6363636363636362
4224,3.6363636363636362
4225,3.6363636363636362
4226,3.6363636363636362
4227,3.6363636363636362
4228,3.6363636363636362
4229,3.6363636363636362
4230,3.6363636363636362
4231,3.6363636363636362
4232,3.6363636363636362
4233,3.6363636363636362
4234,3.6363636363636362
4235,3.6363636363636362
4236,3.6363636363636362
4237,3.6363636363636362
4238,3.6363636363636362
4239,3.6363636363636362
4240,3.6363636363636362
4241,3.6363636363636362
4242,3.6363636363636362
4243,3.6363636363636362
4244,3.6363636363636362
4245,3.6363636363636362
4246,3.6363636363636362
4247,3.6363636363636362
4248,3.6363636363636362
4249,3.6363636363636362
4250,3.6363636363636362
4251,3.6363636363636362
4252,3.6363636363636362
4253,3.6363636363636362
4254,3.6363636363636362
4255,3.6363636363636362
4256,3.6363636363636362
4257,3.6363636363636362
4258,3.6363636363636362
4259,3.6363636363636362
4260,3.6363636363636362
4261,3.6363636363636362
4262,3.6363636363636362
4263,3.6363636363636362
4264,3.6363636363636362
4265,3.6363636363636362
4266,3.6363636363636362
4267,3.6363636363636362
4268,3.6363636363636362
4269,3.6363636363636362
4270,3.6363636363636362
4271,3.6363636363636362
4272,3.6363636363636362
4273,3.6363636363636362
4274,3.6363636363636362
4275,3.6363636363636362
4276,3.6363636363636362
4277,3.6363636363636362
4278,3.6363636363636362
4279,3.6363636363636362
4280,3.6363636363636362
4281,3.6363636363636362
4282,3.6363636363636362
4283,3.6363636363636362
4284,3.6363636363636362
4285,3.6363636363636362
4286,3.6363636363636362
4287,3.6363636363636362
4288,3.6363636363636362
4289,3.6363636363636362
4290,3.6363636363636362
4291,3.6363636363636362
4292,3.6363636363636362
4293,3.6363636363636362
4294,3.6363636363636362
4295,3.6363636363636362
4296,3.6363636363636362
4297,3.6363636363636362
4298,3.6363636363636362
4299,3.6363636363636362
4300,3.6363636363636362
4301,3.6363636363636362
4302,3.6363636363636362
4303,3.6363636363636362
4304,3.6363636363636362
4305,3.6363636363636362
4306,3.6363636363636362
4307,3.6363636363636362
4308,3.6363636363636362
4309,3.6363636363636362
4310,3.6363636363636362
4311,3.6363636363636362
4312,3.6363636363636362
4313,3.6363636363636362
4314,3.6363636363636362
4315,3.6363636363636362
4316,3.6363636363636362
4317,3.6363636363636362
4318,3.6363636363636362
4319,3.6363636363636362
4320,3.6363636363636362
4321,3.6363636363636362
4322,3.6363636363636362
4323,3.6363636363636362
4324,3.6363636363636362
4325,3.6363636363636362
4326,3.6363636363636362
4327,3.6363636363636362
4328,3.6363636363636362
4329,3.6363636363636362
4330,3.6363636363636362
4331,3.6363636363636362
4332,3.6363636363636362
4333,3.6363636363636362
4334,3.6363636363636362
4335,3.6363636363636362
4336,3.6363636363636362
4337,3.6363636363636362
4338,3.6363636363636362
4339,3.6363636363636362
4340,3.6363636363636362
4341,3.6363636363636362
4342,3.6363636363636362
4343,3.6363636363636362
4344,3.6363636363636362
4345,3.6363636363636362
4346,3.6363636363636362
4347,3.6363636363636362
4348,3.6363636363636362
4349,3.6363636363636362
4350,3.6363636363636362
4351,3.6363636363636362
4352,3.6363636363636362
4353,3.6363636363636362
4354,3.6363636363636362
4355,3.6363636363636362
4356,3.6363636363636362
4357,3.6363636363636362
4358,3.6363636363636362
4359,3.6363636363636362
4360,3.6363636363636362
4361,3.6363636363636362
4362,3.6363636363636362
4363,3.6363636363636362
4364,3.6363636363636362
4365,3.6363636363636362
4366,3.6363636363636362
4367,3.6363636363636362
4368,3.6363636363636362
4369,3.6363636363636362
4370,3.6363636363636362
4371,3.6363636363636362
4372,3.6363636363636362
4373,3.6363636363636362
4374,3.6363636363636362
4375,3.6363636363636362
4376,3.6363636363636362
4377,3.6363636363636362
4378,3.6363636363636362
4379,3.6363636363636362
4380,3.6363636363636362
4381,0.0
4382,0.0
4383,0.0
4384,0.0
4385,0.0
4386,0.0
4387,0.0
4388,0.0
4389,0.0
4390,0.0
4391,0.0
4392,0.0
4393,0.0
4394,0.0
4395,0.0
4396,0.0
4397,0.0
4398,0.0
4399,0.0
4400,0.0
4401,0.0
4402,0.0
4403,0.0
4404,0.0
4405,0.0
4406,0.0
4407,0.0
4408,0.0
4409,0.0
4410,0.0
4411,0.0
4412,0.0
4413,0.0
4414,0.0
4415,0.0
4416,0.0
4417,0.0
4418,0.0
4419,0.0
4420,0.0
4421,0.0
4422,0.0
4423,0.0
4424,0.0
4425,0.0
4426,0.0
4427,0.0
4428,0.0
4429,0.0
4430,0.0
4431,0.0
4432,0.0
4433,0.0
4434,0.0
4435,0.0
4436,0.0
4437,0.0
4438,0.0
4439,0.0
4440,0.0
4441,0.0
4442,0.0
4443,0.0
4444,0.0
4445,0.0
4446,0.0
4447,0.0
4448,0.0
4449,0.0
4450,0.0
4451,0.0
4452,0.0
4453,0.0
4454,0.0
4455,0.0
4456,0.0
4457,0.0
4458,0.0
4459,0.0
4460,0.0
4461,0.0
4462,0.0
4463,0.0
4464,0.0
4465,0.0
4466,0.0
4467,0.0
4468,0.0
4469,0.0
4470,0.0
4471,0.0
4472,0.0
4473,0.0
4474,0.0
4475,0.0
4476,0.0
4477,0.0
4478,0.0
4479,0.0
4480,0.0
4481,0.0
4482,0.0
4483,0.0
4484,0.0
4485,0.0
4486,0.0
4487,0.0
4488,0.0
4489,0.0
4490,0.0
4491,0.0
4492,0.0
4493,0.0
4494,0.0
4495,0.0
4496,0.0
4497,0.0
4498,0.0
4499,0.0
4500,0.0
4501,0.0
4502,0.0
4503,0.0
4504,0.0
4505,0.0
4506,0.0
4507,0.0
4508,0.0
4509,0.0
4510,0.0
4511,0.0
4512,0.0
4513,0.0
4514,0.0
4515,0.0
4516,0.0
4517,0.0
4518,0.0
4519,0.0
4520,0.0
4521,0.0
4522,0.0
4523,0.0
4524,0.0
4525,0.0
4526,0.0
4527,0.0
4528,0.0
4529,0.0
4530,0.0
4531,0.0
4532,0.0
4533,0.0
4534,0.0
4535,0.0
4536,0.0
4537,0.0
4538,0.0
4539,0.0
4540,0.0
4541,0.0
4542,0.0
4543,0.0
4544,0.0
4545,0.0
4546,0.0
4547,0.0
4548,0.0
4549,0.0
4550,0.0
4551,0.0
4552,0.0
4553,0.0
4554,0.0
4555,0.0
4556,0.0
4557,0.0
4558,0.0
4559,0.0
4560,0.0
4561,0.0
4562,0.0
4563,0.0
4564,0.0
4565,0.0
4566,0.0
4567,0.0
4568,0.0
4569,0.0
4570,0.0
4571,0.0
4572,0.0
4573,0.0
4574,0.0
4575,0.0
4576,0.0
4577,0.0
4578,0.0
4579,0.0
4580,0.0
4581,0.0
4582,0.0
4583,0.0
4584,0.0
4585,0.0
4586,0.0
4587,0.0
4588,0.0
4589,0.0
4590,0.0
4591,0.0
4592,0.0
4593,0.0
4594,0.0
4595,0.0
4596,0.0
4597,0.0
4598,0.0
4599,0.0
4600,0.0
4601,0.0
4602,0.0
4603,0.0
4604,0.0
4605,0.0
4606,0.0
4607,0.0
4608,0.0
4609,0.0
4610,0.0
4611,0.0
4612,0.0
4613,0.0
4614,0.0
4615,0.0
4616,0.0
4617,0.0
4618,0.0
4619,0.0
4620,0.0
4621,0.0
4622,0.0
4623,0.0
4624,0.0
4625,0.0
4626,0.0
4627,0.0
4628,0.0
4629,0.0
4630,0.0
4631,0.0
4632,0.0
4633,0.0
4634,0.0
4635,0.0
4636,0.0
4637,0.0
4638,0.0
4639,0.0
4640,0.0
4641,0.0
4642,0.0
4643,0.0
4644,0.0
4645,0.0
4646,0.0
4647,0.0
4648,0.0
4649,0.0
4650,0.0
4651,0.0
4652,0.0
4653,0.0
4654,0.0
4655,0.0
4656,0.0
4657,0.0
4658,0.0
4659,0.0
4660,0.0
4661,0.0
4662,0.0
4663,0.0
4664,0.0
4665,0.0
4666,0.0
4667,0.0
4668,0.0
4669,0.0
4670,0.0
4671,0.0
4672,0.0
4673,0.0
4674,0.0
4675,0.0
4676,0.0
4677,0.0
4678,0.0
4679,0.0
4680,0.0
4681,0.0
4682,0.0
4683,0.0
4684,0.0
4685,0.0
4686,0.0
4687,0.0
4688,0.0
4689,0.0
4690,0.0
4691,0.0
4692,0.0
4693,0.0
4694,0.0
4695,0.0
4696,0.0
4697,0.0
4698,0.0
4699,0.0
4700,0.0
4701,0.0
4702,0.0
4703,0.0
4704,0.0
4705,0.0
4706,0.0
4707,0.0
4708,0.0
4709,0.0
4710,0.0
4711,0.0
4712,0.0
4713,0.0
4714,0.0
4715,0.0
4716,0.0
4717,0.0
4718,0.0
4719,0.0
4720,0.0
4721,0.0
4722,0.0
4723,0.0
4724,0.0
4725,0.0
4726,0.0
4727,0.0
4728,0.0
4729,0.0
4730,0.0
4731,0.0
4732,0.0
4733,0.0
4734,0.0
4735,0.0
4736,0.0
4737,0.0
4738,0.0
4739,0.0
4740,0.0
4741,0.0
4742,0.0
4743,0.0
4744,0.0
4745,0.0
4746,0.0
4747,0.0
4748,0.0
4749,0.0
4750,0.0
4751,0.0
4752,0.0
4753,0.0
4754,0.0
4755,0.0
4756,0.0
4757,0.0
4758,0.0
4759,0.0
4760,0.0
4761,0.0
4762,0.0
4763,0.0
4764,0.0
4765,0.0
4766,0.0
4767,0.0
4768,0.0
4769,0.0
4770,0.0
4771,0.0
4772,0.0
4773,0.0
4774,0.0
4775,0.0
4776,0.0
4777,0.0
4778,0.0
4779,0.0
4780,0.0
4781,0.0
4782,0.0
4783,0.0
4784,0.0
4785,0.0
4786,0.0
4787,0.0
4788,0.0
4789,0.0
4790,0.0
4791,0.0
4792,0.0
4793,0.0
4794,0.0
4795,0.0
4796,0.0
4797,0.0
4798,0.0
4799,0.0
4800,0.0
4801,0.0
4802,0.0
4803,0.0
4804,0.0
4805,0.0
4806,0.0
4807,0.0
4808,0.0
4809,0.0
4810,0.0
4811,0.0
4812,0.0
4813,0.0
4814,0.0
4815,0.0
4816,0.0
4817,0.0
4818,0.0
4819,0.0
4820,0.0
4821,0.0
4822,0.0
4823,0.0
4824,0.0
4825,0.0
4826,0.0
4827,0.0
4828,0.0
4829,0.0
4830,0.0
4831,0.0
4832,0.0
4833,0.0
4834,0.0
4835,0.0
4836,0.0
4837,0.0
4838,0.0
4839,0.0
4840,0.0
4841,0.0
4842,0.0
4843,0.0
4844,0.0
4845,0.0
4846,0.0
4847,0.0
4848,0.0
4849,0.0
4850,0.0
4851,0.0
4852,0.0
4853,0.0
4854,0.0
4855,0.0
4856,0.0
4857,0.0
4858,0.0
4859,0.0
4860,0.0
4861,0.0
4862,0.0
4863,0.0
4864,0.0
4865,0.0
4866,0.0
4867,0.0
4868,0.0
4869,0.0
4870,0.0
4871,0.0
4872,0.0
4873,0.0
4874,0.0
4875,0.0
4876,0.0
4877,0.0
4878,0.0
4879,0.0
4880,0.0
4881,0.0
4882,0.0
4883,0.0
4884,0.0
4885,0.0
4886,0.0
4887,0.0
4888,0.0
4889,0.0
4890,0.0
4891,0.0
4892,0.0
4893,0.0
4894,0.0
4895,0.0
4896,0.0
4897,0.0
4898,0.0
4899,0.0
4900,0.0
4901,0.0
4902,0.0
4903,0.0
4904,0.0
4905,0.0
4906,0.0
4907,0.0
4908,0.0
4909,0.0
4910,0.0
4911,0.0
4912,0.0
4913,0.0
4914,0.0
4915,0.0
4916,0.0
4917,0.0
4918,0.0
4919,0.0
4920,0.0
4921,0.0
4922,0.0
4923,0.0
4924,0.0
4925,0.0
4926,0.0
4927,0.0
4928,0.0
4929,0.0
4930,0.0
4931,0.0
4932,0.0
4933,0.0
4934,0.0
4935,0.0
4936,0.0
4937,0.0
4938,0.0
4939,0.0
4940,0.0
4941,0.0
4942,0.0
4943,0.0
4944,0.0
4945,0.0
4946,0.0
4947,0.0
4948,0.0
4949,0.0
4950,0.0
4951,0.0
4952,0.0
4953,0.0
4954,0.0
4955,0.0
4956,0.0
4957,0.0
4958,0.0
4959,0.0
4960,0.0
4961,0.0
4962,0.0
4963,0.0
4964,0.0
4965,0.0
4966,0.0
4967,0.0
4968,0.0
4969,0.0
4970,0.0
4971,0.0
4972,0.0
4973,0.0
4974,0.0
4975,0.0
4976,0.0
4977,0.0
4978,0.0
4979,0.0
4980,0.0
4981,0.0
4982,0.0
4983,0.0
4984,0.0
4985,0.0
4986,0.0
4987,0.0
4988,0.0
4989,0.0
4990,0.0
4991,0.0
4992,0.0
4993,0.0
4994,0.0
4995,0.0
4996,0.0
4997,0.0
4998,0.0
4999,0.0
5000,0.0
5001,0.0
5002,0.0
5003,0.0
5004,0.0
5005,0.0
5006,0.0
5007,0.0
5008,0.0
5009,0.0
5010,0.0
5011,0.0
5012,0.0
5013,0.0
5014,0.0
5015,0.0
5016,0.0
5017,0.0
5018,0.0
5019,0.0
5020,0.0
5021,0.0
5022,0.0
5023,0.0
5024,0.0
5025,0.0
5026,0.0
5027,0.0
5028,0.0
5029,0.0
5030,0.0
5031,0.0
5032,0.0
5033,0.0
5034,0.0
5035,0.0
5036,0.0
5037,0.0
5038,0.0
5039,0.0
5040,0.0
5041,0.0
5042,0.0
5043,0.0
5044,0.0
5045,0.0
5046,0.0
5047,0.0
5048,0.0
5049,0.0
5050,0.0
5051,0.0
5052,0.0
5053,0.0
5054,0.0
5055,0.0
5056,0.0
5057,0.0
5058,0.0
5059,0.0
5060,0.0
5061,0.0
5062,0.0
5063,0.0
5064,0.0
5065,0.0
5066,0.0
5067,0.0
5068,0.0
5069,0.0
5070,0.0
5071,0.0
5072,0.0
5073,0.0
5074,0.0
5075,0.0
5076,0.0
5077,0.0
5078,0.0
5079,0.0
5080,0.0
5081,0.0
5082,0.0
5083,0.0
5084,0.0
5085,0.0
5086,0.0
5087,0.0
5088,0.0
5089,0.0
5090,0.0
5091,0.0
5092,0.0
5093,0.0
5094,0.0
5095,0.0
5096,0.0
5097,0.0
5098,0.0
5099,0.0
5100,0.0
5101,0.0
5102,0.0
5103,0.0
5104,0.0
5105,0.0
5106,0.0
5107,0.0
5108,0.0
5109,0.0
5110,0.0
5111,0.0
5112,0.0
5113,0.0
5114,0.0
5115,0.0
5116,0.0
5117,0.0
5118,0.0
5119,0.0
5120,0.0
5121,0.0
5122,0.0
5123,0.0
5124,0.0
5125,0.0
5126,0.0
5127,0.0
5128,0.0
5129,0.0
5130,0.0
5131,0.0
5132,0.0
5133,0.0
5134,0.0
5135,0.0
5136,0.0
5137,0.0
5138,0.0
5139,0.0
5140,0.0
5141,0.0
5142,0.0
5143,0.0
5144,0.0
5145,0.0
5146,0.0
5147,0.0
5148,0.0
5149,0.0
5150,0.0
5151,0.0
5152,0.0
5153,0.0
5154,0.0
5155,0.0
5156,0.0
5157,0.0
5158,0.0
5159,0.0
5160,0.0
5161,0.0
5162,0.0
5163,0.0
5164,0.0
5165,0.0
5166,0.0
5167,0.0
5168,0.0
5169,0.0
5170,0.0
5171,0.0
5172,0.0
5173,0.0
5174,0.0
5175,0.0
5176,0.0
5177,0.0
5178,0.0
5179,0.0
5180,0.0
5181,0.0
5182,0.0
5183,0.0
5184,0.0
5185,0.0
5186,0.0
5187,0.0
5188,0.0
5189,0.0
5190,0.0
5191,0.0
5192,0.0
5193,0.0
5194,0.0
5195,0.0
5196,0.0
5197,0.0
5198,0.0
5199,0.0
5200,0.0
5201,0.0
5202,0.0
5203,0.0
5204,0.0
5205,0.0
5206,0.0
5207,0.0
5208,0.0
5209,0.0
5210,0.0
5211,0.0
5212,0.0
5213,0.0
5214,0.0
5215,0.0
5216,0.0
5217,0.0
5218,0.0
5219,0.0
5220,0.0
5221,0.0
5222,0.0
5223,0.0
5224,0.0
5225,0.0
5226,0.0
5227,0.0
5228,0.0
5229,0.0
5230,0.0
5231,0.0
5232,0.0
5233,0.0
5234,0.0
5235,0.0
5236,0.0
5237,0.0
5238,0.0
5239,0.0
5240,0.0
5241,0.0
5242,0.0
5243,0.0
5244,0.0
5245,0.0
5246,0.0
5247,0.0
5248,0.0
5249,0.0
5250,0.0
5251,0.0
5252,0.0
5253,0.0
5254,0.0
5255,0.0
5256,0.0
5257,0.0
5258,0.0
5259,0.0
5260,0.0
5261,0.0
5262,0.0
5263,0.0
5264,0.0
5265,0.0
5266,0.0
5267,0.0
5268,0.0
5269,0.0
5270,0.0
5271,0.0
5272,0.0
5273,0.0
5274,0.0
5275,0.0
5276,0.0
5277,0.0
5278,0.0
5279,0.0
5280,0.0
5281,0.0
5282,0.0
5283,0.0
5284,0.0
5285,0.0
5286,0.0
5287,0.0
5288,0.0
5289,0.0
5290,0.0
5291,0.0
5292,0.0
5293,0.0
5294,0.0
5295,0.0
5296,0.0
5297,0.0
5298,0.0
5299,0.0
5300,0.0
5301,0.0
5302,0.0
5303,0.0
5304,0.0
5305,0.0
5306,0.0
5307,0.0
5308,0.0
5309,0.0
5310,0.0
5311,0.0
5312,0.0
5313,0.0
5314,0.0
5315,0.0
5316,0.0
5317,0.0
5318,0.0
5319,0.0
5320,0.0
5321,0.0
5322,0.0
5323,0.0
5324,0.0
5325,0.0
5326,0.0
5327,0.0
5328,0.0
5329,0.0
5330,0.0
5331,0.0
5332,0.0
5333,0.0
5334,0.0
5335,0.0
5336,0.0
5337,0.0
5338,0.0
5339,0.0
5340,0.0
5341,0.0
5342,0.0
5343,0.0
5344,0.0
5345,0.0
5346,0.0
5347,0.0
5348,0.0
5349,0.0
5350,0.0
5351,0.0
5352,0.0
5353,0.0
5354,0.0
5355,0.0
5356,0.0
5357,0.0
5358,0.0
5359,0.0
5360,0.0
5361,0.0
5362,0.0
5363,0.0
5364,0.0
5365,0.0
5366,0.0
5367,0.0
5368,0.0
5369,0.0
5370,0.0
5371,0.0
5372,0.0
5373,0.0
5374,0.0
5375,0.0
5376,0.0
5377,0.0
5378,0.0
5379,0.0
5380,0.0
5381,0.0
5382,0.0
5383,0.0
5384,0.0
5385,0.0
5386,0.0
5387,0.0
5388,0.0
5389,0.0
5390,0.0
5391,0.0
5392,0.0
5393,0.0
5394,0.0
5395,0.0
5396,0.0
5397,0.0
5398,0.0
5399,0.0
5400,0.0
5401,0.0
5402,0.0
5403,0.0
5404,0.0
5405,0.0
5406,0.0
5407,0.0
5408,0.0
5409,0.0
5410,0.0
5411,0.0
5412,0.0
5413,0.0
5414,0.0
5415,0.0
5416,0.0
5417,0.0
5418,0.0
5419,0.0
5420,0.0
5421,0.0
5422,0.0
5423,0.0
5424,0.0
5425,0.0
5426,0.0
5427,0.0
5428,0.0
5429,0.0
5430,0.0
5431,0.0
5432,0.0
5433,0.0
5434,0.0
5435,0.0
5436,0.0
5437,0.0
5438,0.0
5439,0.0
5440,0.0
5441,0.0
5442,0.0
5443,0.0
5444,0.0
5445,0.0
5446,0.0
5447,0.0
5448,0.0
5449,0.0
5450,0.0
5451,0.0
5452,0.0
5453,0.0
5454,0.0
5455,0.0
5456,0.0
5457,0.0
5458,0.0
5459,0.0
5460,0.0
5461,0.0
5462,0.0
5463,0.0
5464,0.0
5465,0.0
5466,0.0
5467,0.0
5468,0.0
5469,0.0
5470,0.0
5471,0.0
5472,0.0
5473,0.0
5474,0.0
5475,0.0
5476,0.0
5477,0.0
5478,0.0
5479,0.0
5480,0.0
5481,0.0
5482,0.0
5483,0.0
5484,0.0
5485,0.0
5486,0.0
5487,0.0
5488,0.0
5489,0.0
5490,0.0
5491,0.0
5492,0.0
5493,0.0
5494,0.0
5495,0.0
5496,0.0
5497,0.0
5498,0.0
5499,0.0
5500,0.0
5501,0.0
5502,0.0
5503,0.0
5504,0.0
5505,0.0
5506,0.0
5507,0.0
5508,0.0
5509,0.0
5510,0.0
5511,0.0
5512,0.0
5513,0.0
5514,0.0
5515,0.0
5516,0.0
5517,0.0
5518,0.0
5519,0.0
5520,0.0
5521,0.0
5522,0.0
5523,0.0
5524,0.0
5525,0.0
5526,0.0
5527,0.0
5528,0.0
5529,0.0
5530,0.0
5531,0.0
5532,0.0
5533,0.0
5534,0.0
5535,0.0
5536,0.0
5537,0.0
5538,0.0
5539,0.0
5540,0.0
5541,0.0
5542,0.0
5543,0.0
5544,0.0
5545,0.0
5546,0.0
5547,0.0
5548,0.0
5549,0.0
5550,0.0
5551,0.0
5552,0.0
5553,0.0
5554,0.0
5555,0.0
5556,0.0
5557,0.0
5558,0.0
5559,0.0
5560,0.0
5561,0.0
5562,0.0
5563,0.0
5564,0.0
5565,0.0
5566,0.0
5567,0.0
5568,0.0
5569,0.0
5570,0.0
5571,0.0
5572,0.0
5573,0.0
5574,0.0
5575,0.0
5576,0.0
5577,0.0
5578,0.0
5579,0.0
5580,0.0
5581,0.0
5582,0.0
5583,0.0
5584,0.0
5585,0.0
5586,0.0
5587,0.0
5588,0.0
5589,0.0
5590,0.0
5591,0.0
5592,0.0
5593,0.0
5594,0.0
5595,0.0
5596,0.0
5597,0.0
5598,0.0
5599,0.0
5600,0.0
5601,0.0
5602,0.0
5603,0.0
5604,0.0
5605,0.0
5606,0.0
5607,0.0
5608,0.0
5609,0.0
5610,0.0
5611,0.0
5612,0.0
5613,0.0
5614,0.0
5615,0.0
5616,0.0
5617,0.0
5618,0.0
5619,0.0
5620,0.0
5621,0.0
5622,0.0
5623,0.0
5624,0.0
5625,0.0
5626,0.0
5627,0.0
5628,0.0
5629,0.0
5630,0.0
5631,0.0
5632,0.0
5633,0.0
5634,0.0
5635,0.0
5636,0.0
5637,0.0
5638,0.0
5639,0.0
5640,0.0
5641,0.0
5642,0.0
5643,0.0
5644,0.0
5645,0.0
5646,0.0
5647,0.0
5648,0.0
5649,0.0
5650,0.0
5651,0.0
5652,0.0
5653,0.0
5654,0.0
5655,0.0
5656,0.0
5657,0.0
5658,0.0
5659,0.0
5660,0.0
5661,0.0
5662,0.0
5663,0.0
5664,0.0
5665,0.0
5666,0.0
5667,0.0
5668,0.0
5669,0.0
5670,0.0
5671,0.0
5672,0.0
5673,0.0
5674,0.0
5675,0.0
5676,0.0
5677,0.0
5678,0.0
5679,0.0
5680,0.0
5681,0.0
5682,0.0
5683,0.0
5684,0.0
5685,0.0
5686,0.0
5687,0.0
5688,0.0
5689,0.0
5690,0.0
5691,0.0
5692,0.0
5693,0.0
5694,0.0
5695,0.0
5696,0.0
5697,0.0
5698,0.0
5699,0.0
5700,0.0
5701,0.0
5702,0.0
5703,0.0
5704,0.0
5705,0.0
5706,0.0
5707,0.0
5708,0.0
5709,0.0
5710,0.0
5711,0.0
5712,0.0
5713,0.0
5714,0.0
5715,0.0
5716,0.0
5717,0.0
5718,0.0
5719,0.0
5720,0.0
5721,0.0
5722,0.0
5723,0.0
5724,0.0
5725,0.0
5726,0.0
5727,0.0
5728,0.0
5729,0.0
5730,0.0
5731,0.0
5732,0.0
5733,0.0
5734,0.0
5735,0.0
5736,0.0
5737,0.0
5738,0.0
5739,0.0
5740,0.0
5741,0.0
5742,0.0
5743,0.0
5744,0.0
5745,0.0
5746,0.0
5747,0.0
5748,0.0
5749,0.0
5750,0.0
5751,0.0
5752,0.0
5753,0.0
5754,0.0
5755,0.0
5756,0.0
5757,0.0
5758,0.0
5759,0.0
5760,0.0
5761,0.0
5762,0.0
5763,0.0
5764,0.0
5765,0.0
5766,0.0
5767,0.0
5768,0.0
5769,0.0
5770,0.0
5771,0.0
5772,0.0
5773,0.0
5774,0.0
5775,0.0
5776,0.0
5777,0.0
5778,0.0
5779,0.0
5780,0.0
5781,0.0
5782,0.0
5783,0.0
5784,0.0
5785,0.0
5786,0.0
5787,0.0
5788,0.0
5789,0.0
5790,0.0
5791,0.0
5792,0.0
5793,0.0
5794,0.0
5795,0.0
5796,0.0
5797,0.0
5798,0.0
5799,0.0
5800,0.0
5801,0.0
5802,0.0
5803,0.0
5804,0.0
5805,0.0
5806,0.0
5807,0.0
5808,0.0
5809,0.0
5810,0.0
5811,0.0
5812,0.0
5813,0.0
5814,0.0
5815,0.0
5816,0.0
5817,0.0
5818,0.0
5819,0.0
5820,0.0
5821,0.0
5822,0.0
5823,0.0
5824,0.0
5825,0.0
5826,0.0
5827,0.0
5828,0.0
5829,0.0
5830,0.0
5831,0.0
5832,0.0
5833,0.0
5834,0.0
5835,0.0
5836,0.0
5837,0.0
5838,0.0
5839,0.0
5840,0.0
5841,0.0
5842,0.0
5843,0.0
5844,0.0
5845,0.0
5846,0.0
5847,0.0
5848,0.0
5849,0.0
5850,0.0
5851,0.0
5852,0.0
5853,0.0
5854,0.0
5855,0.0
5856,0.0
5857,0.0
5858,0.0
5859,0.0
5860,0.0
5861,0.0
5862,0.0
5863,0.0
5864,0.0
5865,0.0
5866,0.0
5867,0.0
5868,0.0
5869,0.0
5870,0.0
5871,0.0
5872,0.0
5873,0.0
5874,0.0
5875,0.0
5876,0.0
5877,0.0
5878,0.0
5879,0.0
5880,0.0
5881,0.0
5882,0.0
5883,0.0
5884,0.0
5885,0.0
5886,0.0
5887,0.0
5888,0.0
5889,0.0
5890,0.0
5891,0.0
5892,0.0
5893,0.0
5894,0.0
5895,0.0
5896,0.0
5897,0.0
5898,0.0
5899,0.0
5900,0.0
5901,0.0
5902,0.0
5903,0.0
5904,0.0
5905,0.0
5906,0.0
5907,0.0
5908,0.0
5909,0.0
5910,0.0
5911,0.0
5912,0.0
5913,0.0
5914,0.0
5915,0.0
5916,0.0
5917,0.0
5918,0.0
5919,0.0
5920,0.0
5921,0.0
5922,0.0
5923,0.0
5924,0.0
5925,0.0
5926,0.0
5927,0.0
5928,0.0
5929,0.0
5930,0.0
5931,0.0
5932,0.0
5933,0.0
5934,0.0
5935,0.0
5936,0.0
5937,0.0
5938,0.0
5939,0.0
5940,0.0
5941,0.0
5942,0.0
5943,0.0
5944,0.0
5945,0.0
5946,0.0
5947,0.0
5948,0.0
5949,0.0
5950,0.0
5951,0.0
5952,0.0
5953,0.0
5954,0.0
5955,0.0
5956,0.0
5957,0.0
5958,0.0
5959,0.0
5960,0.0
5961,0.0
5962,0.0
5963,0.0
5964,0.0
5965,0.0
5966,0.0
5967,0.0
5968,0.0
5969,0.0
5970,0.0
5971,0.0
5972,0.0
5973,0.0
5974,0.0
5975,0.0
5976,0.0
5977,0.0
5978,0.0
5979,0.0
5980,0.0
5981,0.0
5982,0.0
5983,0.0
5984,0.0
5985,0.0
5986,0.0
5987,0.0
5988,0.0
5989,0.0
5990,0.0
5991,0.0
5992,0.0
5993,0.0
5994,0.0
5995,0.0
5996,0.0
5997,0.0
5998,0.0
5999,0.0
6000,0.0
6001,0.0
6002,0.0
6003,0.0
6004,0.0
6005,0.0
6006,0.0
6007,0.0
6008,0.0
6009,0.0
6010,0.0
6011,0.0
6012,0.0
6013,0.0
6014,0.0
6015,0.0
6016,0.0
6017,0.0
6018,0.0
6019,0.0
6020,0.0
6021,0.0
6022,0.0
6023,0.0
6024,0.0
6025,0.0
6026,0.0
6027,0.0
6028,0.0
6029,0.0
6030,0.0
6031,0.0
6032,0.0
6033,0.0
6034,0.0
6035,0.0
6036,0.0
6037,0.0
6038,0.0
6039,0.0
6040,0.0
6041,0.0
6042,0.0
6043,0.0
6044,0.0
6045,0.0
6046,0.0
6047,0.0
6048,0.0
6049,0.0
6050,0.0
6051,0.0
6052,0.0
6053,0.0
6054,0.0
6055,0.0
6056,0.0
6057,0.0
6058,0.0
6059,0.0
6060,0.0
6061,0.0
6062,0.0
6063,0.0
6064,0.0
6065,0.0
6066,0.0
6067,0.0
6068,0.0
6069,0.0
6070,0.0
6071,0.0
6072,0.0
6073,0.0
6074,0.0
6075,0.0
6076,0.0
6077,0.0
6078,0.0
6079,0.0
6080,0.0
6081,0.0
6082,0.0
6083,0.0
6084,0.0
6085,0.0
6086,0.0
6087,0.0
6088,0.0
6089,0.0
6090,0.0
6091,0.0
6092,0.0
6093,0.0
6094,0.0
6095,0.0
6096,0.0
6097,0.0
6098,0.0
6099,0.0
6100,0.0
6101,0.0
6102,0.0
6103,0.0
6104,0.0
6105,0.0
6106,0.0
6107,0.0
6108,0.0
6109,0.0
6110,0.0
6111,0.0
6112,0.0
6113,0.0
6114,0.0
6115,0.0
6116,0.0
6117,0.0
6118,0.0
6119,0.0
6120,0.0
6121,0.0
6122,0.0
6123,0.0
6124,0.0
6125,0.0
6126,0.0
6127,0.0
6128,0.0
6129,0.0
6130,0.0
6131,0.0
6132,0.0
6133,0.0
6134,0.0
6135,0.0
6136,0.0
6137,0.0
6138,0.0
6139,0.0
6140,0.0
6141,0.0
6142,0.0
6143,0.0
6144,0.0
6145,0.0
6146,0.0
6147,0.0
6148,0.0
6149,0.0
6150,0.0
6151,0.0
6152,0.0
6153,0.0
6154,0.0
6155,0.0
6156,0.0
6157,0.0
6158,0.0
6159,0.0
6160,0.0
6161,0.0
6162,0.0
6163,0.0
6164,0.0
6165,0.0
6166,0.0
6167,0.0
6168,0.0
6169,0.0
6170,0.0
6171,0.0
6172,0.0
6173,0.0
6174,0.0
6175,0.0
6176,0.0
6177,0.0
6178,0.0
6179,0.0
6180,0.0
6181,0.0
6182,0.0
6183,0.0
6184,0.0
6185,0.0
6186,0.0
6187,0.0
6188,0.0
6189,0.0
6190,0.0
6191,0.0
6192,0.0
6193,0.0
6194,0.0
6195,0.0
6196,0.0
6197,0.0
6198,0.0
6199,0.0
6200,0.0
6201,0.0
6202,0.0
6203,0.0
6204,0.0
6205,0.0
6206,0.0
6207,0.0
6208,0.0
6209,0.0
6210,0.0
6211,0.0
6212,0.0
6213,0.0
6214,0.0
6215,0.0
6216,0.0
6217,0.0
6218,0.0
6219,0.0
6220,0.0
6221,0.0
6222,0.0
6223,0.0
6224,0.0
6225,0.0
6226,0.0
6227,0.0
6228,0.0
6229,0.0
6230,0.0
6231,0.0
6232,0.0
6233,0.0
6234,0.0
6235,0.0
6236,0.0
6237,0.0
6238,0.0
6239,0.0
6240,0.0
6241,0.0
6242,0.0
6243,0.0
6244,0.0
6245,0.0
6246,0.0
6247,0.0
6248,0.0
6249,0.0
6250,0.0
6251,0.0
6252,0.0
6253,0.0
6254,0.0
6255,0.0
6256,0.0
6257,0.0
6258,0.0
6259,0.0
6260,0.0
6261,0.0
6262,0.0
6263,0.0
6264,0.0
6265,0.0
6266,0.0
6267,0.0
6268,0.0
6269,0.0
6270,0.0
6271,0.0
6272,0.0
6273,0.0
6274,0.0
6275,0.0
6276,0.0
6277,0.0
6278,0.0
6279,0.0
6280,0.0
6281,0.0
6282,0.0
6283,0.0
6284,0.0
6285,0.0
6286,0.0
6287,0.0
6288,0.0
6289,0.0
6290,0.0
6291,0.0
6292,0.0
6293,0.0
6294,0.0
6295,0.0
6296,0.0
6297,0.0
6298,0.0
6299,0.0
6300,0.0
6301,0.0
6302,0.0
6303,0.0
6304,0.0
6305,0.0
6306,0.0
6307,0.0
6308,0.0
6309,0.0
6310,0.0
6311,0.0
6312,0.0
6313,0.0
6314,0.0
6315,0.0
6316,0.0
6317,0.0
6318,0.0
6319,0.0
6320,0.0
6321,0.0
6322,0.0
6323,0.0
6324,0.0
6325,0.0
6326,0.0
6327,0.0
6328,0.0
6329,0.0
6330,0.0
6331,0.0
6332,0.0
6333,0.0
6334,0.0
6335,0.0
6336,0.0
6337,0.0
6338,0.0
6339,0.0
6340,0.0
6341,0.0
6342,0.0
6343,0.0
6344,0.0
6345,0.0
6346,0.0
6347,0.0
6348,0.0
6349,0.0
6350,0.0
6351,0.0
6352,0.0
6353,0.0
6354,0.0
6355,0.0
6356,0.0
6357,0.0
6358,0.0
6359,0.0
6360,0.0
6361,0.0
6362,0.0
6363,0.0
6364,0.0
6365,0.0
6366,0.0
6367,0.0
6368,0.0
6369,0.0
6370,0.0
6371,0.0
6372,0.0
6373,0.0
6374,0.0
6375,0.0
6376,0.0
6377,0.0
6378,0.0
6379,0.0
6380,0.0
6381,0.0
6382,0.0
6383,0.0
6384,0.0
6385,0.0
6386,0.0
6387,0.0
6388,0.0
6389,0.0
6390,0.0
6391,0.0
6392,0.0
6393,0.0
6394,0.0
6395,0.0
6396,0.0
6397,0.0
6398,0.0
6399,0.0
6400,0.0
6401,0.0
6402,0.0
6403,0.0
6404,0.0
6405,0.0
6406,0.0
6407,0.0
6408,0.0
6409,0.0
6410,0.0
6411,0.0
6412,0.0
6413,0.0
6414,0.0
6415,0.0
6416,0.0
6417,0.0
6418,0.0
6419,0.0
6420,0.0
6421,0.0
6422,0.0
6423,0.0
6424,0.0
6425,0.0
6426,0.0
6427,0.0
6428,0.0
6429,0.0
6430,0.0
6431,0.0
6432,0.0
6433,0.0
6434,0.0
6435,0.0
6436,0.0
6437,0.0
6438,0.0
6439,0.0
6440,0.0
6441,0.0
6442,0.0
6443,0.0
6444,0.0
6445,0.0
6446,0.0
6447,0.0
6448,0.0
6449,0.0
6450,0.0
6451,0.0
6452,0.0
6453,0.0
6454,0.0
6455,0.0
6456,0.0
6457,0.0
6458,0.0
6459,0.0
6460,0.0
6461,0.0
6462,0.0
6463,0.0
6464,0.0
6465,0.0
6466,0.0
6467,0.0
6468,0.0
6469,0.0
6470,0.0
6471,0.0
6472,0.0
6473,0.0
6474,0.0
6475,0.0
6476,0.0
6477,0.0
6478,0.0
6479,0.0
6480,0.0
6481,0.0
6482,0.0
6483,0.0
6484,0.0
6485,0.0
6486,0.0
6487,0.0
6488,0.0
6489,0.0
6490,0.0
6491,0.0
6492,0.0
6493,0.0
6494,0.0
6495,0.0
6496,0.0
6497,0.0
6498,0.0
6499,0.0
6500,0.0
6501,0.0
6502,0.0
6503,0.0
6504,0.0
6505,0.0
6506,0.0
6507,0.0
6508,0.0
6509,0.0
6510,0.0
6511,0.0
6512,0.0
6513,0.0
6514,0.0
6515,0.0
6516,0.0
6517,0.0
6518,0.0
6519,0.0
6520,0.0
6521,0.0
6522,0.0
6523,0.0
6524,0.0
6525,0.0
6526,0.0
6527,0.0
6528,0.0
6529,0.0
6530,0.0
6531,0.0
6532,0.0
6533,0.0
6534,0.0
6535,0.0
6536,0.0
6537,0.0
6538,0.0
6539,0.0
6540,0.0
6541,0.0
6542,0.0
6543,0.0
6544,0.0
6545,0.0
6546,0.0
6547,0.0
6548,0.0
6549,0.0
6550,0.0
6551,0.0
6552,0.0
6553,0.0
6554,0.0
6555,0.0
6556,0.0
6557,0.0
6558,0.0
6559,0.0
6560,0.0
6561,0.0
6562,0.0
6563,0.0
6564,0.0
6565,0.0
6566,0.0
6567,0.0
6568,0.0
6569,0.0
6570,0.0
6571,0.0
6572,0.0
6573,0.0
6574,0.0
6575,0.0
6576,0.0
6577,0.0
6578,0.0
6579,0.0
6580,0.0
6581,0.0
6582,0.0
6583,0.0
6584,0.0
6585,0.0
6586,0.0
6587,0.0
6588,0.0
6589,0.0
6590,0.0
6591,0.0
6592,0.0
6593,0.0
6594,0.0
6595,0.0
6596,0.0
6597,0.0
6598,0.0
6599,0.0
6600,0.0
6601,0.0
6602,0.0
6603,0.0
6604,0.0
6605,0.0
6606,0.0
6607,0.0
6608,0.0
6609,0.0
6610,0.0
6611,0.0
6612,0.0
6613,0.0
6614,0.0
6615,0.0
6616,0.0
6617,0.0
6618,0.0
6619,0.0
6620,0.0
6621,0.0
6622,0.0
6623,0.0
6624,0.0
6625,0.0
6626,0.0
6627,0.0
6628,0.0
6629,0.0
6630,0.0
6631,0.0
6632,0.0
6633,0.0
6634,0.0
6635,0.0
6636,0.0
6637,0.0
6638,0.0
6639,0.0
6640,0.0
6641,0.0
6642,0.0
6643,0.0
6644,0.0
6645,0.0
6646,0.0
6647,0.0
6648,0.0
6649,0.0
6650,0.0
6651,0.0
6652,0.0
6653,0.0
6654,0.0
6655,0.0
6656,0.0
6657,0.0
6658,0.0
6659,0.0
6660,0.0
6661,0.0
6662,0.0
6663,0.0
6664,0.0
6665,0.0
6666,0.0
6667,0.0
6668,0.0
6669,0.0
6670,0.0
6671,0.0
6672,0.0
6673,0.0
6674,0.0
6675,0.0
6676,0.0
6677,0.0
6678,0.0
6679,0.0
6680,0.0
6681,0.0
6682,0.0
6683,0.0
6684,0.0
6685,0.0
6686,0.0
6687,0.0
6688,0.0
6689,0.0
6690,0.0
6691,0.0
6692,0.0
6693,0.0
6694,0.0
6695,0.0
6696,0.0
6697,0.0
6698,0.0
6699,0.0
6700,0.0
6701,0.0
6702,0.0
6703,0.0
6704,0.0
6705,0.0
6706,0.0
6707,0.0
6708,0.0
6709,0.0
6710,0.0
6711,0.0
6712,0.0
6713,0.0
6714,0.0
6715,0.0
6716,0.0
6717,0.0
6718,0.0
6719,0.0
6720,0.0
6721,0.0
6722,0.0
6723,0.0
6724,0.0
6725,0.0
6726,0.0
6727,0.0
6728,0.0
6729,0.0
6730,0.0
6731,0.0
6732,0.0
6733,0.0
6734,0.0
6735,0.0
6736,0.0
6737,0.0
6738,0.0
6739,0.0
6740,0.0
6741,0.0
6742,0.0
6743,0.0
6744,0.0
6745,0.0
6746,0.0
6747,0.0
6748,0.0
6749,0.0
6750,0.0
6751,0.0
6752,0.0
6753,0.0
6754,0.0
6755,0.0
6756,0.0
6757,0.0
6758,0.0
6759,0.0
6760,0.0
6761,0.0
6762,0.0
6763,0.0
6764,0.0
6765,0.0
6766,0.0
6767,0.0
6768,0.0
6769,0.0
6770,0.0
6771,0.0
6772,0.0
6773,0.0
6774,0.0
6775,0.0
6776,0.0
6777,0.0
6778,0.0
6779,0.0
6780,0.0
6781,0.0
6782,0.0
6783,0.0
6784,0.0
6785,0.0
6786,0.0
6787,0.0
6788,0.0
6789,0.0
6790,0.0
6791,0.0
6792,0.0
6793,0.0
6794,0.0
6795,0.0
6796,0.0
6797,0.0
6798,0.0
6799,0.0
6800,0.0
6801,0.0
6802,0.0
6803,0.0
6804,0.0
6805,0.0
6806,0.0
6807,0.0
6808,0.0
6809,0.0
6810,0.0
6811,0.0
6812,0.0
6813,0.0
6814,0.0
6815,0.0
6816,0.0
6817,0.0
6818,0.0
6819,0.0
6820,0.0
6821,0.0
6822,0.0
6823,0.0
6824,0.0
6825,0.0
6826,0.0
6827,0.0
6828,0.0
6829,0.0
6830,0.0
6831,0.0
6832,0.0
6833,0.0
6834,0.0
6835,0.0
6836,0.0
6837,0.0
6838,0.0
6839,0.0
6840,0.0
6841,0.0
6842,0.0
6843,0.0
6844,0.0
6845,0.0
6846,0.0
6847,0.0
6848,0.0
6849,0.0
6850,0.0
6851,0.0
6852,0.0
6853,0.0
6854,0.0
6855,0.0
6856,0.0
6857,0.0
6858,0.0
6859,0.0
6860,0.0
6861,0.0
6862,0.0
6863,0.0
6864,0.0
6865,0.0
6866,0.0
6867,0.0
6868,0.0
6869,0.0
6870,0.0
6871,0.0
6872,0.0
6873,0.0
6874,0.0
6875,0.0
6876,0.0
6877,0.0
6878,0.0
6879,0.0
6880,0.0
6881,0.0
6882,0.0
6883,0.0
6884,0.0
6885,0.0
6886,0.0
6887,0.0
6888,0.0
6889,0.0
6890,0.0
6891,0.0
6892,0.0
6893,0.0
6894,0.0
6895,0.0
6896,0.0
6897,0.0
6898,0.0
6899,0.0
6900,0.0
6901,0.0
6902,0.0
6903,0.0
6904,0.0
6905,0.0
6906,0.0
6907,0.0
6908,0.0
6909,0.0
6910,0.0
6911,0.0
6912,0.0
6913,0.0
6914,0.0
6915,0.0
6916,0.0
6917,0.0
6918,0.0
6919,0.0
6920,0.0
6921,0.0
6922,0.0
6923,0.0
6924,0.0
6925,0.0
6926,0.0
6927,0.0
6928,0.0
6929,0.0
6930,0.0
6931,0.0
6932,0.0
6933,0.0
6934,0.0
6935,0.0
6936,0.0
6937,0.0
6938,0.0
6939,0.0
6940,0.0
6941,0.0
6942,0.0
6943,0.0
6944,0.0
6945,0.0
6946,0.0
6947,0.0
6948,0.0
6949,0.0
6950,0.0
6951,0.0
6952,0.0
6953,0.0
6954,0.0
6955,0.0
6956,0.0
6957,0.0
6958,0.0
6959,0.0
6960,0.0
6961,0.0
6962,0.0
6963,0.0
6964,0.0
6965,0.0
6966,0.0
6967,0.0
6968,0.0
6969,0.0
6970,0.0
6971,0.0
6972,0.0
6973,0.0
6974,0.0
6975,0.0
6976,0.0
6977,0.0
6978,0.0
6979,0.0
6980,0.0
6981,0.0
6982,0.0
6983,0.0
6984,0.0
6985,0.0
6986,0.0
6987,0.0
6988,0.0
6989,0.0
6990,0.0
6991,0.0
6992,0.0
6993,0.0
6994,0.0
6995,0.0
6996,0.0
6997,0.0
6998,0.0
6999,0.0
7000,0.0
7001,0.0
7002,0.0
7003,0.0
7004,0.0
7005,0.0
7006,0.0
7007,0.0
7008,0.0
7009,0.0
7010,0.0
7011,0.0
7012,0.0
7013,0.0
7014,0.0
7015,0.0
7016,0.0
7017,0.0
7018,0.0
7019,0.0
7020,0.0
7021,0.0
7022,0.0
7023,0.0
7024,0.0
7025,0.0
7026,0.0
7027,0.0
7028,0.0
7029,0.0
7030,0.0
7031,0.0
7032,0.0
7033,0.0
7034,0.0
7035,0.0
7036,0.0
7037,0.0
7038,0.0
7039,0.0
7040,0.0
7041,0.0
7042,0.0
7043,0.0
7044,0.0
7045,0.0
7046,0.0
7047,0.0
7048,0.0
7049,0.0
7050,0.0
7051,0.0
7052,0.0
7053,0.0
7054,0.0
7055,0.0
7056,0.0
7057,0.0
7058,0.0
7059,0.0
7060,0.0
7061,0.0
7062,0.0
7063,0.0
7064,0.0
7065,0.0
7066,0.0
7067,0.0
7068,0.0
7069,0.0
7070,0.0
7071,0.0
7072,0.0
7073,0.0
7074,0.0
7075,0.0
7076,0.0
7077,0.0
7078,0.0
7079,0.0
7080,0.0
7081,0.0
7082,0.0
7083,0.0
7084,0.0
7085,0.0
7086,0.0
7087,0.0
7088,0.0
7089,0.0
7090,0.0
7091,0.0
7092,0.0
7093,0.0
7094,0.0
7095,0.0
7096,0.0
7097,0.0
7098,0.0
7099,0.0
7100,0.0
7101,0.0
7102,0.0
7103,0.0
7104,0.0
7105,0.0
7106,0.0
7107,0.0
7108,0.0
7109,0.0
7110,0.0
7111,0.0
7112,0.0
7113,0.0
7114,0.0
7115,0.0
7116,0.0
7117,0.0
7118,0.0
7119,0.0
7120,0.0
7121,0.0
7122,0.0
7123,0.0
7124,0.0
7125,0.0
7126,0.0
7127,0.0
7128,0.0
7129,0.0
7130,0.0
7131,0.0
7132,0.0
7133,0.0
7134,0.0
7135,0.0
7136,0.0
7137,0.0
7138,0.0
7139,0.0
7140,0.0
7141,0.0
7142,0.0
7143,0.0
7144,0.0
7145,0.0
7146,0.0
7147,0.0
7148,0.0
7149,0.0
7150,0.0
7151,0.0
7152,0.0
7153,0.0
7154,0.0
7155,0.0
7156,0.0
7157,0.0
7158,0.0
7159,0.0
7160,0.0
7161,0.0
7162,0.0
7163,0.0
7164,0.0
7165,0.0
7166,0.0
7167,0.0
7168,0.0
7169,0.0
7170,0.0
7171,0.0
7172,0.0
7173,0.0
7174,0.0
7175,0.0
7176,0.0
7177,0.0
7178,0.0
7179,0.0
7180,0.0
7181,0.0
7182,0.0
7183,0.0
7184,0.0
7185,0.0
7186,0.0
7187,0.0
7188,0.0
7189,0.0
7190,0.0
7191,0.0
7192,0.0
7193,0.0
7194,0.0
7195,0.0
7196,0.0
7197,0.0
7198,0.0
7199,0.0
7200,0.0
7201,0.0
7202,0.0
7203,0.0
7204,0.0
7205,0.0
7206,0.0
7207,0.0
7208,0.0
7209,0.0
7210,0.0
7211,0.0
7212,0.0
7213,0.0
7214,0.0
7215,0.0
7216,0.0
7217,0.0
7218,0.0
7219,0.0
7220,0.0
7221,0.0
7222,0.0
7223,0.0
7224,0.0
7225,0.0
7226,0.0
7227,0.0
7228,0.0
7229,0.0
7230,0.0
7231,0.0
7232,0.0
7233,0.0
7234,0.0
7235,0.0
7236,0.0
7237,0.0
7238,0.0
7239,0.0
7240,0.0
7241,0.0
7242,0.0
7243,0.0
7244,0.0
7245,0.0
7246,0.0
7247,0.0
7248,0.0
7249,0.0
7250,0.0
7251,0.0
7252,0.0
7253,0.0
7254,0.0
7255,0.0
7256,0.0
7257,0.0
7258,0.0
7259,0.0
7260,0.0
7261,0.0
7262,0.0
7263,0.0
7264,0.0
7265,0.0
7266,0.0
7267,0.0
7268,0.0
7269,0.0
7270,0.0
7271,0.0
7272,0.0
7273,0.0
7274,0.0
7275,0.0
7276,0.0
7277,0.0
7278,0.0
7279,0.0
7280,0.0
7281,0.0
7282,0.0
7283,0.0
7284,0.0
7285,0.0
7286,0.0
7287,0.0
7288,0.0
7289,0.0
7290,0.0
7291,0.0
7292,0.0
7293,0.0
7294,0.0
7295,0.0
7296,0.0
7297,0.0
7298,0.0
7299,0.0
7300,0.0
7301,0.0
7302,0.0
7303,0.0
7304,0.0
7305,0.0
7306,0.0
7307,0.0
7308,0.0
7309,0.0
7310,0.0
7311,0.0
7312,0.0
7313,0.0
7314,0.0
7315,0.0
7316,0.0
7317,0.0
7318,0.0
7319,0.0
7320,0.0
7321,0.0
7322,0.0
7323,0.0
7324,0.0
7325,0.0
7326,0.0
7327,0.0
7328,0.0
7329,0.0
7330,0.0
7331,0.0
7332,0.0
7333,0.0
7334,0.0
7335,0.0
7336,0.0
7337,0.0
7338,0.0
7339,0.0
7340,0.0
7341,0.0
7342,0.0
7343,0.0
7344,0.0
7345,0.0
7346,0.0
7347,0.0
7348,0.0
7349,0.0
7350,0.0
7351,0.0
7352,0.0
7353,0.0
7354,0.0
7355,0.0
7356,0.0
7357,0.0
7358,0.0
7359,0.0
7360,0.0
7361,0.0
7362,0.0
7363,0.0
7364,0.0
7365,0.0
7366,0.0
7367,0.0
7368,0.0
7369,0.0
7370,0.0
7371,0.0
7372,0.0
7373,0.0
7374,0.0
7375,0.0
7376,0.0
7377,0.0
7378,0.0
7379,0.0
7380,0.0
7381,0.0
7382,0.0
7383,0.0
7384,0.0
7385,0.0
7386,0.0
7387,0.0
7388,0.0
7389,0.0
7390,0.0
7391,0.0
7392,0.0
7393,0.0
7394,0.0
7395,0.0
7396,0.0
7397,0.0
7398,0.0
7399,0.0
7400,0.0
7401,0.0
7402,0.0
7403,0.0
7404,0.0
7405,0.0
7406,0.0
7407,0.0
7408,0.0
7409,0.0
7410,0.0
7411,0.0
7412,0.0
7413,0.0
7414,0.0
7415,0.0
7416,0.0
7417,0.0
7418,0.0
7419,0.0
7420,0.0
7421,0.0
7422,0.0
7423,0.0
7424,0.0
7425,0.0
7426,0.0
7427,0.0
7428,0.0
7429,0.0
7430,0.0
7431,0.0
7432,0.0
7433,0.0
7434,0.0
7435,0.0
7436,0.0
7437,0.0
7438,0.0
7439,0.0
7440,0.0
7441,0.0
7442,0.0
7443,0.0
7444,0.0
7445,0.0
7446,0.0
7447,0.0
7448,0.0
7449,0.0
7450,0.0
7451,0.0
7452,0.0
7453,0.0
7454,0.0
7455,0.0
7456,0.0
7457,0.0
7458,0.0
7459,0.0
7460,0.0
7461,0.0
7462,0.0
7463,0.0
7464,0.0
7465,0.0
7466,0.0
7467,0.0
7468,0.0
7469,0.0
7470,0.0
7471,0.0
7472,0.0
7473,0.0
7474,0.0
7475,0.0
7476,0.0
7477,0.0
7478,0.0
7479,0.0
7480,0.0
7481,0.0
7482,0.0
7483,0.0
7484,0.0
7485,0.0
7486,0.0
7487,0.0
7488,0.0
7489,0.0
7490,0.0
7491,0.0
7492,0.0
7493,0.0
7494,0.0
7495,0.0
7496,0.0
7497,0.0
7498,0.0
7499,0.0
7500,0.0
7501,0.0
7502,0.0
7503,0.0
7504,0.0
7505,0.0
7506,0.0
7507,0.0
7508,0.0
7509,0.0
7510,0.0
7511,0.0
7512,0.0
7513,0.0
7514,0.0
7515,0.0
7516,0.0
7517,0.0
7518,0.0
7519,0.0
7520,0.0
7521,0.0
7522,0.0
7523,0.0
7524,0.0
7525,0.0
7526,0.0
7527,0.0
7528,0.0
7529,0.0
7530,0.0
7531,0.0
7532,0.0
7533,0.0
7534,0.0
7535,0.0
7536,0.0
7537,0.0
7538,0.0
7539,0.0
7540,0.0
7541,0.0
7542,0.0
7543,0.0
7544,0.0
7545,0.0
7546,0.0
7547,0.0
7548,0.0
7549,0.0
7550,0.0
7551,0.0
7552,0.0
7553,0.0
7554,0.0
7555,0.0
7556,0.0
7557,0.0
7558,0.0
7559,0.0
7560,0.0
7561,0.0
7562,0.0
7563,0.0
7564,0.0
7565,0.0
7566,0.0
7567,0.0
7568,0.0
7569,0.0
7570,0.0
7571,0.0
7572,0.0
7573,0.0
7574,0.0
7575,0.0
7576,0.0
7577,0.0
7578,0.0
7579,0.0
7580,0.0
7581,0.0
7582,0.0
7583,0.0
7584,0.0
7585,0.0
7586,0.0
7587,0.0
7588,0.0
7589,0.0
7590,0.0
7591,0.0
7592,0.0
7593,0.0
7594,0.0
7595,0.0
7596,0.0
7597,0.0
7598,0.0
7599,0.0
7600,0.0
7601,0.0
7602,0.0
7603,0.0
7604,0.0
7605,0.0
7606,0.0
7607,0.0
7608,0.0
7609,0.0
7610,0.0
7611,0.0
7612,0.0
7613,0.0
7614,0.0
7615,0.0
7616,0.0
7617,0.0
7618,0.0
7619,0.0
7620,0.0
7621,0.0
7622,0.0
7623,0.0
7624,0.0
7625,0.0
7626,0.0
7627,0.0
7628,0.0
7629,0.0
7630,0.0
7631,0.0
7632,0.0
7633,0.0
7634,0.0
7635,0.0
7636,0.0
7637,0.0
7638,0.0
7639,0.0
7640,0.0
7641,0.0
7642,0.0
7643,0.0
7644,0.0
7645,0.0
7646,0.0
7647,0.0
7648,0.0
7649,0.0
7650,0.0
7651,0.0
7652,0.0
7653,0.0
7654,0.0
7655,0.0
7656,0.0
7657,0.0
7658,0.0
7659,0.0
7660,0.0
7661,0.0
7662,0.0
7663,0.0
7664,0.0
7665,0.0
7666,0.0
7667,0.0
7668,0.0
7669,0.0
7670,0.0
7671,0.0
7672,0.0
7673,0.0
7674,0.0
7675,0.0
7676,0.0
7677,0.0
7678,0.0
7679,0.0
7680,0.0
7681,0.0
7682,0.0
7683,0.0
7684,0.0
7685,0.0
7686,0.0
7687,0.0
7688,0.0
7689,0.0
7690,0.0
7691,0.0
7692,0.0
7693,0.0
7694,0.0
7695,0.0
7696,0.0
7697,0.0
7698,0.0
7699,0.0
7700,0.0
7701,0.0
7702,0.0
7703,0.0
7704,0.0
7705,0.0
7706,0.0
7707,0.0
7708,0.0
7709,0.0
7710,0.0
7711,0.0
7712,0.0
7713,0.0
7714,0.0
7715,0.0
7716,0.0
7717,0.0
7718,0.0
7719,0.0
7720,0.0
7721,0.0
7722,0.0
7723,0.0
7724,0.0
7725,0.0
7726,0.0
7727,0.0
7728,0.0
7729,0.0
7730,0.0
7731,0.0
7732,0.0
7733,0.0
7734,0.0
7735,0.0
7736,0.0
7737,0.0
7738,0.0
7739,0.0
7740,0.0
7741,0.0
7742,0.0
7743,0.0
7744,0.0
7745,0.0
7746,0.0
7747,0.0
7748,0.0
7749,0.0
7750,0.0
7751,0.0
7752,0.0
7753,0.0
7754,0.0
7755,0.0
7756,0.0
7757,0.0
7758,0.0
7759,0.0
7760,0.0
7761,0.0
7762,0.0
7763,0.0
7764,0.0
7765,0.0
7766,0.0
7767,0.0
7768,0.0
7769,0.0
7770,0.0
7771,0.0
7772,0.0
7773,0.0
7774,0.0
7775,0.0
7776,0.0
7777,0.0
7778,0.0
7779,0.0
7780,0.0
7781,0.0
7782,0.0
7783,0.0
7784,0.0
7785,0.0
7786,0.0
7787,0.0
7788,0.0
7789,0.0
7790,0.0
7791,0.0
7792,0.0
7793,0.0
7794,0.0
7795,0.0
7796,0.0
7797,0.0
7798,0.0
7799,0.0
7800,0.0
7801,0.0
7802,0.0
7803,0.0
7804,0.0
7805,0.0
7806,0.0
7807,0.0
7808,0.0
7809,0.0
7810,0.0
7811,0.0
7812,0.0
7813,0.0
7814,0.0
7815,0.0
7816,0.0
7817,0.0
7818,0.0
7819,0.0
7820,0.0
7821,0.0
7822,0.0
7823,0.0
7824,0.0
7825,0.0
7826,0.0
7827,0.0
7828,0.0
7829,0.0
7830,0.0
7831,0.0
7832,0.0
7833,0.0
7834,0.0
7835,0.0
7836,0.0
7837,0.0
7838,0.0
7839,0.0
7840,0.0
7841,0.0
7842,0.0
7843,0.0
7844,0.0
7845,0.0
7846,0.0
7847,0.0
7848,0.0
7849,0.0
7850,0.0
7851,0.0
7852,0.0
7853,0.0
7854,0.0
7855,0.0
7856,0.0
7857,0.0
7858,0.0
7859,0.0
7860,0.0
7861,0.0
7862,0.0
7863,0.0
7864,0.0
7865,0.0
7866,0.0
7867,0.0
7868,0.0
7869,0.0
7870,0.0
7871,0.0
7872,0.0
7873,0.0
7874,0.0
7875,0.0
7876,0.0
7877,0.0
7878,0.0
7879,0.0
7880,0.0
7881,0.0
7882,0.0
7883,0.0
7884,0.0
7885,0.0
7886,0.0
7887,0.0
7888,0.0
7889,0.0
7890,0.0
7891,0.0
7892,0.0
7893,0.0
7894,0.0
7895,0.0
7896,0.0
7897,0.0
7898,0.0
7899,0.0
7900,0.0
7901,0.0
7902,0.0
7903,0.0
7904,0.0
7905,0.0
7906,0.0
7907,0.0
7908,0.0
7909,0.0
7910,0.0
7911,0.0
7912,0.0
7913,0.0
7914,0.0
7915,0.0
7916,0.0
7917,0.0
7918,0.0
7919,0.0
7920,0.0
7921,0.0
7922,0.0
7923,0.0
7924,0.0
7925,0.0
7926,0.0
7927,0.0
7928,0.0
7929,0.0
7930,0.0
7931,0.0
7932,0.0
7933,0.0
7934,0.0
7935,0.0
7936,0.0
7937,0.0
7938,0.0
7939,0.0
7940,0.0
7941,0.0
7942,0.0
7943,0.0
7944,0.0
7945,0.0
7946,0.0
7947,0.0
7948,0.0
7949,0.0
7950,0.0
7951,0.0
7952,0.0
7953,0.0
7954,0.0
7955,0.0
7956,0.0
7957,0.0
7958,0.0
7959,0.0
7960,0.0
7961,0.0
7962,0.0
7963,0.0
7964,0.0
7965,0.0
7966,0.0
7967,0.0
7968,0.0
7969,0.0
7970,0.0
7971,0.0
7972,0.0
7973,0.0
7974,0.0
7975,0.0
7976,0.0
7977,0.0
7978,0.0
7979,0.0
7980,0.0
7981,0.0
7982,0.0
7983,0.0
7984,0.0
7985,0.0
7986,0.0
7987,0.0
7988,0.0
7989,0.0
7990,0.0
7991,0.0
7992,0.0
7993,0.0
7994,0.0
7995,0.0
7996,0.0
7997,0.0
7998,0.0
7999,0.0
8000,0.0
8001,0.0
8002,0.0
8003,0.0
8004,0.0
8005,0.0
8006,0.0
8007,0.0
8008,0.0
8009,0.0
8010,0.0
8011,0.0
8012,0.0
8013,0.0
8014,0.0
8015,0.0
8016,0.0
8017,0.0
8018,0.0
8019,0.0
8020,0.0
8021,0.0
8022,0.0
8023,0.0
8024,0.0
8025,0.0
8026,0.0
8027,0.0
8028,0.0
8029,0.0
8030,0.0
8031,0.0
8032,0.0
8033,0.0
8034,0.0
8035,0.0
8036,0.0
8037,0.0
8038,0.0
8039,0.0
8040,0.0
8041,0.0
8042,0.0
8043,0.0
8044,0.0
8045,0.0
8046,0.0
8047,0.0
8048,0.0
8049,0.0
8050,0.0
8051,0.0
8052,0.0
8053,0.0
8054,0.0
8055,0.0
8056,0.0
8057,0.0
8058,0.0
8059,0.0
8060,0.0
8061,0.0
8062,0.0
8063,0.0
8064,0.0
8065,0.0
8066,0.0
8067,0.0
8068,0.0
8069,0.0
8070,0.0
8071,0.0
8072,0.0
8073,0.0
8074,0.0
8075,0.0
8076,0.0
8077,0.0
8078,0.0
8079,0.0
8080,0.0
8081,0.0
8082,0.0
8083,0.0
8084,0.0
8085,0.0
8086,0.0
8087,0.0
8088,0.0
8089,0.0
8090,0.0
8091,0.0
8092,0.0
8093,0.0
8094,0.0
8095,0.0
8096,0.0
8097,0.0
8098,0.0
8099,0.0
8100,0.0
8101,0.0
8102,0.0
8103,0.0
8104,0.0
8105,0.0
8106,0.0
8107,0.0
8108,0.0
8109,0.0
8110,0.0
8111,0.0
8112,0.0
8113,0.0
8114,0.0
8115,0.0
8116,0.0
8117,0.0
8118,0.0
8119,0.0
8120,0.0
8121,0.0
8122,0.0
8123,0.0
8124,0.0
8125,0.0
8126,0.0
8127,0.0
8128,0.0
8129,0.0
8130,0.0
8131,0.0
8132,0.0
8133,0.0
8134,0.0
8135,0.0
8136,0.0
8137,0.0
8138,0.0
8139,0.0
8140,0.0
8141,0.0
8142,0.0
8143,0.0
8144,0.0
8145,0.0
8146,0.0
8147,0.0
8148,0.0
8149,0.0
8150,0.0
8151,0.0
8152,0.0
8153,0.0
8154,0.0
8155,0.0
8156,0.0
8157,0.0
8158,0.0
8159,0.0
8160,0.0
8161,0.0
8162,0.0
8163,0.0
8164,0.0
8165,0.0
8166,0.0
8167,0.0
8168,0.0
8169,0.0
8170,0.0
8171,0.0
8172,0.0
8173,0.0
8174,0.0
8175,0.0
8176,0.0
8177,0.0
8178,0.0
8179,0.0
8180,0.0
8181,0.0
8182,0.0
8183,0.0
8184,0.0
8185,0.0
8186,0.0
8187,0.0
8188,0.0
8189,0.0
8190,0.0
8191,0.0
8192,0.0
8193,0.0
8194,0.0
8195,0.0
8196,0.0
8197,0.0
8198,0.0
8199,0.0
8200,0.0
8201,0.0
8202,0.0
8203,0.0
8204,0.0
8205,0.0
8206,0.0
8207,0.0
8208,0.0
8209,0.0
8210,0.0
8211,0.0
8212,0.0
8213,0.0
8214,0.0
8215,0.0
8216,0.0
8217,0.0
8218,0.0
8219,0.0
8220,0.0
8221,0.0
8222,0.0
8223,0.0
8224,0.0
8225,0.0
8226,0.0
8227,0.0
8228,0.0
8229,0.0
8230,0.0
8231,0.0
8232,0.0
8233,0.0
8234,0.0
8235,0.0
8236,0.0
8237,0.0
8238,0.0
8239,0.0
8240,0.0
8241,0.0
8242,0.0
8243,0.0
8244,0.0
8245,0.0
8246,0.0
8247,0.0
8248,0.0
8249,0.0
8250,0.0
8251,0.0
8252,0.0
8253,0.0
8254,0.0
8255,0.0
8256,0.0
8257,0.0
8258,0.0
8259,0.0
8260,0.0
8261,0.0
8262,0.0
8263,0.0
8264,0.0
8265,0.0
8266,0.0
8267,0.0
8268,0.0
8269,0.0
8270,0.0
8271,0.0
8272,0.0
8273,0.0
8274,0.0
8275,0.0
8276,0.0
8277,0.0
8278,0.0
8279,0.0
8280,0.0
8281,0.0
8282,0.0
8283,0.0
8284,0.0
8285,0.0
8286,0.0
8287,0.0
8288,0.0
8289,0.0
8290,0.0
8291,0.0
8292,0.0
8293,0.0
8294,0.0
8295,0.0
8296,0.0
8297,0.0
8298,0.0
8299,0.0
8300,0.0
8301,0.0
8302,0.0
8303,0.0
8304,0.0
8305,0.0
8306,0.0
8307,0.0
8308,0.0
8309,0.0
8310,0.0
8311,0.0
8312,0.0
8313,0.0
8314,0.0
8315,0.0
8316,0.0
8317,0.0
8318,0.0
8319,0.0
8320,0.0
8321,0.0
8322,0.0
8323,0.0
8324,0.0
8325,0.0
8326,0.0
8327,0.0
8328,0.0
8329,0.0
8330,0.0
8331,0.0
8332,0.0
8333,0.0
8334,0.0
8335,0.0
8336,0.0
8337,0.0
8338,0.0
8339,0.0
8340,0.0
8341,0.0
8342,0.0
8343,0.0
8344,0.0
8345,0.0
8346,0.0
8347,0.0
8348,0.0
8349,0.0
8350,0.0
8351,0.0
8352,0.0
8353,0.0
8354,0.0
8355,0.0
8356,0.0
8357,0.0
8358,0.0
8359,0.0
8360,0.0
8361,0.0
8362,0.0
8363,0.0
8364,0.0
8365,0.0
8366,0.0
8367,0.0
8368,0.0
8369,0.0
8370,0.0
8371,0.0
8372,0.0
8373,0.0
8374,0.0
8375,0.0
8376,0.0
8377,0.0
8378,0.0
8379,0.0
8380,0.0
8381,0.0
8382,0.0
8383,0.0
8384,0.0
8385,0.0
8386,0.0
8387,0.0
8388,0.0
8389,0.0
8390,0.0
8391,0.0
8392,0.0
8393,0.0
8394,0.0
8395,0.0
8396,0.0
8397,0.0
8398,0.0
8399,0.0
8400,0.0
8401,0.0
8402,0.0
8403,0.0
8404,0.0
8405,0.0
8406,0.0
8407,0.0
8408,0.0
8409,0.0
8410,0.0
8411,0.0
8412,0.0
8413,0.0
8414,0.0
8415,0.0
8416,0.0
8417,0.0
8418,0.0
8419,0.0
8420,0.0
8421,0.0
8422,0.0
8423,0.0
8424,0.0
8425,0.0
8426,0.0
8427,0.0
8428,0.0
8429,0.0
8430,0.0
8431,0.0
8432,0.0
8433,0.0
8434,0.0
8435,0.0
8436,0.0
8437,0.0
8438,0.0
8439,0.0
8440,0.0
8441,0.0
8442,0.0
8443,0.0
8444,0.0
8445,0.0
8446,0.0
8447,0.0
8448,0.0
8449,0.0
8450,0.0
8451,0.0
8452,0.0
8453,0.0
8454,0.0
8455,0.0
8456,0.0
8457,0.0
8458,0.0
8459,0.0
8460,0.0
8461,0.0
8462,0.0
8463,0.0
8464,0.0
8465,0.0
8466,0.0
8467,0.0
8468,0.0
8469,0.0
8470,0.0
8471,0.0
8472,0.0
8473,0.0
8474,0.0
8475,0.0
8476,0.0
8477,0.0
8478,0.0
8479,0.0
8480,0.0
8481,0.0
8482,0.0
8483,0.0
8484,0.0
8485,0.0
8486,0.0
8487,0.0
8488,0.0
8489,0.0
8490,0.0
8491,0.0
8492,0.0
8493,0.0
8494,0.0
8495,0.0
8496,0.0
8497,0.0
8498,0.0
8499,0.0
8500,0.0
8501,0.0
8502,0.0
8503,0.0
8504,0.0
8505,0.0
8506,0.0
8507,0.0
8508,0.0
8509,0.0
8510,0.0
8511,0.0
8512,0.0
8513,0.0
8514,0.0
8515,0.0
8516,0.0
8517,0.0
8518,0.0
8519,0.0
8520,0.0
8521,0.0
8522,0.0
8523,0.0
8524,0.0
8525,0.0
8526,0.0
8527,0.0
8528,0.0
8529,0.0
8530,0.0
8531,0.0
8532,0.0
8533,0.0
8534,0.0
8535,0.0
8536,0.0
8537,0.0
8538,0.0
8539,0.0
8540,0.0
8541,0.0
8542,0.0
8543,0.0
8544,0.0
8545,0.0
8546,0.0
8547,0.0
8548,0.0
8549,0.0
8550,0.0
8551,0.0
8552,0.0
8553,0.0
8554,0.0
8555,0.0
8556,0.0
8557,0.0
8558,0.0
8559,0.0
8560,0.0
8561,0.0
8562,0.0
8563,0.0
8564,0.0
8565,0.0
8566,0.0
8567,0.0
8568,0.0
8569,0.0
8570,0.0
8571,0.0
8572,0.0
8573,0.0
8574,0.0
8575,0.0
8576,0.0
8577,0.0
8578,0.0
8579,0.0
8580,0.0
8581,0.0
8582,0.0
8583,0.0
8584,0.0
8585,0.0
8586,0.0
8587,0.0
8588,0.0
8589,0.0
8590,0.0
8591,0.0
8592,0.0
8593,0.0
8594,0.0
8595,0.0
8596,0.0
8597,0.0
8598,0.0
8599,0.0
8600,0.0
8601,0.0
8602,0.0
8603,0.0
8604,0.0
8605,0.0
8606,0.0
8607,0.0
8608,0.0
8609,0.0
8610,0.0
8611,0.0
8612,0.0
8613,0.0
8614,0.0
8615,0.0
8616,0.0
8617,0.0
8618,0.0
8619,0.0
8620,0.0
8621,0.0
8622,0.0
8623,0.0
8624,0.0
8625,0.0
8626,0.0
8627,0.0
8628,0.0
8629,0.0
8630,0.0
8631,0.0
8632,0.0
8633,0.0
8634,0.0
8635,0.0
8636,0.0
8637,0.0
8638,0.0
8639,0.0
8640,0.0
8641,0.0
8642,0.0
8643,0.0
8644,0.0
8645,0.0
8646,0.0
8647,0.0
8648,0.0
8649,0.0
8650,0.0
8651,0.0
8652,0.0
8653,0.0
8654,0.0
8655,0.0
8656,0.0
8657,0.0
8658,0.0
8659,0.0
8660,0.0
8661,0.0
8662,0.0
8663,0.0
8664,0.0
8665,0.0
8666,0.0
8667,0.0
8668,0.0
8669,0.0
8670,0.0
8671,0.0
8672,0.0
8673,0.0
8674,0.0
8675,0.0
8676,0.0
8677,0.0
8678,0.0
8679,0.0
8680,0.0
8681,0.0
8682,0.0
8683,0.0
8684,0.0
8685,0.0
8686,0.0
8687,0.0
8688,0.0
8689,0.0
8690,0.0
8691,0.0
8692,0.0
8693,0.0
8694,0.0
8695,0.0
8696,0.0
8697,0.0
8698,0.0
8699,0.0
8700,0.0
8701,0.0
8702,0.0
8703,0.0
8704,0.0
8705,0.0
8706,0.0
8707,0.0
8708,0.0
8709,0.0
8710,0.0
8711,0.0
8712,0.0
8713,0.0
8714,0.0
8715,0.0
8716,0.0
8717,0.0
8718,0.0
8719,0.0
8720,0.0
8721,0.0
8722,0.0
8723,0.0
8724,0.0
8725,0.0
8726,0.0
8727,0.0
8728,0.0
8729,0.0
8730,0.0
8731,0.0
8732,0.0
8733,0.0
8734,0.0
8735,0.0
8736,0.0
8737,0.0
8738,0.0
8739,0.0
8740,0.0
8741,0.0
8742,0.0
8743,0.0
8744,0.0
8745,0.0
8746,0.0
8747,0.0
8748,0.0
8749,0.0
8750,0.0
8751,0.0
8752,0.0
8753,0.0
8754,0.0
8755,0.0
8756,0.0
8757,0.0
8758,0.0
8759,0.0
8760,0.0
