Koordinatensystem : Lambert konform konisch
Rechtswert        : 3823500 Meter
Hochwert          : 2818500 Meter
Hoehenlage        : 73 Meter ueber NN
Erstellung des Datensatzes im Mai 2016

Art des TRY       : mittleres Jahr
Bezugszeitraum    : 1995-2012
Datenbasis        : Beobachtungsdaten Zeitraum 1995-2012

Format: (i7,1x,i7,1x,i2,1x,i2,1x,i2,1x,f5.1,1x,i4,1x,3i,1x,f4.1,1x,i1,1x,f4.1,1x,i3,1x,i4,1x,i4,1x,i3,1x,i4,2x,i1)

Reihenfolge der Parameter:
RW Rechtswert                                                    [m]       {3670500;3671500..4389500}
HW Hochwert                                                      [m]       {2242500;2243500..3179500}
MM Monat                                                                   {1..12}
DD Tag                                                                     {1..28,30,31}
HH Stunde (MEZ)                                                            {1..24}
t  Lufttemperatur in 2m Hoehe ueber Grund                        [GradC]
p  Luftdruck in Standorthoehe                                    [hPa]
WR Windrichtung in 10 m Hoehe ueber Grund                        [Grad]    {0..360;999}
WG Windgeschwindigkeit in 10 m Hoehe ueber Grund                 [m/s]
N  Bedeckungsgrad                                                [Achtel]  {0..8;9}
x  Wasserdampfgehalt, Mischungsverhaeltnis                       [g/kg]
RF Relative Feuchte in 2 m Hoehe ueber Grund                     [Prozent] {1..100}
B  Direkte Sonnenbestrahlungsstaerke (horiz. Ebene)              [W/m^2]   abwaerts gerichtet: positiv
D  Diffuse Sonnenbetrahlungsstaerke (horiz. Ebene)               [W/m^2]   abwaerts gerichtet: positiv
A  Bestrahlungsstaerke d. atm. Waermestrahlung (horiz. Ebene)    [W/m^2]   abwaerts gerichtet: positiv
E  Bestrahlungsstaerke d. terr. Waermestrahlung                  [W/m^2]   aufwaerts gerichtet: negativ
IL Qualitaetsbit bezueglich der Auswahlkriterien                           {0;1;2;3;4}


     RW      HW MM DD HH     t    p  WR   WG N    x  RF    B    D   A    E IL
*** 
3823500 2818500  1  1  1   1.6 1024 240  3.4 7  4.0  94    0    0 250 -282  2
3823500 2818500  1  1  2   0.6 1024 250  3.6 7  3.7  94    0    0 250 -282  2
3823500 2818500  1  1  3  -0.3 1024 259  3.6 6  3.5  94    0    0 243 -281  2
3823500 2818500  1  1  4  -0.5 1024 264  3.2 6  3.4  94    0    0 239 -281  2
3823500 2818500  1  1  5  -0.9 1025 268  2.8 5  3.3  93    0    0 232 -281  2
3823500 2818500  1  1  6  -1.3 1025 271  2.0 4  3.2  94    0    0 225 -281  2
3823500 2818500  1  1  7  -1.5 1025 273  2.6 5  3.2  94    0    0 223 -281  2
3823500 2818500  1  1  8  -1.6 1026 262  1.5 5  3.2  97    0    0 226 -281  2
3823500 2818500  1  1  9  -0.8 1026 256  2.4 4  3.3  96    0    0 226 -281  2
3823500 2818500  1  1 10  -0.7 1027 257  2.7 3  3.3  94   43   15 223 -282  2
3823500 2818500  1  1 11   0.2 1027 257  3.1 3  3.4  91   91   27 221 -284  2
3823500 2818500  1  1 12   0.5 1027 256  4.1 3  3.4  89   34   84 223 -287  2
3823500 2818500  1  1 13   1.0 1027 254  3.9 3  3.5  87   48   90 225 -290  2
3823500 2818500  1  1 14   0.8 1027 256  4.1 4  3.4  86   48   79 229 -292  2
3823500 2818500  1  1 15   0.1 1027 252  4.0 4  3.4  87   16   59 230 -292  2
3823500 2818500  1  1 16  -0.3 1027 250  4.7 5  3.3  89    0   15 229 -291  2
3823500 2818500  1  1 17  -0.5 1027 250  5.0 6  3.3  90    0    0 233 -288  2
3823500 2818500  1  1 18  -0.6 1027 253  5.2 7  3.3  92    0    0 238 -286  2
3823500 2818500  1  1 19  -0.3 1026 255  4.9 7  3.4  93    0    0 240 -285  2
3823500 2818500  1  1 20  -0.1 1026 254  5.0 8  3.4  93    0    0 244 -285  2
3823500 2818500  1  1 21   0.0 1026 257  5.6 8  3.5  94    0    0 248 -284  2
3823500 2818500  1  1 22   0.0 1026 255  5.3 8  3.5  94    0    0 249 -283  2
3823500 2818500  1  1 23  -0.2 1026 252  5.0 8  3.5  94    0    0 250 -282  2
3823500 2818500  1  1 24  -0.2 1026 259  5.4 8  3.4  93    0    0 249 -282  2
3823500 2818500  1  2  1  -0.5 1026 257  4.8 7  3.4  93    0    0 247 -280  2
3823500 2818500  1  2  2  -0.5 1025 266  4.7 7  3.4  94    0    0 246 -279  2
3823500 2818500  1  2  3  -0.3 1025 257  5.2 7  3.4  94    0    0 247 -278  2
3823500 2818500  1  2  4  -0.2 1025 257  4.7 7  3.4  94    0    0 250 -278  2
3823500 2818500  1  2  5   0.0 1025 264  4.5 7  3.5  93    0    0 255 -277  2
3823500 2818500  1  2  6  -0.1 1025 261  4.7 8  3.5  93    0    0 263 -277  2
3823500 2818500  1  2  7  -0.2 1025 260  4.4 8  3.5  93    0    0 273 -276  2
3823500 2818500  1  2  8  -0.2 1025 259  4.3 8  3.5  94    0    0 279 -276  2
3823500 2818500  1  2  9  -0.3 1025 260  3.5 8  3.5  94    0    0 283 -275  2
3823500 2818500  1  2 10  -0.3 1025 252  3.0 7  3.5  95    0   10 282 -275  2
3823500 2818500  1  2 11   0.1 1026 256  3.1 8  3.6  96    0   26 285 -277  2
3823500 2818500  1  2 12   0.3 1026 254  2.7 8  3.6  95    0   48 291 -281  2
3823500 2818500  1  2 13   1.2 1026 264  3.3 6  3.7  92    1   82 282 -285  2
3823500 2818500  1  2 14   1.2 1026 260  3.7 7  3.7  90    0   49 278 -288  2
3823500 2818500  1  2 15   1.0 1025 255  3.2 7  3.7  91    0   47 282 -288  2
3823500 2818500  1  2 16   0.8 1025 253  1.6 7  3.7  92    0   13 282 -285  2
3823500 2818500  1  2 17   0.3 1025 274  1.5 7  3.6  93    0    3 280 -280  2
3823500 2818500  1  2 18   0.2 1025  26  0.3 7  3.6  94    0    0 280 -277  2
3823500 2818500  1  2 19   0.2 1026  21  0.0 8  3.6  96    0    0 283 -279  2
3823500 2818500  1  2 20   0.1 1026  14  0.0 8  3.7  96    0    0 285 -281  2
3823500 2818500  1  2 21   0.6 1026  91  1.1 8  3.7  95    0    0 282 -281  2
3823500 2818500  1  2 22   0.6 1026  91  1.3 8  3.7  94    0    0 280 -282  2
3823500 2818500  1  2 23   0.5 1026  93  1.5 8  3.6  92    0    0 277 -284  2
3823500 2818500  1  2 24   0.4 1027  96  1.7 8  3.5  91    0    0 273 -288  2
3823500 2818500  1  3  1   0.2 1027  81  1.4 7  3.4  90    0    0 265 -291  2
3823500 2818500  1  3  2  -0.5 1027  90  1.6 5  3.2  87    0    0 248 -292  2
3823500 2818500  1  3  3  -1.4 1027  90  0.1 3  3.1  88    0    0 228 -292  2
3823500 2818500  1  3  4  -2.2 1027 100  0.8 2  2.9  88    0    0 215 -292  2
3823500 2818500  1  3  5  -2.6 1028  93  1.4 1  2.7  87    0    0 208 -290  2
3823500 2818500  1  3  6  -2.9 1028  95  1.9 0  2.6  86    0    0 204 -288  2
3823500 2818500  1  3  7  -3.4 1027 104  2.2 1  2.5  85    0    0 203 -286  2
3823500 2818500  1  3  8  -3.9 1027 120  2.1 1  2.4  83    0    0 202 -285  2
3823500 2818500  1  3  9  -4.0 1027 114  2.3 1  2.2  80    0    0 200 -284  2
3823500 2818500  1  3 10  -3.2 1027 115  2.5 1  2.2  77   34   27 200 -283  2
3823500 2818500  1  3 11  -2.9 1027 119  2.4 2  2.2  73  108   34 201 -283  2
3823500 2818500  1  3 12  -2.4 1028 111  2.3 1  2.2  71  147   40 200 -285  2
3823500 2818500  1  3 13  -2.0 1028 100  2.0 2  2.2  68  162   41 200 -288  2
3823500 2818500  1  3 14  -1.3 1028 106  2.4 2  2.1  65  150   35 202 -290  2
3823500 2818500  1  3 15  -1.4 1028  95  2.2 3  2.1  62   89   39 204 -291  2
3823500 2818500  1  3 16  -1.9 1028 107  2.1 3  2.1  63   46   23 205 -289  2
3823500 2818500  1  3 17  -2.7 1028 101  1.8 3  2.0  65    0    0 204 -286  2
3823500 2818500  1  3 18  -3.2 1027 104  2.0 2  2.0  66    0    0 201 -283  2
3823500 2818500  1  3 19  -3.5 1027 111  2.0 0  1.9  65    0    0 196 -282  2
3823500 2818500  1  3 20  -3.9 1027 114  2.3 0  1.8  65    0    0 192 -280  2
3823500 2818500  1  3 21  -4.2 1027  96  1.6 0  1.8  64    0    0 191 -279  2
3823500 2818500  1  3 22  -4.6 1027 101  1.7 0  1.7  65    0    0 190 -278  2
3823500 2818500  1  3 23  -4.8 1027 106  1.2 1  1.7  66    0    0 192 -278  2
3823500 2818500  1  3 24  -5.4 1027 105  0.9 1  1.7  66    0    0 193 -277  2
3823500 2818500  1  4  1  -5.1 1026  90  1.3 2  1.7  66    0    0 195 -276  2
3823500 2818500  1  4  2  -5.7 1026  97  1.4 2  1.7  66    0    0 197 -276  2
3823500 2818500  1  4  3  -5.7 1026 102  0.9 1  1.6  66    0    0 194 -275  2
3823500 2818500  1  4  4  -5.9 1026  96  0.9 0  1.6  66    0    0 191 -275  2
3823500 2818500  1  4  5  -6.5 1025  90  0.8 0  1.6  67    0    0 188 -275  2
3823500 2818500  1  4  6  -7.0 1025 109  0.7 0  1.6  69    0    0 186 -275  2
3823500 2818500  1  4  7  -7.8 1025  88  1.1 0  1.5  71    0    0 185 -275  2
3823500 2818500  1  4  8  -7.9 1025  75  0.3 0  1.5  72    0    0 184 -275  2
3823500 2818500  1  4  9  -7.6 1026  90  0.7 0  1.5  71    0    0 184 -275  2
3823500 2818500  1  4 10  -5.6 1026 111  0.6 0  1.6  70   37   19 186 -275  2
3823500 2818500  1  4 11  -3.8 1026 110  0.9 1  1.6  63  114   23 193 -278  2
3823500 2818500  1  4 12  -1.9 1027 108  0.9 1  1.6  53  146   30 198 -281  2
3823500 2818500  1  4 13  -0.7 1027 114  0.9 1  1.7  50  152   31 202 -285  2
3823500 2818500  1  4 14  -0.4 1027 124  1.3 1  1.7  47  140   28 202 -288  2
3823500 2818500  1  4 15  -0.2 1026 127  1.3 1  1.6  45  108   22 204 -289  2
3823500 2818500  1  4 16  -1.0 1026 119  1.0 1  1.6  45   51   11 204 -287  2
3823500 2818500  1  4 17  -2.4 1026 100  1.2 1  1.6  48    0    4 202 -284  2
3823500 2818500  1  4 18  -3.4 1027 107  1.4 0  1.6  53    0    0 197 -282  2
3823500 2818500  1  4 19  -4.0 1026 133  1.0 0  1.6  57    0    0 193 -281  2
3823500 2818500  1  4 20  -4.5 1026 121  0.8 0  1.6  60    0    0 193 -281  2
3823500 2818500  1  4 21  -4.9 1026 123  1.1 0  1.6  62    0    0 191 -281  2
3823500 2818500  1  4 22  -5.5 1026 131  1.4 0  1.6  64    0    0 189 -280  2
3823500 2818500  1  4 23  -5.7 1026 136  0.7 0  1.6  67    0    0 188 -280  2
3823500 2818500  1  4 24  -6.6 1027  99  0.9 0  1.6  69    0    0 185 -280  2
3823500 2818500  1  5  1  -7.2 1027 219  0.7 0  1.6  72    0    0 182 -279  2
3823500 2818500  1  5  2  -7.5 1027 186  0.4 0  1.6  75    0    0 181 -279  2
3823500 2818500  1  5  3  -7.1 1027 165  0.6 1  1.6  75    0    0 186 -279  2
3823500 2818500  1  5  4  -6.9 1027 186  0.8 1  1.7  75    0    0 189 -279  2
3823500 2818500  1  5  5  -6.7 1027 169  1.2 1  1.7  74    0    0 190 -280  2
3823500 2818500  1  5  6  -6.9 1027 178  1.0 0  1.6  73    0    0 187 -280  2
3823500 2818500  1  5  7  -6.9 1027 190  1.0 0  1.6  74    0    0 184 -280  2
3823500 2818500  1  5  8  -7.2 1027 192  0.8 0  1.6  75    0    0 184 -280  2
3823500 2818500  1  5  9  -8.0 1027 191  0.8 0  1.6  77    0    0 184 -280  2
3823500 2818500  1  5 10  -5.3 1028 196  1.2 1  1.7  74   27   29 189 -281  2
3823500 2818500  1  5 11  -3.4 1028 190  1.2 1  1.8  67  104   33 196 -284  2
3823500 2818500  1  5 12  -1.5 1029 199  1.1 1  1.9  61  116   56 201 -288  2
3823500 2818500  1  5 13   0.1 1029 209  0.8 2  1.9  55  116   67 208 -292  2
3823500 2818500  1  5 14   1.0 1028 211  1.3 2  2.0  51  129   46 214 -296  2
3823500 2818500  1  5 15   1.1 1028 201  1.2 2  2.1  52  117   24 217 -296  2
3823500 2818500  1  5 16   0.4 1028 193  0.8 1  2.1  54   52   19 214 -295  2
3823500 2818500  1  5 17  -1.7 1028 209  0.6 2  2.1  59    0    5 212 -293  2
3823500 2818500  1  5 18  -1.8 1028 188  0.9 2  2.2  66    0    0 212 -290  2
3823500 2818500  1  5 19  -2.1 1028 184  1.4 4  2.2  69    0    0 220 -289  2
3823500 2818500  1  5 20  -1.3 1028 194  1.5 5  2.3  69    0    0 235 -289  2
3823500 2818500  1  5 21  -1.4 1028 200  1.0 7  2.3  70    0    0 251 -290  2
3823500 2818500  1  5 22  -1.3 1028 195  1.1 6  2.4  71    0    0 258 -290  2
3823500 2818500  1  5 23  -1.1 1028 194  1.1 6  2.5  72    0    0 257 -291  2
3823500 2818500  1  5 24  -1.1 1028 201  0.7 7  2.5  73    0    0 266 -292  2
3823500 2818500  1  6  1  -0.7 1028 205  1.3 6  2.6  74    0    0 269 -293  2
3823500 2818500  1  6  2  -0.5 1028 203  1.5 6  2.6  74    0    0 265 -294  2
3823500 2818500  1  6  3  -0.4 1028 197  1.2 8  2.7  74    0    0 280 -296  2
3823500 2818500  1  6  4  -0.6 1027 195  1.4 8  2.7  75    0    0 293 -298  2
3823500 2818500  1  6  5  -1.0 1027 192  1.6 7  2.7  76    0    0 287 -302  2
3823500 2818500  1  6  6  -1.0 1027 204  1.1 7  2.7  78    0    0 282 -306  2
3823500 2818500  1  6  7  -0.8 1026 206  1.3 7  2.8  80    0    0 283 -308  2
3823500 2818500  1  6  8  -0.4 1026 214  1.6 7  2.9  81    0    0 284 -311  2
3823500 2818500  1  6  9  -0.4 1026 211  1.4 8  3.1  84    0    0 291 -312  2
3823500 2818500  1  6 10  -0.3 1026 200  1.8 8  3.2  89    2   35 297 -314  2
3823500 2818500  1  6 11   0.0 1026 232  1.4 6  3.5  93   10   76 292 -315  2
3823500 2818500  1  6 12   0.1 1026 232  0.7 7  3.6  96    0   36 289 -317  2
3823500 2818500  1  6 13   0.3 1025 250  1.1 6  3.8  99    0   31 290 -318  2
3823500 2818500  1  6 14   0.6 1025 268  1.3 7  3.9 100    0   48 292 -319  2
3823500 2818500  1  6 15   0.7 1025 237  1.9 7  3.9  99    2   62 298 -319  2
3823500 2818500  1  6 16   0.8 1025 240  0.9 7  3.9  99    0   25 299 -320  2
3823500 2818500  1  6 17   0.9 1025 245  0.5 8  4.0  99    0    0 305 -320  2
3823500 2818500  1  6 18   0.9 1025 241  0.7 8  4.0  99    0    0 310 -320  2
3823500 2818500  1  6 19   1.1 1025 246  0.4 8  4.0  99    0    0 312 -320  2
3823500 2818500  1  6 20   1.1 1025 248  1.1 7  4.0 100    0    0 309 -320  2
3823500 2818500  1  6 21   1.1 1025 260  0.9 8  4.1 100    0    0 311 -320  2
3823500 2818500  1  6 22   1.3 1025 261  0.4 8  4.1  99    0    0 319 -320  2
3823500 2818500  1  6 23   1.1 1025 253  0.7 8  4.1  99    0    0 320 -320  2
3823500 2818500  1  6 24   1.4 1025 262  1.0 8  4.1 100    0    0 319 -320  2
3823500 2818500  1  7  1   1.6 1025 284  1.0 8  4.1  99    0    0 319 -320  2
3823500 2818500  1  7  2   1.8 1025 283  1.5 8  4.2  99    0    0 318 -320  2
3823500 2818500  1  7  3   1.9 1025 294  0.7 8  4.2  99    0    0 318 -320  2
3823500 2818500  1  7  4   1.9 1025 298  0.5 5  4.3 100    0    0 295 -320  2
3823500 2818500  1  7  5   1.9 1025 277  1.5 7  4.3 100    0    0 289 -320  2
3823500 2818500  1  7  6   2.0 1025 301  0.3 8  4.3  99    0    0 308 -320  2
3823500 2818500  1  7  7   1.9 1025 297  0.5 6  4.3  99    0    0 301 -320  2
3823500 2818500  1  7  8   1.6 1025 339  0.1 6  4.2 100    0    0 290 -320  2
3823500 2818500  1  7  9   1.6 1025 278  0.5 7  4.2 100    0    0 294 -320  2
3823500 2818500  1  7 10   1.8 1025 241  0.5 8  4.2  99    0   27 305 -320  2
3823500 2818500  1  7 11   2.4 1025 300  0.7 6  4.3  99    0   52 302 -320  2
3823500 2818500  1  7 12   2.7 1026 318  0.3 7  4.5  99    0   56 298 -321  2
3823500 2818500  1  7 13   3.0 1025 307  0.3 7  4.6  99    0   54 305 -323  2
3823500 2818500  1  7 14   3.1 1025 355  0.1 8  4.6  98    0   37 309 -324  2
3823500 2818500  1  7 15   2.7 1025 332  0.1 7  4.5  98    1   52 309 -323  2
3823500 2818500  1  7 16   2.6 1025 318  0.4 7  4.4  98    0   13 303 -323  2
3823500 2818500  1  7 17   2.2 1025 355  0.8 8  4.3  98    0    0 307 -321  2
3823500 2818500  1  7 18   2.0 1026 326  0.6 8  4.3  98    0    0 312 -321  2
3823500 2818500  1  7 19   1.9 1026 275  0.8 8  4.2  98    0    0 311 -321  2
3823500 2818500  1  7 20   1.6 1025 338  0.6 7  4.2  98    0    0 305 -321  2
3823500 2818500  1  7 21   1.5 1025  37  1.1 6  4.1  99    0    0 292 -321  2
3823500 2818500  1  7 22   1.4 1025  68  0.7 7  4.1  99    0    0 294 -321  2
3823500 2818500  1  7 23   1.8 1025  71  1.5 8  4.2  99    0    0 306 -320  2
3823500 2818500  1  7 24   1.8 1025  49  1.2 7  4.2  98    0    0 307 -320  2
3823500 2818500  1  8  1   1.8 1025  58  0.6 8  4.2  98    0    0 306 -320  2
3823500 2818500  1  8  2   1.8 1025  68  0.2 8  4.2  98    0    0 310 -320  2
3823500 2818500  1  8  3   1.8 1025  58  0.6 8  4.2  98    0    0 309 -320  2
3823500 2818500  1  8  4   1.8 1025  63  0.6 7  4.2  98    0    0 303 -320  2
3823500 2818500  1  8  5   1.9 1025  82  0.6 7  4.2  98    0    0 297 -320  2
3823500 2818500  1  8  6   1.8 1025  76  0.5 8  4.2  97    0    0 302 -320  2
3823500 2818500  1  8  7   1.7 1025  62  0.6 8  4.1  97    0    0 307 -320  2
3823500 2818500  1  8  8   1.8 1025  76  0.7 8  4.1  96    0    0 306 -320  2
3823500 2818500  1  8  9   1.6 1025  73  0.6 8  4.0  95    0    0 306 -319  2
3823500 2818500  1  8 10   1.7 1025  78  0.6 8  4.0  96    0   20 306 -319  2
3823500 2818500  1  8 11   2.0 1026 101  0.3 8  4.1  95    0   27 305 -318  2
3823500 2818500  1  8 12   2.1 1026 107  0.4 8  4.0  92    0   26 305 -319  2
3823500 2818500  1  8 13   2.3 1026 119  0.4 8  4.0  90    0   48 305 -319  2
3823500 2818500  1  8 14   2.4 1026 118  0.6 7  3.9  88    2   87 300 -319  2
3823500 2818500  1  8 15   2.4 1025 110  0.5 7  3.9  87    3   70 295 -319  2
3823500 2818500  1  8 16   2.3 1025  83  0.1 6  3.8  86    8   39 290 -319  2
3823500 2818500  1  8 17   1.6 1026  99  0.1 6  3.7  87    0    7 283 -319  2
3823500 2818500  1  8 18   0.1 1026  70  0.1 5  3.5  88    0    0 273 -319  2
3823500 2818500  1  8 19  -1.0 1026  77  0.0 4  3.2  88    0    0 258 -317  2
3823500 2818500  1  8 20  -0.9 1026   7  0.0 3  3.0  87    0    0 245 -315  2
3823500 2818500  1  8 21  -0.7 1027 356  0.0 3  3.1  89    0    0 240 -314  2
3823500 2818500  1  8 22  -0.6 1027  62  0.1 5  3.4  94    0    0 251 -313  2
3823500 2818500  1  8 23  -0.7 1027  33  0.1 5  3.5  97    0    0 261 -311  2
3823500 2818500  1  8 24  -0.3 1027 116  0.1 4  3.5  96    0    0 257 -308  2
3823500 2818500  1  9  1  -0.7 1027 108  0.1 3  3.4  94    0    0 246 -305  2
3823500 2818500  1  9  2  -0.9 1027  96  0.1 4  3.3  93    0    0 245 -304  2
3823500 2818500  1  9  3  -1.6 1027 133  0.0 3  3.2  93    0    0 244 -302  2
3823500 2818500  1  9  4  -2.6 1027 162  0.0 3  3.1  95    0    0 237 -301  2
3823500 2818500  1  9  5  -1.9 1028 154  0.1 2  3.1  97    0    0 232 -300  2
3823500 2818500  1  9  6  -2.0 1028 172  0.1 3  3.1  96    0    0 233 -299  2
3823500 2818500  1  9  7  -2.1 1028 184  0.1 5  3.1  96    0    0 245 -299  2
3823500 2818500  1  9  8  -1.7 1028 170  0.4 5  3.1  95    0    0 253 -299  2
3823500 2818500  1  9  9  -1.9 1028 183  0.3 5  3.1  94    0    0 252 -299  2
3823500 2818500  1  9 10  -1.3 1028 175  0.3 2  3.1  93   15   39 240 -300  2
3823500 2818500  1  9 11   0.0 1029 160  0.6 1  3.3  92   78   71 226 -304  2
3823500 2818500  1  9 12   1.2 1029 171  0.4 0  3.6  91  143   77 222 -309  2
3823500 2818500  1  9 13   2.6 1029 178  0.5 0  3.7  88  180   73 222 -314  2
3823500 2818500  1  9 14   3.3 1029 180  0.3 0  3.7  81  170   68 225 -318  2
3823500 2818500  1  9 15   3.1 1028 171  0.7 0  3.7  78  117   58 227 -319  2
3823500 2818500  1  9 16   2.6 1028 156  0.5 0  3.6  78   44   39 227 -318  2
3823500 2818500  1  9 17   0.4 1028 152  0.7 0  3.3  78    1    7 222 -315  2
3823500 2818500  1  9 18  -0.6 1028 151  0.5 0  3.0  81    0    0 217 -311  2
3823500 2818500  1  9 19  -1.6 1028 117  0.5 1  2.9  85    0    0 216 -309  2
3823500 2818500  1  9 20  -2.3 1028  93  0.1 1  2.8  88    0    0 216 -307  2
3823500 2818500  1  9 21  -2.1 1029  84  0.1 0  2.9  90    0    0 214 -307  2
3823500 2818500  1  9 22  -2.3 1029  98  0.0 0  2.9  90    0    0 212 -306  2
3823500 2818500  1  9 23  -2.6 1029 177  0.0 0  2.8  89    0    0 211 -305  2
3823500 2818500  1  9 24  -1.7 1028 167  0.1 0  2.8  89    0    0 212 -305  2
3823500 2818500  1 10  1  -2.0 1028 137  0.1 0  2.9  90    0    0 213 -305  2
3823500 2818500  1 10  2  -2.4 1028  91  0.1 0  2.8  89    0    0 212 -304  2
3823500 2818500  1 10  3  -3.1 1028 128  0.1 0  2.8  91    0    0 211 -303  2
3823500 2818500  1 10  4  -3.2 1027  87  0.1 0  2.7  92    0    0 210 -303  2
3823500 2818500  1 10  5  -2.9 1027 134  0.2 2  2.8  92    0    0 215 -304  2
3823500 2818500  1 10  6  -3.0 1028 168  0.7 0  2.8  92    0    0 216 -305  2
3823500 2818500  1 10  7  -3.7 1026 155  0.2 0  2.6  91    0    0 211 -306  2
3823500 2818500  1 10  8  -4.6 1026  75  0.1 1  2.5  92    0    0 212 -307  2
3823500 2818500  1 10  9  -4.1 1026  93  0.2 2  2.6  94    0    0 220 -307  2
3823500 2818500  1 10 10  -2.8 1026 121  0.3 3  2.8  95    1   40 230 -307  2
3823500 2818500  1 10 11  -2.1 1027 116  0.2 6  2.9  93   12   97 244 -310  2
3823500 2818500  1 10 12  -0.8 1027 150  0.1 6  3.0  89   15  132 256 -314  2
3823500 2818500  1 10 13   0.1 1027 130  0.2 6  3.2  87   28  156 261 -318  2
3823500 2818500  1 10 14   1.3 1026 121  0.2 5  3.4  86   46  153 263 -319  2
3823500 2818500  1 10 15   1.1 1025  82  0.1 5  3.4  84   35  117 265 -320  2
3823500 2818500  1 10 16   0.7 1025 113  0.1 6  3.3  84   11   55 268 -320  2
3823500 2818500  1 10 17  -0.2 1025 105  0.1 7  3.2  84    0    6 273 -320  2
3823500 2818500  1 10 18  -1.2 1025  87  0.1 7  3.1  86    0    0 274 -319  2
3823500 2818500  1 10 19  -1.5 1024  99  0.1 5  3.0  88    0    0 267 -319  2
3823500 2818500  1 10 20  -1.5 1024 108  0.1 4  3.0  89    0    0 258 -319  2
3823500 2818500  1 10 21  -1.4 1024 112  0.5 4  2.9  87    0    0 254 -319  2
3823500 2818500  1 10 22  -1.9 1024 134  0.2 2  2.9  86    0    0 248 -320  2
3823500 2818500  1 10 23  -2.4 1024 142  0.2 1  2.8  88    0    0 237 -320  2
3823500 2818500  1 10 24  -2.8 1023 139  0.5 3  2.7  88    0    0 241 -320  2
3823500 2818500  1 11  1  -3.0 1023 145  0.2 2  2.7  89    0    0 244 -320  2
3823500 2818500  1 11  2  -2.7 1023 182  0.4 0  2.7  90    0    0 234 -320  2
3823500 2818500  1 11  3  -2.3 1022 186  0.5 0  2.7  87    0    0 227 -320  2
3823500 2818500  1 11  4  -2.0 1022 186  0.8 4  2.8  86    0    0 241 -320  2
3823500 2818500  1 11  5  -1.5 1022 174  0.7 7  2.8  86    0    0 269 -321  2
3823500 2818500  1 11  6  -2.3 1021 192  0.8 7  2.8  86    0    0 282 -322  2
3823500 2818500  1 11  7  -1.7 1021 180  0.9 6  2.8  86    0    0 280 -322  2
3823500 2818500  1 11  8  -1.8 1021 165  1.0 7  2.8  86    0    0 281 -322  2
3823500 2818500  1 11  9  -1.8 1021 183  0.9 6  2.8  86    0    0 283 -322  2
3823500 2818500  1 11 10  -1.4 1021 181  1.2 6  2.9  86    0   22 281 -322  2
3823500 2818500  1 11 11  -0.2 1021 174  1.8 7  3.1  88    0   43 288 -323  2
3823500 2818500  1 11 12   0.8 1021 167  1.7 8  3.4  88    0   53 299 -324  2
3823500 2818500  1 11 13   1.3 1020 179  2.2 8  3.6  88    0   29 306 -325  2
3823500 2818500  1 11 14   2.5 1020 192  2.3 7  3.9  89    0   32 304 -327  2
3823500 2818500  1 11 15   2.7 1019 209  2.2 7  4.1  90    0   28 302 -328  2
3823500 2818500  1 11 16   2.7 1019 221  2.0 8  4.2  92    0   21 308 -328  2
3823500 2818500  1 11 17   2.5 1019 227  2.8 8  4.3  93    0    0 315 -324  2
3823500 2818500  1 11 18   2.5 1020 238  2.0 7  4.3  95    0    0 310 -321  2
3823500 2818500  1 11 19   2.5 1020 229  1.6 8  4.3  95    0    0 312 -322  2
3823500 2818500  1 11 20   2.6 1020 235  2.2 8  4.3  94    0    0 319 -323  2
3823500 2818500  1 11 21   2.7 1020 246  2.0 8  4.2  93    0    0 321 -325  2
3823500 2818500  1 11 22   2.7 1021 247  1.7 8  4.2  91    0    0 323 -326  2
3823500 2818500  1 11 23   2.6 1021 246  2.0 8  4.1  90    0    0 324 -326  2
3823500 2818500  1 11 24   2.5 1021 246  2.3 8  4.0  88    0    0 323 -326  2
3823500 2818500  1 12  1   2.2 1022 244  3.4 8  3.9  88    0    0 322 -327  2
3823500 2818500  1 12  2   1.8 1022 245  2.9 8  3.8  88    0    0 322 -327  2
3823500 2818500  1 12  3   1.6 1022 234  2.8 8  3.8  89    0    0 321 -327  2
3823500 2818500  1 12  4   1.5 1023 218  3.7 8  3.8  91    0    0 321 -327  2
3823500 2818500  1 12  5   1.6 1023 214  2.2 8  3.9  93    0    0 320 -328  2
3823500 2818500  1 12  6   1.8 1023 228  2.0 8  4.0  94    0    0 321 -328  2
3823500 2818500  1 12  7   2.0 1023 227  2.2 8  4.1  95    0    0 322 -327  2
3823500 2818500  1 12  8   2.2 1023 225  2.5 8  4.2  95    0    0 322 -328  2
3823500 2818500  1 12  9   2.3 1023 212  2.1 8  4.2  95    0    0 323 -328  2
3823500 2818500  1 12 10   2.5 1023 199  1.2 7  4.3  96    1   36 318 -328  2
3823500 2818500  1 12 11   2.6 1023 200  1.4 8  4.3  96    0   46 319 -329  2
3823500 2818500  1 12 12   2.9 1023 205  1.2 8  4.4  95    0   39 323 -332  2
3823500 2818500  1 12 13   3.1 1023 218  1.6 7  4.4  94    0   43 318 -335  2
3823500 2818500  1 12 14   3.1 1023 229  1.6 7  4.5  95    0   44 313 -337  2
3823500 2818500  1 12 15   3.3 1023 218  1.1 8  4.5  96    0   42 316 -336  2
3823500 2818500  1 12 16   3.3 1022 213  0.8 8  4.6  96    0   29 321 -334  2
3823500 2818500  1 12 17   3.3 1023 216  0.9 8  4.6  96    0    5 321 -332  2
3823500 2818500  1 12 18   3.3 1023 211  1.1 8  4.6  96    0    0 321 -331  2
3823500 2818500  1 12 19   3.1 1023 207  1.1 8  4.6  96    0    0 320 -330  2
3823500 2818500  1 12 20   3.1 1023 210  1.3 8  4.5  96    0    0 320 -330  2
3823500 2818500  1 12 21   3.2 1023 200  0.8 8  4.5  96    0    0 319 -329  2
3823500 2818500  1 12 22   3.1 1023 205  0.9 8  4.6  96    0    0 318 -328  2
3823500 2818500  1 12 23   3.2 1023 169  0.8 7  4.5  96    0    0 313 -327  2
3823500 2818500  1 12 24   3.1 1023 163  0.8 7  4.5  95    0    0 307 -323  2
3823500 2818500  1 13  1   2.8 1023 176  0.8 7  4.4  95    0    0 305 -320  2
3823500 2818500  1 13  2   2.7 1022 174  0.8 7  4.4  95    0    0 304 -319  2
3823500 2818500  1 13  3   2.7 1022 161  0.9 6  4.3  95    0    0 297 -319  2
3823500 2818500  1 13  4   2.6 1022 160  0.6 7  4.3  95    0    0 295 -319  2
3823500 2818500  1 13  5   2.5 1021 138  0.4 7  4.3  94    0    0 298 -318  2
3823500 2818500  1 13  6   2.1 1021 154  0.5 4  4.2  94    0    0 280 -317  2
3823500 2818500  1 13  7   2.1 1021 144  0.3 6  4.1  93    0    0 272 -317  2
3823500 2818500  1 13  8   1.8 1021 146  0.3 4  4.0  91    0    0 270 -316  2
3823500 2818500  1 13  9   1.7 1020 146  0.8 3  3.9  91    0    0 254 -316  2
3823500 2818500  1 13 10   2.9 1021 150  0.4 3  4.1  91   19   44 249 -316  2
3823500 2818500  1 13 11   4.3 1020 153  0.7 1  4.2  87   78   80 241 -317  2
3823500 2818500  1 13 12   4.7 1020 147  0.8 1  4.2  81  132   93 233 -319  2
3823500 2818500  1 13 13   5.7 1020 152  1.3 1  4.3  78  155   95 235 -319  2
3823500 2818500  1 13 14   6.8 1020 151  1.4 1  4.3  73  156   83 237 -321  2
3823500 2818500  1 13 15   6.8 1019 148  1.4 0  4.3  70  112   70 232 -322  2
3823500 2818500  1 13 16   6.2 1019 142  0.8 1  4.2  70   47   46 231 -321  2
3823500 2818500  1 13 17   4.1 1019 151  0.9 0  4.1  75    2    9 227 -319  2
3823500 2818500  1 13 18   3.3 1019 151  0.8 0  4.0  80    0    0 218 -319  2
3823500 2818500  1 13 19   2.6 1019 157  0.9 1  3.9  83    0    0 222 -318  2
3823500 2818500  1 13 20   2.1 1019 161  0.6 1  3.8  85    0    0 226 -317  2
3823500 2818500  1 13 21   1.6 1019 162  0.9 0  3.7  87    0    0 220 -316  2
3823500 2818500  1 13 22   1.5 1019 169  0.9 0  3.7  88    0    0 214 -316  2
3823500 2818500  1 13 23   1.0 1019 170  0.6 0  3.6  88    0    0 214 -316  2
3823500 2818500  1 13 24   0.7 1019 169  0.8 0  3.6  89    0    0 214 -315  2
3823500 2818500  1 14  1   0.7 1019 169  0.8 1  3.5  89    0    0 220 -315  2
3823500 2818500  1 14  2   0.5 1019 178  0.7 2  3.5  88    0    0 231 -315  2
3823500 2818500  1 14  3   0.0 1019 167  1.0 1  3.4  89    0    0 232 -315  2
3823500 2818500  1 14  4   0.1 1019 165  1.0 1  3.4  90    0    0 228 -316  2
3823500 2818500  1 14  5  -0.2 1019 161  1.1 1  3.4  90    0    0 229 -318  2
3823500 2818500  1 14  6  -0.2 1019 161  1.0 0  3.3  90    0    0 225 -319  2
3823500 2818500  1 14  7  -0.7 1019 162  1.0 0  3.3  90    0    0 221 -320  2
3823500 2818500  1 14  8  -0.7 1018 170  1.1 1  3.3  92    0    0 226 -320  2
3823500 2818500  1 14  9  -0.9 1018 170  1.7 1  3.3  93    0    0 233 -320  2
3823500 2818500  1 14 10   0.2 1019 176  1.5 1  3.4  92   15   47 237 -320  2
3823500 2818500  1 14 11   1.4 1019 178  2.0 1  3.5  89   70   92 241 -322  2
3823500 2818500  1 14 12   2.2 1019 183  2.2 0  3.6  84  122  110 240 -324  2
3823500 2818500  1 14 13   3.5 1019 187  2.1 0  3.7  79  150  114 239 -326  2
3823500 2818500  1 14 14   3.9 1018 190  2.1 1  3.7  75  133  106 247 -326  2
3823500 2818500  1 14 15   3.3 1018 204  2.1 5  3.7  75   16   91 272 -327  2
3823500 2818500  1 14 16   3.1 1017 207  1.7 6  3.7  77    0   32 294 -329  2
3823500 2818500  1 14 17   2.7 1017 185  1.7 7  3.7  79    0    3 302 -330  2
3823500 2818500  1 14 18   2.4 1017 206  1.7 8  3.7  81    0    0 311 -329  2
3823500 2818500  1 14 19   2.5 1017 201  1.6 8  3.7  81    0    0 316 -329  2
3823500 2818500  1 14 20   2.5 1017 186  1.9 8  3.6  81    0    0 315 -330  2
3823500 2818500  1 14 21   2.2 1016 176  2.0 8  3.6  80    0    0 315 -331  2
3823500 2818500  1 14 22   1.6 1016 174  1.8 8  3.5  82    0    0 314 -332  2
3823500 2818500  1 14 23   0.9 1016 166  1.9 8  3.5  85    0    0 312 -333  2
3823500 2818500  1 14 24   0.7 1016 176  1.9 8  3.5  87    0    0 311 -333  2
3823500 2818500  1 15  1   0.4 1015 176  1.9 7  3.5  88    0    0 305 -332  2
3823500 2818500  1 15  2   0.5 1015 177  2.4 8  3.5  88    0    0 305 -332  2
3823500 2818500  1 15  3   0.3 1014 166  2.5 7  3.4  88    0    0 307 -330  2
3823500 2818500  1 15  4   0.5 1013 168  1.8 7  3.4  87    0    0 303 -328  2
3823500 2818500  1 15  5   0.3 1013 161  1.9 7  3.4  86    0    0 302 -327  2
3823500 2818500  1 15  6   0.5 1012 164  1.8 7  3.3  85    0    0 303 -328  2
3823500 2818500  1 15  7   0.7 1012 163  1.8 8  3.3  84    0    0 310 -328  2
3823500 2818500  1 15  8   0.9 1011 156  1.7 8  3.3  83    0    0 315 -328  2
3823500 2818500  1 15  9   0.8 1011 157  1.7 8  3.3  83    0    0 316 -328  2
3823500 2818500  1 15 10   1.2 1010 153  1.5 8  3.4  83    0   35 317 -329  2
3823500 2818500  1 15 11   1.8 1010 160  1.9 7  3.5  82    1   60 314 -330  2
3823500 2818500  1 15 12   2.5 1010 159  2.6 7  3.6  81    3   91 312 -332  2
3823500 2818500  1 15 13   3.2 1009 163  2.4 4  3.7  79   48  139 301 -334  2
3823500 2818500  1 15 14   4.3 1008 164  3.1 3  3.8  76   96  120 284 -334  2
3823500 2818500  1 15 15   4.3 1007 158  2.7 3  3.8  74   81   89 280 -335  2
3823500 2818500  1 15 16   4.2 1006 156  1.9 5  3.8  74   28   51 288 -335  2
3823500 2818500  1 15 17   3.9 1006 158  1.9 6  3.8  74    0    6 300 -334  2
3823500 2818500  1 15 18   3.3 1006 167  1.8 7  3.8  78    0    0 307 -333  2
3823500 2818500  1 15 19   2.9 1006 155  1.3 8  3.9  82    0    0 314 -332  2
3823500 2818500  1 15 20   2.4 1006 159  1.7 8  3.9  84    0    0 317 -333  2
3823500 2818500  1 15 21   2.0 1006 164  1.9 8  3.8  86    0    0 314 -333  2
3823500 2818500  1 15 22   1.5 1007 159  1.8 8  3.8  88    0    0 314 -332  2
3823500 2818500  1 15 23   1.2 1007 164  2.2 8  3.8  89    0    0 313 -328  2
3823500 2818500  1 15 24   1.6 1007 161  1.9 8  3.8  90    0    0 313 -323  2
3823500 2818500  1 16  1   1.5 1007 168  1.7 7  3.8  89    0    0 310 -320  2
3823500 2818500  1 16  2   1.0 1008 174  1.0 7  3.8  90    0    0 304 -319  2
3823500 2818500  1 16  3   0.9 1008 184  1.2 6  3.7  91    0    0 297 -319  2
3823500 2818500  1 16  4   0.8 1008 195  1.0 8  3.8  93    0    0 302 -318  2
3823500 2818500  1 16  5   0.8 1008 202  0.9 8  3.9  95    0    0 313 -317  2
3823500 2818500  1 16  6   0.7 1009 206  0.3 7  3.9  96    0    0 308 -316  2
3823500 2818500  1 16  7   0.9 1009 201  0.4 8  3.9  96    0    0 308 -316  2
3823500 2818500  1 16  8   1.0 1009 203  0.2 8  3.9  96    0    0 315 -316  2
3823500 2818500  1 16  9   1.2 1010 206  0.2 6  4.0  96    0    1 302 -316  2
3823500 2818500  1 16 10   1.4 1011 219  0.2 8  4.1  97   39   24 302 -318  2
3823500 2818500  1 16 11   1.7 1011 219  0.2 6  4.2  98   10   65 300 -319  2
3823500 2818500  1 16 12   2.4 1012 209  0.2 7  4.3  99    0   64 294 -320  2
3823500 2818500  1 16 13   2.6 1013 214  0.7 8  4.5  98    0   52 305 -321  2
3823500 2818500  1 16 14   3.0 1013 232  1.1 7  4.6  98    0   45 304 -323  2
3823500 2818500  1 16 15   3.3 1013 215  1.0 7  4.6  98    0   41 297 -323  2
3823500 2818500  1 16 16   3.2 1013 203  0.3 8  4.6  96    0   27 302 -322  2
3823500 2818500  1 16 17   2.8 1013 225  0.3 7  4.5  96    0    3 301 -320  2
3823500 2818500  1 16 18   2.3 1014 220  0.8 6  4.4  97    0    0 286 -320  2
3823500 2818500  1 16 19   2.3 1014 226  1.6 7  4.3  97    0    0 286 -320  2
3823500 2818500  1 16 20   2.3 1014 211  1.5 7  4.3  97    0    0 293 -320  2
3823500 2818500  1 16 21   2.4 1014 216  1.5 8  4.3  96    0    0 300 -320  2
3823500 2818500  1 16 22   2.3 1014 217  1.7 8  4.3  96    0    0 307 -321  2
3823500 2818500  1 16 23   2.2 1014 207  1.4 8  4.3  96    0    0 307 -322  2
3823500 2818500  1 16 24   2.1 1014 197  1.4 8  4.2  96    0    0 307 -322  2
3823500 2818500  1 17  1   1.9 1014 205  2.4 8  4.2  96    0    0 305 -323  2
3823500 2818500  1 17  2   1.6 1014 211  2.0 7  4.1  96    0    0 298 -324  2
3823500 2818500  1 17  3   1.6 1014 199  1.4 7  4.1  96    0    0 292 -325  2
3823500 2818500  1 17  4   1.4 1014 189  1.5 7  4.0  95    0    0 291 -326  2
3823500 2818500  1 17  5   1.6 1013 196  1.7 7  4.0  94    0    0 291 -325  2
3823500 2818500  1 17  6   1.8 1013 195  1.8 7  4.0  93    0    0 292 -325  2
3823500 2818500  1 17  7   2.0 1013 189  1.4 8  4.0  91    0    0 297 -324  2
3823500 2818500  1 17  8   2.3 1013 189  1.6 7  4.0  90    0    0 298 -323  2
3823500 2818500  1 17  9   2.4 1013 183  1.6 8  4.0  88    0    0 297 -322  2
3823500 2818500  1 17 10   2.6 1013 177  1.6 8  4.0  88    1   37 303 -323  2
3823500 2818500  1 17 11   2.9 1013 180  1.6 7  4.0  87    0   59 299 -326  2
3823500 2818500  1 17 12   3.1 1013 182  2.2 7  4.1  87    0   55 293 -330  2
3823500 2818500  1 17 13   3.7 1013 180  2.1 7  4.2  87    0   58 295 -335  2
3823500 2818500  1 17 14   4.1 1012 171  1.6 7  4.3  86    0   76 296 -338  2
3823500 2818500  1 17 15   4.4 1012 180  1.7 7  4.4  86    0   63 298 -340  2
3823500 2818500  1 17 16   4.7 1011 180  2.4 8  4.5  85    0   24 304 -339  2
3823500 2818500  1 17 17   4.2 1011 173  1.9 8  4.4  84    0    1 307 -337  2
3823500 2818500  1 17 18   3.6 1011 169  1.6 7  4.3  86    0    0 300 -335  2
3823500 2818500  1 17 19   3.5 1011 171  1.9 8  4.3  87    0    0 299 -335  2
3823500 2818500  1 17 20   3.5 1011 169  1.5 8  4.3  87    0    0 303 -334  2
3823500 2818500  1 17 21   3.7 1011 174  1.8 8  4.3  87    0    0 305 -334  2
3823500 2818500  1 17 22   4.2 1010 180  1.7 6  4.4  87    0    0 299 -334  2
3823500 2818500  1 17 23   4.0 1010 187  2.2 7  4.4  86    0    0 297 -334  2
3823500 2818500  1 17 24   4.0 1010 189  2.7 8  4.3  85    0    0 305 -334  2
3823500 2818500  1 18  1   3.6 1010 193  3.1 6  4.3  86    0    0 301 -333  2
3823500 2818500  1 18  2   3.9 1010 194  2.6 6  4.3  87    0    0 295 -333  2
3823500 2818500  1 18  3   3.8 1010 200  2.0 6  4.4  87    0    0 297 -333  2
3823500 2818500  1 18  4   3.9 1010 211  2.7 7  4.4  88    0    0 302 -332  2
3823500 2818500  1 18  5   3.6 1009 214  2.9 7  4.4  89    0    0 306 -332  2
3823500 2818500  1 18  6   3.5 1009 218  2.5 8  4.5  92    0    0 310 -332  2
3823500 2818500  1 18  7   3.7 1009 229  3.1 8  4.6  94    0    0 315 -332  2
3823500 2818500  1 18  8   3.7 1009 227  2.8 8  4.7  94    0    0 316 -332  2
3823500 2818500  1 18  9   3.9 1009 230  2.5 8  4.7  94    0    0 315 -332  2
3823500 2818500  1 18 10   4.2 1010 233  2.0 8  4.8  95    0   24 316 -331  2
3823500 2818500  1 18 11   4.5 1010 226  1.8 7  4.9  94    0   54 312 -331  2
3823500 2818500  1 18 12   5.0 1011 240  2.6 6  4.8  91    0   74 303 -332  2
3823500 2818500  1 18 13   5.2 1011 250  3.3 5  4.8  87    2   96 293 -334  2
3823500 2818500  1 18 14   5.4 1011 250  3.1 5  4.7  84    7  106 286 -335  2
3823500 2818500  1 18 15   5.3 1011 246  2.5 6  4.5  82    5   79 288 -335  2
3823500 2818500  1 18 16   5.0 1011 236  2.4 6  4.4  80   17   53 290 -334  2
3823500 2818500  1 18 17   4.5 1010 220  1.9 7  4.3  82    2   12 294 -333  2
3823500 2818500  1 18 18   3.8 1010 219  1.7 7  4.3  85    0    0 298 -330  2
3823500 2818500  1 18 19   3.3 1010 189  1.6 7  4.2  86    0    0 294 -329  2
3823500 2818500  1 18 20   3.0 1010 200  2.4 6  4.2  88    0    0 286 -328  2
3823500 2818500  1 18 21   3.8 1010 199  2.2 7  4.3  89    0    0 286 -328  2
3823500 2818500  1 18 22   4.1 1010 205  2.9 7  4.4  87    0    0 295 -329  2
3823500 2818500  1 18 23   4.1 1009 207  2.9 7  4.3  85    0    0 295 -330  2
3823500 2818500  1 18 24   3.9 1009 190  2.7 8  4.2  83    0    0 302 -329  2
3823500 2818500  1 19  1   3.0 1008 187  2.9 8  4.1  84    0    0 310 -327  2
3823500 2818500  1 19  2   3.0 1007 197  2.8 7  4.0  85    0    0 303 -326  2
3823500 2818500  1 19  3   2.8 1006 188  2.6 7  4.0  85    0    0 298 -327  2
3823500 2818500  1 19  4   3.4 1005 190  2.7 7  4.1  85    0    0 301 -328  2
3823500 2818500  1 19  5   3.5 1004 194  2.8 8  4.2  86    0    0 311 -329  2
3823500 2818500  1 19  6   3.9 1004 187  2.7 8  4.4  87    0    0 320 -330  2
3823500 2818500  1 19  7   4.1 1003 192  3.2 8  4.6  90    0    0 323 -332  2
3823500 2818500  1 19  8   4.8 1002 204  3.8 8  4.9  93    0    0 327 -333  2
3823500 2818500  1 19  9   5.5 1002 218  3.9 8  5.2  93    0    2 332 -334  2
3823500 2818500  1 19 10   6.0 1002 222  4.0 8  5.3  92    8   45 335 -336  2
3823500 2818500  1 19 11   6.5 1002 218  3.6 8  5.5  92    0   44 339 -337  2
3823500 2818500  1 19 12   7.0 1002 224  4.1 7  5.6  91    0   47 336 -339  2
3823500 2818500  1 19 13   7.5 1002 235  3.8 8  5.7  89    0   50 339 -341  2
3823500 2818500  1 19 14   7.9 1002 236  4.2 6  5.7  87    0   65 333 -342  2
3823500 2818500  1 19 15   8.1 1002 249  5.0 4  5.6  83   34   86 307 -344  2
3823500 2818500  1 19 16   7.8 1002 242  4.1 4  5.3  79   28   45 294 -345  2
3823500 2818500  1 19 17   7.2 1003 245  2.9 3  5.1  78    0    7 286 -344  2
3823500 2818500  1 19 18   6.7 1003 239  2.0 5  4.9  79    0    0 288 -344  2
3823500 2818500  1 19 19   6.4 1003 237  2.1 5  4.9  81    0    0 296 -342  2
3823500 2818500  1 19 20   6.0 1004 233  2.0 5  4.8  81    0    0 293 -340  2
3823500 2818500  1 19 21   6.2 1004 235  2.6 5  4.9  83    0    0 293 -337  2
3823500 2818500  1 19 22   6.1 1005 239  3.1 7  5.0  84    0    0 303 -336  2
3823500 2818500  1 19 23   5.6 1005 238  3.3 6  4.9  84    0    0 307 -336  2
3823500 2818500  1 19 24   5.4 1006 239  3.4 4  4.8  84    0    0 290 -336  2
3823500 2818500  1 20  1   5.2 1006 241  3.2 4  4.8  85    0    0 277 -334  2
3823500 2818500  1 20  2   4.7 1007 239  3.3 5  4.7  87    0    0 281 -334  2
3823500 2818500  1 20  3   4.9 1007 238  3.7 5  4.7  87    0    0 286 -335  2
3823500 2818500  1 20  4   4.8 1007 238  3.8 6  4.6  86    0    0 294 -335  2
3823500 2818500  1 20  5   4.6 1007 238  3.4 6  4.6  87    0    0 300 -335  2
3823500 2818500  1 20  6   4.4 1007 238  2.7 6  4.7  89    0    0 301 -335  2
3823500 2818500  1 20  7   5.0 1007 228  3.2 6  4.8  89    0    0 303 -336  2
3823500 2818500  1 20  8   5.4 1007 229  3.3 7  5.0  90    0    0 312 -337  2
3823500 2818500  1 20  9   6.0 1007 230  3.5 8  5.2  90    0    0 326 -338  2
3823500 2818500  1 20 10   6.6 1007 224  3.6 8  5.3  89    0   13 334 -340  2
3823500 2818500  1 20 11   7.1 1007 228  4.3 7  5.4  87    0   53 330 -342  2
3823500 2818500  1 20 12   7.5 1006 230  4.5 7  5.5  86    0   61 327 -343  2
3823500 2818500  1 20 13   7.7 1006 232  5.0 7  5.6  85    0   34 327 -346  2
3823500 2818500  1 20 14   8.0 1005 226  5.4 8  5.5  83    0   27 331 -348  2
3823500 2818500  1 20 15   8.5 1004 223  5.9 7  5.6  81    0   29 332 -350  2
3823500 2818500  1 20 16   8.7 1003 223  5.5 8  5.6  79    0   21 333 -351  2
3823500 2818500  1 20 17   8.3 1002 219  5.9 8  5.6  81    0    4 338 -351  2
3823500 2818500  1 20 18   8.4 1000 223  6.5 8  5.8  83    0    0 340 -350  2
3823500 2818500  1 20 19   8.0  999 222  6.0 8  5.9  86    0    0 341 -350  2
3823500 2818500  1 20 20   8.1  999 223  6.1 8  6.1  90    0    0 342 -350  2
3823500 2818500  1 20 21   8.4  998 239  6.6 8  6.2  91    0    0 344 -350  2
3823500 2818500  1 20 22   8.5  998 243  6.1 8  6.4  91    0    0 346 -350  2
3823500 2818500  1 20 23   9.0  997 245  6.1 8  6.5  91    0    0 348 -351  2
3823500 2818500  1 20 24   9.4  998 249  5.3 8  6.7  91    0    0 351 -351  2
3823500 2818500  1 21  1  10.0  998 255  4.4 8  6.8  89    0    0 352 -352  2
3823500 2818500  1 21  2  10.3  999 259  4.8 8  6.8  87    0    0 355 -353  2
3823500 2818500  1 21  3  10.5  999 267  4.2 8  6.8  85    0    0 354 -355  2
3823500 2818500  1 21  4  10.6 1000 265  3.3 8  6.8  84    0    0 355 -356  2
3823500 2818500  1 21  5  10.5 1001 263  3.4 8  6.8  84    0    0 355 -358  2
3823500 2818500  1 21  6  10.3 1001 257  3.3 8  6.8  85    0    0 354 -360  2
3823500 2818500  1 21  7  10.4 1001 253  3.8 8  6.9  87    0    0 354 -361  2
3823500 2818500  1 21  8  10.1 1002 246  3.6 8  7.1  90    0    0 356 -363  2
3823500 2818500  1 21  9  10.2 1002 244  3.2 8  7.3  93    0    0 356 -364  2
3823500 2818500  1 21 10  10.5 1002 248  4.7 8  7.4  94    3   36 355 -364  2
3823500 2818500  1 21 11  10.9 1002 249  4.7 7  7.5  93    0   38 348 -365  2
3823500 2818500  1 21 12  11.0 1002 249  5.0 7  7.5  91    0   41 341 -365  2
3823500 2818500  1 21 13  11.2 1003 247  6.1 7  7.5  90    0   45 342 -366  2
3823500 2818500  1 21 14  11.3 1003 243  4.8 8  7.5  89    0   38 350 -367  2
3823500 2818500  1 21 15  11.6 1002 243  4.5 8  7.5  88    0   19 358 -366  2
3823500 2818500  1 21 16  11.7 1002 244  4.4 7  7.3  85    0   13 352 -365  2
3823500 2818500  1 21 17  11.3 1002 237  4.0 7  7.2  84    0    2 345 -365  2
3823500 2818500  1 21 18  10.7 1002 229  3.9 7  7.0  85    0    0 344 -363  2
3823500 2818500  1 21 19  10.5 1002 228  3.1 8  6.9  86    0    0 347 -362  2
3823500 2818500  1 21 20  10.2 1002 220  3.0 8  6.8  86    0    0 350 -361  2
3823500 2818500  1 21 21   9.8 1002 216  2.9 8  6.7  86    0    0 347 -360  2
3823500 2818500  1 21 22   9.6 1001 207  2.6 7  6.4  85    0    0 340 -358  2
3823500 2818500  1 21 23   9.3 1001 191  2.8 7  6.1  82    0    0 332 -357  2
3823500 2818500  1 21 24   9.1 1000 201  2.9 7  5.9  80    0    0 329 -356  2
3823500 2818500  1 22  1   8.2  999 186  1.7 4  5.7  81    0    0 310 -354  2
3823500 2818500  1 22  2   7.2  999 183  2.5 4  5.5  83    0    0 292 -349  2
3823500 2818500  1 22  3   6.0  998 168  1.7 4  5.3  86    0    0 286 -344  2
3823500 2818500  1 22  4   5.7  998 169  2.1 5  5.1  87    0    0 288 -341  2
3823500 2818500  1 22  5   5.1  996 166  1.9 5  5.0  88    0    0 290 -339  2
3823500 2818500  1 22  6   4.8  995 179  2.4 5  4.9  89    0    0 286 -340  2
3823500 2818500  1 22  7   5.0  995 185  3.0 5  4.7  86    0    0 280 -341  2
3823500 2818500  1 22  8   4.8  994 188  3.0 5  4.6  83    0    0 279 -341  2
3823500 2818500  1 22  9   5.5  994 203  3.3 5  4.5  80    0    2 279 -342  2
3823500 2818500  1 22 10   7.1  994 213  4.6 6  4.5  75   24   29 292 -343  2
3823500 2818500  1 22 11   7.8  994 217  5.8 7  4.8  73    0   52 311 -344  2
3823500 2818500  1 22 12   7.6  994 227  5.5 8  5.1  77    0   45 326 -346  2
3823500 2818500  1 22 13   8.3  995 234  4.6 6  5.5  80    6   84 320 -347  2
3823500 2818500  1 22 14   8.6  995 222  5.6 6  5.6  79    3   75 306 -348  2
3823500 2818500  1 22 15   8.2  994 241  5.1 7  5.6  81    0   31 311 -350  2
3823500 2818500  1 22 16   7.6  995 245  4.4 8  5.8  86    0   14 324 -351  2
3823500 2818500  1 22 17   7.6  996 238  3.8 7  5.8  87    0    5 325 -349  2
3823500 2818500  1 22 18   7.5  996 238  3.6 5  5.6  86    0    0 306 -346  2
3823500 2818500  1 22 19   7.3  997 242  3.5 4  5.5  85    0    0 284 -344  2
3823500 2818500  1 22 20   7.3  997 238  4.2 4  5.4  84    0    0 273 -342  2
3823500 2818500  1 22 21   7.5  997 238  4.8 5  5.3  82    0    0 276 -339  2
3823500 2818500  1 22 22   7.5  998 235  5.3 6  5.3  81    0    0 287 -339  2
3823500 2818500  1 22 23   7.8  998 238  5.7 6  5.2  79    0    0 293 -338  2
3823500 2818500  1 22 24   7.5  998 231  5.3 8  5.2  79    0    0 307 -337  2
3823500 2818500  1 23  1   7.7  998 238  5.7 6  5.2  79    0    0 308 -336  2
3823500 2818500  1 23  2   7.6  998 231  5.5 6  5.2  78    0    0 295 -336  2
3823500 2818500  1 23  3   7.6  998 228  4.7 6  5.1  78    0    0 294 -335  2
3823500 2818500  1 23  4   7.1  998 226  4.2 5  5.1  79    0    0 289 -335  2
3823500 2818500  1 23  5   6.9  998 224  4.4 5  5.0  80    0    0 283 -334  2
3823500 2818500  1 23  6   6.2  998 219  3.9 5  5.0  81    0    0 283 -334  2
3823500 2818500  1 23  7   6.3  997 213  3.3 5  5.0  82    0    0 282 -333  2
3823500 2818500  1 23  8   6.0  997 202  3.2 7  5.0  84    0    0 294 -333  2
3823500 2818500  1 23  9   6.2  996 207  3.2 7  5.0  83    0    3 305 -332  2
3823500 2818500  1 23 10   6.7  996 204  3.4 6  4.9  80   21   59 298 -333  2
3823500 2818500  1 23 11   7.8  996 201  3.8 6  4.8  75   77  109 293 -336  2
3823500 2818500  1 23 12   8.4  995 191  4.4 6  4.8  71   36  132 296 -340  2
3823500 2818500  1 23 13   8.5  994 176  3.8 6  4.8  69   25  136 299 -344  2
3823500 2818500  1 23 14   8.7  993 180  3.5 6  4.9  69   20  124 302 -347  2
3823500 2818500  1 23 15   8.6  991 182  3.6 7  4.9  69    2   71 311 -347  2
3823500 2818500  1 23 16   7.5  990 187  3.8 8  5.0  72    0   22 322 -346  2
3823500 2818500  1 23 17   7.1  990 183  3.4 8  5.1  79    0    4 329 -343  2
3823500 2818500  1 23 18   6.8  989 188  4.1 8  5.2  82    0    0 331 -341  2
3823500 2818500  1 23 19   6.8  989 192  4.5 8  5.4  85    0    0 334 -341  2
3823500 2818500  1 23 20   7.1  988 191  4.1 8  5.5  86    0    0 336 -342  2
3823500 2818500  1 23 21   7.4  987 194  5.1 8  5.5  85    0    0 339 -344  2
3823500 2818500  1 23 22   7.9  987 194  3.6 5  5.5  82    0    0 319 -345  2
3823500 2818500  1 23 23   8.3  986 195  3.6 5  5.5  80    0    0 302 -346  2
3823500 2818500  1 23 24   8.5  986 192  4.1 7  5.6  79    0    0 317 -347  2
3823500 2818500  1 24  1   8.9  985 192  4.6 6  5.5  76    0    0 322 -348  2
3823500 2818500  1 24  2   9.4  984 192  4.9 7  5.5  74    0    0 323 -349  2
3823500 2818500  1 24  3   9.8  984 195  5.0 8  5.6  73    0    0 339 -350  2
3823500 2818500  1 24  4   9.6  983 192  4.6 7  5.7  74    0    0 339 -351  2
3823500 2818500  1 24  5   9.6  982 190  5.0 7  5.8  76    0    0 326 -352  2
3823500 2818500  1 24  6   9.9  982 190  5.4 8  5.9  76    0    0 336 -352  2
3823500 2818500  1 24  7  10.0  981 189  5.2 7  5.9  75    0    0 339 -352  2
3823500 2818500  1 24  8  10.3  980 200  6.3 8  5.9  74    0    0 339 -352  2
3823500 2818500  1 24  9  10.3  980 201  7.1 8  5.9  74    0    0 350 -352  2
3823500 2818500  1 24 10   9.8  980 204  7.2 8  6.1  77    0   18 350 -352  2
3823500 2818500  1 24 11   9.4  980 221  8.1 8  6.4  83    0   53 349 -352  2
3823500 2818500  1 24 12   8.8  981 231  7.7 8  6.4  86    0   56 347 -352  2
3823500 2818500  1 24 13   9.7  982 239  7.1 6  6.4  86    7  124 332 -353  2
3823500 2818500  1 24 14   9.8  983 239  6.3 5  6.4  82    2   97 308 -354  2
3823500 2818500  1 24 15   9.3  983 230  5.5 5  6.3  83    2   75 300 -355  2
3823500 2818500  1 24 16   9.0  984 248  6.5 6  6.3  85    1   44 309 -357  2
3823500 2818500  1 24 17   8.9  985 242  5.6 7  6.2  84    0   10 328 -355  2
3823500 2818500  1 24 18   8.6  986 257  6.0 7  6.1  84    0    0 335 -352  2
3823500 2818500  1 24 19   7.2  987 269  8.1 7  5.7  84    0    0 330 -349  2
3823500 2818500  1 24 20   6.3  989 282  7.0 7  5.4  86    0    0 325 -347  2
3823500 2818500  1 24 21   6.2  991 284  6.1 8  5.2  86    0    0 332 -346  2
3823500 2818500  1 24 22   5.8  993 285  5.6 7  4.7  80    0    0 329 -342  2
3823500 2818500  1 24 23   5.5  995 283  4.9 7  4.3  75    0    0 320 -336  2
3823500 2818500  1 24 24   4.8  997 272  4.2 7  4.3  76    0    0 317 -332  2
3823500 2818500  1 25  1   4.7  998 278  5.7 8  4.4  81    0    0 321 -328  2
3823500 2818500  1 25  2   4.2 1000 275  3.9 6  4.4  83    0    0 309 -323  2
3823500 2818500  1 25  3   4.0 1001 275  3.4 5  4.3  83    0    0 285 -320  2
3823500 2818500  1 25  4   4.0 1003 261  4.4 5  4.2  83    0    0 273 -319  2
3823500 2818500  1 25  5   3.2 1003 270  3.6 4  4.2  84    0    0 264 -319  2
3823500 2818500  1 25  6   3.0 1005 270  3.3 3  4.1  86    0    0 254 -318  2
3823500 2818500  1 25  7   2.3 1006 266  2.8 3  4.1  88    0    0 247 -317  2
3823500 2818500  1 25  8   1.8 1007 256  2.4 4  4.0  90    0    0 248 -315  2
3823500 2818500  1 25  9   1.7 1008 234  1.9 4  4.0  91    0    9 249 -315  2
3823500 2818500  1 25 10   2.8 1009 243  2.7 4  4.1  91   37   54 247 -315  2
3823500 2818500  1 25 11   3.7 1010 245  3.1 3  4.2  87   96   90 242 -317  2
3823500 2818500  1 25 12   4.7 1010 247  3.0 5  4.2  82   97  122 247 -319  2
3823500 2818500  1 25 13   5.2 1011 250  3.2 6  4.2  77   87  137 263 -322  2
3823500 2818500  1 25 14   5.4 1010 236  3.4 7  4.1  75   44  128 276 -328  2
3823500 2818500  1 25 15   5.5 1010 223  2.8 8  4.2  75    5   77 290 -332  2
3823500 2818500  1 25 16   5.5 1010 219  2.7 7  4.2  74    3   47 294 -333  2
3823500 2818500  1 25 17   5.0 1009 204  1.9 7  4.1  74    1   15 291 -331  2
3823500 2818500  1 25 18   4.7 1009 213  1.5 7  4.1  76    0    0 292 -329  2
3823500 2818500  1 25 19   4.6 1008 199  1.5 8  4.1  76    0    0 300 -328  2
3823500 2818500  1 25 20   4.3 1007 191  1.8 8  4.1  78    0    0 308 -328  2
3823500 2818500  1 25 21   4.1 1006 185  2.2 8  4.2  82    0    0 312 -330  2
3823500 2818500  1 25 22   4.3 1004 184  2.7 8  4.4  86    0    0 317 -333  2
3823500 2818500  1 25 23   4.4 1003 184  2.8 7  4.7  89    0    0 323 -337  2
3823500 2818500  1 25 24   4.6 1001 186  2.7 6  4.8  91    0    0 331 -341  2
3823500 2818500  1 26  1   4.5  995 188  2.3 4  4.9  91    0    0 248 -337  2
3823500 2818500  1 26  2   4.2  995 188  2.0 2  4.8  91    0    0 195 -335  2
3823500 2818500  1 26  3   3.7  995 185  1.7 1  4.7  91    0    0 185 -332  2
3823500 2818500  1 26  4   3.6  995 183  1.8 2  4.6  92    0    0 206 -331  2
3823500 2818500  1 26  5   3.8  995 182  1.8 4  4.6  91    0    0 239 -332  2
3823500 2818500  1 26  6   3.9  995 180  2.4 7  4.6  91    0    0 279 -334  2
3823500 2818500  1 26  7   3.9  995 182  2.2 7  4.6  90    0    0 298 -337  2
3823500 2818500  1 26  8   3.9  995 171  2.2 7  4.5  88    0    0 297 -337  2
3823500 2818500  1 26  9   3.9  994 173  2.1 6  4.5  88    0    1 290 -338  2
3823500 2818500  1 26 10   4.7  994 171  2.9 7  4.6  88    2   46 292 -338  2
3823500 2818500  1 26 11   5.2  994 178  3.1 6  4.8  87   26   96 295 -340  2
3823500 2818500  1 26 12   6.2  994 203  3.5 5  4.8  83  118  109 286 -342  2
3823500 2818500  1 26 13   6.5  994 188  3.3 7  4.8  79    2  102 295 -343  2
3823500 2818500  1 26 14   7.1  993 188  3.6 5  4.7  74    3   97 295 -344  2
3823500 2818500  1 26 15   6.5  993 198  2.9 6  4.5  72    4   80 289 -345  2
3823500 2818500  1 26 16   4.8  992 197  3.1 7  4.5  78    0   40 294 -345  2
3823500 2818500  1 26 17   5.0  992 176  2.4 7  4.6  84    0    9 296 -342  2
3823500 2818500  1 26 18   5.0  992 181  3.3 6  4.7  85    0    0 291 -340  2
3823500 2818500  1 26 19   4.9  991 183  3.4 5  4.6  84    0    0 282 -338  2
3823500 2818500  1 26 20   4.4  991 188  2.9 3  4.5  84    0    0 268 -335  2
3823500 2818500  1 26 21   4.0  991 160  1.8 4  4.5  86    0    0 262 -333  2
3823500 2818500  1 26 22   3.2  991 172  1.1 3  4.3  86    0    0 261 -332  2
3823500 2818500  1 26 23   3.0  990 145  0.8 2  4.2  86    0    0 252 -326  2
3823500 2818500  1 26 24   2.9  990 140  1.3 0  4.2  88    0    0 237 -322  2
3823500 2818500  1 27  1   3.0  989 139  0.9 0  4.2  88    0    0 225 -321  2
3823500 2818500  1 27  2   3.0  989 138  1.4 0  4.2  88    0    0 225 -321  2
3823500 2818500  1 27  3   2.6  987 131  1.0 1  4.2  88    0    0 231 -322  2
3823500 2818500  1 27  4   2.9  986 130  0.2 1  4.1  87    0    0 238 -324  2
3823500 2818500  1 27  5   3.3  985 137  1.1 2  4.1  84    0    0 245 -327  2
3823500 2818500  1 27  6   3.2  985 133  0.8 4  4.1  83    0    0 261 -329  2
3823500 2818500  1 27  7   3.0  984 130  0.5 6  4.1  84    0    0 277 -330  2
3823500 2818500  1 27  8   3.7  983 129  0.5 7  4.1  83    0    0 290 -330  2
3823500 2818500  1 27  9   3.4  983 118  0.3 8  4.2  84    0    0 298 -330  2
3823500 2818500  1 27 10   3.7  983 120  0.6 8  4.3  86    0   26 303 -331  2
3823500 2818500  1 27 11   3.6  983 100  0.9 8  4.4  87    0   46 304 -334  2
3823500 2818500  1 27 12   3.7  982 106  2.1 8  4.6  90    0   26 302 -336  2
3823500 2818500  1 27 13   3.7  983 145  1.8 8  4.6  90    0   36 301 -338  2
3823500 2818500  1 27 14   3.4  983 179  2.2 8  4.6  90    0   59 301 -338  2
3823500 2818500  1 27 15   3.4  983 267  3.5 7  4.6  91    0   53 297 -337  2
3823500 2818500  1 27 16   3.0  984 272  5.9 8  4.5  91    0   20 299 -336  2
3823500 2818500  1 27 17   2.7  985 258  4.3 8  4.4  92    1   16 305 -334  2
3823500 2818500  1 27 18   2.9  986 259  5.1 8  4.4  92    0    0 305 -332  2
3823500 2818500  1 27 19   3.2  986 261  4.0 8  4.4  91    0    0 308 -332  2
3823500 2818500  1 27 20   3.8  987 247  4.9 7  4.5  90    0    0 306 -332  2
3823500 2818500  1 27 21   4.0  987 241  4.4 8  4.5  88    0    0 309 -332  2
3823500 2818500  1 27 22   4.1  988 234  3.6 7  4.5  86    0    0 309 -332  2
3823500 2818500  1 27 23   4.0  988 231  3.8 7  4.5  86    0    0 305 -331  2
3823500 2818500  1 27 24   3.8  988 247  2.4 8  4.4  86    0    0 308 -330  2
3823500 2818500  1 28  1   3.8  989 245  4.0 8  4.5  87    0    0 312 -331  2
3823500 2818500  1 28  2   3.8  989 241  4.1 8  4.5  88    0    0 311 -331  2
3823500 2818500  1 28  3   3.6  989 242  3.8 7  4.5  89    0    0 306 -332  2
3823500 2818500  1 28  4   3.6  989 248  3.3 7  4.5  90    0    0 302 -332  2
3823500 2818500  1 28  5   3.6  989 245  3.3 6  4.5  90    0    0 298 -333  2
3823500 2818500  1 28  6   3.2  989 248  3.8 7  4.5  91    0    0 297 -334  2
3823500 2818500  1 28  7   2.9  990 235  2.9 7  4.5  93    0    0 300 -333  2
3823500 2818500  1 28  8   2.7  990 242  2.6 8  4.4  94    0    0 304 -333  2
3823500 2818500  1 28  9   2.5  990 237  3.6 7  4.4  93    0    6 302 -334  2
3823500 2818500  1 28 10   2.6  991 246  3.6 7  4.3  93    5   48 297 -335  2
3823500 2818500  1 28 11   2.8  992 239  2.9 7  4.4  92    9   78 296 -335  2
3823500 2818500  1 28 12   3.5  992 274  1.7 7  4.5  92   14  106 297 -336  2
3823500 2818500  1 28 13   4.3  993 266  3.1 7  4.6  90    0   82 297 -338  2
3823500 2818500  1 28 14   4.6  993 246  2.4 8  4.8  90    0   54 302 -339  2
3823500 2818500  1 28 15   4.6  993 254  2.6 8  4.9  90    0   45 307 -342  2
3823500 2818500  1 28 16   4.7  993 275  1.7 6  4.9  91    5   47 296 -343  2
3823500 2818500  1 28 17   4.2  994 261  1.2 6  4.9  92   22    9 283 -339  2
3823500 2818500  1 28 18   3.9  994 262  0.7 7  4.8  93    0    0 286 -336  2
3823500 2818500  1 28 19   3.8  995 261  0.3 7  4.8  94    0    0 289 -334  2
3823500 2818500  1 28 20   3.8  996 317  0.1 7  4.8  94    0    0 287 -333  2
3823500 2818500  1 28 21   3.9  997 357  0.5 7  4.8  94    0    0 286 -333  2
3823500 2818500  1 28 22   3.6  998 340  0.2 8  4.7  94    0    0 290 -333  2
3823500 2818500  1 28 23   3.1  998 327  0.3 8  4.5  93    0    0 293 -329  2
3823500 2818500  1 28 24   2.6  999 350  0.2 8  4.4  92    0    0 291 -327  2
3823500 2818500  1 29  1   2.0 1000 312  0.1 8  4.2  93    0    0 288 -328  2
3823500 2818500  1 29  2   2.0 1000 286  0.1 8  4.2  94    0    0 287 -328  2
3823500 2818500  1 29  3   1.2 1001 288  0.2 7  4.1  94    0    0 280 -326  2
3823500 2818500  1 29  4   1.1 1001 278  0.1 7  4.0  95    0    0 271 -322  2
3823500 2818500  1 29  5   1.1 1002 290  0.2 7  4.0  96    0    0 269 -319  2
3823500 2818500  1 29  6   1.0 1002 297  0.1 7  4.1  99    0    0 268 -319  2
3823500 2818500  1 29  7   1.5 1003 291  0.1 8  4.1  98    0    0 276 -319  2
3823500 2818500  1 29  8   1.5 1004 356  0.6 8  4.2  97    0    0 284 -317  2
3823500 2818500  1 29  9   1.1 1005 322  0.1 8  4.1  98    0    6 285 -316  2
3823500 2818500  1 29 10   1.6 1005 332  0.1 7  4.1  98    4   60 281 -316  2
3823500 2818500  1 29 11   2.4 1006  13  0.8 6  4.3  97    7  103 273 -318  2
3823500 2818500  1 29 12   3.4 1007  65  0.9 6  4.4  94    8  133 270 -319  2
3823500 2818500  1 29 13   3.7 1008  77  0.5 6  4.3  88    6  132 271 -322  2
3823500 2818500  1 29 14   4.2 1008  90  1.0 6  4.1  81    5  122 272 -330  2
3823500 2818500  1 29 15   4.0 1008 126  1.2 6  3.9  76   10  112 273 -336  2
3823500 2818500  1 29 16   3.8 1009 109  0.6 6  3.9  76   12   75 272 -337  2
3823500 2818500  1 29 17   3.4 1009 246  0.8 7  3.8  78    6   29 274 -335  2
3823500 2818500  1 29 18   2.8 1010 214  0.3 7  3.8  80    0    0 274 -330  2
3823500 2818500  1 29 19   1.9 1010 191  0.6 6  3.7  83    0    0 267 -324  2
3823500 2818500  1 29 20   0.6 1010 247  0.2 5  3.5  84    0    0 255 -320  2
3823500 2818500  1 29 21   0.2 1011 236  0.1 5  3.5  88    0    0 251 -320  2
3823500 2818500  1 29 22  -0.3 1011 178  1.0 6  3.5  93    0    0 254 -320  2
3823500 2818500  1 29 23   0.6 1012 159  1.3 6  3.6  94    0    0 260 -320  2
3823500 2818500  1 29 24   1.1 1012 241  0.6 7  3.7  92    0    0 265 -320  2
3823500 2818500  1 30  1   1.6 1012 243  0.8 8  3.7  88    0    0 274 -320  2
3823500 2818500  1 30  2   2.1 1013 258  1.5 8  3.6  83    0    0 279 -320  2
3823500 2818500  1 30  3   1.8 1013 263  1.6 7  3.5  81    0    0 275 -320  2
3823500 2818500  1 30  4   1.7 1013 244  1.4 7  3.6  83    0    0 271 -320  2
3823500 2818500  1 30  5   1.5 1013 249  1.1 6  3.6  85    0    0 269 -320  2
3823500 2818500  1 30  6   1.3 1013 241  1.2 8  3.6  86    0    0 275 -319  2
3823500 2818500  1 30  7   1.3 1013 232  1.9 7  3.6  88    0    0 281 -318  2
3823500 2818500  1 30  8   1.3 1013 247  1.7 7  3.7  89    0    0 276 -315  2
3823500 2818500  1 30  9   1.2 1013 205  1.6 7  3.8  90    1   14 276 -315  2
3823500 2818500  1 30 10   1.4 1014 211  1.4 6  3.8  92   14   66 271 -315  2
3823500 2818500  1 30 11   1.6 1014 239  1.9 5  4.0  95   59  126 263 -317  2
3823500 2818500  1 30 12   1.6 1014 213  1.7 3  4.2  99  115  161 251 -319  2
3823500 2818500  1 30 13   2.0 1015 249  2.0 4  4.2  98   65  173 247 -322  2
3823500 2818500  1 30 14   2.7 1014 208  1.7 5  4.2  94   27  146 257 -326  2
3823500 2818500  1 30 15   3.7 1014 285  1.5 3  4.4  92   71  132 254 -329  2
3823500 2818500  1 30 16   2.9 1014   2  1.2 1  4.4  91   68   92 237 -329  2
3823500 2818500  1 30 17   2.3 1014 347  1.6 7  4.1  90   17   36 249 -325  2
3823500 2818500  1 30 18   1.7 1014  36  1.4 7  4.0  92    0    0 270 -320  2
3823500 2818500  1 30 19   1.3 1014  12  0.9 7  4.0  95    0    0 266 -319  2
3823500 2818500  1 30 20   1.0 1015  78  0.8 6  4.0  96    0    0 262 -317  2
3823500 2818500  1 30 21   0.7 1015 103  0.6 7  3.9  98    0    0 262 -315  2
3823500 2818500  1 30 22   0.2 1015  26  0.8 7  3.9  99    0    0 266 -314  2
3823500 2818500  1 30 23  -0.1 1015  77  1.0 8  3.8 100    0    0 270 -314  2
3823500 2818500  1 30 24  -0.1 1015  33  0.9 8  3.8 100    0    0 274 -314  2
3823500 2818500  1 31  1  -0.3 1015  89  1.5 7  3.7 100    0    0 270 -313  2
3823500 2818500  1 31  2  -0.5 1015  41  1.7 6  3.7 100    0    0 261 -312  2
3823500 2818500  1 31  3  -0.6 1014  87  1.0 6  3.6  99    0    0 257 -311  2
3823500 2818500  1 31  4  -1.1 1014  17  1.0 8  3.5  99    0    0 266 -308  2
3823500 2818500  1 31  5  -0.9 1014  13  0.6 8  3.5 100    0    0 275 -306  2
3823500 2818500  1 31  6  -0.6 1014  18  0.7 7  3.6 100    0    0 271 -305  2
3823500 2818500  1 31  7  -0.5 1014  43  0.5 7  3.6 100    0    0 267 -306  2
3823500 2818500  1 31  8  -0.5 1014 168  0.4 8  3.7 100    0    0 272 -307  2
3823500 2818500  1 31  9  -0.2 1015  39  1.1 7  3.7 100    0    9 274 -308  2
3823500 2818500  1 31 10  -0.1 1015  82  1.1 6  3.7  99    3   60 266 -310  2
3823500 2818500  1 31 11   0.4 1015  35  0.5 8  3.8  98    2   90 273 -315  2
3823500 2818500  1 31 12   1.0 1016  84  1.5 7  3.9  98    5  129 280 -319  2
3823500 2818500  1 31 13   2.2 1016   0  0.9 7  4.1  95    4  128 278 -321  2
3823500 2818500  1 31 14   4.1 1016 322  1.0 7  4.2  89   11  145 283 -324  2
3823500 2818500  1 31 15   3.8 1015 348  1.2 5  4.1  81   47  159 276 -326  2
3823500 2818500  1 31 16   3.2 1016 357  1.5 5  4.0  82   33  104 265 -324  2
3823500 2818500  1 31 17   2.3 1016  12  1.8 6  4.0  86    3   24 268 -322  2
3823500 2818500  1 31 18   0.8 1016   6  2.0 5  3.6  86    0    0 262 -320  2
3823500 2818500  1 31 19  -0.9 1017 352  1.0 1  3.3  87    0    0 235 -320  2
3823500 2818500  1 31 20  -1.7 1017 359  0.5 0  3.1  91    0    0 210 -320  2
3823500 2818500  1 31 21  -2.2 1018 347  1.2 1  3.1  95    0    0 209 -320  2
3823500 2818500  1 31 22  -3.1 1018 274  1.0 3  3.0  98    0    0 220 -320  2
3823500 2818500  1 31 23  -2.8 1018 285  1.5 3  3.0 100    0    0 229 -320  2
3823500 2818500  1 31 24  -3.3 1019 255  1.4 1  3.0 100    0    0 221 -320  2
3823500 2818500  2  1  1  -3.4 1019 347  0.3 7  2.9  99    0    0 264 -319  2
3823500 2818500  2  1  2  -2.1 1019 296  1.4 8  3.1 100    0    0 272 -319  2
3823500 2818500  2  1  3  -2.3 1019 312  1.0 8  3.2 100    0    0 280 -319  2
3823500 2818500  2  1  4  -2.4 1019 264  1.3 7  3.2 100    0    0 275 -319  2
3823500 2818500  2  1  5  -2.6 1019 277  1.4 6  3.1 100    0    0 265 -319  2
3823500 2818500  2  1  6  -2.4 1019 251  1.5 8  3.1 100    0    0 269 -318  2
3823500 2818500  2  1  7  -2.3 1019 252  1.2 7  3.1  99    0    0 274 -317  2
3823500 2818500  2  1  8  -2.1 1019 276  1.7 7  3.1  98    0    0 271 -316  2
3823500 2818500  2  1  9  -1.7 1019 263  1.9 8  3.2  98    0    9 279 -317  2
3823500 2818500  2  1 10  -1.3 1019 267  2.3 7  3.3  98    0   33 282 -318  2
3823500 2818500  2  1 11  -0.9 1019 255  2.4 8  3.4  98    0   55 285 -319  2
3823500 2818500  2  1 12  -0.6 1019 256  2.7 7  3.5  98    0   92 286 -320  2
3823500 2818500  2  1 13   0.1 1019 264  2.8 8  3.6  98    0   83 288 -323  2
3823500 2818500  2  1 14   0.8 1019 268  2.2 8  3.8  97    0   58 294 -326  2
3823500 2818500  2  1 15   1.4 1018 308  2.1 6  3.8  94   30   83 284 -326  2
3823500 2818500  2  1 16   1.5 1018 311  1.6 7  3.9  92    0   44 277 -325  2
3823500 2818500  2  1 17   1.2 1018 277  0.7 6  3.9  93   10   20 274 -322  2
3823500 2818500  2  1 18   0.0 1018 302  1.3 6  3.7  94    0    0 263 -320  2
3823500 2818500  2  1 19   0.0 1018 282  1.5 6  3.6  95    0    0 259 -317  2
3823500 2818500  2  1 20   0.0 1018 277  0.8 7  3.6  95    0    0 262 -314  2
3823500 2818500  2  1 21   0.0 1018 285  0.5 7  3.6  96    0    0 265 -311  2
3823500 2818500  2  1 22  -0.4 1018 272  1.5 7  3.6  96    0    0 264 -309  2
3823500 2818500  2  1 23  -0.5 1017  17  1.6 7  3.5  96    0    0 261 -306  2
3823500 2818500  2  1 24  -0.4 1017 321  0.4 8  3.5  96    0    0 265 -301  2
3823500 2818500  2  2  1  -0.6 1017 328  1.0 8  3.5  96    0    0 269 -298  2
3823500 2818500  2  2  2  -0.9 1016 252  0.3 8  3.4  96    0    0 267 -297  2
3823500 2818500  2  2  3  -1.2 1016 240  0.5 7  3.3  96    0    0 259 -297  2
3823500 2818500  2  2  4  -1.7 1015 222  0.9 7  3.3  97    0    0 253 -297  2
3823500 2818500  2  2  5  -1.9 1015 176  0.9 7  3.2  96    0    0 250 -297  2
3823500 2818500  2  2  6  -2.0 1015  77  0.5 7  3.2  96    0    0 249 -298  2
3823500 2818500  2  2  7  -2.1 1014 116  0.8 8  3.2  98    0    0 252 -297  2
3823500 2818500  2  2  8  -1.7 1013 127  0.8 8  3.2  98    0    0 257 -295  2
3823500 2818500  2  2  9  -1.5 1013 117  0.9 8  3.3  97    0    1 258 -295  2
3823500 2818500  2  2 10  -1.4 1013  74  0.6 8  3.3  97    0   43 259 -296  2
3823500 2818500  2  2 11  -1.2 1013 106  1.1 7  3.3  96    0   64 256 -300  2
3823500 2818500  2  2 12  -0.9 1012 116  1.5 8  3.3  94    0   66 260 -305  2
3823500 2818500  2  2 13  -0.8 1012 143  2.0 8  3.3  93    0   73 269 -309  2
3823500 2818500  2  2 14  -0.8 1011 110  1.9 8  3.4  94    0   54 273 -312  2
3823500 2818500  2  2 15  -0.9 1010  91  1.3 8  3.4  94    0   55 275 -312  2
3823500 2818500  2  2 16  -1.0 1009  92  1.5 8  3.3  94    0   63 277 -310  2
3823500 2818500  2  2 17  -1.2 1009 101  1.6 8  3.3  95    0   24 278 -306  2
3823500 2818500  2  2 18  -1.4 1008 110  0.7 8  3.3  96    0    0 277 -303  2
3823500 2818500  2  2 19  -1.5 1008 108  1.1 8  3.3  96    0    0 277 -300  2
3823500 2818500  2  2 20  -1.6 1007 104  1.3 8  3.3  96    0    0 276 -299  2
3823500 2818500  2  2 21  -1.8 1007  96  1.4 7  3.2  96    0    0 272 -299  2
3823500 2818500  2  2 22  -1.8 1006  93  1.2 8  3.2  96    0    0 273 -298  2
3823500 2818500  2  2 23  -1.8 1006  92  1.6 8  3.2  96    0    0 279 -298  2
3823500 2818500  2  2 24  -2.0 1005  89  1.4 8  3.2  96    0    0 281 -298  2
3823500 2818500  2  3  1  -2.2 1005  93  1.2 7  3.1  95    0    0 278 -298  2
3823500 2818500  2  3  2  -1.9 1004  85  1.2 7  3.1  94    0    0 275 -298  2
3823500 2818500  2  3  3  -1.7 1004  85  1.2 7  3.1  92    0    0 276 -298  2
3823500 2818500  2  3  4  -1.8 1003  83  1.1 8  3.1  92    0    0 280 -297  2
3823500 2818500  2  3  5  -2.0 1002  80  1.0 8  3.1  92    0    0 284 -297  2
3823500 2818500  2  3  6  -2.1 1002  70  1.0 7  3.1  93    0    0 279 -297  2
3823500 2818500  2  3  7  -2.3 1001  83  1.4 7  3.0  93    0    0 275 -296  2
3823500 2818500  2  3  8  -2.5 1001  79  0.8 8  3.0  94    0    0 277 -296  2
3823500 2818500  2  3  9  -2.5 1001  76  1.0 8  3.0  95    0    4 281 -295  2
3823500 2818500  2  3 10  -2.6 1000  84  1.7 6  3.1  96    0   53 270 -295  2
3823500 2818500  2  3 11  -2.3 1000  94  1.6 7  3.1  96    0   72 265 -297  2
3823500 2818500  2  3 12  -1.7  999 107  1.8 7  3.1  95    0  102 272 -299  2
3823500 2818500  2  3 13  -1.0  998  99  2.1 7  3.2  92    0   84 273 -301  2
3823500 2818500  2  3 14  -0.8  997  98  2.4 8  3.3  92    0   68 281 -303  2
3823500 2818500  2  3 15  -0.7  996  94  2.3 7  3.4  92    0   63 282 -302  2
3823500 2818500  2  3 16  -0.7  995  95  1.8 8  3.5  94    0   41 283 -301  2
3823500 2818500  2  3 17  -0.7  995  95  1.9 8  3.5  96    0    6 288 -298  2
3823500 2818500  2  3 18  -0.9  994  85  1.8 8  3.5  96    0    0 288 -295  2
3823500 2818500  2  3 19  -1.0  993  85  1.8 8  3.5  97    0    0 287 -293  2
3823500 2818500  2  3 20  -1.2  993  81  2.3 8  3.5  97    0    0 286 -291  2
3823500 2818500  2  3 21  -1.4  993  85  2.4 8  3.4  96    0    0 285 -290  2
3823500 2818500  2  3 22  -2.1  993  65  2.2 8  3.3  96    0    0 284 -287  2
3823500 2818500  2  3 23  -2.1  993  71  1.0 8  3.2  96    0    0 282 -285  2
3823500 2818500  2  3 24  -2.3  993  76  1.1 8  3.1  96    0    0 281 -282  2
3823500 2818500  2  4  1  -2.3  993  62  1.3 8  3.1  95    0    0 280 -279  2
3823500 2818500  2  4  2  -2.4  994  69  1.2 8  3.1  95    0    0 278 -276  2
3823500 2818500  2  4  3  -2.4  994  58  1.4 8  3.1  95    0    0 277 -275  2
3823500 2818500  2  4  4  -2.5  994  45  1.2 8  3.1  95    0    0 276 -273  2
3823500 2818500  2  4  5  -2.3  994  66  1.7 7  3.1  95    0    0 271 -271  2
3823500 2818500  2  4  6  -2.6  995  65  1.3 8  3.1  95    0    0 270 -269  2
3823500 2818500  2  4  7  -2.6  995  64  1.4 8  3.0  95    0    0 273 -268  2
3823500 2818500  2  4  8  -2.6  995  62  2.0 8  3.0  96    0    0 272 -268  2
3823500 2818500  2  4  9  -2.6  995  70  1.7 8  3.1  97    0    2 270 -268  2
3823500 2818500  2  4 10  -2.3  996  75  1.1 8  3.1  97    0   20 270 -270  2
3823500 2818500  2  4 11  -1.9  996  75  0.6 8  3.2  96    0   40 273 -275  2
3823500 2818500  2  4 12  -1.7  996  77  0.8 8  3.2  95    0   55 276 -280  2
3823500 2818500  2  4 13  -1.4  996  76  0.3 8  3.3  96    0   57 280 -285  2
3823500 2818500  2  4 14  -0.9  995  90  0.2 7  3.4  96    0   74 278 -288  2
3823500 2818500  2  4 15  -0.5  994  85  0.8 7  3.5  95    0   64 277 -290  2
3823500 2818500  2  4 16  -0.8  994  78  0.7 8  3.5  96    0   30 283 -291  2
3823500 2818500  2  4 17  -0.3  993  88  0.8 8  3.6  96    0   20 291 -291  2
3823500 2818500  2  4 18  -0.1  992  89  1.0 8  3.7  96    0    1 294 -291  2
3823500 2818500  2  4 19   0.1  992 104  0.6 8  3.8  98    0    0 297 -291  2
3823500 2818500  2  4 20   0.9  990 106  1.0 8  3.9  98    0    0 298 -293  2
3823500 2818500  2  4 21   1.0  990 105  0.5 8  4.1  99    0    0 301 -296  2
3823500 2818500  2  4 22   1.4  989 119  0.1 8  4.2  99    0    0 304 -300  2
3823500 2818500  2  4 23   2.4  988 140  0.1 8  4.4  99    0    0 307 -304  2
3823500 2818500  2  4 24   4.6  987 199  2.9 7  5.0  99    0    0 306 -310  2
3823500 2818500  2  5  1   5.7  986 186  2.4 7  5.6 100    0    0 306 -317  2
3823500 2818500  2  5  2   6.3  986 178  2.9 8  5.9  99    0    0 320 -320  2
3823500 2818500  2  5  3   6.3  985 180  2.8 8  5.9  97    0    0 331 -320  2
3823500 2818500  2  5  4   6.3  984 174  2.6 7  5.8  95    0    0 323 -320  2
3823500 2818500  2  5  5   6.4  983 184  1.8 7  5.8  94    0    0 316 -324  2
3823500 2818500  2  5  6   6.3  982 186  2.9 8  5.8  95    0    0 326 -327  2
3823500 2818500  2  5  7   6.4  982 194  2.7 8  5.8  95    0    0 334 -328  2
3823500 2818500  2  5  8   6.4  981 197  3.0 8  5.8  95    0    0 336 -330  2
3823500 2818500  2  5  9   6.8  981 203  3.6 8  5.9  94    0    4 336 -334  2
3823500 2818500  2  5 10   7.5  981 222  4.8 8  6.0  92    1   52 338 -339  2
3823500 2818500  2  5 11   7.9  982 240  5.0 7  6.1  90    0   61 335 -341  2
3823500 2818500  2  5 12   8.1  983 241  4.9 7  6.1  89    0   53 329 -341  2
3823500 2818500  2  5 13   8.3  984 240  5.5 7  6.1  88    0   53 329 -342  2
3823500 2818500  2  5 14   8.1  985 245  5.6 7  6.0  85    0   82 331 -342  2
3823500 2818500  2  5 15   8.6  986 234  5.2 7  5.8  82    0   57 331 -341  2
3823500 2818500  2  5 16   8.7  987 224  3.5 7  5.7  79    2   65 333 -341  2
3823500 2818500  2  5 17   8.4  987 235  3.6 8  5.7  80    0   22 338 -341  2
3823500 2818500  2  5 18   8.3  988 235  4.5 8  5.7  81    0    2 345 -341  2
3823500 2818500  2  5 19   8.5  988 213  3.7 8  5.6  80    0    0 344 -340  2
3823500 2818500  2  5 20   8.1  988 208  4.0 7  5.8  83    0    0 338 -341  2
3823500 2818500  2  5 21   8.2  987 199  4.9 8  6.2  89    0    0 338 -343  2
3823500 2818500  2  5 22   8.9  987 218  5.6 8  6.5  91    0    0 346 -346  2
3823500 2818500  2  5 23  10.2  987 234  5.8 8  6.6  87    0    0 349 -348  2
3823500 2818500  2  5 24  10.4  988 243  4.9 7  6.5  82    0    0 344 -351  2
3823500 2818500  2  6  1  10.3  989 237  4.0 6  6.4  79    0    0 329 -353  2
3823500 2818500  2  6  2   9.9  990 235  3.4 7  6.2  79    0    0 328 -355  2
3823500 2818500  2  6  3   8.9  990 220  2.2 6  6.1  81    0    0 328 -357  2
3823500 2818500  2  6  4   9.3  990 200  2.3 7  6.2  84    0    0 329 -357  2
3823500 2818500  2  6  5   9.7  990 192  3.1 7  6.7  88    0    0 339 -358  2
3823500 2818500  2  6  6  10.0  989 207  4.5 8  7.0  90    0    0 347 -358  2
3823500 2818500  2  6  7   9.9  989 207  4.4 7  6.9  88    0    0 347 -358  2
3823500 2818500  2  6  8  10.2  990 204  3.9 8  6.7  85    0    0 347 -357  2
3823500 2818500  2  6  9  10.3  990 196  3.9 7  6.5  81    0    5 346 -357  2
3823500 2818500  2  6 10   9.9  990 199  4.3 7  6.5  82    0   23 339 -358  2
3823500 2818500  2  6 11   9.8  990 207  4.8 7  6.6  86    0   33 338 -358  2
3823500 2818500  2  6 12  10.1  991 196  5.0 7  6.9  88    0   45 338 -359  2
3823500 2818500  2  6 13  10.7  991 190  3.6 7  7.0  86    0   55 339 -359  2
3823500 2818500  2  6 14  11.1  990 200  3.2 8  6.9  83    0   57 345 -360  2
3823500 2818500  2  6 15  11.8  990 214  3.1 8  6.9  80    0   40 352 -361  2
3823500 2818500  2  6 16  11.9  991 211  1.9 8  6.8  77    0   26 353 -362  2
3823500 2818500  2  6 17  12.0  991 199  3.1 8  6.8  76    0   20 352 -361  2
3823500 2818500  2  6 18  12.3  991 202  3.1 7  6.6  73    0    1 344 -360  2
3823500 2818500  2  6 19  12.3  991 206  3.6 8  6.4  70    0    0 344 -359  2
3823500 2818500  2  6 20  11.4  992 215  3.4 7  6.5  75    0    0 343 -358  2
3823500 2818500  2  6 21  11.0  992 218  3.3 7  6.4  77    0    0 339 -358  2
3823500 2818500  2  6 22  10.8  993 218  3.4 7  6.4  78    0    0 336 -358  2
3823500 2818500  2  6 23  10.7  993 220  3.8 7  6.5  79    0    0 327 -358  2
3823500 2818500  2  6 24  10.7  993 222  4.7 6  6.4  79    0    0 318 -358  2
3823500 2818500  2  7  1  10.4  996 230  5.7 6  6.2  77    0    0 333 -356  2
3823500 2818500  2  7  2   9.9  996 238  6.7 5  6.0  76    0    0 316 -353  2
3823500 2818500  2  7  3   9.3  996 246  7.3 5  5.7  75    0    0 305 -352  2
3823500 2818500  2  7  4   8.8  996 246  7.4 5  5.3  73    0    0 303 -353  2
3823500 2818500  2  7  5   8.6  996 243  7.2 6  5.4  74    0    0 307 -353  2
3823500 2818500  2  7  6   8.0  996 242  7.4 6  5.0  72    0    0 312 -353  2
3823500 2818500  2  7  7   6.9  996 228  7.3 6  5.0  76    0    0 308 -352  2
3823500 2818500  2  7  8   6.4  995 245  6.9 7  5.0  81    0    0 308 -349  2
3823500 2818500  2  7  9   6.2  996 246  7.4 7  5.0  83    0   22 310 -347  2
3823500 2818500  2  7 10   6.7  998 251  6.8 6  5.0  83    0   46 301 -346  2
3823500 2818500  2  7 11   6.3  999 242  5.7 8  5.0  83    0   31 306 -343  2
3823500 2818500  2  7 12   5.9  999 264  6.9 7  5.1  85    0   56 311 -343  2
3823500 2818500  2  7 13   5.3  999 256  7.9 7  4.9  85    0   81 303 -346  2
3823500 2818500  2  7 14   5.3 1000 261  6.9 7  4.8  86    0   56 301 -346  2
3823500 2818500  2  7 15   6.2 1000 273  7.6 7  5.0  87    0   58 304 -346  2
3823500 2818500  2  7 16   6.7 1001 262  5.6 6  5.1  83    0   62 301 -346  2
3823500 2818500  2  7 17   6.9 1002 271  5.3 8  4.8  78    1   31 306 -345  2
3823500 2818500  2  7 18   6.6 1003 263  3.7 7  4.6  74    0    1 310 -341  2
3823500 2818500  2  7 19   6.6 1004 255  3.3 6  4.5  74    0    0 297 -337  2
3823500 2818500  2  7 20   6.3 1004 240  1.9 6  4.5  74    0    0 291 -336  2
3823500 2818500  2  7 21   5.2 1003 243  3.8 7  4.5  78    0    0 294 -334  2
3823500 2818500  2  7 22   3.2 1002 231  3.7 6  4.4  86    0    0 287 -331  2
3823500 2818500  2  7 23   3.8 1002 232  3.7 7  4.4  90    0    0 283 -333  2
3823500 2818500  2  7 24   3.2 1001 248  6.7 6  4.4  89    0    0 281 -336  2
3823500 2818500  2  8  1   3.5 1000 244  4.7 7  4.3  87    0    0 282 -336  2
3823500 2818500  2  8  2   3.7  999 218  3.8 6  4.3  86    0    0 283 -336  2
3823500 2818500  2  8  3   3.5  997 229  2.1 6  4.2  84    0    0 280 -332  2
3823500 2818500  2  8  4   3.8  996 222  4.3 6  4.2  83    0    0 280 -324  2
3823500 2818500  2  8  5   2.3  994 252  7.6 6  4.1  86    0    0 279 -320  2
3823500 2818500  2  8  6   1.9  994 237  4.5 6  4.0  88    0    0 275 -320  2
3823500 2818500  2  8  7   2.0  993 233  3.9 4  3.9  87    0    0 264 -320  2
3823500 2818500  2  8  8   1.8  993 234  4.0 7  3.9  87    0    0 269 -320  2
3823500 2818500  2  8  9   2.1  991 239  5.4 8  4.0  89    0    8 287 -319  2
3823500 2818500  2  8 10   2.5  991 248  5.2 6  4.1  88    6   70 282 -319  2
3823500 2818500  2  8 11   2.7  991 273  7.1 8  4.1  88    0   58 280 -319  2
3823500 2818500  2  8 12   3.5  992 309  7.5 5  4.1  84   20  146 274 -320  2
3823500 2818500  2  8 13   4.2  994 287  6.6 4  3.9  76  106  147 255 -320  2
3823500 2818500  2  8 14   1.3  995 280  5.8 6  3.7  79    1  104 257 -325  2
3823500 2818500  2  8 15   1.4  996 276  4.3 5  3.9  91    6  107 260 -330  2
3823500 2818500  2  8 16   2.4  997 278  4.1 2  4.0  91  132   59 246 -330  2
3823500 2818500  2  8 17   2.9  998 290  4.8 4  4.0  85   40   34 244 -328  2
3823500 2818500  2  8 18   2.7  999 282  4.5 6  3.9  84    0    6 260 -326  2
3823500 2818500  2  8 19   2.3 1001 291  4.2 5  3.9  85    0    0 262 -322  2
3823500 2818500  2  8 20   2.3 1002 271  3.6 2  3.9  85    0    0 245 -320  2
3823500 2818500  2  8 21   2.6 1003 274  3.7 2  3.9  84    0    0 232 -319  2
3823500 2818500  2  8 22   2.7 1004 267  4.9 6  3.9  84    0    0 246 -318  2
3823500 2818500  2  8 23   2.4 1005 287  6.4 8  4.0  87    0    0 267 -316  2
3823500 2818500  2  8 24   2.7 1006 289  6.6 7  4.0  88    0    0 272 -315  2
3823500 2818500  2  9  1   2.2 1007 291  5.6 4  3.8  84    0    0 255 -314  2
3823500 2818500  2  9  2   2.1 1008 289  5.0 2  3.6  80    0    0 231 -314  2
3823500 2818500  2  9  3   1.6 1009 307  4.7 4  3.4  79    0    0 231 -315  2
3823500 2818500  2  9  4   1.1 1010 281  3.4 5  3.4  80    0    0 243 -316  2
3823500 2818500  2  9  5   1.2 1011 295  3.2 4  3.3  81    0    0 242 -318  2
3823500 2818500  2  9  6   1.0 1012 291  2.9 2  3.4  82    0    0 227 -318  2
3823500 2818500  2  9  7   1.3 1014 292  3.3 1  3.4  82    0    0 212 -318  2
3823500 2818500  2  9  8   1.3 1015 293  3.1 1  3.4  81    0    0 207 -318  2
3823500 2818500  2  9  9   1.6 1016 285  3.1 2  3.4  81    5   31 212 -317  2
3823500 2818500  2  9 10   2.0 1017 285  3.1 5  3.5  80   12   82 232 -317  2
3823500 2818500  2  9 11   2.4 1018 291  3.9 5  3.6  81   57  133 249 -319  2
3823500 2818500  2  9 12   3.0 1018 282  5.0 5  3.6  79   20  155 249 -321  2
3823500 2818500  2  9 13   3.6 1019 278  4.1 7  3.7  76    0  117 259 -325  2
3823500 2818500  2  9 14   4.0 1019 296  3.7 5  3.8  76   40  161 259 -329  2
3823500 2818500  2  9 15   4.4 1020 297  4.5 4  3.7  74  145  129 247 -331  2
3823500 2818500  2  9 16   3.7 1020 319  4.3 6  3.7  73   12   85 253 -332  2
3823500 2818500  2  9 17   3.1 1020 293  3.2 7  3.7  77    7   39 264 -330  2
3823500 2818500  2  9 18   2.3 1021 322  2.9 7  3.8  83    1    8 266 -327  2
3823500 2818500  2  9 19   1.7 1022 294  2.4 7  3.7  86    0    0 262 -322  2
3823500 2818500  2  9 20   1.5 1022 301  2.5 6  3.6  86    0    0 255 -320  2
3823500 2818500  2  9 21   1.3 1023 273  2.9 5  3.6  87    0    0 249 -319  2
3823500 2818500  2  9 22   1.0 1024 260  2.4 5  3.6  89    0    0 246 -319  2
3823500 2818500  2  9 23   1.2 1024 248  2.4 6  3.7  90    0    0 251 -316  2
3823500 2818500  2  9 24   1.4 1024 253  3.0 6  3.7  90    0    0 256 -315  2
3823500 2818500  2 10  1   1.6 1024 253  3.5 7  3.7  89    0    0 259 -315  2
3823500 2818500  2 10  2   1.5 1024 247  3.5 6  3.8  90    0    0 258 -315  2
3823500 2818500  2 10  3   1.3 1024 246  3.3 7  3.8  91    0    0 256 -316  2
3823500 2818500  2 10  4   1.1 1024 252  3.0 8  3.7  91    0    0 263 -316  2
3823500 2818500  2 10  5   1.0 1023 243  3.5 8  3.7  92    0    0 267 -316  2
3823500 2818500  2 10  6   1.4 1024 238  3.2 8  3.8  94    0    0 268 -316  2
3823500 2818500  2 10  7   1.6 1024 240  3.2 7  3.9  93    0    0 265 -315  2
3823500 2818500  2 10  8   1.4 1023 236  3.2 6  3.8  90    0    0 257 -315  2
3823500 2818500  2 10  9   1.2 1023 228  3.0 6  3.6  88    2   30 251 -314  2
3823500 2818500  2 10 10   1.5 1023 228  3.1 7  3.5  85    4   79 254 -314  2
3823500 2818500  2 10 11   1.9 1023 233  4.0 7  3.5  82    6  120 261 -317  2
3823500 2818500  2 10 12   2.3 1022 235  5.2 8  3.4  78    0   92 266 -319  2
3823500 2818500  2 10 13   2.6 1021 238  4.7 8  3.4  76    0   86 268 -323  2
3823500 2818500  2 10 14   3.1 1020 240  5.5 7  3.4  73    4  130 264 -327  2
3823500 2818500  2 10 15   2.6 1019 239  5.8 7  3.5  75    3  111 262 -327  2
3823500 2818500  2 10 16   2.9 1018 239  5.9 7  3.6  78    0   65 265 -326  2
3823500 2818500  2 10 17   3.3 1017 233  5.8 8  3.6  76    0   25 272 -326  2
3823500 2818500  2 10 18   3.2 1015 238  6.2 8  3.6  75    0    2 278 -325  2
3823500 2818500  2 10 19   2.6 1014 237  6.2 8  3.7  79    0    0 279 -324  2
3823500 2818500  2 10 20   2.2 1013 241  6.2 8  3.8  85    0    0 280 -323  2
3823500 2818500  2 10 21   2.2 1012 243  6.5 8  3.9  88    0    0 283 -323  2
3823500 2818500  2 10 22   2.8 1011 239  5.8 8  4.0  89    0    0 288 -322  2
3823500 2818500  2 10 23   3.8 1009 242  5.7 8  4.3  89    0    0 296 -322  2
3823500 2818500  2 10 24   4.8 1008 258  5.8 8  4.7  90    0    0 304 -322  2
3823500 2818500  2 11  1   5.7 1007 259  4.3 8  5.0  90    0    0 312 -323  2
3823500 2818500  2 11  2   7.0 1007 295  3.4 7  5.4  91    0    0 317 -322  2
3823500 2818500  2 11  3   7.2 1007 310  2.2 8  5.8  91    0    0 323 -321  2
3823500 2818500  2 11  4   7.1 1007 325  2.9 8  5.8  92    0    0 328 -322  2
3823500 2818500  2 11  5   6.8 1008 328  2.3 7  5.8  92    0    0 327 -324  2
3823500 2818500  2 11  6   6.5 1008 324  1.7 8  5.6  92    0    0 328 -326  2
3823500 2818500  2 11  7   6.3 1009 321  1.6 8  5.6  93    0    0 333 -329  2
3823500 2818500  2 11  8   6.2 1010 325  1.1 8  5.6  94    0    0 335 -332  2
3823500 2818500  2 11  9   6.2 1011 310  0.9 8  5.5  93    0   22 336 -336  2
3823500 2818500  2 11 10   6.4 1012   5  1.5 8  5.5  93    0   41 337 -339  2
3823500 2818500  2 11 11   6.3 1013  24  1.9 7  5.5  92    0   57 329 -344  2
3823500 2818500  2 11 12   6.0 1014  27  1.6 7  5.3  90    0   69 321 -348  2
3823500 2818500  2 11 13   4.9 1015  33  2.4 7  4.9  88    0   63 318 -351  2
3823500 2818500  2 11 14   4.2 1016  34  2.3 7  4.6  88    0   55 316 -354  2
3823500 2818500  2 11 15   4.0 1017  28  1.9 7  4.3  86    0   41 315 -355  2
3823500 2818500  2 11 16   4.0 1018  48  1.8 6  4.1  81    2   75 307 -354  2
3823500 2818500  2 11 17   3.7 1018  68  2.9 7  3.9  79    3   42 306 -352  2
3823500 2818500  2 11 18   2.6 1019  66  2.5 8  3.7  79    0    9 315 -347  2
3823500 2818500  2 11 19   2.3 1020  82  1.5 8  3.6  79    0    0 316 -340  2
3823500 2818500  2 11 20   1.8 1021  37  0.1 7  3.5  79    0    0 307 -335  2
3823500 2818500  2 11 21  -0.1 1022 353  0.2 3  3.3  82    0    0 275 -333  2
3823500 2818500  2 11 22  -0.3 1022  14  0.6 4  3.1  85    0    0 255 -334  2
3823500 2818500  2 11 23  -0.5 1023 344  0.2 5  3.2  88    0    0 265 -333  2
3823500 2818500  2 11 24  -1.1 1023  66  0.4 6  3.2  89    0    0 273 -331  2
3823500 2818500  2 12  1  -1.3 1023  16  0.3 3  3.1  90    0    0 263 -327  2
3823500 2818500  2 12  2  -1.0 1024 350  0.2 5  3.1  91    0    0 258 -322  2
3823500 2818500  2 12  3  -1.1 1024 332  0.2 5  3.2  93    0    0 267 -320  2
3823500 2818500  2 12  4  -0.8 1024   5  0.0 6  3.3  93    0    0 271 -319  2
3823500 2818500  2 12  5  -0.6 1024 135  0.0 7  3.3  94    0    0 280 -319  2
3823500 2818500  2 12  6  -0.4 1024 202  0.4 7  3.4  95    0    0 285 -317  2
3823500 2818500  2 12  7  -0.3 1024 153  0.3 7  3.5  95    0    0 287 -315  2
3823500 2818500  2 12  8   0.0 1024 172  0.1 7  3.5  95    0    0 289 -316  2
3823500 2818500  2 12  9   0.2 1024 162  0.5 7  3.6  95    0   34 291 -317  2
3823500 2818500  2 12 10   1.2 1024 210  1.1 7  3.7  94    4   87 294 -319  2
3823500 2818500  2 12 11   2.5 1024 214  1.3 6  3.8  88    6  130 294 -320  2
3823500 2818500  2 12 12   3.0 1024 205  1.4 7  3.7  80    1  124 298 -323  2
3823500 2818500  2 12 13   3.4 1024 231  2.2 7  3.6  77    4  157 305 -328  2
3823500 2818500  2 12 14   3.4 1024 233  1.8 7  3.7  77    4  147 307 -330  2
3823500 2818500  2 12 15   3.0 1024 229  1.7 7  3.9  82    2  115 309 -331  2
3823500 2818500  2 12 16   3.0 1024 230  1.8 7  4.1  89    1   76 311 -332  2
3823500 2818500  2 12 17   3.2 1024 244  2.5 8  4.3  92    6   50 317 -333  2
3823500 2818500  2 12 18   3.5 1023 225  1.1 8  4.4  92    0    6 323 -334  2
3823500 2818500  2 12 19   3.7 1023 219  0.9 8  4.5  92    0    0 325 -335  2
3823500 2818500  2 12 20   3.9 1023 228  1.3 6  4.6  92    0    0 318 -336  2
3823500 2818500  2 12 21   4.1 1023 253  2.2 6  4.5  91    0    0 309 -338  2
3823500 2818500  2 12 22   4.4 1023 260  2.1 8  4.6  91    0    0 320 -339  2
3823500 2818500  2 12 23   4.7 1024 261  1.9 8  4.9  94    0    0 332 -341  2
3823500 2818500  2 12 24   5.1 1024 280  1.6 7  5.1  95    0    0 328 -341  2
3823500 2818500  2 13  1   5.7 1024 289  0.8 8  5.3  95    0    0 330 -341  2
3823500 2818500  2 13  2   6.0 1024 285  1.4 8  5.4  95    0    0 337 -341  2
3823500 2818500  2 13  3   6.0 1024 290  1.2 8  5.5  95    0    0 337 -341  2
3823500 2818500  2 13  4   6.1 1024 294  1.9 8  5.5  96    0    0 337 -341  2
3823500 2818500  2 13  5   6.1 1024 281  1.9 8  5.6  96    0    0 337 -341  2
3823500 2818500  2 13  6   6.1 1024 283  1.3 8  5.6  96    0    0 336 -341  2
3823500 2818500  2 13  7   6.2 1024 273  1.8 8  5.5  95    0    0 335 -340  2
3823500 2818500  2 13  8   6.2 1023 272  1.7 7  5.5  95    0    0 328 -341  2
3823500 2818500  2 13  9   6.4 1024 276  1.9 8  5.6  95    0   15 327 -341  2
3823500 2818500  2 13 10   6.6 1024 271  1.8 7  5.7  95    0   22 327 -342  2
3823500 2818500  2 13 11   6.9 1024 271  1.7 7  5.8  96    0   59 320 -344  2
3823500 2818500  2 13 12   7.4 1024 277  1.7 7  6.0  96    0   78 320 -346  2
3823500 2818500  2 13 13   7.6 1024 271  2.1 7  6.1  95    0   93 320 -348  2
3823500 2818500  2 13 14   8.1 1024 278  2.5 7  6.1  93    0   91 320 -352  2
3823500 2818500  2 13 15   8.3 1023 280  2.3 7  5.9  89    0   73 320 -356  2
3823500 2818500  2 13 16   8.3 1023 281  2.2 7  5.8  86    0   54 319 -357  2
3823500 2818500  2 13 17   8.0 1023 279  1.7 8  5.7  85    6   33 325 -356  2
3823500 2818500  2 13 18   7.5 1023 284  1.1 8  5.6  87    6    5 331 -354  2
3823500 2818500  2 13 19   7.3 1023 259  1.0 8  5.7  90    0    0 329 -353  2
3823500 2818500  2 13 20   7.1 1023 285  1.2 8  5.7  91    0    0 326 -352  2
3823500 2818500  2 13 21   7.1 1022 273  1.2 8  5.7  92    0    0 325 -352  2
3823500 2818500  2 13 22   6.9 1022 266  2.3 8  5.7  93    0    0 325 -350  2
3823500 2818500  2 13 23   7.0 1022 261  0.9 8  5.7  93    0    0 324 -349  2
3823500 2818500  2 13 24   6.9 1022 273  1.8 8  5.8  93    0    0 326 -348  2
3823500 2818500  2 14  1   6.9 1021 296  1.2 8  5.8  94    0    0 326 -345  2
3823500 2818500  2 14  2   6.7 1021 275  1.8 8  5.7  93    0    0 328 -342  2
3823500 2818500  2 14  3   6.6 1021 263  1.0 7  5.7  94    0    0 323 -340  2
3823500 2818500  2 14  4   6.4 1020 257  1.5 8  5.6  94    0    0 325 -340  2
3823500 2818500  2 14  5   6.3 1020 254  1.5 8  5.6  94    0    0 331 -339  2
3823500 2818500  2 14  6   6.1 1019 250  1.5 8  5.5  93    0    0 331 -338  2
3823500 2818500  2 14  7   5.9 1019 253  1.4 8  5.4  93    0    0 330 -336  2
3823500 2818500  2 14  8   5.7 1019 243  1.6 8  5.3  93    0    0 329 -335  2
3823500 2818500  2 14  9   5.9 1019 219  1.5 8  5.3  94    0    8 328 -334  2
3823500 2818500  2 14 10   6.6 1019 238  2.1 7  5.4  92    0   49 324 -335  2
3823500 2818500  2 14 11   7.3 1018 253  1.9 7  5.4  88    1  111 320 -337  2
3823500 2818500  2 14 12   7.8 1018 263  2.2 7  5.4  84    3  142 321 -340  2
3823500 2818500  2 14 13   8.0 1018 270  2.4 6  5.3  80   14  186 314 -344  2
3823500 2818500  2 14 14   8.1 1018 259  3.0 7  5.2  78   18  184 312 -346  2
3823500 2818500  2 14 15   8.3 1017 265  2.6 7  5.1  76   16  154 317 -348  2
3823500 2818500  2 14 16   8.1 1016 265  2.3 7  5.1  75   11  103 315 -347  2
3823500 2818500  2 14 17   7.8 1016 273  1.4 7  5.1  76   11   62 313 -346  2
3823500 2818500  2 14 18   7.3 1016 277  1.7 7  5.0  77    2   12 312 -342  2
3823500 2818500  2 14 19   7.1 1016 268  0.8 8  5.0  79    0    0 318 -337  2
3823500 2818500  2 14 20   6.8 1016 242  0.5 8  5.0  80    0    0 322 -332  2
3823500 2818500  2 14 21   6.8 1016 267  1.2 6  5.0  81    0    0 311 -332  2
3823500 2818500  2 14 22   6.9 1016 266  0.7 7  5.0  82    0    0 305 -335  2
3823500 2818500  2 14 23   6.7 1016 277  0.6 7  5.0  82    0    0 311 -337  2
3823500 2818500  2 14 24   6.1 1016 307  0.7 6  5.1  85    0    0 304 -338  2
3823500 2818500  2 15  1   6.0 1016 294  0.1 8  5.3  91    0    0 310 -338  2
3823500 2818500  2 15  2   5.8 1016 287  0.5 8  5.5  95    0    0 322 -338  2
3823500 2818500  2 15  3   5.7 1016 300  1.0 8  5.5  96    0    0 321 -337  2
3823500 2818500  2 15  4   5.1 1015 336  1.9 8  5.3  96    0    0 320 -337  2
3823500 2818500  2 15  5   4.5 1015 300  1.3 7  5.2  97    0    0 311 -336  2
3823500 2818500  2 15  6   4.1 1015 342  0.4 6  5.0  98    0    0 296 -336  2
3823500 2818500  2 15  7   3.7 1015 290  0.6 5  4.9  98    0    0 281 -336  2
3823500 2818500  2 15  8   3.4 1016 284  0.3 5  4.8  98    0    0 273 -335  2
3823500 2818500  2 15  9   3.7 1016 258  0.1 7  4.8  99   16   33 284 -336  2
3823500 2818500  2 15 10   4.6 1016 285  0.6 5  5.0  98   13   80 287 -338  2
3823500 2818500  2 15 11   5.2 1017 284  1.1 7  5.2  97   16  117 290 -344  2
3823500 2818500  2 15 12   5.8 1017 306  0.6 7  5.3  95    7  134 304 -348  2
3823500 2818500  2 15 13   6.3 1017 281  0.8 6  5.3  91   29  156 300 -351  2
3823500 2818500  2 15 14   6.7 1017 322  1.0 5  5.1  85   81  142 289 -354  2
3823500 2818500  2 15 15   6.9 1017 324  1.6 6  4.9  80    0  101 290 -354  2
3823500 2818500  2 15 16   6.7 1017 299  1.1 7  4.9  80    1   73 303 -352  2
3823500 2818500  2 15 17   6.4 1017 305  1.4 7  5.0  83    7   39 307 -350  2
3823500 2818500  2 15 18   6.1 1017 313  0.8 7  5.0  86    1    9 306 -347  2
3823500 2818500  2 15 19   5.2 1017 274  0.5 7  5.0  88    0    0 303 -345  2
3823500 2818500  2 15 20   4.6 1018 335  0.1 7  4.9  92    0    0 302 -344  2
3823500 2818500  2 15 21   3.9 1018 291  0.3 6  4.8  94    0    0 295 -344  2
3823500 2818500  2 15 22   2.8 1018 294  0.1 3  4.7  97    0    0 270 -344  2
3823500 2818500  2 15 23   2.1 1019 316  0.1 3  4.4  99    0    0 252 -341  2
3823500 2818500  2 15 24   2.7 1019 347  0.1 4  4.5  99    0    0 258 -339  2
3823500 2818500  2 16  1   0.6 1019 251  0.0 1  4.1  96    0    0 245 -338  2
3823500 2818500  2 16  2  -0.5 1019 288  0.1 1  3.5  92    0    0 224 -338  2
3823500 2818500  2 16  3  -0.9 1019 350  0.1 1  3.3  92    0    0 224 -338  2
3823500 2818500  2 16  4   0.2 1020 338  0.7 4  3.5  94    0    0 242 -338  2
3823500 2818500  2 16  5   0.2 1020 325  1.2 5  3.6  95    0    0 266 -338  2
3823500 2818500  2 16  6   0.4 1020 290  0.1 7  3.7  96    0    0 282 -338  2
3823500 2818500  2 16  7   0.9 1020 287  0.1 4  3.8  96    0    0 277 -338  2
3823500 2818500  2 16  8   1.5 1020 344  0.1 8  3.9  95    0    0 282 -338  2
3823500 2818500  2 16  9   1.9 1021   5  0.5 8  4.1  95    0   32 306 -338  2
3823500 2818500  2 16 10   2.5 1021 355  0.6 8  4.2  94    0   69 307 -340  2
3823500 2818500  2 16 11   3.0 1022 353  0.6 7  4.2  92    0   75 301 -346  2
3823500 2818500  2 16 12   3.1 1022 348  0.4 8  4.3  91    0   79 300 -353  2
3823500 2818500  2 16 13   3.5 1022 344  0.7 8  4.2  88    0   79 305 -359  2
3823500 2818500  2 16 14   3.8 1022 324  1.1 8  4.2  85    0   64 303 -362  2
3823500 2818500  2 16 15   3.9 1022   0  0.6 7  4.1  83    0   77 299 -360  2
3823500 2818500  2 16 16   4.1 1021 281  0.3 7  4.1  81   33  108 295 -358  2
3823500 2818500  2 16 17   4.1 1021 333  0.3 8  4.0  79    3   47 300 -355  2
3823500 2818500  2 16 18   4.0 1021 255  0.3 7  3.9  77    0    8 299 -351  2
3823500 2818500  2 16 19   3.6 1021 214  0.2 6  3.8  78    0    0 287 -346  2
3823500 2818500  2 16 20   3.6 1021 232  0.7 6  3.9  79    0    0 280 -341  2
3823500 2818500  2 16 21   3.6 1021 267  0.4 6  3.9  80    0    0 279 -338  2
3823500 2818500  2 16 22   3.5 1021 277  0.5 7  3.9  80    0    0 284 -337  2
3823500 2818500  2 16 23   3.4 1021 217  0.6 7  3.9  80    0    0 290 -336  2
3823500 2818500  2 16 24   3.3 1021 215  0.5 5  3.9  81    0    0 283 -335  2
3823500 2818500  2 17  1   3.0 1021 193  0.8 8  3.9  82    0    0 288 -334  2
3823500 2818500  2 17  2   2.8 1021 199  0.7 8  3.9  84    0    0 303 -334  2
3823500 2818500  2 17  3   2.9 1020 211  1.0 7  3.9  84    0    0 299 -334  2
3823500 2818500  2 17  4   2.6 1020 216  0.7 7  3.9  84    0    0 297 -333  2
3823500 2818500  2 17  5   2.6 1020 221  0.9 7  3.9  85    0    0 298 -333  2
3823500 2818500  2 17  6   2.5 1020 226  0.9 7  3.9  87    0    0 299 -333  2
3823500 2818500  2 17  7   2.7 1020 230  1.2 6  4.0  88    0    0 296 -333  2
3823500 2818500  2 17  8   2.3 1019 213  1.6 6  4.0  89    0    0 292 -333  2
3823500 2818500  2 17  9   2.3 1019 240  1.5 6  4.0  90    1   36 291 -333  2
3823500 2818500  2 17 10   2.7 1019 246  1.6 7  4.0  88   15   94 297 -336  2
3823500 2818500  2 17 11   3.0 1019 250  2.7 6  4.1  88    0   92 299 -341  2
3823500 2818500  2 17 12   3.4 1019 248  3.2 8  4.2  88    0   49 306 -347  2
3823500 2818500  2 17 13   4.2 1019 257  3.2 7  4.3  86    0  104 314 -352  2
3823500 2818500  2 17 14   4.9 1019 261  2.8 6  4.3  83   13  153 307 -355  2
3823500 2818500  2 17 15   5.1 1018 269  3.3 6  4.4  81    1  107 303 -355  2
3823500 2818500  2 17 16   5.2 1018 270  2.9 7  4.4  80    0   43 307 -354  2
3823500 2818500  2 17 17   5.0 1018 283  2.5 8  4.4  82    0   39 318 -351  2
3823500 2818500  2 17 18   5.0 1017 277  2.8 8  4.4  81    2   10 324 -347  2
3823500 2818500  2 17 19   4.9 1017 277  2.6 8  4.4  81    0    0 322 -344  2
3823500 2818500  2 17 20   4.8 1017 276  2.8 8  4.5  84    0    0 322 -341  2
3823500 2818500  2 17 21   4.6 1017 290  2.9 8  4.6  86    0    0 323 -340  2
3823500 2818500  2 17 22   4.1 1017 312  2.8 6  4.5  87    0    0 305 -340  2
3823500 2818500  2 17 23   3.9 1017 306  2.4 5  4.3  85    0    0 280 -340  2
3823500 2818500  2 17 24   4.0 1017 303  2.5 7  4.2  84    0    0 291 -340  2
3823500 2818500  2 18  1   4.1 1017 301  2.6 5  4.2  83    0    0 293 -340  2
3823500 2818500  2 18  2   4.1 1017 307  2.7 6  4.1  82    0    0 284 -340  2
3823500 2818500  2 18  3   3.9 1017 288  2.7 7  4.1  81    0    0 298 -340  2
3823500 2818500  2 18  4   3.8 1016 335  3.4 7  4.1  82    0    0 307 -341  2
3823500 2818500  2 18  5   4.0 1016 319  2.3 7  4.1  82    0    0 307 -341  2
3823500 2818500  2 18  6   3.5 1016 306  2.0 7  4.1  84    0    0 308 -340  2
3823500 2818500  2 18  7   3.5 1015 306  2.2 6  4.1  84    0    0 301 -339  2
3823500 2818500  2 18  8   3.4 1015 302  1.6 7  4.1  84    0    0 300 -337  2
3823500 2818500  2 18  9   3.2 1015 310  1.9 6  4.1  85   14   49 300 -335  2
3823500 2818500  2 18 10   4.5 1015 332  2.4 4  4.2  85   73  107 284 -335  2
3823500 2818500  2 18 11   5.7 1015 343  2.1 3  4.3  80  100  154 269 -337  2
3823500 2818500  2 18 12   6.9 1015 339  2.3 1  4.2  71  229  146 254 -341  2
3823500 2818500  2 18 13   8.0 1015 344  2.6 1  4.0  63  324  111 243 -344  2
3823500 2818500  2 18 14   8.0 1015 324  2.3 2  3.9  59  211  158 251 -347  2
3823500 2818500  2 18 15   7.9 1014 330  1.8 2  3.8  58  207  121 257 -347  2
3823500 2818500  2 18 16   8.4 1013 335  1.8 2  3.7  55  165   83 256 -345  2
3823500 2818500  2 18 17   7.1 1013 337  1.7 1  3.5  54   83   52 248 -341  2
3823500 2818500  2 18 18   5.4 1012 346  0.9 2  3.4  58   11   14 243 -334  2
3823500 2818500  2 18 19   4.3 1012  10  0.2 3  3.4  62    0    0 248 -327  2
3823500 2818500  2 18 20   3.6 1012   5  0.2 3  3.4  67    0    0 249 -322  2
3823500 2818500  2 18 21   3.6 1012  29  1.5 3  3.5  72    0    0 249 -320  2
3823500 2818500  2 18 22   3.1 1012  30  2.4 2  3.7  76    0    0 243 -319  2
3823500 2818500  2 18 23   2.8 1013  49  3.2 2  3.6  78    0    0 234 -320  2
3823500 2818500  2 18 24   2.0 1013  44  2.5 0  3.6  79    0    0 222 -320  2
3823500 2818500  2 19  1   1.3 1014  48  0.8 1  3.4  81    0    0 216 -320  2
3823500 2818500  2 19  2   1.3 1015  42  1.6 2  3.4  82    0    0 224 -320  2
3823500 2818500  2 19  3   0.7 1015  48  2.4 2  3.4  83    0    0 229 -322  2
3823500 2818500  2 19  4   0.4 1016  46  2.6 2  3.4  85    0    0 227 -322  2
3823500 2818500  2 19  5   0.8 1016  60  2.4 5  3.3  85    0    0 242 -323  2
3823500 2818500  2 19  6   0.4 1016  57  1.3 7  3.3  84    0    0 272 -322  2
3823500 2818500  2 19  7   0.1 1017  39  2.5 6  3.3  86    0    0 278 -322  2
3823500 2818500  2 19  8   0.2 1017  63  1.3 6  3.3  86    0    0 272 -322  2
3823500 2818500  2 19  9   0.5 1018  57  3.5 5  3.3  85   19   50 264 -321  2
3823500 2818500  2 19 10   0.9 1019  64  3.0 4  3.3  83   77  108 250 -322  2
3823500 2818500  2 19 11   1.3 1019  56  3.4 5  3.2  78   17  149 253 -324  2
3823500 2818500  2 19 12   2.0 1019  57  4.0 6  3.0  71    0  112 268 -327  2
3823500 2818500  2 19 13   2.0 1020  61  5.2 4  2.8  64   54  203 262 -331  2
3823500 2818500  2 19 14   2.2 1020  54  4.5 3  2.6  59  131  197 246 -336  2
3823500 2818500  2 19 15   3.0 1019  59  4.6 3  2.5  55  199  131 243 -337  2
3823500 2818500  2 19 16   2.7 1019  69  3.8 3  2.5  53  178   84 245 -336  2
3823500 2818500  2 19 17   2.1 1019  80  3.2 2  2.4  54  101   56 239 -332  2
3823500 2818500  2 19 18   1.6 1019  66  1.4 3  2.4  55   13   15 236 -326  2
3823500 2818500  2 19 19   0.9 1019  62  1.8 3  2.4  58    0    0 237 -322  2
3823500 2818500  2 19 20   0.2 1020  68  1.4 3  2.4  62    0    0 233 -320  2
3823500 2818500  2 19 21  -0.2 1020  68  1.3 2  2.4  64    0    0 226 -319  2
3823500 2818500  2 19 22  -0.4 1020  69  1.3 2  2.4  66    0    0 218 -318  2
3823500 2818500  2 19 23   0.3 1020 107  1.6 2  2.8  71    0    0 211 -316  2
3823500 2818500  2 19 24   1.3 1020 158  1.9 4  3.3  75    0    0 211 -316  2
3823500 2818500  2 20  1   2.4 1022 223  2.3 5  3.8  81    0    0 315 -339  2
3823500 2818500  2 20  2   3.3 1022 274  2.6 6  4.2  86    0    0 306 -338  2
3823500 2818500  2 20  3   4.1 1022 313  2.8 7  4.5  88    0    0 305 -336  2
3823500 2818500  2 20  4   3.9 1022 310  2.9 7  4.4  88    0    0 304 -331  2
3823500 2818500  2 20  5   4.0 1022 310  2.8 7  4.4  88    0    0 310 -326  2
3823500 2818500  2 20  6   3.9 1022 306  2.9 7  4.3  87    0    0 309 -322  2
3823500 2818500  2 20  7   3.4 1023 301  2.4 7  4.3  88    0    0 297 -320  2
3823500 2818500  2 20  8   3.2 1023 300  2.6 7  4.2  89    0    0 293 -319  2
3823500 2818500  2 20  9   3.9 1023 299  2.7 7  4.4  90    8   57 290 -319  2
3823500 2818500  2 20 10   4.6 1023 298  2.3 7  4.6  89    0   83 288 -321  2
3823500 2818500  2 20 11   5.4 1023 304  3.5 7  4.7  88    0   89 288 -328  2
3823500 2818500  2 20 12   5.9 1023 303  3.6 7  4.7  84    1  137 286 -338  2
3823500 2818500  2 20 13   6.5 1022 307  3.7 7  4.7  80    1  143 286 -347  2
3823500 2818500  2 20 14   6.7 1022 303  3.5 7  4.6  76    0  118 285 -352  2
3823500 2818500  2 20 15   6.9 1022 300  3.8 6  4.5  74    0  108 277 -354  2
3823500 2818500  2 20 16   7.0 1021 296  3.3 7  4.5  73    0   77 278 -353  2
3823500 2818500  2 20 17   6.6 1021 287  2.8 7  4.5  74    0   37 285 -349  2
3823500 2818500  2 20 18   6.3 1021 290  2.5 7  4.4  75    0   10 285 -344  2
3823500 2818500  2 20 19   5.9 1021 265  2.4 8  4.4  76    0    0 289 -339  2
3823500 2818500  2 20 20   5.7 1021 249  2.3 8  4.3  76    0    0 294 -334  2
3823500 2818500  2 20 21   5.4 1020 249  3.6 8  4.3  76    0    0 295 -331  2
3823500 2818500  2 20 22   5.2 1020 257  4.1 8  4.2  76    0    0 297 -329  2
3823500 2818500  2 20 23   4.9 1019 258  4.3 8  4.1  76    0    0 301 -330  2
3823500 2818500  2 20 24   4.8 1019 262  5.1 7  4.2  78    0    0 301 -331  2
3823500 2818500  2 21  1   4.6 1019 260  4.8 7  4.3  81    0    0 301 -332  2
3823500 2818500  2 21  2   4.6 1019 264  4.9 7  4.4  84    0    0 306 -334  2
3823500 2818500  2 21  3   4.4 1018 251  4.6 8  4.4  84    0    0 314 -336  2
3823500 2818500  2 21  4   4.2 1017 253  4.3 8  4.4  86    0    0 323 -339  2
3823500 2818500  2 21  5   4.2 1016 253  4.0 7  4.5  88    0    0 319 -341  2
3823500 2818500  2 21  6   4.4 1015 251  4.1 8  4.6  90    0    0 320 -343  2
3823500 2818500  2 21  7   4.5 1015 261  4.6 8  4.8  92    0    0 327 -345  2
3823500 2818500  2 21  8   4.9 1015 268  4.2 8  5.0  94    0    0 327 -345  2
3823500 2818500  2 21  9   5.4 1015 268  3.3 8  5.2  94    0   10 330 -345  2
3823500 2818500  2 21 10   5.9 1015 262  3.3 8  5.3  94    0   36 331 -345  2
3823500 2818500  2 21 11   6.2 1015 271  3.8 8  5.4  93    0   62 331 -348  2
3823500 2818500  2 21 12   6.8 1015 287  4.0 7  5.5  91    4  162 324 -349  2
3823500 2818500  2 21 13   7.3 1015 291  2.9 5  5.3  85   22  217 306 -349  2
3823500 2818500  2 21 14   7.4 1014 287  4.1 5  5.0  78    8  170 292 -348  2
3823500 2818500  2 21 15   7.4 1014 283  3.3 7  4.8  76    0   55 304 -347  2
3823500 2818500  2 21 16   7.6 1013 296  4.0 8  4.8  75    0   39 324 -346  2
3823500 2818500  2 21 17   7.5 1013 297  4.2 8  4.7  72    0   43 328 -345  2
3823500 2818500  2 21 18   7.0 1013 285  4.1 7  4.5  71    0   12 320 -344  2
3823500 2818500  2 21 19   6.5 1013 282  3.6 7  4.6  74    0    0 311 -342  2
3823500 2818500  2 21 20   6.1 1012 281  3.2 7  4.6  78    0    0 307 -340  2
3823500 2818500  2 21 21   6.0 1012 286  2.4 7  4.6  80    0    0 305 -338  2
3823500 2818500  2 21 22   5.3 1012 278  1.9 6  4.6  81    0    0 298 -336  2
3823500 2818500  2 21 23   4.7 1012 290  1.8 5  4.5  83    0    0 284 -334  2
3823500 2818500  2 21 24   4.5 1011 284  2.1 5  4.4  84    0    0 276 -332  2
3823500 2818500  2 22  1   3.9 1011 269  2.4 3  4.4  86    0    0 261 -329  2
3823500 2818500  2 22  2   3.4 1010 273  2.4 2  4.3  87    0    0 242 -328  2
3823500 2818500  2 22  3   3.1 1010 271  2.3 1  4.2  88    0    0 228 -327  2
3823500 2818500  2 22  4   3.4 1009 264  2.5 0  4.2  88    0    0 217 -325  2
3823500 2818500  2 22  5   3.5 1008 264  2.8 1  4.2  86    0    0 219 -324  2
3823500 2818500  2 22  6   3.8 1008 268  3.2 4  4.2  86    0    0 244 -323  2
3823500 2818500  2 22  7   4.4 1007 267  2.7 5  4.4  86    0    0 270 -323  2
3823500 2818500  2 22  8   4.5 1006 276  3.2 7  4.4  84    0    0 288 -323  2
3823500 2818500  2 22  9   4.6 1006 282  3.6 7  4.4  83    0   32 298 -324  2
3823500 2818500  2 22 10   5.0 1005 281  3.0 6  4.4  82   26   99 291 -328  2
3823500 2818500  2 22 11   4.8 1005 288  3.3 7  4.5  82    3  114 290 -334  2
3823500 2818500  2 22 12   5.7 1005 289  3.9 6  4.5  80   15  154 293 -340  2
3823500 2818500  2 22 13   4.9 1004 289  2.6 5  4.5  81   78  163 285 -343  2
3823500 2818500  2 22 14   4.9 1003 283  4.6 6  4.6  84   20  147 285 -345  2
3823500 2818500  2 22 15   5.9 1002 287  4.7 7  4.7  83    0  105 297 -344  2
3823500 2818500  2 22 16   4.4 1002 287  6.0 6  4.6  84    5   86 296 -342  2
3823500 2818500  2 22 17   3.1 1001 286  4.6 7  4.4  87   10   52 291 -340  2
3823500 2818500  2 22 18   2.9 1001 279  3.6 7  4.3  89    0    7 292 -337  2
3823500 2818500  2 22 19   2.9 1000 271  3.5 6  4.3  90    0    0 285 -334  2
3823500 2818500  2 22 20   3.1 1000 281  3.3 6  4.3  90    0    0 278 -332  2
3823500 2818500  2 22 21   3.3 1000 274  3.1 6  4.3  90    0    0 278 -331  2
3823500 2818500  2 22 22   2.9  999 271  2.5 7  4.3  90    0    0 282 -327  2
3823500 2818500  2 22 23   2.9  998 259  2.5 6  4.3  91    0    0 282 -322  2
3823500 2818500  2 22 24   2.8  997 260  3.0 6  4.3  91    0    0 275 -322  2
3823500 2818500  2 23  1   2.8  996 254  2.7 6  4.3  90    0    0 276 -323  2
3823500 2818500  2 23  2   2.9  995 266  2.9 7  4.2  89    0    0 279 -322  2
3823500 2818500  2 23  3   2.6  995 267  2.0 7  4.2  88    0    0 283 -321  2
3823500 2818500  2 23  4   1.7  994 292  2.5 7  4.1  91    0    0 279 -320  2
3823500 2818500  2 23  5   1.2  993 299  1.6 6  3.9  91    0    0 271 -320  2
3823500 2818500  2 23  6   0.8  993 299  2.4 5  3.7  90    0    0 258 -319  2
3823500 2818500  2 23  7   0.1  994 281  1.9 4  3.6  91    0    0 246 -318  2
3823500 2818500  2 23  8  -0.1  994 294  1.6 3  3.6  93    0    0 235 -317  2
3823500 2818500  2 23  9   0.5  994 297  2.2 2  3.6  92   40   51 225 -317  2
3823500 2818500  2 23 10   1.7  994 292  2.2 1  3.6  86  158   78 217 -318  2
3823500 2818500  2 23 11   2.5  995 314  3.2 2  3.6  80  211  116 219 -320  2
3823500 2818500  2 23 12   2.7  995 319  3.8 3  3.5  75  163  176 231 -325  2
3823500 2818500  2 23 13   3.6  996 319  2.9 2  3.3  69  307  104 234 -332  2
3823500 2818500  2 23 14   3.9  996 349  2.7 3  3.0  60  226  125 235 -338  2
3823500 2818500  2 23 15   3.8  996 337  2.8 3  2.9  56  225  112 239 -340  2
3823500 2818500  2 23 16   4.4  996 330  1.9 3  2.7  53  167   88 239 -337  2
3823500 2818500  2 23 17   3.4  996 324  2.5 4  2.5  49  105   47 240 -333  2
3823500 2818500  2 23 18   2.2  996 356  0.8 6  2.4  52   18   15 248 -331  2
3823500 2818500  2 23 19   1.6  996  21  0.1 6  2.5  56    0    0 253 -324  2
3823500 2818500  2 23 20   0.7  996  37  0.4 6  2.5  60    0    0 250 -321  2
3823500 2818500  2 23 21   0.0  997  76  0.2 6  2.6  66    0    0 248 -322  2
3823500 2818500  2 23 22  -0.3  997  73  0.4 6  2.7  70    0    0 249 -322  2
3823500 2818500  2 23 23  -0.6  997  52  0.4 6  2.7  73    0    0 250 -322  2
3823500 2818500  2 23 24  -1.1  998  58  1.3 8  2.8  76    0    0 259 -320  2
3823500 2818500  2 24  1  -1.7  998  72  1.6 7  2.7  79    0    0 263 -320  2
3823500 2818500  2 24  2  -2.1  998  78  1.6 7  2.6  78    0    0 260 -320  2
3823500 2818500  2 24  3  -2.4  998  86  1.8 8  2.4  74    0    0 264 -320  2
3823500 2818500  2 24  4  -3.0  999  27  2.0 7  2.3  74    0    0 265 -320  2
3823500 2818500  2 24  5  -3.3  999 338  1.3 7  2.3  76    0    0 260 -320  2
3823500 2818500  2 24  6  -3.7  999  51  2.5 6  2.3  79    0    0 256 -319  2
3823500 2818500  2 24  7  -4.4 1000  59  2.6 6  2.3  80    0    0 249 -317  2
3823500 2818500  2 24  8  -5.1 1000  52  2.1 4  2.2  81    0    0 238 -314  2
3823500 2818500  2 24  9  -4.4 1001  45  2.3 3  2.2  81   27   53 224 -309  2
3823500 2818500  2 24 10  -3.3 1002  43  3.4 2  2.2  75   97  103 216 -307  2
3823500 2818500  2 24 11  -2.7 1002  51  3.2 2  2.1  68  186  126 213 -308  2
3823500 2818500  2 24 12  -1.7 1003  57  2.6 1  2.0  61  312  104 209 -311  2
3823500 2818500  2 24 13  -0.6 1003  20  1.5 1  1.9  55  395   81 206 -314  2
3823500 2818500  2 24 14   0.2 1003  39  2.4 1  2.0  52  415   54 209 -316  2
3823500 2818500  2 24 15   0.5 1003 323  2.4 1  2.0  51  343   70 210 -317  2
3823500 2818500  2 24 16   1.0 1003 322  2.2 1  2.0  50  259   53 210 -315  2
3823500 2818500  2 24 17   1.0 1003 303  2.0 1  2.1  51  137   33 211 -312  2
3823500 2818500  2 24 18  -0.5 1003 285  1.9 0  2.1  54   22   15 204 -305  2
3823500 2818500  2 24 19  -1.7 1003 236  1.2 2  2.1  61    0    0 204 -299  2
3823500 2818500  2 24 20  -1.8 1003 242  1.4 2  2.2  66    0    0 209 -297  2
3823500 2818500  2 24 21  -1.5 1003 228  1.4 2  2.3  67    0    0 210 -297  2
3823500 2818500  2 24 22  -1.3 1003 239  1.9 3  2.3  68    0    0 214 -298  2
3823500 2818500  2 24 23  -1.2 1003 229  1.7 3  2.4  69    0    0 218 -300  2
3823500 2818500  2 24 24  -1.0 1003 236  2.2 4  2.4  69    0    0 224 -302  2
3823500 2818500  2 25  1  -1.1 1003 239  2.0 8  2.4  68    0    0 245 -303  2
3823500 2818500  2 25  2  -1.0 1003 253  2.5 8  2.5  70    0    0 261 -303  2
3823500 2818500  2 25  3  -1.1 1002 256  2.8 8  2.6  73    0    0 263 -304  2
3823500 2818500  2 25  4  -1.3 1002 246  3.1 8  2.7  76    0    0 264 -305  2
3823500 2818500  2 25  5  -1.8 1002 232  1.4 8  2.8  81    0    0 264 -305  2
3823500 2818500  2 25  6  -1.5 1002 240  2.1 6  2.8  83    0    0 256 -306  2
3823500 2818500  2 25  7  -1.7 1002 231  2.2 5  2.8  84    0    0 245 -306  2
3823500 2818500  2 25  8  -2.0 1002 223  2.1 5  2.8  83    0    0 240 -307  2
3823500 2818500  2 25  9  -1.6 1002 219  2.6 5  2.7  80   51   46 237 -308  2
3823500 2818500  2 25 10  -0.6 1002 221  4.0 4  2.7  76  182   65 231 -313  2
3823500 2818500  2 25 11   0.8 1002 229  4.8 4  2.8  72  312   63 226 -317  2
3823500 2818500  2 25 12   1.5 1002 232  5.0 6  2.9  70  185  167 236 -319  2
3823500 2818500  2 25 13   1.5 1002 231  5.1 8  3.0  71    3  146 258 -320  2
3823500 2818500  2 25 14   2.2 1001 224  5.4 5  3.2  73  166  161 253 -320  2
3823500 2818500  2 25 15   2.8 1001 226  4.4 6  3.2  71   48  162 244 -324  2
3823500 2818500  2 25 16   1.8 1000 234  5.0 5  3.3  74   28  116 246 -327  2
3823500 2818500  2 25 17   1.8 1000 235  3.5 3  3.4  79  110   44 231 -324  2
3823500 2818500  2 25 18   1.3 1000 247  4.4 6  3.4  79   24   15 236 -321  2
3823500 2818500  2 25 19  -0.2 1000 228  2.9 7  3.3  83    0    0 250 -319  2
3823500 2818500  2 25 20   0.1 1000 220  2.5 5  3.3  87    0    0 244 -318  2
3823500 2818500  2 25 21   0.7 1000 236  3.0 6  3.4  85    0    0 241 -316  2
3823500 2818500  2 25 22   0.7 1000 236  3.2 6  3.4  84    0    0 247 -315  2
3823500 2818500  2 25 23   0.6  999 231  3.4 7  3.4  85    0    0 253 -316  2
3823500 2818500  2 25 24   0.3  999 230  2.7 8  3.5  88    0    0 264 -316  2
3823500 2818500  2 26  1   0.4  999 249  3.3 7  3.6  91    0    0 265 -317  2
3823500 2818500  2 26  2   0.4  999 246  3.0 7  3.6  92    0    0 260 -317  2
3823500 2818500  2 26  3   0.1  998 248  2.3 7  3.6  93    0    0 260 -317  2
3823500 2818500  2 26  4   0.3  998 254  3.0 8  3.6  93    0    0 265 -317  2
3823500 2818500  2 26  5   0.2  998 260  2.7 8  3.6  92    0    0 271 -316  2
3823500 2818500  2 26  6   0.2  998 265  3.2 8  3.6  92    0    0 271 -315  2
3823500 2818500  2 26  7   0.0  997 254  3.6 8  3.6  92    0    0 271 -314  2
3823500 2818500  2 26  8   0.1  997 254  3.4 8  3.6  93    0    0 272 -314  2
3823500 2818500  2 26  9   0.4  997 248  3.2 7  3.6  93    4   42 270 -315  2
3823500 2818500  2 26 10   0.8  997 246  2.8 7  3.7  92   28   93 267 -317  2
3823500 2818500  2 26 11   1.3  997 239  3.6 7  3.8  91    7  119 270 -319  2
3823500 2818500  2 26 12   1.9  998 240  3.5 7  3.8  88    9  141 274 -322  2
3823500 2818500  2 26 13   2.3  998 280  3.4 5  3.7  83  124  133 265 -326  2
3823500 2818500  2 26 14   3.8  998 254  3.2 6  3.7  77    9  133 262 -329  2
3823500 2818500  2 26 15   3.6  997 262  2.4 6  3.6  72    4  114 267 -331  2
3823500 2818500  2 26 16   3.2  997 249  2.7 7  3.6  73    9   92 269 -331  2
3823500 2818500  2 26 17   2.5  996 213  2.6 5  3.6  76   91   27 260 -328  2
3823500 2818500  2 26 18   2.2  996 191  2.2 6  3.6  79   27   11 252 -323  2
3823500 2818500  2 26 19   1.1  996 179  1.5 6  3.5  81    0    0 250 -319  2
3823500 2818500  2 26 20   1.0  996 171  1.6 6  3.4  82    0    0 244 -317  2
3823500 2818500  2 26 21   0.2  996 162  1.8 4  3.3  82    0    0 233 -315  2
3823500 2818500  2 26 22  -0.5  995 163  2.3 2  3.2  84    0    0 215 -313  2
3823500 2818500  2 26 23  -0.8  995 167  2.2 2  3.2  86    0    0 206 -314  2
3823500 2818500  2 26 24  -1.3  994 161  2.2 2  3.1  87    0    0 204 -314  2
3823500 2818500  2 27  1  -1.5  994 150  1.7 0  3.0  87    0    0 195 -313  2
3823500 2818500  2 27  2  -1.2  994 150  1.5 0  3.0  85    0    0 188 -311  2
3823500 2818500  2 27  3  -1.5  994 140  1.6 0  2.9  84    0    0 188 -308  2
3823500 2818500  2 27  4  -1.6  993 140  1.7 0  2.9  84    0    0 187 -307  2
3823500 2818500  2 27  5  -1.9  992 136  1.6 0  2.9  85    0    0 185 -306  2
3823500 2818500  2 27  6  -2.1  992 137  1.7 0  2.9  86    0    0 184 -305  2
3823500 2818500  2 27  7  -2.2  992 139  1.7 0  2.8  85    0    0 185 -305  2
3823500 2818500  2 27  8  -2.3  991 139  1.7 1  2.8  84    0    0 190 -304  2
3823500 2818500  2 27  9  -1.2  991 137  1.8 3  2.8  82   46   60 202 -306  2
3823500 2818500  2 27 10   0.4  991 138  3.1 4  2.8  75  143  109 211 -310  2
3823500 2818500  2 27 11   1.8  991 140  2.9 5  2.9  68  241  132 218 -315  2
3823500 2818500  2 27 12   3.0  990 140  3.5 5  2.8  62  298  146 224 -319  2
3823500 2818500  2 27 13   3.9  990 140  3.1 6  2.8  56  137  208 229 -323  2
3823500 2818500  2 27 14   3.9  990 141  2.9 6  2.7  54  126  203 234 -328  2
3823500 2818500  2 27 15   4.0  989 137  2.6 6  2.7  53  224  152 236 -328  2
3823500 2818500  2 27 16   4.5  988 134  1.6 6  2.8  52  140  126 239 -327  2
3823500 2818500  2 27 17   4.4  988 130  1.9 7  2.8  52   62   78 244 -325  2
3823500 2818500  2 27 18   3.6  988 135  0.8 7  2.7  52   10   18 246 -321  2
3823500 2818500  2 27 19   2.4  988 136  0.6 7  2.6  54    0    0 244 -318  2
3823500 2818500  2 27 20   2.5  988 143  0.5 7  2.6  57    0    0 244 -316  2
3823500 2818500  2 27 21   2.7  988 141  1.0 7  2.7  58    0    0 246 -314  2
3823500 2818500  2 27 22   2.6  988 125  0.8 7  2.7  58    0    0 246 -314  2
3823500 2818500  2 27 23   2.7  988 130  0.5 7  2.8  59    0    0 246 -313  2
3823500 2818500  2 27 24   2.5  987 120  0.3 7  2.8  61    0    0 247 -313  2
3823500 2818500  2 28  1   2.3  987 129  0.7 8  2.9  63    0    0 250 -311  2
3823500 2818500  2 28  2   1.9  987 120  0.4 8  3.0  65    0    0 254 -308  2
3823500 2818500  2 28  3   1.9  987 114  0.5 7  3.0  68    0    0 251 -306  2
3823500 2818500  2 28  4   1.7  987 125  0.4 7  3.0  69    0    0 246 -304  2
3823500 2818500  2 28  5   1.5  987 132  0.4 7  3.0  69    0    0 245 -303  2
3823500 2818500  2 28  6   0.5  987  96  0.6 6  3.0  71    0    0 236 -301  2
3823500 2818500  2 28  7  -0.6  987 124  0.8 7  2.9  75    0    0 231 -301  2
3823500 2818500  2 28  8  -0.5  987 105  1.1 6  2.8  76    0    0 228 -300  2
3823500 2818500  2 28  9   1.0  987 138  1.3 6  2.9  73   14   66 222 -302  2
3823500 2818500  2 28 10   2.6  987 119  1.3 6  2.9  66   42  145 225 -305  2
3823500 2818500  2 28 11   4.2  987 109  1.9 7  3.0  60   47  198 236 -310  2
3823500 2818500  2 28 12   5.6  986 108  1.9 7  3.0  55   35  219 249 -316  2
3823500 2818500  2 28 13   5.5  986 168  1.4 7  3.1  54   41  230 251 -320  2
3823500 2818500  2 28 14   5.8  986 171  1.1 6  3.1  53   44  222 243 -324  2
3823500 2818500  2 28 15   5.8  986 148  1.7 7  3.1  52   18  173 250 -326  2
3823500 2818500  2 28 16   6.0  986 151  0.9 7  3.1  52    5  111 265 -325  2
3823500 2818500  2 28 17   5.8  986 137  0.0 8  3.1  53    3   61 279 -323  2
3823500 2818500  2 28 18   5.2  986 120  0.1 7  3.2  56    1   17 282 -321  2
3823500 2818500  2 28 19   4.0  985  68  0.1 8  3.3  60    0    0 281 -320  2
3823500 2818500  2 28 20   3.2  986  85  0.1 8  3.3  65    0    0 287 -319  2
3823500 2818500  2 28 21   2.5  986  96  0.1 8  3.4  70    0    0 287 -319  2
3823500 2818500  2 28 22   2.0  986  76  0.1 8  3.4  73    0    0 288 -319  2
3823500 2818500  2 28 23   1.9  986  25  0.1 8  3.3  73    0    0 289 -319  2
3823500 2818500  2 28 24   1.8  986 245  0.5 8  3.3  73    0    0 289 -318  2
3823500 2818500  3  1  1   2.7  986 212  0.1 6  3.5  75    0    0 268 -318  2
3823500 2818500  3  1  2   2.9  986 182  0.4 6  3.6  75    0    0 266 -317  2
3823500 2818500  3  1  3   3.2  986 148  0.5 7  3.7  76    0    0 276 -317  2
3823500 2818500  3  1  4   2.5  985 180  0.3 7  3.8  79    0    0 285 -318  2
3823500 2818500  3  1  5   2.0  985 176  0.3 7  3.8  83    0    0 284 -318  2
3823500 2818500  3  1  6   2.2  985 123  0.3 8  3.9  87    0    0 293 -318  2
3823500 2818500  3  1  7   2.0  985 134  0.4 8  4.1  91    0    0 301 -318  2
3823500 2818500  3  1  8   1.8  985 172  0.1 8  4.2  93    0    3 300 -319  2
3823500 2818500  3  1  9   1.6  985 154  0.1 7  4.1  93    0   46 293 -319  2
3823500 2818500  3  1 10   1.9  985 155  1.0 8  4.2  95    0   88 293 -319  2
3823500 2818500  3  1 11   2.6  985 176  1.5 7  4.3  94   10  130 296 -322  2
3823500 2818500  3  1 12   3.3  985 172  1.5 7  4.4  92   15  158 292 -326  2
3823500 2818500  3  1 13   3.4  985 216  2.1 7  4.4  89    0  113 293 -327  2
3823500 2818500  3  1 14   3.1  985 267  2.5 8  4.4  90    0   87 300 -331  2
3823500 2818500  3  1 15   2.3  985 225  2.9 8  4.4  92    0  105 304 -332  2
3823500 2818500  3  1 16   1.4  985 265  2.6 7  4.2  93    0   73 295 -329  2
3823500 2818500  3  1 17   1.1  985 263  1.4 6  4.0  93    0   54 282 -327  2
3823500 2818500  3  1 18   0.5  985 249  1.1 7  3.9  94    0   18 279 -323  2
3823500 2818500  3  1 19   0.6  985 315  1.2 8  3.9  95    0    0 286 -320  2
3823500 2818500  3  1 20   0.5  986 313  0.4 8  3.8  95    0    0 290 -320  2
3823500 2818500  3  1 21   0.4  986 309  1.2 8  3.8  95    0    0 290 -320  2
3823500 2818500  3  1 22   0.4  986 315  1.0 8  3.9  96    0    0 289 -320  2
3823500 2818500  3  1 23   0.4  987 312  1.0 8  3.9  96    0    0 290 -320  2
3823500 2818500  3  1 24   0.4  988 312  1.3 8  3.9  96    0    0 290 -320  2
3823500 2818500  3  2  1   0.3  988 294  0.7 8  3.8  96    0    0 290 -320  2
3823500 2818500  3  2  2   0.4  988 305  0.6 8  3.8  95    0    0 290 -320  2
3823500 2818500  3  2  3   0.5  989 283  0.2 8  3.8  95    0    0 292 -320  2
3823500 2818500  3  2  4   0.4  990 304  0.2 8  3.8  96    0    0 293 -320  2
3823500 2818500  3  2  5   0.3  990 275  0.1 8  3.8  95    0    0 292 -320  2
3823500 2818500  3  2  6   0.1  990 245  0.1 8  3.8  95    0    0 292 -320  2
3823500 2818500  3  2  7   0.0  990 249  0.3 8  3.7  96    0    0 292 -320  2
3823500 2818500  3  2  8   0.0  990 295  0.4 7  3.7  96    0    6 288 -319  2
3823500 2818500  3  2  9   0.5  991 310  0.1 6  3.8  97   10   79 281 -319  2
3823500 2818500  3  2 10   0.9  991 327  0.4 5  4.0  99   39  146 274 -319  2
3823500 2818500  3  2 11   1.4  991 254  0.8 7  4.1  97   19  179 280 -319  2
3823500 2818500  3  2 12   1.6  992  26  0.5 6  4.0  93    2  165 285 -324  2
3823500 2818500  3  2 13   2.9  992  79  0.8 6  3.9  87    0  138 283 -333  2
3823500 2818500  3  2 14   1.9  992  14  0.9 6  3.7  80    1  146 282 -339  2
3823500 2818500  3  2 15   1.4  991  35  0.7 8  3.5  81    0   70 290 -340  2
3823500 2818500  3  2 16   1.5  991  99  2.2 8  3.7  86    0   66 298 -339  2
3823500 2818500  3  2 17   1.4  991  68  2.0 6  3.8  87   24   87 288 -335  2
3823500 2818500  3  2 18   1.0  991  42  2.3 7  3.8  89   10   30 281 -328  2
3823500 2818500  3  2 19   0.4  990  66  3.1 6  3.7  91    0    0 278 -321  2
3823500 2818500  3  2 20   0.0  990  53  2.6 7  3.6  91    0    0 274 -319  2
3823500 2818500  3  2 21  -0.4  990  31  3.3 7  3.5  91    0    0 278 -317  2
3823500 2818500  3  2 22  -0.7  989  32  3.5 8  3.4  90    0    0 282 -314  2
3823500 2818500  3  2 23  -1.2  989  15  3.8 8  3.2  88    0    0 285 -314  2
3823500 2818500  3  2 24  -1.7  989  10  4.0 8  3.1  88    0    0 283 -313  2
3823500 2818500  3  3  1  -1.7  989  37  4.3 8  3.0  87    0    0 284 -313  2
3823500 2818500  3  3  2  -1.8  988  47  4.2 8  3.0  88    0    0 284 -312  2
3823500 2818500  3  3  3  -1.9  988  49  4.8 8  3.0  88    0    0 283 -309  2
3823500 2818500  3  3  4  -2.0  987  29  4.0 8  3.0  88    0    0 284 -307  2
3823500 2818500  3  3  5  -2.0  987  31  4.1 8  2.9  88    0    0 283 -306  2
3823500 2818500  3  3  6  -1.9  987  29  3.2 8  2.9  87    0    0 282 -306  2
3823500 2818500  3  3  7  -1.8  987  21  3.6 8  3.0  88    0    0 282 -305  2
3823500 2818500  3  3  8  -1.7  987  19  3.1 8  3.0  88    0    8 284 -305  2
3823500 2818500  3  3  9  -1.6  988  17  3.0 8  3.1  90    0   52 284 -307  2
3823500 2818500  3  3 10  -1.1  988  25  3.1 8  3.2  90    0   90 285 -312  2
3823500 2818500  3  3 11  -0.6  989  32  2.9 8  3.2  88    0   93 284 -317  2
3823500 2818500  3  3 12  -0.4  989  33  2.4 8  3.2  86    0  105 281 -323  2
3823500 2818500  3  3 13   0.0  989  34  1.5 7  3.2  84    0   99 270 -329  2
3823500 2818500  3  3 14   0.3  990  35  1.3 8  3.2  81    0   67 266 -332  2
3823500 2818500  3  3 15   0.1  990  20  1.9 7  3.2  81    0  101 265 -334  2
3823500 2818500  3  3 16   0.1  990  13  2.0 7  3.2  81    0   89 257 -334  2
3823500 2818500  3  3 17   0.2  990  33  1.8 7  3.2  81    1   65 257 -330  2
3823500 2818500  3  3 18  -0.2  990  25  2.0 7  3.1  81    5   27 255 -324  2
3823500 2818500  3  3 19  -0.6  991  31  2.0 8  3.2  84    0    0 261 -320  2
3823500 2818500  3  3 20  -0.8  991  44  2.4 8  3.2  86    0    0 268 -318  2
3823500 2818500  3  3 21  -0.7  991  37  2.3 8  3.2  87    0    0 268 -317  2
3823500 2818500  3  3 22  -0.7  991  36  3.1 8  3.2  88    0    0 268 -317  2
3823500 2818500  3  3 23  -0.6  990  56  2.9 8  3.3  89    0    0 268 -317  2
3823500 2818500  3  3 24  -0.2  990  70  2.3 8  3.4  90    0    0 268 -318  2
3823500 2818500  3  4  1   0.1  990  56  2.6 8  3.5  90    0    0 267 -319  2
3823500 2818500  3  4  2   0.1  989  48  2.3 8  3.5  88    0    0 268 -319  2
3823500 2818500  3  4  3   0.3  989  75  2.8 8  3.4  87    0    0 269 -317  2
3823500 2818500  3  4  4   0.2  988  57  2.6 7  3.4  86    0    0 263 -316  2
3823500 2818500  3  4  5   0.1  988  56  2.7 8  3.4  86    0    0 262 -315  2
3823500 2818500  3  4  6   0.0  987  64  3.1 8  3.3  86    0    0 263 -313  2
3823500 2818500  3  4  7  -0.1  987  75  2.5 8  3.3  86    0    0 262 -311  2
3823500 2818500  3  4  8   0.0  987  61  2.0 8  3.3  86    0    3 262 -310  2
3823500 2818500  3  4  9   0.2  987  55  2.9 7  3.3  85    2   68 259 -310  2
3823500 2818500  3  4 10   0.5  987  68  3.4 6  3.4  84    5  118 253 -314  2
3823500 2818500  3  4 11   1.0  987  71  2.9 7  3.4  83    2  140 254 -318  2
3823500 2818500  3  4 12   1.2  987  56  2.6 7  3.5  82    0  137 260 -324  2
3823500 2818500  3  4 13   1.7  988  60  2.9 6  3.6  82   10  189 258 -329  2
3823500 2818500  3  4 14   2.0  988  68  2.8 6  3.6  81    6  169 258 -332  2
3823500 2818500  3  4 15   1.9  988  61  2.6 8  3.6  80    0   54 268 -335  2
3823500 2818500  3  4 16   1.9  989  45  2.8 8  3.6  81    0   54 277 -334  2
3823500 2818500  3  4 17   1.7  989  64  2.9 7  3.7  82    1   66 273 -330  2
3823500 2818500  3  4 18   1.4  989  58  2.4 8  3.6  83    1   24 272 -324  2
3823500 2818500  3  4 19   1.3  990  47  2.9 8  3.5  83    0    0 274 -320  2
3823500 2818500  3  4 20   1.2  991  58  2.8 8  3.6  84    0    0 274 -317  2
3823500 2818500  3  4 21   1.1  992  57  3.1 8  3.6  84    0    0 275 -315  2
3823500 2818500  3  4 22   1.0  992  55  1.9 8  3.5  85    0    0 275 -313  2
3823500 2818500  3  4 23   1.1  993  35  2.3 8  3.5  85    0    0 275 -313  2
3823500 2818500  3  4 24   1.0  994  19  2.1 8  3.5  85    0    0 275 -312  2
3823500 2818500  3  5  1   0.9  995  14  2.0 7  3.6  86    0    0 270 -309  2
3823500 2818500  3  5  2   1.1  997   2  1.9 8  3.6  86    0    0 269 -306  2
3823500 2818500  3  5  3   1.1  998 354  1.7 8  3.6  85    0    0 274 -305  2
3823500 2818500  3  5  4   0.7  999 356  1.5 8  3.6  86    0    0 275 -304  2
3823500 2818500  3  5  5   0.6 1001   2  1.1 8  3.6  88    0    0 277 -303  2
3823500 2818500  3  5  6   0.5 1002   7  1.1 8  3.6  89    0    0 278 -303  2
3823500 2818500  3  5  7   0.7 1004  23  1.2 8  3.5  87    0    0 280 -302  2
3823500 2818500  3  5  8   0.3 1005  44  1.4 7  3.4  85    0    9 276 -302  2
3823500 2818500  3  5  9   1.1 1007  69  1.2 6  3.3  81    0   63 267 -304  2
3823500 2818500  3  5 10   1.3 1008  63  0.7 7  3.2  77    4  125 268 -310  2
3823500 2818500  3  5 11   1.9 1009  65  0.8 7  3.2  74    0  138 274 -316  2
3823500 2818500  3  5 12   2.3 1010 101  0.6 7  3.2  71    2  170 274 -322  2
3823500 2818500  3  5 13   3.6 1011 106  0.8 5  3.2  68   43  249 266 -327  2
3823500 2818500  3  5 14   3.3 1012  82  0.5 4  3.2  65   70  252 254 -330  2
3823500 2818500  3  5 15   4.6 1012 164  1.5 4  3.1  61   73  222 251 -332  2
3823500 2818500  3  5 16   4.6 1013 155  1.3 3  3.1  59  122  162 250 -333  2
3823500 2818500  3  5 17   3.7 1013 172  1.2 2  3.1  60   88   98 241 -328  2
3823500 2818500  3  5 18   2.6 1014 162  0.8 3  3.0  64   19   38 238 -322  2
3823500 2818500  3  5 19   0.8 1014 142  0.2 3  3.0  70    0    2 239 -319  2
3823500 2818500  3  5 20  -0.9 1015 139  0.1 2  2.9  76    0    0 229 -316  2
3823500 2818500  3  5 21  -1.4 1016 127  0.1 1  2.8  81    0    0 218 -314  2
3823500 2818500  3  5 22  -1.5 1016 122  0.6 0  2.8  81    0    0 209 -313  2
3823500 2818500  3  5 23  -1.0 1017 118  0.2 0  2.8  81    0    0 204 -312  2
3823500 2818500  3  5 24  -1.5 1017 117  0.1 1  2.8  81    0    0 209 -311  2
3823500 2818500  3  6  1  -1.8 1017 114  0.2 1  2.8  83    0    0 213 -309  2
3823500 2818500  3  6  2  -1.8 1016 103  0.2 0  2.8  85    0    0 207 -307  2
3823500 2818500  3  6  3  -2.3 1016 110  0.2 0  2.8  85    0    0 201 -306  2
3823500 2818500  3  6  4  -2.0 1016  97  0.5 0  2.7  85    0    0 200 -305  2
3823500 2818500  3  6  5  -2.4 1016 132  0.1 0  2.7  86    0    0 200 -304  2
3823500 2818500  3  6  6  -1.9 1016 127  0.3 0  2.8  86    0    0 200 -303  2
3823500 2818500  3  6  7  -1.7 1016 129  0.3 0  2.8  83    0    0 201 -302  2
3823500 2818500  3  6  8  -1.2 1016 111  0.4 0  2.8  82    1   22 201 -302  2
3823500 2818500  3  6  9   0.1 1016 133  1.3 0  2.8  78   71   79 202 -303  2
3823500 2818500  3  6 10   1.8 1016 122  1.5 0  3.0  73  182  108 205 -308  2
3823500 2818500  3  6 11   3.5 1016 124  1.9 0  3.0  66  303  111 209 -315  2
3823500 2818500  3  6 12   4.8 1015 127  1.7 0  3.1  61  433   82 212 -320  2
3823500 2818500  3  6 13   6.1 1014 139  2.3 0  3.2  57  468   79 215 -327  2
3823500 2818500  3  6 14   7.0 1014 139  1.5 0  3.3  55  465   72 217 -331  2
3823500 2818500  3  6 15   7.4 1013 134  1.6 0  3.3  52  412   64 218 -335  2
3823500 2818500  3  6 16   7.5 1013 119  1.4 0  3.2  50  292   68 219 -336  2
3823500 2818500  3  6 17   7.0 1012 118  1.4 0  3.1  49  155   61 220 -333  2
3823500 2818500  3  6 18   5.4 1011 104  0.5 2  3.0  51   43   31 229 -326  2
3823500 2818500  3  6 19   4.1 1011 120  0.2 4  3.0  56    0    3 246 -321  2
3823500 2818500  3  6 20   3.1 1011 108  0.2 5  3.0  61    0    0 256 -318  2
3823500 2818500  3  6 21   2.7 1011 108  0.2 4  3.0  64    0    0 251 -317  2
3823500 2818500  3  6 22   2.2 1010 109  0.4 3  3.0  66    0    0 240 -315  2
3823500 2818500  3  6 23   1.4 1010 111  0.4 3  3.0  70    0    0 236 -315  2
3823500 2818500  3  6 24   1.1 1009 120  0.6 2  3.1  74    0    0 234 -314  2
3823500 2818500  3  7  1   1.1 1008 106  0.8 2  3.1  75    0    0 235 -313  2
3823500 2818500  3  7  2   0.7 1007 117  0.7 4  3.1  76    0    0 248 -312  2
3823500 2818500  3  7  3   0.5 1006 119  1.0 6  3.1  77    0    0 266 -312  2
3823500 2818500  3  7  4   0.3 1005 107  0.8 7  3.1  78    0    0 277 -312  2
3823500 2818500  3  7  5   0.6 1004 110  0.5 7  3.1  78    0    0 280 -314  2
3823500 2818500  3  7  6   1.0 1004 112  1.1 7  3.1  76    0    0 284 -317  2
3823500 2818500  3  7  7   1.0 1003 117  1.1 8  3.1  77    0    0 291 -319  2
3823500 2818500  3  7  8   2.0 1003 115  0.4 8  3.2  76    0   15 298 -320  2
3823500 2818500  3  7  9   2.9 1003 109  0.2 7  3.3  73    0   53 298 -321  2
3823500 2818500  3  7 10   3.9 1003 132  0.7 8  3.5  71    0   57 304 -324  2
3823500 2818500  3  7 11   4.6 1002 165  1.2 8  3.7  71    0   70 312 -326  2
3823500 2818500  3  7 12   4.5 1002 169  1.3 8  4.1  77    0   70 318 -335  2
3823500 2818500  3  7 13   5.4 1002 159  1.8 8  4.5  83    0   83 324 -349  2
3823500 2818500  3  7 14   7.0 1002 163  1.8 7  5.0  85    6  199 326 -358  2
3823500 2818500  3  7 15   7.9 1001 165  2.4 7  5.5  85   10  198 324 -361  2
3823500 2818500  3  7 16   9.0 1001 167  1.7 7  5.8  83   23  181 323 -363  2
3823500 2818500  3  7 17   9.0 1001 173  1.7 6  6.0  83   26  121 304 -364  2
3823500 2818500  3  7 18   8.5 1001 178  1.6 7  6.0  85    3   37 298 -364  2
3823500 2818500  3  7 19   7.8 1001 163  1.5 7  5.9  86    0    0 309 -361  2
3823500 2818500  3  7 20   7.5 1001 169  1.5 7  5.9  89    0    0 306 -360  2
3823500 2818500  3  7 21   7.6 1001 165  1.1 8  5.9  89    0    0 322 -359  2
3823500 2818500  3  7 22   7.3 1001 176  1.1 8  5.8  89    0    0 340 -359  2
3823500 2818500  3  7 23   6.9 1001 194  1.6 8  5.7  89    0    0 340 -360  2
3823500 2818500  3  7 24   6.8 1001 180  1.3 7  5.6  90    0    0 328 -361  2
3823500 2818500  3  8  1   6.3 1001 176  1.3 7  5.6  92    0    0 314 -361  2
3823500 2818500  3  8  2   5.7 1001 164  0.7 6  5.6  94    0    0 298 -360  2
3823500 2818500  3  8  3   5.7 1001 130  1.1 7  5.5  95    0    0 291 -358  2
3823500 2818500  3  8  4   5.7 1000 141  1.0 8  5.5  95    0    0 322 -356  2
3823500 2818500  3  8  5   5.4  999 109  0.4 6  5.4  95    0    0 309 -355  2
3823500 2818500  3  8  6   4.2  999 167  1.4 6  5.3  97    0    0 281 -355  2
3823500 2818500  3  8  7   4.4  998 148  1.2 7  5.2  99    0    0 295 -354  2
3823500 2818500  3  8  8   4.8  998 144  1.0 7  5.2  98    0   21 311 -354  2
3823500 2818500  3  8  9   6.8  997 127  0.9 7  5.5  95    0   63 315 -355  2
3823500 2818500  3  8 10   8.9  997 107  1.5 7  6.0  89    2  112 321 -359  2
3823500 2818500  3  8 11   9.1  996 103  1.8 7  6.2  85    0  123 326 -365  2
3823500 2818500  3  8 12   9.7  996  93  2.3 7  6.2  84    3  169 327 -369  2
3823500 2818500  3  8 13  10.8  995  75  2.0 7  6.4  80   12  196 331 -370  2
3823500 2818500  3  8 14  10.4  994  79  1.8 8  6.4  80    0  138 343 -368  2
3823500 2818500  3  8 15  10.3  993 101  2.8 7  6.5  81    0  125 344 -364  2
3823500 2818500  3  8 16  10.7  992 357  3.5 6  6.5  80   18  135 326 -360  2
3823500 2818500  3  8 17  10.3  991 124  3.3 6  6.6  82   11   80 318 -359  2
3823500 2818500  3  8 18   9.6  990 131  2.8 8  6.8  88    0   25 337 -359  2
3823500 2818500  3  8 19   9.1  990 130  2.8 8  7.0  93    0    0 350 -359  2
3823500 2818500  3  8 20   9.1  990 136  2.5 8  6.9  94    0    0 348 -358  2
3823500 2818500  3  8 21   9.5  990 175  3.1 8  6.9  92    0    0 347 -360  2
3823500 2818500  3  8 22  10.0  990 165  3.4 7  7.0  91    0    0 341 -362  2
3823500 2818500  3  8 23  10.7  990 183  3.6 7  7.1  89    0    0 334 -362  2
3823500 2818500  3  8 24  10.7  991 211  4.3 8  7.0  85    0    0 339 -362  2
3823500 2818500  3  9  1  10.4  991 220  3.5 7  6.6  81    0    0 338 -361  2
3823500 2818500  3  9  2  10.0  992 216  2.5 7  6.3  79    0    0 329 -360  2
3823500 2818500  3  9  3   9.2  992 200  2.5 7  6.2  82    0    0 330 -360  2
3823500 2818500  3  9  4   8.0  992 189  2.5 7  6.1  85    0    0 327 -360  2
3823500 2818500  3  9  5   8.0  992 168  1.3 7  6.0  88    0    0 328 -359  2
3823500 2818500  3  9  6   8.5  991 187  2.0 8  6.1  88    0    0 335 -359  2
3823500 2818500  3  9  7   8.9  992 197  2.0 7  6.1  86    0    0 337 -359  2
3823500 2818500  3  9  8   8.7  992 198  2.0 7  6.1  85    2   26 327 -359  2
3823500 2818500  3  9  9   9.6  992 202  2.0 6  6.2  84   42   87 320 -359  2
3823500 2818500  3  9 10  10.3  993 195  2.0 6  6.3  81   77  139 317 -359  2
3823500 2818500  3  9 11  10.9  993 211  3.6 6  6.4  78   52  185 320 -359  2
3823500 2818500  3  9 12  11.5  992 219  3.4 5  6.2  73   40  208 313 -361  2
3823500 2818500  3  9 13  11.2  992 217  4.8 7  5.8  68    0   91 321 -364  2
3823500 2818500  3  9 14   9.4  992 200  2.8 7  6.1  76    0   54 333 -370  2
3823500 2818500  3  9 15   9.2  992 183  2.1 8  6.7  90    0   55 339 -374  2
3823500 2818500  3  9 16   9.9  992 191  2.4 7  7.0  92    0   61 340 -373  2
3823500 2818500  3  9 17  10.1  993 197  2.0 7  7.1  91    6   77 335 -370  2
3823500 2818500  3  9 18  10.4  993 197  2.1 7  7.2  90    9   31 336 -368  2
3823500 2818500  3  9 19  10.2  993 192  2.0 7  7.1  90    0    2 336 -365  2
3823500 2818500  3  9 20   9.9  993 187  1.7 7  7.1  90    0    0 335 -363  2
3823500 2818500  3  9 21   9.8  993 214  2.8 7  7.0  90    0    0 335 -362  2
3823500 2818500  3  9 22   9.6  994 204  3.0 8  6.8  89    0    0 342 -363  2
3823500 2818500  3  9 23   9.6  994 211  2.6 7  6.8  89    0    0 342 -362  2
3823500 2818500  3  9 24   9.5  994 205  2.8 7  6.7  89    0    0 332 -362  2
3823500 2818500  3 10  1   9.6  994 209  2.7 7  6.6  87    0    0 330 -362  2
3823500 2818500  3 10  2   9.4  994 203  2.2 7  6.4  85    0    0 329 -362  2
3823500 2818500  3 10  3   9.3  994 200  2.3 7  6.3  85    0    0 329 -362  2
3823500 2818500  3 10  4   9.1  994 205  2.4 7  6.4  86    0    0 332 -361  2
3823500 2818500  3 10  5   8.8  994 194  2.1 7  6.5  89    0    0 333 -361  2
3823500 2818500  3 10  6   8.8  994 192  2.0 8  6.5  90    0    0 343 -361  2
3823500 2818500  3 10  7   8.6  993 188  2.2 8  6.6  92    0    0 353 -361  2
3823500 2818500  3 10  8   8.8  993 184  2.2 8  6.6  92    0   25 353 -361  2
3823500 2818500  3 10  9   9.0  993 202  2.1 6  6.6  91    3   89 335 -362  2
3823500 2818500  3 10 10   9.7  994 207  2.7 7  6.7  89    0  103 328 -364  2
3823500 2818500  3 10 11  10.4  994 207  3.2 7  6.6  85    1  155 339 -368  2
3823500 2818500  3 10 12  11.2  994 219  3.1 7  6.6  80    3  188 343 -371  2
3823500 2818500  3 10 13  11.6  993 201  3.5 7  6.6  77    0  148 346 -371  2
3823500 2818500  3 10 14  11.8  993 207  3.6 7  6.6  76    0   90 348 -371  2
3823500 2818500  3 10 15  10.5  993 194  2.6 7  6.8  81    0   73 346 -372  2
3823500 2818500  3 10 16  10.8  993 194  2.0 7  7.0  86    0   62 345 -373  2
3823500 2818500  3 10 17  11.2  993 195  2.4 6  7.0  84    4   87 337 -372  2
3823500 2818500  3 10 18  10.4  993 189  2.4 8  7.1  87    0   14 343 -372  2
3823500 2818500  3 10 19  10.4  993 193  2.6 8  7.4  92    0    2 358 -371  2
3823500 2818500  3 10 20  10.4  993 187  1.9 8  7.4  92    0    0 358 -371  2
3823500 2818500  3 10 21  10.5  993 202  2.3 8  7.4  92    0    0 359 -371  2
3823500 2818500  3 10 22  10.5  993 204  2.3 8  7.4  92    0    0 359 -370  2
3823500 2818500  3 10 23  10.3  993 200  2.0 8  7.3  91    0    0 359 -370  2
3823500 2818500  3 10 24  10.2  993 203  2.1 8  7.3  91    0    0 358 -370  2
3823500 2818500  3 11  1  10.4  994 239  3.3 8  7.3  91    0    0 357 -369  2
3823500 2818500  3 11  2  10.4  994 239  2.9 8  7.3  91    0    0 357 -368  2
3823500 2818500  3 11  3  10.3  995 236  3.0 8  7.3  91    0    0 358 -367  2
3823500 2818500  3 11  4  10.4  995 235  3.7 8  7.2  90    0    0 358 -366  2
3823500 2818500  3 11  5  10.0  995 240  3.4 8  7.2  91    0    0 357 -366  2
3823500 2818500  3 11  6   9.9  996 233  3.0 8  7.1  92    0    0 357 -365  2
3823500 2818500  3 11  7   9.9  996 232  2.8 8  7.0  91    0    0 355 -364  2
3823500 2818500  3 11  8   9.9  996 232  3.4 7  7.0  91    0   14 349 -363  2
3823500 2818500  3 11  9  10.2  997 221  2.4 8  7.1  90    0   57 350 -363  2
3823500 2818500  3 11 10  10.6  997 224  3.5 7  7.1  89    2  126 350 -365  2
3823500 2818500  3 11 11  11.3  998 230  4.5 6  7.0  85   19  194 339 -370  2
3823500 2818500  3 11 12  12.4  998 230  3.5 6  7.0  79   33  235 336 -374  2
3823500 2818500  3 11 13  12.9  998 211  3.4 5  6.9  74   82  269 333 -380  2
3823500 2818500  3 11 14  13.2  998 228  3.3 6  6.7  71   36  233 336 -384  2
3823500 2818500  3 11 15  13.1  997 213  3.2 7  6.5  68    2  151 348 -381  2
3823500 2818500  3 11 16  13.2  997 200  2.8 6  6.4  67    4  123 350 -379  2
3823500 2818500  3 11 17  12.2  997 217  3.1 7  6.6  71    1   75 349 -379  2
3823500 2818500  3 11 18  12.0  996 192  1.6 8  6.9  77    0   19 357 -377  2
3823500 2818500  3 11 19  11.8  996 189  1.4 8  7.1  80    0    0 362 -375  2
3823500 2818500  3 11 20  11.6  996 170  1.6 8  7.2  83    0    0 362 -374  2
3823500 2818500  3 11 21  11.1  996 163  1.4 8  7.4  86    0    0 362 -373  2
3823500 2818500  3 11 22  11.4  994 155  2.1 7  7.5  89    0    0 356 -373  2
3823500 2818500  3 11 23  11.7  993 161  3.6 8  7.8  90    0    0 357 -374  2
3823500 2818500  3 11 24  11.8  992 170  4.0 8  8.2  93    0    0 365 -374  2
3823500 2818500  3 12  1  12.6  991 200  4.1 8  8.4  92    0    0 365 -375  2
3823500 2818500  3 12  2  13.4  991 204  4.8 7  8.3  86    0    0 361 -375  2
3823500 2818500  3 12  3  13.1  990 216  5.6 7  7.9  82    0    0 355 -374  2
3823500 2818500  3 12  4  11.8  990 246  6.9 6  7.4  80    0    0 344 -372  2
3823500 2818500  3 12  5  10.5  991 248  5.3 5  6.7  79    0    0 327 -371  2
3823500 2818500  3 12  6   9.8  992 236  4.4 7  6.3  80    0    0 330 -370  2
3823500 2818500  3 12  7   9.8  992 223  3.7 7  6.4  82    0    0 343 -368  2
3823500 2818500  3 12  8  10.1  993 226  4.1 8  6.5  84    0    8 349 -367  2
3823500 2818500  3 12  9  10.4  993 230  4.9 7  6.6  83    0   68 349 -367  2
3823500 2818500  3 12 10   9.6  993 250  5.1 7  6.3  80    0   90 341 -368  2
3823500 2818500  3 12 11   9.2  994 247  5.5 6  5.8  77   25  176 330 -371  2
3823500 2818500  3 12 12  10.3  994 250  5.7 4  5.3  70  162  189 309 -374  2
3823500 2818500  3 12 13  10.3  995 241  4.7 4  5.2  65  252  166 293 -372  2
3823500 2818500  3 12 14  10.1  995 256  5.1 6  4.9  62  155  194 305 -371  2
3823500 2818500  3 12 15  10.0  995 266  4.1 6  4.7  60   95  178 317 -374  2
3823500 2818500  3 12 16  10.2  995 274  4.1 6  4.7  60   43  138 316 -373  2
3823500 2818500  3 12 17   9.9  995 255  2.8 4  4.6  59   36   86 303 -369  2
3823500 2818500  3 12 18   9.2  994 249  2.4 4  4.5  60   63   33 289 -363  2
3823500 2818500  3 12 19   7.8  994 211  0.9 3  4.3  61    1    7 280 -355  2
3823500 2818500  3 12 20   6.4  995 205  1.5 2  4.2  66    0    0 261 -348  2
3823500 2818500  3 12 21   5.4  995 188  1.4 2  4.1  70    0    0 250 -344  2
3823500 2818500  3 12 22   4.7  994 178  1.6 2  4.1  75    0    0 244 -341  2
3823500 2818500  3 12 23   4.8  994 186  1.7 3  4.4  80    0    0 240 -338  2
3823500 2818500  3 12 24   5.3  994 204  1.8 4  4.8  84    0    0 239 -336  2
3823500 2818500  3 13  1   6.0 1008 229  1.8 4  5.2  88    0    0 312 -344  2
3823500 2818500  3 13  2   6.3 1009 250  1.8 5  5.4  90    0    0 304 -339  2
3823500 2818500  3 13  3   6.2 1009 265  1.5 5  5.5  91    0    0 302 -335  2
3823500 2818500  3 13  4   5.6 1009 264  1.3 4  5.3  91    0    0 282 -333  2
3823500 2818500  3 13  5   5.3 1009 265  1.3 3  5.2  92    0    0 249 -331  2
3823500 2818500  3 13  6   4.4 1009 266  1.1 1  4.9  92    0    0 233 -330  2
3823500 2818500  3 13  7   3.7 1010 258  0.9 2  4.7  93    0    0 236 -330  2
3823500 2818500  3 13  8   4.4 1011 256  0.7 3  4.7  93   10   43 248 -331  2
3823500 2818500  3 13  9   6.0 1011 261  1.4 3  5.0  90   70  110 257 -334  2
3823500 2818500  3 13 10   7.2 1012 272  2.0 4  5.2  86  166  157 268 -341  2
3823500 2818500  3 13 11   8.4 1012 255  1.8 5  5.3  81  256  185 286 -350  2
3823500 2818500  3 13 12  10.0 1012 266  2.5 4  5.3  73  285  216 290 -357  2
3823500 2818500  3 13 13  10.5 1012 265  3.0 5  5.2  67  182  267 290 -363  2
3823500 2818500  3 13 14  10.5 1012 276  2.8 5  5.1  64  120  266 295 -366  2
3823500 2818500  3 13 15  10.5 1012 278  2.2 6  5.0  63   73  220 298 -367  2
3823500 2818500  3 13 16  10.5 1012 257  2.1 7  5.0  63   49  171 309 -367  2
3823500 2818500  3 13 17  10.2 1012 262  1.4 6  4.9  63   65  112 308 -365  2
3823500 2818500  3 13 18   9.5 1012 257  1.0 7  4.9  65   25   46 305 -362  2
3823500 2818500  3 13 19   7.8 1012 217  0.3 7  5.0  72    0    0 306 -358  2
3823500 2818500  3 13 20   6.3 1012 204  0.1 7  5.0  81    0    0 300 -355  2
3823500 2818500  3 13 21   4.6 1012 184  0.1 6  4.9  88    0    0 289 -354  2
3823500 2818500  3 13 22   4.3 1012 142  0.4 6  4.9  94    0    0 279 -353  2
3823500 2818500  3 13 23   4.2 1012 172  0.3 7  4.9  94    0    0 285 -354  2
3823500 2818500  3 13 24   4.1 1011 159  0.7 7  4.8  93    0    0 290 -354  2
3823500 2818500  3 14  1   4.9 1011 140  0.3 7  4.7  90    0    0 291 -352  2
3823500 2818500  3 14  2   4.9 1010 152  0.5 8  4.7  87    0    0 298 -350  2
3823500 2818500  3 14  3   5.3 1010 158  0.7 8  4.7  87    0    0 306 -351  2
3823500 2818500  3 14  4   5.4 1009 154  0.4 7  4.8  86    0    0 302 -353  2
3823500 2818500  3 14  5   5.5 1009 155  0.3 7  4.8  86    0    0 298 -352  2
3823500 2818500  3 14  6   5.5 1008 160  1.0 7  4.8  86    0    0 300 -352  2
3823500 2818500  3 14  7   5.8 1008 159  1.2 8  4.9  86    0    0 311 -353  2
3823500 2818500  3 14  8   5.7 1007 159  1.3 8  5.0  87    0   12 321 -355  2
3823500 2818500  3 14  9   6.9 1007 166  1.0 7  5.1  86    1   85 319 -357  2
3823500 2818500  3 14 10   8.6 1007 181  1.9 7  5.4  82   13  170 321 -360  2
3823500 2818500  3 14 11  10.0 1007 192  2.2 8  5.7  78   26  230 336 -362  2
3823500 2818500  3 14 12  10.8 1006 190  2.4 8  5.8  74   34  265 348 -364  2
3823500 2818500  3 14 13  12.2 1006 187  2.8 5  6.0  71   84  320 336 -365  2
3823500 2818500  3 14 14  13.0 1005 203  3.3 4  6.2  68  205  316 316 -365  2
3823500 2818500  3 14 15  13.1 1004 206  2.9 6  6.3  67    0   83 323 -364  2
3823500 2818500  3 14 16  12.2 1004 230  1.8 6  6.5  71    0   84 336 -363  2
3823500 2818500  3 14 17  10.0 1004 255  2.0 7  6.9  83    0   59 338 -362  2
3823500 2818500  3 14 18   9.4 1005 273  3.2 7  7.1  94    1   37 339 -359  2
3823500 2818500  3 14 19   8.8 1005 286  3.1 8  6.8  94    0    0 343 -356  2
3823500 2818500  3 14 20   8.2 1007 276  2.8 8  6.4  92    0    0 347 -354  2
3823500 2818500  3 14 21   7.9 1008 276  2.2 7  6.1  90    0    0 337 -352  2
3823500 2818500  3 14 22   7.8 1009 265  1.7 7  5.9  88    0    0 329 -351  2
3823500 2818500  3 14 23   7.6 1009 259  1.5 8  5.7  87    0    0 336 -350  2
3823500 2818500  3 14 24   7.4 1010 251  1.3 7  5.7  87    0    0 335 -350  2
3823500 2818500  3 15  1   7.5 1010 255  2.1 8  5.6  87    0    0 334 -349  2
3823500 2818500  3 15  2   7.6 1010 259  2.3 7  5.5  85    0    0 333 -349  2
3823500 2818500  3 15  3   7.5 1011 262  2.3 8  5.4  83    0    0 333 -349  2
3823500 2818500  3 15  4   7.5 1011 269  2.3 7  5.3  82    0    0 333 -348  2
3823500 2818500  3 15  5   7.6 1011 267  2.6 8  5.2  80    0    0 332 -348  2
3823500 2818500  3 15  6   7.4 1012 271  2.3 8  5.2  80    0    0 338 -347  2
3823500 2818500  3 15  7   7.0 1013 271  2.8 7  5.2  82    0    3 331 -347  2
3823500 2818500  3 15  8   7.1 1013 269  2.8 7  5.2  84    2   38 325 -347  2
3823500 2818500  3 15  9   7.6 1014 267  3.5 6  5.3  83   17  105 320 -347  2
3823500 2818500  3 15 10   7.5 1014 275  3.6 6  5.4  84    1  125 315 -348  2
3823500 2818500  3 15 11   8.0 1015 280  3.8 7  5.5  83    0  132 322 -350  2
3823500 2818500  3 15 12   7.7 1015 289  4.5 6  5.6  84    1  170 321 -353  2
3823500 2818500  3 15 13   7.5 1015 277  4.5 8  5.8  89    0  109 328 -357  2
3823500 2818500  3 15 14   7.7 1016 278  3.4 8  5.9  91    0  104 341 -360  2
3823500 2818500  3 15 15   7.9 1016 287  4.1 8  6.0  91    0   99 341 -360  2
3823500 2818500  3 15 16   7.6 1016 290  3.7 7  6.1  92    0   78 335 -360  2
3823500 2818500  3 15 17   7.5 1017 301  3.2 7  6.1  94    0   75 328 -360  2
3823500 2818500  3 15 18   7.3 1018 300  3.6 8  6.0  93    1   32 330 -358  2
3823500 2818500  3 15 19   7.0 1019 289  3.0 7  5.8  93    0    0 327 -355  2
3823500 2818500  3 15 20   6.8 1020 292  2.7 7  5.8  94    0    0 318 -353  2
3823500 2818500  3 15 21   6.9 1021 301  2.4 8  5.8  95    0    0 321 -352  2
3823500 2818500  3 15 22   6.7 1021 321  1.8 7  5.8  94    0    0 319 -350  2
3823500 2818500  3 15 23   6.3 1022 316  1.9 8  5.6  93    0    0 316 -348  2
3823500 2818500  3 15 24   6.0 1022 312  1.9 8  5.4  93    0    0 319 -344  2
3823500 2818500  3 16  1   5.7 1022 309  1.6 8  5.4  94    0    0 317 -341  2
3823500 2818500  3 16  2   5.6 1023 308  1.3 7  5.4  95    0    0 308 -339  2
3823500 2818500  3 16  3   5.5 1023 288  2.2 7  5.3  96    0    0 301 -337  2
3823500 2818500  3 16  4   5.4 1023 290  1.4 7  5.2  95    0    0 298 -335  2
3823500 2818500  3 16  5   5.2 1023 301  1.3 8  5.2  95    0    0 302 -333  2
3823500 2818500  3 16  6   5.0 1023 304  1.5 8  5.2  96    0    0 306 -332  2
3823500 2818500  3 16  7   4.9 1024 326  1.7 8  5.2  97    0    0 306 -332  2
3823500 2818500  3 16  8   5.0 1024 312  1.8 8  5.2  97    0   19 306 -332  2
3823500 2818500  3 16  9   5.4 1024 312  1.5 7  5.1  94    0   70 301 -337  2
3823500 2818500  3 16 10   5.8 1025 313  1.0 7  5.1  91    0  107 296 -347  2
3823500 2818500  3 16 11   6.4 1025 276  0.7 6  5.2  90    0  151 293 -359  2
3823500 2818500  3 16 12   6.8 1025 277  1.1 6  5.3  88    3  198 289 -370  2
3823500 2818500  3 16 13   7.5 1025 246  1.3 7  5.3  85    0  147 298 -378  2
3823500 2818500  3 16 14   7.9 1025 249  1.5 7  5.3  83    1  176 308 -383  2
3823500 2818500  3 16 15   8.2 1025 250  1.5 7  5.3  80   10  193 311 -383  2
3823500 2818500  3 16 16   8.4 1025 247  1.4 7  5.3  79    4  147 311 -381  2
3823500 2818500  3 16 17   8.5 1024 240  1.2 6  5.3  78   15  129 306 -377  2
3823500 2818500  3 16 18   8.1 1024 219  1.6 7  5.3  79    7   53 303 -372  2
3823500 2818500  3 16 19   7.5 1024 190  1.2 7  5.3  82    0    1 305 -365  2
3823500 2818500  3 16 20   6.5 1024 200  0.7 6  5.3  85    0    0 297 -359  2
3823500 2818500  3 16 21   6.8 1024 190  0.5 6  5.2  87    0    0 291 -357  2
3823500 2818500  3 16 22   6.4 1024 185  0.5 8  5.2  87    0    0 301 -357  2
3823500 2818500  3 16 23   6.2 1024 205  0.6 8  5.2  88    0    0 309 -356  2
3823500 2818500  3 16 24   5.6 1024 216  0.5 7  5.1  89    0    0 303 -355  2
3823500 2818500  3 17  1   5.6 1024 216  1.1 7  5.1  91    0    0 299 -353  2
3823500 2818500  3 17  2   6.0 1024 212  1.1 7  5.1  91    0    0 300 -350  2
3823500 2818500  3 17  3   5.9 1023 225  0.6 8  5.1  90    0    0 303 -348  2
3823500 2818500  3 17  4   5.4 1023 235  0.5 8  5.1  91    0    0 306 -346  2
3823500 2818500  3 17  5   5.4 1023 238  0.3 7  5.1  92    0    0 302 -344  2
3823500 2818500  3 17  6   5.7 1023 238  0.2 7  5.1  92    0    0 297 -343  2
3823500 2818500  3 17  7   5.6 1023 231  0.8 7  5.2  92    0    0 298 -341  2
3823500 2818500  3 17  8   6.2 1023 266  0.2 8  5.3  93    0   20 302 -341  2
3823500 2818500  3 17  9   7.0 1024 283  1.1 6  5.5  91   24  116 300 -345  2
3823500 2818500  3 17 10   8.4 1024 327  1.7 5  5.6  87  140  169 290 -352  2
3823500 2818500  3 17 11   9.3 1025 353  2.3 6  5.8  83   59  229 294 -360  2
3823500 2818500  3 17 12   9.1 1025   7  3.1 7  5.8  81    2  181 305 -366  2
3823500 2818500  3 17 13   9.2 1026   7  2.9 5  5.5  77   65  270 299 -373  2
3823500 2818500  3 17 14   9.9 1026 342  2.6 3  5.4  74  323  201 281 -377  2
3823500 2818500  3 17 15  10.7 1026 335  2.9 3  5.2  68  354  139 273 -377  2
3823500 2818500  3 17 16  10.9 1026 351  3.5 2  4.9  61  286  108 268 -373  2
3823500 2818500  3 17 17  10.7 1026 357  3.5 1  4.2  53  181   85 256 -365  2
3823500 2818500  3 17 18   9.2 1026 346  3.1 1  3.7  49   63   52 246 -357  2
3823500 2818500  3 17 19   7.3 1027 342  2.3 1  3.6  54    1    7 239 -348  2
3823500 2818500  3 17 20   6.0 1027 351  2.1 1  3.5  59    0    0 233 -340  2
3823500 2818500  3 17 21   4.8 1027 329  1.5 0  3.6  66    0    0 225 -334  2
3823500 2818500  3 17 22   3.7 1028 324  1.2 0  3.8  75    0    0 219 -329  2
3823500 2818500  3 17 23   3.2 1028 317  1.3 1  4.0  84    0    0 223 -326  2
3823500 2818500  3 17 24   1.8 1028 322  1.0 1  4.1  92    0    0 223 -323  2
3823500 2818500  3 18  1  -0.1 1028 297  0.9 3  3.9  97    0    0 225 -321  2
3823500 2818500  3 18  2   1.2 1028 307  1.0 3  3.8  98    0    0 231 -320  2
3823500 2818500  3 18  3   2.5 1028 330  1.2 5  4.1  97    0    0 244 -319  2
3823500 2818500  3 18  4   2.5 1028 340  1.5 5  4.3  97    0    0 252 -319  2
3823500 2818500  3 18  5   2.6 1027 356  1.1 7  4.3  95    0    0 258 -319  2
3823500 2818500  3 18  6   2.6 1027   2  0.6 7  4.2  93    0    0 265 -319  2
3823500 2818500  3 18  7   2.3 1027 288  0.5 8  4.2  94    0    2 269 -317  2
3823500 2818500  3 18  8   2.3 1027 345  0.7 6  4.2  95    2   45 264 -317  2
3823500 2818500  3 18  9   2.5 1027 331  0.8 7  4.2  94    0   71 258 -318  2
3823500 2818500  3 18 10   3.1 1027 258  0.6 6  4.3  94   11  166 257 -325  2
3823500 2818500  3 18 11   3.9 1026 325  0.8 6  4.4  92   71  255 254 -340  2
3823500 2818500  3 18 12   5.4 1026 159  0.5 7  4.6  87   26  253 263 -353  2
3823500 2818500  3 18 13   6.0 1026 231  0.9 6  4.5  80   42  280 267 -362  2
3823500 2818500  3 18 14   7.4 1025 254  1.3 5  4.2  70  221  284 263 -367  2
3823500 2818500  3 18 15   8.7 1024 270  1.7 6  4.0  60  306  205 267 -369  2
3823500 2818500  3 18 16   9.3 1024 303  2.0 4  3.7  52  254  169 266 -368  2
3823500 2818500  3 18 17   9.3 1023 303  1.6 3  3.3  46  155  125 255 -365  2
3823500 2818500  3 18 18   8.4 1022 293  1.2 3  3.2  46   53   68 250 -361  2
3823500 2818500  3 18 19   7.0 1021 282  0.4 5  3.2  49    0    5 257 -355  2
3823500 2818500  3 18 20   5.0 1021 261  0.4 5  3.2  55    0    0 262 -350  2
3823500 2818500  3 18 21   3.4 1021 210  0.2 5  3.4  67    0    0 261 -347  2
3823500 2818500  3 18 22   2.9 1020 221  0.3 6  3.6  76    0    0 266 -346  2
3823500 2818500  3 18 23   1.7 1020 233  0.5 7  3.6  82    0    0 276 -345  2
3823500 2818500  3 18 24   0.7 1019 221  0.4 7  3.6  87    0    0 279 -344  2
3823500 2818500  3 19  1   0.5 1019 115  0.3 7  3.5  90    0    0 279 -343  2
3823500 2818500  3 19  2  -0.8 1019 149  0.3 5  3.5  93    0    0 267 -342  2
3823500 2818500  3 19  3  -1.2 1019 151  0.3 3  3.3  95    0    0 247 -341  2
3823500 2818500  3 19  4  -1.6 1018 222  0.5 4  3.3  96    0    0 242 -339  2
3823500 2818500  3 19  5  -0.2 1018 310  0.4 7  3.4  96    0    0 262 -337  2
3823500 2818500  3 19  6   1.3 1017 314  0.3 7  3.7  93    0    0 281 -336  2
3823500 2818500  3 19  7   1.9 1017 340  0.6 7  3.8  89    0    2 286 -336  2
3823500 2818500  3 19  8   2.9 1018  23  1.2 7  3.9  88    0   34 290 -336  2
3823500 2818500  3 19  9   4.3 1018  31  1.9 5  4.2  86   66  131 285 -337  2
3823500 2818500  3 19 10   5.6 1018  31  3.4 4  4.5  83  152  184 276 -342  2
3823500 2818500  3 19 11   5.6 1019  20  3.4 6  4.5  80   61  236 286 -351  2
3823500 2818500  3 19 12   7.0 1019  28  2.7 6  4.4  75   63  262 299 -360  2
3823500 2818500  3 19 13   8.3 1020  33  3.8 3  4.3  67  335  228 287 -366  2
3823500 2818500  3 19 14   9.2 1020  42  4.0 2  4.2  60  357  200 267 -369  2
3823500 2818500  3 19 15   9.8 1020  55  3.9 2  3.9  54  213  226 262 -369  2
3823500 2818500  3 19 16  10.3 1020  46  3.3 3  3.6  47  153  183 264 -365  2
3823500 2818500  3 19 17   9.9 1020  47  3.7 3  3.4  45   90  125 265 -360  2
3823500 2818500  3 19 18   9.4 1020  38  3.0 2  3.5  47   44   56 259 -351  2
3823500 2818500  3 19 19   7.5 1020  38  1.6 2  3.6  54    1   11 252 -342  2
3823500 2818500  3 19 20   6.2 1021  22  1.0 2  3.6  59    0    0 245 -333  2
3823500 2818500  3 19 21   5.9 1022  25  0.8 1  3.6  62    0    0 237 -328  2
3823500 2818500  3 19 22   4.4 1022  30  1.0 2  3.6  67    0    0 234 -325  2
3823500 2818500  3 19 23   3.7 1022  44  1.3 1  3.6  71    0    0 231 -322  2
3823500 2818500  3 19 24   3.1 1023  49  1.0 1  3.4  70    0    0 224 -320  2
3823500 2818500  3 20  1   2.0 1023  51  0.2 1  3.1  69    0    0 221 -319  2
3823500 2818500  3 20  2   0.0 1024  11  0.1 1  3.0  73    0    0 215 -319  2
3823500 2818500  3 20  3  -0.9 1024 358  0.1 2  2.9  80    0    0 216 -317  2
3823500 2818500  3 20  4  -1.6 1024   9  0.1 2  2.8  82    0    0 216 -315  2
3823500 2818500  3 20  5  -1.6 1024   2  0.1 2  2.8  85    0    0 215 -314  2
3823500 2818500  3 20  6  -1.9 1024  21  0.1 1  2.9  86    0    0 209 -314  2
3823500 2818500  3 20  7  -2.5 1024  24  0.0 0  2.8  87    0   10 200 -313  2
3823500 2818500  3 20  8  -0.6 1024 338  0.2 1  2.8  85   43   54 201 -314  2
3823500 2818500  3 20  9   2.8 1025  34  0.8 2  3.0  74  152   95 217 -316  2
3823500 2818500  3 20 10   4.9 1025  40  1.4 1  3.1  62  282  114 225 -320  2
3823500 2818500  3 20 11   5.7 1025  42  2.1 1  3.0  55  392  122 225 -327  2
3823500 2818500  3 20 12   6.6 1025  45  2.9 1  2.9  51  476  122 229 -341  2
3823500 2818500  3 20 13   7.2 1025  61  2.1 2  2.9  47  497  127 237 -356  2
3823500 2818500  3 20 14   8.2 1024  87  2.6 3  2.8  43  492  116 249 -366  2
3823500 2818500  3 20 15   8.5 1024  81  1.7 2  2.8  41  432  109 249 -369  2
3823500 2818500  3 20 16   8.4 1024  48  2.1 3  2.7  40  321  102 247 -367  2
3823500 2818500  3 20 17   8.1 1023  56  1.7 3  2.7  40  197   85 247 -360  2
3823500 2818500  3 20 18   7.3 1023  10  1.5 3  2.7  42   78   55 245 -351  2
3823500 2818500  3 20 19   5.4 1023  13  1.2 3  2.8  48    4   10 241 -342  2
3823500 2818500  3 20 20   4.0 1023  55  1.0 3  2.9  56    0    0 236 -334  2
3823500 2818500  3 20 21   2.3 1023  76  0.8 2  3.0  64    0    0 229 -330  2
3823500 2818500  3 20 22   1.2 1023  77  0.0 1  3.1  72    0    0 221 -327  2
3823500 2818500  3 20 23  -0.3 1023 132  0.0 1  3.1  79    0    0 215 -325  2
3823500 2818500  3 20 24  -1.2 1023  83  0.1 1  3.0  85    0    0 212 -324  2
3823500 2818500  3 21  1  -1.2 1023  45  0.0 1  3.0  87    0    0 213 -322  2
3823500 2818500  3 21  2  -1.9 1023  44  0.0 1  3.0  90    0    0 213 -321  2
3823500 2818500  3 21  3  -1.9 1022  68  0.0 4  3.0  92    0    0 223 -320  2
3823500 2818500  3 21  4  -1.8 1022 133  0.0 6  3.1  94    0    0 239 -319  2
3823500 2818500  3 21  5  -1.9 1022 123  0.0 7  3.1  95    0    0 248 -319  2
3823500 2818500  3 21  6  -2.2 1022 135  0.1 6  3.1  96    0    0 249 -319  2
3823500 2818500  3 21  7  -2.9 1021 314  0.0 2  3.0  95    0   10 231 -319  2
3823500 2818500  3 21  8  -0.5 1022 154  0.0 0  3.0  91   43   56 212 -319  2
3823500 2818500  3 21  9   3.0 1022 193  0.1 0  3.2  78  157   95 212 -320  2
3823500 2818500  3 21 10   5.9 1021 226  0.1 0  3.2  61  282  117 218 -328  2
3823500 2818500  3 21 11   7.2 1021 266  0.3 0  3.1  52  392  126 221 -341  2
3823500 2818500  3 21 12   8.6 1021 292  0.7 1  3.1  47  471  128 229 -353  2
3823500 2818500  3 21 13   9.0 1021 266  1.2 1  3.1  44  499  130 237 -362  2
3823500 2818500  3 21 14  10.0 1020 283  1.3 2  3.0  41  458  134 244 -369  2
3823500 2818500  3 21 15  10.5 1019 272  1.5 3  2.9  37  324  162 254 -372  2
3823500 2818500  3 21 16  11.1 1019 278  1.9 3  2.7  34  313  108 259 -373  2
3823500 2818500  3 21 17  11.1 1018 275  2.1 3  2.7  33  192   88 260 -371  2
3823500 2818500  3 21 18  10.1 1018 284  1.2 2  2.8  36   56   54 255 -365  2
3823500 2818500  3 21 19   8.4 1017 292  0.5 3  3.0  42    4   10 251 -357  2
3823500 2818500  3 21 20   6.7 1017 283  0.9 2  3.2  49    0    0 246 -349  2
3823500 2818500  3 21 21   5.8 1017 285  0.8 1  3.2  54    0    0 234 -345  2
3823500 2818500  3 21 22   4.2 1017 268  0.6 0  3.3  61    0    0 221 -341  2
3823500 2818500  3 21 23   3.2 1017 267  0.4 0  3.4  68    0    0 215 -339  2
3823500 2818500  3 21 24   2.5 1017 259  0.4 1  3.3  72    0    0 220 -337  2
3823500 2818500  3 22  1   2.8 1017 251  0.5 2  3.3  71    0    0 231 -338  2
3823500 2818500  3 22  2   2.4 1016 260  1.1 4  3.3  73    0    0 250 -340  2
3823500 2818500  3 22  3   3.7 1016 283  1.6 7  3.7  80    0    0 284 -342  2
3823500 2818500  3 22  4   3.5 1016 282  1.3 8  4.3  87    0    0 313 -344  2
3823500 2818500  3 22  5   3.8 1016 283  1.5 7  4.5  92    0    0 317 -346  2
3823500 2818500  3 22  6   4.2 1016 275  1.4 7  4.7  94    0    0 316 -347  2
3823500 2818500  3 22  7   4.6 1016 274  1.9 7  4.8  93    0    3 319 -347  2
3823500 2818500  3 22  8   4.8 1016 290  2.2 7  5.0  94    0   25 320 -345  2
3823500 2818500  3 22  9   6.0 1016 302  2.9 7  5.2  93   22  118 322 -345  2
3823500 2818500  3 22 10   7.5 1016 326  4.8 4  4.9  80  217  110 304 -349  2
3823500 2818500  3 22 11   8.3 1016 307  4.8 3  4.4  67  243  153 277 -356  2
3823500 2818500  3 22 12   9.0 1017 314  4.7 5  4.4  63   86  223 284 -364  2
3823500 2818500  3 22 13   9.8 1017 306  4.1 6  4.4  60    5  197 305 -370  2
3823500 2818500  3 22 14   9.7 1016 307  4.3 5  4.4  59   25  209 302 -373  2
3823500 2818500  3 22 15  10.3 1016 304  4.0 5  4.4  58   41  196 292 -374  2
3823500 2818500  3 22 16  10.1 1015 296  2.9 6  4.3  56   14  149 299 -372  2
3823500 2818500  3 22 17   9.7 1015 278  3.9 6  4.3  58    5   97 305 -368  2
3823500 2818500  3 22 18   9.4 1015 281  5.0 7  4.3  59   28   48 312 -362  2
3823500 2818500  3 22 19   8.9 1014 282  4.3 8  4.4  61    0    8 323 -355  2
3823500 2818500  3 22 20   8.2 1014 276  3.9 8  4.7  67    0    0 327 -351  2
3823500 2818500  3 22 21   7.6 1014 266  3.7 8  5.0  76    0    0 327 -349  2
3823500 2818500  3 22 22   7.0 1014 262  3.4 8  5.3  84    0    0 328 -349  2
3823500 2818500  3 22 23   7.0 1013 259  3.5 8  5.6  90    0    0 330 -349  2
3823500 2818500  3 22 24   7.0 1012 261  3.6 8  5.7  92    0    0 332 -349  2
3823500 2818500  3 23  1   7.1 1012 267  3.8 8  5.8  92    0    0 333 -348  2
3823500 2818500  3 23  2   7.3 1011 265  3.6 8  5.8  91    0    0 333 -348  2
3823500 2818500  3 23  3   7.1 1010 269  3.6 8  5.8  91    0    0 331 -348  2
3823500 2818500  3 23  4   7.2 1009 264  3.1 8  5.8  91    0    0 330 -348  2
3823500 2818500  3 23  5   7.3 1008 262  3.3 8  5.7  90    0    0 330 -348  2
3823500 2818500  3 23  6   7.1 1007 258  3.9 8  5.7  90    0    0 329 -348  2
3823500 2818500  3 23  7   7.2 1006 253  4.4 8  5.6  89    0    7 328 -348  2
3823500 2818500  3 23  8   7.3 1005 251  4.6 7  5.6  87    0   27 323 -348  2
3823500 2818500  3 23  9   7.4 1004 250  5.6 7  5.5  85    0   81 319 -349  2
3823500 2818500  3 23 10   7.9 1003 256  6.4 6  5.3  81    9  140 314 -351  2
3823500 2818500  3 23 11   8.4 1002 254  6.3 7  5.2  76    0  135 316 -353  2
3823500 2818500  3 23 12   7.5 1000 254  6.1 7  5.2  78    0   84 321 -354  2
3823500 2818500  3 23 13   6.7  998 250  6.9 7  5.5  86    0   87 319 -354  2
3823500 2818500  3 23 14   6.9  997 255  6.7 7  5.7  91    0   85 320 -355  2
3823500 2818500  3 23 15   7.0  995 258  6.2 7  5.7  90    0   90 321 -356  2
3823500 2818500  3 23 16   6.5  994 268  6.5 7  5.6  90    0   79 319 -356  2
3823500 2818500  3 23 17   5.7  993 273  4.7 7  5.3  88    0   56 316 -356  2
3823500 2818500  3 23 18   5.8  993 278  5.3 7  5.0  85   13   39 312 -354  2
3823500 2818500  3 23 19   5.0  993 281  4.4 7  4.7  82    6    7 309 -349  2
3823500 2818500  3 23 20   3.8  993 286  3.1 6  4.3  80    0    0 297 -344  2
3823500 2818500  3 23 21   3.5  993 283  3.1 4  4.1  82    0    0 276 -340  2
3823500 2818500  3 23 22   3.0  993 273  3.5 5  4.1  84    0    0 268 -338  2
3823500 2818500  3 23 23   2.7  993 271  3.4 6  4.1  87    0    0 277 -337  2
3823500 2818500  3 23 24   2.5  992 272  3.8 6  4.1  88    0    0 282 -336  2
3823500 2818500  3 24  1   2.6  992 270  2.1 8  4.2  90    0    0 295 -335  2
3823500 2818500  3 24  2   2.8  992 269  2.8 7  4.2  90    0    0 303 -335  2
3823500 2818500  3 24  3   2.7  992 282  3.2 7  4.2  90    0    0 299 -334  2
3823500 2818500  3 24  4   2.6  993 291  2.5 6  4.3  91    0    0 295 -334  2
3823500 2818500  3 24  5   2.1  993 290  2.6 6  4.2  91    0    0 287 -332  2
3823500 2818500  3 24  6   2.0  994 291  1.8 5  4.1  91    0    0 278 -331  2
3823500 2818500  3 24  7   1.8  994 286  2.1 4  4.0  90    3   13 262 -330  2
3823500 2818500  3 24  8   2.5  995 277  2.9 2  4.0  90   65   57 248 -329  2
3823500 2818500  3 24  9   4.0  996 290  2.8 4  4.2  87  110  123 253 -331  2
3823500 2818500  3 24 10   5.1  997 308  3.2 5  4.3  81   56  197 273 -335  2
3823500 2818500  3 24 11   6.0  997 316  3.8 4  4.3  74  150  230 275 -340  2
3823500 2818500  3 24 12   5.7  998 307  3.5 3  4.1  71  328  194 267 -343  2
3823500 2818500  3 24 13   4.7  998 335  5.4 5  4.1  74  111  263 270 -343  2
3823500 2818500  3 24 14   5.9  999 326  4.6 5  3.9  69   82  251 277 -345  2
3823500 2818500  3 24 15   6.0 1000 345  5.7 3  3.3  56  386  120 266 -349  2
3823500 2818500  3 24 16   6.1 1001 351  5.2 1  2.7  46  370   79 245 -348  2
3823500 2818500  3 24 17   5.8 1001 352  4.7 1  2.6  44  242   69 234 -343  2
3823500 2818500  3 24 18   5.0 1002   1  3.7 1  2.6  45  101   52 232 -337  2
3823500 2818500  3 24 19   3.4 1002 338  1.0 1  2.6  50    8   13 228 -330  2
3823500 2818500  3 24 20   1.7 1003 240  1.2 1  2.7  61    0    0 226 -323  2
3823500 2818500  3 24 21   0.3 1003 260  0.8 1  2.8  69    0    0 216 -319  2
3823500 2818500  3 24 22  -0.5 1004 227  0.9 1  2.9  77    0    0 207 -318  2
3823500 2818500  3 24 23  -0.1 1003 184  0.9 2  3.2  82    0    0 206 -315  2
3823500 2818500  3 24 24   1.1 1002 142  0.9 4  3.6  85    0    0 207 -314  2
3823500 2818500  3 25  1   2.6 1003 101  0.6 5  4.1  87    0    0 316 -343  2
3823500 2818500  3 25  2   3.8 1003  68  0.4 7  4.5  88    0    0 315 -343  2
3823500 2818500  3 25  3   4.6 1003  41  0.3 8  4.8  90    0    0 307 -344  2
3823500 2818500  3 25  4   4.4 1003  41  0.4 8  4.9  92    0    0 311 -345  2
3823500 2818500  3 25  5   4.4 1003  43  0.3 8  4.9  93    0    0 318 -345  2
3823500 2818500  3 25  6   4.3 1004  59  0.4 7  5.0  96    0    0 312 -345  2
3823500 2818500  3 25  7   4.1 1004  38  0.5 8  5.1  98    0    0 313 -345  2
3823500 2818500  3 25  8   4.1 1005  42  0.3 8  5.1  99    0   47 319 -345  2
3823500 2818500  3 25  9   4.8 1005  78  0.8 7  5.2  99    0  100 314 -348  2
3823500 2818500  3 25 10   5.5 1006  87  1.0 7  5.3  97    0  129 311 -355  2
3823500 2818500  3 25 11   5.8 1006  59  0.4 7  5.3  93    0  118 315 -363  2
3823500 2818500  3 25 12   6.6 1006  82  1.0 8  5.2  88    0  109 321 -372  2
3823500 2818500  3 25 13   7.3 1007  72  1.0 7  5.1  82    0  164 322 -379  2
3823500 2818500  3 25 14   7.6 1007 147  1.0 6  5.0  77    0  165 311 -382  2
3823500 2818500  3 25 15   8.5 1007 146  0.9 6  5.0  74    2  181 306 -380  2
3823500 2818500  3 25 16   8.3 1007 311  0.7 6  4.9  72    1  140 306 -375  2
3823500 2818500  3 25 17   8.5 1008  28  0.9 7  4.9  71    0   89 309 -367  2
3823500 2818500  3 25 18   8.1 1008  36  0.7 7  5.0  72    2   58 313 -361  2
3823500 2818500  3 25 19   7.3 1009  50  0.7 7  5.0  76    4   17 310 -359  2
3823500 2818500  3 25 20   6.1 1010  95  0.9 6  4.9  79    0    0 301 -355  2
3823500 2818500  3 25 21   4.7 1010  92  0.9 5  4.7  84    0    0 286 -351  2
3823500 2818500  3 25 22   4.9 1010 152  0.7 5  4.7  87    0    0 277 -350  2
3823500 2818500  3 25 23   4.0 1010 173  0.4 6  4.7  89    0    0 279 -350  2
3823500 2818500  3 25 24   4.5 1010 167  0.4 7  4.7  92    0    0 288 -349  2
3823500 2818500  3 26  1   4.4 1011 182  0.5 7  4.8  91    0    0 295 -348  2
3823500 2818500  3 26  2   4.0 1011 192  1.0 6  4.7  91    0    0 289 -347  2
3823500 2818500  3 26  3   4.0 1011 190  0.8 6  4.6  92    0    0 285 -346  2
3823500 2818500  3 26  4   3.9 1010 187  1.0 7  4.8  95    0    0 291 -346  2
3823500 2818500  3 26  5   3.4 1010 194  0.6 5  4.8  96    0    0 286 -347  2
3823500 2818500  3 26  6   3.4 1011 189  1.0 6  4.6  94    0    0 281 -348  2
3823500 2818500  3 26  7   3.7 1011 187  1.5 7  4.6  94    0    0 294 -348  2
3823500 2818500  3 26  8   4.7 1010 195  2.0 7  5.0  96    5   59 305 -349  2
3823500 2818500  3 26  9   6.9 1010 193  2.3 7  5.4  94   13  123 313 -352  2
3823500 2818500  3 26 10   7.6 1010 202  3.0 6  5.6  88   35  185 314 -358  2
3823500 2818500  3 26 11   9.3 1010 200  3.7 7  5.7  82   96  225 319 -363  2
3823500 2818500  3 26 12  10.7 1009 211  3.7 7  5.6  73   48  240 332 -366  2
3823500 2818500  3 26 13  11.2 1008 221  5.3 7  5.3  65   67  250 336 -364  2
3823500 2818500  3 26 14  11.7 1008 221  5.0 7  5.2  61   92  237 341 -362  2
3823500 2818500  3 26 15  11.8 1007 225  4.3 7  5.3  62    6  177 344 -363  2
3823500 2818500  3 26 16  11.7 1006 221  4.4 7  5.4  63    0  110 345 -362  2
3823500 2818500  3 26 17  11.7 1006 218  3.9 7  5.5  64    0   73 347 -362  2
3823500 2818500  3 26 18  11.7 1005 214  3.4 7  5.5  64    0   36 348 -361  2
3823500 2818500  3 26 19  11.8 1005 219  3.9 7  5.5  64    0    7 349 -361  2
3823500 2818500  3 26 20  12.1 1004 220  4.3 7  5.6  63    0    0 352 -362  2
3823500 2818500  3 26 21  11.0 1004 232  5.2 8  5.9  68    0    0 358 -362  2
3823500 2818500  3 26 22   9.6 1004 236  4.7 8  6.4  81    0    0 360 -364  2
3823500 2818500  3 26 23   9.8 1004 244  4.7 8  6.8  89    0    0 359 -366  2
3823500 2818500  3 26 24   9.9 1004 253  4.6 8  7.0  92    0    0 360 -368  2
3823500 2818500  3 27  1  10.2 1004 263  3.5 8  7.2  93    0    0 361 -368  2
3823500 2818500  3 27  2  10.3 1004 269  4.5 8  7.4  94    0    0 362 -366  2
3823500 2818500  3 27  3  10.1 1005 284  4.6 7  7.1  91    0    0 353 -364  2
3823500 2818500  3 27  4   9.5 1005 272  3.5 7  6.5  85    0    0 342 -362  2
3823500 2818500  3 27  5   9.1 1005 276  4.2 7  6.0  81    0    0 337 -359  2
3823500 2818500  3 27  6   8.6 1006 279  3.7 6  5.6  78    0    0 326 -356  2
3823500 2818500  3 27  7   7.9 1006 281  3.5 6  5.1  74    0    0 311 -352  2
3823500 2818500  3 27  8   8.1 1007 274  3.6 6  4.9  73    3   62 305 -350  2
3823500 2818500  3 27  9   8.9 1008 274  4.4 5  4.9  70   52  158 299 -353  2
3823500 2818500  3 27 10   9.7 1008 274  5.2 5  4.8  66  116  228 297 -359  2
3823500 2818500  3 27 11  11.1 1008 278  5.7 5  4.7  60  215  269 302 -365  2
3823500 2818500  3 27 12  12.5 1008 269  5.5 5  4.6  53  277  291 307 -370  2
3823500 2818500  3 27 13  12.9 1008 265  7.0 6  4.4  48  201  321 314 -374  2
3823500 2818500  3 27 14  12.8 1007 269  6.2 6  4.3  46   96  290 318 -375  2
3823500 2818500  3 27 15  13.1 1007 273  6.5 6  4.2  45   90  261 317 -375  2
3823500 2818500  3 27 16  13.9 1007 260  6.4 7  4.1  43   78  206 325 -372  2
3823500 2818500  3 27 17  13.0 1006 264  5.3 6  4.1  42   45  142 328 -367  2
3823500 2818500  3 27 18  12.7 1005 261  5.4 6  4.0  43   25   74 322 -362  2
3823500 2818500  3 27 19  11.8 1004 264  3.4 7  4.0  44    4   16 326 -361  2
3823500 2818500  3 27 20  10.9 1003 233  2.3 7  4.0  48    0    0 331 -360  2
3823500 2818500  3 27 21  11.0 1002 211  2.8 7  4.2  51    0    0 333 -360  2
3823500 2818500  3 27 22  12.0 1001 220  6.7 7  4.7  55    0    0 337 -361  2
3823500 2818500  3 27 23  11.5  999 231  8.5 7  5.4  63    0    0 340 -363  2
3823500 2818500  3 27 24  11.6  998 238  7.1 7  6.1  71    0    0 341 -365  2
3823500 2818500  3 28  1  11.8  996 246  8.8 8  6.5  75    0    0 346 -362  2
3823500 2818500  3 28  2  11.4  994 250  8.3 7  6.7  78    0    0 346 -356  2
3823500 2818500  3 28  3   9.9  993 255  9.4 8  6.8  83    0    0 343 -352  2
3823500 2818500  3 28  4   7.1  992 294 12.6 8  5.8  82    0    0 341 -350  2
3823500 2818500  3 28  5   5.7  993 306  9.0 7  4.8  78    0    0 325 -347  2
3823500 2818500  3 28  6   5.2  996 305  5.1 7  4.6  80    0    0 315 -345  2
3823500 2818500  3 28  7   5.0  998 290  3.8 7  4.6  82    0    0 312 -343  2
3823500 2818500  3 28  8   5.6  999 278  4.2 8  4.7  83    0   19 317 -342  2
3823500 2818500  3 28  9   6.9 1000 292  5.8 8  4.8  79    0   93 325 -342  2
3823500 2818500  3 28 10   7.5 1000 297  6.7 7  4.7  73   20  176 320 -344  2
3823500 2818500  3 28 11   8.1 1001 303  5.7 6  4.5  67   46  218 308 -346  2
3823500 2818500  3 28 12   7.8 1001 299  8.0 5  4.2  63  104  242 296 -352  2
3823500 2818500  3 28 13   8.1 1002 290  6.5 6  4.2  63   59  247 295 -357  2
3823500 2818500  3 28 14   8.1 1003 289  7.0 5  4.3  63  190  218 293 -357  2
3823500 2818500  3 28 15   7.3 1004 300  8.7 7  4.3  65   59  207 295 -359  2
3823500 2818500  3 28 16   6.7 1004 301  7.5 7  4.3  68    6  141 299 -359  2
3823500 2818500  3 28 17   6.7 1005 305  6.2 4  4.3  69   63  114 284 -355  2
3823500 2818500  3 28 18   6.2 1005 301  5.7 5  4.3  71   73   46 274 -350  2
3823500 2818500  3 28 19   5.9 1006 297  5.9 6  4.3  73    8   11 281 -346  2
3823500 2818500  3 28 20   5.7 1006 295  4.6 7  4.3  75    0    0 288 -344  2
3823500 2818500  3 28 21   5.9 1007 286  5.3 7  4.3  74    0    0 293 -342  2
3823500 2818500  3 28 22   5.4 1007 292  6.0 7  4.3  76    0    0 295 -340  2
3823500 2818500  3 28 23   5.3 1007 312  4.9 7  4.3  78    0    0 297 -338  2
3823500 2818500  3 28 24   5.2 1007 299  5.0 5  4.3  78    0    0 289 -338  2
3823500 2818500  3 29  1   4.9 1007 303  3.3 5  4.3  79    0    0 279 -335  2
3823500 2818500  3 29  2   4.7 1008 298  4.7 5  4.3  80    0    0 278 -333  2
3823500 2818500  3 29  3   4.0 1008 303  3.5 5  4.3  82    0    0 273 -331  2
3823500 2818500  3 29  4   4.1 1008 292  3.1 5  4.3  84    0    0 271 -329  2
3823500 2818500  3 29  5   4.6 1008 296  3.5 5  4.3  83    0    0 271 -328  2
3823500 2818500  3 29  6   4.7 1008 291  3.4 7  4.3  81    0    0 282 -326  2
3823500 2818500  3 29  7   4.3 1009 294  3.4 7  4.3  82    0    1 293 -325  2
3823500 2818500  3 29  8   5.2 1009 300  3.5 4  4.4  82   94   35 280 -326  2
3823500 2818500  3 29  9   5.2 1009 303  3.9 3  4.5  82  270   53 262 -331  2
3823500 2818500  3 29 10   6.6 1009 306  5.3 6  4.5  78  128  146 273 -342  2
3823500 2818500  3 29 11   7.2 1010 308  5.2 6  4.4  71   65  199 290 -351  2
3823500 2818500  3 29 12   7.1 1010 309  4.3 5  4.4  70   76  217 289 -354  2
3823500 2818500  3 29 13   7.9 1010 321  5.2 7  4.4  68   15  209 296 -355  2
3823500 2818500  3 29 14   7.9 1010 326  4.9 7  4.3  65    5  183 305 -359  2
3823500 2818500  3 29 15   7.7 1010 320  4.4 7  4.4  66    0   97 304 -361  2
3823500 2818500  3 29 16   7.2 1010 331  3.4 6  4.4  68   45  146 299 -359  2
3823500 2818500  3 29 17   7.8 1010 339  3.6 6  4.3  67   57  101 295 -357  2
3823500 2818500  3 29 18   6.4 1010 339  3.7 4  4.3  69  112   28 286 -356  2
3823500 2818500  3 29 19   5.8 1011 326  3.4 5  4.4  74   18   10 280 -353  2
3823500 2818500  3 29 20   5.3 1012 322  3.9 5  4.1  74    0    0 283 -349  2
3823500 2818500  3 29 21   5.2 1012 304  1.4 6  4.0  73    0    0 287 -347  2
3823500 2818500  3 29 22   5.1 1013 289  1.4 7  4.2  77    0    0 297 -346  2
3823500 2818500  3 29 23   5.0 1013 282  1.8 8  4.4  81    0    0 308 -346  2
3823500 2818500  3 29 24   5.3 1013 285  1.7 8  4.6  84    0    0 316 -346  2
3823500 2818500  3 30  1   5.5 1013 283  1.9 8  4.9  87    0    0 320 -345  2
3823500 2818500  3 30  2   5.4 1013 273  1.9 7  5.0  89    0    0 316 -343  2
3823500 2818500  3 30  3   5.9 1013 283  2.6 8  5.1  91    0    0 317 -340  2
3823500 2818500  3 30  4   5.9 1013 297  2.8 7  5.4  93    0    0 320 -338  2
3823500 2818500  3 30  5   6.0 1013 298  2.4 8  5.4  94    0    0 320 -336  2
3823500 2818500  3 30  6   6.1 1014 298  2.4 7  5.4  92    0    0 321 -333  2
3823500 2818500  3 30  7   5.5 1014 302  2.9 7  5.2  91    0    1 315 -330  2
3823500 2818500  3 30  8   6.4 1014 302  2.6 6  5.2  90   19   73 309 -330  2
3823500 2818500  3 30  9   7.3 1015 306  3.0 4  5.3  85  143  131 295 -336  2
3823500 2818500  3 30 10   9.0 1016 314  3.3 3  5.2  78  335  143 282 -348  2
3823500 2818500  3 30 11   9.9 1016 322  3.3 4  5.1  70  146  268 286 -361  2
3823500 2818500  3 30 12  11.0 1016 329  3.3 4  5.0  63  112  293 295 -372  2
3823500 2818500  3 30 13  12.0 1016 313  4.2 6  5.0  59   60  282 310 -379  2
3823500 2818500  3 30 14  11.8 1016 318  3.1 6  4.8  56   84  274 321 -383  2
3823500 2818500  3 30 15  11.8 1016 311  1.8 5  4.7  55   15  205 314 -383  2
3823500 2818500  3 30 16  11.7 1016 306  2.0 5  4.7  55    5  145 308 -378  2
3823500 2818500  3 30 17  11.6 1016 286  1.1 6  4.7  56    2  102 312 -374  2
3823500 2818500  3 30 18  11.4 1016 295  1.1 6  4.8  57    9   66 315 -370  2
3823500 2818500  3 30 19  10.9 1017 307  0.6 7  4.8  58    7   15 318 -361  2
3823500 2818500  3 30 20   9.2 1017 299  0.9 5  4.7  62    0    0 311 -352  2
3823500 2818500  3 30 21   7.9 1017 290  1.4 2  4.7  69    0    0 282 -346  2
3823500 2818500  3 30 22   6.3 1017 291  1.6 0  4.7  75    0    0 254 -341  2
3823500 2818500  3 30 23   5.9 1017 300  1.8 0  4.6  78    0    0 239 -338  2
3823500 2818500  3 30 24   4.5 1018 268  1.3 2  4.4  81    0    0 245 -335  2
3823500 2818500  3 31  1   3.5 1018 267  0.8 0  4.2  84    0    0 241 -333  2
3823500 2818500  3 31  2   2.5 1018 232  0.8 0  4.1  87    0    0 229 -331  2
3823500 2818500  3 31  3   2.4 1018 238  0.5 1  4.0  89    0    0 234 -330  2
3823500 2818500  3 31  4   2.4 1018 246  1.2 2  4.0  90    0    0 245 -328  2
3823500 2818500  3 31  5   2.4 1018 250  0.5 1  4.1  91    0    0 245 -326  2
3823500 2818500  3 31  6   2.3 1018 239  1.5 1  4.2  93    0    0 242 -325  2
3823500 2818500  3 31  7   2.3 1018 221  1.1 1  4.2  95    0    1 243 -324  2
3823500 2818500  3 31  8   4.2 1018 242  1.2 0  4.6  97   64   71 242 -326  2
3823500 2818500  3 31  9   7.1 1018 258  2.3 0  5.0  88  206  111 243 -334  2
3823500 2818500  3 31 10   9.5 1018 255  4.0 0  4.9  72  341  129 249 -347  2
3823500 2818500  3 31 11  10.7 1018 258  3.9 0  4.9  64  454  140 254 -360  2
3823500 2818500  3 31 12  11.6 1018 260  3.7 1  4.8  59  529  143 262 -372  2
3823500 2818500  3 31 13  12.6 1018 275  3.7 1  4.9  56  555  142 270 -381  2
3823500 2818500  3 31 14  13.3 1017 266  3.4 2  5.0  54  550  134 277 -387  2
3823500 2818500  3 31 15  13.8 1017 271  3.4 1  4.9  51  485  125 279 -389  2
3823500 2818500  3 31 16  14.1 1016 272  3.0 1  4.9  50  390  109 277 -388  2
3823500 2818500  3 31 17  14.3 1016 274  3.4 1  4.9  49  261   92 278 -384  2
3823500 2818500  3 31 18  14.0 1016 271  2.6 0  4.9  49  125   66 273 -377  2
3823500 2818500  3 31 19  12.3 1016 253  2.0 1  4.8  51   21   20 269 -367  2
3823500 2818500  3 31 20   9.4 1015 261  1.0 0  4.7  58    0    0 261 -356  2
3823500 2818500  3 31 21   7.3 1015 281  1.1 0  4.4  65    0    0 248 -350  2
3823500 2818500  3 31 22   5.3 1015 250  0.7 0  4.1  70    0    0 241 -347  2
3823500 2818500  3 31 23   4.2 1015 249  0.5 0  4.0  76    0    0 238 -344  2
3823500 2818500  3 31 24   3.9 1015 218  0.6 1  4.1  80    0    0 241 -342  2
3823500 2818500  4  1  1   2.9 1015 222  0.2 0  4.2  90    0    0 234 -339  2
3823500 2818500  4  1  2   3.7 1015 201  0.8 0  4.2  88    0    0 236 -337  2
3823500 2818500  4  1  3   3.3 1015 207  0.3 0  4.3  88    0    0 236 -335  2
3823500 2818500  4  1  4   2.8 1014 218  0.4 0  4.2  90    0    0 235 -334  2
3823500 2818500  4  1  5   2.7 1014 208  0.1 0  4.2  90    0    0 234 -333  2
3823500 2818500  4  1  6   1.3 1014 196  0.1 0  4.0  92    0    0 232 -332  2
3823500 2818500  4  1  7   1.8 1014 202  0.3 0  3.9  93    0   20 229 -332  2
3823500 2818500  4  1  8   6.2 1014 205  0.8 0  4.7  92   36  102 237 -334  2
3823500 2818500  4  1  9   8.3 1014 223  0.8 0  5.4  85  144  158 245 -342  2
3823500 2818500  4  1 10  10.8 1014 244  1.9 0  5.1  70  287  172 250 -357  2
3823500 2818500  4  1 11  12.7 1014 251  2.8 0  5.0  58  403  178 256 -372  2
3823500 2818500  4  1 12  14.0 1014 274  3.0 0  5.1  54  490  173 262 -385  2
3823500 2818500  4  1 13  15.1 1014 258  2.8 0  5.1  49  534  161 268 -396  2
3823500 2818500  4  1 14  15.9 1013 277  3.2 0  4.9  45  497  166 271 -402  2
3823500 2818500  4  1 15  16.7 1013 298  3.1 0  4.8  42  436  154 275 -403  2
3823500 2818500  4  1 16  16.6 1012 279  2.9 0  4.7  40  341  135 276 -401  2
3823500 2818500  4  1 17  16.5 1012 313  2.2 0  4.7  40  221  113 275 -395  2
3823500 2818500  4  1 18  15.5 1012 313  2.0 0  4.7  41  101   79 274 -387  2
3823500 2818500  4  1 19  13.8 1012 285  1.0 0  4.6  44   14   27 269 -376  2
3823500 2818500  4  1 20  11.0 1012 316  0.8 0  4.5  51    0    0 263 -365  2
3823500 2818500  4  1 21   9.2 1012 324  0.7 0  4.5  58    0    0 255 -357  2
3823500 2818500  4  1 22   7.3 1012 317  0.7 0  4.4  64    0    0 249 -352  2
3823500 2818500  4  1 23   7.1 1013 315  1.0 0  4.4  70    0    0 247 -347  2
3823500 2818500  4  1 24   6.9 1013 322  0.5 0  4.5  73    0    0 245 -343  2
3823500 2818500  4  2  1   3.7 1013 296  0.3 0  4.2  77    0    0 240 -339  2
3823500 2818500  4  2  2   2.5 1013 296  0.3 0  3.9  83    0    0 232 -336  2
3823500 2818500  4  2  3   2.2 1013 206  0.3 0  3.8  86    0    0 230 -334  2
3823500 2818500  4  2  4   1.3 1013 220  0.2 0  3.9  90    0    0 228 -332  2
3823500 2818500  4  2  5   1.0 1013 221  0.2 0  3.8  92    0    0 227 -330  2
3823500 2818500  4  2  6  -0.1 1013 223  0.2 0  3.6  92    0    0 224 -329  2
3823500 2818500  4  2  7   1.4 1013 192  0.0 1  3.8  94    1   24 228 -328  2
3823500 2818500  4  2  8   4.0 1013 213  0.0 2  4.4  96   54   93 244 -330  2
3823500 2818500  4  2  9   8.7 1013 245  0.4 2  5.3  89  165  137 260 -341  2
3823500 2818500  4  2 10  10.7 1013 239  1.1 2  5.4  72  277  167 269 -356  2
3823500 2818500  4  2 11  12.1 1013   2  0.7 3  5.2  62  338  198 278 -374  2
3823500 2818500  4  2 12  14.3 1012 325  1.1 4  5.1  55  242  274 293 -389  2
3823500 2818500  4  2 13  13.9 1012   4  1.4 6  5.0  50  127  271 307 -398  2
3823500 2818500  4  2 14  14.3 1011 337  1.0 5  4.8  47  182  262 311 -402  2
3823500 2818500  4  2 15  14.4 1011  16  0.9 4  4.7  46  164  233 308 -403  2
3823500 2818500  4  2 16  14.7 1010 339  1.3 3  4.8  46  176  188 302 -401  2
3823500 2818500  4  2 17  14.1 1010  60  1.6 4  4.8  47  177  119 303 -396  2
3823500 2818500  4  2 18  14.0 1009 355  1.5 3  4.8  48  107   67 302 -389  2
3823500 2818500  4  2 19  12.2 1008  32  1.3 3  4.7  50   17   25 294 -377  2
3823500 2818500  4  2 20   9.0 1008  21  1.1 2  4.7  58    0    0 282 -363  2
3823500 2818500  4  2 21   7.0 1008   3  0.7 2  4.4  66    0    0 268 -354  2
3823500 2818500  4  2 22   5.7 1008 352  0.5 1  4.3  72    0    0 259 -350  2
3823500 2818500  4  2 23   5.0 1008 228  0.6 1  4.4  78    0    0 251 -347  2
3823500 2818500  4  2 24   6.0 1008 227  0.8 4  4.7  82    0    0 264 -344  2
3823500 2818500  4  3  1   6.6 1007 203  0.8 4  5.0  85    0    0 276 -342  2
3823500 2818500  4  3  2   5.4 1006 207  1.1 2  5.0  86    0    0 268 -340  2
3823500 2818500  4  3  3   5.3 1006 207  1.9 3  4.8  87    0    0 263 -339  2
3823500 2818500  4  3  4   5.7 1005 198  1.6 5  4.9  87    0    0 274 -338  2
3823500 2818500  4  3  5   6.3 1004 208  2.1 7  5.0  86    0    0 292 -337  2
3823500 2818500  4  3  6   6.7 1003 194  1.4 7  5.0  83    0    0 303 -337  2
3823500 2818500  4  3  7   6.5 1003 195  1.2 6  5.0  81    0   22 302 -336  2
3823500 2818500  4  3  8   7.3 1002 205  0.9 4  5.0  80   35   93 291 -337  2
3823500 2818500  4  3  9   9.0 1002 241  2.9 4  5.1  75   36  159 285 -345  2
3823500 2818500  4  3 10   9.9 1001 242  4.0 7  5.2  70    0  148 301 -354  2
3823500 2818500  4  3 11  10.7 1000 250  4.0 8  5.3  67    0  163 321 -361  2
3823500 2818500  4  3 12  10.8 1000 255  5.1 6  5.4  67   91  244 320 -365  2
3823500 2818500  4  3 13  11.0 1000 281  6.5 6  5.5  66    0  180 314 -365  2
3823500 2818500  4  3 14  10.1 1000 287  5.6 7  5.3  66    0   83 316 -365  2
3823500 2818500  4  3 15   9.5 1000 295  6.5 7  5.1  67    0   88 317 -364  2
3823500 2818500  4  3 16   8.6 1000 286  6.0 7  5.1  70    0  120 314 -362  2
3823500 2818500  4  3 17   9.2 1000 301  6.0 8  4.6  64    0   95 315 -358  2
3823500 2818500  4  3 18   8.6 1000 299  6.1 7  4.0  56    8   72 310 -352  2
3823500 2818500  4  3 19   7.3 1001 295  5.1 6  3.7  56   11   22 295 -345  2
3823500 2818500  4  3 20   6.5 1002 295  4.5 4  3.7  60    0    0 276 -339  2
3823500 2818500  4  3 21   5.7 1003 291  4.0 3  3.7  63    0    0 254 -334  2
3823500 2818500  4  3 22   5.0 1003 284  3.5 2  3.7  67    0    0 236 -332  2
3823500 2818500  4  3 23   5.2 1003 252  3.1 1  3.9  69    0    0 228 -332  2
3823500 2818500  4  3 24   5.6 1004 202  2.5 2  4.2  71    0    0 217 -332  2
3823500 2818500  4  4  1   6.4  991 151  2.1 2  4.4  71    0    0 276 -356  2
3823500 2818500  4  4  2   7.0  990 110  1.9 3  4.7  72    0    0 277 -356  2
3823500 2818500  4  4  3   7.4  989  85  1.7 4  4.8  72    0    0 279 -356  2
3823500 2818500  4  4  4   7.1  988  90  1.6 4  4.7  72    0    0 268 -356  2
3823500 2818500  4  4  5   7.0  988  98  1.4 4  4.7  72    0    0 263 -356  2
3823500 2818500  4  4  6   6.6  987 107  1.1 4  4.5  73    0    0 266 -355  2
3823500 2818500  4  4  7   6.5  987  95  1.0 5  4.5  72    1   33 271 -356  2
3823500 2818500  4  4  8   8.5  986  99  1.8 4  4.6  69   35  118 270 -361  2
3823500 2818500  4  4  9  10.5  986  70  3.3 4  4.7  62  121  193 264 -368  2
3823500 2818500  4  4 10  12.3  985  92  3.9 5  4.8  56  203  249 280 -374  2
3823500 2818500  4  4 11  14.1  985  92  3.4 5  5.1  53  284  285 299 -376  2
3823500 2818500  4  4 12  15.7  984 117  3.5 5  5.2  48  348  302 306 -375  2
3823500 2818500  4  4 13  17.0  984 124  3.8 5  5.2  43  360  308 311 -373  2
3823500 2818500  4  4 14  18.1  983 137  4.1 4  5.2  41  358  290 308 -369  2
3823500 2818500  4  4 15  18.2  983 142  2.9 4  5.2  39   96  310 299 -362  2
3823500 2818500  4  4 16  17.5  983 143  2.2 6  5.3  40    0  145 309 -355  2
3823500 2818500  4  4 17  17.0  982 197  2.5 7  5.1  40    1  115 328 -348  2
3823500 2818500  4  4 18  16.0  982 216  2.3 6  5.2  43   14   94 326 -343  2
3823500 2818500  4  4 19  15.2  982 150  1.2 7  5.6  50    6   29 326 -339  2
3823500 2818500  4  4 20  14.7  982 134  0.9 7  5.6  52    0    0 332 -337  2
3823500 2818500  4  4 21  13.9  981 126  0.6 7  5.7  54    0    0 331 -335  2
3823500 2818500  4  4 22  13.2  981 137  0.5 7  5.7  57    0    0 328 -334  2
3823500 2818500  4  4 23  12.8  980  90  0.2 7  5.7  60    0    0 326 -333  2
3823500 2818500  4  4 24  12.1  980 144  0.4 8  5.8  62    0    0 333 -332  2
3823500 2818500  4  5  1  13.4  980 212  1.6 8  6.0  63    0    0 342 -331  2
3823500 2818500  4  5  2  11.7  981 163  0.6 8  6.1  65    0    0 342 -330  2
3823500 2818500  4  5  3  11.8  981 192  1.3 8  6.2  70    0    0 341 -329  2
3823500 2818500  4  5  4  11.5  981 174  1.8 8  6.3  71    0    0 342 -328  2
3823500 2818500  4  5  5  11.5  980 156  1.6 7  6.3  73    0    0 337 -327  2
3823500 2818500  4  5  6  10.4  980 172  1.2 7  6.3  74    0    0 329 -326  2
3823500 2818500  4  5  7  10.4  980 196  1.5 7  6.2  76    0   17 329 -326  2
3823500 2818500  4  5  8  10.7  981 214  2.3 7  6.2  75    0   44 331 -325  2
3823500 2818500  4  5  9  11.0  981 206  2.5 8  6.1  74    0   74 338 -326  2
3823500 2818500  4  5 10  11.4  981 206  2.8 7  6.0  70    6  194 339 -327  2
3823500 2818500  4  5 11  12.7  982 221  4.0 5  6.1  67  144  308 322 -329  2
3823500 2818500  4  5 12  14.4  982 221  4.5 5  6.1  61  220  333 315 -331  2
3823500 2818500  4  5 13  14.7  982 221  3.4 4  5.8  55  130  354 313 -333  2
3823500 2818500  4  5 14  15.2  982 229  2.6 2  5.6  52  207  333 301 -335  2
3823500 2818500  4  5 15  16.1  983 233  2.2 2  5.7  50  252  278 297 -337  2
3823500 2818500  4  5 16  15.3  983 224  2.0 3  5.5  48   85  246 302 -336  2
3823500 2818500  4  5 17  13.3  982 274  2.6 7  5.5  53    0  107 320 -336  2
3823500 2818500  4  5 18  13.4  982 233  2.7 8  5.6  57    0   36 339 -334  2
3823500 2818500  4  5 19  11.5  983 187  0.6 7  5.7  62    0   14 335 -330  2
3823500 2818500  4  5 20  11.1  984 267  1.5 8  5.9  69    0    0 331 -326  2
3823500 2818500  4  5 21   9.8  985 296  2.0 8  6.0  74    0    0 334 -322  2
3823500 2818500  4  5 22   8.7  986 337  2.0 7  6.1  82    0    0 322 -322  2
3823500 2818500  4  5 23   7.8  987 339  2.3 7  6.0  85    0    0 313 -321  2
3823500 2818500  4  5 24   6.9  988   3  3.1 7  5.8  89    0    0 312 -319  2
3823500 2818500  4  6  1   6.2  989   4  5.1 8  5.6  90    0    0 318 -318  2
3823500 2818500  4  6  2   5.6  990   7  3.0 8  5.3  89    0    0 323 -314  2
3823500 2818500  4  6  3   5.1  991  13  5.2 8  4.9  87    0    0 323 -313  2
3823500 2818500  4  6  4   4.6  991 353  4.9 8  4.7  86    0    0 323 -313  2
3823500 2818500  4  6  5   4.3  992 340  4.8 8  4.5  85    0    0 320 -312  2
3823500 2818500  4  6  6   4.2  993  16  5.3 8  4.4  84    0    0 318 -312  2
3823500 2818500  4  6  7   4.1  995   5  4.7 8  4.2  81    0   12 315 -312  2
3823500 2818500  4  6  8   4.1  996  10  5.2 7  3.9  76    0   57 304 -313  2
3823500 2818500  4  6  9   4.1  997  14  5.4 7  3.6  70    1  118 293 -317  2
3823500 2818500  4  6 10   4.7  998   1  5.6 8  3.3  63    0  152 297 -323  2
3823500 2818500  4  6 11   5.2 1000   8  6.2 8  3.1  57    3  193 300 -332  2
3823500 2818500  4  6 12   5.5 1000 360  5.6 5  3.0  54  152  267 280 -346  2
3823500 2818500  4  6 13   6.1 1001   8  4.4 6  3.0  52   61  278 268 -359  2
3823500 2818500  4  6 14   6.0 1002   9  5.0 7  2.9  50   18  240 275 -364  2
3823500 2818500  4  6 15   5.6 1002 354  4.2 7  3.0  51    0  166 275 -362  2
3823500 2818500  4  6 16   5.7 1003   6  4.4 8  3.1  55    0   93 276 -358  2
3823500 2818500  4  6 17   5.1 1004 346  2.5 7  3.1  55    6  124 275 -350  2
3823500 2818500  4  6 18   5.0 1005 354  4.7 6  2.8  52   24   81 267 -343  2
3823500 2818500  4  6 19   4.7 1006  12  4.1 5  2.6  49   13   24 257 -336  2
3823500 2818500  4  6 20   3.2 1007   7  3.3 3  2.6  51    0    0 241 -328  2
3823500 2818500  4  6 21   2.6 1009   2  3.0 3  2.6  56    0    0 229 -322  2
3823500 2818500  4  6 22   2.1 1010   4  2.8 4  2.7  60    0    0 231 -320  2
3823500 2818500  4  6 23   1.5 1011 356  2.7 3  2.8  64    0    0 229 -320  2
3823500 2818500  4  6 24   0.6 1012  10  2.8 1  2.7  67    0    0 217 -320  2
3823500 2818500  4  7  1  -0.4 1012   3  2.5 1  2.6  69    0    0 206 -322  2
3823500 2818500  4  7  2  -1.8 1013 343  1.0 0  2.6  74    0    0 198 -323  2
3823500 2818500  4  7  3  -2.2 1014 329  1.0 0  2.6  78    0    0 191 -323  2
3823500 2818500  4  7  4  -3.5 1015 320  0.3 0  2.5  82    0    0 190 -324  2
3823500 2818500  4  7  5  -3.4 1015 330  0.1 1  2.5  85    0    0 196 -323  2
3823500 2818500  4  7  6  -2.8 1016 307  0.1 2  2.6  87    0    0 210 -322  2
3823500 2818500  4  7  7  -1.0 1017 327  0.1 3  2.9  88   12   36 226 -320  2
3823500 2818500  4  7  8   2.3 1018 356  0.5 2  3.3  83   80   95 235 -321  2
3823500 2818500  4  7  9   4.8 1019  48  0.7 2  3.6  73  217  122 239 -330  2
3823500 2818500  4  7 10   5.2 1019  30  2.0 2  3.4  64  312  153 242 -343  2
3823500 2818500  4  7 11   6.1 1020  40  2.9 3  3.2  57  225  253 249 -356  2
3823500 2818500  4  7 12   7.3 1021  17  3.1 2  3.2  53  401  211 253 -367  2
3823500 2818500  4  7 13   8.6 1021  27  2.0 2  3.3  50  550  137 254 -374  2
3823500 2818500  4  7 14   9.7 1021  14  2.4 2  3.4  48  560  113 259 -378  2
3823500 2818500  4  7 15  10.1 1021  17  3.2 2  3.4  46  481  113 263 -378  2
3823500 2818500  4  7 16  10.5 1021  18  4.0 2  3.5  45  269  164 264 -376  2
3823500 2818500  4  7 17  10.5 1021  23  3.9 3  3.6  46  208  111 272 -371  2
3823500 2818500  4  7 18   9.9 1021  12  2.6 4  3.7  48   84   80 283 -364  2
3823500 2818500  4  7 19   9.0 1021  18  2.2 5  3.8  52   22   28 292 -357  2
3823500 2818500  4  7 20   8.0 1022   6  1.1 4  3.9  56    0    0 289 -349  2
3823500 2818500  4  7 21   6.8 1022   3  0.8 3  3.9  61    0    0 277 -341  2
3823500 2818500  4  7 22   5.4 1023 358  1.4 1  3.9  67    0    0 258 -336  2
3823500 2818500  4  7 23   4.2 1024   9  1.5 1  3.9  73    0    0 245 -333  2
3823500 2818500  4  7 24   3.0 1024 346  1.5 0  3.8  78    0    0 235 -330  2
3823500 2818500  4  8  1   1.6 1024 317  0.1 1  3.7  84    0    0 231 -327  2
3823500 2818500  4  8  2   0.3 1025 302  0.3 1  3.6  89    0    0 231 -325  2
3823500 2818500  4  8  3  -0.5 1025 260  0.8 1  3.3  90    0    0 227 -323  2
3823500 2818500  4  8  4  -0.6 1025 261  0.7 2  3.3  91    0    0 231 -322  2
3823500 2818500  4  8  5   0.0 1025 296  1.3 3  3.4  93    0    0 242 -320  2
3823500 2818500  4  8  6   1.2 1025 313  1.1 5  3.6  93    0    0 260 -320  2
3823500 2818500  4  8  7   1.5 1025 305  1.1 5  3.9  95    9   36 274 -319  2
3823500 2818500  4  8  8   2.4 1025 311  0.7 5  4.2  97   19  105 276 -322  2
3823500 2818500  4  8  9   4.0 1025 325  1.8 6  4.6  97  121  163 286 -332  2
3823500 2818500  4  8 10   6.4 1025 317  1.6 4  4.9  90  337  135 286 -347  2
3823500 2818500  4  8 11   9.1 1025 331  2.3 2  4.5  69  522   95 271 -362  2
3823500 2818500  4  8 12  10.7 1025 327  3.7 2  3.8  50  617   77 265 -375  2
3823500 2818500  4  8 13  12.0 1024 345  4.7 1  3.5  42  660   64 264 -385  2
3823500 2818500  4  8 14  12.4 1023 341  4.4 1  3.5  40  640   58 262 -390  2
3823500 2818500  4  8 15  13.0 1023 353  4.4 1  3.5  38  569   56 265 -390  2
3823500 2818500  4  8 16  12.5 1023 355  4.3 1  3.3  37  363  107 264 -387  2
3823500 2818500  4  8 17  12.6 1022 344  3.1 1  3.2  36  284   71 263 -383  2
3823500 2818500  4  8 18  12.2 1022 334  3.4 1  3.2  37  164   54 262 -377  2
3823500 2818500  4  8 19  10.7 1022 353  3.3 1  3.3  40   39   29 258 -367  2
3823500 2818500  4  8 20   8.2 1021 347  2.5 2  3.5  48    0    2 256 -356  2
3823500 2818500  4  8 21   6.8 1022 328  1.9 1  3.6  56    0    0 249 -348  2
3823500 2818500  4  8 22   6.1 1022 344  2.1 0  3.5  60    0    0 236 -343  2
3823500 2818500  4  8 23   3.9 1022  24  0.7 0  3.4  64    0    0 225 -338  2
3823500 2818500  4  8 24   2.2 1022 256  1.3 1  3.3  72    0    0 224 -334  2
3823500 2818500  4  9  1   1.3 1022 253  1.0 2  3.3  78    0    0 229 -332  2
3823500 2818500  4  9  2   0.3 1021 267  1.7 1  3.3  82    0    0 226 -331  2
3823500 2818500  4  9  3  -0.1 1021 140  0.4 0  3.3  86    0    0 214 -330  2
3823500 2818500  4  9  4  -0.3 1020  20  0.1 0  3.2  88    0    0 208 -328  2
3823500 2818500  4  9  5  -0.4 1020 352  0.0 2  3.2  87    0    0 214 -326  2
3823500 2818500  4  9  6  -0.9 1020 110  0.1 2  3.2  88    0    0 220 -325  2
3823500 2818500  4  9  7  -0.1 1019 100  0.0 4  3.3  90    5   45 227 -325  2
3823500 2818500  4  9  8   2.1 1019 115  0.1 4  3.8  93   29  136 239 -330  2
3823500 2818500  4  9  9   4.4 1019  72  0.0 5  4.5  94   55  228 249 -342  2
3823500 2818500  4  9 10   6.7 1019 190  0.4 3  4.8  86  107  317 251 -358  2
3823500 2818500  4  9 11   8.9 1018 314  0.6 5  4.8  74   97  367 256 -375  2
3823500 2818500  4  9 12   9.8 1017 322  0.9 6  4.5  62  107  405 273 -389  2
3823500 2818500  4  9 13  10.1 1017  57  0.9 7  4.0  53   72  390 282 -399  2
3823500 2818500  4  9 14  11.0 1016  50  0.9 8  3.8  48   28  319 290 -403  2
3823500 2818500  4  9 15  11.3 1015  28  1.4 6  3.8  46  100  358 288 -401  2
3823500 2818500  4  9 16  11.6 1014   9  1.0 6  3.7  44   69  285 281 -395  2
3823500 2818500  4  9 17  11.0 1013  77  0.8 6  3.7  45   37  197 280 -388  2
3823500 2818500  4  9 18  10.2 1012  64  0.5 7  3.8  48    2   80 280 -380  2
3823500 2818500  4  9 19   9.5 1012  88  0.5 8  3.8  50    0   20 282 -373  2
3823500 2818500  4  9 20   8.6 1012  86  0.9 8  3.8  53    0    0 283 -365  2
3823500 2818500  4  9 21   7.8 1011  85  0.7 8  4.1  60    0    0 281 -360  2
3823500 2818500  4  9 22   7.2 1011  86  0.6 6  4.4  68    0    0 276 -356  2
3823500 2818500  4  9 23   6.0 1011  96  0.9 5  4.3  72    0    0 266 -353  2
3823500 2818500  4  9 24   5.9 1010  85  0.5 5  4.3  74    0    0 262 -349  2
3823500 2818500  4 10  1   5.3 1010  86  0.5 5  4.3  75    0    0 261 -345  2
3823500 2818500  4 10  2   5.1 1009  81  0.9 7  4.3  78    0    0 267 -342  2
3823500 2818500  4 10  3   5.0 1009  87  0.5 6  4.3  80    0    0 270 -340  2
3823500 2818500  4 10  4   4.3 1008  87  0.9 5  4.4  83    0    0 264 -337  2
3823500 2818500  4 10  5   4.1 1008  86  0.6 4  4.4  85    0    0 255 -335  2
3823500 2818500  4 10  6   4.0 1007  85  0.3 5  4.3  85    0    0 256 -333  2
3823500 2818500  4 10  7   4.4 1007  83  1.2 5  4.4  86    6   42 259 -331  2
3823500 2818500  4 10  8   5.9 1008  82  2.5 4  4.6  84   46  115 258 -332  2
3823500 2818500  4 10  9   8.3 1007  82  2.5 3  4.8  77  183  154 252 -338  2
3823500 2818500  4 10 10  10.0 1007  77  3.8 2  5.0  69  351  151 249 -347  2
3823500 2818500  4 10 11  10.8 1007  68  2.8 2  5.1  64  478  145 248 -355  2
3823500 2818500  4 10 12  11.4 1007  68  3.9 2  5.1  61  526  160 251 -363  2
3823500 2818500  4 10 13  11.3 1007  67  4.1 3  5.2  62  338  272 257 -367  2
3823500 2818500  4 10 14  10.9 1007  64  5.4 3  5.1  62  293  275 261 -369  2
3823500 2818500  4 10 15  11.1 1007  64  4.3 2  4.8  59  447  152 257 -369  2
3823500 2818500  4 10 16  11.3 1006  70  3.6 1  4.5  54  418  102 250 -367  2
3823500 2818500  4 10 17  10.9 1006  68  3.9 2  4.2  51  297   87 250 -364  2
3823500 2818500  4 10 18  10.1 1005  71  4.1 1  4.0  50  160   69 248 -358  2
3823500 2818500  4 10 19   9.4 1006  90  3.2 1  3.8  50   39   34 242 -349  2
3823500 2818500  4 10 20   7.9 1006  86  1.3 0  3.5  51    0    3 235 -340  2
3823500 2818500  4 10 21   7.1 1006  86  1.3 0  3.4  53    0    0 225 -335  2
3823500 2818500  4 10 22   5.9 1007  67  1.8 0  3.4  56    0    0 221 -331  2
3823500 2818500  4 10 23   5.4 1007  69  2.2 0  3.3  58    0    0 218 -328  2
3823500 2818500  4 10 24   5.0 1007  63  2.6 0  3.3  59    0    0 216 -325  2
3823500 2818500  4 11  1   4.4 1007  61  2.9 0  3.3  62    0    0 214 -322  2
3823500 2818500  4 11  2   3.3 1007  60  2.9 1  3.2  64    0    0 216 -320  2
3823500 2818500  4 11  3   1.7 1007  48  2.6 2  3.1  69    0    0 220 -319  2
3823500 2818500  4 11  4   1.0 1007  50  1.9 2  3.1  74    0    0 221 -318  2
3823500 2818500  4 11  5  -0.1 1006  50  2.3 1  3.1  78    0    0 212 -316  2
3823500 2818500  4 11  6  -1.0 1006  49  2.1 1  3.0  81    0    0 204 -314  2
3823500 2818500  4 11  7  -0.1 1006  52  2.0 0  3.0  83   22   44 201 -314  2
3823500 2818500  4 11  8   1.4 1006  64  3.9 0  3.2  81  117   95 200 -316  2
3823500 2818500  4 11  9   3.5 1006  69  3.5 0  3.4  75  256  117 206 -321  2
3823500 2818500  4 11 10   5.4 1006  74  5.1 0  3.5  67  380  134 210 -332  2
3823500 2818500  4 11 11   6.6 1006  63  4.5 0  3.4  59  496  136 215 -348  2
3823500 2818500  4 11 12   7.3 1006  52  4.1 0  3.3  53  574  132 219 -361  2
3823500 2818500  4 11 13   8.2 1005  56  3.7 0  3.3  50  607  126 223 -370  2
3823500 2818500  4 11 14   8.8 1005  74  3.4 1  3.3  48  599  114 231 -375  2
3823500 2818500  4 11 15   9.2 1004  54  3.2 1  3.3  47  552   95 239 -375  2
3823500 2818500  4 11 16   9.6 1003  52  2.9 1  3.4  46  435   95 240 -374  2
3823500 2818500  4 11 17   9.5 1002  28  2.8 1  3.4  45  308   86 241 -371  2
3823500 2818500  4 11 18   9.1 1001  34  3.0 0  3.3  45  170   68 234 -364  2
3823500 2818500  4 11 19   8.3 1001  37  2.7 1  3.3  47   41   36 233 -356  2
3823500 2818500  4 11 20   6.4 1001  46  2.4 1  3.4  53    0    4 234 -345  2
3823500 2818500  4 11 21   5.0 1000  48  2.1 1  3.4  59    0    0 229 -337  2
3823500 2818500  4 11 22   4.2 1000  39  1.6 0  3.4  63    0    0 221 -332  2
3823500 2818500  4 11 23   3.0 1000  31  1.5 0  3.4  68    0    0 212 -328  2
3823500 2818500  4 11 24   2.4  999  21  1.3 1  3.4  73    0    0 214 -325  2
3823500 2818500  4 12  1   2.1  999  32  1.3 2  3.5  77    0    0 222 -323  2
3823500 2818500  4 12  2   1.8  997  45  1.1 2  3.5  80    0    0 226 -321  2
3823500 2818500  4 12  3   2.2  996  49  0.1 2  3.5  78    0    0 226 -320  2
3823500 2818500  4 12  4   1.7  995  43  0.1 2  3.4  76    0    0 225 -319  2
3823500 2818500  4 12  5   0.5  994  82  0.4 2  3.3  80    0    0 222 -319  2
3823500 2818500  4 12  6   0.0  993 117  0.6 2  3.3  83    0    0 220 -318  2
3823500 2818500  4 12  7   0.7  993 118  0.2 1  3.3  84   15   48 216 -317  2
3823500 2818500  4 12  8   4.3  992 160  0.5 1  3.9  83   87  119 218 -318  2
3823500 2818500  4 12  9   6.7  991 173  1.7 1  4.2  74  197  170 227 -327  2
3823500 2818500  4 12 10   8.2  990 187  1.6 1  4.2  64  258  233 233 -343  2
3823500 2818500  4 12 11   9.8  990 179  2.4 1  4.2  58  391  235 239 -358  2
3823500 2818500  4 12 12  11.2  989 188  2.6 1  4.2  52  480  234 244 -371  2
3823500 2818500  4 12 13  12.4  988 174  2.8 1  4.2  48  516  230 248 -380  2
3823500 2818500  4 12 14  13.0  987 181  3.3 2  4.3  46  328  305 258 -385  2
3823500 2818500  4 12 15  13.0  986 167  3.3 5  4.3  45   75  295 280 -384  2
3823500 2818500  4 12 16  12.7  985 153  2.5 7  4.3  45    7  188 306 -381  2
3823500 2818500  4 12 17  13.4  984 152  1.4 6  4.4  46    5  138 310 -376  2
3823500 2818500  4 12 18  12.0  984 140  1.4 6  4.4  47    9   93 303 -369  2
3823500 2818500  4 12 19   8.9  983 283  1.3 6  4.8  59   16   37 295 -360  2
3823500 2818500  4 12 20   8.7  983 113  0.6 6  5.3  73    0    2 290 -351  2
3823500 2818500  4 12 21   7.8  983 135  0.3 6  5.6  80    0    0 288 -343  2
3823500 2818500  4 12 22   8.0  983 145  0.2 7  5.7  83    0    0 291 -339  2
3823500 2818500  4 12 23   7.2  982 185  0.5 7  5.6  83    0    0 295 -335  2
3823500 2818500  4 12 24   6.8  982 154  1.2 7  5.4  84    0    0 293 -332  2
3823500 2818500  4 13  1   7.5  981 133  0.9 7  5.3  82    0    0 293 -329  2
3823500 2818500  4 13  2   7.5  980 149  0.5 7  5.2  78    0    0 295 -326  2
3823500 2818500  4 13  3   7.2  980 129  0.5 8  5.1  77    0    0 299 -324  2
3823500 2818500  4 13  4   6.7  979 166  1.1 8  5.1  79    0    0 304 -321  2
3823500 2818500  4 13  5   6.2  979 152  1.0 8  5.2  84    0    0 304 -320  2
3823500 2818500  4 13  6   6.2  978 140  1.1 8  5.4  88    0    0 306 -319  2
3823500 2818500  4 13  7   6.5  978 151  1.3 7  5.5  88    0   10 304 -319  2
3823500 2818500  4 13  8   6.5  978 156  1.0 7  5.6  90    0   66 300 -319  2
3823500 2818500  4 13  9   6.7  979 159  3.3 8  5.7  91    0   82 308 -328  2
3823500 2818500  4 13 10   5.7  979 225  3.5 8  5.4  88    0  109 312 -342  2
3823500 2818500  4 13 11   5.9  980 245  4.4 8  5.1  86    0  144 312 -354  2
3823500 2818500  4 13 12   6.6  981 225  3.8 6  4.9  81   39  270 304 -364  2
3823500 2818500  4 13 13   7.4  981 231  3.9 7  4.6  72   95  286 301 -370  2
3823500 2818500  4 13 14   9.3  982 232  5.3 6  4.2  60   47  265 304 -370  2
3823500 2818500  4 13 15   9.9  982 226  5.8 5  3.9  51  200  211 293 -369  2
3823500 2818500  4 13 16  10.3  982 226  6.3 5  3.7  46  160  172 286 -371  2
3823500 2818500  4 13 17   9.6  982 219  4.1 3  3.6  45  286   58 270 -371  2
3823500 2818500  4 13 18   8.4  983 219  3.8 4  3.6  49  132   47 257 -367  2
3823500 2818500  4 13 19   7.8  983 174  2.6 6  3.9  56   49   29 270 -362  2
3823500 2818500  4 13 20   6.5  984 203  2.8 6  4.1  63    1    6 278 -358  2
3823500 2818500  4 13 21   5.2  985 198  2.3 5  4.0  68    0    0 266 -355  2
3823500 2818500  4 13 22   4.1  985 194  2.2 2  4.1  75    0    0 241 -353  2
3823500 2818500  4 13 23   3.9  985 171  2.6 1  4.1  80    0    0 218 -351  2
3823500 2818500  4 13 24   3.6  985 149  2.6 1  4.1  80    0    0 212 -349  2
3823500 2818500  4 14  1   3.2  985 161  2.0 2  4.0  80    0    0 218 -348  2
3823500 2818500  4 14  2   3.1  984 150  2.2 2  4.0  81    0    0 224 -347  2
3823500 2818500  4 14  3   2.6  984 156  1.7 3  4.0  83    0    0 229 -347  2
3823500 2818500  4 14  4   3.6  984 155  1.9 4  4.1  83    0    0 242 -345  2
3823500 2818500  4 14  5   3.1  984 170  2.6 5  4.2  84    0    0 256 -344  2
3823500 2818500  4 14  6   4.0  984 180  2.8 7  4.4  86    0    0 275 -342  2
3823500 2818500  4 14  7   4.6  984 195  3.3 6  4.6  87    0   19 285 -341  2
3823500 2818500  4 14  8   5.4  984 223  4.6 5  4.8  85   63  130 278 -343  2
3823500 2818500  4 14  9   6.8  984 210  4.6 5  4.7  77  101  209 277 -348  2
3823500 2818500  4 14 10   7.2  985 207  4.6 7  4.4  68    4  201 291 -355  2
3823500 2818500  4 14 11   4.3  985 201  4.9 7  4.4  74    0  194 298 -364  2
3823500 2818500  4 14 12   5.4  985 172  3.7 7  4.7  86    8  267 300 -372  2
3823500 2818500  4 14 13   8.6  985 177  5.4 5  5.0  78  134  368 301 -377  2
3823500 2818500  4 14 14   8.4  984 202  6.9 6  4.7  66   41  319 303 -379  2
3823500 2818500  4 14 15   6.3  984 240  5.6 7  4.7  71    0  168 303 -375  2
3823500 2818500  4 14 16   6.4  984 233  2.5 7  5.0  82    0  166 300 -373  2
3823500 2818500  4 14 17   6.3  984 194  2.2 7  5.2  86   10  155 297 -375  2
3823500 2818500  4 14 18   6.0  984 172  1.8 7  5.3  88    3   85 294 -371  2
3823500 2818500  4 14 19   5.5  984 238  5.7 8  5.3  90    0   23 297 -364  2
3823500 2818500  4 14 20   4.8  985 207  4.9 8  5.2  91    0    6 299 -354  2
3823500 2818500  4 14 21   4.7  985 216  3.7 8  5.0  92    0    0 298 -346  2
3823500 2818500  4 14 22   4.6  986 212  3.5 8  5.0  92    0    0 300 -343  2
3823500 2818500  4 14 23   4.8  986 215  4.0 8  5.0  92    0    0 301 -342  2
3823500 2818500  4 14 24   5.1  987 221  3.9 7  5.0  90    0    0 297 -339  2
3823500 2818500  4 15  1   5.2  987 223  3.3 8  4.9  88    0    0 297 -336  2
3823500 2818500  4 15  2   5.2  988 232  4.3 7  5.0  88    0    0 297 -335  2
3823500 2818500  4 15  3   4.9  988 237  4.7 8  4.9  88    0    0 298 -335  2
3823500 2818500  4 15  4   4.5  989 241  3.2 7  4.8  89    0    0 297 -335  2
3823500 2818500  4 15  5   4.7  989 239  2.6 6  4.8  90    0    0 286 -337  2
3823500 2818500  4 15  6   4.4  990 230  1.5 7  4.9  90    0    0 286 -338  2
3823500 2818500  4 15  7   4.7  990 224  1.9 7  4.9  91    1   42 291 -337  2
3823500 2818500  4 15  8   5.5  990 229  2.4 7  5.1  91    3   94 293 -338  2
3823500 2818500  4 15  9   5.7  990 227  2.7 7  5.3  91    3  141 295 -347  2
3823500 2818500  4 15 10   6.6  991 233  2.9 8  5.3  88    3  185 303 -359  2
3823500 2818500  4 15 11   7.5  991 234  4.5 7  5.3  83   37  262 308 -367  2
3823500 2818500  4 15 12   8.7  991 226  4.7 6  5.2  76  108  291 304 -373  2
3823500 2818500  4 15 13   9.8  991 238  4.6 8  5.0  68   32  284 315 -379  2
3823500 2818500  4 15 14  10.2  991 226  4.6 7  4.9  63   32  266 325 -377  2
3823500 2818500  4 15 15   7.7  991 289  4.6 5  4.9  68   31  242 305 -374  2
3823500 2818500  4 15 16   7.5  991 287  3.1 4  5.2  78  130  190 286 -372  2
3823500 2818500  4 15 17   8.8  991 311  2.7 4  5.4  78  217   89 283 -370  2
3823500 2818500  4 15 18   9.1  991 225  2.0 4  5.3  72  119   60 281 -366  2
3823500 2818500  4 15 19   8.3  991 200  1.3 4  5.1  72   52   33 276 -362  2
3823500 2818500  4 15 20   5.5  991 190  0.2 5  4.9  77    0    0 274 -360  2
3823500 2818500  4 15 21   4.1  991 165  0.2 6  4.6  84    0    0 279 -358  2
3823500 2818500  4 15 22   3.5  992 101  0.8 5  4.6  90    0    0 279 -356  2
3823500 2818500  4 15 23   3.4  992  94  0.9 5  4.7  94    0    0 273 -354  2
3823500 2818500  4 15 24   3.4  992  82  0.8 7  4.7  94    0    0 288 -352  2
3823500 2818500  4 16  1   4.5  991 116  1.7 8  4.7  91    0    0 309 -348  2
3823500 2818500  4 16  2   4.5  991 139  1.5 8  4.8  90    0    0 317 -343  2
3823500 2818500  4 16  3   5.5  990 118  1.7 8  5.1  91    0    0 318 -340  2
3823500 2818500  4 16  4   5.9  990 127  2.1 7  5.3  92    0    0 313 -338  2
3823500 2818500  4 16  5   6.0  989 109  2.3 7  5.4  91    0    0 308 -335  2
3823500 2818500  4 16  6   6.2  989  78  3.1 7  5.5  92    0    0 308 -334  2
3823500 2818500  4 16  7   6.3  988  56  3.0 7  5.6  92    0   41 309 -336  2
3823500 2818500  4 16  8   6.9  987 102  3.2 6  5.6  90    5  108 305 -342  2
3823500 2818500  4 16  9   7.7  987 109  3.5 6  5.7  88    0  125 302 -354  2
3823500 2818500  4 16 10   8.5  987 163  2.4 8  5.9  85    0   94 315 -367  2
3823500 2818500  4 16 11   8.8  987 191  3.1 8  6.1  85    0  101 328 -379  2
3823500 2818500  4 16 12   9.7  988 212  3.7 7  6.5  87    0  223 324 -385  2
3823500 2818500  4 16 13  11.2  988 232  3.7 7  6.6  82   11  292 323 -384  2
3823500 2818500  4 16 14  11.7  988 206  4.2 6  6.3  73   30  316 320 -379  2
3823500 2818500  4 16 15  12.3  988 193  2.6 6  6.1  68   17  266 315 -375  2
3823500 2818500  4 16 16  13.4  987 197  4.5 5  5.7  60  104  275 311 -373  2
3823500 2818500  4 16 17  12.9  987 183  3.1 7  5.5  56   35  186 313 -372  2
3823500 2818500  4 16 18  12.7  987 174  4.4 5  5.3  56   37  121 310 -371  2
3823500 2818500  4 16 19  11.3  987 227  3.6 6  5.0  56   18   49 302 -367  2
3823500 2818500  4 16 20  10.1  987 186  2.5 6  5.0  61    0    4 300 -361  2
3823500 2818500  4 16 21   9.1  987 175  5.2 4  5.1  66    0    0 287 -355  2
3823500 2818500  4 16 22   8.8  987 171  4.3 4  5.0  69    0    0 275 -350  2
3823500 2818500  4 16 23   9.0  987 201  3.6 5  4.9  68    0    0 279 -349  2
3823500 2818500  4 16 24   8.8  988 204  4.4 8  4.8  66    0    0 296 -349  2
3823500 2818500  4 17  1   8.4  988 223  7.6 8  4.8  67    0    0 307 -346  2
3823500 2818500  4 17  2   7.8  989 223  5.2 8  4.8  70    0    0 307 -341  2
3823500 2818500  4 17  3   7.6  989 211  5.2 8  4.8  72    0    0 307 -337  2
3823500 2818500  4 17  4   7.3  989 219  5.3 7  4.8  72    0    0 303 -336  2
3823500 2818500  4 17  5   7.0  990 226  4.8 8  4.7  72    0    0 303 -337  2
3823500 2818500  4 17  6   6.4  990 222  4.2 8  4.7  74    0    0 308 -339  2
3823500 2818500  4 17  7   6.3  991 229  4.3 8  4.7  78    0   31 308 -342  2
3823500 2818500  4 17  8   6.4  991 237  4.8 7  4.7  78    1   90 303 -347  2
3823500 2818500  4 17  9   6.8  992 232  4.7 5  4.7  76   84  187 291 -354  2
3823500 2818500  4 17 10   8.5  992 235  5.4 5  4.4  67  193  225 289 -363  2
3823500 2818500  4 17 11   8.4  992 238  5.0 6  4.2  60   49  285 297 -370  2
3823500 2818500  4 17 12   9.2  992 233  5.0 6  4.2  59   77  318 303 -379  2
3823500 2818500  4 17 13  10.6  992 239  5.1 5  4.2  54  192  318 305 -386  2
3823500 2818500  4 17 14  10.9  992 214  4.5 3  4.1  50  252  288 298 -385  2
3823500 2818500  4 17 15  11.7  992 215  4.0 3  4.1  48  318  224 295 -386  2
3823500 2818500  4 17 16  12.7  992 225  2.4 2  4.1  45  364  136 293 -393  2
3823500 2818500  4 17 17  13.5  992 280  2.3 2  4.1  42  323   85 291 -399  2
3823500 2818500  4 17 18  13.1  991 162  1.8 4  4.0  41  167   71 297 -394  2
3823500 2818500  4 17 19  12.5  991 104  1.4 6  3.9  42   38   41 307 -382  2
3823500 2818500  4 17 20  10.7  991  42  1.7 7  4.0  47    0    4 314 -375  2
3823500 2818500  4 17 21  10.4  991 217  2.1 7  4.2  52    0    0 316 -371  2
3823500 2818500  4 17 22  10.0  990  68  2.7 7  4.2  54    0    0 317 -369  2
3823500 2818500  4 17 23   9.8  990  86  3.0 7  4.4  56    0    0 318 -366  2
3823500 2818500  4 17 24   9.0  989  87  2.5 7  4.5  59    0    0 315 -364  2
3823500 2818500  4 18  1   8.2  988  77  1.3 5  4.5  63    0    0 303 -364  2
3823500 2818500  4 18  2   7.6  988 104  1.0 5  4.5  67    0    0 292 -363  2
3823500 2818500  4 18  3   8.7  988 163  1.9 6  4.7  68    0    0 295 -362  2
3823500 2818500  4 18  4   9.2  987 133  1.0 7  5.0  68    0    0 307 -362  2
3823500 2818500  4 18  5   8.8  987 154  1.5 7  5.3  73    0    0 313 -361  2
3823500 2818500  4 18  6   8.5  987 146  1.2 7  5.7  80    0    0 311 -358  2
3823500 2818500  4 18  7   9.3  987 200  3.0 8  5.9  81    1   43 318 -356  2
3823500 2818500  4 18  8  10.5  987 221  4.5 7  6.3  80    3   97 320 -361  2
3823500 2818500  4 18  9  10.6  988 235  6.1 7  6.6  81   11  167 310 -370  2
3823500 2818500  4 18 10  10.5  989 224  5.4 6  6.7  82   64  252 299 -380  2
3823500 2818500  4 18 11  11.8  990 210  5.1 5  6.6  78  103  297 278 -388  2
3823500 2818500  4 18 12  12.7  991 221  4.3 6  6.5  71    7  258 281 -394  2
3823500 2818500  4 18 13  13.0  991 231  4.7 6  6.4  67  105  334 297 -399  2
3823500 2818500  4 18 14  13.5  992 233  5.3 6  6.0  62  190  314 304 -401  2
3823500 2818500  4 18 15  14.2  992 220  6.1 6  5.5  55  164  281 307 -400  2
3823500 2818500  4 18 16  14.2  993 221  5.9 4  5.1  49  203  217 290 -400  2
3823500 2818500  4 18 17  14.5  993 198  5.3 5  4.7  45   71  174 282 -397  2
3823500 2818500  4 18 18  14.4  993 206  5.3 6  4.5  43   11   98 297 -393  2
3823500 2818500  4 18 19  13.3  994 171  4.2 6  4.5  45    0   23 303 -387  2
3823500 2818500  4 18 20  10.4  994 181  3.3 6  4.9  55    0    0 297 -381  2
3823500 2818500  4 18 21   9.1  995 182  2.5 6  5.2  68    0    0 291 -376  2
3823500 2818500  4 18 22   9.3  996 181  4.0 7  5.2  70    0    0 298 -372  2
3823500 2818500  4 18 23  10.5  996 171  4.2 7  5.2  68    0    0 312 -369  2
3823500 2818500  4 18 24  10.2  996 206  3.9 6  5.3  66    0    0 306 -367  2
3823500 2818500  4 19  1   9.8  996 234  3.9 6  5.3  68    0    0 296 -366  2
3823500 2818500  4 19  2   8.9  997 202  3.0 7  5.3  71    0    0 303 -365  2
3823500 2818500  4 19  3   8.4  998 201  2.2 7  5.2  74    0    0 313 -363  2
3823500 2818500  4 19  4   8.2  998 216  2.1 7  5.2  76    0    0 315 -361  2
3823500 2818500  4 19  5   7.3  998 203  2.1 7  5.2  78    0    0 316 -359  2
3823500 2818500  4 19  6   7.7  999 208  2.6 7  5.2  80    0    3 316 -356  2
3823500 2818500  4 19  7   7.4  999 182  2.0 7  5.3  81    1   48 317 -356  2
3823500 2818500  4 19  8   8.7 1000 186  4.1 6  5.5  81   12  122 313 -360  2
3823500 2818500  4 19  9  10.2 1000 205  4.4 6  5.6  76   45  210 312 -368  2
3823500 2818500  4 19 10  11.3 1001 206  4.7 6  5.7  70   64  277 319 -376  2
3823500 2818500  4 19 11  12.0 1001 216  4.7 6  5.8  67   89  332 323 -380  2
3823500 2818500  4 19 12  12.5 1001 219  4.5 7  5.7  63   72  354 330 -383  2
3823500 2818500  4 19 13  13.3 1001 200  4.2 7  5.5  58   71  360 335 -383  2
3823500 2818500  4 19 14  13.9 1001 215  3.4 6  5.3  54  107  365 331 -384  2
3823500 2818500  4 19 15  14.5 1001 210  2.6 7  5.3  52  100  326 330 -386  2
3823500 2818500  4 19 16  14.9 1000 204  2.4 6  5.1  49  142  273 329 -385  2
3823500 2818500  4 19 17  14.6 1000 175  2.0 5  5.1  48  127  200 318 -382  2
3823500 2818500  4 19 18  14.5 1000 148  1.9 6  5.1  49   43  124 314 -375  2
3823500 2818500  4 19 19  13.8 1000  90  1.2 7  5.2  52    4   40 320 -367  2
3823500 2818500  4 19 20  11.9 1000  73  1.4 7  5.3  56    0    2 319 -358  2
3823500 2818500  4 19 21  10.5 1000 130  1.8 6  5.3  63    0    0 307 -348  2
3823500 2818500  4 19 22  10.7 1001 147  2.5 7  5.4  67    0    0 304 -342  2
3823500 2818500  4 19 23  10.4 1001 152  2.1 8  5.5  69    0    0 311 -339  2
3823500 2818500  4 19 24  10.3 1000 148  2.3 8  5.7  71    0    0 313 -335  2
3823500 2818500  4 20  1  10.4 1000 167  2.7 7  5.8  73    0    0 308 -332  2
3823500 2818500  4 20  2  10.2 1000 161  2.2 7  5.8  74    0    0 304 -333  2
3823500 2818500  4 20  3  10.4 1000 143  2.4 8  5.8  74    0    0 310 -333  2
3823500 2818500  4 20  4  10.1 1000 136  1.9 8  5.8  74    0    0 316 -333  2
3823500 2818500  4 20  5   9.4 1000 112  2.0 8  6.0  79    0    0 317 -332  2
3823500 2818500  4 20  6   8.8  999 127  1.4 8  6.2  85    0    6 317 -331  2
3823500 2818500  4 20  7   8.9 1000  75  0.9 8  6.4  89   13   62 319 -332  2
3823500 2818500  4 20  8   9.8 1000 202  1.3 5  6.4  86   23  131 303 -339  2
3823500 2818500  4 20  9  11.0 1001 132  1.0 6  6.4  80   61  212 294 -352  2
3823500 2818500  4 20 10  12.2 1001 110  1.0 7  6.6  77   71  274 311 -367  2
3823500 2818500  4 20 11  14.0 1001  17  1.0 6  6.8  71  115  326 317 -380  2
3823500 2818500  4 20 12  14.6 1001 220  1.6 6  6.7  65  147  355 316 -390  2
3823500 2818500  4 20 13  15.8 1001 263  1.7 7  6.3  58  121  368 322 -395  2
3823500 2818500  4 20 14  16.0 1001 234  1.7 7  5.9  51  111  354 328 -398  2
3823500 2818500  4 20 15  16.7 1001 207  2.0 5  5.8  49  265  291 321 -401  2
3823500 2818500  4 20 16  17.6 1001 224  2.3 5  5.7  46  221  242 314 -399  2
3823500 2818500  4 20 17  17.8 1001 250  2.2 4  5.5  43  240  150 311 -393  2
3823500 2818500  4 20 18  17.8 1002 212  2.1 3  5.4  42  154  101 304 -386  2
3823500 2818500  4 20 19  16.7 1002 198  1.9 2  5.5  44   44   53 296 -379  2
3823500 2818500  4 20 20  14.2 1002 150  1.2 3  5.5  50    1    9 292 -368  2
3823500 2818500  4 20 21  12.6 1003 226  1.8 3  5.6  58    0    0 291 -358  2
3823500 2818500  4 20 22  12.7 1004 202  1.9 3  5.9  64    0    0 291 -352  2
3823500 2818500  4 20 23  11.3 1004 194  1.6 4  6.0  68    0    0 294 -350  2
3823500 2818500  4 20 24  10.5 1005 199  1.1 5  5.8  70    0    0 301 -350  2
3823500 2818500  4 21  1   9.9 1005 214  1.6 4  5.7  73    0    0 299 -349  2
3823500 2818500  4 21  2   8.4 1005 176  0.9 2  5.6  78    0    0 281 -348  2
3823500 2818500  4 21  3   7.8 1006 157  0.6 2  5.6  83    0    0 268 -347  2
3823500 2818500  4 21  4   7.6 1006 167  0.2 2  5.7  87    0    0 267 -347  2
3823500 2818500  4 21  5   7.6 1005 163  0.3 2  5.7  87    0    0 266 -349  2
3823500 2818500  4 21  6   6.9 1006 174  0.2 1  5.5  86    0    7 257 -351  2
3823500 2818500  4 21  7   8.7 1006 174  1.1 0  5.9  88   41   70 246 -353  2
3823500 2818500  4 21  8  11.5 1006 181  1.9 0  6.3  82  145  124 248 -357  2
3823500 2818500  4 21  9  12.9 1006 188  2.4 0  6.4  72  274  155 255 -360  2
3823500 2818500  4 21 10  14.5 1006 202  3.1 1  6.1  62  384  182 267 -361  2
3823500 2818500  4 21 11  15.9 1006 199  4.0 1  5.8  53  486  192 278 -363  2
3823500 2818500  4 21 12  17.2 1006 204  4.4 1  5.5  46  566  186 284 -368  2
3823500 2818500  4 21 13  18.5 1005 195  3.5 2  5.1  40  594  181 296 -373  2
3823500 2818500  4 21 14  19.2 1005 222  4.2 2  4.7  34  582  167 307 -377  2
3823500 2818500  4 21 15  20.1 1005 223  3.7 2  4.3  30  541  145 311 -381  2
3823500 2818500  4 21 16  20.1 1005 194  3.0 3  4.1  28  439  133 319 -384  2
3823500 2818500  4 21 17  20.5 1004 205  2.4 4  4.1  27  269  130 330 -387  2
3823500 2818500  4 21 18  19.4 1004 226  1.5 6  4.3  30   69  118 346 -389  2
3823500 2818500  4 21 19  18.7 1004 183  0.1 7  4.5  33   24   51 358 -388  2
3823500 2818500  4 21 20  15.3 1004  98  0.5 7  4.6  38    0    7 357 -386  2
3823500 2818500  4 21 21  12.6 1004 112  0.1 7  4.8  48    0    0 351 -384  2
3823500 2818500  4 21 22  11.7 1004 128  0.1 6  4.9  55    0    0 343 -383  2
3823500 2818500  4 21 23  13.0 1004 124  0.1 6  5.0  55    0    0 341 -382  2
3823500 2818500  4 21 24  13.1 1004 138  0.5 7  5.0  53    0    0 345 -381  2
3823500 2818500  4 22  1  13.5 1004 154  1.3 7  5.1  53    0    0 349 -377  2
3823500 2818500  4 22  2  13.5 1004 145  1.2 7  5.4  55    0    0 350 -373  2
3823500 2818500  4 22  3  13.5 1003 154  2.1 7  5.6  57    0    0 352 -372  2
3823500 2818500  4 22  4  13.2 1003 154  2.2 8  5.8  60    0    0 358 -372  2
3823500 2818500  4 22  5  12.5 1003 163  2.0 6  5.9  63    0    0 351 -372  2
3823500 2818500  4 22  6  11.9 1003 164  2.1 5  5.8  65    0   10 331 -372  2
3823500 2818500  4 22  7  13.1 1003 181  1.9 2  6.0  66   36   71 307 -373  2
3823500 2818500  4 22  8  15.1 1003 190  1.5 3  6.3  62   47  142 298 -375  2
3823500 2818500  4 22  9  16.1 1003 213  2.6 4  6.4  57   98  214 315 -378  2
3823500 2818500  4 22 10  17.6 1003 231  2.8 3  6.5  54  341  205 321 -383  2
3823500 2818500  4 22 11  18.4 1004 258  5.0 2  6.6  51  489  191 318 -389  2
3823500 2818500  4 22 12  18.6 1004 253  5.4 4  6.6  50  340  303 325 -391  2
3823500 2818500  4 22 13  18.8 1005 245  4.2 5  6.6  49  264  341 338 -388  2
3823500 2818500  4 22 14  18.6 1005 240  4.3 6  6.5  48  257  325 343 -392  2
3823500 2818500  4 22 15  19.2 1006 243  4.3 6  6.4  47  294  271 343 -400  2
3823500 2818500  4 22 16  19.3 1006 246  4.3 6  6.2  44  219  237 340 -397  2
3823500 2818500  4 22 17  19.1 1006 239  4.0 6  5.8  41  183  171 336 -395  2
3823500 2818500  4 22 18  17.8 1006 250  4.2 5  5.3  40  153   98 324 -394  2
3823500 2818500  4 22 19  17.0 1007 257  2.2 7  5.2  42   48   53 322 -388  2
3823500 2818500  4 22 20  14.2 1007 267  1.0 7  5.3  48    0    8 323 -381  2
3823500 2818500  4 22 21  11.1 1007 276  0.2 7  5.1  56    0    0 314 -375  2
3823500 2818500  4 22 22  10.3 1008 101  0.9 6  5.1  64    0    0 305 -372  2
3823500 2818500  4 22 23  10.1 1008 151  0.8 6  5.3  68    0    0 301 -369  2
3823500 2818500  4 22 24   8.7 1008 150  0.2 7  5.4  73    0    0 306 -366  2
3823500 2818500  4 23  1   9.0 1008 141  0.3 6  5.4  76    0    0 307 -364  2
3823500 2818500  4 23  2   8.8 1008  91  0.4 6  5.5  77    0    0 304 -362  2
3823500 2818500  4 23  3   8.6 1008  90  0.8 6  5.4  77    0    0 305 -360  2
3823500 2818500  4 23  4   8.3 1007  84  0.9 6  5.3  77    0    0 306 -360  2
3823500 2818500  4 23  5   7.9 1007  75  0.6 6  5.3  78    0    0 306 -360  2
3823500 2818500  4 23  6   8.2 1006  79  0.8 6  5.3  78    0    8 308 -361  2
3823500 2818500  4 23  7  11.3 1006  64  1.7 4  5.7  76   15   57 307 -363  2
3823500 2818500  4 23  8  13.2 1006  76  1.2 5  6.0  67   13  114 311 -367  2
3823500 2818500  4 23  9  14.8 1005  87  2.8 6  5.9  59   28  179 327 -373  2
3823500 2818500  4 23 10  17.6 1004 117  4.1 7  6.4  56   77  235 347 -381  2
3823500 2818500  4 23 11  18.9 1003 126  3.6 7  7.1  54   18  256 361 -387  2
3823500 2818500  4 23 12  19.9 1002 124  3.8 8  7.4  52    5  248 372 -391  2
3823500 2818500  4 23 13  21.4 1002 141  3.4 7  7.6  49   16  275 378 -392  2
3823500 2818500  4 23 14  21.9 1002 199  3.2 7  7.7  47   10  248 379 -393  2
3823500 2818500  4 23 15  22.8 1001 220  3.3 6  7.8  46   63  269 380 -396  2
3823500 2818500  4 23 16  21.9 1001 268  4.1 7  7.6  44   60  223 380 -394  2
3823500 2818500  4 23 17  21.3 1001 272  3.3 6  7.5  46   87  161 378 -391  2
3823500 2818500  4 23 18  20.0 1001 303  2.7 7  7.7  50    8   96 376 -389  2
3823500 2818500  4 23 19  18.6 1000 289  1.2 8  7.9  56    0   24 379 -388  2
3823500 2818500  4 23 20  17.4 1000 300  1.3 8  8.0  62    0    4 379 -385  2
3823500 2818500  4 23 21  16.2 1000 310  1.0 7  8.0  67    0    0 374 -382  2
3823500 2818500  4 23 22  15.1 1001 321  0.9 6  8.0  72    0    0 360 -381  2
3823500 2818500  4 23 23  14.9 1001 302  0.9 6  7.6  69    0    0 344 -380  2
3823500 2818500  4 23 24  15.2 1001 266  1.0 4  7.0  64    0    0 341 -379  2
3823500 2818500  4 24  1  16.0  997 223  1.1 4  6.3  55    0    0 320 -414  2
3823500 2818500  4 24  2  16.8  997 185  1.2 4  5.8  48    0    0 321 -410  2
3823500 2818500  4 24  3  17.4  997 162  1.5 4  5.4  43    0    0 322 -408  2
3823500 2818500  4 24  4  17.3  996 169  1.6 4  5.5  44    0    0 330 -405  2
3823500 2818500  4 24  5  17.2  996 175  1.8 5  5.5  44    0    0 333 -403  2
3823500 2818500  4 24  6  17.0  996 188  1.5 6  5.6  46    0    1 337 -403  2
3823500 2818500  4 24  7  17.3  996 176  2.5 7  5.7  46    0   45 344 -405  2
3823500 2818500  4 24  8  18.4  996 180  2.6 6  6.1  47    7  127 347 -412  2
3823500 2818500  4 24  9  19.5  997 213  3.8 6  6.8  49  110  222 349 -419  2
3823500 2818500  4 24 10  20.5  997 202  4.6 5  7.4  50  309  233 351 -426  2
3823500 2818500  4 24 11  20.3  997 217  6.6 6  7.5  49   54  311 353 -432  2
3823500 2818500  4 24 12  19.8  998 237  6.1 7  7.2  48    0  206 361 -440  2
3823500 2818500  4 24 13  19.4  998 232  5.8 7  7.2  50    6  260 363 -441  2
3823500 2818500  4 24 14  19.1  998 211  6.2 5  7.6  53   88  338 357 -439  2
3823500 2818500  4 24 15  20.3  999 236  4.9 6  7.6  52   60  301 355 -438  2
3823500 2818500  4 24 16  19.2 1000 227  5.0 7  7.4  50    0  151 360 -432  2
3823500 2818500  4 24 17  18.7  999 216  4.8 6  7.2  52   12  169 356 -425  2
3823500 2818500  4 24 18  18.6  999 229  4.5 5  6.9  51   22  125 345 -417  2
3823500 2818500  4 24 19  17.9  999 229  4.3 7  6.6  50   29   55 346 -410  2
3823500 2818500  4 24 20  17.4 1000 224  3.6 7  6.6  51    0    2 352 -405  2
3823500 2818500  4 24 21  16.5 1000 200  3.2 7  6.4  53    0    0 348 -399  2
3823500 2818500  4 24 22  15.1 1001 224  2.6 8  6.3  55    0    0 349 -392  2
3823500 2818500  4 24 23  14.3 1002 232  3.3 8  6.4  60    0    0 351 -386  2
3823500 2818500  4 24 24  12.8 1003 261  2.5 8  6.5  66    0    0 348 -382  2
3823500 2818500  4 25  1  12.1 1004 308  1.8 7  6.2  69    0    0 338 -382  2
3823500 2818500  4 25  2  11.0 1005 250  2.8 7  5.9  69    0    0 329 -384  2
3823500 2818500  4 25  3  10.3 1005 262  2.1 7  5.6  70    0    0 323 -384  2
3823500 2818500  4 25  4  10.1 1006 254  1.1 6  5.6  72    0    0 314 -384  2
3823500 2818500  4 25  5   9.5 1006 232  1.6 6  5.6  74    0    0 306 -381  2
3823500 2818500  4 25  6   8.9 1007 257  2.8 6  5.5  76    0    6 305 -378  2
3823500 2818500  4 25  7   9.7 1007 247  2.2 6  5.4  74   16   72 307 -379  2
3823500 2818500  4 25  8  11.0 1007 247  3.3 3  5.4  69  203   95 293 -385  2
3823500 2818500  4 25  9  12.5 1008 248  3.5 2  5.2  61  393   85 274 -396  2
3823500 2818500  4 25 10  13.8 1008 260  4.1 1  5.0  53  517  107 267 -408  2
3823500 2818500  4 25 11  14.8 1009 246  3.9 2  4.9  48  474  183 273 -418  2
3823500 2818500  4 25 12  15.6 1009 225  3.6 3  5.0  46  362  281 295 -420  2
3823500 2818500  4 25 13  16.8 1009 285  2.9 3  4.9  42  254  331 310 -419  2
3823500 2818500  4 25 14  15.6 1009 226  2.9 5  4.7  41   15  272 319 -421  2
3823500 2818500  4 25 15  13.6 1009 274  2.9 7  5.1  49    0  191 329 -427  2
3823500 2818500  4 25 16  13.8 1009 183  2.7 6  5.6  57    6  193 329 -427  2
3823500 2818500  4 25 17  13.9 1009 175  2.5 7  5.6  57    3  147 329 -419  2
3823500 2818500  4 25 18  12.7 1009 204  2.1 5  5.5  57   53  123 323 -409  2
3823500 2818500  4 25 19  10.9 1010 272  2.1 7  5.7  66   81   46 318 -400  2
3823500 2818500  4 25 20  10.5 1010 218  0.9 7  6.0  75    4   10 323 -389  2
3823500 2818500  4 25 21   9.3 1011 252  3.4 7  6.0  79    0    0 321 -379  2
3823500 2818500  4 25 22   9.2 1012 227  2.0 7  6.0  82    0    0 319 -373  2
3823500 2818500  4 25 23   9.0 1012 197  1.5 6  5.9  81    0    0 315 -370  2
3823500 2818500  4 25 24   8.2 1012 186  0.8 6  5.7  82    0    0 309 -368  2
3823500 2818500  4 26  1   8.5 1012 201  1.2 6  6.0  87    0    0 309 -368  2
3823500 2818500  4 26  2   8.6 1012 193  0.8 7  6.3  91    0    0 313 -366  2
3823500 2818500  4 26  3   8.9 1013 211  1.4 7  6.3  90    0    0 318 -362  2
3823500 2818500  4 26  4   8.3 1013 210  1.3 7  6.2  88    0    0 317 -359  2
3823500 2818500  4 26  5   8.3 1013 216  1.6 4  6.0  88    0    0 303 -354  2
3823500 2818500  4 26  6   7.3 1013 215  1.2 3  5.8  88    2   16 283 -350  2
3823500 2818500  4 26  7   7.9 1013 213  1.8 1  5.6  87   79   63 268 -350  2
3823500 2818500  4 26  8   8.9 1014 226  2.9 1  5.7  84  221   83 259 -356  2
3823500 2818500  4 26  9  10.2 1014 223  3.2 1  5.8  79  375   87 264 -363  2
3823500 2818500  4 26 10  11.3 1014 230  3.3 2  5.9  74  430  140 274 -368  2
3823500 2818500  4 26 11  12.1 1015 236  3.8 4  6.1  71  292  269 292 -372  2
3823500 2818500  4 26 12  13.1 1015 244  3.6 4  6.1  68  314  295 303 -374  2
3823500 2818500  4 26 13  14.4 1015 255  4.7 2  6.0  61  464  231 300 -376  2
3823500 2818500  4 26 14  14.7 1015 261  4.0 2  5.7  55  473  205 296 -388  2
3823500 2818500  4 26 15  15.1 1015 272  4.5 5  5.3  51  130  295 307 -400  2
3823500 2818500  4 26 16  14.9 1015 284  2.1 6  5.2  49   37  234 317 -402  2
3823500 2818500  4 26 17  14.4 1015 277  3.1 4  5.0  48  152  174 312 -398  2
3823500 2818500  4 26 18  14.9 1014 292  3.3 3  4.8  47  216   59 300 -394  2
3823500 2818500  4 26 19  13.6 1014 285  2.2 5  4.9  49   56   49 301 -389  2
3823500 2818500  4 26 20  12.2 1014 273  1.3 4  5.0  54    1    9 300 -381  2
3823500 2818500  4 26 21  10.8 1015 292  0.7 3  5.0  60    0    0 288 -374  2
3823500 2818500  4 26 22   8.5 1015 253  0.1 2  5.0  67    0    0 275 -370  2
3823500 2818500  4 26 23   8.0 1015 253  0.0 1  4.9  73    0    0 262 -368  2
3823500 2818500  4 26 24   5.6 1015 195  0.1 0  4.9  80    0    0 250 -367  2
3823500 2818500  4 27  1   4.0 1015 204  0.0 0  4.7  88    0    0 240 -366  2
3823500 2818500  4 27  2   4.1 1015 209  0.3 0  4.6  91    0    0 240 -365  2
3823500 2818500  4 27  3   4.5 1015 212  0.1 0  4.6  89    0    0 240 -363  2
3823500 2818500  4 27  4   4.8 1015 194  0.7 1  4.6  88    0    0 246 -363  2
3823500 2818500  4 27  5   5.6 1014 225  0.3 4  4.7  85    0    0 267 -362  2
3823500 2818500  4 27  6   5.9 1014 196  1.2 5  4.8  84    0   12 288 -363  2
3823500 2818500  4 27  7   7.2 1014 200  1.8 5  5.0  83   13   84 295 -364  2
3823500 2818500  4 27  8   9.8 1014 225  2.7 6  5.2  75   37  174 306 -365  2
3823500 2818500  4 27  9  11.7 1013 242  3.6 5  5.3  66   96  266 313 -370  2
3823500 2818500  4 27 10  13.0 1013 252  3.7 5  5.5  61  112  335 313 -381  2
3823500 2818500  4 27 11  13.9 1013 260  4.2 6  5.7  59   32  327 322 -387  2
3823500 2818500  4 27 12  14.0 1013 248  3.7 7  5.9  59    0  230 335 -392  2
3823500 2818500  4 27 13  14.6 1013 240  3.3 7  6.1  60    2  243 341 -397  2
3823500 2818500  4 27 14  15.2 1013 274  3.1 7  6.2  59    6  268 343 -397  2
3823500 2818500  4 27 15  15.9 1012 287  3.5 7  6.4  58    3  226 344 -401  2
3823500 2818500  4 27 16  16.4 1012 292  2.8 7  6.4  56    1  176 344 -403  2
3823500 2818500  4 27 17  16.2 1011 303  1.9 8  6.6  57    0  122 347 -401  2
3823500 2818500  4 27 18  16.1 1011 299  1.3 8  6.6  58    4  110 349 -395  2
3823500 2818500  4 27 19  15.9 1011 281  0.9 7  6.7  59   27   71 344 -386  2
3823500 2818500  4 27 20  14.9 1011 299  0.1 6  6.7  62    4   14 334 -375  2
3823500 2818500  4 27 21  12.6 1011 300  0.6 5  6.6  67    0    0 320 -364  2
3823500 2818500  4 27 22   9.6 1011 252  0.1 4  6.1  74    0    0 301 -356  2
3823500 2818500  4 27 23   8.2 1012 346  0.1 2  5.6  79    0    0 280 -350  2
3823500 2818500  4 27 24   7.2 1012   2  0.0 0  5.3  81    0    0 259 -346  2
3823500 2818500  4 28  1   6.4 1012  18  0.0 0  5.2  84    0    0 247 -342  2
3823500 2818500  4 28  2   5.5 1012   8  0.1 1  5.2  90    0    0 246 -340  2
3823500 2818500  4 28  3   5.0 1011 349  0.4 3  5.1  93    0    0 256 -337  2
3823500 2818500  4 28  4   4.3 1011 360  0.3 6  5.0  94    0    0 275 -335  2
3823500 2818500  4 28  5   4.5 1011 351  0.2 7  5.0  96    0    0 292 -334  2
3823500 2818500  4 28  6   4.3 1010 357  0.0 6  5.0  95    0   12 293 -332  2
3823500 2818500  4 28  7   6.1 1010 351  0.7 5  5.3  96   14   78 286 -335  2
3823500 2818500  4 28  8   8.1 1010  14  0.6 5  6.2  98   49  159 288 -346  2
3823500 2818500  4 28  9  10.8 1010 120  1.4 3  7.1  95  163  221 286 -363  2
3823500 2818500  4 28 10  14.6 1010 331  1.5 2  7.5  81  315  239 283 -385  2
3823500 2818500  4 28 11  16.6 1010 313  1.3 2  7.5  67  314  301 288 -407  2
3823500 2818500  4 28 12  17.7 1009  93  1.3 4  7.2  59  138  370 304 -423  2
3823500 2818500  4 28 13  18.4 1009  44  1.9 5  7.0  54  132  374 321 -438  2
3823500 2818500  4 28 14  18.4 1008 143  0.6 4  6.7  51  176  363 322 -445  2
3823500 2818500  4 28 15  18.8 1007 166  1.6 4  6.6  49  152  326 317 -449  2
3823500 2818500  4 28 16  19.4 1007  17  1.3 4  6.6  48  126  273 316 -448  2
3823500 2818500  4 28 17  19.6 1006 268  1.1 4  6.5  46  142  200 316 -436  2
3823500 2818500  4 28 18  19.3 1005 127  1.9 4  6.3  45  120  122 314 -423  2
3823500 2818500  4 28 19  18.0 1005  82  1.1 3  6.4  47   47   61 305 -410  2
3823500 2818500  4 28 20  15.7 1004  44  0.6 4  6.6  55    3   12 299 -397  2
3823500 2818500  4 28 21  14.2 1004  89  0.8 5  6.6  61    0    0 300 -385  2
3823500 2818500  4 28 22  11.3 1005  60  0.4 5  6.3  68    0    0 296 -377  2
3823500 2818500  4 28 23  10.5 1004  32  0.2 4  6.2  76    0    0 285 -372  2
3823500 2818500  4 28 24  10.9 1004 340  0.1 6  6.4  79    0    0 288 -367  2
3823500 2818500  4 29  1  11.1 1004   3  0.1 6  6.7  81    0    0 298 -362  2
3823500 2818500  4 29  2  11.2 1003 319  0.5 7  6.9  83    0    0 303 -359  2
3823500 2818500  4 29  3  10.7 1003 329  0.7 7  6.9  83    0    0 306 -357  2
3823500 2818500  4 29  4  10.4 1002 326  0.8 6  6.8  84    0    0 299 -354  2
3823500 2818500  4 29  5   9.8 1002 344  2.1 6  6.8  87    0    0 291 -352  2
3823500 2818500  4 29  6   9.9 1002 358  1.8 6  6.9  90    0    9 291 -350  2
3823500 2818500  4 29  7  10.0 1002   5  1.5 5  6.9  90    1   55 286 -352  2
3823500 2818500  4 29  8  10.6 1002   6  2.6 6  6.7  85    0  106 286 -361  2
3823500 2818500  4 29  9  10.6 1002   1  3.5 8  6.5  81    0   84 299 -376  2
3823500 2818500  4 29 10  11.6 1002  13  3.3 5  6.3  75   59  281 296 -396  2
3823500 2818500  4 29 11  14.1 1002  13  3.3 2  6.0  65  409  232 270 -418  2
3823500 2818500  4 29 12  15.0 1003 353  2.7 2  5.7  55  649  129 259 -440  2
3823500 2818500  4 29 13  16.1 1002 346  2.6 2  5.4  49  635  148 262 -456  2
3823500 2818500  4 29 14  16.1 1002   4  3.3 2  5.3  46  606  144 266 -464  2
3823500 2818500  4 29 15  16.5 1001 343  3.8 3  5.1  44  344  246 273 -466  2
3823500 2818500  4 29 16  16.0 1001 333  3.1 5  4.8  42  108  259 289 -463  2
3823500 2818500  4 29 17  16.3 1000 348  2.6 6  4.7  41   53  195 305 -457  2
3823500 2818500  4 29 18  14.9 1000 348  1.8 5  4.7  42   83  121 303 -448  2
3823500 2818500  4 29 19  14.4 1000 356  2.2 5  4.7  45   41   55 296 -436  2
3823500 2818500  4 29 20  12.9 1000 249  3.5 6  4.8  49    1    9 301 -426  2
3823500 2818500  4 29 21  11.1 1001  18  3.8 7  4.9  56    0    0 309 -416  2
3823500 2818500  4 29 22   9.3 1001  14  2.6 6  5.0  63    0    0 305 -407  2
3823500 2818500  4 29 23   7.7 1002 345  2.0 5  4.9  71    0    0 291 -400  2
3823500 2818500  4 29 24   6.6 1002 358  2.6 6  4.9  77    0    0 289 -395  2
3823500 2818500  4 30  1   5.8 1002 345  1.0 5  4.8  81    0    0 287 -391  2
3823500 2818500  4 30  2   5.5 1002   1  1.6 7  4.7  82    0    0 291 -386  2
3823500 2818500  4 30  3   5.2 1002   0  0.7 6  4.7  83    0    0 297 -382  2
3823500 2818500  4 30  4   4.9 1002   2  0.4 5  4.7  85    0    0 286 -378  2
3823500 2818500  4 30  5   5.1 1002   1  0.0 7  4.8  88    0    0 293 -374  2
3823500 2818500  4 30  6   4.6 1002  25  0.1 6  4.9  90    0    8 298 -372  2
3823500 2818500  4 30  7   5.6 1002   5  0.1 7  4.8  88   11   64 300 -373  2
3823500 2818500  4 30  8   6.4 1002  31  0.8 6  4.7  80   48  131 302 -377  2
3823500 2818500  4 30  9   7.4 1002  69  0.1 5  4.5  72  225  128 293 -382  2
3823500 2818500  4 30 10   9.5 1002  23  0.5 3  4.2  60  487   99 280 -387  2
3823500 2818500  4 30 11   9.4 1001  13  0.2 5  3.9  53  216  243 285 -395  2
3823500 2818500  4 30 12  10.0 1001   5  0.4 6  3.9  51   40  288 304 -400  2
3823500 2818500  4 30 13  10.6 1001 358  0.4 6  3.9  50   33  287 312 -403  2
3823500 2818500  4 30 14  10.5 1000   0  0.4 6  3.9  48   38  275 314 -404  2
3823500 2818500  4 30 15  11.4 1000 345  0.1 5  3.8  47  107  261 312 -403  2
3823500 2818500  4 30 16  11.3  999 347  0.2 5  3.8  45   87  218 310 -400  2
3823500 2818500  4 30 17  11.1  999   3  0.2 7  3.8  46   58  170 319 -395  2
3823500 2818500  4 30 18  11.1  999  15  0.1 6  3.8  46   90   94 323 -389  2
3823500 2818500  4 30 19  10.6  998 353  0.2 7  3.8  47   38   42 324 -383  2
3823500 2818500  4 30 20   8.9  998  19  0.6 6  3.9  51    8    8 321 -376  2
3823500 2818500  4 30 21   7.1  998  27  0.1 5  3.9  58    0    0 307 -369  2
3823500 2818500  4 30 22   6.4  998  37  0.1 3  4.0  64    0    0 287 -362  2
3823500 2818500  4 30 23   4.8  998  43  0.1 2  3.9  67    0    0 265 -357  2
3823500 2818500  4 30 24   4.2  998 353  0.0 1  3.7  69    0    0 250 -354  2
3823500 2818500  5  1  1   2.7  998   0  0.0 1  3.6  73    0    0 241 -351  2
3823500 2818500  5  1  2   2.2  998  11  0.0 2  3.5  77    0    0 239 -350  2
3823500 2818500  5  1  3   1.2  998  16  0.1 4  3.5  81    0    0 250 -349  2
3823500 2818500  5  1  4   1.0  997  11  0.1 5  3.5  84    0    0 263 -345  2
3823500 2818500  5  1  5   0.2  997 321  0.1 4  3.4  85    0    0 260 -339  2
3823500 2818500  5  1  6   0.5  997 320  0.0 3  3.5  87    1   21 241 -335  2
3823500 2818500  5  1  7   3.6  997  25  0.0 3  4.0  90   10   96 236 -334  2
3823500 2818500  5  1  8   8.4  997  18  0.0 3  4.7  79   45  217 247 -340  2
3823500 2818500  5  1  9  10.3  997 315  0.1 3  4.5  61  133  346 257 -350  2
3823500 2818500  5  1 10  11.5  997 338  0.1 2  4.2  51  183  439 255 -363  2
3823500 2818500  5  1 11  12.7  997 332  0.2 3  3.9  44  220  507 259 -377  2
3823500 2818500  5  1 12  12.9  996 345  0.4 3  3.7  40  244  548 270 -390  2
3823500 2818500  5  1 13  13.8  996 320  0.5 3  3.7  38  244  556 276 -400  2
3823500 2818500  5  1 14  14.5  996 280  1.1 3  3.6  35  206  535 278 -406  2
3823500 2818500  5  1 15  14.8  995 220  0.1 3  3.4  32  160  479 276 -408  2
3823500 2818500  5  1 16  15.0  995 239  0.9 2  3.3  31  117  397 270 -405  2
3823500 2818500  5  1 17  15.3  994 224  0.5 3  3.4  31   64  291 267 -400  2
3823500 2818500  5  1 18  15.4  994 239  0.1 4  3.5  32   35  180 276 -390  2
3823500 2818500  5  1 19  14.5  994 168  0.1 3  3.5  33   28  103 271 -378  2
3823500 2818500  5  1 20  11.2  994 359  0.0 4  3.6  39    3   19 261 -366  2
3823500 2818500  5  1 21   9.4  994  45  0.1 4  3.7  47    0    0 260 -355  2
3823500 2818500  5  1 22   6.7  994  74  0.3 2  3.8  55    0    0 239 -346  2
3823500 2818500  5  1 23   6.7  994 100  0.7 0  3.9  62    0    0 207 -339  2
3823500 2818500  5  1 24   7.8  995 106  0.5 1  4.1  63    0    0 205 -334  2
3823500 2818500  5  2  1   8.2  994 105  1.9 2  4.7  68    0    0 237 -329  2
3823500 2818500  5  2  2   7.5  994 102  1.8 3  4.8  71    0    0 241 -328  2
3823500 2818500  5  2  3   7.7  994  93  2.1 4  5.0  76    0    0 258 -326  2
3823500 2818500  5  2  4   7.7  994  91  2.3 5  5.1  77    0    0 273 -326  2
3823500 2818500  5  2  5   7.6  994  92  2.0 8  5.2  78    0    0 299 -326  2
3823500 2818500  5  2  6   7.8  993  90  2.2 7  5.4  81    0    4 312 -326  2
3823500 2818500  5  2  7   8.5  993 101  2.3 7  5.6  81    0   24 306 -331  2
3823500 2818500  5  2  8   9.0  993 103  3.0 7  5.8  81    0   51 306 -340  2
3823500 2818500  5  2  9   9.8  993 100  2.3 7  6.0  80    0   79 308 -353  2
3823500 2818500  5  2 10  10.9  993 110  3.0 8  6.2  77    0  168 318 -366  2
3823500 2818500  5  2 11  14.6  993 111  2.7 5  6.5  70  198  383 317 -381  2
3823500 2818500  5  2 12  16.6  993 111  2.8 4  6.6  58  450  331 305 -392  2
3823500 2818500  5  2 13  17.1  993 116  3.4 4  5.6  46  292  393 305 -403  2
3823500 2818500  5  2 14  17.2  992  99  3.3 6  4.9  40   62  362 316 -411  2
3823500 2818500  5  2 15  17.9  992 102  2.9 5  5.0  39  104  359 321 -412  2
3823500 2818500  5  2 16  18.5  993 231  2.2 5  5.3  40  125  291 315 -410  2
3823500 2818500  5  2 17  18.5  992 268  1.5 6  5.1  38   61  218 318 -407  2
3823500 2818500  5  2 18  18.5  992 179  1.8 6  4.8  36  115  153 320 -399  2
3823500 2818500  5  2 19  17.3  992  12  1.9 6  4.9  38   25   79 318 -390  2
3823500 2818500  5  2 20  16.2  991  38  1.4 6  5.2  43    0   14 314 -380  2
3823500 2818500  5  2 21  14.0  991 348  1.4 6  5.5  50    0    0 309 -370  2
3823500 2818500  5  2 22  12.7  991 296  1.5 5  5.7  59    0    0 298 -363  2
3823500 2818500  5  2 23  11.3  991 347  0.7 5  5.7  64    0    0 290 -359  2
3823500 2818500  5  2 24  11.2  991 357  0.5 5  5.8  68    0    0 289 -355  2
3823500 2818500  5  3  1  10.9  991  45  0.4 7  5.8  70    0    0 302 -351  2
3823500 2818500  5  3  2  10.5  991  68  0.6 8  6.0  73    0    0 321 -348  2
3823500 2818500  5  3  3  10.0  990 279  0.1 8  6.2  78    0    0 326 -346  2
3823500 2818500  5  3  4   9.6  990  32  0.1 7  6.2  80    0    0 319 -345  2
3823500 2818500  5  3  5   9.0  989 341  0.1 7  6.2  82    0    0 312 -345  2
3823500 2818500  5  3  6   9.2  989 350  0.1 8  6.2  84    0    4 317 -346  2
3823500 2818500  5  3  7   9.4  989   8  0.1 7  6.3  84    0   21 318 -349  2
3823500 2818500  5  3  8   9.5  989 321  0.8 7  6.3  84    0   38 311 -356  2
3823500 2818500  5  3  9   9.0  989 341  0.6 7  6.4  85    0   46 312 -367  2
3823500 2818500  5  3 10   9.0  989 355  0.4 8  6.6  90    0   73 318 -381  2
3823500 2818500  5  3 11   9.4  989 352  0.3 7  6.9  92    0  116 319 -394  2
3823500 2818500  5  3 12   9.8  988 357  0.6 8  7.0  92    0  110 323 -403  2
3823500 2818500  5  3 13  10.3  988 288  1.0 8  7.4  94    0  175 333 -410  2
3823500 2818500  5  3 14  10.9  988 218  0.4 7  7.6  93    4  248 333 -413  2
3823500 2818500  5  3 15  11.9  988 220  1.4 7  7.6  88   21  264 331 -413  2
3823500 2818500  5  3 16  12.3  988 242  1.3 8  7.6  84    0  148 336 -411  2
3823500 2818500  5  3 17  12.5  988 258  1.5 7  7.4  80   22  187 335 -406  2
3823500 2818500  5  3 18  12.5  988 209  1.7 6  7.1  76   88  131 327 -396  2
3823500 2818500  5  3 19  12.3  988 205  0.1 6  7.0  76   28   69 323 -387  2
3823500 2818500  5  3 20  10.5  988 163  0.4 5  6.8  81    8   19 319 -380  2
3823500 2818500  5  3 21   9.3  988 124  0.1 4  6.6  85    0    0 304 -374  2
3823500 2818500  5  3 22   8.1  988 116  0.1 4  6.3  88    0    0 295 -369  2
3823500 2818500  5  3 23   7.7  988 131  0.5 4  6.1  89    0    0 297 -366  2
3823500 2818500  5  3 24   7.7  988 185  1.0 5  6.1  89    0    0 292 -363  2
3823500 2818500  5  4  1   8.1  996 222  1.5 6  6.2  88    0    0 338 -369  2
3823500 2818500  5  4  2   8.5  996 272  1.9 7  6.2  87    0    0 338 -367  2
3823500 2818500  5  4  3   8.8  996 293  2.0 8  6.3  86    0    0 337 -366  2
3823500 2818500  5  4  4   8.7  997 294  1.9 8  6.3  87    0    0 338 -365  2
3823500 2818500  5  4  5   8.7  997 303  1.9 8  6.3  88    0    0 338 -364  2
3823500 2818500  5  4  6   8.5  997 313  2.0 8  6.3  90    0    6 337 -363  2
3823500 2818500  5  4  7   8.4  997 319  2.1 7  6.4  91    0   32 332 -364  2
3823500 2818500  5  4  8   8.3  998 328  2.2 8  6.4  92    0   62 329 -366  2
3823500 2818500  5  4  9   8.2  999 345  2.6 8  6.3  92    0  101 332 -369  2
3823500 2818500  5  4 10   8.6  999 346  3.0 8  6.2  88    0  137 331 -372  2
3823500 2818500  5  4 11   8.7 1000 343  2.7 8  6.0  85    0  119 332 -379  2
3823500 2818500  5  4 12   8.7 1000 344  3.2 8  5.9  83    0  116 332 -390  2
3823500 2818500  5  4 13   9.2 1001 336  3.1 7  5.9  82    0  128 329 -405  2
3823500 2818500  5  4 14  10.1 1001 308  3.1 7  5.9  78    0  157 327 -414  2
3823500 2818500  5  4 15  10.8 1001 309  3.3 8  5.9  74    0  130 332 -420  2
3823500 2818500  5  4 16  10.9 1001 299  3.4 7  5.8  70   20  186 332 -425  2
3823500 2818500  5  4 17  10.6 1001 349  3.2 7  5.7  70    0  114 327 -416  2
3823500 2818500  5  4 18  10.4 1002 357  3.6 8  5.6  69    0   63 329 -403  2
3823500 2818500  5  4 19  10.1 1002 332  4.0 7  5.5  70    0   45 328 -394  2
3823500 2818500  5  4 20   9.5 1002 343  3.0 7  5.4  71    0   13 323 -386  2
3823500 2818500  5  4 21   8.8 1003 347  3.0 7  5.3  73    0    0 321 -381  2
3823500 2818500  5  4 22   7.7 1004 355  3.4 5  5.1  74    0    0 311 -377  2
3823500 2818500  5  4 23   5.9 1004 357  4.0 4  4.9  79    0    0 292 -374  2
3823500 2818500  5  4 24   6.1 1004  10  3.4 4  4.9  83    0    0 280 -371  2
3823500 2818500  5  5  1   6.0 1005   5  3.8 6  5.0  84    0    0 287 -370  2
3823500 2818500  5  5  2   5.2 1005   8  3.8 7  4.9  85    0    0 303 -369  2
3823500 2818500  5  5  3   4.3 1005 359  3.1 5  4.7  88    0    0 295 -368  2
3823500 2818500  5  5  4   3.9 1006 357  2.8 5  4.6  90    0    0 279 -367  2
3823500 2818500  5  5  5   3.8 1006   3  3.8 4  4.5  89    0    0 269 -366  2
3823500 2818500  5  5  6   4.3 1006  12  4.5 4  4.5  88    6   33 259 -366  2
3823500 2818500  5  5  7   5.8 1006  13  5.4 3  4.6  84   47  102 248 -367  2
3823500 2818500  5  5  8   6.9 1007  19  6.5 4  4.6  76   97  177 248 -371  2
3823500 2818500  5  5  9   8.4 1007  28  6.3 3  4.4  68  214  231 252 -373  2
3823500 2818500  5  5 10   9.8 1008   8  6.1 3  4.4  61  349  256 248 -376  2
3823500 2818500  5  5 11  10.8 1008  10  6.3 3  4.5  57  409  291 253 -378  2
3823500 2818500  5  5 12  11.5 1008  16  5.6 3  4.5  54  430  320 259 -378  2
3823500 2818500  5  5 13  11.6 1008  17  5.4 2  4.3  51  381  354 254 -384  2
3823500 2818500  5  5 14  12.2 1008   9  5.2 3  4.3  50  346  349 260 -392  2
3823500 2818500  5  5 15  12.6 1008  16  4.4 2  4.4  49  372  289 265 -395  2
3823500 2818500  5  5 16  11.9 1008 359  4.1 2  4.3  49  353  225 259 -391  2
3823500 2818500  5  5 17  11.8 1008   8  4.4 2  4.2  49  248  190 264 -386  2
3823500 2818500  5  5 18  10.3 1008   6  4.8 2  4.1  50  154  136 268 -383  2
3823500 2818500  5  5 19   9.6 1008 358  4.6 2  4.1  54   67   80 266 -380  2
3823500 2818500  5  5 20   8.2 1009   7  4.1 3  4.1  58    7   21 269 -375  2
3823500 2818500  5  5 21   6.9 1009   2  3.1 2  4.1  63    0    0 266 -370  2
3823500 2818500  5  5 22   5.9 1010 356  2.2 5  4.1  69    0    0 272 -364  2
3823500 2818500  5  5 23   5.9 1010 359  1.8 5  4.2  73    0    0 285 -360  2
3823500 2818500  5  5 24   5.4 1010 355  2.0 5  4.3  76    0    0 286 -359  2
3823500 2818500  5  6  1   5.2 1010   1  1.8 5  4.6  84    0    0 287 -358  2
3823500 2818500  5  6  2   5.0 1011  18  1.4 4  4.9  90    0    0 282 -358  2
3823500 2818500  5  6  3   5.0 1011  17  2.3 3  4.9  90    0    0 267 -357  2
3823500 2818500  5  6  4   4.4 1011  15  2.4 2  4.7  89    0    0 245 -357  2
3823500 2818500  5  6  5   3.8 1011   8  2.0 2  4.7  91    0    0 226 -357  2
3823500 2818500  5  6  6   4.6 1011  10  2.3 4  4.7  92    0   14 236 -358  2
3823500 2818500  5  6  7   6.3 1011  18  3.5 6  4.9  88    4   79 276 -359  2
3823500 2818500  5  6  8   7.5 1012  28  4.1 4  5.2  83  114  169 283 -362  2
3823500 2818500  5  6  9   8.5 1012  27  4.2 5  5.4  80  120  249 284 -366  2
3823500 2818500  5  6 10  10.6 1012  35  5.0 6  5.5  74  185  307 310 -373  2
3823500 2818500  5  6 11  11.5 1012  24  4.2 6  5.6  68  209  354 324 -382  2
3823500 2818500  5  6 12  13.1 1012  53  5.2 5  5.3  60  380  328 322 -392  2
3823500 2818500  5  6 13  13.6 1012  54  5.7 5  5.1  54  319  363 319 -397  2
3823500 2818500  5  6 14  13.4 1012  81  5.5 7  5.3  55   74  374 332 -399  2
3823500 2818500  5  6 15  13.8 1012  72  4.9 7  5.4  55   43  319 343 -399  2
3823500 2818500  5  6 16  14.1 1012  66  6.8 6  5.3  54   58  280 337 -399  2
3823500 2818500  5  6 17  14.2 1012 359  6.2 6  5.3  53   30  205 329 -403  2
3823500 2818500  5  6 18  13.7 1012  40  4.1 7  5.4  54    1  104 333 -404  2
3823500 2818500  5  6 19  13.1 1012  34  3.5 5  5.3  55   14   68 322 -397  2
3823500 2818500  5  6 20  12.4 1012  19  3.0 8  5.1  56    5   19 326 -391  2
3823500 2818500  5  6 21  11.4 1013  34  2.0 7  5.1  59    0    0 340 -383  2
3823500 2818500  5  6 22  11.1 1013  34  2.3 7  5.1  61    0    0 330 -377  2
3823500 2818500  5  6 23  10.2 1014  26  2.6 7  5.1  64    0    0 329 -375  2
3823500 2818500  5  6 24  10.1 1014  38  2.3 8  5.2  68    0    0 337 -374  2
3823500 2818500  5  7  1   9.7 1014  30  1.8 7  5.1  68    0    0 338 -372  2
3823500 2818500  5  7  2   8.5 1014  32  2.4 7  5.1  71    0    0 329 -366  2
3823500 2818500  5  7  3   7.7 1015  36  2.4 7  5.1  77    0    0 327 -361  2
3823500 2818500  5  7  4   6.9 1015  29  2.1 7  5.1  81    0    0 325 -358  2
3823500 2818500  5  7  5   6.2 1015  27  2.0 7  5.1  85    0    0 324 -358  2
3823500 2818500  5  7  6   6.3 1015  20  1.7 7  5.1  86    4   28 324 -360  2
3823500 2818500  5  7  7   7.6 1015  36  2.7 4  5.1  82   60   92 302 -361  2
3823500 2818500  5  7  8   8.8 1016  31  3.2 5  5.0  74  103  161 293 -363  2
3823500 2818500  5  7  9  10.8 1016  53  3.8 4  4.8  64  253  189 303 -365  2
3823500 2818500  5  7 10  11.9 1016  67  4.1 3  4.7  56  503  134 296 -367  2
3823500 2818500  5  7 11  12.8 1016  50  4.1 3  4.7  53  612  134 294 -371  2
3823500 2818500  5  7 12  14.1 1016  39  5.1 3  4.9  51  575  197 299 -374  2
3823500 2818500  5  7 13  13.9 1016  33  4.9 3  4.8  49  381  312 304 -377  2
3823500 2818500  5  7 14  15.0 1016  65  3.3 3  4.7  46  296  329 309 -380  2
3823500 2818500  5  7 15  15.4 1016  38  4.1 3  4.8  45  214  316 315 -380  2
3823500 2818500  5  7 16  14.5 1015  37  4.2 4  4.9  47  187  263 318 -381  2
3823500 2818500  5  7 17  14.2 1015  29  3.7 6  5.0  49  152  159 332 -383  2
3823500 2818500  5  7 18  13.5 1016 347  3.5 5  5.0  51   69  140 334 -384  2
3823500 2818500  5  7 19  12.7 1016  28  3.7 3  5.1  54   82   65 315 -383  2
3823500 2818500  5  7 20  11.4 1016  12  2.2 4  5.2  60   10   21 304 -381  2
3823500 2818500  5  7 21  10.1 1017  20  1.7 3  5.3  66    0    0 296 -378  2
3823500 2818500  5  7 22   9.0 1017  17  2.7 2  5.1  69    0    0 278 -375  2
3823500 2818500  5  7 23   7.6 1018  24  2.5 2  5.0  74    0    0 267 -373  2
3823500 2818500  5  7 24   7.2 1018  21  1.7 2  5.0  78    0    0 267 -373  2
3823500 2818500  5  8  1   6.2 1018 359  1.2 1  4.8  79    0    0 256 -373  2
3823500 2818500  5  8  2   5.8 1018 349  1.0 1  4.6  80    0    0 245 -373  2
3823500 2818500  5  8  3   5.5 1018 343  1.1 2  4.7  82    0    0 249 -373  2
3823500 2818500  5  8  4   4.9 1018 350  0.8 2  4.7  86    0    0 252 -372  2
3823500 2818500  5  8  5   4.4 1018 350  1.1 1  4.6  88    0    0 241 -372  2
3823500 2818500  5  8  6   5.6 1018 342  0.8 3  4.9  91    0   14 250 -371  2
3823500 2818500  5  8  7   7.5 1018 359  1.4 6  5.5  92    2   74 291 -372  2
3823500 2818500  5  8  8   9.0 1018 355  2.1 6  5.9  87   12  157 317 -374  2
3823500 2818500  5  8  9  11.1 1018  15  1.9 7  5.8  76   17  227 329 -376  2
3823500 2818500  5  8 10  12.2 1018  35  3.2 2  5.6  66  108  326 309 -379  2
3823500 2818500  5  8 11  13.5 1018  16  3.1 6  5.3  58   84  368 307 -389  2
3823500 2818500  5  8 12  14.6 1018  31  3.0 5  5.4  54  157  405 330 -401  2
3823500 2818500  5  8 13  15.6 1018  25  2.1 5  5.5  52  238  407 327 -404  2
3823500 2818500  5  8 14  15.8 1017 353  2.0 5  5.6  50  315  369 329 -410  2
3823500 2818500  5  8 15  17.1 1017  38  1.8 5  5.7  49  235  347 332 -417  2
3823500 2818500  5  8 16  18.1 1017   8  2.3 4  5.8  47  227  284 330 -416  2
3823500 2818500  5  8 17  18.3 1016  37  3.0 4  5.9  46  164  224 325 -413  2
3823500 2818500  5  8 18  18.0 1016  33  2.4 3  6.1  47  144  145 318 -408  2
3823500 2818500  5  8 19  17.0 1015  18  1.7 2  6.3  50   67   83 304 -403  2
3823500 2818500  5  8 20  15.1 1015  17  1.7 2  6.5  58    9   24 295 -396  2
3823500 2818500  5  8 21  13.6 1016  11  0.4 1  6.7  66    0    0 284 -387  2
3823500 2818500  5  8 22  12.8 1016  13  0.1 3  6.7  71    0    0 287 -378  2
3823500 2818500  5  8 23  12.2 1016  16  0.1 3  6.7  74    0    0 296 -372  2
3823500 2818500  5  8 24  11.7 1016   7  0.1 2  6.8  78    0    0 289 -366  2
3823500 2818500  5  9  1  11.4 1016  29  0.1 3  7.0  83    0    0 288 -361  2
3823500 2818500  5  9  2  10.8 1016  27  0.1 3  7.1  86    0    0 293 -356  2
3823500 2818500  5  9  3  10.0 1016  28  0.1 2  6.9  88    0    0 286 -352  2
3823500 2818500  5  9  4   9.6 1015  43  0.1 1  6.7  89    0    0 273 -350  2
3823500 2818500  5  9  5   9.2 1015  36  0.1 1  6.7  91    0    0 265 -348  2
3823500 2818500  5  9  6  10.0 1015  60  0.1 1  6.8  92    6   34 267 -348  2
3823500 2818500  5  9  7  11.9 1015  61  0.5 0  7.2  89   70   99 266 -351  2
3823500 2818500  5  9  8  13.7 1015  66  1.7 0  7.4  81  198  139 265 -358  2
3823500 2818500  5  9  9  15.8 1015  52  2.4 0  7.6  72  346  156 271 -370  2
3823500 2818500  5  9 10  17.7 1015  59  2.6 0  7.8  66  487  160 280 -383  2
3823500 2818500  5  9 11  18.8 1014  47  3.2 0  7.9  61  607  155 287 -396  2
3823500 2818500  5  9 12  19.8 1014  52  3.7 0  7.9  56  667  158 292 -406  2
3823500 2818500  5  9 13  20.7 1013  63  3.5 0  7.7  52  695  150 298 -413  2
3823500 2818500  5  9 14  21.2 1013  62  3.3 1  7.6  49  683  138 308 -416  2
3823500 2818500  5  9 15  22.0 1013  62  3.1 1  7.8  48  621  127 317 -417  2
3823500 2818500  5  9 16  22.0 1012  78  2.3 1  8.0  48  514  120 320 -416  2
3823500 2818500  5  9 17  21.9 1011  78  2.3 1  8.2  50  345  125 320 -413  2
3823500 2818500  5  9 18  21.8 1011  74  2.9 1  8.2  50  232   94 319 -409  2
3823500 2818500  5  9 19  21.2 1011  87  1.9 1  7.7  48  105   66 317 -401  2
3823500 2818500  5  9 20  19.7 1011  68  1.6 2  7.0  47   17   23 317 -390  2
3823500 2818500  5  9 21  18.2 1011  74  1.0 2  6.7  49    0    0 315 -381  2
3823500 2818500  5  9 22  16.9 1011  75  1.1 1  6.6  52    0    0 304 -375  2
3823500 2818500  5  9 23  16.0 1012  77  1.0 1  6.4  55    0    0 296 -370  2
3823500 2818500  5  9 24  15.0 1012  73  0.7 1  6.3  58    0    0 293 -366  2
3823500 2818500  5 10  1  13.9 1012  66  0.6 0  6.2  61    0    0 284 -362  2
3823500 2818500  5 10  2  13.1 1012  69  0.5 0  6.2  65    0    0 277 -359  2
3823500 2818500  5 10  3  12.4 1012  76  0.5 0  6.2  68    0    0 274 -355  2
3823500 2818500  5 10  4  12.1 1012  78  0.9 0  6.2  70    0    0 272 -352  2
3823500 2818500  5 10  5  12.0 1012  77  1.0 1  6.2  70    0    0 274 -350  2
3823500 2818500  5 10  6  12.9 1012  75  1.2 1  6.3  70   13   37 278 -348  2
3823500 2818500  5 10  7  14.8 1012  76  1.3 1  6.6  67  101   88 281 -351  2
3823500 2818500  5 10  8  17.2 1012  94  1.8 0  6.9  61  241  114 283 -360  2
3823500 2818500  5 10  9  19.4 1012  92  2.7 0  7.1  54  387  126 284 -374  2
3823500 2818500  5 10 10  20.8 1012  89  3.1 0  7.2  49  520  131 290 -388  2
3823500 2818500  5 10 11  21.8 1012  83  3.6 0  7.1  44  633  128 295 -400  2
3823500 2818500  5 10 12  22.5 1012  91  3.2 0  7.0  42  709  121 299 -410  2
3823500 2818500  5 10 13  23.4 1012  82  3.3 0  6.9  40  744  109 304 -416  2
3823500 2818500  5 10 14  23.4 1012  68  3.7 0  6.5  36  723  102 305 -419  2
3823500 2818500  5 10 15  23.9 1012  76  3.5 0  6.3  34  659   96 306 -420  2
3823500 2818500  5 10 16  23.8 1012  88  2.9 0  6.3  34  554   89 309 -417  2
3823500 2818500  5 10 17  23.8 1012  89  2.2 0  6.1  33  417   86 309 -414  2
3823500 2818500  5 10 18  23.5 1012  76  2.4 0  6.1  34  268   77 310 -409  2
3823500 2818500  5 10 19  22.9 1011  72  1.9 0  6.2  35  123   62 309 -402  2
3823500 2818500  5 10 20  21.2 1011  77  0.9 1  6.3  38   21   24 308 -392  2
3823500 2818500  5 10 21  18.9 1011  56  0.1 0  6.4  43    0    0 301 -384  2
3823500 2818500  5 10 22  15.7 1011  20  0.1 1  6.4  52    0    0 291 -378  2
3823500 2818500  5 10 23  13.8 1012  38  0.1 1  6.4  61    0    0 285 -374  2
3823500 2818500  5 10 24  13.4 1012  64  0.1 1  6.5  67    0    0 282 -370  2
3823500 2818500  5 11  1  12.3 1012  52  0.1 2  6.8  73    0    0 284 -367  2
3823500 2818500  5 11  2  12.1 1012  56  0.1 2  6.9  78    0    0 286 -364  2
3823500 2818500  5 11  3  11.1 1012  49  0.0 3  7.0  82    0    0 287 -360  2
3823500 2818500  5 11  4  11.4 1012  23  0.1 4  7.1  85    0    0 294 -356  2
3823500 2818500  5 11  5  10.6 1012  33  0.1 4  7.1  87    0    0 296 -353  2
3823500 2818500  5 11  6  12.2 1012  39  0.1 3  7.3  87   20   40 294 -350  2
3823500 2818500  5 11  7  15.1 1013  49  0.2 1  7.7  78  113   88 291 -352  2
3823500 2818500  5 11  8  17.3 1013  56  0.8 0  7.8  68  252  112 287 -360  2
3823500 2818500  5 11  9  19.5 1013  34  1.2 0  7.8  59  398  124 291 -372  2
3823500 2818500  5 11 10  21.2 1013  19  2.3 0  7.8  52  535  127 298 -385  2
3823500 2818500  5 11 11  22.4 1013  32  3.0 0  7.3  45  643  126 303 -397  2
3823500 2818500  5 11 12  23.3 1013  32  3.1 0  6.4  37  719  118 306 -406  2
3823500 2818500  5 11 13  23.7 1012  23  2.8 1  5.7  32  743  113 310 -414  2
3823500 2818500  5 11 14  24.0 1012  35  3.1 1  5.5  30  730  102 315 -421  2
3823500 2818500  5 11 15  24.2 1013  14  3.6 1  5.6  30  669   93 317 -424  2
3823500 2818500  5 11 16  24.3 1012  34  3.1 1  5.9  32  571   84 318 -422  2
3823500 2818500  5 11 17  24.2 1012  41  2.7 2  6.4  34  425   85 323 -417  2
3823500 2818500  5 11 18  23.3 1012  54  2.5 2  6.8  37  265   80 325 -409  2
3823500 2818500  5 11 19  22.3 1011  27  2.4 2  6.8  39  120   63 323 -401  2
3823500 2818500  5 11 20  20.3 1011  32  1.4 3  6.9  44   20   25 321 -392  2
3823500 2818500  5 11 21  17.5 1011  34  0.5 4  7.1  52    0    0 321 -383  2
3823500 2818500  5 11 22  16.7 1012  44  0.3 3  7.3  60    0    0 315 -375  2
3823500 2818500  5 11 23  16.0 1012  52  0.2 3  7.2  62    0    0 309 -370  2
3823500 2818500  5 11 24  15.1 1012  52  0.3 3  7.1  64    0    0 307 -367  2
3823500 2818500  5 12  1  13.9 1012  66  0.7 3  6.8  66    0    0 304 -363  2
3823500 2818500  5 12  2  13.8 1013  70  1.2 3  6.5  66    0    0 302 -361  2
3823500 2818500  5 12  3  13.0 1013  73  1.0 3  6.4  66    0    0 300 -359  2
3823500 2818500  5 12  4  11.9 1013  92  0.8 4  6.4  70    0    0 302 -357  2
3823500 2818500  5 12  5  11.4 1013  81  1.2 4  6.3  73    0    0 304 -356  2
3823500 2818500  5 12  6  12.6 1013  78  1.2 4  6.4  73   18   38 305 -355  2
3823500 2818500  5 12  7  15.6 1013  93  1.9 3  6.4  64  105   86 307 -358  2
3823500 2818500  5 12  8  17.9 1013  96  2.8 3  6.1  52  236  113 308 -369  2
3823500 2818500  5 12  9  18.9 1013 117  3.8 3  5.8  44  338  153 312 -384  2
3823500 2818500  5 12 10  19.6 1013  81  3.8 4  5.5  40  474  157 320 -401  2
3823500 2818500  5 12 11  20.9 1013  96  3.3 3  5.6  38  591  148 324 -417  2
3823500 2818500  5 12 12  21.5 1013 118  3.8 3  5.6  36  677  130 324 -432  2
3823500 2818500  5 12 13  22.3 1013 105  3.9 3  5.6  34  690  131 326 -444  2
3823500 2818500  5 12 14  22.7 1012 102  4.0 3  5.5  33  692  106 329 -451  2
3823500 2818500  5 12 15  23.0 1012 148  3.6 2  5.6  32  651   83 327 -454  2
3823500 2818500  5 12 16  23.0 1011  94  3.4 1  5.8  33  561   70 321 -451  2
3823500 2818500  5 12 17  23.1 1010  97  2.7 2  5.9  33  430   66 320 -440  2
3823500 2818500  5 12 18  22.7 1010  86  2.7 2  6.0  34  272   67 321 -426  2
3823500 2818500  5 12 19  22.0 1010  90  2.5 1  6.1  36  131   54 315 -413  2
3823500 2818500  5 12 20  20.3 1009  87  2.2 1  6.2  40   25   24 307 -402  2
3823500 2818500  5 12 21  18.2 1009  89  1.4 2  6.3  45    0    0 302 -392  2
3823500 2818500  5 12 22  17.1 1009  85  1.3 1  6.3  50    0    0 295 -385  2
3823500 2818500  5 12 23  16.1 1009  86  1.0 1  6.2  52    0    0 287 -381  2
3823500 2818500  5 12 24  14.7 1009  82  1.1 1  6.2  57    0    0 280 -377  2
3823500 2818500  5 13  1  13.7 1009 113  1.2 0  6.1  61    0    0 269 -373  2
3823500 2818500  5 13  2  12.5 1008  94  1.1 0  6.0  64    0    0 259 -370  2
3823500 2818500  5 13  3  10.6 1008  91  1.5 0  5.8  68    0    0 249 -367  2
3823500 2818500  5 13  4  11.1 1008  70  1.6 1  5.7  70    0    0 248 -365  2
3823500 2818500  5 13  5  10.3 1007  90  1.7 3  5.7  71    0    0 259 -362  2
3823500 2818500  5 13  6  12.3 1007  96  1.8 5  6.0  72   15   39 277 -362  2
3823500 2818500  5 13  7  15.0 1006 123  2.3 5  6.3  64   61  102 292 -367  2
3823500 2818500  5 13  8  17.1 1006 121  2.9 6  6.2  54   83  175 302 -379  2
3823500 2818500  5 13  9  18.1 1006 147  2.9 6  6.1  49  123  242 309 -395  2
3823500 2818500  5 13 10  19.3 1006 148  3.2 6  6.2  46  284  265 312 -413  2
3823500 2818500  5 13 11  19.9 1005 155  3.4 6  6.3  44  505  214 315 -430  2
3823500 2818500  5 13 12  21.1 1005 135  2.9 6  6.4  42  465  272 317 -445  2
3823500 2818500  5 13 13  21.8 1005 164  2.8 6  6.5  40  418  303 322 -456  2
3823500 2818500  5 13 14  23.5 1004 159  2.8 5  6.3  36  642  151 324 -463  2
3823500 2818500  5 13 15  24.1 1004  87  2.8 4  6.2  33  670   89 322 -467  2
3823500 2818500  5 13 16  24.2 1003  79  2.5 4  6.2  33  523  102 322 -466  2
3823500 2818500  5 13 17  24.4 1002  94  2.7 5  6.2  32  410   88 326 -458  2
3823500 2818500  5 13 18  24.4 1002 109  2.3 6  6.3  33  260   80 334 -445  2
3823500 2818500  5 13 19  23.2 1001 114  2.0 6  6.4  35   96   65 336 -430  2
3823500 2818500  5 13 20  21.5 1001 140  2.2 5  6.6  39   24   25 330 -415  2
3823500 2818500  5 13 21  18.1 1000 121  2.0 5  6.7  46    0    1 319 -403  2
3823500 2818500  5 13 22  16.4 1000 140  1.9 5  6.7  54    0    0 312 -395  2
3823500 2818500  5 13 23  15.1 1000 148  1.8 5  6.5  58    0    0 307 -390  2
3823500 2818500  5 13 24  14.4  999 129  1.6 5  6.5  62    0    0 304 -386  2
3823500 2818500  5 14  1  13.2  999  63  0.7 8  6.8  68    0    0 319 -385  2
3823500 2818500  5 14  2  13.1  999  79  0.6 8  6.8  71    0    0 335 -383  2
3823500 2818500  5 14  3  12.0  999  88  0.7 8  6.6  72    0    0 332 -381  2
3823500 2818500  5 14  4  11.8  998 165  0.8 8  6.5  74    0    0 330 -380  2
3823500 2818500  5 14  5  11.8  998 163  0.9 8  6.7  77    0    0 329 -378  2
3823500 2818500  5 14  6  14.1  998 151  1.1 7  7.1  75    0    6 326 -376  2
3823500 2818500  5 14  7  14.7  998 140  1.5 8  7.2  70    0   18 330 -378  2
3823500 2818500  5 14  8  15.6  998 140  1.4 8  7.3  67    0   80 337 -387  2
3823500 2818500  5 14  9  17.2  998 177  2.0 7  7.5  63   12  215 338 -400  2
3823500 2818500  5 14 10  19.1  998 184  1.5 6  8.0  60  113  328 335 -416  2
3823500 2818500  5 14 11  21.2  999 218  1.5 6  8.4  56  295  357 340 -433  2
3823500 2818500  5 14 12  22.3  999 166  1.6 6  8.4  51  323  382 348 -448  2
3823500 2818500  5 14 13  23.7  998 198  1.5 6  8.6  48  315  391 355 -459  2
3823500 2818500  5 14 14  24.1  998 135  1.5 6  8.9  47  372  350 361 -463  2
3823500 2818500  5 14 15  25.0  997 218  1.1 5  8.9  45  265  345 361 -465  2
3823500 2818500  5 14 16  24.9  997 197  1.2 5  8.9  44  239  288 359 -465  2
3823500 2818500  5 14 17  24.7  996  96  0.1 6  8.9  45  109  240 362 -460  2
3823500 2818500  5 14 18  22.7  996 173  1.9 6  9.2  49    6  121 362 -452  2
3823500 2818500  5 14 19  20.6  996 159  1.7 7  9.6  58    0   34 360 -441  2
3823500 2818500  5 14 20  17.5  996 201  0.0 7  9.6  68    4   23 356 -428  2
3823500 2818500  5 14 21  16.1  995 308  1.2 6  9.5  78    0    1 345 -416  2
3823500 2818500  5 14 22  15.6  996 251  2.6 8  9.7  84    0    0 348 -406  2
3823500 2818500  5 14 23  15.0  996 217  0.7 8  9.7  87    0    0 357 -398  2
3823500 2818500  5 14 24  14.7  996 195  1.1 6  9.7  90    0    0 347 -393  2
3823500 2818500  5 15  1  14.2  996 166  0.6 7  9.6  92    0    0 340 -390  2
3823500 2818500  5 15  2  14.2  996 175  1.7 8  9.6  93    0    0 348 -384  2
3823500 2818500  5 15  3  13.1  996 222  3.9 8  9.5  96    0    0 350 -380  2
3823500 2818500  5 15  4  12.5  996 231  4.7 7  8.8  94    0    0 341 -377  2
3823500 2818500  5 15  5  11.7  996 235  3.7 6  8.0  89    0    0 328 -375  2
3823500 2818500  5 15  6  11.6  997 224  2.6 7  7.5  86    0   15 325 -374  2
3823500 2818500  5 15  7  11.7  997 220  3.2 7  7.3  84    5   88 330 -377  2
3823500 2818500  5 15  8  12.9  997 223  4.5 5  7.1  79   67  188 321 -386  2
3823500 2818500  5 15  9  14.4  997 214  3.7 4  7.1  72  194  248 310 -397  2
3823500 2818500  5 15 10  15.4  997 212  4.2 4  7.0  65  187  318 311 -409  2
3823500 2818500  5 15 11  16.5  997 212  4.6 4  6.8  59  213  363 317 -422  2
3823500 2818500  5 15 12  17.9  997 211  4.8 4  6.6  53  341  359 324 -435  2
3823500 2818500  5 15 13  18.5  997 207  4.9 3  6.5  49  384  347 325 -446  2
3823500 2818500  5 15 14  18.7  997 214  4.8 4  6.3  46  368  334 330 -453  2
3823500 2818500  5 15 15  19.4  997 222  4.1 4  6.1  44  294  320 336 -454  2
3823500 2818500  5 15 16  19.6  998 297  3.6 4  6.0  42  227  280 335 -450  2
3823500 2818500  5 15 17  19.5  997 273  3.7 5  5.9  41  126  231 337 -446  2
3823500 2818500  5 15 18  18.9  997 276  1.8 6  5.8  41   34  153 342 -437  2
3823500 2818500  5 15 19  18.4  996 227  0.6 7  5.9  43    0   44 346 -425  2
3823500 2818500  5 15 20  17.3  996 226  0.2 6  6.1  47    0    9 344 -412  2
3823500 2818500  5 15 21  13.7  996 134  0.0 6  6.3  56    0    1 334 -400  2
3823500 2818500  5 15 22  12.2  996 123  0.4 6  6.4  67    0    0 329 -396  2
3823500 2818500  5 15 23  11.6  997 156  0.1 5  6.4  72    0    0 323 -396  2
3823500 2818500  5 15 24  13.3  997 137  0.5 7  6.7  73    0    0 330 -395  2
3823500 2818500  5 16  1  12.9  996 189  1.5 6  7.1  75    0    0 338 -392  2
3823500 2818500  5 16  2  12.1  996 162  1.2 5  7.5  82    0    0 330 -387  2
3823500 2818500  5 16  3  12.1  996 169  1.6 4  7.8  87    0    0 321 -383  2
3823500 2818500  5 16  4  12.7  996 172  2.1 4  7.9  86    0    0 319 -382  2
3823500 2818500  5 16  5  13.0  995 188  1.8 6  7.9  84    0    0 331 -382  2
3823500 2818500  5 16  6  14.0  995 205  3.7 6  7.7  79    0   17 342 -382  2
3823500 2818500  5 16  7  14.2  996 206  2.9 6  7.7  75    3   81 343 -383  2
3823500 2818500  5 16  8  15.3  996 204  3.5 4  7.7  73  135  171 335 -383  2
3823500 2818500  5 16  9  15.9  996 215  4.3 4  7.6  68  202  229 328 -384  2
3823500 2818500  5 16 10  17.0  996 199  3.6 5  7.4  62  163  302 335 -387  2
3823500 2818500  5 16 11  17.6  996 207  4.0 6  7.3  58   68  326 345 -393  2
3823500 2818500  5 16 12  18.0  996 198  4.2 7  7.1  55   16  285 354 -399  2
3823500 2818500  5 16 13  16.3  996 194  4.2 5  7.0  56   99  352 349 -406  2
3823500 2818500  5 16 14  17.2  996 192  6.6 6  7.0  58   70  322 346 -417  2
3823500 2818500  5 16 15  15.8  995 192  3.9 6  6.9  58    8  233 348 -424  2
3823500 2818500  5 16 16  15.6  995 168  3.2 6  6.9  60    9  205 341 -420  2
3823500 2818500  5 16 17  16.5  995 169  5.0 4  7.2  62  166  209 334 -414  2
3823500 2818500  5 16 18  16.3  994 183  3.9 3  7.5  64  259   82 323 -406  2
3823500 2818500  5 16 19  11.7  994 171  3.1 6  7.3  72   30   82 319 -401  2
3823500 2818500  5 16 20  13.8  995 167  1.6 7  7.7  82    0   12 330 -396  2
3823500 2818500  5 16 21  12.6  995 204  2.5 5  7.9  82    0    0 327 -390  2
3823500 2818500  5 16 22  12.3  996 189  2.1 4  7.6  83    0    0 312 -386  2
3823500 2818500  5 16 23  12.0  997 191  1.9 3  7.6  85    0    0 304 -385  2
3823500 2818500  5 16 24  11.5  997 197  2.4 1  7.5  85    0    0 289 -385  2
3823500 2818500  5 17  1  11.4  997 196  1.8 0  7.4  86    0    0 271 -385  2
3823500 2818500  5 17  2  10.9  997 178  1.0 2  7.4  88    0    0 273 -386  2
3823500 2818500  5 17  3  10.6  997 171  2.1 2  7.3  89    0    0 282 -385  2
3823500 2818500  5 17  4  10.3  997 177  1.9 3  7.3  90    0    0 289 -384  2
3823500 2818500  5 17  5  10.5  997 179  0.9 6  7.2  90    0    0 313 -384  2
3823500 2818500  5 17  6  10.9  997 166  0.9 6  7.3  90    0   30 331 -384  2
3823500 2818500  5 17  7  11.9  997 172  0.7 7  7.5  88    0   64 340 -385  2
3823500 2818500  5 17  8  14.1  997 182  2.3 5  7.8  82  118  180 341 -388  2
3823500 2818500  5 17  9  16.0  997 198  2.8 5  8.1  75  157  247 339 -393  2
3823500 2818500  5 17 10  16.6  997 204  3.5 4  8.1  69  197  302 339 -394  2
3823500 2818500  5 17 11  18.3  997 193  5.2 4  7.9  63  227  345 339 -395  2
3823500 2818500  5 17 12  17.5  997 194  4.0 6  7.6  58   22  304 351 -397  2
3823500 2818500  5 17 13  15.2  996 195  1.9 6  7.9  67   27  309 355 -398  2
3823500 2818500  5 17 14  15.3  997 221  3.3 4  7.9  72  153  358 341 -393  2
3823500 2818500  5 17 15  13.7  998 249  5.6 5  7.2  69  120  324 331 -387  2
3823500 2818500  5 17 16  14.6  998 243  4.4 7  6.7  66   77  271 338 -389  2
3823500 2818500  5 17 17  15.9  998 233  3.7 6  6.1  56  139  220 342 -385  2
3823500 2818500  5 17 18  16.0  998 223  2.6 5  5.6  49  109  150 333 -378  2
3823500 2818500  5 17 19  14.7  998 232  4.2 4  5.1  46   57   83 322 -375  2
3823500 2818500  5 17 20  13.9  998 215  3.2 5  4.8  46   25   30 316 -371  2
3823500 2818500  5 17 21  12.8  999 230  2.6 4  4.5  46    0    0 311 -368  2
3823500 2818500  5 17 22  11.3  999 218  0.9 3  4.4  49    0    0 297 -365  2
3823500 2818500  5 17 23  11.2  999 213  3.1 3  4.5  54    0    0 290 -362  2
3823500 2818500  5 17 24  10.8  999 208  3.9 2  4.6  56    0    0 284 -357  2
3823500 2818500  5 18  1  10.3  999 217  4.2 1  4.6  57    0    0 271 -351  2
3823500 2818500  5 18  2   9.6  999 225  4.6 3  4.6  60    0    0 272 -348  2
3823500 2818500  5 18  3   9.5  999 218  4.7 6  4.7  63    0    0 295 -346  2
3823500 2818500  5 18  4   9.4 1000 219  3.8 6  4.9  66    0    0 310 -345  2
3823500 2818500  5 18  5   9.3 1000 222  3.7 7  5.1  69    0    0 315 -344  2
3823500 2818500  5 18  6   9.4 1000 233  2.6 7  5.4  72    0   11 322 -347  2
3823500 2818500  5 18  7   9.7 1001 229  2.8 8  5.7  76    0   67 329 -351  2
3823500 2818500  5 18  8  10.2 1001 226  2.6 8  6.0  78    0  100 338 -356  2
3823500 2818500  5 18  9  10.6 1002 234  2.8 7  6.2  78    0  131 335 -361  2
3823500 2818500  5 18 10  11.4 1003 232  3.2 6  6.4  78   20  241 327 -363  2
3823500 2818500  5 18 11  12.3 1004 223  3.5 6  6.8  78   27  268 326 -363  2
3823500 2818500  5 18 12  13.8 1004 238  4.0 7  7.3  77    0  166 335 -365  2
3823500 2818500  5 18 13  13.7 1005 243  3.2 6  7.6  76   44  287 337 -368  2
3823500 2818500  5 18 14  13.9 1005 255  3.2 5  7.4  75  135  273 324 -370  2
3823500 2818500  5 18 15  13.5 1006 268  3.8 6  7.1  72   18  233 322 -372  2
3823500 2818500  5 18 16  13.2 1006 273  2.6 7  7.4  76    7  183 329 -372  2
3823500 2818500  5 18 17  13.7 1007 296  3.0 5  7.4  76  210  131 325 -375  2
3823500 2818500  5 18 18  13.1 1007 288  3.1 5  6.8  70  128   98 315 -376  2
3823500 2818500  5 18 19  11.9 1008 304  2.4 8  6.7  74    0   45 327 -372  2
3823500 2818500  5 18 20  11.5 1009 299  2.4 7  6.7  78    3   21 336 -368  2
3823500 2818500  5 18 21  11.1 1009 292  1.3 7  6.2  74    0    0 330 -362  2
3823500 2818500  5 18 22  10.2 1011 273  1.1 8  6.0  74    0    0 332 -355  2
3823500 2818500  5 18 23   9.9 1011 264  1.4 8  6.1  79    0    0 335 -352  2
3823500 2818500  5 18 24   9.4 1011 257  1.4 8  6.1  82    0    0 334 -349  2
3823500 2818500  5 19  1   9.2 1011 255  1.4 6  6.2  84    0    0 324 -349  2
3823500 2818500  5 19  2   9.0 1012 252  1.6 6  6.2  86    0    0 315 -351  2
3823500 2818500  5 19  3   8.9 1012 241  1.4 5  6.1  86    0    0 311 -354  2
3823500 2818500  5 19  4   8.3 1012 222  1.4 4  6.0  86    0    0 301 -354  2
3823500 2818500  5 19  5   8.1 1012 234  1.1 3  5.9  87    0    0 290 -354  2
3823500 2818500  5 19  6   9.2 1012 223  1.2 2  6.2  88   26   42 282 -352  2
3823500 2818500  5 19  7  10.7 1012 237  2.2 1  6.6  86  148   65 277 -352  2
3823500 2818500  5 19  8  12.4 1012 253  3.6 2  6.8  80  342   70 282 -358  2
3823500 2818500  5 19  9  13.7 1013 267  4.5 2  6.7  72  468   95 291 -368  2
3823500 2818500  5 19 10  14.5 1013 268  4.7 4  6.4  64  419  165 304 -379  2
3823500 2818500  5 19 11  14.1 1013 259  4.7 5  6.1  60   63  306 318 -389  2
3823500 2818500  5 19 12  14.3 1013 277  3.2 7  6.0  59    4  239 330 -398  2
3823500 2818500  5 19 13  14.7 1014 291  4.1 6  5.9  58   49  312 334 -406  2
3823500 2818500  5 19 14  15.0 1014 322  3.5 7  5.9  56   75  305 336 -412  2
3823500 2818500  5 19 15  16.1 1014 312  3.7 6  5.9  54   67  277 340 -413  2
3823500 2818500  5 19 16  16.0 1014 320  2.9 6  5.9  52   56  240 337 -412  2
3823500 2818500  5 19 17  15.9 1014 281  2.6 6  5.8  52  131  195 337 -408  2
3823500 2818500  5 19 18  16.0 1014 321  2.0 5  5.7  51  171  108 331 -401  2
3823500 2818500  5 19 19  16.1 1014 312  2.0 4  5.7  50  138   46 323 -392  2
3823500 2818500  5 19 20  13.9 1014 328  1.2 5  5.6  53   37   24 319 -381  2
3823500 2818500  5 19 21  11.9 1015  11  1.3 4  5.6  61    0    2 310 -372  2
3823500 2818500  5 19 22  10.8 1015  39  0.9 2  5.5  66    0    0 289 -364  2
3823500 2818500  5 19 23   9.0 1016  35  1.2 1  5.3  70    0    0 270 -359  2
3823500 2818500  5 19 24   7.0 1016  37  0.4 1  5.2  78    0    0 259 -354  2
3823500 2818500  5 20  1   6.0 1016  10  0.0 2  4.9  81    0    0 257 -350  2
3823500 2818500  5 20  2   5.7 1016  13  0.0 2  4.8  83    0    0 257 -346  2
3823500 2818500  5 20  3   5.6 1016  14  0.0 5  5.0  88    0    0 266 -343  2
3823500 2818500  5 20  4   6.5 1016  57  0.1 7  5.1  87    0    0 284 -340  2
3823500 2818500  5 20  5   5.9 1016 128  0.2 5  5.2  88    0    1 288 -338  2
3823500 2818500  5 20  6   6.9 1017  51  0.2 5  5.3  90    2   40 284 -338  2
3823500 2818500  5 20  7   8.0 1017  25  0.2 5  5.7  88   23  111 288 -344  2
3823500 2818500  5 20  8  12.1 1017 145  0.7 4  5.8  75  184  157 291 -357  2
3823500 2818500  5 20  9  14.3 1017  63  1.0 4  5.5  59  321  202 296 -375  2
3823500 2818500  5 20 10  14.3 1017   2  1.4 4  5.4  54  306  285 300 -391  2
3823500 2818500  5 20 11  15.1 1017 269  2.0 4  5.5  53  238  360 300 -405  2
3823500 2818500  5 20 12  15.9 1017 244  1.9 3  5.5  51  390  343 300 -418  2
3823500 2818500  5 20 13  16.9 1017 301  1.7 3  5.4  47  510  293 301 -430  2
3823500 2818500  5 20 14  17.0 1017 305  2.0 2  5.3  44  553  249 300 -437  2
3823500 2818500  5 20 15  17.9 1017 319  2.3 2  5.5  44  482  240 300 -436  2
3823500 2818500  5 20 16  18.6 1017 296  2.3 3  5.6  43  389  218 307 -431  2
3823500 2818500  5 20 17  17.7 1017 311  3.3 2  5.6  44  292  180 307 -425  2
3823500 2818500  5 20 18  17.3 1017 341  3.4 2  5.7  46  204  131 301 -417  2
3823500 2818500  5 20 19  15.7 1016 351  3.8 3  5.8  50   95   88 300 -407  2
3823500 2818500  5 20 20  14.6 1017 344  1.5 3  5.8  54   32   37 297 -395  2
3823500 2818500  5 20 21  11.5 1017 332  1.0 1  5.6  60    0    5 283 -382  2
3823500 2818500  5 20 22   9.6 1017   3  0.1 3  5.6  71    0    0 272 -372  2
3823500 2818500  5 20 23   9.6 1017 349  0.1 3  5.8  79    0    0 274 -366  2
3823500 2818500  5 20 24   8.7 1017 359  0.5 0  6.2  86    0    0 264 -362  2
3823500 2818500  5 21  1   8.5 1018  12  0.5 1  6.1  88    0    0 255 -358  2
3823500 2818500  5 21  2   8.1 1018   5  0.6 0  6.0  88    0    0 253 -355  2
3823500 2818500  5 21  3   7.4 1018  14  0.9 1  5.9  90    0    0 249 -353  2
3823500 2818500  5 21  4   7.6 1018  26  1.7 2  5.8  90    0    0 253 -351  2
3823500 2818500  5 21  5   7.3 1017  25  1.8 4  5.7  89    0    1 262 -349  2
3823500 2818500  5 21  6   8.3 1017  31  1.8 4  5.9  90   19   49 269 -349  2
3823500 2818500  5 21  7   9.9 1017  40  2.2 3  6.2  87  106  102 269 -354  2
3823500 2818500  5 21  8  12.2 1017  31  3.9 4  5.9  72  225  131 272 -366  2
3823500 2818500  5 21  9  12.9 1018  29  4.7 4  5.3  59  372  158 278 -380  2
3823500 2818500  5 21 10  13.6 1018  21  4.3 5  5.1  55  412  218 285 -394  2
3823500 2818500  5 21 11  14.1 1018  25  3.6 6  5.3  54  295  322 296 -407  2
3823500 2818500  5 21 12  15.0 1017  46  2.8 6  5.3  52  217  370 302 -419  2
3823500 2818500  5 21 13  15.1 1017  14  2.5 6  5.3  50  247  366 307 -427  2
3823500 2818500  5 21 14  15.1 1016 352  4.0 6  5.4  51  222  351 310 -432  2
3823500 2818500  5 21 15  15.0 1016   5  3.6 6  5.4  51  122  316 313 -434  2
3823500 2818500  5 21 16  15.5 1016   9  3.4 7  5.4  50   82  266 318 -432  2
3823500 2818500  5 21 17  15.5 1015  18  2.4 7  5.3  48  151  222 323 -425  2
3823500 2818500  5 21 18  15.9 1015  12  2.8 6  5.2  47  159  139 320 -415  2
3823500 2818500  5 21 19  15.3 1014  20  2.4 5  5.2  47  111   75 311 -405  2
3823500 2818500  5 21 20  13.6 1014  22  2.0 4  5.2  51   43   36 297 -394  2
3823500 2818500  5 21 21  12.1 1014  29  1.2 5  5.2  56    1    5 290 -381  2
3823500 2818500  5 21 22  10.7 1015  31  0.9 5  5.1  60    0    0 286 -372  2
3823500 2818500  5 21 23   9.7 1015  13  0.9 5  4.9  64    0    0 280 -366  2
3823500 2818500  5 21 24   8.6 1015  32  0.3 5  5.0  69    0    0 278 -362  2
3823500 2818500  5 22  1   7.2 1015  28  1.0 5  5.0  76    0    0 274 -358  2
3823500 2818500  5 22  2   6.9 1015  17  1.5 5  5.1  82    0    0 272 -355  2
3823500 2818500  5 22  3   6.7 1015  24  0.9 6  5.2  86    0    0 276 -352  2
3823500 2818500  5 22  4   5.7 1015  43  0.2 7  5.1  87    0    0 280 -350  2
3823500 2818500  5 22  5   5.0 1014 348  0.1 7  4.8  87    0    0 280 -348  2
3823500 2818500  5 22  6   5.9 1015   3  1.3 7  5.0  90   26   55 282 -348  2
3823500 2818500  5 22  7   9.1 1015  31  2.6 5  5.8  90  112  113 282 -353  2
3823500 2818500  5 22  8  11.9 1015  41  2.7 3  6.1  78  239  148 278 -364  2
3823500 2818500  5 22  9  13.4 1015  34  3.4 3  6.0  66  352  188 279 -378  2
3823500 2818500  5 22 10  14.2 1015  37  3.3 4  5.9  60  454  217 288 -394  2
3823500 2818500  5 22 11  15.7 1015  52  3.1 3  5.7  54  552  225 292 -410  2
3823500 2818500  5 22 12  16.6 1015  66  2.9 2  5.6  49  620  225 294 -422  2
3823500 2818500  5 22 13  17.5 1015  69  3.0 2  5.5  46  638  224 296 -431  2
3823500 2818500  5 22 14  18.1 1015  57  3.1 2  5.4  43  628  208 301 -436  2
3823500 2818500  5 22 15  18.8 1014  59  3.7 1  5.4  41  573  191 302 -439  2
3823500 2818500  5 22 16  18.7 1014  67  2.9 1  5.4  40  484  171 300 -438  2
3823500 2818500  5 22 17  19.0 1014  82  4.4 2  5.4  40  371  147 305 -432  2
3823500 2818500  5 22 18  18.7 1014  29  3.0 1  5.4  40  252  117 306 -426  2
3823500 2818500  5 22 19  18.5 1014  68  3.2 1  5.4  40  132   83 301 -416  2
3823500 2818500  5 22 20  16.3 1014  62  1.6 0  5.5  46   36   41 294 -404  2
3823500 2818500  5 22 21  15.0 1014  63  1.2 0  5.6  52    0    5 283 -393  2
3823500 2818500  5 22 22  13.6 1015  57  0.9 0  5.8  58    0    0 276 -383  2
3823500 2818500  5 22 23  13.3 1015  71  1.1 1  6.5  66    0    0 275 -376  2
3823500 2818500  5 22 24  13.3 1016 106  1.5 3  7.3  74    0    0 274 -371  2
3823500 2818500  5 23  1  13.7  995 144  1.6 5  8.1  80    0    0 356 -400  2
3823500 2818500  5 23  2  14.0  995 182  1.7 7  8.7  84    0    0 361 -398  2
3823500 2818500  5 23  3  14.3  996 210  1.7 8  8.9  85    0    0 359 -395  2
3823500 2818500  5 23  4  14.1  996 218  1.8 8  8.7  84    0    0 359 -394  2
3823500 2818500  5 23  5  14.2  996 214  1.6 7  8.7  84    0    4 354 -393  2
3823500 2818500  5 23  6  13.7  997 225  1.6 7  8.3  83   11   49 345 -391  2
3823500 2818500  5 23  7  14.3  997 234  1.3 6  8.4  82   16  107 339 -392  2
3823500 2818500  5 23  8  14.4  998 251  2.4 5  8.3  80   63  193 328 -397  2
3823500 2818500  5 23  9  15.2  998 240  1.3 6  8.2  77   52  259 329 -405  2
3823500 2818500  5 23 10  16.0  998 262  1.4 7  8.3  74   23  286 343 -416  2
3823500 2818500  5 23 11  15.6  999 233  1.5 7  8.2  72    0  176 349 -428  2
3823500 2818500  5 23 12  15.0  999 214  1.5 6  8.3  75    0  187 342 -438  2
3823500 2818500  5 23 13  15.2  999 203  1.6 7  8.5  78    0  209 342 -447  2
3823500 2818500  5 23 14  15.5 1000 205  2.2 7  8.5  77    5  272 349 -451  2
3823500 2818500  5 23 15  16.3 1000 243  1.8 7  8.3  73   19  291 351 -454  2
3823500 2818500  5 23 16  17.3 1000 227  1.9 6  8.2  68  100  300 346 -454  2
3823500 2818500  5 23 17  18.6 1000 246  1.7 6  8.1  62   92  239 344 -449  2
3823500 2818500  5 23 18  18.7  999 229  1.3 4  7.8  57  121  159 335 -442  2
3823500 2818500  5 23 19  17.3  999 229  1.1 6  7.4  56   15   90 334 -433  2
3823500 2818500  5 23 20  16.1 1000 221  1.2 7  7.4  62    0   20 346 -424  2
3823500 2818500  5 23 21  15.6 1000 229  0.9 7  7.7  68    0    5 349 -414  2
3823500 2818500  5 23 22  15.6 1000 258  0.8 6  7.8  69    0    0 344 -406  2
3823500 2818500  5 23 23  14.0 1001 277  1.3 6  7.9  74    0    0 337 -400  2
3823500 2818500  5 23 24  12.5 1001 268  0.8 7  7.7  80    0    0 334 -394  2
3823500 2818500  5 24  1  12.4 1001 281  0.8 6  7.6  83    0    0 330 -389  2
3823500 2818500  5 24  2  11.6 1001 330  0.1 5  7.8  88    0    0 320 -385  2
3823500 2818500  5 24  3  10.8 1001 274  0.6 5  7.7  91    0    0 314 -381  2
3823500 2818500  5 24  4  10.0 1001 261  0.3 5  7.4  93    0    0 312 -377  2
3823500 2818500  5 24  5   8.9 1001 183  0.3 5  7.0  93    0    6 310 -373  2
3823500 2818500  5 24  6  10.0 1001 168  0.4 5  7.0  94   15   51 309 -372  2
3823500 2818500  5 24  7  12.2 1001 177  0.8 4  8.0  96   36  117 310 -377  2
3823500 2818500  5 24  8  15.7 1001 154  1.5 2  9.0  89  205  159 305 -388  2
3823500 2818500  5 24  9  17.4 1001 179  2.2 2  8.9  74  325  192 303 -402  2
3823500 2818500  5 24 10  18.6 1001 185  3.7 5  8.2  62  300  278 318 -417  2
3823500 2818500  5 24 11  18.9 1000 200  4.8 6  7.4  54  284  338 338 -429  2
3823500 2818500  5 24 12  19.3 1000 208  4.9 6  6.9  49  191  388 346 -437  2
3823500 2818500  5 24 13  19.0  999 196  4.9 7  6.7  48   69  376 354 -438  2
3823500 2818500  5 24 14  19.0  999 213  4.8 7  6.7  48   56  356 360 -433  2
3823500 2818500  5 24 15  17.8  999 216  4.3 7  6.5  48   20  288 358 -426  2
3823500 2818500  5 24 16  17.7  999 235  5.3 7  6.3  49    7  229 354 -422  2
3823500 2818500  5 24 17  15.5  999 241  4.9 7  6.8  57    3  175 353 -418  2
3823500 2818500  5 24 18  14.5  999 221  3.8 7  7.6  70    0  107 352 -414  2
3823500 2818500  5 24 19  14.0  999 237  3.1 8  7.9  76    0   29 355 -413  2
3823500 2818500  5 24 20  14.1  999 210  3.4 8  7.8  77    0   10 359 -409  2
3823500 2818500  5 24 21  13.9  999 190  3.4 7  7.8  77    0    1 353 -403  2
3823500 2818500  5 24 22  12.8  999 198  3.4 6  8.0  83    0    0 342 -398  2
3823500 2818500  5 24 23  12.3 1000 197  2.6 6  8.4  91    0    0 336 -394  2
3823500 2818500  5 24 24  12.4 1000 207  3.1 6  7.9  87    0    0 333 -391  2
3823500 2818500  5 25  1  10.9 1000 205  2.5 2  7.3  84    0    0 307 -389  2
3823500 2818500  5 25  2  10.1 1000 211  2.8 1  6.8  85    0    0 277 -386  2
3823500 2818500  5 25  3   9.9 1001 211  1.9 4  6.4  83    0    0 283 -384  2
3823500 2818500  5 25  4  10.0 1000 206  1.0 4  6.3  82    0    0 298 -381  2
3823500 2818500  5 25  5   9.9 1001 195  0.6 5  6.4  83    0    1 304 -376  2
3823500 2818500  5 25  6  10.8 1000 203  1.8 6  6.6  83    0   22 315 -374  2
3823500 2818500  5 25  7  11.5 1001 210  2.4 6  6.8  81   16  114 320 -375  2
3823500 2818500  5 25  8  12.2 1001 210  2.1 6  6.7  76    4  147 320 -381  2
3823500 2818500  5 25  9  12.5 1001 219  2.4 7  6.6  73    3  190 326 -391  2
3823500 2818500  5 25 10  12.4 1002 234  3.4 7  6.6  73    1  217 331 -401  2
3823500 2818500  5 25 11  11.4 1002 238  3.3 8  6.7  76    0  156 334 -410  2
3823500 2818500  5 25 12  10.7 1003 253  2.4 7  6.7  80    1  247 328 -418  2
3823500 2818500  5 25 13  14.3 1003 207  2.9 5  6.8  74  241  430 318 -424  2
3823500 2818500  5 25 14  15.3 1003 211  3.5 5  6.6  62  352  380 320 -429  2
3823500 2818500  5 25 15  16.2 1003 248  3.4 5  6.1  54  335  341 322 -433  2
3823500 2818500  5 25 16  15.9 1003 232  3.3 5  5.7  49  232  311 319 -432  2
3823500 2818500  5 25 17  16.2 1003 244  2.4 6  5.6  49   38  235 320 -425  2
3823500 2818500  5 25 18  15.7 1004 244  2.7 5  6.0  53   28  166 319 -419  2
3823500 2818500  5 25 19  14.9 1004 225  2.6 5  6.2  57   42  105 312 -415  2
3823500 2818500  5 25 20  14.1 1004 201  1.4 6  6.1  59    1   30 312 -409  2
3823500 2818500  5 25 21  12.4 1004 179  1.4 4  5.9  62    0    3 306 -400  2
3823500 2818500  5 25 22  10.4 1005 138  0.7 2  5.9  69    0    0 285 -392  2
3823500 2818500  5 25 23   9.3 1005  27  0.4 3  5.9  77    0    0 276 -386  2
3823500 2818500  5 25 24   9.4 1005 112  1.3 3  6.0  81    0    0 278 -379  2
3823500 2818500  5 26  1   8.8 1005 135  1.6 2  6.1  84    0    0 273 -373  2
3823500 2818500  5 26  2   9.1 1004 151  1.3 2  6.1  85    0    0 270 -372  2
3823500 2818500  5 26  3   9.1 1004 146  1.0 1  6.1  84    0    0 266 -371  2
3823500 2818500  5 26  4   9.2 1003 152  1.0 2  6.1  83    0    0 266 -370  2
3823500 2818500  5 26  5   9.0 1003 118  0.6 1  6.1  84    0    6 265 -368  2
3823500 2818500  5 26  6  10.4 1002 146  1.1 2  6.3  83   57   43 265 -369  2
3823500 2818500  5 26  7  12.1 1002 165  1.5 3  6.7  80  127   83 278 -374  2
3823500 2818500  5 26  8  14.6 1002 147  2.7 5  7.1  73  241  111 299 -384  2
3823500 2818500  5 26  9  16.5 1001 151  3.7 5  7.2  65  396  109 317 -396  2
3823500 2818500  5 26 10  16.9 1001 164  4.3 6  7.2  60  224  262 328 -408  2
3823500 2818500  5 26 11  16.5 1000 169  3.4 8  6.8  57   59  319 343 -418  2
3823500 2818500  5 26 12  16.1 1000 160  2.7 8  6.6  56    6  265 351 -425  2
3823500 2818500  5 26 13  16.4  999 221  3.9 5  6.6  56   26  307 340 -427  2
3823500 2818500  5 26 14  16.5  999 188  2.9 6  6.7  57   34  305 336 -424  2
3823500 2818500  5 26 15  14.9  998 197  3.8 7  7.1  63    0  180 341 -420  2
3823500 2818500  5 26 16  14.5  998 165  2.0 7  7.5  70    5  207 340 -421  2
3823500 2818500  5 26 17  14.6  998 218  3.1 6  7.7  73   10  181 336 -424  2
3823500 2818500  5 26 18  15.2  998 166  0.9 5  7.8  72  185  109 330 -422  2
3823500 2818500  5 26 19  15.0  997 121  1.6 4  7.6  70  192   59 322 -412  2
3823500 2818500  5 26 20  13.9  997 128  0.2 6  7.6  73   54   44 323 -404  2
3823500 2818500  5 26 21  11.9  997 218  2.3 5  7.6  80    2    6 321 -396  2
3823500 2818500  5 26 22  11.2  998 123  1.2 3  7.4  86    0    0 303 -390  2
3823500 2818500  5 26 23   9.9  998 130  0.4 2  7.2  89    0    0 283 -387  2
3823500 2818500  5 26 24   9.5  998 149  1.0 1  6.9  90    0    0 270 -383  2
3823500 2818500  5 27  1   9.5  998 177  1.2 2  6.7  89    0    0 266 -381  2
3823500 2818500  5 27  2   9.1  998 167  0.8 2  6.6  89    0    0 266 -378  2
3823500 2818500  5 27  3   8.9  998 170  1.1 1  6.5  90    0    0 255 -376  2
3823500 2818500  5 27  4   8.8  998 166  1.5 1  6.4  89    0    0 249 -376  2
3823500 2818500  5 27  5   8.6  998 165  1.3 1  6.3  89    0    6 254 -376  2
3823500 2818500  5 27  6  10.5  998 174  1.9 1  6.7  88   37   59 260 -376  2
3823500 2818500  5 27  7  11.8  998 205  2.4 2  7.2  86  138  109 271 -381  2
3823500 2818500  5 27  8  13.5  999 224  2.9 3  7.6  82  178  178 288 -390  2
3823500 2818500  5 27  9  14.7  999 217  3.3 4  7.8  77  243  239 303 -401  2
3823500 2818500  5 27 10  15.7  999 174  2.8 4  7.8  71  489  196 312 -406  2
3823500 2818500  5 27 11  16.7  999 204  3.0 4  7.5  64  379  313 315 -413  2
3823500 2818500  5 27 12  17.6  999 214  3.2 5  7.0  57  321  371 327 -424  2
3823500 2818500  5 27 13  18.5  999 201  3.5 6  6.7  52   97  383 342 -430  2
3823500 2818500  5 27 14  18.4  999 189  2.5 5  6.6  49   67  358 343 -440  2
3823500 2818500  5 27 15  19.5  999 173  2.0 5  6.5  47  269  333 337 -446  2
3823500 2818500  5 27 16  19.4  999 154  1.3 5  6.3  44  165  297 339 -440  2
3823500 2818500  5 27 17  19.4  999 135  1.3 6  6.1  43   70  236 341 -428  2
3823500 2818500  5 27 18  19.2  999 150  1.1 6  6.0  42   42  165 343 -422  2
3823500 2818500  5 27 19  18.0  998 143  1.1 8  6.2  46    0   49 352 -420  2
3823500 2818500  5 27 20  17.0  999  97  1.0 7  6.4  51    0   15 354 -412  2
3823500 2818500  5 27 21  15.2  999 111  1.3 7  6.6  57    0    2 346 -402  2
3823500 2818500  5 27 22  14.7  999 129  1.3 7  7.0  65    0    0 344 -393  2
3823500 2818500  5 27 23  14.9 1000 166  1.3 7  7.2  67    0    0 345 -386  2
3823500 2818500  5 27 24  14.2 1000 219  0.8 7  7.3  70    0    0 345 -383  2
3823500 2818500  5 28  1  13.7 1000 166  1.3 7  7.4  74    0    0 342 -379  2
3823500 2818500  5 28  2  13.5 1000 174  1.1 7  7.5  76    0    0 341 -374  2
3823500 2818500  5 28  3  12.5 1000 197  0.8 7  7.4  78    0    0 338 -372  2
3823500 2818500  5 28  4  11.9 1000  58  1.1 7  7.4  83    0    0 335 -372  2
3823500 2818500  5 28  5  11.6 1000 146  0.4 7  7.6  88    0    0 334 -371  2
3823500 2818500  5 28  6  11.7 1000 201  0.7 8  7.8  90    1   43 338 -370  2
3823500 2818500  5 28  7  11.9 1000 181  1.1 6  8.1  92    0   76 333 -374  2
3823500 2818500  5 28  8  12.6 1000 174  0.6 8  8.4  93    0  117 333 -384  2
3823500 2818500  5 28  9  13.4 1000 155  0.4 7  8.6  91   20  258 341 -397  2
3823500 2818500  5 28 10  14.7 1001 208  0.6 7  8.7  86   17  297 339 -411  2
3823500 2818500  5 28 11  15.4 1001 196  1.0 7  8.6  80   36  360 339 -425  2
3823500 2818500  5 28 12  16.6 1001 185  1.2 6  8.5  74   72  413 334 -436  2
3823500 2818500  5 28 13  17.4 1001 183  1.0 5  8.4  68  184  476 331 -446  2
3823500 2818500  5 28 14  18.0 1001 174  1.5 5  8.0  63  322  439 331 -452  2
3823500 2818500  5 28 15  19.5 1001 104  1.1 5  7.6  56  176  416 334 -451  2
3823500 2818500  5 28 16  19.1 1000 126  2.3 5  7.4  52  171  358 336 -449  2
3823500 2818500  5 28 17  19.2 1000 139  1.7 5  7.2  51  143  285 335 -444  2
3823500 2818500  5 28 18  19.1 1000 166  1.8 5  7.0  50  107  204 333 -436  2
3823500 2818500  5 28 19  18.4 1000 159  1.7 5  7.0  51   59  123 331 -426  2
3823500 2818500  5 28 20  17.5 1000 146  1.1 4  7.2  55   16   50 325 -416  2
3823500 2818500  5 28 21  14.9 1000 162  1.3 4  7.2  62    1    7 315 -405  2
3823500 2818500  5 28 22  13.5 1001 245  1.2 5  7.6  74    0    0 314 -398  2
3823500 2818500  5 28 23  12.2 1001 141  1.5 5  7.9  84    0    0 316 -391  2
3823500 2818500  5 28 24  11.0 1002 183  1.6 4  7.3  84    0    0 308 -385  2
3823500 2818500  5 29  1  10.6 1002 170  1.7 3  7.0  85    0    0 297 -380  2
3823500 2818500  5 29  2  10.7 1002 190  2.5 3  7.1  88    0    0 293 -379  2
3823500 2818500  5 29  3  10.3 1002 197  2.6 3  7.0  87    0    0 292 -380  2
3823500 2818500  5 29  4  11.7 1002 214  2.1 5  7.0  85    0    0 305 -381  2
3823500 2818500  5 29  5  11.5 1002 212  1.6 7  7.4  86    0    0 327 -382  2
3823500 2818500  5 29  6  12.1 1002 223  2.0 6  7.7  88    0   30 332 -385  2
3823500 2818500  5 29  7  12.7 1003 243  2.6 4  8.0  88   29  112 319 -388  2
3823500 2818500  5 29  8  13.0 1003 234  2.9 7  7.3  78    8  155 323 -389  2
3823500 2818500  5 29  9  13.6 1004 256  4.0 7  6.8  70   82  258 338 -392  2
3823500 2818500  5 29 10  15.7 1004 236  3.6 5  6.8  65  223  294 330 -396  2
3823500 2818500  5 29 11  15.9 1005 247  3.8 4  6.4  57  377  289 315 -401  2
3823500 2818500  5 29 12  16.2 1005 255  4.6 5  5.9  52  248  367 314 -411  2
3823500 2818500  5 29 13  15.9 1005 251  4.6 4  5.6  49  153  376 316 -425  2
3823500 2818500  5 29 14  16.4 1006 245  4.4 5  5.6  48   45  330 319 -434  2
3823500 2818500  5 29 15  16.5 1006 257  4.8 5  5.6  48   97  324 327 -429  2
3823500 2818500  5 29 16  16.6 1007 235  4.4 5  5.6  48  182  277 327 -423  2
3823500 2818500  5 29 17  14.5 1007 247  3.9 7  5.8  52   11  192 330 -419  2
3823500 2818500  5 29 18  12.4 1008 222  3.5 7  6.3  65    0   80 331 -412  2
3823500 2818500  5 29 19  13.8 1008 225  2.9 5  6.8  72   20   92 324 -407  2
3823500 2818500  5 29 20  13.1 1009 206  1.4 6  6.7  69   36   41 320 -402  2
3823500 2818500  5 29 21  11.3 1009 198  1.0 5  6.4  72    0    1 315 -396  2
3823500 2818500  5 29 22  10.2 1010 195  1.2 2  6.3  78    0    0 294 -388  2
3823500 2818500  5 29 23  10.1 1011 208  1.5 2  6.3  82    0    0 281 -379  2
3823500 2818500  5 29 24  10.3 1011 209  1.6 3  6.4  82    0    0 283 -372  2
3823500 2818500  5 30  1   9.2 1011 198  1.2 4  6.4  85    0    0 288 -368  2
3823500 2818500  5 30  2   8.7 1012 222  1.8 2  6.3  88    0    0 280 -365  2
3823500 2818500  5 30  3   8.2 1012 201  2.1 2  6.1  89    0    0 269 -363  2
3823500 2818500  5 30  4   8.2 1013 205  1.4 2  6.1  90    0    0 268 -361  2
3823500 2818500  5 30  5   8.3 1013 206  1.6 1  6.1  90    0    5 264 -359  2
3823500 2818500  5 30  6   9.5 1013 210  1.9 1  6.4  90   31   46 260 -359  2
3823500 2818500  5 30  7  11.0 1013 221  2.6 3  6.8  87   96   94 269 -364  2
3823500 2818500  5 30  8  12.2 1014 224  2.8 4  6.9  82  210  128 283 -375  2
3823500 2818500  5 30  9  12.8 1014 219  3.1 5  7.1  79  207  206 293 -389  2
3823500 2818500  5 30 10  14.2 1014 220  3.7 6  7.3  75  277  241 305 -404  2
3823500 2818500  5 30 11  15.6 1014 220  3.7 5  7.4  70  419  227 312 -417  2
3823500 2818500  5 30 12  15.9 1014 244  3.0 5  7.2  65  360  288 315 -426  2
3823500 2818500  5 30 13  16.5 1014 230  2.9 5  6.9  60  422  263 320 -431  2
3823500 2818500  5 30 14  18.0 1014 227  3.2 4  6.7  54  555  170 322 -427  2
3823500 2818500  5 30 15  18.6 1014 241  3.3 4  6.4  49  313  255 321 -420  2
3823500 2818500  5 30 16  18.3 1014 266  3.0 4  5.9  44  236  230 322 -422  2
3823500 2818500  5 30 17  17.2 1014 246  1.6 7  5.8  46   11  186 328 -421  2
3823500 2818500  5 30 18  17.6 1014 290  3.3 6  6.0  49   52  149 334 -416  2
3823500 2818500  5 30 19  17.6 1014 246  1.3 5  6.1  49   75   78 328 -412  2
3823500 2818500  5 30 20  15.6 1014 250  0.8 4  6.2  52   46   33 320 -406  2
3823500 2818500  5 30 21  14.0 1014 215  0.2 5  6.3  60    3    7 314 -402  2
3823500 2818500  5 30 22  13.1 1014 357  0.1 6  6.5  68    0    0 318 -398  2
3823500 2818500  5 30 23  12.4 1015 314  0.1 6  6.7  73    0    0 320 -393  2
3823500 2818500  5 30 24  11.9 1015 233  0.1 6  6.9  78    0    0 320 -389  2
3823500 2818500  5 31  1  11.2 1015 190  0.1 6  6.9  82    0    0 319 -384  2
3823500 2818500  5 31  2  10.5 1015 182  0.1 5  6.8  84    0    0 314 -381  2
3823500 2818500  5 31  3   9.6 1015 190  0.3 4  6.6  86    0    0 303 -378  2
3823500 2818500  5 31  4   9.6 1015 182  0.1 4  6.6  88    0    0 298 -375  2
3823500 2818500  5 31  5   9.1 1015 189  0.1 5  6.7  91    0    6 302 -374  2
3823500 2818500  5 31  6  10.3 1015 220  0.1 4  6.9  92   11   51 304 -374  2
3823500 2818500  5 31  7  12.4 1015 222  1.5 4  7.2  86   87  122 305 -377  2
3823500 2818500  5 31  8  13.7 1015 231  2.7 3  7.1  76  241  156 306 -384  2
3823500 2818500  5 31  9  15.4 1015 234  4.3 3  7.2  70  430  158 309 -394  2
3823500 2818500  5 31 10  16.0 1015 250  4.4 4  7.4  66  275  303 319 -407  2
3823500 2818500  5 31 11  16.9 1015 253  4.7 4  7.3  62  347  333 325 -419  2
3823500 2818500  5 31 12  16.9 1015 265  5.8 4  7.0  58  181  402 324 -429  2
3823500 2818500  5 31 13  17.5 1015 264  5.2 4  6.7  55  220  405 322 -435  2
3823500 2818500  5 31 14  17.7 1015 277  3.9 4  6.5  52  205  389 320 -440  2
3823500 2818500  5 31 15  18.7 1015 265  5.5 4  6.2  48  237  347 320 -441  2
3823500 2818500  5 31 16  18.9 1015 305  3.8 3  5.9  43  256  283 318 -439  2
3823500 2818500  5 31 17  18.9 1015 313  4.7 2  5.7  42  273  198 311 -433  2
3823500 2818500  5 31 18  18.1 1015 329  4.2 1  5.7  43  238  129 302 -425  2
3823500 2818500  5 31 19  17.5 1016 303  3.0 1  5.8  46  137   91 296 -414  2
3823500 2818500  5 31 20  15.5 1016 298  2.9 1  5.7  49   49   54 290 -403  2
3823500 2818500  5 31 21  13.5 1017 301  1.7 1  5.5  54    0    0 282 -393  2
3823500 2818500  5 31 22  12.0 1017 304  0.8 2  5.5  60    0    0 278 -383  2
3823500 2818500  5 31 23  10.5 1018 284  0.7 2  5.4  66    0    0 277 -376  2
3823500 2818500  5 31 24   8.9 1018 304  0.9 2  5.3  71    0    0 271 -371  2
3823500 2818500  6  1  1   7.3 1019 292  0.1 0  5.1  81    0    0 249 -364  2
3823500 2818500  6  1  2   6.3 1019 314  0.0 1  5.0  82    0    0 249 -361  2
3823500 2818500  6  1  3   5.6 1019 340  0.0 1  4.9  84    0    0 248 -356  2
3823500 2818500  6  1  4   5.4 1019 329  0.0 1  4.8  86    0    0 246 -351  2
3823500 2818500  6  1  5   5.2 1019 344  0.2 2  4.8  87    0    6 248 -348  2
3823500 2818500  6  1  6   7.0 1019  51  0.0 2  5.1  87   32   59 252 -349  2
3823500 2818500  6  1  7  10.8 1019  33  0.5 3  6.2  88  117  112 263 -358  2
3823500 2818500  6  1  8  13.0 1019  55  1.5 3  7.2  84  237  149 277 -375  2
3823500 2818500  6  1  9  13.7 1019  47  1.6 4  6.6  69  230  237 286 -396  2
3823500 2818500  6  1 10  14.2 1019  60  1.5 4  5.8  59  315  273 294 -417  2
3823500 2818500  6  1 11  15.8 1019  14  1.9 3  6.0  57  484  244 296 -436  2
3823500 2818500  6  1 12  16.3 1019  32  2.2 2  6.0  53  546  243 296 -451  2
3823500 2818500  6  1 13  16.4 1018  72  2.2 2  5.7  49  650  190 295 -460  2
3823500 2818500  6  1 14  17.4 1018  81  2.2 2  5.7  48  716  130 298 -465  2
3823500 2818500  6  1 15  18.0 1018  40  2.5 1  5.8  46  703   92 299 -465  2
3823500 2818500  6  1 16  18.4 1017  28  2.9 1  5.8  45  631   72 298 -461  2
3823500 2818500  6  1 17  18.6 1017  41  2.3 1  5.8  44  507   64 299 -452  2
3823500 2818500  6  1 18  18.3 1016  40  2.1 1  5.8  44  330   75 298 -442  2
3823500 2818500  6  1 19  17.8 1016  48  2.6 1  5.9  46  178   68 297 -432  2
3823500 2818500  6  1 20  16.3 1016  73  1.6 2  6.0  50   53   45 300 -420  2
3823500 2818500  6  1 21  14.0 1016  78  1.0 1  5.9  56    2    8 293 -409  2
3823500 2818500  6  1 22  11.4 1016  62  0.5 1  5.8  64    0    0 280 -401  2
3823500 2818500  6  1 23   9.8 1016  68  0.5 1  5.8  73    0    0 272 -394  2
3823500 2818500  6  1 24  10.4 1016  61  0.6 1  6.1  79    0    0 271 -388  2
3823500 2818500  6  2  1  10.0 1016  77  0.6 0  6.1  79    0    0 266 -384  2
3823500 2818500  6  2  2   9.8 1016  81  0.9 0  6.1  80    0    0 260 -380  2
3823500 2818500  6  2  3   9.2 1015  77  0.8 0  6.1  82    0    0 258 -377  2
3823500 2818500  6  2  4   8.5 1015  77  0.8 1  6.0  85    0    0 258 -374  2
3823500 2818500  6  2  5   7.9 1015  82  0.9 3  6.0  88    0    7 267 -372  2
3823500 2818500  6  2  6  10.2 1015  86  1.2 4  6.5  91   38   54 281 -371  2
3823500 2818500  6  2  7  13.3 1015 114  1.6 3  7.2  83  124  100 287 -377  2
3823500 2818500  6  2  8  15.7 1015 125  1.8 2  7.1  69  259  123 284 -389  2
3823500 2818500  6  2  9  17.3 1015 127  3.0 1  6.8  58  394  135 280 -407  2
3823500 2818500  6  2 10  18.3 1015 118  2.9 2  6.5  51  505  146 284 -425  2
3823500 2818500  6  2 11  19.6 1014 112  3.1 2  6.3  46  592  152 295 -443  2
3823500 2818500  6  2 12  20.2 1014  95  3.0 3  6.3  44  674  135 306 -459  2
3823500 2818500  6  2 13  21.3 1013 110  2.9 4  6.2  40  692  132 318 -471  2
3823500 2818500  6  2 14  21.8 1013 107  2.7 5  5.9  37  619  159 328 -476  2
3823500 2818500  6  2 15  22.7 1012 109  2.7 4  5.8  35  563  149 330 -478  2
3823500 2818500  6  2 16  22.9 1011 108  2.3 4  6.0  35  527  105 331 -477  2
3823500 2818500  6  2 17  22.7 1011 111  2.7 5  6.3  36  409   94 334 -472  2
3823500 2818500  6  2 18  22.1 1010 111  2.4 6  6.3  37  162  140 337 -462  2
3823500 2818500  6  2 19  21.5 1009  94  1.8 5  6.4  39   78   93 336 -452  2
3823500 2818500  6  2 20  20.3 1009 102  1.5 7  6.7  43   29   42 336 -441  2
3823500 2818500  6  2 21  18.5 1009 102  0.5 7  7.0  50    0    7 339 -431  2
3823500 2818500  6  2 22  17.6 1009 110  0.2 6  7.2  56    0    0 334 -423  2
3823500 2818500  6  2 23  16.8 1009 118  0.3 5  7.1  58    0    0 326 -417  2
3823500 2818500  6  2 24  16.5 1009 123  0.7 6  6.9  58    0    0 324 -412  2
3823500 2818500  6  3  1  16.2 1008 122  1.1 6  6.8  58    0    0 327 -407  2
3823500 2818500  6  3  2  15.5 1008 130  0.9 6  6.7  59    0    0 326 -404  2
3823500 2818500  6  3  3  15.3 1008 120  1.1 7  6.6  60    0    0 329 -402  2
3823500 2818500  6  3  4  14.6 1007 109  1.5 8  6.5  61    0    0 333 -401  2
3823500 2818500  6  3  5  14.5 1006 115  1.7 8  6.5  63    0    0 335 -398  2
3823500 2818500  6  3  6  15.6 1006 132  2.2 7  6.6  61    0    9 336 -397  2
3823500 2818500  6  3  7  16.4 1005 137  3.2 7  6.9  61   15  119 336 -402  2
3823500 2818500  6  3  8  17.9 1005 118  3.6 4  7.2  58  181  196 337 -411  2
3823500 2818500  6  3  9  19.4 1005  34  4.4 6  7.2  53   93  290 343 -422  2
3823500 2818500  6  3 10  19.9 1004 114  4.7 6  7.1  49  205  343 351 -431  2
3823500 2818500  6  3 11  22.1 1004 137  5.0 5  7.1  45  500  277 359 -441  2
3823500 2818500  6  3 12  23.5 1004 142  4.4 6  7.0  40  535  295 366 -452  2
3823500 2818500  6  3 13  24.7 1003 132  3.8 6  6.8  36  576  282 371 -458  2
3823500 2818500  6  3 14  25.4 1003 147  4.2 6  6.7  33  466  320 374 -457  2
3823500 2818500  6  3 15  24.8 1002 145  3.5 6  6.7  33  210  374 374 -455  2
3823500 2818500  6  3 16  25.5 1001 139  2.9 6  7.0  35  145  325 373 -458  2
3823500 2818500  6  3 17  24.5 1001 155  2.8 7  7.3  36   50  246 373 -459  2
3823500 2818500  6  3 18  23.6 1001 241  2.5 8  7.5  40    0   83 373 -455  2
3823500 2818500  6  3 19  22.2 1000 187  2.8 8  8.0  45    0   34 372 -449  2
3823500 2818500  6  3 20  19.6 1000 225  0.8 8  8.4  54    0   24 368 -440  2
3823500 2818500  6  3 21  18.6  999 155  0.3 8  8.6  62    0    1 365 -432  2
3823500 2818500  6  3 22  17.8  999 161  1.0 7  8.8  66    0    0 361 -424  2
3823500 2818500  6  3 23  17.2 1000 228  2.6 6  8.9  70    0    0 355 -418  2
3823500 2818500  6  3 24  15.0 1000 245  0.8 6  8.8  76    0    0 348 -417  2
3823500 2818500  6  4  1  14.5 1000  68  0.7 4  8.7  82    0    0 339 -415  2
3823500 2818500  6  4  2  14.1  999 217  0.7 5  8.7  84    0    0 335 -413  2
3823500 2818500  6  4  3  14.7 1000 179  1.9 6  9.0  86    0    0 341 -411  2
3823500 2818500  6  4  4  15.3  999 201  1.0 7  9.5  88    0    0 351 -407  2
3823500 2818500  6  4  5  15.3 1000 197  1.2 8  9.7  88    0    1 360 -403  2
3823500 2818500  6  4  6  15.9 1000 209  1.5 7  9.9  88    0   12 362 -402  2
3823500 2818500  6  4  7  16.1 1000 250  2.2 6  9.5  82   21  127 352 -403  2
3823500 2818500  6  4  8  17.3 1000 243  2.4 6  8.8  73   47  214 348 -409  2
3823500 2818500  6  4  9  18.1 1001 214  2.2 7  8.7  67   83  299 356 -418  2
3823500 2818500  6  4 10  19.5 1001 207  2.3 6  8.8  64  245  349 361 -428  2
3823500 2818500  6  4 11  20.8 1002 188  2.0 5  8.7  58  459  320 356 -437  2
3823500 2818500  6  4 12  22.2 1001 167  1.9 5  8.7  54  519  327 359 -445  2
3823500 2818500  6  4 13  22.9 1001 143  2.8 5  8.6  50  592  300 365 -449  2
3823500 2818500  6  4 14  24.0 1000 105  2.1 5  8.1  44  598  279 369 -462  2
3823500 2818500  6  4 15  24.6 1000 223  2.7 4  8.1  42  517  273 368 -474  2
3823500 2818500  6  4 16  25.2  999 203  2.0 3  8.6  43  445  239 363 -473  2
3823500 2818500  6  4 17  25.3  999 216  1.8 3  9.4  46  286  227 359 -472  2
3823500 2818500  6  4 18  25.5  999 109  1.2 2 10.2  49  182  175 356 -466  2
3823500 2818500  6  4 19  24.7  998 116  1.2 2 10.4  51  105  115 353 -455  2
3823500 2818500  6  4 20  22.9  997  85  0.9 3 10.5  57   33   56 355 -445  2
3823500 2818500  6  4 21  21.6  997  83  0.6 3 10.5  61    0    9 365 -438  2
3823500 2818500  6  4 22  20.5  997  86  0.4 4 10.3  65    0    0 361 -431  2
3823500 2818500  6  4 23  19.5  997  86  0.3 4  9.9  67    0    0 351 -426  2
3823500 2818500  6  4 24  18.8  997  76  0.5 4  9.6  68    0    0 356 -422  2
3823500 2818500  6  5  1  18.2 1005  57  0.8 4  9.3  70    0    0 321 -412  2
3823500 2818500  6  5  2  17.9 1005  41  1.0 5  9.1  70    0    0 334 -407  2
3823500 2818500  6  5  3  17.6 1004  29  1.2 5  8.9  70    0    0 342 -404  2
3823500 2818500  6  5  4  17.4 1003  31  1.2 6  8.8  70    0    0 355 -401  2
3823500 2818500  6  5  5  17.3 1003  32  1.0 6  8.8  70    0    3 363 -399  2
3823500 2818500  6  5  6  16.7 1002  31  0.9 7  8.7  71    0   35 362 -399  2
3823500 2818500  6  5  7  17.2 1002  36  0.7 5  8.9  73   17  115 352 -405  2
3823500 2818500  6  5  8  18.4 1002  15  1.3 6  9.3  72   21  178 350 -417  2
3823500 2818500  6  5  9  18.7 1002  23  2.5 8  9.7  72    1  180 366 -434  2
3823500 2818500  6  5 10  20.0 1001  33  2.7 8 10.2  72  119  315 379 -450  2
3823500 2818500  6  5 11  22.8 1001  30  2.3 5 10.7  66  488  231 375 -460  2
3823500 2818500  6  5 12  26.4 1001  59  1.7 4 10.8  55  700  137 370 -471  2
3823500 2818500  6  5 13  27.3 1000  50  0.8 3 10.7  48  717  135 371 -486  2
3823500 2818500  6  5 14  27.6  999 125  1.3 4 10.8  46  197  357 375 -491  2
3823500 2818500  6  5 15  25.1  998 316  2.1 6 11.4  52    0  117 381 -493  2
3823500 2818500  6  5 16  21.9  998 303  0.6 5 11.9  65    0  139 375 -492  2
3823500 2818500  6  5 17  22.8  998 306  0.4 6 12.5  73    0  132 372 -484  2
3823500 2818500  6  5 18  22.7  997  12  1.4 5 13.4  76   58  166 374 -477  2
3823500 2818500  6  5 19  22.6  998 274  1.1 5 13.0  74   26  100 368 -472  2
3823500 2818500  6  5 20  21.3  997 234  2.1 7 12.3  73    3   35 375 -463  2
3823500 2818500  6  5 21  20.0  997 132  0.1 7 12.4  80    0    6 381 -454  2
3823500 2818500  6  5 22  19.5  997 262  0.2 7 12.5  85    0    0 378 -446  2
3823500 2818500  6  5 23  18.6  996 103  0.1 7 12.6  89    0    0 376 -439  2
3823500 2818500  6  5 24  18.9  996 176  0.1 7 12.6  91    0    0 375 -434  2
3823500 2818500  6  6  1  18.3  996 162  0.7 8 12.8  93    0    0 378 -432  2
3823500 2818500  6  6  2  17.5  996 197  0.3 7 12.6  96    0    0 376 -430  2
3823500 2818500  6  6  3  17.4  995 193  0.2 6 12.4  97    0    0 363 -428  2
3823500 2818500  6  6  4  17.1  994 218  0.4 6 12.4  98    0    0 357 -428  2
3823500 2818500  6  6  5  17.4  994 196  0.4 7 12.5  99    0    6 363 -429  2
3823500 2818500  6  6  6  17.9  995 206  0.1 5 12.5  97    0   23 357 -429  2
3823500 2818500  6  6  7  18.2  995 169  0.5 6 12.7  95    0   73 350 -431  2
3823500 2818500  6  6  8  18.9  995 224  1.3 7 12.7  93    3  142 364 -431  2
3823500 2818500  6  6  9  19.2  995 234  2.3 7 12.8  90   43  252 373 -432  2
3823500 2818500  6  6 10  20.2  996 226  2.5 6 12.9  88   98  315 372 -439  2
3823500 2818500  6  6 11  21.6  996 203  3.1 6 12.9  81  168  353 375 -453  2
3823500 2818500  6  6 12  23.4  995 217  2.6 4 12.4  71  304  349 375 -471  2
3823500 2818500  6  6 13  24.0  995 226  3.5 5 11.9  64  241  371 378 -481  2
3823500 2818500  6  6 14  24.2  995 250  3.2 7 11.6  60   44  318 393 -485  2
3823500 2818500  6  6 15  24.8  995 221  2.4 5 11.2  57  303  301 394 -485  2
3823500 2818500  6  6 16  25.3  994 200  1.8 4 11.0  54  393  200 385 -489  2
3823500 2818500  6  6 17  24.9  994 145  2.5 6 10.6  52   63  220 384 -493  2
3823500 2818500  6  6 18  21.6  994 279  2.3 6 11.2  61   23  154 386 -486  2
3823500 2818500  6  6 19  20.3  994 265  2.4 6 12.2  76    0   59 379 -469  2
3823500 2818500  6  6 20  18.4  995 313  0.4 6 12.0  83    2   32 374 -450  2
3823500 2818500  6  6 21  18.0  995 230  1.7 6 11.6  87    0    2 370 -439  2
3823500 2818500  6  6 22  17.3  995 121  0.8 7 11.4  88    0    0 372 -433  2
3823500 2818500  6  6 23  16.9  995 210  1.2 6 11.3  91    0    0 372 -428  2
3823500 2818500  6  6 24  16.8  995 212  1.5 7 11.4  93    0    0 373 -426  2
3823500 2818500  6  7  1  17.6  994 158  1.9 6 11.4  91    0    0 376 -424  2
3823500 2818500  6  7  2  17.2  994 197  2.2 6 11.3  89    0    0 372 -422  2
3823500 2818500  6  7  3  16.7  994 185  1.7 7 11.1  90    0    0 374 -420  2
3823500 2818500  6  7  4  15.7  994 217  3.6 8 10.8  91    0    0 378 -417  2
3823500 2818500  6  7  5  14.6  995 226  3.3 8 10.3  93    0    4 378 -412  2
3823500 2818500  6  7  6  14.4  995 256  3.5 6  9.8  93    0   36 365 -411  2
3823500 2818500  6  7  7  14.1  996 255  3.6 6  9.5  92    0   63 354 -412  2
3823500 2818500  6  7  8  14.0  997 258  3.0 8  9.4  92    0   78 363 -414  2
3823500 2818500  6  7  9  13.7  997 271  3.2 8  9.1  90    0  106 372 -414  2
3823500 2818500  6  7 10  13.5  997 264  2.7 7  8.9  90    0  150 367 -413  2
3823500 2818500  6  7 11  14.0  998 268  2.2 8  8.8  88    0  155 367 -416  2
3823500 2818500  6  7 12  14.9  998 249  2.0 7  8.8  84    2  241 370 -424  2
3823500 2818500  6  7 13  16.1  998 232  2.0 6  9.0  80   42  311 368 -432  2
3823500 2818500  6  7 14  16.7  998 265  1.5 7  9.0  76   32  289 370 -436  2
3823500 2818500  6  7 15  17.3  998 247  1.6 7  8.9  72   25  263 371 -441  2
3823500 2818500  6  7 16  18.6  997 279  1.3 5  8.8  68  230  240 366 -446  2
3823500 2818500  6  7 17  19.3  998 250  0.8 4  8.9  64  320  132 360 -447  2
3823500 2818500  6  7 18  19.6  997  17  1.1 3  8.9  62  294   71 354 -443  2
3823500 2818500  6  7 19  19.1  997  39  1.1 4  9.0  63  195   59 353 -435  2
3823500 2818500  6  7 20  18.0  997  46  1.1 5  9.1  67   61   38 356 -427  2
3823500 2818500  6  7 21  16.3  996  49  1.0 5  9.1  73    0    5 352 -420  2
3823500 2818500  6  7 22  15.7  996  57  1.1 6  9.1  78    0    0 350 -415  2
3823500 2818500  6  7 23  15.4  995  67  1.4 6  9.0  80    0    0 354 -410  2
3823500 2818500  6  7 24  15.5  995  61  1.4 6  9.1  82    0    0 354 -405  2
3823500 2818500  6  8  1  15.2  995  63  1.3 7  9.3  84    0    0 358 -401  2
3823500 2818500  6  8  2  15.2  994  56  0.2 6  9.5  86    0    0 358 -397  2
3823500 2818500  6  8  3  15.2  994 324  0.8 7  9.7  88    0    0 358 -394  2
3823500 2818500  6  8  4  14.8  994  27  0.2 8  9.8  90    0    0 366 -391  2
3823500 2818500  6  8  5  14.5  994 319  0.8 7 10.0  93    0    8 365 -389  2
3823500 2818500  6  8  6  14.4  994 251  0.5 7 10.0  95    0   16 359 -388  2
3823500 2818500  6  8  7  14.2  994 282  2.7 7 10.0  96    0   29 358 -390  2
3823500 2818500  6  8  8  13.2  995 262  3.7 8  9.5  95    0   54 359 -397  2
3823500 2818500  6  8  9  12.2  995 274  3.5 7  8.9  95    0   82 354 -408  2
3823500 2818500  6  8 10  12.4  996 266  3.6 7  8.6  94    0  138 347 -419  2
3823500 2818500  6  8 11  12.7  996 265  3.7 7  8.5  92    0  192 348 -429  2
3823500 2818500  6  8 12  13.6  997 262  4.1 7  8.3  87    8  279 350 -439  2
3823500 2818500  6  8 13  14.3  997 285  3.1 7  7.9  78    3  262 353 -448  2
3823500 2818500  6  8 14  15.3  998 262  3.9 7  7.3  68    8  275 354 -450  2
3823500 2818500  6  8 15  15.8  998 250  4.5 6  6.9  62   62  326 351 -451  2
3823500 2818500  6  8 16  16.5  998 232  3.7 6  6.5  56  109  304 347 -452  2
3823500 2818500  6  8 17  16.8  998 264  3.6 6  6.0  50   99  246 345 -448  2
3823500 2818500  6  8 18  17.1  999 330  4.0 6  6.0  49   77  181 345 -441  2
3823500 2818500  6  8 19  16.6  999 305  2.9 6  6.1  50   40  112 343 -432  2
3823500 2818500  6  8 20  15.7  999 278  0.7 5  6.2  53    6   42 336 -421  2
3823500 2818500  6  8 21  13.0 1000 205  0.8 5  6.7  65    0    1 326 -409  2
3823500 2818500  6  8 22  11.9 1000 196  0.7 6  7.1  78    0    0 324 -400  2
3823500 2818500  6  8 23  11.5 1001 248  0.0 6  7.1  82    0    0 325 -393  2
3823500 2818500  6  8 24  10.3 1001 200  0.1 5  7.1  86    0    0 315 -389  2
3823500 2818500  6  9  1  11.1 1001 216  0.2 5  7.1  87    0    0 309 -385  2
3823500 2818500  6  9  2  11.6 1002 234  0.4 5  7.1  83    0    0 309 -382  2
3823500 2818500  6  9  3  10.6 1002 238  0.8 2  6.9  83    0    0 292 -379  2
3823500 2818500  6  9  4  10.9 1002 234  1.1 0  6.6  81    0    0 266 -376  2
3823500 2818500  6  9  5  10.8 1002 228  1.3 1  6.5  79    5   18 261 -371  2
3823500 2818500  6  9  6  11.6 1003 224  2.0 1  6.5  77   61   57 265 -369  2
3823500 2818500  6  9  7  12.5 1003 225  3.2 1  6.7  76  212   66 267 -373  2
3823500 2818500  6  9  8  13.6 1004 238  3.2 2  7.0  74  366   67 275 -382  2
3823500 2818500  6  9  9  14.4 1004 244  3.3 2  7.4  73  452  104 282 -394  2
3823500 2818500  6  9 10  15.6 1005 243  3.6 3  7.5  70  466  174 291 -407  2
3823500 2818500  6  9 11  16.7 1005 245  3.6 3  7.3  63  519  202 300 -419  2
3823500 2818500  6  9 12  17.3 1005 260  3.8 4  6.7  55  425  286 307 -429  2
3823500 2818500  6  9 13  18.3 1005 263  4.1 4  6.2  48  254  358 313 -438  2
3823500 2818500  6  9 14  17.9 1005 309  3.9 3  6.0  46  174  351 311 -445  2
3823500 2818500  6  9 15  18.7 1005 285  3.8 3  5.6  42  185  321 306 -448  2
3823500 2818500  6  9 16  18.3 1005 233  4.3 5  5.6  42  199  271 315 -446  2
3823500 2818500  6  9 17  18.3 1006 299  4.3 7  5.9  45   65  221 330 -443  2
3823500 2818500  6  9 18  18.2 1006 279  1.6 6  5.9  45   95  163 334 -433  2
3823500 2818500  6  9 19  17.8 1006 280  1.6 5  5.8  45   48  103 322 -421  2
3823500 2818500  6  9 20  17.1 1006 299  0.1 5  5.8  47   10   43 314 -411  2
3823500 2818500  6  9 21  14.9 1007 335  0.1 3  6.2  54    0    6 298 -403  2
3823500 2818500  6  9 22  12.5 1007 315  0.7 3  6.6  68    0    0 279 -396  2
3823500 2818500  6  9 23  11.7 1008 241  0.0 4  6.9  78    0    0 282 -389  2
3823500 2818500  6  9 24  10.6 1008 286  0.0 4  6.9  83    0    0 286 -383  2
3823500 2818500  6 10  1  10.0 1008 170  0.0 3  6.7  86    0    0 279 -380  2
3823500 2818500  6 10  2   9.3 1008 182  0.3 2  6.6  88    0    0 267 -378  2
3823500 2818500  6 10  3   7.9 1008  63  0.1 0  6.4  92    0    0 249 -378  2
3823500 2818500  6 10  4   7.4 1008  96  0.0 0  6.2  95    0    0 237 -377  2
3823500 2818500  6 10  5   7.0 1008 145  0.5 0  6.1  97    1   13 236 -375  2
3823500 2818500  6 10  6   9.8 1007 121  0.6 0  6.5  95   42   64 239 -375  2
3823500 2818500  6 10  7  13.8 1008 142  0.8 0  7.2  83  177   91 249 -380  2
3823500 2818500  6 10  8  15.6 1008 149  1.4 1  7.3  70  225  154 263 -390  2
3823500 2818500  6 10  9  16.6 1008 135  1.2 4  7.1  62  174  252 288 -405  2
3823500 2818500  6 10 10  17.0 1007 138  1.4 5  6.9  57  185  311 310 -423  2
3823500 2818500  6 10 11  17.4 1007 275  1.5 7  6.7  54   21  301 327 -432  2
3823500 2818500  6 10 12  16.6 1007 184  2.0 8  6.6  54    0  131 342 -436  2
3823500 2818500  6 10 13  16.3 1007 254  1.9 6  6.8  58   17  301 337 -449  2
3823500 2818500  6 10 14  16.8 1007 257  2.0 5  7.2  60  127  361 324 -454  2
3823500 2818500  6 10 15  17.6 1006 301  1.4 5  6.9  56  272  317 321 -446  2
3823500 2818500  6 10 16  18.5 1006 342  1.6 6  6.5  50  123  291 327 -443  2
3823500 2818500  6 10 17  18.5 1005 220  1.9 7  6.5  49   43  224 339 -442  2
3823500 2818500  6 10 18  14.7 1005 175  3.3 7  7.3  61   15  151 341 -432  2
3823500 2818500  6 10 19  15.3 1005  99  1.1 3  8.3  77  153   81 312 -419  2
3823500 2818500  6 10 20  14.2 1005  56  1.0 4  8.5  80   48   49 293 -413  2
3823500 2818500  6 10 21  12.7 1005  91  1.5 3  8.4  86    0    2 287 -406  2
3823500 2818500  6 10 22  12.5 1005 229  0.3 6  8.2  90    0    0 298 -402  2
3823500 2818500  6 10 23  11.8 1006 175  0.9 8  8.2  92    0    0 331 -398  2
3823500 2818500  6 10 24  11.9 1006 178  0.7 8  8.4  96    0    0 344 -394  2
3823500 2818500  6 11  1  11.8 1006 205  1.5 8  8.5  97    0    0 345 -391  2
3823500 2818500  6 11  2  12.1 1005 216  1.9 8  8.3  95    0    0 347 -389  2
3823500 2818500  6 11  3  11.3 1006 223  1.8 6  8.1  93    0    0 334 -387  2
3823500 2818500  6 11  4  10.9 1006 247  1.8 6  7.7  93    0    0 319 -384  2
3823500 2818500  6 11  5  10.1 1006 232  2.4 6  7.4  93    0    1 316 -383  2
3823500 2818500  6 11  6  10.0 1006 234  2.3 7  7.2  93    0   35 319 -381  2
3823500 2818500  6 11  7  10.8 1007 224  2.6 8  7.1  90    0   67 333 -381  2
3823500 2818500  6 11  8  11.1 1007 227  3.0 7  7.1  86   11  170 336 -383  2
3823500 2818500  6 11  9  12.6 1007 213  3.7 6  7.0  80  117  268 325 -387  2
3823500 2818500  6 11 10  13.4 1008 208  3.6 4  6.8  72  318  270 311 -395  2
3823500 2818500  6 11 11  15.2 1008 226  4.5 2  6.5  63  564  199 290 -407  2
3823500 2818500  6 11 12  16.1 1008 230  3.8 1  5.8  52  623  200 278 -411  2
3823500 2818500  6 11 13  16.7 1008 228  3.3 3  5.6  48  517  271 287 -404  2
3823500 2818500  6 11 14  17.1 1008 219  3.4 6  5.9  49  145  372 317 -399  2
3823500 2818500  6 11 15  16.7 1007 209  3.2 4  5.9  49  112  338 321 -399  2
3823500 2818500  6 11 16  16.3 1007 229  2.4 4  6.1  52  179  294 310 -399  2
3823500 2818500  6 11 17  15.0 1007 276  3.3 4  6.5  58  167  233 307 -397  2
3823500 2818500  6 11 18  15.1 1008 236  2.4 4  6.5  60  114  172 304 -397  2
3823500 2818500  6 11 19  15.4 1008 236  2.1 4  6.5  60   70  104 303 -397  2
3823500 2818500  6 11 20  14.6 1008 278  2.0 5  6.6  61    1   34 307 -395  2
3823500 2818500  6 11 21  12.3 1009 219  1.1 5  6.8  70    0    1 307 -391  2
3823500 2818500  6 11 22  10.2 1009 221  0.6 5  6.9  83    0    0 301 -385  2
3823500 2818500  6 11 23   9.2 1009 160  0.8 5  6.9  91    0    0 296 -380  2
3823500 2818500  6 11 24   9.4 1010 166  1.0 5  6.8  93    0    0 295 -376  2
3823500 2818500  6 12  1   8.5 1010 168  1.0 4  6.8  94    0    0 290 -372  2
3823500 2818500  6 12  2   7.3 1010 204  1.1 3  6.5  97    0    0 278 -367  2
3823500 2818500  6 12  3   7.3 1010 180  0.9 3  6.1  96    0    0 271 -362  2
3823500 2818500  6 12  4   7.2 1010 221  0.6 4  6.0  94    0    0 277 -359  2
3823500 2818500  6 12  5   7.8 1010 126  0.5 3  6.2  96    0   11 278 -356  2
3823500 2818500  6 12  6   9.6 1010 200  0.7 3  6.8  96   27   62 276 -357  2
3823500 2818500  6 12  7  11.7 1011 200  1.0 2  7.2  90  149   98 275 -365  2
3823500 2818500  6 12  8  13.1 1011 222  0.9 1  7.3  81  336   87 269 -379  2
3823500 2818500  6 12  9  14.7 1011 234  1.2 3  7.1  72  221  230 278 -397  2
3823500 2818500  6 12 10  15.5 1011 199  1.7 3  6.8  63  200  301 290 -415  2
3823500 2818500  6 12 11  16.1 1011 243  2.3 3  6.5  58  185  349 293 -430  2
3823500 2818500  6 12 12  17.2 1011 230  2.4 4  6.4  54  247  364 301 -441  2
3823500 2818500  6 12 13  17.7 1011 238  3.0 4  6.0  48  549  234 307 -450  2
3823500 2818500  6 12 14  18.3 1010 148  2.6 4  5.6  43  488  251 308 -461  2
3823500 2818500  6 12 15  18.6 1010 164  2.0 5  5.2  40  317  292 313 -465  2
3823500 2818500  6 12 16  19.3 1009 182  2.6 4  5.1  37  327  230 315 -458  2
3823500 2818500  6 12 17  18.8 1009 163  2.8 5  4.9  36  275  180 317 -449  2
3823500 2818500  6 12 18  18.9 1008 205  2.2 5  4.9  36  130  160 320 -442  2
3823500 2818500  6 12 19  18.2 1008 229  1.2 5  5.1  38   74   99 320 -434  2
3823500 2818500  6 12 20  16.9 1008 232  0.6 7  5.3  42   23   45 324 -425  2
3823500 2818500  6 12 21  15.0 1008 171  0.1 8  5.9  52    0    6 330 -415  2
3823500 2818500  6 12 22  13.7 1008 122  0.1 8  6.7  66    0    0 329 -408  2
3823500 2818500  6 12 23  13.9 1008 130  0.1 8  6.9  69    0    0 328 -404  2
3823500 2818500  6 12 24  13.2 1007 123  0.1 7  6.7  69    0    0 326 -401  2
3823500 2818500  6 13  1  13.2 1007 132  0.1 8  6.6  69    0    0 328 -399  2
3823500 2818500  6 13  2  12.8 1007 135  0.2 7  6.5  69    0    0 331 -399  2
3823500 2818500  6 13  3  13.4 1007 185  0.7 6  6.4  68    0    0 329 -399  2
3823500 2818500  6 13  4  12.5 1006 184  1.6 7  6.4  69    0    0 331 -398  2
3823500 2818500  6 13  5  13.1 1006 190  1.3 7  6.6  72    2   15 336 -398  2
3823500 2818500  6 13  6  14.0 1006 202  1.3 6  6.8  70   12   54 338 -398  2
3823500 2818500  6 13  7  15.3 1006 197  2.4 6  7.0  67   46  116 341 -400  2
3823500 2818500  6 13  8  16.5 1006 207  4.5 5  7.3  64  227  127 343 -403  2
3823500 2818500  6 13  9  17.3 1006 209  4.8 7  7.6  63  339  145 352 -409  2
3823500 2818500  6 13 10  19.1 1006 197  4.1 8  8.1  61  287  239 366 -418  2
3823500 2818500  6 13 11  19.1 1006 217  4.4 6  8.4  60  385  241 368 -422  2
3823500 2818500  6 13 12  20.1 1006 195  3.8 7  8.7  60  180  337 370 -417  2
3823500 2818500  6 13 13  20.3 1006 199  4.3 7  9.0  60   84  332 378 -417  2
3823500 2818500  6 13 14  20.0 1005 210  4.3 5  9.3  62   47  308 375 -421  2
3823500 2818500  6 13 15  20.2 1005 211  4.0 6  9.4  63   14  256 375 -421  2
3823500 2818500  6 13 16  19.9 1005 225  4.4 7  9.5  64   11  229 382 -422  2
3823500 2818500  6 13 17  19.9 1006 223  4.5 7  9.6  66   47  211 386 -421  2
3823500 2818500  6 13 18  20.0 1006 220  3.2 7  9.8  67   26  150 388 -420  2
3823500 2818500  6 13 19  19.0 1006 219  2.6 7 10.0  70   11   88 386 -418  2
3823500 2818500  6 13 20  18.4 1006 200  1.7 7 10.2  75    4   38 383 -415  2
3823500 2818500  6 13 21  17.7 1006 202  0.8 7 10.4  80    1    8 382 -413  2
3823500 2818500  6 13 22  17.4 1006 227  1.0 6 10.5  83    0    0 376 -411  2
3823500 2818500  6 13 23  17.7 1006 195  1.7 6 10.6  83    0    0 372 -410  2
3823500 2818500  6 13 24  17.2 1006 212  1.8 6 10.6  84    0    0 371 -408  2
3823500 2818500  6 14  1  16.8 1007 238  1.6 8 10.6  87    0    0 377 -407  2
3823500 2818500  6 14  2  16.6 1007 234  1.0 8 10.6  88    0    0 385 -406  2
3823500 2818500  6 14  3  16.2 1007 252  1.3 8 10.5  89    0    0 383 -405  2
3823500 2818500  6 14  4  14.8 1007 241  0.8 7 10.3  92    0    0 374 -404  2
3823500 2818500  6 14  5  15.1 1007 237  0.7 7 10.1  95    0    4 365 -403  2
3823500 2818500  6 14  6  15.1 1007 264  1.3 6 10.1  94    0   34 358 -402  2
3823500 2818500  6 14  7  15.0 1008 283  1.8 8  9.9  91    0   57 361 -404  2
3823500 2818500  6 14  8  15.2 1008 281  1.9 7  9.6  89    0  121 366 -409  2
3823500 2818500  6 14  9  15.2 1009 274  1.9 8  9.6  89    0  108 366 -416  2
3823500 2818500  6 14 10  15.7 1009 251  2.5 8  9.7  88    0  158 374 -427  2
3823500 2818500  6 14 11  15.9 1009 278  2.5 7  9.8  87    3  235 370 -443  2
3823500 2818500  6 14 12  18.3 1010 260  2.5 6  9.7  79   62  337 363 -455  2
3823500 2818500  6 14 13  19.3 1010 292  1.7 5  9.3  69  416  299 358 -464  2
3823500 2818500  6 14 14  19.1 1009   1  0.6 8  8.6  61   57  327 366 -469  2
3823500 2818500  6 14 15  20.2 1009 298  2.9 8  8.1  56    0  174 376 -474  2
3823500 2818500  6 14 16  20.4 1009 346  2.4 5  8.0  53  115  280 362 -472  2
3823500 2818500  6 14 17  20.6 1009 323  2.7 4  7.6  51  407  104 344 -462  2
3823500 2818500  6 14 18  20.8 1009 306  1.8 4  7.3  48  210  124 337 -452  2
3823500 2818500  6 14 19  20.2 1009   1  1.4 4  7.4  49  157   73 333 -440  2
3823500 2818500  6 14 20  18.7 1009 343  0.9 3  7.8  55   18   45 323 -430  2
3823500 2818500  6 14 21  16.0 1010 354  0.2 3  8.1  65    1    9 311 -418  2
3823500 2818500  6 14 22  13.6 1010   1  0.1 4  8.2  78    0    0 305 -407  2
3823500 2818500  6 14 23  12.5 1010   8  0.0 4  8.1  86    0    0 304 -400  2
3823500 2818500  6 14 24  11.5 1010 351  0.0 4  7.9  90    0    0 302 -397  2
3823500 2818500  6 15  1  11.0 1010  71  0.1 4  7.8  93    0    0 302 -396  2
3823500 2818500  6 15  2   9.9 1010  33  0.0 4  7.6  96    0    0 299 -396  2
3823500 2818500  6 15  3  11.0 1010  16  0.0 4  7.6  96    0    0 296 -397  2
3823500 2818500  6 15  4  10.6 1010 104  0.1 4  7.5  93    0    0 295 -399  2
3823500 2818500  6 15  5  10.7 1009 146  0.1 5  7.5  93    0    6 300 -399  2
3823500 2818500  6 15  6  12.2 1009 176  0.3 6  8.0  94    0   24 313 -401  2
3823500 2818500  6 15  7  14.3 1009 168  0.3 7  8.7  91    2   97 329 -404  2
3823500 2818500  6 15  8  15.8 1009 173  0.7 6  9.2  86   43  207 337 -409  2
3823500 2818500  6 15  9  18.8 1008 189  1.0 5  9.6  77  126  291 338 -422  2
3823500 2818500  6 15 10  21.0 1008 212  1.7 4  9.8  67  255  333 343 -434  2
3823500 2818500  6 15 11  22.2 1008 224  2.5 6  9.6  59   91  375 358 -436  2
3823500 2818500  6 15 12  22.0 1009 200  2.7 7  9.6  57   10  282 371 -436  2
3823500 2818500  6 15 13  22.3 1009 205  2.9 6 10.1  60   69  380 376 -438  2
3823500 2818500  6 15 14  22.9 1008 214  2.7 5 10.5  61  196  412 375 -447  2
3823500 2818500  6 15 15  22.6 1008 216  2.1 6 10.3  59   72  345 376 -456  2
3823500 2818500  6 15 16  22.9 1007 197  2.8 6 10.2  58   87  312 380 -460  2
3823500 2818500  6 15 17  22.9 1007 214  1.7 7 10.5  60    9  199 383 -458  2
3823500 2818500  6 15 18  22.6 1007 229  1.6 7 10.8  62    0   93 386 -452  2
3823500 2818500  6 15 19  22.1 1006 231  1.1 7 10.8  64    0   62 385 -446  2
3823500 2818500  6 15 20  21.5 1006 207  1.0 8 11.0  66    0   10 389 -439  2
3823500 2818500  6 15 21  19.7 1005 271  2.3 7 11.1  72    0    1 386 -432  2
3823500 2818500  6 15 22  18.0 1006 294  1.1 7 11.3  82    0    0 377 -426  2
3823500 2818500  6 15 23  16.8 1006 274  0.7 7 11.2  89    0    0 374 -421  2
3823500 2818500  6 15 24  15.9 1006 280  0.5 7 10.9  93    0    0 373 -418  2
3823500 2818500  6 16  1  15.0 1006 184  0.4 6 10.6  95    0    0 366 -415  2
3823500 2818500  6 16  2  14.3 1006 207  0.3 5 10.3  97    0    0 354 -413  2
3823500 2818500  6 16  3  13.8 1005 184  0.9 6 10.1  99    0    0 351 -412  2
3823500 2818500  6 16  4  14.0 1005 160  0.8 6 10.0 100    0    0 354 -411  2
3823500 2818500  6 16  5  14.2 1004 155  0.7 5 10.1  99    0    2 349 -411  2
3823500 2818500  6 16  6  15.4 1004 146  1.2 7 10.4  97    0   27 358 -410  2
3823500 2818500  6 16  7  17.3 1004 143  1.6 8 10.6  90    0   65 379 -412  2
3823500 2818500  6 16  8  18.5 1003 144  1.7 8 10.9  84    0  104 390 -415  2
3823500 2818500  6 16  9  19.6 1003 175  2.9 7 11.2  80   14  224 390 -422  2
3823500 2818500  6 16 10  20.5 1003 184  3.4 8 10.8  73    6  235 393 -428  2
3823500 2818500  6 16 11  20.1 1003 201  3.0 7 10.8  72    6  255 395 -437  2
3823500 2818500  6 16 12  19.8 1002 214  2.8 6 11.0  74   72  354 388 -444  2
3823500 2818500  6 16 13  19.4 1001 255  2.9 7 10.4  72    0  217 386 -451  2
3823500 2818500  6 16 14  15.3 1001 313  1.3 6 10.0  80    0  208 377 -449  2
3823500 2818500  6 16 15  16.1 1001 189  0.9 7 10.1  90    0  189 370 -437  2
3823500 2818500  6 16 16  17.2 1001 183  1.4 7 10.5  87    0  182 376 -435  2
3823500 2818500  6 16 17  18.1 1001 197  0.7 6 10.8  84   96  237 376 -435  2
3823500 2818500  6 16 18  17.0 1000 221  1.4 4 10.7  84   88  173 360 -427  2
3823500 2818500  6 16 19  15.2 1000 245  1.0 8 10.1  86    0   58 360 -421  2
3823500 2818500  6 16 20  14.4 1001 232  1.1 7  9.8  92    1   36 368 -416  2
3823500 2818500  6 16 21  13.7 1002 205  1.3 5  9.6  94    4   10 349 -408  2
3823500 2818500  6 16 22  13.9 1002 216  2.0 6  9.2  92    0    0 342 -400  2
3823500 2818500  6 16 23  13.5 1003 232  2.5 6  8.8  89    0    0 344 -394  2
3823500 2818500  6 16 24  12.9 1003 230  2.4 6  8.4  88    0    0 341 -389  2
3823500 2818500  6 17  1  12.3 1004 226  2.7 5  8.0  87    0    0 331 -384  2
3823500 2818500  6 17  2  11.6 1004 219  2.4 3  7.6  86    0    0 314 -381  2
3823500 2818500  6 17  3  11.2 1004 215  2.1 1  7.1  84    0    0 291 -378  2
3823500 2818500  6 17  4  10.9 1004 218  2.1 0  6.8  82    0    0 274 -375  2
3823500 2818500  6 17  5  10.4 1005 213  2.3 1  6.7  82    0   14 272 -373  2
3823500 2818500  6 17  6  11.0 1005 223  2.7 1  6.7  83   39   67 274 -372  2
3823500 2818500  6 17  7  12.2 1005 225  3.1 1  7.0  81  172  106 273 -376  2
3823500 2818500  6 17  8  13.5 1005 231  3.4 1  7.3  78  295  135 274 -384  2
3823500 2818500  6 17  9  14.8 1005 228  3.6 3  7.5  74  324  207 284 -396  2
3823500 2818500  6 17 10  15.8 1006 221  3.4 3  7.4  68  373  259 295 -409  2
3823500 2818500  6 17 11  16.5 1005 229  3.3 4  7.2  62  477  265 303 -421  2
3823500 2818500  6 17 12  17.3 1005 217  3.6 5  7.1  58  450  314 319 -432  2
3823500 2818500  6 17 13  17.9 1005 207  3.2 6  6.9  54  317  377 331 -442  2
3823500 2818500  6 17 14  18.0 1004 201  3.4 7  6.5  50   48  337 340 -448  2
3823500 2818500  6 17 15  18.2 1003 200  2.1 7  6.3  48   18  277 345 -451  2
3823500 2818500  6 17 16  18.6 1002 209  1.5 7  6.3  48   16  250 348 -449  2
3823500 2818500  6 17 17  18.2 1002 143  1.1 8  6.5  49    0  104 355 -443  2
3823500 2818500  6 17 18  17.7 1001  98  1.3 7  6.9  53    0   67 357 -432  2
3823500 2818500  6 17 19  15.8 1000 103  1.0 7  7.7  64    0   49 353 -421  2
3823500 2818500  6 17 20  14.9 1000 219  1.1 8  8.3  75    0   19 356 -412  2
3823500 2818500  6 17 21  14.3  999  66  0.7 8  8.3  79    0    9 361 -406  2
3823500 2818500  6 17 22  13.9  998 153  0.8 7  8.4  82    0    0 355 -403  2
3823500 2818500  6 17 23  13.9  998  98  0.6 7  8.5  84    0    0 351 -401  2
3823500 2818500  6 17 24  13.7  997 102  0.6 8  8.4  84    0    0 358 -400  2
3823500 2818500  6 18  1  13.6  996 107  0.4 8  8.4  84    0    0 363 -399  2
3823500 2818500  6 18  2  13.2  994 128  0.9 7  8.4  86    0    0 358 -399  2
3823500 2818500  6 18  3  12.9  994 129  0.5 7  8.5  89    0    0 353 -396  2
3823500 2818500  6 18  4  13.2  993 154  1.7 7  8.8  92    0    0 354 -394  2
3823500 2818500  6 18  5  13.9  992 166  2.2 6  9.1  92    0    9 351 -395  2
3823500 2818500  6 18  6  14.8  992 191  2.4 6  9.4  90    0   36 348 -394  2
3823500 2818500  6 18  7  15.4  991 205  4.0 6  9.4  85   21  116 350 -394  2
3823500 2818500  6 18  8  16.1  992 214  5.7 5  9.0  78   40  187 344 -397  2
3823500 2818500  6 18  9  16.3  992 221  5.4 7  8.6  73   10  209 349 -403  2
3823500 2818500  6 18 10  15.6  992 223  5.1 6  8.2  71   37  283 351 -411  2
3823500 2818500  6 18 11  15.4  993 237  6.0 6  7.7  68   67  329 343 -415  2
3823500 2818500  6 18 12  16.0  993 222  4.5 7  7.1  63   52  333 348 -411  2
3823500 2818500  6 18 13  16.4  994 240  4.6 5  6.9  59  269  356 344 -408  2
3823500 2818500  6 18 14  15.5  994 272  5.8 7  7.0  61   17  286 341 -415  2
3823500 2818500  6 18 15  15.3  994 224  3.8 6  7.7  69  196  317 344 -418  2
3823500 2818500  6 18 16  14.5  994 212  4.1 8  8.1  75    8  223 345 -415  2
3823500 2818500  6 18 17  13.8  995 224  2.4 5  8.0  78   93  223 338 -417  2
3823500 2818500  6 18 18  15.3  995 230  4.6 3  7.7  73  352   59 319 -416  2
3823500 2818500  6 18 19  14.5  995 218  3.1 3  7.5  70  209   57 310 -410  2
3823500 2818500  6 18 20  13.4  995 222  2.3 6  7.5  74   26   49 317 -405  2
3823500 2818500  6 18 21  12.5  995 195  1.9 5  7.5  80    0    3 322 -399  2
3823500 2818500  6 18 22  11.9  995 204  2.8 6  7.5  84    0    0 321 -393  2
3823500 2818500  6 18 23  11.8  996 213  2.6 7  7.6  86    0    0 329 -388  2
3823500 2818500  6 18 24  11.8  996 198  2.8 7  7.6  87    0    0 335 -385  2
3823500 2818500  6 19  1  12.1  995 217  3.0 5  7.5  85    0    0 325 -386  2
3823500 2818500  6 19  2  11.9  995 205  4.0 5  7.4  83    0    0 318 -387  2
3823500 2818500  6 19  3  12.0  995 214  4.8 6  7.3  82    0    0 325 -386  2
3823500 2818500  6 19  4  11.9  995 210  4.1 7  7.4  83    0    0 335 -385  2
3823500 2818500  6 19  5  12.0  995 218  4.1 7  7.5  84    0    3 339 -384  2
3823500 2818500  6 19  6  12.1  995 219  4.6 6  7.5  84    0   38 335 -385  2
3823500 2818500  6 19  7  12.3  995 218  4.9 7  7.6  84    0   65 334 -387  2
3823500 2818500  6 19  8  12.0  995 226  5.2 7  7.8  86    0   93 340 -388  2
3823500 2818500  6 19  9  12.7  995 223  3.0 8  8.0  87    0  122 348 -388  2
3823500 2818500  6 19 10  12.7  995 214  6.5 7  8.1  87    0  179 352 -394  2
3823500 2818500  6 19 11  12.6  996 236  4.8 8  8.2  88    0  142 353 -399  2
3823500 2818500  6 19 12  12.7  996 243  5.4 7  8.4  90    0  177 351 -407  2
3823500 2818500  6 19 13  13.6  997 251  3.9 6  8.5  89   14  248 344 -418  2
3823500 2818500  6 19 14  14.0  997 253  6.1 7  8.5  84    0  179 344 -421  2
3823500 2818500  6 19 15  14.2  998 277  4.6 7  8.3  81    0  179 345 -421  2
3823500 2818500  6 19 16  14.7  999 274  4.8 7  8.0  77   28  207 346 -421  2
3823500 2818500  6 19 17  15.0 1000 273  4.0 7  7.6  71   25  168 346 -419  2
3823500 2818500  6 19 18  14.9 1001 270  4.3 7  7.1  66   63  113 345 -414  2
3823500 2818500  6 19 19  14.1 1001 272  3.1 6  7.1  68   71   56 341 -407  2
3823500 2818500  6 19 20  13.7 1002 262  3.7 7  7.6  76   17   31 341 -401  2
3823500 2818500  6 19 21  13.3 1003 264  2.8 7  7.9  80    0    4 346 -394  2
3823500 2818500  6 19 22  12.8 1003 262  2.5 7  8.0  84    0    0 346 -388  2
3823500 2818500  6 19 23  12.8 1004 243  2.5 7  8.1  87    0    0 346 -383  2
3823500 2818500  6 19 24  12.4 1004 245  2.3 7  8.2  89    0    0 348 -380  2
3823500 2818500  6 20  1  12.4 1005 243  2.1 7  8.2  91    0    0 346 -377  2
3823500 2818500  6 20  2  12.3 1005 238  2.2 6  8.2  90    0    0 341 -375  2
3823500 2818500  6 20  3  12.2 1005 238  2.2 7  8.2  91    0    0 342 -374  2
3823500 2818500  6 20  4  12.1 1005 224  2.6 8  8.2  91    0    0 352 -373  2
3823500 2818500  6 20  5  12.0 1005 230  1.9 8  8.0  90    0    1 358 -371  2
3823500 2818500  6 20  6  11.8 1005 219  2.0 8  7.8  89    0   38 359 -369  2
3823500 2818500  6 20  7  11.9 1005 224  2.9 5  7.7  88   18  122 344 -373  2
3823500 2818500  6 20  8  12.6 1005 219  2.7 6  7.8  86   48  201 336 -382  2
3823500 2818500  6 20  9  13.2 1005 228  1.9 5  7.8  84  208  262 339 -395  2
3823500 2818500  6 20 10  14.9 1005 220  2.8 6  8.0  79  216  327 343 -410  2
3823500 2818500  6 20 11  15.9 1005 222  3.0 6  8.0  73  163  374 351 -422  2
3823500 2818500  6 20 12  17.5 1005 216  3.4 4  7.7  65  253  392 345 -433  2
3823500 2818500  6 20 13  17.8 1004 205  3.7 3  7.3  57  240  398 334 -442  2
3823500 2818500  6 20 14  18.2 1004 213  3.2 4  7.3  56  228  379 335 -447  2
3823500 2818500  6 20 15  18.8 1004 201  3.2 3  7.7  57  355  313 337 -449  2
3823500 2818500  6 20 16  18.6 1004 202  2.4 3  7.8  57  307  273 334 -449  2
3823500 2818500  6 20 17  18.7 1004 226  2.3 3  7.6  56  224  230 332 -446  2
3823500 2818500  6 20 18  18.6 1003 220  1.7 3  7.6  56  221  153 332 -439  2
3823500 2818500  6 20 19  18.3 1003 201  1.6 4  7.8  58  133  105 336 -428  2
3823500 2818500  6 20 20  17.4 1003 216  0.9 4  8.0  62   32   55 339 -421  2
3823500 2818500  6 20 21  16.0 1003 212  0.1 3  8.2  68    2   11 332 -417  2
3823500 2818500  6 20 22  15.2 1003 202  0.3 5  8.3  75    0    0 333 -412  2
3823500 2818500  6 20 23  14.3 1004 207  0.2 6  8.4  80    0    0 343 -408  2
3823500 2818500  6 20 24  14.4 1004 206  0.4 5  8.6  83    0    0 341 -404  2
3823500 2818500  6 21  1  14.5 1003 191  0.3 6  8.8  85    0    0 340 -403  2
3823500 2818500  6 21  2  14.7 1003 204  0.2 6  9.1  87    0    0 346 -402  2
3823500 2818500  6 21  3  14.8 1003 200  0.3 6  9.5  89    0    0 347 -402  2
3823500 2818500  6 21  4  14.7 1002 203  0.4 7  9.8  92    0    0 353 -402  2
3823500 2818500  6 21  5  14.9 1002 211  0.4 8 10.1  94    0    2 364 -402  2
3823500 2818500  6 21  6  15.2 1002 216  1.2 7 10.2  94    0   12 364 -402  2
3823500 2818500  6 21  7  15.3 1002 211  1.4 8 10.1  92    0   36 365 -402  2
3823500 2818500  6 21  8  15.9 1002 218  1.8 7 10.1  90    0  101 366 -402  2
3823500 2818500  6 21  9  16.6 1002 213  2.2 6 10.3  88    6  205 358 -406  2
3823500 2818500  6 21 10  17.2 1002 215  2.4 7 10.5  86    1  220 362 -417  2
3823500 2818500  6 21 11  16.6 1003 219  1.9 7 10.8  88    9  276 369 -426  2
3823500 2818500  6 21 12  17.9 1003 221  3.4 6 10.5  84   88  382 366 -427  2
3823500 2818500  6 21 13  19.6 1003 244  4.9 7  9.6  70   94  384 370 -430  2
3823500 2818500  6 21 14  20.2 1003 254  4.9 6  9.2  62  177  396 373 -437  2
3823500 2818500  6 21 15  21.0 1004 245  4.6 6  9.1  59  139  359 371 -441  2
3823500 2818500  6 21 16  21.0 1005 261  4.8 6  8.9  57  172  319 370 -444  2
3823500 2818500  6 21 17  21.0 1005 270  5.0 6  8.6  55  208  251 367 -443  2
3823500 2818500  6 21 18  21.1 1005 256  3.2 5  8.6  54  149  186 362 -440  2
3823500 2818500  6 21 19  20.5 1004 262  2.1 6  8.7  56   21  105 359 -434  2
3823500 2818500  6 21 20  20.0 1004 247  0.6 6  8.9  60    0   15 360 -428  2
3823500 2818500  6 21 21  19.3 1004 238  0.8 7  9.2  64    0    2 361 -421  2
3823500 2818500  6 21 22  17.7 1004 235  0.5 6  9.4  70    0    0 359 -414  2
3823500 2818500  6 21 23  16.7 1004 206  0.3 6  9.4  76    0    0 352 -410  2
3823500 2818500  6 21 24  15.7 1004 184  0.7 6  9.3  80    0    0 349 -408  2
3823500 2818500  6 22  1  15.4 1004 190  0.3 7  9.4  84    0    0 351 -406  2
3823500 2818500  6 22  2  16.0 1004 173  0.3 8  9.3  83    0    0 360 -404  2
3823500 2818500  6 22  3  15.9 1004 188  0.7 6  9.2  81    0    0 358 -402  2
3823500 2818500  6 22  4  14.9 1004 159  0.4 6  9.3  84    0    0 348 -400  2
3823500 2818500  6 22  5  14.5 1003 103  0.2 5  9.4  89    0   10 342 -400  2
3823500 2818500  6 22  6  15.7 1003 174  0.1 5  9.6  88    6   52 339 -400  2
3823500 2818500  6 22  7  17.0 1003 194  0.8 5  9.9  84   50  130 344 -402  2
3823500 2818500  6 22  8  18.0 1002 228  1.6 6 10.0  79   27  185 352 -406  2
3823500 2818500  6 22  9  18.6 1002 257  1.4 6  9.6  72   81  263 358 -414  2
3823500 2818500  6 22 10  19.2 1002 229  1.6 5  9.2  67  124  319 356 -424  2
3823500 2818500  6 22 11  20.0 1001 209  1.5 6  9.5  66   32  308 359 -432  2
3823500 2818500  6 22 12  19.6 1001 223  2.6 7 10.0  68    0  179 369 -438  2
3823500 2818500  6 22 13  18.9 1001 220  2.5 7 10.1  71    0  124 372 -439  2
3823500 2818500  6 22 14  16.6 1001 228  2.3 7 10.2  79    0  120 367 -437  2
3823500 2818500  6 22 15  16.7 1001 205  2.2 7 10.3  85    0  170 365 -441  2
3823500 2818500  6 22 16  17.3 1000 237  1.7 7 10.6  86    8  223 367 -445  2
3823500 2818500  6 22 17  16.8  999 257  5.4 7 10.2  82   60  224 366 -443  2
3823500 2818500  6 22 18  15.8 1000 291  4.5 4  9.1  77  109  171 347 -439  2
3823500 2818500  6 22 19  16.3 1001 254  3.9 4  8.7  75  100  106 332 -431  2
3823500 2818500  6 22 20  15.6 1002 222  3.2 5  7.9  69   33   53 332 -421  2
3823500 2818500  6 22 21  13.6 1002 228  3.0 3  7.5  72    0    2 324 -412  2
3823500 2818500  6 22 22  13.2 1003 197  1.9 3  7.8  80    0    0 314 -403  2
3823500 2818500  6 22 23  13.7 1003 201  2.4 5  7.9  81    0    0 322 -395  2
3823500 2818500  6 22 24  15.0 1004 207  3.6 8  7.9  77    0    0 345 -391  2
3823500 2818500  6 23  1  15.0 1004 211  3.6 6  7.9  73    0    0 351 -388  2
3823500 2818500  6 23  2  14.3 1004 211  2.5 5  7.8  75    0    0 337 -386  2
3823500 2818500  6 23  3  13.7 1003 211  2.1 2  7.8  78    0    0 317 -385  2
3823500 2818500  6 23  4  13.3 1003 219  2.4 3  7.9  80    0    0 308 -384  2
3823500 2818500  6 23  5  13.6 1003 219  2.3 6  7.7  80    0    4 323 -384  2
3823500 2818500  6 23  6  13.9 1004 220  2.8 4  7.7  78    8   55 329 -384  2
3823500 2818500  6 23  7  14.0 1004 222  3.1 7  7.8  77    0   90 334 -386  2
3823500 2818500  6 23  8  14.4 1004 219  3.9 7  8.0  78    3  147 349 -391  2
3823500 2818500  6 23  9  15.6 1004 230  3.8 7  8.2  76   27  248 354 -399  2
3823500 2818500  6 23 10  15.6 1005 232  4.4 7  8.3  74    9  254 355 -408  2
3823500 2818500  6 23 11  15.7 1005 231  3.7 6  8.1  72   75  352 347 -414  2
3823500 2818500  6 23 12  18.0 1005 218  4.2 4  8.1  67  329  380 334 -421  2
3823500 2818500  6 23 13  17.8 1005 233  3.6 2  7.8  60  566  286 319 -427  2
3823500 2818500  6 23 14  18.6 1005 222  4.8 3  7.3  56  450  329 314 -426  2
3823500 2818500  6 23 15  17.5 1005 257  3.0 5  7.2  55  228  355 324 -424  2
3823500 2818500  6 23 16  17.7 1005 247  4.6 6  7.7  61   84  289 335 -424  2
3823500 2818500  6 23 17  16.4 1006 245  4.0 6  7.8  63   57  231 337 -422  2
3823500 2818500  6 23 18  16.4 1006 220  2.7 4  7.6  65  159  181 328 -418  2
3823500 2818500  6 23 19  16.2 1006 241  2.4 4  7.7  66  127  110 321 -410  2
3823500 2818500  6 23 20  14.1 1006 232  2.5 7  7.9  73   46   59 332 -401  2
3823500 2818500  6 23 21  13.2 1007 223  2.0 6  8.0  82    5   12 337 -395  2
3823500 2818500  6 23 22  12.2 1007 221  0.7 5  7.8  85    0    0 324 -390  2
3823500 2818500  6 23 23  12.3 1008 224  0.9 4  7.9  88    0    0 314 -387  2
3823500 2818500  6 23 24  11.5 1008 221  0.9 5  7.8  90    0    0 313 -385  2
3823500 2818500  6 24  1  11.6 1008 212  1.2 4  7.6  89    0    0 312 -384  2
3823500 2818500  6 24  2  11.1 1008 217  1.4 4  7.6  90    0    0 308 -383  2
3823500 2818500  6 24  3  10.9 1008 215  1.4 4  7.5  91    0    0 308 -383  2
3823500 2818500  6 24  4  10.7 1009 213  1.8 4  7.5  92    0    0 308 -382  2
3823500 2818500  6 24  5  11.0 1009 227  2.2 5  7.6  93    0    8 312 -382  2
3823500 2818500  6 24  6  11.9 1009 234  2.5 4  7.8  92    9   53 312 -381  2
3823500 2818500  6 24  7  12.6 1009 241  3.1 6  8.0  90   16  111 315 -381  2
3823500 2818500  6 24  8  13.2 1010 266  4.0 6  8.0  86   42  186 324 -383  2
3823500 2818500  6 24  9  13.6 1010 269  3.4 7  8.0  83   74  250 329 -387  2
3823500 2818500  6 24 10  14.5 1011 280  4.0 6  7.8  77  191  292 329 -396  2
3823500 2818500  6 24 11  15.8 1011 278  3.3 4  7.3  68  348  288 320 -407  2
3823500 2818500  6 24 12  15.3 1011 260  3.6 6  7.4  66   88  342 320 -411  2
3823500 2818500  6 24 13  14.4 1011 247  2.1 5  7.5  70  297  332 319 -413  2
3823500 2818500  6 24 14  16.4 1011 282  2.8 3  7.2  66  589  191 309 -420  2
3823500 2818500  6 24 15  16.7 1011 250  4.5 5  6.9  59  143  310 313 -424  2
3823500 2818500  6 24 16  15.9 1012 286  3.6 7  6.7  58   12  227 323 -424  2
3823500 2818500  6 24 17  16.4 1012 278  3.1 7  6.4  56   18  193 328 -422  2
3823500 2818500  6 24 18  16.2 1012 292  2.2 8  6.4  55    2  122 332 -418  2
3823500 2818500  6 24 19  16.0 1012 279  2.0 7  6.5  57   11   91 332 -411  2
3823500 2818500  6 24 20  15.8 1013 281  1.8 4  6.6  58    9   44 320 -401  2
3823500 2818500  6 24 21  13.9 1013 278  0.9 2  6.5  61    2    9 303 -391  2
3823500 2818500  6 24 22  13.0 1014 261  0.3 2  6.3  66    0    0 292 -382  2
3823500 2818500  6 24 23  12.7 1014 243  0.3 3  6.4  69    0    0 295 -375  2
3823500 2818500  6 24 24  11.4 1014 226  0.9 4  6.5  74    0    0 300 -369  2
3823500 2818500  6 25  1  10.9 1015 227  1.0 4  6.5  79    0    0 301 -365  2
3823500 2818500  6 25  2  10.8 1015 218  0.8 5  6.6  81    0    0 305 -363  2
3823500 2818500  6 25  3  11.0 1015 212  0.8 7  6.7  82    0    0 317 -362  2
3823500 2818500  6 25  4  11.8 1014 218  1.0 8  6.8  81    0    0 330 -362  2
3823500 2818500  6 25  5  11.8 1014 222  0.3 8  6.9  80    0    2 338 -366  2
3823500 2818500  6 25  6  12.0 1014 216  1.2 7  7.1  82    0   24 339 -371  2
3823500 2818500  6 25  7  12.8 1014 214  1.7 7  7.4  82    0   83 340 -376  2
3823500 2818500  6 25  8  13.8 1014 217  2.0 6  7.5  79    9  186 340 -381  2
3823500 2818500  6 25  9  14.0 1014 217  2.2 8  7.7  78    0  143 349 -384  2
3823500 2818500  6 25 10  13.9 1014 235  3.3 7  7.7  78    2  240 356 -386  2
3823500 2818500  6 25 11  13.5 1015 231  3.2 7  7.5  76    2  260 354 -389  2
3823500 2818500  6 25 12  12.8 1015 220  3.1 7  7.4  78    0  175 355 -389  2
3823500 2818500  6 25 13  12.7 1014 215  2.5 8  7.7  84    0  150 361 -387  2
3823500 2818500  6 25 14  12.9 1014 211  3.0 8  8.0  87    0  143 369 -386  2
3823500 2818500  6 25 15  13.4 1014 209  2.6 7  8.3  88    0  130 368 -387  2
3823500 2818500  6 25 16  13.5 1013 212  3.3 7  8.6  89    0  138 366 -387  2
3823500 2818500  6 25 17  13.5 1013 210  2.1 7  9.0  92    0  135 367 -387  2
3823500 2818500  6 25 18  13.6 1013 207  1.6 7  9.3  96    0   78 369 -388  2
3823500 2818500  6 25 19  13.9 1012 222  2.0 7  9.6  97    0   54 371 -388  2
3823500 2818500  6 25 20  14.1 1012 228  1.6 8  9.8  98    0   25 377 -390  2
3823500 2818500  6 25 21  14.9 1012 232  1.9 7 10.2  98    0    3 379 -392  2
3823500 2818500  6 25 22  15.2 1013 230  1.5 8 10.4  97    0    0 381 -395  2
3823500 2818500  6 25 23  15.5 1013 226  1.4 8 10.7  98    0    0 386 -396  2
3823500 2818500  6 25 24  16.0 1013 233  1.9 8 11.0  98    0    0 388 -397  2
3823500 2818500  6 26  1  16.1 1013 232  1.2 8 11.0  96    0    0 389 -398  2
3823500 2818500  6 26  2  16.3 1013 238  1.2 8 11.1  96    0    0 390 -398  2
3823500 2818500  6 26  3  16.4 1013 241  1.0 8 11.2  96    0    0 390 -398  2
3823500 2818500  6 26  4  16.3 1013 252  1.4 7 11.2  96    0    0 385 -398  2
3823500 2818500  6 26  5  16.5 1013 241  1.6 7 11.3  96    0    2 380 -398  2
3823500 2818500  6 26  6  16.6 1013 253  1.6 8 11.3  96    0   16 387 -399  2
3823500 2818500  6 26  7  16.6 1013 246  1.8 7 11.4  96    0   60 386 -399  2
3823500 2818500  6 26  8  17.4 1014 261  1.9 7 11.6  95    0  120 382 -402  2
3823500 2818500  6 26  9  17.9 1014 265  2.1 7 11.7  92    0  181 384 -406  2
3823500 2818500  6 26 10  18.9 1014 272  2.0 7 11.9  89   23  290 388 -415  2
3823500 2818500  6 26 11  19.9 1014 254  1.9 7 11.9  84   64  361 392 -431  2
3823500 2818500  6 26 12  21.1 1015 280  2.7 6 11.8  78  172  421 391 -446  2
3823500 2818500  6 26 13  22.2 1015 263  2.4 5 11.5  71  166  421 385 -458  2
3823500 2818500  6 26 14  22.6 1014 272  3.2 6 11.0  65  112  391 387 -469  2
3823500 2818500  6 26 15  23.6 1015 259  2.5 6 11.0  62   18  276 393 -474  2
3823500 2818500  6 26 16  23.1 1014 261  2.4 5 11.3  62   58  293 390 -471  2
3823500 2818500  6 26 17  23.7 1015 343  1.6 7 11.2  62   52  241 394 -467  2
3823500 2818500  6 26 18  23.4 1015 357  1.1 5 11.3  62   94  198 395 -467  2
3823500 2818500  6 26 19  23.8 1015  28  0.9 2 11.3  62  141  121 375 -461  2
3823500 2818500  6 26 20  21.4 1014 143  0.6 2 11.5  70   49   68 361 -450  2
3823500 2818500  6 26 21  19.7 1014 103  0.3 1 11.5  77    2   11 349 -438  2
3823500 2818500  6 26 22  17.8 1014 115  0.2 1 11.4  84    0    0 334 -428  2
3823500 2818500  6 26 23  16.4 1014 130  0.3 0 10.7  86    0    0 323 -422  2
3823500 2818500  6 26 24  15.6 1014 156  0.6 0  9.7  84    0    0 314 -417  2
3823500 2818500  6 27  1  15.3 1009 188  1.0 1  8.8  79    0    0 305 -403  2
3823500 2818500  6 27  2  15.0 1009 212  1.4 2  8.1  74    0    0 304 -398  2
3823500 2818500  6 27  3  14.8 1010 223  1.7 3  7.6  71    0    0 314 -392  2
3823500 2818500  6 27  4  14.5 1010 217  1.8 4  7.6  73    0    0 326 -388  2
3823500 2818500  6 27  5  14.8 1010 222  2.0 4  7.7  73    0    3 336 -385  2
3823500 2818500  6 27  6  14.4 1010 214  2.1 5  7.7  76   11   56 333 -384  2
3823500 2818500  6 27  7  15.7 1010 232  3.1 2  7.8  73  147  103 315 -390  2
3823500 2818500  6 27  8  17.0 1011 226  3.2 2  8.1  69  295  120 308 -400  2
3823500 2818500  6 27  9  18.1 1011 231  2.6 2  8.3  66  459  119 310 -414  2
3823500 2818500  6 27 10  19.1 1011 214  3.0 1  8.3  62  597  118 312 -428  2
3823500 2818500  6 27 11  19.9 1011 224  3.0 2  7.9  56  495  243 316 -441  2
3823500 2818500  6 27 12  20.4 1011 243  3.7 4  7.6  51  416  321 323 -451  2
3823500 2818500  6 27 13  21.3 1011 218  4.0 4  7.3  48  353  359 328 -458  2
3823500 2818500  6 27 14  21.0 1011 248  2.9 4  7.1  45  291  364 327 -463  2
3823500 2818500  6 27 15  21.6 1010 269  1.7 4  7.1  45  261  337 327 -466  2
3823500 2818500  6 27 16  21.8 1010 256  2.8 4  7.2  44  259  283 328 -467  2
3823500 2818500  6 27 17  22.1 1010 293  3.5 4  7.2  43  324  178 329 -463  2
3823500 2818500  6 27 18  22.4 1009 263  2.2 5  7.1  42  198  151 333 -451  2
3823500 2818500  6 27 19  21.3 1009 244  1.4 5  7.0  42   82  112 336 -437  2
3823500 2818500  6 27 20  20.5 1009 257  0.9 6  7.1  46   29   52 338 -427  2
3823500 2818500  6 27 21  18.3 1009 200  0.1 7  7.5  53    5   10 344 -416  2
3823500 2818500  6 27 22  16.9 1008 197  0.3 8  7.7  61    0    0 348 -407  2
3823500 2818500  6 27 23  14.8 1008 192  0.4 7  7.9  70    0    0 346 -399  2
3823500 2818500  6 27 24  14.1 1008 203  0.1 7  8.0  77    0    0 339 -394  2
3823500 2818500  6 28  1  14.8 1008 196  0.3 7  8.0  77    0    0 338 -390  2
3823500 2818500  6 28  2  15.0 1007 200  1.3 7  8.1  76    0    0 337 -389  2
3823500 2818500  6 28  3  15.4 1007 212  2.5 6  8.0  73    0    0 334 -389  2
3823500 2818500  6 28  4  15.7 1006 231  3.0 6  7.3  66    0    0 333 -389  2
3823500 2818500  6 28  5  14.1 1006 228  2.5 7  7.1  67    0   12 336 -388  2
3823500 2818500  6 28  6  13.0 1005 211  2.5 7  7.5  77    0   36 338 -387  2
3823500 2818500  6 28  7  12.9 1005 212  4.4 8  8.0  85    0   48 343 -391  2
3823500 2818500  6 28  8  13.9 1005 219  4.4 7  8.4  87    0  118 348 -400  2
3823500 2818500  6 28  9  15.3 1005 244  4.9 6  8.7  83   20  217 348 -410  2
3823500 2818500  6 28 10  15.7 1005 254  5.1 4  8.4  76  163  293 340 -422  2
3823500 2818500  6 28 11  16.8 1006 263  6.4 5  7.7  66  201  329 338 -431  2
3823500 2818500  6 28 12  17.2 1007 275  6.3 4  7.3  60  241  349 340 -438  2
3823500 2818500  6 28 13  18.9 1007 273  6.1 5  7.3  56  246  352 344 -446  2
3823500 2818500  6 28 14  20.0 1008 282  5.7 5  7.1  50  217  343 353 -444  2
3823500 2818500  6 28 15  20.2 1008 269  5.0 6  6.9  47   97  315 358 -435  2
3823500 2818500  6 28 16  19.8 1009 272  4.1 5  6.7  46  137  274 359 -429  2
3823500 2818500  6 28 17  20.2 1009 266  3.6 4  6.7  46  281  167 351 -424  2
3823500 2818500  6 28 18  19.9 1009 253  3.6 4  6.7  46  297   73 348 -421  2
3823500 2818500  6 28 19  19.5 1008 259  3.0 3  6.7  47  176   57 343 -418  2
3823500 2818500  6 28 20  18.4 1008 281  2.2 3  6.8  50   77   45 336 -415  2
3823500 2818500  6 28 21  16.7 1008 225  1.4 2  6.9  55    7   10 328 -412  2
3823500 2818500  6 28 22  15.0 1009 201  1.1 5  7.0  62    0    0 331 -410  2
3823500 2818500  6 28 23  16.2 1009 198  1.8 6  7.2  65    0    0 348 -409  2
3823500 2818500  6 28 24  16.2 1008 220  1.6 6  7.5  65    0    0 354 -407  2
3823500 2818500  6 29  1  15.2 1008 221  1.9 8  8.7  78    0    0 363 -405  2
3823500 2818500  6 29  2  15.6 1008 200  2.0 8 10.0  91    0    0 373 -403  2
3823500 2818500  6 29  3  16.0 1007 224  2.8 8  9.9  88    0    0 376 -403  2
3823500 2818500  6 29  4  16.2 1007 224  3.7 8  9.7  84    0    0 378 -403  2
3823500 2818500  6 29  5  16.2 1007 224  3.3 8  9.7  84    0    3 379 -403  2
3823500 2818500  6 29  6  15.9 1006 224  3.0 6  9.9  86    0   26 370 -403  2
3823500 2818500  6 29  7  15.8 1006 230  3.2 7 10.1  89    0   37 365 -405  2
3823500 2818500  6 29  8  16.0 1007 233  3.0 7 10.5  92    0  100 372 -406  2
3823500 2818500  6 29  9  16.3 1007 237  3.5 7 10.9  94    0  125 375 -407  2
3823500 2818500  6 29 10  17.0 1007 241  3.7 7 11.1  93    0  153 379 -409  2
3823500 2818500  6 29 11  18.3 1008 237  3.7 7 11.3  89    0  204 383 -412  2
3823500 2818500  6 29 12  18.9 1008 249  2.6 7 11.3  84    0  192 388 -414  2
3823500 2818500  6 29 13  18.8 1008 245  3.7 6 11.2  82    1  237 385 -412  2
3823500 2818500  6 29 14  18.4 1008 254  4.0 6 11.3  83   50  328 379 -413  2
3823500 2818500  6 29 15  20.4 1008 285  3.7 5 11.0  77  153  335 378 -423  2
3823500 2818500  6 29 16  20.5 1008 262  3.6 6 11.0  72  120  287 380 -431  2
3823500 2818500  6 29 17  20.8 1008 293  3.4 5 11.0  72  208  213 380 -430  2
3823500 2818500  6 29 18  21.6 1008 264  3.3 5 10.3  65  262  105 376 -428  2
3823500 2818500  6 29 19  20.8 1008 267  2.0 5  9.9  62   78  106 374 -425  2
3823500 2818500  6 29 20  20.4 1008 257  1.7 5  9.7  64   38   49 372 -421  2
3823500 2818500  6 29 21  18.9 1008 236  0.9 3  9.6  66    0    6 359 -413  2
3823500 2818500  6 29 22  16.2 1008 225  0.7 2  9.4  75    0    0 337 -405  2
3823500 2818500  6 29 23  16.1 1009 240  0.5 1  9.3  81    0    0 321 -401  2
3823500 2818500  6 29 24  15.0 1009 219  0.5 2  9.3  83    0    0 317 -401  2
3823500 2818500  6 30  1  15.6 1008 215  0.6 1  9.1  83    0    0 314 -400  2
3823500 2818500  6 30  2  15.2 1009 214  1.4 1  8.9  81    0    0 310 -399  2
3823500 2818500  6 30  3  15.0 1008 213  1.9 3  8.8  81    0    0 316 -399  2
3823500 2818500  6 30  4  14.7 1008 216  1.2 3  8.6  81    0    0 322 -397  2
3823500 2818500  6 30  5  14.2 1009 228  1.7 5  8.6  83    0   10 329 -395  2
3823500 2818500  6 30  6  14.4 1009 203  1.9 4  8.4  82   26   65 332 -395  2
3823500 2818500  6 30  7  15.1 1009 226  2.5 5  8.4  80   59  135 335 -397  2
3823500 2818500  6 30  8  16.1 1009 224  2.9 5  8.6  77   96  210 343 -404  2
3823500 2818500  6 30  9  17.0 1009 227  3.3 6  8.9  75   93  282 352 -408  2
3823500 2818500  6 30 10  18.1 1009 230  3.5 5  9.2  73  149  348 358 -411  2
3823500 2818500  6 30 11  18.5 1009 233  3.8 4  9.2  69  344  347 355 -421  2
3823500 2818500  6 30 12  19.6 1009 240  3.9 5  9.0  65  181  423 359 -435  2
3823500 2818500  6 30 13  20.2 1009 246  3.8 5  8.8  60  121  418 366 -449  2
3823500 2818500  6 30 14  20.8 1008 247  3.8 5  8.6  57  160  410 367 -458  2
3823500 2818500  6 30 15  21.8 1008 249  3.9 5  8.5  53  210  375 370 -462  2
3823500 2818500  6 30 16  22.2 1008 221  3.6 4  8.3  50  170  328 367 -464  2
3823500 2818500  6 30 17  21.7 1008 231  3.8 4  8.1  49  198  252 363 -463  2
3823500 2818500  6 30 18  21.3 1007 296  4.5 4  8.1  50  139  188 360 -456  2
3823500 2818500  6 30 19  20.9 1007 269  2.8 5  8.1  52   37  121 360 -443  2
3823500 2818500  6 30 20  20.0 1007 244  1.7 5  8.2  54    5   43 359 -430  2
3823500 2818500  6 30 21  18.5 1007 250  1.3 4  8.3  59    0    9 351 -418  2
3823500 2818500  6 30 22  17.1 1008 233  1.1 4  8.3  65    0    0 343 -410  2
3823500 2818500  6 30 23  17.0 1008 258  0.9 5  8.4  68    0    0 345 -409  2
3823500 2818500  6 30 24  16.7 1008 225  1.0 6  8.3  69    0    0 352 -406  2
3823500 2818500  7  1  1  15.7 1008 236  1.2 5  8.2  71    0    0 350 -398  2
3823500 2818500  7  1  2  15.3 1009 236  1.5 3  8.1  74    0    0 336 -391  2
3823500 2818500  7  1  3  14.9 1009 232  1.7 2  8.1  76    0    0 323 -385  2
3823500 2818500  7  1  4  13.7 1009 232  1.5 2  8.0  79    0    0 317 -382  2
3823500 2818500  7  1  5  12.6 1009 241  1.0 1  7.9  83    0   11 309 -382  2
3823500 2818500  7  1  6  14.2 1010 244  1.2 3  8.1  84   21   56 312 -384  2
3823500 2818500  7  1  7  15.7 1010 266  1.8 1  8.5  80  154   88 315 -388  2
3823500 2818500  7  1  8  17.3 1011 262  1.9 1  8.4  72  355   68 310 -398  2
3823500 2818500  7  1  9  18.4 1011 251  1.8 2  7.9  62  485   99 317 -412  2
3823500 2818500  7  1 10  19.7 1011 232  2.0 1  7.5  55  660   58 320 -427  2
3823500 2818500  7  1 11  20.0 1012 254  3.0 2  7.4  51  540  188 324 -441  2
3823500 2818500  7  1 12  20.9 1012 265  4.0 4  7.4  49  209  372 337 -453  2
3823500 2818500  7  1 13  21.8 1012 282  3.4 4  7.3  46  194  378 344 -463  2
3823500 2818500  7  1 14  22.4 1012 240  2.9 5  7.2  43  210  359 348 -471  2
3823500 2818500  7  1 15  21.9 1012 276  3.6 6  7.3  44  108  328 351 -474  2
3823500 2818500  7  1 16  22.0 1012 254  3.2 5  7.5  46  180  284 348 -475  2
3823500 2818500  7  1 17  22.4 1012 294  3.3 6  7.6  46  175  221 347 -471  2
3823500 2818500  7  1 18  22.4 1012 299  2.3 6  7.7  45  134  162 349 -461  2
3823500 2818500  7  1 19  21.7 1012 272  1.4 5  7.8  47   76  106 344 -449  2
3823500 2818500  7  1 20  20.5 1012 324  0.1 5  8.0  51   42   48 339 -436  2
3823500 2818500  7  1 21  17.5 1012 340  0.1 6  8.3  60    2    9 338 -424  2
3823500 2818500  7  1 22  15.9 1012 356  0.1 5  8.7  73    0    0 333 -413  2
3823500 2818500  7  1 23  14.7 1012   3  0.1 4  8.5  78    0    0 322 -405  2
3823500 2818500  7  1 24  14.0 1012  86  0.0 7  8.1  79    0    0 324 -398  2
3823500 2818500  7  2  1  12.6 1012  79  0.1 4  7.8  86    0    0 307 -391  2
3823500 2818500  7  2  2  12.0 1012  56  0.1 4  7.7  86    0    0 306 -389  2
3823500 2818500  7  2  3  11.9 1012  20  0.0 4  7.6  87    0    0 303 -386  2
3823500 2818500  7  2  4  10.7 1011  47  0.0 4  7.4  89    0    0 299 -383  2
3823500 2818500  7  2  5  10.7 1011  58  0.1 5  7.5  93    0    5 298 -381  2
3823500 2818500  7  2  6  13.2 1011  72  0.0 4  7.9  91   26   58 300 -380  2
3823500 2818500  7  2  7  16.3 1011  91  0.1 2  8.4  80  106  117 302 -386  2
3823500 2818500  7  2  8  18.9 1010 115  0.7 2  8.8  70  224  160 307 -397  2
3823500 2818500  7  2  9  21.4 1010 106  0.9 2  8.9  60  341  193 317 -413  2
3823500 2818500  7  2 10  22.7 1010 135  1.3 3  8.5  51  451  215 326 -430  2
3823500 2818500  7  2 11  23.7 1010 140  1.9 3  8.0  45  548  224 333 -448  2
3823500 2818500  7  2 12  24.4 1010 135  2.1 3  7.7  41  624  220 337 -465  2
3823500 2818500  7  2 13  25.4 1009 172  1.8 2  7.7  39  668  206 341 -479  2
3823500 2818500  7  2 14  26.2 1009 171  1.7 2  7.5  36  655  197 344 -488  2
3823500 2818500  7  2 15  26.7 1008 187  1.5 2  7.1  33  597  187 346 -491  2
3823500 2818500  7  2 16  27.1 1008 130  1.1 2  7.0  31  516  169 348 -490  2
3823500 2818500  7  2 17  27.4 1007 110  1.4 2  6.9  30  406  150 349 -486  2
3823500 2818500  7  2 18  27.4 1006 116  0.3 1  7.0  31  275  130 347 -479  2
3823500 2818500  7  2 19  27.1 1006 106  0.2 1  7.2  32  149  101 343 -469  2
3823500 2818500  7  2 20  25.5 1005  84  0.2 1  7.5  35   53   59 340 -457  2
3823500 2818500  7  2 21  21.9 1005  78  0.1 1  8.3  45    2   11 334 -445  2
3823500 2818500  7  2 22  18.7 1004  70  0.1 1  8.9  59    0    0 324 -435  2
3823500 2818500  7  2 23  18.4 1004  74  0.1 1  8.9  66    0    0 318 -427  2
3823500 2818500  7  2 24  17.9 1004  89  0.1 1  8.6  65    0    0 317 -422  2
3823500 2818500  7  3  1  18.2 1004 100  0.1 0  8.5  65    0    0 313 -417  2
3823500 2818500  7  3  2  16.2 1004 103  0.1 0  8.5  69    0    0 307 -412  2
3823500 2818500  7  3  3  16.8 1004 101  0.1 0  8.5  72    0    0 304 -408  2
3823500 2818500  7  3  4  17.0 1003  95  0.2 2  8.5  70    0    0 311 -404  2
3823500 2818500  7  3  5  17.2 1003 108  0.2 2  8.4  68    0    9 317 -401  2
3823500 2818500  7  3  6  19.2 1002 113  0.8 2  8.7  66   40   55 320 -401  2
3823500 2818500  7  3  7  21.1 1002 118  0.7 1  9.2  61  131  103 321 -406  2
3823500 2818500  7  3  8  23.6 1003 121  1.2 0  9.7  57  254  135 322 -417  2
3823500 2818500  7  3  9  25.6 1003 124  1.6 0 10.1  52  385  155 329 -433  2
3823500 2818500  7  3 10  27.9 1003 141  2.0 1 10.4  47  499  171 342 -452  2
3823500 2818500  7  3 11  29.2 1002 147  2.2 1 10.4  42  632  154 354 -471  2
3823500 2818500  7  3 12  30.8 1002 153  2.0 1 10.3  38  603  213 362 -488  2
3823500 2818500  7  3 13  31.6 1002 151  2.5 3 10.1  35  527  267 376 -502  2
3823500 2818500  7  3 14  31.9 1001 164  2.6 2  9.6  32  605  208 382 -510  2
3823500 2818500  7  3 15  32.6 1001 160  2.2 2  9.3  30  585  175 381 -514  2
3823500 2818500  7  3 16  32.4 1000 115  2.1 3  9.2  30  364  234 384 -515  2
3823500 2818500  7  3 17  31.7 1000 222  1.8 3  9.4  31  352  162 385 -503  2
3823500 2818500  7  3 18  31.9  999 205  0.8 3  9.4  32  213  143 382 -489  2
3823500 2818500  7  3 19  30.2  999  67  1.0 7  9.9  34   11   92 393 -481  2
3823500 2818500  7  3 20  27.7  999  89  3.2 7 11.1  44    0   32 403 -472  2
3823500 2818500  7  3 21  25.2 1000 239  3.0 8 12.2  56    0    2 402 -464  2
3823500 2818500  7  3 22  21.7 1001 241  2.8 8 12.9  70    0    0 399 -455  2
3823500 2818500  7  3 23  21.0 1002 251  3.1 8 12.9  80    0    0 393 -444  2
3823500 2818500  7  3 24  20.2 1002 263  1.9 8 12.5  81    0    0 390 -436  2
3823500 2818500  7  4  1  19.0 1002 101  1.4 7 12.5  86    0    0 382 -432  2
3823500 2818500  7  4  2  19.2 1001  27  1.9 6 12.6  90    0    0 373 -430  2
3823500 2818500  7  4  3  19.4 1000 143  0.8 6 12.3  86    0    0 369 -427  2
3823500 2818500  7  4  4  18.2 1000 308  0.7 5 12.2  88    0    0 364 -425  2
3823500 2818500  7  4  5  18.3  999  33  0.7 7 12.2  92    0    3 367 -424  2
3823500 2818500  7  4  6  18.9  999 206  0.2 6 12.3  90    7   53 373 -423  2
3823500 2818500  7  4  7  19.6 1000 208  0.5 3 12.6  89  103  144 354 -425  2
3823500 2818500  7  4  8  21.1 1001 215  2.0 6 12.8  84   51  210 354 -426  2
3823500 2818500  7  4  9  22.4 1001 219  2.4 7 12.7  76   87  292 378 -422  2
3823500 2818500  7  4 10  23.0 1001 219  2.7 6 12.6  72   50  323 380 -418  2
3823500 2818500  7  4 11  22.6 1001 227  2.2 6 12.2  69   90  385 376 -414  2
3823500 2818500  7  4 12  23.5 1001 232  2.2 6 11.8  66   28  339 377 -410  2
3823500 2818500  7  4 13  21.9 1001 252  2.9 7 11.9  68    0  205 383 -406  2
3823500 2818500  7  4 14  20.5 1002 249  2.9 8 12.3  77    0  100 388 -405  2
3823500 2818500  7  4 15  17.9 1001 265  2.4 8 12.2  86    0  139 387 -408  2
3823500 2818500  7  4 16  17.8 1002 263  3.8 8 11.5  89    0  143 381 -411  2
3823500 2818500  7  4 17  16.8 1002 279  3.0 8 11.1  88    0   89 379 -411  2
3823500 2818500  7  4 18  16.1 1002 304  1.9 8 10.9  91    0   48 376 -412  2
3823500 2818500  7  4 19  15.4 1002 298  2.3 8 10.8  95    0   34 373 -412  2
3823500 2818500  7  4 20  15.0 1002 289  1.9 8 10.5  96    0   16 371 -410  2
3823500 2818500  7  4 21  14.9 1003 294  1.2 8 10.2  95    0    6 371 -406  2
3823500 2818500  7  4 22  14.6 1004 271  0.4 8 10.1  95    0    0 371 -403  2
3823500 2818500  7  4 23  14.3 1004 248  0.6 8 10.0  96    0    0 368 -399  2
3823500 2818500  7  4 24  14.2 1004 248  0.9 8  9.8  96    0    0 365 -397  2
3823500 2818500  7  5  1  14.1 1004 205  0.8 7  9.8  96    0    0 359 -395  2
3823500 2818500  7  5  2  13.9 1005 201  0.2 7  9.8  97    0    0 355 -395  2
3823500 2818500  7  5  3  14.4 1005 223  1.0 8  9.8  96    0    0 358 -394  2
3823500 2818500  7  5  4  14.7 1005 245  1.0 8  9.7  92    0    0 362 -392  2
3823500 2818500  7  5  5  14.2 1005 237  1.5 8  9.5  91    0    7 359 -392  2
3823500 2818500  7  5  6  14.0 1005 238  1.6 8  9.2  91    0   23 356 -393  2
3823500 2818500  7  5  7  14.6 1005 233  2.1 8  9.1  89    0   68 355 -394  2
3823500 2818500  7  5  8  15.2 1005 238  2.3 6  9.2  86   26  172 346 -396  2
3823500 2818500  7  5  9  15.8 1006 240  2.8 6  9.3  84   56  243 338 -399  2
3823500 2818500  7  5 10  16.8 1006 231  3.0 8  9.3  80   21  260 350 -403  2
3823500 2818500  7  5 11  17.7 1006 230  3.4 8  9.3  75    1  229 362 -407  2
3823500 2818500  7  5 12  18.8 1007 240  3.0 6  9.3  70   98  345 359 -410  2
3823500 2818500  7  5 13  19.8 1006 243  3.5 5  9.1  64  274  342 351 -409  2
3823500 2818500  7  5 14  20.5 1006 288  3.4 6  8.8  59   65  328 353 -412  2
3823500 2818500  7  5 15  18.6 1007 324  1.9 8  8.8  62    0  158 364 -418  2
3823500 2818500  7  5 16  17.3 1007 346  2.1 5  9.5  73  109  267 355 -423  2
3823500 2818500  7  5 17  18.4 1007 261  0.8 4 10.0  77  169  220 339 -421  2
3823500 2818500  7  5 18  18.5 1007 319  0.8 6  9.8  73  131  160 344 -416  2
3823500 2818500  7  5 19  18.6 1007 303  1.1 7  9.4  70   26  100 353 -411  2
3823500 2818500  7  5 20  17.9 1007 267  0.2 4  8.8  66   51   51 343 -404  2
3823500 2818500  7  5 21  15.4 1007 302  0.1 4  8.6  72    2   10 328 -397  2
3823500 2818500  7  5 22  13.9 1007 254  0.1 6  8.8  84    0    0 329 -392  2
3823500 2818500  7  5 23  13.0 1008 331  0.0 7  8.8  91    0    0 338 -388  2
3823500 2818500  7  5 24  12.2 1008 234  0.0 7  8.6  93    0    0 340 -386  2
3823500 2818500  7  6  1  11.3 1008 178  0.1 5  8.3  96    0    0 331 -384  2
3823500 2818500  7  6  2  10.5 1008 296  0.0 5  7.9  97    0    0 321 -381  2
3823500 2818500  7  6  3   9.6 1008 212  0.1 5  7.4  96    0    0 318 -380  2
3823500 2818500  7  6  4   9.3 1007 203  0.1 3  7.0  95    0    0 307 -379  2
3823500 2818500  7  6  5   8.9 1007  90  0.1 6  7.0  96    0    7 310 -377  2
3823500 2818500  7  6  6  10.3 1007 132  0.3 4  7.4  98   30   61 315 -377  2
3823500 2818500  7  6  7  14.0 1007 182  0.2 3  8.4  94  116  123 310 -382  2
3823500 2818500  7  6  8  15.9 1007 113  0.7 2  8.9  84  226  170 307 -391  2
3823500 2818500  7  6  9  17.3 1007 144  1.0 2  8.4  71  334  210 305 -403  2
3823500 2818500  7  6 10  19.2 1007 206  1.3 2  7.8  59  432  243 310 -420  2
3823500 2818500  7  6 11  20.5 1007 236  1.3 1  7.1  49  506  269 309 -439  2
3823500 2818500  7  6 12  21.6 1006 194  1.9 1  6.5  41  578  270 307 -454  2
3823500 2818500  7  6 13  22.4 1007 190  2.2 2  6.6  40  623  258 319 -464  2
3823500 2818500  7  6 14  23.2 1006 174  2.2 2  6.8  39  534  290 330 -471  2
3823500 2818500  7  6 15  23.5 1006 163  2.1 5  6.6  37  355  333 347 -471  2
3823500 2818500  7  6 16  23.6 1005 182  1.0 6  6.8  37  216  313 368 -467  2
3823500 2818500  7  6 17  23.6 1005 234  1.7 7  7.1  39   99  245 378 -450  2
3823500 2818500  7  6 18  23.3 1005 240  1.3 7  7.5  42   12  149 382 -429  2
3823500 2818500  7  6 19  23.2 1005 193  0.6 8  7.9  44    0   59 385 -420  2
3823500 2818500  7  6 20  21.6 1004 175  0.4 8  8.8  51    0   10 386 -417  2
3823500 2818500  7  6 21  20.4 1004 148  0.5 7  9.5  60    0    0 378 -413  2
3823500 2818500  7  6 22  19.9 1003 212  0.7 8  9.4  63    0    0 374 -408  2
3823500 2818500  7  6 23  18.1 1004 253  1.0 8  9.9  71    0    0 376 -405  2
3823500 2818500  7  6 24  17.0 1004 207  1.0 8 10.6  83    0    0 373 -404  2
3823500 2818500  7  7  1  16.8 1004 167  0.6 7 10.8  88    0    0 367 -403  2
3823500 2818500  7  7  2  16.7 1004 204  0.7 7 10.9  90    0    0 363 -402  2
3823500 2818500  7  7  3  16.7 1003 183  0.3 8 11.0  91    0    0 368 -402  2
3823500 2818500  7  7  4  16.6 1002 244  1.2 8 11.0  91    0    0 374 -401  2
3823500 2818500  7  7  5  16.4 1002 156  0.4 8 10.9  91    0    2 373 -400  2
3823500 2818500  7  7  6  16.9 1001 180  0.2 7 10.8  90    0   18 367 -400  2
3823500 2818500  7  7  7  17.5 1001 171  1.1 7 10.9  88   15  110 362 -402  2
3823500 2818500  7  7  8  18.8 1000 174  2.4 7 11.0  83   10  160 366 -408  2
3823500 2818500  7  7  9  19.1 1000 201  2.4 7 11.0  79   20  226 369 -416  2
3823500 2818500  7  7 10  20.4 1001 217  3.1 5 10.8  74  178  315 362 -427  2
3823500 2818500  7  7 11  21.4 1000 214  3.7 4  9.7  62  280  341 350 -438  2
3823500 2818500  7  7 12  22.2 1000 214  3.9 3  8.3  50  346  353 339 -447  2
3823500 2818500  7  7 13  22.6  999 235  3.9 4  7.6  44  370  350 341 -453  2
3823500 2818500  7  7 14  22.7  999 243  4.1 4  7.1  41  271  361 349 -458  2
3823500 2818500  7  7 15  22.2  998 214  4.8 5  7.0  41  287  328 353 -459  2
3823500 2818500  7  7 16  22.4  998 200  4.7 4  6.9  40  450  201 351 -458  2
3823500 2818500  7  7 17  21.5  998 257  4.2 2  6.4  38  385  155 335 -447  2
3823500 2818500  7  7 18  21.7  998 224  4.2 2  6.1  38  278  126 324 -435  2
3823500 2818500  7  7 19  21.1  997 250  3.8 1  6.1  38  166   95 319 -431  2
3823500 2818500  7  7 20  20.7  997 226  2.4 3  6.3  40   51   57 325 -426  2
3823500 2818500  7  7 21  18.7  997 200  1.2 2  6.5  45    2   11 330 -420  2
3823500 2818500  7  7 22  17.0  996 184  1.8 2  6.8  53    0    0 322 -417  2
3823500 2818500  7  7 23  17.9  997 200  1.3 2  7.0  55    0    0 321 -415  2
3823500 2818500  7  7 24  17.8  996 196  1.3 5  6.9  54    0    0 333 -412  2
3823500 2818500  7  8  1  17.2  996 193  1.5 6  7.0  56    0    0 348 -409  2
3823500 2818500  7  8  2  16.3  996 194  1.8 6  7.2  60    0    0 349 -406  2
3823500 2818500  7  8  3  15.8  995 203  1.5 4  7.4  64    0    0 338 -404  2
3823500 2818500  7  8  4  15.4  995 198  2.0 3  7.6  67    0    0 324 -402  2
3823500 2818500  7  8  5  15.2  995 199  1.8 5  7.7  70    0    5 329 -398  2
3823500 2818500  7  8  6  15.0  995 202  2.5 6  7.9  72    0   28 342 -396  2
3823500 2818500  7  8  7  15.7  995 200  1.6 7  8.1  72    0   28 352 -397  2
3823500 2818500  7  8  8  16.3  995 200  2.0 6  8.1  70    0   66 354 -398  2
3823500 2818500  7  8  9  14.7  995 199  1.9 6  8.6  77    0  131 348 -398  2
3823500 2818500  7  8 10  14.7  995 195  3.9 6  9.2  86   44  265 345 -401  2
3823500 2818500  7  8 11  16.2  995 198  3.3 6  9.5  84  245  287 345 -405  2
3823500 2818500  7  8 12  17.8  995 220  2.8 6  9.1  74  117  322 351 -406  2
3823500 2818500  7  8 13  17.3  995 209  4.5 7  8.5  66   53  318 357 -409  2
3823500 2818500  7  8 14  18.0  994 207  5.7 6  7.9  61  345  269 356 -422  2
3823500 2818500  7  8 15  18.6  994 236  4.7 6  7.0  53  258  267 353 -434  2
3823500 2818500  7  8 16  17.7  994 219  4.3 7  7.3  55   44  244 356 -433  2
3823500 2818500  7  8 17  16.8  994 241  4.0 7  8.2  65   11  184 358 -424  2
3823500 2818500  7  8 18  16.6  994 191  3.5 4  8.2  68  335   68 345 -415  2
3823500 2818500  7  8 19  16.5  994 194  3.3 6  8.4  70  110   81 342 -408  2
3823500 2818500  7  8 20  15.8  994 207  3.0 6  8.8  75    0   15 351 -403  2
3823500 2818500  7  8 21  14.7  994 187  2.4 5  8.9  81    0    4 346 -399  2
3823500 2818500  7  8 22  14.7  994 182  3.1 5  8.8  82    0    0 340 -398  2
3823500 2818500  7  8 23  14.5  995 194  3.3 5  8.7  82    0    0 339 -397  2
3823500 2818500  7  8 24  14.2  995 198  3.9 6  8.6  83    0    0 344 -396  2
3823500 2818500  7  9  1  14.7  995 198  2.9 5  8.7  83    0    0 345 -393  2
3823500 2818500  7  9  2  14.9  995 208  3.2 5  8.7  81    0    0 342 -390  2
3823500 2818500  7  9  3  15.0  995 214  2.8 6  8.6  80    0    0 347 -390  2
3823500 2818500  7  9  4  14.9  995 213  3.3 5  8.7  80    0    0 348 -389  2
3823500 2818500  7  9  5  14.7  995 212  2.5 7  8.7  81    0    6 351 -388  2
3823500 2818500  7  9  6  14.9  996 211  1.6 7  8.7  81    0   22 360 -387  2
3823500 2818500  7  9  7  15.2  996 225  3.7 7  8.8  81    0   62 360 -386  2
3823500 2818500  7  9  8  15.8  997 241  3.0 6  8.9  79   18  155 357 -387  2
3823500 2818500  7  9  9  16.4  997 229  4.2 8  8.8  75   11  195 363 -388  2
3823500 2818500  7  9 10  17.2  998 223  5.3 6  8.6  71  224  242 364 -394  2
3823500 2818500  7  9 11  18.3  998 235  3.7 6  8.2  64  256  271 357 -406  2
3823500 2818500  7  9 12  18.3  998 227  5.1 7  8.1  60    4  251 362 -419  2
3823500 2818500  7  9 13  18.2  998 228  4.6 7  8.3  62   39  305 363 -426  2
3823500 2818500  7  9 14  18.7  998 237  4.5 5  8.4  62   57  301 355 -432  2
3823500 2818500  7  9 15  16.2  998 253  3.8 6  8.6  68  112  278 347 -437  2
3823500 2818500  7  9 16  16.3  999 287  2.7 5  8.5  72  304  194 342 -438  2
3823500 2818500  7  9 17  16.0 1000 258  3.9 7  7.9  68   25  193 343 -436  2
3823500 2818500  7  9 18  14.7 1000 278  3.2 8  7.8  70    0   79 350 -430  2
3823500 2818500  7  9 19  14.7 1001 253  2.7 7  7.7  73    1   69 349 -420  2
3823500 2818500  7  9 20  14.6 1001 238  3.6 7  7.4  70   29   41 345 -409  2
3823500 2818500  7  9 21  13.5 1001 218  1.4 6  7.3  72    5    9 340 -400  2
3823500 2818500  7  9 22  12.5 1002 207  2.2 6  7.5  79    0    0 333 -391  2
3823500 2818500  7  9 23  11.9 1003 221  1.8 6  7.4  83    0    0 332 -384  2
3823500 2818500  7  9 24  11.5 1003 216  1.7 6  7.4  86    0    0 331 -383  2
3823500 2818500  7 10  1  11.3 1003 208  1.3 5  7.5  88    0    0 327 -384  2
3823500 2818500  7 10  2  11.8 1003 248  1.4 4  7.7  90    0    0 319 -384  2
3823500 2818500  7 10  3  11.4 1003 240  1.8 7  7.9  91    0    0 327 -384  2
3823500 2818500  7 10  4  10.9 1003 228  1.6 6  7.7  92    0    0 334 -384  2
3823500 2818500  7 10  5  10.9 1003 219  1.6 3  7.5  91    0    8 316 -385  2
3823500 2818500  7 10  6  11.6 1004 219  2.2 2  7.5  89    3   38 298 -385  2
3823500 2818500  7 10  7  12.9 1004 228  2.8 8  8.0  88    0   51 324 -388  2
3823500 2818500  7 10  8  14.2 1004 231  2.9 8  8.4  86    8  147 357 -391  2
3823500 2818500  7 10  9  15.3 1004 237  3.9 6  8.7  82  176  229 351 -397  2
3823500 2818500  7 10 10  16.7 1005 241  3.4 8  8.7  76   69  286 352 -404  2
3823500 2818500  7 10 11  17.7 1005 247  3.7 7  8.4  68   78  320 355 -412  2
3823500 2818500  7 10 12  17.7 1005 248  4.7 6  8.2  64   96  337 350 -423  2
3823500 2818500  7 10 13  18.2 1005 222  4.5 7  8.1  62  111  344 351 -431  2
3823500 2818500  7 10 14  18.5 1005 290  4.0 7  7.9  60  123  333 356 -434  2
3823500 2818500  7 10 15  18.6 1005 256  4.0 7  7.8  58   62  294 355 -435  2
3823500 2818500  7 10 16  18.9 1005 244  3.8 7  7.8  57   42  252 356 -436  2
3823500 2818500  7 10 17  18.7 1005 256  4.3 8  7.6  56   15  194 359 -434  2
3823500 2818500  7 10 18  18.0 1005 277  3.4 8  7.5  56    0  105 360 -430  2
3823500 2818500  7 10 19  16.8 1005 246  2.5 8  7.8  62    0   51 358 -425  2
3823500 2818500  7 10 20  16.0 1005 238  1.7 8  8.3  70    0   19 356 -417  2
3823500 2818500  7 10 21  15.0 1005 213  1.7 8  8.5  76    0    2 353 -409  2
3823500 2818500  7 10 22  14.3 1005 185  1.3 8  8.8  83    0    0 350 -402  2
3823500 2818500  7 10 23  14.0 1005 170  1.4 8  9.2  90    0    0 347 -396  2
3823500 2818500  7 10 24  14.0 1005 159  1.7 8  9.5  94    0    0 346 -392  2
3823500 2818500  7 11  1  14.3 1004 159  1.8 7  9.7  95    0    0 345 -389  2
3823500 2818500  7 11  2  14.6 1004 171  1.9 8 10.0  96    0    0 347 -387  2
3823500 2818500  7 11  3  15.0 1003 183  1.7 8 10.2  96    0    0 353 -386  2
3823500 2818500  7 11  4  15.4 1003 201  1.9 8 10.5  96    0    0 354 -386  2
3823500 2818500  7 11  5  15.6 1002 208  2.0 8 10.6  95    0    1 355 -387  2
3823500 2818500  7 11  6  15.8 1002 205  2.2 8 10.6  94    0   11 357 -390  2
3823500 2818500  7 11  7  16.1 1002 193  2.2 7 10.8  94    0   41 354 -394  2
3823500 2818500  7 11  8  17.1 1002 191  2.2 7 11.0  92    3  133 354 -398  2
3823500 2818500  7 11  9  17.9 1002 200  3.1 8 11.4  90    0  133 361 -403  2
3823500 2818500  7 11 10  17.9 1002 201  3.0 8 11.4  87    0  125 366 -409  2
3823500 2818500  7 11 11  17.5 1002 208  3.1 6 11.4  89   35  293 361 -415  2
3823500 2818500  7 11 12  18.5 1002 192  2.9 7 11.8  90   26  297 360 -422  2
3823500 2818500  7 11 13  19.1 1002 197  3.5 7 12.0  87   62  321 369 -427  2
3823500 2818500  7 11 14  19.8 1001 212  4.2 7 11.9  83   49  304 373 -431  2
3823500 2818500  7 11 15  21.2 1002 220  3.7 7 11.8  77   27  268 377 -434  2
3823500 2818500  7 11 16  21.7 1002 221  2.6 6 11.9  73   46  246 378 -439  2
3823500 2818500  7 11 17  20.9 1001 229  1.4 6 12.3  76   39  204 375 -441  2
3823500 2818500  7 11 18  21.4 1001 223  2.8 6 12.3  77   43  151 374 -438  2
3823500 2818500  7 11 19  20.5 1001 226  1.4 8 12.1  77    0   50 379 -433  2
3823500 2818500  7 11 20  19.4 1000 261  0.8 8 12.3  83    0   14 384 -428  2
3823500 2818500  7 11 21  18.5 1000 234  0.5 8 12.4  89    0    4 382 -424  2
3823500 2818500  7 11 22  17.9 1000 233  0.3 8 12.2  92    0    0 380 -421  2
3823500 2818500  7 11 23  17.8 1000 214  1.0 8 11.9  92    0    0 379 -420  2
3823500 2818500  7 11 24  17.5 1000 227  0.6 8 11.5  90    0    0 378 -418  2
3823500 2818500  7 12  1  16.8  999 218  1.0 8 11.2  90    0    0 376 -417  2
3823500 2818500  7 12  2  15.7  999 231  2.4 7 10.7  91    0    0 368 -416  2
3823500 2818500  7 12  3  15.3  999 230  1.3 7 10.2  91    0    0 362 -415  2
3823500 2818500  7 12  4  14.8  999 223  1.2 7  9.8  90    0    0 360 -414  2
3823500 2818500  7 12  5  14.6  999 215  1.5 7  9.6  90    0    2 358 -414  2
3823500 2818500  7 12  6  15.0  999 216  1.3 7  9.7  90    0   15 359 -412  2
3823500 2818500  7 12  7  15.4  999 212  1.3 5  9.7  88   23  109 354 -413  2
3823500 2818500  7 12  8  16.7  999 216  3.0 4  9.8  85  204  146 349 -415  2
3823500 2818500  7 12  9  17.5  999 224  2.9 6  9.7  79  131  245 354 -418  2
3823500 2818500  7 12 10  18.2  999 221  3.0 6  9.5  73   86  295 361 -420  2
3823500 2818500  7 12 11  18.4  999 210  2.5 6  9.3  70   18  286 362 -425  2
3823500 2818500  7 12 12  18.8  999 201  2.3 7  9.4  69   10  281 367 -428  2
3823500 2818500  7 12 13  19.2  999 193  2.5 6  9.4  68  160  358 370 -423  2
3823500 2818500  7 12 14  19.4  999 180  2.3 7  9.6  67   28  301 372 -417  2
3823500 2818500  7 12 15  19.3  999 189  2.3 8  9.9  69    0  139 380 -417  2
3823500 2818500  7 12 16  19.1  999 198  2.1 8 10.0  71    0  140 382 -419  2
3823500 2818500  7 12 17  20.0  999 215  2.2 6 10.1  70   26  206 377 -421  2
3823500 2818500  7 12 18  19.9  999 222  2.7 7  9.8  66   12  143 373 -421  2
3823500 2818500  7 12 19  19.7  998 224  3.0 8  9.7  66    6   85 378 -420  2
3823500 2818500  7 12 20  17.1  997 223  2.3 7  9.6  71   19   46 374 -418  2
3823500 2818500  7 12 21  14.9  998 193  1.2 6  9.5  82    0    1 361 -414  2
3823500 2818500  7 12 22  14.6  998 199  1.7 7  9.6  90    0    0 356 -409  2
3823500 2818500  7 12 23  14.8  998 163  1.8 6  9.7  91    0    0 355 -406  2
3823500 2818500  7 12 24  14.8  998 243  1.7 6  9.7  91    0    0 351 -403  2
3823500 2818500  7 13  1  14.5  998 189  1.7 5  9.6  90    0    0 345 -401  2
3823500 2818500  7 13  2  14.3  998 168  2.1 2  9.4  90    0    0 326 -400  2
3823500 2818500  7 13  3  14.7  998 196  2.0 4  9.4  89    0    0 321 -399  2
3823500 2818500  7 13  4  15.0  997 194  3.0 5  9.5  88    0    0 336 -398  2
3823500 2818500  7 13  5  14.7  996 192  3.2 4  9.5  89    0    9 336 -396  2
3823500 2818500  7 13  6  15.0  996 220  4.1 2  9.5  88   16   47 320 -397  2
3823500 2818500  7 13  7  15.4  996 221  4.8 5  9.3  84    8   99 323 -399  2
3823500 2818500  7 13  8  15.8  997 219  5.6 6  9.0  80   15  162 343 -402  2
3823500 2818500  7 13  9  16.1  997 213  6.3 5  8.8  76   30  234 345 -408  2
3823500 2818500  7 13 10  16.4  997 220  6.0 4  8.7  74  119  307 338 -416  2
3823500 2818500  7 13 11  16.9  998 242  5.9 4  8.7  72  237  338 336 -427  2
3823500 2818500  7 13 12  17.3  998 240  5.7 4  8.7  70  107  354 338 -441  2
3823500 2818500  7 13 13  17.3  999 259  4.4 4  8.4  67  206  364 339 -448  2
3823500 2818500  7 13 14  18.4  999 214  5.2 5  7.8  60  167  353 344 -457  2
3823500 2818500  7 13 15  17.9 1000 184  5.1 6  7.7  58   11  253 351 -469  2
3823500 2818500  7 13 16  16.8 1000 210  4.3 7  7.9  63    0  167 356 -465  2
3823500 2818500  7 13 17  17.2 1000 271  3.8 6  7.7  63  133  229 354 -456  2
3823500 2818500  7 13 18  17.0 1000 162  3.9 7  7.5  61   77  168 353 -447  2
3823500 2818500  7 13 19  16.3 1000 230  2.2 7  7.3  61   11   93 354 -439  2
3823500 2818500  7 13 20  16.0 1000 207  2.8 6  7.4  64   16   45 350 -432  2
3823500 2818500  7 13 21  15.0 1001 226  0.1 7  7.4  66    0    1 349 -423  2
3823500 2818500  7 13 22  13.9 1001 226  0.8 6  7.6  73    0    0 347 -414  2
3823500 2818500  7 13 23  12.3 1001 189  1.2 5  7.7  81    0    0 335 -408  2
3823500 2818500  7 13 24  12.8 1002 190  1.2 6  7.6  83    0    0 333 -404  2
3823500 2818500  7 14  1  10.9 1002 186  0.9 2  7.5  85    0    0 317 -400  2
3823500 2818500  7 14  2  10.7 1002 170  1.0 3  7.4  91    0    0 299 -397  2
3823500 2818500  7 14  3  11.0 1003 174  1.3 4  7.4  90    0    0 308 -396  2
3823500 2818500  7 14  4  11.1 1003 210  1.4 4  7.3  88    0    0 313 -396  2
3823500 2818500  7 14  5   9.6 1002 200  1.2 2  7.1  90    1   10 302 -396  2
3823500 2818500  7 14  6  11.0 1003 211  1.2 2  7.2  91   34   50 291 -396  2
3823500 2818500  7 14  7  12.8 1003 207  1.2 4  7.5  85  104  100 303 -400  2
3823500 2818500  7 14  8  14.4 1003 167  2.0 5  7.7  78  231  135 325 -407  2
3823500 2818500  7 14  9  16.1 1003 239  2.4 5  7.6  70  329  175 338 -416  2
3823500 2818500  7 14 10  17.0 1004 251  2.9 6  7.4  62  223  293 348 -427  2
3823500 2818500  7 14 11  17.2 1004 252  3.3 5  7.2  59  125  342 353 -435  2
3823500 2818500  7 14 12  17.4 1004 244  3.4 6  7.1  57   92  352 357 -445  2
3823500 2818500  7 14 13  17.5 1004 258  3.3 6  7.1  56   84  354 362 -452  2
3823500 2818500  7 14 14  18.7 1005 289  3.3 6  7.1  54  134  353 363 -455  2
3823500 2818500  7 14 15  19.3 1005 286  3.0 8  6.9  50   87  315 368 -462  2
3823500 2818500  7 14 16  18.8 1005 286  2.9 8  7.0  50   12  231 369 -468  2
3823500 2818500  7 14 17  18.8 1005 258  1.7 4  7.1  52  208  218 354 -454  2
3823500 2818500  7 14 18  18.8 1005 290  2.3 4  7.2  52  217  137 342 -439  2
3823500 2818500  7 14 19  18.3 1006 296  3.3 8  7.4  55   16   97 353 -433  2
3823500 2818500  7 14 20  16.6 1006 286  1.9 6  7.6  62    0   19 361 -425  2
3823500 2818500  7 14 21  15.4 1007 282  1.6 6  7.8  69    0    1 350 -417  2
3823500 2818500  7 14 22  14.2 1007 271  1.2 5  7.8  75    0    0 341 -409  2
3823500 2818500  7 14 23  13.1 1008 257  0.9 5  7.7  79    0    0 330 -403  2
3823500 2818500  7 14 24  12.2 1009 237  0.7 5  7.4  82    0    0 317 -402  2
3823500 2818500  7 15  1  11.6 1009 224  0.5 5  7.1  83    0    0 314 -365  2
3823500 2818500  7 15  2  11.1 1009 206  0.4 6  6.9  83    0    0 317 -363  2
3823500 2818500  7 15  3  10.8 1009 193  0.4 6  6.7  83    0    0 312 -361  2
3823500 2818500  7 15  4  10.8 1009 191  0.6 6  6.8  84    0    0 310 -360  2
3823500 2818500  7 15  5  11.2 1009 195  0.9 6  6.8  83    0    0 315 -360  2
3823500 2818500  7 15  6  11.1 1008 196  1.4 7  6.9  84    0   12 322 -362  2
3823500 2818500  7 15  7  12.6 1008 217  1.7 6  7.1  82    0   70 321 -368  2
3823500 2818500  7 15  8  13.7 1008 222  2.6 7  7.3  77   15  159 328 -375  2
3823500 2818500  7 15  9  15.4 1008 229  3.2 7  7.6  73   59  240 339 -383  2
3823500 2818500  7 15 10  16.0 1008 233  3.4 7  7.8  70   48  289 346 -392  2
3823500 2818500  7 15 11  16.5 1008 217  3.3 7  7.8  68   27  305 352 -399  2
3823500 2818500  7 15 12  18.9 1007 233  4.2 7  8.0  63  149  348 361 -404  2
3823500 2818500  7 15 13  19.0 1007 245  4.9 7  7.9  57  170  352 370 -410  2
3823500 2818500  7 15 14  19.2 1007 247  4.1 7  7.5  54   47  320 373 -410  2
3823500 2818500  7 15 15  18.9 1006 234  3.4 7  7.3  52   16  268 376 -405  2
3823500 2818500  7 15 16  19.0 1006 229  3.1 7  7.2  52    2  201 376 -401  2
3823500 2818500  7 15 17  15.7 1006 247  4.3 7  7.8  63    0  142 373 -399  2
3823500 2818500  7 15 18  14.5 1006 238  3.8 8  8.7  80    0   83 374 -397  2
3823500 2818500  7 15 19  13.7 1006 215  2.2 7  8.9  88    0   52 372 -396  2
3823500 2818500  7 15 20  13.7 1005 213  2.5 8  8.9  90    0   17 372 -396  2
3823500 2818500  7 15 21  14.3 1005 235  2.4 8  9.2  91    0    1 380 -396  2
3823500 2818500  7 15 22  15.1 1005 241  2.8 8  9.6  91    0    0 383 -396  2
3823500 2818500  7 15 23  15.6 1005 248  2.5 8 10.0  91    0    0 387 -396  2
3823500 2818500  7 15 24  15.7 1005 254  1.7 8 10.3  92    0    0 389 -396  2
3823500 2818500  7 16  1  15.9 1005 257  1.8 8 10.5  92    0    0 389 -395  2
3823500 2818500  7 16  2  15.7 1005 260  2.0 7 10.2  90    0    0 383 -395  2
3823500 2818500  7 16  3  14.8 1005 257  1.4 7  9.9  90    0    0 374 -394  2
3823500 2818500  7 16  4  14.6 1005 248  1.0 6  9.8  93    0    0 365 -393  2
3823500 2818500  7 16  5  14.4 1005 237  0.8 5  9.7  93    0    0 351 -392  2
3823500 2818500  7 16  6  15.3 1005 233  1.3 6  9.7  91    0    6 350 -392  2
3823500 2818500  7 16  7  15.9 1005 249  1.4 8 10.2  91    0   30 370 -392  2
3823500 2818500  7 16  8  16.4 1006 265  1.9 6 10.5  90   17  134 370 -396  2
3823500 2818500  7 16  9  17.8 1006 250  2.1 7 10.5  85   52  195 367 -403  2
3823500 2818500  7 16 10  18.4 1006 253  2.2 7 10.4  79   64  238 377 -415  2
3823500 2818500  7 16 11  18.5 1006 257  2.7 6 10.1  75   76  264 374 -425  2
3823500 2818500  7 16 12  18.8 1006 286  2.5 6  9.7  72   70  275 370 -432  2
3823500 2818500  7 16 13  19.5 1006 245  1.3 6  9.7  69   17  267 374 -427  2
3823500 2818500  7 16 14  20.0 1006 239  3.2 7  9.9  68   17  261 380 -417  2
3823500 2818500  7 16 15  20.0 1006 265  3.2 7  9.9  67    0  183 386 -411  2
3823500 2818500  7 16 16  19.4 1006 249  2.2 7 10.0  69    8  198 384 -407  2
3823500 2818500  7 16 17  19.0 1006 234  1.6 6 10.0  71   29  179 377 -403  2
3823500 2818500  7 16 18  18.7 1006 211  1.5 6 10.1  73    8  129 372 -400  2
3823500 2818500  7 16 19  17.8 1006 238  2.3 7 10.3  78    0   53 376 -399  2
3823500 2818500  7 16 20  17.8 1006 255  2.0 8 10.6  82    0   28 385 -399  2
3823500 2818500  7 16 21  16.9 1006 231  1.0 8 10.7  85    0    2 388 -400  2
3823500 2818500  7 16 22  17.2 1006 200  1.6 8 10.7  87    0    0 388 -403  2
3823500 2818500  7 16 23  17.3 1005 222  1.9 8 10.8  87    0    0 388 -404  2
3823500 2818500  7 16 24  17.4 1005 217  1.9 8 10.9  87    0    0 391 -403  2
3823500 2818500  7 17  1  17.7 1005 224  2.5 6 11.0  86    0    0 383 -402  2
3823500 2818500  7 17  2  17.8 1004 224  3.3 7 10.9  85    0    0 378 -401  2
3823500 2818500  7 17  3  17.6 1004 234  2.8 7 10.6  83    0    0 381 -401  2
3823500 2818500  7 17  4  17.3 1004 234  4.0 7 10.6  84    0    0 379 -402  2
3823500 2818500  7 17  5  17.1 1004 233  3.5 7 10.7  86    0    0 377 -402  2
3823500 2818500  7 17  6  17.3 1004 235  3.6 8 10.7  86    0    6 380 -402  2
3823500 2818500  7 17  7  17.5 1004 238  3.6 8 10.7  85    0   36 384 -402  2
3823500 2818500  7 17  8  17.1 1004 242  3.6 7 10.7  86    0   84 377 -402  2
3823500 2818500  7 17  9  16.8 1005 308  3.6 7 10.7  87    0  132 370 -402  2
3823500 2818500  7 17 10  16.9 1006 310  1.9 7 10.9  89    7  240 371 -403  2
3823500 2818500  7 17 11  18.2 1006 309  2.0 6 11.0  87   43  311 371 -407  2
3823500 2818500  7 17 12  18.9 1006 316  1.8 7 10.7  80    8  278 373 -409  2
3823500 2818500  7 17 13  19.5 1007 288  1.8 8 10.5  74    1  248 383 -410  2
3823500 2818500  7 17 14  20.4 1007 267  2.7 7 10.5  71   40  309 385 -410  2
3823500 2818500  7 17 15  21.4 1007 260  1.9 5 10.4  67  259  264 376 -413  2
3823500 2818500  7 17 16  22.2 1008 243  1.7 7 10.2  62  130  255 377 -421  2
3823500 2818500  7 17 17  20.0 1007 267  1.3 8 10.5  66    0  136 383 -427  2
3823500 2818500  7 17 18  18.5 1007 266  1.4 6 11.0  78   22  152 372 -429  2
3823500 2818500  7 17 19  20.3 1007 307  0.6 4 11.4  80  117   69 359 -429  2
3823500 2818500  7 17 20  19.1 1007  33  0.2 5 11.6  80   53   36 356 -424  2
3823500 2818500  7 17 21  18.0 1007  96  0.7 2 11.5  85    2    9 345 -416  2
3823500 2818500  7 17 22  17.3 1007 146  0.7 3 11.2  88    0    0 334 -409  2
3823500 2818500  7 17 23  16.6 1007 175  0.9 2 10.8  88    0    0 332 -405  2
3823500 2818500  7 17 24  16.3 1007 137  0.6 1 10.5  89    0    0 326 -405  2
3823500 2818500  7 18  1  16.0 1007 128  0.4 0 10.3  88    0    0 321 -403  2
3823500 2818500  7 18  2  15.4 1007 124  0.4 0  9.9  88    0    0 319 -401  2
3823500 2818500  7 18  3  14.9 1007 111  0.5 0  9.7  89    0    0 319 -398  2
3823500 2818500  7 18  4  14.5 1007  94  0.3 4  9.9  93    0    0 327 -396  2
3823500 2818500  7 18  5  14.6 1007  94  0.6 7 10.1  97    0    0 342 -394  2
3823500 2818500  7 18  6  15.0 1006 136  0.6 0 10.1  96    4   37 332 -394  2
3823500 2818500  7 18  7  16.7 1007 127  1.0 2 10.9  96   63  105 323 -398  2
3823500 2818500  7 18  8  19.2 1006 134  1.1 0 11.8  91  215  134 329 -409  2
3823500 2818500  7 18  9  21.4 1006 133  1.4 0 12.1  80  378  136 332 -425  2
3823500 2818500  7 18 10  24.0 1007 131  1.7 0 12.3  70  519  136 342 -443  2
3823500 2818500  7 18 11  25.6 1007 152  2.1 0 12.1  61  633  131 353 -460  2
3823500 2818500  7 18 12  26.3 1007 149  2.1 1 11.8  56  700  131 362 -475  2
3823500 2818500  7 18 13  27.7 1006 105  2.6 2 11.5  51  714  136 373 -485  2
3823500 2818500  7 18 14  28.4 1005 255  2.4 2 11.3  47  553  220 383 -493  2
3823500 2818500  7 18 15  28.4 1005 195  2.1 4 11.1  46  252  317 390 -485  2
3823500 2818500  7 18 16  27.1 1004 178  4.7 4 11.3  48  249  268 392 -465  2
3823500 2818500  7 18 17  22.8 1003 132  2.4 7 11.5  57    0  146 390 -453  2
3823500 2818500  7 18 18  21.8 1003 141  3.1 7 11.8  69   49  171 389 -447  2
3823500 2818500  7 18 19  21.5 1003 142  2.4 6 11.7  71   43  104 388 -441  2
3823500 2818500  7 18 20  18.4 1002 134  1.8 7 10.8  73    0   28 384 -435  2
3823500 2818500  7 18 21  17.2 1002 237  2.2 7 10.5  81    0    1 381 -429  2
3823500 2818500  7 18 22  16.8 1005 124  1.3 6 10.9  89    0    0 377 -426  2
3823500 2818500  7 18 23  16.4 1004 166  1.6 5 10.8  91    0    0 368 -423  2
3823500 2818500  7 18 24  16.1 1004 195  1.8 5 10.6  90    0    0 364 -421  2
3823500 2818500  7 19  1  16.0 1005 267  0.3 5 10.6  91    0    0 363 -420  2
3823500 2818500  7 19  2  16.0 1005 288  0.3 6 10.5  91    0    0 367 -420  2
3823500 2818500  7 19  3  16.0 1005 322  0.8 7 10.5  92    0    0 374 -420  2
3823500 2818500  7 19  4  16.4 1005 224  0.1 6 10.7  92    0    0 375 -420  2
3823500 2818500  7 19  5  16.0 1005 350  0.3 5 10.7  92    0    2 368 -420  2
3823500 2818500  7 19  6  15.7 1005 211  0.6 5 10.6  93    8   41 363 -419  2
3823500 2818500  7 19  7  16.8 1006 175  0.6 5 11.0  94   10   93 361 -417  2
3823500 2818500  7 19  8  17.1 1006 208  1.2 6 11.4  94   21  169 364 -417  2
3823500 2818500  7 19  9  18.0 1006 177  1.1 7 11.6  92   24  234 372 -418  2
3823500 2818500  7 19 10  19.9 1007 175  1.4 7 12.2  88   75  312 381 -423  2
3823500 2818500  7 19 11  20.9 1007 204  1.6 6 12.4  82   97  354 382 -430  2
3823500 2818500  7 19 12  21.3 1007 151  1.1 7 12.1  76   53  349 385 -435  2
3823500 2818500  7 19 13  21.7 1007 156  1.1 8 12.0  74    3  272 394 -444  2
3823500 2818500  7 19 14  21.8 1007 138  1.2 7 12.0  73   26  317 396 -450  2
3823500 2818500  7 19 15  22.3 1007 169  1.0 7 12.2  73    0  219 393 -452  2
3823500 2818500  7 19 16  21.9 1007 186  1.0 8 12.6  75    0  108 397 -452  2
3823500 2818500  7 19 17  22.7 1006 134  0.7 7 12.9  76    0  156 397 -449  2
3823500 2818500  7 19 18  22.3 1006 146  1.4 6 12.8  74   58  172 389 -448  2
3823500 2818500  7 19 19  22.0 1005 160  1.8 6 12.4  74   33  103 382 -443  2
3823500 2818500  7 19 20  20.9 1005 175  1.7 6 12.2  75    6   43 379 -437  2
3823500 2818500  7 19 21  19.5 1005 152  1.0 7 11.6  77    2   10 379 -431  2
3823500 2818500  7 19 22  18.8 1005 178  1.4 8 11.6  82    0    0 385 -425  2
3823500 2818500  7 19 23  18.2 1006 164  1.1 8 11.8  87    0    0 388 -419  2
3823500 2818500  7 19 24  17.3 1006 204  0.1 6 11.5  90    0    0 376 -414  2
3823500 2818500  7 20  1  16.9 1006 217  1.9 6 11.4  92    0    0 365 -410  2
3823500 2818500  7 20  2  16.8 1007 214  2.4 6 11.2  92    0    0 366 -408  2
3823500 2818500  7 20  3  16.1 1007 277  3.4 7 10.5  89    0    0 369 -407  2
3823500 2818500  7 20  4  15.7 1007 263  2.2 7  9.9  87    0    0 372 -405  2
3823500 2818500  7 20  5  15.2 1007 264  1.5 7  9.7  87    0    0 370 -400  2
3823500 2818500  7 20  6  15.1 1008 241  2.5 6  9.6  88    0   25 364 -397  2
3823500 2818500  7 20  7  15.5 1008 243  2.4 4  9.7  88   42  102 349 -399  2
3823500 2818500  7 20  8  16.1 1009 233  2.8 4  9.6  85  131  160 341 -404  2
3823500 2818500  7 20  9  16.9 1009 232  2.9 4  9.5  80  227  204 343 -411  2
3823500 2818500  7 20 10  18.0 1010 234  3.2 4  9.1  72  445  167 348 -416  2
3823500 2818500  7 20 11  19.1 1010 230  2.8 2  8.8  66  583  148 348 -425  2
3823500 2818500  7 20 12  19.7 1010 245  2.3 3  8.8  62  485  244 350 -438  2
3823500 2818500  7 20 13  20.6 1010 289  2.8 4  8.8  59  262  352 356 -449  2
3823500 2818500  7 20 14  21.3 1010 245  2.5 4  9.0  58  214  350 360 -456  2
3823500 2818500  7 20 15  22.1 1010 208  2.6 5  8.7  53  255  306 361 -459  2
3823500 2818500  7 20 16  22.2 1010 279  2.6 4  8.2  49  330  225 358 -457  2
3823500 2818500  7 20 17  22.2 1010 288  2.8 5  7.9  47  258  185 354 -450  2
3823500 2818500  7 20 18  21.7 1010 262  2.0 7  7.7  47   88  165 357 -442  2
3823500 2818500  7 20 19  20.9 1009 269  1.4 7  8.1  51   31   98 359 -431  2
3823500 2818500  7 20 20  19.5 1010 263  0.1 8  8.5  57   10   41 357 -420  2
3823500 2818500  7 20 21  17.1 1010 235  0.1 7  8.6  65    0    6 352 -409  2
3823500 2818500  7 20 22  15.7 1010 224  0.1 5  8.7  74    0    0 337 -403  2
3823500 2818500  7 20 23  14.9 1010   5  0.1 5  8.5  78    0    0 328 -401  2
3823500 2818500  7 20 24  14.1 1010  71  0.2 6  8.3  81    0    0 329 -399  2
3823500 2818500  7 21  1  13.3 1010  36  0.3 3  8.1  82    0    0 320 -398  2
3823500 2818500  7 21  2  12.9 1009  26  0.7 2  7.9  84    0    0 307 -397  2
3823500 2818500  7 21  3  12.5 1009  38  0.7 2  7.9  86    0    0 302 -396  2
3823500 2818500  7 21  4  12.0 1008  29  0.4 3  7.8  87    0    0 305 -394  2
3823500 2818500  7 21  5  12.1 1008  47  0.6 5  7.8  88    0    0 313 -392  2
3823500 2818500  7 21  6  13.7 1008  47  0.9 6  8.4  90    0   11 327 -391  2
3823500 2818500  7 21  7  15.2 1007  63  1.3 7  8.9  86    0   35 337 -393  2
3823500 2818500  7 21  8  16.2 1007  60  1.9 8  9.1  81    0   42 345 -399  2
3823500 2818500  7 21  9  17.2 1006  79  1.8 8  9.3  78    0   62 352 -407  2
3823500 2818500  7 21 10  16.5 1006  79  1.7 8  9.6  79    0   86 356 -417  2
3823500 2818500  7 21 11  16.4 1006  72  2.8 7 10.0  84    0  140 355 -430  2
3823500 2818500  7 21 12  16.5 1005  86  2.7 8 10.2  86    0   99 358 -444  2
3823500 2818500  7 21 13  16.4 1005  55  1.9 8 10.4  88    0  109 361 -457  2
3823500 2818500  7 21 14  16.3 1005  70  1.9 8 10.5  89    0  105 361 -467  2
3823500 2818500  7 21 15  17.1 1005  59  1.8 8 10.6  88    0  104 362 -470  2
3823500 2818500  7 21 16  17.3 1004  36  0.8 8 11.0  89    0  177 364 -469  2
3823500 2818500  7 21 17  17.6 1004 329  2.3 8 11.2  88   40  180 366 -464  2
3823500 2818500  7 21 18  17.5 1004 337  1.8 8 11.3  89   26  130 368 -455  2
3823500 2818500  7 21 19  17.5 1004 321  1.8 7 11.3  90   21   77 365 -445  2
3823500 2818500  7 21 20  16.6 1004 282  1.7 7 10.8  88   19   30 359 -434  2
3823500 2818500  7 21 21  16.4 1005 315  1.0 7 10.4  88    0    3 354 -424  2
3823500 2818500  7 21 22  16.3 1005 304  1.1 7 10.4  88    0    0 354 -416  2
3823500 2818500  7 21 23  16.1 1005 303  1.2 8 10.4  90    0    0 358 -411  2
3823500 2818500  7 21 24  16.0 1005 273  0.9 8 10.5  91    0    0 363 -408  2
3823500 2818500  7 22  1  16.1 1006 282  1.0 7 10.6  92    0    0 363 -405  2
3823500 2818500  7 22  2  15.9 1006 295  0.5 7 10.6  93    0    0 361 -404  2
3823500 2818500  7 22  3  15.7 1006 307  0.1 8 10.3  91    0    0 365 -403  2
3823500 2818500  7 22  4  15.7 1006 266  0.1 7 10.1  90    0    0 365 -401  2
3823500 2818500  7 22  5  15.7 1006 274  0.1 8 10.1  89    0    0 363 -401  2
3823500 2818500  7 22  6  15.8 1006 263  0.1 7 10.1  90    0   24 363 -402  2
3823500 2818500  7 22  7  16.0 1006 316  0.1 6 10.3  90    9   94 354 -405  2
3823500 2818500  7 22  8  17.3 1007   6  1.2 6 10.5  88   33  183 353 -412  2
3823500 2818500  7 22  9  18.4 1007  33  1.0 6 10.7  83   60  262 359 -423  2
3823500 2818500  7 22 10  19.5 1007 265  0.9 5 10.6  77  138  336 361 -435  2
3823500 2818500  7 22 11  21.4 1008 214  1.0 6 10.7  70  264  370 368 -448  2
3823500 2818500  7 22 12  22.5 1009 305  1.4 5 10.8  65  377  370 376 -456  2
3823500 2818500  7 22 13  24.1 1008 329  1.6 3 10.9  60  445  355 375 -464  2
3823500 2818500  7 22 14  25.2 1008 167  1.6 3 10.7  55  443  341 376 -475  2
3823500 2818500  7 22 15  26.3 1008  27  1.4 2 10.4  50  388  324 379 -478  2
3823500 2818500  7 22 16  25.5 1008 102  1.3 3 10.2  48  162  325 379 -475  2
3823500 2818500  7 22 17  25.0 1008  50  1.0 7 10.3  51    0  108 392 -472  2
3823500 2818500  7 22 18  19.1 1008 224  2.7 8 10.8  65    0   52 398 -469  2
3823500 2818500  7 22 19  18.5 1008   9  1.0 6 11.2  82    4   81 384 -459  2
3823500 2818500  7 22 20  18.8 1008 278  0.3 7 11.4  84   15   46 380 -447  2
3823500 2818500  7 22 21  18.7 1008 354  0.4 6 11.8  86    0    0 380 -436  2
3823500 2818500  7 22 22  18.3 1008 337  0.6 7 11.8  88    0    0 379 -428  2
3823500 2818500  7 22 23  17.9 1009  89  0.5 7 11.8  90    0    0 382 -423  2
3823500 2818500  7 22 24  17.2 1009 335  0.3 5 11.4  90    0    0 372 -419  2
3823500 2818500  7 23  1  17.1 1009  39  0.5 6 11.2  91    0    0 368 -417  2
3823500 2818500  7 23  2  16.7 1009   0  0.6 4 11.4  94    0    0 364 -416  2
3823500 2818500  7 23  3  16.5 1009 288  0.7 7 11.4  96    0    0 366 -414  2
3823500 2818500  7 23  4  16.3 1009 359  0.1 6 11.1  95    0    0 371 -413  2
3823500 2818500  7 23  5  16.3 1009 209  0.6 8 10.9  93    0    0 371 -411  2
3823500 2818500  7 23  6  16.5 1009 288  0.5 5 10.9  93    1   31 368 -412  2
3823500 2818500  7 23  7  16.8 1009 271  0.6 4 10.9  91   31  105 357 -416  2
3823500 2818500  7 23  8  17.9 1010 275  0.4 5 11.2  90   74  182 358 -424  2
3823500 2818500  7 23  9  18.9 1010 252  1.1 3 12.1  90  130  250 360 -433  2
3823500 2818500  7 23 10  20.1 1011 263  1.2 6 12.5  88  152  311 368 -444  2
3823500 2818500  7 23 11  21.8 1011 262  1.9 6 12.7  81  169  354 382 -457  2
3823500 2818500  7 23 12  23.0 1012 315  2.0 5 12.7  74  301  361 386 -473  2
3823500 2818500  7 23 13  24.5 1012 291  1.2 3 12.5  68  383  343 385 -484  2
3823500 2818500  7 23 14  25.3 1012 315  1.4 2 11.8  60  382  328 382 -491  2
3823500 2818500  7 23 15  26.2 1012 180  0.6 3 11.0  53  372  295 383 -495  2
3823500 2818500  7 23 16  25.9 1012 247  1.5 3 10.6  50  322  257 385 -495  2
3823500 2818500  7 23 17  26.6 1011 239  1.2 2 10.4  48  262  205 382 -493  2
3823500 2818500  7 23 18  26.0 1011 298  0.6 1 10.5  49  196  146 376 -487  2
3823500 2818500  7 23 19  25.6 1011  24  0.3 3 10.7  51   73  103 375 -477  2
3823500 2818500  7 23 20  23.3 1011  49  0.1 5 10.6  55   23   44 376 -466  2
3823500 2818500  7 23 21  20.1 1010  66  0.1 6 10.2  63    0    8 373 -456  2
3823500 2818500  7 23 22  18.6 1010 117  0.0 4 10.2  72    0    0 364 -447  2
3823500 2818500  7 23 23  17.9 1010  71  0.1 4 10.4  79    0    0 358 -441  2
3823500 2818500  7 23 24  16.9 1010  79  0.1 5  9.9  79    0    0 358 -438  2
3823500 2818500  7 24  1  15.9 1010  96  0.0 1  9.7  82    0    0 346 -435  2
3823500 2818500  7 24  2  15.9 1009 111  0.0 0  9.8  86    0    0 332 -433  2
3823500 2818500  7 24  3  14.9 1009 133  0.1 0  9.8  89    0    0 326 -433  2
3823500 2818500  7 24  4  17.2 1009  48  0.6 3 10.5  91    0    0 337 -433  2
3823500 2818500  7 24  5  18.2 1008  31  1.4 7 11.2  88    0    0 361 -431  2
3823500 2818500  7 24  6  18.3 1008 181  0.4 7 11.4  86    0    6 373 -429  2
3823500 2818500  7 24  7  19.6 1008 194  1.0 6 11.7  84    0   69 370 -429  2
3823500 2818500  7 24  8  21.3 1008 246  1.6 4 12.0  79   51  182 368 -435  2
3823500 2818500  7 24  9  22.3 1009 248  0.8 4 12.1  73  103  258 368 -448  2
3823500 2818500  7 24 10  22.7 1009 268  2.2 6 12.1  70  124  320 377 -462  2
3823500 2818500  7 24 11  23.6 1009 251  1.9 5 12.0  67  362  312 382 -475  2
3823500 2818500  7 24 12  24.3 1009 262  2.7 4 11.8  63  455  309 381 -482  2
3823500 2818500  7 24 13  25.6 1010 253  2.6 4 11.9  59  349  368 384 -483  2
3823500 2818500  7 24 14  25.3 1010 255  2.9 6 12.1  59  114  372 393 -481  2
3823500 2818500  7 24 15  25.5 1010 273  2.5 6 12.3  60  187  356 400 -481  2
3823500 2818500  7 24 16  25.9 1010 289  2.0 6 12.7  61  136  302 402 -480  2
3823500 2818500  7 24 17  24.4 1010 298  1.9 5 12.6  62  110  244 396 -472  2
3823500 2818500  7 24 18  24.3 1010 297  2.1 4 12.3  64  101  177 385 -460  2
3823500 2818500  7 24 19  23.4 1011 310  2.3 4 12.4  66   56  106 379 -448  2
3823500 2818500  7 24 20  21.2 1011 294  2.0 4 12.1  72   13   42 371 -435  2
3823500 2818500  7 24 21  19.9 1011 310  1.6 3 11.6  76    1    8 358 -425  2
3823500 2818500  7 24 22  19.1 1012 308  1.2 6 11.3  79    0    0 358 -415  2
3823500 2818500  7 24 23  18.7 1013 319  2.3 8 11.1  81    0    0 369 -407  2
3823500 2818500  7 24 24  18.2 1013 316  2.5 7 10.6  80    0    0 368 -401  2
3823500 2818500  7 25  1  17.7 1013 333  1.5 7 10.2  79    0    0 362 -396  2
3823500 2818500  7 25  2  17.3 1014 326  2.3 7  9.7  78    0    0 361 -391  2
3823500 2818500  7 25  3  16.4 1014 318  1.8 6  9.4  78    0    0 355 -387  2
3823500 2818500  7 25  4  14.8 1014 323  1.2 3  9.1  82    0    0 335 -384  2
3823500 2818500  7 25  5  13.7 1015 321  0.9 2  8.8  87    0    0 314 -382  2
3823500 2818500  7 25  6  14.0 1015 301  0.3 1  8.8  89    7   35 304 -381  2
3823500 2818500  7 25  7  15.4 1015 329  1.1 2  9.2  88   76   94 305 -384  2
3823500 2818500  7 25  8  16.8 1015 346  1.7 1  9.3  82  204  127 309 -393  2
3823500 2818500  7 25  9  19.0 1016 327  2.0 1  8.8  69  335  150 309 -407  2
3823500 2818500  7 25 10  19.6 1016 332  2.3 1  8.1  58  481  149 315 -422  2
3823500 2818500  7 25 11  20.8 1016 317  2.1 1  7.6  52  605  139 317 -435  2
3823500 2818500  7 25 12  21.2 1016 316  2.7 3  7.5  49  398  297 327 -447  2
3823500 2818500  7 25 13  21.3 1016 314  2.7 5  7.4  47  254  360 340 -457  2
3823500 2818500  7 25 14  21.7 1016 325  2.5 6  7.5  47  287  339 350 -465  2
3823500 2818500  7 25 15  22.3 1015 341  2.2 4  7.8  47  294  302 350 -467  2
3823500 2818500  7 25 16  22.5 1015 327  1.9 3  8.0  47  354  220 341 -465  2
3823500 2818500  7 25 17  22.0 1015 311  2.0 4  7.9  47  358  136 340 -460  2
3823500 2818500  7 25 18  21.9 1014 272  1.5 5  7.9  48  143  152 342 -452  2
3823500 2818500  7 25 19  21.3 1014 263  1.9 6  8.2  51   56   95 343 -441  2
3823500 2818500  7 25 20  20.4 1013 244  1.4 7  8.3  54   12   39 342 -430  2
3823500 2818500  7 25 21  17.5 1013 222  1.4 5  8.5  62    1    6 332 -420  2
3823500 2818500  7 25 22  16.7 1013 224  1.5 6  8.4  69    0    0 321 -412  2
3823500 2818500  7 25 23  16.3 1013 219  1.6 6  8.3  71    0    0 320 -406  2
3823500 2818500  7 25 24  15.5 1013 249  1.5 7  8.5  75    0    0 320 -401  2
3823500 2818500  7 26  1  15.3 1012 296  1.6 7  8.5  78    0    0 322 -398  2
3823500 2818500  7 26  2  14.3 1012 208  1.4 6  8.5  81    0    0 319 -395  2
3823500 2818500  7 26  3  13.9 1012 215  1.3 6  8.5  84    0    0 317 -394  2
3823500 2818500  7 26  4  14.0 1011 221  1.3 7  8.7  87    0    0 323 -395  2
3823500 2818500  7 26  5  14.2 1011 196  1.1 7  8.8  88    0    0 329 -396  2
3823500 2818500  7 26  6  14.3 1011 181  1.0 7  9.1  89    0   22 332 -397  2
3823500 2818500  7 26  7  15.4 1010 194  1.9 6  9.2  86    0   60 331 -400  2
3823500 2818500  7 26  8  15.9 1010 208  2.0 7  9.0  81    9  157 335 -404  2
3823500 2818500  7 26  9  16.8 1009 235  3.3 7  9.1  78   13  221 342 -410  2
3823500 2818500  7 26 10  17.3 1009 275  4.3 7  9.2  76    8  257 347 -415  2
3823500 2818500  7 26 11  18.1 1009 283  4.4 7  9.1  72    6  274 353 -423  2
3823500 2818500  7 26 12  17.4 1009 258  3.8 7  8.7  68    6  285 356 -429  2
3823500 2818500  7 26 13  16.3 1009 275  3.9 7  8.3  69    0  236 355 -429  2
3823500 2818500  7 26 14  16.3 1009 270  3.5 8  8.2  71    0  170 357 -427  2
3823500 2818500  7 26 15  14.5 1009 264  2.9 7  8.4  76    0  152 357 -426  2
3823500 2818500  7 26 16  14.0 1009 265  3.9 8  8.4  83    0  113 353 -422  2
3823500 2818500  7 26 17  13.4 1009 256  2.1 8  8.4  85    0   74 354 -416  2
3823500 2818500  7 26 18  12.6 1009 288  1.9 8  8.3  88    0   52 352 -411  2
3823500 2818500  7 26 19  12.6 1009 283  2.7 7  8.1  89    0   45 349 -408  2
3823500 2818500  7 26 20  12.7 1009 203  1.4 8  8.0  87    0   13 348 -404  2
3823500 2818500  7 26 21  12.5 1008 184  1.3 7  8.0  88    0    0 348 -401  2
3823500 2818500  7 26 22  12.8 1008 202  1.5 7  8.0  87    0    0 345 -397  2
3823500 2818500  7 26 23  12.9 1008 185  1.7 7  8.1  86    0    0 346 -395  2
3823500 2818500  7 26 24  12.9 1007 169  1.6 8  8.1  87    0    0 350 -393  2
3823500 2818500  7 27  1  12.9 1007 205  1.8 7  8.0  86    0    0 351 -391  2
3823500 2818500  7 27  2  13.0 1007 222  2.0 7  8.0  85    0    0 347 -387  2
3823500 2818500  7 27  3  12.9 1007 228  1.6 7  8.0  86    0    0 347 -383  2
3823500 2818500  7 27  4  13.0 1006 207  1.2 7  8.0  85    0    0 348 -379  2
3823500 2818500  7 27  5  12.8 1006 200  1.3 6  8.1  86    0    0 344 -376  2
3823500 2818500  7 27  6  13.1 1005 206  1.5 7  8.2  87    0   20 346 -375  2
3823500 2818500  7 27  7  13.6 1005 236  2.1 7  8.4  87    0   49 352 -377  2
3823500 2818500  7 27  8  14.1 1005 247  1.8 8  8.8  88    0   71 360 -387  2
3823500 2818500  7 27  9  14.3 1005 256  2.1 8  8.8  86    0  113 367 -402  2
3823500 2818500  7 27 10  15.1 1005 322  0.8 7  9.3  88    5  229 363 -420  2
3823500 2818500  7 27 11  16.8 1005 300  1.5 7  9.8  85   67  331 362 -437  2
3823500 2818500  7 27 12  17.9 1005 359  2.2 4  9.2  73  281  339 352 -450  2
3823500 2818500  7 27 13  19.3 1005 324  1.6 4  8.8  65  442  283 345 -459  2
3823500 2818500  7 27 14  17.1 1005 313  3.0 5  8.7  66  198  350 348 -465  2
3823500 2818500  7 27 15  18.3 1006 302  2.1 6  8.6  67   27  276 350 -464  2
3823500 2818500  7 27 16  19.6 1006  29  3.7 3  8.3  60  346  218 345 -451  2
3823500 2818500  7 27 17  19.5 1006 334  2.9 4  7.8  54  204  204 336 -440  2
3823500 2818500  7 27 18  19.3 1006 354  2.0 3  7.7  54  191  127 334 -437  2
3823500 2818500  7 27 19  18.5 1006  16  2.9 5  7.6  56   52   91 332 -431  2
3823500 2818500  7 27 20  17.3 1007 333  2.5 4  7.5  58    5   31 330 -423  2
3823500 2818500  7 27 21  15.1 1008  13  2.0 2  7.1  62    0    3 314 -414  2
3823500 2818500  7 27 22  13.6 1009 316  1.3 3  6.9  67    0    0 304 -407  2
3823500 2818500  7 27 23  12.4 1009 353  1.3 2  6.9  73    0    0 300 -402  2
3823500 2818500  7 27 24  11.3 1010 319  0.7 4  6.8  78    0    0 301 -398  2
3823500 2818500  7 28  1  10.0 1010 272  0.6 0  6.6  82    0    0 292 -394  2
3823500 2818500  7 28  2   9.5 1010 228  0.7 0  6.3  83    0    0 276 -391  2
3823500 2818500  7 28  3   9.0 1010 223  0.8 0  6.0  83    0    0 274 -387  2
3823500 2818500  7 28  4   8.9 1010 238  0.5 0  6.2  86    0    0 274 -383  2
3823500 2818500  7 28  5   9.7 1011 222  0.3 4  6.4  88    0    0 290 -379  2
3823500 2818500  7 28  6  10.6 1011 238  0.1 6  6.8  88    0    9 316 -377  2
3823500 2818500  7 28  7  11.7 1011   9  0.1 7  7.6  91    0   70 332 -379  2
3823500 2818500  7 28  8  14.7 1012 202  1.0 6  8.4  88   34  174 340 -388  2
3823500 2818500  7 28  9  16.4 1012 259  1.2 4  8.7  78  177  245 336 -403  2
3823500 2818500  7 28 10  17.7 1012 266  1.3 3  8.3  68  330  265 329 -420  2
3823500 2818500  7 28 11  19.5 1012 259  1.9 3  7.7  58  378  307 330 -436  2
3823500 2818500  7 28 12  19.6 1012 279  1.7 3  7.1  50  320  367 332 -448  2
3823500 2818500  7 28 13  20.3 1012 305  2.0 3  6.8  47  331  375 334 -458  2
3823500 2818500  7 28 14  20.2 1012 302  2.2 3  6.7  45  238  386 335 -466  2
3823500 2818500  7 28 15  20.7 1012 291  1.7 3  6.9  46  261  345 336 -468  2
3823500 2818500  7 28 16  21.7 1012 288  2.1 3  7.0  45  295  277 339 -465  2
3823500 2818500  7 28 17  21.8 1012 296  1.7 2  6.9  42  276  203 338 -457  2
3823500 2818500  7 28 18  21.5 1012 297  1.5 1  7.1  44  213  143 331 -448  2
3823500 2818500  7 28 19  20.6 1012 307  0.9 2  7.3  47   84  103 328 -437  2
3823500 2818500  7 28 20  18.7 1012 315  0.5 4  7.5  52   23   44 333 -425  2
3823500 2818500  7 28 21  16.0 1012 307  0.1 4  7.4  60    0    5 332 -413  2
3823500 2818500  7 28 22  14.8 1012  14  0.1 3  7.4  68    0    0 322 -404  2
3823500 2818500  7 28 23  15.2 1013  11  0.1 2  7.8  73    0    0 313 -397  2
3823500 2818500  7 28 24  13.4 1013  30  0.1 0  7.7  76    0    0 301 -392  2
3823500 2818500  7 29  1  12.1 1013   7  0.0 0  7.1  78    0    0 288 -387  2
3823500 2818500  7 29  2  11.3 1013   2  0.0 0  6.9  80    0    0 284 -382  2
3823500 2818500  7 29  3  10.9 1013  24  0.1 0  6.8  83    0    0 282 -378  2
3823500 2818500  7 29  4  11.3 1013  51  0.0 2  6.8  82    0    0 288 -375  2
3823500 2818500  7 29  5  12.1 1013  81  0.0 7  7.2  84    0    0 314 -372  2
3823500 2818500  7 29  6  12.5 1013  45  0.0 7  7.8  88    1   28 333 -370  2
3823500 2818500  7 29  7  14.5 1013  56  0.1 3  8.4  87   50   99 322 -373  2
3823500 2818500  7 29  8  15.9 1013  91  0.9 2  8.7  80  170  142 309 -383  2
3823500 2818500  7 29  9  17.9 1014  62  0.8 2  8.8  73  286  174 311 -397  2
3823500 2818500  7 29 10  19.2 1014  81  0.9 2  9.0  67  347  222 319 -413  2
3823500 2818500  7 29 11  20.0 1014  23  1.8 4  8.8  62  248  317 331 -428  2
3823500 2818500  7 29 12  20.5 1013  35  1.7 3  8.4  56  248  347 338 -442  2
3823500 2818500  7 29 13  21.0 1013  43  1.0 3  8.0  52  360  321 336 -452  2
3823500 2818500  7 29 14  21.3 1013  66  1.1 2  7.7  49  542  216 334 -458  2
3823500 2818500  7 29 15  22.1 1013  32  1.2 2  7.3  45  615  127 333 -461  2
3823500 2818500  7 29 16  22.2 1012  43  0.9 2  7.1  43  544  104 335 -459  2
3823500 2818500  7 29 17  22.4 1012  57  1.2 1  7.1  42  408  103 333 -454  2
3823500 2818500  7 29 18  22.2 1012  65  2.3 1  7.1  42  284   85 329 -447  2
3823500 2818500  7 29 19  21.7 1012  65  0.9 0  7.2  44  110   83 325 -438  2
3823500 2818500  7 29 20  19.9 1012  56  0.8 0  7.4  48   31   39 318 -428  2
3823500 2818500  7 29 21  17.7 1012  71  0.4 1  7.4  55    0    5 314 -418  2
3823500 2818500  7 29 22  16.2 1012  60  0.2 0  7.4  62    0    0 309 -410  2
3823500 2818500  7 29 23  15.7 1012  66  0.3 0  7.6  67    0    0 301 -404  2
3823500 2818500  7 29 24  15.3 1012  65  0.1 1  7.6  69    0    0 303 -399  2
3823500 2818500  7 30  1  14.3 1012  58  0.1 0  7.6  72    0    0 301 -394  2
3823500 2818500  7 30  2  13.4 1012  72  0.0 0  7.5  76    0    0 294 -390  2
3823500 2818500  7 30  3  12.8 1011  75  0.0 0  7.4  78    0    0 292 -387  2
3823500 2818500  7 30  4  12.2 1011  72  0.1 1  7.3  81    0    0 294 -385  2
3823500 2818500  7 30  5  11.9 1011  80  0.1 2  7.3  82    0    0 301 -383  2
3823500 2818500  7 30  6  13.4 1011  86  0.1 2  7.4  81    5   32 306 -381  2
3823500 2818500  7 30  7  15.5 1011 105  0.2 0  8.0  78   66   96 304 -383  2
3823500 2818500  7 30  8  18.1 1011 106  1.0 0  8.4  70  179  140 301 -392  2
3823500 2818500  7 30  9  20.2 1011 126  2.0 0  8.5  61  324  155 309 -406  2
3823500 2818500  7 30 10  22.5 1011 150  2.2 0  8.4  53  455  164 317 -422  2
3823500 2818500  7 30 11  23.4 1011 142  2.6 0  8.2  47  584  151 324 -437  2
3823500 2818500  7 30 12  23.9 1011 118  2.9 0  7.8  43  652  152 327 -449  2
3823500 2818500  7 30 13  24.4 1011 126  3.0 0  7.7  41  673  153 331 -459  2
3823500 2818500  7 30 14  25.0 1010 108  2.6 0  7.7  40  692  125 335 -465  2
3823500 2818500  7 30 15  25.4 1010 109  2.3 0  7.6  38  646  111 339 -468  2
3823500 2818500  7 30 16  25.4 1010 123  2.3 0  7.5  37  571   92 340 -467  2
3823500 2818500  7 30 17  25.5 1009 109  1.4 1  7.5  37  440   88 344 -462  2
3823500 2818500  7 30 18  25.5 1009 108  1.5 1  7.4  36  283   87 348 -455  2
3823500 2818500  7 30 19  24.9 1009 113  0.7 1  7.5  37  114   83 348 -445  2
3823500 2818500  7 30 20  23.0 1009  96  0.3 2  7.7  41   30   40 348 -434  2
3823500 2818500  7 30 21  20.5 1008  87  0.2 3  7.6  47    0    5 348 -424  2
3823500 2818500  7 30 22  18.4 1008  80  0.5 3  7.5  53    0    0 345 -416  2
3823500 2818500  7 30 23  18.0 1009  80  0.1 3  7.6  58    0    0 341 -411  2
3823500 2818500  7 30 24  16.0 1009  92  0.1 5  7.6  62    0    0 345 -406  2
3823500 2818500  7 31  1  17.1 1009  91  0.2 5  7.6  64    0    0 352 -404  2
3823500 2818500  7 31  2  16.3 1009  99  0.3 5  7.7  64    0    0 350 -402  2
3823500 2818500  7 31  3  15.8 1009  72  0.5 6  7.6  66    0    0 351 -401  2
3823500 2818500  7 31  4  15.8 1009  89  0.5 5  7.5  67    0    0 349 -401  2
3823500 2818500  7 31  5  15.3 1009  94  0.8 3  7.4  67    0    0 335 -402  2
3823500 2818500  7 31  6  15.9 1009  99  0.7 2  7.5  67    6   35 322 -401  2
3823500 2818500  7 31  7  17.7 1009  90  1.1 2  7.8  65   56  103 320 -402  2
3823500 2818500  7 31  8  19.6 1009 121  1.6 3  8.4  62  114  170 330 -408  2
3823500 2818500  7 31  9  22.2 1009 146  1.6 3  9.0  58  219  217 342 -420  2
3823500 2818500  7 31 10  24.2 1010 151  1.1 4  9.4  53  324  248 356 -432  2
3823500 2818500  7 31 11  25.9 1010 138  1.2 4  9.5  48  473  235 368 -444  2
3823500 2818500  7 31 12  26.5 1010 144  1.5 4  9.3  44  475  273 375 -455  2
3823500 2818500  7 31 13  27.7 1010 173  2.3 5  8.8  39  525  261 383 -464  2
3823500 2818500  7 31 14  27.9 1010 162  2.1 5  8.5  36  460  281 391 -471  2
3823500 2818500  7 31 15  28.2 1010 246  2.2 4  8.5  36  434  253 389 -472  2
3823500 2818500  7 31 16  28.3 1010 290  3.4 3  8.5  35  450  178 383 -469  2
3823500 2818500  7 31 17  27.5 1010 290  3.4 2  8.3  35  352  150 374 -464  2
3823500 2818500  7 31 18  27.2 1010 306  3.4 1  8.3  36  222  126 363 -458  2
3823500 2818500  7 31 19  26.3 1010 299  2.4 0  8.8  40   81   95 354 -451  2
3823500 2818500  7 31 20  23.9 1010 280  0.4 0  9.3  46   20   40 345 -444  2
3823500 2818500  7 31 21  20.4 1010 305  0.9 1  9.1  54    0    4 337 -438  2
3823500 2818500  7 31 22  17.8 1010 332  0.1 1  8.7  63    0    0 329 -433  2
3823500 2818500  7 31 23  16.8 1011  97  0.1 0  8.8  71    0    0 320 -429  2
3823500 2818500  7 31 24  16.5 1011 175  0.2 0  9.2  77    0    0 315 -426  2
3823500 2818500  8  1  1  17.6 1011 158  0.4 2  9.9  81    0    0 324 -423  2
3823500 2818500  8  1  2  17.5 1011 311  0.3 5 10.5  83    0    0 344 -420  2
3823500 2818500  8  1  3  16.8 1011 226  0.6 6 10.4  84    0    0 356 -416  2
3823500 2818500  8  1  4  16.0 1011 126  0.2 7 10.2  87    0    0 361 -412  2
3823500 2818500  8  1  5  15.7 1011  81  0.2 3 10.1  89    0    0 348 -408  2
3823500 2818500  8  1  6  15.6 1011 261  0.1 3 10.0  90    0   12 332 -405  2
3823500 2818500  8  1  7  16.6 1011 112  0.1 4 10.3  90   19   98 334 -407  2
3823500 2818500  8  1  8  18.6 1011 319  0.4 3 11.3  90   53  176 337 -413  2
3823500 2818500  8  1  9  20.8 1011 194  0.6 3 12.0  83  169  237 341 -425  2
3823500 2818500  8  1 10  23.3 1011 265  0.8 3 12.1  73  277  273 350 -439  2
3823500 2818500  8  1 11  24.4 1012 275  1.2 3 11.7  63  387  286 358 -453  2
3823500 2818500  8  1 12  25.6 1012 299  1.8 3 11.2  56  402  316 364 -464  2
3823500 2818500  8  1 13  26.1 1012 307  1.8 4 10.8  52  272  376 371 -471  2
3823500 2818500  8  1 14  25.9 1011 311  2.2 3 10.2  48  292  357 373 -477  2
3823500 2818500  8  1 15  25.7 1011 267  2.0 4  9.7  46  316  312 371 -477  2
3823500 2818500  8  1 16  25.4 1011 303  2.5 4  9.5  46  246  280 372 -473  2
3823500 2818500  8  1 17  25.0 1011 281  2.3 6  9.4  47  142  235 375 -466  2
3823500 2818500  8  1 18  24.5 1011 311  1.7 7  9.3  47   46  165 380 -458  2
3823500 2818500  8  1 19  23.5 1011 309  0.5 6  9.4  50   26   94 376 -448  2
3823500 2818500  8  1 20  22.4 1011 315  0.3 8  9.8  56   19   40 377 -437  2
3823500 2818500  8  1 21  21.2 1010 344  0.2 6 10.1  62    0    3 372 -426  2
3823500 2818500  8  1 22  20.3 1011 326  0.5 7 10.2  66    0    0 365 -416  2
3823500 2818500  8  1 23  19.3 1011 347  0.4 7 10.2  70    0    0 364 -408  2
3823500 2818500  8  1 24  18.7 1011 342  0.1 6 10.0  72    0    0 356 -401  2
3823500 2818500  8  2  1  17.3 1011 339  0.4 7  9.7  78    0    0 350 -394  2
3823500 2818500  8  2  2  15.9 1011 320  0.3 6  9.6  81    0    0 347 -393  2
3823500 2818500  8  2  3  15.5 1011 331  0.1 4  9.3  83    0    0 333 -390  2
3823500 2818500  8  2  4  14.5 1011 312  0.1 2  9.1  85    0    0 319 -387  2
3823500 2818500  8  2  5  13.9 1011 310  0.1 2  9.1  90    0    0 309 -384  2
3823500 2818500  8  2  6  15.2 1011 315  0.1 2  9.3  90    0    9 311 -382  2
3823500 2818500  8  2  7  15.9 1011 340  0.6 6 10.0  90    0   59 329 -385  2
3823500 2818500  8  2  8  16.1 1011 355  1.6 6 10.2  89    4  123 345 -394  2
3823500 2818500  8  2  9  16.7 1011 359  1.2 7 10.1  86   22  214 349 -409  2
3823500 2818500  8  2 10  18.9 1011 355  0.9 5 10.3  80  138  301 350 -425  2
3823500 2818500  8  2 11  21.1 1011   3  1.0 2 10.6  72  438  253 341 -440  2
3823500 2818500  8  2 12  22.4 1011  14  1.1 1 10.6  65  570  219 336 -453  2
3823500 2818500  8  2 13  23.6 1012 322  0.9 1 10.3  58  564  236 340 -463  2
3823500 2818500  8  2 14  23.8 1012   3  1.0 2 10.1  55  427  300 346 -470  2
3823500 2818500  8  2 15  24.4 1011   7  0.9 3  9.9  53  257  327 352 -472  2
3823500 2818500  8  2 16  25.0 1011   7  1.1 3  9.5  49  305  248 355 -471  2
3823500 2818500  8  2 17  25.2 1011 312  0.9 2  9.4  47  318  159 352 -466  2
3823500 2818500  8  2 18  24.4 1010   4  1.4 1  9.2  47  222  124 344 -457  2
3823500 2818500  8  2 19  24.3 1010 355  0.6 1  9.3  48  114   86 337 -447  2
3823500 2818500  8  2 20  21.6 1010 345  0.6 2  9.4  54   28   35 335 -436  2
3823500 2818500  8  2 21  20.1 1009   6  0.1 1  9.6  62    0    0 327 -425  2
3823500 2818500  8  2 22  19.2 1010  11  0.9 2  9.9  68    0    0 322 -416  2
3823500 2818500  8  2 23  17.9 1010 357  0.5 2  9.9  73    0    0 321 -408  2
3823500 2818500  8  2 24  17.0 1010  19  0.4 2  9.7  78    0    0 317 -402  2
3823500 2818500  8  3  1  16.1 1010   3  0.1 2  9.5  80    0    0 314 -397  2
3823500 2818500  8  3  2  14.8 1010 293  0.1 2  9.1  82    0    0 310 -393  2
3823500 2818500  8  3  3  14.4 1010   0  0.1 2  8.9  85    0    0 307 -390  2
3823500 2818500  8  3  4  13.8 1010 336  0.0 2  8.8  87    0    0 305 -387  2
3823500 2818500  8  3  5  13.2 1010  21  0.1 3  8.5  88    0    0 307 -385  2
3823500 2818500  8  3  6  14.2 1009 356  0.1 3  8.5  87    1   17 311 -383  2
3823500 2818500  8  3  7  14.7 1009  13  0.1 2  9.1  88   29   85 309 -386  2
3823500 2818500  8  3  8  17.2 1009  38  0.5 2 10.1  89  120  142 310 -396  2
3823500 2818500  8  3  9  18.8 1009   0  0.5 2 11.0  85  354  110 319 -412  2
3823500 2818500  8  3 10  21.5 1009  19  0.7 2 11.3  76  522   96 329 -430  2
3823500 2818500  8  3 11  23.3 1010   9  1.4 1 11.0  65  639   88 335 -447  2
3823500 2818500  8  3 12  24.8 1010 347  1.6 2 10.5  56  599  158 342 -461  2
3823500 2818500  8  3 13  25.3 1010   7  1.2 2 10.0  50  534  213 352 -471  2
3823500 2818500  8  3 14  26.1 1009  27  1.7 3  9.5  46  481  228 359 -477  2
3823500 2818500  8  3 15  26.2 1009   9  1.9 3  9.1  43  500  173 364 -480  2
3823500 2818500  8  3 16  26.4 1008 340  1.2 3  8.9  42   60  197 364 -478  2
3823500 2818500  8  3 17  26.3 1008  41  1.6 2  8.8  41  173  167 360 -474  2
3823500 2818500  8  3 18  26.4 1007  47  1.0 1  8.7  40  279   71 353 -466  2
3823500 2818500  8  3 19  25.8 1007  51  0.8 1  8.8  41  139   60 348 -454  2
3823500 2818500  8  3 20  22.6 1007  42  0.6 1  8.9  50   27   28 342 -442  2
3823500 2818500  8  3 21  20.7 1006  41  0.5 1  9.0  56    0    0 330 -429  2
3823500 2818500  8  3 22  19.1 1006  42  0.4 0  9.0  62    0    0 317 -419  2
3823500 2818500  8  3 23  18.3 1006  68  0.9 1  9.5  70    0    0 313 -411  2
3823500 2818500  8  3 24  18.1 1006 106  1.5 3 10.1  77    0    0 311 -405  2
3823500 2818500  8  4  1  18.1 1004 154  2.2 5 10.8  82    0    0 379 -416  2
3823500 2818500  8  4  2  18.1 1003 197  2.6 6 11.3  85    0    0 381 -412  2
3823500 2818500  8  4  3  18.1 1004 228  2.8 7 11.5  87    0    0 378 -408  2
3823500 2818500  8  4  4  17.9 1004 235  2.6 7 11.4  87    0    0 373 -408  2
3823500 2818500  8  4  5  17.9 1004 225  2.6 7 11.2  86    0    0 372 -409  2
3823500 2818500  8  4  6  17.6 1004 232  2.3 7 11.0  86    0    8 372 -408  2
3823500 2818500  8  4  7  17.8 1005 222  2.5 7 10.7  84    2   58 371 -408  2
3823500 2818500  8  4  8  17.8 1005 218  2.6 7 10.6  83    3  108 371 -413  2
3823500 2818500  8  4  9  18.0 1005 221  3.2 7 10.6  82   25  199 372 -417  2
3823500 2818500  8  4 10  18.6 1005 215  3.6 6 10.3  78  168  276 372 -420  2
3823500 2818500  8  4 11  19.8 1005 225  3.4 6 10.2  72  270  300 374 -425  2
3823500 2818500  8  4 12  21.3 1005 211  4.0 5 10.2  67  239  339 376 -432  2
3823500 2818500  8  4 13  21.4 1006 223  4.1 5 10.1  63  171  346 376 -442  2
3823500 2818500  8  4 14  22.6 1006 215  3.7 5  9.8  59  255  315 376 -451  2
3823500 2818500  8  4 15  22.0 1005 227  3.5 7  9.8  58   27  251 381 -454  2
3823500 2818500  8  4 16  19.0 1004 203  3.0 7 10.6  69    0  145 381 -453  2
3823500 2818500  8  4 17  19.1 1003 200  1.7 6 11.6  83   21  181 372 -448  2
3823500 2818500  8  4 18  20.4 1003 189  1.9 7 12.0  82    4  110 375 -444  2
3823500 2818500  8  4 19  20.3 1002 190  1.2 7 12.1  80    3   59 380 -440  2
3823500 2818500  8  4 20  19.7 1002 205  0.8 7 12.2  82    0   11 379 -435  2
3823500 2818500  8  4 21  18.5 1001 200  2.0 7 12.4  88    0    0 377 -430  2
3823500 2818500  8  4 22  18.4 1000 176  1.6 7 12.7  94    0    0 375 -425  2
3823500 2818500  8  4 23  18.4  999 195  1.0 7 12.6  93    0    0 374 -420  2
3823500 2818500  8  4 24  17.6  997 180  1.1 8 12.2  93    0    0 377 -418  2
3823500 2818500  8  5  1  17.6  996 196  1.4 7 12.0  94    0    0 375 -417  2
3823500 2818500  8  5  2  17.7  995 234  2.0 7 12.1  94    0    0 372 -415  2
3823500 2818500  8  5  3  17.6  995 244  3.4 7 11.9  92    0    0 372 -410  2
3823500 2818500  8  5  4  16.8  994 242  4.4 7 11.3  90    0    0 370 -406  2
3823500 2818500  8  5  5  16.2  994 234  4.4 7 10.8  90    0    0 367 -404  2
3823500 2818500  8  5  6  15.6  995 239  5.0 6 10.4  90    0   19 360 -403  2
3823500 2818500  8  5  7  15.8  995 256  4.8 7 10.2  89   24   73 360 -402  2
3823500 2818500  8  5  8  16.7  996 256  5.7 6 10.1  86  148  109 362 -402  2
3823500 2818500  8  5  9  17.7  997 257  6.3 4  9.9  79  345   86 354 -403  2
3823500 2818500  8  5 10  18.5  997 276  6.2 4  9.4  71  446  102 350 -404  2
3823500 2818500  8  5 11  18.5  998 269  6.0 5  9.3  69  188  270 357 -403  2
3823500 2818500  8  5 12  19.5  998 273  5.3 4  9.3  66  163  294 361 -407  2
3823500 2818500  8  5 13  20.1 1000 262  6.0 4  8.6  58  235  283 361 -418  2
3823500 2818500  8  5 14  20.8 1000 276  5.4 5  8.4  55  318  237 366 -424  2
3823500 2818500  8  5 15  20.4 1001 287  4.5 3  8.5  55  278  212 362 -428  2
3823500 2818500  8  5 16  20.8 1001 276  4.9 5  8.3  54   79  224 359 -435  2
3823500 2818500  8  5 17  20.4 1002 284  4.5 3  8.3  54  115  173 357 -434  2
3823500 2818500  8  5 18  20.0 1002 284  4.7 5  8.3  56  149  100 353 -428  2
3823500 2818500  8  5 19  19.6 1001 262  3.9 3  8.2  56   29   69 350 -423  2
3823500 2818500  8  5 20  18.0 1002 257  2.0 3  8.2  60   27   24 339 -417  2
3823500 2818500  8  5 21  16.6 1002 254  1.8 3  8.3  66    0    0 334 -409  2
3823500 2818500  8  5 22  16.2 1002 239  2.1 3  8.3  70    0    0 331 -401  2
3823500 2818500  8  5 23  15.8 1003 228  2.4 3  8.3  72    0    0 329 -395  2
3823500 2818500  8  5 24  15.6 1003 230  2.1 3  8.4  75    0    0 328 -390  2
3823500 2818500  8  6  1  15.0 1003 233  2.6 4  8.7  79    0    0 331 -387  2
3823500 2818500  8  6  2  14.8 1003 242  2.8 3  8.9  83    0    0 330 -384  2
3823500 2818500  8  6  3  14.5 1003 253  3.1 2  9.1  86    0    0 321 -383  2
3823500 2818500  8  6  4  14.5 1003 251  3.0 5  9.2  88    0    0 331 -381  2
3823500 2818500  8  6  5  14.8 1004 251  2.8 7  9.4  89    0    0 355 -381  2
3823500 2818500  8  6  6  15.1 1004 252  2.6 7  9.6  90    0    9 367 -382  2
3823500 2818500  8  6  7  15.5 1004 248  2.6 6  9.8  90    8   66 365 -387  2
3823500 2818500  8  6  8  16.4 1005 261  2.9 5 10.0  87   70  131 357 -395  2
3823500 2818500  8  6  9  17.5 1006 263  3.7 4  9.9  81  257  134 350 -407  2
3823500 2818500  8  6 10  18.6 1006 255  3.4 3  9.4  72  449   97 344 -419  2
3823500 2818500  8  6 11  19.5 1007 261  3.4 3  9.1  66  497  127 342 -429  2
3823500 2818500  8  6 12  20.7 1007 250  3.5 4  9.0  61  528  144 351 -437  2
3823500 2818500  8  6 13  20.9 1007 268  3.1 5  8.9  58  288  266 361 -444  2
3823500 2818500  8  6 14  22.2 1007 257  2.9 5  8.9  55  236  262 367 -454  2
3823500 2818500  8  6 15  21.3 1008 242  3.1 6  9.3  56   73  252 372 -463  2
3823500 2818500  8  6 16  20.9 1007 260  3.4 5  9.8  62   43  216 369 -465  2
3823500 2818500  8  6 17  21.4 1007 231  2.7 6 10.1  64  181  154 368 -463  2
3823500 2818500  8  6 18  21.1 1007 256  3.2 5 10.1  63  135  104 367 -456  2
3823500 2818500  8  6 19  20.6 1007 259  1.8 5 10.0  64  107   51 361 -447  2
3823500 2818500  8  6 20  19.2 1007 347  1.0 6 10.3  70   22   22 359 -436  2
3823500 2818500  8  6 21  18.4 1007 192  0.8 6 10.5  76    0    0 357 -426  2
3823500 2818500  8  6 22  18.1 1007 213  0.8 7 10.4  79    0    0 357 -419  2
3823500 2818500  8  6 23  18.7 1007 177  0.8 7 10.2  76    0    0 358 -413  2
3823500 2818500  8  6 24  17.9 1007 129  0.7 7 10.1  76    0    0 356 -408  2
3823500 2818500  8  7  1  18.0 1007 183  0.9 7 10.3  80    0    0 354 -405  2
3823500 2818500  8  7  2  17.8 1007 155  1.2 7 10.5  81    0    0 352 -402  2
3823500 2818500  8  7  3  17.5 1007 154  1.1 8 10.5  83    0    0 353 -401  2
3823500 2818500  8  7  4  17.3 1007 160  1.1 8 10.5  84    0    0 355 -398  2
3823500 2818500  8  7  5  16.9 1007 166  1.2 8 10.7  87    0    0 355 -397  2
3823500 2818500  8  7  6  17.0 1006 169  1.2 7 10.8  88    0    4 352 -398  2
3823500 2818500  8  7  7  17.3 1006 155  1.2 7 10.8  88    0   33 350 -402  2
3823500 2818500  8  7  8  18.1 1006 181  1.9 8 10.9  85    3  115 354 -407  2
3823500 2818500  8  7  9  19.6 1006 206  2.2 5 11.1  81  107  234 352 -415  2
3823500 2818500  8  7 10  22.0 1006 215  2.8 4 11.3  73  358  229 351 -426  2
3823500 2818500  8  7 11  24.3 1006 211  3.6 3 11.4  64  566  183 357 -438  2
3823500 2818500  8  7 12  25.1 1006 200  3.7 2 11.7  59  646  181 361 -454  2
3823500 2818500  8  7 13  26.1 1006 187  3.3 2 11.7  56  582  228 365 -471  2
3823500 2818500  8  7 14  26.8 1005 219  3.1 3 11.5  53  502  258 371 -484  2
3823500 2818500  8  7 15  27.1 1005 225  3.0 4 11.3  50  185  309 378 -490  2
3823500 2818500  8  7 16  27.0 1005 215  2.5 3 11.5  51  196  278 380 -487  2
3823500 2818500  8  7 17  27.0 1004 245  2.0 4 11.6  51  196  210 379 -478  2
3823500 2818500  8  7 18  26.8 1004 243  1.3 5 11.5  51  124  148 381 -467  2
3823500 2818500  8  7 19  25.9 1004 274  0.1 5 11.9  54   33   83 381 -456  2
3823500 2818500  8  7 20  22.9 1004   8  0.1 6 12.6  65   15   26 377 -447  2
3823500 2818500  8  7 21  20.8 1004 112  0.1 7 12.7  76    0    0 372 -438  2
3823500 2818500  8  7 22  18.4 1003  46  0.1 6 12.3  85    0    0 363 -431  2
3823500 2818500  8  7 23  18.4 1003 109  0.1 5 12.0  90    0    0 353 -426  2
3823500 2818500  8  7 24  18.7 1003 112  0.1 6 12.0  89    0    0 353 -422  2
3823500 2818500  8  8  1  19.0 1002  90  0.3 6 12.2  88    0    0 356 -418  2
3823500 2818500  8  8  2  17.9 1002  92  0.1 5 12.1  89    0    0 352 -414  2
3823500 2818500  8  8  3  17.4 1001  66  0.1 4 11.7  92    0    0 344 -411  2
3823500 2818500  8  8  4  17.8 1000  54  0.1 5 11.6  91    0    0 342 -408  2
3823500 2818500  8  8  5  16.8 1000 114  0.1 4 11.5  91    0    0 339 -406  2
3823500 2818500  8  8  6  18.1  999 116  0.1 5 11.5  91    9   26 339 -405  2
3823500 2818500  8  8  7  20.2 1000 111  0.5 4 12.0  85   48   88 344 -406  2
3823500 2818500  8  8  8  21.9  999 142  0.8 4 12.3  77   67  162 348 -414  2
3823500 2818500  8  8  9  23.9  999 136  1.1 6 12.5  70  173  224 360 -428  2
3823500 2818500  8  8 10  25.6  998 136  1.9 6 12.8  64  310  249 373 -447  2
3823500 2818500  8  8 11  27.4  997 166  2.3 6 13.1  59  463  237 382 -466  2
3823500 2818500  8  8 12  27.9  997 185  2.5 6 12.9  54  389  313 389 -483  2
3823500 2818500  8  8 13  28.5  996 212  3.0 6 12.6  51  230  367 393 -498  2
3823500 2818500  8  8 14  27.4  996 229  3.4 7 12.8  53    0  171 398 -509  2
3823500 2818500  8  8 15  26.4  995 222  4.4 7 13.3  59    5  211 400 -513  2
3823500 2818500  8  8 16  24.0  995 218  6.3 7 13.9  67   54  252 395 -514  2
3823500 2818500  8  8 17  24.2  995 210  6.9 6 13.4  69   48  204 389 -509  2
3823500 2818500  8  8 18  23.4  995 113  5.1 6 12.1  64   48  147 385 -498  2
3823500 2818500  8  8 19  21.8  995 283  5.4 5 11.8  67   13   75 379 -485  2
3823500 2818500  8  8 20  21.0  996 264  3.9 4 11.7  72    2   18 371 -470  2
3823500 2818500  8  8 21  20.0  997 233  3.3 6 11.6  75    0    0 370 -457  2
3823500 2818500  8  8 22  19.1  997 225  0.2 6 11.5  79    0    0 371 -446  2
3823500 2818500  8  8 23  18.3  997 213  1.3 6 11.5  84    0    0 368 -434  2
3823500 2818500  8  8 24  18.6  997 194  1.9 7 11.7  86    0    0 371 -425  2
3823500 2818500  8  9  1  17.6  997 260  2.7 5 11.5  86    0    0 369 -423  2
3823500 2818500  8  9  2  17.0  996 222  3.0 5 10.8  86    0    0 360 -421  2
3823500 2818500  8  9  3  16.5  995 229  1.8 6 10.3  84    0    0 362 -420  2
3823500 2818500  8  9  4  15.4  995 191  1.5 6 10.1  87    0    0 363 -419  2
3823500 2818500  8  9  5  15.4  995 204  1.6 6 10.2  91    0    0 360 -417  2
3823500 2818500  8  9  6  15.9  995 188  1.6 6 10.4  92    0    7 360 -416  2
3823500 2818500  8  9  7  16.2  995 202  2.2 7 10.6  91    5   68 365 -417  2
3823500 2818500  8  9  8  16.8  995 233  2.9 6 10.7  89   10  130 367 -420  2
3823500 2818500  8  9  9  17.0  995 232  2.6 6 10.7  87    9  180 364 -425  2
3823500 2818500  8  9 10  17.4  995 237  4.1 7 10.7  86    1  181 369 -429  2
3823500 2818500  8  9 11  18.7  996 225  3.9 5 10.7  81  106  332 369 -430  2
3823500 2818500  8  9 12  20.0  997 236  3.9 4 10.5  73  231  368 365 -436  2
3823500 2818500  8  9 13  19.4  997 249  4.0 5 10.7  73  102  348 368 -442  2
3823500 2818500  8  9 14  17.3  997 287  3.8 7 10.9  81   36  290 374 -444  2
3823500 2818500  8  9 15  19.5  997 274  3.6 4 10.9  81  349  292 370 -445  2
3823500 2818500  8  9 16  19.9  997 289  3.7 4 10.9  74  237  268 363 -444  2
3823500 2818500  8  9 17  18.8  998 289  3.1 4 10.8  75  103  216 359 -441  2
3823500 2818500  8  9 18  16.9  998 317  1.9 8 11.0  84    0   83 367 -432  2
3823500 2818500  8  9 19  16.8  999 319  3.2 7 10.6  87    0   39 375 -423  2
3823500 2818500  8  9 20  16.2 1000 330  1.8 7  9.7  82    2   18 369 -419  2
3823500 2818500  8  9 21  16.2 1001 294  0.2 7  9.1  78    0    0 368 -416  2
3823500 2818500  8  9 22  15.8 1002 289  0.4 7  8.8  76    0    0 367 -414  2
3823500 2818500  8  9 23  15.5 1003 288  0.2 8  8.7  77    0    0 371 -409  2
3823500 2818500  8  9 24  14.4 1004 276  0.1 8  8.6  80    0    0 373 -405  2
3823500 2818500  8 10  1  13.9 1004 256  0.5 6  8.5  84    0    0 362 -403  2
3823500 2818500  8 10  2  13.5 1004 255  0.2 5  8.5  86    0    0 346 -399  2
3823500 2818500  8 10  3  13.6 1005 251  1.0 4  8.5  86    0    0 336 -397  2
3823500 2818500  8 10  4  13.7 1005 246  0.5 5  8.5  86    0    0 335 -397  2
3823500 2818500  8 10  5  13.6 1005 261  0.6 6  8.6  87    0    0 343 -395  2
3823500 2818500  8 10  6  13.4 1005 246  1.1 7  8.5  87    0   10 351 -393  2
3823500 2818500  8 10  7  13.7 1006 250  1.0 6  8.5  87   10   73 349 -393  2
3823500 2818500  8 10  8  14.5 1006 261  1.3 4  8.6  85  121  146 336 -396  2
3823500 2818500  8 10  9  15.8 1006 258  1.8 4  8.6  79  205  204 330 -402  2
3823500 2818500  8 10 10  16.5 1006 261  2.1 5  8.3  72  108  284 335 -410  2
3823500 2818500  8 10 11  16.7 1006 250  2.1 5  8.1  68   78  306 339 -420  2
3823500 2818500  8 10 12  17.7 1006 245  2.1 6  8.0  64   31  285 343 -429  2
3823500 2818500  8 10 13  18.6 1006 224  2.4 4  7.8  60  289  345 343 -438  2
3823500 2818500  8 10 14  19.0 1006 252  2.2 6  7.6  56  192  336 345 -443  2
3823500 2818500  8 10 15  19.3 1006 248  2.1 5  7.4  53  148  300 349 -445  2
3823500 2818500  8 10 16  20.1 1005 215  1.3 4  7.7  53  254  248 345 -445  2
3823500 2818500  8 10 17  20.0 1005 218  2.9 4  8.0  54  236  184 344 -441  2
3823500 2818500  8 10 18  20.0 1004 213  2.2 4  8.0  54  165  128 343 -434  2
3823500 2818500  8 10 19  19.3 1004 194  1.7 6  8.1  56   45   78 351 -429  2
3823500 2818500  8 10 20  18.4 1003 167  1.0 7  8.3  61    6   19 362 -426  2
3823500 2818500  8 10 21  17.9 1003 169  1.4 7  8.5  64    0    0 366 -422  2
3823500 2818500  8 10 22  18.3 1002 176  2.0 8  8.6  66    0    0 372 -419  2
3823500 2818500  8 10 23  18.1 1002 205  1.4 8  9.0  68    0    0 380 -418  2
3823500 2818500  8 10 24  17.5 1001 225  1.8 8  9.5  74    0    0 383 -417  2
3823500 2818500  8 11  1  17.2 1001 221  1.3 6  9.9  79    0    0 377 -416  2
3823500 2818500  8 11  2  16.7 1001 225  1.4 7  9.9  81    0    0 373 -414  2
3823500 2818500  8 11  3  16.3 1000 210  1.4 7 10.1  85    0    0 378 -413  2
3823500 2818500  8 11  4  16.9  999 184  1.1 8 10.1  84    0    0 383 -412  2
3823500 2818500  8 11  5  17.2  998 190  1.7 8  9.8  80    0    0 388 -412  2
3823500 2818500  8 11  6  17.6  998 196  2.4 8  9.8  78    0   15 389 -412  2
3823500 2818500  8 11  7  18.0  998 195  2.3 8 10.0  77    0   45 391 -411  2
3823500 2818500  8 11  8  18.3  997 203  3.4 7 10.3  78    0   76 388 -409  2
3823500 2818500  8 11  9  18.5  997 204  3.9 7 10.4  77    0   85 385 -406  2
3823500 2818500  8 11 10  17.9  997 211  2.9 7 10.4  78    0   96 386 -405  2
3823500 2818500  8 11 11  17.0  997 214  3.1 7 10.5  83    0  190 384 -406  2
3823500 2818500  8 11 12  17.2  998 208  3.7 7 10.7  86    0  205 385 -408  2
3823500 2818500  8 11 13  16.8  997 212  4.5 7 10.6  86    0  193 384 -409  2
3823500 2818500  8 11 14  17.7  998 214  4.3 7 10.7  85    0  172 385 -411  2
3823500 2818500  8 11 15  18.7  997 212  3.4 7 10.8  81    0  192 388 -415  2
3823500 2818500  8 11 16  19.4  998 217  4.1 7 11.0  78    4  195 391 -422  2
3823500 2818500  8 11 17  19.4  998 209  4.6 5 11.0  76   62  245 385 -428  2
3823500 2818500  8 11 18  19.5  998 220  4.1 5 10.8  75   83  185 378 -426  2
3823500 2818500  8 11 19  19.3  997 212  3.1 6 10.8  75   14   83 379 -421  2
3823500 2818500  8 11 20  18.9  998 202  2.0 6 10.8  76    0   15 379 -417  2
3823500 2818500  8 11 21  18.3  998 206  1.5 7 10.6  78    0    0 378 -412  2
3823500 2818500  8 11 22  17.4  997 200  1.8 5 10.5  80    0    0 371 -407  2
3823500 2818500  8 11 23  16.9  997 206  1.4 4 10.4  84    0    0 357 -403  2
3823500 2818500  8 11 24  16.8  997 208  1.3 2 10.3  84    0    0 344 -401  2
3823500 2818500  8 12  1  16.1  997 217  1.0 0 10.1  85    0    0 325 -400  2
3823500 2818500  8 12  2  15.4  997 210  1.4 0  9.8  86    0    0 311 -399  2
3823500 2818500  8 12  3  14.8  997 222  1.5 1  9.3  85    0    0 309 -396  2
3823500 2818500  8 12  4  14.4  997 213  1.5 2  8.9  84    0    0 313 -394  2
3823500 2818500  8 12  5  15.0  997 214  2.2 4  8.6  81    0    0 324 -392  2
3823500 2818500  8 12  6  14.6  997 219  1.6 5  8.5  80    8   24 335 -391  2
3823500 2818500  8 12  7  15.1  997 213  2.8 3  8.6  80   66   76 329 -393  2
3823500 2818500  8 12  8  16.1  997 216  3.1 4  8.8  78   99  148 325 -399  2
3823500 2818500  8 12  9  17.4  997 213  3.4 5  9.1  75  123  221 337 -408  2
3823500 2818500  8 12 10  17.9  998 219  3.7 5  9.3  72  167  280 343 -418  2
3823500 2818500  8 12 11  18.7  998 207  3.7 6  9.2  69  266  307 350 -427  2
3823500 2818500  8 12 12  19.4  998 211  4.0 7  9.0  64  160  355 360 -432  2
3823500 2818500  8 12 13  19.9  998 217  3.2 7  8.7  60   51  313 367 -438  2
3823500 2818500  8 12 14  20.7  998 233  3.2 5  8.6  57  231  330 363 -446  2
3823500 2818500  8 12 15  20.9  998 228  2.6 6  8.3  53   57  277 363 -448  2
3823500 2818500  8 12 16  20.6  997 231  2.0 6  8.0  51   94  258 366 -447  2
3823500 2818500  8 12 17  20.9  997 230  1.5 7  8.1  52   39  194 367 -445  2
3823500 2818500  8 12 18  20.9  997 289  0.4 6  8.3  53   48  136 366 -442  2
3823500 2818500  8 12 19  20.4  996 286  0.5 6  8.6  55   53   73 359 -434  2
3823500 2818500  8 12 20  18.4  996  52  0.3 6  8.9  62    9   18 355 -425  2
3823500 2818500  8 12 21  16.2  995  54  0.2 5  9.1  72    0    0 346 -418  2
3823500 2818500  8 12 22  15.7  995 120  0.1 5  9.3  80    0    0 340 -415  2
3823500 2818500  8 12 23  15.8  994  57  0.0 7  9.4  83    0    0 347 -411  2
3823500 2818500  8 12 24  16.0  994  98  0.1 7  9.5  82    0    0 357 -408  2
3823500 2818500  8 13  1  15.6  993  85  0.1 6  9.6  84    0    0 356 -408  2
3823500 2818500  8 13  2  15.6  992  83  0.2 7  9.5  84    0    0 358 -409  2
3823500 2818500  8 13  3  14.6  991  94  0.3 7  9.2  84    0    0 361 -410  2
3823500 2818500  8 13  4  15.3  990 124  0.4 7  9.0  83    0    0 362 -411  2
3823500 2818500  8 13  5  14.7  989 225  1.2 6  9.1  83    0    0 360 -410  2
3823500 2818500  8 13  6  14.8  989  88  1.4 7  9.2  85    0    3 360 -407  2
3823500 2818500  8 13  7  15.3  988 124  1.7 7  9.4  85    0   39 366 -404  2
3823500 2818500  8 13  8  16.1  987 149  1.4 5  9.7  85    0   99 360 -402  2
3823500 2818500  8 13  9  17.0  988 148  2.7 6 10.1  83   10  177 360 -402  2
3823500 2818500  8 13 10  16.4  988 179  2.8 7 10.3  84    0  163 372 -407  2
3823500 2818500  8 13 11  17.1  987 146  2.7 7 10.4  85    0  168 379 -414  2
3823500 2818500  8 13 12  18.2  986 155  3.5 7 10.8  83    0  206 383 -426  2
3823500 2818500  8 13 13  19.3  986 180  3.9 7 11.7  84   25  289 389 -440  2
3823500 2818500  8 13 14  21.3  986 204  3.1 8 12.6  82    0  156 400 -451  2
3823500 2818500  8 13 15  22.6  986 211  3.1 4 12.5  73  303  274 394 -454  2
3823500 2818500  8 13 16  22.8  986 208  3.2 4 11.8  66  225  252 378 -455  2
3823500 2818500  8 13 17  22.8  987 234  3.2 2 10.4  58  390  120 367 -453  2
3823500 2818500  8 13 18  22.5  988 230  2.5 4  9.4  53   84  137 362 -444  2
3823500 2818500  8 13 19  21.1  988 237  1.0 5  9.2  55   48   73 371 -433  2
3823500 2818500  8 13 20  19.9  989 237  0.2 5  8.9  58   11   19 369 -423  2
3823500 2818500  8 13 21  17.4  989 233  0.2 4  8.7  63    0    0 357 -414  2
3823500 2818500  8 13 22  15.6  989 172  0.5 4  8.7  72    0    0 344 -406  2
3823500 2818500  8 13 23  15.5  989 194  1.0 4  8.8  78    0    0 339 -401  2
3823500 2818500  8 13 24  14.3  991 215  1.0 4  8.8  81    0    0 333 -399  2
3823500 2818500  8 14  1  13.5  991 191  1.4 2  8.6  85    0    0 320 -397  2
3823500 2818500  8 14  2  14.8  992 202  1.7 1  8.6  84    0    0 307 -397  2
3823500 2818500  8 14  3  14.3  992 204  1.7 1  8.5  80    0    0 303 -397  2
3823500 2818500  8 14  4  14.6  992 203  1.5 1  8.3  79    0    0 302 -395  2
3823500 2818500  8 14  5  14.4  993 198  2.2 2  8.2  77    0    0 306 -394  2
3823500 2818500  8 14  6  14.3  993 192  1.9 3  8.2  78   13   18 313 -393  2
3823500 2818500  8 14  7  15.3  993 200  3.2 2  8.3  77  113   41 313 -394  2
3823500 2818500  8 14  8  15.8  994 207  4.4 2  8.4  74  155   91 312 -397  2
3823500 2818500  8 14  9  17.3  994 211  4.5 5  8.4  70   91  182 327 -403  2
3823500 2818500  8 14 10  18.2  994 215  5.5 6  8.2  63  128  230 346 -412  2
3823500 2818500  8 14 11  17.1  995 222  6.1 5  8.2  64  148  261 345 -422  2
3823500 2818500  8 14 12  18.0  995 213  5.3 3  8.6  67  331  236 334 -430  2
3823500 2818500  8 14 13  16.3  995 208  4.5 6  9.0  72    5  235 339 -437  2
3823500 2818500  8 14 14  15.7  996 224  4.5 7  9.2  79   47  268 351 -441  2
3823500 2818500  8 14 15  17.0  997 223  3.4 6  9.4  80  229  228 352 -444  2
3823500 2818500  8 14 16  17.1  997 212  2.4 6  9.8  79  211  188 351 -444  2
3823500 2818500  8 14 17  15.4  997 208  3.2 6  9.5  80    7  149 349 -442  2
3823500 2818500  8 14 18  16.5  997 200  4.0 6  9.1  79   52  113 348 -437  2
3823500 2818500  8 14 19  16.8  998 216  4.1 6  8.9  74  106   47 350 -432  2
3823500 2818500  8 14 20  16.1  998 203  4.4 4  8.5  73    0   11 344 -426  2
3823500 2818500  8 14 21  15.8  998 203  4.7 3  8.2  72    0    0 325 -418  2
3823500 2818500  8 14 22  15.4  999 203  5.0 2  8.0  72    0    0 308 -411  2
3823500 2818500  8 14 23  15.2  999 211  4.5 2  8.3  75    0    0 301 -407  2
3823500 2818500  8 14 24  15.0 1000 216  3.9 2  8.7  80    0    0 299 -406  2
3823500 2818500  8 15  1  14.7 1001 220  2.7 3  9.1  85    0    0 352 -406  2
3823500 2818500  8 15  2  14.3 1002 217  1.7 3  9.4  90    0    0 343 -405  2
3823500 2818500  8 15  3  13.9 1002 210  0.9 3  9.5  93    0    0 333 -404  2
3823500 2818500  8 15  4  13.5 1002 204  0.7 3  9.3  94    0    0 330 -403  2
3823500 2818500  8 15  5  13.7 1002 209  0.8 3  9.4  94    0    0 322 -401  2
3823500 2818500  8 15  6  13.0 1003 210  0.7 3  9.1  96    1   17 319 -399  2
3823500 2818500  8 15  7  14.0 1003 214  1.0 3  9.3  95   73   56 323 -399  2
3823500 2818500  8 15  8  15.1 1004 224  1.6 4  9.8  94  118  118 331 -402  2
3823500 2818500  8 15  9  16.9 1004 219  2.3 3 10.0  87  219  155 337 -406  2
3823500 2818500  8 15 10  18.0 1004 231  2.7 2  9.8  78  522   69 334 -410  2
3823500 2818500  8 15 11  18.9 1005 257  2.8 3  9.7  72  620   61 340 -413  2
3823500 2818500  8 15 12  19.6 1005 258  2.6 4  9.6  68  396  233 355 -415  2
3823500 2818500  8 15 13  20.3 1006 251  2.8 4  9.6  66  224  316 362 -420  2
3823500 2818500  8 15 14  20.5 1006 261  2.7 3  9.4  62  362  244 358 -435  2
3823500 2818500  8 15 15  19.2 1006 279  3.9 6  9.2  63   14  238 359 -443  2
3823500 2818500  8 15 16  18.5 1007 306  3.0 7  8.5  62    3  180 365 -439  2
3823500 2818500  8 15 17  19.8 1007 336  2.0 6  7.8  56   28  179 362 -430  2
3823500 2818500  8 15 18  19.2 1008 253  2.1 5  7.7  54   17  119 354 -423  2
3823500 2818500  8 15 19  18.8 1008 342  1.7 4  7.9  57   94   49 343 -419  2
3823500 2818500  8 15 20  17.2 1008 309  1.2 4  7.9  61    7   14 333 -408  2
3823500 2818500  8 15 21  15.1 1009 298  1.1 4  7.8  68    0    0 324 -400  2
3823500 2818500  8 15 22  13.0 1010 155  0.8 2  7.9  79    0    0 309 -393  2
3823500 2818500  8 15 23  11.2 1010 173  0.5 0  7.7  88    0    0 287 -389  2
3823500 2818500  8 15 24  10.7 1011 177  0.1 1  7.5  92    0    0 278 -386  2
3823500 2818500  8 16  1  10.4 1011 144  0.1 4  7.4  93    0    0 288 -385  2
3823500 2818500  8 16  2  10.5 1011 124  0.1 7  7.5  94    0    0 307 -384  2
3823500 2818500  8 16  3  11.0 1011 144  0.0 7  7.6  94    0    0 318 -382  2
3823500 2818500  8 16  4  11.0 1010 124  0.0 7  7.7  94    0    0 319 -380  2
3823500 2818500  8 16  5  11.3 1010 138  0.1 7  7.9  95    0    0 320 -379  2
3823500 2818500  8 16  6  12.2 1010 142  0.1 7  8.2  94    0    2 323 -379  2
3823500 2818500  8 16  7  12.8 1010 159  0.6 6  8.4  92    2   60 321 -380  2
3823500 2818500  8 16  8  13.9 1010 150  0.6 7  8.5  89    2  107 322 -387  2
3823500 2818500  8 16  9  15.5 1010 179  1.3 7  8.8  84    1  148 331 -399  2
3823500 2818500  8 16 10  16.4 1010 188  1.7 7  9.1  80    5  211 337 -410  2
3823500 2818500  8 16 11  18.0 1010 166  2.2 6  9.1  74   13  269 338 -420  2
3823500 2818500  8 16 12  19.3 1010 179  2.1 5  8.5  63  199  396 338 -431  2
3823500 2818500  8 16 13  20.6 1009 182  3.0 5  8.1  56  161  403 342 -441  2
3823500 2818500  8 16 14  20.0 1009 178  2.9 5  8.2  55   32  312 345 -450  2
3823500 2818500  8 16 15  19.6 1009 194  3.0 8  8.5  59    0  112 355 -454  2
3823500 2818500  8 16 16  19.9 1009 203  2.3 8  8.8  61    0  148 363 -450  2
3823500 2818500  8 16 17  20.1 1008 224  1.8 6  8.9  60   34  205 358 -443  2
3823500 2818500  8 16 18  19.9 1008 228  1.7 4  8.9  60   91  150 347 -436  2
3823500 2818500  8 16 19  18.9 1008 251  0.1 6  9.1  64   45   83 346 -428  2
3823500 2818500  8 16 20  16.8 1008 180  0.1 6  9.6  75    0    9 346 -420  2
3823500 2818500  8 16 21  16.7 1009 155  0.1 7 10.0  84    0    0 348 -412  2
3823500 2818500  8 16 22  15.4 1009 158  0.1 7  9.9  86    0    0 348 -408  2
3823500 2818500  8 16 23  16.5 1009 156  1.0 8  9.6  84    0    0 351 -405  2
3823500 2818500  8 16 24  16.7 1009 151  0.6 8  9.4  79    0    0 356 -403  2
3823500 2818500  8 17  1  16.7 1008 149  0.5 8  9.1  76    0    0 355 -402  2
3823500 2818500  8 17  2  16.4 1008 159  0.7 8  9.0  76    0    0 353 -400  2
3823500 2818500  8 17  3  15.6 1008 175  0.5 7  9.1  80    0    0 349 -399  2
3823500 2818500  8 17  4  15.7 1007 235  1.1 7  9.2  83    0    0 345 -398  2
3823500 2818500  8 17  5  14.9 1007 172  1.0 6  9.2  84    0    0 342 -395  2
3823500 2818500  8 17  6  15.0 1007 214  0.9 7  9.2  86    0    9 342 -394  2
3823500 2818500  8 17  7  16.0 1007 236  0.9 6  9.2  83    4   59 343 -396  2
3823500 2818500  8 17  8  16.9 1007 221  1.4 7  9.5  81   12  128 346 -402  2
3823500 2818500  8 17  9  18.3 1007 254  2.4 6 10.0  79   80  222 350 -411  2
3823500 2818500  8 17 10  19.1 1008 259  3.2 6 10.3  76  138  285 353 -423  2
3823500 2818500  8 17 11  19.9 1008 242  3.3 7 10.3  72  136  332 359 -437  2
3823500 2818500  8 17 12  20.8 1008 262  3.2 6 10.2  68  159  360 364 -448  2
3823500 2818500  8 17 13  21.7 1008 256  3.3 5 10.1  64  156  365 364 -456  2
3823500 2818500  8 17 14  22.4 1008 227  3.0 5  9.9  59  228  347 367 -459  2
3823500 2818500  8 17 15  22.6 1008 262  2.5 5  9.7  57  311  281 369 -461  2
3823500 2818500  8 17 16  23.6 1008 286  2.0 4  9.4  53  311  216 368 -460  2
3823500 2818500  8 17 17  23.2 1008 279  2.7 4  9.2  51  237  169 365 -456  2
3823500 2818500  8 17 18  22.3 1008 345  1.7 6  9.6  55  132  125 367 -447  2
3823500 2818500  8 17 19  20.7 1007 325  1.2 5  9.7  60   43   70 364 -438  2
3823500 2818500  8 17 20  19.7 1007 337  1.5 5  9.7  65    0    7 358 -428  2
3823500 2818500  8 17 21  17.4 1007   3  1.3 4  9.7  72    0    0 350 -419  2
3823500 2818500  8 17 22  16.2 1008   5  1.1 1  9.6  79    0    0 333 -411  2
3823500 2818500  8 17 23  15.5 1008  22  0.8 1  9.4  83    0    0 320 -405  2
3823500 2818500  8 17 24  14.8 1008  39  1.4 3  9.1  84    0    0 324 -399  2
3823500 2818500  8 18  1  14.6 1008  44  1.5 5  9.0  85    0    0 337 -395  2
3823500 2818500  8 18  2  14.6 1008  22  1.2 7  8.8  85    0    0 350 -392  2
3823500 2818500  8 18  3  14.8 1008  16  1.5 8  8.7  83    0    0 359 -390  2
3823500 2818500  8 18  4  14.8 1008  18  1.4 8  8.6  81    0    0 362 -390  2
3823500 2818500  8 18  5  14.3 1008  21  1.3 8  8.6  82    0    0 360 -390  2
3823500 2818500  8 18  6  14.3 1008  22  1.5 8  8.6  84    0    5 359 -388  2
3823500 2818500  8 18  7  14.4 1008  33  1.5 7  8.7  85    8   69 353 -388  2
3823500 2818500  8 18  8  15.1 1007  43  2.2 5  8.8  83   31  155 340 -393  2
3823500 2818500  8 18  9  16.2 1007  56  2.7 6  9.0  80   48  229 337 -403  2
3823500 2818500  8 18 10  17.7 1007  64  2.5 7  9.3  76   29  264 349 -416  2
3823500 2818500  8 18 11  19.4 1007  57  2.9 7  9.6  72   18  277 358 -430  2
3823500 2818500  8 18 12  19.7 1007  48  3.0 8  9.9  69    2  235 364 -442  2
3823500 2818500  8 18 13  20.6 1006  50  3.4 5 10.1  68  160  410 362 -452  2
3823500 2818500  8 18 14  21.5 1006  41  2.9 4 10.6  68  237  392 357 -456  2
3823500 2818500  8 18 15  22.7 1006  62  2.7 4 11.1  66  231  353 360 -456  2
3823500 2818500  8 18 16  22.9 1005  41  2.6 4 11.2  64  175  301 363 -456  2
3823500 2818500  8 18 17  23.0 1005  48  2.9 5 11.3  64  101  231 367 -453  2
3823500 2818500  8 18 18  22.1 1004  49  2.3 7 11.5  66    4  109 374 -446  2
3823500 2818500  8 18 19  19.9 1003   4  2.6 8 11.8  74    0   16 377 -438  2
3823500 2818500  8 18 20  18.8 1002  55  1.5 8 12.1  85    0    1 376 -431  2
3823500 2818500  8 18 21  18.2 1003 116  1.1 8 12.4  91    0    0 377 -426  2
3823500 2818500  8 18 22  17.9 1003 113  0.4 8 12.3  93    0    0 378 -422  2
3823500 2818500  8 18 23  17.7 1001 151  1.0 8 12.1  94    0    0 380 -419  2
3823500 2818500  8 18 24  17.6 1001 150  0.1 7 12.0  93    0    0 379 -417  2
3823500 2818500  8 19  1  16.9 1001 239  0.2 5 11.8  94    0    0 370 -413  2
3823500 2818500  8 19  2  17.1 1001 188  0.5 4 11.7  95    0    0 359 -407  2
3823500 2818500  8 19  3  17.4 1001 233  1.8 5 11.9  95    0    0 360 -403  2
3823500 2818500  8 19  4  18.2 1001 252  3.5 7 12.2  94    0    0 372 -402  2
3823500 2818500  8 19  5  17.7 1001 274  2.9 8 12.3  94    0    0 383 -403  2
3823500 2818500  8 19  6  16.6 1001 288  3.1 7 11.8  95    0    1 380 -403  2
3823500 2818500  8 19  7  16.1 1002 295  2.6 7 11.0  93   15   58 372 -404  2
3823500 2818500  8 19  8  15.6 1003 290  3.1 7 10.5  92   12  111 367 -405  2
3823500 2818500  8 19  9  15.6 1004 299  2.9 8 10.3  91   11  157 368 -408  2
3823500 2818500  8 19 10  15.3 1005 276  3.5 7  9.8  89    0  162 366 -414  2
3823500 2818500  8 19 11  15.5 1006 271  3.7 7  9.4  85   23  242 362 -423  2
3823500 2818500  8 19 12  17.6 1007 276  4.4 6  9.3  78  117  278 364 -433  2
3823500 2818500  8 19 13  18.3 1008 267  5.2 6  9.0  70   47  271 366 -443  2
3823500 2818500  8 19 14  18.3 1008 279  5.1 4  8.4  64  316  227 360 -450  2
3823500 2818500  8 19 15  19.2 1009 281  5.8 3  8.3  61  448  121 352 -452  2
3823500 2818500  8 19 16  18.6 1009 267  4.8 3  8.0  58  286  152 347 -452  2
3823500 2818500  8 19 17  18.9 1010 287  5.7 3  7.7  57  336   64 343 -446  2
3823500 2818500  8 19 18  18.7 1010 280  3.3 1  7.6  56  208   56 334 -435  2
3823500 2818500  8 19 19  17.4 1011 288  1.4 3  7.4  57   79   54 328 -425  2
3823500 2818500  8 19 20  15.3 1011 276  0.2 3  7.6  65    4   10 327 -415  2
3823500 2818500  8 19 21  13.3 1011 244  0.0 2  7.8  76    0    0 315 -404  2
3823500 2818500  8 19 22  12.3 1012 191  0.1 2  7.8  84    0    0 306 -395  2
3823500 2818500  8 19 23  11.1 1012 199  0.1 2  7.7  90    0    0 302 -388  2
3823500 2818500  8 19 24  10.3 1012 178  0.1 0  7.6  94    0    0 292 -383  2
3823500 2818500  8 20  1   9.7 1012 157  0.1 2  7.4  97    0    0 290 -380  2
3823500 2818500  8 20  2   9.5 1012 166  0.3 1  7.3  98    0    0 290 -377  2
3823500 2818500  8 20  3   9.4 1012 137  0.2 1  7.2  97    0    0 285 -374  2
3823500 2818500  8 20  4   9.0 1012 153  0.1 0  7.0  97    0    0 279 -372  2
3823500 2818500  8 20  5   8.9 1012 158  0.4 1  7.0  98    0    0 278 -370  2
3823500 2818500  8 20  6  10.3 1012 151  0.7 3  7.3  97    0   10 289 -368  2
3823500 2818500  8 20  7  12.8 1013 157  1.0 2  7.8  92   35   66 297 -368  2
3823500 2818500  8 20  8  14.8 1013 174  1.7 2  8.3  84  135  115 298 -374  2
3823500 2818500  8 20  9  17.4 1013 183  2.1 2  8.9  78  252  147 306 -386  2
3823500 2818500  8 20 10  19.5 1013 194  2.9 2  9.6  72  366  167 316 -402  2
3823500 2818500  8 20 11  20.5 1012 209  3.2 3  9.5  65  337  243 327 -418  2
3823500 2818500  8 20 12  21.0 1013 217  3.3 4  9.3  60  309  290 339 -432  2
3823500 2818500  8 20 13  22.2 1012 213  2.7 3  9.2  57  487  211 341 -443  2
3823500 2818500  8 20 14  22.4 1012 216  3.0 4  9.0  54  457  213 341 -449  2
3823500 2818500  8 20 15  23.2 1012 207  1.4 5  9.0  52  399  202 349 -451  2
3823500 2818500  8 20 16  23.3 1012 221  1.6 6  9.2  51  380  149 355 -449  2
3823500 2818500  8 20 17  22.7 1012 236  1.3 6  9.3  53  159  170 358 -443  2
3823500 2818500  8 20 18  22.8 1011 275  0.8 7  9.5  55   59  118 360 -434  2
3823500 2818500  8 20 19  21.3 1011 319  0.1 5 10.0  60   60   60 357 -424  2
3823500 2818500  8 20 20  17.9 1011  42  0.1 4 10.4  72    3   11 338 -414  2
3823500 2818500  8 20 21  16.2 1011  80  0.1 2 10.4  85    0    0 319 -405  2
3823500 2818500  8 20 22  15.9 1011  76  0.1 4 10.2  89    0    0 316 -399  2
3823500 2818500  8 20 23  14.5 1010 126  0.1 4 10.0  92    0    0 321 -395  2
3823500 2818500  8 20 24  13.8 1010 107  0.1 2  9.7  96    0    0 310 -391  2
3823500 2818500  8 21  1  13.2 1010 111  0.1 0  9.5  97    0    0 294 -387  2
3823500 2818500  8 21  2  12.6 1009  90  0.1 1  9.1  97    0    0 289 -384  2
3823500 2818500  8 21  3  12.7 1008 104  0.1 1  8.9  97    0    0 292 -382  2
3823500 2818500  8 21  4  12.9 1008 116  0.1 1  8.9  96    0    0 292 -380  2
3823500 2818500  8 21  5  12.4 1007 131  0.1 1  8.7  95    0    0 292 -378  2
3823500 2818500  8 21  6  13.4 1007 139  0.4 3  8.8  94    0    1 299 -376  2
3823500 2818500  8 21  7  15.1 1007 137  0.6 5  9.2  90    2   52 314 -377  2
3823500 2818500  8 21  8  16.9 1007 131  0.7 6  9.6  84    0   66 328 -383  2
3823500 2818500  8 21  9  17.6 1006 146  1.2 7 10.0  81    0   71 338 -398  2
3823500 2818500  8 21 10  18.6 1006 148  1.8 7 10.4  79    0  134 345 -417  2
3823500 2818500  8 21 11  20.3 1006 173  2.2 6 11.1  78   18  251 349 -436  2
3823500 2818500  8 21 12  23.4 1007 174  3.7 5 12.6  76  314  313 355 -455  2
3823500 2818500  8 21 13  25.7 1006 183  3.7 5 14.0  72  317  322 367 -469  2
3823500 2818500  8 21 14  26.8 1006 187  4.1 4 14.4  66  390  277 376 -477  2
3823500 2818500  8 21 15  27.8 1005 191  3.9 5 14.2  62  194  301 382 -478  2
3823500 2818500  8 21 16  26.7 1005 202  3.0 7 14.5  63    0  145 389 -475  2
3823500 2818500  8 21 17  25.9 1005 202  2.5 7 15.1  69    4  137 392 -469  2
3823500 2818500  8 21 18  25.4 1005 202  1.7 8 15.4  73   46  124 394 -461  2
3823500 2818500  8 21 19  24.7 1005 216  1.2 7 15.5  76    6   47 395 -451  2
3823500 2818500  8 21 20  23.7 1005 221  1.5 6 15.3  79    0   10 390 -443  2
3823500 2818500  8 21 21  23.0 1005 246  1.6 5 14.9  82    0    0 383 -437  2
3823500 2818500  8 21 22  22.3 1006 248  1.1 6 14.4  82    0    0 381 -432  2
3823500 2818500  8 21 23  21.0 1006 265  2.4 6 13.5  82    0    0 381 -428  2
3823500 2818500  8 21 24  19.0 1006 260  2.0 5 12.6  85    0    0 371 -424  2
3823500 2818500  8 22  1  18.1 1007 279  1.4 2 11.8  88    0    0 353 -417  2
3823500 2818500  8 22  2  16.8 1007 240  0.6 0 11.1  88    0    0 331 -408  2
3823500 2818500  8 22  3  16.1 1007 223  0.5 0 10.8  91    0    0 319 -400  2
3823500 2818500  8 22  4  15.5 1008 199  0.1 1 10.5  93    0    0 317 -394  2
3823500 2818500  8 22  5  14.5 1008 245  0.3 1 10.3  96    0    0 315 -390  2
3823500 2818500  8 22  6  13.2 1009 251  0.1 2  9.9  99    0    7 312 -387  2
3823500 2818500  8 22  7  14.7 1009 172  0.2 5  9.8  97    6   61 320 -387  2
3823500 2818500  8 22  8  16.9 1009 208  0.4 5 10.7  94   34  147 333 -392  2
3823500 2818500  8 22  9  18.9 1010 251  0.5 4 11.2  87   64  228 336 -404  2
3823500 2818500  8 22 10  20.2 1010 166  1.3 4 10.8  75  118  303 337 -420  2
3823500 2818500  8 22 11  21.5 1010 201  1.5 3 10.6  68  257  352 338 -436  2
3823500 2818500  8 22 12  22.5 1010 156  1.5 3 10.9  65  224  393 341 -450  2
3823500 2818500  8 22 13  22.8 1011 195  1.7 5 11.2  64  102  371 350 -460  2
3823500 2818500  8 22 14  23.9 1011 215  1.8 5 11.3  62  108  363 358 -467  2
3823500 2818500  8 22 15  23.5 1011 177  1.4 4 11.0  60  134  345 357 -469  2
3823500 2818500  8 22 16  23.2 1010 282  1.8 7 10.7  59    4  171 359 -465  2
3823500 2818500  8 22 17  22.8 1010 261  0.4 7 11.0  62    3  129 363 -457  2
3823500 2818500  8 22 18  21.9 1011 264  1.2 7 11.2  66   16  118 360 -446  2
3823500 2818500  8 22 19  21.2 1010 253  0.9 8 11.3  70    6   48 360 -434  2
3823500 2818500  8 22 20  20.4 1010 262  1.2 8 11.5  74    0    2 360 -422  2
3823500 2818500  8 22 21  18.7 1010  56  0.0 8 11.8  82    0    0 354 -411  2
3823500 2818500  8 22 22  18.3 1009 136  0.3 8 11.8  88    0    0 348 -405  2
3823500 2818500  8 22 23  18.2 1009  41  0.1 8 12.0  90    0    0 345 -402  2
3823500 2818500  8 22 24  17.5 1009  35  0.1 8 11.9  92    0    0 347 -398  2
3823500 2818500  8 23  1  16.8 1009  58  0.1 6 11.6  94    0    0 342 -397  2
3823500 2818500  8 23  2  17.1 1008  59  0.2 6 11.6  95    0    0 339 -397  2
3823500 2818500  8 23  3  17.8 1008 278  0.7 7 11.7  93    0    0 345 -395  2
3823500 2818500  8 23  4  17.5 1009  52  1.5 7 11.9  93    0    0 351 -393  2
3823500 2818500  8 23  5  17.3 1007  73  1.2 7 12.0  96    0    0 353 -391  2
3823500 2818500  8 23  6  17.0 1007  81  0.2 7 11.9  96    0   13 354 -392  2
3823500 2818500  8 23  7  16.9 1006  24  0.3 5 11.6  95   25   65 348 -395  2
3823500 2818500  8 23  8  18.5 1006  72  0.0 5 11.8  92   43  133 343 -402  2
3823500 2818500  8 23  9  19.6 1006  78  0.1 5 12.0  86   87  205 348 -411  2
3823500 2818500  8 23 10  21.1 1005  95  1.0 4 12.3  81  197  255 352 -424  2
3823500 2818500  8 23 11  23.0 1006  85  0.5 4 12.8  76  246  298 359 -436  2
3823500 2818500  8 23 12  23.0 1006 144  1.4 7 13.1  73   25  275 374 -452  2
3823500 2818500  8 23 13  18.9 1005 276  0.9 8 13.0  82    0  103 380 -475  2
3823500 2818500  8 23 14  20.3 1004  12  0.8 7 12.9  89   16  250 375 -488  2
3823500 2818500  8 23 15  21.5 1005  54  0.6 6 13.3  85  141  295 377 -492  2
3823500 2818500  8 23 16  22.8 1004  77  1.1 5 13.4  79  148  249 380 -492  2
3823500 2818500  8 23 17  23.9 1004  98  0.3 4 13.6  74  186  176 382 -485  2
3823500 2818500  8 23 18  24.5 1004 126  0.2 6 14.3  74  102  121 390 -475  2
3823500 2818500  8 23 19  23.9 1003 182  0.2 4 14.8  77   32   61 393 -463  2
3823500 2818500  8 23 20  21.5 1003 197  0.2 3 14.5  83    0    6 381 -453  2
3823500 2818500  8 23 21  21.2 1004 257  0.1 4 14.3  88    0    0 378 -442  2
3823500 2818500  8 23 22  20.9 1005 181  0.4 6 14.3  90    0    0 384 -431  2
3823500 2818500  8 23 23  20.3 1005 195  0.1 5 13.9  90    0    0 384 -422  2
3823500 2818500  8 23 24  20.0 1005 192  0.1 5 13.7  91    0    0 378 -415  2
3823500 2818500  8 24  1  19.9 1004 222  0.2 7 13.4  91    0    0 381 -410  2
3823500 2818500  8 24  2  19.8 1005 217  0.1 8 13.3  90    0    0 385 -406  2
3823500 2818500  8 24  3  19.0 1005 196  0.1 7 13.1  92    0    0 383 -403  2
3823500 2818500  8 24  4  18.7 1005 188  0.2 6 12.8  93    0    0 376 -400  2
3823500 2818500  8 24  5  18.1 1005 140  0.1 4 12.7  94    0    0 367 -398  2
3823500 2818500  8 24  6  17.5 1005 149  0.1 1 12.4  96    0    7 348 -396  2
3823500 2818500  8 24  7  18.8 1005 171  0.7 4 12.5  94   17   58 349 -398  2
3823500 2818500  8 24  8  19.7 1006 192  1.2 5 12.8  90   37  122 367 -404  2
3823500 2818500  8 24  9  21.1 1006 197  2.8 4 13.1  86   93  191 372 -413  2
3823500 2818500  8 24 10  22.4 1007 216  2.7 4 13.4  81  218  225 375 -421  2
3823500 2818500  8 24 11  23.1 1006 198  2.8 5 13.1  75  153  287 383 -430  2
3823500 2818500  8 24 12  23.9 1006 193  3.3 6 12.8  70  120  310 394 -443  2
3823500 2818500  8 24 13  25.1 1005 206  3.9 5 12.7  65  113  308 399 -454  2
3823500 2818500  8 24 14  24.8 1005 227  4.3 5 12.3  61  127  295 397 -459  2
3823500 2818500  8 24 15  24.4 1006 250  4.3 7 11.9  60   61  252 402 -462  2
3823500 2818500  8 24 16  22.9 1006 270  4.3 6 11.6  63   57  214 402 -457  2
3823500 2818500  8 24 17  21.8 1006 289  3.5 6 11.4  66   70  169 393 -449  2
3823500 2818500  8 24 18  21.4 1006 261  2.8 7 11.2  69   57  111 393 -441  2
3823500 2818500  8 24 19  20.4 1006 257  2.0 7 11.4  73   39   54 394 -435  2
3823500 2818500  8 24 20  19.3 1006 254  1.5 7 11.4  79    0    6 389 -430  2
3823500 2818500  8 24 21  18.5 1006 248  1.1 7 11.4  83    0    0 380 -426  2
3823500 2818500  8 24 22  17.9 1007 243  0.8 7 11.4  86    0    0 377 -423  2
3823500 2818500  8 24 23  17.2 1007 211  0.8 6 10.9  87    0    0 379 -421  2
3823500 2818500  8 24 24  16.7 1007 172  0.7 6 10.4  86    0    0 373 -419  2
3823500 2818500  8 25  1  16.2 1002 126  0.7 6  9.7  83    0    0 317 -398  2
3823500 2818500  8 25  2  15.7 1001  87  0.8 7  9.3  82    0    0 333 -400  2
3823500 2818500  8 25  3  15.2 1001  55  0.8 7  9.1  82    0    0 340 -401  2
3823500 2818500  8 25  4  14.9 1000  56  0.7 7  9.2  85    0    0 342 -402  2
3823500 2818500  8 25  5  14.7 1000  56  0.5 7  9.3  88    0    0 344 -402  2
3823500 2818500  8 25  6  14.1  999  84  0.4 7  9.6  93    0    2 346 -401  2
3823500 2818500  8 25  7  14.4  998  38  0.1 7  9.8  95    0   27 347 -401  2
3823500 2818500  8 25  8  15.2  998  61  0.8 7 10.0  93    0   54 349 -404  2
3823500 2818500  8 25  9  16.4  998 136  0.6 7 10.1  88    4  143 354 -412  2
3823500 2818500  8 25 10  17.3  999 236  0.7 7 10.1  83  116  281 358 -425  2
3823500 2818500  8 25 11  18.6  999 248  0.5 7  9.9  75  288  307 362 -440  2
3823500 2818500  8 25 12  20.7 1000 298  1.3 7  9.5  66  215  359 370 -455  2
3823500 2818500  8 25 13  21.3  999 237  1.7 6  8.8  56  226  367 374 -467  2
3823500 2818500  8 25 14  21.9  999 235  1.8 5  8.4  51  266  344 372 -473  2
3823500 2818500  8 25 15  22.5  999 238  3.0 5  8.3  49  274  300 373 -472  2
3823500 2818500  8 25 16  22.2  999 199  2.7 4  8.1  47  248  244 370 -465  2
3823500 2818500  8 25 17  22.6  999 179  1.9 5  8.0  47  171  189 367 -458  2
3823500 2818500  8 25 18  21.7  998 189  1.8 5  8.1  48   84  126 368 -451  2
3823500 2818500  8 25 19  20.2  998 190  1.0 5  8.6  54   24   55 363 -441  2
3823500 2818500  8 25 20  16.4  997  95  0.8 5  9.1  68    0    4 355 -433  2
3823500 2818500  8 25 21  16.1  997 130  0.7 6  9.3  80    0    0 354 -428  2
3823500 2818500  8 25 22  16.7  997 127  0.7 8  9.5  80    0    0 367 -425  2
3823500 2818500  8 25 23  16.9  997 175  1.4 7  9.6  79    0    0 373 -422  2
3823500 2818500  8 25 24  15.8  997 195  2.3 8 10.1  85    0    0 372 -419  2
3823500 2818500  8 26  1  15.6  997 170  1.0 7 10.7  94    0    0 372 -417  2
3823500 2818500  8 26  2  15.5  997 154  1.1 7 10.8  96    0    0 369 -417  2
3823500 2818500  8 26  3  15.2  997 168  0.8 5 10.5  94    0    0 361 -417  2
3823500 2818500  8 26  4  14.7  996 193  0.4 2 10.3  95    0    0 339 -416  2
3823500 2818500  8 26  5  14.5  996 204  1.8 3 10.2  96    0    0 330 -414  2
3823500 2818500  8 26  6  14.6  996 174  1.6 4 10.1  96    0    2 337 -413  2
3823500 2818500  8 26  7  15.6  996 176  1.4 6 10.4  95    0   37 349 -414  2
3823500 2818500  8 26  8  16.4  996 180  1.9 7 10.8  93    4   93 362 -417  2
3823500 2818500  8 26  9  17.3  996 203  3.4 7 11.1  91   41  182 368 -422  2
3823500 2818500  8 26 10  19.3  997 205  4.6 6 11.1  82  169  235 369 -432  2
3823500 2818500  8 26 11  20.8  997 206  4.5 5 10.7  72  100  282 367 -445  2
3823500 2818500  8 26 12  21.9  997 217  4.8 4 10.4  64  161  311 365 -453  2
3823500 2818500  8 26 13  21.5  997 202  4.8 5 10.0  60   74  308 366 -460  2
3823500 2818500  8 26 14  20.7  997 204  4.5 5 10.1  64  190  302 371 -467  2
3823500 2818500  8 26 15  21.8  997 227  4.8 6 10.3  64  103  272 373 -467  2
3823500 2818500  8 26 16  22.7  997 243  2.7 6  9.8  57   25  204 377 -464  2
3823500 2818500  8 26 17  22.7  997 230  3.2 4  9.0  52  251  117 368 -459  2
3823500 2818500  8 26 18  22.2  997 231  3.9 4  8.4  49  129   90 358 -452  2
3823500 2818500  8 26 19  21.1  997 236  2.5 5  8.3  50   14   42 359 -446  2
3823500 2818500  8 26 20  20.6  997 245  2.1 7  8.4  53    0    2 369 -440  2
3823500 2818500  8 26 21  19.9  998 216  0.9 8  8.6  57    0    0 379 -430  2
3823500 2818500  8 26 22  18.3  998 191  0.3 6  8.7  62    0    0 371 -419  2
3823500 2818500  8 26 23  18.2  997 192  0.5 5  8.6  65    0    0 356 -414  2
3823500 2818500  8 26 24  17.5  997 185  1.2 5  8.5  66    0    0 350 -413  2
3823500 2818500  8 27  1  16.7  997 183  1.8 4  8.4  68    0    0 344 -410  2
3823500 2818500  8 27  2  17.5  997 189  2.9 3  8.3  67    0    0 336 -405  2
3823500 2818500  8 27  3  17.3  997 196  2.3 3  8.3  66    0    0 331 -400  2
3823500 2818500  8 27  4  16.7  997 207  3.0 5  8.5  69    0    0 339 -397  2
3823500 2818500  8 27  5  16.0  997 198  2.5 7  8.7  74    0    0 353 -395  2
3823500 2818500  8 27  6  14.7  996 217  2.2 7  9.3  83    0    1 360 -393  2
3823500 2818500  8 27  7  14.7  996 211  2.6 8  9.8  92    0   31 363 -394  2
3823500 2818500  8 27  8  15.5  997 220  3.0 7 10.0  92   36  118 365 -400  2
3823500 2818500  8 27  9  15.9  997 232  3.4 7 10.1  89    4  138 364 -407  2
3823500 2818500  8 27 10  16.1  998 236  3.1 6 10.3  89    0   90 360 -410  2
3823500 2818500  8 27 11  16.4  998 229  4.7 6 10.6  90    2  195 359 -412  2
3823500 2818500  8 27 12  16.4  999 232  3.9 6 10.7  90    0  143 359 -411  2
3823500 2818500  8 27 13  15.5 1000 234  3.4 6 10.4  90    0   81 356 -412  2
3823500 2818500  8 27 14  15.6 1001 238  2.2 6 10.0  89    0  145 355 -415  2
3823500 2818500  8 27 15  16.6 1002 255  2.7 7 10.3  89   38  249 360 -418  2
3823500 2818500  8 27 16  17.0 1003 260  2.8 7 10.8  89   32  207 367 -422  2
3823500 2818500  8 27 17  16.3 1003 261  2.4 7 10.7  89   68  167 366 -425  2
3823500 2818500  8 27 18  16.7 1004 265  2.8 7 10.5  88  137   82 365 -424  2
3823500 2818500  8 27 19  15.8 1005 250  3.0 8 10.4  89   46   44 368 -421  2
3823500 2818500  8 27 20  15.4 1006 277  1.8 8 10.3  92    0    0 371 -417  2
3823500 2818500  8 27 21  14.8 1007 276  6.2 7 10.2  94    0    0 368 -414  2
3823500 2818500  8 27 22  14.6 1008 267  0.7 7 10.1  96    0    0 363 -410  2
3823500 2818500  8 27 23  14.1 1009 257  0.9 7 10.0  97    0    0 363 -406  2
3823500 2818500  8 27 24  13.6 1010 258  0.2 5  9.8  98    0    0 351 -405  2
3823500 2818500  8 28  1  13.8 1010 254  0.4 5  9.5  97    0    0 341 -403  2
3823500 2818500  8 28  2  13.7 1011 248  0.9 4  9.5  96    0    0 337 -402  2
3823500 2818500  8 28  3  13.5 1011 225  0.8 5  9.5  97    0    0 339 -400  2
3823500 2818500  8 28  4  13.2 1011 243  0.5 5  9.3  97    0    0 343 -395  2
3823500 2818500  8 28  5  13.0 1012 200  0.8 7  9.1  96    0    0 352 -389  2
3823500 2818500  8 28  6  12.5 1012 202  0.6 8  9.0  97    0    1 363 -386  2
3823500 2818500  8 28  7  12.6 1012 197  1.0 7  8.9  98    0   29 362 -385  2
3823500 2818500  8 28  8  12.7 1012 188  1.6 7  9.1  99    5   93 357 -388  2
3823500 2818500  8 28  9  13.5 1013 181  1.6 5  9.4  99   20  163 348 -398  2
3823500 2818500  8 28 10  15.0 1013 180  1.8 6  9.7  95   99  225 348 -413  2
3823500 2818500  8 28 11  16.7 1013 183  2.0 5  9.8  87  319  207 353 -430  2
3823500 2818500  8 28 12  18.7 1012 172  2.0 5  9.8  77  280  255 356 -447  2
3823500 2818500  8 28 13  19.3 1012 183  2.6 4  9.5  69  171  289 356 -462  2
3823500 2818500  8 28 14  20.2 1011 182  2.7 4  9.1  63  219  269 355 -472  2
3823500 2818500  8 28 15  20.8 1011 309  2.1 5  8.8  58  303  204 362 -475  2
3823500 2818500  8 28 16  21.6 1010 122  2.3 6  8.5  54  332  127 368 -471  2
3823500 2818500  8 28 17  21.8 1010 189  3.2 7  7.9  49  282   82 363 -466  2
3823500 2818500  8 28 18  21.0 1009 163  2.4 7  7.7  48  147   76 349 -457  2
3823500 2818500  8 28 19  19.1 1008 135  1.0 8  8.5  58   22   39 343 -443  2
3823500 2818500  8 28 20  17.0 1008 126  1.0 8  9.3  72    0    0 337 -428  2
3823500 2818500  8 28 21  17.0 1008 121  1.3 8  9.0  74    0    0 332 -418  2
3823500 2818500  8 28 22  16.7 1008 127  1.1 6  8.6  71    0    0 327 -414  2
3823500 2818500  8 28 23  16.6 1008 140  1.3 5  8.4  71    0    0 323 -411  2
3823500 2818500  8 28 24  16.2 1007 136  2.0 3  8.4  72    0    0 318 -408  2
3823500 2818500  8 29  1  15.9 1007 135  1.3 5  8.5  74    0    0 319 -404  2
3823500 2818500  8 29  2  16.1 1006 140  1.7 7  8.5  74    0    0 331 -402  2
3823500 2818500  8 29  3  16.1 1006 144  1.8 7  8.5  74    0    0 339 -400  2
3823500 2818500  8 29  4  15.9 1005 147  1.1 7  8.6  75    0    0 341 -397  2
3823500 2818500  8 29  5  14.6 1005 116  0.3 7  8.8  81    0    0 341 -396  2
3823500 2818500  8 29  6  14.6 1005 143  0.9 7  8.9  85    0    1 340 -396  2
3823500 2818500  8 29  7  14.8 1004 141  0.5 7  8.9  85    0   32 339 -399  2
3823500 2818500  8 29  8  16.1 1005 137  0.8 6  9.1  82   12  114 338 -406  2
3823500 2818500  8 29  9  17.4 1004 148  1.3 6  9.2  77   32  190 340 -415  2
3823500 2818500  8 29 10  18.6 1004 175  2.1 6  9.4  72   43  247 346 -427  2
3823500 2818500  8 29 11  19.9 1005 207  2.5 6  9.6  68    4  207 353 -441  2
3823500 2818500  8 29 12  20.5 1005 194  2.5 7  9.9  66    0  150 361 -452  2
3823500 2818500  8 29 13  20.9 1005 215  2.7 8 10.1  66    0  130 368 -462  2
3823500 2818500  8 29 14  21.0 1005 225  3.2 8 10.1  64    0  149 372 -470  2
3823500 2818500  8 29 15  21.9 1007 223  3.5 7 10.2  63   46  278 374 -478  2
3823500 2818500  8 29 16  22.2 1007 229  4.9 6 10.4  62  302  208 372 -483  2
3823500 2818500  8 29 17  22.0 1007 205  4.4 6 10.5  63  271  151 371 -480  2
3823500 2818500  8 29 18  21.8 1008 304  2.6 7 10.7  65  116  117 373 -470  2
3823500 2818500  8 29 19  21.0 1008 267  1.4 5 10.9  68   25   51 368 -455  2
3823500 2818500  8 29 20  19.3 1007 265  1.0 4 10.9  73    0    0 354 -440  2
3823500 2818500  8 29 21  16.8 1008 217  0.4 3 10.8  82    0    0 339 -427  2
3823500 2818500  8 29 22  15.1 1009 267  0.1 3 10.5  92    0    0 328 -419  2
3823500 2818500  8 29 23  14.2 1009 192  0.1 3 10.0  96    0    0 322 -413  2
3823500 2818500  8 29 24  13.9 1009 187  0.2 3  9.7  96    0    0 319 -408  2
3823500 2818500  8 30  1  13.5 1009 172  0.6 4  9.6  97    0    0 319 -403  2
3823500 2818500  8 30  2  13.4 1009 160  0.3 3  9.6  99    0    0 318 -400  2
3823500 2818500  8 30  3  12.2 1009 130  0.6 2  9.2  99    0    0 309 -396  2
3823500 2818500  8 30  4  12.5 1009 153  0.7 0  9.0  99    0    0 296 -392  2
3823500 2818500  8 30  5  12.0 1009 121  0.9 1  8.9 100    0    0 292 -389  2
3823500 2818500  8 30  6  12.1 1009 127  1.0 3  8.8 100    0    1 300 -385  2
3823500 2818500  8 30  7  13.3 1009 134  0.9 3  9.2 100    1   45 309 -384  2
3823500 2818500  8 30  8  14.8 1009 148  1.7 5 10.0  99   29  123 320 -390  2
3823500 2818500  8 30  9  17.5 1009 126  1.3 6 10.7  92  120  194 339 -406  2
3823500 2818500  8 30 10  19.8 1008 145  2.4 6 11.1  82  241  229 353 -426  2
3823500 2818500  8 30 11  22.0 1008 173  3.4 5 11.1  71  410  212 360 -445  2
3823500 2818500  8 30 12  23.0 1008 176  4.0 4 10.9  64  371  268 361 -461  2
3823500 2818500  8 30 13  24.8 1008 213  4.4 3 10.5  56  378  275 361 -473  2
3823500 2818500  8 30 14  25.1 1007 218  3.9 4  9.4  47  315  287 365 -481  2
3823500 2818500  8 30 15  25.4 1007 231  4.4 4  8.7  43  218  283 367 -486  2
3823500 2818500  8 30 16  25.8 1006 212  4.8 4  9.1  44  147  239 367 -484  2
3823500 2818500  8 30 17  25.7 1006 229  4.2 5  9.2  44  214  147 368 -474  2
3823500 2818500  8 30 18  25.1 1006 246  0.5 5  9.0  44  103  106 365 -465  2
3823500 2818500  8 30 19  23.0 1006 261  0.6 5  9.3  49   15   44 359 -454  2
3823500 2818500  8 30 20  19.9 1006 217  0.0 6  9.6  60    0    0 353 -442  2
3823500 2818500  8 30 21  18.8 1005 195  0.1 6  9.9  70    0    0 351 -435  2
3823500 2818500  8 30 22  16.1 1005 110  0.0 7  9.9  79    0    0 350 -429  2
3823500 2818500  8 30 23  15.8 1005 155  0.0 7 10.0  87    0    0 349 -421  2
3823500 2818500  8 30 24  16.1 1005 260  0.1 8  9.9  87    0    0 354 -416  2
3823500 2818500  8 31  1  15.3 1006  26  0.7 7  9.6  86    0    0 353 -415  2
3823500 2818500  8 31  2  15.3 1005 282  0.6 7  9.5  86    0    0 348 -415  2
3823500 2818500  8 31  3  15.6 1005 273  0.6 7  9.4  84    0    0 347 -413  2
3823500 2818500  8 31  4  15.5 1006 283  0.6 7  9.1  82    0    0 347 -411  2
3823500 2818500  8 31  5  14.7 1006 265  0.1 7  9.0  83    0    0 346 -411  2
3823500 2818500  8 31  6  14.1 1006 220  0.1 6  9.0  87    0    2 341 -411  2
3823500 2818500  8 31  7  14.9 1006 213  0.1 6  9.1  87    0   16 339 -411  2
3823500 2818500  8 31  8  15.6 1007 220  0.1 6  9.3  85    0   35 343 -413  2
3823500 2818500  8 31  9  15.8 1007 215  1.5 7  9.5  84    0   57 349 -418  2
3823500 2818500  8 31 10  16.2 1008 222  1.3 7  9.6  84    0  122 354 -426  2
3823500 2818500  8 31 11  16.5 1008 223  1.7 7  9.5  81    0  117 357 -434  2
3823500 2818500  8 31 12  17.5 1008 239  0.6 7  9.4  77   14  256 362 -441  2
3823500 2818500  8 31 13  18.8 1007 209  1.6 7  9.3  71  196  337 368 -440  2
3823500 2818500  8 31 14  19.8 1007 248  2.5 5  8.9  63  316  288 364 -432  2
3823500 2818500  8 31 15  20.3 1007 208  2.3 5  8.2  55  317  245 358 -434  2
3823500 2818500  8 31 16  20.8 1007 238  2.9 5  7.7  50  315  181 355 -436  2
3823500 2818500  8 31 17  20.5 1007 213  2.0 6  7.4  48  166  166 357 -427  2
3823500 2818500  8 31 18  20.7 1007 212  0.6 7  7.2  48   43  113 363 -419  2
3823500 2818500  8 31 19  19.3 1006 204  0.5 6  7.5  51    0   30 361 -414  2
3823500 2818500  8 31 20  15.5 1007 150  0.1 5  8.0  64    0    0 345 -407  2
3823500 2818500  8 31 21  14.5 1007 192  0.1 5  8.1  75    0    0 333 -401  2
3823500 2818500  8 31 22  13.7 1007 149  0.2 5  8.1  80    0    0 328 -395  2
3823500 2818500  8 31 23  13.2 1007 165  0.1 5  8.1  84    0    0 324 -388  2
3823500 2818500  8 31 24  12.9 1007 183  0.1 5  8.1  86    0    0 322 -385  2
3823500 2818500  9  1  1  13.8 1007 199  0.5 6  8.1  84    0    0 327 -386  2
3823500 2818500  9  1  2  13.7 1007 191  0.7 6  8.1  82    0    0 332 -385  2
3823500 2818500  9  1  3  14.0 1007 199  0.9 7  8.3  84    0    0 338 -382  2
3823500 2818500  9  1  4  13.7 1007 188  0.5 7  8.7  87    0    0 341 -380  2
3823500 2818500  9  1  5  13.0 1007 181  0.9 6  8.8  91    0    0 335 -376  2
3823500 2818500  9  1  6  13.0 1006 214  0.8 7  8.9  94    0   11 333 -373  2
3823500 2818500  9  1  7  13.5 1007 189  0.6 7  9.0  94   21   36 336 -372  2
3823500 2818500  9  1  8  14.1 1007 251  0.8 7  9.2  93    5   83 335 -375  2
3823500 2818500  9  1  9  14.6 1007 268  0.8 7  9.3  90    7  133 335 -383  2
3823500 2818500  9  1 10  15.1 1008 288  1.4 7  9.3  88   10  173 333 -396  2
3823500 2818500  9  1 11  15.8 1008 301  1.6 7  9.3  84   10  197 334 -402  2
3823500 2818500  9  1 12  15.0 1008 317  2.4 7  9.3  84    0  153 334 -406  2
3823500 2818500  9  1 13  14.0 1009 335  3.8 8  9.1  87    0   91 335 -416  2
3823500 2818500  9  1 14  14.1 1009 298  4.4 7  8.8  87    0  109 333 -420  2
3823500 2818500  9  1 15  13.7 1010 348  5.3 7  8.6  87    0   89 328 -421  2
3823500 2818500  9  1 16  13.3 1011 360  4.8 7  8.3  86    0   85 327 -419  2
3823500 2818500  9  1 17  12.6 1012   7  5.1 8  8.2  88    2  106 328 -412  2
3823500 2818500  9  1 18  12.7 1013 316  5.3 8  8.1  88   26   75 331 -408  2
3823500 2818500  9  1 19  12.7 1014 319  4.5 8  7.8  85    7   28 329 -401  2
3823500 2818500  9  1 20  12.7 1014 311  3.4 8  7.6  83    0    0 327 -396  2
3823500 2818500  9  1 21  12.7 1015 325  1.7 8  7.6  82    0    0 325 -390  2
3823500 2818500  9  1 22  12.6 1015 337  2.2 7  7.6  83    0    0 320 -387  2
3823500 2818500  9  1 23  11.6 1015 297  2.4 5  7.4  84    0    0 308 -383  2
3823500 2818500  9  1 24  10.7 1015 297  2.0 4  7.2  87    0    0 295 -379  2
3823500 2818500  9  2  1  10.5 1016 271  0.9 2  6.9  87    0    0 278 -372  2
3823500 2818500  9  2  2   9.9 1016 254  1.4 2  6.8  87    0    0 276 -369  2
3823500 2818500  9  2  3   8.7 1017 272  0.7 1  6.6  90    0    0 270 -364  2
3823500 2818500  9  2  4   8.3 1017 241  0.7 0  6.4  93    0    0 259 -361  2
3823500 2818500  9  2  5   7.4 1017 212  0.6 1  6.2  94    0    0 257 -358  2
3823500 2818500  9  2  6   6.9 1017 246  0.1 1  6.0  95    0    1 257 -355  2
3823500 2818500  9  2  7   8.7 1017 224  0.7 0  6.3  95   38   36 254 -355  2
3823500 2818500  9  2  8  11.5 1017 252  0.9 1  6.8  88  173   63 260 -360  2
3823500 2818500  9  2  9  14.2 1018 312  1.5 1  7.2  78  324   71 272 -375  2
3823500 2818500  9  2 10  16.2 1018 331  1.9 1  7.3  68  451   77 280 -395  2
3823500 2818500  9  2 11  16.5 1018 307  2.4 2  6.6  58  261  237 288 -416  2
3823500 2818500  9  2 12  17.0 1018 300  2.8 3  6.2  52  357  226 299 -434  2
3823500 2818500  9  2 13  17.7 1018 266  2.6 3  6.1  50  400  212 309 -447  2
3823500 2818500  9  2 14  18.1 1018 251  2.7 4  6.0  47  283  253 316 -457  2
3823500 2818500  9  2 15  18.6 1017 280  2.2 3  5.8  45  300  201 318 -458  2
3823500 2818500  9  2 16  18.1 1017 253  0.9 3  5.9  45  309  127 313 -455  2
3823500 2818500  9  2 17  18.5 1017 283  1.9 3  5.9  46  282   72 313 -449  2
3823500 2818500  9  2 18  18.0 1017 308  2.1 2  6.0  46  166   59 308 -437  2
3823500 2818500  9  2 19  16.1 1017 226  0.8 3  6.2  51   28   22 304 -425  2
3823500 2818500  9  2 20  12.0 1017 174  0.4 2  6.6  66    0    0 295 -415  2
3823500 2818500  9  2 21  10.3 1017 177  0.2 1  6.9  84    0    0 278 -407  2
3823500 2818500  9  2 22   9.5 1017 181  0.3 1  6.8  89    0    0 270 -403  2
3823500 2818500  9  2 23   8.7 1017 149  0.3 2  6.6  92    0    0 271 -400  2
3823500 2818500  9  2 24   8.5 1017 144  0.4 3  6.5  94    0    0 279 -399  2
3823500 2818500  9  3  1   8.4 1017 149  0.1 3  6.5  94    0    0 283 -398  2
3823500 2818500  9  3  2   8.0 1017 171  0.1 3  6.5  96    0    0 284 -397  2
3823500 2818500  9  3  3   9.0 1017 164  0.2 4  6.5  94    0    0 289 -396  2
3823500 2818500  9  3  4   8.3 1017 167  0.1 4  6.4  92    0    0 294 -394  2
3823500 2818500  9  3  5   9.1 1016 165  0.1 5  6.4  92    0    0 298 -393  2
3823500 2818500  9  3  6   9.1 1016 165  0.5 7  6.6  92    0    0 314 -392  2
3823500 2818500  9  3  7  10.0 1016 171  0.4 8  6.8  92    3   37 333 -392  2
3823500 2818500  9  3  8  11.7 1017 189  0.9 5  7.1  88   50  117 328 -396  2
3823500 2818500  9  3  9  14.1 1017 198  1.8 5  7.6  82  151  177 321 -403  2
3823500 2818500  9  3 10  16.4 1017 203  1.7 5  7.9  73  286  200 329 -411  2
3823500 2818500  9  3 11  18.0 1016 203  2.3 5  7.6  62  382  216 337 -421  2
3823500 2818500  9  3 12  19.0 1016 204  3.1 5  7.3  55  433  229 343 -428  2
3823500 2818500  9  3 13  20.0 1016 217  2.6 5  7.2  51  482  216 349 -430  2
3823500 2818500  9  3 14  20.4 1015 198  3.1 5  7.2  49  440  215 352 -426  2
3823500 2818500  9  3 15  20.7 1015 224  2.6 5  7.2  48  179  283 354 -422  2
3823500 2818500  9  3 16  20.7 1015 229  3.0 4  7.5  49  182  217 350 -424  2
3823500 2818500  9  3 17  20.5 1014 245  2.2 4  7.9  52  197  135 343 -428  2
3823500 2818500  9  3 18  19.7 1014 278  2.4 4  8.4  57  101   90 342 -428  2
3823500 2818500  9  3 19  17.9 1015 295  0.8 6  8.8  65   19   25 348 -424  2
3823500 2818500  9  3 20  16.5 1015 245  0.9 6  9.1  76    0    0 359 -420  2
3823500 2818500  9  3 21  15.4 1015 245  0.6 7  9.3  83    0    0 361 -417  2
3823500 2818500  9  3 22  14.7 1016 253  0.4 7  9.4  88    0    0 358 -415  2
3823500 2818500  9  3 23  14.1 1016 247  0.3 6  9.2  90    0    0 358 -413  2
3823500 2818500  9  3 24  13.6 1016 229  0.3 5  8.8  89    0    0 359 -411  2
3823500 2818500  9  4  1  13.0 1004 202  0.3 4  8.4  88    0    0 296 -393  2
3823500 2818500  9  4  2  12.5 1004 164  0.5 3  8.0  87    0    0 293 -392  2
3823500 2818500  9  4  3  12.3 1004 142  0.6 2  7.8  86    0    0 293 -393  2
3823500 2818500  9  4  4  12.3 1004 140  0.6 3  7.8  86    0    0 299 -395  2
3823500 2818500  9  4  5  12.4 1003 142  0.5 3  7.8  86    0    0 305 -395  2
3823500 2818500  9  4  6  12.1 1003 110  0.0 4  7.8  86    0    0 308 -394  2
3823500 2818500  9  4  7  12.8 1003 138  1.0 4  8.0  87   19   43 308 -394  2
3823500 2818500  9  4  8  15.0 1003 143  1.1 2  8.5  85  102   99 304 -398  2
3823500 2818500  9  4  9  16.2 1003 165  1.5 2  9.0  80  209  138 303 -407  2
3823500 2818500  9  4 10  17.9 1003 168  1.9 1  9.4  76  329  160 306 -422  2
3823500 2818500  9  4 11  20.0 1003 197  2.3 1  9.6  70  434  167 313 -438  2
3823500 2818500  9  4 12  20.5 1003 187  2.7 1  9.7  64  419  216 322 -452  2
3823500 2818500  9  4 13  21.7 1004 173  2.9 4  9.5  60  354  259 339 -464  2
3823500 2818500  9  4 14  22.0 1004 192  2.7 7  9.4  57  162  297 362 -472  2
3823500 2818500  9  4 15  22.6 1004 184  2.5 8  9.3  54   30  229 375 -471  2
3823500 2818500  9  4 16  21.6 1004 161  2.0 7  9.2  55   79  210 375 -466  2
3823500 2818500  9  4 17  21.2 1003 168  1.9 4  9.7  60  226  107 360 -459  2
3823500 2818500  9  4 18  20.3 1003 193  1.0 6  9.9  64  106   78 352 -452  2
3823500 2818500  9  4 19  18.6 1003 151  0.2 6  9.9  69   19   27 354 -442  2
3823500 2818500  9  4 20  16.1 1003   1  0.1 6  9.8  78    0    0 347 -433  2
3823500 2818500  9  4 21  16.0 1003 187  1.3 7  9.7  84    0    0 347 -426  2
3823500 2818500  9  4 22  16.2 1004 178  0.6 8 10.1  87    0    0 357 -421  2
3823500 2818500  9  4 23  15.5 1004 165  0.6 8 10.1  89    0    0 364 -418  2
3823500 2818500  9  4 24  15.4 1004 188  1.1 7 10.0  90    0    0 360 -416  2
3823500 2818500  9  5  1  15.3 1004 258  0.2 7 10.0  91    0    0 357 -416  2
3823500 2818500  9  5  2  15.5 1004 209  0.4 7 10.0  90    0    0 358 -414  2
3823500 2818500  9  5  3  15.1 1004 207  0.2 7  9.9  90    0    0 358 -412  2
3823500 2818500  9  5  4  14.7 1004 220  0.8 7  9.7  91    0    0 357 -411  2
3823500 2818500  9  5  5  14.7 1004 239  0.4 7  9.8  92    0    0 358 -409  2
3823500 2818500  9  5  6  14.5 1004 261  0.4 7  9.8  93    0    0 358 -409  2
3823500 2818500  9  5  7  14.4 1005 289  0.7 6  9.5  91   15   37 353 -409  2
3823500 2818500  9  5  8  14.5 1005 218  0.9 5  9.5  91   44  102 345 -412  2
3823500 2818500  9  5  9  17.8 1005 180  0.7 6  9.9  86   49  170 350 -417  2
3823500 2818500  9  5 10  18.7 1006 234  1.1 5 10.2  77  206  189 358 -423  2
3823500 2818500  9  5 11  20.1 1006 229  1.2 5  9.8  69  195  238 358 -430  2
3823500 2818500  9  5 12  20.8 1006 224  1.5 4  9.4  62  299  230 360 -442  2
3823500 2818500  9  5 13  21.2 1006 250  1.8 3  9.2  59  358  213 356 -454  2
3823500 2818500  9  5 14  22.0 1006 248  1.2 4  9.0  55  162  261 360 -462  2
3823500 2818500  9  5 15  22.4 1007 215  1.1 2  8.5  50   63  227 359 -462  2
3823500 2818500  9  5 16  21.9 1006 234  0.7 3  8.0  48  190  161 353 -457  2
3823500 2818500  9  5 17  22.0 1006 241  0.4 3  8.0  48  125  115 354 -450  2
3823500 2818500  9  5 18  20.7 1006 232  0.6 2  8.2  51  116   53 346 -442  2
3823500 2818500  9  5 19  17.7 1005 219  0.1 6  8.4  60   26   22 348 -433  2
3823500 2818500  9  5 20  14.4 1005 196  0.1 8  8.4  73    0    0 358 -422  2
3823500 2818500  9  5 21  14.0 1006 185  0.3 8  8.1  80    0    0 361 -411  2
3823500 2818500  9  5 22  12.9 1006 198  0.4 4  8.1  83    0    0 345 -403  2
3823500 2818500  9  5 23  12.8 1006 195  0.3 4  8.0  86    0    0 327 -398  2
3823500 2818500  9  5 24  13.3 1006 178  0.5 5  8.2  87    0    0 332 -393  2
3823500 2818500  9  6  1  13.5 1006 180  1.1 5  8.5  88    0    0 338 -389  2
3823500 2818500  9  6  2  13.8 1006 173  1.3 5  8.7  89    0    0 339 -386  2
3823500 2818500  9  6  3  13.3 1006 179  1.6 3  8.6  88    0    0 330 -383  2
3823500 2818500  9  6  4  13.1 1006 182  1.4 1  8.4  88    0    0 311 -381  2
3823500 2818500  9  6  5  12.9 1006 191  1.5 1  8.4  89    0    0 301 -378  2
3823500 2818500  9  6  6  12.5 1006 195  1.7 2  8.4  91    0    0 303 -376  2
3823500 2818500  9  6  7  13.3 1006 200  1.8 5  8.6  92    3   37 320 -376  2
3823500 2818500  9  6  8  14.2 1007 221  2.6 6  9.0  91   15  106 340 -380  2
3823500 2818500  9  6  9  15.2 1007 225  3.7 6  9.2  88   37  183 347 -391  2
3823500 2818500  9  6 10  17.0 1007 221  4.2 4  9.3  81  186  232 343 -407  2
3823500 2818500  9  6 11  18.9 1007 216  4.7 4  9.0  69  296  249 341 -422  2
3823500 2818500  9  6 12  19.7 1007 217  4.9 4  8.6  61  295  284 346 -435  2
3823500 2818500  9  6 13  20.2 1007 233  4.9 5  8.7  59  155  326 352 -442  2
3823500 2818500  9  6 14  20.4 1007 237  5.1 5  8.7  58  164  304 359 -445  2
3823500 2818500  9  6 15  20.6 1006 215  4.4 5  8.8  58  131  262 361 -448  2
3823500 2818500  9  6 16  20.3 1006 232  4.2 5  9.0  59   14  180 362 -448  2
3823500 2818500  9  6 17  20.5 1006 232  3.3 5  9.0  60   39  145 361 -442  2
3823500 2818500  9  6 18  20.1 1006 232  3.6 4  8.9  59   71   85 355 -435  2
3823500 2818500  9  6 19  19.0 1006 216  2.4 4  8.8  61   10   24 348 -427  2
3823500 2818500  9  6 20  17.4 1006 204  1.7 5  8.8  67    0    0 347 -421  2
3823500 2818500  9  6 21  17.7 1006 207  1.5 5  9.0  71    0    0 348 -417  2
3823500 2818500  9  6 22  16.6 1006 204  1.7 5  9.2  75    0    0 347 -414  2
3823500 2818500  9  6 23  16.4 1006 192  1.7 5  9.3  79    0    0 345 -413  2
3823500 2818500  9  6 24  16.1 1006 198  2.2 5  9.2  79    0    0 343 -410  2
3823500 2818500  9  7  1  15.2 1006 188  2.1 2  8.9  79    0    0 328 -407  2
3823500 2818500  9  7  2  14.6 1006 191  1.5 2  8.6  80    0    0 312 -403  2
3823500 2818500  9  7  3  13.7 1006 174  1.5 2  8.3  82    0    0 309 -401  2
3823500 2818500  9  7  4  13.5 1006 170  1.5 1  8.2  84    0    0 302 -399  2
3823500 2818500  9  7  5  12.9 1005 166  1.6 2  8.2  85    0    0 298 -396  2
3823500 2818500  9  7  6  12.4 1005 161  1.6 3  8.0  86    0    0 304 -394  2
3823500 2818500  9  7  7  13.1 1005 172  1.6 4  8.1  88    6   33 312 -393  2
3823500 2818500  9  7  8  14.8 1004 172  2.2 4  8.6  85   72   90 319 -396  2
3823500 2818500  9  7  9  16.9 1004 191  2.9 7  8.9  78   36  160 340 -405  2
3823500 2818500  9  7 10  17.7 1005 180  3.2 7  9.0  72   66  218 359 -416  2
3823500 2818500  9  7 11  20.5 1004 186  3.9 6  9.4  67  203  226 360 -424  2
3823500 2818500  9  7 12  21.0 1004 203  4.6 7  9.5  61  105  277 366 -427  2
3823500 2818500  9  7 13  22.6 1005 196  3.6 6  9.0  55  211  263 369 -432  2
3823500 2818500  9  7 14  22.8 1004 198  3.2 6  8.5  49  207  241 368 -438  2
3823500 2818500  9  7 15  22.5 1004 207  3.5 6  8.1  47  156  210 369 -440  2
3823500 2818500  9  7 16  22.1 1004 190  2.9 6  8.1  48   88  180 369 -438  2
3823500 2818500  9  7 17  21.8 1003 197  3.1 7  8.1  49   91  114 371 -435  2
3823500 2818500  9  7 18  21.0 1003 182  2.0 6  8.2  51   66   66 367 -433  2
3823500 2818500  9  7 19  19.1 1002 187  1.2 7  8.3  56   17   18 361 -428  2
3823500 2818500  9  7 20  17.5 1002 162  1.0 7  8.4  63    0    0 360 -421  2
3823500 2818500  9  7 21  17.3 1003 166  0.7 6  8.5  68    0    0 353 -415  2
3823500 2818500  9  7 22  16.9 1003 154  0.3 4  8.6  70    0    0 340 -412  2
3823500 2818500  9  7 23  16.6 1003 161  0.7 3  8.6  71    0    0 325 -410  2
3823500 2818500  9  7 24  16.1 1003 152  0.3 4  8.5  73    0    0 323 -407  2
3823500 2818500  9  8  1  15.7 1003 155  0.2 5  8.5  75    0    0 329 -406  2
3823500 2818500  9  8  2  15.0 1003 154  0.3 4  8.5  78    0    0 327 -405  2
3823500 2818500  9  8  3  13.7 1003 151  0.1 3  8.5  82    0    0 314 -404  2
3823500 2818500  9  8  4  13.1 1003 155  0.4 3  8.3  85    0    0 307 -404  2
3823500 2818500  9  8  5  13.1 1003 137  0.1 3  8.2  86    0    0 304 -404  2
3823500 2818500  9  8  6  12.6 1003  99  0.2 4  8.2  87    0    0 306 -404  2
3823500 2818500  9  8  7  13.4 1003 134  0.9 4  8.3  88    6   36 310 -403  2
3823500 2818500  9  8  8  15.8 1003 133  0.7 3  8.7  82   53  109 310 -404  2
3823500 2818500  9  8  9  18.0 1003 127  1.1 3  9.0  74  129  170 316 -409  2
3823500 2818500  9  8 10  20.6 1003 141  1.5 3  9.4  66  204  216 329 -418  2
3823500 2818500  9  8 11  22.0 1004 149  1.7 3  9.5  60  270  245 338 -429  2
3823500 2818500  9  8 12  23.1 1004 138  1.9 4  9.4  54  315  262 349 -440  2
3823500 2818500  9  8 13  24.3 1004 148  2.0 5  9.1  49  356  253 361 -454  2
3823500 2818500  9  8 14  25.1 1004 145  1.9 4  9.3  48  336  244 366 -466  2
3823500 2818500  9  8 15  25.2 1004 156  1.9 4  9.2  46  208  243 365 -471  2
3823500 2818500  9  8 16  24.9 1004 138  1.6 4  8.9  44  197  189 364 -471  2
3823500 2818500  9  8 17  24.3 1004 110  0.7 5  9.2  47  156  127 366 -465  2
3823500 2818500  9  8 18  23.7 1004 111  0.2 6  9.5  50   72   75 370 -456  2
3823500 2818500  9  8 19  21.5 1004  96  0.1 6  9.8  57   14   24 369 -447  2
3823500 2818500  9  8 20  18.7 1003  86  0.1 6  9.9  67    0    0 361 -438  2
3823500 2818500  9  8 21  17.8 1004  95  0.1 5  9.8  74    0    0 353 -431  2
3823500 2818500  9  8 22  16.9 1004 125  0.2 3  9.6  76    0    0 343 -427  2
3823500 2818500  9  8 23  17.4 1004 123  0.1 2  9.5  77    0    0 334 -423  2
3823500 2818500  9  8 24  16.6 1005  34  0.0 1  9.5  78    0    0 329 -418  2
3823500 2818500  9  9  1  15.0 1005  63  0.1 1  9.2  81    0    0 322 -414  2
3823500 2818500  9  9  2  14.0 1005  58  0.0 1  8.8  85    0    0 317 -410  2
3823500 2818500  9  9  3  14.1 1005  62  0.1 0  8.7  86    0    0 314 -407  2
3823500 2818500  9  9  4  13.4 1005  91  0.1 1  8.8  88    0    0 312 -404  2
3823500 2818500  9  9  5  13.1 1004  77  0.1 2  8.7  91    0    0 315 -403  2
3823500 2818500  9  9  6  12.6 1004  53  0.1 4  8.6  92    0    0 322 -401  2
3823500 2818500  9  9  7  14.1 1004  82  1.1 6  8.9  92    1   29 333 -400  2
3823500 2818500  9  9  8  17.7 1004  80  1.5 4  9.6  84   52  107 341 -403  2
3823500 2818500  9  9  9  20.0 1004  72  2.0 5 10.1  73  108  171 348 -412  2
3823500 2818500  9  9 10  22.8 1005  56  3.5 6 10.4  64  138  231 363 -423  2
3823500 2818500  9  9 11  23.8 1004  72  3.9 5 10.4  57  267  239 371 -435  2
3823500 2818500  9  9 12  25.5 1004  93  3.6 4 10.3  53  458  177 371 -445  2
3823500 2818500  9  9 13  27.0 1004 111  2.6 4 10.5  48  318  262 377 -456  2
3823500 2818500  9  9 14  27.0 1003 121  2.0 7 10.2  45    5  207 387 -466  2
3823500 2818500  9  9 15  27.1 1003 136  2.5 4  9.8  43   84  243 389 -471  2
3823500 2818500  9  9 16  27.8 1003 151  3.3 2  9.5  41  346  108 378 -470  2
3823500 2818500  9  9 17  26.5 1003 142  2.9 5  9.6  42   70  134 380 -464  2
3823500 2818500  9  9 18  21.2 1002 282  3.0 7 10.7  57    8   67 383 -456  2
3823500 2818500  9  9 19  19.5 1003 181  2.5 8 11.4  75    0    9 381 -447  2
3823500 2818500  9  9 20  18.8 1003 142  2.3 8 11.7  83    0    0 382 -439  2
3823500 2818500  9  9 21  18.9 1004  59  1.0 8 12.3  89    0    0 383 -432  2
3823500 2818500  9  9 22  18.5 1005 108  1.0 7 12.3  90    0    0 381 -427  2
3823500 2818500  9  9 23  18.1 1006 130  0.2 7 12.1  91    0    0 378 -424  2
3823500 2818500  9  9 24  16.0 1006 291  2.2 8 10.8  88    0    0 376 -421  2
3823500 2818500  9 10  1  15.3 1007 298  1.4 8  9.6  85    0    0 374 -417  2
3823500 2818500  9 10  2  14.9 1007 296  0.1 8  9.3  86    0    0 374 -414  2
3823500 2818500  9 10  3  14.7 1008 275  0.7 8  9.1  86    0    0 373 -411  2
3823500 2818500  9 10  4  14.0 1008 237  1.8 8  9.0  87    0    0 372 -410  2
3823500 2818500  9 10  5  13.7 1008 310  0.9 8  8.9  89    0    0 370 -408  2
3823500 2818500  9 10  6  13.7 1009 328  0.9 8  8.9  90    0    0 369 -407  2
3823500 2818500  9 10  7  13.4 1009 218  1.9 7  8.9  92    0    6 365 -405  2
3823500 2818500  9 10  8  13.4 1010 271  1.0 8  9.0  93    0   22 364 -403  2
3823500 2818500  9 10  9  13.6 1010 229  0.7 8  9.1  93    0   43 370 -401  2
3823500 2818500  9 10 10  13.9 1010 271  0.2 8  9.2  93    0   61 371 -398  2
3823500 2818500  9 10 11  14.0 1011 280  0.9 7  9.4  94    0  100 367 -395  2
3823500 2818500  9 10 12  14.3 1011 273  1.3 7  9.6  94    0  133 363 -395  2
3823500 2818500  9 10 13  14.5 1011 267  0.9 7  9.6  93    0  125 365 -396  2
3823500 2818500  9 10 14  14.4 1012 254  0.7 7  9.5  92    0  123 365 -395  2
3823500 2818500  9 10 15  14.2 1012 277  0.9 7  9.4  92    0  115 364 -395  2
3823500 2818500  9 10 16  14.1 1012 292  1.6 7  9.4  93    0  101 364 -395  2
3823500 2818500  9 10 17  13.8 1012 280  1.5 8  9.4  94    0   57 366 -395  2
3823500 2818500  9 10 18  13.4 1013 289  1.5 8  9.2  94    0   27 367 -395  2
3823500 2818500  9 10 19  13.1 1013 273  1.7 8  9.0  95    0    6 364 -394  2
3823500 2818500  9 10 20  13.0 1013 271  1.7 8  8.9  95    0    0 362 -394  2
3823500 2818500  9 10 21  13.0 1013 283  2.3 8  8.7  93    0    0 362 -393  2
3823500 2818500  9 10 22  13.1 1013 273  1.8 8  8.8  94    0    0 362 -394  2
3823500 2818500  9 10 23  13.3 1013 271  2.2 7  8.9  94    0    0 359 -394  2
3823500 2818500  9 10 24  13.3 1013 278  1.9 8  9.0  94    0    0 360 -394  2
3823500 2818500  9 11  1  13.3 1014 289  2.4 8  9.1  95    0    0 365 -394  2
3823500 2818500  9 11  2  13.4 1014 248  1.6 7  9.1  95    0    0 361 -393  2
3823500 2818500  9 11  3  13.4 1014 266  0.9 8  9.0  93    0    0 361 -393  2
3823500 2818500  9 11  4  13.6 1014 260  0.9 8  9.1  94    0    0 366 -393  2
3823500 2818500  9 11  5  13.6 1014 264  0.2 8  9.2  95    0    0 367 -393  2
3823500 2818500  9 11  6  13.6 1014 192  0.2 8  9.3  95    0    0 367 -393  2
3823500 2818500  9 11  7  13.8 1014 128  0.3 6  9.6  97    0   19 357 -394  2
3823500 2818500  9 11  8  14.0 1014 123  0.7 7  9.7  98    0   64 352 -396  2
3823500 2818500  9 11  9  14.4 1015  88  1.2 6  9.7  96    0   92 354 -400  2
3823500 2818500  9 11 10  14.7 1015 123  1.5 7  9.9  95    2  186 356 -406  2
3823500 2818500  9 11 11  15.4 1016  80  2.3 7 10.0  93    8  237 364 -413  2
3823500 2818500  9 11 12  15.8 1016  85  2.4 7 10.0  90    7  251 367 -424  2
3823500 2818500  9 11 13  16.4 1016  61  1.9 7 10.1  88    9  257 370 -437  2
3823500 2818500  9 11 14  17.1 1016  61  1.5 8 10.2  86    8  232 377 -447  2
3823500 2818500  9 11 15  17.7 1017  85  1.5 7 10.2  82   10  212 379 -454  2
3823500 2818500  9 11 16  18.3 1017  57  1.9 7 10.5  81   18  195 378 -453  2
3823500 2818500  9 11 17  18.4 1017  36  0.7 6 10.6  80   16  144 376 -445  2
3823500 2818500  9 11 18  17.9 1017  15  0.0 4 10.6  82   14   86 361 -434  2
3823500 2818500  9 11 19  16.0 1017 288  1.7 3 10.5  87    4   22 344 -421  2
3823500 2818500  9 11 20  14.7 1018 305  0.6 3  9.9  91    0    0 332 -410  2
3823500 2818500  9 11 21  13.9 1018 322  0.3 2  9.4  92    0    0 323 -403  2
3823500 2818500  9 11 22  14.6 1018 356  0.3 3  9.7  96    0    0 322 -399  2
3823500 2818500  9 11 23  14.8 1018  31  0.7 3  9.9  95    0    0 328 -396  2
3823500 2818500  9 11 24  14.8 1018  61  0.7 3  9.7  93    0    0 327 -395  2
3823500 2818500  9 12  1  14.4 1018  69  0.4 2  9.5  92    0    0 321 -393  2
3823500 2818500  9 12  2  14.1 1018  71  0.6 2  9.2  91    0    0 315 -388  2
3823500 2818500  9 12  3  14.0 1018  77  0.4 1  9.1  91    0    0 309 -384  2
3823500 2818500  9 12  4  13.5 1018  70  1.1 1  9.0  92    0    0 303 -381  2
3823500 2818500  9 12  5  13.2 1018  66  0.8 2  8.8  92    0    0 305 -379  2
3823500 2818500  9 12  6  13.0 1018  57  1.3 2  8.7  92    0    0 308 -376  2
3823500 2818500  9 12  7  13.1 1018  61  0.8 3  8.7  93    5   29 312 -374  2
3823500 2818500  9 12  8  13.7 1018  70  2.5 4  8.7  91   33  100 323 -375  2
3823500 2818500  9 12  9  14.4 1019  68  3.7 4  8.7  87  117  160 330 -382  2
3823500 2818500  9 12 10  15.5 1019  75  3.1 3  9.0  85  253  177 329 -394  2
3823500 2818500  9 12 11  17.3 1019  62  3.4 1  9.2  80  422  150 319 -407  2
3823500 2818500  9 12 12  18.9 1019  56  3.3 1  9.3  72  546  117 315 -420  2
3823500 2818500  9 12 13  20.0 1018  65  3.6 1  9.1  64  584  105 320 -430  2
3823500 2818500  9 12 14  20.6 1018  58  3.6 0  8.8  59  567   95 317 -435  2
3823500 2818500  9 12 15  20.8 1018  63  2.9 0  8.5  56  500   86 313 -437  2
3823500 2818500  9 12 16  20.9 1017  72  3.3 0  8.0  52  383   85 312 -435  2
3823500 2818500  9 12 17  20.6 1017  68  3.2 0  7.5  49  239   82 310 -428  2
3823500 2818500  9 12 18  19.7 1017  69  2.1 0  7.3  50  103   62 306 -419  2
3823500 2818500  9 12 19  18.1 1017  50  0.9 1  7.3  54   15   20 307 -409  2
3823500 2818500  9 12 20  15.6 1017  70  0.4 1  7.2  60    0    0 305 -399  2
3823500 2818500  9 12 21  15.3 1017  56  1.2 0  7.0  64    0    0 295 -392  2
3823500 2818500  9 12 22  13.5 1017  78  0.9 0  7.0  68    0    0 286 -388  2
3823500 2818500  9 12 23  12.0 1018  28  0.7 0  6.8  75    0    0 280 -384  2
3823500 2818500  9 12 24  11.7 1018  60  0.9 0  6.7  78    0    0 276 -380  2
3823500 2818500  9 13  1  11.2 1018  33  0.8 0  6.7  80    0    0 274 -377  2
3823500 2818500  9 13  2  11.2 1018  28  0.8 0  6.7  82    0    0 273 -375  2
3823500 2818500  9 13  3  11.1 1018  64  0.6 0  6.9  83    0    0 272 -373  2
3823500 2818500  9 13  4  10.8 1017  54  0.1 0  6.9  85    0    0 270 -372  2
3823500 2818500  9 13  5  10.4 1018  45  0.0 0  6.8  86    0    0 268 -370  2
3823500 2818500  9 13  6  10.2 1018  21  0.0 0  6.9  89    0    0 267 -369  2
3823500 2818500  9 13  7  10.6 1017  30  0.3 1  7.1  90    7   29 271 -368  2
3823500 2818500  9 13  8  13.1 1017  63  0.3 1  8.0  93   73   90 279 -370  2
3823500 2818500  9 13  9  15.9 1017  63  1.0 1  8.9  86  180  128 287 -379  2
3823500 2818500  9 13 10  17.7 1018  66  2.5 1  8.8  74  308  138 295 -394  2
3823500 2818500  9 13 11  18.8 1018  64  3.6 1  8.7  67  355  175 301 -410  2
3823500 2818500  9 13 12  19.2 1017  55  3.1 1  8.7  63  388  192 306 -425  2
3823500 2818500  9 13 13  19.8 1017  57  2.6 2  8.6  61  484  149 310 -437  2
3823500 2818500  9 13 14  20.4 1017  55  2.5 3  8.3  57  497  121 317 -444  2
3823500 2818500  9 13 15  20.9 1016  59  2.6 2  8.1  54  442  106 322 -446  2
3823500 2818500  9 13 16  20.8 1016  53  3.1 2  8.2  53  325  105 323 -443  2
3823500 2818500  9 13 17  20.9 1015  50  2.4 3  8.3  54  208   84 326 -436  2
3823500 2818500  9 13 18  20.2 1015  41  1.4 2  8.6  57   95   55 326 -426  2
3823500 2818500  9 13 19  18.6 1015   7  0.4 2  8.7  62   13   18 320 -415  2
3823500 2818500  9 13 20  16.3 1015 356  0.0 2  8.7  70    0    0 313 -403  2
3823500 2818500  9 13 21  14.9 1015 351  0.1 1  8.8  79    0    0 304 -396  2
3823500 2818500  9 13 22  14.1 1015  35  0.3 1  8.6  84    0    0 298 -391  2
3823500 2818500  9 13 23  13.4 1016 357  0.1 1  8.4  85    0    0 296 -387  2
3823500 2818500  9 13 24  12.1 1015 305  0.3 1  8.1  88    0    0 292 -383  2
3823500 2818500  9 14  1  11.7 1015 316  0.6 1  8.1  93    0    0 289 -379  2
3823500 2818500  9 14  2  12.3 1015 293  0.8 2  8.4  96    0    0 294 -377  2
3823500 2818500  9 14  3  12.3 1015 288  1.1 5  8.7  97    0    0 310 -375  2
3823500 2818500  9 14  4  13.0 1015 301  1.0 6  9.0  98    0    0 326 -374  2
3823500 2818500  9 14  5  13.3 1014 299  0.8 4  9.1  97    0    0 327 -374  2
3823500 2818500  9 14  6  13.4 1014 255  1.3 5  9.2  96    0    0 327 -376  2
3823500 2818500  9 14  7  13.5 1014 266  1.7 6  9.2  96    0   13 336 -381  2
3823500 2818500  9 14  8  13.9 1014 290  1.6 7  9.5  96    1   70 346 -386  2
3823500 2818500  9 14  9  15.0 1014 287  2.0 6  9.7  94   20  156 350 -390  2
3823500 2818500  9 14 10  16.3 1014 298  3.1 6  9.6  86   30  214 352 -394  2
3823500 2818500  9 14 11  16.4 1014 293  2.4 7  9.7  83    1  176 359 -399  2
3823500 2818500  9 14 12  17.1 1013 281  2.9 7  9.9  83    0  167 366 -405  2
3823500 2818500  9 14 13  17.3 1013 289  3.6 7 10.1  82    0  177 368 -411  2
3823500 2818500  9 14 14  16.9 1012 288  2.8 7 10.4  85    0  146 368 -421  2
3823500 2818500  9 14 15  18.4 1012 302  3.9 4 10.5  83   72  223 359 -432  2
3823500 2818500  9 14 16  18.5 1011 296  3.5 3  9.9  74   53  182 345 -437  2
3823500 2818500  9 14 17  18.9 1011 302  3.6 4  9.5  70  129  120 345 -436  2
3823500 2818500  9 14 18  17.8 1010 346  3.1 3  9.7  73   63   64 344 -430  2
3823500 2818500  9 14 19  17.2 1010 314  2.8 5  9.8  78    9   16 344 -421  2
3823500 2818500  9 14 20  16.5 1010 324  2.1 5  9.9  82    0    0 349 -411  2
3823500 2818500  9 14 21  15.6 1011 326  2.2 3  9.8  85    0    0 336 -403  2
3823500 2818500  9 14 22  14.5 1011 316  1.2 3  9.5  88    0    0 323 -396  2
3823500 2818500  9 14 23  13.8 1011 309  0.7 4  9.1  90    0    0 324 -391  2
3823500 2818500  9 14 24  13.3 1011 321  0.6 4  8.9  92    0    0 324 -387  2
3823500 2818500  9 15  1  12.5 1011 351  0.8 4  8.6  92    0    0 319 -384  2
3823500 2818500  9 15  2  12.1 1011 343  1.0 2  8.2  92    0    0 308 -382  2
3823500 2818500  9 15  3  11.5 1011 340  0.3 2  7.9  92    0    0 297 -378  2
3823500 2818500  9 15  4  10.4 1011 356  0.8 3  7.6  93    0    0 299 -373  2
3823500 2818500  9 15  5  10.8 1012   5  0.4 3  7.4  92    0    0 302 -369  2
3823500 2818500  9 15  6  10.5 1012 326  0.6 4  7.3  91    0    0 306 -366  2
3823500 2818500  9 15  7   9.9 1012 334  0.1 2  7.2  93    4   26 300 -363  2
3823500 2818500  9 15  8  12.1 1013 352  0.2 1  7.5  91   81   85 287 -364  2
3823500 2818500  9 15  9  14.8 1013 354  0.8 1  7.9  82  216  109 289 -372  2
3823500 2818500  9 15 10  16.3 1014 339  1.1 3  8.0  72  340  123 305 -387  2
3823500 2818500  9 15 11  17.9 1014   7  2.0 4  7.5  62  363  175 323 -402  2
3823500 2818500  9 15 12  18.2 1013  23  1.6 5  7.2  56  289  244 333 -415  2
3823500 2818500  9 15 13  18.7 1013 350  2.3 5  7.1  54  202  278 334 -424  2
3823500 2818500  9 15 14  18.8 1013 344  2.5 7  6.7  50   28  235 335 -429  2
3823500 2818500  9 15 15  18.3 1013 347  3.1 6  6.6  50   22  203 335 -429  2
3823500 2818500  9 15 16  18.5 1013 357  3.0 5  6.8  52   71  182 330 -425  2
3823500 2818500  9 15 17  18.1 1013 333  2.6 3  7.2  55  123  118 322 -419  2
3823500 2818500  9 15 18  16.7 1012 355  1.9 4  7.4  59   50   63 317 -410  2
3823500 2818500  9 15 19  14.8 1013 351  0.8 2  7.3  66    1   11 307 -399  2
3823500 2818500  9 15 20  13.2 1013 337  0.5 1  7.3  73    0    0 287 -390  2
3823500 2818500  9 15 21  12.0 1013 337  0.1 1  7.2  79    0    0 277 -382  2
3823500 2818500  9 15 22  11.1 1013 350  0.5 2  7.0  83    0    0 273 -376  2
3823500 2818500  9 15 23   9.9 1013 350  0.1 2  6.8  86    0    0 272 -370  2
3823500 2818500  9 15 24   8.9 1013 233  0.2 0  6.5  89    0    0 261 -365  2
3823500 2818500  9 16  1   7.8 1013 215  0.1 1  6.1  89    0    0 253 -362  2
3823500 2818500  9 16  2   7.2 1013 220  0.6 1  5.8  89    0    0 252 -359  2
3823500 2818500  9 16  3   6.5 1012 236  0.5 1  5.6  90    0    0 249 -357  2
3823500 2818500  9 16  4   6.2 1012 292  0.2 1  5.5  92    0    0 247 -356  2
3823500 2818500  9 16  5   5.7 1012 220  0.6 1  5.4  93    0    0 248 -355  2
3823500 2818500  9 16  6   5.7 1012 212  0.5 3  5.3  94    0    0 255 -356  2
3823500 2818500  9 16  7   6.0 1011 193  0.6 5  5.4  93    1   24 270 -359  2
3823500 2818500  9 16  8   8.9 1012 207  0.3 5  6.1  94   59   95 284 -363  2
3823500 2818500  9 16  9  11.8 1011 203  0.6 6  7.4  94   72  166 299 -372  2
3823500 2818500  9 16 10  13.9 1011 278  0.9 7  8.2  88   66  223 313 -386  2
3823500 2818500  9 16 11  15.5 1011 273  1.5 7  8.5  81   75  263 325 -400  2
3823500 2818500  9 16 12  16.7 1011 281  1.5 7  8.8  77   86  287 335 -412  2
3823500 2818500  9 16 13  18.3 1011 272  1.0 5  8.4  67  213  285 339 -423  2
3823500 2818500  9 16 14  17.7 1010 289  1.4 5  7.6  59   73  259 337 -429  2
3823500 2818500  9 16 15  17.3 1010 307  1.9 5  7.5  60   14  197 336 -431  2
3823500 2818500  9 16 16  17.1 1009 310  1.8 6  7.8  63   23  169 340 -430  2
3823500 2818500  9 16 17  16.6 1009 320  1.6 7  8.0  67   10  114 345 -426  2
3823500 2818500  9 16 18  16.0 1009 294  1.5 6  8.2  70   23   63 343 -419  2
3823500 2818500  9 16 19  15.4 1009 288  0.1 7  8.2  73    1   12 340 -411  2
3823500 2818500  9 16 20  14.4 1009 278  0.9 7  8.2  77    0    0 339 -402  2
3823500 2818500  9 16 21  13.6 1009 268  1.1 7  8.2  82    0    0 335 -395  2
3823500 2818500  9 16 22  12.4 1009 296  1.1 5  8.0  85    0    0 324 -390  2
3823500 2818500  9 16 23  11.5 1009 299  1.3 5  7.6  87    0    0 312 -385  2
3823500 2818500  9 16 24  11.2 1009 287  1.2 6  7.5  89    0    0 313 -381  2
3823500 2818500  9 17  1  11.4 1009 274  0.8 6  7.6  90    0    0 316 -378  2
3823500 2818500  9 17  2  11.5 1009 266  1.1 7  7.6  90    0    0 320 -376  2
3823500 2818500  9 17  3  11.8 1008 272  0.6 8  7.7  90    0    0 331 -376  2
3823500 2818500  9 17  4  11.8 1008 261  0.9 7  7.8  90    0    0 335 -378  2
3823500 2818500  9 17  5  11.6 1008 257  0.5 6  7.8  90    0    0 329 -380  2
3823500 2818500  9 17  6  11.9 1008 258  0.9 6  7.8  90    0    0 326 -381  2
3823500 2818500  9 17  7  12.2 1008 250  1.2 8  7.9  90    0   12 339 -382  2
3823500 2818500  9 17  8  12.9 1008 252  1.3 7  8.1  88    4   75 345 -383  2
3823500 2818500  9 17  9  13.9 1009 253  1.6 7  8.3  86    8  132 343 -385  2
3823500 2818500  9 17 10  15.1 1009 262  1.8 7  8.6  83   19  195 348 -388  2
3823500 2818500  9 17 11  16.6 1009 275  2.2 6  8.9  79   36  232 349 -394  2
3823500 2818500  9 17 12  18.2 1009 280  2.3 5  9.1  73   85  264 347 -403  2
3823500 2818500  9 17 13  18.2 1009 288  2.8 6  9.0  68   32  243 352 -413  2
3823500 2818500  9 17 14  17.9 1009 277  1.0 6  8.7  67   40  229 357 -415  2
3823500 2818500  9 17 15  18.2 1009 282  2.9 7  8.6  66    1  145 363 -415  2
3823500 2818500  9 17 16  17.6 1008 263  1.4 6  8.6  67   10  143 363 -415  2
3823500 2818500  9 17 17  16.7 1008 291  1.6 5  8.6  70   38  113 351 -411  2
3823500 2818500  9 17 18  16.3 1008 295  1.1 8  8.8  75   23   55 358 -407  2
3823500 2818500  9 17 19  15.6 1008 300  1.0 7  8.8  78    2   10 365 -403  2
3823500 2818500  9 17 20  14.1 1008 279  1.1 6  8.7  82    0    0 351 -400  2
3823500 2818500  9 17 21  12.7 1008 277  0.5 4  8.2  85    0    0 332 -398  2
3823500 2818500  9 17 22  11.2 1008 288  0.5 2  7.7  88    0    0 309 -396  2
3823500 2818500  9 17 23  10.1 1008 279  0.6 2  7.3  91    0    0 295 -394  2
3823500 2818500  9 17 24   9.6 1008 271  0.7 3  7.1  92    0    0 296 -392  2
3823500 2818500  9 18  1   9.7 1008 262  0.4 3  7.0  93    0    0 300 -389  2
3823500 2818500  9 18  2   9.4 1008 258  0.2 4  7.0  94    0    0 302 -386  2
3823500 2818500  9 18  3  10.4 1008 243  0.6 6  7.3  96    0    0 317 -382  2
3823500 2818500  9 18  4  10.8 1008 253  0.5 7  7.7  96    0    0 332 -382  2
3823500 2818500  9 18  5  11.0 1008 245  0.4 7  7.8  95    0    0 337 -383  2
3823500 2818500  9 18  6  11.1 1008 277  0.4 7  7.9  95    0    0 337 -384  2
3823500 2818500  9 18  7  11.6 1008 244  0.9 8  8.0  94    0   10 344 -384  2
3823500 2818500  9 18  8  12.2 1008 286  1.2 7  8.2  93    0   63 343 -385  2
3823500 2818500  9 18  9  13.4 1008 299  1.2 7  8.4  90    1  117 341 -390  2
3823500 2818500  9 18 10  14.5 1008 310  1.8 6  8.4  84    6  188 338 -400  2
3823500 2818500  9 18 11  15.4 1009 307  1.7 7  8.2  76    3  193 339 -412  2
3823500 2818500  9 18 12  15.5 1009 287  1.4 7  8.0  73    2  195 342 -423  2
3823500 2818500  9 18 13  16.1 1009 279  1.2 6  7.9  70    1  183 338 -433  2
3823500 2818500  9 18 14  16.2 1008 305  1.3 7  7.8  68    0  127 338 -439  2
3823500 2818500  9 18 15  16.3 1008 285  1.9 8  7.9  68    0   84 342 -440  2
3823500 2818500  9 18 16  16.2 1008 272  1.4 7  8.0  69    0   70 336 -439  2
3823500 2818500  9 18 17  15.7 1008 302  1.0 7  8.1  71    0   76 328 -433  2
3823500 2818500  9 18 18  15.2 1008 287  0.1 6  8.2  74    1   45 319 -423  2
3823500 2818500  9 18 19  14.4 1008 284  0.2 7  8.2  78    1   11 314 -411  2
3823500 2818500  9 18 20  13.9 1008 271  0.1 7  8.1  80    0    0 313 -401  2
3823500 2818500  9 18 21  12.7 1008 328  0.1 7  8.0  84    0    0 309 -394  2
3823500 2818500  9 18 22  12.6 1008 203  0.0 8  8.0  87    0    0 308 -389  2
3823500 2818500  9 18 23  12.3 1008 240  0.1 8  8.0  88    0    0 308 -384  2
3823500 2818500  9 18 24  12.1 1008  38  0.1 6  8.0  90    0    0 306 -380  2
3823500 2818500  9 19  1  12.0 1008   9  0.0 7  8.1  92    0    0 306 -376  2
3823500 2818500  9 19  2  12.2 1008  88  0.0 7  8.2  92    0    0 307 -373  2
3823500 2818500  9 19  3  12.0 1007 132  0.2 7  8.2  93    0    0 308 -371  2
3823500 2818500  9 19  4  12.0 1007 104  0.3 7  8.3  94    0    0 308 -369  2
3823500 2818500  9 19  5  11.9 1007  48  0.6 7  8.2  94    0    0 307 -367  2
3823500 2818500  9 19  6  11.9 1007  77  0.4 8  8.2  94    0    0 307 -365  2
3823500 2818500  9 19  7  12.0 1007  32  0.5 7  8.3  94    0    8 305 -364  2
3823500 2818500  9 19  8  12.7 1007  59  0.7 6  8.4  93    3   82 304 -367  2
3823500 2818500  9 19  9  13.8 1007  68  1.0 5  8.6  89   13  163 305 -376  2
3823500 2818500  9 19 10  14.7 1008  85  0.9 7  8.5  83    1  165 308 -390  2
3823500 2818500  9 19 11  15.4 1008  54  1.3 7  8.2  77    0  172 310 -406  2
3823500 2818500  9 19 12  15.9 1008  54  1.2 7  7.9  71    9  240 314 -421  2
3823500 2818500  9 19 13  16.8 1008  54  1.7 6  7.7  66   12  249 319 -432  2
3823500 2818500  9 19 14  16.7 1008  66  1.3 6  7.3  61    3  200 321 -440  2
3823500 2818500  9 19 15  17.0 1008  56  1.7 6  7.1  59    2  166 323 -442  2
3823500 2818500  9 19 16  16.8 1008  72  1.1 6  7.2  60    1  124 324 -438  2
3823500 2818500  9 19 17  16.1 1008  28  0.7 8  7.6  64    0   84 327 -430  2
3823500 2818500  9 19 18  15.8 1008  23  0.7 7  8.0  70    1   49 329 -419  2
3823500 2818500  9 19 19  14.7 1008  44  0.7 7  8.0  73    0   11 325 -407  2
3823500 2818500  9 19 20  14.0 1008   3  0.3 7  7.9  77    0    0 323 -397  2
3823500 2818500  9 19 21  13.6 1008  14  0.2 7  8.1  81    0    0 323 -391  2
3823500 2818500  9 19 22  13.4 1008 335  0.2 7  8.2  84    0    0 323 -387  2
3823500 2818500  9 19 23  13.3 1009   7  0.4 7  8.2  85    0    0 325 -383  2
3823500 2818500  9 19 24  12.7 1009 330  0.2 7  8.2  87    0    0 325 -379  2
3823500 2818500  9 20  1  12.9 1009 323  0.7 8  8.2  88    0    0 332 -376  2
3823500 2818500  9 20  2  12.5 1009 338  0.7 7  8.2  89    0    0 333 -374  2
3823500 2818500  9 20  3  12.4 1009 321  0.8 7  8.2  90    0    0 326 -372  2
3823500 2818500  9 20  4  12.5 1009 336  1.1 7  8.2  91    0    0 327 -370  2
3823500 2818500  9 20  5  12.3 1009 332  0.8 7  8.2  91    0    0 327 -369  2
3823500 2818500  9 20  6  12.4 1009 321  0.6 7  8.2  91    0    0 327 -368  2
3823500 2818500  9 20  7  12.3 1009 308  1.0 7  8.2  91    0    3 328 -367  2
3823500 2818500  9 20  8  12.8 1009 297  0.4 8  8.3  91    1   65 336 -371  2
3823500 2818500  9 20  9  14.4 1010 310  0.8 6  8.4  86   23  153 331 -380  2
3823500 2818500  9 20 10  15.5 1010 320  1.3 7  8.3  78   46  218 330 -394  2
3823500 2818500  9 20 11  17.3 1010 339  1.4 6  8.0  68  116  265 336 -410  2
3823500 2818500  9 20 12  17.6 1010 326  2.0 6  7.6  61  125  291 334 -425  2
3823500 2818500  9 20 13  17.6 1010 332  1.5 6  7.4  59   14  230 339 -436  2
3823500 2818500  9 20 14  17.3 1010 316  2.6 5  7.4  60   29  233 336 -443  2
3823500 2818500  9 20 15  16.7 1010 323  3.4 5  7.2  60   41  211 333 -444  2
3823500 2818500  9 20 16  16.1 1010 290  3.0 6  7.1  61    2  126 340 -438  2
3823500 2818500  9 20 17  15.2 1010 281  2.0 6  7.3  65    5  100 345 -430  2
3823500 2818500  9 20 18  14.5 1010 263  1.7 7  7.3  69    4   47 348 -420  2
3823500 2818500  9 20 19  13.6 1010 246  1.2 7  7.3  73    0    6 350 -411  2
3823500 2818500  9 20 20  13.2 1010 331  0.9 7  7.4  77    0    0 346 -404  2
3823500 2818500  9 20 21  13.2 1011 290  0.4 7  7.6  80    0    0 342 -401  2
3823500 2818500  9 20 22  12.7 1011 294  0.8 7  7.8  83    0    0 341 -399  2
3823500 2818500  9 20 23  12.9 1011 272  1.1 7  7.8  84    0    0 340 -397  2
3823500 2818500  9 20 24  12.6 1011 291  0.8 7  7.9  86    0    0 338 -394  2
3823500 2818500  9 21  1  12.4 1011 284  0.6 8  8.1  89    0    0 340 -389  2
3823500 2818500  9 21  2  12.4 1011 252  0.3 7  8.1  89    0    0 338 -384  2
3823500 2818500  9 21  3  12.1 1011 246  0.5 6  8.0  90    0    0 325 -384  2
3823500 2818500  9 21  4  12.0 1010 259  0.8 7  8.0  90    0    0 324 -385  2
3823500 2818500  9 21  5  11.3 1010 286  0.3 7  7.8  90    0    0 328 -386  2
3823500 2818500  9 21  6  11.0 1010 270  0.3 7  7.6  91    0    0 326 -386  2
3823500 2818500  9 21  7  11.1 1010 267  0.4 7  7.6  92    0    7 326 -385  2
3823500 2818500  9 21  8  11.6 1010 244  0.6 7  7.8  92    0   25 326 -385  2
3823500 2818500  9 21  9  12.6 1010 261  0.8 7  8.1  92    0   59 328 -389  2
3823500 2818500  9 21 10  13.9 1010 267  1.0 7  8.2  86    0  150 332 -397  2
3823500 2818500  9 21 11  14.8 1009 291  2.2 6  8.0  78   16  232 330 -408  2
3823500 2818500  9 21 12  15.2 1009 305  1.7 6  7.8  72   34  273 327 -413  2
3823500 2818500  9 21 13  15.3 1009 313  1.3 6  7.7  71   71  302 329 -413  2
3823500 2818500  9 21 14  16.1 1008 268  1.7 7  7.7  69   31  247 335 -419  2
3823500 2818500  9 21 15  15.9 1007 312  2.4 6  7.5  66   26  212 336 -419  2
3823500 2818500  9 21 16  15.4 1007 290  1.3 8  7.5  68    0   99 339 -411  2
3823500 2818500  9 21 17  15.2 1006 307  0.9 6  7.8  71    5  102 338 -405  2
3823500 2818500  9 21 18  14.4 1006 284  0.4 7  7.9  74   21   59 332 -400  2
3823500 2818500  9 21 19  13.6 1006 274  0.1 7  7.7  77    0   10 334 -395  2
3823500 2818500  9 21 20  13.0 1006 258  0.6 7  7.7  80    0    0 331 -390  2
3823500 2818500  9 21 21  12.3 1006 273  0.6 7  7.7  84    0    0 328 -386  2
3823500 2818500  9 21 22  12.0 1005 281  0.9 7  7.7  86    0    0 327 -382  2
3823500 2818500  9 21 23  11.6 1005 258  0.7 7  7.7  88    0    0 326 -379  2
3823500 2818500  9 21 24  11.2 1005 258  0.5 6  7.5  89    0    0 322 -376  2
3823500 2818500  9 22  1  10.8 1004 230  1.6 6  7.4  90    0    0 316 -373  2
3823500 2818500  9 22  2  10.7 1004 248  1.5 6  7.5  92    0    0 316 -369  2
3823500 2818500  9 22  3  11.3 1004 242  2.1 6  7.7  93    0    0 317 -366  2
3823500 2818500  9 22  4  11.3 1003 249  2.9 7  7.8  92    0    0 322 -366  2
3823500 2818500  9 22  5  11.8 1002 229  3.2 7  7.9  92    0    0 327 -367  2
3823500 2818500  9 22  6  11.7 1002 274  3.7 7  8.1  93    0    0 327 -367  2
3823500 2818500  9 22  7  11.7 1001 298  3.2 8  8.1  94    0   12 330 -367  2
3823500 2818500  9 22  8  12.0 1001  52  3.2 4  8.1  92   39   78 315 -369  2
3823500 2818500  9 22  9  12.9 1001 121  3.7 3  8.2  90  163  111 291 -371  2
3823500 2818500  9 22 10  14.3 1001 169  3.7 3  8.2  83  249  148 289 -375  2
3823500 2818500  9 22 11  14.9 1001  15  3.1 6  7.8  74   72  248 305 -380  2
3823500 2818500  9 22 12  14.0 1000 317  3.7 6  7.4  71   20  239 319 -389  2
3823500 2818500  9 22 13  12.5 1000 222  1.5 7  7.2  75    6  205 319 -401  2
3823500 2818500  9 22 14  13.6 1000 300  2.1 7  7.3  77   21  222 323 -409  2
3823500 2818500  9 22 15  14.2 1000 351  3.3 5  7.1  71  179  207 316 -402  2
3823500 2818500  9 22 16  11.7  999 339  3.8 6  6.8  72   24  157 309 -389  2
3823500 2818500  9 22 17  11.8  999  84  3.2 6  6.8  78    8   99 310 -384  2
3823500 2818500  9 22 18  12.0  999 292  2.0 3  6.8  77    3   40 298 -380  2
3823500 2818500  9 22 19  10.7  999 278  2.1 5  6.7  79    1    9 292 -372  2
3823500 2818500  9 22 20   9.3  999 318  0.2 3  6.5  84    0    0 287 -366  2
3823500 2818500  9 22 21   8.4 1000 335  0.1 2  6.2  87    0    0 271 -364  2
3823500 2818500  9 22 22   8.5 1000 322  0.1 3  6.0  86    0    0 271 -361  2
3823500 2818500  9 22 23   8.4 1001 355  0.1 2  6.0  86    0    0 273 -358  2
3823500 2818500  9 22 24   8.7 1002 353  1.6 2  6.1  87    0    0 270 -357  2
3823500 2818500  9 23  1   9.6 1002   8  1.2 5  6.5  88    0    0 286 -357  2
3823500 2818500  9 23  2  10.4 1003   7  0.8 8  6.9  89    0    0 320 -354  2
3823500 2818500  9 23  3  11.1 1003  13  1.5 7  7.2  89    0    0 335 -352  2
3823500 2818500  9 23  4  11.0 1003  28  2.4 7  7.4  89    0    0 333 -352  2
3823500 2818500  9 23  5  10.6 1004  16  3.8 7  7.2  88    0    0 331 -351  2
3823500 2818500  9 23  6  10.1 1005  22  4.3 5  6.7  84    0    0 320 -350  2
3823500 2818500  9 23  7   9.7 1005  26  3.6 4  6.3  82    0   13 303 -349  2
3823500 2818500  9 23  8  11.1 1006  31  4.1 2  6.3  80   73   54 289 -350  2
3823500 2818500  9 23  9  11.8 1007  31  5.0 2  6.2  73  208   65 282 -357  2
3823500 2818500  9 23 10  13.1 1008  35  6.1 2  5.9  65  336   76 285 -366  2
3823500 2818500  9 23 11  13.8 1008  38  5.9 2  5.6  58  421   88 288 -376  2
3823500 2818500  9 23 12  13.8 1008  39  5.3 3  5.6  57  238  205 294 -386  2
3823500 2818500  9 23 13  14.1 1009  36  5.5 3  5.6  56  204  224 299 -393  2
3823500 2818500  9 23 14  14.0 1009  25  5.0 3  5.5  55  136  222 299 -397  2
3823500 2818500  9 23 15  14.6 1009  36  4.7 3  5.5  54  211  162 299 -397  2
3823500 2818500  9 23 16  13.3 1009  18  4.2 4  5.4  54  157  126 301 -394  2
3823500 2818500  9 23 17  13.0 1009  27  4.4 5  5.5  58   84   85 306 -386  2
3823500 2818500  9 23 18  12.3 1009  37  2.6 4  5.7  62    6   41 304 -377  2
3823500 2818500  9 23 19   9.9 1010  28  2.4 4  5.8  70    1    7 293 -368  2
3823500 2818500  9 23 20   9.4 1010  30  2.2 2  5.7  75    0    0 277 -360  2
3823500 2818500  9 23 21   8.5 1011  30  2.0 2  5.6  79    0    0 260 -355  2
3823500 2818500  9 23 22   7.9 1012  83  1.9 1  5.5  81    0    0 253 -350  2
3823500 2818500  9 23 23   8.5 1012 128  1.6 2  5.8  82    0    0 250 -346  2
3823500 2818500  9 23 24   9.4 1012 182  1.3 3  6.3  83    0    0 249 -342  2
3823500 2818500  9 24  1  10.7 1015 208  0.9 5  7.0  84    0    0 332 -372  2
3823500 2818500  9 24  2  11.8 1015 224  0.6 6  7.5  86    0    0 329 -367  2
3823500 2818500  9 24  3  12.7 1015 196  0.3 7  8.0  87    0    0 325 -364  2
3823500 2818500  9 24  4  12.5 1014 205  0.2 7  8.0  88    0    0 328 -362  2
3823500 2818500  9 24  5  12.3 1014 223  0.2 7  8.0  88    0    0 330 -361  2
3823500 2818500  9 24  6  12.1 1014 268  0.2 7  8.1  89    0    0 327 -359  2
3823500 2818500  9 24  7  10.6 1014 273  0.3 7  7.9  94    0    9 324 -358  2
3823500 2818500  9 24  8  12.4 1014 306  0.2 5  8.1  96   24   79 316 -361  2
3823500 2818500  9 24  9  15.0 1015 299  0.7 2  8.3  85  169  105 302 -369  2
3823500 2818500  9 24 10  16.1 1015 299  2.2 1  8.0  72  267  133 290 -385  2
3823500 2818500  9 24 11  17.3 1015 297  2.3 1  7.5  63  378  136 290 -401  2
3823500 2818500  9 24 12  18.0 1015 281  2.6 1  7.1  57  427  144 294 -416  2
3823500 2818500  9 24 13  18.7 1015 315  3.1 2  7.0  53  240  247 301 -427  2
3823500 2818500  9 24 14  18.0 1015 298  2.7 4  7.0  53   65  252 314 -433  2
3823500 2818500  9 24 15  18.3 1014 315  3.2 6  6.9  53   15  187 330 -433  2
3823500 2818500  9 24 16  17.8 1014 308  2.9 4  6.8  53  113  165 330 -428  2
3823500 2818500  9 24 17  17.3 1014 319  2.5 5  6.9  55  103   96 322 -423  2
3823500 2818500  9 24 18  16.4 1014 327  0.4 6  7.0  58   11   38 329 -415  2
3823500 2818500  9 24 19  15.5 1014 311  0.9 6  7.1  63    0    0 331 -405  2
3823500 2818500  9 24 20  14.6 1015 300  1.4 6  7.2  68    0    0 326 -396  2
3823500 2818500  9 24 21  12.6 1015 284  1.0 4  7.2  74    0    0 312 -389  2
3823500 2818500  9 24 22  10.9 1016 293  0.5 2  7.1  82    0    0 291 -383  2
3823500 2818500  9 24 23   8.7 1016 266  0.4 1  6.8  91    0    0 276 -379  2
3823500 2818500  9 24 24   8.7 1017 232  0.7 1  6.6  94    0    0 270 -375  2
3823500 2818500  9 25  1   7.4 1017 207  0.6 1  6.4  96    0    0 269 -371  2
3823500 2818500  9 25  2   6.8 1017 215  0.4 0  6.1  97    0    0 263 -367  2
3823500 2818500  9 25  3   6.1 1017 221  0.5 1  5.8  97    0    0 259 -364  2
3823500 2818500  9 25  4   5.7 1017 188  0.3 1  5.7  99    0    0 258 -362  2
3823500 2818500  9 25  5   5.4 1017 193  0.5 1  5.6  99    0    0 256 -360  2
3823500 2818500  9 25  6   5.4 1017 219  0.6 3  5.5  99    0    0 263 -358  2
3823500 2818500  9 25  7   5.9 1017 175  0.6 4  5.6  99    1   19 273 -356  2
3823500 2818500  9 25  8   8.1 1017 194  0.6 2  6.1  99   36   93 275 -358  2
3823500 2818500  9 25  9  11.2 1018 199  1.0 2  7.2  97   99  172 278 -367  2
3823500 2818500  9 25 10  13.7 1018 203  1.1 4  7.8  87   36  222 296 -385  2
3823500 2818500  9 25 11  14.4 1019 236  1.5 6  7.9  80    3  181 317 -405  2
3823500 2818500  9 25 12  14.6 1019 237  2.0 7  8.0  78    0  141 330 -424  2
3823500 2818500  9 25 13  15.4 1019 253  1.4 7  8.0  76    0  144 338 -438  2
3823500 2818500  9 25 14  16.4 1018  12  1.0 6  7.9  70   18  244 339 -447  2
3823500 2818500  9 25 15  16.9 1018 356  1.3 6  7.6  65   76  269 339 -449  2
3823500 2818500  9 25 16  17.0 1017  31  1.7 6  7.4  61   78  211 341 -444  2
3823500 2818500  9 25 17  16.6 1017  91  1.0 6  7.3  62   36  129 341 -434  2
3823500 2818500  9 25 18  15.2 1017 115  0.9 7  7.6  68    8   44 342 -420  2
3823500 2818500  9 25 19  12.7 1017 170  0.7 6  7.8  79    0    0 335 -404  2
3823500 2818500  9 25 20  11.3 1017 169  0.6 5  7.6  88    0    0 321 -390  2
3823500 2818500  9 25 21  10.5 1018 215  0.7 4  7.4  91    0    0 310 -381  2
3823500 2818500  9 25 22  10.0 1018 120  0.6 4  7.2  93    0    0 304 -374  2
3823500 2818500  9 25 23   9.4 1018 115  0.3 3  7.0  93    0    0 299 -369  2
3823500 2818500  9 25 24   8.4 1018 126  0.4 3  6.7  94    0    0 292 -368  2
3823500 2818500  9 26  1   8.0 1018 103  0.0 1  6.4  95    0    0 282 -366  2
3823500 2818500  9 26  2   7.4 1018 106  0.0 0  6.2  96    0    0 272 -363  2
3823500 2818500  9 26  3   7.2 1018 113  0.0 2  6.1  96    0    0 274 -364  2
3823500 2818500  9 26  4   6.3 1018 119  0.0 1  5.9  96    0    0 276 -364  2
3823500 2818500  9 26  5   6.4 1018 304  0.1 0  5.8  97    0    0 268 -362  2
3823500 2818500  9 26  6   5.6 1018 143  0.0 1  5.6  97    0    0 267 -361  2
3823500 2818500  9 26  7   6.0 1018 131  0.3 2  5.6  97    0   15 272 -361  2
3823500 2818500  9 26  8   8.1 1018   0  0.0 1  6.1  98   44   73 276 -363  2
3823500 2818500  9 26  9  12.2 1019 114  0.2 0  7.2  94  144  117 279 -371  2
3823500 2818500  9 26 10  14.9 1019  95  0.8 0  7.9  82  261  136 287 -388  2
3823500 2818500  9 26 11  16.5 1019 135  0.8 0  7.6  69  372  138 295 -408  2
3823500 2818500  9 26 12  17.7 1019 104  1.2 1  7.3  61  404  155 303 -428  2
3823500 2818500  9 26 13  17.4 1019  14  1.2 2  7.0  57  257  240 311 -444  2
3823500 2818500  9 26 14  18.7 1018  16  1.0 3  6.9  54  216  235 318 -451  2
3823500 2818500  9 26 15  19.0 1018  20  1.0 1  6.8  51  310  143 319 -452  2
3823500 2818500  9 26 16  18.7 1018  67  1.3 1  6.7  50  257  111 314 -446  2
3823500 2818500  9 26 17  18.1 1017  62  0.6 1  6.8  52  130   91 313 -436  2
3823500 2818500  9 26 18  16.7 1017   6  0.2 0  7.2  58   26   43 308 -423  2
3823500 2818500  9 26 19  13.1 1017  10  0.1 2  7.4  70    0    0 302 -409  2
3823500 2818500  9 26 20  11.1 1018  34  0.0 1  7.3  83    0    0 297 -398  2
3823500 2818500  9 26 21  10.2 1018  13  0.0 1  7.0  87    0    0 289 -392  2
3823500 2818500  9 26 22   9.7 1018 328  0.0 0  6.7  88    0    0 283 -388  2
3823500 2818500  9 26 23   8.8 1018  27  0.0 0  6.4  88    0    0 277 -383  2
3823500 2818500  9 26 24   7.8 1018  63  0.0 0  6.1  90    0    0 274 -379  2
3823500 2818500  9 27  1   7.2 1018 349  0.2 0  5.9  92    0    0 271 -376  2
3823500 2818500  9 27  2   7.2 1018  95  0.1 0  5.8  92    0    0 269 -374  2
3823500 2818500  9 27  3   6.5 1018 109  0.7 0  5.7  93    0    0 268 -372  2
3823500 2818500  9 27  4   6.1 1018  27  0.1 0  5.6  94    0    0 266 -369  2
3823500 2818500  9 27  5   6.0 1018  52  0.0 0  5.4  94    0    0 264 -366  2
3823500 2818500  9 27  6   5.2 1017 337  0.1 1  5.3  93    0    0 266 -363  2
3823500 2818500  9 27  7   4.7 1017 126  0.2 1  5.1  95    0   14 265 -360  2
3823500 2818500  9 27  8   7.5 1018 108  0.3 1  5.5  95   36   76 270 -361  2
3823500 2818500  9 27  9  12.1 1018 212  0.3 1  6.6  88  130  126 281 -371  2
3823500 2818500  9 27 10  14.9 1018 190  0.6 1  7.6  79  228  158 294 -389  2
3823500 2818500  9 27 11  17.2 1018 296  0.9 1  7.8  69  330  163 305 -411  2
3823500 2818500  9 27 12  18.8 1018   4  1.0 1  7.5  58  372  178 311 -431  2
3823500 2818500  9 27 13  19.2 1017 348  1.3 1  7.2  53  372  185 316 -445  2
3823500 2818500  9 27 14  20.0 1017 286  1.4 1  7.2  51  364  167 319 -453  2
3823500 2818500  9 27 15  20.2 1017 270  2.0 1  7.3  50  318  145 322 -454  2
3823500 2818500  9 27 16  20.0 1016 287  2.0 1  7.3  50  229  123 323 -449  2
3823500 2818500  9 27 17  19.1 1016 314  1.9 1  7.4  53  110   97 321 -439  2
3823500 2818500  9 27 18  17.1 1016 318  1.1 2  7.7  60   19   42 320 -426  2
3823500 2818500  9 27 19  13.8 1016 300  0.6 1  7.7  71    0    0 312 -413  2
3823500 2818500  9 27 20  12.0 1016 275  0.1 1  7.6  82    0    0 301 -402  2
3823500 2818500  9 27 21  10.8 1017 220  0.1 1  7.5  90    0    0 296 -395  2
3823500 2818500  9 27 22   9.9 1017 262  0.1 1  7.2  92    0    0 291 -389  2
3823500 2818500  9 27 23   8.7 1017 192  0.1 1  6.8  94    0    0 287 -384  2
3823500 2818500  9 27 24   8.4 1017 211  0.1 1  6.6  95    0    0 285 -379  2
3823500 2818500  9 28  1   7.0 1017 230  0.0 1  6.3  97    0    0 282 -376  2
3823500 2818500  9 28  2   7.1 1017 197  0.3 1  6.0  97    0    0 279 -373  2
3823500 2818500  9 28  3   6.9 1016 199  0.4 3  6.0  97    0    0 283 -371  2
3823500 2818500  9 28  4   8.7 1016 206  0.6 4  6.5  99    0    0 292 -369  2
3823500 2818500  9 28  5   8.8 1016 184  0.7 5  7.0 100    0    0 301 -368  2
3823500 2818500  9 28  6   9.1 1016 199  1.2 8  7.1 100    0    0 309 -368  2
3823500 2818500  9 28  7   9.3 1015 202  0.8 7  7.2 100    0    3 314 -367  2
3823500 2818500  9 28  8   9.9 1015 206  1.3 6  7.4 100    0   54 313 -369  2
3823500 2818500  9 28  9  11.6 1015 228  1.0 7  8.0  99   18  128 317 -378  2
3823500 2818500  9 28 10  13.2 1015 246  1.7 7  8.7  96    6  154 324 -392  2
3823500 2818500  9 28 11  14.9 1016 239  2.3 7  9.1  90   10  190 332 -407  2
3823500 2818500  9 28 12  16.3 1015 248  2.7 6  9.2  83   63  244 341 -421  2
3823500 2818500  9 28 13  17.1 1015 247  2.8 6  9.2  78   42  240 347 -430  2
3823500 2818500  9 28 14  17.4 1015 242  2.6 7  9.2  75    6  184 351 -436  2
3823500 2818500  9 28 15  17.5 1014 241  2.7 7  9.2  74    9  169 354 -439  2
3823500 2818500  9 28 16  17.2 1013 246  2.5 7  9.2  74    0  101 354 -437  2
3823500 2818500  9 28 17  17.0 1013 259  1.7 7  9.2  75    1   66 353 -431  2
3823500 2818500  9 28 18  16.5 1012 253  1.7 6  9.2  77    1   27 352 -424  2
3823500 2818500  9 28 19  15.8 1012 263  1.9 7  9.0  78    0    0 350 -418  2
3823500 2818500  9 28 20  15.6 1012 273  2.6 7  8.8  79    0    0 349 -413  2
3823500 2818500  9 28 21  15.3 1012 269  2.5 7  8.7  79    0    0 349 -409  2
3823500 2818500  9 28 22  14.7 1012 269  2.1 7  8.6  80    0    0 348 -407  2
3823500 2818500  9 28 23  14.4 1011 246  2.0 7  8.5  82    0    0 346 -405  2
3823500 2818500  9 28 24  14.3 1011 252  2.6 7  8.5  83    0    0 348 -403  2
3823500 2818500  9 29  1  14.4 1011 247  2.4 8  8.5  83    0    0 353 -401  2
3823500 2818500  9 29  2  14.1 1010 247  2.5 8  8.6  84    0    0 358 -397  2
3823500 2818500  9 29  3  14.0 1010 255  2.4 8  8.7  87    0    0 361 -393  2
3823500 2818500  9 29  4  14.0 1010 250  2.4 8  9.0  89    0    0 364 -391  2
3823500 2818500  9 29  5  14.0 1010 246  2.6 8  9.1  91    0    0 367 -390  2
3823500 2818500  9 29  6  14.2 1010 240  2.5 7  9.2  91    0    0 364 -387  2
3823500 2818500  9 29  7  14.5 1009 248  2.4 7  9.3  90    0    9 362 -387  2
3823500 2818500  9 29  8  14.8 1009 256  2.6 7  9.3  89    5   57 364 -388  2
3823500 2818500  9 29  9  15.3 1009 250  3.0 7  9.3  87   17  108 365 -393  2
3823500 2818500  9 29 10  15.9 1010 264  3.8 7  9.2  83   14  145 367 -399  2
3823500 2818500  9 29 11  16.4 1010 265  4.8 6  9.3  80   14  172 363 -405  2
3823500 2818500  9 29 12  16.3 1010 270  4.4 6  9.3  79   22  193 359 -408  2
3823500 2818500  9 29 13  15.5 1009 277  3.0 6  9.3  82   11  186 358 -407  2
3823500 2818500  9 29 14  15.7 1009 260  3.5 7  9.4  84    0  147 362 -405  2
3823500 2818500  9 29 15  15.1 1009 261  3.6 7  9.6  87    0  105 367 -404  2
3823500 2818500  9 29 16  15.1 1009 268  3.0 6  9.8  90    5  110 360 -403  2
3823500 2818500  9 29 17  14.8 1008 257  2.3 7  9.9  92   17   75 360 -402  2
3823500 2818500  9 29 18  14.6 1009 264  2.3 8  9.9  94    5   26 369 -401  2
3823500 2818500  9 29 19  14.5 1009 263  2.4 8  9.8  94    0    0 373 -400  2
3823500 2818500  9 29 20  14.4 1009 260  2.8 8  9.8  95    0    0 373 -399  2
3823500 2818500  9 29 21  14.4 1009 286  2.6 8  9.8  95    0    0 373 -398  2
3823500 2818500  9 29 22  14.3 1009 238  2.6 8  9.8  95    0    0 373 -396  2
3823500 2818500  9 29 23  14.2 1009 254  2.7 8  9.7  95    0    0 372 -393  2
3823500 2818500  9 29 24  13.5 1010 308  2.4 8  9.5  96    0    0 371 -391  2
3823500 2818500  9 30  1  13.4 1010  22  2.1 8  9.2  95    0    0 369 -390  2
3823500 2818500  9 30  2  12.7 1010  47  2.1 8  9.0  96    0    0 368 -389  2
3823500 2818500  9 30  3  12.3 1010  53  1.3 8  8.8  97    0    0 364 -388  2
3823500 2818500  9 30  4  12.0 1010  79  1.0 8  8.6  97    0    0 362 -387  2
3823500 2818500  9 30  5  11.9 1010  93  0.6 8  8.5  97    0    0 361 -386  2
3823500 2818500  9 30  6  12.0 1010 109  0.6 7  8.5  96    0    0 355 -386  2
3823500 2818500  9 30  7  11.7 1010 157  0.4 7  8.4  97    0    7 348 -386  2
3823500 2818500  9 30  8  12.1 1010 146  0.8 6  8.5  97    3   75 342 -387  2
3823500 2818500  9 30  9  13.2 1010 176  1.0 5  8.5  93   22  169 331 -389  2
3823500 2818500  9 30 10  14.1 1010 235  2.0 5  8.3  85   47  248 328 -396  2
3823500 2818500  9 30 11  14.4 1010 171  1.8 6  8.1  80   13  232 335 -400  2
3823500 2818500  9 30 12  14.9 1009 165  1.8 7  8.3  80    1  190 347 -403  2
3823500 2818500  9 30 13  15.1 1009 190  1.7 7  8.7  81    0  106 354 -410  2
3823500 2818500  9 30 14  14.6 1008 198  1.5 8  9.3  88    0   79 359 -416  2
3823500 2818500  9 30 15  14.7 1007 209  1.5 8 10.0  95    0   62 365 -418  2
3823500 2818500  9 30 16  15.1 1007 243  1.4 8 10.4  97    0   45 365 -419  2
3823500 2818500  9 30 17  15.2 1006 232  1.9 7 10.5  97    0   67 359 -418  2
3823500 2818500  9 30 18  15.2 1006 264  1.6 8 10.4  95    0   22 358 -412  2
3823500 2818500  9 30 19  15.0 1005 244  1.9 8 10.2  94    0    0 361 -407  2
3823500 2818500  9 30 20  14.5 1005 267  1.7 8  9.9  93    0    0 358 -404  2
3823500 2818500  9 30 21  14.3 1005 262  2.1 8  9.6  93    0    0 357 -401  2
3823500 2818500  9 30 22  14.3 1005 265  2.1 8  9.5  92    0    0 357 -399  2
3823500 2818500  9 30 23  14.3 1005 253  1.5 8  9.4  91    0    0 357 -395  2
3823500 2818500  9 30 24  14.1 1005 244  1.1 7  9.3  91    0    0 353 -388  2
3823500 2818500 10  1  1  13.7 1004 231  1.5 7  9.0  91    0    0 347 -385  2
3823500 2818500 10  1  2  13.7 1004 239  2.1 8  9.0  91    0    0 352 -385  2
3823500 2818500 10  1  3  13.8 1003 233  2.3 8  9.0  91    0    0 358 -383  2
3823500 2818500 10  1  4  13.9 1003 233  2.5 8  9.1  91    0    0 358 -381  2
3823500 2818500 10  1  5  14.2 1002 241  2.4 8  9.2  91    0    0 359 -379  2
3823500 2818500 10  1  6  14.4 1002 241  2.3 8  9.4  91    0    0 360 -377  2
3823500 2818500 10  1  7  14.0 1002 256  2.5 7  9.4  91    0    4 354 -373  2
3823500 2818500 10  1  8  12.7 1002 310  1.5 7  8.8  90    0   37 345 -367  2
3823500 2818500 10  1  9  12.9 1003 288  1.6 8  8.3  88    0   46 346 -369  2
3823500 2818500 10  1 10  14.0 1003 307  2.2 7  8.3  85   64  158 345 -380  2
3823500 2818500 10  1 11  14.3 1003 280  2.7 6  8.1  80   64  193 335 -392  2
3823500 2818500 10  1 12  14.7 1004 287  2.9 7  7.5  72    0  128 334 -402  2
3823500 2818500 10  1 13  13.8 1004 295  2.7 7  7.0  68    0   67 334 -412  2
3823500 2818500 10  1 14  14.0 1004 309  3.0 7  6.6  66    0   86 329 -417  2
3823500 2818500 10  1 15  14.0 1005 283  3.5 5  6.2  62  119  160 319 -417  2
3823500 2818500 10  1 16  13.9 1005 293  3.1 4  6.0  60  227   52 306 -413  2
3823500 2818500 10  1 17  13.2 1005 328  2.5 6  5.8  59  126   44 303 -406  2
3823500 2818500 10  1 18  12.0 1006 314  0.5 6  5.6  62   16   15 302 -395  2
3823500 2818500 10  1 19  10.1 1006 306  1.3 4  5.5  66    0    0 290 -384  2
3823500 2818500 10  1 20   9.2 1007 281  0.3 4  5.4  72    0    0 277 -376  2
3823500 2818500 10  1 21   8.5 1007 253  0.7 3  5.4  75    0    0 270 -370  2
3823500 2818500 10  1 22   7.6 1008 243  1.1 4  5.4  80    0    0 267 -365  2
3823500 2818500 10  1 23   8.1 1008 253  0.6 5  5.5  83    0    0 275 -362  2
3823500 2818500 10  1 24   7.9 1008 230  0.5 4  5.6  83    0    0 276 -361  2
3823500 2818500 10  2  1   8.2 1008 241  0.7 5  5.6  84    0    0 276 -362  2
3823500 2818500 10  2  2   8.7 1007 233  0.7 6  5.9  85    0    0 286 -363  2
3823500 2818500 10  2  3   8.6 1007 241  1.4 7  6.0  86    0    0 296 -364  2
3823500 2818500 10  2  4   8.2 1007 263  1.3 7  6.1  88    0    0 301 -363  2
3823500 2818500 10  2  5   8.0 1007 247  1.2 7  6.2  91    0    0 301 -363  2
3823500 2818500 10  2  6   8.3 1007 233  1.2 7  6.2  91    0    0 302 -363  2
3823500 2818500 10  2  7   8.5 1007 239  1.3 7  6.1  89    0    6 302 -363  2
3823500 2818500 10  2  8   8.8 1006 238  1.5 6  6.1  86    0   34 299 -365  2
3823500 2818500 10  2  9   9.5 1006 237  1.6 7  6.1  83    0   86 301 -368  2
3823500 2818500 10  2 10   9.5 1007 239  2.0 8  6.1  82    0   64 311 -371  2
3823500 2818500 10  2 11   9.3 1007 241  1.8 8  6.3  86    0   70 318 -376  2
3823500 2818500 10  2 12  10.1 1007 235  2.5 8  6.5  87    0   88 321 -382  2
3823500 2818500 10  2 13  10.6 1007 238  2.3 7  6.7  85    1  166 321 -389  2
3823500 2818500 10  2 14  11.6 1007 263  1.4 7  7.0  84    0  148 321 -394  2
3823500 2818500 10  2 15  12.2 1006 286  2.4 7  7.0  80    0  125 325 -393  2
3823500 2818500 10  2 16  11.5 1006 274  2.1 5  6.8  78   47  183 318 -392  2
3823500 2818500 10  2 17  10.8 1006 294  2.1 5  6.7  81   28  101 308 -390  2
3823500 2818500 10  2 18  10.4 1007 270  2.1 7  6.7  83    7   27 316 -385  2
3823500 2818500 10  2 19  10.1 1007 232  0.8 7  6.8  86    0    0 323 -380  2
3823500 2818500 10  2 20  10.0 1007 213  1.0 8  6.8  88    0    0 326 -377  2
3823500 2818500 10  2 21   9.7 1008 221  1.3 7  6.8  89    0    0 325 -375  2
3823500 2818500 10  2 22  10.2 1008 226  1.5 7  6.8  89    0    0 320 -372  2
3823500 2818500 10  2 23  10.4 1007 213  2.1 7  6.9  87    0    0 321 -368  2
3823500 2818500 10  2 24  10.4 1007 208  2.4 7  6.9  87    0    0 322 -365  2
3823500 2818500 10  3  1  10.3 1006 209  2.4 6  6.8  86    0    0 319 -364  2
3823500 2818500 10  3  2  10.4 1006 217  2.2 7  6.7  85    0    0 321 -367  2
3823500 2818500 10  3  3  10.6 1005 215  3.4 7  6.5  81    0    0 326 -370  2
3823500 2818500 10  3  4  10.8 1005 213  3.5 7  6.3  78    0    0 328 -372  2
3823500 2818500 10  3  5  10.9 1004 214  3.2 8  6.2  76    0    0 334 -373  2
3823500 2818500 10  3  6  11.1 1003 214  3.2 7  6.3  76    0    0 337 -373  2
3823500 2818500 10  3  7  10.5 1002 215  3.2 8  6.3  77    0    4 337 -372  2
3823500 2818500 10  3  8  10.4 1002 216  3.0 7  6.4  80    0   29 335 -373  2
3823500 2818500 10  3  9  11.0 1002 215  3.5 8  6.5  80    0   57 332 -377  2
3823500 2818500 10  3 10  11.8 1001 206  3.7 6  6.8  80   40  175 328 -385  2
3823500 2818500 10  3 11  13.6 1001 221  4.8 5  7.1  77  118  226 323 -393  2
3823500 2818500 10  3 12  13.8 1000 220  5.4 6  7.4  74   13  197 328 -403  2
3823500 2818500 10  3 13  13.8  999 217  4.9 6  7.5  75    0  143 331 -413  2
3823500 2818500 10  3 14  13.6  999 217  4.9 6  7.6  77    0  125 330 -420  2
3823500 2818500 10  3 15  13.7  998 220  5.0 6  7.7  78    1  125 329 -422  2
3823500 2818500 10  3 16  13.8  997 222  5.5 6  7.7  77   10  111 327 -421  2
3823500 2818500 10  3 17  13.8  996 218  6.2 6  7.5  75    5   61 327 -418  2
3823500 2818500 10  3 18  13.5  996 220  5.3 8  7.4  75    3   17 330 -413  2
3823500 2818500 10  3 19  13.5  996 224  5.4 8  7.4  75    0    0 335 -408  2
3823500 2818500 10  3 20  13.7  996 221  5.3 8  7.4  75    0    0 334 -405  2
3823500 2818500 10  3 21  14.0  995 230  5.3 8  7.4  73    0    0 337 -401  2
3823500 2818500 10  3 22  13.7  995 232  5.4 8  7.4  74    0    0 341 -396  2
3823500 2818500 10  3 23  13.9  995 234  5.1 7  7.5  74    0    0 342 -393  2
3823500 2818500 10  3 24  13.9  995 232  5.8 7  7.5  75    0    0 341 -393  2
3823500 2818500 10  4  1  13.1  994 231  5.3 7  7.7  78    0    0 341 -391  2
3823500 2818500 10  4  2  12.0  995 237  3.5 8  7.8  84    0    0 343 -388  2
3823500 2818500 10  4  3  12.1  995 244  3.0 8  7.8  88    0    0 344 -389  2
3823500 2818500 10  4  4  11.8  995 240  3.1 7  7.8  87    0    0 341 -387  2
3823500 2818500 10  4  5  11.6  995 243  3.1 7  7.5  86    0    0 335 -382  2
3823500 2818500 10  4  6  11.0  996 243  3.3 6  7.1  83    0    0 330 -377  2
3823500 2818500 10  4  7  10.7  996 246  3.1 5  6.7  81    2   10 320 -373  2
3823500 2818500 10  4  8  10.9  997 240  3.2 3  6.4  78   51   47 308 -370  2
3823500 2818500 10  4  9  12.2  998 247  4.3 1  6.4  74  189   71 292 -373  2
3823500 2818500 10  4 10  13.2  998 256  5.0 1  6.5  70  312   79 284 -380  2
3823500 2818500 10  4 11  13.8  999 262  5.0 2  6.4  65  288  142 289 -389  2
3823500 2818500 10  4 12  13.9  999 260  5.0 3  6.0  60  135  226 300 -398  2
3823500 2818500 10  4 13  13.7 1000 281  3.6 5  5.9  60   34  204 313 -406  2
3823500 2818500 10  4 14  13.7 1000 298  4.0 7  6.0  61   29  192 329 -410  2
3823500 2818500 10  4 15  14.7 1000 292  3.8 5  6.0  59  129  173 330 -408  2
3823500 2818500 10  4 16  14.1 1001 304  3.7 4  5.9  57  142  111 316 -405  2
3823500 2818500 10  4 17  13.4 1001 293  3.6 3  5.6  56  109   63 304 -400  2
3823500 2818500 10  4 18  11.8 1002 276  2.9 3  5.5  60   21   18 296 -390  2
3823500 2818500 10  4 19  10.5 1003 275  2.1 2  5.5  66    0    0 286 -379  2
3823500 2818500 10  4 20   9.0 1004 265  1.6 2  5.5  72    0    0 276 -371  2
3823500 2818500 10  4 21   8.3 1004 235  1.4 0  5.4  77    0    0 264 -365  2
3823500 2818500 10  4 22   7.4 1005 238  1.0 0  5.4  81    0    0 251 -361  2
3823500 2818500 10  4 23   7.0 1006 223  0.9 0  5.3  84    0    0 249 -357  2
3823500 2818500 10  4 24   5.7 1006 230  1.1 0  5.1  86    0    0 246 -353  2
3823500 2818500 10  5  1   5.5 1006 200  1.0 0  5.0  88    0    0 244 -349  2
3823500 2818500 10  5  2   4.7 1007 276  0.8 0  5.0  90    0    0 241 -346  2
3823500 2818500 10  5  3   3.6 1007 133  0.7 0  4.8  92    0    0 236 -341  2
3823500 2818500 10  5  4   3.5 1007 149  0.8 1  4.7  95    0    0 236 -338  2
3823500 2818500 10  5  5   5.1 1007 138  0.9 3  4.8  93    0    0 252 -338  2
3823500 2818500 10  5  6   6.1 1007 151  0.7 5  5.1  90    0    0 277 -339  2
3823500 2818500 10  5  7   6.6 1007 132  0.6 6  5.3  89    0    3 296 -342  2
3823500 2818500 10  5  8   7.3 1007 144  0.7 5  5.5  88   20   49 297 -348  2
3823500 2818500 10  5  9   8.9 1007 136  0.9 5  5.7  85  121   87 292 -355  2
3823500 2818500 10  5 10  10.1 1007 128  1.4 6  6.0  80   24  154 302 -358  2
3823500 2818500 10  5 11  11.0 1007 145  1.3 8  6.2  77    0   62 323 -361  2
3823500 2818500 10  5 12  11.7 1007 132  1.3 7  6.3  75    0   73 333 -365  2
3823500 2818500 10  5 13  12.0 1006 142  1.4 7  6.4  73    0   56 330 -366  2
3823500 2818500 10  5 14  12.2 1006 137  1.2 7  6.4  72    0   70 333 -367  2
3823500 2818500 10  5 15  12.3 1005 142  1.3 7  6.5  72    0   71 335 -368  2
3823500 2818500 10  5 16  12.1 1004 138  1.0 7  6.7  75    0   44 337 -368  2
3823500 2818500 10  5 17  11.7 1004 127  0.7 7  7.1  81    0   23 339 -369  2
3823500 2818500 10  5 18  11.3 1003 120  0.7 8  7.5  88    0    4 348 -370  2
3823500 2818500 10  5 19  10.6 1003 112  0.5 8  7.7  93    0    0 356 -369  2
3823500 2818500 10  5 20  11.0 1003  77  1.1 8  7.7  94    0    0 357 -369  2
3823500 2818500 10  5 21  11.2 1003  95  0.6 8  7.8  93    0    0 360 -370  2
3823500 2818500 10  5 22  11.4 1003 115  1.1 8  7.8  93    0    0 362 -373  2
3823500 2818500 10  5 23  11.3 1003 165  1.1 8  7.9  93    0    0 364 -375  2
3823500 2818500 10  5 24  11.7 1002 107  1.1 8  7.9  93    0    0 365 -377  2
3823500 2818500 10  6  1  11.6 1002 105  0.9 8  8.0  93    0    0 365 -379  2
3823500 2818500 10  6  2  11.4 1001  75  0.8 8  8.1  94    0    0 365 -380  2
3823500 2818500 10  6  3  11.4 1001  38  1.2 8  8.1  95    0    0 365 -378  2
3823500 2818500 10  6  4  11.2 1001  18  1.4 8  8.1  96    0    0 366 -375  2
3823500 2818500 10  6  5  11.2 1001 359  0.7 7  8.1  96    0    0 355 -375  2
3823500 2818500 10  6  6  11.0 1002 271  0.4 8  8.0  96    0    0 354 -377  2
3823500 2818500 10  6  7  11.1 1002 273  0.3 7  8.0  97    0    4 352 -380  2
3823500 2818500 10  6  8  11.3 1003 237  0.5 7  8.2  97    0   34 343 -383  2
3823500 2818500 10  6  9  11.9 1003 238  0.6 8  8.3  97    0   78 355 -387  2
3823500 2818500 10  6 10  12.5 1003 241  1.0 7  8.6  96    0   95 360 -391  2
3823500 2818500 10  6 11  13.0 1004 228  1.5 6  8.8  94    1  144 348 -397  2
3823500 2818500 10  6 12  13.5 1004 212  2.2 6  8.8  92    0  138 345 -404  2
3823500 2818500 10  6 13  13.5 1003 203  2.2 7  8.7  89    0   87 354 -413  2
3823500 2818500 10  6 14  13.8 1003 195  1.1 8  8.7  88    0  108 370 -417  2
3823500 2818500 10  6 15  14.4 1002 181  1.1 8  8.9  88    0   75 377 -416  2
3823500 2818500 10  6 16  14.5 1002 171  0.7 8  9.2  88    0   62 379 -416  2
3823500 2818500 10  6 17  14.8 1001 167  1.2 8  9.5  90    0   43 380 -418  2
3823500 2818500 10  6 18  14.7 1000 172  0.9 8  9.7  91    0    6 381 -418  2
3823500 2818500 10  6 19  14.9 1000 178  1.0 8 10.0  94    0    0 382 -415  2
3823500 2818500 10  6 20  15.6  999 200  1.9 8 10.5  95    0    0 385 -411  2
3823500 2818500 10  6 21  16.8  999 225  2.4 8 11.1  94    0    0 389 -410  2
3823500 2818500 10  6 22  17.5 1000 226  2.7 8 11.6  93    0    0 393 -411  2
3823500 2818500 10  6 23  17.9 1000 223  3.0 8 11.9  92    0    0 395 -413  2
3823500 2818500 10  6 24  18.2 1000 222  3.6 8 11.9  90    0    0 394 -413  2
3823500 2818500 10  7  1  18.3 1000 221  3.8 8 11.9  89    0    0 395 -413  2
3823500 2818500 10  7  2  18.1 1000 226  3.5 8 11.8  89    0    0 395 -414  2
3823500 2818500 10  7  3  18.3 1000 231  3.5 7 11.6  87    0    0 388 -414  2
3823500 2818500 10  7  4  18.1 1000 231  2.8 7 11.5  86    0    0 382 -413  2
3823500 2818500 10  7  5  18.3 1000 231  2.7 7 11.5  86    0    0 381 -413  2
3823500 2818500 10  7  6  18.2 1000 216  3.0 7 11.7  87    0    0 380 -413  2
3823500 2818500 10  7  7  18.1 1000 223  3.1 7 11.7  88    0    2 378 -413  2
3823500 2818500 10  7  8  18.3 1000 223  3.3 7 11.5  87    2   44 378 -413  2
3823500 2818500 10  7  9  18.6 1001 213  4.0 6 11.5  85   14  118 374 -413  2
3823500 2818500 10  7 10  19.0 1001 225  3.5 6 11.5  83   10  154 371 -414  2
3823500 2818500 10  7 11  19.6 1001 223  3.9 6 11.5  80   24  207 372 -418  2
3823500 2818500 10  7 12  20.4 1002 227  3.7 6 11.5  77   34  235 374 -423  2
3823500 2818500 10  7 13  19.7 1002 215  4.1 7 11.7  78    0  129 378 -428  2
3823500 2818500 10  7 14  19.6 1002 226  3.9 6 11.9  82    4  163 377 -432  2
3823500 2818500 10  7 15  18.7 1001 238  3.7 8 11.7  83    0   75 379 -430  2
3823500 2818500 10  7 16  18.4 1001 312  3.6 8 11.5  85    0   77 387 -427  2
3823500 2818500 10  7 17  16.8 1001 269  2.0 7 11.1  87    0   49 378 -424  2
3823500 2818500 10  7 18  16.4 1000 338  0.8 8 10.8  90    0    6 374 -417  2
3823500 2818500 10  7 19  15.1 1000  36  1.2 8 10.6  93    0    0 376 -410  2
3823500 2818500 10  7 20  14.6 1000  20  1.6 8 10.2  95    0    0 373 -403  2
3823500 2818500 10  7 21  13.4  999  43  2.1 8  9.8  96    0    0 369 -398  2
3823500 2818500 10  7 22  13.2  999  45  1.2 7  9.3  96    0    0 358 -396  2
3823500 2818500 10  7 23  12.3  999  72  0.2 7  8.9  95    0    0 346 -390  2
3823500 2818500 10  7 24  12.0  999  23  1.2 8  8.7  96    0    0 354 -384  2
3823500 2818500 10  8  1  12.2  997  53  0.9 8  8.5  96    0    0 365 -378  2
3823500 2818500 10  8  2  12.2  998  36  1.8 8  8.4  93    0    0 366 -372  2
3823500 2818500 10  8  3  11.6  997  10  1.9 8  8.2  92    0    0 363 -369  2
3823500 2818500 10  8  4  10.6  997   8  3.2 8  7.8  93    0    0 359 -370  2
3823500 2818500 10  8  5   9.8  997 325  4.4 8  7.4  94    0    0 357 -370  2
3823500 2818500 10  8  6   9.4  998  11  3.8 8  7.1  93    0    0 353 -369  2
3823500 2818500 10  8  7   9.2 1000 336  2.5 8  6.9  93    0    1 351 -368  2
3823500 2818500 10  8  8   9.2 1001 301  1.5 8  6.9  94    0   16 351 -367  2
3823500 2818500 10  8  9   9.2 1003 278  1.8 6  6.8  92   34  122 337 -370  2
3823500 2818500 10  8 10  10.4 1005 290  0.9 5  6.6  87  179  170 317 -374  2
3823500 2818500 10  8 11  11.5 1006 266  0.7 4  6.5  80  255  199 308 -380  2
3823500 2818500 10  8 12  12.6 1007 286  1.1 3  6.5  73  319  206 300 -389  2
3823500 2818500 10  8 13  13.9 1007 279  1.8 2  6.5  68  348  200 292 -396  2
3823500 2818500 10  8 14  14.1 1007 316  2.4 3  6.6  66  224  223 295 -400  2
3823500 2818500 10  8 15  14.4 1008 318  2.1 3  6.5  64  144  197 301 -400  2
3823500 2818500 10  8 16  14.4 1008 285  1.6 2  6.4  62  167  132 296 -396  2
3823500 2818500 10  8 17  13.5 1008 116  1.5 4  6.5  65   72   84 301 -389  2
3823500 2818500 10  8 18  11.7 1009 242  0.7 3  6.6  72    8   17 303 -380  2
3823500 2818500 10  8 19   9.8 1009 270  0.5 2  6.5  81    0    0 285 -371  2
3823500 2818500 10  8 20   9.3 1010 280  0.3 2  6.4  85    0    0 274 -364  2
3823500 2818500 10  8 21   8.3 1011 290  0.2 2  6.3  88    0    0 271 -360  2
3823500 2818500 10  8 22   7.6 1011 287  0.1 1  6.1  91    0    0 263 -357  2
3823500 2818500 10  8 23   7.1 1012 288  0.1 2  5.9  92    0    0 255 -354  2
3823500 2818500 10  8 24   6.9 1012 295  0.1 3  5.8  93    0    0 248 -351  2
3823500 2818500 10  9  1   6.9 1014 294  0.1 5  5.8  94    0    0 332 -355  2
3823500 2818500 10  9  2   7.1 1014 294  0.1 7  5.9  94    0    0 343 -356  2
3823500 2818500 10  9  3   7.3 1014 288  0.1 8  6.0  95    0    0 344 -356  2
3823500 2818500 10  9  4   7.5 1014 254  0.2 8  6.1  95    0    0 343 -356  2
3823500 2818500 10  9  5   7.5 1014 234  0.3 8  6.1  95    0    0 342 -356  2
3823500 2818500 10  9  6   7.5 1014 126  0.7 7  6.2  95    0    0 337 -356  2
3823500 2818500 10  9  7   7.7 1014 227  0.5 7  6.2  95    0    0 331 -357  2
3823500 2818500 10  9  8   7.6 1014 309  0.0 6  6.2  96    1   40 325 -357  2
3823500 2818500 10  9  9   8.6 1014 211  0.1 7  6.5  96   32  110 327 -359  2
3823500 2818500 10  9 10  10.1 1013 238  1.2 5  6.7  92   67  164 325 -362  2
3823500 2818500 10  9 11  12.1 1013 225  2.2 4  6.6  81  137  199 313 -366  2
3823500 2818500 10  9 12  12.8 1012 227  2.9 4  6.4  71  250  191 312 -370  2
3823500 2818500 10  9 13  13.4 1012 230  1.9 5  6.3  67  135  216 320 -373  2
3823500 2818500 10  9 14  13.6 1011 236  3.0 4  6.2  64  133  195 320 -375  2
3823500 2818500 10  9 15  14.0 1009 258  3.7 4  6.1  62  173  157 315 -375  2
3823500 2818500 10  9 16  13.2 1008 238  2.7 3  6.1  63  161  107 309 -375  2
3823500 2818500 10  9 17  12.2 1007 244  2.5 2  6.1  66   75   66 297 -373  2
3823500 2818500 10  9 18  10.9 1007 238  1.7 5  6.1  72   12   18 302 -371  2
3823500 2818500 10  9 19  11.1 1006 229  2.0 7  6.3  77    0    0 326 -369  2
3823500 2818500 10  9 20  10.6 1006 222  2.5 7  6.4  79    0    0 336 -368  2
3823500 2818500 10  9 21  10.5 1005 225  2.3 7  6.5  81    0    0 335 -368  2
3823500 2818500 10  9 22  10.2 1004 214  2.6 7  6.5  82    0    0 336 -367  2
3823500 2818500 10  9 23  10.4 1003 220  3.3 7  6.5  82    0    0 335 -367  2
3823500 2818500 10  9 24  10.5 1002 232  4.4 8  6.6  82    0    0 340 -367  2
3823500 2818500 10 10  1  10.1 1001 231  4.7 7  6.6  84    0    0 340 -366  2
3823500 2818500 10 10  2   9.8 1000 227  4.7 7  6.6  85    0    0 334 -366  2
3823500 2818500 10 10  3   9.7 1000 220  4.3 7  6.6  87    0    0 333 -365  2
3823500 2818500 10 10  4   9.5  998 213  4.2 8  6.8  89    0    0 338 -365  2
3823500 2818500 10 10  5   9.6  997 216  4.0 8  6.8  91    0    0 343 -365  2
3823500 2818500 10 10  6   9.2  997 217  4.6 8  6.9  92    0    0 342 -364  2
3823500 2818500 10 10  7   9.4  996 235  4.7 8  7.0  94    0    0 342 -364  2
3823500 2818500 10 10  8   9.7  996 236  4.3 8  7.1  94    0   28 344 -365  2
3823500 2818500 10 10  9  10.0  996 240  4.5 7  7.3  94    0   57 341 -366  2
3823500 2818500 10 10 10  10.3  996 234  4.3 7  7.4  94    0   62 337 -367  2
3823500 2818500 10 10 11  10.5  996 241  3.7 7  7.5  94    0   54 338 -367  2
3823500 2818500 10 10 12  11.4  996 244  4.4 8  7.6  91    0   65 345 -370  2
3823500 2818500 10 10 13  12.1  996 231  4.2 8  7.7  88    0   46 354 -372  2
3823500 2818500 10 10 14  12.0  996 233  3.6 7  7.9  88    0   62 350 -373  2
3823500 2818500 10 10 15  12.0  996 249  3.9 7  7.7  87    0   95 344 -372  2
3823500 2818500 10 10 16  12.4  996 275  3.2 6  7.6  84    1   80 339 -375  2
3823500 2818500 10 10 17  11.6  996 265  4.1 4  7.5  84   48   53 323 -376  2
3823500 2818500 10 10 18  11.0  996 273  3.5 6  7.2  84    3   12 322 -373  2
3823500 2818500 10 10 19  10.6  997 258  2.6 5  6.9  84    0    0 325 -369  2
3823500 2818500 10 10 20  10.4  998 259  3.8 3  6.9  86    0    0 308 -366  2
3823500 2818500 10 10 21  10.3  999 258  3.6 3  7.0  87    0    0 296 -365  2
3823500 2818500 10 10 22   9.8  999 256  3.4 3  6.9  88    0    0 292 -362  2
3823500 2818500 10 10 23   9.8 1000 248  3.0 4  6.8  88    0    0 294 -358  2
3823500 2818500 10 10 24   9.7 1000 242  3.0 5  6.8  89    0    0 299 -355  2
3823500 2818500 10 11  1   9.7 1000 239  3.1 6  6.9  91    0    0 307 -354  2
3823500 2818500 10 11  2   9.4 1000 241  3.0 7  7.0  93    0    0 316 -354  2
3823500 2818500 10 11  3   9.4 1000 251  3.1 6  7.0  94    0    0 314 -353  2
3823500 2818500 10 11  4   9.6 1000 247  2.5 6  6.9  92    0    0 306 -351  2
3823500 2818500 10 11  5   9.6 1000 238  2.1 7  6.9  91    0    0 310 -348  2
3823500 2818500 10 11  6   9.8 1000 236  2.1 7  7.0  92    0    0 317 -347  2
3823500 2818500 10 11  7   9.6 1000 236  2.3 7  7.1  94    0    0 316 -348  2
3823500 2818500 10 11  8   9.7 1000 224  1.9 8  7.3  97    0   14 322 -350  2
3823500 2818500 10 11  9  10.1  999 228  3.0 7  7.4  96    0   44 322 -354  2
3823500 2818500 10 11 10  10.3  999 239  3.1 7  7.5  96    0   92 318 -360  2
3823500 2818500 10 11 11   9.8  999 230  2.5 7  7.5  97    0   86 320 -367  2
3823500 2818500 10 11 12  11.0  998 239  4.2 6  7.6  95    0  133 321 -369  2
3823500 2818500 10 11 13  11.2  998 224  4.2 7  7.6  91    0   87 329 -367  2
3823500 2818500 10 11 14  10.9  997 222  3.5 7  7.7  93    0   61 339 -366  2
3823500 2818500 10 11 15  11.1  996 210  3.6 8  8.1  97    0   35 348 -369  2
3823500 2818500 10 11 16  11.3  996 226  4.5 7  8.3  98    0   33 351 -371  2
3823500 2818500 10 11 17  11.6  995 236  5.0 7  8.4  98    0   32 350 -370  2
3823500 2818500 10 11 18  11.9  995 265  5.4 8  8.6  97    0    7 356 -370  2
3823500 2818500 10 11 19  11.8  995 281  4.1 7  8.5  96    0    0 356 -369  2
3823500 2818500 10 11 20  10.8  996 272  3.5 4  7.9  93    0    0 333 -367  2
3823500 2818500 10 11 21   9.8  997 255  2.2 3  7.3  92    0    0 305 -366  2
3823500 2818500 10 11 22   9.4  997 249  1.9 3  7.0  93    0    0 289 -367  2
3823500 2818500 10 11 23   9.6  997 239  2.0 3  6.9  91    0    0 289 -366  2
3823500 2818500 10 11 24   9.3  997 236  2.3 0  6.7  90    0    0 277 -365  2
3823500 2818500 10 12  1   9.6  997 242  3.2 4  6.6  88    0    0 282 -362  2
3823500 2818500 10 12  2   9.7  996 239  3.4 6  6.5  85    0    0 310 -359  2
3823500 2818500 10 12  3   9.9  996 247  3.7 7  6.3  82    0    0 323 -359  2
3823500 2818500 10 12  4   9.8  995 244  3.3 6  6.3  81    0    0 322 -359  2
3823500 2818500 10 12  5   9.8  994 245  3.3 6  6.2  81    0    0 314 -357  2
3823500 2818500 10 12  6   9.0  994 251  3.1 6  6.2  83    0    0 311 -355  2
3823500 2818500 10 12  7   8.7  994 250  4.0 6  6.0  83    0    0 307 -354  2
3823500 2818500 10 12  8   8.3  994 247  3.6 6  5.9  84   10   36 306 -353  2
3823500 2818500 10 12  9   9.1  994 246  3.6 4  5.9  82   15   90 296 -353  2
3823500 2818500 10 12 10   8.5  994 256  5.4 6  5.9  82    0   94 298 -355  2
3823500 2818500 10 12 11   8.2  995 254  2.2 7  6.0  85    3  135 312 -360  2
3823500 2818500 10 12 12   9.5  995 269  2.8 7  6.2  86   45  192 318 -364  2
3823500 2818500 10 12 13   9.7  995 265  3.2 6  6.2  82   54  188 317 -369  2
3823500 2818500 10 12 14   8.4  995 259  4.4 8  6.1  84    0   60 319 -372  2
3823500 2818500 10 12 15   9.8  995 281  4.3 6  6.3  86  107  134 319 -370  2
3823500 2818500 10 12 16   9.7  996 288  5.0 7  6.4  84   31   99 317 -367  2
3823500 2818500 10 12 17   9.2  997 296  1.9 6  6.3  84   22   50 315 -365  2
3823500 2818500 10 12 18   8.8  998 279  3.1 5  6.1  84   10   11 306 -363  2
3823500 2818500 10 12 19   8.6 1000 284  2.7 4  6.0  85    0    0 296 -362  2
3823500 2818500 10 12 20   8.8 1001 280  2.1 4  6.1  86    0    0 292 -360  2
3823500 2818500 10 12 21   8.3 1002 273  1.3 4  6.0  86    0    0 293 -359  2
3823500 2818500 10 12 22   8.2 1003 270  2.2 2  6.0  88    0    0 285 -357  2
3823500 2818500 10 12 23   8.2 1004 268  2.5 3  6.1  89    0    0 281 -354  2
3823500 2818500 10 12 24   8.1 1005 267  2.6 5  6.1  90    0    0 295 -352  2
3823500 2818500 10 13  1   8.1 1006 267  2.7 5  6.2  91    0    0 303 -350  2
3823500 2818500 10 13  2   7.6 1006 268  2.6 5  6.0  90    0    0 301 -349  2
3823500 2818500 10 13  3   7.8 1007 265  1.9 4  5.9  90    0    0 295 -348  2
3823500 2818500 10 13  4   7.7 1007 253  2.3 3  6.0  90    0    0 284 -346  2
3823500 2818500 10 13  5   7.6 1008 250  1.7 5  6.1  92    0    0 288 -344  2
3823500 2818500 10 13  6   7.5 1008 242  1.7 6  6.1  94    0    0 301 -343  2
3823500 2818500 10 13  7   7.4 1008 243  2.2 5  6.1  94    0    0 300 -341  2
3823500 2818500 10 13  8   7.6 1009 241  1.6 4  6.1  94   15   35 292 -340  2
3823500 2818500 10 13  9   9.2 1010 237  1.7 4  6.2  90   35   97 288 -344  2
3823500 2818500 10 13 10  10.6 1010 231  2.5 5  6.3  83   97  142 295 -352  2
3823500 2818500 10 13 11  11.8 1010 237  2.6 6  6.3  76  124  174 305 -363  2
3823500 2818500 10 13 12  12.9 1010 226  3.3 6  6.6  73  166  186 310 -371  2
3823500 2818500 10 13 13  13.2 1010 214  3.2 6  6.7  71  118  192 311 -377  2
3823500 2818500 10 13 14  13.1 1009 228  3.7 6  6.5  68   41  169 313 -379  2
3823500 2818500 10 13 15  13.1 1009 223  3.5 6  6.2  66    6  125 317 -379  2
3823500 2818500 10 13 16  12.9 1009 222  2.8 5  6.2  66   11   93 316 -377  2
3823500 2818500 10 13 17  12.1 1009 213  2.7 8  6.6  72    7   48 325 -374  2
3823500 2818500 10 13 18  11.9 1008 210  2.3 8  6.7  76    1    9 339 -369  2
3823500 2818500 10 13 19  11.8 1008 215  3.1 7  6.7  77    0    0 337 -366  2
3823500 2818500 10 13 20  11.8 1008 212  3.6 7  6.9  80    0    0 335 -366  2
3823500 2818500 10 13 21  11.6 1007 219  3.7 7  7.1  82    0    0 338 -366  2
3823500 2818500 10 13 22  10.8 1007 212  4.4 7  7.1  85    0    0 339 -367  2
3823500 2818500 10 13 23  10.4 1006 218  3.0 7  7.2  89    0    0 342 -367  2
3823500 2818500 10 13 24  10.5 1006 213  4.4 8  7.3  92    0    0 350 -368  2
3823500 2818500 10 14  1  10.7 1005 219  3.8 8  7.5  93    0    0 357 -368  2
3823500 2818500 10 14  2  11.1 1005 221  3.4 8  7.6  92    0    0 360 -369  2
3823500 2818500 10 14  3  11.3 1004 218  3.3 8  7.7  92    0    0 364 -370  2
3823500 2818500 10 14  4  11.6 1003 223  3.1 8  8.0  94    0    0 367 -372  2
3823500 2818500 10 14  5  12.2 1003 225  3.6 8  8.3  94    0    0 370 -373  2
3823500 2818500 10 14  6  12.6 1003 228  3.9 8  8.5  94    0    0 373 -375  2
3823500 2818500 10 14  7  13.0 1002 226  3.9 8  8.8  94    0    0 374 -376  2
3823500 2818500 10 14  8  13.7 1002 228  3.5 8  9.1  94    0   14 376 -378  2
3823500 2818500 10 14  9  14.3 1002 223  3.8 7  9.5  93    0   38 374 -380  2
3823500 2818500 10 14 10  14.9 1002 230  4.4 7  9.8  93    0   56 370 -383  2
3823500 2818500 10 14 11  15.5 1002 234  4.7 8 10.0  91    0   43 378 -385  2
3823500 2818500 10 14 12  15.4 1002 233  4.2 8 10.0  90    0   56 384 -387  2
3823500 2818500 10 14 13  15.3 1003 232  4.6 8 10.1  92    0   48 384 -388  2
3823500 2818500 10 14 14  15.4 1003 238  5.0 8 10.3  93    0   44 384 -389  2
3823500 2818500 10 14 15  15.4 1002 238  4.4 8 10.4  94    0   65 386 -388  2
3823500 2818500 10 14 16  15.5 1003 241  3.8 6 10.5  94    0   60 375 -387  2
3823500 2818500 10 14 17  15.4 1003 247  3.5 8 10.4  94   21   36 375 -386  2
3823500 2818500 10 14 18  14.4 1004 296  3.5 8  9.9  92    0    4 383 -386  2
3823500 2818500 10 14 19  13.0 1005 303  2.3 7  9.0  91    0    0 372 -386  2
3823500 2818500 10 14 20  12.4 1007 290  1.9 6  8.4  91    0    0 357 -386  2
3823500 2818500 10 14 21  11.5 1008 270  1.6 5  8.0  91    0    0 342 -384  2
3823500 2818500 10 14 22  10.6 1008 282  1.3 2  7.5  91    0    0 315 -381  2
3823500 2818500 10 14 23  10.0 1009 241  1.0 2  7.2  91    0    0 292 -377  2
3823500 2818500 10 14 24   9.8 1010 240  0.6 3  7.2  94    0    0 295 -373  2
3823500 2818500 10 15  1   9.7 1010 229  1.4 3  7.2  95    0    0 299 -371  2
3823500 2818500 10 15  2   9.2 1010 204  2.1 3  7.1  96    0    0 296 -370  2
3823500 2818500 10 15  3   8.7 1010 212  1.8 4  7.0  98    0    0 296 -369  2
3823500 2818500 10 15  4   9.0 1010 225  2.0 6  7.0  98    0    0 309 -367  2
3823500 2818500 10 15  5   8.8 1010 233  1.8 6  7.1  99    0    0 320 -364  2
3823500 2818500 10 15  6   9.1 1010 216  1.4 6  7.1 100    0    0 318 -360  2
3823500 2818500 10 15  7   9.4 1010 220  1.3 6  7.2  99    0    0 317 -354  2
3823500 2818500 10 15  8   9.7 1010 220  1.4 6  7.2  97    0   29 318 -350  2
3823500 2818500 10 15  9  10.5 1010 226  2.2 5  7.3  94   12   92 312 -351  2
3823500 2818500 10 15 10  12.4 1010 242  2.8 4  7.5  89   51  157 302 -357  2
3823500 2818500 10 15 11  13.1 1010 244  3.6 5  7.5  81  105  202 307 -366  2
3823500 2818500 10 15 12  13.6 1010 257  4.9 5  7.1  74   88  221 316 -374  2
3823500 2818500 10 15 13  14.0 1010 260  4.8 7  6.7  68   31  191 330 -380  2
3823500 2818500 10 15 14  14.3 1010 265  5.4 6  6.3  63   96  199 337 -382  2
3823500 2818500 10 15 15  13.7 1010 267  4.6 7  6.1  61   17  140 337 -382  2
3823500 2818500 10 15 16  13.3 1010 265  3.7 7  6.1  63    5   87 340 -378  2
3823500 2818500 10 15 17  12.8 1010 269  2.8 6  6.1  65   14   50 333 -372  2
3823500 2818500 10 15 18  11.9 1010 266  2.1 6  6.0  67    1   10 322 -364  2
3823500 2818500 10 15 19  10.9 1011 257  2.0 5  6.1  73    0    0 311 -357  2
3823500 2818500 10 15 20   9.5 1011 249  1.4 1  6.1  79    0    0 277 -353  2
3823500 2818500 10 15 21   9.6 1012 257  1.5 2  6.0  81    0    0 256 -350  2
3823500 2818500 10 15 22   9.3 1012 253  2.4 3  6.1  83    0    0 265 -348  2
3823500 2818500 10 15 23   8.8 1013 255  2.0 4  6.2  86    0    0 275 -345  2
3823500 2818500 10 15 24   8.1 1013 245  1.7 6  6.2  89    0    0 291 -344  2
3823500 2818500 10 16  1   7.7 1013 248  1.0 4  6.1  92    0    0 288 -343  2
3823500 2818500 10 16  2   6.9 1013 226  0.2 5  5.8  91    0    0 278 -342  2
3823500 2818500 10 16  3   5.9 1013 213  0.8 4  5.5  92    0    0 272 -342  2
3823500 2818500 10 16  4   5.7 1013 182  0.6 5  5.4  94    0    0 269 -342  2
3823500 2818500 10 16  5   6.1 1013 179  0.7 3  5.4  94    0    0 263 -343  2
3823500 2818500 10 16  6   6.3 1013 189  0.5 4  5.4  92    0    0 256 -343  2
3823500 2818500 10 16  7   6.5 1013 169  0.4 6  5.5  92    0    0 272 -343  2
3823500 2818500 10 16  8   7.7 1013 175  0.5 7  5.8  92    0   17 294 -344  2
3823500 2818500 10 16  9   8.1 1012 161  0.3 6  6.2  93   25   86 298 -348  2
3823500 2818500 10 16 10  10.3 1012 181  1.1 5  6.8  93   91  129 291 -355  2
3823500 2818500 10 16 11  12.3 1012 185  2.3 6  7.1  84  108  161 299 -363  2
3823500 2818500 10 16 12  13.4 1011 186  2.8 7  6.8  73  102  182 316 -370  2
3823500 2818500 10 16 13  12.9 1010 195  2.6 7  6.3  67   76  180 323 -375  2
3823500 2818500 10 16 14  14.0 1008 184  3.1 6  6.2  64  200  134 318 -379  2
3823500 2818500 10 16 15  14.5 1007 192  3.3 5  6.2  61  207   88 309 -382  2
3823500 2818500 10 16 16  13.9 1006 193  2.3 5  6.0  59   91   80 306 -383  2
3823500 2818500 10 16 17  13.5 1005 193  1.6 7  6.1  62    8   42 320 -382  2
3823500 2818500 10 16 18  13.4 1003 186  1.7 8  6.6  68    0    1 339 -379  2
3823500 2818500 10 16 19  13.5 1002 196  1.8 7  7.2  74    0    0 342 -377  2
3823500 2818500 10 16 20  13.7 1002 197  2.3 7  7.9  80    0    0 340 -376  2
3823500 2818500 10 16 21  14.2 1001 201  3.6 8  8.4  83    0    0 348 -377  2
3823500 2818500 10 16 22  14.0 1000 213  3.0 7  8.9  87    0    0 350 -378  2
3823500 2818500 10 16 23  14.7 1000 211  3.4 7  9.0  87    0    0 346 -379  2
3823500 2818500 10 16 24  15.0  999 210  3.7 8  8.9  83    0    0 354 -380  2
3823500 2818500 10 17  1  15.2  998 215  3.1 8  8.9  82    0    0 360 -379  2
3823500 2818500 10 17  2  15.5  998 214  3.2 8  8.8  80    0    0 361 -377  2
3823500 2818500 10 17  3  15.4  997 209  3.2 8  8.8  79    0    0 362 -377  2
3823500 2818500 10 17  4  15.7  997 213  3.4 8  8.7  78    0    0 363 -376  2
3823500 2818500 10 17  5  15.6  996 210  3.0 7  8.6  76    0    0 362 -376  2
3823500 2818500 10 17  6  15.2  995 204  2.5 7  8.7  79    0    0 358 -377  2
3823500 2818500 10 17  7  15.0  994 192  2.5 5  8.9  81    0    0 348 -378  2
3823500 2818500 10 17  8  15.1  993 198  3.0 6  8.8  81    2   26 345 -380  2
3823500 2818500 10 17  9  15.5  993 206  4.1 5  9.0  81   46   79 347 -383  2
3823500 2818500 10 17 10  15.9  993 207  4.1 5  9.2  81   56  125 344 -387  2
3823500 2818500 10 17 11  16.2  992 224  6.0 6  9.1  78   44  155 351 -391  2
3823500 2818500 10 17 12  16.5  991 222  6.0 6  8.7  73   48  171 358 -392  2
3823500 2818500 10 17 13  16.7  991 231  4.2 6  8.3  69   48  167 358 -390  2
3823500 2818500 10 17 14  16.4  991 219  6.0 7  8.1  68    0  106 363 -383  2
3823500 2818500 10 17 15  14.9  990 225  5.0 8  8.3  73    0   51 373 -375  2
3823500 2818500 10 17 16  13.9  990 227  5.0 7  8.8  84    0   60 370 -372  2
3823500 2818500 10 17 17  12.7  990 273  6.0 8  8.6  88    2   34 366 -368  2
3823500 2818500 10 17 18  11.6  991 250  3.5 6  7.7  85    1    8 356 -362  2
3823500 2818500 10 17 19  10.8  992 246  2.9 4  7.1  83    0    0 328 -356  2
3823500 2818500 10 17 20  10.7  993 217  2.6 3  7.0  84    0    0 305 -352  2
3823500 2818500 10 17 21  10.6  994 225  3.5 3  7.0  85    0    0 296 -349  2
3823500 2818500 10 17 22  10.0  994 227  4.0 3  6.7  85    0    0 295 -348  2
3823500 2818500 10 17 23   9.9  995 226  3.9 3  6.6  84    0    0 292 -348  2
3823500 2818500 10 17 24  10.4  995 226  4.4 3  6.4  82    0    0 293 -345  2
3823500 2818500 10 18  1  10.4  995 241  4.4 5  6.4  80    0    0 301 -341  2
3823500 2818500 10 18  2   9.6  996 251  4.0 6  6.5  84    0    0 311 -339  2
3823500 2818500 10 18  3   9.4  997 280  3.7 7  6.6  87    0    0 316 -337  2
3823500 2818500 10 18  4   8.6  999 310  3.1 6  6.5  90    0    0 311 -335  2
3823500 2818500 10 18  5   8.2 1001 302  3.2 6  6.4  92    0    0 301 -332  2
3823500 2818500 10 18  6   6.6 1002 278  2.0 5  5.9  91    0    0 291 -331  2
3823500 2818500 10 18  7   5.7 1004 271  1.4 3  5.4  90    0    0 267 -330  2
3823500 2818500 10 18  8   5.6 1005 268  1.8 3  5.1  89    1   25 250 -331  2
3823500 2818500 10 18  9   7.2 1006 260  2.0 3  5.0  84   34   95 250 -334  2
3823500 2818500 10 18 10   8.6 1008 270  2.9 3  5.1  76  139  134 253 -340  2
3823500 2818500 10 18 11   9.8 1008 273  3.1 3  5.0  69  220  151 257 -348  2
3823500 2818500 10 18 12  10.2 1009 282  3.0 6  4.8  63   44  201 272 -355  2
3823500 2818500 10 18 13  10.6 1009 274  4.2 7  4.7  60    7  152 292 -360  2
3823500 2818500 10 18 14   9.4 1010 281  3.0 4  4.6  61   91  184 279 -362  2
3823500 2818500 10 18 15  10.0 1010 291  3.5 4  4.6  62  103  149 262 -362  2
3823500 2818500 10 18 16   9.9 1010 279  2.1 3  4.6  61   92   97 258 -359  2
3823500 2818500 10 18 17   9.0 1010 281  1.3 4  4.6  63   32   48 256 -353  2
3823500 2818500 10 18 18   6.2 1010 269  0.1 2  4.4  68    0    8 245 -346  2
3823500 2818500 10 18 19   3.9 1010 209  0.1 2  4.2  77    0    0 228 -340  2
3823500 2818500 10 18 20   3.6 1010 195  0.1 1  4.3  86    0    0 220 -336  2
3823500 2818500 10 18 21   4.1 1011 199  0.1 2  4.4  87    0    0 220 -333  2
3823500 2818500 10 18 22   3.6 1010 189  0.1 2  4.2  84    0    0 223 -330  2
3823500 2818500 10 18 23   2.8 1011 187  0.1 1  4.1  86    0    0 217 -328  2
3823500 2818500 10 18 24   2.4 1010 182  0.1 0  4.0  88    0    0 208 -327  2
3823500 2818500 10 19  1   1.9 1010 171  0.4 0  4.0  91    0    0 203 -326  2
3823500 2818500 10 19  2   1.8 1010 189  0.5 1  4.1  94    0    0 207 -325  2
3823500 2818500 10 19  3   1.8 1010 191  0.8 1  4.1  95    0    0 212 -323  2
3823500 2818500 10 19  4   1.1 1009 184  1.0 1  4.1  96    0    0 212 -322  2
3823500 2818500 10 19  5   1.5 1009 180  0.3 1  4.0  95    0    0 212 -321  2
3823500 2818500 10 19  6   0.6 1009 176  0.4 2  3.9  95    0    0 214 -320  2
3823500 2818500 10 19  7   0.8 1008 199  0.7 2  3.9  96    0    0 217 -320  2
3823500 2818500 10 19  8   1.1 1008 194  0.9 2  3.9  96    5   28 218 -320  2
3823500 2818500 10 19  9   2.7 1008 193  0.2 1  4.3  97   48   87 216 -322  2
3823500 2818500 10 19 10   6.1 1008 200  1.5 0  4.7  90  159  114 213 -328  2
3823500 2818500 10 19 11   8.3 1008 199  2.5 1  4.8  76  266  115 221 -336  2
3823500 2818500 10 19 12   9.9 1007 218  2.7 1  4.7  65  319  118 232 -344  2
3823500 2818500 10 19 13  10.4 1007 230  3.7 1  4.6  60  328  118 236 -351  2
3823500 2818500 10 19 14  11.0 1007 219  3.1 2  4.8  59  313  103 246 -354  2
3823500 2818500 10 19 15  11.1 1006 212  3.2 5  5.0  60  109  135 271 -355  2
3823500 2818500 10 19 16  10.8 1005 219  2.3 3  5.1  63   98   86 278 -352  2
3823500 2818500 10 19 17  10.3 1005 226  1.3 6  5.2  66   21   43 284 -349  2
3823500 2818500 10 19 18   9.1 1005 239  1.8 7  5.5  73    0    2 303 -346  2
3823500 2818500 10 19 19   7.9 1006 230  2.2 7  5.7  82    0    0 305 -342  2
3823500 2818500 10 19 20   6.6 1006 244  2.2 5  5.6  88    0    0 292 -340  2
3823500 2818500 10 19 21   6.1 1007 231  1.4 3  5.4  91    0    0 268 -339  2
3823500 2818500 10 19 22   6.1 1007 232  1.1 2  5.4  91    0    0 252 -340  2
3823500 2818500 10 19 23   6.2 1007 231  1.5 3  5.4  92    0    0 252 -342  2
3823500 2818500 10 19 24   5.9 1007 228  2.4 2  5.3  91    0    0 253 -342  2
3823500 2818500 10 20  1   5.9 1007 228  2.2 4  5.3  90    0    0 257 -341  2
3823500 2818500 10 20  2   6.0 1007 233  1.5 4  5.3  91    0    0 268 -339  2
3823500 2818500 10 20  3   6.2 1007 231  1.8 3  5.2  89    0    0 263 -336  2
3823500 2818500 10 20  4   6.3 1006 229  2.8 5  5.1  86    0    0 269 -335  2
3823500 2818500 10 20  5   6.4 1006 232  2.6 6  5.1  86    0    0 286 -336  2
3823500 2818500 10 20  6   6.0 1006 230  4.1 7  5.2  87    0    0 298 -337  2
3823500 2818500 10 20  7   5.1 1007 249  2.3 7  5.1  90    0    0 301 -337  2
3823500 2818500 10 20  8   5.2 1007 252  2.1 6  5.0  91    0   11 296 -335  2
3823500 2818500 10 20  9   5.9 1008 262  1.8 5  5.2  91   18   77 287 -334  2
3823500 2818500 10 20 10   7.1 1009 261  2.7 1  5.3  88  133  111 267 -337  2
3823500 2818500 10 20 11   8.2 1009 275  4.1 3  5.4  82  136  150 260 -345  2
3823500 2818500 10 20 12   9.3 1010 275  3.7 2  5.2  74  300  106 269 -353  2
3823500 2818500 10 20 13   9.7 1011 276  3.3 2  4.9  66  232  138 267 -359  2
3823500 2818500 10 20 14   9.8 1011 283  2.7 2  4.6  61  198  130 267 -361  2
3823500 2818500 10 20 15   9.7 1011 284  1.4 4  4.3  58  117  118 273 -361  2
3823500 2818500 10 20 16   9.3 1011 269  1.5 2  4.3  58  159   51 272 -357  2
3823500 2818500 10 20 17   9.3 1012 274  1.5 3  4.3  59   48   35 267 -351  2
3823500 2818500 10 20 18   7.2 1012 222  1.3 4  4.3  63    1    6 270 -345  2
3823500 2818500 10 20 19   6.2 1013 190  1.4 3  4.4  72    0    0 265 -344  2
3823500 2818500 10 20 20   5.8 1013 204  1.1 4  4.5  77    0    0 262 -344  2
3823500 2818500 10 20 21   5.3 1013 205  1.1 3  4.5  80    0    0 258 -344  2
3823500 2818500 10 20 22   5.4 1013 201  1.2 2  4.6  84    0    0 246 -345  2
3823500 2818500 10 20 23   5.2 1013 189  0.9 3  4.8  86    0    0 242 -346  2
3823500 2818500 10 20 24   5.6 1013 184  0.6 7  4.9  88    0    0 264 -346  2
3823500 2818500 10 21  1   6.5 1012 179  1.5 8  5.1  88    0    0 287 -346  2
3823500 2818500 10 21  2   6.5 1012 176  1.2 7  5.2  87    0    0 291 -346  2
3823500 2818500 10 21  3   6.8 1011 183  1.8 7  5.3  87    0    0 290 -346  2
3823500 2818500 10 21  4   7.2 1010 190  2.5 8  5.4  87    0    0 298 -345  2
3823500 2818500 10 21  5   8.1 1009 185  3.2 7  5.5  85    0    0 302 -344  2
3823500 2818500 10 21  6   8.3 1008 192  3.1 6  5.6  82    0    0 296 -343  2
3823500 2818500 10 21  7   9.0 1007 199  3.5 6  5.6  79    0    0 294 -342  2
3823500 2818500 10 21  8   9.5 1007 199  4.3 7  5.5  76    3   22 299 -342  2
3823500 2818500 10 21  9  10.0 1006 208  4.4 7  5.5  72    4   61 307 -343  2
3823500 2818500 10 21 10  10.9 1006 200  4.7 8  5.4  69    7  105 315 -347  2
3823500 2818500 10 21 11  10.3 1005 211  4.9 7  5.6  70    3  118 317 -353  2
3823500 2818500 10 21 12  10.6 1005 208  5.7 8  5.9  74    0   76 318 -359  2
3823500 2818500 10 21 13  11.7 1004 213  5.4 8  6.1  73    0   81 331 -363  2
3823500 2818500 10 21 14  11.0 1004 218  5.0 7  6.3  74    0   77 328 -367  2
3823500 2818500 10 21 15  10.9 1004 220  3.9 8  6.7  81    0   66 333 -369  2
3823500 2818500 10 21 16  10.5 1003 211  4.2 8  7.1  88    0   36 343 -369  2
3823500 2818500 10 21 17  11.0 1003 209  4.4 8  7.5  92    0   22 347 -366  2
3823500 2818500 10 21 18  11.5 1003 217  4.1 8  7.8  93    0    1 351 -363  2
3823500 2818500 10 21 19  12.0 1004 226  4.0 8  8.0  92    0    0 354 -362  2
3823500 2818500 10 21 20  12.5 1004 218  4.2 8  8.1  90    0    0 357 -362  2
3823500 2818500 10 21 21  12.8 1005 233  4.2 8  8.2  89    0    0 360 -363  2
3823500 2818500 10 21 22  13.2 1005 239  4.9 8  8.4  88    0    0 363 -365  2
3823500 2818500 10 21 23  13.3 1006 232  5.1 8  8.4  88    0    0 365 -366  2
3823500 2818500 10 21 24  13.4 1006 231  4.6 8  8.4  87    0    0 366 -367  2
3823500 2818500 10 22  1  13.4 1007 223  4.4 8  8.4  87    0    0 367 -367  2
3823500 2818500 10 22  2  13.6 1007 229  4.1 8  8.5  87    0    0 368 -367  2
3823500 2818500 10 22  3  13.3 1007 216  3.4 8  8.3  86    0    0 368 -368  2
3823500 2818500 10 22  4  13.1 1007 220  3.0 8  8.2  86    0    0 368 -368  2
3823500 2818500 10 22  5  13.3 1008 210  3.3 8  8.3  87    0    0 368 -369  2
3823500 2818500 10 22  6  13.4 1008 215  3.3 8  8.3  86    0    0 369 -369  2
3823500 2818500 10 22  7  13.1 1008 219  3.3 7  8.3  86    0    0 363 -369  2
3823500 2818500 10 22  8  12.8 1008 211  3.5 8  8.3  88    3   15 362 -370  2
3823500 2818500 10 22  9  13.1 1009 209  4.0 8  8.4  90    0   38 369 -371  2
3823500 2818500 10 22 10  13.6 1009 216  3.9 8  8.6  89    0   50 371 -372  2
3823500 2818500 10 22 11  14.2 1009 217  3.6 8  8.7  87    0   94 371 -374  2
3823500 2818500 10 22 12  14.6 1010 216  4.2 7  8.8  85    3  125 368 -377  2
3823500 2818500 10 22 13  14.5 1010 217  4.3 7  8.7  84    0   79 363 -383  2
3823500 2818500 10 22 14  15.6 1010 211  4.2 7  8.9  83    0   96 364 -386  2
3823500 2818500 10 22 15  15.1 1010 219  3.5 6  9.0  82   14   91 361 -386  2
3823500 2818500 10 22 16  15.3 1010 211  3.1 7  8.9  82   21   57 362 -386  2
3823500 2818500 10 22 17  14.9 1009 208  2.9 7  8.8  82   10   21 365 -385  2
3823500 2818500 10 22 18  14.9 1009 208  3.0 7  8.7  82    0    1 363 -381  2
3823500 2818500 10 22 19  14.9 1010 210  3.0 7  8.6  81    0    0 359 -377  2
3823500 2818500 10 22 20  14.8 1010 205  3.0 6  8.6  81    0    0 352 -374  2
3823500 2818500 10 22 21  14.7 1011 204  3.1 6  8.5  81    0    0 347 -373  2
3823500 2818500 10 22 22  14.6 1010 204  3.2 7  8.4  80    0    0 348 -372  2
3823500 2818500 10 22 23  12.9 1010 198  3.0 7  7.7  81    0    0 348 -372  2
3823500 2818500 10 22 24  10.7 1009 190  2.6 7  6.9  82    0    0 347 -371  2
3823500 2818500 10 23  1   8.0 1013 177  1.9 6  5.9  84    0    0 258 -328  2
3823500 2818500 10 23  2   5.8 1013 166  1.3 6  5.1  85    0    0 256 -327  2
3823500 2818500 10 23  3   4.0 1013 159  0.7 5  4.4  87    0    0 253 -326  2
3823500 2818500 10 23  4   3.6 1013 158  0.5 5  4.4  88    0    0 250 -325  2
3823500 2818500 10 23  5   3.5 1013 160  0.7 5  4.4  89    0    0 246 -325  2
3823500 2818500 10 23  6   2.8 1013 154  0.5 5  4.3  92    0    0 246 -324  2
3823500 2818500 10 23  7   3.2 1013 162  0.5 6  4.3  92    0    0 248 -322  2
3823500 2818500 10 23  8   2.7 1013 169  0.8 5  4.4  93    2   19 248 -322  2
3823500 2818500 10 23  9   5.7 1014 167  0.6 3  4.7  92   62   74 246 -324  2
3823500 2818500 10 23 10   7.4 1014 177  0.9 2  5.2  86  140  109 249 -332  2
3823500 2818500 10 23 11  10.2 1014 180  0.9 2  5.5  78  220  125 254 -345  2
3823500 2818500 10 23 12  12.3 1014 199  2.2 2  6.0  72  264  133 262 -358  2
3823500 2818500 10 23 13  13.9 1014 203  3.1 2  6.3  67  301  118 268 -369  2
3823500 2818500 10 23 14  14.6 1013 197  3.0 1  6.5  64  281  105 271 -376  2
3823500 2818500 10 23 15  15.2 1013 177  2.5 1  6.5  62  206   96 273 -379  2
3823500 2818500 10 23 16  15.5 1012 161  2.0 1  6.5  60  123   75 275 -377  2
3823500 2818500 10 23 17  14.0 1012 151  1.2 3  6.6  63   33   38 276 -372  2
3823500 2818500 10 23 18  12.3 1011 143  1.6 4  6.6  70    0    3 276 -365  2
3823500 2818500 10 23 19  12.3 1011 155  2.3 4  6.7  74    0    0 275 -360  2
3823500 2818500 10 23 20  11.7 1012 161  1.3 3  6.7  77    0    0 272 -358  2
3823500 2818500 10 23 21  10.9 1012 158  1.2 1  6.8  81    0    0 266 -356  2
3823500 2818500 10 23 22  10.9 1012 160  2.0 0  6.9  84    0    0 260 -354  2
3823500 2818500 10 23 23  10.7 1012 161  2.0 0  6.8  84    0    0 258 -354  2
3823500 2818500 10 23 24  10.6 1012 169  2.6 0  6.8  85    0    0 258 -353  2
3823500 2818500 10 24  1   9.9 1011 169  1.6 0  6.7  86    0    0 257 -353  2
3823500 2818500 10 24  2  10.0 1011 161  1.7 0  6.7  87    0    0 257 -351  2
3823500 2818500 10 24  3   9.9 1011 162  1.5 0  6.6  86    0    0 258 -350  2
3823500 2818500 10 24  4   9.7 1011 150  1.6 0  6.5  86    0    0 258 -349  2
3823500 2818500 10 24  5   9.4 1011 162  1.0 0  6.4  86    0    0 257 -348  2
3823500 2818500 10 24  6   9.8 1011 164  0.6 0  6.4  86    0    0 257 -347  2
3823500 2818500 10 24  7   9.5 1011 169  0.8 0  6.5  86    0    0 259 -346  2
3823500 2818500 10 24  8  10.2 1011 174  0.8 1  6.5  86    0   15 260 -346  2
3823500 2818500 10 24  9  11.8 1011 160  1.0 0  6.7  82   49   73 264 -348  2
3823500 2818500 10 24 10  13.5 1011 153  0.6 0  7.0  77  146  101 267 -353  2
3823500 2818500 10 24 11  15.7 1011 170  2.1 0  7.3  70  238  109 273 -362  2
3823500 2818500 10 24 12  17.7 1010 174  2.4 0  7.6  64  289  112 279 -372  2
3823500 2818500 10 24 13  19.3 1010 179  2.7 0  7.6  57  320   98 286 -380  2
3823500 2818500 10 24 14  20.1 1009 169  2.6 0  7.3  51  291   90 289 -385  2
3823500 2818500 10 24 15  20.5 1008 170  2.3 0  6.8  46  219   82 291 -386  2
3823500 2818500 10 24 16  20.1 1007 166  2.4 0  6.6  44  134   63 291 -382  2
3823500 2818500 10 24 17  18.2 1007 162  2.5 0  6.4  46   36   34 288 -375  2
3823500 2818500 10 24 18  16.9 1006 155  2.7 0  6.2  50    0    3 284 -368  2
3823500 2818500 10 24 19  15.2 1006 151  2.5 0  6.2  54    0    0 280 -363  2
3823500 2818500 10 24 20  14.0 1006 150  2.7 0  6.3  60    0    0 276 -360  2
3823500 2818500 10 24 21  13.4 1005 151  3.4 0  6.2  63    0    0 274 -358  2
3823500 2818500 10 24 22  12.5 1005 156  1.8 0  6.0  64    0    0 271 -358  2
3823500 2818500 10 24 23  12.0 1004 147  1.7 0  5.7  64    0    0 268 -358  2
3823500 2818500 10 24 24  11.6 1004 144  2.1 0  5.6  65    0    0 266 -357  2
3823500 2818500 10 25  1  11.4 1003 159  2.4 0  5.6  65    0    0 265 -357  2
3823500 2818500 10 25  2  11.3 1003 163  1.8 0  5.6  66    0    0 264 -358  2
3823500 2818500 10 25  3  12.7 1003 158  2.1 2  5.7  65    0    0 275 -358  2
3823500 2818500 10 25  4  12.1 1002 166  2.1 2  5.9  65    0    0 285 -357  2
3823500 2818500 10 25  5  13.0 1002 176  2.1 2  6.1  67    0    0 288 -356  2
3823500 2818500 10 25  6  12.6 1002 181  1.0 3  6.3  67    0    0 295 -358  2
3823500 2818500 10 25  7  13.6 1002 177  3.7 5  6.5  68    0    0 311 -361  2
3823500 2818500 10 25  8  14.2 1003 175  1.2 6  6.8  68    1   15 327 -364  2
3823500 2818500 10 25  9  15.4 1004 195  2.9 6  7.1  67    2   56 336 -364  2
3823500 2818500 10 25 10  15.8 1005 205  3.2 6  7.3  66    1   87 341 -364  2
3823500 2818500 10 25 11  16.7 1005 233  4.2 6  7.4  63   18  142 344 -368  2
3823500 2818500 10 25 12  16.3 1006 243  4.5 5  7.2  61  108  164 342 -375  2
3823500 2818500 10 25 13  16.4 1007 242  6.4 5  7.0  60   56  165 336 -380  2
3823500 2818500 10 25 14  16.3 1008 237  4.6 4  6.8  58   94  147 331 -385  2
3823500 2818500 10 25 15  16.8 1008 249  4.5 3  6.6  56  172   83 322 -387  2
3823500 2818500 10 25 16  16.3 1008 250  4.2 2  6.4  54  127   49 312 -384  2
3823500 2818500 10 25 17  14.9 1009 246  2.5 2  6.2  56   32   27 302 -378  2
3823500 2818500 10 25 18  12.1 1010 212  1.6 2  6.2  64    2    8 292 -371  2
3823500 2818500 10 25 19  11.0 1011 209  1.4 2  6.2  72    0    0 281 -366  2
3823500 2818500 10 25 20   9.7 1012 196  1.6 1  6.1  77    0    0 272 -364  2
3823500 2818500 10 25 21   9.2 1012 189  0.7 1  5.9  80    0    0 265 -362  2
3823500 2818500 10 25 22   8.0 1013 190  0.8 0  5.7  82    0    0 260 -360  2
3823500 2818500 10 25 23   8.0 1013 184  0.9 0  5.6  84    0    0 254 -358  2
3823500 2818500 10 25 24   8.6 1014 195  0.5 0  5.5  81    0    0 255 -357  2
3823500 2818500 10 26  1   8.2 1014 173  0.1 1  5.5  80    0    0 258 -356  2
3823500 2818500 10 26  2   8.2 1014 154  0.4 1  5.5  81    0    0 258 -355  2
3823500 2818500 10 26  3   8.0 1014 165  0.7 1  5.6  83    0    0 256 -354  2
3823500 2818500 10 26  4   8.3 1014 158  0.6 0  5.7  84    0    0 252 -355  2
3823500 2818500 10 26  5   7.8 1014 146  0.6 0  5.7  85    0    0 245 -355  2
3823500 2818500 10 26  6   8.4 1013 153  1.2 0  5.8  87    0    0 248 -355  2
3823500 2818500 10 26  7   7.8 1013 139  1.1 3  5.9  88    0    0 265 -357  2
3823500 2818500 10 26  8   8.2 1013 148  1.5 6  5.9  89    0   10 294 -360  2
3823500 2818500 10 26  9   9.3 1013 154  1.8 6  6.1  87    3   58 312 -364  2
3823500 2818500 10 26 10  10.2 1012 152  2.0 7  6.3  84    7  109 324 -369  2
3823500 2818500 10 26 11  11.7 1012 157  2.0 7  6.6  81   35  175 333 -375  2
3823500 2818500 10 26 12  13.4 1011 167  2.5 7  7.0  77   51  204 339 -378  2
3823500 2818500 10 26 13  15.2 1010 176  3.4 7  7.4  73   61  205 346 -380  2
3823500 2818500 10 26 14  16.1 1009 178  2.2 7  7.9  71   21  161 351 -382  2
3823500 2818500 10 26 15  16.4 1008 175  1.7 8  8.2  71    0   80 357 -385  2
3823500 2818500 10 26 16  16.4 1008 166  2.2 7  8.5  73    6   72 359 -386  2
3823500 2818500 10 26 17  16.2 1007 178  2.2 7  8.7  75    2   25 357 -386  2
3823500 2818500 10 26 18  16.2 1006 180  2.2 7  8.8  76    0    0 356 -383  2
3823500 2818500 10 26 19  15.2 1006 176  2.4 8  9.0  80    0    0 356 -381  2
3823500 2818500 10 26 20  15.2 1006 186  1.8 8  9.2  84    0    0 356 -381  2
3823500 2818500 10 26 21  14.9 1006 185  1.5 8  9.2  85    0    0 356 -380  2
3823500 2818500 10 26 22  14.5 1006 188  0.7 7  9.1  86    0    0 353 -379  2
3823500 2818500 10 26 23  14.7 1006 186  0.2 7  9.0  86    0    0 350 -379  2
3823500 2818500 10 26 24  14.3 1006 181  0.2 8  9.0  86    0    0 353 -379  2
3823500 2818500 10 27  1  14.0 1006 174  0.2 7  8.9  88    0    0 352 -379  2
3823500 2818500 10 27  2  13.7 1005 177  0.2 5  8.8  88    0    0 344 -381  2
3823500 2818500 10 27  3  13.7 1005 182  1.8 2  8.6  87    0    0 335 -384  2
3823500 2818500 10 27  4  13.5 1004 176  3.2 3  8.5  86    0    0 330 -389  2
3823500 2818500 10 27  5  13.9 1004 179  3.2 5  8.4  85    0    0 335 -390  2
3823500 2818500 10 27  6  14.0 1003 189  2.4 4  8.4  84    0    0 337 -391  2
3823500 2818500 10 27  7  14.0 1003 178  2.0 6  8.5  85    0    0 340 -390  2
3823500 2818500 10 27  8  13.9 1003 177  1.5 7  8.6  85    0   15 350 -388  2
3823500 2818500 10 27  9  14.9 1003 189  1.7 6  8.8  85    4   68 353 -388  2
3823500 2818500 10 27 10  15.9 1003 197  3.0 7  9.2  83    5  114 358 -391  2
3823500 2818500 10 27 11  17.0 1003 207  3.6 8  9.5  80    3  136 370 -395  2
3823500 2818500 10 27 12  17.0 1003 220  3.7 7  9.7  79    0  101 375 -396  2
3823500 2818500 10 27 13  16.5 1004 214  3.2 7  9.8  81    0   64 373 -395  2
3823500 2818500 10 27 14  16.1 1004 227  3.5 7  9.9  85    0   45 375 -395  2
3823500 2818500 10 27 15  15.7 1004 228  3.6 7 10.1  88    0   35 376 -397  2
3823500 2818500 10 27 16  15.6 1004 217  3.0 7 10.3  91    0   48 376 -397  2
3823500 2818500 10 27 17  15.5 1004 228  3.0 8 10.3  92    0   14 381 -396  2
3823500 2818500 10 27 18  14.9 1004 273  2.4 8 10.1  92    0    0 384 -393  2
3823500 2818500 10 27 19  13.4 1005 284  1.5 8  9.2  90    0    0 379 -391  2
3823500 2818500 10 27 20  12.5 1006 303  1.2 8  8.2  88    0    0 374 -386  2
3823500 2818500 10 27 21  11.8 1007 298  0.3 8  7.9  88    0    0 371 -382  2
3823500 2818500 10 27 22  11.2 1008 269  1.5 8  7.7  91    0    0 369 -377  2
3823500 2818500 10 27 23  11.1 1008 232  0.1 8  7.7  92    0    0 368 -372  2
3823500 2818500 10 27 24  11.2 1008 235  0.4 8  7.7  93    0    0 369 -365  2
3823500 2818500 10 28  1  11.3 1008 228  0.5 8  7.8  93    0    0 371 -360  2
3823500 2818500 10 28  2  11.1 1009 222  0.7 8  7.8  94    0    0 370 -355  2
3823500 2818500 10 28  3  10.9 1009 222  0.4 7  7.8  94    0    0 360 -351  2
3823500 2818500 10 28  4  10.3 1009 216  0.5 5  7.5  94    0    0 335 -348  2
3823500 2818500 10 28  5   9.8 1009 219  1.1 5  7.3  95    0    0 318 -345  2
3823500 2818500 10 28  6   9.7 1009 223  0.9 6  7.3  97    0    0 322 -343  2
3823500 2818500 10 28  7   9.4 1010 228  0.8 6  7.2  97    0    0 326 -342  2
3823500 2818500 10 28  8   9.0 1010 250  0.7 5  7.0  96    0    5 317 -340  2
3823500 2818500 10 28  9   8.5 1010 227  0.1 4  6.9  98   25   74 303 -341  2
3823500 2818500 10 28 10   9.9 1011 236  0.6 4  7.2  99   76  130 297 -346  2
3823500 2818500 10 28 11  11.7 1011 245  1.4 4  7.3  90  128  165 302 -354  2
3823500 2818500 10 28 12  13.1 1011 257  1.6 4  6.8  75  140  188 305 -363  2
3823500 2818500 10 28 13  13.5 1010 281  2.0 4  6.2  65  149  187 307 -370  2
3823500 2818500 10 28 14  13.2 1010 280  2.4 5  5.8  60  123  172 311 -373  2
3823500 2818500 10 28 15  13.1 1010 283  1.4 5  5.6  60   82  140 316 -373  2
3823500 2818500 10 28 16  12.5 1010 282  1.4 5  5.7  62   42   89 314 -370  2
3823500 2818500 10 28 17  11.1 1010 260  0.2 7  5.8  67    5   27 319 -363  2
3823500 2818500 10 28 18   7.9 1010 341  0.0 7  5.6  76    0    0 319 -355  2
3823500 2818500 10 28 19   6.9 1009 358  0.0 6  5.4  84    0    0 305 -349  2
3823500 2818500 10 28 20   5.9 1009 340  0.0 7  5.3  88    0    0 300 -346  2
3823500 2818500 10 28 21   5.6 1009 314  0.2 7  5.2  90    0    0 301 -343  2
3823500 2818500 10 28 22   4.9 1009 355  0.3 4  5.1  92    0    0 282 -340  2
3823500 2818500 10 28 23   4.1 1009 353  0.3 3  4.9  94    0    0 257 -338  2
3823500 2818500 10 28 24   3.6 1009  61  0.6 2  4.7  94    0    0 241 -336  2
3823500 2818500 10 29  1   2.6 1008  17  0.4 2  4.6  96    0    0 232 -334  2
3823500 2818500 10 29  2   2.1 1008  41  0.6 1  4.4  98    0    0 224 -333  2
3823500 2818500 10 29  3   2.3 1008  37  1.2 1  4.4  98    0    0 218 -332  2
3823500 2818500 10 29  4   2.2 1008  59  0.9 0  4.4  97    0    0 213 -331  2
3823500 2818500 10 29  5   1.5 1007  46  0.8 1  4.3  98    0    0 215 -330  2
3823500 2818500 10 29  6   2.3 1007  37  1.5 2  4.3  97    0    0 230 -329  2
3823500 2818500 10 29  7   2.1 1007  38  1.5 3  4.4  98    0    0 244 -327  2
3823500 2818500 10 29  8   1.9 1007  42  1.1 3  4.4  99    0    9 251 -326  2
3823500 2818500 10 29  9   3.7 1007  72  1.2 2  4.6  99   35   64 246 -327  2
3823500 2818500 10 29 10   6.1 1007  51  2.7 2  5.3  98  124   93 246 -333  2
3823500 2818500 10 29 11   8.4 1007  58  2.4 2  5.8  90  189  112 253 -342  2
3823500 2818500 10 29 12   9.8 1007  58  1.8 3  6.0  83  222  121 267 -352  2
3823500 2818500 10 29 13  10.9 1006  64  1.8 4  6.2  79  181  142 289 -359  2
3823500 2818500 10 29 14  11.2 1006  63  2.0 5  6.2  76   93  153 308 -364  2
3823500 2818500 10 29 15  11.2 1006  63  2.5 6  6.3  76   21  118 323 -365  2
3823500 2818500 10 29 16  10.9 1006  44  1.5 7  6.4  77    0   51 334 -361  2
3823500 2818500 10 29 17  10.3 1006  57  1.2 7  6.4  80    1   20 336 -355  2
3823500 2818500 10 29 18   9.6 1006  60  1.2 7  6.3  82    0    0 330 -347  2
3823500 2818500 10 29 19   9.1 1006  47  0.8 7  6.2  85    0    0 325 -341  2
3823500 2818500 10 29 20   8.5 1006  44  0.1 7  6.2  87    0    0 323 -338  2
3823500 2818500 10 29 21   7.9 1006  46  0.1 7  6.1  89    0    0 319 -335  2
3823500 2818500 10 29 22   7.8 1007  47  0.1 7  6.1  91    0    0 316 -334  2
3823500 2818500 10 29 23   8.4 1007  23  0.1 7  6.2  92    0    0 317 -333  2
3823500 2818500 10 29 24   7.9 1007  37  0.1 8  6.2  91    0    0 325 -332  2
3823500 2818500 10 30  1   7.7 1007   8  0.1 7  6.1  92    0    0 326 -331  2
3823500 2818500 10 30  2   7.9 1008  12  0.1 8  6.1  92    0    0 327 -330  2
3823500 2818500 10 30  3   8.0 1008  23  0.1 8  6.2  92    0    0 334 -330  2
3823500 2818500 10 30  4   7.4 1008   1  0.1 8  6.2  94    0    0 335 -329  2
3823500 2818500 10 30  5   8.0 1008 353  0.1 8  6.2  94    0    0 336 -329  2
3823500 2818500 10 30  6   7.9 1009   6  0.3 8  6.3  93    0    0 338 -328  2
3823500 2818500 10 30  7   7.9 1009  26  0.1 8  6.2  93    0    0 337 -328  2
3823500 2818500 10 30  8   8.1 1010  15  0.3 8  6.3  93    0    6 336 -328  2
3823500 2818500 10 30  9   8.3 1010   9  0.8 7  6.3  93    2   61 330 -330  2
3823500 2818500 10 30 10   9.1 1011  28  1.5 7  6.5  92    2   99 327 -336  2
3823500 2818500 10 30 11   9.5 1012  13  0.9 8  6.5  89    0   59 333 -347  2
3823500 2818500 10 30 12  10.1 1012  17  1.4 8  6.6  87    0   83 339 -359  2
3823500 2818500 10 30 13  10.8 1012  20  1.0 8  6.6  83    0   59 340 -369  2
3823500 2818500 10 30 14  11.1 1012  48  1.1 8  6.5  80    0   67 338 -376  2
3823500 2818500 10 30 15  11.4 1013  26  1.5 8  6.5  78    0   74 336 -376  2
3823500 2818500 10 30 16  11.0 1013  10  1.2 7  6.4  78    1   65 328 -372  2
3823500 2818500 10 30 17  10.2 1013 357  0.6 7  6.4  81    1   22 318 -364  2
3823500 2818500 10 30 18   8.4 1014   3  0.6 7  6.2  84    0    0 312 -354  2
3823500 2818500 10 30 19   6.7 1015  15  1.3 5  5.6  87    0    0 297 -346  2
3823500 2818500 10 30 20   5.5 1015 353  0.8 5  5.1  88    0    0 282 -340  2
3823500 2818500 10 30 21   3.9 1016 341  0.5 4  4.8  90    0    0 272 -335  2
3823500 2818500 10 30 22   2.9 1016   0  1.2 2  4.5  92    0    0 252 -331  2
3823500 2818500 10 30 23   2.2 1017 355  0.0 1  4.3  95    0    0 232 -332  2
3823500 2818500 10 30 24   2.1 1017 350  0.2 1  4.2  96    0    0 225 -335  2
3823500 2818500 10 31  1   1.6 1017 272  0.4 2  4.2  96    0    0 228 -337  2
3823500 2818500 10 31  2   1.7 1018 309  0.1 3  4.1  97    0    0 237 -337  2
3823500 2818500 10 31  3   1.3 1018 355  0.1 3  4.1  98    0    0 242 -337  2
3823500 2818500 10 31  4   0.9 1018 115  0.0 5  4.0  99    0    0 251 -336  2
3823500 2818500 10 31  5   0.3 1018   9  0.1 4  3.9  99    0    0 255 -334  2
3823500 2818500 10 31  6   0.4 1018 159  0.2 3  3.9 100    0    0 242 -332  2
3823500 2818500 10 31  7   0.1 1018  31  0.3 5  3.8  99    0    0 248 -330  2
3823500 2818500 10 31  8  -0.2 1019 111  0.5 7  3.7 100    0    3 271 -329  2
3823500 2818500 10 31  9   1.2 1019 205  0.5 6  3.9 100    9   62 280 -330  2
3823500 2818500 10 31 10   3.0 1020 177  1.0 5  4.4 100   37  119 273 -336  2
3823500 2818500 10 31 11   5.1 1020 192  0.9 5  5.0 100   92  153 275 -345  2
3823500 2818500 10 31 12   7.6 1020 195  1.3 4  5.7  97  142  161 279 -356  2
3823500 2818500 10 31 13  10.6 1020 207  1.4 3  6.3  88  220  129 278 -364  2
3823500 2818500 10 31 14  11.4 1019 196  1.6 3  6.4  78  178  128 280 -369  2
3823500 2818500 10 31 15  11.4 1018 236  1.8 5  6.1  73   96  118 294 -370  2
3823500 2818500 10 31 16  11.0 1018 238  3.1 6  6.0  73   26   78 311 -367  2
3823500 2818500 10 31 17  10.1 1017 230  3.4 7  5.9  75    0   18 321 -361  2
3823500 2818500 10 31 18   9.1 1016 235  3.6 7  5.8  78    0    0 326 -353  2
3823500 2818500 10 31 19   8.4 1016 233  3.0 6  5.8  83    0    0 321 -349  2
3823500 2818500 10 31 20   7.7 1016 239  3.9 7  5.8  87    0    0 322 -348  2
3823500 2818500 10 31 21   8.1 1016 247  3.7 7  6.0  90    0    0 331 -349  2
3823500 2818500 10 31 22   8.9 1015 246  3.8 7  6.2  90    0    0 334 -350  2
3823500 2818500 10 31 23   9.4 1015 264  2.9 8  6.6  91    0    0 342 -351  2
3823500 2818500 10 31 24   9.8 1015 260  2.7 8  7.0  94    0    0 350 -353  2
3823500 2818500 11  1  1   9.7 1014 264  2.5 6  7.1  94    0    0 328 -356  2
3823500 2818500 11  1  2   9.7 1014 270  1.8 7  7.1  95    0    0 333 -357  2
3823500 2818500 11  1  3   9.8 1013 275  1.1 7  7.3  96    0    0 338 -358  2
3823500 2818500 11  1  4   9.6 1013 267  0.8 8  7.2  96    0    0 341 -360  2
3823500 2818500 11  1  5   9.1 1013 254  1.9 7  7.0  95    0    0 340 -362  2
3823500 2818500 11  1  6   9.1 1012 248  2.6 7  6.8  94    0    0 333 -364  2
3823500 2818500 11  1  7   9.0 1012 252  2.3 6  6.7  94    0    0 325 -364  2
3823500 2818500 11  1  8   8.5 1011 248  1.0 7  6.7  95    0    0 323 -363  2
3823500 2818500 11  1  9   9.0 1011 265  1.6 7  6.8  97    0   19 327 -361  2
3823500 2818500 11  1 10   9.5 1010 251  1.4 6  7.0  96    0   53 322 -359  2
3823500 2818500 11  1 11   9.9 1009 263  2.4 7  7.1  94    0   67 322 -359  2
3823500 2818500 11  1 12  10.3 1008 263  2.6 7  7.0  91    0   68 329 -361  2
3823500 2818500 11  1 13  10.2 1007 283  3.7 7  6.9  88    0   56 329 -363  2
3823500 2818500 11  1 14   9.0 1006 305  4.4 8  6.5  87    0   65 332 -363  2
3823500 2818500 11  1 15   8.2 1005 293  2.5 8  6.1  87    0   56 334 -362  2
3823500 2818500 11  1 16   7.9 1004 298  2.6 8  5.9  88    0   21 332 -358  2
3823500 2818500 11  1 17   7.6 1004 288  2.9 8  5.9  89    0    9 330 -353  2
3823500 2818500 11  1 18   7.4 1004 302  2.1 8  5.8  89    0    0 328 -348  2
3823500 2818500 11  1 19   7.2 1004 318  1.7 8  5.8  90    0    0 327 -345  2
3823500 2818500 11  1 20   6.6 1004 309  1.4 6  5.7  92    0    0 319 -344  2
3823500 2818500 11  1 21   6.1 1004 308  1.4 6  5.6  92    0    0 300 -342  2
3823500 2818500 11  1 22   5.7 1004 304  1.6 5  5.5  93    0    0 281 -339  2
3823500 2818500 11  1 23   5.7 1005 283  1.7 4  5.4  92    0    0 281 -336  2
3823500 2818500 11  1 24   6.0 1005 257  1.6 3  5.4  91    0    0 285 -334  2
3823500 2818500 11  2  1   6.4 1009 223  1.4 2  5.5  89    0    0 245 -353  2
3823500 2818500 11  2  2   6.8 1009 194  1.2 1  5.5  88    0    0 239 -354  2
3823500 2818500 11  2  3   7.2 1009 169  1.1 1  5.6  87    0    0 232 -354  2
3823500 2818500 11  2  4   7.3 1008 164  1.2 2  5.6  87    0    0 236 -355  2
3823500 2818500 11  2  5   7.5 1008 164  1.2 4  5.6  86    0    0 254 -357  2
3823500 2818500 11  2  6   7.5 1007 162  1.7 7  5.6  87    0    0 286 -359  2
3823500 2818500 11  2  7   8.5 1006 158  1.6 7  5.7  85    0    0 309 -361  2
3823500 2818500 11  2  8   8.7 1006 157  1.7 7  5.8  83    0    0 314 -363  2
3823500 2818500 11  2  9   9.0 1006 158  1.8 8  6.0  84    5   45 322 -365  2
3823500 2818500 11  2 10  10.3 1006 141  2.0 7  6.3  84    8   92 325 -369  2
3823500 2818500 11  2 11  11.2 1005 160  3.8 7  6.7  83    0   88 324 -375  2
3823500 2818500 11  2 12  12.0 1004 161  3.8 8  7.1  82    0   80 333 -382  2
3823500 2818500 11  2 13  12.5 1004 169  3.6 8  7.3  82    0   47 341 -388  2
3823500 2818500 11  2 14  12.9 1004 169  3.0 8  7.7  83    0   41 346 -391  2
3823500 2818500 11  2 15  13.4 1004 175  1.7 7  8.0  84    0   71 349 -390  2
3823500 2818500 11  2 16  13.7 1004 188  2.7 7  8.2  84   25   57 352 -387  2
3823500 2818500 11  2 17  13.8 1004 171  2.2 7  8.3  84    8   15 356 -384  2
3823500 2818500 11  2 18  13.6 1004 161  2.4 7  8.4  85    0    0 358 -383  2
3823500 2818500 11  2 19  13.8 1004 166  2.4 7  8.5  86    0    0 360 -382  2
3823500 2818500 11  2 20  13.9 1004 163  2.5 7  8.6  86    0    0 362 -382  2
3823500 2818500 11  2 21  13.8 1004 171  2.6 7  8.8  88    0    0 363 -382  2
3823500 2818500 11  2 22  14.1 1004 176  2.9 8  8.9  89    0    0 364 -382  2
3823500 2818500 11  2 23  14.5 1003 177  3.4 8  9.1  89    0    0 366 -382  2
3823500 2818500 11  2 24  14.6 1003 175  2.8 8  9.3  89    0    0 367 -382  2
3823500 2818500 11  3  1  14.7 1003 186  2.8 8  9.5  90    0    0 369 -382  2
3823500 2818500 11  3  2  14.6 1003 176  2.4 8  9.6  91    0    0 370 -382  2
3823500 2818500 11  3  3  14.7 1002 175  2.3 8  9.7  92    0    0 371 -382  2
3823500 2818500 11  3  4  14.6 1002 171  2.2 8  9.6  91    0    0 373 -382  2
3823500 2818500 11  3  5  14.9 1002 190  2.9 8  9.5  90    0    0 374 -382  2
3823500 2818500 11  3  6  14.5 1002 186  1.9 7  9.4  89    0    0 371 -382  2
3823500 2818500 11  3  7  13.7 1002 176  1.9 6  9.1  90    0    0 361 -382  2
3823500 2818500 11  3  8  14.2 1002 180  2.4 5  9.0  89    0    0 351 -382  2
3823500 2818500 11  3  9  14.4 1002 176  3.1 5  9.1  88   33   50 348 -382  2
3823500 2818500 11  3 10  15.9 1002 176  3.6 3  9.2  85   99   94 341 -383  2
3823500 2818500 11  3 11  16.7 1003 187  3.9 2  9.3  79  107  135 330 -387  2
3823500 2818500 11  3 12  17.7 1003 196  4.3 2  9.2  74  245  115 328 -392  2
3823500 2818500 11  3 13  18.6 1002 204  4.4 1  8.9  67  256  114 326 -396  2
3823500 2818500 11  3 14  18.7 1002 200  5.3 1  8.4  62  224  107 323 -398  2
3823500 2818500 11  3 15  18.8 1002 181  5.6 1  8.1  59  168   90 323 -398  2
3823500 2818500 11  3 16  18.4 1001 178  4.1 1  7.9  59   89   63 324 -395  2
3823500 2818500 11  3 17  17.1 1001 177  3.6 2  7.8  61   14   19 325 -389  2
3823500 2818500 11  3 18  16.9 1002 182  2.6 4  7.7  63    0    0 332 -386  2
3823500 2818500 11  3 19  16.2 1002 179  2.9 5  7.6  64    0    0 341 -386  2
3823500 2818500 11  3 20  16.2 1002 185  4.1 4  7.5  65    0    0 337 -386  2
3823500 2818500 11  3 21  15.9 1002 182  3.2 4  7.5  65    0    0 333 -386  2
3823500 2818500 11  3 22  15.8 1003 191  3.5 4  7.4  66    0    0 332 -385  2
3823500 2818500 11  3 23  15.6 1003 196  3.2 3  7.4  66    0    0 326 -382  2
3823500 2818500 11  3 24  15.4 1003 196  2.7 2  7.5  67    0    0 313 -380  2
3823500 2818500 11  4  1  15.1 1003 194  2.6 3  7.5  69    0    0 307 -380  2
3823500 2818500 11  4  2  14.8 1003 186  2.0 3  7.6  71    0    0 307 -377  2
3823500 2818500 11  4  3  13.9 1003 179  1.7 3  7.6  73    0    0 300 -374  2
3823500 2818500 11  4  4  13.6 1003 175  1.3 3  7.5  76    0    0 293 -372  2
3823500 2818500 11  4  5  13.3 1003 186  1.7 3  7.5  77    0    0 288 -371  2
3823500 2818500 11  4  6  13.2 1003 181  1.5 7  7.5  78    0    0 307 -372  2
3823500 2818500 11  4  7  13.3 1003 192  1.7 7  7.7  80    0    0 334 -372  2
3823500 2818500 11  4  8  13.8 1003 185  1.7 8  8.0  81    0    0 344 -371  2
3823500 2818500 11  4  9  13.4 1004 173  1.3 8  8.2  83    0   31 355 -370  2
3823500 2818500 11  4 10  13.0 1004 179  1.5 7  8.4  87    0   47 345 -372  2
3823500 2818500 11  4 11  13.5 1004 162  2.7 7  8.6  89   26  140 333 -376  2
3823500 2818500 11  4 12  14.1 1004 174  3.3 7  8.7  87   17  153 335 -380  2
3823500 2818500 11  4 13  14.5 1004 209  3.5 8  8.7  84    0   98 350 -383  2
3823500 2818500 11  4 14  14.7 1004 207  2.7 7  8.6  82   23  137 350 -383  2
3823500 2818500 11  4 15  14.8 1004 203  2.4 7  8.4  80   15  102 339 -383  2
3823500 2818500 11  4 16  14.8 1004 198  2.5 6  8.3  78    2   47 326 -381  2
3823500 2818500 11  4 17  14.3 1004 187  2.2 7  8.3  80    5   14 328 -378  2
3823500 2818500 11  4 18  13.9 1005 194  1.8 7  8.3  81    0    0 339 -375  2
3823500 2818500 11  4 19  12.9 1005 248  3.0 8  8.2  85    0    0 346 -373  2
3823500 2818500 11  4 20  12.6 1006 221  1.5 8  8.2  88    0    0 351 -371  2
3823500 2818500 11  4 21  12.2 1006 250  1.7 7  8.0  88    0    0 343 -369  2
3823500 2818500 11  4 22  11.8 1007 224  2.1 7  7.7  88    0    0 333 -366  2
3823500 2818500 11  4 23  11.5 1007 205  1.7 7  7.6  88    0    0 330 -363  2
3823500 2818500 11  4 24  11.3 1007 206  2.0 7  7.5  89    0    0 327 -359  2
3823500 2818500 11  5  1  10.8 1008 228  3.2 6  7.3  88    0    0 318 -356  2
3823500 2818500 11  5  2  10.3 1008 224  2.6 5  6.8  85    0    0 305 -354  2
3823500 2818500 11  5  3   9.3 1008 211  2.5 3  6.4  84    0    0 287 -353  2
3823500 2818500 11  5  4   8.6 1009 208  2.3 2  6.1  86    0    0 270 -352  2
3823500 2818500 11  5  5   8.2 1009 209  2.0 1  6.0  87    0    0 257 -350  2
3823500 2818500 11  5  6   7.8 1009 222  2.5 0  5.9  88    0    0 246 -348  2
3823500 2818500 11  5  7   7.5 1009 210  2.2 2  5.8  88    0    0 248 -346  2
3823500 2818500 11  5  8   7.1 1010 213  2.9 2  5.7  89    0    0 255 -346  2
3823500 2818500 11  5  9   7.7 1011 218  3.4 3  5.8  90   23   46 262 -347  2
3823500 2818500 11  5 10   9.0 1011 217  3.5 2  5.9  85  102   85 268 -352  2
3823500 2818500 11  5 11  10.0 1012 219  3.2 1  5.9  79  179  101 261 -357  2
3823500 2818500 11  5 12  10.8 1012 220  4.3 1  5.8  74  221  109 259 -361  2
3823500 2818500 11  5 13  11.4 1012 216  4.2 3  5.7  69  215  115 274 -363  2
3823500 2818500 11  5 14  11.2 1012 226  4.0 3  5.7  68   96  137 285 -365  2
3823500 2818500 11  5 15  10.3 1012 228  4.1 7  5.7  71    0   65 299 -365  2
3823500 2818500 11  5 16  10.1 1013 216  2.5 6  5.6  73    2   47 307 -362  2
3823500 2818500 11  5 17   9.2 1013 226  2.1 3  5.6  75   13   16 290 -356  2
3823500 2818500 11  5 18   8.4 1014 200  1.4 3  5.6  80    0    0 274 -351  2
3823500 2818500 11  5 19   8.5 1015 214  1.4 3  5.6  81    0    0 273 -350  2
3823500 2818500 11  5 20   8.3 1015 213  1.3 4  5.4  79    0    0 277 -348  2
3823500 2818500 11  5 21   7.3 1016 205  1.3 3  5.2  79    0    0 276 -345  2
3823500 2818500 11  5 22   7.4 1016 199  1.6 2  5.1  81    0    0 268 -344  2
3823500 2818500 11  5 23   7.4 1016 200  1.5 2  5.2  82    0    0 265 -343  2
3823500 2818500 11  5 24   6.9 1016 187  1.2 2  5.3  85    0    0 267 -345  2
3823500 2818500 11  6  1   7.5 1016 179  0.6 3  5.5  86    0    0 272 -348  2
3823500 2818500 11  6  2   8.1 1016 179  1.1 4  5.6  86    0    0 285 -349  2
3823500 2818500 11  6  3   8.2 1016 180  0.8 2  5.8  87    0    0 282 -349  2
3823500 2818500 11  6  4   8.1 1015 186  0.8 3  5.9  88    0    0 277 -349  2
3823500 2818500 11  6  5   8.5 1015 174  0.6 3  6.1  90    0    0 282 -349  2
3823500 2818500 11  6  6   8.8 1015 166  0.7 4  6.3  91    0    0 288 -350  2
3823500 2818500 11  6  7   8.9 1015 188  1.0 2  6.3  89    0    0 283 -350  2
3823500 2818500 11  6  8   8.9 1015 181  1.4 1  6.2  88    0    0 266 -351  2
3823500 2818500 11  6  9  10.0 1015 194  2.7 1  6.3  86   22   47 262 -351  2
3823500 2818500 11  6 10  11.2 1015 200  3.4 1  6.5  81   93   91 264 -352  2
3823500 2818500 11  6 11  12.4 1015 203  3.8 1  6.5  76  166  111 266 -356  2
3823500 2818500 11  6 12  13.3 1015 200  3.6 1  6.6  72  223  114 267 -362  2
3823500 2818500 11  6 13  14.0 1015 193  3.5 2  6.6  68  230  113 273 -368  2
3823500 2818500 11  6 14  14.6 1014 194  3.9 3  6.4  63  211  100 281 -372  2
3823500 2818500 11  6 15  14.5 1014 191  3.3 4  6.2  60  157   82 289 -374  2
3823500 2818500 11  6 16  13.9 1014 182  2.4 4  6.2  62   74   57 290 -372  2
3823500 2818500 11  6 17  12.7 1013 171  1.4 6  6.2  65   11   16 295 -367  2
3823500 2818500 11  6 18  11.8 1013 179  1.5 7  6.2  70    0    0 301 -362  2
3823500 2818500 11  6 19  11.4 1013 172  2.0 5  6.3  74    0    0 295 -358  2
3823500 2818500 11  6 20  11.1 1013 175  1.8 5  6.3  76    0    0 289 -356  2
3823500 2818500 11  6 21  10.6 1013 170  1.7 6  6.1  76    0    0 292 -354  2
3823500 2818500 11  6 22  10.0 1013 166  1.7 3  5.9  76    0    0 289 -352  2
3823500 2818500 11  6 23   9.5 1013 168  1.7 3  5.9  78    0    0 286 -351  2
3823500 2818500 11  6 24   9.7 1012 170  1.8 3  5.9  79    0    0 288 -350  2
3823500 2818500 11  7  1  10.2 1012 170  2.1 3  5.9  78    0    0 290 -350  2
3823500 2818500 11  7  2  10.3 1012 165  2.1 4  6.0  77    0    0 293 -349  2
3823500 2818500 11  7  3  11.1 1011 171  1.5 6  6.0  74    0    0 300 -348  2
3823500 2818500 11  7  4  10.6 1011 169  1.3 7  6.0  74    0    0 306 -347  2
3823500 2818500 11  7  5  11.3 1010 179  0.7 8  6.0  73    0    0 311 -346  2
3823500 2818500 11  7  6  10.9 1010 186  1.0 8  6.0  73    0    0 316 -346  2
3823500 2818500 11  7  7  10.1 1010 199  0.9 7  6.2  78    0    0 315 -348  2
3823500 2818500 11  7  8   9.9 1011 193  0.8 8  6.3  83    0    0 318 -350  2
3823500 2818500 11  7  9   9.7 1011 181  1.0 8  6.5  86    0   11 322 -351  2
3823500 2818500 11  7 10   9.7 1011 190  1.7 8  6.7  89    0   36 325 -353  2
3823500 2818500 11  7 11   9.6 1012 188  1.9 7  6.8  91    0   59 324 -357  2
3823500 2818500 11  7 12   9.7 1012 187  2.2 7  6.9  92    0   78 324 -359  2
3823500 2818500 11  7 13   9.7 1012 193  2.3 7  7.0  93    0   65 325 -363  2
3823500 2818500 11  7 14  10.1 1012 204  2.1 7  7.2  94    0   69 327 -369  2
3823500 2818500 11  7 15  10.4 1012 214  2.8 7  7.3  94    0   33 330 -370  2
3823500 2818500 11  7 16  10.4 1013 218  2.0 7  7.4  94    0   30 333 -368  2
3823500 2818500 11  7 17  10.3 1013 210  2.1 8  7.5  95    0   12 339 -363  2
3823500 2818500 11  7 18  10.0 1013 220  1.6 6  7.3  95    0    0 334 -357  2
3823500 2818500 11  7 19   8.9 1014 204  1.5 3  7.0  95    0    0 311 -354  2
3823500 2818500 11  7 20   8.7 1015 192  1.4 1  6.7  95    0    0 288 -353  2
3823500 2818500 11  7 21   8.8 1015 189  1.5 0  6.7  95    0    0 274 -351  2
3823500 2818500 11  7 22   8.7 1015 187  1.4 0  6.7  95    0    0 268 -350  2
3823500 2818500 11  7 23   8.3 1016 197  1.4 0  6.7  97    0    0 265 -349  2
3823500 2818500 11  7 24   8.2 1016 185  1.6 2  6.5  96    0    0 271 -349  2
3823500 2818500 11  8  1   7.6 1016 185  0.6 1  6.3  95    0    0 271 -347  2
3823500 2818500 11  8  2   7.2 1016 163  0.7 0  6.1  95    0    0 261 -345  2
3823500 2818500 11  8  3   6.8 1016 146  0.7 0  6.0  96    0    0 255 -343  2
3823500 2818500 11  8  4   6.7 1016 154  0.9 0  5.8  95    0    0 254 -341  2
3823500 2818500 11  8  5   6.1 1015 157  0.8 1  5.7  95    0    0 257 -339  2
3823500 2818500 11  8  6   6.2 1015 149  1.2 1  5.7  96    0    0 260 -339  2
3823500 2818500 11  8  7   7.1 1015 159  1.1 5  5.8  95    0    0 277 -339  2
3823500 2818500 11  8  8   6.9 1015 168  0.9 6  5.9  95    0    0 294 -339  2
3823500 2818500 11  8  9   7.7 1015 165  1.3 6  6.1  96    8   44 296 -340  2
3823500 2818500 11  8 10   9.5 1015 168  2.0 5  6.7  96   66   94 295 -345  2
3823500 2818500 11  8 11  11.8 1014 165  2.2 5  7.3  91  146  114 295 -353  2
3823500 2818500 11  8 12  13.9 1014 167  2.5 4  7.6  82  195  122 297 -362  2
3823500 2818500 11  8 13  15.4 1013 163  3.0 3  7.9  76  214  118 298 -370  2
3823500 2818500 11  8 14  16.2 1013 152  2.8 3  8.0  72  209   98 300 -375  2
3823500 2818500 11  8 15  16.4 1012 139  2.3 2  7.9  68  156   80 301 -375  2
3823500 2818500 11  8 16  15.6 1011 138  2.2 1  7.7  68   74   54 293 -372  2
3823500 2818500 11  8 17  13.8 1011 128  1.4 1  7.4  71   11   14 286 -366  2
3823500 2818500 11  8 18  12.6 1010 134  1.2 1  7.3  77    0    0 279 -361  2
3823500 2818500 11  8 19  12.0 1009 134  1.5 1  7.0  79    0    0 275 -356  2
3823500 2818500 11  8 20  11.4 1009 131  1.0 1  6.7  78    0    0 272 -353  2
3823500 2818500 11  8 21  10.8 1008 133  1.3 1  6.5  78    0    0 270 -350  2
3823500 2818500 11  8 22  10.1 1008 134  1.7 0  6.1  77    0    0 263 -347  2
3823500 2818500 11  8 23   9.4 1008 152  1.2 1  5.7  75    0    0 260 -344  2
3823500 2818500 11  8 24   8.5 1007 148  1.2 1  5.3  74    0    0 261 -342  2
3823500 2818500 11  9  1   8.0 1007 144  1.0 0  5.1  75    0    0 255 -340  2
3823500 2818500 11  9  2   7.4 1008 153  1.1 0  5.0  76    0    0 249 -338  2
3823500 2818500 11  9  3   7.0 1008 153  0.4 0  5.0  78    0    0 247 -337  2
3823500 2818500 11  9  4   6.8 1007 156  0.2 1  4.9  79    0    0 249 -335  2
3823500 2818500 11  9  5   6.6 1007 156  0.3 1  4.9  80    0    0 251 -335  2
3823500 2818500 11  9  6   6.5 1007 151  0.5 1  4.9  81    0    0 250 -334  2
3823500 2818500 11  9  7   7.0 1008 165  1.2 2  4.9  80    0    0 255 -334  2
3823500 2818500 11  9  8   6.7 1008 168  0.6 4  5.0  80    0    0 269 -335  2
3823500 2818500 11  9  9   7.4 1009 188  0.8 6  5.1  82   16   47 291 -337  2
3823500 2818500 11  9 10   9.3 1010 198  1.0 5  5.5  81   80   97 302 -342  2
3823500 2818500 11  9 11  10.8 1010 205  1.7 4  5.9  76  118  133 295 -350  2
3823500 2818500 11  9 12  11.9 1011 199  2.5 5  6.0  72  111  158 300 -358  2
3823500 2818500 11  9 13  13.4 1011 217  3.2 4  6.3  69  173  146 303 -365  2
3823500 2818500 11  9 14  14.1 1012 228  2.7 4  6.6  67  166  126 301 -369  2
3823500 2818500 11  9 15  13.7 1012 240  2.0 3  6.7  67  121   98 297 -371  2
3823500 2818500 11  9 16  13.1 1013 222  1.4 6  6.7  70   24   57 307 -369  2
3823500 2818500 11  9 17  12.2 1014 246  1.1 6  6.8  75    1   11 322 -368  2
3823500 2818500 11  9 18  11.6 1015 256  1.7 7  7.0  81    0    0 327 -367  2
3823500 2818500 11  9 19  10.8 1016 268  1.9 7  7.1  86    0    0 331 -366  2
3823500 2818500 11  9 20  10.6 1017 273  1.4 7  7.2  90    0    0 330 -366  2
3823500 2818500 11  9 21  10.4 1018 280  0.9 8  7.2  92    0    0 336 -366  2
3823500 2818500 11  9 22   9.9 1018 284  1.2 8  7.2  93    0    0 342 -364  2
3823500 2818500 11  9 23   9.5 1019 271  0.5 7  6.9  92    0    0 337 -362  2
3823500 2818500 11  9 24   7.9 1020 272  0.8 5  6.3  91    0    0 318 -359  2
3823500 2818500 11 10  1   6.2 1021 251  0.6 3  5.8  94    0    0 291 -355  2
3823500 2818500 11 10  2   6.0 1021 251  0.5 2  5.6  96    0    0 272 -351  2
3823500 2818500 11 10  3   6.0 1021 242  0.3 3  5.5  96    0    0 272 -348  2
3823500 2818500 11 10  4   4.0 1022 225  0.1 2  5.3  98    0    0 269 -345  2
3823500 2818500 11 10  5   3.0 1022 217  0.1 2  4.8 100    0    0 258 -342  2
3823500 2818500 11 10  6   3.3 1022 178  0.2 1  4.7 100    0    0 250 -339  2
3823500 2818500 11 10  7   3.4 1023 207  0.2 2  4.7  99    0    0 249 -336  2
3823500 2818500 11 10  8   3.2 1023 186  0.5 2  4.7  98    0    0 253 -334  2
3823500 2818500 11 10  9   5.5 1023 192  1.0 4  5.0  96    9   46 267 -333  2
3823500 2818500 11 10 10   7.6 1024 211  1.7 5  5.5  91   43  105 289 -335  2
3823500 2818500 11 10 11   9.5 1024 215  2.6 5  5.6  82   94  148 298 -340  2
3823500 2818500 11 10 12  10.4 1024 217  4.4 5  5.6  75  120  170 301 -346  2
3823500 2818500 11 10 13  10.7 1023 216  4.3 6  5.6  71   43  168 308 -353  2
3823500 2818500 11 10 14  11.1 1023 215  4.3 7  5.6  70   14  131 323 -358  2
3823500 2818500 11 10 15  11.0 1022 215  3.3 7  5.6  70   15  101 331 -360  2
3823500 2818500 11 10 16  10.4 1022 216  3.0 7  5.7  72    8   52 332 -359  2
3823500 2818500 11 10 17  10.1 1022 217  2.8 8  5.8  75    0    7 339 -358  2
3823500 2818500 11 10 18  10.0 1022 218  3.4 8  5.8  76    0    0 345 -358  2
3823500 2818500 11 10 19   9.5 1022 215  4.0 8  5.9  79    0    0 346 -358  2
3823500 2818500 11 10 20   9.9 1022 217  3.9 8  6.0  80    0    0 347 -358  2
3823500 2818500 11 10 21  10.0 1022 220  3.2 7  6.0  80    0    0 344 -358  2
3823500 2818500 11 10 22   9.2 1022 210  3.0 8  6.3  86    0    0 345 -358  2
3823500 2818500 11 10 23   9.4 1022 216  3.7 8  6.5  90    0    0 352 -358  2
3823500 2818500 11 10 24   9.4 1021 218  2.8 8  6.6  91    0    0 352 -358  2
3823500 2818500 11 11  1   9.5 1021 213  3.3 8  6.8  92    0    0 352 -358  2
3823500 2818500 11 11  2   9.6 1021 214  3.4 8  6.8  93    0    0 352 -359  2
3823500 2818500 11 11  3   9.7 1021 211  2.9 8  7.0  94    0    0 353 -360  2
3823500 2818500 11 11  4   9.5 1020 212  3.3 7  7.1  95    0    0 347 -361  2
3823500 2818500 11 11  5   9.5 1020 213  3.0 8  7.2  97    0    0 346 -362  2
3823500 2818500 11 11  6   9.7 1019 205  2.5 7  7.3  98    0    0 345 -363  2
3823500 2818500 11 11  7  10.0 1019 203  3.1 8  7.3  97    0    0 346 -364  2
3823500 2818500 11 11  8  10.1 1018 202  3.4 7  7.4  97    0    0 347 -365  2
3823500 2818500 11 11  9  10.3 1018 209  3.5 7  7.5  96    0   13 341 -365  2
3823500 2818500 11 11 10  10.6 1018 215  3.7 8  7.6  96    0   43 347 -367  2
3823500 2818500 11 11 11  11.0 1018 219  3.3 8  7.8  96    0   46 355 -370  2
3823500 2818500 11 11 12  11.6 1018 218  3.2 8  7.9  95    0   47 356 -373  2
3823500 2818500 11 11 13  12.0 1017 216  3.0 7  8.0  93    1  105 353 -377  2
3823500 2818500 11 11 14  12.9 1016 220  2.6 7  8.1  90    3  109 349 -380  2
3823500 2818500 11 11 15  12.9 1015 218  3.0 7  8.1  87    1   69 350 -380  2
3823500 2818500 11 11 16  12.8 1015 208  2.7 8  8.0  87    0   30 354 -376  2
3823500 2818500 11 11 17  12.5 1014 194  2.8 7  7.9  86    0    4 351 -370  2
3823500 2818500 11 11 18  12.3 1013 197  3.3 7  7.6  85    0    0 345 -365  2
3823500 2818500 11 11 19  12.3 1012 199  3.2 8  7.5  84    0    0 348 -362  2
3823500 2818500 11 11 20  12.3 1012 208  3.3 8  7.3  82    0    0 354 -361  2
3823500 2818500 11 11 21  12.1 1012 213  3.8 8  7.1  80    0    0 353 -360  2
3823500 2818500 11 11 22  11.8 1012 214  4.7 8  6.8  78    0    0 352 -361  2
3823500 2818500 11 11 23  11.4 1011 212  4.4 7  6.7  78    0    0 346 -362  2
3823500 2818500 11 11 24  11.2 1011 201  3.4 5  6.7  80    0    0 330 -363  2
3823500 2818500 11 12  1  10.6 1010 188  4.0 6  6.6  81    0    0 324 -364  2
3823500 2818500 11 12  2  10.2 1009 183  3.5 6  6.5  82    0    0 328 -365  2
3823500 2818500 11 12  3  10.0 1008 191  3.1 6  6.3  82    0    0 327 -365  2
3823500 2818500 11 12  4  10.1 1008 185  3.1 7  6.1  80    0    0 331 -364  2
3823500 2818500 11 12  5  10.2 1007 191  2.9 7  6.0  78    0    0 335 -364  2
3823500 2818500 11 12  6  10.0 1006 191  3.3 7  6.0  77    0    0 334 -364  2
3823500 2818500 11 12  7  10.0 1006 195  3.2 8  5.8  76    0    0 338 -362  2
3823500 2818500 11 12  8   9.9 1006 205  2.7 8  5.7  75    0    0 343 -361  2
3823500 2818500 11 12  9   9.5 1006 204  3.3 8  5.7  76    0   12 342 -358  2
3823500 2818500 11 12 10   9.2 1006 207  3.5 8  5.8  79    0   52 341 -357  2
3823500 2818500 11 12 11   8.8 1007 211  3.6 7  6.0  84    0   76 336 -357  2
3823500 2818500 11 12 12   9.0 1007 200  3.0 5  6.1  86    6  131 319 -358  2
3823500 2818500 11 12 13   9.2 1007 205  3.3 6  6.1  84    4  122 313 -360  2
3823500 2818500 11 12 14   9.5 1007 191  3.0 7  6.1  82    3  102 323 -361  2
3823500 2818500 11 12 15   9.3 1007 202  2.8 6  6.0  82    8   89 323 -362  2
3823500 2818500 11 12 16   9.2 1007 196  2.0 8  6.0  83   24   63 325 -362  2
3823500 2818500 11 12 17   9.0 1007 178  1.5 7  6.0  83    3   12 329 -359  2
3823500 2818500 11 12 18   8.5 1007 195  0.9 6  5.9  84    0    0 318 -357  2
3823500 2818500 11 12 19   7.5 1007 170  1.0 7  5.9  87    0    0 315 -356  2
3823500 2818500 11 12 20   7.5 1007 207  1.1 7  5.8  90    0    0 317 -355  2
3823500 2818500 11 12 21   7.5 1008  37  1.0 7  5.8  90    0    0 316 -354  2
3823500 2818500 11 12 22   6.7 1008  69  0.3 6  5.7  90    0    0 310 -353  2
3823500 2818500 11 12 23   6.8 1008 111  0.6 6  5.6  91    0    0 302 -351  2
3823500 2818500 11 12 24   7.1 1009 135  0.9 5  5.6  90    0    0 296 -351  2
3823500 2818500 11 13  1   7.4 1009 124  0.7 7  5.6  89    0    0 301 -352  2
3823500 2818500 11 13  2   7.4 1009 143  0.7 6  5.6  88    0    0 306 -352  2
3823500 2818500 11 13  3   7.5 1010  87  0.2 7  5.7  88    0    0 307 -353  2
3823500 2818500 11 13  4   7.4 1010 114  0.1 7  5.7  89    0    0 313 -352  2
3823500 2818500 11 13  5   7.3 1010 305  0.1 8  5.8  90    0    0 319 -352  2
3823500 2818500 11 13  6   7.4 1010  35  0.1 8  5.8  91    0    0 324 -352  2
3823500 2818500 11 13  7   7.3 1010 161  0.2 7  5.9  91    0    0 318 -352  2
3823500 2818500 11 13  8   7.0 1011 121  0.1 7  5.8  92    0    0 311 -352  2
3823500 2818500 11 13  9   7.2 1011 334  0.1 7  5.8  93    0   28 311 -352  2
3823500 2818500 11 13 10   7.9 1012 303  0.1 6  6.0  92    9   82 306 -353  2
3823500 2818500 11 13 11   8.8 1013 335  0.0 6  6.1  89   15  116 301 -356  2
3823500 2818500 11 13 12  10.8 1013 332  0.4 5  6.2  82   48  152 299 -357  2
3823500 2818500 11 13 13  11.1 1013 317  0.3 6  6.3  77   19  137 302 -358  2
3823500 2818500 11 13 14  11.4 1014 329  0.6 5  6.2  74   53  138 304 -360  2
3823500 2818500 11 13 15  11.7 1014 325  0.6 5  6.0  71   47  100 300 -361  2
3823500 2818500 11 13 16  10.9 1014 333  0.1 5  6.1  73   17   51 302 -362  2
3823500 2818500 11 13 17   8.2 1015 330  0.1 3  6.0  80    3   11 286 -360  2
3823500 2818500 11 13 18   5.8 1015 280  0.1 2  5.6  90    0    0 261 -356  2
3823500 2818500 11 13 19   4.9 1016 182  0.0 4  5.3  95    0    0 262 -353  2
3823500 2818500 11 13 20   4.3 1016 290  0.1 4  5.1  97    0    0 272 -349  2
3823500 2818500 11 13 21   3.3 1017 159  0.1 5  4.9  99    0    0 278 -346  2
3823500 2818500 11 13 22   2.7 1017 242  0.0 3  4.7 100    0    0 270 -343  2
3823500 2818500 11 13 23   2.6 1018 268  0.1 3  4.6 100    0    0 258 -340  2
3823500 2818500 11 13 24   1.6 1018 271  0.0 2  4.4 100    0    0 251 -338  2
3823500 2818500 11 14  1   1.4 1019 143  0.0 1  4.1  97    0    0 238 -335  2
3823500 2818500 11 14  2   1.4 1019 311  0.1 1  3.9  93    0    0 230 -333  2
3823500 2818500 11 14  3   1.6 1018 314  0.1 0  3.9  93    0    0 223 -331  2
3823500 2818500 11 14  4   1.9 1018 294  0.1 4  4.0  94    0    0 238 -329  2
3823500 2818500 11 14  5   1.5 1018 258  0.1 2  4.0  94    0    0 247 -327  2
3823500 2818500 11 14  6   1.6 1018 312  0.0 4  4.0  94    0    0 244 -325  2
3823500 2818500 11 14  7   1.6 1018 330  0.2 7  4.1  96    0    0 269 -323  2
3823500 2818500 11 14  8   0.9 1019 245  0.7 3  4.0  97    0    0 262 -322  2
3823500 2818500 11 14  9   0.6 1019 124  0.4 4  3.9  97    4   35 244 -320  2
3823500 2818500 11 14 10   3.4 1019 207  0.7 5  4.2  96   27   90 256 -322  2
3823500 2818500 11 14 11   6.2 1018 183  0.6 5  5.1  96   52  132 269 -330  2
3823500 2818500 11 14 12   7.5 1018 190  1.3 5  5.6  91   93  153 275 -340  2
3823500 2818500 11 14 13   8.6 1017 206  1.3 5  5.5  82   92  157 276 -349  2
3823500 2818500 11 14 14   8.3 1016 180  1.7 6  5.1  75   80  137 279 -353  2
3823500 2818500 11 14 15   8.0 1016 175  1.6 5  4.8  72   61  102 277 -352  2
3823500 2818500 11 14 16   7.4 1015 172  2.0 5  4.7  72   33   56 271 -348  2
3823500 2818500 11 14 17   5.4 1014 185  2.1 6  4.5  76    1   10 270 -341  2
3823500 2818500 11 14 18   4.9 1013 187  2.6 5  4.5  82    0    0 267 -334  2
3823500 2818500 11 14 19   4.3 1013 195  2.7 7  4.6  87    0    0 269 -330  2
3823500 2818500 11 14 20   4.4 1012 203  3.3 7  4.8  92    0    0 277 -328  2
3823500 2818500 11 14 21   4.8 1011 211  3.4 7  5.0  94    0    0 279 -327  2
3823500 2818500 11 14 22   4.9 1011 213  2.7 7  5.1  95    0    0 282 -325  2
3823500 2818500 11 14 23   4.8 1010 207  2.9 7  5.1  95    0    0 283 -324  2
3823500 2818500 11 14 24   5.0 1009 212  3.7 7  5.0  93    0    0 285 -323  2
3823500 2818500 11 15  1   5.2 1009 223  3.0 7  5.0  91    0    0 286 -322  2
3823500 2818500 11 15  2   5.2 1007 217  2.9 7  5.0  91    0    0 287 -322  2
3823500 2818500 11 15  3   5.1 1006 220  3.5 7  5.0  90    0    0 286 -321  2
3823500 2818500 11 15  4   5.2 1005 226  2.9 7  5.0  90    0    0 285 -321  2
3823500 2818500 11 15  5   5.2 1004 227  2.5 7  4.9  89    0    0 286 -321  2
3823500 2818500 11 15  6   5.3 1003 215  3.5 7  4.8  87    0    0 289 -321  2
3823500 2818500 11 15  7   5.7 1002 225  3.5 7  4.8  85    0    0 294 -322  2
3823500 2818500 11 15  8   5.6 1001 221  3.8 8  4.9  86    0    0 303 -323  2
3823500 2818500 11 15  9   5.8 1000 220  3.6 8  5.2  90    0   14 310 -326  2
3823500 2818500 11 15 10   6.1 1000 220  3.5 7  5.5  94    0   31 310 -329  2
3823500 2818500 11 15 11   6.3  999 222  3.9 7  5.7  95    0   36 308 -331  2
3823500 2818500 11 15 12   6.5  998 222  4.1 8  5.8  95    0   42 317 -333  2
3823500 2818500 11 15 13   6.6  998 238  3.4 8  5.9  96    0   34 324 -335  2
3823500 2818500 11 15 14   6.9  997 247  2.3 7  6.0  96    0   62 322 -336  2
3823500 2818500 11 15 15   7.3  997 228  1.9 8  6.1  96    0   63 325 -337  2
3823500 2818500 11 15 16   7.4  996 235  1.9 8  6.3  96    0   28 332 -339  2
3823500 2818500 11 15 17   7.4  996 233  1.5 8  6.2  96    0    4 332 -340  2
3823500 2818500 11 15 18   7.4  996 240  1.7 8  6.2  96    0    0 329 -342  2
3823500 2818500 11 15 19   7.4  996 236  1.7 8  6.3  96    0    0 327 -345  2
3823500 2818500 11 15 20   7.1  996 248  1.1 8  6.2  96    0    0 324 -346  2
3823500 2818500 11 15 21   7.0  996 249  1.1 7  6.1  96    0    0 317 -347  2
3823500 2818500 11 15 22   6.4  996 262  1.1 6  6.0  96    0    0 305 -346  2
3823500 2818500 11 15 23   6.2  996 251  1.4 6  5.8  97    0    0 299 -344  2
3823500 2818500 11 15 24   6.0  995 246  0.9 7  5.6  94    0    0 302 -340  2
3823500 2818500 11 16  1   5.4  995 244  0.6 5  5.3  91    0    0 295 -337  2
3823500 2818500 11 16  2   5.6  994 246  0.9 5  5.2  91    0    0 283 -334  2
3823500 2818500 11 16  3   5.7  994 242  1.6 6  5.3  91    0    0 288 -332  2
3823500 2818500 11 16  4   5.4  993 246  1.2 6  5.3  92    0    0 292 -330  2
3823500 2818500 11 16  5   5.5  993 256  1.7 6  5.2  92    0    0 292 -330  2
3823500 2818500 11 16  6   5.4  992 244  1.7 6  5.2  91    0    0 291 -332  2
3823500 2818500 11 16  7   5.1  991 236  1.7 7  5.2  92    0    0 295 -333  2
3823500 2818500 11 16  8   5.2  991 223  2.2 7  5.2  92    0    0 299 -333  2
3823500 2818500 11 16  9   5.1  990 224  1.9 8  5.2  92    0   11 303 -333  2
3823500 2818500 11 16 10   5.1  989 229  3.2 7  5.2  93    0   34 302 -335  2
3823500 2818500 11 16 11   5.2  989 253  3.7 8  5.2  92    0   34 302 -339  2
3823500 2818500 11 16 12   5.5  988 263  2.8 7  5.2  91    0   55 300 -342  2
3823500 2818500 11 16 13   6.1  988 276  3.5 6  5.4  91    0   85 286 -344  2
3823500 2818500 11 16 14   4.7  988 308  3.6 8  5.1  90    0   37 287 -342  2
3823500 2818500 11 16 15   4.4  989 323  3.4 6  4.8  89    8   77 280 -338  2
3823500 2818500 11 16 16   4.0  990 302  2.6 5  4.6  87   32   42 263 -335  2
3823500 2818500 11 16 17   2.7  991 270  1.1 3  4.3  88    0    7 246 -331  2
3823500 2818500 11 16 18   2.8  992 250  0.7 3  4.3  90    0    0 236 -327  2
3823500 2818500 11 16 19   2.4  992 253  1.0 3  4.3  92    0    0 237 -324  2
3823500 2818500 11 16 20   2.9  993 253  1.6 3  4.4  93    0    0 237 -321  2
3823500 2818500 11 16 21   2.9  993 256  1.6 3  4.4  92    0    0 237 -320  2
3823500 2818500 11 16 22   2.4  994 255  1.6 2  4.3  92    0    0 232 -319  2
3823500 2818500 11 16 23   2.4  995 265  1.1 3  4.3  93    0    0 231 -321  2
3823500 2818500 11 16 24   2.3  995 249  1.8 3  4.3  93    0    0 236 -322  2
3823500 2818500 11 17  1   2.9  996 255  1.2 3  4.4  93    0    0 237 -323  2
3823500 2818500 11 17  2   3.3  996 244  1.4 4  4.5  93    0    0 245 -325  2
3823500 2818500 11 17  3   3.7  997 246  2.2 6  4.5  92    0    0 261 -326  2
3823500 2818500 11 17  4   3.9  997 248  2.5 7  4.6  90    0    0 276 -327  2
3823500 2818500 11 17  5   3.3  997 227  2.2 5  4.5  90    0    0 272 -328  2
3823500 2818500 11 17  6   2.9  997 228  1.6 3  4.4  92    0    0 253 -327  2
3823500 2818500 11 17  7   3.3  997 249  1.9 4  4.4  92    0    0 247 -326  2
3823500 2818500 11 17  8   3.4  998 257  2.2 6  4.4  90    0    0 262 -326  2
3823500 2818500 11 17  9   3.6  998 275  2.1 6  4.5  90    1   25 271 -327  2
3823500 2818500 11 17 10   4.4  999 258  3.1 5  4.5  88   19   77 265 -329  2
3823500 2818500 11 17 11   5.4  999 266  3.6 3  4.6  84  117   95 250 -333  2
3823500 2818500 11 17 12   6.3 1000 280  3.7 4  4.7  81  132  111 247 -337  2
3823500 2818500 11 17 13   6.7 1000 275  3.9 3  4.7  78  160  104 248 -340  2
3823500 2818500 11 17 14   7.2 1000 275  4.4 3  4.6  74   78  112 246 -342  2
3823500 2818500 11 17 15   7.2 1001 274  3.2 3  4.5  70   95   75 250 -343  2
3823500 2818500 11 17 16   6.1 1001 288  2.9 4  4.3  70   29   42 254 -342  2
3823500 2818500 11 17 17   4.7 1001 285  2.0 4  4.2  74    2    7 254 -338  2
3823500 2818500 11 17 18   4.4 1002 289  1.6 5  4.2  79    0    0 257 -333  2
3823500 2818500 11 17 19   3.7 1003 263  1.1 5  4.1  80    0    0 259 -329  2
3823500 2818500 11 17 20   2.5 1004 239  1.2 4  4.0  84    0    0 252 -330  2
3823500 2818500 11 17 21   2.6 1004 260  1.3 2  4.0  87    0    0 239 -328  2
3823500 2818500 11 17 22   2.2 1004 274  1.2 5  4.0  88    0    0 244 -326  2
3823500 2818500 11 17 23   2.0 1005 261  1.1 6  4.0  90    0    0 261 -326  2
3823500 2818500 11 17 24   1.5 1005 246  1.0 5  4.0  92    0    0 261 -325  2
3823500 2818500 11 18  1   0.7 1006 255  0.9 3  3.9  93    0    0 246 -322  2
3823500 2818500 11 18  2  -0.1 1006 256  0.5 3  3.7  94    0    0 235 -321  2
3823500 2818500 11 18  3   0.0 1006 229  0.1 4  3.6  95    0    0 239 -320  2
3823500 2818500 11 18  4   0.0 1007 271  0.7 6  3.6  94    0    0 253 -320  2
3823500 2818500 11 18  5  -0.3 1007 273  0.6 5  3.6  95    0    0 257 -319  2
3823500 2818500 11 18  6  -0.7 1007 197  0.3 3  3.6  97    0    0 243 -319  2
3823500 2818500 11 18  7  -0.8 1008 192  0.1 2  3.5  96    0    0 229 -319  2
3823500 2818500 11 18  8  -1.1 1008 224  0.2 2  3.4  96    0    0 224 -319  2
3823500 2818500 11 18  9  -1.5 1009 261  0.3 3  3.4  97    3   28 228 -318  2
3823500 2818500 11 18 10   1.5 1010 237  0.2 3  3.8  99   45   76 237 -317  2
3823500 2818500 11 18 11   2.8 1010 258  0.2 3  4.4 100  104  103 244 -319  2
3823500 2818500 11 18 12   4.9 1011 276  0.0 2  4.6  92  150  112 244 -323  2
3823500 2818500 11 18 13   5.6 1011 274  0.7 3  4.4  80  116  125 247 -332  2
3823500 2818500 11 18 14   6.8 1011 273  0.4 3  4.4  74  100  112 254 -338  2
3823500 2818500 11 18 15   7.0 1012 294  0.6 3  4.5  72   90   81 257 -339  2
3823500 2818500 11 18 16   5.8 1012 290  0.1 2  4.4  73   43   44 251 -338  2
3823500 2818500 11 18 17   3.5 1012 186  0.1 2  3.9  74    1    9 242 -335  2
3823500 2818500 11 18 18   1.6 1013 163  0.1 2  3.6  80    0    0 235 -332  2
3823500 2818500 11 18 19   0.6 1013 300  0.1 2  3.5  86    0    0 231 -330  2
3823500 2818500 11 18 20   0.0 1014 264  0.1 2  3.3  85    0    0 228 -330  2
3823500 2818500 11 18 21  -0.7 1014  19  0.1 1  3.1  84    0    0 223 -330  2
3823500 2818500 11 18 22  -1.7 1015 271  0.1 1  3.0  85    0    0 216 -329  2
3823500 2818500 11 18 23  -2.2 1016 318  0.1 1  2.9  87    0    0 214 -328  2
3823500 2818500 11 18 24  -2.6 1016 253  0.0 1  2.8  90    0    0 213 -325  2
3823500 2818500 11 19  1  -2.7 1017 299  0.1 0  2.8  91    0    0 208 -322  2
3823500 2818500 11 19  2  -3.1 1017  21  0.0 0  2.8  91    0    0 202 -320  2
3823500 2818500 11 19  3  -3.2 1017  59  0.0 0  2.7  92    0    0 200 -319  2
3823500 2818500 11 19  4  -3.3 1018   3  0.0 2  2.7  92    0    0 208 -319  2
3823500 2818500 11 19  5  -3.0 1018 159  0.0 2  2.8  94    0    0 216 -316  2
3823500 2818500 11 19  6  -2.7 1018 133  0.4 3  2.9  94    0    0 221 -314  2
3823500 2818500 11 19  7  -2.7 1019 187  0.3 6  2.9  95    0    0 236 -315  2
3823500 2818500 11 19  8  -2.7 1019 153  0.4 4  3.0  96    0    0 239 -317  2
3823500 2818500 11 19  9  -2.3 1020 167  0.5 6  3.0  97    0   19 240 -317  2
3823500 2818500 11 19 10  -1.8 1020 195  0.7 7  3.2  98    9   72 256 -318  2
3823500 2818500 11 19 11  -1.1 1021 180  0.7 7  3.3  98    4   92 262 -319  2
3823500 2818500 11 19 12  -0.4 1021 189  0.8 6  3.5  98    2  103 260 -323  2
3823500 2818500 11 19 13   0.1 1021 187  1.2 7  3.7  98   18  123 262 -330  2
3823500 2818500 11 19 14   1.0 1021 184  1.6 7  3.8  98   43  116 268 -336  2
3823500 2818500 11 19 15   1.1 1020 202  1.0 7  4.0  98   38   83 272 -338  2
3823500 2818500 11 19 16   1.3 1020 209  1.0 7  4.0  98   15   40 275 -339  2
3823500 2818500 11 19 17   1.4 1020 223  1.4 8  4.1  98    0    5 280 -337  2
3823500 2818500 11 19 18   1.4 1020 233  1.0 5  4.1  98    0    0 271 -335  2
3823500 2818500 11 19 19   1.8 1020 236  1.2 8  4.2  98    0    0 270 -333  2
3823500 2818500 11 19 20   2.0 1020 229  0.9 8  4.2  98    0    0 282 -332  2
3823500 2818500 11 19 21   2.4 1020 229  1.1 8  4.3  98    0    0 282 -331  2
3823500 2818500 11 19 22   2.7 1020 235  1.3 5  4.4  98    0    0 271 -332  2
3823500 2818500 11 19 23   2.9 1020 239  0.7 7  4.5  98    0    0 269 -332  2
3823500 2818500 11 19 24   3.0 1020 238  1.3 7  4.6  98    0    0 282 -332  2
3823500 2818500 11 20  1   3.0 1020 236  1.5 8  4.6  98    0    0 289 -331  2
3823500 2818500 11 20  2   2.8 1020 237  1.4 8  4.5  98    0    0 296 -327  2
3823500 2818500 11 20  3   3.0 1020 238  1.9 8  4.5  98    0    0 297 -324  2
3823500 2818500 11 20  4   3.1 1020 232  1.8 8  4.6  97    0    0 299 -323  2
3823500 2818500 11 20  5   3.3 1020 237  2.1 8  4.6  97    0    0 301 -323  2
3823500 2818500 11 20  6   3.4 1020 245  2.4 7  4.7  98    0    0 296 -324  2
3823500 2818500 11 20  7   3.5 1020 240  1.7 8  4.7  98    0    0 297 -326  2
3823500 2818500 11 20  8   3.3 1020 247  2.0 8  4.7  98    0    0 304 -327  2
3823500 2818500 11 20  9   3.6 1020 239  1.6 8  4.7  98    0   12 306 -329  2
3823500 2818500 11 20 10   4.1 1020 244  1.6 7  4.8  97    0   46 305 -332  2
3823500 2818500 11 20 11   4.8 1020 243  2.3 8  5.0  96    0   57 309 -335  2
3823500 2818500 11 20 12   5.5 1020 255  2.3 7  5.0  91    0   80 313 -338  2
3823500 2818500 11 20 13   5.9 1020 259  2.3 7  5.0  88    1  100 311 -339  2
3823500 2818500 11 20 14   6.6 1020 262  2.3 6  5.0  86    7  111 309 -340  2
3823500 2818500 11 20 15   6.8 1020 261  1.8 7  5.1  84    2   71 312 -342  2
3823500 2818500 11 20 16   6.5 1020 250  2.1 8  5.1  85    2   34 325 -343  2
3823500 2818500 11 20 17   5.9 1020 259  1.5 7  5.1  87    0    5 325 -344  2
3823500 2818500 11 20 18   6.0 1020 255  1.9 7  5.1  89    0    0 318 -344  2
3823500 2818500 11 20 19   6.0 1020 254  1.9 8  5.2  90    0    0 325 -345  2
3823500 2818500 11 20 20   5.7 1020 250  2.5 8  5.2  90    0    0 331 -345  2
3823500 2818500 11 20 21   5.8 1020 252  2.4 7  5.2  91    0    0 326 -345  2
3823500 2818500 11 20 22   5.9 1020 244  2.3 7  5.2  92    0    0 321 -346  2
3823500 2818500 11 20 23   5.9 1020 257  1.9 7  5.2  91    0    0 322 -347  2
3823500 2818500 11 20 24   5.2 1020 253  2.3 6  5.1  91    0    0 315 -349  2
3823500 2818500 11 21  1   5.4 1020 280  2.9 6  5.1  92    0    0 307 -350  2
3823500 2818500 11 21  2   5.8 1020 272  2.5 6  5.2  93    0    0 309 -352  2
3823500 2818500 11 21  3   6.0 1019 264  3.3 7  5.3  93    0    0 316 -354  2
3823500 2818500 11 21  4   6.8 1019 282  3.8 8  5.6  94    0    0 330 -354  2
3823500 2818500 11 21  5   7.6 1019 294  3.3 8  5.9  94    0    0 338 -354  2
3823500 2818500 11 21  6   7.8 1018 303  2.1 8  6.2  96    0    0 338 -353  2
3823500 2818500 11 21  7   8.5 1018 316  1.9 7  6.6  98    0    0 332 -352  2
3823500 2818500 11 21  8   9.1 1019 360  2.0 7  6.8  96    0    0 326 -349  2
3823500 2818500 11 21  9   8.1 1019  40  2.4 8  6.5  94    0    7 328 -345  2
3823500 2818500 11 21 10   7.1 1020  50  2.4 8  5.8  90    0   29 327 -344  2
3823500 2818500 11 21 11   5.9 1021  72  2.0 7  5.2  87    4   89 314 -345  2
3823500 2818500 11 21 12   6.3 1021  73  2.0 4  4.9  85   57  147 287 -347  2
3823500 2818500 11 21 13   6.4 1022  57  2.1 3  4.9  82  121  144 263 -348  2
3823500 2818500 11 21 14   6.6 1022  34  2.1 4  4.8  80  113  129 263 -348  2
3823500 2818500 11 21 15   6.2 1022  44  1.7 4  4.5  76   67   98 266 -345  2
3823500 2818500 11 21 16   5.3 1023  60  1.5 5  4.4  77   22   48 268 -340  2
3823500 2818500 11 21 17   4.2 1023  60  1.2 5  4.3  81    0    8 267 -338  2
3823500 2818500 11 21 18   3.4 1024  52  0.3 6  4.1  83    0    0 265 -334  2
3823500 2818500 11 21 19   2.5 1025  60  0.3 5  4.0  86    0    0 261 -329  2
3823500 2818500 11 21 20   1.9 1025  64  0.1 4  3.9  89    0    0 248 -323  2
3823500 2818500 11 21 21   1.4 1026  73  0.3 3  3.8  90    0    0 234 -321  2
3823500 2818500 11 21 22   0.7 1026  67  0.3 2  3.7  91    0    0 220 -320  2
3823500 2818500 11 21 23   0.0 1027  77  0.2 2  3.5  91    0    0 211 -319  2
3823500 2818500 11 21 24   0.0 1027  40  0.3 2  3.4  92    0    0 209 -319  2
3823500 2818500 11 22  1  -1.0 1028  44  0.4 2  3.4  94    0    0 207 -317  2
3823500 2818500 11 22  2  -1.8 1028  29  0.1 0  3.2  96    0    0 197 -316  2
3823500 2818500 11 22  3  -2.7 1028  18  0.5 0  3.1  98    0    0 184 -315  2
3823500 2818500 11 22  4  -2.9 1028 101  0.9 2  3.0  98    0    0 192 -315  2
3823500 2818500 11 22  5  -2.5 1029  62  0.2 5  3.0  98    0    0 218 -315  2
3823500 2818500 11 22  6  -2.7 1029 113  0.0 5  3.1 100    0    0 233 -315  2
3823500 2818500 11 22  7  -2.3 1029  60  0.1 4  3.1 100    0    0 229 -315  2
3823500 2818500 11 22  8  -2.4 1029  76  0.1 5  3.1 100    0    0 229 -314  2
3823500 2818500 11 22  9  -2.1 1029  55  0.2 6  3.1  99    0   12 241 -314  2
3823500 2818500 11 22 10  -0.9 1030 118  0.0 8  3.3  98    6   56 262 -315  2
3823500 2818500 11 22 11   0.0 1030 130  0.1 5  3.5  98   75   76 261 -317  2
3823500 2818500 11 22 12   0.7 1030 106  0.4 6  3.7  97   41  106 254 -319  2
3823500 2818500 11 22 13   1.5 1030  21  0.3 7  3.9  96    3   92 269 -321  2
3823500 2818500 11 22 14   1.8 1030   5  0.1 7  4.0  94    0   67 278 -323  2
3823500 2818500 11 22 15   2.3 1030  20  0.4 7  4.0  92    1   57 280 -323  2
3823500 2818500 11 22 16   2.0 1030   7  0.1 7  4.0  92   13   29 282 -321  2
3823500 2818500 11 22 17   1.9 1030 116  0.6 7  4.0  93    0    5 284 -320  2
3823500 2818500 11 22 18   1.9 1030 351  0.7 7  4.0  93    0    0 284 -319  2
3823500 2818500 11 22 19   1.7 1030   6  0.1 6  4.0  93    0    0 280 -319  2
3823500 2818500 11 22 20   1.8 1031  11  0.3 6  4.0  93    0    0 277 -318  2
3823500 2818500 11 22 21   1.2 1030  42  0.1 6  3.9  94    0    0 277 -318  2
3823500 2818500 11 22 22   1.4 1031  37  0.8 6  3.9  94    0    0 279 -318  2
3823500 2818500 11 22 23   1.4 1031  74  0.8 7  3.9  95    0    0 286 -319  2
3823500 2818500 11 22 24   1.5 1031  69  0.4 6  4.0  96    0    0 288 -319  2
3823500 2818500 11 23  1   1.5 1030 115  0.7 7  4.0  96    0    0 290 -319  2
3823500 2818500 11 23  2   1.5 1030 129  0.9 7  4.0  95    0    0 298 -320  2
3823500 2818500 11 23  3   1.3 1030 153  0.9 6  3.9  95    0    0 294 -320  2
3823500 2818500 11 23  4   1.4 1030 318  0.7 7  4.0  97    0    0 295 -322  2
3823500 2818500 11 23  5   1.6 1029 159  0.8 7  4.0  97    0    0 302 -324  2
3823500 2818500 11 23  6   1.4 1029  95  0.9 8  4.0  97    0    0 309 -324  2
3823500 2818500 11 23  7   1.2 1029 171  1.0 8  4.0  98    0    0 314 -325  2
3823500 2818500 11 23  8   0.9 1029 162  0.6 8  4.0  99    0    0 314 -326  2
3823500 2818500 11 23  9   1.0 1029 196  0.6 8  3.9  97    0    6 315 -326  2
3823500 2818500 11 23 10   1.2 1029 294  0.3 6  3.9  96    0   51 305 -328  2
3823500 2818500 11 23 11   1.9 1029  17  0.6 6  4.0  96    0   70 296 -330  2
3823500 2818500 11 23 12   2.6 1029 252  0.3 6  4.2  95    6  116 298 -333  2
3823500 2818500 11 23 13   3.9 1028 347  0.5 6  4.3  90   12  132 301 -336  2
3823500 2818500 11 23 14   4.0 1027 356  0.4 6  4.3  86    2   90 302 -336  2
3823500 2818500 11 23 15   3.9 1026  40  0.7 7  4.2  86    0   51 307 -335  2
3823500 2818500 11 23 16   3.5 1026 330  0.6 8  4.3  87    0   19 317 -334  2
3823500 2818500 11 23 17   3.3 1025 308  0.4 8  4.2  88    0    1 321 -333  2
3823500 2818500 11 23 18   3.1 1025 279  0.4 7  4.2  88    0    0 314 -333  2
3823500 2818500 11 23 19   3.1 1025 204  0.5 7  4.2  90    0    0 308 -332  2
3823500 2818500 11 23 20   3.1 1024 228  0.5 7  4.3  91    0    0 308 -332  2
3823500 2818500 11 23 21   2.7 1024 263  0.5 6  4.3  93    0    0 302 -332  2
3823500 2818500 11 23 22   2.7 1023 280  0.5 7  4.3  95    0    0 300 -332  2
3823500 2818500 11 23 23   2.6 1023 240  0.3 7  4.4  96    0    0 305 -331  2
3823500 2818500 11 23 24   2.9 1022 203  0.1 6  4.4  96    0    0 300 -331  2
3823500 2818500 11 24  1   2.5 1021 226  0.2 7  4.4  96    0    0 300 -331  2
3823500 2818500 11 24  2   2.6 1019 179  0.4 7  4.4  98    0    0 304 -331  2
3823500 2818500 11 24  3   2.2 1019 186  0.7 7  4.4  98    0    0 303 -331  2
3823500 2818500 11 24  4   2.3 1018 207  1.0 7  4.3  98    0    0 302 -331  2
3823500 2818500 11 24  5   2.1 1017 178  1.0 6  4.3  97    0    0 297 -330  2
3823500 2818500 11 24  6   1.5 1016 190  1.3 7  4.2  98    0    0 296 -329  2
3823500 2818500 11 24  7   1.3 1014 199  1.5 7  4.1  98    0    0 300 -328  2
3823500 2818500 11 24  8   1.8 1013 186  1.4 8  4.1  96    0    0 306 -326  2
3823500 2818500 11 24  9   1.5 1012 189  1.2 8  4.1  96    0   14 312 -326  2
3823500 2818500 11 24 10   1.9 1011 197  2.0 6  4.1  96    9   55 302 -328  2
3823500 2818500 11 24 11   2.7 1009 183  2.1 7  4.2  94    0   59 299 -330  2
3823500 2818500 11 24 12   3.3 1008 203  3.0 8  4.4  93    0   65 309 -333  2
3823500 2818500 11 24 13   3.4 1006 179  3.0 8  4.5  92    0   49 314 -335  2
3823500 2818500 11 24 14   3.4 1003 188  3.2 8  4.5  92    0   40 313 -335  2
3823500 2818500 11 24 15   3.0 1001 197  2.8 7  4.4  91    0   32 308 -335  2
3823500 2818500 11 24 16   2.6  999 190  4.3 8  4.3  91    0   16 304 -334  2
3823500 2818500 11 24 17   2.5  996 182  4.7 8  4.2  91    0    2 306 -333  2
3823500 2818500 11 24 18   2.5  994 190  4.8 8  4.2  92    0    0 304 -332  2
3823500 2818500 11 24 19   2.4  992 180  5.0 8  4.3  93    0    0 303 -331  2
3823500 2818500 11 24 20   2.2  989 195  5.7 8  4.3  93    0    0 303 -331  2
3823500 2818500 11 24 21   2.1  987 185  5.4 8  4.2  93    0    0 303 -331  2
3823500 2818500 11 24 22   2.4  985 191  4.5 8  4.2  92    0    0 306 -330  2
3823500 2818500 11 24 23   2.0  983 193  5.0 8  4.3  93    0    0 308 -328  2
3823500 2818500 11 24 24   2.0  981 201  4.0 7  4.3  95    0    0 304 -326  2
3823500 2818500 11 25  1   1.9  980 205  3.7 8  4.3  95    0    0 305 -325  2
3823500 2818500 11 25  2   2.2  978 211  3.8 8  4.3  95    0    0 309 -323  2
3823500 2818500 11 25  3   2.1  977 207  4.0 8  4.4  95    0    0 309 -320  2
3823500 2818500 11 25  4   2.1  975 209  5.1 8  4.3  93    0    0 306 -320  2
3823500 2818500 11 25  5   1.5  973 198  5.3 8  4.2  93    0    0 303 -320  2
3823500 2818500 11 25  6   0.6  971 188  6.2 8  4.1  95    0    0 299 -320  2
3823500 2818500 11 25  7   0.9  969 213  7.0 8  4.0  97    0    0 296 -320  2
3823500 2818500 11 25  8   0.6  969 208  7.2 8  4.1  98    0    0 295 -320  2
3823500 2818500 11 25  9   0.4  968 219  7.8 7  4.1  99    0   11 288 -320  2
3823500 2818500 11 25 10   0.7  968 230  8.5 8  4.1  99    5   41 288 -320  2
3823500 2818500 11 25 11   0.5  969 217  7.2 8  4.1  99    0   42 291 -322  2
3823500 2818500 11 25 12   0.1  969 222  7.7 6  4.0  99    0   30 278 -326  2
3823500 2818500 11 25 13   0.1  969 220  7.7 8  4.0  99    0   34 275 -330  2
3823500 2818500 11 25 14   0.3  969 217  7.9 5  4.0  99    0   71 270 -331  2
3823500 2818500 11 25 15   0.4  969 211  8.5 6  4.0  99    0   45 260 -330  2
3823500 2818500 11 25 16   0.0  970 220  7.9 8  4.0  99    0   18 274 -329  2
3823500 2818500 11 25 17  -0.1  970 224  8.0 7  3.9  99    0    1 278 -326  2
3823500 2818500 11 25 18  -0.2  970 212  7.7 5  3.9  99    0    0 260 -323  2
3823500 2818500 11 25 19  -0.3  971 201  8.0 8  3.9 100    0    0 264 -322  2
3823500 2818500 11 25 20  -0.2  971 217  7.6 7  3.9 100    0    0 272 -321  2
3823500 2818500 11 25 21  -0.2  971 194  5.9 8  3.9  99    0    0 271 -320  2
3823500 2818500 11 25 22  -0.1  971 193  6.0 8  3.9  99    0    0 273 -320  2
3823500 2818500 11 25 23  -0.1  971 198  6.0 8  3.9 100    0    0 271 -319  2
3823500 2818500 11 25 24   0.2  971 196  5.7 8  4.0 100    0    0 271 -315  2
3823500 2818500 11 26  1   0.1  972 197  6.5 8  3.9  99    0    0 270 -312  2
3823500 2818500 11 26  2   0.2  972 202  6.5 8  3.9  98    0    0 269 -311  2
3823500 2818500 11 26  3   0.4  973 193  6.2 8  4.0  98    0    0 268 -310  2
3823500 2818500 11 26  4   0.4  974 193  5.1 8  4.0  98    0    0 265 -308  2
3823500 2818500 11 26  5   0.4  974 185  3.8 8  4.0  98    0    0 264 -305  2
3823500 2818500 11 26  6   0.5  974 179  3.0 8  4.0  97    0    0 262 -303  2
3823500 2818500 11 26  7   0.4  975 172  2.7 7  3.9  97    0    0 256 -302  2
3823500 2818500 11 26  8   0.6  975 176  4.0 7  4.0  97    0    0 251 -303  2
3823500 2818500 11 26  9   0.4  975 172  4.2 8  4.0  97    0    7 254 -304  2
3823500 2818500 11 26 10   0.1  976 171  4.4 7  3.9  98    0   38 252 -307  2
3823500 2818500 11 26 11   0.2  976 171  4.0 8  3.9  98    0   40 250 -310  2
3823500 2818500 11 26 12   0.3  977 167  3.7 8  3.9  98    0   46 252 -313  2
3823500 2818500 11 26 13   0.3  977 170  3.3 8  3.9  98    0   44 251 -315  2
3823500 2818500 11 26 14   0.4  978 164  2.9 8  4.0  98    0   32 250 -316  2
3823500 2818500 11 26 15   0.5  978 157  2.8 7  4.0  98    0   30 245 -316  2
3823500 2818500 11 26 16   0.5  979 157  2.1 6  4.0  98    0   22 238 -314  2
3823500 2818500 11 26 17   0.3  979 148  2.2 6  4.0  99    0    4 234 -310  2
3823500 2818500 11 26 18   0.2  979 143  1.7 7  3.9  98    0    0 236 -306  2
3823500 2818500 11 26 19   0.2  980 160  2.3 7  3.9  98    0    0 241 -304  2
3823500 2818500 11 26 20   0.4  980 141  1.5 7  3.9  98    0    0 242 -303  2
3823500 2818500 11 26 21   0.5  981 133  1.5 7  4.0  98    0    0 244 -302  2
3823500 2818500 11 26 22   0.6  981 127  1.3 7  4.0  97    0    0 247 -301  2
3823500 2818500 11 26 23   0.2  981 135  1.2 6  3.8  95    0    0 249 -299  2
3823500 2818500 11 26 24  -0.4  981 151  1.1 6  3.5  92    0    0 247 -297  2
3823500 2818500 11 27  1  -1.1 1015 171  1.0 5  3.2  88    0    0 221 -308  2
3823500 2818500 11 27  2  -1.3 1015 194  1.0 5  2.9  86    0    0 216 -308  2
3823500 2818500 11 27  3  -1.1 1014 213  1.2 5  2.8  84    0    0 225 -308  2
3823500 2818500 11 27  4  -0.5 1014 221  1.5 6  3.0  84    0    0 249 -309  2
3823500 2818500 11 27  5  -0.3 1014 222  1.7 7  3.1  86    0    0 258 -310  2
3823500 2818500 11 27  6   0.4 1014 230  1.7 8  3.4  88    0    0 264 -311  2
3823500 2818500 11 27  7   0.7 1014 235  2.7 8  3.6  90    0    0 273 -312  2
3823500 2818500 11 27  8   0.8 1014 239  2.2 8  3.6  91    0    0 276 -313  2
3823500 2818500 11 27  9   1.0 1014 228  2.1 8  3.7  91    0    8 279 -314  2
3823500 2818500 11 27 10   1.3 1014 227  2.9 8  3.7  90    0   40 280 -316  2
3823500 2818500 11 27 11   1.5 1014 212  2.3 8  3.7  88    0   31 282 -318  2
3823500 2818500 11 27 12   1.4 1014 212  2.1 8  3.7  88    0   26 284 -322  2
3823500 2818500 11 27 13   1.4 1014 196  1.1 8  3.8  91    0   30 286 -325  2
3823500 2818500 11 27 14   1.7 1014 201  1.0 8  3.9  93    0   25 289 -326  2
3823500 2818500 11 27 15   2.3 1013 204  1.4 8  4.0  92    0   28 296 -326  2
3823500 2818500 11 27 16   2.9 1013 203  1.3 8  4.1  90    0   23 302 -326  2
3823500 2818500 11 27 17   3.4 1012 212  1.5 8  4.2  88    0    0 309 -325  2
3823500 2818500 11 27 18   3.7 1012 217  3.0 8  4.3  88    0    0 314 -325  2
3823500 2818500 11 27 19   3.7 1012 201  2.6 8  4.4  90    0    0 319 -328  2
3823500 2818500 11 27 20   4.1 1012 210  3.3 8  4.6  92    0    0 323 -330  2
3823500 2818500 11 27 21   4.4 1012 222  3.0 8  4.7  92    0    0 328 -331  2
3823500 2818500 11 27 22   4.8 1012 222  2.6 8  4.8  91    0    0 332 -332  2
3823500 2818500 11 27 23   5.1 1012 219  2.9 8  4.9  91    0    0 336 -332  2
3823500 2818500 11 27 24   5.4 1011 215  3.3 7  5.0  91    0    0 331 -333  2
3823500 2818500 11 28  1   5.8 1011 222  2.5 8  5.2  91    0    0 332 -333  2
3823500 2818500 11 28  2   6.0 1011 227  1.5 8  5.3  92    0    0 342 -335  2
3823500 2818500 11 28  3   6.3 1011 247  2.2 8  5.5  94    0    0 342 -337  2
3823500 2818500 11 28  4   6.7 1011 260  1.6 8  5.7  94    0    0 344 -341  2
3823500 2818500 11 28  5   7.0 1011 271  1.1 7  5.9  95    0    0 337 -344  2
3823500 2818500 11 28  6   7.3 1012 270  1.3 7  6.0  95    0    0 331 -347  2
3823500 2818500 11 28  7   7.4 1012 260  1.0 8  6.1  95    0    0 337 -348  2
3823500 2818500 11 28  8   7.4 1013 250  1.6 8  6.0  94    0    0 343 -346  2
3823500 2818500 11 28  9   7.1 1013 252  1.7 8  6.0  94    0    4 341 -344  2
3823500 2818500 11 28 10   7.3 1014 236  1.1 7  6.1  96    4   44 330 -344  2
3823500 2818500 11 28 11   7.6 1014 242  2.2 6  6.2  96   36   59 313 -346  2
3823500 2818500 11 28 12   8.3 1014 232  2.5 6  6.3  95    0   65 305 -349  2
3823500 2818500 11 28 13   9.0 1014 237  2.9 7  6.4  92    0   46 311 -352  2
3823500 2818500 11 28 14   9.0 1014 236  1.8 7  6.4  89   12   71 317 -353  2
3823500 2818500 11 28 15   8.8 1013 233  2.0 7  6.3  89    0   44 314 -353  2
3823500 2818500 11 28 16   8.5 1013 237  1.9 7  6.2  88    0   22 311 -349  2
3823500 2818500 11 28 17   8.2 1013 233  2.5 8  6.1  88    0    1 315 -345  2
3823500 2818500 11 28 18   8.2 1013 237  2.3 7  6.0  88    0    0 313 -341  2
3823500 2818500 11 28 19   7.9 1013 228  2.1 8  5.8  87    0    0 312 -338  2
3823500 2818500 11 28 20   7.6 1013 235  2.5 8  5.5  84    0    0 317 -336  2
3823500 2818500 11 28 21   7.1 1012 227  1.9 7  5.4  84    0    0 309 -334  2
3823500 2818500 11 28 22   7.1 1012 219  2.1 8  5.3  85    0    0 308 -333  2
3823500 2818500 11 28 23   7.0 1011 212  1.9 8  5.3  85    0    0 315 -332  2
3823500 2818500 11 28 24   7.0 1011 198  1.7 7  5.4  86    0    0 308 -331  2
3823500 2818500 11 29  1   6.8 1010 188  1.7 8  5.5  88    0    0 308 -330  2
3823500 2818500 11 29  2   6.9 1010 183  1.7 8  5.5  90    0    0 316 -329  2
3823500 2818500 11 29  3   7.2 1009 225  2.3 8  5.7  90    0    0 317 -328  2
3823500 2818500 11 29  4   7.0 1008 229  1.9 8  5.7  90    0    0 320 -327  2
3823500 2818500 11 29  5   7.0 1008 232  2.1 7  5.7  90    0    0 313 -327  2
3823500 2818500 11 29  6   6.9 1007 199  2.4 8  5.6  90    0    0 315 -328  2
3823500 2818500 11 29  7   7.3 1007 209  2.2 8  5.7  90    0    0 325 -328  2
3823500 2818500 11 29  8   7.4 1006 177  1.8 8  5.9  91    0    0 327 -328  2
3823500 2818500 11 29  9   7.7 1005 179  2.0 8  6.0  92    0    2 329 -328  2
3823500 2818500 11 29 10   8.1 1005 182  2.7 8  6.0  90    0   30 331 -329  2
3823500 2818500 11 29 11   8.0 1005 198  2.6 8  6.0  89    0   45 330 -333  2
3823500 2818500 11 29 12   8.0 1005 198  2.9 8  6.0  89    0   51 330 -338  2
3823500 2818500 11 29 13   8.1 1004 201  3.0 8  6.1  90    0   66 329 -342  2
3823500 2818500 11 29 14   8.0 1003 195  2.6 8  6.1  90    0   57 328 -345  2
3823500 2818500 11 29 15   7.7 1003 177  1.9 7  6.1  92    0   52 322 -345  2
3823500 2818500 11 29 16   7.6 1002 184  2.0 8  6.2  94    0   20 321 -342  2
3823500 2818500 11 29 17   7.4 1002 194  1.9 8  6.1  94    0    0 325 -337  2
3823500 2818500 11 29 18   7.3 1002 206  1.8 8  6.1  94    0    0 323 -332  2
3823500 2818500 11 29 19   7.2 1002 207  1.7 8  6.0  93    0    0 323 -328  2
3823500 2818500 11 29 20   7.1 1003 190  1.5 8  6.0  93    0    0 323 -325  2
3823500 2818500 11 29 21   6.9 1003 188  1.1 8  5.9  93    0    0 324 -322  2
3823500 2818500 11 29 22   6.8 1003 197  1.1 8  5.8  94    0    0 324 -321  2
3823500 2818500 11 29 23   6.7 1003 217  1.3 8  5.8  94    0    0 324 -323  2
3823500 2818500 11 29 24   6.4 1003 227  1.0 7  5.8  94    0    0 318 -324  2
3823500 2818500 11 30  1   5.9 1004 186  0.6 7  5.6  95    0    0 312 -324  2
3823500 2818500 11 30  2   5.3 1004 281  0.7 7  5.4  95    0    0 311 -324  2
3823500 2818500 11 30  3   5.6 1004 279  0.9 7  5.4  96    0    0 310 -321  2
3823500 2818500 11 30  4   5.8 1005 271  0.8 8  5.6  97    0    0 316 -320  2
3823500 2818500 11 30  5   5.7 1005 258  0.7 8  5.6  96    0    0 322 -319  2
3823500 2818500 11 30  6   5.9 1005 263  0.7 8  5.5  96    0    0 321 -319  2
3823500 2818500 11 30  7   5.9 1006 226  0.7 6  5.6  95    0    0 310 -320  2
3823500 2818500 11 30  8   5.9 1006 272  0.3 8  5.6  96    0    0 309 -321  2
3823500 2818500 11 30  9   6.0 1007 245  0.4 7  5.6  96    0    4 314 -324  2
3823500 2818500 11 30 10   6.3 1007 241  0.7 6  5.7  96    0   36 304 -327  2
3823500 2818500 11 30 11   6.5 1008 283  0.8 7  5.8  96    0   46 305 -330  2
3823500 2818500 11 30 12   6.6 1009 246  0.6 8  5.9  98    0   59 317 -334  2
3823500 2818500 11 30 13   6.9 1009 252  0.8 8  6.1  99    0   56 322 -339  2
3823500 2818500 11 30 14   7.0 1009 272  0.9 8  6.1  97    0   53 321 -342  2
3823500 2818500 11 30 15   7.1 1008 285  0.5 8  6.0  96    0   36 321 -342  2
3823500 2818500 11 30 16   7.2 1008 281  0.1 8  6.0  95    0   12 321 -336  2
3823500 2818500 11 30 17   7.1 1009 351  0.1 8  6.0  94    0    0 321 -330  2
3823500 2818500 11 30 18   7.0 1009  14  0.0 8  5.9  94    0    0 321 -325  2
3823500 2818500 11 30 19   7.0 1009 171  0.2 8  5.9  94    0    0 322 -324  2
3823500 2818500 11 30 20   7.0 1010 165  0.4 8  5.9  94    0    0 323 -322  2
3823500 2818500 11 30 21   6.8 1010 182  0.5 8  5.8  94    0    0 322 -320  2
3823500 2818500 11 30 22   6.8 1010 243  0.8 8  5.8  94    0    0 321 -319  2
3823500 2818500 11 30 23   6.6 1010 248  0.8 8  5.8  94    0    0 322 -319  2
3823500 2818500 11 30 24   6.4 1010 166  0.8 8  5.7  94    0    0 319 -319  2
3823500 2818500 12  1  1   5.5 1010  82  0.5 8  5.4  93    0    0 315 -318  2
3823500 2818500 12  1  2   4.1 1009   1  0.3 6  5.0  93    0    0 299 -317  2
3823500 2818500 12  1  3   4.0 1009  52  0.7 8  4.8  94    0    0 295 -317  2
3823500 2818500 12  1  4   4.5 1009 102  0.7 8  4.8  92    0    0 306 -317  2
3823500 2818500 12  1  5   4.0 1009 122  0.7 8  4.8  93    0    0 306 -317  2
3823500 2818500 12  1  6   3.0 1009 136  1.7 8  4.6  95    0    0 303 -316  2
3823500 2818500 12  1  7   2.6 1009 146  1.9 6  4.5  96    0    0 291 -316  2
3823500 2818500 12  1  8   2.5 1009 120  1.4 8  4.4  96    0    0 290 -315  2
3823500 2818500 12  1  9   2.1 1009 132  1.3 8  4.3  96    0    4 300 -315  2
3823500 2818500 12  1 10   2.4 1009 135  1.2 7  4.3  96    0   45 295 -316  2
3823500 2818500 12  1 11   3.2 1009 126  0.8 4  4.5  97   21  101 277 -317  2
3823500 2818500 12  1 12   4.0 1009 101  0.9 3  4.8  98   82  129 260 -319  2
3823500 2818500 12  1 13   3.8 1008  70  1.5 5  4.9  98   59  132 267 -320  2
3823500 2818500 12  1 14   4.3 1007  78  2.4 5  4.8  95   36  112 277 -321  2
3823500 2818500 12  1 15   4.1 1007  61  2.2 6  4.8  92    5   65 281 -321  2
3823500 2818500 12  1 16   4.0 1006  78  2.2 6  4.6  91    5   30 285 -320  2
3823500 2818500 12  1 17   3.6 1006  75  2.0 7  4.5  89    0    1 289 -319  2
3823500 2818500 12  1 18   3.6 1006  78  1.8 7  4.4  89    0    0 293 -317  2
3823500 2818500 12  1 19   3.8 1006  81  1.3 5  4.4  88    0    0 283 -315  2
3823500 2818500 12  1 20   4.2 1005  76  0.9 5  4.4  86    0    0 274 -315  2
3823500 2818500 12  1 21   3.9 1005  76  1.3 6  4.3  85    0    0 279 -314  2
3823500 2818500 12  1 22   3.8 1004  73  1.3 6  4.2  84    0    0 284 -313  2
3823500 2818500 12  1 23   3.7 1004  74  1.3 6  4.2  84    0    0 285 -311  2
3823500 2818500 12  1 24   3.6 1004  82  1.0 6  4.1  83    0    0 286 -310  2
3823500 2818500 12  2  1   3.6 1003  78  0.5 6  4.1  82    0    0 287 -308  2
3823500 2818500 12  2  2   3.6 1003  75  0.8 6  4.0  81    0    0 288 -307  2
3823500 2818500 12  2  3   3.3 1002  82  0.5 6  4.0  82    0    0 287 -307  2
3823500 2818500 12  2  4   3.5 1002  73  0.1 7  4.1  83    0    0 292 -308  2
3823500 2818500 12  2  5   3.4 1001  69  0.1 6  4.1  84    0    0 293 -309  2
3823500 2818500 12  2  6   3.4 1001  62  0.1 6  4.2  86    0    0 289 -310  2
3823500 2818500 12  2  7   3.3 1001  66  0.3 8  4.2  87    0    0 299 -311  2
3823500 2818500 12  2  8   3.4 1000  77  0.3 8  4.3  88    0    0 310 -312  2
3823500 2818500 12  2  9   3.4 1000  80  0.5 8  4.4  89    0    0 310 -314  2
3823500 2818500 12  2 10   3.4 1000  70  0.5 8  4.4  90    0   26 311 -315  2
3823500 2818500 12  2 11   3.5 1000  98  0.6 7  4.5  91    0   51 308 -317  2
3823500 2818500 12  2 12   3.2 1000 130  0.7 7  4.5  91    0   38 302 -319  2
3823500 2818500 12  2 13   2.6  999 165  0.3 7  4.3  91    0   41 302 -320  2
3823500 2818500 12  2 14   2.7  999 214  0.3 7  4.3  92    0   57 302 -322  2
3823500 2818500 12  2 15   2.7  999  18  0.2 5  4.3  92    8   73 292 -323  2
3823500 2818500 12  2 16   3.0  998  92  0.5 8  4.4  92    0    8 298 -321  2
3823500 2818500 12  2 17   2.9  998 258  0.8 7  4.3  91    0    0 308 -320  2
3823500 2818500 12  2 18   2.8  999 245  1.2 8  4.3  92    0    0 307 -320  2
3823500 2818500 12  2 19   2.8  999 233  1.7 8  4.3  92    0    0 311 -320  2
3823500 2818500 12  2 20   2.2  999 249  1.4 8  4.3  93    0    0 310 -320  2
3823500 2818500 12  2 21   2.5  999 267  1.2 8  4.3  94    0    0 311 -319  2
3823500 2818500 12  2 22   2.2  999 235  1.8 8  4.2  93    0    0 311 -319  2
3823500 2818500 12  2 23   2.1  999 262  1.4 8  4.2  93    0    0 311 -319  2
3823500 2818500 12  2 24   2.1 1000 261  1.5 8  4.2  93    0    0 312 -319  2
3823500 2818500 12  3  1   2.0 1000 246  1.1 7  4.2  94    0    0 307 -318  2
3823500 2818500 12  3  2   2.0 1000 252  1.5 8  4.2  94    0    0 308 -318  2
3823500 2818500 12  3  3   2.0 1001 261  2.1 7  4.2  94    0    0 309 -318  2
3823500 2818500 12  3  4   2.1 1001 259  1.7 8  4.2  94    0    0 309 -319  2
3823500 2818500 12  3  5   2.3 1001 259  1.7 8  4.2  94    0    0 316 -319  2
3823500 2818500 12  3  6   2.4 1001 255  1.2 7  4.3  94    0    0 310 -319  2
3823500 2818500 12  3  7   2.5 1002 277  1.5 8  4.3  94    0    0 310 -319  2
3823500 2818500 12  3  8   2.5 1002 255  1.3 8  4.3  93    0    0 317 -319  2
3823500 2818500 12  3  9   2.6 1002 272  1.3 7  4.3  94    0    0 311 -319  2
3823500 2818500 12  3 10   2.8 1003 262  1.1 7  4.4  94    1   38 306 -319  2
3823500 2818500 12  3 11   3.1 1003 285  0.6 7  4.4  94    1   59 307 -319  2
3823500 2818500 12  3 12   3.0 1003 231  1.0 7  4.4  92    0   75 307 -320  2
3823500 2818500 12  3 13   3.1 1003 254  1.3 6  4.3  90   22   98 301 -323  2
3823500 2818500 12  3 14   3.3 1003 230  1.5 6  4.3  90   32   86 295 -324  2
3823500 2818500 12  3 15   3.5 1004 222  1.7 5  4.4  89   14   58 290 -323  2
3823500 2818500 12  3 16   3.3 1004 213  1.4 6  4.3  89    9   21 289 -322  2
3823500 2818500 12  3 17   2.9 1004 206  1.2 7  4.3  90    0    0 297 -320  2
3823500 2818500 12  3 18   2.7 1004 216  1.6 7  4.3  92    0    0 299 -320  2
3823500 2818500 12  3 19   2.6 1004 236  1.6 7  4.3  93    0    0 297 -320  2
3823500 2818500 12  3 20   2.7 1005 180  1.8 7  4.4  94    0    0 295 -319  2
3823500 2818500 12  3 21   2.8 1005 184  0.8 7  4.4  94    0    0 296 -318  2
3823500 2818500 12  3 22   2.5 1006 152  0.5 6  4.3  93    0    0 290 -317  2
3823500 2818500 12  3 23   2.6 1006 176  1.1 6  4.3  94    0    0 283 -317  2
3823500 2818500 12  3 24   2.8 1006 169  1.7 6  4.4  94    0    0 281 -317  2
3823500 2818500 12  4  1   2.7 1007 176  1.1 7  4.4  94    0    0 285 -316  2
3823500 2818500 12  4  2   2.9 1007 177  0.9 7  4.4  95    0    0 289 -315  2
3823500 2818500 12  4  3   2.9 1007 171  0.4 6  4.5  95    0    0 281 -315  2
3823500 2818500 12  4  4   2.9 1007 188  0.1 7  4.5  95    0    0 280 -314  2
3823500 2818500 12  4  5   2.9 1007 212  0.5 7  4.5  95    0    0 287 -314  2
3823500 2818500 12  4  6   2.8 1008 179  0.7 6  4.5  96    0    0 281 -314  2
3823500 2818500 12  4  7   2.7 1008 203  0.1 7  4.5  96    0    0 281 -313  2
3823500 2818500 12  4  8   3.0 1009 182  0.1 8  4.5  96    0    0 295 -313  2
3823500 2818500 12  4  9   3.0 1009 219  0.1 6  4.5  96    0    0 291 -312  2
3823500 2818500 12  4 10   3.3 1010 178  0.1 7  4.6  96    0   35 286 -313  2
3823500 2818500 12  4 11   3.8 1011 204  1.2 7  4.7  96    2   59 296 -316  2
3823500 2818500 12  4 12   4.1 1011 217  0.7 5  4.8  96    0   71 286 -318  2
3823500 2818500 12  4 13   4.6 1012 223  0.8 5  4.9  95    5   80 274 -319  2
3823500 2818500 12  4 14   4.8 1012 246  1.1 7  5.0  94    8   71 290 -321  2
3823500 2818500 12  4 15   4.6 1013 249  1.2 7  5.0  93    0   47 305 -321  2
3823500 2818500 12  4 16   4.3 1013 242  0.8 8  4.9  94    0   18 312 -320  2
3823500 2818500 12  4 17   4.1 1013 236  0.1 6  4.8  94    0    0 307 -319  2
3823500 2818500 12  4 18   3.9 1014 255  0.8 6  4.8  94    0    0 296 -317  2
3823500 2818500 12  4 19   4.0 1015 246  0.1 8  4.7  94    0    0 310 -316  2
3823500 2818500 12  4 20   4.0 1015 243  0.4 8  4.7  93    0    0 323 -316  2
3823500 2818500 12  4 21   4.2 1016 213  0.8 7  4.7  92    0    0 318 -316  2
3823500 2818500 12  4 22   3.8 1016 219  1.1 7  4.6  91    0    0 311 -315  2
3823500 2818500 12  4 23   3.6 1017 200  1.2 7  4.5  92    0    0 309 -315  2
3823500 2818500 12  4 24   3.9 1017 220  1.2 6  4.6  92    0    0 303 -314  2
3823500 2818500 12  5  1   3.5 1018 204  1.2 6  4.6  93    0    0 297 -314  2
3823500 2818500 12  5  2   3.6 1018 204  0.7 7  4.7  96    0    0 302 -314  2
3823500 2818500 12  5  3   3.9 1018 180  0.6 6  4.7  94    0    0 301 -314  2
3823500 2818500 12  5  4   3.6 1019 195  0.9 7  4.6  94    0    0 300 -314  2
3823500 2818500 12  5  5   3.5 1019 202  1.5 7  4.5  93    0    0 304 -313  2
3823500 2818500 12  5  6   3.0 1019 191  1.5 8  4.4  93    0    0 308 -314  2
3823500 2818500 12  5  7   2.5 1019 205  1.4 8  4.3  93    0    0 309 -315  2
3823500 2818500 12  5  8   1.8 1019 217  1.8 7  4.1  94    0    0 299 -316  2
3823500 2818500 12  5  9   1.7 1020 179  1.1 8  4.1  95    0    0 296 -317  2
3823500 2818500 12  5 10   2.1 1020 186  2.1 8  4.2  98    0   28 300 -318  2
3823500 2818500 12  5 11   2.4 1021 212  2.0 6  4.4  99    0   36 289 -318  2
3823500 2818500 12  5 12   2.7 1021 200  2.0 7  4.4  97    7   78 283 -320  2
3823500 2818500 12  5 13   2.7 1021 200  2.0 8  4.4  95    2   76 290 -323  2
3823500 2818500 12  5 14   3.0 1021 193  1.7 8  4.4  94   21   72 293 -324  2
3823500 2818500 12  5 15   3.3 1021 196  1.8 7  4.4  94   18   50 288 -323  2
3823500 2818500 12  5 16   3.5 1021 196  1.6 6  4.4  92   18   13 280 -321  2
3823500 2818500 12  5 17   3.5 1021 193  1.6 7  4.4  92    0    2 280 -320  2
3823500 2818500 12  5 18   3.5 1021 199  1.2 8  4.5  93    0    0 289 -319  2
3823500 2818500 12  5 19   3.6 1021 183  1.8 7  4.5  93    0    0 291 -319  2
3823500 2818500 12  5 20   3.6 1022 196  1.6 7  4.5  92    0    0 288 -318  2
3823500 2818500 12  5 21   3.7 1022 188  1.6 8  4.5  92    0    0 293 -317  2
3823500 2818500 12  5 22   3.7 1022 179  1.8 7  4.5  91    0    0 294 -316  2
3823500 2818500 12  5 23   3.8 1022 182  1.9 7  4.5  91    0    0 291 -316  2
3823500 2818500 12  5 24   3.9 1021 179  2.3 8  4.5  91    0    0 296 -315  2
3823500 2818500 12  6  1   4.1 1021 194  2.3 7  4.5  90    0    0 296 -315  2
3823500 2818500 12  6  2   4.0 1021 198  2.2 7  4.5  90    0    0 291 -313  2
3823500 2818500 12  6  3   4.0 1021 185  2.0 8  4.6  91    0    0 294 -312  2
3823500 2818500 12  6  4   4.0 1020 191  2.4 8  4.6  92    0    0 300 -311  2
3823500 2818500 12  6  5   4.2 1020 196  2.2 8  4.6  92    0    0 301 -310  2
3823500 2818500 12  6  6   4.3 1020 200  2.3 8  4.7  92    0    0 303 -309  2
3823500 2818500 12  6  7   4.1 1020 180  2.4 8  4.8  94    0    0 302 -308  2
3823500 2818500 12  6  8   4.1 1020 179  2.5 8  4.8  94    0    0 300 -308  2
3823500 2818500 12  6  9   4.1 1019 186  2.4 8  4.8  94    0    0 300 -308  2
3823500 2818500 12  6 10   4.4 1019 206  2.5 8  4.8  94    0   17 301 -308  2
3823500 2818500 12  6 11   4.5 1019 213  3.3 7  4.9  94    0   56 298 -312  2
3823500 2818500 12  6 12   4.8 1019 232  3.0 8  4.9  93    0   32 301 -316  2
3823500 2818500 12  6 13   5.0 1019 229  3.3 7  5.0  93    1   85 305 -319  2
3823500 2818500 12  6 14   5.6 1019 229  2.8 7  5.0  92    0   41 304 -320  2
3823500 2818500 12  6 15   5.6 1018 233  2.8 7  5.2  92    0   27 307 -320  2
3823500 2818500 12  6 16   5.9 1018 239  2.9 8  5.3  94    0    6 315 -320  2
3823500 2818500 12  6 17   6.2 1018 236  2.7 8  5.5  94    0    0 322 -319  2
3823500 2818500 12  6 18   6.4 1018 241  2.3 8  5.5  94    0    0 322 -319  2
3823500 2818500 12  6 19   6.7 1019 252  2.5 8  5.6  93    0    0 321 -319  2
3823500 2818500 12  6 20   6.9 1019 251  2.4 8  5.7  93    0    0 322 -320  2
3823500 2818500 12  6 21   6.8 1019 253  2.5 8  5.8  94    0    0 323 -321  2
3823500 2818500 12  6 22   7.0 1019 239  2.0 7  5.8  94    0    0 319 -323  2
3823500 2818500 12  6 23   7.1 1019 242  2.0 8  5.8  93    0    0 320 -323  2
3823500 2818500 12  6 24   6.5 1019 250  1.5 8  5.8  95    0    0 324 -323  2
3823500 2818500 12  7  1   6.9 1020 233  2.2 8  5.8  95    0    0 323 -324  2
3823500 2818500 12  7  2   6.7 1020 248  1.5 8  5.7  93    0    0 324 -325  2
3823500 2818500 12  7  3   6.0 1019 244  2.3 7  5.5  94    0    0 316 -326  2
3823500 2818500 12  7  4   6.2 1020 238  2.7 8  5.5  94    0    0 315 -327  2
3823500 2818500 12  7  5   6.0 1020 247  2.7 8  5.4  93    0    0 320 -326  2
3823500 2818500 12  7  6   5.6 1020 252  2.4 7  5.4  94    0    0 313 -323  2
3823500 2818500 12  7  7   5.8 1020 249  3.4 8  5.3  94    0    0 312 -321  2
3823500 2818500 12  7  8   5.6 1020 244  2.8 8  5.3  94    0    0 317 -320  2
3823500 2818500 12  7  9   6.0 1020 226  2.7 8  5.4  95    0    0 319 -320  2
3823500 2818500 12  7 10   6.2 1020 223  2.8 8  5.5  95    0   17 321 -322  2
3823500 2818500 12  7 11   6.5 1021 235  3.0 8  5.6  94    0   29 323 -326  2
3823500 2818500 12  7 12   6.8 1021 240  2.8 7  5.7  95    0   56 317 -330  2
3823500 2818500 12  7 13   7.2 1020 235  1.8 7  5.8  94    0   78 309 -334  2
3823500 2818500 12  7 14   7.4 1020 230  2.2 8  5.8  92    0   31 313 -337  2
3823500 2818500 12  7 15   7.6 1020 229  2.0 6  5.8  90    0   51 306 -337  2
3823500 2818500 12  7 16   7.6 1019 231  1.9 8  5.7  89    3   26 305 -333  2
3823500 2818500 12  7 17   7.3 1019 217  2.3 7  5.7  89    0    0 310 -327  2
3823500 2818500 12  7 18   7.1 1019 216  1.7 7  5.7  90    0    0 302 -322  2
3823500 2818500 12  7 19   7.1 1020 225  2.0 8  5.6  90    0    0 306 -321  2
3823500 2818500 12  7 20   7.2 1020 229  1.6 8  5.5  89    0    0 312 -320  2
3823500 2818500 12  7 21   7.3 1020 220  1.4 8  5.5  87    0    0 313 -320  2
3823500 2818500 12  7 22   7.3 1020 213  1.6 8  5.4  86    0    0 314 -320  2
3823500 2818500 12  7 23   7.2 1020 223  1.4 8  5.4  85    0    0 313 -321  2
3823500 2818500 12  7 24   7.1 1020 231  1.4 8  5.3  85    0    0 313 -322  2
3823500 2818500 12  8  1   7.0 1020 240  1.3 7  5.3  85    0    0 307 -320  2
3823500 2818500 12  8  2   7.0 1020 235  1.5 8  5.3  85    0    0 304 -319  2
3823500 2818500 12  8  3   6.9 1020 225  1.2 7  5.2  85    0    0 302 -319  2
3823500 2818500 12  8  4   6.8 1020 224  1.8 8  5.2  85    0    0 299 -318  2
3823500 2818500 12  8  5   6.7 1020 229  1.5 8  5.2  85    0    0 302 -317  2
3823500 2818500 12  8  6   6.2 1020 236  1.2 8  5.1  86    0    0 299 -317  2
3823500 2818500 12  8  7   6.0 1020 236  1.5 7  5.0  87    0    0 290 -318  2
3823500 2818500 12  8  8   5.7 1020 239  1.5 7  5.0  88    0    0 283 -318  2
3823500 2818500 12  8  9   5.3 1020 242  1.5 7  5.0  89    0    0 281 -318  2
3823500 2818500 12  8 10   5.3 1021 233  1.8 7  5.0  90    0   12 279 -318  2
3823500 2818500 12  8 11   5.3 1021 236  1.9 8  4.9  90    0   28 284 -318  2
3823500 2818500 12  8 12   5.5 1021 238  2.0 7  4.9  89    0   56 282 -320  2
3823500 2818500 12  8 13   5.6 1021 223  1.1 6  5.0  89    0   81 270 -322  2
3823500 2818500 12  8 14   5.8 1021 215  1.2 5  5.0  88    7   95 260 -325  2
3823500 2818500 12  8 15   6.2 1021 219  1.6 5  5.0  87    9   72 258 -326  2
3823500 2818500 12  8 16   6.2 1020 217  1.3 8  5.0  86    2   24 273 -325  2
3823500 2818500 12  8 17   6.1 1021 234  1.3 8  5.0  86    0    0 285 -321  2
3823500 2818500 12  8 18   6.1 1021 234  1.2 8  5.0  86    0    0 287 -320  2
3823500 2818500 12  8 19   6.2 1021 260  1.1 7  5.0  86    0    0 286 -319  2
3823500 2818500 12  8 20   6.2 1021 287  0.7 7  5.1  86    0    0 282 -319  2
3823500 2818500 12  8 21   6.1 1022 264  0.9 8  5.1  87    0    0 288 -318  2
3823500 2818500 12  8 22   6.2 1022 269  0.5 8  5.1  88    0    0 294 -318  2
3823500 2818500 12  8 23   6.1 1022 256  0.7 8  5.1  88    0    0 295 -317  2
3823500 2818500 12  8 24   5.9 1022 254  0.9 8  5.2  90    0    0 295 -317  2
3823500 2818500 12  9  1   5.8 1023 286  1.0 7  5.2  91    0    0 291 -316  2
3823500 2818500 12  9  2   5.7 1023 311  0.9 7  5.2  92    0    0 287 -316  2
3823500 2818500 12  9  3   5.6 1023 341  1.2 7  5.2  92    0    0 289 -316  2
3823500 2818500 12  9  4   5.2 1023 350  1.3 7  5.0  91    0    0 289 -316  2
3823500 2818500 12  9  5   5.1 1023 104  0.7 7  4.8  88    0    0 292 -315  2
3823500 2818500 12  9  6   4.9 1023  23  0.6 8  4.6  87    0    0 299 -315  2
3823500 2818500 12  9  7   4.8 1023 277  0.6 7  4.6  86    0    0 302 -313  2
3823500 2818500 12  9  8   4.0 1023 263  0.5 7  4.4  86    0    0 298 -313  2
3823500 2818500 12  9  9   3.8 1023 274  0.7 6  4.2  85    0    0 294 -313  2
3823500 2818500 12  9 10   4.4 1024 147  1.1 7  4.2  82    2   43 298 -314  2
3823500 2818500 12  9 11   6.7 1024 137  0.7 3  4.3  77   37   97 288 -316  2
3823500 2818500 12  9 12   6.0 1025 273  0.4 3  4.4  76   64  124 271 -319  2
3823500 2818500 12  9 13   7.4 1024 261  0.6 2  4.4  74   82  127 268 -321  2
3823500 2818500 12  9 14   7.7 1024 353  0.9 2  4.4  68   75  111 267 -323  2
3823500 2818500 12  9 15   6.3 1024  86  1.0 4  4.3  70   34   78 275 -322  2
3823500 2818500 12  9 16   5.4 1024  86  1.3 4  4.2  74    4   25 281 -320  2
3823500 2818500 12  9 17   4.0 1024  98  0.9 5  4.2  79    0    1 282 -319  2
3823500 2818500 12  9 18   3.4 1024 103  0.7 4  3.9  80    0    0 280 -318  2
3823500 2818500 12  9 19   1.3 1024  97  0.6 1  3.6  81    0    0 259 -317  2
3823500 2818500 12  9 20   0.5 1024  75  0.5 0  3.4  86    0    0 239 -317  2
3823500 2818500 12  9 21  -0.4 1024  57  0.4 0  3.3  89    0    0 233 -317  2
3823500 2818500 12  9 22  -0.4 1024  60  0.3 1  3.3  90    0    0 235 -316  2
3823500 2818500 12  9 23  -0.2 1024  54  0.4 1  3.3  90    0    0 239 -316  2
3823500 2818500 12  9 24  -0.2 1024  60  0.9 2  3.4  91    0    0 243 -316  2
3823500 2818500 12 10  1  -0.6 1024  64  0.6 1  3.4  93    0    0 243 -316  2
3823500 2818500 12 10  2  -0.8 1024  56  0.7 0  3.3  94    0    0 233 -316  2
3823500 2818500 12 10  3  -1.0 1023  59  0.8 2  3.3  94    0    0 236 -316  2
3823500 2818500 12 10  4  -1.0 1023  76  1.0 4  3.3  95    0    0 251 -316  2
3823500 2818500 12 10  5  -1.4 1022  86  1.1 3  3.3  97    0    0 254 -315  2
3823500 2818500 12 10  6  -1.7 1022  84  0.5 2  3.3  97    0    0 244 -315  2
3823500 2818500 12 10  7  -1.2 1022  78  0.8 7  3.2  96    0    0 260 -315  2
3823500 2818500 12 10  8  -0.9 1022  73  0.8 6  3.3  94    0    0 277 -314  2
3823500 2818500 12 10  9  -0.9 1021  77  1.2 5  3.2  92    0    0 268 -314  2
3823500 2818500 12 10 10  -0.6 1021  87  1.1 6  3.3  92    0   38 268 -314  2
3823500 2818500 12 10 11  -0.2 1021  95  1.1 6  3.4  92    5   72 276 -316  2
3823500 2818500 12 10 12   0.2 1021  79  1.5 4  3.5  92   42  113 268 -318  2
3823500 2818500 12 10 13   0.2 1021  81  2.1 2  3.5  92  106  102 249 -320  2
3823500 2818500 12 10 14   1.6 1020  70  1.7 2  3.6  89  103   86 240 -322  2
3823500 2818500 12 10 15   2.0 1020  73  1.2 2  3.6  84   73   58 243 -322  2
3823500 2818500 12 10 16   1.1 1019  79  0.8 2  3.4  82   22   24 243 -321  2
3823500 2818500 12 10 17   0.2 1019  63  0.9 1  3.3  82    0    2 235 -319  2
3823500 2818500 12 10 18  -0.5 1018  75  0.2 0  3.2  85    0    0 220 -319  2
3823500 2818500 12 10 19  -0.9 1018  77  0.2 0  3.1  86    0    0 214 -318  2
3823500 2818500 12 10 20  -1.4 1018  78  0.1 0  3.0  87    0    0 212 -318  2
3823500 2818500 12 10 21  -1.6 1018  73  0.1 1  2.9  87    0    0 217 -317  2
3823500 2818500 12 10 22  -1.9 1017  70  0.1 1  2.9  88    0    0 224 -317  2
3823500 2818500 12 10 23  -2.2 1017  84  0.2 0  2.9  88    0    0 218 -316  2
3823500 2818500 12 10 24  -2.5 1017  81  0.5 0  2.8  87    0    0 212 -316  2
3823500 2818500 12 11  1  -3.0 1017  90  0.1 0  2.7  89    0    0 212 -315  2
3823500 2818500 12 11  2  -2.4 1017  77  0.2 0  2.7  89    0    0 214 -315  2
3823500 2818500 12 11  3  -3.1 1017  82  0.1 0  2.8  89    0    0 214 -314  2
3823500 2818500 12 11  4  -2.8 1016  91  0.4 1  2.8  91    0    0 220 -314  2
3823500 2818500 12 11  5  -3.1 1016 107  0.4 0  2.7  89    0    0 220 -313  2
3823500 2818500 12 11  6  -3.4 1016 112  0.5 0  2.6  88    0    0 214 -313  2
3823500 2818500 12 11  7  -4.2 1016  95  0.1 0  2.5  89    0    0 213 -312  2
3823500 2818500 12 11  8  -4.8 1016 200  0.1 0  2.4  90    0    0 212 -311  2
3823500 2818500 12 11  9  -5.2 1016 252  0.0 0  2.4  92    0    0 210 -310  2
3823500 2818500 12 11 10  -2.2 1016  43  0.0 1  2.6  92   19   44 219 -310  2
3823500 2818500 12 11 11   0.5 1017  32  0.0 0  3.3  92   90   65 227 -313  2
3823500 2818500 12 11 12   4.7 1017 256  0.0 1  3.8  82  141   71 236 -316  2
3823500 2818500 12 11 13   4.2 1017 220  0.1 1  3.8  74  165   67 244 -318  2
3823500 2818500 12 11 14   4.2 1017 240  0.4 1  3.6  70  153   56 242 -319  2
3823500 2818500 12 11 15   4.6 1017 233  0.1 1  3.4  65   98   45 241 -320  2
3823500 2818500 12 11 16   2.9 1017 242  0.1 1  3.2  66   26   23 238 -319  2
3823500 2818500 12 11 17   0.2 1017 260  0.3 2  2.9  70    0    2 234 -319  2
3823500 2818500 12 11 18  -1.4 1017 217  0.5 2  2.9  79    0    0 230 -316  2
3823500 2818500 12 11 19  -1.6 1017 260  0.6 1  2.9  85    0    0 226 -314  2
3823500 2818500 12 11 20  -1.5 1018 255  0.7 4  3.0  87    0    0 230 -313  2
3823500 2818500 12 11 21  -1.4 1018 265  0.9 5  3.1  90    0    0 246 -312  2
3823500 2818500 12 11 22  -1.4 1018 266  1.1 6  3.1  92    0    0 249 -311  2
3823500 2818500 12 11 23  -1.0 1019 248  1.3 7  3.3  93    0    0 248 -310  2
3823500 2818500 12 11 24  -0.5 1019 221  1.4 7  3.5  93    0    0 253 -310  2
3823500 2818500 12 12  1   0.2 1003 187  1.4 7  3.7  93    0    0 281 -320  2
3823500 2818500 12 12  2   0.8 1003 162  1.4 7  3.8  93    0    0 281 -320  2
3823500 2818500 12 12  3   1.2 1003 145  1.4 6  3.9  92    0    0 274 -320  2
3823500 2818500 12 12  4   1.1 1003 144  1.5 6  3.8  92    0    0 265 -320  2
3823500 2818500 12 12  5   0.9 1002 142  1.5 7  3.8  92    0    0 271 -319  2
3823500 2818500 12 12  6   0.7 1002 127  1.5 6  3.7  90    0    0 268 -319  2
3823500 2818500 12 12  7   0.3 1002 148  1.5 7  3.6  92    0    0 262 -319  2
3823500 2818500 12 12  8  -0.2 1002 113  1.1 7  3.6  94    0    0 269 -319  2
3823500 2818500 12 12  9  -0.1 1003 126  1.2 6  3.7  96    0    4 254 -319  2
3823500 2818500 12 12 10   0.5 1003 161  1.4 8  3.8  97    0   29 268 -320  2
3823500 2818500 12 12 11   0.8 1003 146  1.4 7  3.8  95    8   83 283 -320  2
3823500 2818500 12 12 12   1.1 1004 122  1.3 6  3.8  92   33  121 261 -320  2
3823500 2818500 12 12 13   1.4 1003 122  1.2 5  3.8  90   35  126 243 -321  2
3823500 2818500 12 12 14   1.7 1003 122  0.8 5  3.9  90   37  114 236 -323  2
3823500 2818500 12 12 15   2.0 1003 130  0.9 6  3.9  89    5   63 249 -323  2
3823500 2818500 12 12 16   1.2 1003  92  1.4 6  3.8  89    0   14 261 -321  2
3823500 2818500 12 12 17   1.2 1004  99  0.6 7  3.8  91    0    0 273 -320  2
3823500 2818500 12 12 18   1.0 1004 111  1.1 7  3.8  92    0    0 283 -320  2
3823500 2818500 12 12 19   0.8 1004 112  1.0 7  3.8  93    0    0 283 -319  2
3823500 2818500 12 12 20   0.7 1004 123  0.8 7  3.8  95    0    0 283 -319  2
3823500 2818500 12 12 21   0.6 1004 145  0.9 8  3.8  95    0    0 286 -319  2
3823500 2818500 12 12 22   0.3 1005 133  0.6 7  3.8  96    0    0 285 -318  2
3823500 2818500 12 12 23   0.3 1005 150  0.9 6  3.8  97    0    0 275 -318  2
3823500 2818500 12 12 24   0.2 1005 155  0.8 6  3.8  97    0    0 269 -318  2
3823500 2818500 12 13  1  -0.8 1005 196  0.6 4  3.6  97    0    0 257 -318  2
3823500 2818500 12 13  2  -1.2 1005 183  0.8 3  3.5  98    0    0 241 -318  2
3823500 2818500 12 13  3  -1.7 1005 193  1.3 1  3.4 100    0    0 227 -319  2
3823500 2818500 12 13  4  -1.6 1006 177  1.2 1  3.4 100    0    0 217 -319  2
3823500 2818500 12 13  5  -1.5 1006 187  1.4 2  3.4 100    0    0 222 -319  2
3823500 2818500 12 13  6  -0.2 1006 221  1.8 5  3.6  99    0    0 244 -319  2
3823500 2818500 12 13  7  -0.1 1006 241  2.2 7  3.7  98    0    0 270 -319  2
3823500 2818500 12 13  8  -0.1 1007 225  2.3 8  3.7  98    0    0 284 -319  2
3823500 2818500 12 13  9   0.0 1007 212  2.7 8  3.7  98    0    1 288 -319  2
3823500 2818500 12 13 10   0.0 1008 185  3.2 7  3.7  98    0   16 283 -319  2
3823500 2818500 12 13 11   0.4 1008 201  2.7 8  3.8  97    0   26 282 -319  2
3823500 2818500 12 13 12   0.7 1009 220  2.5 8  3.8  96    0   31 287 -320  2
3823500 2818500 12 13 13   1.1 1009 231  3.5 8  3.9  95    0   47 288 -321  2
3823500 2818500 12 13 14   1.3 1009 229  3.4 7  3.9  93    0   49 283 -322  2
3823500 2818500 12 13 15   1.1 1009 214  2.9 6  3.8  91    2   57 273 -321  2
3823500 2818500 12 13 16   1.2 1009 224  2.3 7  3.7  90    3   23 271 -320  2
3823500 2818500 12 13 17   1.4 1009 202  1.5 7  3.7  88    0    0 276 -319  2
3823500 2818500 12 13 18   1.0 1010 191  1.1 6  3.7  88    0    0 271 -318  2
3823500 2818500 12 13 19  -0.1 1010 169  1.2 3  3.5  90    0    0 251 -315  2
3823500 2818500 12 13 20  -0.4 1010 163  1.5 2  3.4  92    0    0 231 -314  2
3823500 2818500 12 13 21  -0.6 1010 152  1.8 0  3.4  92    0    0 215 -313  2
3823500 2818500 12 13 22  -1.0 1010 154  1.9 0  3.3  92    0    0 203 -313  2
3823500 2818500 12 13 23  -1.2 1009 155  1.6 0  3.2  92    0    0 202 -311  2
3823500 2818500 12 13 24  -1.4 1009 156  1.5 0  3.2  91    0    0 201 -308  2
3823500 2818500 12 14  1  -1.8 1008 150  1.1 0  3.1  91    0    0 199 -305  2
3823500 2818500 12 14  2  -2.2 1008 140  1.3 0  3.0  92    0    0 197 -304  2
3823500 2818500 12 14  3  -2.6 1007 143  1.4 0  3.0  93    0    0 194 -303  2
3823500 2818500 12 14  4  -2.6 1006 136  1.7 0  2.9  92    0    0 193 -303  2
3823500 2818500 12 14  5  -2.6 1005 121  1.9 0  2.8  90    0    0 193 -302  2
3823500 2818500 12 14  6  -2.8 1005 134  1.9 0  2.8  89    0    0 193 -302  2
3823500 2818500 12 14  7  -3.0 1004 119  1.8 0  2.8  90    0    0 192 -302  2
3823500 2818500 12 14  8  -2.9 1003 112  2.0 0  2.8  90    0    0 192 -303  2
3823500 2818500 12 14  9  -2.6 1002 131  2.6 0  2.8  89    0    7 193 -305  2
3823500 2818500 12 14 10  -1.8 1002 120  2.6 1  2.8  87   53   18 202 -308  2
3823500 2818500 12 14 11  -0.8 1001 121  2.6 1  3.0  85  116   27 212 -312  2
3823500 2818500 12 14 12  -0.3 1000 125  2.4 4  3.1  84   15   88 231 -316  2
3823500 2818500 12 14 13   0.2  999 123  2.5 6  3.2  84   12   90 261 -318  2
3823500 2818500 12 14 14   0.4  997 121  2.5 6  3.3  84    0   59 272 -319  2
3823500 2818500 12 14 15   0.8  996 127  2.3 7  3.4  84    0   27 278 -319  2
3823500 2818500 12 14 16   0.8  995 122  1.9 8  3.4  84    0    7 287 -319  2
3823500 2818500 12 14 17   0.9  995 125  1.8 7  3.5  84    0    0 288 -319  2
3823500 2818500 12 14 18   1.0  994 118  1.0 8  3.5  84    0    0 288 -319  2
3823500 2818500 12 14 19   1.2  993 119  1.6 8  3.5  83    0    0 294 -319  2
3823500 2818500 12 14 20   1.2  993 125  1.5 8  3.5  82    0    0 297 -319  2
3823500 2818500 12 14 21   1.4  992 132  1.8 8  3.5  82    0    0 299 -319  2
3823500 2818500 12 14 22   1.1  992 124  1.5 7  3.4  81    0    0 294 -319  2
3823500 2818500 12 14 23   0.1  992 123  1.0 3  3.4  83    0    0 265 -317  2
3823500 2818500 12 14 24  -0.4  991 118  1.2 1  3.3  86    0    0 230 -314  2
3823500 2818500 12 15  1  -0.1  991 120  1.2 0  3.3  86    0    0 212 -313  2
3823500 2818500 12 15  2  -0.3  991 112  1.1 0  3.2  84    0    0 208 -311  2
3823500 2818500 12 15  3  -0.3  991 117  0.6 0  3.2  85    0    0 211 -310  2
3823500 2818500 12 15  4  -0.3  991 110  1.0 0  3.2  85    0    0 213 -311  2
3823500 2818500 12 15  5  -0.1  992 121  0.8 0  3.3  85    0    0 213 -312  2
3823500 2818500 12 15  6  -0.2  992 100  0.8 0  3.3  85    0    0 210 -313  2
3823500 2818500 12 15  7   0.2  992 118  1.2 1  3.3  85    0    0 213 -314  2
3823500 2818500 12 15  8   0.1  992 120  0.4 3  3.3  85    0    0 227 -315  2
3823500 2818500 12 15  9   0.2  993  98  0.3 6  3.4  86    0    4 254 -317  2
3823500 2818500 12 15 10   0.9  994  91  0.2 6  3.4  86    5   45 270 -318  2
3823500 2818500 12 15 11   2.1  995  96  0.2 6  3.5  82   10   85 271 -319  2
3823500 2818500 12 15 12   3.3  995  79  0.2 7  3.7  79   40  127 278 -321  2
3823500 2818500 12 15 13   4.6  995  97  0.9 4  3.9  76   93  143 268 -324  2
3823500 2818500 12 15 14   5.1  995  99  1.3 3  4.1  74   66  124 247 -325  2
3823500 2818500 12 15 15   5.2  995  58  1.2 4  4.2  74   36   85 245 -325  2
3823500 2818500 12 15 16   4.0  995  61  0.7 6  4.2  77   12   35 257 -323  2
3823500 2818500 12 15 17   3.1  996  57  1.2 5  4.1  82    0    0 257 -321  2
3823500 2818500 12 15 18   2.6  996  62  1.5 4  4.1  86    0    0 242 -320  2
3823500 2818500 12 15 19   2.2  997  62  0.8 4  4.1  89    0    0 234 -319  2
3823500 2818500 12 15 20   2.1  997  65  0.2 5  4.1  91    0    0 237 -319  2
3823500 2818500 12 15 21   2.0  998  67  0.7 4  4.1  93    0    0 234 -319  2
3823500 2818500 12 15 22   1.8  999  72  0.5 3  4.2  94    0    0 219 -319  2
3823500 2818500 12 15 23   1.7  999  78  0.8 2  4.1  95    0    0 204 -319  2
3823500 2818500 12 15 24   1.6  999  72  0.5 2  4.1  94    0    0 196 -318  2
3823500 2818500 12 16  1   1.6 1000  71  0.2 1  4.1  95    0    0 185 -318  2
3823500 2818500 12 16  2   2.3 1001  68  0.2 2  4.2  95    0    0 184 -318  2
3823500 2818500 12 16  3   1.7 1001  53  0.3 3  4.2  95    0    0 205 -317  2
3823500 2818500 12 16  4   2.5 1002  53  0.8 4  4.2  94    0    0 222 -317  2
3823500 2818500 12 16  5   2.5 1002  49  1.1 5  4.3  93    0    0 242 -316  2
3823500 2818500 12 16  6   3.2 1003  55  1.1 6  4.3  92    0    0 259 -316  2
3823500 2818500 12 16  7   3.3 1004  51  0.9 7  4.4  90    0    0 277 -315  2
3823500 2818500 12 16  8   3.2 1004  49  1.4 7  4.3  89    0    0 285 -313  2
3823500 2818500 12 16  9   3.0 1005  51  1.1 8  4.3  90    0    4 292 -312  2
3823500 2818500 12 16 10   3.3 1006  68  0.8 8  4.3  90   10   51 297 -312  2
3823500 2818500 12 16 11   3.6 1006  62  1.0 6  4.3  89    2   68 285 -314  2
3823500 2818500 12 16 12   3.6 1007  71  0.9 7  4.4  88    0   43 278 -317  2
3823500 2818500 12 16 13   3.6 1007  59  1.2 7  4.3  88    0   40 283 -319  2
3823500 2818500 12 16 14   3.7 1007  37  1.0 7  4.4  88    0   35 282 -320  2
3823500 2818500 12 16 15   3.6 1007  42  0.7 7  4.4  88    0   23 281 -320  2
3823500 2818500 12 16 16   3.8 1008  48  1.1 7  4.4  88    0    6 282 -320  2
3823500 2818500 12 16 17   3.7 1008  51  0.9 7  4.4  88    0    0 283 -319  2
3823500 2818500 12 16 18   3.5 1008  36  1.0 8  4.4  89    0    0 288 -319  2
3823500 2818500 12 16 19   3.5 1009  45  1.1 8  4.4  89    0    0 292 -318  2
3823500 2818500 12 16 20   3.4 1009  34  0.8 8  4.4  90    0    0 293 -317  2
3823500 2818500 12 16 21   3.1 1009  33  0.4 8  4.4  90    0    0 295 -316  2
3823500 2818500 12 16 22   2.8 1009  30  0.1 8  4.3  92    0    0 296 -315  2
3823500 2818500 12 16 23   2.7 1010  18  0.1 8  4.3  93    0    0 297 -314  2
3823500 2818500 12 16 24   2.5 1010   8  0.3 8  4.3  94    0    0 298 -314  2
3823500 2818500 12 17  1   2.4 1010  22  0.1 8  4.3  95    0    0 299 -313  2
3823500 2818500 12 17  2   2.2 1010 354  0.2 8  4.3  95    0    0 300 -313  2
3823500 2818500 12 17  3   1.7 1010   0  0.1 8  4.2  96    0    0 299 -312  2
3823500 2818500 12 17  4   1.7 1010   2  0.2 8  4.2  98    0    0 298 -312  2
3823500 2818500 12 17  5   1.5 1010 347  0.5 7  4.2  99    0    0 294 -312  2
3823500 2818500 12 17  6   1.4 1010 353  0.4 7  4.2  99    0    0 290 -311  2
3823500 2818500 12 17  7   1.4 1010 345  0.4 8  4.1  97    0    0 294 -311  2
3823500 2818500 12 17  8   1.3 1009  21  0.2 8  4.1  98    0    0 298 -310  2
3823500 2818500 12 17  9   0.8 1009  39  0.1 8  4.1  99    0    0 298 -310  2
3823500 2818500 12 17 10   0.9 1009  14  0.1 8  4.0 100    0   27 299 -310  2
3823500 2818500 12 17 11   0.7 1009  15  0.7 7  4.0 100    0   51 294 -312  2
3823500 2818500 12 17 12   1.3 1009  86  0.4 7  4.0  98    0   58 288 -315  2
3823500 2818500 12 17 13   1.9 1008 112  0.5 7  4.1  96    0   67 289 -318  2
3823500 2818500 12 17 14   1.8 1008  79  0.7 7  4.1  95    0   60 289 -319  2
3823500 2818500 12 17 15   2.2 1007  85  0.8 7  4.1  93    0   30 290 -319  2
3823500 2818500 12 17 16   2.7 1007 116  1.0 8  4.0  88    0    7 297 -319  2
3823500 2818500 12 17 17   2.0 1007  91  0.4 8  4.0  88    0    0 301 -318  2
3823500 2818500 12 17 18   1.2 1006 110  0.6 8  4.0  94    0    0 302 -316  2
3823500 2818500 12 17 19   2.0 1006  82  0.4 8  4.1  95    0    0 304 -314  2
3823500 2818500 12 17 20   1.6 1006 111  0.3 8  4.1  93    0    0 306 -313  2
3823500 2818500 12 17 21   1.8 1005 127  1.2 7  4.0  93    0    0 302 -312  2
3823500 2818500 12 17 22   1.7 1004 155  0.6 5  4.0  93    0    0 287 -311  2
3823500 2818500 12 17 23   1.8 1004 171  1.2 7  4.0  93    0    0 286 -310  2
3823500 2818500 12 17 24   1.6 1004 181  1.5 7  4.0  92    0    0 295 -310  2
3823500 2818500 12 18  1   1.4 1003 202  1.0 8  3.9  91    0    0 298 -311  2
3823500 2818500 12 18  2   1.0 1003 196  1.4 7  3.8  92    0    0 297 -312  2
3823500 2818500 12 18  3   1.0 1003 195  1.5 8  3.8  92    0    0 295 -314  2
3823500 2818500 12 18  4   0.8 1002 203  2.1 7  3.8  93    0    0 294 -315  2
3823500 2818500 12 18  5   0.4 1002 199  3.0 7  3.8  95    0    0 287 -315  2
3823500 2818500 12 18  6   0.1 1002 204  2.8 8  3.8  96    0    0 291 -316  2
3823500 2818500 12 18  7   0.2 1002 195  2.6 8  3.7  96    0    0 296 -316  2
3823500 2818500 12 18  8   0.2 1002 226  2.9 8  3.7  95    0    0 297 -316  2
3823500 2818500 12 18  9   0.2 1002 213  2.2 8  3.7  96    0    1 299 -317  2
3823500 2818500 12 18 10   0.2 1003 202  2.4 8  3.8  96    0   11 302 -317  2
3823500 2818500 12 18 11   0.3 1003 217  1.9 8  3.8  97    0   17 304 -318  2
3823500 2818500 12 18 12   0.3 1003 215  2.2 8  3.8  97    0   27 306 -319  2
3823500 2818500 12 18 13   0.5 1003 225  1.2 8  3.8  98    0   32 308 -320  2
3823500 2818500 12 18 14   0.8 1003 226  1.3 7  3.9  98    0   44 304 -321  2
3823500 2818500 12 18 15   1.0 1003 232  1.1 8  4.0  98    0   19 307 -322  2
3823500 2818500 12 18 16   1.2 1003 219  0.9 8  4.1  98    0   14 314 -321  2
3823500 2818500 12 18 17   1.3 1004 242  1.0 7  4.2  99    0    0 310 -321  2
3823500 2818500 12 18 18   1.6 1004 246  0.8 7  4.2 100    0    0 305 -321  2
3823500 2818500 12 18 19   1.9 1005 263  0.2 8  4.3  99    0    0 312 -321  2
3823500 2818500 12 18 20   2.2 1005 252  0.2 8  4.4 100    0    0 319 -322  2
3823500 2818500 12 18 21   2.4 1006 235  0.1 8  4.5 100    0    0 320 -322  2
3823500 2818500 12 18 22   2.5 1006 254  0.1 8  4.5  99    0    0 320 -321  2
3823500 2818500 12 18 23   2.5 1007 250  0.1 7  4.5  99    0    0 315 -320  2
3823500 2818500 12 18 24   2.2 1007 234  0.1 8  4.5 100    0    0 315 -319  2
3823500 2818500 12 19  1   2.3 1007 231  0.7 7  4.5 100    0    0 313 -318  2
3823500 2818500 12 19  2   1.5 1008 251  0.6 7  4.4 100    0    0 302 -316  2
3823500 2818500 12 19  3   1.4 1008 208  0.2 7  4.2 100    0    0 299 -316  2
3823500 2818500 12 19  4   0.5 1009 222  0.2 5  4.1 100    0    0 282 -315  2
3823500 2818500 12 19  5   0.7 1009 231  0.3 5  4.0 100    0    0 268 -315  2
3823500 2818500 12 19  6   0.6 1009 186  0.4 4  4.0 100    0    0 263 -314  2
3823500 2818500 12 19  7   0.9 1010 207  0.8 4  4.0  99    0    0 259 -315  2
3823500 2818500 12 19  8   0.7 1010 196  0.8 5  4.0  99    0    0 267 -317  2
3823500 2818500 12 19  9   1.2 1010 199  0.9 6  4.0  99    0    2 281 -319  2
3823500 2818500 12 19 10   1.7 1010 209  0.9 6  4.2  99    0   23 290 -319  2
3823500 2818500 12 19 11   2.5 1011 209  1.1 7  4.4  98    3   64 300 -320  2
3823500 2818500 12 19 12   3.1 1010 214  1.7 5  4.5  97   37  107 297 -320  2
3823500 2818500 12 19 13   3.8 1010 207  1.8 7  4.7  96   12  100 301 -321  2
3823500 2818500 12 19 14   4.1 1010 205  1.6 7  4.7  94    0   63 316 -323  2
3823500 2818500 12 19 15   4.2 1009 189  1.2 8  4.8  94    0   37 324 -323  2
3823500 2818500 12 19 16   4.2 1009 187  1.1 8  4.9  95    0    5 332 -323  2
3823500 2818500 12 19 17   4.2 1009 191  1.4 8  5.0  97    0    0 332 -323  2
3823500 2818500 12 19 18   4.4 1009 195  1.2 8  5.1  98    0    0 334 -324  2
3823500 2818500 12 19 19   4.8 1009 199  1.6 8  5.2  98    0    0 335 -324  2
3823500 2818500 12 19 20   4.9 1009 208  1.3 8  5.3  98    0    0 336 -325  2
3823500 2818500 12 19 21   5.0 1009 214  1.8 8  5.3  97    0    0 338 -327  2
3823500 2818500 12 19 22   4.9 1009 210  2.3 8  5.3  98    0    0 339 -327  2
3823500 2818500 12 19 23   5.1 1008 215  2.3 8  5.4  98    0    0 340 -328  2
3823500 2818500 12 19 24   5.1 1008 206  1.6 8  5.4  99    0    0 341 -330  2
3823500 2818500 12 20  1   5.1 1008 205  2.1 7  5.5 100    0    0 332 -333  2
3823500 2818500 12 20  2   5.6 1008 216  2.1 8  5.6 100    0    0 333 -335  2
3823500 2818500 12 20  3   6.1 1007 220  1.8 8  5.8 100    0    0 344 -337  2
3823500 2818500 12 20  4   6.6 1006 232  2.1 7  5.9  99    0    0 338 -338  2
3823500 2818500 12 20  5   6.6 1006 270  1.9 7  6.0  98    0    0 331 -338  2
3823500 2818500 12 20  6   6.0 1007 261  1.1 7  5.8  97    0    0 329 -337  2
3823500 2818500 12 20  7   5.6 1007 257  1.1 8  5.6  97    0    0 333 -336  2
3823500 2818500 12 20  8   5.8 1008 266  1.7 7  5.5  97    0    0 331 -332  2
3823500 2818500 12 20  9   5.3 1009 280  2.2 5  5.3  94    0    5 305 -325  2
3823500 2818500 12 20 10   5.3 1010 270  2.2 3  5.1  92   14   38 271 -322  2
3823500 2818500 12 20 11   6.0 1011 276  2.3 4  5.1  89   29   73 264 -322  2
3823500 2818500 12 20 12   6.3 1012 283  3.1 3  5.1  86   84   89 267 -324  2
3823500 2818500 12 20 13   6.5 1012 278  3.2 5  5.0  83   34  100 274 -328  2
3823500 2818500 12 20 14   6.7 1012 281  2.6 3  4.9  80   60   87 271 -331  2
3823500 2818500 12 20 15   6.2 1013 274  2.6 7  4.8  79   25   59 279 -331  2
3823500 2818500 12 20 16   5.3 1013 267  1.8 2  4.6  81    0   10 265 -328  2
3823500 2818500 12 20 17   4.5 1014 262  1.2 2  4.4  82    0    0 224 -325  2
3823500 2818500 12 20 18   3.8 1014 242  1.2 1  4.3  84    0    0 218 -324  2
3823500 2818500 12 20 19   3.1 1015 226  1.2 3  4.2  87    0    0 225 -324  2
3823500 2818500 12 20 20   3.0 1015 227  1.6 3  4.2  88    0    0 238 -325  2
3823500 2818500 12 20 21   3.6 1015 219  1.9 3  4.2  88    0    0 240 -326  2
3823500 2818500 12 20 22   4.1 1014 211  2.3 6  4.3  87    0    0 261 -328  2
3823500 2818500 12 20 23   4.4 1014 222  2.6 8  4.4  86    0    0 298 -329  2
3823500 2818500 12 20 24   4.5 1013 222  3.7 8  4.5  86    0    0 315 -330  2
3823500 2818500 12 21  1   4.7 1012 208  4.2 8  4.6  88    0    0 321 -332  2
3823500 2818500 12 21  2   5.1 1011 212  3.6 8  4.8  89    0    0 325 -333  2
3823500 2818500 12 21  3   5.6 1010 221  3.6 8  5.1  91    0    0 331 -336  2
3823500 2818500 12 21  4   6.2 1009 224  3.9 8  5.4  93    0    0 337 -338  2
3823500 2818500 12 21  5   6.7 1008 231  3.1 8  5.6  93    0    0 341 -342  2
3823500 2818500 12 21  6   7.3 1008 236  3.0 8  5.9  94    0    0 345 -345  2
3823500 2818500 12 21  7   7.9 1008 243  2.6 8  6.2  95    0    0 347 -349  2
3823500 2818500 12 21  8   8.5 1008 253  2.8 8  6.5  95    0    0 349 -352  2
3823500 2818500 12 21  9   9.0 1008 262  2.8 8  6.7  94    0    3 350 -354  2
3823500 2818500 12 21 10   9.3 1009 269  3.2 8  6.6  91    7   29 350 -356  2
3823500 2818500 12 21 11   9.3 1009 283  4.1 6  6.3  86   12   55 333 -357  2
3823500 2818500 12 21 12   9.2 1010 276  4.2 7  6.0  82    0   66 324 -358  2
3823500 2818500 12 21 13   9.2 1010 274  4.1 6  5.8  80    0   71 326 -358  2
3823500 2818500 12 21 14   9.0 1010 280  4.1 5  5.6  78    2   66 311 -357  2
3823500 2818500 12 21 15   8.7 1010 291  3.5 6  5.4  76    4   45 310 -356  2
3823500 2818500 12 21 16   8.3 1011 278  3.4 7  5.2  75    0   13 322 -354  2
3823500 2818500 12 21 17   7.9 1011 281  3.5 7  5.1  76    0    0 330 -353  2
3823500 2818500 12 21 18   7.2 1012 283  3.1 7  5.0  77    0    0 328 -352  2
3823500 2818500 12 21 19   6.3 1013 273  2.6 4  4.9  80    0    0 306 -351  2
3823500 2818500 12 21 20   5.5 1014 269  2.3 3  4.8  84    0    0 271 -351  2
3823500 2818500 12 21 21   4.8 1015 263  2.1 2  4.8  87    0    0 250 -350  2
3823500 2818500 12 21 22   4.2 1016 259  2.0 1  4.7  90    0    0 241 -349  2
3823500 2818500 12 21 23   4.1 1017 254  2.1 2  4.8  92    0    0 240 -348  2
3823500 2818500 12 21 24   4.3 1017 249  2.4 4  4.9  94    0    0 241 -348  2
3823500 2818500 12 22  1   4.7 1019 245  2.7 5  5.0  94    0    0 330 -344  2
3823500 2818500 12 22  2   5.1 1019 243  2.9 7  5.2  94    0    0 327 -344  2
3823500 2818500 12 22  3   5.5 1019 242  2.9 8  5.3  95    0    0 326 -345  2
3823500 2818500 12 22  4   5.7 1019 243  2.6 8  5.4  96    0    0 327 -345  2
3823500 2818500 12 22  5   5.8 1018 242  2.4 8  5.5  96    0    0 321 -345  2
3823500 2818500 12 22  6   6.0 1018 242  1.8 7  5.6  98    0    0 314 -344  2
3823500 2818500 12 22  7   6.1 1018 242  1.6 8  5.7  97    0    0 320 -344  2
3823500 2818500 12 22  8   5.9 1018 250  2.0 8  5.6  96    0    0 324 -345  2
3823500 2818500 12 22  9   5.9 1018 247  2.1 8  5.6  97    0    0 325 -345  2
3823500 2818500 12 22 10   5.7 1019 271  1.2 7  5.6  98    1   35 319 -345  2
3823500 2818500 12 22 11   6.2 1019 244  1.2 5  5.6  97    4   71 299 -347  2
3823500 2818500 12 22 12   6.7 1019 258  2.3 5  5.7  95   13  109 285 -350  2
3823500 2818500 12 22 13   7.1 1019 254  2.6 6  5.7  93    8  105 288 -353  2
3823500 2818500 12 22 14   7.1 1019 262  2.8 6  5.6  90    7   91 292 -355  2
3823500 2818500 12 22 15   7.2 1019 253  2.7 6  5.6  89    4   59 291 -355  2
3823500 2818500 12 22 16   6.8 1018 250  2.3 7  5.5  89    0   17 297 -353  2
3823500 2818500 12 22 17   6.2 1018 250  2.1 7  5.4  90    0    0 303 -349  2
3823500 2818500 12 22 18   6.3 1018 242  1.9 7  5.4  91    0    0 303 -347  2
3823500 2818500 12 22 19   6.3 1018 236  1.6 7  5.4  92    0    0 302 -346  2
3823500 2818500 12 22 20   6.3 1018 242  2.4 8  5.5  92    0    0 308 -345  2
3823500 2818500 12 22 21   6.2 1018 246  2.2 8  5.5  93    0    0 313 -345  2
3823500 2818500 12 22 22   5.8 1018 238  1.2 8  5.4  94    0    0 311 -346  2
3823500 2818500 12 22 23   5.5 1017 225  1.7 8  5.4  95    0    0 309 -347  2
3823500 2818500 12 22 24   5.7 1017 208  1.2 8  5.3  94    0    0 309 -348  2
3823500 2818500 12 23  1   6.0 1017 234  1.2 8  5.4  95    0    0 310 -347  2
3823500 2818500 12 23  2   6.4 1017 248  1.8 8  5.6  95    0    0 311 -344  2
3823500 2818500 12 23  3   6.7 1016 255  1.9 8  5.7  94    0    0 312 -342  2
3823500 2818500 12 23  4   6.8 1016 273  2.5 8  5.8  95    0    0 312 -340  2
3823500 2818500 12 23  5   6.8 1016 266  2.2 8  5.9  96    0    0 311 -340  2
3823500 2818500 12 23  6   6.7 1016 262  2.2 8  5.9  96    0    0 309 -337  2
3823500 2818500 12 23  7   6.8 1016 254  1.7 8  5.8  95    0    0 309 -334  2
3823500 2818500 12 23  8   6.7 1016 259  1.7 8  5.8  95    0    0 309 -330  2
3823500 2818500 12 23  9   6.8 1016 247  1.7 8  5.8  94    0    0 310 -327  2
3823500 2818500 12 23 10   7.0 1016 249  1.8 8  5.8  94    0   17 311 -324  2
3823500 2818500 12 23 11   7.2 1016 253  2.0 8  5.8  93    0   35 313 -324  2
3823500 2818500 12 23 12   7.4 1016 244  2.2 7  5.9  93    0   57 307 -326  2
3823500 2818500 12 23 13   7.7 1016 242  2.7 7  5.9  92    0   66 303 -329  2
3823500 2818500 12 23 14   7.7 1016 243  2.7 8  5.9  90    0   58 311 -331  2
3823500 2818500 12 23 15   7.7 1015 236  2.6 6  5.8  90    2   51 308 -331  2
3823500 2818500 12 23 16   7.7 1015 230  2.4 8  5.8  89    1   23 310 -328  2
3823500 2818500 12 23 17   7.5 1015 237  2.6 8  5.8  89    0    0 322 -324  2
3823500 2818500 12 23 18   7.2 1015 237  2.7 7  5.7  89    0    0 317 -323  2
3823500 2818500 12 23 19   7.2 1015 239  2.7 7  5.5  88    0    0 314 -325  2
3823500 2818500 12 23 20   7.2 1015 238  2.9 7  5.4  85    0    0 315 -328  2
3823500 2818500 12 23 21   7.2 1015 236  3.6 8  5.3  84    0    0 322 -330  2
3823500 2818500 12 23 22   7.2 1014 242  3.3 7  5.3  84    0    0 324 -331  2
3823500 2818500 12 23 23   7.0 1014 240  3.2 7  5.3  85    0    0 321 -333  2
3823500 2818500 12 23 24   6.7 1014 246  4.0 7  5.4  88    0    0 321 -333  2
3823500 2818500 12 24  1   6.7 1014 239  3.6 8  5.5  91    0    0 327 -334  2
3823500 2818500 12 24  2   6.8 1013 239  3.3 7  5.6  92    0    0 328 -335  2
3823500 2818500 12 24  3   6.7 1013 243  3.1 8  5.7  93    0    0 329 -335  2
3823500 2818500 12 24  4   6.7 1013 246  2.6 8  5.7  94    0    0 334 -336  2
3823500 2818500 12 24  5   6.9 1013 244  2.2 8  5.8  95    0    0 334 -336  2
3823500 2818500 12 24  6   7.1 1013 245  2.4 8  5.9  95    0    0 335 -337  2
3823500 2818500 12 24  7   7.1 1012 247  2.1 8  5.9  95    0    0 335 -338  2
3823500 2818500 12 24  8   7.2 1012 248  1.6 8  6.0  94    0    0 335 -338  2
3823500 2818500 12 24  9   7.3 1012 239  1.7 7  5.9  93    0    0 330 -339  2
3823500 2818500 12 24 10   7.3 1012 251  1.9 7  5.9  92    5   25 323 -339  2
3823500 2818500 12 24 11   7.6 1013 255  2.7 6  5.9  92   10   44 316 -339  2
3823500 2818500 12 24 12   7.8 1013 260  2.4 7  5.9  90    0   47 316 -340  2
3823500 2818500 12 24 13   7.9 1013 261  2.2 7  5.8  88    0   51 321 -340  2
3823500 2818500 12 24 14   8.0 1012 266  2.3 7  5.8  88    0   34 321 -341  2
3823500 2818500 12 24 15   7.9 1012 270  2.7 7  5.7  86    0   22 322 -341  2
3823500 2818500 12 24 16   7.1 1012 269  2.4 5  5.5  85    0   13 311 -342  2
3823500 2818500 12 24 17   6.1 1012 261  1.8 5  5.3  87    0    0 298 -342  2
3823500 2818500 12 24 18   5.7 1012 269  1.5 5  5.1  88    0    0 295 -342  2
3823500 2818500 12 24 19   5.1 1012 263  1.9 4  5.0  90    0    0 287 -342  2
3823500 2818500 12 24 20   5.2 1013 263  1.3 4  5.1  93    0    0 280 -342  2
3823500 2818500 12 24 21   5.1 1013 260  2.9 5  5.2  94    0    0 284 -343  2
3823500 2818500 12 24 22   5.7 1012 280  1.4 6  5.2  93    0    0 295 -343  2
3823500 2818500 12 24 23   5.9 1012 259  1.1 6  5.2  90    0    0 301 -342  2
3823500 2818500 12 24 24   6.0 1012 266  1.5 6  5.2  90    0    0 299 -339  2
3823500 2818500 12 25  1   5.8 1012 272  1.5 8  5.3  91    0    0 310 -338  2
3823500 2818500 12 25  2   5.5 1012 276  1.0 7  5.3  93    0    0 315 -339  2
3823500 2818500 12 25  3   5.5 1012 281  0.9 7  5.3  95    0    0 308 -339  2
3823500 2818500 12 25  4   5.2 1012 300  0.3 7  5.3  95    0    0 309 -338  2
3823500 2818500 12 25  5   4.6 1012 299  0.7 7  5.3  98    0    0 308 -336  2
3823500 2818500 12 25  6   3.1 1012 287  0.8 5  4.9  99    0    0 291 -333  2
3823500 2818500 12 25  7   2.1 1012 305  0.9 4  4.5  98    0    0 266 -328  2
3823500 2818500 12 25  8   1.8 1012 316  0.4 4  4.3  99    0    0 256 -323  2
3823500 2818500 12 25  9   1.6 1012 333  0.1 5  4.2  99    0    0 263 -320  2
3823500 2818500 12 25 10   1.3 1013 316  0.4 4  4.2 100   12   38 264 -319  2
3823500 2818500 12 25 11   3.4 1014 338  0.7 2  4.5 100   54   74 248 -319  2
3823500 2818500 12 25 12   4.5 1014   6  0.8 1  5.0 100  111   86 236 -320  2
3823500 2818500 12 25 13   5.7 1014 340  1.0 2  5.1  94  111   95 241 -323  2
3823500 2818500 12 25 14   5.9 1013 326  1.2 1  4.9  85  115   82 243 -326  2
3823500 2818500 12 25 15   5.3 1013 310  1.0 3  4.4  78   64   64 249 -326  2
3823500 2818500 12 25 16   4.2 1013 289  1.4 7  4.0  76    7   26 279 -323  2
3823500 2818500 12 25 17   3.6 1013 266  1.4 6  4.0  79    0    0 290 -320  2
3823500 2818500 12 25 18   3.9 1013 256  2.1 6  4.1  82    0    0 284 -319  2
3823500 2818500 12 25 19   3.6 1012 276  2.2 7  4.2  84    0    0 290 -317  2
3823500 2818500 12 25 20   3.8 1012 280  2.3 7  4.3  87    0    0 295 -316  2
3823500 2818500 12 25 21   3.4 1012 285  1.9 7  4.4  89    0    0 295 -315  2
3823500 2818500 12 25 22   3.4 1011 279  2.2 7  4.4  90    0    0 292 -314  2
3823500 2818500 12 25 23   3.5 1011 283  2.7 7  4.3  89    0    0 289 -314  2
3823500 2818500 12 25 24   3.4 1010 284  2.3 7  4.3  88    0    0 286 -314  2
3823500 2818500 12 26  1   3.4 1010 291  2.9 8  4.3  88    0    0 290 -314  2
3823500 2818500 12 26  2   3.1 1009 279  2.4 7  4.2  88    0    0 287 -313  2
3823500 2818500 12 26  3   2.9 1008 300  2.2 7  4.2  89    0    0 282 -312  2
3823500 2818500 12 26  4   2.0 1008 305  2.6 6  4.1  90    0    0 275 -310  2
3823500 2818500 12 26  5   1.4 1007 308  1.6 6  3.9  91    0    0 267 -308  2
3823500 2818500 12 26  6   0.7 1007 306  1.2 4  3.8  92    0    0 253 -307  2
3823500 2818500 12 26  7  -1.2 1006 305  0.8 1  3.5  94    0    0 225 -306  2
3823500 2818500 12 26  8  -2.1 1006 281  0.3 0  3.3  96    0    0 203 -306  2
3823500 2818500 12 26  9  -2.0 1006 254  0.2 2  3.2  97    0    0 206 -306  2
3823500 2818500 12 26 10  -0.8 1006 242  0.3 3  3.4  98   24   34 221 -306  2
3823500 2818500 12 26 11   0.9 1005 280  0.7 4  3.8  98   37   70 236 -309  2
3823500 2818500 12 26 12   1.7 1005 286  0.6 5  4.0  96   22   93 250 -314  2
3823500 2818500 12 26 13   0.6 1005 340  2.1 8  3.9  95    0   57 269 -317  2
3823500 2818500 12 26 14   0.8 1004 341  1.6 8  3.8  95    0   20 283 -319  2
3823500 2818500 12 26 15   0.4 1004   8  3.2 8  3.6  91    1   44 282 -319  2
3823500 2818500 12 26 16  -0.3 1004   3  2.5 4  3.3  86   14   25 260 -319  2
3823500 2818500 12 26 17  -1.0 1004  17  1.9 3  3.1  86    0    4 236 -317  2
3823500 2818500 12 26 18  -0.9 1004  14  2.6 3  3.0  85    0    0 231 -316  2
3823500 2818500 12 26 19  -0.9 1004 357  1.6 4  3.0  84    0    0 235 -314  2
3823500 2818500 12 26 20  -1.6 1004  21  1.7 5  3.0  85    0    0 243 -313  2
3823500 2818500 12 26 21  -2.8 1004   2  0.8 5  2.8  87    0    0 245 -312  2
3823500 2818500 12 26 22  -2.7 1004  12  0.4 7  2.8  90    0    0 254 -311  2
3823500 2818500 12 26 23  -2.3 1004  17  0.6 7  2.9  91    0    0 264 -311  2
3823500 2818500 12 26 24  -2.2 1004  34  1.4 8  3.0  94    0    0 269 -312  2
3823500 2818500 12 27  1  -2.5 1003  28  1.0 6  3.0  93    0    0 263 -312  2
3823500 2818500 12 27  2  -3.3 1003  51  2.0 5  2.9  92    0    0 247 -312  2
3823500 2818500 12 27  3  -2.8 1003  50  1.6 6  2.8  93    0    0 246 -313  2
3823500 2818500 12 27  4  -3.1 1003  48  1.1 6  2.8  92    0    0 251 -313  2
3823500 2818500 12 27  5  -3.0 1003  28  1.1 6  2.9  94    0    0 251 -314  2
3823500 2818500 12 27  6  -2.7 1003  29  1.6 8  2.9  94    0    0 260 -314  2
3823500 2818500 12 27  7  -2.7 1003  40  2.3 7  2.9  94    0    0 264 -314  2
3823500 2818500 12 27  8  -2.5 1002  48  3.0 8  2.9  92    0    0 265 -314  2
3823500 2818500 12 27  9  -2.2 1002  44  2.0 7  2.9  91    0    0 266 -314  2
3823500 2818500 12 27 10  -2.2 1003  61  2.2 7  2.9  90    1   27 261 -315  2
3823500 2818500 12 27 11  -1.8 1003  59  2.7 7  3.0  89    5   58 261 -316  2
3823500 2818500 12 27 12  -1.5 1003  57  3.4 7  3.0  88    5   79 262 -317  2
3823500 2818500 12 27 13  -1.3 1003  56  4.1 8  3.0  86    3   81 266 -317  2
3823500 2818500 12 27 14  -1.3 1003  51  4.4 7  3.0  86    3   72 267 -317  2
3823500 2818500 12 27 15  -1.0 1003  47  3.7 7  3.1  87    0   31 261 -315  2
3823500 2818500 12 27 16  -0.5 1003  55  3.3 7  3.0  84    0   10 260 -314  2
3823500 2818500 12 27 17  -0.7 1003  58  2.5 7  2.9  80    0    0 258 -312  2
3823500 2818500 12 27 18  -0.9 1003  54  3.5 6  2.9  79    0    0 252 -309  2
3823500 2818500 12 27 19  -1.0 1004  59  3.1 8  2.8  79    0    0 256 -308  2
3823500 2818500 12 27 20  -1.0 1004  55  3.7 8  2.8  79    0    0 265 -309  2
3823500 2818500 12 27 21  -1.0 1004  63  4.1 8  2.8  78    0    0 265 -310  2
3823500 2818500 12 27 22  -1.1 1004  57  3.3 8  2.8  79    0    0 266 -310  2
3823500 2818500 12 27 23  -1.2 1004  64  3.5 8  2.8  80    0    0 266 -310  2
3823500 2818500 12 27 24  -1.3 1004  53  3.3 7  2.9  83    0    0 264 -309  2
3823500 2818500 12 28  1  -1.4 1004  52  2.3 7  2.9  84    0    0 260 -308  2
3823500 2818500 12 28  2  -1.5 1004  49  3.1 7  2.9  83    0    0 261 -308  2
3823500 2818500 12 28  3  -1.4 1004  48  2.8 7  2.8  82    0    0 260 -306  2
3823500 2818500 12 28  4  -1.6 1004  37  3.0 7  2.8  82    0    0 259 -304  2
3823500 2818500 12 28  5  -2.3 1004  48  2.4 8  2.8  85    0    0 261 -303  2
3823500 2818500 12 28  6  -3.0 1004  38  1.0 6  2.7  86    0    0 254 -302  2
3823500 2818500 12 28  7  -3.6 1003  45  2.5 6  2.6  87    0    0 242 -303  2
3823500 2818500 12 28  8  -4.0 1003  29  2.1 6  2.6  89    0    0 240 -303  2
3823500 2818500 12 28  9  -4.0 1003  28  0.9 5  2.5  89    0    0 234 -302  2
3823500 2818500 12 28 10  -3.6 1004  20  1.5 7  2.6  88    0   18 239 -300  2
3823500 2818500 12 28 11  -2.7 1004  37  2.0 6  2.5  83    6   71 245 -301  2
3823500 2818500 12 28 12  -1.7 1004  31  2.0 5  2.5  77   51  115 237 -303  2
3823500 2818500 12 28 13  -1.3 1004  39  2.6 5  2.6  75   43  122 231 -305  2
3823500 2818500 12 28 14  -1.3 1003  32  2.5 5  2.6  74   51  110 230 -306  2
3823500 2818500 12 28 15  -1.3 1003   8  2.2 5  2.5  73   27   76 232 -307  2
3823500 2818500 12 28 16  -1.4 1003  18  1.5 6  2.5  72   13   33 239 -305  2
3823500 2818500 12 28 17  -1.6 1003  17  0.9 6  2.5  73    0    3 243 -300  2
3823500 2818500 12 28 18  -2.0 1003   5  1.3 7  2.5  75    0    0 250 -296  2
3823500 2818500 12 28 19  -2.0 1004 345  0.8 6  2.6  78    0    0 249 -295  2
3823500 2818500 12 28 20  -2.0 1004 329  0.3 6  2.7  82    0    0 245 -294  2
3823500 2818500 12 28 21  -1.9 1004 331  0.6 7  2.8  86    0    0 252 -296  2
3823500 2818500 12 28 22  -2.0 1004 332  1.3 7  2.9  88    0    0 258 -297  2
3823500 2818500 12 28 23  -2.0 1004 349  1.2 6  2.9  88    0    0 253 -298  2
3823500 2818500 12 28 24  -2.6 1004 346  0.6 6  2.9  89    0    0 247 -300  2
3823500 2818500 12 29  1  -2.8 1004 331  0.8 7  2.8  90    0    0 253 -301  2
3823500 2818500 12 29  2  -2.9 1004 320  1.2 7  2.8  91    0    0 258 -301  2
3823500 2818500 12 29  3  -2.3 1003 320  1.0 7  2.9  92    0    0 260 -301  2
3823500 2818500 12 29  4  -2.3 1003 319  1.1 7  3.0  93    0    0 261 -301  2
3823500 2818500 12 29  5  -2.4 1003 310  1.8 7  3.0  95    0    0 261 -300  2
3823500 2818500 12 29  6  -2.4 1003 309  1.8 8  3.0  95    0    0 266 -298  2
3823500 2818500 12 29  7  -2.4 1003 311  1.8 7  3.0  95    0    0 266 -297  2
3823500 2818500 12 29  8  -2.6 1003 287  1.6 7  3.0  95    0    0 262 -296  2
3823500 2818500 12 29  9  -3.0 1004 274  1.3 7  3.0  95    0    0 261 -297  2
3823500 2818500 12 29 10  -3.0 1004 277  2.4 6  2.9  96    1   34 255 -299  2
3823500 2818500 12 29 11  -2.9 1004 273  2.1 7  3.0  97    3   67 256 -301  2
3823500 2818500 12 29 12  -2.2 1004 263  3.1 7  3.1  97    4   90 263 -304  2
3823500 2818500 12 29 13  -1.3 1004 257  3.1 8  3.2  96    0   73 272 -308  2
3823500 2818500 12 29 14  -1.0 1004 251  2.9 8  3.3  93    0   41 279 -311  2
3823500 2818500 12 29 15  -1.4 1004 231  4.0 6  3.2  92    1   52 270 -312  2
3823500 2818500 12 29 16  -1.9 1004 239  2.9 8  3.1  92    4   28 268 -312  2
3823500 2818500 12 29 17  -2.2 1004 233  3.1 7  3.0  91    0    1 269 -311  2
3823500 2818500 12 29 18  -2.0 1004 233  3.3 7  3.0  91    0    0 262 -309  2
3823500 2818500 12 29 19  -1.5 1004 225  3.7 7  3.0  90    0    0 260 -309  2
3823500 2818500 12 29 20  -1.3 1004 227  3.4 7  3.1  90    0    0 259 -308  2
3823500 2818500 12 29 21  -1.8 1004 229  5.0 8  3.1  91    0    0 262 -306  2
3823500 2818500 12 29 22  -1.9 1005 228  3.2 7  3.1  92    0    0 262 -304  2
3823500 2818500 12 29 23  -1.5 1005 218  2.9 8  3.2  94    0    0 262 -303  2
3823500 2818500 12 29 24  -1.0 1005 223  2.9 8  3.3  93    0    0 269 -304  2
3823500 2818500 12 30  1  -0.7 1005 228  2.5 7  3.3  91    0    0 267 -302  2
3823500 2818500 12 30  2  -0.8 1005 225  2.7 7  3.3  90    0    0 263 -299  2
3823500 2818500 12 30  3  -0.8 1005 222  2.8 7  3.2  90    0    0 264 -296  2
3823500 2818500 12 30  4  -0.9 1005 223  2.6 7  3.2  90    0    0 266 -294  2
3823500 2818500 12 30  5  -0.7 1005 228  2.6 7  3.2  89    0    0 268 -292  2
3823500 2818500 12 30  6  -0.7 1005 217  2.3 8  3.2  88    0    0 273 -291  2
3823500 2818500 12 30  7  -0.9 1006 218  2.1 7  3.2  88    0    0 274 -289  2
3823500 2818500 12 30  8  -1.0 1006 207  1.2 7  3.1  88    0    0 269 -288  2
3823500 2818500 12 30  9  -1.5 1006 193  2.3 6  3.1  88    0    0 264 -287  2
3823500 2818500 12 30 10  -1.7 1006 188  1.3 5  3.0  88    7   34 254 -287  2
3823500 2818500 12 30 11  -1.1 1006 177  1.9 4  2.9  86   22   72 246 -289  2
3823500 2818500 12 30 12  -0.5 1006 170  2.9 2  2.9  80   71   90 236 -292  2
3823500 2818500 12 30 13  -0.3 1005 165  2.6 3  2.8  76   85   93 233 -296  2
3823500 2818500 12 30 14  -0.6 1005 161  2.6 4  2.8  75   82   81 243 -298  2
3823500 2818500 12 30 15  -1.0 1003 158  2.1 6  2.7  75   39   61 257 -300  2
3823500 2818500 12 30 16  -1.4 1003 156  2.5 7  2.6  74   12   25 270 -300  2
3823500 2818500 12 30 17  -1.5 1002 137  2.7 8  2.5  74    0    1 279 -300  2
3823500 2818500 12 30 18  -1.7 1000 144  3.4 8  2.5  74    0    0 283 -300  2
3823500 2818500 12 30 19  -2.0  998 141  3.4 6  2.5  73    0    0 276 -299  2
3823500 2818500 12 30 20  -1.8  997 135  3.3 6  2.4  73    0    0 269 -300  2
3823500 2818500 12 30 21  -1.8  996 143  4.0 7  2.5  73    0    0 275 -300  2
3823500 2818500 12 30 22  -2.5  994 145  3.4 8  2.7  81    0    0 284 -301  2
3823500 2818500 12 30 23  -2.8  993 135  3.2 8  2.9  91    0    0 289 -302  2
3823500 2818500 12 30 24  -2.2  992 140  2.4 8  3.0  94    0    0 293 -305  2
3823500 2818500 12 31  1  -2.0  990 156  3.0 8  3.1  95    0    0 296 -310  2
3823500 2818500 12 31  2  -1.9  989 173  2.8 7  3.3  97    0    0 295 -315  2
3823500 2818500 12 31  3  -1.1  988 180  3.6 8  3.4  98    0    0 297 -317  2
3823500 2818500 12 31  4  -0.5  987 177  2.9 7  3.6  98    0    0 299 -318  2
3823500 2818500 12 31  5   0.2  987 169  2.2 7  3.8  98    0    0 296 -319  2
3823500 2818500 12 31  6   1.9  986 188  1.9 8  4.1  98    0    0 306 -320  2
3823500 2818500 12 31  7   2.9  987 208  2.0 8  4.5  98    0    0 319 -320  2
3823500 2818500 12 31  8   3.4  987 216  3.2 8  4.9  99    0    0 322 -320  2
3823500 2818500 12 31  9   3.9  987 209  2.8 8  5.0  99    0    0 323 -320  2
3823500 2818500 12 31 10   4.4  987 210  3.3 7  5.1  97    0   20 316 -322  2
3823500 2818500 12 31 11   4.6  987 206  3.4 8  5.1  96    0   37 314 -324  2
3823500 2818500 12 31 12   5.0  988 203  3.3 7  5.1  93    0   41 314 -326  2
3823500 2818500 12 31 13   4.9  987 208  3.2 8  5.1  93    0   30 315 -328  2
3823500 2818500 12 31 14   5.1  986 201  2.3 7  5.2  94    0   44 318 -331  2
3823500 2818500 12 31 15   5.3  986 211  3.3 7  5.3  94    0   27 312 -334  2
3823500 2818500 12 31 16   5.5  986 211  2.2 7  5.3  93    0   14 313 -335  2
3823500 2818500 12 31 17   5.6  986 225  2.9 7  5.4  93    0    2 312 -334  2
3823500 2818500 12 31 18   5.7  986 224  3.4 7  5.4  93    0    0 310 -334  2
3823500 2818500 12 31 19   5.9  986 215  3.2 8  5.4  91    0    0 318 -334  2
3823500 2818500 12 31 20   5.6  987 219  3.1 8  5.3  90    0    0 328 -334  2
3823500 2818500 12 31 21   5.4  987 217  2.9 8  5.2  90    0    0 327 -333  2
3823500 2818500 12 31 22   5.2  987 218  2.8 8  5.1  90    0    0 327 -332  2
3823500 2818500 12 31 23   4.1  987 221  2.9 8  4.8  91    0    0 315 -332  2
3823500 2818500 12 31 24   2.9  988 228  3.1 7  4.5  93    0    0 303 -331  2
